# Blender 5.1.0
# www.blender.org
mtllib zombie.mtl
o Cube
v 0.038672 0.723281 0.121730
v 0.130701 1.005406 0.075242
v 0.038672 0.723281 -0.056455
v 0.130701 1.005406 -0.032298
v -0.050807 0.723281 -0.041977
v -0.050807 1.005406 -0.041977
v -0.050807 0.723281 0.121730
v -0.050807 1.005406 0.112109
v 0.021519 0.612897 0.159608
v 0.021519 0.612897 -0.023711
v -0.050807 0.608294 0.159608
v -0.050807 0.608294 -0.041977
v 0.064094 0.501206 0.112348
v 0.060537 0.500468 -0.066982
v -0.050807 0.498169 0.135701
v -0.050807 0.498169 -0.066982
v -0.045978 0.462664 0.101583
v -0.045978 0.431354 -0.066982
v -0.050807 0.464660 0.101583
v -0.050807 0.431354 -0.066982
v 0.062016 0.498169 0.113379
v 0.066015 0.498169 -0.056455
v -0.006937 0.431354 0.113379
v -0.002939 0.431354 -0.056455
v 0.066015 0.282248 0.116767
v 0.066015 0.282248 0.016538
v -0.002939 0.282248 0.116767
v -0.002939 0.282248 0.016538
v 0.066015 0.116768 0.102418
v 0.066015 0.116768 0.002189
v -0.002939 0.116768 0.102418
v -0.002939 0.116768 0.002189
v 0.066015 0.030315 0.102418
v 0.066015 0.030315 0.002189
v -0.002939 0.030315 0.102418
v -0.002939 0.030315 0.002189
v 0.075029 0.841275 -0.056455
v 0.069207 0.838049 0.152523
v -0.050807 0.838049 0.152523
v -0.050807 0.841275 -0.041977
v 0.136663 0.933012 -0.029974
v 0.136663 0.933012 0.108815
v -0.050807 0.933012 0.164734
v -0.050807 0.933012 -0.038334
v 0.038672 0.723281 0.026089
v 0.160134 1.005406 0.020363
v 0.051546 0.612897 0.066058
v 0.105055 0.498169 0.037642
v -0.045978 0.431354 0.015563
v -0.050807 0.431354 0.015563
v 0.105055 0.498169 0.031866
v -0.045978 0.431354 0.021339
v 0.105055 0.282248 0.065619
v -0.041979 0.282248 0.065619
v 0.087951 0.116768 0.051270
v -0.023200 0.116768 0.051270
v 0.066015 0.030315 0.051270
v -0.002939 0.030315 0.051270
v 0.105055 0.841275 0.026089
v 0.048055 0.154832 0.029215
v 0.021168 0.154832 0.029215
v 0.048055 0.154832 0.081664
v 0.021168 0.154832 0.081664
v 0.002465 0.154832 0.054899
v 0.066758 0.154832 0.054899
v 0.066901 0.074030 0.221874
v -0.002052 0.074030 0.250166
v 0.069987 0.032178 0.215611
v 0.001033 0.032178 0.243903
v 0.088838 0.074030 0.168626
v -0.022314 0.074030 0.168626
v 0.069987 0.032178 0.162363
v 0.001033 0.032178 0.162363
v 0.088388 0.095715 0.109080
v 0.066452 0.091630 0.133570
v -0.000982 0.031233 0.105995
v -0.022764 0.095715 0.109080
v -0.000982 0.031233 0.157142
v 0.067972 0.031233 0.157142
v -0.002502 0.091630 0.133570
v 0.067972 0.031233 0.105995
v -0.002052 0.074030 0.247759
v 0.001033 0.032178 0.241496
v -0.022314 0.074030 0.196611
v 0.001033 0.032178 0.190348
v -0.006937 0.302274 0.107199
v 0.062016 0.311248 0.107199
v -0.002939 0.302274 0.006734
v 0.066015 0.311248 0.006734
v 0.105055 0.311248 0.061086
v -0.041979 0.302274 0.061086
v 0.008100 0.247544 0.019991
v 0.061123 0.247544 0.019991
v 0.061123 0.247544 0.107206
v 0.008100 0.247544 0.107206
v -0.025401 0.247544 0.062699
v 0.094624 0.247544 0.062699
v 0.052649 1.005406 -0.056455
v 0.012168 0.723281 0.121730
v 0.012168 0.723281 -0.056455
v 0.052649 1.005406 0.112109
v -0.014611 0.610597 0.159608
v -0.014611 0.610597 -0.040068
v 0.006695 0.499689 0.124014
v 0.004915 0.499320 -0.066982
v -0.048390 0.463661 0.101583
v -0.048390 0.431354 -0.066982
v 0.006346 0.838049 0.152523
v 0.012168 0.841275 -0.056455
v 0.030178 0.933012 0.164734
v 0.030178 0.933012 -0.052813
v -0.048390 0.431354 0.015563
v 0.052649 1.005406 0.026089
v -0.011615 1.061521 0.037580
v -0.050807 1.061521 0.045390
v -0.050807 1.061521 0.002451
v -0.050807 1.061521 -0.021420
v -0.019036 1.061521 -0.030270
v -0.022567 1.061521 0.002451
v -0.050807 1.033408 -0.040669
v 0.003275 1.033408 -0.040669
v 0.003275 1.033408 0.014293
v 0.003275 1.033408 0.042754
v -0.050807 1.033408 0.042754
v 0.037621 1.086227 0.118053
v 0.037365 1.205572 0.102470
v 0.033443 1.135972 -0.022248
v 0.038626 1.213066 -0.019106
v -0.050807 1.108093 -0.054679
v -0.050807 1.224878 -0.050231
v -0.050807 1.061543 0.161195
v -0.050807 1.224766 0.131073
v 0.040850 1.101655 0.042964
v 0.043262 1.230312 0.037549
v -0.050807 1.262476 0.033007
v -0.051120 1.060316 0.072676
v 0.015617 1.222885 -0.032919
v 0.040457 1.174805 -0.023011
v 0.038446 1.119352 0.002310
v 0.042016 1.225641 0.074396
v 0.041914 1.144095 0.113760
v 0.013381 1.065814 0.138828
v 0.010781 1.103938 -0.042746
v 0.013143 1.221436 0.115052
v -0.050807 1.261406 0.084265
v -0.050186 1.047079 0.113593
v -0.050807 1.139037 0.163020
v -0.050807 1.177271 -0.060969
v 0.041749 1.083557 0.088299
v 0.043693 1.225591 0.003564
v -0.050807 1.251964 -0.014479
v -0.053693 1.093091 -0.017268
v 0.013817 1.258456 0.035089
v 0.014293 1.064596 0.067172
v 0.051591 1.165984 0.040496
v 0.012985 1.175506 -0.045670
v 0.051071 1.154421 0.079482
v 0.015436 1.051734 0.100505
v 0.013282 1.256930 0.077254
v 0.014022 1.139673 0.140144
v 0.013600 1.248680 -0.003969
v 0.011303 1.096347 -0.006164
v 0.050392 1.172499 0.005142
v 0.126130 0.906164 -0.030654
v 0.124427 0.905220 0.109429
v -0.050807 0.905220 0.165696
v -0.050807 0.906164 -0.039400
v 0.156528 0.906164 0.022007
v 0.024907 0.906164 -0.053879
v 0.023204 0.905220 0.165696
v 0.163073 0.969716 -0.031152
v 0.163073 0.969716 0.091793
v -0.050807 0.969716 0.138053
v -0.050807 0.969716 -0.040181
v 0.184683 0.969716 0.021509
v 0.041571 0.969716 0.138053
v 0.041571 0.969716 -0.054660
v 0.104217 0.878338 -0.041718
v 0.100747 0.876415 0.127908
v -0.050807 0.876415 0.160047
v -0.050807 0.878338 -0.040505
v 0.122112 0.878338 0.023758
v 0.019444 0.878338 -0.054984
v 0.015975 0.876415 0.160047
v 0.149079 1.005406 0.040976
v -0.050807 0.443864 0.047872
v 0.091591 0.840063 0.073578
v 0.184545 0.953516 0.055037
v 0.038672 0.723281 0.062012
v 0.040267 0.612897 0.101196
v 0.089670 0.499309 0.065702
v -0.045978 0.443114 0.047872
v 0.088890 0.498169 0.062482
v -0.031314 0.431354 0.055910
v 0.090392 0.282248 0.084830
v -0.027315 0.282248 0.084830
v 0.079712 0.116768 0.070481
v -0.015590 0.116768 0.070481
v 0.066015 0.030315 0.070481
v -0.002939 0.030315 0.070481
v 0.009490 0.154832 0.064952
v 0.059733 0.154832 0.064952
v 0.080598 0.074030 0.188626
v -0.014703 0.074030 0.199252
v 0.069987 0.032178 0.182363
v 0.001033 0.032178 0.192989
v 0.067972 0.031233 0.125206
v -0.015153 0.094181 0.118278
v 0.080149 0.094181 0.118278
v -0.000982 0.031233 0.125206
v -0.014703 0.074030 0.215823
v 0.001033 0.032178 0.209560
v -0.028817 0.302274 0.078406
v 0.088890 0.311248 0.078406
v 0.082041 0.247544 0.079416
v -0.012818 0.247544 0.079416
v -0.048390 0.443489 0.047872
v 0.052649 1.005406 0.058399
v -0.018453 1.061521 0.015646
v 0.003275 1.033408 0.024983
v 0.039349 1.112705 0.017579
v 0.043531 1.227364 0.016329
v -0.050807 1.255912 0.003357
v 0.013681 1.252352 0.010701
v 0.012426 1.084421 0.021381
v 0.050842 1.170052 0.018421
v 0.152849 0.926927 0.054843
v 0.204246 0.972402 0.093933
v 0.114087 0.877616 0.062877
v 0.038672 0.723281 -0.029158
v 0.031448 0.612897 0.005975
v 0.075259 0.499708 -0.032383
v -0.045978 0.431354 -0.039685
v 0.078925 0.498169 -0.027248
v -0.017171 0.431354 -0.030729
v 0.078925 0.282248 0.032769
v -0.015849 0.282248 0.032769
v 0.073269 0.116768 0.018419
v -0.009639 0.116768 0.018419
v 0.066015 0.030315 0.018419
v -0.002939 0.030315 0.018419
v 0.140434 1.005406 -0.014883
v -0.050807 0.431354 -0.039685
v 0.084958 0.841275 -0.029158
v 0.168006 0.933012 -0.012560
v 0.054240 0.154832 0.037708
v 0.014983 0.154832 0.037708
v 0.078925 0.311248 0.024708
v -0.015849 0.302274 0.024708
v -0.002978 0.247544 0.034114
v 0.072202 0.247544 0.034114
v 0.052649 1.005406 -0.029158
v -0.048390 0.431354 -0.039685
v -0.020204 1.061521 -0.019450
v 0.003275 1.033408 -0.022493
v 0.035097 1.130476 -0.014127
v 0.040301 1.217208 -0.011609
v -0.050807 1.233835 -0.038408
v 0.014950 1.231416 -0.023346
v 0.010954 1.101427 -0.030648
v 0.043743 1.174043 -0.013701
v 0.150646 0.906164 -0.013240
v 0.184683 0.969716 -0.013738
v 0.110135 0.878338 -0.020066
v 0.211640 0.912331 -0.014992
v 0.256067 0.893219 -0.017469
v 0.228318 0.949036 0.019076
v 0.200162 0.885484 0.019574
v 0.194281 0.885484 -0.015672
v 0.228318 0.949036 -0.016170
v 0.187208 0.892999 0.052410
v 0.243832 0.958121 0.091501
v 0.230001 0.903629 -0.016016
v 0.230899 0.967433 0.092417
v 0.246679 0.940334 0.018053
v 0.218523 0.876782 0.018551
v 0.212641 0.876782 -0.016696
v 0.246679 0.940334 -0.017194
v 0.201666 0.878723 0.051387
v 0.261454 0.951786 0.090477
v 0.275767 0.891276 0.017778
v 0.258552 0.927980 0.016600
v 0.244589 0.864428 0.017098
v 0.238707 0.882248 -0.018149
v 0.272744 0.908217 -0.018647
v 0.253887 0.876187 0.050128
v 0.222191 0.858455 0.049934
v 0.273588 0.903931 0.089024
v 0.195216 0.920116 -0.014076
v 0.211894 0.956820 -0.015255
v 0.174275 0.905770 0.053326
v 0.183738 0.893268 0.020490
v 0.211894 0.956820 0.019992
v 0.177856 0.893268 -0.014757
v 0.219155 0.927684 0.389667
v 0.207248 0.932772 0.389262
v 0.203202 0.928809 0.391985
v 0.193562 0.919989 0.387619
v 0.204927 0.908154 0.390684
v 0.212077 0.904373 0.390896
v 0.224418 0.923265 0.389084
v 0.200928 0.913435 0.392067
v 0.226104 0.895619 0.392346
v 0.238789 0.910741 0.387594
v 0.230301 0.918324 0.388431
v 0.231419 0.902047 0.388856
v 0.226644 0.884548 0.209152
v 0.222940 0.938727 0.225361
v 0.204988 0.944399 0.225666
v 0.252190 0.908694 0.222047
v 0.198182 0.903815 0.208767
v 0.208531 0.897087 0.208507
v 0.178558 0.922318 0.207125
v 0.191042 0.911509 0.210388
v 0.241309 0.926749 0.223422
v 0.231196 0.932615 0.224445
v 0.240184 0.894432 0.206155
v 0.195916 0.936417 0.211064
v 0.199640 0.922411 0.413212
v 0.210210 0.942009 0.413420
v 0.225132 0.884831 0.413454
v 0.234917 0.908575 0.412320
v 0.199338 0.922411 0.456212
v 0.209917 0.946686 0.456212
v 0.225723 0.886281 0.456212
v 0.236302 0.910556 0.456212
v 0.215370 0.895580 0.411024
v 0.206614 0.906909 0.412691
v 0.219757 0.934644 0.412980
v 0.229097 0.917797 0.412570
v 0.206609 0.903498 0.456212
v 0.215404 0.888173 0.456212
v 0.229076 0.919548 0.456212
v 0.220281 0.934872 0.456212
v 0.260703 0.902464 0.518349
v 0.247763 0.880403 0.510409
v 0.220832 0.893711 0.508216
v 0.211416 0.950187 0.516156
v 0.182434 0.970996 0.516156
v 0.167997 0.947217 0.508216
v 0.191078 0.919637 0.508216
v 0.241170 0.924260 0.516156
v 0.260909 0.899592 0.541888
v 0.249811 0.888205 0.567504
v 0.223539 0.903630 0.567504
v 0.213637 0.948252 0.541888
v 0.186970 0.964021 0.541888
v 0.184236 0.945346 0.567504
v 0.200907 0.923351 0.567504
v 0.239155 0.926016 0.541888
v 0.263166 0.889765 0.588793
v 0.255852 0.881370 0.588793
v 0.180504 0.968961 0.562711
v 0.167588 0.954138 0.562711
v 0.247495 0.907564 0.596272
v 0.236076 0.894459 0.596272
v 0.215478 0.909036 0.596272
v 0.210764 0.942942 0.596272
v 0.189995 0.954685 0.596272
v 0.181530 0.944971 0.596272
v 0.192622 0.928952 0.596272
v 0.230237 0.925974 0.596272
v 0.208620 0.947312 0.635437
v 0.191749 0.956698 0.635437
v 0.184668 0.948573 0.635437
v 0.196275 0.933144 0.635437
v 0.205527 0.929049 0.645101
v 0.218501 0.917744 0.645101
v 0.228677 0.929422 0.645101
v 0.219086 0.937779 0.645101
v 0.245571 0.909240 0.632457
v 0.234152 0.896135 0.632457
v 0.216536 0.908114 0.632457
v 0.231295 0.925052 0.632457
v 0.245533 0.909197 0.632457
v 0.234114 0.896092 0.632457
v 0.216498 0.908071 0.632457
v 0.231257 0.925008 0.632457
v 0.263166 0.889765 0.588793
v 0.255852 0.881370 0.588793
v 0.249343 0.905954 0.596272
v 0.237924 0.892849 0.596272
v 0.264260 0.888812 0.616441
v 0.256945 0.880418 0.616441
v 0.250436 0.905001 0.623920
v 0.239017 0.891896 0.623920
v 0.206002 0.937476 0.618592
v 0.195171 0.925215 0.618592
v 0.203619 0.941572 0.657757
v 0.187255 0.951541 0.657757
v 0.181539 0.944981 0.657757
v 0.193653 0.930135 0.657757
v 0.206993 0.924070 0.667421
v 0.215500 0.914300 0.667421
v 0.223715 0.923727 0.667421
v 0.214124 0.932084 0.667421
v 0.241100 0.904109 0.654777
v 0.237248 0.899689 0.654777
v 0.219954 0.912037 0.654777
v 0.226502 0.919551 0.654777
v 0.260214 0.884170 0.638761
v 0.258709 0.882442 0.639708
v 0.245996 0.899905 0.646240
v 0.241176 0.894374 0.647187
v 0.202337 0.933270 0.627045
v 0.199282 0.929764 0.627045
v 0.199210 0.936512 0.666210
v 0.184426 0.948295 0.666210
v 0.182961 0.946613 0.666210
v 0.196655 0.933580 0.666210
v 0.207732 0.924749 0.675874
v 0.217323 0.916392 0.675874
v 0.219429 0.918809 0.675874
v 0.209838 0.927166 0.675874
v 0.238460 0.901080 0.663229
v 0.236097 0.898367 0.663229
v 0.219805 0.911865 0.663229
v 0.222860 0.915371 0.663229
v 0.258784 0.882528 0.647213
v 0.257270 0.880791 0.647213
v 0.243333 0.896849 0.654692
v 0.240970 0.894137 0.654692
v 0.156554 0.989241 0.530667
v 0.138963 0.972627 0.530667
v 0.161235 0.983776 0.550981
v 0.150451 0.974976 0.550981
v 0.144778 0.993299 0.548806
v 0.135657 0.982175 0.545207
v 0.131457 0.987835 0.566367
v 0.127523 0.984787 0.566662
v -0.140286 0.723281 0.121730
v -0.232315 1.005406 0.075242
v -0.140286 0.723281 -0.056455
v -0.232315 1.005406 -0.032298
v -0.123133 0.612897 0.159608
v -0.123133 0.612897 -0.023711
v -0.165708 0.501206 0.112348
v -0.162151 0.500468 -0.066982
v -0.055637 0.462664 0.101583
v -0.055637 0.431354 -0.066982
v -0.163631 0.498169 0.113379
v -0.167629 0.498169 -0.056455
v -0.094677 0.431354 0.113379
v -0.098676 0.431354 -0.056455
v -0.167629 0.282248 0.116767
v -0.167629 0.282248 0.016538
v -0.098676 0.282248 0.116767
v -0.098676 0.282248 0.016538
v -0.167629 0.116768 0.102418
v -0.167629 0.116768 0.002189
v -0.098676 0.116768 0.102418
v -0.098676 0.116768 0.002189
v -0.167629 0.030315 0.102418
v -0.167629 0.030315 0.002189
v -0.098676 0.030315 0.102418
v -0.098676 0.030315 0.002189
v -0.176643 0.841275 -0.056455
v -0.170822 0.838049 0.152523
v -0.238277 0.933012 -0.029974
v -0.238277 0.933012 0.108815
v -0.140286 0.723281 0.026089
v -0.261749 1.005406 0.020363
v -0.153160 0.612897 0.066058
v -0.206670 0.498169 0.037642
v -0.055637 0.431354 0.015563
v -0.206670 0.498169 0.031866
v -0.055637 0.431354 0.021339
v -0.206670 0.282248 0.065619
v -0.059635 0.282248 0.065619
v -0.189566 0.116768 0.051270
v -0.078414 0.116768 0.051270
v -0.167629 0.030315 0.051270
v -0.098676 0.030315 0.051270
v -0.206670 0.841275 0.026089
v -0.149670 0.154832 0.029215
v -0.122783 0.154832 0.029215
v -0.149670 0.154832 0.081664
v -0.122783 0.154832 0.081664
v -0.104079 0.154832 0.054899
v -0.168373 0.154832 0.054899
v -0.168516 0.074030 0.221874
v -0.099562 0.074030 0.250166
v -0.171601 0.032178 0.215611
v -0.102648 0.032178 0.243903
v -0.190452 0.074030 0.168626
v -0.079301 0.074030 0.168626
v -0.171601 0.032178 0.162363
v -0.102648 0.032178 0.162363
v -0.190002 0.095715 0.109080
v -0.168066 0.091630 0.133570
v -0.100632 0.031233 0.105995
v -0.078851 0.095715 0.109080
v -0.100632 0.031233 0.157142
v -0.169586 0.031233 0.157142
v -0.099113 0.091630 0.133570
v -0.169586 0.031233 0.105995
v -0.099562 0.074030 0.247759
v -0.102648 0.032178 0.241496
v -0.079301 0.074030 0.196611
v -0.102648 0.032178 0.190348
v -0.094677 0.302274 0.107199
v -0.163631 0.311248 0.107199
v -0.098676 0.302274 0.006734
v -0.167629 0.311248 0.006734
v -0.206670 0.311248 0.061086
v -0.059635 0.302274 0.061086
v -0.109715 0.247544 0.019991
v -0.162738 0.247544 0.019991
v -0.162738 0.247544 0.107206
v -0.109715 0.247544 0.107206
v -0.076213 0.247544 0.062699
v -0.196239 0.247544 0.062699
v -0.154264 1.005406 -0.056455
v -0.113782 0.723281 0.121730
v -0.113782 0.723281 -0.056455
v -0.154264 1.005406 0.112109
v -0.087003 0.610597 0.159608
v -0.087003 0.610597 -0.040068
v -0.108310 0.499689 0.124014
v -0.106530 0.499320 -0.066982
v -0.053224 0.463661 0.101583
v -0.053224 0.431354 -0.066982
v -0.107961 0.838049 0.152523
v -0.113782 0.841275 -0.056455
v -0.131793 0.933012 0.164734
v -0.131793 0.933012 -0.052813
v -0.053224 0.431354 0.015563
v -0.154264 1.005406 0.026089
v -0.090000 1.061521 0.037580
v -0.082578 1.061521 -0.030270
v -0.079047 1.061521 0.002451
v -0.104890 1.033408 -0.040669
v -0.104890 1.033408 0.014293
v -0.104890 1.033408 0.042754
v -0.139235 1.086227 0.118053
v -0.138980 1.205572 0.102470
v -0.135057 1.135972 -0.022248
v -0.140240 1.213066 -0.019106
v -0.142465 1.101655 0.042964
v -0.144876 1.230312 0.037549
v -0.050494 1.060316 0.072676
v -0.117231 1.222885 -0.032919
v -0.142072 1.174805 -0.023011
v -0.140060 1.119352 0.002310
v -0.143631 1.225641 0.074396
v -0.143529 1.144095 0.113760
v -0.114996 1.065814 0.138828
v -0.112396 1.103938 -0.042746
v -0.114757 1.221436 0.115052
v -0.051428 1.047079 0.113593
v -0.143364 1.083557 0.088299
v -0.145307 1.225591 0.003564
v -0.047922 1.093091 -0.017268
v -0.115432 1.258456 0.035089
v -0.115907 1.064596 0.067172
v -0.153206 1.165984 0.040496
v -0.114600 1.175506 -0.045670
v -0.152685 1.154421 0.079482
v -0.117050 1.051734 0.100505
v -0.114897 1.256930 0.077254
v -0.115636 1.139673 0.140144
v -0.115214 1.248680 -0.003969
v -0.112917 1.096347 -0.006164
v -0.152006 1.172499 0.005142
v -0.227745 0.906164 -0.030654
v -0.226041 0.905220 0.109429
v -0.258142 0.906164 0.022007
v -0.126522 0.906164 -0.053879
v -0.124818 0.905220 0.165696
v -0.264688 0.969716 -0.031152
v -0.264688 0.969716 0.091793
v -0.286298 0.969716 0.021509
v -0.143186 0.969716 0.138053
v -0.143186 0.969716 -0.054660
v -0.205831 0.878338 -0.041718
v -0.202362 0.876415 0.127908
v -0.223727 0.878338 0.023758
v -0.121059 0.878338 -0.054984
v -0.117589 0.876415 0.160047
v -0.250693 1.005406 0.040976
v -0.193205 0.840063 0.073578
v -0.286159 0.953516 0.055037
v -0.140286 0.723281 0.062012
v -0.141882 0.612897 0.101196
v -0.191285 0.499309 0.065702
v -0.055637 0.443114 0.047872
v -0.190504 0.498169 0.062482
v -0.070300 0.431354 0.055910
v -0.192006 0.282248 0.084830
v -0.074299 0.282248 0.084830
v -0.181326 0.116768 0.070481
v -0.086024 0.116768 0.070481
v -0.167629 0.030315 0.070481
v -0.098676 0.030315 0.070481
v -0.111104 0.154832 0.064952
v -0.161348 0.154832 0.064952
v -0.182213 0.074030 0.188626
v -0.086911 0.074030 0.199252
v -0.171601 0.032178 0.182363
v -0.102648 0.032178 0.192989
v -0.169586 0.031233 0.125206
v -0.086461 0.094181 0.118278
v -0.181763 0.094181 0.118278
v -0.100632 0.031233 0.125206
v -0.086911 0.074030 0.215823
v -0.102648 0.032178 0.209560
v -0.072797 0.302274 0.078406
v -0.190504 0.311248 0.078406
v -0.183656 0.247544 0.079416
v -0.088797 0.247544 0.079416
v -0.053224 0.443489 0.047872
v -0.154264 1.005406 0.058399
v -0.083161 1.061521 0.015646
v -0.104890 1.033408 0.024983
v -0.140964 1.112705 0.017579
v -0.145145 1.227364 0.016329
v -0.115296 1.252352 0.010701
v -0.114040 1.084421 0.021381
v -0.152457 1.170052 0.018421
v -0.254464 0.926927 0.054843
v -0.305861 0.972402 0.093933
v -0.215702 0.877616 0.062877
v -0.140286 0.723281 -0.029158
v -0.133063 0.612897 0.005975
v -0.176873 0.499708 -0.032383
v -0.055637 0.431354 -0.039685
v -0.180540 0.498169 -0.027248
v -0.084443 0.431354 -0.030729
v -0.180540 0.282248 0.032769
v -0.085765 0.282248 0.032769
v -0.174884 0.116768 0.018419
v -0.091975 0.116768 0.018419
v -0.167629 0.030315 0.018419
v -0.098676 0.030315 0.018419
v -0.242049 1.005406 -0.014883
v -0.186573 0.841275 -0.029158
v -0.269621 0.933012 -0.012560
v -0.155855 0.154832 0.037708
v -0.116598 0.154832 0.037708
v -0.180540 0.311248 0.024708
v -0.085765 0.302274 0.024708
v -0.098636 0.247544 0.034114
v -0.173816 0.247544 0.034114
v -0.154264 1.005406 -0.029158
v -0.053224 0.431354 -0.039685
v -0.081411 1.061521 -0.019450
v -0.104890 1.033408 -0.022493
v -0.136712 1.130476 -0.014127
v -0.141916 1.217208 -0.011609
v -0.116564 1.231416 -0.023346
v -0.112568 1.101427 -0.030648
v -0.145357 1.174043 -0.013701
v -0.252261 0.906164 -0.013240
v -0.286298 0.969716 -0.013738
v -0.211749 0.878338 -0.020066
v -0.313255 0.912331 -0.014992
v -0.357682 0.893219 -0.017469
v -0.329932 0.949036 0.019076
v -0.301777 0.885484 0.019574
v -0.295895 0.885484 -0.015672
v -0.329932 0.949036 -0.016170
v -0.288823 0.892999 0.052410
v -0.345447 0.958121 0.091501
v -0.331616 0.903629 -0.016016
v -0.332514 0.967433 0.092417
v -0.348293 0.940334 0.018053
v -0.320138 0.876782 0.018551
v -0.314256 0.876782 -0.016696
v -0.348293 0.940334 -0.017194
v -0.303280 0.878723 0.051387
v -0.363068 0.951786 0.090477
v -0.377382 0.891276 0.017778
v -0.360167 0.927980 0.016600
v -0.346203 0.864428 0.017098
v -0.340322 0.882248 -0.018149
v -0.374359 0.908217 -0.018647
v -0.355501 0.876187 0.050128
v -0.323805 0.858455 0.049934
v -0.375202 0.903931 0.089024
v -0.296831 0.920116 -0.014076
v -0.313508 0.956820 -0.015255
v -0.275890 0.905770 0.053326
v -0.285353 0.893268 0.020490
v -0.313508 0.956820 0.019992
v -0.279471 0.893268 -0.014757
v -0.320770 0.927684 0.389667
v -0.308863 0.932772 0.389262
v -0.304817 0.928809 0.391985
v -0.295176 0.919989 0.387619
v -0.306541 0.908154 0.390684
v -0.313691 0.904373 0.390896
v -0.326032 0.923265 0.389084
v -0.302542 0.913435 0.392067
v -0.327719 0.895619 0.392346
v -0.340403 0.910741 0.387594
v -0.331916 0.918324 0.388431
v -0.333034 0.902047 0.388856
v -0.328259 0.884548 0.209152
v -0.324554 0.938727 0.225361
v -0.306602 0.944399 0.225666
v -0.353804 0.908694 0.222047
v -0.299797 0.903815 0.208767
v -0.310145 0.897087 0.208507
v -0.280172 0.922318 0.207125
v -0.292656 0.911509 0.210388
v -0.342924 0.926749 0.223422
v -0.332811 0.932615 0.224445
v -0.341799 0.894432 0.206155
v -0.297531 0.936417 0.211064
v -0.301254 0.922411 0.413212
v -0.311824 0.942009 0.413420
v -0.326746 0.884831 0.413454
v -0.336532 0.908575 0.412320
v -0.300953 0.922411 0.456212
v -0.311531 0.946686 0.456212
v -0.327338 0.886281 0.456212
v -0.337916 0.910556 0.456212
v -0.316985 0.895580 0.411024
v -0.308228 0.906909 0.412691
v -0.321371 0.934644 0.412980
v -0.330711 0.917797 0.412570
v -0.308223 0.903498 0.456212
v -0.317018 0.888173 0.456212
v -0.330691 0.919548 0.456212
v -0.321896 0.934872 0.456212
v -0.362318 0.902464 0.518349
v -0.349377 0.880403 0.510409
v -0.322446 0.893711 0.508216
v -0.313030 0.950187 0.516156
v -0.284049 0.970996 0.516156
v -0.269611 0.947217 0.508216
v -0.292693 0.919637 0.508216
v -0.342784 0.924260 0.516156
v -0.362524 0.899592 0.541888
v -0.351426 0.888205 0.567504
v -0.325153 0.903630 0.567504
v -0.315251 0.948252 0.541888
v -0.288585 0.964021 0.541888
v -0.285850 0.945346 0.567504
v -0.302522 0.923351 0.567504
v -0.340770 0.926016 0.541888
v -0.364781 0.889765 0.588793
v -0.357466 0.881370 0.588793
v -0.282118 0.968961 0.562711
v -0.269202 0.954138 0.562711
v -0.349110 0.907564 0.596272
v -0.337690 0.894459 0.596272
v -0.317092 0.909036 0.596272
v -0.312379 0.942942 0.596272
v -0.291609 0.954685 0.596272
v -0.283145 0.944971 0.596272
v -0.294237 0.928952 0.596272
v -0.331851 0.925974 0.596272
v -0.310235 0.947312 0.635437
v -0.293363 0.956698 0.635437
v -0.286283 0.948573 0.635437
v -0.297889 0.933144 0.635437
v -0.307142 0.929049 0.645101
v -0.320116 0.917744 0.645101
v -0.330291 0.929422 0.645101
v -0.320700 0.937779 0.645101
v -0.347186 0.909240 0.632457
v -0.335767 0.896135 0.632457
v -0.318150 0.908114 0.632457
v -0.332909 0.925052 0.632457
v -0.347148 0.909197 0.632457
v -0.335729 0.896092 0.632457
v -0.318113 0.908071 0.632457
v -0.332872 0.925008 0.632457
v -0.364781 0.889765 0.588793
v -0.357466 0.881370 0.588793
v -0.350958 0.905954 0.596272
v -0.339538 0.892849 0.596272
v -0.365874 0.888812 0.616441
v -0.358559 0.880418 0.616441
v -0.352051 0.905001 0.623920
v -0.340632 0.891896 0.623920
v -0.307616 0.937476 0.618592
v -0.296785 0.925215 0.618592
v -0.305233 0.941572 0.657757
v -0.288869 0.951541 0.657757
v -0.283153 0.944981 0.657757
v -0.295267 0.930135 0.657757
v -0.308608 0.924070 0.667421
v -0.317115 0.914300 0.667421
v -0.325329 0.923727 0.667421
v -0.315738 0.932084 0.667421
v -0.342714 0.904109 0.654777
v -0.338863 0.899689 0.654777
v -0.321569 0.912037 0.654777
v -0.328116 0.919551 0.654777
v -0.361829 0.884170 0.638761
v -0.360323 0.882442 0.639708
v -0.347610 0.899905 0.646240
v -0.342791 0.894374 0.647187
v -0.303951 0.933270 0.627045
v -0.300896 0.929764 0.627045
v -0.300825 0.936512 0.666210
v -0.286041 0.948295 0.666210
v -0.284575 0.946613 0.666210
v -0.298269 0.933580 0.666210
v -0.309346 0.924749 0.675874
v -0.318937 0.916392 0.675874
v -0.321043 0.918809 0.675874
v -0.311453 0.927166 0.675874
v -0.340075 0.901080 0.663229
v -0.337711 0.898367 0.663229
v -0.321419 0.911865 0.663229
v -0.324474 0.915371 0.663229
v -0.360398 0.882528 0.647213
v -0.358884 0.880791 0.647213
v -0.344948 0.896849 0.654692
v -0.342584 0.894137 0.654692
v -0.258169 0.989241 0.530667
v -0.240577 0.972627 0.530667
v -0.262849 0.983776 0.550981
v -0.252066 0.974976 0.550981
v -0.246392 0.993299 0.548806
v -0.237271 0.982175 0.545207
v -0.233072 0.987835 0.566367
v -0.229137 0.984787 0.566662
vn 0.1881 0.1394 -0.9722
vn -0.0831 0.8046 0.5880
vn 0.4136 -0.2265 -0.8818
vn 0.7912 0.6115 -0.0000
vn -0.0000 0.5880 0.8089
vn 0.3811 0.2800 -0.8811
vn 0.9999 0.0145 -0.0000
vn -0.0000 0.3186 0.9479
vn -0.0000 -0.0000 -1.0000
vn 0.8574 0.2289 0.4608
vn 0.1988 -0.2647 0.9436
vn -0.3609 -0.8730 0.3279
vn -0.2437 0.4572 0.8553
vn 0.1620 -0.6880 0.7074
vn -0.0000 0.3133 0.9497
vn 0.4080 -0.8872 0.2154
vn 0.2231 -0.3438 -0.9122
vn -0.0000 -1.0000 -0.0000
vn -0.0000 0.5789 -0.8154
vn -0.7591 -0.2431 -0.6038
vn -0.0000 -0.4397 -0.8982
vn 0.7183 0.1857 0.6704
vn -0.4246 0.9054 -0.0000
vn 0.7292 0.4567 0.5096
vn -0.0000 0.4787 0.8780
vn -0.6247 0.6346 -0.4549
vn -0.9220 -0.0715 -0.3806
vn -0.9435 -0.3136 -0.1071
vn -0.0000 -0.2591 0.9658
vn 0.9108 -0.4127 -0.0000
vn -0.0000 0.0346 0.9994
vn 0.8741 -0.3781 0.3048
vn 0.2236 -0.0052 -0.9747
vn -0.6984 -0.7123 0.0699
vn 0.9309 -0.3652 -0.0000
vn 0.9965 -0.0836 -0.0000
vn 0.1265 0.9538 0.2724
vn -0.6956 0.5289 0.4861
vn 0.6615 0.5748 -0.4817
vn 0.8017 -0.1601 -0.5759
vn -0.7878 0.1338 0.6013
vn -0.6908 -0.6611 0.2930
vn 0.6680 0.6939 -0.2690
vn 0.8306 0.4380 -0.3438
vn 0.9979 -0.0653 -0.0000
vn -0.0000 0.3469 -0.9379
vn 0.8239 0.5667 -0.0000
vn 0.7957 -0.1766 -0.5794
vn -0.7880 -0.2755 0.5506
vn -0.7749 -0.1737 -0.6078
vn -0.0000 -0.2656 0.9641
vn 0.7880 -0.2755 0.5506
vn -0.0000 -0.0990 -0.9951
vn 0.3773 -0.1098 0.9196
vn 0.9693 -0.2458 -0.0000
vn -0.8733 -0.4872 -0.0000
vn 0.0044 -0.9999 0.0108
vn -0.7045 0.6878 0.1751
vn 0.9129 -0.4073 -0.0258
vn -0.0000 0.9807 0.1955
vn 0.4246 -0.9054 -0.0000
vn -0.0000 0.7782 0.6280
vn 0.9534 -0.3005 -0.0290
vn -0.3197 0.8555 0.4072
vn -0.0000 -0.9999 0.0168
vn 0.6996 0.6485 0.3000
vn -0.9708 -0.2275 -0.0755
vn -0.8618 -0.3751 0.3414
vn -1.0000 -0.0000 -0.0000
vn -0.0000 1.0000 -0.0000
vn -0.9973 -0.0735 -0.0000
vn -0.7930 0.0897 0.6026
vn 0.9089 -0.1117 -0.4018
vn 0.8836 0.0397 0.4665
vn 0.0571 -0.4390 -0.8967
vn -0.7863 -0.2506 -0.5648
vn 0.0320 -0.0330 0.9989
vn 0.7681 -0.2750 0.5782
vn -0.7466 -0.2999 -0.5939
vn -0.7346 -0.3932 0.5530
vn 0.7749 -0.1737 -0.6078
vn -0.1877 0.0390 -0.9815
vn 0.4838 -0.0913 0.8704
vn -0.2241 -0.0000 -0.9746
vn 0.1646 -0.6717 0.7223
vn -0.3597 -0.8701 0.3369
vn 0.1969 -0.3174 0.9276
vn -0.0000 0.3246 0.9459
vn 0.0373 0.2213 -0.9745
vn 0.2838 0.6031 0.7454
vn 0.0526 -0.0000 -0.9986
vn -0.1547 -0.0496 -0.9867
vn 0.7604 -0.6337 -0.1423
vn -0.2211 -0.5668 -0.7936
vn 0.7693 0.6335 0.0830
vn 0.1946 -0.0915 0.9766
vn -0.0000 0.9273 0.3744
vn 0.4933 0.8698 -0.0000
vn -0.1322 0.2995 -0.9449
vn 0.1870 -0.0459 -0.9813
vn 0.2334 0.2140 -0.9485
vn 0.6342 0.1085 -0.7655
vn 0.7083 -0.0506 -0.7041
vn 0.9874 -0.1392 -0.0752
vn 0.9902 0.1296 0.0516
vn 0.9488 0.1236 0.2907
vn 0.9878 -0.0627 0.1427
vn 0.0061 -0.9514 -0.3079
vn 0.6829 -0.6733 -0.2832
vn 0.7439 -0.6134 0.2652
vn 0.1634 -0.9434 0.2888
vn 0.7371 0.6669 0.1095
vn 0.0609 0.9975 0.0369
vn 0.1248 0.7230 0.6794
vn 0.6406 0.5705 0.5140
vn 0.6599 -0.0191 0.7511
vn 0.6602 0.1827 0.7286
vn 0.3110 0.3319 0.8906
vn 0.3303 -0.0222 0.9436
vn 0.5876 0.6455 -0.4879
vn 0.1444 0.7438 -0.6527
vn 0.0680 0.9677 -0.2426
vn 0.6495 0.7542 -0.0965
vn -0.9958 -0.0910 -0.0000
vn 0.7981 -0.5876 -0.1333
vn 0.6574 -0.6813 -0.3218
vn -0.9921 -0.1242 -0.0169
vn 0.9282 -0.1916 -0.3188
vn 0.9414 0.0908 -0.3248
vn 0.9917 0.1280 -0.0101
vn 0.9770 -0.1682 -0.1310
vn 0.6073 -0.7715 -0.1894
vn 0.0689 -0.9967 0.0433
vn 0.3420 -0.2628 0.9022
vn -0.2017 0.0389 -0.9787
vn 0.5770 -0.8014 -0.1577
vn 0.1546 0.0089 -0.9879
vn 0.8097 -0.5658 0.1557
vn -0.0000 -0.1925 0.9813
vn -0.1758 -0.0495 -0.9832
vn 0.4160 0.4467 0.7921
vn 0.7276 -0.6831 0.0634
vn 0.7672 -0.2858 0.5742
vn 0.2084 -0.1135 -0.9714
vn 0.8179 -0.5323 0.2183
vn -0.0000 0.0397 -0.9992
vn 0.8219 -0.4849 -0.2990
vn -0.2239 0.0387 -0.9738
vn 0.8621 -0.4501 0.2329
vn -0.5697 -0.8207 0.0439
vn 0.6281 -0.7696 0.1146
vn 0.6352 -0.6990 -0.3285
vn 0.9711 -0.1925 -0.1413
vn 0.9920 0.1262 -0.0104
vn 0.6645 -0.6755 -0.3196
vn 0.6496 0.7542 -0.0965
vn 0.0810 0.9668 -0.2424
vn -0.1433 -0.9229 0.3573
vn -0.7367 -0.3871 0.5545
vn 0.7635 -0.2785 0.5827
vn 0.8820 0.0728 0.4657
vn -0.7959 -0.0290 0.6048
vn 1.0000 -0.0000 -0.0000
vn -0.9227 -0.1227 0.3655
vn 0.6178 0.7404 0.2650
vn -0.5203 0.6610 0.5407
vn -0.5207 0.8439 0.1294
vn 0.9118 -0.4107 -0.0000
vn 0.7672 -0.2792 0.5775
vn -0.7697 -0.2681 0.5794
vn -0.6507 -0.7074 0.2760
vn -0.7882 0.1300 0.6016
vn -0.6303 0.6393 0.4404
vn 0.2012 0.9209 0.3338
vn -0.0583 -0.0056 -0.9983
vn 0.8304 0.4284 0.3562
vn 0.7269 0.1061 0.6785
vn -0.1438 -0.9264 0.3479
vn 0.8459 0.2825 0.4523
vn 0.9933 0.1158 -0.0000
vn 0.8837 0.4680 -0.0000
vn 0.6371 0.7445 -0.1997
vn 0.8044 -0.5171 -0.2926
vn 0.4544 -0.3532 -0.8178
vn 0.8070 -0.5478 -0.2206
vn 0.9421 0.0784 -0.3260
vn 0.9322 -0.1819 -0.3130
vn 0.8451 -0.5210 -0.1202
vn 0.1757 0.7411 -0.6481
vn 0.7362 0.6768 -0.0000
vn 0.7915 -0.5961 -0.1350
vn 0.7754 -0.1698 -0.6082
vn -0.7451 -0.3060 -0.5926
vn -0.7957 -0.2006 -0.5715
vn 0.9062 -0.1354 -0.4006
vn -0.7737 -0.1815 -0.6069
vn 0.7966 -0.1700 -0.5801
vn 0.5013 0.6015 -0.6220
vn 0.9881 -0.1536 -0.0000
vn 0.8367 0.4238 -0.3467
vn 0.8435 0.4075 -0.3500
vn 0.7968 -0.1935 -0.5724
vn 0.7407 0.5846 -0.3311
vn 0.9557 -0.2945 -0.0000
vn 0.5671 -0.2023 -0.7984
vn -0.9034 -0.2117 -0.3729
vn -0.7716 0.5506 -0.3185
vn -0.7750 -0.1395 -0.6164
vn -0.4240 -0.9029 0.0707
vn 0.4106 0.8897 -0.1996
vn 0.3899 0.9181 0.0707
vn -0.0334 0.0469 -0.9983
vn 0.4283 0.9036 -0.0000
vn -0.4240 -0.9029 0.0708
vn 0.4054 0.8832 -0.2358
vn -0.0703 0.0707 -0.9950
vn 0.7749 0.6308 -0.0417
vn -0.6792 -0.6656 -0.3093
vn -0.7900 -0.6112 0.0495
vn 0.8569 0.5116 0.0630
vn -0.7020 -0.7026 -0.1161
vn 0.4878 -0.7436 -0.4573
vn 0.6046 -0.7019 -0.3766
vn 0.6944 0.3459 0.6310
vn 0.4802 -0.8603 0.1711
vn -0.5439 -0.8382 0.0402
vn 0.6837 0.6863 -0.2480
vn -0.4166 -0.8374 -0.3539
vn -0.0602 -0.0115 -0.9981
vn 0.4170 0.8971 -0.1459
vn -0.6607 -0.7493 0.0453
vn 0.5061 0.8590 0.0776
vn -0.6437 -0.6774 0.3562
vn -0.8801 0.4747 -0.0046
vn -0.6955 0.7118 0.0978
vn -0.9039 -0.4107 0.1193
vn -0.7937 -0.5944 -0.1298
vn -0.6440 -0.6688 -0.3715
vn 0.9236 -0.3821 -0.0314
vn 0.7658 -0.6399 0.0639
vn 0.7806 -0.6238 0.0400
vn -0.6770 0.7334 0.0615
vn 0.5986 0.7980 0.0700
vn -0.6881 0.7233 0.0581
vn -0.6427 0.7551 0.1296
vn 0.5813 0.7871 0.2063
vn -0.7694 0.6239 0.1369
vn 0.6020 -0.7905 0.1127
vn 0.3412 0.9130 0.2236
vn -0.6959 -0.7117 0.0960
vn -0.5408 -0.8357 0.0958
vn 0.9600 0.2390 0.1459
vn -0.7184 -0.6882 0.1018
vn 0.1909 0.9571 0.2181
vn -0.5680 -0.8143 0.1200
vn 0.7010 -0.6986 0.1433
vn 0.6681 0.7424 0.0496
vn 0.9167 -0.3995 0.0009
vn -0.6405 0.5632 -0.5221
vn -0.8801 0.4747 -0.0062
vn -0.9120 -0.4101 -0.0064
vn 0.7500 0.6580 -0.0668
vn 0.7784 0.6255 -0.0528
vn 0.8672 0.4977 -0.0132
vn -0.7231 -0.6818 -0.1112
vn -0.7937 -0.6065 -0.0476
vn 0.8464 -0.3688 -0.3842
vn -0.6565 -0.7534 0.0378
vn 0.8723 0.4851 -0.0608
vn 0.6082 0.7562 -0.2414
vn 0.5089 0.8606 0.0208
vn -0.7534 -0.6305 0.1865
vn 0.7388 0.6697 0.0752
vn 0.7389 0.6414 -0.2066
vn -0.1790 -0.9762 0.1226
vn -0.7577 -0.6341 -0.1542
vn 0.8481 0.4867 -0.2094
vn 0.7505 0.6584 -0.0572
vn -0.4881 -0.8663 0.1063
vn -0.8192 -0.5672 -0.0844
vn -0.4495 -0.8222 0.3493
vn -0.5747 -0.8125 -0.0978
vn 0.6570 0.7539 -0.0000
vn -0.6491 -0.7449 0.1543
vn 0.6531 0.7496 0.1077
vn -0.4994 -0.8505 0.1651
vn -0.7935 -0.5969 0.1185
vn -0.5623 -0.8269 -0.0046
vn 0.7521 -0.6553 0.0703
vn -0.6062 -0.6957 -0.3854
vn -0.6763 0.5893 0.4419
vn 0.8724 -0.4815 -0.0841
vn -0.5776 -0.8162 -0.0085
vn -0.6564 -0.7533 -0.0424
vn 0.7430 0.6653 0.0729
vn 0.4892 0.8652 0.1103
vn 0.9113 0.4096 0.0420
vn 0.7684 0.6326 0.0968
vn -0.5475 -0.8052 0.2279
vn 0.4910 0.8683 -0.0700
vn 0.7539 -0.6569 -0.0000
vn -0.7539 0.6569 -0.0000
vn -0.7823 -0.5885 -0.2044
vn -0.5164 -0.8452 0.1379
vn 0.6566 0.7535 -0.0322
vn -0.6471 -0.7426 0.1725
vn -0.7534 0.6565 0.0388
vn 0.7295 0.6839 0.0071
vn 0.7539 -0.6570 -0.0000
vn 0.7529 -0.6561 -0.0524
vn -0.0000 -0.0000 1.0000
vn 0.6223 0.7142 0.3205
vn -0.5414 -0.8407 -0.0076
vn 0.7587 0.6514 -0.0076
vn -0.7529 0.6561 0.0524
vn -0.8934 0.3885 0.2254
vn 0.7744 0.5836 0.2444
vn -0.6679 -0.7018 0.2478
vn 0.7540 -0.6569 -0.0000
vn -0.7539 0.6570 -0.0000
vn 0.6959 0.6578 0.2882
vn -0.9547 0.2886 -0.0732
vn 0.7344 -0.6507 -0.1928
vn 0.9095 -0.4048 0.0949
vn 0.7904 0.5553 0.2587
vn 0.4612 0.8289 0.3165
vn -0.3445 0.9252 0.1595
vn -0.6519 -0.7481 -0.1241
vn 0.7490 -0.6527 0.1138
vn -0.7395 0.6445 0.1942
vn 0.2523 -0.2199 0.9423
vn -0.5588 0.8080 0.1869
vn 0.5879 -0.8004 0.1174
vn -0.6444 -0.7636 -0.0419
vn 0.8455 -0.5234 0.1062
vn -0.6378 -0.7698 -0.0269
vn -0.6524 -0.7487 0.1172
vn 0.6101 0.6660 0.4292
vn 0.5201 0.5968 0.6110
vn 0.4097 0.6726 0.6163
vn -0.5207 -0.7631 0.3827
vn -0.2521 0.3089 0.9171
vn 0.5854 0.8086 0.0596
vn -0.2908 0.3080 -0.9059
vn -0.6826 0.6607 -0.3122
vn -0.5737 0.6370 -0.5150
vn 0.3743 0.7662 0.5224
vn 0.3848 -0.4169 0.8235
vn 0.3756 0.8494 -0.3708
vn -0.7431 0.6504 -0.1576
vn -0.7212 -0.6524 0.2330
vn -0.7936 -0.6079 0.0264
vn -0.4869 -0.8268 -0.2815
vn 0.6320 -0.7015 -0.3294
vn 0.8345 0.5220 0.1764
vn 0.6455 0.7622 0.0489
vn 0.5850 0.7729 -0.2458
vn -0.4671 -0.8841 -0.0142
vn 0.2928 -0.1385 -0.9461
vn 0.6174 0.7136 0.3311
vn -0.0000 -0.2844 -0.9587
vn 0.7629 0.6011 -0.2379
vn -0.0074 0.3569 -0.9341
vn 0.9513 -0.0430 0.3053
vn -0.0199 0.3128 0.9496
vn 0.9272 0.2275 0.2976
vn 0.0135 -0.2121 0.9771
vn -0.1444 -0.9298 0.3384
vn -0.1608 0.1660 0.9729
vn -0.2829 -0.6843 0.6721
vn -0.0549 0.4215 0.9052
vn 0.7996 -0.3928 0.4544
vn 0.6176 -0.6374 -0.4607
vn -0.7810 -0.2746 -0.5610
vn 0.0416 -0.3200 -0.9465
vn 0.7593 0.2959 0.5796
vn 0.7711 0.5441 0.3307
vn -0.7021 0.6504 -0.2898
vn -0.8701 -0.4913 0.0393
vn 0.9163 -0.3114 0.2519
vn 0.6181 -0.7388 0.2687
vn 0.2094 -0.0574 -0.9762
vn -0.4262 -0.9038 0.0387
vn 0.8308 -0.4674 -0.3022
vn 0.8894 -0.2257 -0.3975
vn 0.4246 0.8883 0.1749
vn -0.8001 0.5093 0.3170
vn 0.8009 0.4800 -0.3580
vn 0.7789 -0.0969 -0.6196
vn -0.7888 0.1357 0.5994
vn 0.8411 0.4620 -0.2813
vn 0.9483 -0.0043 -0.3172
vn -0.2240 0.5506 -0.8041
vn 0.5970 0.7295 -0.3337
vn 0.7737 -0.1815 -0.6069
vn -0.7672 -0.2792 0.5775
vn -0.7966 -0.1700 -0.5801
vn 0.7697 -0.2681 0.5794
vn 0.9246 0.0112 0.3809
vn -0.0000 -0.9999 0.0162
vn -0.2205 0.9160 0.3352
vn 0.9486 -0.2949 -0.1146
vn 0.0610 0.9870 0.1488
vn 0.9648 -0.2448 -0.0964
vn -0.6600 0.7043 0.2615
vn 0.4821 0.6851 0.5461
vn -0.9461 -0.3215 0.0392
vn -0.9168 0.0913 0.3889
vn 0.8088 -0.0908 -0.5810
vn 0.7309 -0.0226 0.6821
vn 0.2964 -0.3059 -0.9048
vn -0.8514 -0.2306 -0.4710
vn 0.0062 -0.0478 0.9988
vn 0.7656 -0.2689 0.5844
vn -0.7512 -0.2976 -0.5892
vn -0.7300 -0.3956 0.5572
vn 0.7698 -0.1799 -0.6124
vn -0.1755 0.0734 -0.9817
vn 0.4572 -0.1821 0.8706
vn -0.1458 -0.3526 0.9243
vn 0.0192 -0.3022 0.9531
vn -0.0206 0.3229 0.9462
vn -0.0048 0.2343 -0.9722
vn 0.3782 0.4646 0.8007
vn -0.2232 -0.0881 -0.9708
vn -0.1386 -0.0068 -0.9903
vn 0.7243 -0.6851 0.0782
vn 0.1518 -0.3756 -0.9143
vn 0.7833 0.6217 -0.0000
vn -0.0000 0.1810 0.9835
vn -0.0000 0.0466 -0.9989
vn 0.2300 -0.0881 -0.9692
vn 0.2516 0.2385 -0.9380
vn 0.5628 0.1855 -0.8055
vn 0.6290 -0.1287 -0.7666
vn 0.9855 -0.1659 -0.0361
vn 0.9902 0.1305 0.0500
vn 0.9558 0.1400 0.2584
vn 0.9684 -0.0989 0.2289
vn 0.0306 -0.9322 -0.3607
vn 0.6827 -0.6738 -0.2825
vn 0.7901 -0.5909 0.1627
vn 0.1352 -0.9277 0.3481
vn 0.6890 0.7239 0.0349
vn 0.0719 0.9972 0.0208
vn 0.1918 0.7728 0.6049
vn 0.6522 0.5514 0.5202
vn 0.6869 0.0029 0.7267
vn 0.5691 0.2468 0.7844
vn 0.2468 0.2867 0.9257
vn 0.3329 -0.0197 0.9428
vn 0.6008 0.6172 -0.5081
vn 0.1653 0.7861 -0.5956
vn 0.0783 0.9734 -0.2155
vn 0.6875 0.7036 -0.1799
vn -0.9913 -0.0765 -0.1071
vn 0.6421 -0.5678 -0.5151
vn 0.6605 -0.6734 -0.3322
vn 0.9229 -0.1798 -0.3404
vn 0.9547 0.1123 -0.2754
vn 0.9920 0.1264 -0.0050
vn 0.9784 -0.1951 -0.0691
vn 0.5046 -0.7846 -0.3603
vn -0.0088 -0.9990 -0.0442
vn 0.4797 0.1593 0.8629
vn -0.1873 0.0757 -0.9794
vn 0.6221 -0.7760 -0.1038
vn 0.2188 0.2069 -0.9536
vn 0.7877 -0.5906 0.1753
vn -0.1548 -0.0016 -0.9879
vn 0.3503 0.1746 0.9202
vn 0.7659 -0.6391 0.0699
vn 0.0372 -0.9062 0.4212
vn 0.1873 -0.1659 -0.9682
vn 0.8660 -0.4706 0.1690
vn 0.1492 0.2616 -0.9536
vn 0.8762 -0.4183 -0.2395
vn -0.2012 0.0783 -0.9764
vn 0.3387 0.2948 0.8935
vn 0.8983 -0.4023 0.1768
vn -0.5324 -0.8450 0.0495
vn 0.7475 -0.5204 0.4128
vn 0.9739 -0.2150 -0.0727
vn 0.9921 0.1251 -0.0048
vn 0.6682 -0.6669 -0.3298
vn 0.6272 0.7547 -0.1924
vn 0.0847 0.9728 -0.2154
vn -0.0000 -0.9362 0.3516
vn -0.7311 -0.3925 0.5581
vn 0.7298 0.0580 0.6812
vn -0.9194 0.0502 0.3900
vn -0.9360 -0.3520 -0.0000
vn 0.2925 0.8656 0.4064
vn -0.7397 0.6058 0.2930
vn -0.0965 0.9658 0.2409
vn 0.8877 -0.2798 0.3657
vn -0.6853 -0.6843 0.2491
vn -0.7891 0.1332 0.5996
vn -0.7738 0.5544 0.3065
vn 0.5503 0.8036 0.2267
vn 0.8485 -0.4774 0.2284
vn 0.7829 0.1729 0.5976
vn 0.3586 -0.9039 0.2333
vn -0.0000 -0.9397 0.3420
vn 0.9072 0.3036 0.2912
vn 0.9451 0.1213 0.3034
vn 0.8045 0.5385 -0.2508
vn 0.7485 0.5278 0.4015
vn 0.8306 -0.5085 -0.2270
vn 0.5993 -0.2962 -0.7437
vn 0.4871 -0.5409 -0.6857
vn 0.9604 0.0894 -0.2640
vn 0.9241 -0.1736 -0.3403
vn 0.7974 -0.4118 -0.4412
vn 0.1784 0.7843 -0.5942
vn 0.5797 0.6280 -0.5192
vn 0.7968 -0.5980 0.0860
vn 0.7708 -0.1731 -0.6131
vn -0.7503 -0.3011 -0.5886
vn -0.8551 -0.2119 -0.4731
vn -0.7957 -0.1766 -0.5794
vn 0.6896 0.6131 -0.3854
vn 0.9360 -0.1609 -0.3131
vn 0.8568 0.4287 -0.2866
vn 0.7038 0.6387 -0.3111
vn 0.7712 -0.1705 -0.6134
vn 0.9103 -0.0764 -0.4068
vn 0.8817 -0.3459 -0.3207
vn 0.4662 -0.2802 -0.8391
vn -0.9970 -0.0773 -0.0000
vn -0.7907 -0.2286 -0.5679
vn 0.3198 0.9236 -0.2113
vn 0.3016 0.9513 0.0634
vn 0.5597 0.7990 -0.2201
vn -0.0189 0.0916 -0.9956
vn 0.7210 0.6930 -0.0000
vn -0.4070 -0.8087 -0.4247
vn -0.7277 -0.6845 0.0433
vn 0.6685 0.7392 0.0823
vn -0.4298 -0.8871 -0.1682
vn 0.6087 -0.6973 -0.3786
vn 0.8970 0.4246 0.1231
vn 0.9232 -0.2640 -0.2793
vn 0.6490 -0.7559 0.0864
vn -0.4680 -0.8826 0.0444
vn 0.9618 0.2474 -0.1175
vn 0.2033 -0.9785 -0.0339
vn -0.0610 -0.0043 -0.9981
vn 0.1698 0.9677 -0.1864
vn -0.6790 -0.7327 0.0447
vn 0.6461 0.7601 0.0698
vn -0.4078 -0.8862 0.2199
vn 0.5974 -0.7995 0.0620
vn -0.7106 0.7012 0.0581
vn 0.6460 0.7605 0.0660
vn -0.6378 0.7677 0.0629
vn -0.6377 0.7592 0.1306
vn 0.5971 0.7760 0.2033
vn -0.8021 0.5844 0.1225
vn 0.4825 -0.8641 0.1434
vn 0.5064 0.8367 0.2087
vn -0.6660 -0.7395 0.0981
vn -0.6940 -0.7110 0.1134
vn 0.8428 0.4911 0.2202
vn -0.6957 -0.7116 0.0981
vn 0.2984 0.9339 0.1968
vn -0.6913 -0.7098 0.1356
vn 0.6788 -0.7218 0.1350
vn 0.9243 -0.3815 -0.0119
vn -0.7358 0.3207 -0.5964
vn -0.9156 0.3990 -0.0499
vn -0.9330 -0.3587 -0.0282
vn 0.6105 0.7920 -0.0116
vn 0.8452 0.5341 -0.0210
vn 0.8742 0.4851 -0.0191
vn -0.1803 -0.9830 0.0358
vn -0.8645 -0.4962 -0.0807
vn 0.8507 -0.3618 -0.3812
vn -0.8585 -0.4927 0.1421
vn 0.5793 0.8068 0.1166
vn -0.7857 -0.5955 0.1676
vn 0.7719 0.6355 0.0171
vn 0.7634 0.6134 -0.2022
vn -0.4470 -0.8905 0.0852
vn -0.9206 -0.3539 -0.1651
vn 0.6540 0.7505 -0.0950
vn 0.5821 0.8107 -0.0619
vn -0.4540 -0.8893 -0.0543
vn -0.7920 -0.6003 -0.1112
vn -0.7898 -0.6092 0.0714
vn -0.8753 -0.4740 0.0962
vn 0.6531 0.7495 0.1077
vn -0.4478 -0.8836 0.1368
vn -0.8145 -0.5639 0.1363
vn -0.5777 -0.8163 0.0071
vn 0.7461 -0.6502 -0.1433
vn -0.5056 -0.8611 -0.0542
vn 0.7209 0.6904 0.0601
vn 0.5054 0.8547 0.1186
vn 0.7667 0.6347 0.0961
vn 0.7243 0.6790 0.1193
vn -0.5684 -0.7960 0.2081
vn 0.4851 0.8719 -0.0665
vn -0.7630 -0.6226 -0.1736
vn -0.5020 -0.8575 0.1126
vn 0.7422 0.6702 -0.0046
vn 0.7529 -0.6560 -0.0524
vn 0.6062 0.6957 -0.3855
vn -0.9000 -0.4210 0.1125
vn 0.7173 0.5518 0.4254
vn -0.6838 -0.5579 0.4703
vn 0.7065 0.6379 0.3065
vn -0.9920 -0.0756 0.1006
vn 0.7352 -0.6497 -0.1932
vn 0.9071 -0.4093 0.0980
vn 0.7747 0.5654 0.2832
vn 0.4980 0.8175 0.2892
vn -0.3367 0.9287 0.1556
vn -0.7391 -0.6436 -0.1987
vn 0.7491 -0.6527 0.1138
vn -0.7396 0.6444 0.1942
vn -0.5334 0.8265 0.1800
vn 0.6133 -0.7804 0.1218
vn -0.6189 -0.7338 -0.2801
vn 0.8339 -0.5406 0.1113
vn -0.5691 -0.7970 -0.2022
vn -0.7172 -0.6245 0.3092
vn 0.6085 0.5752 0.5467
vn 0.5555 0.6970 0.4535
vn -0.4213 -0.9056 -0.0495
vn -0.3282 0.2860 0.9003
vn 0.6023 0.7947 0.0750
vn -0.2680 0.4476 -0.8531
vn -0.5958 0.7385 -0.3158
vn -0.5800 0.6142 -0.5352
vn 0.4851 0.8660 0.1212
vn 0.3627 -0.4444 0.8191
vn -0.1881 0.1394 -0.9722
vn 0.0831 0.8046 0.5880
vn -0.4136 -0.2265 -0.8818
vn -0.7912 0.6115 -0.0000
vn -0.3811 0.2800 -0.8811
vn -0.9999 0.0145 -0.0000
vn -0.8574 0.2289 0.4608
vn -0.1988 -0.2647 0.9436
vn 0.3609 -0.8730 0.3279
vn 0.2437 0.4572 0.8553
vn -0.1620 -0.6880 0.7074
vn -0.4080 -0.8872 0.2154
vn -0.2231 -0.3438 -0.9122
vn 0.7591 -0.2431 -0.6038
vn -0.7183 0.1857 0.6704
vn 0.4246 0.9054 -0.0000
vn -0.7292 0.4567 0.5096
vn 0.6247 0.6346 -0.4549
vn 0.9220 -0.0715 -0.3806
vn 0.9435 -0.3136 -0.1071
vn -0.9108 -0.4127 -0.0000
vn -0.8741 -0.3781 0.3048
vn -0.2236 -0.0052 -0.9747
vn 0.6984 -0.7123 0.0699
vn -0.9309 -0.3652 -0.0000
vn -0.9965 -0.0836 -0.0000
vn -0.1265 0.9538 0.2724
vn 0.6956 0.5289 0.4861
vn -0.6615 0.5748 -0.4817
vn -0.8017 -0.1601 -0.5759
vn 0.7878 0.1338 0.6013
vn 0.6908 -0.6611 0.2930
vn -0.6680 0.6939 -0.2690
vn -0.8306 0.4380 -0.3438
vn -0.9979 -0.0653 -0.0000
vn -0.8239 0.5667 -0.0000
vn -0.3773 -0.1098 0.9196
vn -0.9693 -0.2458 -0.0000
vn 0.8733 -0.4872 -0.0000
vn -0.0044 -0.9999 0.0108
vn 0.7045 0.6878 0.1751
vn -0.9129 -0.4073 -0.0258
vn -0.4246 -0.9054 -0.0000
vn -0.9534 -0.3005 -0.0290
vn 0.3197 0.8555 0.4072
vn -0.6996 0.6485 0.3000
vn 0.9708 -0.2275 -0.0755
vn 0.8618 -0.3751 0.3414
vn 0.9973 -0.0735 -0.0000
vn 0.7930 0.0897 0.6026
vn -0.9089 -0.1117 -0.4018
vn -0.8836 0.0397 0.4665
vn -0.0571 -0.4390 -0.8967
vn 0.7863 -0.2506 -0.5648
vn -0.0320 -0.0330 0.9989
vn -0.7681 -0.2750 0.5782
vn 0.7466 -0.2999 -0.5939
vn 0.7346 -0.3932 0.5530
vn 0.1877 0.0390 -0.9815
vn -0.4838 -0.0913 0.8704
vn 0.2241 -0.0000 -0.9746
vn -0.1646 -0.6717 0.7223
vn 0.3597 -0.8701 0.3369
vn -0.1969 -0.3174 0.9276
vn -0.0373 0.2213 -0.9745
vn -0.2838 0.6031 0.7454
vn -0.0526 -0.0000 -0.9986
vn 0.1547 -0.0496 -0.9867
vn -0.7604 -0.6337 -0.1423
vn 0.2211 -0.5668 -0.7936
vn -0.7693 0.6335 0.0830
vn -0.1946 -0.0915 0.9766
vn -0.4933 0.8698 -0.0000
vn 0.1322 0.2995 -0.9449
vn -0.1870 -0.0459 -0.9813
vn -0.2334 0.2140 -0.9485
vn -0.6342 0.1085 -0.7655
vn -0.7083 -0.0506 -0.7041
vn -0.9874 -0.1392 -0.0752
vn -0.9902 0.1296 0.0516
vn -0.9488 0.1236 0.2907
vn -0.9878 -0.0627 0.1427
vn -0.0061 -0.9514 -0.3079
vn -0.6829 -0.6733 -0.2832
vn -0.7439 -0.6134 0.2652
vn -0.1634 -0.9434 0.2888
vn -0.7371 0.6669 0.1095
vn -0.0609 0.9975 0.0369
vn -0.1248 0.7230 0.6794
vn -0.6406 0.5705 0.5140
vn -0.6599 -0.0191 0.7511
vn -0.6602 0.1827 0.7286
vn -0.3110 0.3319 0.8906
vn -0.3303 -0.0222 0.9436
vn -0.5876 0.6455 -0.4879
vn -0.1444 0.7438 -0.6527
vn -0.0680 0.9677 -0.2426
vn -0.6495 0.7542 -0.0965
vn 0.9958 -0.0910 -0.0000
vn -0.7981 -0.5876 -0.1333
vn -0.6574 -0.6813 -0.3218
vn 0.9921 -0.1242 -0.0169
vn -0.9282 -0.1916 -0.3188
vn -0.9414 0.0908 -0.3248
vn -0.9917 0.1280 -0.0101
vn -0.9770 -0.1682 -0.1310
vn -0.6073 -0.7715 -0.1894
vn -0.0689 -0.9967 0.0433
vn -0.3420 -0.2628 0.9022
vn 0.2017 0.0389 -0.9787
vn -0.5770 -0.8014 -0.1577
vn -0.1546 0.0089 -0.9879
vn -0.8097 -0.5658 0.1557
vn 0.1758 -0.0495 -0.9832
vn -0.4160 0.4467 0.7921
vn -0.7276 -0.6831 0.0634
vn -0.7672 -0.2858 0.5742
vn -0.2084 -0.1135 -0.9714
vn -0.8179 -0.5323 0.2183
vn -0.8219 -0.4849 -0.2990
vn 0.2239 0.0387 -0.9738
vn -0.8621 -0.4501 0.2329
vn 0.5697 -0.8207 0.0439
vn -0.6281 -0.7696 0.1146
vn -0.6352 -0.6990 -0.3285
vn -0.9711 -0.1925 -0.1413
vn -0.9920 0.1262 -0.0104
vn -0.6645 -0.6755 -0.3196
vn -0.6496 0.7542 -0.0965
vn -0.0810 0.9668 -0.2424
vn 0.1433 -0.9229 0.3573
vn 0.7367 -0.3871 0.5545
vn -0.7635 -0.2785 0.5827
vn -0.8820 0.0728 0.4657
vn 0.7959 -0.0290 0.6048
vn 0.9227 -0.1227 0.3655
vn -0.6178 0.7404 0.2650
vn 0.5203 0.6610 0.5407
vn 0.5207 0.8439 0.1294
vn -0.9118 -0.4107 -0.0000
vn 0.6507 -0.7074 0.2760
vn 0.7882 0.1300 0.6016
vn 0.6303 0.6393 0.4404
vn -0.2012 0.9209 0.3338
vn 0.0583 -0.0056 -0.9983
vn -0.8304 0.4284 0.3562
vn -0.7269 0.1061 0.6785
vn 0.1438 -0.9264 0.3479
vn -0.8459 0.2825 0.4523
vn -0.9933 0.1158 -0.0000
vn -0.8837 0.4680 -0.0000
vn -0.6371 0.7445 -0.1997
vn -0.8044 -0.5171 -0.2926
vn -0.4544 -0.3532 -0.8178
vn -0.8070 -0.5478 -0.2206
vn -0.9421 0.0784 -0.3260
vn -0.9322 -0.1819 -0.3130
vn -0.8451 -0.5210 -0.1202
vn -0.1757 0.7411 -0.6481
vn -0.7362 0.6768 -0.0000
vn -0.7915 -0.5961 -0.1350
vn -0.7754 -0.1698 -0.6082
vn 0.7451 -0.3060 -0.5926
vn 0.7957 -0.2006 -0.5715
vn -0.9062 -0.1354 -0.4006
vn -0.5013 0.6015 -0.6220
vn -0.9881 -0.1536 -0.0000
vn -0.8367 0.4238 -0.3467
vn -0.8435 0.4075 -0.3500
vn -0.7968 -0.1935 -0.5724
vn -0.7407 0.5846 -0.3311
vn -0.9557 -0.2945 -0.0000
vn -0.5671 -0.2023 -0.7984
vn 0.9034 -0.2117 -0.3729
vn 0.7716 0.5506 -0.3185
vn 0.7750 -0.1395 -0.6164
vn 0.4240 -0.9029 0.0707
vn -0.4106 0.8897 -0.1996
vn -0.3899 0.9181 0.0707
vn 0.0334 0.0469 -0.9983
vn -0.4283 0.9036 -0.0000
vn 0.4240 -0.9029 0.0708
vn -0.4054 0.8832 -0.2358
vn 0.0703 0.0707 -0.9950
vn -0.7749 0.6308 -0.0417
vn 0.6792 -0.6656 -0.3093
vn 0.7900 -0.6112 0.0495
vn -0.8569 0.5116 0.0630
vn 0.7020 -0.7026 -0.1161
vn -0.4878 -0.7436 -0.4573
vn -0.6046 -0.7019 -0.3766
vn -0.6944 0.3459 0.6310
vn -0.4802 -0.8603 0.1711
vn 0.5439 -0.8382 0.0402
vn -0.6837 0.6863 -0.2480
vn 0.4166 -0.8374 -0.3539
vn 0.0602 -0.0115 -0.9981
vn -0.4170 0.8971 -0.1459
vn 0.6607 -0.7493 0.0453
vn -0.5061 0.8590 0.0776
vn 0.6437 -0.6774 0.3562
vn 0.8801 0.4747 -0.0046
vn 0.6955 0.7118 0.0978
vn 0.9039 -0.4107 0.1193
vn 0.7937 -0.5944 -0.1298
vn 0.6440 -0.6688 -0.3715
vn -0.9236 -0.3821 -0.0314
vn -0.7658 -0.6399 0.0639
vn -0.7806 -0.6238 0.0400
vn 0.6770 0.7334 0.0615
vn -0.5986 0.7980 0.0700
vn 0.6881 0.7233 0.0581
vn 0.6427 0.7551 0.1296
vn -0.5813 0.7871 0.2063
vn 0.7694 0.6239 0.1369
vn -0.6020 -0.7905 0.1127
vn -0.3412 0.9130 0.2236
vn 0.6959 -0.7117 0.0960
vn 0.5408 -0.8357 0.0958
vn -0.9600 0.2390 0.1459
vn 0.7184 -0.6882 0.1018
vn -0.1909 0.9571 0.2181
vn 0.5680 -0.8143 0.1200
vn -0.7010 -0.6986 0.1433
vn -0.6681 0.7424 0.0496
vn -0.9167 -0.3995 0.0009
vn 0.6405 0.5632 -0.5221
vn 0.8801 0.4747 -0.0062
vn 0.9120 -0.4101 -0.0064
vn -0.7500 0.6580 -0.0668
vn -0.7784 0.6255 -0.0528
vn -0.8672 0.4977 -0.0132
vn 0.7231 -0.6818 -0.1112
vn 0.7937 -0.6065 -0.0476
vn -0.8464 -0.3688 -0.3842
vn 0.6565 -0.7534 0.0378
vn -0.8723 0.4851 -0.0608
vn -0.6082 0.7562 -0.2414
vn -0.5089 0.8606 0.0208
vn 0.7534 -0.6305 0.1865
vn -0.7388 0.6697 0.0752
vn -0.7389 0.6414 -0.2066
vn 0.1790 -0.9762 0.1226
vn 0.7577 -0.6341 -0.1542
vn -0.8481 0.4867 -0.2094
vn -0.7505 0.6584 -0.0572
vn 0.4881 -0.8663 0.1063
vn 0.8192 -0.5672 -0.0844
vn 0.4495 -0.8222 0.3493
vn 0.5747 -0.8125 -0.0978
vn -0.6570 0.7539 -0.0000
vn 0.6491 -0.7449 0.1543
vn -0.6531 0.7496 0.1077
vn 0.4994 -0.8505 0.1651
vn 0.7935 -0.5969 0.1185
vn 0.5623 -0.8269 -0.0046
vn -0.7521 -0.6553 0.0703
vn 0.6062 -0.6957 -0.3854
vn 0.6763 0.5893 0.4419
vn -0.8724 -0.4815 -0.0841
vn 0.5776 -0.8162 -0.0085
vn 0.6564 -0.7533 -0.0424
vn -0.7430 0.6653 0.0729
vn -0.4892 0.8652 0.1103
vn -0.9113 0.4096 0.0420
vn -0.7684 0.6326 0.0968
vn 0.5475 -0.8052 0.2279
vn -0.4910 0.8683 -0.0700
vn -0.7539 -0.6569 -0.0000
vn 0.7539 0.6569 -0.0000
vn 0.7823 -0.5885 -0.2044
vn 0.5164 -0.8452 0.1379
vn -0.6566 0.7535 -0.0322
vn 0.6471 -0.7426 0.1725
vn 0.7534 0.6565 0.0388
vn -0.7295 0.6839 0.0071
vn -0.7539 -0.6570 -0.0000
vn -0.7529 -0.6561 -0.0524
vn -0.6223 0.7142 0.3205
vn 0.5414 -0.8407 -0.0076
vn -0.7587 0.6514 -0.0076
vn 0.7529 0.6561 0.0524
vn 0.8934 0.3885 0.2254
vn -0.7744 0.5836 0.2444
vn 0.6679 -0.7018 0.2478
vn -0.7540 -0.6569 -0.0000
vn 0.7539 0.6570 -0.0000
vn -0.6959 0.6578 0.2882
vn 0.9547 0.2886 -0.0732
vn -0.7344 -0.6507 -0.1928
vn -0.9095 -0.4048 0.0949
vn -0.7904 0.5553 0.2587
vn -0.4612 0.8289 0.3165
vn 0.3445 0.9252 0.1595
vn 0.6519 -0.7481 -0.1241
vn -0.7490 -0.6527 0.1138
vn 0.7395 0.6445 0.1942
vn -0.2523 -0.2199 0.9423
vn 0.5588 0.8080 0.1869
vn -0.5879 -0.8004 0.1174
vn 0.6444 -0.7636 -0.0419
vn -0.8455 -0.5234 0.1062
vn 0.6378 -0.7698 -0.0269
vn 0.6524 -0.7487 0.1172
vn -0.6101 0.6660 0.4292
vn -0.5201 0.5968 0.6110
vn -0.4097 0.6726 0.6163
vn 0.5207 -0.7631 0.3827
vn 0.2521 0.3089 0.9171
vn -0.5854 0.8086 0.0596
vn 0.2908 0.3080 -0.9059
vn 0.6826 0.6607 -0.3122
vn 0.5737 0.6370 -0.5150
vn -0.3743 0.7662 0.5224
vn -0.3848 -0.4169 0.8235
vn -0.3756 0.8494 -0.3708
vn 0.7431 0.6504 -0.1576
vn 0.7212 -0.6524 0.2330
vn 0.7936 -0.6079 0.0264
vn 0.4869 -0.8268 -0.2815
vn -0.6320 -0.7015 -0.3294
vn -0.8345 0.5220 0.1764
vn -0.6455 0.7622 0.0489
vn -0.5850 0.7729 -0.2458
vn 0.4671 -0.8841 -0.0142
vn -0.2928 -0.1385 -0.9461
vn -0.6174 0.7136 0.3311
vn -0.7629 0.6011 -0.2379
vn 0.0074 0.3569 -0.9341
vn -0.9513 -0.0430 0.3053
vn 0.0199 0.3128 0.9496
vn -0.9272 0.2275 0.2976
vn -0.0135 -0.2121 0.9771
vn 0.1444 -0.9298 0.3384
vn 0.1608 0.1660 0.9729
vn 0.2829 -0.6843 0.6721
vn 0.0549 0.4215 0.9052
vn -0.7996 -0.3928 0.4544
vn -0.6176 -0.6374 -0.4607
vn 0.7810 -0.2746 -0.5610
vn -0.0416 -0.3200 -0.9465
vn -0.7593 0.2959 0.5796
vn -0.7711 0.5441 0.3307
vn 0.7021 0.6504 -0.2898
vn 0.8701 -0.4913 0.0393
vn -0.9163 -0.3114 0.2519
vn -0.6181 -0.7388 0.2687
vn -0.2094 -0.0574 -0.9762
vn 0.4262 -0.9038 0.0387
vn -0.8308 -0.4674 -0.3022
vn -0.8894 -0.2257 -0.3975
vn -0.4246 0.8883 0.1749
vn 0.8001 0.5093 0.3170
vn -0.8009 0.4800 -0.3580
vn -0.7789 -0.0969 -0.6196
vn 0.7888 0.1357 0.5994
vn -0.8411 0.4620 -0.2813
vn -0.9483 -0.0043 -0.3172
vn 0.2240 0.5506 -0.8041
vn -0.5970 0.7295 -0.3337
vn -0.9246 0.0112 0.3809
vn 0.2205 0.9160 0.3352
vn -0.9486 -0.2949 -0.1146
vn -0.0610 0.9870 0.1488
vn -0.9648 -0.2448 -0.0964
vn 0.6600 0.7043 0.2615
vn -0.4821 0.6851 0.5461
vn 0.9461 -0.3215 0.0392
vn 0.9168 0.0913 0.3889
vn -0.8088 -0.0908 -0.5810
vn -0.7309 -0.0226 0.6821
vn -0.2964 -0.3059 -0.9048
vn 0.8514 -0.2306 -0.4710
vn -0.0062 -0.0478 0.9988
vn -0.7656 -0.2689 0.5844
vn 0.7512 -0.2976 -0.5892
vn 0.7300 -0.3956 0.5572
vn -0.7698 -0.1799 -0.6124
vn 0.1755 0.0734 -0.9817
vn -0.4572 -0.1821 0.8706
vn 0.1458 -0.3526 0.9243
vn -0.0192 -0.3022 0.9531
vn 0.0206 0.3229 0.9462
vn 0.0048 0.2343 -0.9722
vn -0.3782 0.4646 0.8007
vn 0.2232 -0.0881 -0.9708
vn 0.1386 -0.0068 -0.9903
vn -0.7243 -0.6851 0.0782
vn -0.1518 -0.3756 -0.9143
vn -0.7833 0.6217 -0.0000
vn -0.2300 -0.0881 -0.9692
vn -0.2516 0.2385 -0.9380
vn -0.5628 0.1855 -0.8055
vn -0.6290 -0.1287 -0.7666
vn -0.9855 -0.1659 -0.0361
vn -0.9902 0.1305 0.0500
vn -0.9558 0.1400 0.2584
vn -0.9684 -0.0989 0.2289
vn -0.0306 -0.9322 -0.3607
vn -0.6827 -0.6738 -0.2825
vn -0.7901 -0.5909 0.1627
vn -0.1352 -0.9277 0.3481
vn -0.6890 0.7239 0.0349
vn -0.0719 0.9972 0.0208
vn -0.1918 0.7728 0.6049
vn -0.6522 0.5514 0.5202
vn -0.6869 0.0029 0.7267
vn -0.5691 0.2468 0.7844
vn -0.2468 0.2867 0.9257
vn -0.3329 -0.0197 0.9428
vn -0.6008 0.6172 -0.5081
vn -0.1653 0.7861 -0.5956
vn -0.0783 0.9734 -0.2155
vn -0.6875 0.7036 -0.1799
vn 0.9913 -0.0765 -0.1071
vn -0.6421 -0.5678 -0.5151
vn -0.6605 -0.6734 -0.3322
vn -0.9229 -0.1798 -0.3404
vn -0.9547 0.1123 -0.2754
vn -0.9920 0.1264 -0.0050
vn -0.9784 -0.1951 -0.0691
vn -0.5046 -0.7846 -0.3603
vn 0.0088 -0.9990 -0.0442
vn -0.4797 0.1593 0.8629
vn 0.1873 0.0757 -0.9794
vn -0.6221 -0.7760 -0.1038
vn -0.2188 0.2069 -0.9536
vn -0.7877 -0.5906 0.1753
vn 0.1548 -0.0016 -0.9879
vn -0.3503 0.1746 0.9202
vn -0.7659 -0.6391 0.0699
vn -0.0372 -0.9062 0.4212
vn -0.1873 -0.1659 -0.9682
vn -0.8660 -0.4706 0.1690
vn -0.1492 0.2616 -0.9536
vn -0.8762 -0.4183 -0.2395
vn 0.2012 0.0783 -0.9764
vn -0.3387 0.2948 0.8935
vn -0.8983 -0.4023 0.1768
vn 0.5324 -0.8450 0.0495
vn -0.7475 -0.5204 0.4128
vn -0.9739 -0.2150 -0.0727
vn -0.9921 0.1251 -0.0048
vn -0.6682 -0.6669 -0.3298
vn -0.6272 0.7547 -0.1924
vn -0.0847 0.9728 -0.2154
vn 0.7311 -0.3925 0.5581
vn -0.7298 0.0580 0.6812
vn 0.9194 0.0502 0.3900
vn 0.9360 -0.3520 -0.0000
vn -0.2925 0.8656 0.4064
vn 0.7397 0.6058 0.2930
vn 0.0965 0.9658 0.2409
vn -0.8877 -0.2798 0.3657
vn 0.6853 -0.6843 0.2491
vn 0.7891 0.1332 0.5996
vn 0.7738 0.5544 0.3065
vn -0.5503 0.8036 0.2267
vn -0.8485 -0.4774 0.2284
vn -0.7829 0.1729 0.5976
vn -0.3586 -0.9039 0.2333
vn -0.9072 0.3036 0.2912
vn -0.9451 0.1213 0.3034
vn -0.8045 0.5385 -0.2508
vn -0.7485 0.5278 0.4015
vn -0.8306 -0.5085 -0.2270
vn -0.5993 -0.2962 -0.7437
vn -0.4871 -0.5409 -0.6857
vn -0.9604 0.0894 -0.2640
vn -0.9241 -0.1736 -0.3403
vn -0.7974 -0.4118 -0.4412
vn -0.1784 0.7843 -0.5942
vn -0.5797 0.6280 -0.5192
vn -0.7968 -0.5980 0.0860
vn -0.7708 -0.1731 -0.6131
vn 0.7503 -0.3011 -0.5886
vn 0.8551 -0.2119 -0.4731
vn -0.6896 0.6131 -0.3854
vn -0.9360 -0.1609 -0.3131
vn -0.8568 0.4287 -0.2866
vn -0.7038 0.6387 -0.3111
vn -0.7712 -0.1705 -0.6134
vn -0.9103 -0.0764 -0.4068
vn -0.8817 -0.3459 -0.3207
vn -0.4662 -0.2802 -0.8391
vn 0.9970 -0.0773 -0.0000
vn 0.7907 -0.2286 -0.5679
vn -0.3198 0.9236 -0.2113
vn -0.3016 0.9513 0.0634
vn -0.5597 0.7990 -0.2201
vn 0.0189 0.0916 -0.9956
vn -0.7210 0.6930 -0.0000
vn 0.4070 -0.8087 -0.4247
vn 0.7277 -0.6845 0.0433
vn -0.6685 0.7392 0.0823
vn 0.4298 -0.8871 -0.1682
vn -0.6087 -0.6973 -0.3786
vn -0.8970 0.4246 0.1231
vn -0.9232 -0.2640 -0.2793
vn -0.6490 -0.7559 0.0864
vn 0.4680 -0.8826 0.0444
vn -0.9618 0.2474 -0.1175
vn -0.2033 -0.9785 -0.0339
vn 0.0610 -0.0043 -0.9981
vn -0.1698 0.9677 -0.1864
vn 0.6790 -0.7327 0.0447
vn -0.6461 0.7601 0.0698
vn 0.4078 -0.8862 0.2199
vn -0.5974 -0.7995 0.0620
vn 0.7106 0.7012 0.0581
vn -0.6460 0.7605 0.0660
vn 0.6378 0.7677 0.0629
vn 0.6377 0.7592 0.1306
vn -0.5971 0.7760 0.2033
vn 0.8021 0.5844 0.1225
vn -0.4825 -0.8641 0.1434
vn -0.5064 0.8367 0.2087
vn 0.6660 -0.7395 0.0981
vn 0.6940 -0.7110 0.1134
vn -0.8428 0.4911 0.2202
vn 0.6957 -0.7116 0.0981
vn -0.2984 0.9339 0.1968
vn 0.6913 -0.7098 0.1356
vn -0.6788 -0.7218 0.1350
vn -0.9243 -0.3815 -0.0119
vn 0.7358 0.3207 -0.5964
vn 0.9156 0.3990 -0.0499
vn 0.9330 -0.3587 -0.0282
vn -0.6105 0.7920 -0.0116
vn -0.8452 0.5341 -0.0210
vn -0.8742 0.4851 -0.0191
vn 0.1803 -0.9830 0.0358
vn 0.8645 -0.4962 -0.0807
vn -0.8507 -0.3618 -0.3812
vn 0.8585 -0.4927 0.1421
vn -0.5793 0.8068 0.1166
vn 0.7857 -0.5955 0.1676
vn -0.7719 0.6355 0.0171
vn -0.7634 0.6134 -0.2022
vn 0.4470 -0.8905 0.0852
vn 0.9206 -0.3539 -0.1651
vn -0.6540 0.7505 -0.0950
vn -0.5821 0.8107 -0.0619
vn 0.4540 -0.8893 -0.0543
vn 0.7920 -0.6003 -0.1112
vn 0.7898 -0.6092 0.0714
vn 0.8753 -0.4740 0.0962
vn -0.6531 0.7495 0.1077
vn 0.4478 -0.8836 0.1368
vn 0.8145 -0.5639 0.1363
vn 0.5777 -0.8163 0.0071
vn -0.7461 -0.6502 -0.1433
vn 0.5056 -0.8611 -0.0542
vn -0.7209 0.6904 0.0601
vn -0.5054 0.8547 0.1186
vn -0.7667 0.6347 0.0961
vn -0.7243 0.6790 0.1193
vn 0.5684 -0.7960 0.2081
vn -0.4851 0.8719 -0.0665
vn 0.7630 -0.6226 -0.1736
vn 0.5020 -0.8575 0.1126
vn -0.7422 0.6702 -0.0046
vn -0.7529 -0.6560 -0.0524
vn -0.6062 0.6957 -0.3855
vn 0.9000 -0.4210 0.1125
vn -0.7173 0.5518 0.4254
vn 0.6838 -0.5579 0.4703
vn -0.7065 0.6379 0.3065
vn 0.9920 -0.0756 0.1006
vn -0.7352 -0.6497 -0.1932
vn -0.9071 -0.4093 0.0980
vn -0.7747 0.5654 0.2832
vn -0.4980 0.8175 0.2892
vn 0.3367 0.9287 0.1556
vn 0.7391 -0.6436 -0.1987
vn -0.7491 -0.6527 0.1138
vn 0.7396 0.6444 0.1942
vn 0.5334 0.8265 0.1800
vn -0.6133 -0.7804 0.1218
vn 0.6189 -0.7338 -0.2801
vn -0.8339 -0.5406 0.1113
vn 0.5691 -0.7970 -0.2022
vn 0.7172 -0.6245 0.3092
vn -0.6085 0.5752 0.5467
vn -0.5555 0.6970 0.4535
vn 0.4213 -0.9056 -0.0495
vn 0.3282 0.2860 0.9003
vn -0.6023 0.7947 0.0750
vn 0.2680 0.4476 -0.8531
vn 0.5958 0.7385 -0.3158
vn 0.5800 0.6142 -0.5352
vn -0.4851 0.8660 0.1212
vn -0.3627 -0.4444 0.8191
vt 0.161164 0.110325
vt 0.189100 0.065396
vt 0.214712 0.070090
vt 0.910632 0.224175
vt 0.910632 0.254086
vt 0.892716 0.252150
vt 0.229292 0.226291
vt 0.271782 0.270626
vt 0.255956 0.283630
vt 0.925921 0.582172
vt 0.944950 0.582863
vt 0.925921 0.587976
vt 0.399449 0.027773
vt 0.450146 0.007509
vt 0.449564 0.027773
vt 0.298900 0.325299
vt 0.623142 0.703980
vt 0.629924 0.746109
vt 0.593402 0.716906
vt 0.450365 0.160732
vt 0.429979 0.223143
vt 0.416202 0.160732
vt 0.299450 0.371404
vt 0.298419 0.372201
vt 0.656118 0.789990
vt 0.637126 0.810125
vt 0.450386 0.283216
vt 0.419476 0.281976
vt 0.923914 0.254764
vt 0.923024 0.224569
vt 0.923914 0.224175
vt 0.448663 0.301241
vt 0.389729 0.282421
vt 0.388622 0.280738
vt 0.449971 0.300700
vt 0.390184 0.383491
vt 0.425233 0.399547
vt 0.387826 0.399547
vt 0.601188 0.652252
vt 0.599869 0.680864
vt 0.599869 0.650888
vt 0.322282 0.306440
vt 0.318572 0.357140
vt 0.352643 0.834822
vt 0.334674 0.843617
vt 0.341064 0.829763
vt 0.629961 0.593607
vt 0.652269 0.613355
vt 0.615045 0.613057
vt 0.524883 0.777146
vt 0.532727 0.788094
vt 0.523146 0.788190
vt 0.616893 0.512762
vt 0.654518 0.524291
vt 0.617294 0.523994
vt 0.375388 0.398409
vt 0.376314 0.382466
vt 0.322040 0.795347
vt 0.321458 0.814802
vt 0.321522 0.778069
vt 0.436184 0.898186
vt 0.408876 0.899257
vt 0.429326 0.890568
vt 0.413226 0.467342
vt 0.388447 0.488708
vt 0.398640 0.467342
vt 0.923784 0.816711
vt 0.950515 0.817200
vt 0.925282 0.821584
vt 0.896832 0.741409
vt 0.925021 0.758076
vt 0.896832 0.758746
vt 0.896561 0.006196
vt 0.940490 0.016085
vt 0.895289 0.015231
vt 0.614307 0.659881
vt 0.940483 0.063442
vt 0.914707 0.097599
vt 0.903549 0.065085
vt 0.418415 0.099637
vt 0.549205 0.601752
vt 0.554885 0.669780
vt 0.523889 0.660284
vt 0.190598 0.175419
vt 0.240613 0.217540
vt 0.408837 0.063707
vt 0.448967 0.048613
vt 0.448988 0.063707
vt 0.556265 0.545247
vt 0.583193 0.558142
vt 0.578955 0.572466
vt 0.168464 0.129902
vt 0.219808 0.109684
vt 0.174942 0.143223
vt 0.741943 0.418727
vt 0.743103 0.435877
vt 0.734150 0.436851
vt 0.495287 0.587617
vt 0.505243 0.654572
vt 0.476567 0.645787
vt 0.862962 0.786118
vt 0.896832 0.769175
vt 0.896832 0.787008
vt 0.413938 0.933572
vt 0.409957 0.965610
vt 0.407403 0.926641
vt 0.925021 0.786338
vt 0.928313 0.831447
vt 0.946680 0.845051
vt 0.924244 0.836309
vt 0.425200 0.885986
vt 0.404055 0.871315
vt 0.427623 0.875737
vt 0.678441 0.510503
vt 0.662435 0.524985
vt 0.662212 0.508961
vt 0.989141 0.027290
vt 0.981434 0.039175
vt 0.981434 0.026788
vt 0.492835 0.705805
vt 0.508130 0.707743
vt 0.491355 0.715343
vt 0.625701 0.822237
vt 0.589351 0.826679
vt 0.585994 0.825926
vt 0.354855 0.804872
vt 0.353630 0.834839
vt 0.581142 0.763479
vt 0.481274 0.691588
vt 0.101800 0.113292
vt 0.106881 0.090628
vt 0.124901 0.095436
vt 0.643992 0.016920
vt 0.667320 0.034886
vt 0.644391 0.036055
vt 0.658588 0.543805
vt 0.656071 0.594812
vt 0.648310 0.594083
vt 0.503344 0.812613
vt 0.528885 0.857429
vt 0.524244 0.860123
vt 0.536156 0.807640
vt 0.538933 0.857125
vt 0.527831 0.807751
vt 0.419536 0.418012
vt 0.390771 0.418012
vt 0.690623 0.918559
vt 0.707961 0.962286
vt 0.697674 0.961120
vt 0.651783 0.543202
vt 0.623159 0.542974
vt 0.028683 0.936498
vt 0.006196 0.972387
vt 0.006196 0.935663
vt 0.875244 0.694266
vt 0.894543 0.679978
vt 0.894543 0.698027
vt 0.940471 0.109051
vt 0.914733 0.112759
vt 0.923893 0.711040
vt 0.922731 0.663950
vt 0.948403 0.872764
vt 0.952088 0.902032
vt 0.945307 0.917714
vt 0.895705 0.739476
vt 0.871875 0.705203
vt 0.894543 0.708885
vt 0.095651 0.974588
vt 0.095651 0.919494
vt 0.120770 0.961303
vt 0.895705 0.729047
vt 0.424891 0.503439
vt 0.387483 0.503439
vt 0.864307 0.737283
vt 0.952088 0.868220
vt 0.925021 0.740739
vt 0.418652 0.914662
vt 0.940521 0.033880
vt 0.892716 0.033518
vt 0.322282 0.765680
vt 0.321765 0.748402
vt 0.940489 0.119458
vt 0.916213 0.122890
vt 0.321561 0.562263
vt 0.321561 0.565675
vt 0.321561 0.563428
vt 0.948724 0.916801
vt 0.943315 0.926459
vt 0.940521 0.138062
vt 0.918674 0.139732
vt 0.940519 0.136758
vt 0.503649 0.777852
vt 0.495745 0.782680
vt 0.542133 0.876995
vt 0.542133 0.954707
vt 0.511167 0.889987
vt 0.222187 0.806565
vt 0.222187 0.888244
vt 0.197489 0.823176
vt 0.614307 0.440367
vt 0.654194 0.508199
vt 0.537783 0.705224
vt 0.535374 0.776797
vt 0.427244 0.318627
vt 0.687983 0.902627
vt 0.707961 0.921065
vt 0.494991 0.793750
vt 0.510983 0.807974
vt 0.672360 0.545025
vt 0.788692 0.893979
vt 0.824780 0.913624
vt 0.780594 0.913625
vt 0.355843 0.804889
vt 0.354618 0.834856
vt 0.134887 0.156565
vt 0.143616 0.168146
vt 0.355310 0.061703
vt 0.405032 0.048613
vt 0.164715 0.196136
vt 0.203409 0.247008
vt 0.401823 0.160732
vt 0.449472 0.923730
vt 0.448585 0.893445
vt 0.449472 0.893042
vt 0.410374 0.221897
vt 0.275476 0.344192
vt 0.297387 0.372999
vt 0.241117 0.296584
vt 0.352586 0.006196
vt 0.334674 0.026125
vt 0.824780 0.931112
vt 0.792694 0.942479
vt 0.785139 0.924462
vt 0.110891 0.125372
vt 0.122721 0.140750
vt 0.037549 0.826431
vt 0.011268 0.824413
vt 0.036511 0.813135
vt 0.076325 0.081165
vt 0.093931 0.101072
vt 0.925921 0.562196
vt 0.945183 0.557934
vt 0.945648 0.563815
vt 0.300823 0.689524
vt 0.316241 0.668344
vt 0.315963 0.689413
vt 0.048677 0.495989
vt 0.015957 0.459561
vt 0.038164 0.457668
vt 0.895911 0.558483
vt 0.925921 0.552326
vt 0.154066 0.091290
vt 0.895911 0.588483
vt 0.895911 0.606028
vt 0.082099 0.030992
vt 0.104832 0.062561
vt 0.038340 0.030791
vt 0.053199 0.051372
vt 0.082598 0.006196
vt 0.095653 0.022107
vt 0.105445 0.041162
vt 0.056585 0.849498
vt 0.083259 0.864729
vt 0.055545 0.874629
vt 0.848112 0.319909
vt 0.874122 0.337767
vt 0.844285 0.341185
vt 0.868743 0.353200
vt 0.844331 0.359899
vt 0.079737 0.884431
vt 0.058109 0.890664
vt 0.008643 0.876315
vt 0.035190 0.885500
vt 0.008845 0.898795
vt 0.035606 0.867094
vt 0.043541 0.905198
vt 0.018921 0.923271
vt 0.875131 0.317716
vt 0.897131 0.339046
vt 0.924468 0.315006
vt 0.897232 0.316136
vt 0.975860 0.543661
vt 0.975860 0.585732
vt 0.958982 0.573930
vt 0.884323 0.359899
vt 0.168506 0.905920
vt 0.140787 0.892743
vt 0.180756 0.893682
vt 0.103333 0.903245
vt 0.136932 0.907102
vt 0.095651 0.855840
vt 0.143190 0.858200
vt 0.185097 0.859537
vt 0.886468 0.284658
vt 0.873019 0.299307
vt 0.871192 0.291148
vt 0.920313 0.289320
vt 0.893485 0.295019
vt 0.894893 0.302951
vt 0.873813 0.306222
vt 0.950176 0.417393
vt 0.966472 0.421048
vt 0.962208 0.433255
vt 0.058179 0.817907
vt 0.036819 0.841704
vt 0.954538 0.455214
vt 0.950176 0.469376
vt 0.081194 0.824159
vt 0.057398 0.827020
vt 0.850784 0.300653
vt 0.853894 0.290411
vt 0.849780 0.307885
vt 0.057093 0.835463
vt 0.083259 0.843244
vt 0.020952 0.853940
vt 0.015819 0.842909
vt 0.367747 0.077970
vt 0.412945 0.079115
vt 0.181656 0.157029
vt 0.152664 0.180149
vt 0.518289 0.542318
vt 0.531132 0.568856
vt 0.507062 0.566603
vt 0.218796 0.128973
vt 0.550467 0.578480
vt 0.582609 0.594479
vt 0.449174 0.079115
vt 0.348642 0.046621
vt 0.798847 0.205107
vt 0.806963 0.114138
vt 0.809111 0.213469
vt 0.562934 0.523797
vt 0.581508 0.532611
vt 0.215550 0.094628
vt 0.449421 0.099637
vt 0.587477 0.623800
vt 0.217449 0.154665
vt 0.526183 0.588489
vt 0.384313 0.099637
vt 0.756713 0.519217
vt 0.745904 0.618169
vt 0.746868 0.519554
vt 0.537234 0.545607
vt 0.012731 0.836274
vt 0.081970 0.831327
vt 0.921874 0.298968
vt 0.925921 0.597626
vt 0.895911 0.635193
vt 0.351243 0.787036
vt 0.352098 0.787043
vt 0.480427 0.802671
vt 0.490646 0.820324
vt 0.680193 0.917052
vt 0.675966 0.900818
vt 0.595843 0.404476
vt 0.595843 0.479849
vt 0.579125 0.410887
vt 0.463467 0.727978
vt 0.482606 0.790707
vt 0.321912 0.530641
vt 0.321912 0.549870
vt 0.321561 0.531900
vt 0.321561 0.578067
vt 0.321561 0.581387
vt 0.321561 0.580035
vt 0.321211 0.767675
vt 0.321454 0.738008
vt 0.403473 0.922472
vt 0.402995 0.889991
vt 0.937688 0.861106
vt 0.942276 0.880319
vt 0.895705 0.711710
vt 0.934035 0.943784
vt 0.691486 0.960418
vt 0.516530 0.864603
vt 0.462398 0.703980
vt 0.989107 0.008747
vt 0.981434 0.006196
vt 0.917479 0.844390
vt 0.403965 0.955930
vt 0.245905 0.080774
vt 0.250413 0.057388
vt 0.255409 0.078713
vt 0.925021 0.768505
vt 0.320962 0.798233
vt 0.309169 0.632498
vt 0.300823 0.647792
vt 0.300823 0.631916
vt 0.601018 0.635773
vt 0.599869 0.632856
vt 0.350391 0.787028
vt 0.614168 0.757860
vt 0.575513 0.724682
vt 0.942224 0.594741
vt 0.671960 0.046039
vt 0.638402 0.075406
vt 0.495170 0.565490
vt 0.480022 0.587186
vt 0.230160 0.084190
vt 0.506542 0.549201
vt 0.870289 0.287117
vt 0.855430 0.285350
vt 0.058564 0.813405
vt 0.077020 0.814660
vt 0.035998 0.806565
vt 0.883001 0.279539
vt 0.913489 0.276495
vt 0.946590 0.575719
vt 0.010545 0.818553
vt 0.353024 0.849645
vt 0.354012 0.849662
vt 0.792694 0.884272
vt 0.824780 0.883721
vt 0.503752 0.788383
vt 0.315688 0.890358
vt 0.308394 0.963959
vt 0.299097 0.890358
vt 0.644475 0.593723
vt 0.652411 0.007392
vt 0.674775 0.015684
vt 0.464769 0.690777
vt 0.462398 0.641447
vt 0.564825 0.766255
vt 0.566375 0.827748
vt 0.352038 0.849628
vt 0.572812 0.828256
vt 0.428820 0.870674
vt 0.404579 0.862088
vt 0.925021 0.795149
vt 0.896832 0.795819
vt 0.449482 0.797608
vt 0.449482 0.830808
vt 0.441019 0.828347
vt 0.231501 0.101500
vt 0.952088 0.835393
vt 0.353869 0.804856
vt 0.353997 0.801723
vt 0.749030 0.417599
vt 0.755430 0.397484
vt 0.756954 0.416339
vt 0.617329 0.074406
vt 0.608807 0.034772
vt 0.619346 0.035152
vt 0.620026 0.147258
vt 0.625942 0.236262
vt 0.619325 0.236589
vt 0.267375 0.093718
vt 0.256750 0.096023
vt 0.628374 0.016357
vt 0.618947 0.016017
vt 0.747507 0.398745
vt 0.247246 0.098084
vt 0.625927 0.074738
vt 0.628773 0.035492
vt 0.266034 0.076408
vt 0.276614 0.082763
vt 0.608408 0.015637
vt 0.599503 0.034184
vt 0.586162 0.015354
vt 0.767321 0.433243
vt 0.753112 0.434789
vt 0.736216 0.521227
vt 0.742612 0.618328
vt 0.739179 0.619221
vt 0.261038 0.055083
vt 0.608266 0.146423
vt 0.605229 0.235751
vt 0.597258 0.145949
vt 0.806736 0.335161
vt 0.821151 0.316159
vt 0.817759 0.335149
vt 0.794581 0.336164
vt 0.798807 0.316471
vt 0.582654 0.053043
vt 0.579125 0.035359
vt 0.812606 0.298439
vt 0.831893 0.297849
vt 0.741473 0.520087
vt 0.607957 0.073993
vt 0.757624 0.395641
vt 0.768202 0.414549
vt 0.282602 0.060331
vt 0.280479 0.072298
vt 0.730201 0.420596
vt 0.740419 0.399873
vt 0.240909 0.059449
vt 0.734389 0.617086
vt 0.728298 0.519925
vt 0.614471 0.146868
vt 0.611417 0.236078
vt 0.719318 0.438464
vt 0.865307 0.592166
vt 0.872239 0.580406
vt 0.876603 0.591785
vt 0.879193 0.577675
vt 0.734611 0.630697
vt 0.743816 0.630183
vt 0.751229 0.628965
vt 0.753052 0.618421
vt 0.758586 0.629924
vt 0.815284 0.100657
vt 0.802815 0.101482
vt 0.800865 0.114983
vt 0.818126 0.211547
vt 0.811375 0.112129
vt 0.861033 0.490393
vt 0.869092 0.579087
vt 0.615591 0.236348
vt 0.867153 0.482147
vt 0.861095 0.397000
vt 0.879156 0.479325
vt 0.847464 0.418769
vt 0.585465 0.073867
vt 0.794000 0.277761
vt 0.611976 0.249185
vt 0.800819 0.077696
vt 0.813821 0.077469
vt 0.865028 0.615212
vt 0.883519 0.641161
vt 0.869382 0.645861
vt 0.877999 0.615009
vt 0.735039 0.653997
vt 0.622278 0.272626
vt 0.628440 0.249268
vt 0.630764 0.272437
vt 0.606254 0.249189
vt 0.613124 0.272855
vt 0.606929 0.272996
vt 0.621914 0.249157
vt 0.755509 0.653458
vt 0.746040 0.653763
vt 0.806033 0.048550
vt 0.754321 0.681390
vt 0.735455 0.682499
vt 0.632136 0.304940
vt 0.647272 0.318647
vt 0.630828 0.318943
vt 0.721752 0.714805
vt 0.717024 0.683338
vt 0.610718 0.305378
vt 0.594048 0.319736
vt 0.594922 0.306919
vt 0.812306 0.049141
vt 0.817358 0.077241
vt 0.714045 0.712847
vt 0.732011 0.730100
vt 0.721749 0.730494
vt 0.700045 0.707115
vt 0.698811 0.696579
vt 0.763333 0.712360
vt 0.768202 0.723669
vt 0.757852 0.728469
vt 0.612460 0.319318
vt 0.736118 0.714206
vt 0.616615 0.348813
vt 0.750468 0.713362
vt 0.731022 0.751153
vt 0.720962 0.751569
vt 0.746504 0.729247
vt 0.757041 0.748138
vt 0.747583 0.748805
vt 0.958982 0.641195
vt 0.967314 0.614845
vt 0.971067 0.641510
vt 0.197490 0.956662
vt 0.208092 0.952447
vt 0.198663 0.956658
vt 0.975051 0.808211
vt 0.965864 0.827112
vt 0.964480 0.808211
vt 0.792729 0.044521
vt 0.801096 0.006196
vt 0.651906 0.329865
vt 0.643241 0.348303
vt 0.630632 0.348527
vt 0.590057 0.345336
vt 0.602950 0.349111
vt 0.299097 0.993804
vt 0.309326 0.980930
vt 0.308533 0.992893
vt 0.633541 0.369725
vt 0.963316 0.602620
vt 0.970042 0.602796
vt 0.970469 0.848309
vt 0.964674 0.848309
vt 0.722440 0.763793
vt 0.198833 0.971624
vt 0.207134 0.979894
vt 0.197552 0.984079
vt 0.625965 0.375131
vt 0.619061 0.375272
vt 0.734982 0.756029
vt 0.792672 0.972650
vt 0.780594 0.992223
vt 0.780594 0.972576
vt 0.604744 0.368727
vt 0.983459 0.617860
vt 0.992812 0.598124
vt 0.992812 0.617806
vt 0.993173 0.107285
vt 0.987406 0.095168
vt 0.990561 0.095168
vt 0.831192 0.380265
vt 0.825202 0.365212
vt 0.831192 0.365277
vt 0.321561 0.593779
vt 0.874614 0.372293
vt 0.873287 0.381728
vt 0.873287 0.372291
vt 0.626097 0.387305
vt 0.619193 0.387446
vt 0.208261 0.967413
vt 0.654949 0.951896
vt 0.643019 0.963231
vt 0.643352 0.948201
vt 0.926824 0.956215
vt 0.917479 0.971204
vt 0.917479 0.956176
vt 0.902426 0.940219
vt 0.904942 0.962373
vt 0.902426 0.967395
vt 0.654875 0.979092
vt 0.643391 0.979997
vt 0.643287 0.975393
vt 0.731221 0.767802
vt 0.721978 0.768309
vt 0.829838 0.352631
vt 0.829805 0.348556
vt 0.831045 0.348570
vt 0.973170 0.860390
vt 0.970860 0.864964
vt 0.968493 0.860390
vt 0.966928 0.598124
vt 0.968652 0.598169
vt 0.157053 0.972748
vt 0.168574 0.984796
vt 0.157061 0.984917
vt 0.181148 0.972642
vt 0.183937 0.963596
vt 0.183937 0.984616
vt 0.650908 0.672571
vt 0.642861 0.684651
vt 0.638829 0.672571
vt 0.828601 0.353132
vt 0.764235 0.912504
vt 0.767392 0.927566
vt 0.765109 0.939402
vt 0.064858 0.952083
vt 0.069146 0.961454
vt 0.064858 0.973424
vt 0.654616 0.966925
vt 0.643727 0.369545
vt 0.633672 0.381900
vt 0.856960 0.967108
vt 0.861567 0.952094
vt 0.861730 0.978975
vt 0.743209 0.755546
vt 0.738045 0.768074
vt 0.926824 0.971243
vt 0.921203 0.983300
vt 0.860895 0.382516
vt 0.859249 0.372291
vt 0.860460 0.372291
vt 0.072293 0.956975
vt 0.075189 0.935738
vt 0.074794 0.957065
vt 0.914857 0.379181
vt 0.916598 0.372291
vt 0.916598 0.379178
vt 0.864833 0.956518
vt 0.867226 0.983293
vt 0.865504 0.983375
vt 0.700114 0.986130
vt 0.702370 0.974678
vt 0.702067 0.986130
vt 0.600919 0.503328
vt 0.599413 0.492241
vt 0.601366 0.492241
vt 0.925150 0.983829
vt 0.923415 0.987884
vt 0.077499 0.940412
vt 0.207550 0.984051
vt 0.197490 0.988156
vt 0.989552 0.090580
vt 0.991487 0.090580
vt 0.069341 0.940119
vt 0.299097 0.977219
vt 0.309054 0.976351
vt 0.744018 0.772263
vt 0.737936 0.772620
vt 0.168529 0.989427
vt 0.157040 0.989536
vt 0.619185 0.392084
vt 0.643871 0.381715
vt 0.633661 0.386539
vt 0.648220 0.684651
vt 0.645895 0.689226
vt 0.693491 0.704557
vt 0.989729 0.468386
vt 0.978864 0.455460
vt 0.986212 0.453689
vt 0.651360 0.304571
vt 0.664916 0.323239
vt 0.273279 0.983526
vt 0.258348 0.966543
vt 0.271439 0.967601
vt 0.547638 0.974830
vt 0.547126 0.985965
vt 0.539905 0.976510
vt 0.536698 0.967099
vt 0.674962 0.321878
vt 0.678458 0.331437
vt 0.987115 0.441921
vt 0.989729 0.441233
vt 0.792728 0.348556
vt 0.812810 0.348556
vt 0.811695 0.376116
vt 0.394021 0.007509
vt 0.133162 0.919494
vt 0.165874 0.957834
vt 0.133162 0.960231
vt 0.449619 0.224392
vt 0.656118 0.726573
vt 0.344608 0.757393
vt 0.451280 0.300159
vt 0.427605 0.388354
vt 0.601469 0.679647
vt 0.672825 0.673996
vt 0.678458 0.672571
vt 0.678458 0.724644
vt 0.981434 0.051567
vt 0.992033 0.059755
vt 0.981434 0.076696
vt 0.322282 0.842347
vt 0.425854 0.488708
vt 0.949738 0.808211
vt 0.940475 0.007293
vt 0.651532 0.660179
vt 0.940444 0.093892
vt 0.856960 0.768427
vt 0.419917 0.981703
vt 0.678458 0.526388
vt 0.989161 0.038445
vt 0.511145 0.706903
vt 0.448585 0.843200
vt 0.449481 0.846195
vt 0.448585 0.880650
vt 0.543898 0.856975
vt 0.028683 0.973222
vt 0.402995 0.982926
vt 0.720353 0.900818
vt 0.751843 0.956251
vt 0.720353 0.959491
vt 0.321561 0.606171
vt 0.918676 0.141035
vt 0.678331 0.408115
vt 0.652102 0.404477
vt 0.552433 0.703980
vt 0.707961 0.905635
vt 0.345239 0.757384
vt 0.824780 0.960184
vt 0.300823 0.660184
vt 0.006196 0.499610
vt 0.895911 0.543661
vt 0.068580 0.009630
vt 0.924374 0.342848
vt 0.952913 0.090580
vt 0.971428 0.112844
vt 0.952913 0.134110
vt 0.095651 0.890155
vt 0.950290 0.395641
vt 0.006196 0.861706
vt 0.587477 0.515831
vt 0.308843 0.530641
vt 0.321561 0.618563
vt 0.983963 0.254213
vt 0.991538 0.263342
vt 0.983963 0.272676
vt 0.225164 0.062865
vt 0.222843 0.126907
vt 0.074957 0.809966
vt 0.910117 0.270159
vt 0.824780 0.868946
vt 0.660775 0.405680
vt 0.678458 0.006196
vt 0.865928 0.794858
vt 0.629277 0.147289
vt 0.792729 0.316720
vt 0.732986 0.971883
vt 0.732986 0.991110
vt 0.720353 0.990507
vt 0.728677 0.401741
vt 0.883519 0.395641
vt 0.758445 0.653052
vt 0.766261 0.681543
vt 0.958982 0.614628
vt 0.972791 0.827112
vt 0.795106 0.006355
vt 0.299763 0.981830
vt 0.732301 0.763354
vt 0.792672 0.992297
vt 0.616263 0.368473
vt 0.983459 0.598179
vt 0.983820 0.107285
vt 0.825202 0.380200
vt 0.601619 0.349138
vt 0.874614 0.381730
vt 0.733220 0.746497
vt 0.654949 0.983711
vt 0.972060 0.864964
vt 0.168574 0.972623
vt 0.734650 0.742097
vt 0.767392 0.900818
vt 0.856960 0.940219
vt 0.744637 0.767764
vt 0.858783 0.382516
vt 0.073097 0.935663
vt 0.914857 0.372293
vt 0.867331 0.956400
vt 0.699845 0.974678
vt 0.599667 0.503328
vt 0.925350 0.987892
vt 0.077951 0.961768
vt 0.626089 0.391943
vt 0.643898 0.386336
vt 0.648395 0.689226
vt 0.690850 0.716494
vt 0.979078 0.469104
vt 0.668566 0.312124
vt 0.258348 0.985760
vt 0.549821 0.986169
vt 0.549821 0.967418
vt 0.082246 0.171324
vt 0.031996 0.211317
vt 0.034040 0.185248
vt 0.564825 0.979011
vt 0.564825 0.948201
vt 0.580891 0.955030
vt 0.175494 0.267874
vt 0.225035 0.307531
vt 0.209995 0.318384
vt 0.060140 0.440371
vt 0.060227 0.446157
vt 0.041240 0.441074
vt 0.499679 0.027773
vt 0.251297 0.362093
vt 0.353568 0.665408
vt 0.385889 0.664051
vt 0.365465 0.720719
vt 0.484529 0.160732
vt 0.469251 0.223143
vt 0.296355 0.373796
vt 0.295324 0.374593
vt 0.592282 0.859076
vt 0.586951 0.921760
vt 0.566550 0.902243
vt 0.481866 0.281976
vt 0.353220 0.787070
vt 0.347215 0.757418
vt 0.348557 0.757461
vt 0.453903 0.301241
vt 0.513289 0.280738
vt 0.512142 0.282421
vt 0.452593 0.300700
vt 0.512597 0.383491
vt 0.514577 0.399547
vt 0.477170 0.399547
vt 0.485130 0.882787
vt 0.487009 0.883078
vt 0.462398 0.894428
vt 0.227162 0.379961
vt 0.277679 0.388748
vt 0.356592 0.834890
vt 0.368569 0.830234
vt 0.373817 0.844287
vt 0.807296 0.585099
vt 0.818452 0.604733
vt 0.781227 0.604518
vt 0.587021 0.492241
vt 0.587021 0.503408
vt 0.579125 0.502503
vt 0.820077 0.504434
vt 0.820503 0.515664
vt 0.783278 0.515450
vt 0.527885 0.382466
vt 0.528588 0.398409
vt 0.600937 0.562961
vt 0.600424 0.580295
vt 0.600360 0.543465
vt 0.897457 0.435592
vt 0.903177 0.426739
vt 0.924416 0.432591
vt 0.491319 0.467342
vt 0.505905 0.467342
vt 0.515198 0.488708
vt 0.964901 0.233805
vt 0.963577 0.238837
vt 0.937954 0.234319
vt 0.302096 0.822655
vt 0.302239 0.839992
vt 0.274057 0.840895
vt 0.243452 0.877261
vt 0.240640 0.868538
vt 0.274291 0.869156
vt 0.817819 0.651558
vt 0.274369 0.821583
vt 0.242397 0.819668
vt 0.250068 0.787515
vt 0.480427 0.099637
vt 0.376402 0.594903
vt 0.136800 0.217002
vt 0.164173 0.276624
vt 0.489139 0.063707
vt 0.383180 0.538678
vt 0.355053 0.556360
vt 0.354633 0.539896
vt 0.099279 0.183378
vt 0.110260 0.193218
vt 0.068652 0.226518
vt 0.745158 0.362562
vt 0.736904 0.344651
vt 0.746754 0.345210
vt 0.432288 0.593217
vt 0.435232 0.661981
vt 0.405331 0.663235
vt 0.859781 0.817264
vt 0.905087 0.818177
vt 0.905087 0.835972
vt 0.924314 0.468130
vt 0.929896 0.459892
vt 0.933302 0.499170
vt 0.302325 0.850420
vt 0.302473 0.868253
vt 0.960897 0.249021
vt 0.964906 0.253706
vt 0.942261 0.262330
vt 0.906617 0.421414
vt 0.902395 0.411999
vt 0.924593 0.404473
vt 0.803373 0.766520
vt 0.824604 0.765718
vt 0.824042 0.781188
vt 0.910969 0.201764
vt 0.912398 0.209312
vt 0.900634 0.211783
vt 0.354340 0.787096
vt 0.364708 0.783142
vt 0.357946 0.801790
vt 0.599222 0.933501
vt 0.638450 0.934431
vt 0.635180 0.935406
vt 0.355606 0.834873
vt 0.356832 0.804906
vt 0.641617 0.873545
vt 0.417388 0.720236
vt 0.078699 0.131148
vt 0.079739 0.111607
vt 0.157032 0.420640
vt 0.157318 0.439715
vt 0.134547 0.438952
vt 0.828281 0.799652
vt 0.839604 0.848976
vt 0.829556 0.849325
vt 0.269367 0.910424
vt 0.276418 0.952985
vt 0.270230 0.952283
vt 0.814491 0.534562
vt 0.821297 0.535150
vt 0.811131 0.585451
vt 0.483450 0.418012
vt 0.512215 0.418012
vt 0.803816 0.804624
vt 0.824928 0.852040
vt 0.817234 0.856554
vt 0.785866 0.534398
vt 0.197489 0.901938
vt 0.219988 0.900636
vt 0.219988 0.938753
vt 0.880081 0.910308
vt 0.903377 0.907103
vt 0.903377 0.925113
vt 0.249942 0.772323
vt 0.274477 0.775759
vt 0.274140 0.793818
vt 0.274237 0.746687
vt 0.302546 0.761142
vt 0.940440 0.289591
vt 0.943713 0.334142
vt 0.936860 0.318648
vt 0.904245 0.865674
vt 0.903377 0.896269
vt 0.878498 0.899770
vt 0.895911 0.467261
vt 0.925852 0.516902
vt 0.904245 0.876081
vt 0.905087 0.846379
vt 0.514709 0.503439
vt 0.477302 0.503439
vt 0.867570 0.867203
vt 0.936860 0.285269
vt 0.273914 0.823558
vt 0.917038 0.449617
vt 0.274143 0.851323
vt 0.234950 0.850883
vt 0.601177 0.592702
vt 0.600665 0.610036
vt 0.252966 0.761795
vt 0.274391 0.765330
vt 0.321561 0.630955
vt 0.840018 0.885600
vt 0.838333 0.894409
vt 0.837173 0.883824
vt 0.274247 0.747994
vt 0.257994 0.744293
vt 0.912445 0.153427
vt 0.900369 0.203969
vt 0.795144 0.670167
vt 0.828224 0.666006
vt 0.498775 0.977948
vt 0.817330 0.432045
vt 0.782917 0.499359
vt 0.416385 0.803492
vt 0.421265 0.813332
vt 0.474843 0.318627
vt 0.795913 0.786874
vt 0.791152 0.812392
vt 0.234950 0.914669
vt 0.241168 0.906630
vt 0.247937 0.922956
vt 0.265771 0.892168
vt 0.258937 0.908917
vt 0.811434 0.799950
vt 0.126172 0.420566
vt 0.090459 0.445814
vt 0.545438 0.061703
vt 0.492901 0.048613
vt 0.498907 0.160732
vt 0.345871 0.757375
vt 0.488848 0.221897
vt 0.549521 0.006196
vt 0.566733 0.026125
vt 0.090721 0.463299
vt 0.130175 0.450495
vt 0.122907 0.469683
vt 0.749610 0.854013
vt 0.762054 0.848576
vt 0.762580 0.875394
vt 0.059842 0.420462
vt 0.040236 0.422142
vt 0.040628 0.416245
vt 0.316241 0.710868
vt 0.060371 0.455775
vt 0.090010 0.415913
vt 0.059694 0.410626
vt 0.065684 0.159603
vt 0.052218 0.103228
vt 0.027602 0.073115
vt 0.017687 0.082370
vt 0.006196 0.065250
vt 0.762385 0.809493
vt 0.768202 0.845890
vt 0.752395 0.828357
vt 0.720835 0.852029
vt 0.698648 0.866379
vt 0.695458 0.828343
vt 0.714839 0.817764
vt 0.691695 0.793876
vt 0.679112 0.839284
vt 0.679252 0.808109
vt 0.682993 0.869397
vt 0.965176 0.734259
vt 0.963230 0.756834
vt 0.937413 0.754035
vt 0.713848 0.878183
vt 0.697453 0.888426
vt 0.675966 0.886428
vt 0.972270 0.781803
vt 0.946184 0.773937
vt 0.384743 0.907203
vt 0.385613 0.927353
vt 0.362682 0.928370
vt 0.334674 0.905698
vt 0.362673 0.905479
vt 0.957636 0.153427
vt 0.975267 0.183681
vt 0.957636 0.194339
vt 0.390603 0.943423
vt 0.374922 0.950188
vt 0.171957 0.810038
vt 0.183261 0.824082
vt 0.143317 0.822449
vt 0.106774 0.807640
vt 0.140551 0.806565
vt 0.373153 0.874862
vt 0.388532 0.881169
vt 0.386844 0.888981
vt 0.366337 0.884719
vt 0.338750 0.880401
vt 0.364960 0.892517
vt 0.386055 0.895826
vt 0.970969 0.684454
vt 0.960095 0.696492
vt 0.958265 0.683663
vt 0.748530 0.831783
vt 0.736178 0.863091
vt 0.963386 0.719568
vt 0.740709 0.838717
vt 0.732943 0.810447
vt 0.738082 0.787956
vt 0.743255 0.808585
vt 0.726143 0.813195
vt 0.710582 0.786858
vt 0.733244 0.843717
vt 0.743915 0.879336
vt 0.731801 0.880770
vt 0.939891 0.735537
vt 0.946980 0.718010
vt 0.532183 0.077970
vt 0.485403 0.079115
vt 0.121641 0.203417
vt 0.420285 0.548101
vt 0.425974 0.569799
vt 0.401730 0.568513
vt 0.086361 0.231337
vt 0.380916 0.571296
vt 0.346314 0.575924
vt 0.552046 0.046621
vt 0.260394 0.599615
vt 0.251407 0.609033
vt 0.247504 0.510535
vt 0.381478 0.519137
vt 0.362402 0.515831
vt 0.055397 0.218416
vt 0.334674 0.601982
vt 0.109949 0.237756
vt 0.401503 0.590644
vt 0.514529 0.099637
vt 0.766296 0.259923
vt 0.754406 0.260254
vt 0.753715 0.161123
vt 0.400951 0.547781
vt 0.751202 0.878473
vt 0.722060 0.785706
vt 0.337219 0.889903
vt 0.091158 0.492368
vt 0.285749 0.895175
vt 0.286705 0.912930
vt 0.804650 0.781468
vt 0.780594 0.677521
vt 0.475204 0.388354
vt 0.464043 0.387328
vt 0.257983 0.742987
vt 0.600356 0.620464
vt 0.600116 0.590723
vt 0.928855 0.422349
vt 0.933253 0.454937
vt 0.951240 0.278069
vt 0.946391 0.296776
vt 0.905087 0.863679
vt 0.904245 0.893381
vt 0.955105 0.359899
vt 0.286705 0.954151
vt 0.375950 0.752141
vt 0.928588 0.198097
vt 0.931955 0.205204
vt 0.971571 0.261494
vt 0.937784 0.488503
vt 0.035730 0.243226
vt 0.031203 0.252010
vt 0.011960 0.241697
vt 0.599869 0.560089
vt 0.300823 0.502998
vt 0.310019 0.502373
vt 0.309968 0.518249
vt 0.449753 0.950952
vt 0.448585 0.953862
vt 0.448585 0.936122
vt 0.608799 0.870161
vt 0.383986 0.717773
vt 0.044227 0.452706
vt 0.164985 0.478151
vt 0.437953 0.570434
vt 0.447497 0.594489
vt 0.043230 0.228675
vt 0.430787 0.552374
vt 0.742587 0.789410
vt 0.748350 0.807665
vt 0.376521 0.869991
vt 0.345351 0.868144
vt 0.389365 0.877309
vt 0.039444 0.434077
vt 0.768202 0.873873
vt 0.355000 0.849679
vt 0.122034 0.411482
vt 0.833624 0.781050
vt 0.836604 0.799504
vt 0.253754 0.890359
vt 0.952913 0.006196
vt 0.969042 0.075815
vt 0.952913 0.078188
vt 0.844568 0.663950
vt 0.835093 0.765323
vt 0.835072 0.536339
vt 0.818894 0.586163
vt 0.844568 0.848804
vt 0.148017 0.411971
vt 0.450006 0.661361
vt 0.433891 0.721453
vt 0.657832 0.875217
vt 0.657832 0.934890
vt 0.355987 0.849696
vt 0.651499 0.935809
vt 0.900310 0.407347
vt 0.922488 0.395641
vt 0.302546 0.877064
vt 0.274363 0.877966
vt 0.861175 0.808211
vt 0.905087 0.809385
vt 0.059402 0.234522
vt 0.936860 0.252863
vt 0.840182 0.992163
vt 0.829207 0.993218
vt 0.829207 0.977134
vt 0.357818 0.804923
vt 0.754653 0.363030
vt 0.765268 0.363554
vt 0.762773 0.382733
vt 0.186294 0.475850
vt 0.182563 0.437452
vt 0.193186 0.436500
vt 0.185693 0.549572
vt 0.189397 0.638937
vt 0.182696 0.638992
vt 0.047375 0.257857
vt 0.042314 0.267676
vt 0.172774 0.419229
vt 0.182277 0.418377
vt 0.752159 0.382210
vt 0.051902 0.249074
vt 0.177682 0.476537
vt 0.173061 0.438304
vt 0.026142 0.261829
vt 0.029286 0.273932
vt 0.192899 0.417425
vt 0.215002 0.416628
vt 0.202439 0.435645
vt 0.757765 0.345836
vt 0.773397 0.346723
vt 0.742106 0.259185
vt 0.745921 0.160459
vt 0.749440 0.161246
vt 0.006900 0.251516
vt 0.197476 0.548215
vt 0.208347 0.547598
vt 0.203462 0.637604
vt 0.261278 0.729204
vt 0.252439 0.730594
vt 0.243327 0.711574
vt 0.272095 0.728778
vt 0.262847 0.709242
vt 0.222558 0.436711
vt 0.219198 0.455408
vt 0.234950 0.694996
vt 0.249956 0.693064
vt 0.747772 0.260108
vt 0.195772 0.474858
vt 0.780336 0.364297
vt 0.771473 0.383249
vt 0.018321 0.274930
vt 0.006196 0.273976
vt 0.729428 0.361786
vt 0.742664 0.381742
vt 0.016487 0.232914
vt 0.733131 0.260916
vt 0.740555 0.162847
vt 0.191247 0.548959
vt 0.197289 0.638141
vt 0.720586 0.343724
vt 0.862627 0.061588
vt 0.874048 0.062277
vt 0.869641 0.073595
vt 0.876595 0.076352
vt 0.742240 0.148875
vt 0.750631 0.149302
vt 0.758256 0.150283
vt 0.766095 0.149025
vt 0.762583 0.160339
vt 0.236747 0.497842
vt 0.250697 0.497566
vt 0.253358 0.510711
vt 0.243721 0.608235
vt 0.243115 0.509016
vt 0.858232 0.163491
vt 0.866490 0.074904
vt 0.193123 0.638561
vt 0.864347 0.171771
vt 0.857923 0.256416
vt 0.876330 0.174582
vt 0.844285 0.234518
vt 0.217746 0.474990
vt 0.266478 0.670600
vt 0.197178 0.651262
vt 0.236166 0.474671
vt 0.250498 0.473734
vt 0.862295 0.038325
vt 0.866055 0.006196
vt 0.880324 0.011243
vt 0.875448 0.038971
vt 0.742226 0.125535
vt 0.187846 0.674710
vt 0.179392 0.674741
vt 0.180827 0.651703
vt 0.202842 0.651182
vt 0.203064 0.674832
vt 0.196902 0.674832
vt 0.187360 0.651337
vt 0.761031 0.125848
vt 0.751958 0.125720
vt 0.235547 0.444421
vt 0.739972 0.097405
vt 0.761404 0.097504
vt 0.179251 0.707032
vt 0.181059 0.720934
vt 0.164507 0.721425
vt 0.720677 0.097232
vt 0.728136 0.064945
vt 0.200680 0.706718
vt 0.216463 0.707834
vt 0.217759 0.720646
vt 0.765927 0.125791
vt 0.718175 0.067564
vt 0.727237 0.049354
vt 0.737498 0.049472
vt 0.699782 0.084946
vt 0.703691 0.073799
vt 0.775370 0.065163
vt 0.767592 0.049574
vt 0.780336 0.053647
vt 0.199438 0.720666
vt 0.742814 0.065096
vt 0.196232 0.750412
vt 0.759115 0.065171
vt 0.727332 0.028022
vt 0.737592 0.028129
vt 0.753960 0.049548
vt 0.754814 0.029909
vt 0.766298 0.029924
vt 0.052466 0.977992
vt 0.041075 0.979085
vt 0.044231 0.952361
vt 0.606285 0.951357
vt 0.604957 0.951446
vt 0.593283 0.948201
vt 0.964480 0.877356
vt 0.975096 0.877356
vt 0.973589 0.895700
vt 0.248937 0.439119
vt 0.234950 0.401639
vt 0.169507 0.751014
vt 0.160266 0.732782
vt 0.182208 0.750617
vt 0.222558 0.746228
vt 0.209860 0.750325
vt 0.687449 0.991428
vt 0.675966 0.991461
vt 0.675966 0.979267
vt 0.180093 0.771766
vt 0.041075 0.940521
vt 0.047415 0.939913
vt 0.975000 0.916968
vt 0.969181 0.916968
vt 0.727393 0.015976
vt 0.605169 0.966474
vt 0.606015 0.979125
vt 0.594340 0.975872
vt 0.194763 0.776796
vt 0.187856 0.776897
vt 0.742863 0.022863
vt 0.745378 0.971883
vt 0.757508 0.971916
vt 0.757508 0.991575
vt 0.208768 0.769928
vt 0.983459 0.630702
vt 0.992301 0.630252
vt 0.992301 0.649767
vt 0.992817 0.225157
vt 0.990070 0.237243
vt 0.987084 0.237243
vt 0.183937 0.919494
vt 0.183937 0.934526
vt 0.178266 0.934571
vt 0.321561 0.643347
vt 0.887006 0.372292
vt 0.888337 0.372291
vt 0.888337 0.381700
vt 0.194930 0.789209
vt 0.188023 0.789310
vt 0.593495 0.963229
vt 0.618677 0.951836
vt 0.630194 0.948201
vt 0.630627 0.963181
vt 0.669073 0.737036
vt 0.678458 0.737076
vt 0.678458 0.752099
vt 0.986507 0.285069
vt 0.986507 0.311991
vt 0.983963 0.306936
vt 0.618800 0.979190
vt 0.630319 0.975530
vt 0.630202 0.980199
vt 0.727412 0.011356
vt 0.737670 0.011416
vt 0.182340 0.947139
vt 0.183382 0.951194
vt 0.182208 0.951204
vt 0.966592 0.929088
vt 0.971289 0.929088
vt 0.968958 0.933677
vt 0.042164 0.935819
vt 0.043789 0.935663
vt 0.144642 0.972718
vt 0.144648 0.985097
vt 0.133167 0.985024
vt 0.319441 0.866720
vt 0.322282 0.854739
vt 0.322282 0.876007
vt 0.614307 0.672571
vt 0.626437 0.672571
vt 0.622512 0.684691
vt 0.181182 0.946635
vt 0.840182 0.937724
vt 0.839346 0.964742
vt 0.837173 0.952621
vt 0.977443 0.961864
vt 0.977443 0.983021
vt 0.972740 0.971386
vt 0.619110 0.966815
vt 0.169830 0.772093
vt 0.180260 0.784181
vt 0.879723 0.956513
vt 0.884439 0.944620
vt 0.884275 0.971232
vt 0.752208 0.022906
vt 0.745299 0.010799
vt 0.669073 0.752060
vt 0.674740 0.764204
vt 0.844285 0.382547
vt 0.844727 0.372291
vt 0.845935 0.372291
vt 0.969525 0.967141
vt 0.967171 0.967405
vt 0.966799 0.946290
vt 0.902465 0.379200
vt 0.900729 0.379199
vt 0.900729 0.372291
vt 0.887527 0.966805
vt 0.888200 0.940219
vt 0.889929 0.940308
vt 0.984656 0.527869
vt 0.982708 0.527869
vt 0.982415 0.516383
vt 0.984643 0.335782
vt 0.983963 0.324383
vt 0.985911 0.324383
vt 0.670776 0.764702
vt 0.672526 0.768784
vt 0.964877 0.951112
vt 0.606285 0.983185
vt 0.594607 0.979905
vt 0.990843 0.241821
vt 0.989010 0.241821
vt 0.972556 0.950250
vt 0.675968 0.974682
vt 0.687453 0.974678
vt 0.745379 0.006196
vt 0.752288 0.006228
vt 0.144647 0.989850
vt 0.133162 0.989844
vt 0.194987 0.794072
vt 0.169999 0.784474
vt 0.180316 0.789052
vt 0.617130 0.684691
vt 0.619512 0.689281
vt 0.695054 0.076957
vt 0.939216 0.983562
vt 0.943136 0.969297
vt 0.950455 0.971092
vt 0.159957 0.707462
vt 0.146994 0.726692
vt 0.363017 0.982197
vt 0.364547 0.964690
vt 0.377407 0.962580
vt 0.513401 0.974972
vt 0.521147 0.976881
vt 0.513859 0.986410
vt 0.524306 0.967099
vt 0.133450 0.735947
vt 0.136835 0.725824
vt 0.939216 0.956176
vt 0.941829 0.956883
vt 0.149015 0.478510
vt 0.506270 0.007509
vt 0.334674 0.725616
vt 0.564825 0.840648
vt 0.334674 0.738008
vt 0.462446 0.892417
vt 0.446950 0.738008
vt 0.441668 0.785216
vt 0.441019 0.738008
vt 0.792781 0.585015
vt 0.428627 0.808529
vt 0.245956 0.966543
vt 0.245956 0.991543
vt 0.234950 0.974139
vt 0.601177 0.515831
vt 0.477791 0.488708
vt 0.938495 0.225157
vt 0.987327 0.395641
vt 0.987327 0.428841
vt 0.978864 0.426380
vt 0.780594 0.651344
vt 0.274602 0.790950
vt 0.856960 0.835586
vt 0.220653 0.952447
vt 0.221408 0.967415
vt 0.220653 0.970459
vt 0.602153 0.934590
vt 0.197489 0.940055
vt 0.882713 0.927827
vt 0.302322 0.792916
vt 0.895911 0.531269
vt 0.840018 0.868946
vt 0.892716 0.153427
vt 0.780594 0.395641
vt 0.781388 0.795861
vt 0.242502 0.929893
vt 0.300823 0.718863
vt 0.089789 0.401140
vt 0.011835 0.053491
vt 0.033471 0.096793
vt 0.334674 0.933481
vt 0.970023 0.481769
vt 0.970023 0.525346
vt 0.950176 0.503690
vt 0.098146 0.820814
vt 0.972270 0.663950
vt 0.728965 0.785012
vt 0.347182 0.983859
vt 0.334674 0.962580
vt 0.350625 0.962580
vt 0.300823 0.401140
vt 0.945244 0.153427
vt 0.840018 0.913286
vt 0.991803 0.119677
vt 0.991803 0.137789
vt 0.983820 0.128317
vt 0.498775 0.876995
vt 0.815946 0.972576
vt 0.815946 0.993280
vt 0.805064 0.974327
vt 0.348613 0.862088
vt 0.982958 0.481769
vt 0.990692 0.503991
vt 0.982415 0.503991
vt 0.176308 0.550206
vt 0.278262 0.710047
vt 0.288431 0.669541
vt 0.726934 0.380966
vt 0.023987 0.218362
vt 0.880324 0.257767
vt 0.777176 0.096273
vt 0.052084 0.951607
vt 0.966632 0.895700
vt 0.240600 0.401140
vt 0.687450 0.979241
vt 0.737652 0.016072
vt 0.745378 0.991542
vt 0.197289 0.769984
vt 0.983459 0.650218
vt 0.983963 0.225157
vt 0.178266 0.919540
vt 0.211191 0.750305
vt 0.887006 0.381701
vt 0.740008 0.032705
vt 0.618677 0.983943
vt 0.967753 0.933677
vt 0.133162 0.972623
vt 0.739932 0.037383
vt 0.837173 0.925678
vt 0.879723 0.983133
vt 0.752269 0.010857
vt 0.846391 0.382547
vt 0.968768 0.946069
vt 0.902465 0.372292
vt 0.890034 0.966934
vt 0.984932 0.516383
vt 0.985891 0.335782
vt 0.670584 0.768776
vt 0.964480 0.972318
vt 0.188079 0.794173
vt 0.170059 0.789239
vt 0.617001 0.689281
vt 0.690850 0.065340
vt 0.949833 0.984311
vt 0.142966 0.715709
vt 0.377407 0.983994
vt 0.511167 0.986578
vt 0.511167 0.967152
s 0
usemtl Zombie
f 177/1/1 4/2/1 171/3/1
f 185/4/2 172/5/2 228/6/2
f 100/7/3 10/8/3 103/9/3
f 122/10/4 219/11/4 220/12/4
f 176/13/5 8/14/5 173/15/5
f 10/8/6 105/16/6 103/9/6
f 1/17/7 190/18/7 189/19/7
f 7/20/8 102/21/8 99/22/8
f 105/16/9 18/23/9 107/24/9
f 190/18/10 13/25/10 191/26/10
f 102/21/11 15/27/11 104/28/11
f 217/29/12 17/30/12 106/31/12
f 17/32/13 21/33/13 13/34/13
f 15/27/14 106/35/14 104/28/14
f 87/36/15 27/37/15 25/38/15
f 191/39/16 21/40/16 193/41/16
f 14/42/17 24/43/17 18/23/17
f 233/44/18 24/45/18 235/46/18
f 61/47/19 30/48/19 32/49/19
f 249/50/20 28/51/20 237/52/20
f 88/53/21 26/54/21 28/55/21
f 87/36/22 195/56/22 214/57/22
f 78/58/23 206/59/23 210/60/23
f 62/61/24 197/62/24 202/63/24
f 63/64/25 29/65/25 62/66/25
f 61/67/26 239/68/26 247/69/26
f 33/70/18 200/71/18 199/72/18
f 32/73/27 241/74/27 239/75/27
f 30/48/9 36/76/9 32/49/9
f 76/77/28 71/78/28 77/79/28
f 108/80/29 7/20/29 99/22/29
f 187/81/30 1/82/30 189/83/30
f 109/84/9 3/85/9 100/7/9
f 170/86/31 43/87/31 166/88/31
f 227/89/32 42/90/32 165/91/32
f 111/92/33 164/93/33 169/94/33
f 292/95/34 271/96/34 291/97/34
f 244/98/35 45/99/35 230/100/35
f 238/101/36 57/102/36 240/103/36
f 75/104/37 203/105/37 209/106/37
f 57/102/18 241/107/18 240/103/18
f 64/108/38 198/109/38 201/110/38
f 65/111/39 238/112/39 246/113/39
f 90/114/40 236/115/40 248/116/40
f 213/117/41 54/118/41 196/119/41
f 192/120/42 52/121/42 194/122/42
f 48/123/43 234/124/43 232/125/43
f 233/44/18 112/126/18 253/127/18
f 231/128/44 48/123/44 232/125/44
f 45/99/45 231/129/45 230/100/45
f 120/130/46 118/131/46 121/132/46
f 263/133/47 46/134/47 175/135/47
f 251/136/48 65/137/48 246/138/48
f 216/139/49 64/140/49 201/141/49
f 92/142/50 247/143/50 250/144/50
f 95/145/51 62/66/51 94/146/51
f 215/147/52 62/148/52 202/149/52
f 93/150/53 61/47/53 92/151/53
f 66/152/54 69/153/54 68/154/54
f 203/155/55 68/156/55 205/157/55
f 71/78/56 85/158/56 84/159/56
f 78/160/57 68/156/57 69/161/57
f 208/162/58 71/163/58 204/164/58
f 81/165/59 70/166/59 72/167/59
f 80/168/60 66/169/60 75/170/60
f 207/171/61 72/167/61 205/157/61
f 199/72/61 81/165/61 207/171/61
f 29/65/62 80/172/62 75/173/62
f 57/102/63 74/174/63 81/165/63
f 198/109/64 77/175/64 208/162/64
f 33/70/65 78/160/65 35/176/65
f 29/177/66 209/106/66 197/62/66
f 58/178/67 77/79/67 56/179/67
f 35/180/23 210/60/23 200/181/23
f 84/159/68 212/182/68 211/183/68
f 206/184/69 83/185/69 212/186/69
f 204/164/70 84/187/70 211/188/70
f 69/189/71 82/190/71 83/191/71
f 194/122/72 91/192/72 213/193/72
f 51/194/73 248/195/73 234/196/73
f 21/197/74 214/198/74 193/199/74
f 24/200/75 89/201/75 88/53/75
f 235/202/76 88/203/76 249/50/76
f 23/204/77 87/36/77 21/33/77
f 26/54/53 92/151/53 28/55/53
f 195/205/78 94/206/78 215/147/78
f 25/38/51 95/145/51 94/146/51
f 28/51/79 250/144/79 237/52/79
f 196/207/80 96/208/80 216/139/80
f 236/115/81 97/209/81 251/136/81
f 242/210/70 113/211/70 46/212/70
f 253/127/18 50/213/18 243/214/18
f 44/215/82 169/94/82 167/216/82
f 165/217/83 110/218/83 170/86/83
f 40/219/84 100/7/84 5/220/84
f 1/221/29 108/80/29 99/22/29
f 104/28/85 17/32/85 13/34/85
f 186/222/86 106/223/86 19/224/86
f 9/225/87 104/28/87 13/34/87
f 16/226/9 107/24/9 20/227/9
f 99/22/88 9/225/88 1/221/88
f 103/9/89 16/226/89 12/228/89
f 2/229/90 176/13/90 172/230/90
f 218/231/70 2/232/70 185/233/70
f 5/220/91 103/9/91 12/228/91
f 6/234/92 177/1/92 174/235/92
f 162/236/93 254/237/93 260/238/93
f 129/239/94 118/131/94 117/240/94
f 255/241/95 118/242/95 254/243/95
f 124/244/96 114/245/96 115/246/96
f 8/247/97 123/248/97 124/249/97
f 252/250/98 121/251/98 255/241/98
f 6/234/99 121/132/99 98/252/99
f 113/253/98 220/12/98 218/254/98
f 129/239/100 156/255/100 143/256/100
f 130/257/101 156/255/101 148/258/101
f 156/255/102 128/259/102 138/260/102
f 156/255/103 127/261/103 143/256/103
f 133/262/104 157/263/104 149/264/104
f 155/265/105 140/266/105 157/267/105
f 157/267/106 126/268/106 141/269/106
f 149/264/107 141/270/107 125/271/107
f 136/272/108 158/273/108 146/274/108
f 154/275/109 149/264/109 158/273/109
f 158/273/110 125/271/110 142/276/110
f 146/274/111 142/276/111 131/277/111
f 134/278/112 159/279/112 140/266/112
f 135/280/113 159/279/113 153/281/113
f 145/282/114 144/283/114 159/284/114
f 140/266/115 144/285/115 126/268/115
f 125/286/116 160/287/116 142/288/116
f 126/289/117 160/287/117 141/290/117
f 160/287/118 132/291/118 147/292/118
f 142/288/119 147/292/119 131/293/119
f 259/294/120 150/295/120 257/296/120
f 259/294/121 151/297/121 161/298/121
f 224/299/122 135/280/122 153/281/122
f 224/299/123 134/278/123 222/300/123
f 152/301/124 117/302/124 116/303/124
f 256/304/125 162/236/125 260/238/125
f 225/305/126 133/262/126 154/275/126
f 152/301/127 115/306/127 136/307/127
f 256/304/128 163/308/128 139/309/128
f 257/296/129 163/310/129 261/311/129
f 226/312/130 134/278/130 155/265/130
f 221/313/131 155/314/131 133/262/131
f 225/305/132 114/315/132 219/316/132
f 136/272/133 114/315/133 154/275/133
f 179/317/134 170/86/134 184/318/134
f 167/216/135 183/319/135 181/320/135
f 262/321/136 182/322/136 264/323/136
f 169/94/137 178/324/137 183/319/137
f 229/325/138 165/91/138 179/326/138
f 184/318/139 166/88/139 180/327/139
f 174/235/140 111/92/140 44/215/140
f 42/328/141 176/13/141 110/218/141
f 310/329/142 306/330/142 317/331/142
f 110/218/5 173/15/5 43/87/5
f 188/332/143 172/333/143 42/90/143
f 177/1/144 41/334/144 111/92/144
f 108/80/139 180/327/139 39/335/139
f 187/81/145 179/326/145 38/336/145
f 183/319/146 37/337/146 109/84/146
f 264/323/147 59/338/147 244/98/147
f 181/320/148 109/84/148 40/219/148
f 38/339/139 184/318/139 108/80/139
f 59/338/149 229/325/149 187/81/149
f 307/340/150 300/341/150 312/342/150
f 168/343/151 229/325/151 182/322/151
f 225/305/152 119/344/152 162/236/152
f 139/309/153 226/345/153 221/313/153
f 163/310/154 222/300/154 226/312/154
f 162/236/155 221/313/155 225/305/155
f 150/295/156 224/299/156 222/300/156
f 161/298/157 223/346/157 224/299/157
f 218/254/98 123/347/98 101/348/98
f 113/211/70 185/233/70 46/212/70
f 50/213/158 217/349/158 186/350/158
f 27/351/159 216/139/159 95/352/159
f 195/205/160 97/353/160 53/354/160
f 193/355/161 90/356/161 51/357/161
f 23/358/162 213/193/162 86/359/162
f 67/360/18 211/361/18 82/362/18
f 73/363/163 212/364/163 85/365/163
f 211/183/164 83/191/164 82/190/164
f 200/181/23 76/366/23 58/367/23
f 197/62/165 74/368/165 55/369/165
f 31/370/166 208/162/166 80/371/166
f 33/70/61 207/171/61 79/372/61
f 79/372/61 205/157/61 68/156/61
f 80/371/167 204/164/167 67/373/167
f 70/166/168 205/157/168 72/167/168
f 215/147/169 65/374/169 97/353/169
f 216/139/170 63/375/170 95/352/170
f 17/376/171 194/122/171 23/358/171
f 86/377/172 196/119/172 27/378/172
f 201/110/173 31/370/173 63/379/173
f 209/106/174 70/380/174 74/368/174
f 289/381/175 270/382/175 265/383/175
f 45/99/30 187/81/30 189/83/30
f 199/72/18 58/384/18 57/102/18
f 65/111/176 197/62/176 55/369/176
f 210/60/23 73/385/23 76/366/23
f 214/386/177 53/387/177 90/388/177
f 48/389/18 193/41/18 51/390/18
f 112/126/178 192/391/178 217/349/178
f 47/392/179 191/26/179 48/123/179
f 189/19/180 47/392/180 45/393/180
f 220/12/181 114/394/181 123/347/181
f 175/135/182 185/395/182 228/396/182
f 178/397/183 244/98/183 37/398/183
f 171/3/184 245/399/184 41/334/184
f 164/400/185 264/323/185 178/397/185
f 128/401/186 261/311/186 138/402/186
f 127/403/187 261/404/187 256/304/187
f 127/403/188 260/238/188 143/405/188
f 137/406/189 258/407/189 259/294/189
f 128/401/120 259/294/120 257/296/120
f 252/250/98 122/10/98 113/253/98
f 255/241/190 119/408/190 122/10/190
f 260/238/191 118/409/191 143/405/191
f 107/410/18 243/214/18 20/411/18
f 4/412/70 252/413/70 242/210/70
f 26/54/192 251/136/192 93/150/192
f 237/52/193 96/208/193 54/414/193
f 52/121/194 249/50/194 91/192/194
f 234/415/195 89/416/195 22/417/195
f 250/144/196 64/140/196 96/208/196
f 93/150/197 246/138/197 60/418/197
f 171/419/198 242/420/198 263/133/198
f 230/100/199 10/421/199 3/422/199
f 10/423/200 232/125/200 14/424/200
f 18/425/18 253/127/18 107/410/18
f 232/125/201 22/426/201 14/424/201
f 248/116/202 26/54/202 89/201/202
f 60/427/203 238/112/203 30/428/203
f 240/103/18 36/429/18 34/430/18
f 30/431/163 240/432/163 34/433/163
f 37/398/204 230/100/204 3/422/204
f 41/334/205 262/434/205 164/93/205
f 239/75/206 58/178/206 56/179/206
f 64/108/207 239/68/207 56/435/207
f 91/192/208 237/52/208 54/414/208
f 49/436/18 235/46/18 52/437/18
f 268/438/209 277/439/209 276/440/209
f 272/441/210 275/442/210 267/443/210
f 308/444/211 296/445/211 295/446/211
f 265/383/212 277/447/212 269/448/212
f 290/449/213 267/443/213 270/450/213
f 292/95/214 269/451/214 268/438/214
f 289/381/212 269/448/212 294/452/212
f 274/453/215 267/443/215 293/454/215
f 273/455/216 284/456/216 277/447/216
f 278/457/217 282/458/217 285/459/217
f 276/440/218 287/460/218 279/461/218
f 314/462/219 299/463/219 302/464/219
f 265/383/175 278/465/175 273/455/175
f 315/466/220 304/467/220 310/468/220
f 268/438/221 279/461/221 271/96/221
f 270/450/213 275/442/213 278/457/213
f 266/469/222 283/470/222 284/471/222
f 285/472/223 281/473/223 266/469/223
f 282/458/224 286/474/224 281/475/224
f 283/470/225 286/476/225 287/477/225
f 312/342/226 299/463/226 311/478/226
f 280/479/227 282/458/227 275/442/227
f 276/440/228 284/480/228 283/481/228
f 273/455/229 285/482/229 266/483/229
f 228/396/230 293/454/230 175/135/230
f 245/399/212 294/452/212 262/434/212
f 168/484/209 294/485/209 292/95/209
f 263/133/213 293/454/213 290/449/213
f 245/399/175 290/486/175 289/381/175
f 314/462/231 298/487/231 313/488/231
f 316/489/232 305/490/232 315/466/232
f 168/484/233 291/97/233 227/491/233
f 320/492/234 297/493/234 319/494/234
f 319/494/235 297/493/235 298/495/235
f 319/496/236 302/464/236 328/497/236
f 327/498/237 328/497/237 300/341/237
f 327/498/238 303/499/238 321/500/238
f 321/501/239 306/330/239 322/502/239
f 322/502/240 306/330/240 304/503/240
f 307/504/241 306/330/241 303/505/241
f 309/506/242 297/493/242 296/507/242
f 308/444/243 301/508/243 316/489/243
f 318/509/244 298/495/244 297/493/244
f 188/510/245 313/511/245 318/509/245
f 274/453/246 316/489/246 272/441/246
f 228/512/247 318/509/247 309/506/247
f 287/477/248 317/331/248 307/504/248
f 272/441/249 315/466/249 280/479/249
f 291/97/250 313/488/250 227/491/250
f 271/96/251 312/342/251 311/478/251
f 280/479/252 310/468/252 288/513/252
f 291/97/253 311/478/253 314/462/253
f 228/396/254 308/444/254 274/453/254
f 279/461/255 307/340/255 312/342/255
f 288/514/256 317/331/256 286/476/256
f 330/515/257 304/467/257 305/490/257
f 321/501/258 326/516/258 325/517/258
f 324/518/259 340/519/259 339/520/259
f 323/521/260 320/492/260 319/494/260
f 328/497/261 323/522/261 319/496/261
f 334/523/262 320/524/262 324/525/262
f 322/526/263 333/527/263 326/528/263
f 333/527/264 329/529/264 334/523/264
f 321/500/265 332/530/265 327/498/265
f 327/498/266 331/531/266 328/497/266
f 326/516/267 336/532/267 325/517/267
f 331/531/268 337/533/268 341/534/268
f 330/515/269 301/508/269 329/529/269
f 329/529/270 301/508/270 295/446/270
f 338/535/271 347/536/271 346/537/271
f 341/534/272 348/538/272 340/539/272
f 342/540/273 343/541/273 335/542/273
f 326/528/274 342/540/274 335/542/274
f 325/517/275 337/543/275 332/544/275
f 323/522/276 341/534/276 340/539/276
f 334/523/277 342/540/277 333/527/277
f 324/525/278 338/535/278 334/523/278
f 348/538/279 354/545/279 340/539/279
f 348/538/280 361/546/280 360/547/280
f 340/539/281 426/548/281 424/549/281
f 344/550/282 352/551/282 356/552/282
f 342/540/283 346/537/283 350/553/283
f 337/533/284 349/554/284 341/534/284
f 346/537/285 362/555/285 350/553/285
f 337/533/286 344/550/286 345/556/286
f 360/547/287 366/557/287 365/558/287
f 357/559/288 372/560/288 373/561/288
f 362/562/289 368/563/289 357/564/289
f 356/565/290 380/566/290 382/567/290
f 354/568/291 359/569/291 353/570/291
f 335/571/292 352/572/292 336/532/292
f 345/556/293 356/552/293 357/559/293
f 349/554/294 357/559/294 361/546/294
f 347/536/295 353/573/295 359/574/295
f 346/537/296 359/574/296 358/575/296
f 343/541/297 351/576/297 335/542/297
f 350/553/298 355/577/298 343/541/298
f 376/578/299 399/579/299 377/580/299
f 359/574/300 363/581/300 358/575/300
f 368/563/301 395/582/301 394/583/301
f 359/569/302 365/584/302 364/585/302
f 366/557/303 391/586/303 365/558/303
f 386/587/304 402/588/304 404/589/304
f 362/555/305 370/590/305 369/591/305
f 357/559/306 367/592/306 361/546/306
f 357/593/307 374/594/307 362/595/307
f 362/555/308 371/596/308 355/577/308
f 355/597/289 372/598/289 356/599/289
f 376/600/309 397/601/309 398/602/309
f 380/603/310 383/604/310 384/605/310
f 351/606/70 381/606/70 379/606/70
f 352/606/70 379/606/70 380/606/70
f 355/607/311 382/608/311 381/609/311
f 369/591/312 396/610/312 395/611/312
f 382/567/313 384/612/313 386/587/313
f 381/613/314 383/614/314 379/615/314
f 382/616/315 385/617/315 381/618/315
f 393/619/316 406/620/316 388/621/316
f 403/622/317 419/623/317 401/624/317
f 391/586/318 410/625/318 409/626/318
f 402/627/319 419/628/319 420/629/319
f 391/630/320 408/631/320 390/632/320
f 394/583/309 413/633/309 412/634/309
f 375/635/321 400/636/321 397/637/321
f 366/638/322 388/639/322 392/640/322
f 377/641/320 400/642/320 378/643/320
f 384/605/301 401/644/301 402/627/301
f 367/645/323 388/646/323 361/647/323
f 363/648/324 387/649/324 358/650/324
f 385/651/325 401/624/325 383/614/325
f 364/652/326 389/653/326 363/581/326
f 370/654/327 387/655/327 396/656/327
f 368/657/328 393/658/328 367/592/328
f 386/659/320 403/660/320 385/617/320
f 365/584/320 390/632/320 364/585/320
f 410/661/311 408/662/311 409/663/311
f 405/664/329 410/665/329 406/666/329
f 413/667/311 411/668/311 412/669/311
f 405/670/330 411/671/330 414/672/330
f 415/673/311 417/674/311 416/675/311
f 420/676/331 421/677/331 422/678/331
f 404/679/302 421/680/302 403/660/302
f 396/656/332 405/670/332 414/672/332
f 392/681/333 406/666/333 410/665/333
f 404/589/334 420/682/334 422/683/334
f 398/602/309 415/684/309 416/685/309
f 389/686/335 405/664/335 387/649/335
f 399/579/336 416/687/336 417/688/336
f 393/658/337 412/689/337 411/690/337
f 397/637/338 418/691/338 415/692/338
f 396/610/339 413/693/339 395/611/339
f 390/694/340 407/695/340 389/653/340
f 399/696/302 418/697/302 400/642/302
f 426/548/341 428/698/341 424/549/341
f 354/699/342 425/700/342 426/701/342
f 339/702/343 425/703/343 353/573/343
f 339/704/344 424/705/344 423/706/344
f 428/707/345 429/708/345 427/709/345
f 423/710/346 428/707/346 427/709/346
f 425/703/347 427/711/347 429/712/347
f 426/701/348 429/713/348 430/714/348
f 320/524/349 295/446/349 296/445/349
f 320/492/350 296/507/350 297/493/350
f 319/496/351 298/487/351 302/464/351
f 328/497/352 302/464/352 299/463/352
f 327/498/353 300/341/353 303/499/353
f 321/501/354 303/505/354 306/330/354
f 330/515/355 322/526/355 304/467/355
f 330/515/356 305/490/356 301/508/356
f 320/524/357 329/529/357 295/446/357
f 328/497/358 299/463/358 300/341/358
f 177/1/359 98/252/359 4/2/359
f 185/715/360 2/716/360 172/717/360
f 100/7/361 3/85/361 10/8/361
f 122/10/362 119/408/362 219/11/362
f 176/13/5 101/718/5 8/14/5
f 10/8/363 14/42/363 105/16/363
f 1/719/364 9/720/364 190/721/364
f 7/20/365 11/722/365 102/21/365
f 105/16/9 14/42/9 18/23/9
f 190/18/366 9/723/366 13/25/366
f 102/21/367 11/722/367 15/27/367
f 217/349/368 192/391/368 17/724/368
f 17/32/369 23/204/369 21/33/369
f 15/27/370 19/725/370 106/35/370
f 87/36/371 86/726/371 27/37/371
f 191/39/372 13/727/372 21/40/372
f 14/728/373 22/729/373 24/730/373
f 233/44/18 18/425/18 24/45/18
f 61/47/19 60/418/19 30/48/19
f 249/50/374 88/203/374 28/51/374
f 88/53/375 89/201/375 26/54/375
f 87/731/376 25/732/376 195/733/376
f 78/58/23 69/734/23 206/59/23
f 62/61/377 29/177/377 197/62/377
f 63/64/25 31/735/25 29/65/25
f 61/67/378 32/736/378 239/68/378
f 33/70/18 35/176/18 200/71/18
f 32/73/69 36/737/69 241/74/69
f 30/48/9 34/738/9 36/76/9
f 76/77/379 73/739/379 71/78/379
f 108/80/29 39/335/29 7/20/29
f 187/81/380 38/336/380 1/82/380
f 109/84/9 37/337/9 3/85/9
f 170/86/31 110/218/31 43/87/31
f 227/89/381 188/332/381 42/90/381
f 111/92/382 41/334/382 164/93/382
f 292/95/383 268/438/383 271/96/383
f 244/98/384 59/338/384 45/99/384
f 238/101/385 55/740/385 57/102/385
f 75/104/386 66/741/386 203/105/386
f 57/102/18 58/384/18 241/107/18
f 64/108/387 56/435/387 198/109/387
f 65/111/388 55/369/388 238/112/388
f 90/114/389 53/742/389 236/115/389
f 213/117/390 91/743/390 54/118/390
f 192/120/69 49/744/69 52/121/69
f 48/745/70 51/746/70 234/747/70
f 233/44/18 49/436/18 112/126/18
f 231/128/391 47/392/391 48/123/391
f 45/393/392 47/392/392 231/128/392
f 120/130/393 117/240/393 118/131/393
f 263/133/394 242/420/394 46/134/394
f 251/136/395 97/209/395 65/137/395
f 216/139/396 96/208/396 64/140/396
f 92/142/397 61/748/397 247/143/397
f 95/145/51 63/64/51 62/66/51
f 215/147/398 94/206/398 62/148/398
f 93/150/53 60/418/53 61/47/53
f 66/152/54 67/749/54 69/153/54
f 203/105/399 66/741/399 68/750/399
f 71/78/56 73/739/56 85/158/56
f 78/160/400 79/372/400 68/156/400
f 208/162/401 77/175/401 71/163/401
f 81/165/402 74/174/402 70/166/402
f 80/751/403 67/752/403 66/753/403
f 207/171/61 81/165/61 72/167/61
f 199/72/61 57/102/61 81/165/61
f 29/65/62 31/735/62 80/172/62
f 57/102/404 55/740/404 74/174/404
f 198/109/405 56/435/405 77/175/405
f 33/70/65 79/372/65 78/160/65
f 29/177/406 75/104/406 209/106/406
f 58/178/407 76/77/407 77/79/407
f 35/180/23 78/58/23 210/60/23
f 84/159/56 85/158/56 212/182/56
f 206/754/163 69/754/163 83/754/163
f 204/164/70 71/163/70 84/187/70
f 69/189/71 67/755/71 82/190/71
f 194/122/408 52/121/408 91/192/408
f 51/756/409 90/114/409 248/116/409
f 21/33/410 87/36/410 214/57/410
f 24/200/411 22/757/411 89/201/411
f 235/202/412 24/758/412 88/203/412
f 23/204/413 86/726/413 87/36/413
f 26/54/53 93/150/53 92/151/53
f 195/205/414 25/759/414 94/206/414
f 25/38/51 27/37/51 95/145/51
f 28/51/415 92/142/415 250/144/415
f 196/207/416 54/414/416 96/208/416
f 236/115/417 53/742/417 97/209/417
f 242/210/70 252/413/70 113/211/70
f 253/127/18 112/126/18 50/213/18
f 44/215/418 111/92/418 169/94/418
f 165/217/419 42/328/419 110/218/419
f 40/219/84 109/84/84 100/7/84
f 1/221/29 38/339/29 108/80/29
f 104/28/420 106/35/420 17/32/420
f 186/350/178 217/349/178 106/760/178
f 9/225/421 102/21/421 104/28/421
f 16/226/9 105/16/9 107/24/9
f 99/22/422 102/21/422 9/225/422
f 103/9/423 105/16/423 16/226/423
f 2/229/424 101/718/424 176/13/424
f 218/231/70 101/761/70 2/232/70
f 5/220/425 100/7/425 103/9/425
f 6/234/426 98/252/426 177/1/426
f 162/236/427 119/344/427 254/237/427
f 129/239/428 143/256/428 118/131/428
f 255/241/429 121/251/429 118/242/429
f 124/244/430 123/762/430 114/245/430
f 8/247/97 101/763/97 123/248/97
f 252/250/98 98/764/98 121/251/98
f 6/234/431 120/130/431 121/132/431
f 113/253/98 122/10/98 220/12/98
f 129/239/432 148/258/432 156/255/432
f 130/257/433 137/765/433 156/255/433
f 156/255/434 137/765/434 128/259/434
f 156/255/435 138/260/435 127/261/435
f 133/262/436 155/314/436 157/263/436
f 155/265/437 134/278/437 140/266/437
f 157/267/438 140/266/438 126/268/438
f 149/264/439 157/263/439 141/270/439
f 136/272/440 154/275/440 158/273/440
f 154/275/441 133/262/441 149/264/441
f 158/273/442 149/264/442 125/271/442
f 146/274/443 158/273/443 142/276/443
f 134/278/444 153/281/444 159/279/444
f 135/280/445 145/766/445 159/279/445
f 145/767/446 132/768/446 144/769/446
f 140/266/447 159/279/447 144/285/447
f 125/286/448 141/290/448 160/287/448
f 126/289/449 144/770/449 160/287/449
f 160/287/450 144/770/450 132/291/450
f 142/288/451 160/287/451 147/292/451
f 259/294/452 161/298/452 150/295/452
f 259/294/453 258/407/453 151/297/453
f 224/299/454 223/346/454 135/280/454
f 224/299/455 153/281/455 134/278/455
f 152/301/456 129/771/456 117/302/456
f 256/304/457 139/309/457 162/236/457
f 225/305/458 221/313/458 133/262/458
f 152/301/124 116/303/124 115/306/124
f 256/304/459 261/404/459 163/308/459
f 257/296/460 150/295/460 163/310/460
f 226/312/461 222/300/461 134/278/461
f 221/313/462 226/345/462 155/314/462
f 225/305/463 154/275/463 114/315/463
f 136/272/464 115/772/464 114/315/464
f 179/317/465 165/217/465 170/86/465
f 167/216/466 169/94/466 183/319/466
f 262/321/467 168/343/467 182/322/467
f 169/94/468 164/93/468 178/324/468
f 229/325/469 227/89/469 165/91/469
f 184/318/139 170/86/139 166/88/139
f 174/235/470 177/1/470 111/92/470
f 42/328/471 172/230/471 176/13/471
f 310/329/472 304/503/472 306/330/472
f 110/218/5 176/13/5 173/15/5
f 188/332/473 228/773/473 172/333/473
f 177/1/474 171/3/474 41/334/474
f 108/80/139 184/318/139 180/327/139
f 187/81/475 229/325/475 179/326/475
f 183/319/476 178/324/476 37/337/476
f 264/323/477 182/322/477 59/338/477
f 181/320/478 183/319/478 109/84/478
f 38/339/479 179/317/479 184/318/479
f 59/338/480 182/322/480 229/325/480
f 307/340/481 303/499/481 300/341/481
f 168/343/482 227/89/482 229/325/482
f 225/305/132 219/316/132 119/344/132
f 139/309/483 163/308/483 226/345/483
f 163/310/484 150/295/484 222/300/484
f 162/236/485 139/309/485 221/313/485
f 150/295/486 161/298/486 224/299/486
f 161/298/487 151/297/487 223/346/487
f 218/254/98 220/12/98 123/347/98
f 113/211/70 218/231/70 185/233/70
f 50/213/488 112/126/488 217/349/488
f 27/351/489 196/207/489 216/139/489
f 195/205/78 215/147/78 97/353/78
f 193/774/490 214/386/490 90/388/490
f 23/358/491 194/122/491 213/193/491
f 67/373/70 204/164/70 211/188/70
f 73/775/70 206/775/70 212/775/70
f 211/183/492 212/182/492 83/191/492
f 200/181/23 210/60/23 76/366/23
f 197/62/493 209/106/493 74/368/493
f 31/370/494 198/109/494 208/162/494
f 33/70/61 199/72/61 207/171/61
f 79/372/61 207/171/61 205/157/61
f 80/371/495 208/162/495 204/164/495
f 70/166/496 203/155/496 205/157/496
f 215/147/52 202/149/52 65/374/52
f 216/139/49 201/141/49 63/375/49
f 17/376/497 192/120/497 194/122/497
f 86/377/498 213/117/498 196/119/498
f 201/110/499 198/109/499 31/370/499
f 209/106/500 203/105/500 70/380/500
f 289/381/175 290/486/175 270/382/175
f 45/99/501 59/338/501 187/81/501
f 199/72/18 200/71/18 58/384/18
f 65/111/24 202/63/24 197/62/24
f 210/60/23 206/59/23 73/385/23
f 214/776/502 195/777/502 53/778/502
f 48/389/503 191/39/503 193/41/503
f 112/126/504 49/436/504 192/391/504
f 47/392/505 190/18/505 191/26/505
f 189/19/506 190/18/506 47/392/506
f 220/12/507 219/11/507 114/394/507
f 175/135/508 46/134/508 185/395/508
f 178/397/509 264/323/509 244/98/509
f 171/3/510 263/779/510 245/399/510
f 164/93/511 262/434/511 264/780/511
f 128/401/512 257/296/512 261/311/512
f 127/403/513 138/781/513 261/404/513
f 127/403/514 256/304/514 260/238/514
f 137/406/515 130/782/515 258/407/515
f 128/401/516 137/406/516 259/294/516
f 252/250/98 255/241/98 122/10/98
f 255/241/95 254/243/95 119/408/95
f 260/238/517 254/237/517 118/409/517
f 107/410/18 253/127/18 243/214/18
f 4/412/70 98/783/70 252/413/70
f 26/54/518 236/115/518 251/136/518
f 237/52/519 250/144/519 96/208/519
f 52/121/520 235/202/520 249/50/520
f 234/784/40 248/116/40 89/201/40
f 250/144/521 247/143/521 64/140/521
f 93/150/81 251/136/81 246/138/81
f 171/419/522 4/785/522 242/420/522
f 230/100/523 231/129/523 10/421/523
f 10/423/524 231/128/524 232/125/524
f 18/425/18 233/44/18 253/127/18
f 232/125/525 234/124/525 22/426/525
f 248/116/526 236/115/526 26/54/526
f 60/427/39 246/113/39 238/112/39
f 240/103/18 241/107/18 36/429/18
f 30/786/527 238/101/527 240/103/527
f 37/398/528 244/98/528 230/100/528
f 41/334/529 245/399/529 262/434/529
f 239/75/530 241/74/530 58/178/530
f 64/108/26 247/69/26 239/68/26
f 91/192/531 249/50/531 237/52/531
f 49/436/18 233/44/18 235/46/18
f 268/438/209 269/451/209 277/439/209
f 272/441/532 280/479/532 275/442/532
f 308/444/533 309/787/533 296/445/533
f 265/383/212 273/455/212 277/447/212
f 290/449/213 293/454/213 267/443/213
f 292/95/209 294/485/209 269/451/209
f 289/381/212 265/383/212 269/448/212
f 274/453/534 272/441/534 267/443/534
f 273/455/535 266/483/535 284/456/535
f 278/457/536 275/442/536 282/458/536
f 276/440/537 283/481/537 287/460/537
f 314/462/538 311/478/538 299/463/538
f 265/383/175 270/382/175 278/465/175
f 315/466/539 305/490/539 304/467/539
f 268/438/540 276/440/540 279/461/540
f 270/450/213 267/443/213 275/442/213
f 266/469/541 281/473/541 283/470/541
f 285/459/542 282/458/542 281/475/542
f 282/788/543 288/514/543 286/476/543
f 283/470/544 281/473/544 286/476/544
f 312/342/545 300/341/545 299/463/545
f 280/479/546 288/513/546 282/458/546
f 276/789/547 277/790/547 284/791/547
f 273/455/548 278/465/548 285/482/548
f 228/396/549 274/453/549 293/454/549
f 245/399/212 289/381/212 294/452/212
f 168/484/209 262/792/209 294/485/209
f 263/133/213 175/135/213 293/454/213
f 245/399/175 263/779/175 290/486/175
f 314/462/550 302/464/550 298/487/550
f 316/489/551 301/508/551 305/490/551
f 168/484/552 292/95/552 291/97/552
f 307/504/553 317/331/553 306/330/553
f 309/506/554 318/509/554 297/493/554
f 308/444/555 295/446/555 301/508/555
f 318/509/556 313/511/556 298/495/556
f 188/510/557 227/793/557 313/511/557
f 274/453/558 308/444/558 316/489/558
f 228/512/559 188/510/559 318/509/559
f 287/477/560 286/476/560 317/331/560
f 272/441/561 316/489/561 315/466/561
f 291/97/562 314/462/562 313/488/562
f 271/96/563 279/461/563 312/342/563
f 280/479/564 315/466/564 310/468/564
f 291/97/565 271/96/565 311/478/565
f 228/396/566 309/787/566 308/444/566
f 279/461/567 287/460/567 307/340/567
f 288/514/568 310/329/568 317/331/568
f 321/501/569 322/502/569 326/516/569
f 324/518/570 323/521/570 340/519/570
f 323/521/571 324/518/571 320/492/571
f 328/497/572 331/531/572 323/522/572
f 334/523/573 329/529/573 320/524/573
f 322/526/574 330/515/574 333/527/574
f 333/527/575 330/515/575 329/529/575
f 321/501/576 325/517/576 332/544/576
f 327/498/577 332/530/577 331/531/577
f 326/516/578 335/571/578 336/532/578
f 331/531/579 332/530/579 337/533/579
f 338/535/580 339/702/580 347/536/580
f 341/534/581 349/554/581 348/538/581
f 342/540/582 350/553/582 343/541/582
f 326/528/583 333/527/583 342/540/583
f 325/794/584 336/795/584 337/533/584
f 323/522/585 331/531/585 341/534/585
f 334/523/586 338/535/586 342/540/586
f 324/525/587 339/702/587 338/535/587
f 348/538/588 360/547/588 354/545/588
f 348/538/589 349/554/589 361/546/589
f 340/539/590 354/545/590 426/548/590
f 344/550/591 336/795/591 352/551/591
f 342/540/283 338/535/283 346/537/283
f 337/533/284 345/556/284 349/554/284
f 346/537/592 358/575/592 362/555/592
f 337/533/593 336/795/593 344/550/593
f 360/547/594 361/546/594 366/557/594
f 357/559/595 356/552/595 372/560/595
f 362/562/289 369/796/289 368/563/289
f 356/606/70 352/606/70 380/606/70
f 354/568/291 360/797/291 359/569/291
f 335/571/596 351/798/596 352/572/596
f 345/556/597 344/550/597 356/552/597
f 349/554/294 345/556/294 357/559/294
f 347/536/598 339/702/598 353/573/598
f 346/537/599 347/536/599 359/574/599
f 343/541/600 355/577/600 351/576/600
f 350/553/601 362/555/601 355/577/601
f 376/578/602 398/799/602 399/579/602
f 359/574/603 364/652/603 363/581/603
f 368/563/309 369/796/309 395/582/309
f 359/569/320 360/797/320 365/584/320
f 366/557/604 392/800/604 391/586/604
f 386/587/605 384/612/605 402/588/605
f 362/555/305 358/575/305 370/590/305
f 357/559/306 368/657/306 367/592/306
f 357/593/307 373/801/307 374/594/307
f 362/555/606 374/802/606 371/596/606
f 355/597/289 371/803/289 372/598/289
f 376/600/309 375/804/309 397/601/309
f 380/603/607 379/805/607 383/604/607
f 351/576/608 355/577/608 381/806/608
f 352/606/70 351/606/70 379/606/70
f 355/607/311 356/807/311 382/608/311
f 369/591/312 370/590/312 396/610/312
f 382/567/313 380/566/313 384/612/313
f 381/613/314 385/651/314 383/614/314
f 382/616/315 386/659/315 385/617/315
f 393/658/609 411/690/609 406/808/609
f 403/622/610 421/809/610 419/623/610
f 391/586/611 392/800/611 410/625/611
f 402/627/309 401/644/309 419/628/309
f 391/630/320 409/810/320 408/631/320
f 394/583/309 395/582/309 413/633/309
f 375/635/612 378/811/612 400/636/612
f 366/557/613 361/546/613 388/812/613
f 377/641/302 399/696/302 400/642/302
f 384/605/301 383/604/301 401/644/301
f 367/645/614 393/813/614 388/646/614
f 363/648/615 389/686/615 387/649/615
f 385/651/616 403/622/616 401/624/616
f 364/652/617 390/694/617 389/653/617
f 370/654/618 358/814/618 387/655/618
f 368/657/619 394/815/619 393/658/619
f 386/659/320 404/679/320 403/660/320
f 365/584/302 391/630/302 390/632/302
f 410/661/311 407/816/311 408/662/311
f 405/664/620 407/817/620 410/665/620
f 413/667/311 414/818/311 411/668/311
f 405/670/621 406/819/621 411/671/621
f 415/673/311 418/820/311 417/674/311
f 420/676/331 419/821/331 421/677/331
f 404/679/320 422/822/320 421/680/320
f 396/656/622 387/655/622 405/670/622
f 392/681/623 388/823/623 406/666/623
f 404/589/624 402/588/624 420/682/624
f 398/602/301 397/601/301 415/684/301
f 389/686/625 407/817/625 405/664/625
f 399/579/626 398/799/626 416/687/626
f 393/658/627 394/815/627 412/689/627
f 397/637/628 400/636/628 418/691/628
f 396/610/339 414/824/339 413/693/339
f 390/694/629 408/825/629 407/695/629
f 399/696/320 417/826/320 418/697/320
f 426/548/630 430/827/630 428/698/630
f 354/699/631 353/828/631 425/700/631
f 339/702/632 423/829/632 425/703/632
f 339/704/633 340/830/633 424/705/633
f 428/707/634 430/831/634 429/708/634
f 423/710/635 424/832/635 428/707/635
f 425/703/636 423/829/636 427/711/636
f 426/701/637 425/700/637 429/713/637
f 574/833/638 570/834/638 434/835/638
f 580/836/639 621/837/639 571/838/639
f 515/839/640 518/840/640 436/841/640
f 533/842/641 614/843/641 613/844/641
f 573/845/5 173/15/5 8/14/5
f 436/841/642 518/840/642 520/846/642
f 431/847/643 583/848/643 584/849/643
f 7/20/8 514/850/8 517/851/8
f 520/846/9 522/852/9 440/853/9
f 584/854/644 585/855/644 437/856/644
f 517/851/645 519/857/645 15/27/645
f 611/858/646 521/859/646 439/860/646
f 439/861/647 437/862/647 441/863/647
f 15/27/648 519/857/648 521/864/648
f 502/865/15 445/866/15 447/867/15
f 585/868/649 587/869/649 441/870/649
f 438/871/650 440/853/650 444/872/650
f 626/873/18 628/874/18 444/875/18
f 476/876/19 452/877/19 450/878/19
f 641/879/651 630/880/651 448/881/651
f 503/882/21 448/883/21 446/884/21
f 502/865/652 608/885/652 589/886/652
f 493/887/653 604/888/653 600/889/653
f 477/890/654 596/891/654 591/892/654
f 478/893/25 477/894/25 449/895/25
f 476/896/655 639/897/655 632/898/655
f 453/899/18 593/900/18 594/901/18
f 452/902/656 632/903/656 634/904/656
f 450/878/9 452/877/9 456/905/9
f 491/906/657 492/907/657 486/908/657
f 523/909/29 514/850/29 7/20/29
f 581/910/658 583/848/658 431/847/658
f 524/911/9 515/839/9 433/912/9
f 569/913/31 166/88/31 43/87/31
f 620/914/659 566/915/659 460/916/659
f 526/917/660 568/918/660 565/919/660
f 683/920/661 682/921/661 662/922/661
f 636/923/662 623/924/662 461/925/662
f 631/926/663 633/927/663 472/928/663
f 490/929/664 603/930/664 597/931/664
f 472/932/18 633/933/18 634/904/18
f 479/934/665 595/935/665 592/936/665
f 480/937/666 638/938/666 631/939/666
f 505/940/667 640/941/667 629/942/667
f 607/943/668 590/944/668 469/945/668
f 586/946/669 588/947/669 467/948/669
f 464/949/670 625/950/670 627/951/670
f 626/873/18 645/952/18 527/953/18
f 624/954/671 625/950/671 464/949/671
f 461/925/672 623/924/672 624/955/672
f 120/130/46 532/956/46 530/957/46
f 654/958/673 572/959/673 462/960/673
f 643/961/521 638/962/521 480/963/521
f 610/964/52 595/965/52 479/966/52
f 507/967/81 642/968/81 639/969/81
f 510/970/51 509/971/51 477/894/51
f 609/972/49 596/973/49 477/974/49
f 508/975/53 507/967/53 476/876/53
f 481/976/674 483/977/674 484/978/674
f 597/979/675 599/980/675 483/981/675
f 486/908/676 499/982/676 500/983/676
f 493/984/677 484/985/677 483/986/677
f 602/987/678 598/988/678 486/989/678
f 496/990/679 487/991/679 485/992/679
f 495/993/60 490/929/60 481/994/60
f 601/995/680 599/980/680 487/991/680
f 593/996/680 601/995/680 496/990/680
f 449/895/62 490/997/62 495/998/62
f 472/928/681 496/990/681 489/999/681
f 592/936/682 602/987/682 492/1000/682
f 453/899/65 455/1001/65 493/984/65
f 449/1002/683 591/892/683 603/930/683
f 473/1003/684 471/1004/684 492/907/684
f 455/1005/653 594/1006/653 604/888/653
f 499/982/685 605/1007/685 606/1008/685
f 600/1009/163 606/1009/163 498/1009/163
f 598/1010/70 605/1011/70 499/1012/70
f 484/985/686 498/1013/686 497/1014/686
f 588/1015/687 607/943/687 506/1016/687
f 466/1017/688 627/1018/688 640/941/688
f 441/870/689 587/869/689 608/1019/689
f 444/1020/690 503/882/690 504/1021/690
f 628/874/691 641/1022/691 503/1023/691
f 443/1024/692 441/863/692 502/865/692
f 446/884/53 448/883/53 507/967/53
f 589/1025/693 609/972/693 509/1026/693
f 445/866/51 509/971/51 510/970/51
f 448/1027/694 630/1028/694 642/1029/694
f 590/1030/695 610/964/695 511/1031/695
f 629/942/50 643/961/50 512/1032/50
f 635/1033/70 462/960/70 528/1034/70
f 645/952/18 243/214/18 50/213/18
f 44/215/696 167/216/696 568/918/696
f 566/1035/697 569/913/697 525/1036/697
f 40/219/698 5/220/698 515/839/698
f 431/1037/29 514/850/29 523/909/29
f 519/857/699 437/862/699 439/861/699
f 186/350/700 19/1038/700 521/859/700
f 435/1039/701 437/862/701 519/857/701
f 16/226/9 20/227/9 522/852/9
f 514/850/88 431/1037/88 435/1039/88
f 518/840/702 12/228/702 16/226/702
f 432/1040/703 571/1041/703 573/845/703
f 612/1042/70 580/1043/70 432/1044/70
f 5/220/704 12/228/704 518/840/704
f 6/234/705 174/235/705 574/833/705
f 563/1045/706 651/1046/706 646/1047/706
f 129/239/707 117/240/707 530/957/707
f 647/1048/708 646/1049/708 530/1050/708
f 124/244/709 115/246/709 529/1051/709
f 8/247/97 124/249/97 534/1052/97
f 644/1053/710 647/1048/710 532/1054/710
f 6/234/711 513/1055/711 532/956/711
f 528/1034/710 612/1042/710 614/843/710
f 129/239/712 548/1056/712 557/1057/712
f 130/257/713 148/258/713 557/1057/713
f 557/1057/714 543/1058/714 538/1059/714
f 557/1060/715 548/1061/715 537/1062/715
f 539/1063/716 551/1064/716 558/1065/716
f 556/1066/717 558/1065/717 545/1067/717
f 558/1065/718 546/1068/718 536/1069/718
f 551/1064/719 535/1070/719 546/1068/719
f 541/1071/720 550/1072/720 559/1073/720
f 555/1074/721 559/1075/721 551/1064/721
f 559/1075/722 547/1076/722 535/1070/722
f 550/1072/723 131/1077/723 547/1078/723
f 540/1079/724 545/1080/724 560/1081/724
f 135/1082/725 554/1083/725 560/1081/725
f 145/1084/726 560/1085/726 549/1086/726
f 545/1080/727 536/1087/727 549/1088/727
f 535/1089/728 547/1090/728 561/1091/728
f 536/1092/729 546/1093/729 561/1091/729
f 561/1091/730 147/292/730 132/291/730
f 547/1090/731 131/293/731 147/292/731
f 650/1094/732 649/1095/732 552/1096/732
f 650/1094/733 562/1097/733 151/1098/733
f 617/1099/734 554/1083/734 135/1082/734
f 617/1099/735 616/1100/735 540/1079/735
f 553/1101/736 116/1102/736 117/1103/736
f 648/1104/737 651/1046/737 563/1045/737
f 618/1105/738 555/1074/738 539/1063/738
f 553/1101/739 541/1071/739 115/1106/739
f 648/1104/740 544/1107/740 564/1108/740
f 649/1109/741 652/1110/741 564/1108/741
f 619/1111/742 556/1066/742 540/1112/742
f 615/1113/743 539/1063/743 556/1066/743
f 618/1105/744 613/1114/744 529/1115/744
f 541/1071/745 555/1116/745 529/1117/745
f 576/1118/746 579/1119/746 569/913/746
f 167/216/747 181/320/747 578/1120/747
f 653/1121/748 655/1122/748 577/1123/748
f 568/918/749 578/1120/749 575/1124/749
f 622/1125/750 576/1126/750 566/915/750
f 579/1119/139 180/327/139 166/88/139
f 174/235/751 44/215/751 526/917/751
f 460/1127/752 525/1036/752 573/845/752
f 701/1128/753 708/1129/753 697/1130/753
f 525/1036/5 43/87/5 173/15/5
f 582/1131/754 460/916/754 571/1132/754
f 574/833/755 526/917/755 459/1133/755
f 523/909/139 39/335/139 180/327/139
f 581/910/756 458/1134/756 576/1126/756
f 578/1120/146 524/911/146 457/1135/146
f 655/1122/757 636/923/757 474/1136/757
f 181/320/758 40/219/758 524/911/758
f 458/1137/139 523/909/139 579/1119/139
f 474/1136/759 581/910/759 622/1125/759
f 698/1138/760 703/1139/760 691/1140/760
f 567/1141/761 577/1123/761 622/1125/761
f 618/1105/762 563/1045/762 531/1142/762
f 544/1107/763 615/1113/763 619/1111/763
f 564/1108/764 619/1111/764 616/1143/764
f 563/1045/765 618/1105/765 615/1113/765
f 552/1096/766 616/1100/766 617/1099/766
f 562/1097/767 617/1099/767 223/1144/767
f 612/1042/710 516/1145/710 534/1052/710
f 528/1034/70 462/960/70 580/1043/70
f 50/213/768 186/350/768 611/858/768
f 447/1146/769 510/1147/769 610/964/769
f 589/1025/770 468/1148/770 512/1032/770
f 587/1149/771 466/1017/771 505/940/771
f 443/1024/772 501/1150/772 607/1151/772
f 482/1152/18 497/1014/18 605/1007/18
f 488/1009/69 500/1009/69 606/1009/69
f 605/1007/773 497/1014/773 498/1013/773
f 594/1006/653 473/1153/653 491/1154/653
f 591/892/774 470/1155/774 489/1156/774
f 451/1157/775 495/1158/775 602/987/775
f 453/1159/680 494/1160/680 601/995/680
f 494/1160/680 483/981/680 599/980/680
f 495/1158/776 482/1161/776 598/988/776
f 485/992/777 487/991/777 599/980/777
f 609/972/396 512/1032/396 480/963/396
f 610/964/398 510/1147/398 478/1162/398
f 439/860/778 443/1163/778 588/947/778
f 501/1164/779 447/1165/779 590/944/779
f 595/935/780 478/1166/780 451/1157/780
f 603/930/781 489/1156/781 485/1167/781
f 680/1168/782 656/1169/782 661/1170/782
f 461/925/658 583/848/658 581/910/658
f 593/900/18 472/932/18 473/1003/18
f 480/937/783 470/1155/783 591/892/783
f 604/888/653 491/1154/653 488/1171/653
f 608/1172/784 505/1173/784 468/1174/784
f 464/1175/18 466/1176/18 587/1177/18
f 527/953/785 611/858/785 586/946/785
f 463/1178/786 464/949/786 585/855/786
f 583/848/787 461/925/787 463/1179/787
f 614/843/788 534/1052/788 529/1180/788
f 572/959/789 621/1181/789 580/1043/789
f 575/1182/790 457/1183/790 636/923/790
f 570/834/791 459/1133/791 637/1184/791
f 565/1185/792 575/1182/792 655/1122/792
f 538/1186/793 543/1187/793 652/1110/793
f 537/1062/794 648/1104/794 652/1110/794
f 537/1062/795 548/1061/795 651/1046/795
f 542/1188/796 650/1094/796 258/1189/796
f 538/1190/732 649/1095/732 650/1094/732
f 644/1053/710 528/1034/710 533/842/710
f 647/1048/797 533/842/797 531/1191/797
f 651/1046/798 548/1061/798 530/1192/798
f 522/1193/18 20/411/18 243/214/18
f 434/1194/70 635/1033/70 644/1053/70
f 446/1195/799 508/1196/799 643/961/799
f 630/1028/800 469/1197/800 511/1031/800
f 467/1198/801 506/1199/801 641/1200/801
f 627/1018/802 442/1201/802 504/1202/802
f 642/968/395 511/1203/395 479/1204/395
f 508/1196/397 475/1205/397 638/962/397
f 570/1206/803 654/958/803 635/1033/803
f 623/924/804 433/1207/804 436/1208/804
f 436/1209/805 438/1210/805 625/950/805
f 440/1211/18 522/1193/18 645/952/18
f 625/950/806 438/1210/806 442/1212/806
f 640/941/807 504/1202/807 446/1195/807
f 475/1213/808 450/1214/808 631/939/808
f 633/933/18 454/1215/18 456/1216/18
f 450/1217/69 454/1218/69 633/927/69
f 457/1183/809 433/1207/809 623/924/809
f 459/1133/810 565/919/810 653/1219/810
f 632/903/811 471/1004/811 473/1003/811
f 479/934/812 471/1220/812 632/898/812
f 506/1221/813 469/1222/813 630/1223/813
f 465/1224/18 467/948/18 628/874/18
f 659/1225/814 667/1226/814 668/1227/814
f 663/1228/815 658/1229/815 666/1230/815
f 699/1231/816 686/1232/816 687/1233/816
f 656/1169/817 660/1234/817 668/1235/817
f 681/1236/818 661/1237/818 658/1229/818
f 683/920/819 659/1225/819 660/1238/819
f 680/1168/817 685/1239/817 660/1234/817
f 665/1240/820 684/1241/820 658/1229/820
f 664/1242/821 668/1235/821 675/1243/821
f 669/1244/822 676/1245/822 673/1246/822
f 667/1226/823 670/1247/823 678/1248/823
f 705/1249/824 693/1250/824 690/1251/824
f 656/1169/782 664/1242/782 669/1252/782
f 706/1253/825 701/1254/825 695/1255/825
f 659/1225/826 662/922/826 670/1247/826
f 661/1237/818 669/1244/818 666/1230/818
f 657/1256/827 675/1257/827 674/1258/827
f 676/1259/828 657/1256/828 672/1260/828
f 673/1246/829 672/1261/829 677/1262/829
f 674/1258/830 678/1263/830 677/1264/830
f 703/1139/831 702/1265/831 690/1251/831
f 671/1266/832 666/1230/832 673/1246/832
f 667/1226/833 674/1267/833 675/1268/833
f 664/1242/834 657/1269/834 676/1270/834
f 621/1181/835 572/959/835 684/1241/835
f 637/1184/817 653/1219/817 685/1239/817
f 567/1271/814 683/920/814 685/1272/814
f 654/958/818 681/1236/818 684/1241/818
f 637/1184/782 680/1168/782 681/1273/782
f 705/1249/836 704/1274/836 689/1275/836
f 707/1276/837 706/1253/837 696/1277/837
f 567/1271/838 620/1278/838 682/921/838
f 711/1279/839 710/1280/839 688/1281/839
f 710/1280/840 689/1282/840 688/1281/840
f 710/1283/841 719/1284/841 693/1250/841
f 718/1285/842 691/1140/842 719/1284/842
f 718/1285/843 712/1286/843 694/1287/843
f 712/1288/844 713/1289/844 697/1130/844
f 713/1289/845 695/1290/845 697/1130/845
f 698/1291/846 694/1292/846 697/1130/846
f 700/1293/847 687/1294/847 688/1281/847
f 699/1231/848 707/1276/848 692/1295/848
f 709/1296/849 688/1281/849 689/1282/849
f 582/1297/850 709/1296/850 704/1298/850
f 665/1240/851 663/1228/851 707/1276/851
f 621/1299/852 700/1293/852 709/1296/852
f 678/1263/853 698/1291/853 708/1129/853
f 663/1228/854 671/1266/854 706/1253/854
f 682/921/855 620/1278/855 704/1274/855
f 662/922/856 702/1265/856 703/1139/856
f 671/1266/857 679/1300/857 701/1254/857
f 682/921/858 705/1249/858 702/1265/858
f 621/1181/859 665/1240/859 699/1231/859
f 670/1247/860 703/1139/860 698/1138/860
f 679/1301/861 677/1264/861 708/1129/861
f 721/1302/862 696/1277/862 695/1255/862
f 712/1288/863 716/1303/863 717/1304/863
f 715/1305/864 730/1306/864 731/1307/864
f 714/1308/865 710/1280/865 711/1279/865
f 719/1284/866 710/1283/866 714/1309/866
f 725/1310/867 715/1311/867 711/1312/867
f 713/1313/868 717/1314/868 724/1315/868
f 724/1315/869 725/1310/869 720/1316/869
f 712/1286/870 718/1285/870 723/1317/870
f 718/1285/871 719/1284/871 722/1318/871
f 717/1304/872 716/1303/872 727/1319/872
f 722/1318/873 732/1320/873 728/1321/873
f 721/1302/874 720/1316/874 692/1295/874
f 720/1316/875 686/1232/875 692/1295/875
f 729/1322/876 737/1323/876 738/1324/876
f 732/1320/877 731/1325/877 739/1326/877
f 733/1327/878 726/1328/878 734/1329/878
f 717/1314/879 726/1328/879 733/1327/879
f 716/1330/880 723/1317/880 728/1321/880
f 714/1309/881 731/1325/881 732/1320/881
f 725/1310/882 724/1315/882 733/1327/882
f 715/1311/883 725/1310/883 729/1322/883
f 739/1326/884 731/1325/884 745/1331/884
f 739/1326/885 751/1332/885 752/1333/885
f 731/1325/886 815/1334/886 817/1335/886
f 735/1336/887 747/1337/887 743/1338/887
f 733/1327/888 741/1339/888 737/1323/888
f 728/1321/889 732/1320/889 740/1340/889
f 737/1323/890 741/1339/890 753/1341/890
f 728/1321/891 736/1342/891 735/1336/891
f 751/1332/892 756/1343/892 757/1344/892
f 748/1345/893 764/1346/893 763/1347/893
f 753/1348/894 748/1349/894 759/1350/894
f 747/1351/895 773/1352/895 771/1353/895
f 745/1354/896 744/1355/896 750/1356/896
f 726/1357/897 727/1319/897 743/1358/897
f 736/1342/898 748/1345/898 747/1337/898
f 740/1340/899 752/1333/899 748/1345/899
f 738/1324/900 750/1359/900 744/1360/900
f 737/1323/901 749/1361/901 750/1359/901
f 734/1329/902 726/1328/902 742/1362/902
f 741/1339/903 734/1329/903 746/1363/903
f 767/1364/904 768/1365/904 790/1366/904
f 750/1359/905 749/1361/905 754/1367/905
f 759/1350/906 785/1368/906 786/1369/906
f 750/1356/907 755/1370/907 756/1371/907
f 757/1344/908 756/1343/908 782/1372/908
f 777/1373/909 795/1374/909 793/1375/909
f 753/1341/910 760/1376/910 761/1377/910
f 748/1345/911 752/1333/911 758/1378/911
f 748/1379/912 753/1380/912 765/1381/912
f 753/1341/913 746/1363/913 762/1382/913
f 746/1383/894 747/1384/894 763/1385/894
f 767/1386/914 789/1387/914 788/1388/914
f 771/1389/915 775/1390/915 774/1391/915
f 742/1392/70 770/1392/70 772/1392/70
f 743/1392/70 771/1392/70 770/1392/70
f 746/1393/311 772/1394/311 773/1395/311
f 760/1376/916 786/1396/916 787/1397/916
f 773/1352/917 777/1373/917 775/1398/917
f 772/1399/918 770/1400/918 774/1401/918
f 773/1402/919 772/1403/919 776/1404/919
f 784/1405/920 779/1406/920 797/1407/920
f 794/1408/921 792/1409/921 810/1410/921
f 782/1372/922 800/1411/922 801/1412/922
f 793/1413/923 811/1414/923 810/1415/923
f 782/1416/924 781/1417/924 799/1418/924
f 785/1368/914 803/1419/914 804/1420/914
f 766/1421/925 788/1422/925 791/1423/925
f 757/1424/926 783/1425/926 779/1426/926
f 768/1427/924 769/1428/924 791/1429/924
f 775/1390/906 793/1413/906 792/1430/906
f 758/1431/927 752/1432/927 779/1433/927
f 754/1434/928 749/1435/928 778/1436/928
f 776/1437/929 774/1401/929 792/1409/929
f 755/1438/930 754/1367/930 780/1439/930
f 761/1440/931 787/1441/931 778/1442/931
f 759/1443/932 758/1378/932 784/1444/932
f 777/1445/924 776/1404/924 794/1446/924
f 756/1371/924 755/1370/924 781/1417/924
f 801/1447/311 800/1448/311 799/1449/311
f 796/1450/933 797/1451/933 801/1452/933
f 804/1453/311 803/1454/311 802/1455/311
f 796/1456/934 805/1457/934 802/1458/934
f 806/1459/311 807/1460/311 808/1461/311
f 811/1462/935 813/1463/935 812/1464/935
f 795/1465/907 794/1446/907 812/1466/907
f 787/1441/936 805/1457/936 796/1456/936
f 783/1467/937 801/1452/937 797/1451/937
f 795/1374/938 813/1468/938 811/1469/938
f 789/1387/914 807/1470/914 806/1471/914
f 780/1472/939 778/1436/939 796/1450/939
f 790/1366/940 808/1473/940 807/1474/940
f 784/1444/941 802/1475/941 803/1476/941
f 788/1422/942 806/1477/942 809/1478/942
f 787/1397/943 786/1396/943 804/1479/943
f 781/1480/944 780/1439/944 798/1481/944
f 790/1482/907 791/1429/907 809/1483/907
f 817/1335/945 815/1334/945 819/1484/945
f 745/1485/946 817/1486/946 816/1487/946
f 730/1488/947 744/1360/947 816/1489/947
f 730/1490/948 814/1491/948 815/1492/948
f 819/1493/949 818/1494/949 820/1495/949
f 814/1496/950 818/1494/950 819/1493/950
f 816/1489/951 820/1497/951 818/1498/951
f 817/1486/952 821/1499/952 820/1500/952
f 711/1312/953 687/1233/953 686/1232/953
f 711/1279/954 688/1281/954 687/1294/954
f 710/1283/955 693/1250/955 689/1275/955
f 719/1284/956 690/1251/956 693/1250/956
f 718/1285/957 694/1287/957 691/1140/957
f 712/1288/958 697/1130/958 694/1292/958
f 721/1302/959 695/1255/959 713/1313/959
f 721/1302/960 692/1295/960 696/1277/960
f 711/1312/961 686/1232/961 720/1316/961
f 719/1284/962 691/1140/962 690/1251/962
f 574/833/963 434/835/963 513/1055/963
f 580/1043/964 571/1501/964 432/1044/964
f 515/839/361 436/841/361 433/912/361
f 533/842/965 613/844/965 531/1191/965
f 573/845/5 8/14/5 516/1502/5
f 436/841/966 520/846/966 438/871/966
f 431/847/967 584/849/967 435/1503/967
f 7/20/968 517/851/968 11/722/968
f 520/846/9 440/853/9 438/871/9
f 584/854/969 437/856/969 435/1504/969
f 517/851/970 15/27/970 11/722/970
f 611/858/971 439/860/971 586/946/971
f 439/861/972 441/863/972 443/1024/972
f 15/1505/973 521/859/973 19/1038/973
f 502/865/974 447/867/974 501/1150/974
f 585/868/975 441/870/975 437/1506/975
f 438/1507/976 444/1508/976 442/1509/976
f 626/873/18 444/875/18 440/1211/18
f 476/876/19 450/878/19 475/1510/19
f 641/1022/977 448/1511/977 503/1023/977
f 503/882/978 446/884/978 504/1021/978
f 502/1512/979 589/1513/979 445/1514/979
f 493/887/653 600/889/653 484/1515/653
f 477/890/980 591/892/980 449/1002/980
f 478/893/25 449/895/25 451/1516/25
f 476/896/981 632/898/981 452/1517/981
f 453/899/18 594/901/18 455/1001/18
f 452/1518/163 634/1519/163 456/1520/163
f 450/878/9 456/905/9 454/1521/9
f 491/906/982 486/908/982 488/1522/982
f 523/909/29 7/20/29 39/335/29
f 581/910/983 431/847/983 458/1134/983
f 524/911/9 433/912/9 457/1135/9
f 569/913/31 43/87/31 525/1036/31
f 620/914/984 460/916/984 582/1131/984
f 526/917/985 565/919/985 459/1133/985
f 683/920/986 662/922/986 659/1225/986
f 636/923/987 461/925/987 474/1136/987
f 631/926/988 472/928/988 470/1523/988
f 490/929/989 597/931/989 481/994/989
f 472/932/18 634/904/18 473/1003/18
f 479/934/990 592/936/990 471/1220/990
f 480/937/991 631/939/991 470/1155/991
f 505/940/992 629/942/992 468/1148/992
f 607/943/993 469/945/993 506/1016/993
f 586/1524/163 467/1525/163 465/1526/163
f 464/949/70 627/951/70 466/1527/70
f 626/873/18 527/953/18 465/1224/18
f 624/954/994 464/949/994 463/1178/994
f 461/925/995 624/955/995 463/1179/995
f 120/130/996 530/957/996 117/240/996
f 654/958/997 462/960/997 635/1033/997
f 643/961/196 480/963/196 512/1032/196
f 610/964/169 479/966/169 511/1031/169
f 507/967/197 639/969/197 476/876/197
f 510/970/51 477/894/51 478/893/51
f 609/972/170 477/974/170 509/1026/170
f 508/975/53 476/876/53 475/1510/53
f 481/976/674 484/978/674 482/1528/674
f 597/979/998 483/981/998 481/1529/998
f 486/908/676 500/983/676 488/1522/676
f 493/984/400 483/986/400 494/1530/400
f 602/987/999 486/989/999 492/1000/999
f 496/990/1000 485/992/1000 489/999/1000
f 495/993/1001 481/994/1001 482/1531/1001
f 601/995/680 487/991/680 496/990/680
f 593/996/680 496/990/680 472/928/680
f 449/895/62 495/998/62 451/1516/62
f 472/928/1002 489/999/1002 470/1523/1002
f 592/936/1003 492/1000/1003 471/1220/1003
f 453/899/65 493/984/65 494/1530/65
f 449/1002/1004 603/930/1004 490/929/1004
f 473/1003/1005 492/907/1005 491/906/1005
f 455/1005/653 604/888/653 493/887/653
f 499/982/676 606/1008/676 500/983/676
f 600/1009/69 498/1009/69 484/1009/69
f 598/1010/70 499/1012/70 486/1532/70
f 484/985/686 497/1014/686 482/1152/686
f 588/1015/1006 506/1016/1006 467/1533/1006
f 466/1017/1007 640/941/1007 505/940/1007
f 441/863/1008 608/885/1008 502/865/1008
f 444/1020/1009 504/1021/1009 442/1534/1009
f 628/874/1010 503/1023/1010 444/875/1010
f 443/1024/1011 502/865/1011 501/1150/1011
f 446/884/53 507/967/53 508/975/53
f 589/1025/1012 509/1026/1012 445/1535/1012
f 445/866/51 510/970/51 447/867/51
f 448/1027/1013 642/1029/1013 507/1536/1013
f 590/1030/1014 511/1031/1014 469/1197/1014
f 629/942/1015 512/1032/1015 468/1148/1015
f 635/1033/70 528/1034/70 644/1053/70
f 645/952/18 50/213/18 527/953/18
f 44/215/1016 568/918/1016 526/917/1016
f 566/1035/1017 525/1036/1017 460/1127/1017
f 40/219/698 515/839/698 524/911/698
f 431/1037/29 523/909/29 458/1137/29
f 519/857/1018 439/861/1018 521/864/1018
f 186/350/785 521/859/785 611/858/785
f 435/1039/1019 519/857/1019 517/851/1019
f 16/226/9 522/852/9 520/846/9
f 514/850/1020 435/1039/1020 517/851/1020
f 518/840/1021 16/226/1021 520/846/1021
f 432/1040/1022 573/845/1022 516/1502/1022
f 612/1042/70 432/1044/70 516/1145/70
f 5/220/1023 518/840/1023 515/839/1023
f 6/234/1024 574/833/1024 513/1055/1024
f 563/1045/1025 646/1047/1025 531/1142/1025
f 129/239/1026 530/957/1026 548/1056/1026
f 647/1048/1027 530/1050/1027 532/1054/1027
f 124/244/430 529/1051/430 534/1537/430
f 8/247/97 534/1052/97 516/1145/97
f 644/1053/710 532/1054/710 513/1538/710
f 6/234/431 532/956/431 120/130/431
f 528/1034/710 614/843/710 533/842/710
f 129/239/1028 557/1057/1028 148/258/1028
f 130/257/1029 557/1057/1029 542/1539/1029
f 557/1057/1030 538/1059/1030 542/1539/1030
f 557/1057/1031 537/1540/1031 543/1058/1031
f 539/1063/1032 558/1065/1032 556/1066/1032
f 556/1066/1033 545/1067/1033 540/1112/1033
f 558/1065/1034 536/1069/1034 545/1067/1034
f 551/1064/1035 546/1068/1035 558/1065/1035
f 541/1071/1036 559/1073/1036 555/1116/1036
f 555/1074/1037 551/1064/1037 539/1063/1037
f 559/1075/1038 535/1070/1038 551/1064/1038
f 550/1072/1039 547/1078/1039 559/1073/1039
f 540/1079/1040 560/1081/1040 554/1083/1040
f 135/1082/1041 560/1081/1041 145/1541/1041
f 145/1542/1042 549/1543/1042 132/1544/1042
f 545/1080/1043 549/1088/1043 560/1081/1043
f 535/1089/1044 561/1091/1044 546/1093/1044
f 536/1092/1045 561/1091/1045 549/1545/1045
f 561/1091/1046 132/291/1046 549/1545/1046
f 547/1090/1047 147/292/1047 561/1091/1047
f 650/1094/1048 552/1096/1048 562/1097/1048
f 650/1094/1049 151/1098/1049 258/1189/1049
f 617/1099/1050 135/1082/1050 223/1144/1050
f 617/1099/1051 540/1079/1051 554/1083/1051
f 553/1101/1052 117/1103/1052 129/1546/1052
f 648/1104/1053 563/1045/1053 544/1107/1053
f 618/1105/1054 539/1063/1054 615/1113/1054
f 553/1101/736 115/1106/736 116/1102/736
f 648/1104/1055 564/1108/1055 652/1110/1055
f 649/1109/1056 564/1108/1056 552/1547/1056
f 619/1111/1057 540/1112/1057 616/1143/1057
f 615/1113/1058 556/1066/1058 619/1111/1058
f 618/1105/1059 529/1115/1059 555/1074/1059
f 541/1071/1060 529/1117/1060 115/1106/1060
f 576/1118/1061 569/913/1061 566/1035/1061
f 167/216/1062 578/1120/1062 568/918/1062
f 653/1121/1063 577/1123/1063 567/1141/1063
f 568/918/1064 575/1124/1064 565/919/1064
f 622/1125/1065 566/915/1065 620/914/1065
f 579/1119/139 166/88/139 569/913/139
f 174/235/1066 526/917/1066 574/833/1066
f 460/1127/1067 573/845/1067 571/1041/1067
f 701/1128/1068 697/1130/1068 695/1290/1068
f 525/1036/5 173/15/5 573/845/5
f 582/1548/1069 571/1549/1069 621/1550/1069
f 574/833/1070 459/1133/1070 570/834/1070
f 523/909/139 180/327/139 579/1119/139
f 581/910/1071 576/1126/1071 622/1125/1071
f 578/1120/1072 457/1135/1072 575/1124/1072
f 655/1122/1073 474/1136/1073 577/1123/1073
f 181/320/1074 524/911/1074 578/1120/1074
f 458/1137/1075 579/1119/1075 576/1118/1075
f 474/1136/1076 622/1125/1076 577/1123/1076
f 698/1138/1077 691/1140/1077 694/1287/1077
f 567/1141/1078 622/1125/1078 620/914/1078
f 618/1105/744 531/1142/744 613/1114/744
f 544/1107/1079 619/1111/1079 564/1108/1079
f 564/1108/1080 616/1143/1080 552/1547/1080
f 563/1045/1081 615/1113/1081 544/1107/1081
f 552/1096/1082 617/1099/1082 562/1097/1082
f 562/1097/1083 223/1144/1083 151/1098/1083
f 612/1042/710 534/1052/710 614/843/710
f 528/1034/70 580/1043/70 612/1042/70
f 50/213/488 611/858/488 527/953/488
f 447/1146/1084 610/964/1084 590/1030/1084
f 589/1025/693 512/1032/693 609/972/693
f 587/1551/1085 505/1173/1085 608/1172/1085
f 443/1552/1086 607/943/1086 588/1015/1086
f 482/1553/70 605/1011/70 598/1010/70
f 488/1009/70 606/1009/70 600/1009/70
f 605/1007/1087 498/1013/1087 606/1008/1087
f 594/1006/653 491/1154/653 604/888/653
f 591/892/1088 489/1156/1088 603/930/1088
f 451/1157/1089 602/987/1089 592/936/1089
f 453/1159/680 601/995/680 593/996/680
f 494/1160/680 599/980/680 601/995/680
f 495/1158/1090 598/988/1090 602/987/1090
f 485/992/1091 599/980/1091 597/979/1091
f 609/972/49 480/963/49 596/973/49
f 610/964/52 478/1162/52 595/965/52
f 439/860/1092 588/947/1092 586/946/1092
f 501/1164/1093 590/944/1093 607/943/1093
f 595/935/1094 451/1157/1094 592/936/1094
f 603/930/1095 485/1167/1095 597/931/1095
f 680/1168/782 661/1170/782 681/1273/782
f 461/925/1096 581/910/1096 474/1136/1096
f 593/900/18 473/1003/18 594/901/18
f 480/937/654 591/892/654 596/891/654
f 604/888/653 488/1171/653 600/889/653
f 608/1554/1097 468/1555/1097 589/1556/1097
f 464/1557/1098 587/869/1098 585/868/1098
f 527/953/504 586/946/504 465/1224/504
f 463/1178/1099 585/855/1099 584/854/1099
f 583/848/1100 463/1179/1100 584/849/1100
f 614/843/1101 529/1180/1101 613/844/1101
f 572/959/1102 580/1043/1102 462/960/1102
f 575/1182/1103 636/923/1103 655/1122/1103
f 570/1558/1104 637/1559/1104 654/1560/1104
f 565/1185/1105 655/1122/1105 653/1121/1105
f 538/1186/1106 652/1110/1106 649/1109/1106
f 537/1062/1107 652/1110/1107 543/1187/1107
f 537/1062/1108 651/1046/1108 648/1104/1108
f 542/1188/1109 258/1189/1109 130/1561/1109
f 538/1190/1110 650/1094/1110 542/1188/1110
f 644/1053/710 533/842/710 647/1048/710
f 647/1048/708 531/1191/708 646/1049/708
f 651/1046/1111 530/1192/1111 646/1047/1111
f 522/1193/18 243/214/18 645/952/18
f 434/1194/70 644/1053/70 513/1538/70
f 446/1195/1112 643/961/1112 629/942/1112
f 630/1028/1113 511/1031/1113 642/1029/1113
f 467/948/1114 641/1022/1114 628/874/1114
f 627/1018/667 504/1202/667 640/941/667
f 642/968/48 479/1204/48 639/969/48
f 508/1196/50 638/962/50 643/961/50
f 570/1206/1115 635/1033/1115 434/1194/1115
f 623/924/1116 436/1208/1116 624/955/1116
f 436/1209/1117 625/950/1117 624/954/1117
f 440/1211/18 645/952/18 626/873/18
f 625/950/1118 442/1212/1118 627/951/1118
f 640/941/1119 446/1195/1119 629/942/1119
f 475/1213/666 631/939/666 638/938/666
f 633/933/18 456/1216/18 634/904/18
f 450/1217/1120 633/927/1120 631/926/1120
f 457/1183/1121 623/924/1121 636/923/1121
f 459/1133/1122 653/1219/1122 637/1184/1122
f 632/903/1123 473/1003/1123 634/904/1123
f 479/934/655 632/898/655 639/897/655
f 506/1562/1124 630/1563/1124 641/1564/1124
f 465/1224/18 628/874/18 626/873/18
f 659/1225/814 668/1227/814 660/1238/814
f 663/1228/1125 666/1230/1125 671/1266/1125
f 699/1231/1126 687/1233/1126 700/1565/1126
f 656/1169/817 668/1235/817 664/1242/817
f 681/1236/818 658/1229/818 684/1241/818
f 683/920/814 660/1238/814 685/1272/814
f 680/1168/817 660/1234/817 656/1169/817
f 665/1240/1127 658/1229/1127 663/1228/1127
f 664/1242/1128 675/1243/1128 657/1269/1128
f 669/1244/1129 673/1246/1129 666/1230/1129
f 667/1226/1130 678/1248/1130 674/1267/1130
f 705/1249/1131 690/1251/1131 702/1265/1131
f 656/1169/782 669/1252/782 661/1170/782
f 706/1253/1132 695/1255/1132 696/1277/1132
f 659/1225/1133 670/1247/1133 667/1226/1133
f 661/1237/818 666/1230/818 658/1229/818
f 657/1256/1134 674/1258/1134 672/1260/1134
f 676/1245/1135 672/1261/1135 673/1246/1135
f 673/1566/1136 677/1264/1136 679/1301/1136
f 674/1258/1137 677/1264/1137 672/1260/1137
f 703/1139/1138 690/1251/1138 691/1140/1138
f 671/1567/1139 673/1566/1139 679/1301/1139
f 667/1226/1140 675/1268/1140 668/1227/1140
f 664/1242/1141 676/1270/1141 669/1252/1141
f 621/1181/1142 684/1241/1142 665/1240/1142
f 637/1184/817 685/1239/817 680/1168/817
f 567/1271/814 685/1272/814 653/1568/814
f 654/958/818 684/1241/818 572/959/818
f 637/1184/782 681/1273/782 654/1569/782
f 705/1249/1143 689/1275/1143 693/1250/1143
f 707/1276/1144 696/1277/1144 692/1295/1144
f 567/1271/1145 682/921/1145 683/920/1145
f 698/1291/1146 697/1130/1146 708/1129/1146
f 700/1293/1147 688/1281/1147 709/1296/1147
f 699/1231/1148 692/1295/1148 686/1232/1148
f 709/1296/1149 689/1282/1149 704/1298/1149
f 582/1297/1150 704/1298/1150 620/1570/1150
f 665/1240/1151 707/1276/1151 699/1231/1151
f 621/1299/1152 709/1296/1152 582/1297/1152
f 678/1263/1153 708/1129/1153 677/1264/1153
f 663/1228/1154 706/1253/1154 707/1276/1154
f 682/921/1155 704/1274/1155 705/1249/1155
f 662/922/1156 703/1139/1156 670/1247/1156
f 671/1266/1157 701/1254/1157 706/1253/1157
f 682/921/1158 702/1265/1158 662/922/1158
f 621/1181/1159 699/1231/1159 700/1565/1159
f 670/1247/1160 698/1138/1160 678/1248/1160
f 679/1301/1161 708/1129/1161 701/1128/1161
f 712/1288/1162 717/1304/1162 713/1289/1162
f 715/1305/1163 731/1307/1163 714/1308/1163
f 714/1308/1164 711/1279/1164 715/1305/1164
f 719/1284/1165 714/1309/1165 722/1318/1165
f 725/1310/1166 711/1312/1166 720/1316/1166
f 713/1313/1167 724/1315/1167 721/1302/1167
f 724/1315/1168 720/1316/1168 721/1302/1168
f 712/1286/1169 723/1317/1169 716/1330/1169
f 718/1285/1170 722/1318/1170 723/1317/1170
f 717/1304/1171 727/1319/1171 726/1357/1171
f 722/1318/1172 728/1321/1172 723/1317/1172
f 729/1322/1173 738/1324/1173 730/1488/1173
f 732/1320/1174 739/1326/1174 740/1340/1174
f 733/1327/1175 734/1329/1175 741/1339/1175
f 717/1314/1176 733/1327/1176 724/1315/1176
f 716/1330/1177 728/1321/1177 727/1571/1177
f 714/1309/1178 732/1320/1178 722/1318/1178
f 725/1310/1179 733/1327/1179 729/1322/1179
f 715/1311/1180 729/1322/1180 730/1488/1180
f 739/1326/1181 745/1331/1181 751/1332/1181
f 739/1326/1182 752/1333/1182 740/1340/1182
f 731/1325/1183 817/1335/1183 745/1331/1183
f 735/1336/1184 743/1338/1184 727/1571/1184
f 733/1327/888 737/1323/888 729/1322/888
f 728/1321/889 740/1340/889 736/1342/889
f 737/1323/1185 753/1341/1185 749/1361/1185
f 728/1321/1186 735/1336/1186 727/1571/1186
f 751/1332/1187 757/1344/1187 752/1333/1187
f 748/1345/1188 763/1347/1188 747/1337/1188
f 753/1348/894 759/1350/894 760/1572/894
f 747/1392/70 771/1392/70 743/1392/70
f 745/1354/896 750/1356/896 751/1573/896
f 726/1357/1189 743/1358/1189 742/1574/1189
f 736/1342/1190 747/1337/1190 735/1336/1190
f 740/1340/899 748/1345/899 736/1342/899
f 738/1324/1191 744/1360/1191 730/1488/1191
f 737/1323/1192 750/1359/1192 738/1324/1192
f 734/1329/1193 742/1362/1193 746/1363/1193
f 741/1339/1194 746/1363/1194 753/1341/1194
f 767/1364/1195 790/1366/1195 789/1575/1195
f 750/1359/1196 754/1367/1196 755/1438/1196
f 759/1350/914 786/1369/914 760/1572/914
f 750/1356/924 756/1371/924 751/1573/924
f 757/1344/1197 782/1372/1197 783/1576/1197
f 777/1373/1198 793/1375/1198 775/1398/1198
f 753/1341/910 761/1377/910 749/1361/910
f 748/1345/911 758/1378/911 759/1443/911
f 748/1379/912 765/1381/912 764/1577/912
f 753/1341/1199 762/1382/1199 765/1578/1199
f 746/1383/894 763/1385/894 762/1579/894
f 767/1386/914 788/1388/914 766/1580/914
f 771/1389/1200 774/1391/1200 770/1581/1200
f 742/1362/1201 772/1582/1201 746/1363/1201
f 743/1392/70 770/1392/70 742/1392/70
f 746/1393/311 773/1395/311 747/1583/311
f 760/1376/916 787/1397/916 761/1377/916
f 773/1352/917 775/1398/917 771/1353/917
f 772/1399/918 774/1401/918 776/1437/918
f 773/1402/919 776/1404/919 777/1445/919
f 784/1444/1202 797/1584/1202 802/1475/1202
f 794/1408/1203 810/1410/1203 812/1585/1203
f 782/1372/1204 801/1412/1204 783/1576/1204
f 793/1413/914 810/1415/914 792/1430/914
f 782/1416/924 799/1418/924 800/1586/924
f 785/1368/914 804/1420/914 786/1369/914
f 766/1421/1205 791/1423/1205 769/1587/1205
f 757/1344/1206 779/1588/1206 752/1333/1206
f 768/1427/907 791/1429/907 790/1482/907
f 775/1390/906 792/1430/906 774/1391/906
f 758/1431/1207 779/1433/1207 784/1589/1207
f 754/1434/1208 778/1436/1208 780/1472/1208
f 776/1437/1209 792/1409/1209 794/1408/1209
f 755/1438/1210 780/1439/1210 781/1480/1210
f 761/1440/1211 778/1442/1211 749/1590/1211
f 759/1443/1212 784/1444/1212 785/1591/1212
f 777/1445/924 794/1446/924 795/1465/924
f 756/1371/907 781/1417/907 782/1416/907
f 801/1447/311 799/1449/311 798/1592/311
f 796/1450/1213 801/1452/1213 798/1593/1213
f 804/1453/311 802/1455/311 805/1594/311
f 796/1456/1214 802/1458/1214 797/1595/1214
f 806/1459/311 808/1461/311 809/1596/311
f 811/1462/935 812/1464/935 810/1597/935
f 795/1465/924 812/1466/924 813/1598/924
f 787/1441/1215 796/1456/1215 778/1442/1215
f 783/1467/1216 797/1451/1216 779/1599/1216
f 795/1374/1217 811/1469/1217 793/1375/1217
f 789/1387/906 806/1471/906 788/1388/906
f 780/1472/1218 796/1450/1218 798/1593/1218
f 790/1366/1219 807/1474/1219 789/1575/1219
f 784/1444/1220 803/1476/1220 785/1591/1220
f 788/1422/1221 809/1478/1221 791/1423/1221
f 787/1397/943 804/1479/943 805/1600/943
f 781/1480/1222 798/1481/1222 799/1601/1222
f 790/1482/924 809/1483/924 808/1602/924
f 817/1335/1223 819/1484/1223 821/1603/1223
f 745/1485/1224 816/1487/1224 744/1604/1224
f 730/1488/1225 816/1489/1225 814/1605/1225
f 730/1490/1226 815/1492/1226 731/1606/1226
f 819/1493/1227 820/1495/1227 821/1607/1227
f 814/1496/1228 819/1493/1228 815/1608/1228
f 816/1489/1229 818/1498/1229 814/1605/1229
f 817/1486/1230 820/1500/1230 816/1487/1230
