# Blender 5.0.1
# www.blender.org
mtllib Car6.mtl
o Cube.003
v 0.250042 0.093535 0.148148
v 0.250042 0.063888 0.148148
v 0.250042 0.093535 0.177795
v 0.250042 0.063888 0.177795
v 0.305533 0.093535 0.148148
v 0.305533 0.063888 0.148148
v 0.305533 0.093535 0.177795
v 0.305533 0.063888 0.177795
v 0.290630 0.093535 0.177795
v 0.290630 0.063888 0.177795
v 0.290630 0.093535 0.148148
v 0.290630 0.063888 0.148148
v 0.235157 0.058884 0.170514
v 0.235157 0.058884 0.155428
v 0.235157 0.043798 0.155428
v 0.235157 0.043798 0.170514
v -0.222001 0.093535 0.148148
v -0.222001 0.063888 0.148148
v -0.222001 0.093535 0.177795
v -0.222001 0.063888 0.177795
v -0.277493 0.093535 0.148148
v -0.277493 0.063888 0.148148
v -0.277493 0.093535 0.177795
v -0.277493 0.063888 0.177795
v -0.262590 0.093535 0.177795
v -0.262590 0.063888 0.177795
v -0.262590 0.093535 0.148148
v -0.262590 0.063888 0.148148
v -0.207116 0.058884 0.170514
v -0.207116 0.058884 0.155428
v -0.207116 0.043798 0.155428
v -0.207116 0.043798 0.170514
v -0.190098 -0.034844 -0.601153
v -0.190098 0.027861 -0.601153
v 0.214527 -0.034844 -0.601153
v 0.214527 0.027861 -0.601153
v 0.153079 -0.110981 -0.492749
v 0.153079 -0.110981 -0.274482
v 0.153212 -0.057426 -0.279586
v 0.153079 -0.014479 -0.306585
v 0.153079 0.009356 -0.356077
v 0.153079 0.009356 -0.411010
v 0.153079 -0.014479 -0.460502
v 0.153079 -0.057426 -0.485068
v -0.125039 -0.110981 -0.497980
v -0.125039 -0.110981 -0.277669
v -0.125039 -0.057426 -0.282547
v -0.125039 -0.014479 -0.306585
v -0.125039 0.009356 -0.356077
v -0.125039 0.009356 -0.411010
v -0.125039 -0.014479 -0.460502
v -0.125039 -0.057426 -0.488286
v 0.153079 -0.110981 0.203734
v 0.153079 -0.110981 0.429340
v 0.153079 -0.057426 0.421688
v 0.153079 -0.014479 0.391084
v 0.153079 0.009356 0.341591
v 0.153079 0.009356 0.286659
v 0.153079 -0.014479 0.237167
v 0.153079 -0.057426 0.214237
v -0.125039 -0.110981 0.200171
v -0.125039 -0.110981 0.425059
v -0.125039 -0.057426 0.418610
v -0.125039 -0.014479 0.391084
v -0.125039 0.009356 0.341591
v -0.125039 0.009356 0.286659
v -0.125039 -0.014479 0.237167
v -0.125039 -0.057426 0.208909
v 0.235047 0.072173 -0.451645
v 0.235047 0.042744 0.544502
v 0.235047 -0.116146 0.544502
v -0.207006 0.072173 -0.451645
v -0.207006 0.042744 0.544502
v -0.207006 -0.116146 0.544502
v 0.235047 0.072173 0.214125
v -0.207006 0.072173 0.214125
v -0.145712 0.202340 -0.034729
v -0.145712 0.202340 -0.292608
v 0.173753 0.202340 -0.292608
v 0.173753 0.202340 -0.034729
v 0.235047 -0.116146 -0.603888
v -0.207006 -0.116146 -0.603888
v 0.235047 0.049061 -0.603888
v -0.207006 0.049061 -0.603888
v -0.207006 0.072173 -0.229839
v -0.207006 0.072173 -0.260328
v 0.235047 -0.116146 -0.229839
v 0.235047 -0.116146 -0.260328
v -0.207006 -0.116146 -0.260328
v -0.207006 -0.116146 -0.229839
v 0.235047 0.072173 -0.260328
v 0.235047 0.072173 -0.229839
v -0.145712 0.202340 -0.245348
v -0.145712 0.202340 -0.257158
v 0.173753 0.202340 -0.257158
v 0.173753 0.202340 -0.245348
v 0.229690 0.083551 -0.272630
v 0.229690 0.083551 -0.418998
v 0.179111 0.190962 -0.287763
v 0.179111 0.190962 -0.270014
v -0.201649 0.083551 -0.218546
v -0.201649 0.083551 0.167246
v -0.151070 0.190962 -0.038103
v -0.151070 0.190962 -0.231344
v -0.201649 0.083551 -0.418998
v -0.201649 0.083551 -0.272630
v -0.151070 0.190962 -0.270014
v -0.151070 0.190962 -0.287763
v 0.229690 0.083551 0.167246
v 0.229690 0.083551 -0.218546
v 0.179111 0.190962 -0.231344
v 0.179111 0.190962 -0.038103
v 0.235047 0.072173 -0.451645
v -0.207006 0.072173 -0.451645
v -0.145712 0.202340 -0.292608
v 0.173753 0.202340 -0.292608
v 0.218341 0.080059 -0.442010
v -0.190300 0.080059 -0.442010
v -0.136433 0.194454 -0.302242
v 0.164474 0.194454 -0.302242
v -0.186073 0.079986 0.199188
v 0.214114 0.079986 0.199188
v 0.160178 0.194527 -0.019791
v -0.132137 0.194527 -0.019791
v 0.229690 0.083551 -0.418998
v 0.229690 0.083551 -0.272630
v 0.179111 0.190962 -0.270014
v 0.179111 0.190962 -0.287763
v -0.201649 0.083551 0.167246
v -0.201649 0.083551 -0.218546
v -0.151070 0.190962 -0.231344
v -0.151070 0.190962 -0.038103
v -0.201649 0.083551 -0.272630
v -0.201649 0.083551 -0.418998
v -0.151070 0.190962 -0.287763
v -0.151070 0.190962 -0.270014
v 0.229690 0.083551 -0.218546
v 0.229690 0.083551 0.167246
v 0.179111 0.190962 -0.038103
v 0.179111 0.190962 -0.231344
v -0.190300 0.080059 -0.442010
v 0.218341 0.080059 -0.442010
v 0.164474 0.194454 -0.302242
v -0.136433 0.194454 -0.302242
v -0.186073 0.079986 0.199188
v 0.214114 0.079986 0.199188
v -0.132137 0.194527 -0.019791
v 0.160178 0.194527 -0.019791
v -0.193665 0.079791 0.167246
v -0.193665 0.079791 -0.218546
v -0.143086 0.187203 -0.231344
v -0.143086 0.187203 -0.038103
v -0.198722 0.082173 -0.272630
v -0.198722 0.082173 -0.418998
v -0.148144 0.189584 -0.287763
v -0.148144 0.189584 -0.270014
v -0.197366 0.081534 -0.272630
v -0.197366 0.081534 -0.418998
v -0.146788 0.188946 -0.287763
v -0.146788 0.188946 -0.270014
v -0.196363 0.081062 -0.272630
v -0.196363 0.081062 -0.418998
v -0.145785 0.188473 -0.287763
v -0.145784 0.188473 -0.270014
v -0.190300 0.074170 -0.437191
v 0.218341 0.074170 -0.437191
v 0.164474 0.188565 -0.297423
v -0.136433 0.188565 -0.297423
v -0.190300 0.075910 -0.438615
v 0.218341 0.075910 -0.438615
v 0.164474 0.190306 -0.298847
v -0.136433 0.190306 -0.298847
v 0.226409 0.082006 -0.418998
v 0.226409 0.082006 -0.272630
v 0.175830 0.189417 -0.270014
v 0.175830 0.189417 -0.287763
v 0.220392 0.079173 -0.218546
v 0.220392 0.079173 0.167246
v 0.169813 0.186584 -0.038103
v 0.169813 0.186584 -0.231344
v 0.222903 0.080356 -0.218546
v 0.222903 0.080356 0.167246
v 0.172325 0.187767 -0.038103
v 0.172325 0.187767 -0.231344
v -0.186073 0.074681 0.196413
v 0.214114 0.074681 0.196413
v -0.132137 0.189221 -0.022566
v 0.160178 0.189221 -0.022566
v -0.195716 0.080757 0.167246
v -0.195716 0.080757 -0.218546
v -0.145137 0.188168 -0.231344
v -0.145137 0.188168 -0.038103
v 0.192519 -0.073618 0.544502
v 0.192519 0.000216 0.544502
v -0.164478 0.000216 0.544502
v -0.164478 -0.073618 0.544502
v -0.176190 -0.103382 0.544502
v 0.204230 -0.103382 0.544502
v 0.187231 -0.086383 0.544502
v -0.159191 -0.086383 0.544502
v 0.192519 0.000216 0.535026
v 0.192519 -0.073618 0.535026
v -0.164478 -0.073618 0.535026
v -0.164478 0.000216 0.535026
v -0.176190 -0.103382 0.536699
v 0.204230 -0.103382 0.536699
v -0.159191 -0.086383 0.536699
v 0.187231 -0.086383 0.536699
v -0.164478 -0.053004 0.535026
v -0.164478 -0.041784 0.535026
v 0.192519 -0.040757 0.535026
v 0.192519 -0.053351 0.535026
v 0.148248 0.000216 0.535026
v -0.120739 0.000216 0.535026
v -0.129443 -0.043069 0.535026
v 0.160382 -0.042026 0.535026
v -0.120739 0.000216 0.525944
v -0.164478 0.000216 0.525944
v -0.164478 -0.041784 0.525944
v -0.129443 -0.043069 0.525944
v 0.192519 0.000216 0.525146
v 0.192519 -0.040757 0.525146
v 0.148248 0.000216 0.525146
v 0.160382 -0.042026 0.525146
v -0.164478 -0.053004 0.543846
v -0.164478 -0.041784 0.543846
v 0.192519 -0.040757 0.543846
v 0.192519 -0.053351 0.543846
v -0.129443 -0.043069 0.543846
v 0.160382 -0.042026 0.543846
v -0.117651 -0.043027 0.535026
v 0.150403 -0.042062 0.535026
v 0.136940 0.000216 0.535026
v -0.107635 0.000216 0.535026
v -0.114895 -0.043017 0.543846
v 0.149559 -0.042065 0.543846
v -0.107635 0.000216 0.535026
v -0.120739 0.000216 0.535026
v -0.129443 -0.043069 0.535026
v -0.117651 -0.043027 0.535026
v -0.107635 0.000216 0.543650
v -0.120739 0.000216 0.543650
v -0.129443 -0.043069 0.543650
v -0.117651 -0.043027 0.543650
v 0.148248 0.000216 0.543603
v 0.160382 -0.042026 0.543603
v 0.150403 -0.042062 0.543603
v 0.136940 0.000216 0.543603
v 0.235047 -0.110981 0.429340
v 0.235047 -0.116146 0.428685
v 0.153079 -0.116146 0.428685
v 0.235047 -0.110981 0.203734
v 0.235047 -0.057426 0.421688
v 0.235047 -0.116146 0.205037
v 0.153079 -0.116146 0.205036
v 0.235047 -0.014479 0.237167
v 0.235047 0.009356 0.341591
v 0.235047 -0.014479 0.391084
v 0.235047 -0.057426 0.210038
v 0.235047 -0.043372 0.218324
v 0.235047 0.009356 0.286659
v 0.153079 -0.116146 0.214125
v -0.125039 -0.116146 0.201891
v -0.125039 -0.116146 0.214125
v -0.207006 0.009356 0.341591
v -0.207006 -0.057426 0.208909
v -0.207006 -0.110981 0.200171
v -0.207006 -0.116146 0.201891
v -0.207006 -0.014479 0.237167
v -0.207006 -0.043372 0.214125
v -0.207006 0.009356 0.286659
v -0.207006 -0.014479 0.391084
v -0.207006 -0.057426 0.418610
v -0.207006 -0.110981 0.425059
v -0.125039 -0.116146 0.422850
v -0.207006 -0.116146 0.422850
v 0.235047 -0.116146 -0.277469
v 0.235047 -0.111930 -0.274698
v 0.235047 -0.110981 -0.274482
v 0.153079 -0.116146 -0.277469
v 0.235047 -0.110981 -0.492749
v 0.235047 -0.057426 -0.279210
v 0.153079 -0.116146 -0.489884
v 0.235047 -0.116146 -0.489884
v 0.235047 -0.014479 -0.460502
v 0.235047 -0.010214 -0.451645
v 0.235047 0.009356 -0.356077
v 0.235047 -0.014479 -0.306585
v 0.235047 -0.110033 -0.274698
v 0.235047 -0.057426 -0.485068
v 0.235047 0.009356 -0.411010
v 0.153212 -0.116146 -0.452022
v -0.125039 -0.116146 -0.496209
v -0.207006 0.009356 -0.356077
v -0.207006 -0.057426 -0.488286
v -0.207006 -0.110981 -0.497980
v -0.207006 -0.116146 -0.496208
v -0.207006 -0.014479 -0.460502
v -0.207006 -0.010214 -0.451645
v -0.125039 -0.116146 -0.451645
v -0.207006 0.009356 -0.411010
v -0.207006 -0.014479 -0.306585
v -0.207006 -0.057426 -0.282547
v -0.207006 -0.110033 -0.277885
v -0.207006 -0.110981 -0.277669
v -0.125039 -0.116146 -0.278992
v -0.207006 -0.116146 -0.278992
v -0.207006 -0.111930 -0.277885
v 0.214527 -0.034844 -0.603888
v 0.214527 0.027861 -0.603888
v -0.190098 0.027861 -0.603888
v -0.190098 -0.034844 -0.603888
v -0.190098 -0.034844 -0.591571
v -0.190098 0.027861 -0.591571
v 0.214527 0.027861 -0.591571
v 0.214527 -0.034844 -0.591571
v 0.156790 0.037941 0.525213
v 0.156790 0.008294 0.525213
v 0.156790 0.037941 0.554860
v 0.156790 0.008294 0.554860
v 0.227160 0.037941 0.525213
v 0.227160 0.008294 0.525213
v 0.227160 0.037941 0.554860
v 0.227160 0.008294 0.554860
v 0.208261 0.037941 0.554860
v 0.208261 0.008294 0.554860
v 0.208261 0.037941 0.525213
v 0.208261 0.008294 0.525213
v -0.128749 0.037941 0.525213
v -0.128749 0.008294 0.525213
v -0.128749 0.037941 0.554860
v -0.128749 0.008294 0.554860
v -0.199119 0.037941 0.525213
v -0.199119 0.008294 0.525213
v -0.199119 0.037941 0.554860
v -0.199119 0.008294 0.554860
v -0.180221 0.037941 0.554860
v -0.180221 0.008294 0.554860
v -0.180221 0.037941 0.525213
v -0.180221 0.008294 0.525213
v 0.198796 -0.035365 -0.587418
v 0.198796 0.033747 -0.587418
v 0.198796 -0.035365 -0.597702
v 0.198796 0.033747 -0.597702
v 0.207534 -0.035365 -0.587418
v 0.207534 0.033747 -0.587418
v 0.207534 -0.035365 -0.597702
v 0.207534 0.033747 -0.597702
v -0.170756 -0.035365 -0.587418
v -0.170756 0.033747 -0.587418
v -0.170756 -0.035365 -0.597702
v -0.170756 0.033747 -0.597702
v -0.179493 -0.035365 -0.587418
v -0.179493 0.033747 -0.587418
v -0.179493 -0.035365 -0.597702
v -0.179493 0.033747 -0.597702
v 0.185421 -0.035365 -0.587418
v 0.185421 0.033747 -0.587418
v 0.185421 -0.035365 -0.597703
v 0.185421 0.033747 -0.597703
v 0.194158 -0.035365 -0.587418
v 0.194158 0.033747 -0.587418
v 0.194158 -0.035365 -0.597703
v 0.194158 0.033747 -0.597703
v -0.157381 -0.035365 -0.587418
v -0.157381 0.033747 -0.587418
v -0.157381 -0.035365 -0.597703
v -0.157381 0.033747 -0.597703
v -0.166118 -0.035365 -0.587418
v -0.166118 0.033747 -0.587418
v -0.166118 -0.035365 -0.597703
v -0.166118 0.033747 -0.597703
v 0.171310 -0.035365 -0.587418
v 0.171310 0.033747 -0.587418
v 0.171310 -0.035365 -0.597703
v 0.171310 0.033747 -0.597703
v 0.180046 -0.035365 -0.587418
v 0.180046 0.033747 -0.587418
v 0.180046 -0.035365 -0.597703
v 0.180046 0.033747 -0.597703
v -0.143269 -0.035365 -0.587418
v -0.143269 0.033747 -0.587418
v -0.143269 -0.035365 -0.597703
v -0.143269 0.033747 -0.597703
v -0.152006 -0.035365 -0.587418
v -0.152006 0.033747 -0.587418
v -0.152006 -0.035365 -0.597703
v -0.152006 0.033747 -0.597703
v -0.044588 -0.020508 -0.601742
v 0.064805 -0.020508 -0.601742
v -0.044588 0.016439 -0.601742
v 0.064805 0.016439 -0.601742
v -0.040984 0.012835 -0.601742
v -0.040984 -0.016904 -0.601742
v 0.061201 -0.016904 -0.601742
v 0.061201 0.012835 -0.601742
v -0.022235 0.004759 -0.603013
v -0.022235 -0.006926 -0.603013
v -0.024551 -0.006926 -0.603013
v -0.024551 -0.000810 -0.603013
v -0.024576 -0.000319 -0.603013
v -0.024651 0.000151 -0.603013
v -0.024771 0.000596 -0.603013
v -0.024933 0.001011 -0.603013
v -0.025135 0.001393 -0.603013
v -0.025374 0.001737 -0.603013
v -0.025645 0.002039 -0.603013
v -0.025946 0.002295 -0.603013
v -0.026274 0.002502 -0.603013
v -0.026626 0.002654 -0.603013
v -0.026998 0.002748 -0.603013
v -0.027387 0.002781 -0.603013
v -0.027531 0.002771 -0.603013
v -0.027688 0.002743 -0.603013
v -0.027857 0.002697 -0.603013
v -0.028034 0.002634 -0.603013
v -0.028219 0.002556 -0.603013
v -0.028409 0.002462 -0.603013
v -0.028602 0.002354 -0.603013
v -0.028796 0.002233 -0.603013
v -0.028990 0.002100 -0.603013
v -0.029181 0.001956 -0.603013
v -0.029368 0.001800 -0.603013
v -0.029547 0.001636 -0.603013
v -0.030770 0.003640 -0.603013
v -0.030531 0.003858 -0.603013
v -0.030295 0.004056 -0.603013
v -0.030061 0.004235 -0.603013
v -0.029829 0.004395 -0.603013
v -0.029598 0.004536 -0.603013
v -0.029368 0.004658 -0.603013
v -0.029139 0.004761 -0.603013
v -0.028910 0.004844 -0.603013
v -0.028681 0.004910 -0.603013
v -0.028451 0.004956 -0.603013
v -0.028219 0.004984 -0.603013
v -0.027986 0.004993 -0.603013
v -0.027712 0.004975 -0.603013
v -0.027437 0.004920 -0.603013
v -0.027161 0.004827 -0.603013
v -0.026883 0.004694 -0.603013
v -0.026604 0.004521 -0.603013
v -0.026324 0.004307 -0.603013
v -0.026041 0.004049 -0.603013
v -0.025757 0.003748 -0.603013
v -0.025472 0.003401 -0.603013
v -0.025184 0.003008 -0.603013
v -0.024894 0.002567 -0.603013
v -0.024603 0.002078 -0.603013
v -0.024551 0.002078 -0.603013
v -0.024551 0.004759 -0.603013
v -0.015468 -0.003543 -0.603013
v -0.015130 -0.003756 -0.603013
v -0.014793 -0.003954 -0.603013
v -0.014457 -0.004136 -0.603013
v -0.014120 -0.004301 -0.603013
v -0.013783 -0.004448 -0.603013
v -0.013445 -0.004577 -0.603013
v -0.013106 -0.004688 -0.603013
v -0.012766 -0.004781 -0.603013
v -0.012424 -0.004853 -0.603013
v -0.012079 -0.004906 -0.603013
v -0.011732 -0.004937 -0.603013
v -0.011383 -0.004948 -0.603013
v -0.010842 -0.004923 -0.603013
v -0.010340 -0.004849 -0.603013
v -0.009876 -0.004725 -0.603013
v -0.009450 -0.004552 -0.603013
v -0.009063 -0.004330 -0.603013
v -0.008715 -0.004060 -0.603013
v -0.008406 -0.003742 -0.603013
v -0.008136 -0.003375 -0.603013
v -0.007906 -0.002961 -0.603013
v -0.007715 -0.002499 -0.603013
v -0.007564 -0.001991 -0.603013
v -0.007453 -0.001435 -0.603013
v -0.015677 -0.001435 -0.603013
v -0.015636 -0.000401 -0.603013
v -0.015516 0.000541 -0.603013
v -0.015319 0.001392 -0.603013
v -0.015049 0.002151 -0.603013
v -0.014709 0.002820 -0.603013
v -0.014300 0.003399 -0.603013
v -0.013828 0.003888 -0.603013
v -0.013294 0.004286 -0.603013
v -0.012701 0.004596 -0.603013
v -0.012053 0.004817 -0.603013
v -0.011352 0.004949 -0.603013
v -0.010602 0.004993 -0.603013
v -0.009816 0.004944 -0.603013
v -0.009077 0.004799 -0.603013
v -0.008387 0.004564 -0.603013
v -0.007751 0.004241 -0.603013
v -0.007174 0.003836 -0.603013
v -0.006659 0.003353 -0.603013
v -0.006212 0.002797 -0.603013
v -0.005837 0.002171 -0.603013
v -0.005537 0.001480 -0.603013
v -0.005318 0.000728 -0.603013
v -0.005183 -0.000080 -0.603013
v -0.005137 -0.000941 -0.603013
v -0.005179 -0.001741 -0.603013
v -0.005304 -0.002522 -0.603013
v -0.005511 -0.003274 -0.603013
v -0.005798 -0.003987 -0.603013
v -0.006164 -0.004653 -0.603013
v -0.006607 -0.005261 -0.603013
v -0.007126 -0.005801 -0.603013
v -0.007720 -0.006265 -0.603013
v -0.008387 -0.006642 -0.603013
v -0.009125 -0.006924 -0.603013
v -0.009933 -0.007100 -0.603013
v -0.010810 -0.007160 -0.603013
v -0.011290 -0.007151 -0.603013
v -0.011744 -0.007123 -0.603013
v -0.012175 -0.007077 -0.603013
v -0.012584 -0.007011 -0.603013
v -0.012977 -0.006926 -0.603013
v -0.013354 -0.006822 -0.603013
v -0.013719 -0.006698 -0.603013
v -0.014076 -0.006555 -0.603013
v -0.014426 -0.006392 -0.603013
v -0.014773 -0.006208 -0.603013
v -0.015119 -0.006005 -0.603013
v -0.015468 -0.005781 -0.603013
v -0.007505 0.000100 -0.603013
v -0.007599 0.000545 -0.603013
v -0.007724 0.000956 -0.603013
v -0.007880 0.001331 -0.603013
v -0.008067 0.001671 -0.603013
v -0.008285 0.001973 -0.603013
v -0.008533 0.002238 -0.603013
v -0.008812 0.002464 -0.603013
v -0.009120 0.002651 -0.603013
v -0.009459 0.002798 -0.603013
v -0.009828 0.002903 -0.603013
v -0.010226 0.002968 -0.603013
v -0.010654 0.002989 -0.603013
v -0.011051 0.002966 -0.603013
v -0.011420 0.002898 -0.603013
v -0.011762 0.002787 -0.603013
v -0.012074 0.002633 -0.603013
v -0.012355 0.002440 -0.603013
v -0.012606 0.002208 -0.603013
v -0.012823 0.001940 -0.603013
v -0.013008 0.001636 -0.603013
v -0.013157 0.001298 -0.603013
v -0.013271 0.000929 -0.603013
v -0.013348 0.000529 -0.603013
v -0.013386 0.000100 -0.603013
v 0.001005 0.004186 -0.603013
v 0.001281 0.004306 -0.603013
v 0.001550 0.004418 -0.603013
v 0.001815 0.004521 -0.603013
v 0.002079 0.004615 -0.603013
v 0.002342 0.004700 -0.603013
v 0.002609 0.004775 -0.603013
v 0.002880 0.004840 -0.603013
v 0.003158 0.004894 -0.603013
v 0.003446 0.004936 -0.603013
v 0.003745 0.004967 -0.603013
v 0.004059 0.004986 -0.603013
v 0.004388 0.004993 -0.603013
v 0.005245 0.004943 -0.603013
v 0.006045 0.004794 -0.603013
v 0.006784 0.004551 -0.603013
v 0.007459 0.004216 -0.603013
v 0.008067 0.003794 -0.603013
v 0.008604 0.003288 -0.603013
v 0.009067 0.002702 -0.603013
v 0.009454 0.002040 -0.603013
v 0.009760 0.001304 -0.603013
v 0.009983 0.000499 -0.603013
v 0.010119 -0.000372 -0.603013
v 0.010165 -0.001305 -0.603013
v 0.010115 -0.002142 -0.603013
v 0.009968 -0.002931 -0.603013
v 0.009729 -0.003669 -0.603013
v 0.009402 -0.004350 -0.603013
v 0.008993 -0.004969 -0.603013
v 0.008506 -0.005521 -0.603013
v 0.007947 -0.006001 -0.603013
v 0.007320 -0.006406 -0.603013
v 0.006630 -0.006728 -0.603013
v 0.005882 -0.006965 -0.603013
v 0.005081 -0.007111 -0.603013
v 0.004232 -0.007160 -0.603013
v 0.003921 -0.007154 -0.603013
v 0.003603 -0.007135 -0.603013
v 0.003281 -0.007106 -0.603013
v 0.002958 -0.007066 -0.603013
v 0.002637 -0.007016 -0.603013
v 0.002322 -0.006959 -0.603013
v 0.002017 -0.006893 -0.603013
v 0.001724 -0.006821 -0.603013
v 0.001447 -0.006743 -0.603013
v 0.001189 -0.006660 -0.603013
v 0.000954 -0.006573 -0.603013
v 0.000745 -0.006484 -0.603013
v 0.000745 -0.004194 -0.603013
v 0.001033 -0.004318 -0.603013
v 0.001312 -0.004432 -0.603013
v 0.001583 -0.004535 -0.603013
v 0.001848 -0.004627 -0.603013
v 0.002107 -0.004709 -0.603013
v 0.002361 -0.004779 -0.603013
v 0.002612 -0.004839 -0.603013
v 0.002859 -0.004888 -0.603013
v 0.003105 -0.004925 -0.603013
v 0.003350 -0.004953 -0.603013
v 0.003595 -0.004969 -0.603013
v 0.003841 -0.004974 -0.603013
v 0.004422 -0.004944 -0.603013
v 0.004966 -0.004855 -0.603013
v 0.005470 -0.004709 -0.603013
v 0.005931 -0.004507 -0.603013
v 0.006348 -0.004251 -0.603013
v 0.006717 -0.003943 -0.603013
v 0.007037 -0.003585 -0.603013
v 0.007304 -0.003178 -0.603013
v 0.007516 -0.002724 -0.603013
v 0.007670 -0.002224 -0.603013
v 0.007765 -0.001681 -0.603013
v 0.007797 -0.001097 -0.603013
v 0.007767 -0.000521 -0.603013
v 0.007679 0.000019 -0.603013
v 0.007536 0.000520 -0.603013
v 0.007341 0.000981 -0.603013
v 0.007096 0.001399 -0.603013
v 0.006805 0.001769 -0.603013
v 0.006470 0.002091 -0.603013
v 0.006093 0.002360 -0.603013
v 0.005678 0.002574 -0.603013
v 0.005228 0.002730 -0.603013
v 0.004745 0.002826 -0.603013
v 0.004232 0.002859 -0.603013
v 0.003980 0.002853 -0.603013
v 0.003733 0.002836 -0.603013
v 0.003486 0.002804 -0.603013
v 0.003239 0.002759 -0.603013
v 0.002990 0.002697 -0.603013
v 0.002735 0.002618 -0.603013
v 0.002475 0.002521 -0.603013
v 0.002206 0.002404 -0.603013
v 0.001926 0.002266 -0.603013
v 0.001634 0.002106 -0.603013
v 0.001328 0.001922 -0.603013
v 0.001005 0.001714 -0.603013
v 0.016593 0.008298 -0.603013
v 0.016606 0.008484 -0.603013
v 0.016643 0.008662 -0.603013
v 0.016703 0.008832 -0.603013
v 0.016783 0.008991 -0.603013
v 0.016883 0.009138 -0.603013
v 0.017000 0.009271 -0.603013
v 0.017133 0.009388 -0.603013
v 0.017279 0.009487 -0.603013
v 0.017439 0.009568 -0.603013
v 0.017608 0.009627 -0.603013
v 0.017787 0.009665 -0.603013
v 0.017972 0.009677 -0.603013
v 0.018158 0.009665 -0.603013
v 0.018337 0.009627 -0.603013
v 0.018506 0.009568 -0.603013
v 0.018665 0.009487 -0.603013
v 0.018812 0.009388 -0.603013
v 0.018945 0.009271 -0.603013
v 0.019062 0.009138 -0.603013
v 0.019162 0.008991 -0.603013
v 0.019242 0.008832 -0.603013
v 0.019302 0.008662 -0.603013
v 0.019339 0.008484 -0.603013
v 0.019352 0.008298 -0.603013
v 0.019339 0.008112 -0.603013
v 0.019302 0.007934 -0.603013
v 0.019242 0.007764 -0.603013
v 0.019162 0.007605 -0.603013
v 0.019062 0.007458 -0.603013
v 0.018945 0.007325 -0.603013
v 0.018812 0.007208 -0.603013
v 0.018665 0.007109 -0.603013
v 0.018506 0.007028 -0.603013
v 0.018337 0.006968 -0.603013
v 0.018158 0.006931 -0.603013
v 0.017972 0.006919 -0.603013
v 0.017787 0.006931 -0.603013
v 0.017608 0.006968 -0.603013
v 0.017439 0.007028 -0.603013
v 0.017279 0.007109 -0.603013
v 0.017133 0.007208 -0.603013
v 0.017000 0.007325 -0.603013
v 0.016883 0.007458 -0.603013
v 0.016783 0.007605 -0.603013
v 0.016703 0.007764 -0.603013
v 0.016643 0.007934 -0.603013
v 0.016606 0.008112 -0.603013
v 0.016827 0.004759 -0.603013
v 0.019144 0.004759 -0.603013
v 0.019144 -0.006926 -0.603013
v 0.016827 -0.006926 -0.603013
v 0.026378 -0.006926 -0.603013
v 0.026378 0.004759 -0.603013
v 0.028694 0.004759 -0.603013
v 0.028694 -0.003595 -0.603013
v 0.028888 -0.003851 -0.603013
v 0.029090 -0.004087 -0.603013
v 0.029301 -0.004301 -0.603013
v 0.029520 -0.004494 -0.603013
v 0.029747 -0.004666 -0.603013
v 0.029979 -0.004815 -0.603013
v 0.030218 -0.004942 -0.603013
v 0.030462 -0.005047 -0.603013
v 0.030711 -0.005128 -0.603013
v 0.030964 -0.005187 -0.603013
v 0.031220 -0.005223 -0.603013
v 0.031479 -0.005235 -0.603013
v 0.031859 -0.005215 -0.603013
v 0.032207 -0.005158 -0.603013
v 0.032523 -0.005062 -0.603013
v 0.032805 -0.004931 -0.603013
v 0.033055 -0.004763 -0.603013
v 0.033271 -0.004561 -0.603013
v 0.033455 -0.004325 -0.603013
v 0.033605 -0.004055 -0.603013
v 0.033722 -0.003752 -0.603013
v 0.033806 -0.003418 -0.603013
v 0.033856 -0.003053 -0.603013
v 0.033873 -0.002658 -0.603013
v 0.033873 0.004759 -0.603013
v 0.036189 0.004759 -0.603013
v 0.036189 -0.002502 -0.603013
v 0.036155 -0.003217 -0.603013
v 0.036055 -0.003877 -0.603013
v 0.035892 -0.004481 -0.603013
v 0.035670 -0.005028 -0.603013
v 0.035391 -0.005516 -0.603013
v 0.035060 -0.005944 -0.603013
v 0.034680 -0.006309 -0.603013
v 0.034254 -0.006612 -0.603013
v 0.033785 -0.006850 -0.603013
v 0.033277 -0.007021 -0.603013
v 0.032732 -0.007125 -0.603013
v 0.032156 -0.007160 -0.603013
v 0.031865 -0.007146 -0.603013
v 0.031568 -0.007105 -0.603013
v 0.031267 -0.007038 -0.603013
v 0.030963 -0.006946 -0.603013
v 0.030659 -0.006830 -0.603013
v 0.030357 -0.006692 -0.603013
v 0.030058 -0.006532 -0.603013
v 0.029765 -0.006351 -0.603013
v 0.029480 -0.006150 -0.603013
v 0.029206 -0.005931 -0.603013
v 0.028943 -0.005695 -0.603013
v 0.028694 -0.005443 -0.603013
v 0.028694 -0.006926 -0.603013
v 0.043632 0.010822 -0.603013
v 0.046182 0.010822 -0.603013
v 0.046182 -0.006380 -0.603013
v 0.046189 -0.007040 -0.603013
v 0.046212 -0.007642 -0.603013
v 0.046261 -0.008186 -0.603013
v 0.046343 -0.008672 -0.603013
v 0.046466 -0.009100 -0.603013
v 0.046638 -0.009470 -0.603013
v 0.046866 -0.009783 -0.603013
v 0.047158 -0.010038 -0.603013
v 0.047522 -0.010237 -0.603013
v 0.047966 -0.010378 -0.603013
v 0.048497 -0.010463 -0.603013
v 0.049123 -0.010491 -0.603013
v 0.049774 -0.010491 -0.603013
v 0.049305 -0.012860 -0.603013
v 0.049241 -0.012866 -0.603013
v 0.049179 -0.012872 -0.603013
v 0.049117 -0.012879 -0.603013
v 0.049057 -0.012885 -0.603013
v 0.048996 -0.012890 -0.603013
v 0.048934 -0.012895 -0.603013
v 0.048872 -0.012900 -0.603013
v 0.048808 -0.012904 -0.603013
v 0.048742 -0.012907 -0.603013
v 0.048673 -0.012910 -0.603013
v 0.048601 -0.012911 -0.603013
v 0.048525 -0.012912 -0.603013
v 0.047679 -0.012861 -0.603013
v 0.046924 -0.012713 -0.603013
v 0.046256 -0.012474 -0.603013
v 0.045672 -0.012148 -0.603013
v 0.045168 -0.011743 -0.603013
v 0.044741 -0.011262 -0.603013
v 0.044389 -0.010713 -0.603013
v 0.044108 -0.010101 -0.603013
v 0.043895 -0.009431 -0.603013
v 0.043747 -0.008710 -0.603013
v 0.043660 -0.007942 -0.603013
v 0.043632 -0.007134 -0.603013
v -0.027986 0.004993 -0.607684
v -0.027712 0.004975 -0.607684
v -0.028219 0.004984 -0.607684
v -0.028451 0.004956 -0.607684
v -0.027437 0.004920 -0.607684
v -0.028681 0.004910 -0.607684
v -0.027161 0.004827 -0.607684
v -0.028910 0.004844 -0.607684
v -0.029139 0.004761 -0.607684
v -0.026883 0.004694 -0.607684
v -0.029368 0.004658 -0.607684
v -0.022235 0.004759 -0.607684
v -0.022235 -0.006926 -0.607684
v -0.024551 0.004759 -0.607684
v -0.024551 0.002078 -0.607684
v -0.026604 0.004521 -0.607684
v -0.029598 0.004536 -0.607684
v -0.029829 0.004395 -0.607684
v -0.026324 0.004307 -0.607684
v -0.030061 0.004235 -0.607684
v -0.026041 0.004049 -0.607684
v -0.030295 0.004056 -0.607684
v -0.030531 0.003858 -0.607684
v -0.025757 0.003748 -0.607684
v -0.030770 0.003640 -0.607684
v -0.025472 0.003401 -0.607684
v -0.027857 0.002697 -0.607684
v -0.028034 0.002634 -0.607684
v -0.028219 0.002556 -0.607684
v -0.028409 0.002462 -0.607684
v -0.028602 0.002354 -0.607684
v -0.028796 0.002233 -0.607684
v -0.028990 0.002100 -0.607684
v -0.029181 0.001956 -0.607684
v -0.029368 0.001800 -0.607684
v -0.029547 0.001636 -0.607684
v -0.025184 0.003008 -0.607684
v -0.027531 0.002771 -0.607684
v -0.027688 0.002743 -0.607684
v -0.024894 0.002567 -0.607684
v -0.026998 0.002748 -0.607684
v -0.027387 0.002781 -0.607684
v -0.026626 0.002654 -0.607684
v -0.026274 0.002502 -0.607684
v -0.024603 0.002078 -0.607684
v -0.025946 0.002295 -0.607684
v -0.025645 0.002039 -0.607684
v -0.024771 0.000596 -0.607684
v -0.024933 0.001011 -0.607684
v -0.025135 0.001393 -0.607684
v -0.025374 0.001737 -0.607684
v -0.024651 0.000151 -0.607684
v -0.024576 -0.000319 -0.607684
v -0.024551 -0.000810 -0.607684
v -0.024551 -0.006926 -0.607684
v -0.010602 0.004993 -0.607684
v -0.009816 0.004944 -0.607684
v -0.011352 0.004949 -0.607684
v -0.012053 0.004817 -0.607684
v -0.009077 0.004799 -0.607684
v -0.012701 0.004596 -0.607684
v -0.008387 0.004564 -0.607684
v -0.013294 0.004286 -0.607684
v -0.007751 0.004241 -0.607684
v -0.013828 0.003888 -0.607684
v -0.007174 0.003836 -0.607684
v -0.014300 0.003399 -0.607684
v -0.006659 0.003353 -0.607684
v -0.014709 0.002820 -0.607684
v -0.006212 0.002797 -0.607684
v -0.010654 0.002989 -0.607684
v -0.010226 0.002968 -0.607684
v -0.011051 0.002966 -0.607684
v -0.009828 0.002903 -0.607684
v -0.011420 0.002898 -0.607684
v -0.009459 0.002798 -0.607684
v -0.011762 0.002787 -0.607684
v -0.015049 0.002151 -0.607684
v -0.009120 0.002651 -0.607684
v -0.005837 0.002171 -0.607684
v -0.012074 0.002633 -0.607684
v -0.008812 0.002464 -0.607684
v -0.012355 0.002440 -0.607684
v -0.008533 0.002238 -0.607684
v -0.012606 0.002208 -0.607684
v -0.008285 0.001973 -0.607684
v -0.012823 0.001940 -0.607684
v -0.005537 0.001480 -0.607684
v -0.015319 0.001392 -0.607684
v -0.008067 0.001671 -0.607684
v -0.013008 0.001636 -0.607684
v -0.007880 0.001331 -0.607684
v -0.013157 0.001298 -0.607684
v -0.005318 0.000728 -0.607684
v -0.015516 0.000541 -0.607684
v -0.007724 0.000956 -0.607684
v -0.013271 0.000929 -0.607684
v -0.007599 0.000545 -0.607684
v -0.013348 0.000529 -0.607684
v -0.005183 -0.000080 -0.607684
v -0.007505 0.000100 -0.607684
v -0.015636 -0.000401 -0.607684
v -0.013386 0.000100 -0.607684
v -0.005137 -0.000941 -0.607684
v -0.015677 -0.001435 -0.607684
v -0.005179 -0.001741 -0.607684
v -0.007453 -0.001435 -0.607684
v -0.007564 -0.001991 -0.607684
v -0.005304 -0.002522 -0.607684
v -0.007715 -0.002499 -0.607684
v -0.007906 -0.002961 -0.607684
v -0.005511 -0.003274 -0.607684
v -0.008136 -0.003375 -0.607684
v -0.005798 -0.003987 -0.607684
v -0.008406 -0.003742 -0.607684
v -0.015468 -0.003543 -0.607684
v -0.015130 -0.003756 -0.607684
v -0.015468 -0.005781 -0.607684
v -0.008715 -0.004060 -0.607684
v -0.014793 -0.003954 -0.607684
v -0.014457 -0.004136 -0.607684
v -0.006164 -0.004653 -0.607684
v -0.009063 -0.004330 -0.607684
v -0.014120 -0.004301 -0.607684
v -0.013783 -0.004448 -0.607684
v -0.009450 -0.004552 -0.607684
v -0.013445 -0.004577 -0.607684
v -0.009876 -0.004725 -0.607684
v -0.013106 -0.004688 -0.607684
v -0.006607 -0.005261 -0.607684
v -0.012766 -0.004781 -0.607684
v -0.010340 -0.004849 -0.607684
v -0.012424 -0.004853 -0.607684
v -0.010842 -0.004923 -0.607684
v -0.012079 -0.004906 -0.607684
v -0.011732 -0.004937 -0.607684
v -0.011383 -0.004948 -0.607684
v -0.007126 -0.005801 -0.607684
v -0.015119 -0.006005 -0.607684
v -0.007720 -0.006265 -0.607684
v -0.014773 -0.006208 -0.607684
v -0.014426 -0.006392 -0.607684
v -0.008387 -0.006642 -0.607684
v -0.014076 -0.006555 -0.607684
v -0.013719 -0.006698 -0.607684
v -0.009125 -0.006924 -0.607684
v -0.013354 -0.006822 -0.607684
v -0.012977 -0.006926 -0.607684
v -0.009933 -0.007100 -0.607684
v -0.012584 -0.007011 -0.607684
v -0.012175 -0.007077 -0.607684
v -0.011744 -0.007123 -0.607684
v -0.010810 -0.007160 -0.607684
v -0.011290 -0.007151 -0.607684
v 0.004388 0.004993 -0.607684
v 0.005245 0.004943 -0.607684
v 0.004059 0.004986 -0.607684
v 0.003745 0.004967 -0.607684
v 0.003446 0.004936 -0.607684
v 0.006045 0.004794 -0.607684
v 0.003158 0.004894 -0.607684
v 0.002880 0.004840 -0.607684
v 0.002609 0.004775 -0.607684
v 0.006784 0.004551 -0.607684
v 0.002342 0.004700 -0.607684
v 0.002079 0.004615 -0.607684
v 0.001815 0.004521 -0.607684
v 0.007459 0.004216 -0.607684
v 0.001550 0.004418 -0.607684
v 0.001281 0.004306 -0.607684
v 0.001005 0.004186 -0.607684
v 0.008067 0.003794 -0.607684
v 0.003239 0.002759 -0.607684
v 0.002990 0.002697 -0.607684
v 0.002735 0.002618 -0.607684
v 0.002475 0.002521 -0.607684
v 0.002206 0.002404 -0.607684
v 0.001926 0.002266 -0.607684
v 0.001634 0.002106 -0.607684
v 0.001328 0.001922 -0.607684
v 0.001005 0.001714 -0.607684
v 0.008604 0.003288 -0.607684
v 0.003733 0.002836 -0.607684
v 0.003486 0.002804 -0.607684
v 0.009067 0.002702 -0.607684
v 0.004232 0.002859 -0.607684
v 0.003980 0.002853 -0.607684
v 0.004745 0.002826 -0.607684
v 0.005228 0.002730 -0.607684
v 0.005678 0.002574 -0.607684
v 0.009454 0.002040 -0.607684
v 0.006093 0.002360 -0.607684
v 0.006470 0.002091 -0.607684
v 0.006805 0.001769 -0.607684
v 0.009760 0.001304 -0.607684
v 0.007096 0.001399 -0.607684
v 0.007341 0.000981 -0.607684
v 0.009983 0.000499 -0.607684
v 0.007536 0.000520 -0.607684
v 0.007679 0.000019 -0.607684
v 0.010119 -0.000372 -0.607684
v 0.007767 -0.000521 -0.607684
v 0.010165 -0.001305 -0.607684
v 0.007797 -0.001097 -0.607684
v 0.007765 -0.001681 -0.607684
v 0.010115 -0.002142 -0.607684
v 0.007670 -0.002224 -0.607684
v 0.009968 -0.002931 -0.607684
v 0.007516 -0.002724 -0.607684
v 0.007304 -0.003178 -0.607684
v 0.009729 -0.003669 -0.607684
v 0.007037 -0.003585 -0.607684
v 0.006717 -0.003943 -0.607684
v 0.009402 -0.004350 -0.607684
v 0.006348 -0.004251 -0.607684
v 0.000745 -0.004194 -0.607684
v 0.001033 -0.004318 -0.607684
v 0.000745 -0.006484 -0.607684
v 0.005931 -0.004507 -0.607684
v 0.001312 -0.004432 -0.607684
v 0.008993 -0.004969 -0.607684
v 0.001583 -0.004535 -0.607684
v 0.005470 -0.004709 -0.607684
v 0.001848 -0.004627 -0.607684
v 0.002107 -0.004709 -0.607684
v 0.002361 -0.004779 -0.607684
v 0.004966 -0.004855 -0.607684
v 0.002612 -0.004839 -0.607684
v 0.002859 -0.004888 -0.607684
v 0.004422 -0.004944 -0.607684
v 0.003105 -0.004925 -0.607684
v 0.003350 -0.004953 -0.607684
v 0.003841 -0.004974 -0.607684
v 0.003595 -0.004969 -0.607684
v 0.008506 -0.005521 -0.607684
v 0.007947 -0.006001 -0.607684
v 0.007320 -0.006406 -0.607684
v 0.006630 -0.006728 -0.607684
v 0.000954 -0.006573 -0.607684
v 0.001189 -0.006660 -0.607684
v 0.001447 -0.006743 -0.607684
v 0.005882 -0.006965 -0.607684
v 0.001724 -0.006821 -0.607684
v 0.002017 -0.006893 -0.607684
v 0.002322 -0.006959 -0.607684
v 0.002637 -0.007016 -0.607684
v 0.005081 -0.007111 -0.607684
v 0.002958 -0.007066 -0.607684
v 0.003281 -0.007106 -0.607684
v 0.003603 -0.007135 -0.607684
v 0.004232 -0.007160 -0.607684
v 0.003921 -0.007154 -0.607684
v 0.019144 0.004759 -0.607684
v 0.019144 -0.006926 -0.607684
v 0.016827 0.004759 -0.607684
v 0.016827 -0.006926 -0.607684
v 0.017972 0.009677 -0.607684
v 0.018158 0.009665 -0.607684
v 0.017787 0.009665 -0.607684
v 0.017608 0.009627 -0.607684
v 0.018337 0.009627 -0.607684
v 0.017439 0.009568 -0.607684
v 0.018506 0.009568 -0.607684
v 0.017279 0.009487 -0.607684
v 0.018665 0.009487 -0.607684
v 0.017133 0.009388 -0.607684
v 0.018812 0.009388 -0.607684
v 0.017000 0.009271 -0.607684
v 0.018945 0.009271 -0.607684
v 0.016883 0.009138 -0.607684
v 0.019062 0.009138 -0.607684
v 0.016783 0.008991 -0.607684
v 0.019162 0.008991 -0.607684
v 0.016703 0.008832 -0.607684
v 0.019242 0.008832 -0.607684
v 0.016643 0.008662 -0.607684
v 0.019302 0.008662 -0.607684
v 0.016606 0.008484 -0.607684
v 0.019339 0.008484 -0.607684
v 0.016593 0.008298 -0.607684
v 0.019352 0.008298 -0.607684
v 0.019339 0.008112 -0.607684
v 0.016606 0.008112 -0.607684
v 0.016643 0.007934 -0.607684
v 0.019302 0.007934 -0.607684
v 0.016703 0.007764 -0.607684
v 0.019242 0.007764 -0.607684
v 0.016783 0.007605 -0.607684
v 0.019162 0.007605 -0.607684
v 0.016883 0.007458 -0.607684
v 0.019062 0.007458 -0.607684
v 0.017000 0.007325 -0.607684
v 0.018945 0.007325 -0.607684
v 0.017133 0.007208 -0.607684
v 0.018812 0.007208 -0.607684
v 0.017279 0.007109 -0.607684
v 0.018665 0.007109 -0.607684
v 0.017439 0.007028 -0.607684
v 0.018506 0.007028 -0.607684
v 0.017608 0.006968 -0.607684
v 0.018337 0.006968 -0.607684
v 0.017787 0.006931 -0.607684
v 0.018158 0.006931 -0.607684
v 0.017972 0.006919 -0.607684
v 0.036189 0.004759 -0.607684
v 0.036189 -0.002502 -0.607684
v 0.033873 0.004759 -0.607684
v 0.033873 -0.002658 -0.607684
v 0.028694 0.004759 -0.607684
v 0.028694 -0.003595 -0.607684
v 0.026378 0.004759 -0.607684
v 0.026378 -0.006926 -0.607684
v 0.036155 -0.003217 -0.607684
v 0.033856 -0.003053 -0.607684
v 0.033806 -0.003418 -0.607684
v 0.036055 -0.003877 -0.607684
v 0.033722 -0.003752 -0.607684
v 0.028888 -0.003851 -0.607684
v 0.033605 -0.004055 -0.607684
v 0.029090 -0.004087 -0.607684
v 0.035892 -0.004481 -0.607684
v 0.033455 -0.004325 -0.607684
v 0.029301 -0.004301 -0.607684
v 0.029520 -0.004494 -0.607684
v 0.033271 -0.004561 -0.607684
v 0.035670 -0.005028 -0.607684
v 0.029747 -0.004666 -0.607684
v 0.033055 -0.004763 -0.607684
v 0.029979 -0.004815 -0.607684
v 0.028694 -0.005443 -0.607684
v 0.032805 -0.004931 -0.607684
v 0.030218 -0.004942 -0.607684
v 0.032523 -0.005062 -0.607684
v 0.030462 -0.005047 -0.607684
v 0.035391 -0.005516 -0.607684
v 0.030711 -0.005128 -0.607684
v 0.032207 -0.005158 -0.607684
v 0.030964 -0.005187 -0.607684
v 0.031859 -0.005215 -0.607684
v 0.031220 -0.005223 -0.607684
v 0.031479 -0.005235 -0.607684
v 0.028943 -0.005695 -0.607684
v 0.028694 -0.006926 -0.607684
v 0.035060 -0.005944 -0.607684
v 0.029206 -0.005931 -0.607684
v 0.029480 -0.006150 -0.607684
v 0.034680 -0.006309 -0.607684
v 0.029765 -0.006351 -0.607684
v 0.034254 -0.006612 -0.607684
v 0.030058 -0.006532 -0.607684
v 0.030357 -0.006692 -0.607684
v 0.033785 -0.006850 -0.607684
v 0.030659 -0.006830 -0.607684
v 0.030963 -0.006946 -0.607684
v 0.033277 -0.007021 -0.607684
v 0.031267 -0.007038 -0.607684
v 0.032732 -0.007125 -0.607684
v 0.031568 -0.007105 -0.607684
v 0.031865 -0.007146 -0.607684
v 0.032156 -0.007160 -0.607684
v 0.046182 0.010822 -0.607684
v 0.046182 -0.006380 -0.607684
v 0.043632 0.010822 -0.607684
v 0.043632 -0.007134 -0.607684
v 0.046189 -0.007040 -0.607684
v 0.046212 -0.007642 -0.607684
v 0.043660 -0.007942 -0.607684
v 0.046261 -0.008186 -0.607684
v 0.043747 -0.008710 -0.607684
v 0.046343 -0.008672 -0.607684
v 0.046466 -0.009100 -0.607684
v 0.043895 -0.009431 -0.607684
v 0.046638 -0.009470 -0.607684
v 0.044108 -0.010101 -0.607684
v 0.046866 -0.009783 -0.607684
v 0.047158 -0.010038 -0.607684
v 0.047522 -0.010237 -0.607684
v 0.044389 -0.010713 -0.607684
v 0.047966 -0.010378 -0.607684
v 0.048497 -0.010463 -0.607684
v 0.049123 -0.010491 -0.607684
v 0.049774 -0.010491 -0.607684
v 0.049305 -0.012860 -0.607684
v 0.044741 -0.011262 -0.607684
v 0.045168 -0.011743 -0.607684
v 0.045672 -0.012148 -0.607684
v 0.046256 -0.012474 -0.607684
v 0.046924 -0.012713 -0.607684
v 0.047679 -0.012861 -0.607684
v 0.049241 -0.012866 -0.607684
v 0.048525 -0.012912 -0.607684
v 0.049179 -0.012872 -0.607684
v 0.049117 -0.012879 -0.607684
v 0.049057 -0.012885 -0.607684
v 0.048996 -0.012890 -0.607684
v 0.048934 -0.012895 -0.607684
v 0.048872 -0.012900 -0.607684
v 0.048808 -0.012904 -0.607684
v 0.048742 -0.012907 -0.607684
v 0.048673 -0.012910 -0.607684
v 0.048601 -0.012911 -0.607684
vn -0.4394 -0.0000 0.8983
vn 1.0000 -0.0000 -0.0000
vn -0.0000 -1.0000 -0.0000
vn -0.0000 -0.0000 1.0000
vn -0.0000 1.0000 -0.0000
vn -0.0000 -0.0000 -1.0000
vn -0.9188 0.3947 -0.0000
vn -0.4394 -0.0000 -0.8983
vn 0.8035 -0.5953 -0.0000
vn -0.4393 -0.0000 -0.8983
vn -1.0000 -0.0000 -0.0000
vn 0.4394 -0.0000 0.8983
vn 0.9188 0.3947 -0.0000
vn 0.4394 -0.0000 -0.8983
vn -0.8035 -0.5953 -0.0000
vn 0.4393 -0.0000 -0.8983
vn 0.9611 0.2761 -0.0000
vn 0.4263 0.9046 -0.0000
vn 0.4259 0.9047 -0.0000
vn 0.4261 0.9047 -0.0000
vn -0.0000 -0.5396 -0.8419
vn -0.0000 0.5492 -0.8357
vn -0.3689 0.7832 0.5005
vn -0.3690 0.7832 0.5005
vn -0.0000 -0.9010 0.4339
vn 1.0000 -0.0003 0.0001
vn 1.0000 -0.0015 0.0027
vn 1.0000 -0.0021 0.0032
vn -0.9583 0.1810 0.2212
vn -0.0001 0.2520 -0.9677
vn -0.0002 0.2500 -0.9683
vn -0.0003 0.2481 -0.9687
vn -0.0000 -0.9010 -0.4339
vn -0.9804 0.1971 -0.0000
vn -0.0000 -0.1196 -0.9928
vn 0.0094 0.0199 -0.9998
vn 0.0457 -0.0970 -0.9942
vn 0.0457 0.0970 0.9942
vn 0.0456 0.0970 0.9942
vn -0.0000 -0.1610 0.9869
vn 0.0441 -0.5074 0.8606
vn -0.0000 -0.4884 -0.8726
vn -0.0000 0.3932 -0.9194
vn -0.0000 0.3160 0.9488
vn -0.0000 -0.1414 -0.9899
vn -0.0457 0.0970 0.9942
vn -0.0000 -0.3479 0.9375
vn -0.4260 0.9047 -0.0000
vn -0.0000 0.9887 -0.1501
vn -0.3690 -0.7836 0.4997
vn -0.2132 -0.4529 -0.8657
vn -0.0000 -0.0000 -0.0000
vn 0.3894 -0.8269 -0.4056
vn 0.2859 -0.6070 0.7415
vn 0.4254 -0.9034 -0.0536
vn 0.4236 -0.8995 0.1071
vn -0.0000 -0.6333 -0.7739
vn -0.9047 0.4260 -0.0000
vn 1.0000 0.0001 -0.0000
vn -0.0000 0.4635 -0.8861
vn -0.0000 -0.4634 0.8861
vn 0.9047 0.4260 -0.0000
vn -0.9047 0.4261 -0.0000
vn -1.0000 -0.0001 -0.0000
vn -0.3894 -0.8269 0.4056
vn -0.2858 -0.6070 -0.7415
vn -0.0000 0.7738 -0.6334
vn -0.0000 0.8861 0.4635
vn 0.4262 -0.9046 -0.0000
vn 0.4258 0.9048 -0.0000
vn 0.4260 0.9047 -0.0000
vn 0.3688 -0.7832 -0.5005
vn -0.0000 0.1258 -0.9921
vn -0.0094 0.0199 -0.9998
vn -0.0000 -0.5432 0.8396
vn 0.3690 -0.7837 -0.4997
vn 0.2132 -0.4528 0.8657
vn 0.4260 -0.9047 -0.0110
vn 0.4260 -0.9045 0.0220
vn -0.4254 -0.9034 0.0536
vn -0.4235 -0.8995 -0.1071
vn 0.3894 -0.8270 0.4056
vn 0.2858 -0.6070 -0.7415
vn -0.3894 -0.8269 -0.4056
vn -0.2858 -0.6070 0.7415
vn -0.3690 -0.7836 -0.4997
vn -0.2132 -0.4528 0.8657
vn 0.3690 -0.7836 0.4997
vn 0.2133 -0.4528 -0.8657
vn -0.4260 -0.9046 0.0110
vn -0.4259 -0.9045 -0.0220
vn -0.0000 0.6333 0.7739
vn -0.0000 0.9961 0.0887
vn -0.4262 -0.9046 -0.0000
vn -0.4261 -0.9047 -0.0000
vn -0.4265 -0.9045 -0.0000
vn -0.0000 0.3244 0.9459
vn -0.0000 0.3245 0.9459
vn -0.4260 -0.9047 -0.0000
vn -0.4259 -0.9048 -0.0000
vn 0.3689 0.7832 0.5005
vn 0.3686 0.7833 0.5005
vn -0.9770 -0.0988 0.1889
vn -0.4261 0.9047 -0.0000
vn -0.0000 -0.5803 -0.8144
vn -0.3159 -0.6709 0.6709
vn -0.3163 -0.6707 0.6709
vn -0.3160 -0.6709 0.6709
vn 0.0003 -0.0886 -0.9961
vn 0.0014 -0.0904 -0.9959
vn -0.0000 -0.0883 -0.9961
vn -0.3157 -0.6710 0.6709
vn -0.9583 -0.1810 -0.2212
vn -0.0000 -0.4965 0.8680
vn 0.9583 -0.1810 -0.2212
vn 0.9583 0.1810 0.2212
vn 0.3155 -0.6710 0.6710
vn 0.3159 -0.6709 0.6709
vn 0.3156 -0.6710 0.6710
vn -0.0000 -0.1169 0.9931
vn -0.0000 0.6335 0.7738
vn -0.0000 0.6331 0.7741
vn 0.0006 -0.5329 -0.8462
vn 0.0034 -0.5368 -0.8437
vn -0.0000 -0.5322 -0.8466
vn -0.3688 -0.7832 -0.5005
vn -0.3688 -0.7833 -0.5005
vn -0.0457 -0.0970 -0.9942
vn -0.0456 -0.0970 -0.9942
vn -0.0036 1.0000 -0.0000
vn -0.0000 0.2446 0.9696
vn -0.0000 0.2444 0.9697
vn 0.4260 -0.9047 -0.0000
vn 0.4262 0.9046 -0.0000
vn 0.4257 0.9048 -0.0000
vn 0.9770 -0.0988 0.1890
vn 0.9770 -0.0988 0.1889
vn 0.0040 -0.0867 -0.9962
vn -0.0007 -0.0939 -0.9956
vn -0.0015 -0.0949 -0.9955
vn 0.0036 -1.0000 -0.0000
vn -1.0000 -0.0035 -0.0000
vn -1.0000 -0.0036 -0.0000
vn -0.0010 -1.0000 -0.0000
vn -0.1971 -0.9804 -0.0000
vn -0.1970 -0.9804 -0.0000
vn -0.2257 -0.9742 -0.0000
vn -0.2256 -0.9742 -0.0000
vn -0.0000 0.4851 0.8745
vn -0.0411 -0.5492 0.8347
vn -0.0000 0.2219 -0.9751
vn -0.0000 -0.2226 -0.9749
vn -0.0000 -0.2221 -0.9750
vn 1.0000 -0.0019 -0.0035
vn 1.0000 -0.0016 -0.0034
vn 1.0000 0.0006 -0.0029
vn 1.0000 0.0012 -0.0017
vn 1.0000 0.0014 -0.0006
vn 1.0000 0.0009 0.0002
vn 1.0000 -0.0021 0.0037
vn -0.0000 -0.2225 -0.9749
vn -0.0000 -0.2227 -0.9749
vn -0.0000 -0.5463 0.8376
vn -0.4258 -0.9048 -0.0000
vn 0.4237 -0.8995 -0.1071
vn 0.4254 -0.9034 0.0536
vn 0.4259 -0.9045 -0.0220
vn 0.4259 -0.9047 0.0110
vn -0.4236 -0.8995 0.1071
vn -0.4255 -0.9034 -0.0536
vn -0.4258 -0.9045 0.0220
vn -0.4260 -0.9047 -0.0110
vn -1.0000 -0.0037 -0.0000
vn -0.1972 -0.9804 -0.0000
vn -0.0000 -0.1781 0.9840
vn -0.0000 -0.1420 0.9899
vn -0.0000 0.2226 -0.9749
vn 0.0035 0.5006 -0.8657
vn -0.0000 0.2540 -0.9672
vn -0.0000 0.3243 0.9459
vn -0.3158 -0.6710 0.6709
vn 0.0016 -0.0907 -0.9959
vn 0.0502 -0.1922 0.9801
vn 0.0039 -0.5375 -0.8433
vn 0.0046 -0.0855 -0.9963
vn -0.0000 -0.6235 0.7818
vn 0.0367 -0.4707 0.8815
vn -0.9047 0.4260 0.0001
vn -0.0395 0.9992 -0.0000
vn 0.0367 0.9993 -0.0000
vn -0.7071 -0.7071 -0.0000
vn 0.7071 -0.7071 -0.0000
vn 0.9742 -0.2256 -0.0000
vn -0.9529 -0.3034 -0.0000
vn 0.0001 -0.0000 1.0000
vn -0.0003 -0.0000 1.0000
vn 0.0003 -0.0000 1.0000
vn -0.0002 -0.0000 1.0000
vn -0.0004 -0.0000 1.0000
vn 0.0004 -0.0000 1.0000
vn -0.0001 -0.0000 1.0000
vn 0.0023 -0.0000 1.0000
vn -0.0005 -0.0000 1.0000
vn 0.0005 -0.0000 1.0000
vn -0.0011 -0.0000 1.0000
vn 0.0002 -0.0000 1.0000
vn 0.0022 -0.0000 1.0000
vn -0.0021 -0.0000 1.0000
vn -0.0001 -0.0000 -1.0000
vn -0.0002 -0.0000 -1.0000
vn 0.0002 -0.0000 -1.0000
vn -0.0004 -0.0000 -1.0000
vn 0.0004 -0.0000 -1.0000
vn 0.0001 -0.0000 -1.0000
vn -0.0011 -0.0000 -1.0000
vn 0.0005 -0.0000 -1.0000
vn 0.0007 -0.0000 -1.0000
vn 0.0003 -0.0000 -1.0000
vn -0.0003 -0.0000 -1.0000
vn -0.0007 -0.0000 -1.0000
vn 0.9642 -0.2652 -0.0000
vn 0.9264 -0.3766 -0.0000
vn -0.3438 0.9390 -0.0000
vn 0.4307 0.9025 -0.0000
vn 0.6037 0.7972 -0.0000
vn -0.5232 0.8522 -0.0000
vn -0.8739 0.4861 -0.0000
vn 0.3775 0.9260 -0.0000
vn 0.9277 -0.3733 -0.0000
vn -0.4092 0.9124 -0.0000
vn -0.6827 0.7307 -0.0000
vn 0.8342 -0.5514 -0.0000
vn 0.5400 0.8417 -0.0000
vn -0.8053 0.5929 -0.0000
vn 0.3547 0.9350 -0.0000
vn 0.5343 0.8453 -0.0000
vn -0.4009 0.9161 -0.0000
vn 0.5268 0.8500 -0.0000
vn -0.5570 0.8305 -0.0000
vn 0.3288 0.9444 -0.0000
vn -0.7177 0.6963 -0.0000
vn 0.4700 0.8827 -0.0000
vn 0.5061 0.8625 -0.0000
vn 0.2996 0.9541 -0.0000
vn -0.4683 0.8836 -0.0000
vn 0.4745 0.8802 -0.0000
vn -0.4224 0.9064 -0.0000
vn 0.2672 0.9636 -0.0000
vn -0.5210 0.8535 -0.0000
vn 0.3939 0.9191 -0.0000
vn 0.8763 -0.4818 -0.0000
vn 0.6076 0.7943 -0.0000
vn 0.8686 -0.4955 -0.0000
vn -0.2790 0.9603 -0.0000
vn 0.2317 0.9728 -0.0000
vn -0.6133 0.7899 -0.0000
vn -0.5674 0.8234 -0.0000
vn 0.3125 0.9499 -0.0000
vn 0.4394 0.8983 -0.0000
vn 0.6740 0.7388 -0.0000
vn 0.1934 0.9811 -0.0000
vn 0.4006 0.9163 -0.0000
vn -0.2886 0.9575 -0.0000
vn -0.6080 0.7939 -0.0000
vn 0.2265 0.9740 -0.0000
vn -0.1617 0.9868 -0.0000
vn 0.1526 0.9883 -0.0000
vn -0.4972 0.8676 -0.0000
vn -0.6432 0.7657 -0.0000
vn 0.3579 0.9338 -0.0000
vn 0.7280 0.6856 -0.0000
vn -0.1633 0.9866 -0.0000
vn 0.1100 0.9939 -0.0000
vn 0.1371 0.9906 -0.0000
vn -0.3764 0.9265 -0.0000
vn -0.6736 0.7391 -0.0000
vn -0.0517 0.9987 -0.0000
vn 0.3114 0.9503 -0.0000
vn 0.7716 0.6361 -0.0000
vn -0.0509 0.9987 -0.0000
vn 0.0662 0.9978 -0.0000
vn 0.0458 0.9989 -0.0000
vn 0.8080 -0.5892 -0.0000
vn 0.7503 -0.6611 -0.0000
vn 0.2611 0.9653 -0.0000
vn 0.3333 -0.9428 -0.0000
vn 0.0220 0.9998 -0.0000
vn -0.7127 -0.7015 -0.0000
vn 0.3917 -0.9201 -0.0000
vn -0.2578 0.9662 -0.0000
vn 0.6518 -0.7584 -0.0000
vn 0.2075 0.9782 -0.0000
vn 0.4422 -0.8969 -0.0000
vn 0.7907 -0.6122 -0.0000
vn 0.5418 -0.8405 -0.0000
vn 0.4870 -0.8734 -0.0000
vn -0.1467 0.9892 -0.0000
vn -0.6686 -0.7436 -0.0000
vn 0.4239 -0.9057 -0.0000
vn 0.1507 0.9886 -0.0000
vn 0.5280 -0.8492 -0.0000
vn -0.6230 -0.7822 -0.0000
vn 0.0916 0.9958 -0.0000
vn 0.5666 -0.8240 -0.0000
vn 0.6932 -0.7208 -0.0000
vn -0.3945 -0.9189 -0.0000
vn 0.6035 -0.7973 -0.0000
vn -0.3462 -0.9382 -0.0000
vn -0.0460 0.9989 -0.0000
vn -0.5755 -0.8178 -0.0000
vn 0.0307 0.9995 -0.0000
vn 0.6397 -0.7686 -0.0000
vn 0.5787 -0.8156 -0.0000
vn -0.3058 -0.9521 -0.0000
vn 0.3017 -0.9534 -0.0000
vn 0.6757 -0.7372 -0.0000
vn 0.7213 -0.6927 -0.0000
vn -0.8536 -0.5210 -0.0000
vn -0.5256 -0.8507 -0.0000
vn 0.8070 0.5906 -0.0000
vn -0.2708 -0.9626 -0.0000
vn -0.4729 -0.8811 -0.0000
vn -0.5400 -0.8417 -0.0000
vn 0.4522 -0.8919 -0.0000
vn -0.2391 -0.9710 -0.0000
vn 0.6156 -0.7880 -0.0000
vn 0.1768 -0.9842 -0.0000
vn -0.2095 -0.9778 -0.0000
vn 0.2633 -0.9647 -0.0000
vn -0.4166 -0.9091 -0.0000
vn -0.5064 -0.8623 -0.0000
vn 0.8356 0.5493 -0.0000
vn -0.1808 -0.9835 -0.0000
vn -0.3559 -0.9345 -0.0000
vn 0.1788 -0.9839 -0.0000
vn -0.4671 -0.8842 -0.0000
vn 0.3199 -0.9474 -0.0000
vn 0.4926 -0.8702 -0.0000
vn -0.0829 -0.9966 -0.0000
vn -0.1522 -0.9883 -0.0000
vn 0.0666 -0.9978 -0.0000
vn -0.2898 -0.9571 -0.0000
vn -0.4225 -0.9064 -0.0000
vn 0.1878 -0.9822 -0.0000
vn -0.1228 -0.9924 -0.0000
vn -0.2461 -0.9692 -0.0000
vn -0.3732 -0.9277 -0.0000
vn -0.0917 -0.9958 -0.0000
vn 0.3562 -0.9344 -0.0000
vn -0.3979 -0.9174 -0.0000
vn -0.2172 -0.9761 -0.0000
vn 0.0583 -0.9983 -0.0000
vn 0.8589 0.5121 -0.0000
vn -0.1369 -0.9906 -0.0000
vn -0.0205 -0.9998 -0.0000
vn -0.3206 -0.9472 -0.0000
vn 0.0606 -0.9982 -0.0000
vn -0.0579 -0.9983 -0.0000
vn -0.5326 -0.8464 -0.0000
vn -0.0479 -0.9989 -0.0000
vn -0.2660 -0.9640 -0.0000
vn 0.2126 -0.9771 -0.0000
vn -0.6480 -0.7617 -0.0000
vn -0.2114 -0.9774 -0.0000
vn 0.0684 0.9977 -0.0000
vn 1.0000 0.0094 -0.0000
vn -0.1581 -0.9874 -0.0000
vn -0.9311 -0.3648 -0.0000
vn -0.0684 0.9977 -0.0000
vn 0.9992 0.0393 -0.0000
vn -0.1078 -0.9942 -0.0000
vn -0.8837 -0.4680 -0.0000
vn -0.2031 0.9792 -0.0000
vn 0.0691 -0.9976 -0.0000
vn 0.2031 0.9792 -0.0000
vn -0.8219 -0.5696 -0.0000
vn -0.9994 -0.0349 -0.0000
vn -0.0192 -0.9998 -0.0000
vn 0.9960 0.0897 -0.0000
vn -0.0613 -0.9981 -0.0000
vn -0.7440 -0.6682 -0.0000
vn -0.3315 0.9435 -0.0000
vn 0.0587 0.9983 -0.0000
vn 0.3315 0.9434 -0.0000
vn -0.9654 -0.2607 -0.0000
vn -0.9937 -0.1122 -0.0000
vn -0.0195 0.9998 -0.0000
vn 0.9860 0.1666 -0.0000
vn -0.9877 -0.1562 -0.0000
vn -0.4514 0.8923 -0.0000
vn -0.0605 0.9982 -0.0000
vn 0.9611 0.2760 -0.0000
vn 0.4514 0.8923 -0.0000
vn -0.9987 -0.0518 -0.0000
vn -0.1033 0.9946 -0.0000
vn 0.1828 0.9832 -0.0000
vn -0.9795 -0.2013 -0.0000
vn -0.5616 0.8274 -0.0000
vn 0.0625 0.9980 -0.0000
vn 0.9074 0.4203 -0.0000
vn 0.5616 0.8274 -0.0000
vn -0.1470 0.9891 -0.0000
vn -0.0585 0.9983 -0.0000
vn -0.9529 -0.3032 -0.0000
vn -0.6613 0.7501 -0.0000
vn -0.1903 0.9817 -0.0000
vn -0.1853 0.9827 -0.0000
vn 0.8083 0.5888 -0.0000
vn 0.6613 0.7501 -0.0000
vn 0.1918 0.9814 -0.0000
vn -0.2321 0.9727 -0.0000
vn 0.6585 0.7526 -0.0000
vn 0.3128 0.9498 -0.0000
vn -0.7501 0.6613 -0.0000
vn -0.3223 0.9466 -0.0000
vn 0.4787 0.8780 -0.0000
vn 0.7501 0.6613 -0.0000
vn 0.3232 0.9463 -0.0000
vn -0.2711 0.9625 -0.0000
vn -0.9088 -0.4171 -0.0000
vn -0.8274 0.5616 -0.0000
vn -0.3064 0.9519 -0.0000
vn -0.4631 0.8863 -0.0000
vn 0.3039 0.9527 -0.0000
vn 0.8274 0.5616 -0.0000
vn 0.4523 0.8919 -0.0000
vn -0.3370 0.9415 -0.0000
vn 0.1576 0.9875 -0.0000
vn 0.4440 0.8960 -0.0000
vn -0.8923 0.4514 -0.0000
vn -0.5984 0.8012 -0.0000
vn 0.0450 0.9990 -0.0000
vn 0.8923 0.4514 -0.0000
vn 0.5742 0.8187 -0.0000
vn -0.3626 0.9319 -0.0000
vn 0.9810 -0.1940 -0.0000
vn -0.9435 0.3315 -0.0000
vn -0.3830 0.9237 -0.0000
vn -0.7188 0.6952 -0.0000
vn 0.9434 0.3315 -0.0000
vn 0.6845 0.7290 -0.0000
vn -0.3983 0.9173 -0.0000
vn 0.5703 0.8214 -0.0000
vn -0.8418 -0.5398 -0.0000
vn -0.9792 0.2031 -0.0000
vn -0.8172 0.5763 -0.0000
vn 0.9792 0.2031 -0.0000
vn 0.7796 0.6262 -0.0000
vn -0.7478 -0.6640 -0.0000
vn 0.2399 -0.9708 -0.0000
vn -0.6272 -0.7789 -0.0000
vn -0.9977 0.0684 -0.0000
vn 0.9977 0.0684 -0.0000
vn 0.2963 -0.9551 -0.0000
vn -0.4865 -0.8737 -0.0000
vn -0.0503 -0.9987 -0.0000
vn 0.9977 -0.0684 -0.0000
vn 0.3497 -0.9369 -0.0000
vn 0.0580 -0.9983 -0.0000
vn -0.3374 -0.9414 -0.0000
vn 0.3987 -0.9171 -0.0000
vn -0.1922 -0.9814 -0.0000
vn -0.9977 -0.0684 -0.0000
vn -0.1589 -0.9873 -0.0000
vn 0.1008 -0.9949 -0.0000
vn 0.4425 -0.8968 -0.0000
vn 0.1811 -0.9835 -0.0000
vn -0.9792 -0.2031 -0.0000
vn 0.9792 -0.2031 -0.0000
vn 0.4809 -0.8768 -0.0000
vn -0.0597 -0.9982 -0.0000
vn -0.2760 -0.9612 -0.0000
vn 0.1020 -0.9948 -0.0000
vn 0.5140 -0.8578 -0.0000
vn 0.3103 -0.9507 -0.0000
vn -0.9435 -0.3315 -0.0000
vn 0.1009 -0.9949 -0.0000
vn 0.9434 -0.3315 -0.0000
vn 0.5422 -0.8402 -0.0000
vn -0.8912 0.4537 -0.0000
vn 0.0974 -0.9952 -0.0000
vn 0.6854 0.7281 -0.0000
vn -0.8923 -0.4514 -0.0000
vn -0.3975 -0.9176 -0.0000
vn 0.0915 -0.9958 -0.0000
vn 0.8923 -0.4514 -0.0000
vn 0.8575 0.5144 -0.0000
vn 0.1252 -0.9921 -0.0000
vn 0.0834 -0.9965 -0.0000
vn 0.4406 -0.8977 -0.0000
vn -0.8274 -0.5616 -0.0000
vn 0.1821 -0.9833 -0.0000
vn 0.0734 -0.9973 -0.0000
vn 0.8274 -0.5616 -0.0000
vn 0.7843 0.6204 -0.0000
vn -0.5178 -0.8555 -0.0000
vn 0.0617 -0.9981 -0.0000
vn 0.5657 -0.8246 -0.0000
vn -0.7501 -0.6613 -0.0000
vn 0.0224 -0.9997 -0.0000
vn 0.0488 -0.9988 -0.0000
vn 0.7501 -0.6613 -0.0000
vn 0.0714 -0.9974 -0.0000
vn -0.6303 -0.7763 -0.0000
vn 0.0351 -0.9994 -0.0000
vn 0.6794 -0.7337 -0.0000
vn -0.6613 -0.7501 -0.0000
vn -0.0634 -0.9980 -0.0000
vn 0.0211 -0.9998 -0.0000
vn 0.6613 -0.7501 -0.0000
vn 0.0069 -1.0000 -0.0000
vn -0.1948 -0.9808 -0.0000
vn -0.7294 -0.6841 -0.0000
vn 0.7768 -0.6297 -0.0000
vn -0.5616 -0.8274 -0.0000
vn -0.3282 -0.9446 -0.0000
vn 0.5616 -0.8274 -0.0000
vn 0.8638 0.5039 -0.0000
vn 0.9175 0.3978 -0.0000
vn -0.4514 -0.8923 -0.0000
vn -0.4588 -0.8885 -0.0000
vn -0.9422 0.3350 -0.0000
vn 0.4514 -0.8923 -0.0000
vn -0.5816 -0.8135 -0.0000
vn -0.8115 -0.5843 -0.0000
vn 0.8552 -0.5183 -0.0000
vn -0.3315 -0.9434 -0.0000
vn -0.6918 -0.7221 -0.0000
vn 0.3315 -0.9434 -0.0000
vn 0.9232 0.3844 -0.0000
vn -0.8758 -0.4828 -0.0000
vn 0.9144 -0.4049 -0.0000
vn -0.2031 -0.9792 -0.0000
vn -0.7860 -0.6182 -0.0000
vn 0.2031 -0.9792 -0.0000
vn 0.9600 0.2801 -0.0000
vn -0.8625 -0.5060 -0.0000
vn 0.0684 -0.9977 -0.0000
vn 0.9638 0.2668 -0.0000
vn -0.0684 -0.9977 -0.0000
vn -0.9743 0.2251 -0.0000
vn -0.9208 -0.3901 -0.0000
vn -0.9233 -0.3841 -0.0000
vn 0.9558 -0.2940 -0.0000
vn -0.9618 -0.2739 -0.0000
vn 0.9880 0.1544 -0.0000
vn -0.9566 -0.2913 -0.0000
vn 0.9820 -0.1886 -0.0000
vn -0.9870 -0.1605 -0.0000
vn 0.9988 0.0493 -0.0000
vn 0.9864 0.1645 -0.0000
vn 0.9989 -0.0477 -0.0000
vn -0.9987 -0.0519 -0.0000
vn -0.9785 -0.2062 -0.0000
vn -0.9991 0.0425 -0.0000
vn -0.9985 0.0548 -0.0000
vn -0.9920 0.1265 -0.0000
vn 0.9982 -0.0598 -0.0000
vn 0.9959 -0.0903 -0.0000
vn -0.9906 0.1365 -0.0000
vn 0.9887 -0.1500 -0.0000
vn -0.9851 0.1717 -0.0000
vn 0.9831 -0.1832 -0.0000
vn -0.9700 0.2431 -0.0000
vn 0.9986 0.0533 -0.0000
vn 0.7983 0.6023 -0.0000
vn -0.9552 0.2958 -0.0000
vn -0.9992 0.0393 -0.0000
vn 0.0659 0.9978 -0.0000
vn -0.9325 0.3611 -0.0000
vn -0.9060 0.4232 -0.0000
vn 0.9986 -0.0525 -0.0000
vn 0.7582 0.6521 -0.0000
vn 0.9512 -0.3087 -0.0000
vn -0.0396 0.9992 -0.0000
vn 0.9655 -0.2603 -0.0000
vn -0.1191 0.9929 -0.0000
vn -0.8361 0.5485 -0.0000
vn 0.1963 0.9805 -0.0000
vn -0.9806 0.1961 -0.0000
vn -0.8736 0.4867 -0.0000
vn -0.7465 0.6654 -0.0000
vn 0.9874 -0.1583 -0.0000
vn 0.7126 0.7016 -0.0000
vn 0.9016 -0.4326 -0.0000
vn -0.1975 0.9803 -0.0000
vn 0.3196 0.9476 -0.0000
vn 0.6612 0.7502 -0.0000
vn -0.9586 0.2846 -0.0000
vn -0.6404 0.7681 -0.0000
vn 0.3973 0.9177 -0.0000
vn -0.9242 0.3820 -0.0000
vn -0.2729 0.9620 -0.0000
vn -0.7901 0.6130 -0.0000
vn -0.4092 0.9125 -0.0000
vn -0.7177 0.6964 -0.0000
vn 0.4699 0.8827 -0.0000
vn -0.5210 0.8536 -0.0000
vn -0.6080 0.7940 -0.0000
vn 0.2074 0.9782 -0.0000
vn 0.6931 -0.7208 -0.0000
vn 0.6035 -0.7974 -0.0000
vn -0.3461 -0.9382 -0.0000
vn 0.7212 -0.6927 -0.0000
vn 0.8356 0.5494 -0.0000
vn -0.1522 -0.9884 -0.0000
vn 0.9960 0.0898 -0.0000
vn 0.3315 0.9435 -0.0000
vn 0.9435 0.3315 -0.0000
vn 0.6845 0.7291 -0.0000
vn 0.5703 0.8215 -0.0000
vn 0.7796 0.6263 -0.0000
vn 0.3986 -0.9171 -0.0000
vn 0.4424 -0.8968 -0.0000
vn 0.9435 -0.3315 -0.0000
vn 0.4405 -0.8977 -0.0000
vn -0.6303 -0.7764 -0.0000
vn -0.3315 -0.9435 -0.0000
vn 0.3315 -0.9435 -0.0000
vn 0.9143 -0.4049 -0.0000
vn -0.8625 -0.5061 -0.0000
vn 0.9558 -0.2941 -0.0000
vn -0.9906 0.1366 -0.0000
vn 0.9831 -0.1833 -0.0000
vn -0.9700 0.2432 -0.0000
vn 0.7581 0.6521 -0.0000
vn -0.1190 0.9929 -0.0000
vn 0.9016 -0.4327 -0.0000
vn -0.1974 0.9803 -0.0000
vt 0.701607 0.909063
vt 0.704236 0.901300
vt 0.712105 0.901300
vt 0.076449 0.973134
vt 0.061011 0.957672
vt 0.076449 0.957670
vt 0.303931 0.958613
vt 0.319395 0.937443
vt 0.319395 0.958612
vt 0.701607 0.938007
vt 0.686144 0.930233
vt 0.701607 0.930233
vt 0.686144 0.909063
vt 0.359159 0.958613
vt 0.374618 0.950832
vt 0.374618 0.958601
vt 0.487415 0.936650
vt 0.471951 0.915480
vt 0.487415 0.915480
vt 0.471951 0.907706
vt 0.487415 0.907707
vt 0.215661 0.946112
vt 0.227342 0.964668
vt 0.211878 0.964668
vt 0.359159 0.950843
vt 0.374618 0.929671
vt 0.303931 0.937444
vt 0.319395 0.929671
vt 0.490028 0.944406
vt 0.471951 0.936650
vt 0.801548 0.971071
vt 0.791539 0.982755
vt 0.791539 0.967292
vt 0.497896 0.944406
vt 0.223531 0.938261
vt 0.215662 0.938261
vt 0.061011 0.973136
vt 0.686144 0.938007
vt 0.223529 0.946112
vt 0.359159 0.929682
vt 0.303931 0.929672
vt 0.801548 0.978939
vt 0.076449 0.888896
vt 0.086947 0.896661
vt 0.079078 0.896661
vt 0.608679 0.980488
vt 0.608679 0.965024
vt 0.624108 0.965027
vt 0.939636 0.655423
vt 0.955100 0.655422
vt 0.955100 0.676591
vt 0.076449 0.859951
vt 0.076449 0.867725
vt 0.060985 0.867725
vt 0.060985 0.888896
vt 0.331547 0.929682
vt 0.347006 0.929671
vt 0.347006 0.937440
vt 0.449317 0.915478
vt 0.449317 0.936649
vt 0.433853 0.936649
vt 0.449317 0.944422
vt 0.433853 0.944422
vt 0.817715 0.963388
vt 0.813933 0.944894
vt 0.829397 0.944894
vt 0.331547 0.937452
vt 0.347006 0.958602
vt 0.939636 0.676592
vt 0.955100 0.684364
vt 0.433853 0.915478
vt 0.451930 0.907706
vt 0.742000 0.972005
vt 0.751932 0.968226
vt 0.751932 0.983689
vt 0.459798 0.907706
vt 0.825585 0.971244
vt 0.817716 0.971244
vt 0.624108 0.980490
vt 0.060985 0.859951
vt 0.825584 0.963388
vt 0.331547 0.958613
vt 0.939636 0.684365
vt 0.742000 0.979873
vt 0.636260 0.965029
vt 0.641413 0.987391
vt 0.636260 0.987393
vt 0.970384 0.189805
vt 0.968836 0.113500
vt 0.970384 0.113483
vt 0.254631 0.903696
vt 0.211902 0.926098
vt 0.211878 0.903686
vt 0.856691 0.879700
vt 0.813933 0.881891
vt 0.813937 0.879693
vt 0.686144 0.789279
vt 0.700822 0.677936
vt 0.687425 0.789123
vt 0.401918 0.891655
vt 0.359001 0.917516
vt 0.359168 0.891652
vt 0.193877 0.178407
vt 0.048826 0.183140
vt 0.048826 0.178399
vt 0.779219 0.907216
vt 0.736469 0.907214
vt 0.736499 0.902586
vt 0.927484 0.658311
vt 0.923262 0.457189
vt 0.927484 0.457145
vt 0.651596 0.861808
vt 0.608679 0.887669
vt 0.608846 0.861806
vt 0.277234 0.839661
vt 0.246662 0.749723
vt 0.277234 0.748616
vt 0.290607 0.837250
vt 0.291778 0.932605
vt 0.290607 0.932620
vt 0.608681 0.899824
vt 0.651433 0.902030
vt 0.608679 0.902517
vt 0.805804 0.426183
vt 0.639299 0.444992
vt 0.639250 0.426507
vt 0.304099 0.863000
vt 0.346681 0.837237
vt 0.346848 0.863002
vt 0.571833 0.965543
vt 0.576331 0.988376
vt 0.571833 0.988374
vt 0.346711 0.912890
vt 0.346681 0.917518
vt 0.303931 0.917516
vt 0.254631 0.875760
vt 0.608846 0.833154
vt 0.789377 0.795240
vt 0.767027 0.809728
vt 0.736469 0.790612
vt 0.973643 0.457145
vt 0.974425 0.519071
vt 0.973643 0.519070
vt 0.957624 0.913247
vt 0.956176 0.975183
vt 0.956177 0.913247
vt 0.974380 0.773917
vt 0.969777 0.835810
vt 0.969777 0.773915
vt 0.608679 0.807388
vt 0.651596 0.833156
vt 0.101103 0.882324
vt 0.143857 0.910279
vt 0.101103 0.910280
vt 0.779386 0.881353
vt 0.736636 0.852698
vt 0.779386 0.852701
vt 0.198767 0.882308
vt 0.156012 0.882320
vt 0.156013 0.874968
vt 0.651432 0.930461
vt 0.608700 0.952864
vt 0.608679 0.930453
vt 0.277231 0.729485
vt 0.246655 0.621226
vt 0.277231 0.617573
vt 0.254634 0.873067
vt 0.211878 0.875750
vt 0.211881 0.873057
vt 0.359001 0.837235
vt 0.401918 0.863003
vt 0.359168 0.863001
vt 0.101104 0.912970
vt 0.143857 0.912968
vt 0.517435 0.890901
vt 0.560188 0.862976
vt 0.560188 0.890913
vt 0.975137 0.761762
vt 0.969777 0.699870
vt 0.975137 0.699868
vt 0.143857 0.874978
vt 0.143857 0.882322
vt 0.194532 0.617227
vt 0.199311 0.818453
vt 0.194532 0.818394
vt 0.661587 0.775946
vt 0.639237 0.790682
vt 0.608679 0.787957
vt 0.517434 0.617652
vt 0.596527 0.847696
vt 0.517434 0.848118
vt 0.248779 0.425868
vt 0.250973 0.435026
vt 0.248779 0.435603
vt 0.498467 0.178411
vt 0.558632 0.176213
vt 0.565951 0.180534
vt 0.595185 0.966719
vt 0.589159 0.988514
vt 0.588484 0.965371
vt 0.331467 0.006089
vt 0.314091 0.111923
vt 0.301687 0.086106
vt 0.088601 0.908813
vt 0.686144 0.982792
vt 0.687570 0.950160
vt 0.687570 0.982792
vt 0.724257 0.915888
vt 0.088601 0.920966
vt 0.724257 0.928040
vt 0.959803 0.614095
vt 0.956730 0.457150
vt 0.959803 0.457145
vt 0.510502 0.605077
vt 0.543588 0.530284
vt 0.565951 0.543095
vt 0.088601 0.933118
vt 0.346782 0.425883
vt 0.416676 0.418009
vt 0.416676 0.424169
vt 0.593343 0.433364
vt 0.498467 0.409978
vt 0.596527 0.409965
vt 0.048826 0.545602
vt 0.193877 0.525665
vt 0.193877 0.548909
vt 0.943230 0.214813
vt 0.940464 0.006076
vt 0.943230 0.006079
vt 0.666524 0.959858
vt 0.663749 0.807388
vt 0.666524 0.807388
vt 0.251467 0.434914
vt 0.498467 0.425881
vt 0.492380 0.508636
vt 0.492380 0.432292
vt 0.428828 0.442655
vt 0.498467 0.525670
vt 0.434915 0.430875
vt 0.434915 0.440133
vt 0.428828 0.424164
vt 0.346782 0.409980
vt 0.352891 0.202859
vt 0.352891 0.404085
vt 0.416676 0.308152
vt 0.346782 0.178413
vt 0.410566 0.410710
vt 0.410566 0.309917
vt 0.352891 0.508639
vt 0.346782 0.525672
vt 0.410566 0.430880
vt 0.352891 0.432294
vt 0.416676 0.442659
vt 0.410566 0.440137
vt 0.492380 0.202857
vt 0.434915 0.410706
vt 0.492380 0.404083
vt 0.428828 0.308147
vt 0.428828 0.418004
vt 0.434915 0.309913
vt 0.088601 0.945270
vt 0.101103 0.617228
vt 0.106027 0.838857
vt 0.101103 0.847694
vt 0.182380 0.647075
vt 0.106027 0.625810
vt 0.177456 0.652040
vt 0.182380 0.813629
vt 0.177456 0.808919
vt 0.839145 0.178721
vt 0.619491 0.187037
vt 0.608679 0.179170
vt 0.805493 0.310200
vt 0.828129 0.186630
vt 0.638938 0.310525
vt 0.646118 0.302622
vt 0.955382 0.006076
vt 0.956684 0.207303
vt 0.955382 0.207301
vt 0.971631 0.189792
vt 0.971101 0.113476
vt 0.971631 0.113470
vt 0.864355 0.115578
vt 0.856074 0.006710
vt 0.869132 0.116212
vt 0.517436 0.860271
vt 0.517435 0.862964
vt 0.971956 0.667550
vt 0.973847 0.605627
vt 0.973847 0.667550
vt 0.476606 0.864903
vt 0.433856 0.842431
vt 0.476609 0.842429
vt 0.088601 0.957423
vt 0.971956 0.519071
vt 0.927643 0.913012
vt 0.924584 0.699869
vt 0.927643 0.699868
vt 0.839145 0.006076
vt 0.608679 0.006525
vt 0.269698 0.873057
vt 0.267308 0.882015
vt 0.266807 0.881851
vt 0.433853 0.895554
vt 0.476606 0.892863
vt 0.476607 0.895552
vt 0.971101 0.189798
vt 0.270199 0.873220
vt 0.267984 0.882236
vt 0.880729 0.457260
vt 0.891454 0.567746
vt 0.879651 0.457145
vt 0.417187 0.965268
vt 0.414070 0.837282
vt 0.417187 0.837235
vt 0.700822 0.888992
vt 0.560214 0.913327
vt 0.270199 0.955256
vt 0.651432 0.903020
vt 0.270875 0.955477
vt 0.805787 0.420025
vt 0.639233 0.420349
vt 0.588484 0.953150
vt 0.592447 0.860340
vt 0.592447 0.953219
vt 0.912431 0.910821
vt 0.907435 0.699872
vt 0.912431 0.699868
vt 0.006076 0.882419
vt 0.048833 0.859951
vt 0.048830 0.882417
vt 0.572366 0.953390
vt 0.576331 0.860271
vt 0.576331 0.953332
vt 0.596527 0.006076
vt 0.565951 0.070139
vt 0.513791 0.006087
vt 0.193877 0.435611
vt 0.048757 0.525854
vt 0.048826 0.434809
vt 0.713155 0.864142
vt 0.723726 0.677936
vt 0.723726 0.864142
vt 0.970008 0.006090
vt 0.968836 0.101305
vt 0.968836 0.006076
vt 0.971956 0.593471
vt 0.973847 0.531227
vt 0.973847 0.593475
vt 0.974424 0.457145
vt 0.975003 0.519070
vt 0.198766 0.910269
vt 0.156012 0.910270
vt 0.962642 0.228307
vt 0.963547 0.385258
vt 0.962642 0.385258
vt 0.851297 0.338046
vt 0.867798 0.437559
vt 0.863640 0.438079
vt 0.813958 0.932733
vt 0.856618 0.910329
vt 0.856712 0.932741
vt 0.867798 0.228307
vt 0.863640 0.228828
vt 0.976882 0.290232
vt 0.975699 0.228307
vt 0.976882 0.228307
vt 0.907450 0.170253
vt 0.912054 0.175447
vt 0.907455 0.175455
vt 0.902487 0.228307
vt 0.880410 0.361180
vt 0.879951 0.233612
vt 0.198766 0.912960
vt 0.156012 0.912961
vt 0.941496 0.913013
vt 0.939795 0.903752
vt 0.941496 0.903755
vt 0.879651 0.667816
vt 0.892533 0.567862
vt 0.880729 0.667932
vt 0.969777 0.847964
vt 0.971463 0.924307
vt 0.969777 0.924286
vt 0.791539 0.955099
vt 0.794657 0.826973
vt 0.794657 0.955139
vt 0.006076 0.847799
vt 0.066769 0.825616
vt 0.088951 0.847799
vt 0.006076 0.617228
vt 0.028258 0.825616
vt 0.088951 0.617228
vt 0.028258 0.639410
vt 0.904685 0.668175
vt 0.906112 0.457145
vt 0.906112 0.668175
vt 0.082293 0.633301
vt 0.082293 0.831725
vt 0.798517 0.302325
vt 0.066769 0.639410
vt 0.073427 0.642168
vt 0.813933 0.882880
vt 0.856687 0.882393
vt 0.890151 0.204500
vt 0.881284 0.014943
vt 0.890151 0.006076
vt 0.769580 0.969947
vt 0.774180 0.976505
vt 0.769580 0.976504
vt 0.911110 0.668174
vt 0.911110 0.457145
vt 0.539467 0.931808
vt 0.517435 0.948570
vt 0.517435 0.925479
vt 0.956548 0.901095
vt 0.957624 0.699868
vt 0.957624 0.901093
vt 0.937429 0.444946
vt 0.932931 0.438796
vt 0.937429 0.438796
vt 0.088601 0.969575
vt 0.988352 0.918998
vt 0.983615 0.896165
vt 0.988352 0.896166
vt 0.006076 0.409963
vt 0.193877 0.184788
vt 0.236627 0.409976
vt 0.304099 0.891652
vt 0.346848 0.891655
vt 0.915845 0.246581
vt 0.915175 0.228307
vt 0.921027 0.228307
vt 0.347006 0.976605
vt 0.342406 0.970766
vt 0.347006 0.970766
vt 0.944396 0.886060
vt 0.939795 0.699869
vt 0.944396 0.699868
vt 0.834792 0.457145
vt 0.867498 0.668193
vt 0.834792 0.668193
vt 0.505161 0.979701
vt 0.499541 0.958348
vt 0.505161 0.956559
vt 0.418544 0.982672
vt 0.414070 0.977468
vt 0.418544 0.977468
vt 0.780233 0.467848
vt 0.822639 0.687716
vt 0.780233 0.678897
vt 0.980697 0.383156
vt 0.982124 0.350505
vt 0.982124 0.383156
vt 0.236627 0.006088
vt 0.048826 0.066487
vt 0.006076 0.006076
vt 0.006076 0.425866
vt 0.856074 0.216155
vt 0.006076 0.910373
vt 0.048831 0.913057
vt 0.006077 0.913059
vt 0.543588 0.086105
vt 0.531177 0.111921
vt 0.272336 0.955954
vt 0.269444 0.882713
vt 0.006076 0.605063
vt 0.236627 0.605075
vt 0.101106 0.859848
vt 0.813933 0.882386
vt 0.301687 0.530285
vt 0.303907 0.525666
vt 0.596527 0.434809
vt 0.594331 0.433364
vt 0.596527 0.425868
vt 0.531177 0.475819
vt 0.193877 0.069538
vt 0.301687 0.450004
vt 0.279337 0.437462
vt 0.330254 0.976661
vt 0.325781 0.970769
vt 0.330254 0.970766
vt 0.747526 0.467848
vt 0.736469 0.687716
vt 0.736469 0.457145
vt 0.692568 0.982791
vt 0.692568 0.950159
vt 0.645887 0.987388
vt 0.641413 0.965026
vt 0.645887 0.965024
vt 0.906009 0.910826
vt 0.907435 0.910825
vt 0.909099 0.687304
vt 0.904602 0.680475
vt 0.909099 0.680472
vt 0.949582 0.228308
vt 0.950490 0.441451
vt 0.949582 0.441452
vt 0.596527 0.066485
vt 0.593837 0.066144
vt 0.543588 0.166386
vt 0.531177 0.140573
vt 0.596527 0.183138
vt 0.593837 0.183818
vt 0.907328 0.030517
vt 0.911922 0.024362
vt 0.911928 0.031946
vt 0.277229 0.859409
vt 0.274540 0.860904
vt 0.246653 0.856900
vt 0.224291 0.844089
vt 0.211881 0.818275
vt 0.211882 0.789623
vt 0.224295 0.763807
vt 0.274545 0.747058
vt 0.651432 0.902525
vt 0.251960 0.435026
vt 0.248779 0.409966
vt 0.739156 0.814780
vt 0.736469 0.813856
vt 0.736469 0.700558
vt 0.767027 0.702417
vt 0.739156 0.699868
vt 0.789377 0.714958
vt 0.801781 0.740775
vt 0.801781 0.769427
vt 0.279337 0.181123
vt 0.277231 0.734226
vt 0.274542 0.734905
vt 0.246655 0.729431
vt 0.224292 0.717474
vt 0.211881 0.691661
vt 0.211881 0.663009
vt 0.224292 0.637192
vt 0.274542 0.617231
vt 0.198769 0.859846
vt 0.156015 0.859848
vt 0.611367 0.795236
vt 0.608679 0.794338
vt 0.608679 0.679088
vt 0.639237 0.681304
vt 0.611367 0.677936
vt 0.661587 0.695665
vt 0.673991 0.721482
vt 0.673991 0.750134
vt 0.236627 0.184790
vt 0.006076 0.183137
vt 0.270876 0.873441
vt 0.248779 0.069529
vt 0.248779 0.006076
vt 0.251467 0.068377
vt 0.279337 0.071745
vt 0.286651 0.178404
vt 0.301687 0.166387
vt 0.314091 0.140575
vt 0.747526 0.678897
vt 0.541367 0.525665
vt 0.596527 0.545603
vt 0.596527 0.605066
vt 0.593837 0.547097
vt 0.593837 0.433251
vt 0.028653 0.943485
vt 0.006076 0.925212
vt 0.027983 0.925212
vt 0.073427 0.822859
vt 0.881284 0.195634
vt 0.921208 0.414513
vt 0.914639 0.414513
vt 0.915301 0.397751
vt 0.915321 0.392106
vt 0.915818 0.254169
vt 0.236627 0.069541
vt 0.433853 0.892865
vt 0.433853 0.864905
vt 0.006076 0.066485
vt 0.248779 0.184779
vt 0.251467 0.185677
vt 0.736636 0.881351
vt 0.248779 0.605066
vt 0.248779 0.548901
vt 0.251467 0.549826
vt 0.279337 0.544774
vt 0.334754 0.605079
vt 0.006076 0.545600
vt 0.236627 0.548910
vt 0.236627 0.425878
vt 0.236627 0.435613
vt 0.779219 0.826935
vt 0.736469 0.826933
vt 0.006076 0.434807
vt 0.565951 0.435721
vt 0.543588 0.450002
vt 0.531177 0.504471
vt 0.314091 0.504472
vt 0.314091 0.475820
vt 0.822639 0.457145
vt 0.975699 0.350504
vt 0.975699 0.383155
vt 0.968836 0.189821
vt 0.254655 0.926108
vt 0.699541 0.678092
vt 0.401750 0.917518
vt 0.923262 0.658356
vt 0.651429 0.887672
vt 0.291779 0.837235
vt 0.651434 0.899832
vt 0.805854 0.444668
vt 0.303931 0.837235
vt 0.576331 0.965544
vt 0.957624 0.975183
vt 0.974380 0.835811
vt 0.651429 0.807390
vt 0.651453 0.952872
vt 0.401750 0.837237
vt 0.969777 0.761763
vt 0.199311 0.617287
vt 0.596527 0.617230
vt 0.595185 0.989748
vt 0.686144 0.950160
vt 0.956730 0.614100
vt 0.940464 0.214810
vt 0.663749 0.959857
vt 0.956684 0.006079
vt 0.851297 0.006076
vt 0.560190 0.860283
vt 0.971956 0.605627
vt 0.971956 0.457145
vt 0.924584 0.913013
vt 0.414070 0.965316
vt 0.699540 0.889148
vt 0.517460 0.913315
vt 0.269698 0.955092
vt 0.588484 0.860271
vt 0.006079 0.859953
vt 0.572366 0.860329
vt 0.712974 0.677936
vt 0.970008 0.101318
vt 0.971956 0.531223
vt 0.975003 0.457145
vt 0.963547 0.228307
vt 0.855455 0.337525
vt 0.813933 0.910322
vt 0.975699 0.290232
vt 0.912049 0.169805
vt 0.902487 0.368123
vt 0.939795 0.913010
vt 0.971463 0.847985
vt 0.791539 0.826933
vt 0.904685 0.457145
vt 0.774180 0.969947
vt 0.538805 0.948570
vt 0.956548 0.699870
vt 0.932931 0.444946
vt 0.983615 0.918996
vt 0.342406 0.976605
vt 0.939795 0.886060
vt 0.867498 0.457145
vt 0.500196 0.981263
vt 0.414070 0.982672
vt 0.980697 0.350505
vt 0.851297 0.215521
vt 0.048830 0.910371
vt 0.143860 0.859846
vt 0.325781 0.976664
vt 0.906009 0.699873
vt 0.904602 0.687307
vt 0.950490 0.228307
vt 0.907322 0.024370
vt 0.272336 0.873918
vt 0.006076 0.948025
vt 0.505282 0.643460
vt 0.433853 0.830277
vt 0.433853 0.617230
vt 0.813933 0.701283
vt 0.871608 0.709126
vt 0.813933 0.777627
vt 0.871398 0.791196
vt 0.813933 0.799037
vt 0.813933 0.789779
vt 0.346848 0.818457
vt 0.289384 0.724287
vt 0.346848 0.617231
vt 0.359001 0.818457
vt 0.416676 0.724290
vt 0.416676 0.825082
vt 0.608679 0.483546
vt 0.724316 0.665784
vt 0.608679 0.635946
vt 0.871608 0.699868
vt 0.871398 0.867540
vt 0.289384 0.825080
vt 0.359001 0.617231
vt 0.505282 0.800340
vt 0.724316 0.457145
vt 0.933360 0.228310
vt 0.937429 0.426641
vt 0.933360 0.426644
vt 0.128715 0.925122
vt 0.133658 0.935857
vt 0.133658 0.941699
vt 0.902303 0.175464
vt 0.907455 0.192189
vt 0.902303 0.192198
vt 0.924242 0.015062
vt 0.928311 0.195736
vt 0.924242 0.195736
vt 0.902553 0.006092
vt 0.902587 0.024378
vt 0.888914 0.728855
vt 0.893856 0.699868
vt 0.888914 0.856412
vt 0.774180 0.957793
vt 0.769238 0.957793
vt 0.769238 0.936471
vt 0.939636 0.457148
vt 0.944577 0.643266
vt 0.939636 0.643270
vt 0.924206 0.006076
vt 0.928311 0.015061
vt 0.764085 0.936472
vt 0.764085 0.957794
vt 0.928276 0.204482
vt 0.924206 0.204483
vt 0.266807 0.968107
vt 0.271305 0.990323
vt 0.266807 0.990320
vt 0.884177 0.863246
vt 0.888914 0.886058
vt 0.884177 0.886058
vt 0.907289 0.006084
vt 0.911888 0.006076
vt 0.729848 0.989754
vt 0.725374 0.968230
vt 0.729848 0.968226
vt 0.138395 0.963570
vt 0.138395 0.941700
vt 0.883761 0.699869
vt 0.888914 0.722957
vt 0.883761 0.722958
vt 0.133658 0.963569
vt 0.128715 0.963568
vt 0.133658 0.925123
vt 0.888914 0.699869
vt 0.893856 0.886058
vt 0.888914 0.863246
vt 0.769238 0.919370
vt 0.774180 0.919369
vt 0.769238 0.929917
vt 0.912054 0.192182
vt 0.937429 0.228307
vt 0.944577 0.457145
vt 0.928276 0.006076
vt 0.271305 0.968109
vt 0.725374 0.989758
vt 0.893857 0.934915
vt 0.878393 0.908068
vt 0.893857 0.908068
vt 0.736469 0.956073
vt 0.751932 0.946216
vt 0.751932 0.956073
vt 0.487388 0.972022
vt 0.471951 0.956561
vt 0.487388 0.956559
vt 0.183628 0.934971
vt 0.199092 0.925113
vt 0.199092 0.934970
vt 0.878393 0.898211
vt 0.893857 0.898211
vt 0.924584 0.952011
vt 0.940043 0.961853
vt 0.924584 0.961864
vt 0.878393 0.934915
vt 0.736469 0.946216
vt 0.471951 0.972025
vt 0.183628 0.925114
vt 0.940043 0.952000
vt 0.504225 0.842429
vt 0.504225 0.869277
vt 0.488762 0.869277
vt 0.060985 0.908813
vt 0.076449 0.908813
vt 0.076449 0.918670
vt 0.006076 0.975642
vt 0.006076 0.960178
vt 0.021505 0.960180
vt 0.156012 0.951959
vt 0.171476 0.951958
vt 0.171476 0.961815
vt 0.504225 0.879134
vt 0.488762 0.879134
vt 0.101103 0.934986
vt 0.101103 0.925134
vt 0.116563 0.925122
vt 0.488762 0.842429
vt 0.060985 0.918670
vt 0.021505 0.975644
vt 0.156012 0.961815
vt 0.116563 0.934975
vt 0.183628 0.961815
vt 0.199092 0.961815
vt 0.940043 0.925165
vt 0.517434 0.960723
vt 0.532863 0.976189
vt 0.517434 0.976186
vt 0.736469 0.919369
vt 0.751932 0.919369
vt 0.924584 0.925177
vt 0.532863 0.960725
vt 0.156012 0.925114
vt 0.171476 0.925113
vt 0.116563 0.961810
vt 0.449290 0.956575
vt 0.449290 0.972038
vt 0.433853 0.972040
vt 0.076449 0.945517
vt 0.060985 0.945518
vt 0.101103 0.961821
vt 0.433853 0.956577
vt 0.980159 0.397410
vt 0.984716 0.433459
vt 0.980159 0.433459
vt 0.878393 0.947068
vt 0.883757 0.983034
vt 0.878393 0.983035
vt 0.980256 0.210790
vt 0.975699 0.216154
vt 0.975699 0.210790
vt 0.988341 0.197719
vt 0.983784 0.161671
vt 0.988341 0.161671
vt 0.962642 0.397410
vt 0.968006 0.433398
vt 0.962642 0.433398
vt 0.216433 0.976823
vt 0.211878 0.982183
vt 0.211878 0.976820
vt 0.984716 0.397410
vt 0.883757 0.947067
vt 0.980256 0.216155
vt 0.983784 0.197719
vt 0.968006 0.397411
vt 0.216433 0.982186
vt 0.986717 0.006076
vt 0.986717 0.042124
vt 0.982160 0.042125
vt 0.254655 0.938262
vt 0.254655 0.974249
vt 0.249291 0.974248
vt 0.133838 0.975722
vt 0.138395 0.975722
vt 0.138395 0.981086
vt 0.986000 0.567271
vt 0.986000 0.531223
vt 0.990557 0.531223
vt 0.981063 0.302384
vt 0.981063 0.338351
vt 0.975699 0.338352
vt 0.228586 0.976820
vt 0.233141 0.976823
vt 0.233141 0.982186
vt 0.982160 0.006076
vt 0.249291 0.938261
vt 0.133838 0.981086
vt 0.990557 0.567271
vt 0.975699 0.302385
vt 0.228586 0.982183
vt 0.982160 0.054277
vt 0.986718 0.090325
vt 0.982160 0.090325
vt 0.969777 0.936460
vt 0.975142 0.972425
vt 0.969777 0.972426
vt 0.045362 0.973352
vt 0.040805 0.978716
vt 0.040805 0.973352
vt 0.991090 0.809963
vt 0.986533 0.773915
vt 0.991090 0.773915
vt 0.386770 0.929671
vt 0.392135 0.965659
vt 0.386770 0.965658
vt 0.929139 0.974020
vt 0.924584 0.979380
vt 0.924584 0.974017
vt 0.986718 0.054277
vt 0.975142 0.936459
vt 0.045362 0.978717
vt 0.986533 0.809963
vt 0.392135 0.929671
vt 0.929139 0.979383
vt 0.709278 0.950159
vt 0.709278 0.986207
vt 0.704720 0.986207
vt 0.911373 0.922979
vt 0.911373 0.958966
vt 0.906009 0.958965
vt 0.906009 0.971118
vt 0.910566 0.971119
vt 0.910566 0.976483
vt 0.986000 0.615471
vt 0.986000 0.579423
vt 0.990557 0.579423
vt 0.291779 0.944773
vt 0.291779 0.980739
vt 0.286414 0.980740
vt 0.183628 0.973968
vt 0.188183 0.973971
vt 0.188183 0.979334
vt 0.704720 0.950159
vt 0.906009 0.922978
vt 0.906009 0.976483
vt 0.990557 0.615471
vt 0.286414 0.944774
vt 0.183628 0.979331
vt 0.551620 0.973620
vt 0.556177 0.978984
vt 0.551620 0.978984
vt 0.040806 0.961199
vt 0.046170 0.925212
vt 0.046170 0.961200
vt 0.841549 0.980861
vt 0.846914 0.944894
vt 0.846914 0.980860
vt 0.991713 0.457145
vt 0.987156 0.493192
vt 0.987156 0.457145
vt 0.983783 0.149518
vt 0.988341 0.113470
vt 0.988341 0.149518
vt 0.101103 0.973974
vt 0.105658 0.979340
vt 0.101103 0.979337
vt 0.556177 0.973620
vt 0.040806 0.925212
vt 0.841549 0.944894
vt 0.991713 0.493192
vt 0.983783 0.113470
vt 0.105658 0.973977
vt 0.666524 0.972010
vt 0.666524 0.977375
vt 0.661967 0.977375
vt 0.864431 0.980860
vt 0.859066 0.980861
vt 0.859066 0.944894
vt 0.556984 0.961467
vt 0.551620 0.961467
vt 0.551620 0.925479
vt 0.986000 0.627624
vt 0.990557 0.627624
vt 0.990557 0.663671
vt 0.988172 0.884012
vt 0.983615 0.884012
vt 0.983615 0.847964
vt 0.160567 0.973971
vt 0.160567 0.979334
vt 0.156012 0.979331
vt 0.661967 0.972010
vt 0.864431 0.944894
vt 0.556984 0.925480
vt 0.986000 0.663671
vt 0.988172 0.847964
vt 0.156012 0.973968
vt 0.897342 0.435454
vt 0.881830 0.382155
vt 0.897342 0.382155
vt 0.879951 0.380275
vt 0.899222 0.380275
vt 0.899222 0.437334
vt 0.881830 0.435454
vt 0.879951 0.437334
vt 0.373023 0.970774
vt 0.373165 0.970765
vt 0.373287 0.970770
vt 0.373408 0.970784
vt 0.372879 0.970803
vt 0.373528 0.970808
vt 0.372735 0.970852
vt 0.373648 0.970842
vt 0.373767 0.970886
vt 0.372590 0.970921
vt 0.373887 0.970940
vt 0.370166 0.976982
vt 0.370166 0.970887
vt 0.371374 0.970887
vt 0.371374 0.972285
vt 0.372445 0.971011
vt 0.374006 0.971003
vt 0.374127 0.971077
vt 0.372298 0.971123
vt 0.374248 0.971160
vt 0.372151 0.971257
vt 0.374370 0.971254
vt 0.374493 0.971357
vt 0.372003 0.971415
vt 0.374618 0.971471
vt 0.371854 0.971595
vt 0.373098 0.971962
vt 0.373191 0.971995
vt 0.373287 0.972036
vt 0.373386 0.972085
vt 0.373487 0.972141
vt 0.373588 0.972204
vt 0.373689 0.972274
vt 0.373789 0.972349
vt 0.373886 0.972430
vt 0.373980 0.972516
vt 0.371704 0.971800
vt 0.372928 0.971924
vt 0.373010 0.971938
vt 0.371553 0.972030
vt 0.372650 0.971936
vt 0.372853 0.971919
vt 0.372456 0.971985
vt 0.372273 0.972064
vt 0.371401 0.972285
vt 0.372102 0.972172
vt 0.371945 0.972306
vt 0.371488 0.973058
vt 0.371573 0.972842
vt 0.371679 0.972643
vt 0.371803 0.972463
vt 0.371426 0.973290
vt 0.371387 0.973535
vt 0.371374 0.973792
vt 0.371374 0.976982
vt 0.854987 0.680355
vt 0.855397 0.680346
vt 0.855787 0.680384
vt 0.856150 0.680467
vt 0.854598 0.680415
vt 0.856483 0.680596
vt 0.854234 0.680524
vt 0.856786 0.680769
vt 0.853896 0.680679
vt 0.857056 0.680988
vt 0.853587 0.680878
vt 0.857292 0.681252
vt 0.853309 0.681119
vt 0.857493 0.681562
vt 0.853064 0.681400
vt 0.855383 0.681391
vt 0.855160 0.681394
vt 0.855590 0.681411
vt 0.854951 0.681419
vt 0.855781 0.681454
vt 0.854757 0.681466
vt 0.855956 0.681519
vt 0.857657 0.681918
vt 0.854577 0.681536
vt 0.852856 0.681719
vt 0.856116 0.681606
vt 0.854412 0.681627
vt 0.856259 0.681712
vt 0.854262 0.681739
vt 0.856385 0.681838
vt 0.854128 0.681872
vt 0.856493 0.681982
vt 0.852685 0.682073
vt 0.857782 0.682319
vt 0.854008 0.682025
vt 0.856582 0.682145
vt 0.853903 0.682198
vt 0.856653 0.682324
vt 0.852556 0.682460
vt 0.857867 0.682767
vt 0.853814 0.682391
vt 0.856705 0.682518
vt 0.853741 0.682602
vt 0.856737 0.682728
vt 0.852469 0.682878
vt 0.853683 0.682832
vt 0.857910 0.683260
vt 0.856748 0.682953
vt 0.852427 0.683326
vt 0.857910 0.683800
vt 0.852433 0.683744
vt 0.853624 0.683631
vt 0.853671 0.683923
vt 0.852482 0.684153
vt 0.853739 0.684191
vt 0.853829 0.684436
vt 0.852574 0.684550
vt 0.853941 0.684656
vt 0.852709 0.684927
vt 0.854074 0.684853
vt 0.857578 0.684999
vt 0.857758 0.684894
vt 0.857713 0.686061
vt 0.854228 0.685025
vt 0.857398 0.685095
vt 0.857219 0.685182
vt 0.852886 0.685282
vt 0.854404 0.685173
vt 0.857040 0.685261
vt 0.856861 0.685331
vt 0.854601 0.685297
vt 0.856683 0.685392
vt 0.854819 0.685395
vt 0.856504 0.685443
vt 0.853105 0.685608
vt 0.856324 0.685484
vt 0.855059 0.685470
vt 0.856145 0.685515
vt 0.855319 0.685519
vt 0.855964 0.685535
vt 0.855783 0.685544
vt 0.855600 0.685543
vt 0.853364 0.685900
vt 0.857526 0.686170
vt 0.853664 0.686154
vt 0.857341 0.686269
vt 0.857157 0.686358
vt 0.854004 0.686364
vt 0.856971 0.686435
vt 0.856782 0.686503
vt 0.854383 0.686526
vt 0.856589 0.686560
vt 0.856390 0.686606
vt 0.854801 0.686634
vt 0.856184 0.686642
vt 0.855969 0.686668
vt 0.855744 0.686684
vt 0.855256 0.686684
vt 0.855507 0.686689
vt 0.972443 0.681388
vt 0.972891 0.681376
vt 0.973063 0.681384
vt 0.973226 0.681399
vt 0.973381 0.681420
vt 0.972024 0.681453
vt 0.973530 0.681447
vt 0.973675 0.681480
vt 0.973815 0.681518
vt 0.971635 0.681568
vt 0.973953 0.681562
vt 0.974089 0.681610
vt 0.974225 0.681664
vt 0.971277 0.681731
vt 0.974361 0.681722
vt 0.974500 0.681784
vt 0.974642 0.681851
vt 0.970954 0.681941
vt 0.973454 0.682559
vt 0.973583 0.682595
vt 0.973714 0.682640
vt 0.973848 0.682695
vt 0.973987 0.682761
vt 0.974130 0.682837
vt 0.974280 0.682925
vt 0.974437 0.683026
vt 0.974602 0.683140
vt 0.970665 0.682196
vt 0.973198 0.682511
vt 0.973326 0.682531
vt 0.970414 0.682494
vt 0.972938 0.682491
vt 0.973069 0.682498
vt 0.972670 0.682499
vt 0.972416 0.682542
vt 0.972179 0.682616
vt 0.970202 0.682833
vt 0.971959 0.682721
vt 0.971759 0.682855
vt 0.971579 0.683017
vt 0.970030 0.683212
vt 0.971421 0.683206
vt 0.971286 0.683419
vt 0.969901 0.683628
vt 0.971177 0.683656
vt 0.971094 0.683916
vt 0.969816 0.684080
vt 0.971040 0.684196
vt 0.969777 0.684565
vt 0.971015 0.684495
vt 0.971022 0.684801
vt 0.969790 0.685003
vt 0.971063 0.685085
vt 0.969854 0.685417
vt 0.971135 0.685348
vt 0.971239 0.685588
vt 0.969966 0.685805
vt 0.971371 0.685805
vt 0.971532 0.685997
vt 0.970126 0.686165
vt 0.971720 0.686163
vt 0.974489 0.686284
vt 0.974642 0.686224
vt 0.974604 0.687418
vt 0.971933 0.686303
vt 0.974342 0.686339
vt 0.970329 0.686494
vt 0.974199 0.686388
vt 0.972170 0.686416
vt 0.974059 0.686432
vt 0.973923 0.686470
vt 0.973789 0.686503
vt 0.972430 0.686500
vt 0.973658 0.686530
vt 0.973528 0.686551
vt 0.972712 0.686556
vt 0.973399 0.686567
vt 0.973271 0.686577
vt 0.973014 0.686581
vt 0.973143 0.686582
vt 0.970574 0.686790
vt 0.970857 0.687050
vt 0.971178 0.687271
vt 0.971532 0.687450
vt 0.974494 0.687461
vt 0.974370 0.687503
vt 0.974234 0.687542
vt 0.971918 0.687586
vt 0.974088 0.687578
vt 0.973935 0.687611
vt 0.973774 0.687640
vt 0.973609 0.687665
vt 0.972334 0.687675
vt 0.973441 0.687685
vt 0.973272 0.687701
vt 0.973104 0.687711
vt 0.972776 0.687714
vt 0.972938 0.687716
vt 0.986794 0.687470
vt 0.986794 0.681376
vt 0.988002 0.681376
vt 0.988002 0.687470
vt 0.924756 0.991781
vt 0.924824 0.991712
vt 0.924901 0.991653
vt 0.924984 0.991606
vt 0.924699 0.991857
vt 0.925071 0.991571
vt 0.924653 0.991939
vt 0.925161 0.991547
vt 0.924619 0.992025
vt 0.925253 0.991535
vt 0.924595 0.992115
vt 0.925345 0.991535
vt 0.924584 0.992206
vt 0.925437 0.991547
vt 0.924584 0.992299
vt 0.925526 0.991570
vt 0.924596 0.992391
vt 0.925613 0.991605
vt 0.924619 0.992481
vt 0.925694 0.991650
vt 0.924654 0.992568
vt 0.925771 0.991708
vt 0.924701 0.992650
vt 0.925840 0.991776
vt 0.924760 0.992727
vt 0.924829 0.992796
vt 0.925899 0.991853
vt 0.925946 0.991935
vt 0.924905 0.992853
vt 0.925981 0.992022
vt 0.924987 0.992898
vt 0.926004 0.992112
vt 0.925074 0.992933
vt 0.926016 0.992204
vt 0.925163 0.992956
vt 0.926016 0.992297
vt 0.925255 0.992968
vt 0.926004 0.992388
vt 0.925347 0.992968
vt 0.925981 0.992478
vt 0.925439 0.992956
vt 0.925947 0.992564
vt 0.925529 0.992932
vt 0.925901 0.992646
vt 0.925616 0.992897
vt 0.925844 0.992722
vt 0.925699 0.992850
vt 0.925776 0.992791
vt 0.887332 0.684259
vt 0.887332 0.680472
vt 0.888541 0.680472
vt 0.888541 0.684340
vt 0.891242 0.684829
vt 0.891242 0.680472
vt 0.892450 0.680472
vt 0.892450 0.686567
vt 0.887350 0.684632
vt 0.888549 0.684547
vt 0.888576 0.684737
vt 0.887403 0.684976
vt 0.888619 0.684911
vt 0.891141 0.684963
vt 0.888680 0.685069
vt 0.891035 0.685086
vt 0.887487 0.685291
vt 0.888759 0.685210
vt 0.890925 0.685198
vt 0.890811 0.685298
vt 0.888854 0.685333
vt 0.887603 0.685577
vt 0.890693 0.685387
vt 0.888967 0.685439
vt 0.890572 0.685465
vt 0.891242 0.685793
vt 0.889098 0.685526
vt 0.890447 0.685532
vt 0.889245 0.685595
vt 0.890320 0.685586
vt 0.887749 0.685831
vt 0.890190 0.685629
vt 0.889409 0.685644
vt 0.890058 0.685660
vt 0.889591 0.685674
vt 0.889924 0.685678
vt 0.889789 0.685684
vt 0.891112 0.685925
vt 0.891242 0.686567
vt 0.887921 0.686054
vt 0.890975 0.686048
vt 0.890832 0.686162
vt 0.888120 0.686245
vt 0.890683 0.686266
vt 0.888342 0.686403
vt 0.890530 0.686361
vt 0.890375 0.686444
vt 0.888587 0.686527
vt 0.890217 0.686517
vt 0.890058 0.686577
vt 0.888852 0.686616
vt 0.889900 0.686625
vt 0.889136 0.686670
vt 0.889743 0.686660
vt 0.889588 0.686681
vt 0.889436 0.686689
vt 0.714465 0.885363
vt 0.712974 0.876516
vt 0.714286 0.876295
vt 0.715842 0.885530
vt 0.714519 0.885704
vt 0.714559 0.886015
vt 0.715898 0.885948
vt 0.714581 0.886299
vt 0.715920 0.886351
vt 0.714581 0.886556
vt 0.714555 0.886787
vt 0.715906 0.886735
vt 0.714499 0.886992
vt 0.715854 0.887098
vt 0.714409 0.887173
vt 0.714280 0.887330
vt 0.714110 0.887463
vt 0.715763 0.887437
vt 0.713894 0.887575
vt 0.713629 0.887664
vt 0.713309 0.887733
vt 0.713420 0.888967
vt 0.712974 0.887789
vt 0.715629 0.887750
vt 0.715452 0.888034
vt 0.715228 0.888286
vt 0.714955 0.888504
vt 0.714632 0.888685
vt 0.714257 0.888827
vt 0.713454 0.888965
vt 0.713826 0.888926
vt 0.713487 0.888963
vt 0.713519 0.888960
vt 0.713550 0.888958
vt 0.713582 0.888956
vt 0.713614 0.888953
vt 0.713647 0.888950
vt 0.713680 0.888947
vt 0.713714 0.888942
vt 0.713750 0.888938
vt 0.713787 0.888932
vt 0.306788 0.976973
vt 0.307053 0.976977
vt 0.306931 0.976982
vt 0.307173 0.976963
vt 0.306645 0.976944
vt 0.307294 0.976938
vt 0.306501 0.976895
vt 0.307413 0.976905
vt 0.307533 0.976861
vt 0.306356 0.976826
vt 0.307652 0.976807
vt 0.303931 0.970765
vt 0.305139 0.976860
vt 0.303931 0.976860
vt 0.305139 0.975462
vt 0.306210 0.976736
vt 0.307772 0.976744
vt 0.307892 0.976670
vt 0.306064 0.976624
vt 0.308013 0.976587
vt 0.305917 0.976490
vt 0.308135 0.976493
vt 0.308259 0.976390
vt 0.305769 0.976332
vt 0.308383 0.976276
vt 0.305620 0.976152
vt 0.306864 0.975785
vt 0.306956 0.975752
vt 0.307053 0.975711
vt 0.307152 0.975662
vt 0.307252 0.975606
vt 0.307354 0.975543
vt 0.307455 0.975473
vt 0.307555 0.975398
vt 0.307652 0.975317
vt 0.307745 0.975231
vt 0.305470 0.975947
vt 0.306694 0.975823
vt 0.306776 0.975808
vt 0.305319 0.975717
vt 0.306416 0.975811
vt 0.306619 0.975828
vt 0.306222 0.975762
vt 0.306038 0.975682
vt 0.305166 0.975462
vt 0.305867 0.975575
vt 0.305710 0.975441
vt 0.305254 0.974689
vt 0.305339 0.974905
vt 0.305444 0.975104
vt 0.305569 0.975284
vt 0.305191 0.974457
vt 0.305153 0.974211
vt 0.305139 0.973955
vt 0.305139 0.970765
vt 0.837351 0.686679
vt 0.838152 0.686651
vt 0.837762 0.686689
vt 0.838515 0.686567
vt 0.836963 0.686619
vt 0.838848 0.686439
vt 0.836598 0.686511
vt 0.839150 0.686265
vt 0.836260 0.686356
vt 0.839420 0.686047
vt 0.835951 0.686157
vt 0.839657 0.685782
vt 0.835673 0.685915
vt 0.839858 0.685472
vt 0.835429 0.685634
vt 0.837748 0.685643
vt 0.837524 0.685641
vt 0.837954 0.685623
vt 0.837315 0.685616
vt 0.838145 0.685580
vt 0.837121 0.685568
vt 0.838321 0.685515
vt 0.840021 0.685117
vt 0.836942 0.685499
vt 0.835220 0.685316
vt 0.838480 0.685429
vt 0.836777 0.685408
vt 0.838623 0.685322
vt 0.836627 0.685295
vt 0.838749 0.685197
vt 0.836492 0.685162
vt 0.838857 0.685052
vt 0.835050 0.684962
vt 0.840146 0.684715
vt 0.836372 0.685009
vt 0.838947 0.684890
vt 0.836268 0.684836
vt 0.839018 0.684711
vt 0.834920 0.684574
vt 0.840231 0.684268
vt 0.836179 0.684644
vt 0.839069 0.684516
vt 0.836105 0.684433
vt 0.839101 0.684306
vt 0.834833 0.684156
vt 0.836047 0.684203
vt 0.840275 0.683774
vt 0.839113 0.684082
vt 0.834792 0.683709
vt 0.840275 0.683235
vt 0.834797 0.683291
vt 0.835989 0.683403
vt 0.836035 0.683111
vt 0.834846 0.682881
vt 0.836103 0.682843
vt 0.836193 0.682599
vt 0.834939 0.682485
vt 0.836305 0.682378
vt 0.835074 0.682107
vt 0.836438 0.682182
vt 0.839942 0.682036
vt 0.840077 0.680974
vt 0.840123 0.682140
vt 0.836593 0.682009
vt 0.839763 0.681940
vt 0.839583 0.681852
vt 0.835251 0.681753
vt 0.836768 0.681861
vt 0.839405 0.681773
vt 0.839226 0.681703
vt 0.836966 0.681738
vt 0.839047 0.681643
vt 0.837184 0.681639
vt 0.838868 0.681592
vt 0.835469 0.681427
vt 0.838689 0.681551
vt 0.837423 0.681565
vt 0.838509 0.681520
vt 0.837683 0.681516
vt 0.838329 0.681500
vt 0.838147 0.681490
vt 0.837965 0.681492
vt 0.835729 0.681135
vt 0.839890 0.680864
vt 0.836029 0.680881
vt 0.839706 0.680765
vt 0.839521 0.680677
vt 0.836368 0.680670
vt 0.839335 0.680599
vt 0.839147 0.680532
vt 0.836747 0.680508
vt 0.838954 0.680475
vt 0.838755 0.680428
vt 0.837165 0.680400
vt 0.838549 0.680392
vt 0.838334 0.680366
vt 0.838109 0.680351
vt 0.837621 0.680351
vt 0.837871 0.680346
vt 0.923918 0.686800
vt 0.924537 0.686804
vt 0.924366 0.686812
vt 0.924700 0.686788
vt 0.924856 0.686767
vt 0.923499 0.686735
vt 0.925005 0.686741
vt 0.925149 0.686708
vt 0.925290 0.686670
vt 0.923109 0.686620
vt 0.925427 0.686626
vt 0.925563 0.686578
vt 0.925699 0.686524
vt 0.922752 0.686457
vt 0.925836 0.686466
vt 0.925974 0.686404
vt 0.926116 0.686337
vt 0.922428 0.686247
vt 0.924928 0.685629
vt 0.925057 0.685593
vt 0.925189 0.685547
vt 0.925323 0.685492
vt 0.925461 0.685427
vt 0.925605 0.685351
vt 0.925754 0.685263
vt 0.925911 0.685162
vt 0.926076 0.685048
vt 0.922140 0.685992
vt 0.924672 0.685677
vt 0.924800 0.685657
vt 0.921889 0.685694
vt 0.924412 0.685697
vt 0.924543 0.685690
vt 0.924144 0.685688
vt 0.923891 0.685646
vt 0.923654 0.685572
vt 0.921677 0.685355
vt 0.923434 0.685467
vt 0.923233 0.685333
vt 0.923053 0.685171
vt 0.921505 0.684976
vt 0.922895 0.684982
vt 0.922761 0.684769
vt 0.921376 0.684560
vt 0.922652 0.684532
vt 0.922569 0.684272
vt 0.921291 0.684108
vt 0.922514 0.683992
vt 0.921252 0.683622
vt 0.922490 0.683693
vt 0.922497 0.683387
vt 0.921264 0.683185
vt 0.922537 0.683103
vt 0.921328 0.682771
vt 0.922610 0.682840
vt 0.922713 0.682600
vt 0.921441 0.682383
vt 0.922846 0.682383
vt 0.923007 0.682191
vt 0.921600 0.682023
vt 0.923194 0.682025
vt 0.925964 0.681904
vt 0.926079 0.680770
vt 0.926116 0.681964
vt 0.923407 0.681885
vt 0.925817 0.681849
vt 0.921803 0.681693
vt 0.925673 0.681799
vt 0.923645 0.681772
vt 0.925534 0.681756
vt 0.925398 0.681717
vt 0.925264 0.681685
vt 0.923905 0.681687
vt 0.925132 0.681658
vt 0.925002 0.681636
vt 0.924187 0.681632
vt 0.924874 0.681621
vt 0.924746 0.681610
vt 0.924489 0.681607
vt 0.924618 0.681606
vt 0.922048 0.681398
vt 0.922332 0.681138
vt 0.922652 0.680917
vt 0.923007 0.680738
vt 0.925969 0.680727
vt 0.925845 0.680685
vt 0.925709 0.680646
vt 0.923393 0.680602
vt 0.925563 0.680610
vt 0.925409 0.680577
vt 0.925249 0.680548
vt 0.925084 0.680523
vt 0.923808 0.680513
vt 0.924916 0.680502
vt 0.924747 0.680487
vt 0.924578 0.680476
vt 0.924250 0.680474
vt 0.924412 0.680472
vt 0.986533 0.829717
vt 0.987741 0.835811
vt 0.986533 0.835811
vt 0.987741 0.829717
vt 0.101275 0.992679
vt 0.101421 0.992807
vt 0.101344 0.992748
vt 0.101503 0.992854
vt 0.101218 0.992603
vt 0.101590 0.992890
vt 0.101173 0.992521
vt 0.101680 0.992913
vt 0.101138 0.992435
vt 0.101772 0.992925
vt 0.101115 0.992345
vt 0.101864 0.992925
vt 0.101103 0.992254
vt 0.101956 0.992913
vt 0.101103 0.992161
vt 0.102046 0.992890
vt 0.101115 0.992070
vt 0.102132 0.992856
vt 0.101138 0.991980
vt 0.102214 0.992810
vt 0.101174 0.991893
vt 0.102290 0.992753
vt 0.101221 0.991810
vt 0.102359 0.992684
vt 0.101280 0.991733
vt 0.101349 0.991665
vt 0.102418 0.992607
vt 0.102465 0.992525
vt 0.101425 0.991608
vt 0.102500 0.992438
vt 0.101507 0.991562
vt 0.102524 0.992348
vt 0.101593 0.991527
vt 0.102535 0.992256
vt 0.101683 0.991504
vt 0.102535 0.992164
vt 0.101774 0.991493
vt 0.102524 0.992072
vt 0.101867 0.991493
vt 0.102501 0.991982
vt 0.101959 0.991504
vt 0.102466 0.991896
vt 0.102049 0.991528
vt 0.102421 0.991814
vt 0.102136 0.991563
vt 0.102363 0.991738
vt 0.102218 0.991610
vt 0.102295 0.991669
vt 0.870063 0.682902
vt 0.871271 0.686689
vt 0.870063 0.686689
vt 0.871271 0.682820
vt 0.873972 0.682332
vt 0.875180 0.686689
vt 0.873972 0.686689
vt 0.875180 0.680594
vt 0.870080 0.682529
vt 0.871279 0.682614
vt 0.871306 0.682424
vt 0.870133 0.682184
vt 0.871349 0.682250
vt 0.873871 0.682198
vt 0.871410 0.682092
vt 0.873765 0.682075
vt 0.870218 0.681869
vt 0.871489 0.681951
vt 0.873655 0.681963
vt 0.873541 0.681863
vt 0.871585 0.681828
vt 0.870334 0.681584
vt 0.873423 0.681773
vt 0.871698 0.681722
vt 0.873302 0.681695
vt 0.873972 0.681368
vt 0.871828 0.681635
vt 0.873177 0.681629
vt 0.871975 0.681566
vt 0.873050 0.681574
vt 0.870479 0.681330
vt 0.872920 0.681532
vt 0.872140 0.681517
vt 0.872788 0.681501
vt 0.872321 0.681487
vt 0.872655 0.681483
vt 0.872520 0.681476
vt 0.873842 0.681236
vt 0.873972 0.680594
vt 0.870651 0.681107
vt 0.873705 0.681113
vt 0.873562 0.680999
vt 0.870850 0.680916
vt 0.873413 0.680894
vt 0.871072 0.680758
vt 0.873261 0.680800
vt 0.873105 0.680716
vt 0.871317 0.680634
vt 0.872947 0.680644
vt 0.872788 0.680584
vt 0.871582 0.680544
vt 0.872630 0.680536
vt 0.871866 0.680490
vt 0.872473 0.680501
vt 0.872318 0.680479
vt 0.872167 0.680472
vt 0.196023 0.834209
vt 0.195844 0.843278
vt 0.194532 0.843057
vt 0.197400 0.834042
vt 0.196077 0.833869
vt 0.196117 0.833557
vt 0.197456 0.833624
vt 0.196139 0.833273
vt 0.197478 0.833222
vt 0.196139 0.833016
vt 0.196113 0.832786
vt 0.197464 0.832838
vt 0.196057 0.832580
vt 0.197413 0.832475
vt 0.195967 0.832400
vt 0.195839 0.832243
vt 0.195669 0.832109
vt 0.197321 0.832136
vt 0.195453 0.831998
vt 0.195187 0.831908
vt 0.194867 0.831840
vt 0.194979 0.830606
vt 0.194532 0.831783
vt 0.197188 0.831823
vt 0.197010 0.831539
vt 0.196786 0.831286
vt 0.196514 0.831068
vt 0.196191 0.830887
vt 0.195815 0.830746
vt 0.195012 0.830608
vt 0.195385 0.830647
vt 0.195045 0.830610
vt 0.195077 0.830612
vt 0.195109 0.830614
vt 0.195141 0.830617
vt 0.195173 0.830619
vt 0.195205 0.830622
vt 0.195238 0.830626
vt 0.195273 0.830630
vt 0.195308 0.830635
vt 0.195346 0.830640
vt 0.969778 0.985580
vt 0.972215 0.985966
vt 0.969779 0.985965
vt 0.721431 0.950617
vt 0.723867 0.950896
vt 0.721431 0.950895
vt 0.371357 0.989134
vt 0.370166 0.991570
vt 0.370166 0.989134
vt 0.988124 0.951460
vt 0.988005 0.953894
vt 0.988005 0.951459
vt 0.989183 0.951459
vt 0.989036 0.953896
vt 0.989036 0.951460
vt 0.517552 0.988350
vt 0.517672 0.990783
vt 0.517552 0.990785
vt 0.989729 0.702790
vt 0.987297 0.702577
vt 0.989733 0.702577
vt 0.956777 0.987336
vt 0.956553 0.989772
vt 0.956553 0.987336
vt 0.989734 0.700168
vt 0.987297 0.700020
vt 0.989732 0.700020
vt 0.969778 0.985217
vt 0.972214 0.985580
vt 0.987888 0.953893
vt 0.987888 0.951457
vt 0.389206 0.977811
vt 0.386771 0.977924
vt 0.386770 0.977811
vt 0.448446 0.984466
vt 0.450882 0.984776
vt 0.448446 0.984775
vt 0.868864 0.879693
vt 0.871300 0.885778
vt 0.868864 0.885777
vt 0.517796 0.988346
vt 0.517672 0.988348
vt 0.956353 0.989773
vt 0.956353 0.987336
vt 0.989735 0.700311
vt 0.987298 0.700168
vt 0.987167 0.508694
vt 0.989605 0.508877
vt 0.987170 0.508874
vt 0.770788 0.988658
vt 0.769580 0.991093
vt 0.769580 0.988658
vt 0.305096 0.989135
vt 0.303931 0.991571
vt 0.303931 0.989134
vt 0.990429 0.228307
vt 0.989034 0.230743
vt 0.989034 0.228307
vt 0.987300 0.702340
vt 0.989736 0.702340
vt 0.989331 0.951457
vt 0.989183 0.953894
vt 0.519399 0.988348
vt 0.519271 0.990781
vt 0.519271 0.988345
vt 0.989736 0.700450
vt 0.987299 0.700311
vt 0.956176 0.989773
vt 0.956176 0.987337
vt 0.517922 0.988344
vt 0.517796 0.990781
vt 0.987165 0.508515
vt 0.989603 0.508697
vt 0.989737 0.700587
vt 0.987300 0.700450
vt 0.987770 0.953891
vt 0.987770 0.951456
vt 0.987163 0.508337
vt 0.989601 0.508518
vt 0.519126 0.990779
vt 0.519126 0.988344
vt 0.989738 0.700720
vt 0.987301 0.700587
vt 0.987652 0.953889
vt 0.987652 0.951454
vt 0.518051 0.988343
vt 0.517922 0.990780
vt 0.969778 0.984882
vt 0.972214 0.985217
vt 0.989481 0.951454
vt 0.989331 0.953892
vt 0.721430 0.950372
vt 0.723867 0.950618
vt 0.987302 0.702079
vt 0.989738 0.702079
vt 0.989738 0.700852
vt 0.987302 0.700720
vt 0.987170 0.505345
vt 0.989601 0.505525
vt 0.987166 0.505522
vt 0.987533 0.953887
vt 0.987533 0.951452
vt 0.518182 0.988342
vt 0.518051 0.990779
vt 0.987161 0.508159
vt 0.989599 0.508340
vt 0.989632 0.951451
vt 0.989481 0.953889
vt 0.989739 0.700982
vt 0.987303 0.700852
vt 0.987160 0.507981
vt 0.989597 0.508162
vt 0.518963 0.990778
vt 0.518963 0.988342
vt 0.987414 0.953885
vt 0.987414 0.951449
vt 0.518315 0.988341
vt 0.518182 0.990778
vt 0.987303 0.701797
vt 0.989739 0.701797
vt 0.989739 0.701110
vt 0.987303 0.700982
vt 0.989598 0.505723
vt 0.987163 0.505720
vt 0.987294 0.953882
vt 0.987294 0.951447
vt 0.987159 0.507803
vt 0.989595 0.507984
vt 0.992574 0.210791
vt 0.992408 0.213226
vt 0.992408 0.210790
vt 0.518783 0.988341
vt 0.518783 0.990777
vt 0.989739 0.701238
vt 0.987304 0.701110
vt 0.518449 0.988341
vt 0.518315 0.990777
vt 0.989596 0.505942
vt 0.987160 0.505939
vt 0.666524 0.989529
vt 0.666402 0.991965
vt 0.666402 0.989529
vt 0.987304 0.701495
vt 0.989740 0.701495
vt 0.987157 0.507624
vt 0.989594 0.507805
vt 0.992763 0.210791
vt 0.992574 0.213227
vt 0.518584 0.988341
vt 0.518584 0.990777
vt 0.989740 0.701367
vt 0.987304 0.701238
vt 0.518449 0.990777
vt 0.969777 0.984579
vt 0.972214 0.984882
vt 0.448445 0.984193
vt 0.450882 0.984466
vt 0.987157 0.507445
vt 0.989593 0.507627
vt 0.021645 0.987797
vt 0.021552 0.990233
vt 0.021552 0.987797
vt 0.987304 0.701367
vt 0.249291 0.986401
vt 0.251727 0.986533
vt 0.249291 0.986533
vt 0.021740 0.987797
vt 0.021645 0.990233
vt 0.829295 0.983396
vt 0.828522 0.985832
vt 0.828522 0.983396
vt 0.989594 0.506182
vt 0.987158 0.506179
vt 0.990242 0.287796
vt 0.989034 0.290232
vt 0.989034 0.287796
vt 0.491199 0.891574
vt 0.488764 0.891287
vt 0.491200 0.891286
vt 0.987156 0.507266
vt 0.989592 0.507448
vt 0.021839 0.987797
vt 0.021740 0.990233
vt 0.721430 0.950159
vt 0.723867 0.950372
vt 0.491199 0.891899
vt 0.488763 0.891576
vt 0.021939 0.987797
vt 0.021839 0.990233
vt 0.989592 0.506443
vt 0.987157 0.506440
vt 0.251728 0.986672
vt 0.249292 0.986671
vt 0.491198 0.892256
vt 0.488762 0.891900
vt 0.987156 0.507085
vt 0.989591 0.507269
vt 0.022039 0.987798
vt 0.021939 0.990233
vt 0.251728 0.986817
vt 0.249292 0.986816
vt 0.987156 0.506904
vt 0.989591 0.507088
vt 0.022140 0.987798
vt 0.022039 0.990234
vt 0.249292 0.989529
vt 0.251727 0.989726
vt 0.249291 0.989725
vt 0.491200 0.895327
vt 0.488764 0.895219
vt 0.491200 0.895218
vt 0.022238 0.987798
vt 0.022140 0.990234
vt 0.488764 0.895096
vt 0.491200 0.895094
vt 0.989591 0.506724
vt 0.987156 0.506722
vt 0.251729 0.986967
vt 0.249293 0.986966
vt 0.989591 0.506907
vt 0.022334 0.987799
vt 0.022238 0.990234
vt 0.249293 0.989309
vt 0.251728 0.989530
vt 0.488763 0.894961
vt 0.491199 0.894959
vt 0.491198 0.892645
vt 0.488762 0.892257
vt 0.022427 0.987799
vt 0.022334 0.990235
vt 0.436292 0.984460
vt 0.433856 0.984193
vt 0.436293 0.984193
vt 0.665402 0.991963
vt 0.665402 0.989527
vt 0.251729 0.987121
vt 0.249293 0.987120
vt 0.992976 0.210791
vt 0.992763 0.213227
vt 0.488763 0.894816
vt 0.491199 0.894814
vt 0.251729 0.987278
vt 0.249293 0.987277
vt 0.436293 0.988811
vt 0.433856 0.988628
vt 0.436292 0.988627
vt 0.249293 0.989066
vt 0.251729 0.989309
vt 0.488763 0.894662
vt 0.491199 0.894661
vt 0.436291 0.984766
vt 0.433855 0.984460
vt 0.021465 0.987796
vt 0.021383 0.990233
vt 0.021383 0.987796
vt 0.488763 0.894503
vt 0.491199 0.894501
vt 0.021465 0.990233
vt 0.251730 0.987436
vt 0.249293 0.987436
vt 0.433855 0.988445
vt 0.436292 0.988445
vt 0.993215 0.210791
vt 0.992976 0.213227
vt 0.488762 0.894338
vt 0.491199 0.894337
vt 0.251730 0.987596
vt 0.249294 0.987595
vt 0.491198 0.893061
vt 0.488762 0.892646
vt 0.433855 0.988263
vt 0.436291 0.988263
vt 0.249294 0.988802
vt 0.251729 0.989067
vt 0.436290 0.985111
vt 0.433855 0.984767
vt 0.021308 0.987796
vt 0.021105 0.990233
vt 0.021105 0.987796
vt 0.488762 0.894170
vt 0.491198 0.894169
vt 0.021308 0.990233
vt 0.251730 0.987755
vt 0.249294 0.987754
vt 0.433855 0.988079
vt 0.436291 0.988079
vt 0.249294 0.988519
vt 0.251730 0.988803
vt 0.488762 0.894002
vt 0.491198 0.894000
vt 0.020910 0.990233
vt 0.020910 0.987797
vt 0.433854 0.987893
vt 0.436291 0.987892
vt 0.488762 0.893833
vt 0.491198 0.893832
vt 0.436289 0.985494
vt 0.433854 0.985112
vt 0.020726 0.990233
vt 0.020726 0.987797
vt 0.251730 0.987912
vt 0.249294 0.987912
vt 0.491198 0.893504
vt 0.488762 0.893063
vt 0.993478 0.210792
vt 0.993215 0.213228
vt 0.251730 0.988068
vt 0.249294 0.988067
vt 0.491198 0.893666
vt 0.488762 0.893505
vt 0.433854 0.987701
vt 0.436290 0.987700
vt 0.249294 0.988219
vt 0.251730 0.988520
vt 0.488762 0.893667
vt 0.020553 0.990234
vt 0.020553 0.987797
vt 0.251730 0.988219
vt 0.956730 0.626253
vt 0.959166 0.632337
vt 0.956730 0.632337
vt 0.433854 0.987504
vt 0.436290 0.987503
vt 0.914639 0.428459
vt 0.917076 0.437416
vt 0.914640 0.437416
vt 0.436289 0.985914
vt 0.433853 0.985495
vt 0.020394 0.990234
vt 0.020394 0.987798
vt 0.356973 0.988759
vt 0.355766 0.991193
vt 0.355766 0.988758
vt 0.989034 0.242896
vt 0.990364 0.245332
vt 0.989034 0.245331
vt 0.532863 0.988341
vt 0.531655 0.990777
vt 0.531655 0.988341
vt 0.724284 0.901300
vt 0.724257 0.903735
vt 0.724257 0.901300
vt 0.121686 0.981803
vt 0.119249 0.975722
vt 0.121686 0.975722
vt 0.433854 0.987299
vt 0.436290 0.987298
vt 0.904741 0.216039
vt 0.902303 0.206696
vt 0.904739 0.206695
vt 0.552217 0.991142
vt 0.552120 0.993578
vt 0.552120 0.991142
vt 0.914639 0.428115
vt 0.917075 0.428459
vt 0.433853 0.987084
vt 0.436290 0.987084
vt 0.474388 0.988294
vt 0.471952 0.988084
vt 0.474388 0.988084
vt 0.552024 0.993578
vt 0.552024 0.991142
vt 0.914639 0.427800
vt 0.917075 0.428115
vt 0.433853 0.986860
vt 0.436289 0.986859
vt 0.474388 0.988486
vt 0.471952 0.988295
vt 0.551931 0.993577
vt 0.551931 0.991142
vt 0.436289 0.986371
vt 0.433853 0.985915
vt 0.552311 0.991142
vt 0.552217 0.993578
vt 0.474387 0.988656
vt 0.471951 0.988486
vt 0.902303 0.206276
vt 0.904739 0.206275
vt 0.436289 0.986622
vt 0.433853 0.986372
vt 0.914639 0.427516
vt 0.917075 0.427800
vt 0.433853 0.986623
vt 0.474387 0.988804
vt 0.471951 0.988657
vt 0.551844 0.993576
vt 0.551844 0.991141
vt 0.074013 0.987065
vt 0.076448 0.987518
vt 0.074012 0.987513
vt 0.552401 0.991141
vt 0.552311 0.993577
vt 0.471952 0.987857
vt 0.474388 0.987857
vt 0.902303 0.205880
vt 0.904739 0.205879
vt 0.076447 0.987690
vt 0.074012 0.987685
vt 0.914639 0.427260
vt 0.917075 0.427516
vt 0.471952 0.987615
vt 0.474388 0.987615
vt 0.551762 0.993575
vt 0.551762 0.991140
vt 0.076447 0.987853
vt 0.074011 0.987848
vt 0.914639 0.427034
vt 0.917075 0.427260
vt 0.552485 0.991140
vt 0.552401 0.993577
vt 0.471952 0.987360
vt 0.474388 0.987360
vt 0.076446 0.988008
vt 0.074010 0.988003
vt 0.907217 0.988636
vt 0.906009 0.991072
vt 0.906009 0.988636
vt 0.074012 0.986646
vt 0.076449 0.987070
vt 0.471952 0.984178
vt 0.474388 0.984177
vt 0.902303 0.205509
vt 0.904740 0.205509
vt 0.551687 0.993574
vt 0.551687 0.991138
vt 0.059409 0.986959
vt 0.061845 0.987372
vt 0.059409 0.987369
vt 0.914640 0.426836
vt 0.917076 0.427034
vt 0.552563 0.991139
vt 0.552485 0.993576
vt 0.076445 0.988158
vt 0.074009 0.988153
vt 0.061843 0.987763
vt 0.059408 0.987760
vt 0.902304 0.205168
vt 0.904740 0.205168
vt 0.551620 0.993572
vt 0.551620 0.991137
vt 0.076444 0.988302
vt 0.074008 0.988297
vt 0.061841 0.988126
vt 0.059406 0.988123
vt 0.914640 0.426666
vt 0.917076 0.426836
vt 0.552634 0.991138
vt 0.552563 0.993575
vt 0.059408 0.986571
vt 0.061845 0.986962
vt 0.076443 0.988442
vt 0.074007 0.988437
vt 0.503509 0.891291
vt 0.503353 0.893730
vt 0.503353 0.891294
vt 0.074010 0.986257
vt 0.076448 0.986651
vt 0.157025 0.991487
vt 0.156951 0.993923
vt 0.156951 0.991487
vt 0.061838 0.988460
vt 0.059402 0.988458
vt 0.503702 0.893724
vt 0.503509 0.893727
vt 0.170536 0.991487
vt 0.170463 0.993923
vt 0.170463 0.991487
vt 0.059406 0.986208
vt 0.061844 0.986574
vt 0.076441 0.988580
vt 0.074006 0.988575
vt 0.902304 0.204860
vt 0.904740 0.204859
vt 0.156871 0.993923
vt 0.156871 0.991487
vt 0.076440 0.988716
vt 0.074004 0.988711
vt 0.061833 0.988764
vt 0.059398 0.988762
vt 0.503702 0.891289
vt 0.503935 0.893723
vt 0.170615 0.993923
vt 0.170536 0.993923
vt 0.059402 0.985871
vt 0.061841 0.986210
vt 0.076438 0.988852
vt 0.074003 0.988847
vt 0.504214 0.891286
vt 0.503935 0.891287
vt 0.074007 0.985900
vt 0.076446 0.986262
vt 0.156786 0.993923
vt 0.156786 0.991487
vt 0.061828 0.989037
vt 0.059392 0.989034
vt 0.504541 0.891286
vt 0.504214 0.893722
vt 0.170700 0.991487
vt 0.170615 0.991487
vt 0.059398 0.985564
vt 0.061838 0.985874
vt 0.076436 0.988989
vt 0.074001 0.988983
vt 0.990253 0.272073
vt 0.989034 0.274510
vt 0.989034 0.272074
vt 0.156695 0.993923
vt 0.156695 0.991487
vt 0.076435 0.989127
vt 0.073999 0.989122
vt 0.987294 0.936459
vt 0.989731 0.936730
vt 0.987294 0.936730
vt 0.504880 0.893722
vt 0.504541 0.893722
vt 0.170790 0.991487
vt 0.170700 0.993923
vt 0.059392 0.985288
vt 0.061833 0.985566
vt 0.076433 0.989269
vt 0.073997 0.989264
vt 0.074003 0.985576
vt 0.076443 0.985905
vt 0.902304 0.204586
vt 0.904740 0.204586
vt 0.156601 0.993923
vt 0.156601 0.991487
vt 0.989731 0.937046
vt 0.987295 0.937045
vt 0.170885 0.991487
vt 0.170790 0.993923
vt 0.969778 0.988762
vt 0.972213 0.989066
vt 0.969777 0.989066
vt 0.902305 0.204351
vt 0.904741 0.204351
vt 0.989728 0.732347
vt 0.987292 0.732218
vt 0.989728 0.732218
vt 0.008242 0.987796
vt 0.007976 0.990233
vt 0.007976 0.987797
vt 0.156504 0.993923
vt 0.156504 0.991487
vt 0.170982 0.991487
vt 0.170885 0.993923
vt 0.989728 0.732479
vt 0.987292 0.732347
vt 0.007669 0.990234
vt 0.007669 0.987798
vt 0.988537 0.966050
vt 0.988313 0.968486
vt 0.988313 0.966050
vt 0.171078 0.991487
vt 0.170982 0.993923
vt 0.989728 0.732615
vt 0.987292 0.732479
vt 0.988743 0.966050
vt 0.988537 0.968486
vt 0.007319 0.990235
vt 0.007319 0.987798
vt 0.989727 0.732754
vt 0.987292 0.732615
vt 0.006924 0.990235
vt 0.006924 0.987799
vt 0.156408 0.993923
vt 0.156408 0.991487
vt 0.988105 0.968486
vt 0.988105 0.966050
vt 0.006110 0.987799
vt 0.006076 0.990235
vt 0.006076 0.987799
vt 0.989727 0.732899
vt 0.987291 0.732754
vt 0.988936 0.966050
vt 0.988743 0.968486
vt 0.156316 0.993923
vt 0.156316 0.991487
vt 0.171170 0.991487
vt 0.171078 0.993923
vt 0.989727 0.733050
vt 0.987291 0.732899
vt 0.006483 0.990235
vt 0.006483 0.987799
vt 0.987912 0.968486
vt 0.987912 0.966050
vt 0.006142 0.987799
vt 0.006110 0.990235
vt 0.989726 0.733209
vt 0.987291 0.733050
vt 0.989113 0.966050
vt 0.988936 0.968486
vt 0.156230 0.993923
vt 0.156230 0.991487
vt 0.006174 0.987799
vt 0.006142 0.990235
vt 0.171256 0.991487
vt 0.171170 0.993923
vt 0.989726 0.733376
vt 0.987290 0.733209
vt 0.990321 0.257485
vt 0.989034 0.259921
vt 0.989034 0.257485
vt 0.989731 0.937406
vt 0.987295 0.937405
vt 0.006206 0.990235
vt 0.006174 0.990235
vt 0.073997 0.985288
vt 0.076438 0.985581
vt 0.156150 0.993923
vt 0.156150 0.991487
vt 0.987735 0.968487
vt 0.987735 0.966051
vt 0.006237 0.987799
vt 0.006206 0.987799
vt 0.171337 0.991487
vt 0.171256 0.993923
vt 0.969778 0.988425
vt 0.972214 0.988762
vt 0.989728 0.732089
vt 0.987292 0.731961
vt 0.989728 0.731961
vt 0.006269 0.987799
vt 0.006237 0.990235
vt 0.989275 0.966051
vt 0.989113 0.968487
vt 0.156077 0.993923
vt 0.156077 0.991487
vt 0.987292 0.732089
vt 0.006302 0.987799
vt 0.006269 0.990235
vt 0.171410 0.991487
vt 0.171337 0.993923
vt 0.448446 0.988458
vt 0.450881 0.988777
vt 0.448445 0.988777
vt 0.987572 0.968487
vt 0.987572 0.966051
vt 0.006335 0.987799
vt 0.006302 0.990235
vt 0.989420 0.966051
vt 0.989275 0.968487
vt 0.156012 0.993923
vt 0.156012 0.991487
vt 0.989728 0.731832
vt 0.987292 0.731701
vt 0.989729 0.731701
vt 0.006370 0.987799
vt 0.006335 0.990235
vt 0.171476 0.991487
vt 0.171410 0.993923
vt 0.987292 0.731832
vt 0.987425 0.968488
vt 0.987425 0.966051
vt 0.006406 0.987799
vt 0.006370 0.990235
vt 0.989549 0.966052
vt 0.989420 0.968487
vt 0.184643 0.991487
vt 0.184573 0.993923
vt 0.184573 0.991487
vt 0.987292 0.731433
vt 0.989728 0.731433
vt 0.006443 0.987799
vt 0.006406 0.990235
vt 0.183697 0.991487
vt 0.183628 0.993923
vt 0.183628 0.991487
vt 0.006443 0.990235
vt 0.987292 0.731180
vt 0.989728 0.731180
vt 0.987294 0.968488
vt 0.987294 0.966052
vt 0.040939 0.990870
vt 0.040806 0.993306
vt 0.040806 0.990870
vt 0.184495 0.993923
vt 0.184495 0.991487
vt 0.987292 0.730944
vt 0.989728 0.730944
vt 0.183773 0.991487
vt 0.183697 0.993923
vt 0.448446 0.988101
vt 0.450882 0.988458
vt 0.969778 0.988056
vt 0.972214 0.988425
vt 0.184412 0.993923
vt 0.184412 0.991487
vt 0.987291 0.730727
vt 0.989727 0.730727
vt 0.989732 0.937811
vt 0.987295 0.937810
vt 0.183855 0.991487
vt 0.183773 0.993923
vt 0.987291 0.730528
vt 0.989727 0.730528
vt 0.197742 0.991488
vt 0.197593 0.993924
vt 0.197593 0.991487
vt 0.041091 0.990870
vt 0.040939 0.993306
vt 0.184323 0.993924
vt 0.184323 0.991487
vt 0.987290 0.730351
vt 0.989726 0.730351
vt 0.183943 0.991487
vt 0.183855 0.993923
vt 0.448446 0.987708
vt 0.450882 0.988101
vt 0.197423 0.993923
vt 0.197423 0.991487
vt 0.041263 0.990870
vt 0.041091 0.993306
vt 0.184230 0.993924
vt 0.184230 0.991487
vt 0.989726 0.748504
vt 0.987290 0.748321
vt 0.989726 0.748321
vt 0.184036 0.991487
vt 0.183943 0.993923
vt 0.969779 0.987658
vt 0.972214 0.988056
vt 0.987291 0.748113
vt 0.989727 0.748113
vt 0.184133 0.991487
vt 0.184036 0.993924
vt 0.448447 0.987283
vt 0.450883 0.987709
vt 0.184133 0.993924
vt 0.989732 0.938260
vt 0.987295 0.938260
vt 0.721431 0.951917
vt 0.723866 0.955698
vt 0.721430 0.955697
vt 0.987291 0.747880
vt 0.989727 0.747880
vt 0.197233 0.993923
vt 0.197233 0.991487
vt 0.342406 0.988758
vt 0.343613 0.991194
vt 0.342406 0.991193
vt 0.041452 0.990869
vt 0.041263 0.993306
vt 0.987291 0.747624
vt 0.989727 0.747624
vt 0.389207 0.982795
vt 0.386771 0.978936
vt 0.389207 0.978936
vt 0.448447 0.986825
vt 0.450883 0.987283
vt 0.816370 0.987746
vt 0.813933 0.983396
vt 0.816369 0.983396
vt 0.197023 0.993923
vt 0.197023 0.991487
vt 0.041657 0.990869
vt 0.041452 0.993306
vt 0.325781 0.988817
vt 0.326989 0.991253
vt 0.325781 0.991252
vt 0.987291 0.747346
vt 0.989727 0.747346
vt 0.448447 0.986338
vt 0.450883 0.986825
vt 0.969779 0.987233
vt 0.972215 0.987658
vt 0.943728 0.980098
vt 0.941291 0.974017
vt 0.943728 0.974017
vt 0.721431 0.951546
vt 0.723867 0.951918
vt 0.987291 0.747047
vt 0.989727 0.747047
vt 0.196795 0.993923
vt 0.196795 0.991487
vt 0.386771 0.978729
vt 0.389207 0.978729
vt 0.987291 0.746742
vt 0.989727 0.746742
vt 0.989732 0.938755
vt 0.987295 0.938754
vt 0.448447 0.985904
vt 0.450883 0.986338
vt 0.041879 0.990869
vt 0.041657 0.993305
vt 0.386771 0.978538
vt 0.389207 0.978538
vt 0.721431 0.951205
vt 0.723867 0.951546
vt 0.987291 0.746456
vt 0.989727 0.746456
vt 0.989725 0.718197
vt 0.987290 0.715132
vt 0.989725 0.715131
vt 0.448447 0.985497
vt 0.450883 0.985904
vt 0.386771 0.978361
vt 0.389207 0.978361
vt 0.969779 0.986784
vt 0.972215 0.987233
vt 0.816370 0.987885
vt 0.813934 0.987746
vt 0.987291 0.746191
vt 0.989727 0.746191
vt 0.989732 0.939294
vt 0.987295 0.939294
vt 0.988746 0.951462
vt 0.988603 0.953897
vt 0.988603 0.951462
vt 0.386771 0.978199
vt 0.389207 0.978199
vt 0.987291 0.745947
vt 0.989727 0.745947
vt 0.969779 0.986368
vt 0.972215 0.986784
vt 0.816370 0.988014
vt 0.813934 0.987885
vt 0.448447 0.985120
vt 0.450883 0.985497
vt 0.988482 0.953897
vt 0.988482 0.951462
vt 0.723867 0.951206
vt 0.986804 0.988868
vt 0.984367 0.984579
vt 0.986804 0.984579
vt 0.988361 0.953897
vt 0.988361 0.951461
vt 0.987291 0.745726
vt 0.989727 0.745726
vt 0.988890 0.951461
vt 0.988746 0.953897
vt 0.957587 0.987335
vt 0.957294 0.989772
vt 0.957294 0.987336
vt 0.386771 0.978054
vt 0.389207 0.978054
vt 0.987290 0.745528
vt 0.989726 0.745528
vt 0.972215 0.986368
vt 0.813933 0.988132
vt 0.813933 0.988014
vt 0.450883 0.985120
vt 0.988242 0.953896
vt 0.988242 0.951461
vt 0.988890 0.953897
vt 0.517435 0.990788
vt 0.517435 0.988352
vt 0.957024 0.989772
vt 0.957024 0.987336
vt 0.989725 0.702978
vt 0.987294 0.702790
vt 0.987295 0.699868
vt 0.989731 0.699868
vt 0.956777 0.989772
vt 0.988124 0.953895
vt 0.389207 0.977924
vt 0.371357 0.991571
vt 0.871300 0.879693
vt 0.770788 0.991094
vt 0.305096 0.991571
vt 0.990429 0.230743
vt 0.519399 0.990783
vt 0.989605 0.505348
vt 0.989632 0.953886
vt 0.666524 0.991965
vt 0.972213 0.984579
vt 0.450881 0.984193
vt 0.251727 0.986402
vt 0.829295 0.985832
vt 0.990242 0.290232
vt 0.723866 0.950160
vt 0.488764 0.895329
vt 0.022427 0.990235
vt 0.433856 0.988811
vt 0.993478 0.213228
vt 0.959166 0.626253
vt 0.356973 0.991194
vt 0.990364 0.242897
vt 0.532863 0.990777
vt 0.724284 0.903735
vt 0.119249 0.981803
vt 0.902305 0.216040
vt 0.471951 0.988804
vt 0.907217 0.991072
vt 0.917076 0.426666
vt 0.552634 0.993573
vt 0.157025 0.993923
vt 0.990253 0.274510
vt 0.989730 0.936459
vt 0.504880 0.891286
vt 0.061828 0.985291
vt 0.008242 0.990233
vt 0.987290 0.733376
vt 0.990321 0.259921
vt 0.076433 0.985293
vt 0.171476 0.993923
vt 0.989549 0.968488
vt 0.184643 0.993923
vt 0.197742 0.993924
vt 0.987290 0.748504
vt 0.343613 0.988759
vt 0.386771 0.982795
vt 0.326989 0.988818
vt 0.941291 0.980098
vt 0.041879 0.993305
vt 0.987290 0.718199
vt 0.984367 0.988868
vt 0.957587 0.989772
vt 0.816369 0.988132
vt 0.987290 0.702978
s 1
usemtl CarBody
f 4/1/1 13/2/1 16/3/1
f 6/4/2 7/5/2 8/6/2
f 2/7/3 10/8/3 4/9/3
f 8/10/4 9/11/4 10/12/4
f 10/12/4 3/13/4 4/1/4
f 5/14/5 9/15/5 7/16/5
f 2/17/6 11/18/6 12/19/6
f 12/19/6 5/20/6 6/21/6
f 14/22/7 3/23/7 1/24/7
f 11/25/5 3/26/5 9/15/5
f 12/27/3 8/28/3 10/8/3
f 2/17/8 14/29/8 1/30/8
f 16/31/9 2/32/9 4/33/9
f 4/1/1 3/13/1 13/2/1
f 2/17/8 15/34/10 14/29/8
f 16/35/11 14/22/11 15/36/11
f 6/4/2 5/37/2 7/5/2
f 2/7/3 12/27/3 10/8/3
f 8/10/4 7/38/4 9/11/4
f 10/12/4 9/11/4 3/13/4
f 5/14/5 11/25/5 9/15/5
f 2/17/6 1/30/6 11/18/6
f 12/19/6 11/18/6 5/20/6
f 14/22/7 13/39/7 3/23/7
f 11/25/5 1/40/5 3/26/5
f 12/27/3 6/41/3 8/28/3
f 16/31/9 15/42/9 2/32/9
f 16/35/11 13/39/11 14/22/11
f 20/43/12 32/44/12 29/45/12
f 22/46/11 24/47/11 23/48/11
f 18/49/3 20/50/3 26/51/3
f 24/52/4 26/53/4 25/54/4
f 26/53/4 20/43/4 19/55/4
f 21/56/5 23/57/5 25/58/5
f 18/59/6 28/60/6 27/61/6
f 28/60/6 22/62/6 21/63/6
f 30/64/13 17/65/13 19/66/13
f 27/67/5 25/58/5 19/68/5
f 28/69/3 26/51/3 24/70/3
f 18/59/14 17/71/14 30/72/14
f 32/73/15 20/74/15 18/75/15
f 20/43/12 29/45/12 19/55/12
f 18/59/14 30/72/14 31/76/16
f 32/77/2 31/78/2 30/64/2
f 22/46/11 23/48/11 21/79/11
f 18/49/3 26/51/3 28/69/3
f 24/52/4 25/54/4 23/80/4
f 26/53/4 19/55/4 25/54/4
f 21/56/5 25/58/5 27/67/5
f 18/59/6 27/61/6 17/71/6
f 28/60/6 21/63/6 27/61/6
f 30/64/13 19/66/13 29/81/13
f 27/67/5 19/68/5 17/82/5
f 28/69/3 24/70/3 22/83/3
f 32/73/15 18/75/15 31/84/15
f 32/77/2 30/64/2 29/81/2
f 223/85/17 216/86/17 224/87/17
f 154/88/18 133/89/19 153/90/20
f 273/91/21 64/92/21 63/93/21
f 280/94/22 278/95/22 277/96/22
f 179/97/23 182/98/24 183/99/23
f 271/100/25 67/101/25 66/102/25
f 264/103/3 255/104/3 262/105/3
f 43/106/25 285/107/25 286/108/25
f 150/109/20 129/110/20 149/111/20
f 58/112/25 256/113/25 261/114/25
f 292/115/26 39/116/27 280/117/28
f 168/118/29 169/119/29 165/120/29
f 306/121/30 308/122/31 46/123/32
f 95/124/5 78/125/5 94/126/5
f 49/127/33 302/128/33 294/129/33
f 242/130/34 239/131/34 243/132/34
f 299/133/25 298/134/25 51/135/25
f 63/93/35 274/136/35 273/91/35
f 257/137/3 58/112/3 261/114/3
f 51/138/11 52/139/11 300/140/11
f 156/141/36 157/142/36 153/143/36
f 177/144/37 184/145/37 181/146/37
f 131/147/38 150/148/38 151/149/39
f 258/150/33 57/151/33 257/137/33
f 68/152/40 267/153/40 61/154/40
f 42/155/3 287/156/3 41/157/3
f 60/158/41 259/159/41 260/160/41
f 303/161/42 48/162/42 47/163/42
f 262/164/2 55/165/2 251/166/2
f 276/167/43 62/168/43 275/169/43
f 64/170/33 265/171/33 65/172/33
f 263/173/44 267/153/44 268/174/44
f 253/175/45 54/176/45 55/177/45
f 177/178/46 140/179/46 180/180/46
f 270/181/47 266/182/47 68/152/47
f 178/183/48 137/184/48 177/185/48
f 67/186/11 68/187/11 264/188/11
f 84/189/49 69/190/49 83/191/49
f 89/192/11 308/193/11 307/194/11
f 75/195/2 260/196/2 259/197/2
f 242/198/4 244/199/4 241/200/4
f 73/201/11 265/202/11 272/203/11
s 0
f 124/204/50 145/204/51 147/204/4
s 1
f 310/205/11 35/206/11 36/207/11
s 0
f 107/208/52 135/208/52 136/208/52
f 120/209/53 142/209/54 143/209/4
f 110/210/55 140/210/56 137/210/4
s 1
f 168/211/57 143/212/57 167/213/57
f 83/214/2 285/215/2 290/216/2
s 0
f 103/217/52 131/217/52 132/217/52
s 1
f 86/218/58 93/219/58 94/220/58
s 0
f 121/204/2 146/204/59 145/204/4
s 1
f 289/221/2 92/222/2 87/223/2
f 283/224/3 300/225/3 293/226/3
f 185/227/60 146/228/60 186/229/60
f 188/230/61 147/231/61 187/232/61
f 92/222/2 259/197/2 87/223/2
f 305/233/11 308/193/11 89/192/11
f 91/234/62 98/235/62 97/236/62
f 79/237/62 98/235/62 69/238/62
f 79/237/62 100/239/62 99/240/62
f 91/234/62 100/239/62 95/241/62
f 85/242/58 102/243/58 101/244/58
f 77/245/58 102/243/58 76/246/58
f 77/245/58 104/247/58 103/248/58
f 85/242/58 104/247/58 93/219/58
f 86/218/58 105/249/58 72/250/58
f 86/218/58 107/251/58 106/252/58
f 78/253/58 107/251/58 94/220/58
f 78/253/58 105/249/63 108/254/58
f 92/222/62 109/255/62 75/195/62
f 92/222/62 111/256/62 110/257/62
f 80/258/62 111/256/62 96/259/62
f 80/258/62 109/255/62 112/260/62
s 0
f 69/261/2 114/261/64 113/261/4
f 72/261/65 115/261/66 114/261/4
f 78/261/2 116/261/59 115/261/4
f 79/261/53 113/261/54 116/261/4
s 1
f 114/262/67 117/263/67 113/264/67
f 115/265/67 118/266/67 114/262/67
f 119/267/67 116/268/67 120/269/67
f 116/268/67 117/263/67 120/269/67
f 75/270/68 121/271/68 76/272/68
f 80/273/68 122/274/68 75/270/68
f 77/275/68 121/271/68 124/276/68
f 182/277/69 177/278/69 181/279/69
f 162/280/70 157/281/71 161/282/70
f 139/283/72 178/284/72 179/285/72
f 250/286/73 54/176/73 249/287/73
f 127/288/74 174/289/74 175/290/74
f 295/291/75 51/292/75 298/293/75
s 0
f 111/210/52 139/210/52 140/210/52
f 118/209/65 144/209/66 141/209/4
f 122/204/76 148/204/77 146/204/4
f 119/209/2 143/209/59 144/209/4
f 123/204/2 147/204/64 148/204/4
f 97/294/52 125/294/52 126/294/52
f 101/217/52 129/217/52 130/217/52
f 100/294/78 126/294/79 127/294/4
f 105/208/52 133/208/52 134/208/52
f 104/217/80 130/217/81 131/217/4
f 109/210/52 137/210/52 138/210/52
f 98/294/82 128/294/83 125/294/4
f 108/208/84 134/208/85 135/208/4
f 102/217/86 132/217/87 129/217/4
f 112/210/88 138/210/89 139/210/4
f 117/209/2 141/209/64 142/209/4
f 99/294/52 127/294/52 128/294/52
f 106/208/90 136/208/91 133/208/4
s 1
f 133/295/36 156/141/36 153/143/36
f 166/296/92 141/297/92 165/298/92
f 70/299/93 76/272/93 73/300/93
f 164/301/94 159/302/95 163/303/96
f 293/304/97 296/305/98 297/306/98
f 158/307/71 153/90/20 157/281/71
f 160/308/99 155/309/100 159/302/95
f 149/310/101 192/311/102 189/312/101
f 148/313/103 186/314/103 146/315/103
f 184/316/104 179/97/104 183/99/104
f 56/317/105 253/175/105 55/177/105
f 158/318/106 163/303/107 159/302/108
f 47/163/109 304/319/110 303/161/111
f 154/320/108 159/302/108 155/309/112
f 96/321/5 94/126/5 93/322/5
f 166/323/113 143/324/113 142/325/113
f 316/326/5 33/327/5 313/328/5
f 290/329/114 43/330/114 44/331/114
f 141/332/115 168/333/115 165/334/115
f 71/335/2 253/336/2 70/337/2
f 306/338/3 292/339/3 280/340/3
f 212/341/4 203/342/4 202/343/4
f 167/344/116 170/345/116 171/346/116
f 125/347/117 176/348/118 173/349/119
f 160/350/36 161/351/36 157/142/36
f 259/159/120 53/352/120 252/353/120
f 172/354/121 167/355/122 171/356/122
f 152/357/99 131/358/99 151/359/99
f 288/360/123 39/361/124 40/362/125
f 129/363/126 152/357/127 149/364/126
f 150/365/128 191/366/129 151/367/129
f 232/368/130 230/369/130 216/370/130
f 231/371/4 233/372/4 234/373/4
f 252/353/131 255/374/132 254/375/131
f 176/376/133 127/377/133 175/378/133
f 191/379/134 152/380/134 151/381/135
f 174/382/104 125/383/104 173/384/104
f 147/385/136 185/386/137 187/387/136
f 70/388/4 193/389/4 71/390/4
f 73/391/4 194/392/4 70/388/4
f 74/393/4 195/394/4 73/391/4
f 311/395/3 36/396/3 34/397/3
f 71/390/4 197/398/4 74/393/4
f 193/389/4 198/399/4 71/390/4
f 123/400/68 77/275/68 124/276/68
f 196/401/4 197/398/4 200/402/4
f 39/361/138 289/403/139 38/404/140
f 206/405/4 207/406/4 205/407/4
f 228/408/2 211/409/2 227/410/2
f 314/411/3 36/396/3 315/412/3
f 224/413/4 221/414/4 223/415/4
f 150/416/95 189/417/95 190/418/95
f 243/419/141 240/420/141 244/421/141
s 0
f 215/422/142 240/422/143 239/422/4
s 1
f 66/102/3 265/171/3 271/100/3
f 220/423/34 214/424/34 217/425/34
f 87/426/3 263/427/3 90/428/3
f 50/429/3 294/129/3 301/430/3
f 229/431/4 226/432/4 225/433/4
f 226/434/11 209/435/11 225/436/11
f 225/437/144 212/438/144 228/439/144
f 50/429/25 299/133/25 51/135/25
f 315/440/6 313/441/6 314/442/6
f 247/443/4 245/444/4 248/445/4
f 247/446/141 216/447/141 246/448/141
s 0
f 234/422/2 238/422/64 237/422/4
f 214/422/145 239/422/146 238/422/4
f 231/422/147 237/422/148 240/422/4
s 1
f 309/449/6 82/450/6 312/451/6
f 34/452/2 312/453/2 311/454/2
f 74/455/3 251/456/3 71/457/3
f 90/428/3 88/458/3 87/426/3
f 96/321/5 77/275/5 80/273/5
f 180/459/133 139/283/133 179/285/133
f 281/460/149 283/461/149 284/462/149
f 70/337/2 258/463/2 257/464/2
f 134/465/108 155/309/108 135/466/108
f 81/467/3 293/226/3 82/468/3
f 67/469/150 270/181/150 68/152/150
f 38/404/151 279/470/151 278/95/151
f 298/471/11 299/472/11 72/250/11
f 306/338/3 280/340/3 88/458/3
f 277/473/2 278/474/2 88/475/2
f 287/476/2 69/238/2 91/234/2
f 262/105/3 275/477/3 264/103/3
f 302/478/11 303/479/11 86/218/11
f 245/480/5 233/481/5 248/482/5
f 310/483/6 84/484/6 83/485/6
f 315/486/11 35/206/11 316/487/11
f 246/488/17 213/489/17 245/490/17
f 309/491/5 33/327/5 35/492/5
f 241/493/5 238/494/5 242/495/5
f 170/496/57 165/497/57 169/498/57
f 71/335/2 250/499/2 249/500/2
f 200/402/4 193/389/4 196/401/4
f 256/501/2 260/196/2 75/195/2
f 261/502/2 256/501/2 75/195/2
f 70/337/2 253/336/2 258/463/2
f 261/502/2 75/195/2 257/464/2
f 75/195/2 70/337/2 257/464/2
f 254/503/2 87/223/2 252/504/2
f 231/505/130 229/506/130 235/507/130
f 252/504/2 87/223/2 259/197/2
f 279/470/152 38/404/153 289/403/152
f 91/234/62 96/259/62 92/222/62
f 283/508/154 37/509/155 292/115/26
f 37/509/155 44/510/156 292/115/26
f 44/510/156 43/511/157 292/115/26
f 43/511/157 42/512/158 292/115/26
f 42/512/158 41/513/159 292/115/26
f 41/513/159 40/514/159 292/115/26
f 40/514/159 39/116/27 292/115/26
f 39/116/27 38/515/160 280/117/28
f 46/123/161 305/516/161 304/319/162
f 85/242/11 304/517/11 90/518/11
f 52/139/11 45/519/11 300/140/11
f 45/519/11 293/520/11 300/140/11
f 300/140/11 306/521/11 47/522/11
f 306/521/11 46/523/11 47/522/11
f 47/522/11 48/524/11 300/140/11
f 48/524/11 49/525/11 300/140/11
f 49/525/11 50/526/11 300/140/11
f 50/526/11 51/138/11 300/140/11
f 85/242/11 266/527/11 76/246/11
f 255/528/2 53/529/2 262/164/2
f 53/529/2 60/530/2 262/164/2
f 60/530/2 59/531/2 262/164/2
f 59/531/2 58/532/2 262/164/2
f 58/532/2 57/533/2 262/164/2
f 57/533/2 56/534/2 262/164/2
f 56/534/2 55/165/2 262/164/2
f 55/165/2 54/535/2 251/166/2
f 59/536/163 260/160/163 256/537/163
f 68/187/11 61/538/11 264/188/11
f 61/538/11 263/539/11 264/188/11
f 264/188/11 275/540/11 63/541/11
f 275/540/11 62/542/11 63/541/11
f 63/541/11 64/543/11 264/188/11
f 64/543/11 65/544/11 264/188/11
f 65/544/11 66/545/11 264/188/11
f 66/545/11 67/186/11 264/188/11
f 268/546/3 90/428/3 263/427/3
f 87/426/3 254/547/3 255/104/3
f 156/548/164 135/466/95 155/309/100
f 276/549/11 74/550/11 274/551/11
f 74/550/11 73/201/11 273/552/11
f 274/551/11 74/550/11 273/552/11
f 76/246/11 270/553/11 269/554/11
f 76/246/11 269/554/11 271/555/11
f 73/201/11 76/246/11 265/202/11
f 76/246/11 271/555/11 265/202/11
f 272/203/11 273/552/11 73/201/11
s 0
f 124/204/87 121/204/4 145/204/86
f 107/208/52 108/208/52 135/208/52
f 120/209/83 117/209/4 142/209/82
f 110/210/165 111/210/4 140/210/166
s 1
f 82/450/6 84/484/6 312/451/6
f 84/484/6 311/556/6 312/451/6
f 83/214/2 69/238/2 285/215/2
f 69/238/2 286/557/2 285/215/2
f 284/558/2 81/559/2 281/560/2
f 81/559/2 83/214/2 290/216/2
f 281/560/2 81/559/2 290/216/2
s 0
f 103/217/52 104/217/52 131/217/52
f 121/204/64 122/204/4 146/204/2
s 1
f 87/223/2 88/475/2 279/561/2
f 88/475/2 278/474/2 279/561/2
f 279/561/2 289/221/2 87/223/2
f 89/192/11 90/518/11 305/233/11
f 220/562/4 218/563/4 219/564/4
f 305/233/11 90/518/11 304/517/11
f 91/234/62 69/238/62 98/235/62
f 79/237/62 99/240/62 98/235/62
f 79/237/62 95/241/62 100/239/62
f 91/234/62 97/236/62 100/239/62
f 85/242/58 76/246/58 102/243/58
f 77/245/58 103/248/58 102/243/58
f 77/245/58 93/219/58 104/247/58
f 85/242/58 101/244/58 104/247/58
f 86/218/58 106/252/58 105/249/58
f 86/218/58 94/220/58 107/251/58
f 78/253/58 108/254/58 107/251/58
f 78/253/58 72/250/63 105/249/63
f 92/222/62 110/257/62 109/255/62
f 92/222/62 96/259/62 111/256/62
f 80/258/62 112/260/62 111/256/62
f 80/258/62 75/195/62 109/255/62
s 0
f 69/261/59 72/261/4 114/261/2
f 72/261/85 78/261/4 115/261/84
f 78/261/64 79/261/4 116/261/2
f 79/261/83 69/261/4 113/261/82
s 1
f 114/262/67 118/266/67 117/263/67
f 115/265/67 119/267/67 118/266/67
f 116/268/67 113/264/67 117/263/67
f 75/270/68 122/274/68 121/271/68
f 80/273/68 123/400/68 122/274/68
f 77/275/68 76/272/68 121/271/68
s 0
f 111/210/52 112/210/52 139/210/52
f 118/209/85 119/209/4 144/209/84
f 122/204/89 123/204/4 148/204/88
f 119/209/64 120/209/4 143/209/2
f 123/204/59 124/204/4 147/204/2
f 97/294/52 98/294/52 125/294/52
f 101/217/52 102/217/52 129/217/52
f 100/294/167 97/294/4 126/294/168
f 105/208/52 106/208/52 133/208/52
f 104/217/169 101/217/4 130/217/170
f 109/210/52 110/210/52 137/210/52
f 98/294/54 99/294/4 128/294/53
f 108/208/66 105/208/4 134/208/65
f 102/217/51 103/217/4 132/217/50
f 112/210/77 109/210/4 138/210/76
f 117/209/59 118/209/4 141/209/2
f 99/294/52 100/294/52 127/294/52
f 106/208/171 107/208/4 136/208/172
s 1
f 70/388/4 194/392/4 193/389/4
f 73/391/4 195/394/4 194/392/4
f 74/393/4 196/401/4 195/394/4
f 71/390/4 198/399/4 197/398/4
f 193/389/4 199/565/4 198/399/4
f 196/401/4 74/393/4 197/398/4
f 206/405/4 208/566/4 207/406/4
s 0
f 215/422/173 231/422/4 240/422/143
s 1
f 228/567/4 227/568/4 230/569/4
f 236/570/4 235/571/4 228/567/4
f 235/571/4 229/431/4 225/433/4
f 228/567/4 235/571/4 225/433/4
f 228/567/4 230/569/4 236/570/4
s 0
f 234/422/59 214/422/4 238/422/2
f 214/422/145 215/422/4 239/422/174
f 231/422/148 234/422/4 237/422/148
s 1
f 74/455/3 276/572/3 275/477/3
f 295/291/175 45/573/175 52/574/175
f 251/456/3 250/575/3 71/457/3
f 90/518/11 268/576/11 267/577/11
f 266/527/11 270/553/11 76/246/11
f 90/518/11 267/577/11 266/527/11
f 42/155/25 286/108/25 291/578/25
f 82/579/11 297/580/11 296/581/11
f 82/579/11 296/581/11 295/582/11
f 72/250/11 84/583/11 298/471/11
f 84/583/11 82/579/11 295/582/11
f 298/471/11 84/583/11 295/582/11
f 81/467/3 284/584/3 283/224/3
f 44/331/176 281/460/176 290/329/176
f 293/226/3 297/585/3 82/468/3
f 89/586/3 307/587/3 306/338/3
f 40/588/33 287/156/33 288/589/33
f 280/340/3 277/590/3 88/458/3
f 88/458/3 89/586/3 306/338/3
f 91/234/2 289/221/2 282/591/2
f 91/234/2 282/591/2 288/592/2
f 291/593/2 286/557/2 69/238/2
f 91/234/2 288/592/2 287/476/2
f 287/476/2 291/593/2 69/238/2
f 308/122/151 305/516/151 46/123/177
f 72/250/11 299/472/11 301/594/11
f 72/250/11 301/594/11 294/595/11
f 303/479/11 304/517/11 86/218/11
f 72/250/11 294/595/11 86/218/11
f 294/595/11 302/478/11 86/218/11
f 83/485/6 81/596/6 309/449/6
f 310/483/6 311/556/6 84/484/6
f 83/485/6 309/449/6 310/483/6
f 313/597/2 34/452/2 314/598/2
f 223/85/17 213/489/17 216/86/17
f 154/88/19 134/599/19 133/89/19
f 273/91/21 272/600/21 64/92/21
f 280/94/178 38/404/178 278/95/178
f 179/97/23 178/601/24 182/98/24
f 271/100/25 269/602/25 67/101/25
f 264/103/3 263/427/3 255/104/3
f 150/109/20 130/603/20 129/110/20
f 58/112/25 59/604/25 256/113/25
f 168/118/29 172/605/29 169/119/29
f 306/121/30 307/606/179 308/122/31
f 95/124/5 79/607/5 78/125/5
f 49/127/33 48/608/33 302/128/33
f 242/130/34 238/609/34 239/131/34
f 63/93/35 62/168/35 274/136/35
f 257/137/3 57/151/3 58/112/3
f 156/141/36 160/350/36 157/142/36
f 177/144/37 180/610/37 184/145/37
f 131/147/38 130/611/38 150/148/38
f 258/150/33 56/612/33 57/151/33
f 68/152/40 266/182/40 267/153/40
f 42/155/3 291/578/3 287/156/3
f 303/161/42 302/613/42 48/162/42
f 276/167/43 274/136/43 62/168/43
f 64/170/33 272/614/33 265/171/33
f 263/173/44 61/154/44 267/153/44
f 253/175/45 249/287/45 54/176/45
f 177/178/46 137/615/46 140/179/46
f 178/183/48 138/616/48 137/184/48
f 84/189/49 72/617/49 69/190/49
f 242/198/4 243/618/4 244/199/4
f 310/205/11 309/619/11 35/206/11
f 168/211/57 144/620/57 143/212/57
f 86/218/58 85/242/58 93/219/58
f 289/221/2 91/234/2 92/222/2
f 283/224/3 292/339/3 300/225/3
f 185/227/60 145/621/60 146/228/60
f 188/230/61 148/622/61 147/231/61
f 92/222/2 75/195/2 259/197/2
f 119/267/67 115/265/67 116/268/67
f 182/277/69 178/623/69 177/278/69
f 162/280/70 158/307/71 157/281/71
f 139/283/72 138/624/72 178/284/72
f 250/286/73 251/625/73 54/176/73
f 127/288/74 126/626/74 174/289/74
f 295/291/75 52/574/75 51/292/75
f 133/295/36 136/627/36 156/141/36
f 166/296/92 142/628/92 141/297/92
f 70/299/93 75/270/93 76/272/93
f 164/301/94 160/308/99 159/302/95
f 293/304/97 45/573/180 296/305/98
f 158/307/71 154/88/18 153/90/20
f 160/308/99 156/548/164 155/309/100
f 149/310/101 152/380/102 192/311/102
f 148/313/103 188/629/103 186/314/103
f 184/316/104 180/630/104 179/97/104
f 56/317/105 258/631/105 253/175/105
f 158/318/106 162/632/181 163/303/107
f 47/163/109 46/123/182 304/319/110
f 154/320/108 158/318/106 159/302/108
f 96/321/5 95/124/5 94/126/5
f 166/323/113 167/633/113 143/324/113
f 316/326/5 35/492/5 33/327/5
f 290/329/114 285/634/114 43/330/114
f 141/332/115 144/635/115 168/333/115
f 71/335/2 249/500/2 253/336/2
f 306/338/3 300/225/3 292/339/3
f 212/341/4 209/636/4 203/342/4
f 167/344/116 166/637/116 170/345/116
f 125/347/117 128/638/118 176/348/118
f 160/350/36 164/639/36 161/351/36
f 259/159/183 60/158/183 53/352/183
f 172/354/121 168/640/121 167/355/122
f 152/357/99 132/641/99 131/358/99
f 288/360/123 282/642/184 39/361/124
f 129/363/126 132/641/127 152/357/127
f 150/365/128 190/643/128 191/366/129
f 232/368/130 236/644/130 230/369/130
f 231/371/4 232/645/4 233/372/4
f 252/353/131 53/352/132 255/374/132
f 176/376/133 128/646/133 127/377/133
f 191/379/134 192/311/135 152/380/134
f 174/382/104 126/647/104 125/383/104
f 147/385/136 145/648/137 185/386/137
f 311/395/3 310/649/3 36/396/3
f 123/400/68 80/273/68 77/275/68
f 39/361/138 282/642/185 289/403/139
f 228/408/2 212/650/2 211/409/2
f 314/411/3 34/397/3 36/396/3
f 224/413/4 222/651/4 221/414/4
f 150/416/95 149/652/95 189/417/95
f 243/419/141 239/653/141 240/420/141
f 66/102/3 65/172/3 265/171/3
f 220/423/34 215/654/34 214/424/34
f 87/426/3 255/104/3 263/427/3
f 50/429/3 49/127/3 294/129/3
f 226/434/11 210/655/11 209/435/11
f 225/437/144 209/656/144 212/438/144
f 50/429/25 301/430/25 299/133/25
f 315/440/6 316/657/6 313/441/6
f 247/443/4 246/658/4 245/444/4
f 247/446/141 232/659/141 216/447/141
f 309/449/6 81/596/6 82/450/6
f 34/452/2 33/660/2 312/453/2
f 74/455/3 275/477/3 251/456/3
f 90/428/3 89/586/3 88/458/3
f 96/321/5 93/322/5 77/275/5
f 180/459/133 140/661/133 139/283/133
f 281/460/149 37/662/149 283/461/149
f 134/465/106 154/320/108 155/309/112
f 81/467/3 283/224/3 293/226/3
f 67/469/186 269/663/186 270/181/186
f 262/105/3 251/456/3 275/477/3
f 245/480/5 213/664/5 233/481/5
f 315/486/11 36/207/11 35/206/11
f 246/488/17 216/86/17 213/489/17
f 309/491/5 312/665/5 33/327/5
f 241/493/5 237/666/5 238/494/5
f 170/496/57 166/667/57 165/497/57
f 200/402/4 199/565/4 193/389/4
f 231/505/130 215/668/130 229/506/130
f 91/234/62 95/241/62 96/259/62
f 85/242/11 86/218/11 304/517/11
f 85/242/11 90/518/11 266/527/11
f 59/536/187 60/158/187 260/160/187
f 156/548/95 136/669/95 135/466/95
f 220/562/4 217/670/4 218/563/4
f 295/291/175 296/305/175 45/573/175
f 42/155/25 43/106/25 286/108/25
f 44/331/176 37/662/176 281/460/176
f 40/588/33 41/157/33 287/156/33
f 313/597/2 33/660/2 34/452/2
f 172/671/67 170/672/67 169/673/67
f 161/674/58 163/675/58 162/676/58
f 174/677/62 176/678/62 175/679/62
f 181/680/62 183/681/62 182/682/62
f 190/683/58 192/684/58 191/685/58
f 187/686/68 186/687/68 188/688/68
f 161/674/58 164/689/188 163/675/58
f 174/677/62 173/690/62 176/678/62
f 181/680/62 184/691/62 183/681/62
f 190/683/58 189/692/58 192/684/58
f 172/671/67 171/693/67 170/672/67
f 187/686/68 185/694/68 186/687/68
f 205/695/5 198/696/5 206/697/5
f 196/698/2 209/699/2 210/700/2
f 224/701/189 211/702/189 222/703/189
f 208/704/3 200/705/3 207/706/3
f 219/707/190 215/668/190 220/708/190
f 233/709/3 194/710/3 234/711/3
f 194/712/11 201/713/11 211/714/11
f 203/715/5 193/716/5 202/717/5
f 206/718/191 199/719/191 208/704/191
f 222/720/11 201/713/11 221/721/11
f 207/706/192 197/722/192 205/723/192
f 244/724/193 237/725/193 241/726/193
f 217/727/3 204/728/3 218/729/3
f 229/506/190 210/730/190 226/731/190
f 232/368/130 235/507/130 236/644/130
f 248/732/194 232/733/194 247/734/194
f 218/735/2 210/700/2 219/736/2
f 221/737/3 213/738/3 223/739/3
f 204/740/2 195/741/2 210/700/2
f 195/741/2 196/698/2 210/700/2
f 196/698/2 203/742/2 209/699/2
f 201/743/3 194/710/3 213/738/3
f 194/710/3 195/744/3 234/711/3
f 213/738/3 194/710/3 233/709/3
f 195/744/3 204/728/3 214/745/3
f 195/744/3 214/745/3 234/711/3
f 202/746/11 193/747/11 212/748/11
f 193/747/11 194/712/11 211/714/11
f 212/748/11 193/747/11 211/714/11
f 227/749/189 216/370/189 230/369/189
f 205/695/5 197/750/5 198/696/5
f 224/701/189 216/370/189 211/702/189
f 208/704/3 199/719/3 200/705/3
f 219/707/190 210/730/190 215/668/190
f 203/715/5 196/751/5 193/716/5
f 206/718/191 198/752/191 199/719/191
f 222/720/11 211/714/11 201/713/11
f 207/706/192 200/705/192 197/722/192
f 244/724/193 240/753/193 237/725/193
f 217/727/3 214/745/3 204/728/3
f 229/506/190 215/668/190 210/730/190
f 232/368/130 231/505/130 235/507/130
f 248/732/194 233/754/194 232/733/194
f 218/735/2 204/740/2 210/700/2
f 221/737/3 201/743/3 213/738/3
f 227/749/189 211/702/189 216/370/189
f 318/755/6 327/756/6 328/757/6
f 323/758/4 326/759/4 324/760/4
f 322/761/2 323/762/2 324/763/2
f 328/764/3 324/765/3 326/766/3
f 328/757/6 321/767/6 322/768/6
f 327/769/5 323/770/5 321/771/5
f 318/755/6 317/772/6 327/756/6
f 323/758/4 325/773/4 326/759/4
f 322/761/2 321/774/2 323/762/2
f 328/764/3 322/775/3 324/765/3
f 328/757/6 327/756/6 321/767/6
f 327/769/5 325/776/5 323/770/5
f 330/777/6 340/778/6 339/779/6
f 335/780/4 336/781/4 338/782/4
f 334/783/11 336/784/11 335/785/11
f 340/786/3 338/787/3 336/788/3
f 340/778/6 334/789/6 333/790/6
f 339/791/5 333/792/5 335/793/5
f 330/777/6 339/779/6 329/794/6
f 335/780/4 338/782/4 337/795/4
f 334/783/11 335/785/11 333/796/11
f 340/786/3 336/788/3 334/797/3
f 340/778/6 333/790/6 339/779/6
f 339/791/5 335/793/5 337/798/5
f 318/799/3 326/766/3 320/800/3
f 327/769/5 319/801/5 325/776/5
f 320/802/11 317/803/11 318/804/11
f 326/759/4 319/805/4 320/806/4
f 318/799/3 328/764/3 326/766/3
f 327/769/5 317/807/5 319/801/5
f 320/802/11 319/808/11 317/803/11
f 326/759/4 325/773/4 319/805/4
f 330/809/3 332/810/3 338/787/3
f 339/791/5 337/798/5 331/811/5
f 332/812/2 330/813/2 329/814/2
f 338/782/4 332/815/4 331/816/4
f 330/809/3 338/787/3 340/786/3
f 339/791/5 331/811/5 329/817/5
f 332/812/2 329/814/2 331/818/2
f 338/782/4 331/816/4 337/795/4
f 347/819/6 344/820/6 348/821/6
f 343/822/11 342/823/11 344/824/11
f 341/825/3 347/826/3 345/827/3
f 341/828/4 346/829/4 342/830/4
f 345/831/2 348/832/2 346/833/2
f 346/834/5 344/835/5 342/836/5
f 347/819/6 343/837/6 344/820/6
f 343/822/11 341/838/11 342/823/11
f 341/825/3 343/839/3 347/826/3
f 341/828/4 345/840/4 346/829/4
f 345/831/2 347/841/2 348/832/2
f 346/834/5 348/842/5 344/835/5
f 355/843/6 356/844/6 352/845/6
f 351/846/2 352/847/2 350/848/2
f 349/849/3 353/850/3 355/851/3
f 349/852/4 350/853/4 354/854/4
f 353/855/11 354/856/11 356/857/11
f 354/858/5 350/859/5 352/860/5
f 355/843/6 352/845/6 351/861/6
f 351/846/2 350/848/2 349/862/2
f 349/849/3 355/851/3 351/863/3
f 349/852/4 354/854/4 353/864/4
f 353/855/11 356/857/11 355/865/11
f 354/858/5 352/860/5 356/866/5
f 363/867/6 360/868/6 364/869/6
f 359/870/11 358/871/11 360/872/11
f 357/873/3 363/874/3 361/875/3
f 357/876/4 362/877/4 358/878/4
f 361/879/2 364/880/2 362/881/2
f 362/882/5 360/883/5 358/884/5
f 363/867/6 359/885/6 360/868/6
f 359/870/11 357/886/11 358/871/11
f 357/873/3 359/887/3 363/874/3
f 357/876/4 361/888/4 362/877/4
f 361/879/2 363/889/2 364/880/2
f 362/882/5 364/890/5 360/883/5
f 371/891/6 372/892/6 368/893/6
f 367/894/2 368/895/2 366/896/2
f 365/897/3 369/898/3 371/899/3
f 365/900/4 366/901/4 370/902/4
f 369/903/11 370/904/11 372/905/11
f 370/906/5 366/907/5 368/908/5
f 371/891/6 368/893/6 367/909/6
f 367/894/2 366/896/2 365/910/2
f 365/897/3 371/899/3 367/911/3
f 365/900/4 370/902/4 369/912/4
f 369/903/11 372/905/11 371/913/11
f 370/906/5 368/908/5 372/914/5
f 377/915/3 375/916/3 379/917/3
f 378/918/2 379/919/2 380/920/2
f 376/921/11 373/922/11 374/923/11
f 374/924/4 377/925/4 378/926/4
f 380/927/6 375/928/6 376/929/6
f 374/930/5 380/931/5 376/932/5
f 377/915/3 373/933/3 375/916/3
f 378/918/2 377/934/2 379/919/2
f 376/921/11 375/935/11 373/922/11
f 374/924/4 373/936/4 377/925/4
f 380/927/6 379/937/6 375/928/6
f 374/930/5 378/938/5 380/931/5
f 385/939/3 387/940/3 383/941/3
f 386/942/11 388/943/11 387/944/11
f 384/945/2 382/946/2 381/947/2
f 382/948/4 386/949/4 385/950/4
f 388/951/6 384/952/6 383/953/6
f 382/954/5 384/955/5 388/956/5
f 385/939/3 383/941/3 381/957/3
f 386/942/11 387/944/11 385/958/11
f 384/945/2 381/947/2 383/959/2
f 382/948/4 385/950/4 381/960/4
f 388/951/6 383/953/6 387/961/6
f 382/954/5 388/956/5 386/962/5
s 0
f 395/963/4 393/964/4 394/965/4
f 394/965/4 391/966/4 389/967/4
f 394/965/4 390/968/4 395/963/4
f 396/969/4 390/968/4 392/970/4
f 393/964/4 392/970/4 391/966/4
f 438/971/195 437/972/195 436/973/195
f 438/971/4 436/973/4 435/974/4
f 439/975/195 438/971/195 435/974/195
f 439/975/4 435/974/4 434/976/4
f 440/977/4 439/975/4 434/976/4
f 440/977/4 434/976/4 433/978/4
f 440/977/4 433/978/4 432/979/4
f 441/980/4 440/977/4 432/979/4
f 441/980/4 432/979/4 431/981/4
f 398/982/4 397/983/4 451/984/4
f 398/982/4 451/984/4 450/985/4
f 442/986/4 441/980/4 431/981/4
f 442/986/4 431/981/4 430/987/4
f 442/986/4 430/987/4 429/988/4
f 443/989/4 442/986/4 429/988/4
f 443/989/4 429/988/4 428/990/4
f 444/991/4 443/989/4 428/990/4
f 444/991/4 428/990/4 427/992/4
f 444/991/4 427/992/4 426/993/4
f 445/994/4 444/991/4 426/993/4
f 445/994/4 426/993/4 425/995/4
f 446/996/4 445/994/4 425/995/4
f 446/996/4 425/995/4 415/997/4
f 415/997/196 425/995/196 416/998/196
f 416/998/197 425/995/197 417/999/197
f 417/999/4 425/995/4 418/1000/4
f 418/1000/198 425/995/198 419/1001/198
f 419/1001/4 425/995/4 420/1002/4
f 420/1002/4 425/995/4 421/1003/4
f 421/1003/199 425/995/199 422/1004/199
f 422/1004/200 425/995/200 423/1005/200
f 423/1005/199 425/995/199 424/1006/199
f 447/1007/4 446/996/4 413/1008/4
f 413/1008/4 446/996/4 414/1009/4
f 414/1009/4 446/996/4 415/997/4
f 448/1010/4 447/1007/4 411/1011/4
f 411/1011/4 447/1007/4 412/1012/4
f 412/1012/4 447/1007/4 413/1008/4
f 448/1010/195 411/1011/195 410/1013/195
f 448/1010/4 410/1013/4 409/1014/4
f 449/1015/4 448/1010/4 409/1014/4
f 449/1015/4 409/1014/4 408/1016/4
f 449/1015/4 408/1016/4 407/1017/4
f 398/982/4 450/985/4 449/1015/4
f 398/982/201 449/1015/201 403/1018/201
f 403/1018/4 449/1015/4 404/1019/4
f 404/1019/4 449/1015/4 405/1020/4
f 405/1020/4 449/1015/4 406/1021/4
f 406/1021/4 449/1015/4 407/1017/4
f 398/982/202 403/1018/202 402/1022/202
f 398/982/198 402/1022/198 401/1023/198
f 398/982/203 401/1023/203 400/1024/203
f 398/982/4 400/1024/4 399/1025/4
f 490/1026/195 489/1027/195 488/1028/195
f 490/1026/4 488/1028/4 487/1029/4
f 491/1030/4 490/1026/4 487/1029/4
f 491/1030/4 487/1029/4 486/1031/4
f 492/1032/4 491/1030/4 486/1031/4
f 492/1032/4 486/1031/4 485/1033/4
f 493/1034/4 492/1032/4 485/1033/4
f 493/1034/4 485/1033/4 484/1035/4
f 494/1036/4 493/1034/4 484/1035/4
f 494/1036/4 484/1035/4 483/1037/4
f 495/1038/4 494/1036/4 483/1037/4
f 495/1038/4 483/1037/4 482/1039/4
f 496/1040/4 495/1038/4 538/1041/4
f 538/1041/4 495/1038/4 482/1039/4
f 496/1040/4 538/1041/4 537/1042/4
f 539/1043/204 538/1041/204 482/1039/204
f 496/1040/4 537/1042/4 536/1044/4
f 540/1045/4 539/1043/4 482/1039/4
f 496/1040/4 536/1044/4 535/1046/4
f 541/1047/4 540/1045/4 482/1039/4
f 541/1047/4 482/1039/4 481/1048/4
f 496/1040/4 535/1046/4 534/1049/4
f 497/1050/4 496/1040/4 534/1049/4
f 542/1051/4 541/1047/4 481/1048/4
f 497/1050/4 534/1049/4 533/1052/4
f 543/1053/4 542/1051/4 481/1048/4
f 497/1050/4 533/1052/4 532/1054/4
f 544/1055/195 543/1053/195 481/1048/195
f 497/1050/4 532/1054/4 531/1056/4
f 545/1057/4 544/1055/4 481/1048/4
f 498/1058/4 497/1050/4 531/1056/4
f 545/1057/4 481/1048/4 480/1059/4
f 498/1058/4 531/1056/4 530/1060/4
f 546/1061/201 545/1057/201 480/1059/201
f 498/1058/4 530/1060/4 529/1062/4
f 547/1063/4 546/1061/4 480/1059/4
f 499/1064/4 498/1058/4 529/1062/4
f 547/1063/4 480/1059/4 479/1065/4
f 499/1064/4 529/1062/4 528/1066/4
f 548/1067/4 547/1063/4 479/1065/4
f 499/1064/4 528/1066/4 527/1068/4
f 549/1069/4 548/1067/4 479/1065/4
f 500/1070/4 499/1064/4 527/1068/4
f 500/1070/201 527/1068/201 526/1071/201
f 549/1069/201 479/1065/201 478/1072/201
f 550/1073/195 549/1069/195 478/1072/195
f 500/1070/4 526/1071/4 550/1073/4
f 500/1070/4 550/1073/4 478/1072/4
f 501/1074/4 500/1070/4 478/1072/4
f 501/1074/4 478/1072/4 477/1075/4
f 502/1076/4 501/1074/4 476/1077/4
f 476/1077/4 501/1074/4 477/1075/4
f 502/1076/4 476/1077/4 475/1078/4
f 503/1079/4 502/1076/4 475/1078/4
f 503/1079/4 475/1078/4 474/1080/4
f 503/1079/4 474/1080/4 473/1081/4
f 504/1082/4 503/1079/4 473/1081/4
f 504/1082/4 473/1081/4 472/1083/4
f 505/1084/4 504/1082/4 472/1083/4
f 505/1084/4 472/1083/4 471/1085/4
f 453/1086/196 452/1087/196 525/1088/196
f 505/1084/4 471/1085/4 470/1089/4
f 454/1090/4 453/1086/4 525/1088/4
f 455/1091/4 454/1090/4 525/1088/4
f 506/1092/4 505/1084/4 470/1089/4
f 506/1092/4 470/1089/4 469/1093/4
f 456/1094/4 455/1091/4 525/1088/4
f 457/1095/4 456/1094/4 525/1088/4
f 506/1092/4 469/1093/4 468/1096/4
f 458/1097/4 457/1095/4 525/1088/4
f 506/1092/4 468/1096/4 467/1098/4
f 459/1099/4 458/1097/4 525/1088/4
f 507/1100/4 506/1092/4 467/1098/4
f 460/1101/4 459/1099/4 525/1088/4
f 507/1100/4 467/1098/4 466/1102/4
f 461/1103/4 460/1101/4 525/1088/4
f 507/1100/4 466/1102/4 465/1104/4
f 462/1105/4 461/1103/4 525/1088/4
f 463/1106/4 462/1105/4 525/1088/4
f 507/1100/4 465/1104/4 464/1107/4
f 464/1107/196 463/1106/196 525/1088/196
f 507/1100/4 464/1107/4 525/1088/4
f 508/1108/4 507/1100/4 525/1088/4
f 508/1108/4 525/1088/4 524/1109/4
f 509/1110/4 508/1108/4 524/1109/4
f 509/1110/4 524/1109/4 523/1111/4
f 509/1110/4 523/1111/4 522/1112/4
f 510/1113/4 509/1110/4 522/1112/4
f 510/1113/4 522/1112/4 521/1114/4
f 510/1113/4 521/1114/4 520/1115/4
f 511/1116/4 510/1113/4 520/1115/4
f 511/1116/4 520/1115/4 519/1117/4
f 511/1116/4 519/1117/4 518/1118/4
f 512/1119/4 511/1116/4 518/1118/4
f 512/1119/4 518/1118/4 517/1120/4
f 512/1119/4 517/1120/4 516/1121/4
f 512/1119/4 516/1121/4 515/1122/4
f 513/1123/4 512/1119/4 515/1122/4
f 513/1123/4 515/1122/4 514/1124/4
f 564/1125/195 563/1126/195 562/1127/195
f 564/1125/201 562/1127/201 561/1128/201
f 564/1125/4 561/1128/4 560/1129/4
f 565/1130/4 564/1125/4 560/1129/4
f 565/1130/4 560/1129/4 559/1131/4
f 565/1130/4 559/1131/4 558/1132/4
f 565/1130/4 558/1132/4 557/1133/4
f 566/1134/4 565/1130/4 557/1133/4
f 566/1134/4 557/1133/4 556/1135/4
f 566/1134/4 556/1135/4 555/1136/4
f 566/1134/4 555/1136/4 554/1137/4
f 567/1138/4 566/1134/4 554/1137/4
f 567/1138/4 554/1137/4 553/1139/4
f 567/1138/4 553/1139/4 552/1140/4
f 567/1138/4 552/1140/4 551/1141/4
f 568/1142/4 567/1138/4 551/1141/4
f 568/1142/4 551/1141/4 640/1143/4
f 640/1143/4 551/1141/4 641/1144/4
f 641/1144/4 551/1141/4 642/1145/4
f 642/1145/4 551/1141/4 643/1146/4
f 643/1146/4 551/1141/4 644/1147/4
f 644/1147/4 551/1141/4 645/1148/4
f 645/1148/4 551/1141/4 646/1149/4
f 646/1149/4 551/1141/4 647/1150/4
f 647/1150/197 551/1141/197 648/1151/197
f 569/1152/4 568/1142/4 638/1153/4
f 638/1153/205 568/1142/205 639/1154/205
f 639/1154/4 568/1142/4 640/1143/4
f 570/1155/4 569/1152/4 636/1156/4
f 636/1156/4 569/1152/4 637/1157/4
f 637/1157/4 569/1152/4 638/1153/4
f 570/1155/4 636/1156/4 635/1158/4
f 570/1155/4 635/1158/4 634/1159/4
f 570/1155/4 634/1159/4 633/1160/4
f 571/1161/4 570/1155/4 633/1160/4
f 571/1161/4 633/1160/4 632/1162/4
f 571/1161/4 632/1162/4 631/1163/4
f 571/1161/4 631/1163/4 630/1164/4
f 572/1165/4 571/1161/4 630/1164/4
f 572/1165/4 630/1164/4 629/1166/4
f 572/1165/201 629/1166/201 628/1167/201
f 573/1168/4 572/1165/4 628/1167/4
f 573/1168/195 628/1167/195 627/1169/195
f 573/1168/4 627/1169/4 626/1170/4
f 574/1171/201 573/1168/201 626/1170/201
f 574/1171/4 626/1170/4 625/1172/4
f 575/1173/4 574/1171/4 625/1172/4
f 575/1173/4 625/1172/4 624/1174/4
f 575/1173/4 624/1174/4 623/1175/4
f 576/1176/4 575/1173/4 623/1175/4
f 576/1176/4 623/1175/4 622/1177/4
f 577/1178/4 576/1176/4 622/1177/4
f 577/1178/4 622/1177/4 621/1179/4
f 577/1178/4 621/1179/4 620/1180/4
f 578/1181/4 577/1178/4 620/1180/4
f 578/1181/4 620/1180/4 619/1182/4
f 578/1181/4 619/1182/4 618/1183/4
f 579/1184/4 578/1181/4 618/1183/4
f 579/1184/4 618/1183/4 617/1185/4
f 601/1186/4 600/1187/4 599/1188/4
f 579/1184/4 617/1185/4 616/1189/4
f 602/1190/199 601/1186/199 599/1188/199
f 580/1191/4 579/1184/4 616/1189/4
f 603/1192/4 602/1190/4 599/1188/4
f 580/1191/201 616/1189/201 615/1193/201
f 604/1194/4 603/1192/4 599/1188/4
f 605/1195/199 604/1194/199 599/1188/199
f 606/1196/4 605/1195/4 599/1188/4
f 580/1191/4 615/1193/4 614/1197/4
f 607/1198/4 606/1196/4 599/1188/4
f 608/1199/4 607/1198/4 599/1188/4
f 580/1191/4 614/1197/4 613/1200/4
f 609/1201/198 608/1199/198 599/1188/198
f 610/1202/4 609/1201/4 599/1188/4
f 580/1191/4 613/1200/4 612/1203/4
f 611/1204/4 610/1202/4 599/1188/4
f 581/1205/4 580/1191/4 612/1203/4
f 612/1203/4 611/1204/4 599/1188/4
f 581/1205/4 612/1203/4 599/1188/4
f 582/1206/4 581/1205/4 599/1188/4
f 583/1207/4 582/1206/4 599/1188/4
f 584/1208/4 583/1207/4 599/1188/4
f 584/1208/4 599/1188/4 598/1209/4
f 584/1208/4 598/1209/4 597/1210/4
f 584/1208/4 597/1210/4 596/1211/4
f 585/1212/4 584/1208/4 596/1211/4
f 585/1212/201 596/1211/201 595/1213/201
f 585/1212/4 595/1213/4 594/1214/4
f 585/1212/4 594/1214/4 593/1215/4
f 585/1212/4 593/1215/4 592/1216/4
f 586/1217/4 585/1212/4 592/1216/4
f 586/1217/4 592/1216/4 591/1218/4
f 586/1217/4 591/1218/4 590/1219/4
f 586/1217/4 590/1219/4 589/1220/4
f 587/1221/4 586/1217/4 589/1220/4
f 587/1221/4 589/1220/4 588/1222/4
f 699/1223/4 698/1224/4 697/1225/4
f 699/1223/4 697/1225/4 700/1226/4
f 662/1227/4 661/1228/4 660/1229/4
f 662/1227/196 660/1229/196 659/1230/196
f 663/1231/4 662/1227/4 659/1230/4
f 663/1231/4 659/1230/4 658/1232/4
f 664/1233/4 663/1231/4 658/1232/4
f 664/1233/4 658/1232/4 657/1234/4
f 665/1235/4 664/1233/4 657/1234/4
f 665/1235/201 657/1234/201 656/1236/201
f 666/1237/4 665/1235/4 656/1236/4
f 666/1237/4 656/1236/4 655/1238/4
f 667/1239/4 666/1237/4 655/1238/4
f 667/1239/195 655/1238/195 654/1240/195
f 668/1241/201 667/1239/201 654/1240/201
f 668/1241/4 654/1240/4 653/1242/4
f 669/1243/4 668/1241/4 653/1242/4
f 669/1243/4 653/1242/4 652/1244/4
f 670/1245/4 669/1243/4 652/1244/4
f 670/1245/4 652/1244/4 651/1246/4
f 671/1247/4 670/1245/4 651/1246/4
f 671/1247/4 651/1246/4 650/1248/4
f 672/1249/4 671/1247/4 650/1248/4
f 672/1249/4 650/1248/4 649/1250/4
f 673/1251/4 672/1249/4 649/1250/4
f 674/1252/4 673/1251/4 649/1250/4
f 674/1252/4 649/1250/4 696/1253/4
f 674/1252/4 696/1253/4 695/1254/4
f 675/1255/4 674/1252/4 695/1254/4
f 675/1255/4 695/1254/4 694/1256/4
f 676/1257/4 675/1255/4 694/1256/4
f 676/1257/4 694/1256/4 693/1258/4
f 677/1259/4 676/1257/4 693/1258/4
f 677/1259/4 693/1258/4 692/1260/4
f 678/1261/4 677/1259/4 692/1260/4
f 678/1261/4 692/1260/4 691/1262/4
f 679/1263/4 678/1261/4 691/1262/4
f 679/1263/201 691/1262/201 690/1264/201
f 680/1265/195 679/1263/195 690/1264/195
f 680/1265/4 690/1264/4 689/1266/4
f 681/1267/4 680/1265/4 689/1266/4
f 681/1267/4 689/1266/4 688/1268/4
f 682/1269/4 681/1267/4 688/1268/4
f 682/1269/4 688/1268/4 687/1270/4
f 683/1271/206 682/1269/206 687/1270/206
f 683/1271/4 687/1270/4 686/1272/4
f 684/1273/197 683/1271/197 686/1272/197
f 684/1273/4 686/1272/4 685/1274/4
f 731/1275/4 730/1276/4 729/1277/4
f 731/1275/4 729/1277/4 728/1278/4
f 704/1279/4 703/1280/4 702/1281/4
f 704/1279/4 702/1281/4 701/1282/4
f 732/1283/4 731/1275/4 728/1278/4
f 732/1283/4 728/1278/4 727/1284/4
f 732/1283/4 727/1284/4 726/1285/4
f 733/1286/4 732/1283/4 726/1285/4
f 733/1286/4 726/1285/4 725/1287/4
f 705/1288/4 704/1279/4 701/1282/4
f 733/1286/4 725/1287/4 724/1289/4
f 706/1290/206 705/1288/206 701/1282/206
f 734/1291/4 733/1286/4 724/1289/4
f 734/1291/4 724/1289/4 723/1292/4
f 707/1293/4 706/1290/4 701/1282/4
f 708/1294/4 707/1293/4 701/1282/4
f 734/1291/4 723/1292/4 722/1295/4
f 735/1296/4 734/1291/4 722/1295/4
f 709/1297/4 708/1294/4 701/1282/4
f 735/1296/4 722/1295/4 721/1298/4
f 710/1299/4 709/1297/4 755/1300/4
f 755/1300/4 709/1297/4 701/1282/4
f 735/1296/4 721/1298/4 720/1301/4
f 711/1302/198 710/1299/198 755/1300/198
f 735/1296/4 720/1301/4 719/1303/4
f 712/1304/4 711/1302/4 755/1300/4
f 736/1305/4 735/1296/4 719/1303/4
f 713/1306/4 712/1304/4 755/1300/4
f 736/1305/4 719/1303/4 718/1307/4
f 714/1308/4 713/1306/4 755/1300/4
f 736/1305/4 718/1307/4 717/1309/4
f 715/1310/4 714/1308/4 755/1300/4
f 736/1305/201 717/1309/201 716/1311/201
f 716/1311/4 715/1310/4 755/1300/4
f 736/1305/4 716/1311/4 755/1300/4
f 736/1305/4 755/1300/4 754/1312/4
f 756/1313/4 755/1300/4 701/1282/4
f 737/1314/4 736/1305/4 754/1312/4
f 737/1314/4 754/1312/4 753/1315/4
f 737/1314/4 753/1315/4 752/1316/4
f 738/1317/4 737/1314/4 752/1316/4
f 738/1317/4 752/1316/4 751/1318/4
f 739/1319/4 738/1317/4 751/1318/4
f 739/1319/4 751/1318/4 750/1320/4
f 739/1319/4 750/1320/4 749/1321/4
f 740/1322/4 739/1319/4 749/1321/4
f 740/1322/4 749/1321/4 748/1323/4
f 740/1322/4 748/1323/4 747/1324/4
f 741/1325/4 740/1322/4 747/1324/4
f 741/1325/4 747/1324/4 746/1326/4
f 742/1327/4 741/1325/4 746/1326/4
f 742/1327/201 746/1326/201 745/1328/201
f 742/1327/4 745/1328/4 744/1329/4
f 743/1330/4 742/1327/4 744/1329/4
f 759/1331/4 758/1332/4 757/1333/4
f 759/1331/4 757/1333/4 797/1334/4
f 760/1335/4 759/1331/4 797/1334/4
f 761/1336/4 760/1335/4 797/1334/4
f 761/1336/4 797/1334/4 796/1337/4
f 762/1338/4 761/1336/4 796/1337/4
f 762/1338/4 796/1337/4 795/1339/4
f 763/1340/4 762/1338/4 795/1339/4
f 764/1341/4 763/1340/4 795/1339/4
f 764/1341/4 795/1339/4 794/1342/4
f 765/1343/4 764/1341/4 794/1342/4
f 765/1343/4 794/1342/4 793/1344/4
f 766/1345/201 765/1343/201 793/1344/201
f 767/1346/4 766/1345/4 793/1344/4
f 768/1347/4 767/1346/4 793/1344/4
f 768/1347/4 793/1344/4 792/1348/4
f 769/1349/4 768/1347/4 792/1348/4
f 770/1350/195 769/1349/195 792/1348/195
f 771/1351/201 770/1350/201 792/1348/201
f 773/1352/4 772/1353/4 771/1351/4
f 773/1352/4 771/1351/4 792/1348/4
f 773/1352/4 792/1348/4 791/1354/4
f 773/1352/4 791/1354/4 790/1355/4
f 773/1352/4 790/1355/4 789/1356/4
f 773/1352/4 789/1356/4 788/1357/4
f 773/1352/4 788/1357/4 787/1358/4
f 773/1352/201 787/1358/201 786/1359/201
f 774/1360/4 773/1352/4 786/1359/4
f 774/1360/4 786/1359/4 785/1361/4
f 775/1362/4 774/1360/4 785/1361/4
f 776/1363/4 775/1362/4 785/1361/4
f 777/1364/4 776/1363/4 785/1361/4
f 778/1365/4 777/1364/4 785/1361/4
f 779/1366/4 778/1365/4 785/1361/4
f 780/1367/4 779/1366/4 785/1361/4
f 781/1368/4 780/1367/4 785/1361/4
f 782/1369/207 781/1368/207 785/1361/207
f 783/1370/208 782/1369/208 785/1361/208
f 784/1371/4 783/1370/4 785/1361/4
f 799/1372/6 800/1373/6 798/1374/6
f 799/1372/6 801/1375/6 800/1373/6
f 802/1376/6 801/1375/6 799/1372/6
f 802/1376/6 803/1377/6 801/1375/6
f 804/1378/6 803/1377/6 802/1376/6
f 804/1378/6 805/1379/6 803/1377/6
f 804/1378/6 806/1380/6 805/1379/6
f 807/1381/6 806/1380/6 804/1378/6
f 807/1381/6 808/1382/6 806/1380/6
f 810/1383/6 811/1384/6 809/1385/6
f 810/1383/209 812/1386/209 811/1384/209
f 813/1387/6 808/1382/6 807/1381/6
f 813/1387/6 814/1388/6 808/1382/6
f 813/1387/6 815/1389/6 814/1388/6
f 816/1390/6 815/1389/6 813/1387/6
f 816/1390/6 817/1391/6 815/1389/6
f 818/1392/6 817/1391/6 816/1390/6
f 818/1392/6 819/1393/6 817/1391/6
f 818/1392/6 820/1394/6 819/1393/6
f 821/1395/6 820/1394/6 818/1392/6
f 821/1395/6 822/1396/6 820/1394/6
f 823/1397/6 822/1396/6 821/1395/6
f 823/1397/6 824/1398/6 822/1396/6
f 824/1398/6 825/1399/6 822/1396/6
f 825/1399/6 826/1400/6 822/1396/6
f 826/1400/6 827/1401/6 822/1396/6
f 827/1401/6 828/1402/6 822/1396/6
f 828/1402/210 829/1403/210 822/1396/210
f 829/1403/211 830/1404/211 822/1396/211
f 830/1404/212 831/1405/212 822/1396/212
f 831/1405/213 832/1406/213 822/1396/213
f 832/1406/6 833/1407/6 822/1396/6
f 834/1408/6 835/1409/6 823/1397/6
f 835/1409/6 836/1410/6 823/1397/6
f 836/1410/6 824/1398/6 823/1397/6
f 837/1411/6 838/1412/6 834/1408/6
f 838/1412/6 839/1413/6 834/1408/6
f 839/1413/6 835/1409/6 834/1408/6
f 837/1411/6 840/1414/6 838/1412/6
f 837/1411/6 841/1415/6 840/1414/6
f 842/1416/6 841/1415/6 837/1411/6
f 842/1416/6 843/1417/6 841/1415/6
f 842/1416/6 844/1418/6 843/1417/6
f 810/1383/6 842/1416/6 812/1386/6
f 810/1383/214 845/1419/214 842/1416/214
f 845/1419/6 846/1420/6 842/1416/6
f 846/1420/6 847/1421/6 842/1416/6
f 847/1421/6 848/1422/6 842/1416/6
f 848/1422/6 844/1418/6 842/1416/6
f 810/1383/6 849/1423/6 845/1419/6
f 810/1383/215 850/1424/215 849/1423/215
f 810/1383/216 851/1425/216 850/1424/216
f 810/1383/6 852/1426/6 851/1425/6
f 854/1427/214 855/1428/214 853/1429/214
f 854/1427/6 856/1430/6 855/1428/6
f 857/1431/6 856/1430/6 854/1427/6
f 857/1431/6 858/1432/6 856/1430/6
f 859/1433/6 858/1432/6 857/1431/6
f 859/1433/6 860/1434/6 858/1432/6
f 861/1435/6 860/1434/6 859/1433/6
f 861/1435/6 862/1436/6 860/1434/6
f 863/1437/6 862/1436/6 861/1435/6
f 863/1437/6 864/1438/6 862/1436/6
f 865/1439/6 864/1438/6 863/1437/6
f 865/1439/6 866/1440/6 864/1438/6
f 867/1441/6 868/1442/6 865/1439/6
f 868/1442/6 866/1440/6 865/1439/6
f 867/1441/217 869/1443/217 868/1442/217
f 870/1444/216 866/1440/216 868/1442/216
f 867/1441/6 871/1445/6 869/1443/6
f 872/1446/209 866/1440/209 870/1444/209
f 867/1441/6 873/1447/6 871/1445/6
f 874/1448/6 866/1440/6 872/1446/6
f 874/1448/6 875/1449/6 866/1440/6
f 867/1441/6 876/1450/6 873/1447/6
f 877/1451/6 876/1450/6 867/1441/6
f 878/1452/211 875/1449/211 874/1448/211
f 877/1451/6 879/1453/6 876/1450/6
f 880/1454/6 875/1449/6 878/1452/6
f 877/1451/6 881/1455/6 879/1453/6
f 882/1456/214 875/1449/214 880/1454/214
f 877/1451/6 883/1457/6 881/1455/6
f 884/1458/6 875/1449/6 882/1456/6
f 885/1459/6 883/1457/6 877/1451/6
f 884/1458/6 886/1460/6 875/1449/6
f 885/1459/209 887/1461/209 883/1457/209
f 888/1462/214 886/1460/214 884/1458/214
f 885/1459/6 889/1463/6 887/1461/6
f 890/1464/6 886/1460/6 888/1462/6
f 891/1465/6 889/1463/6 885/1459/6
f 890/1464/6 892/1466/6 886/1460/6
f 891/1465/6 893/1467/6 889/1463/6
f 894/1468/6 892/1466/6 890/1464/6
f 891/1465/6 895/1469/6 893/1467/6
f 896/1470/6 892/1466/6 894/1468/6
f 897/1471/6 895/1469/6 891/1465/6
f 897/1471/214 898/1472/214 895/1469/214
f 896/1470/6 899/1473/6 892/1466/6
f 900/1474/6 899/1473/6 896/1470/6
f 897/1471/6 900/1474/6 898/1472/6
f 897/1471/6 899/1473/6 900/1474/6
f 901/1475/6 899/1473/6 897/1471/6
f 901/1475/6 902/1476/6 899/1473/6
f 903/1477/6 904/1478/6 901/1475/6
f 904/1478/6 902/1476/6 901/1475/6
f 903/1477/6 905/1479/6 904/1478/6
f 906/1480/6 905/1479/6 903/1477/6
f 906/1480/6 907/1481/6 905/1479/6
f 906/1480/214 908/1482/214 907/1481/214
f 909/1483/6 908/1482/6 906/1480/6
f 909/1483/6 910/1484/6 908/1482/6
f 911/1485/6 910/1484/6 909/1483/6
f 911/1485/6 912/1486/6 910/1484/6
f 914/1487/6 915/1488/6 913/1489/6
f 911/1485/6 916/1490/6 912/1486/6
f 917/1491/6 915/1488/6 914/1487/6
f 918/1492/6 915/1488/6 917/1491/6
f 919/1493/6 916/1490/6 911/1485/6
f 919/1493/6 920/1494/6 916/1490/6
f 921/1495/6 915/1488/6 918/1492/6
f 922/1496/6 915/1488/6 921/1495/6
f 919/1493/6 923/1497/6 920/1494/6
f 924/1498/210 915/1488/210 922/1496/210
f 919/1493/6 925/1499/6 923/1497/6
f 926/1500/211 915/1488/211 924/1498/211
f 927/1501/6 925/1499/6 919/1493/6
f 928/1502/6 915/1488/6 926/1500/6
f 927/1501/6 929/1503/6 925/1499/6
f 930/1504/6 915/1488/6 928/1502/6
f 927/1501/6 931/1505/6 929/1503/6
f 932/1506/6 915/1488/6 930/1504/6
f 933/1507/6 915/1488/6 932/1506/6
f 927/1501/6 934/1508/6 931/1505/6
f 934/1508/6 915/1488/6 933/1507/6
f 927/1501/6 915/1488/6 934/1508/6
f 935/1509/6 915/1488/6 927/1501/6
f 935/1509/6 936/1510/6 915/1488/6
f 937/1511/6 936/1510/6 935/1509/6
f 937/1511/6 938/1512/6 936/1510/6
f 937/1511/6 939/1513/6 938/1512/6
f 940/1514/6 939/1513/6 937/1511/6
f 940/1514/6 941/1515/6 939/1513/6
f 940/1514/6 942/1516/6 941/1515/6
f 943/1517/6 942/1516/6 940/1514/6
f 943/1517/6 944/1518/6 942/1516/6
f 943/1517/6 945/1519/6 944/1518/6
f 946/1520/6 945/1519/6 943/1517/6
f 946/1520/6 947/1521/6 945/1519/6
f 946/1520/6 948/1522/6 947/1521/6
f 946/1520/6 949/1523/6 948/1522/6
f 950/1524/6 949/1523/6 946/1520/6
f 950/1524/6 951/1525/6 949/1523/6
f 953/1526/6 954/1527/6 952/1528/6
f 953/1526/214 955/1529/214 954/1527/214
f 953/1526/6 956/1530/6 955/1529/6
f 957/1531/6 956/1530/6 953/1526/6
f 957/1531/6 958/1532/6 956/1530/6
f 957/1531/6 959/1533/6 958/1532/6
f 957/1531/6 960/1534/6 959/1533/6
f 961/1535/6 960/1534/6 957/1531/6
f 961/1535/6 962/1536/6 960/1534/6
f 961/1535/6 963/1537/6 962/1536/6
f 961/1535/6 964/1538/6 963/1537/6
f 965/1539/6 964/1538/6 961/1535/6
f 965/1539/6 966/1540/6 964/1538/6
f 965/1539/6 967/1541/6 966/1540/6
f 965/1539/6 968/1542/6 967/1541/6
f 969/1543/6 968/1542/6 965/1539/6
f 969/1543/6 970/1544/6 968/1542/6
f 970/1544/6 971/1545/6 968/1542/6
f 971/1545/6 972/1546/6 968/1542/6
f 972/1546/6 973/1547/6 968/1542/6
f 973/1547/6 974/1548/6 968/1542/6
f 974/1548/212 975/1549/212 968/1542/212
f 975/1549/218 976/1550/218 968/1542/218
f 976/1550/219 977/1551/219 968/1542/219
f 977/1551/6 978/1552/6 968/1542/6
f 979/1553/6 980/1554/6 969/1543/6
f 980/1554/6 981/1555/6 969/1543/6
f 981/1555/6 970/1544/6 969/1543/6
f 982/1556/6 983/1557/6 979/1553/6
f 983/1557/220 984/1558/220 979/1553/220
f 984/1558/6 980/1554/6 979/1553/6
f 982/1556/214 985/1559/214 983/1557/214
f 982/1556/6 986/1560/6 985/1559/6
f 982/1556/6 987/1561/6 986/1560/6
f 988/1562/6 987/1561/6 982/1556/6
f 988/1562/6 989/1563/6 987/1561/6
f 988/1562/6 990/1564/6 989/1563/6
f 988/1562/6 991/1565/6 990/1564/6
f 992/1566/6 991/1565/6 988/1562/6
f 992/1566/6 993/1567/6 991/1565/6
f 992/1566/6 994/1568/6 993/1567/6
f 995/1569/6 994/1568/6 992/1566/6
f 995/1569/6 996/1570/6 994/1568/6
f 995/1569/6 997/1571/6 996/1570/6
f 998/1572/6 997/1571/6 995/1569/6
f 998/1572/6 999/1573/6 997/1571/6
f 1000/1574/6 999/1573/6 998/1572/6
f 1000/1574/6 1001/1575/6 999/1573/6
f 1000/1574/6 1002/1576/6 1001/1575/6
f 1003/1577/6 1002/1576/6 1000/1574/6
f 1003/1577/6 1004/1578/6 1002/1576/6
f 1005/1579/6 1004/1578/6 1003/1577/6
f 1005/1579/6 1006/1580/6 1004/1578/6
f 1005/1579/6 1007/1581/6 1006/1580/6
f 1008/1582/6 1007/1581/6 1005/1579/6
f 1008/1582/6 1009/1583/6 1007/1581/6
f 1008/1582/6 1010/1584/6 1009/1583/6
f 1011/1585/6 1010/1584/6 1008/1582/6
f 1011/1585/6 1012/1586/6 1010/1584/6
f 1014/1587/6 1015/1588/6 1013/1589/6
f 1011/1585/6 1016/1590/6 1012/1586/6
f 1017/1591/212 1015/1588/212 1014/1587/212
f 1018/1592/6 1016/1590/6 1011/1585/6
f 1019/1593/213 1015/1588/213 1017/1591/213
f 1018/1592/6 1020/1594/6 1016/1590/6
f 1021/1595/6 1015/1588/6 1019/1593/6
f 1022/1596/6 1015/1588/6 1021/1595/6
f 1023/1597/6 1015/1588/6 1022/1596/6
f 1018/1592/6 1024/1598/6 1020/1594/6
f 1025/1599/6 1015/1588/6 1023/1597/6
f 1026/1600/6 1015/1588/6 1025/1599/6
f 1018/1592/6 1027/1601/6 1024/1598/6
f 1028/1602/6 1015/1588/6 1026/1600/6
f 1029/1603/6 1015/1588/6 1028/1602/6
f 1018/1592/6 1030/1604/6 1027/1601/6
f 1031/1605/6 1015/1588/6 1029/1603/6
f 1032/1606/6 1030/1604/6 1018/1592/6
f 1030/1604/6 1015/1588/6 1031/1605/6
f 1032/1606/6 1015/1588/6 1030/1604/6
f 1033/1607/6 1015/1588/6 1032/1606/6
f 1034/1608/6 1015/1588/6 1033/1607/6
f 1035/1609/6 1015/1588/6 1034/1608/6
f 1035/1609/6 1036/1610/6 1015/1588/6
f 1035/1609/6 1037/1611/6 1036/1610/6
f 1035/1609/6 1038/1612/6 1037/1611/6
f 1039/1613/6 1038/1612/6 1035/1609/6
f 1039/1613/6 1040/1614/6 1038/1612/6
f 1039/1613/6 1041/1615/6 1040/1614/6
f 1039/1613/6 1042/1616/6 1041/1615/6
f 1039/1613/6 1043/1617/6 1042/1616/6
f 1044/1618/6 1043/1617/6 1039/1613/6
f 1044/1618/6 1045/1619/6 1043/1617/6
f 1044/1618/214 1046/1620/214 1045/1619/214
f 1044/1618/6 1047/1621/6 1046/1620/6
f 1048/1622/6 1047/1621/6 1044/1618/6
f 1048/1622/6 1049/1623/6 1047/1621/6
f 1051/1624/6 1052/1625/6 1050/1626/6
f 1051/1624/6 1053/1627/6 1052/1625/6
f 1055/1628/6 1056/1629/6 1054/1630/6
f 1055/1628/218 1057/1631/218 1056/1629/218
f 1058/1632/6 1057/1631/6 1055/1628/6
f 1058/1632/6 1059/1633/6 1057/1631/6
f 1060/1634/6 1059/1633/6 1058/1632/6
f 1060/1634/6 1061/1635/6 1059/1633/6
f 1062/1636/6 1061/1635/6 1060/1634/6
f 1062/1636/6 1063/1637/6 1061/1635/6
f 1064/1638/6 1063/1637/6 1062/1636/6
f 1064/1638/6 1065/1639/6 1063/1637/6
f 1066/1640/6 1065/1639/6 1064/1638/6
f 1066/1640/6 1067/1641/6 1065/1639/6
f 1068/1642/6 1067/1641/6 1066/1640/6
f 1068/1642/6 1069/1643/6 1067/1641/6
f 1070/1644/6 1069/1643/6 1068/1642/6
f 1070/1644/6 1071/1645/6 1069/1643/6
f 1072/1646/6 1071/1645/6 1070/1644/6
f 1072/1646/6 1073/1647/6 1071/1645/6
f 1074/1648/6 1073/1647/6 1072/1646/6
f 1074/1648/6 1075/1649/6 1073/1647/6
f 1076/1650/6 1075/1649/6 1074/1648/6
f 1076/1650/6 1077/1651/6 1075/1649/6
f 1078/1652/6 1077/1651/6 1076/1650/6
f 1079/1653/6 1077/1651/6 1078/1652/6
f 1079/1653/6 1080/1654/6 1077/1651/6
f 1079/1653/6 1081/1655/6 1080/1654/6
f 1082/1656/6 1081/1655/6 1079/1653/6
f 1082/1656/6 1083/1657/6 1081/1655/6
f 1084/1658/6 1083/1657/6 1082/1656/6
f 1084/1658/6 1085/1659/6 1083/1657/6
f 1086/1660/6 1085/1659/6 1084/1658/6
f 1086/1660/6 1087/1661/6 1085/1659/6
f 1088/1662/6 1087/1661/6 1086/1660/6
f 1088/1662/209 1089/1663/209 1087/1661/209
f 1090/1664/214 1089/1663/214 1088/1662/214
f 1090/1664/6 1091/1665/6 1089/1663/6
f 1092/1666/6 1091/1665/6 1090/1664/6
f 1092/1666/6 1093/1667/6 1091/1665/6
f 1094/1668/6 1093/1667/6 1092/1666/6
f 1094/1668/6 1095/1669/6 1093/1667/6
f 1096/1670/6 1095/1669/6 1094/1668/6
f 1096/1670/6 1097/1671/6 1095/1669/6
f 1098/1672/6 1097/1671/6 1096/1670/6
f 1098/1672/6 1099/1673/6 1097/1671/6
f 1100/1674/6 1099/1673/6 1098/1672/6
f 1100/1674/6 1101/1675/6 1099/1673/6
f 1103/1676/6 1104/1677/6 1102/1678/6
f 1103/1676/6 1105/1679/6 1104/1677/6
f 1107/1680/6 1108/1681/6 1106/1682/6
f 1107/1680/6 1109/1683/6 1108/1681/6
f 1110/1684/6 1105/1679/6 1103/1676/6
f 1110/1684/6 1111/1685/6 1105/1679/6
f 1110/1684/6 1112/1686/6 1111/1685/6
f 1113/1687/6 1112/1686/6 1110/1684/6
f 1113/1687/6 1114/1688/6 1112/1686/6
f 1115/1689/6 1109/1683/6 1107/1680/6
f 1113/1687/6 1116/1690/6 1114/1688/6
f 1117/1691/6 1109/1683/6 1115/1689/6
f 1118/1692/6 1116/1690/6 1113/1687/6
f 1118/1692/6 1119/1693/6 1116/1690/6
f 1120/1694/6 1109/1683/6 1117/1691/6
f 1121/1695/6 1109/1683/6 1120/1694/6
f 1118/1692/6 1122/1696/6 1119/1693/6
f 1123/1697/6 1122/1696/6 1118/1692/6
f 1124/1698/6 1109/1683/6 1121/1695/6
f 1123/1697/6 1125/1699/6 1122/1696/6
f 1126/1700/210 1127/1701/210 1124/1698/210
f 1127/1701/6 1109/1683/6 1124/1698/6
f 1123/1697/6 1128/1702/6 1125/1699/6
f 1129/1703/6 1127/1701/6 1126/1700/6
f 1123/1697/6 1130/1704/6 1128/1702/6
f 1131/1705/6 1127/1701/6 1129/1703/6
f 1132/1706/6 1130/1704/6 1123/1697/6
f 1133/1707/6 1127/1701/6 1131/1705/6
f 1132/1706/6 1134/1708/6 1130/1704/6
f 1135/1709/214 1127/1701/214 1133/1707/214
f 1132/1706/214 1136/1710/214 1134/1708/214
f 1137/1711/210 1127/1701/210 1135/1709/210
f 1132/1706/209 1138/1712/209 1136/1710/209
f 1138/1712/218 1127/1701/218 1137/1711/218
f 1132/1706/6 1127/1701/6 1138/1712/6
f 1132/1706/6 1139/1713/6 1127/1701/6
f 1140/1714/6 1109/1683/6 1127/1701/6
f 1141/1715/6 1139/1713/6 1132/1706/6
f 1141/1715/6 1142/1716/6 1139/1713/6
f 1141/1715/6 1143/1717/6 1142/1716/6
f 1144/1718/6 1143/1717/6 1141/1715/6
f 1144/1718/6 1145/1719/6 1143/1717/6
f 1146/1720/6 1145/1719/6 1144/1718/6
f 1146/1720/6 1147/1721/6 1145/1719/6
f 1146/1720/6 1148/1722/6 1147/1721/6
f 1149/1723/6 1148/1722/6 1146/1720/6
f 1149/1723/6 1150/1724/6 1148/1722/6
f 1149/1723/6 1151/1725/6 1150/1724/6
f 1152/1726/6 1151/1725/6 1149/1723/6
f 1152/1726/6 1153/1727/6 1151/1725/6
f 1154/1728/6 1153/1727/6 1152/1726/6
f 1154/1728/214 1155/1729/214 1153/1727/214
f 1154/1728/6 1156/1730/6 1155/1729/6
f 1157/1731/209 1156/1730/209 1154/1728/209
f 1159/1732/6 1160/1733/6 1158/1734/6
f 1159/1732/6 1161/1735/6 1160/1733/6
f 1162/1736/6 1161/1735/6 1159/1732/6
f 1163/1737/6 1161/1735/6 1162/1736/6
f 1163/1737/6 1164/1738/6 1161/1735/6
f 1165/1739/6 1164/1738/6 1163/1737/6
f 1165/1739/6 1166/1740/6 1164/1738/6
f 1167/1741/6 1166/1740/6 1165/1739/6
f 1168/1742/6 1166/1740/6 1167/1741/6
f 1168/1742/6 1169/1743/6 1166/1740/6
f 1170/1744/6 1169/1743/6 1168/1742/6
f 1170/1744/6 1171/1745/6 1169/1743/6
f 1172/1746/6 1171/1745/6 1170/1744/6
f 1173/1747/6 1171/1745/6 1172/1746/6
f 1174/1748/6 1171/1745/6 1173/1747/6
f 1174/1748/6 1175/1749/6 1171/1745/6
f 1176/1750/6 1175/1749/6 1174/1748/6
f 1177/1751/6 1175/1749/6 1176/1750/6
f 1178/1752/6 1175/1749/6 1177/1751/6
f 1180/1753/6 1178/1752/6 1179/1754/6
f 1180/1753/6 1175/1749/6 1178/1752/6
f 1180/1753/6 1181/1755/6 1175/1749/6
f 1180/1753/6 1182/1756/6 1181/1755/6
f 1180/1753/6 1183/1757/6 1182/1756/6
f 1180/1753/6 1184/1758/6 1183/1757/6
f 1180/1753/6 1185/1759/6 1184/1758/6
f 1180/1753/209 1186/1760/209 1185/1759/209
f 1187/1761/6 1186/1760/6 1180/1753/6
f 1187/1761/6 1188/1762/6 1186/1760/6
f 1189/1763/6 1188/1762/6 1187/1761/6
f 1190/1764/6 1188/1762/6 1189/1763/6
f 1191/1765/6 1188/1762/6 1190/1764/6
f 1192/1766/6 1188/1762/6 1191/1765/6
f 1193/1767/6 1188/1762/6 1192/1766/6
f 1194/1768/6 1188/1762/6 1193/1767/6
f 1195/1769/6 1188/1762/6 1194/1768/6
f 1196/1770/6 1188/1762/6 1195/1769/6
f 1197/1771/6 1188/1762/6 1196/1770/6
f 1198/1772/6 1188/1762/6 1197/1771/6
f 504/1773/221 906/1774/221 503/1775/221
f 735/1776/222 1118/1777/222 734/1778/222
f 600/1779/11 1015/1780/11 599/1781/11
f 433/1782/223 806/1783/223 432/1784/223
f 441/1785/224 804/1786/224 440/1787/224
f 708/1788/225 1124/1789/225 1121/1790/225
f 617/1791/226 1016/1792/226 616/1793/226
f 473/1794/227 910/1795/227 472/1796/227
f 602/1797/228 1014/1798/228 601/1799/228
f 505/1800/229 909/1801/229 504/1773/229
f 432/1784/230 808/1802/230 431/1803/230
f 721/1804/231 1122/1805/231 1125/1806/231
f 580/1807/232 1011/1808/232 579/1809/232
f 398/1810/2 809/1811/2 397/1812/2
f 710/1813/233 1124/1789/233 709/1814/233
f 472/1796/234 912/1815/234 471/1816/234
f 603/1817/235 1017/1818/235 602/1797/235
f 453/1819/236 913/1820/236 452/1821/236
f 397/1822/5 811/1823/5 451/1824/5
f 452/1825/11 915/1826/11 525/1827/11
f 451/1828/11 812/1829/11 450/1830/11
f 616/1793/237 1020/1831/237 615/1832/237
f 442/1833/238 807/1834/238 441/1785/238
f 721/1835/239 1128/1836/239 720/1837/239
f 604/1838/240 1019/1839/240 603/1817/240
f 471/1816/241 916/1840/241 470/1841/241
f 711/1842/242 1126/1843/242 710/1813/242
f 454/1844/243 914/1845/243 453/1819/243
f 605/1846/244 1021/1847/244 604/1838/244
f 431/1803/245 814/1848/245 430/1849/245
f 455/1850/246 917/1851/246 454/1844/246
f 720/1837/247 1130/1852/247 719/1853/247
f 606/1854/248 1022/1855/248 605/1846/248
f 430/1849/249 815/1856/249 429/1857/249
f 712/1858/250 1129/1859/250 711/1842/250
f 506/1860/251 911/1861/251 505/1800/251
f 443/1862/252 813/1863/252 442/1833/252
f 736/1864/253 1123/1865/253 735/1776/253
f 615/1832/254 1024/1866/254 614/1867/254
f 607/1868/255 1023/1869/255 606/1854/255
f 470/1870/256 920/1871/256 469/1872/256
f 429/1857/257 817/1873/257 428/1874/257
f 713/1875/258 1131/1876/258 712/1858/258
f 456/1877/259 918/1878/259 455/1850/259
f 444/1879/260 816/1880/260 443/1862/260
f 608/1881/261 1025/1882/261 607/1868/261
f 457/1883/262 921/1884/262 456/1877/262
f 719/1853/263 1134/1885/263 718/1886/263
f 428/1874/264 819/1887/264 427/1888/264
f 714/1889/265 1133/1890/265 713/1875/265
f 614/1867/266 1027/1891/266 613/1892/266
f 609/1893/267 1026/1894/267 608/1881/267
f 469/1872/268 923/1895/268 468/1896/268
f 427/1888/269 820/1897/269 426/1898/269
f 458/1899/270 922/1900/270 457/1883/270
f 445/1901/271 818/1902/271 444/1903/271
f 717/1904/272 1134/1885/272 1136/1905/272
f 610/1906/273 1028/1907/273 609/1893/273
f 715/1908/274 1135/1909/274 714/1889/274
f 468/1896/275 925/1910/275 467/1911/275
f 426/1912/276 822/1913/276 425/1914/276
f 613/1892/277 1030/1915/277 612/1916/277
f 459/1917/278 924/1918/278 458/1899/278
f 446/1919/279 821/1920/279 445/1901/279
f 716/1921/280 1136/1905/280 1138/1922/280
f 611/1923/281 1029/1924/281 610/1906/281
f 716/1921/282 1137/1925/282 715/1908/282
f 507/1926/283 919/1927/283 506/1860/283
f 581/1928/284 1018/1929/284 580/1807/284
f 460/1930/285 926/1931/285 459/1917/285
f 416/1932/286 824/1933/286 415/1934/286
f 612/1916/287 1031/1935/287 611/1923/287
f 755/1936/288 1139/1937/288 754/1938/288
f 417/1939/289 825/1940/289 416/1932/289
f 756/1941/2 1127/1942/2 755/1943/2
f 467/1911/290 929/1944/290 466/1945/290
f 701/1946/3 1140/1947/3 756/1948/3
f 582/1949/291 1032/1950/291 581/1951/291
f 461/1952/292 928/1953/292 460/1930/292
f 418/1954/293 826/1955/293 417/1939/293
f 737/1956/294 1132/1957/294 736/1864/294
f 583/1958/295 1033/1959/295 582/1949/295
f 419/1960/296 827/1961/296 418/1954/296
f 466/1945/297 931/1962/297 465/1963/297
f 754/1938/298 1142/1964/298 753/1965/298
f 584/1966/299 1034/1967/299 583/1958/299
f 462/1968/300 930/1969/300 461/1952/300
f 420/1970/301 828/1971/301 419/1960/301
f 753/1965/302 1143/1972/302 752/1973/302
f 463/1974/303 932/1975/303 462/1968/303
f 421/1976/304 829/1977/304 420/1970/304
f 738/1978/305 1141/1979/305 737/1980/305
f 599/1981/306 1036/1982/306 598/1983/306
f 422/1984/307 830/1985/307 421/1976/307
f 598/1983/308 1037/1986/308 597/1987/308
f 465/1963/309 934/1988/309 464/1989/309
f 752/1973/310 1145/1990/310 751/1991/310
f 464/1989/311 933/1992/311 463/1974/311
f 423/1993/312 831/1994/312 422/1984/312
f 739/1995/313 1144/1996/313 738/1978/313
f 597/1987/314 1038/1997/314 596/1998/314
f 585/1999/315 1035/2000/315 584/1966/315
f 424/2001/316 832/2002/316 423/1993/316
f 508/2003/317 927/2004/317 507/2005/317
f 425/1914/318 833/2006/318 424/2007/318
f 751/1991/319 1147/2008/319 750/2009/319
f 447/2010/320 823/2011/320 446/1919/320
f 596/1998/321 1040/2012/321 595/2013/321
f 750/2009/322 1148/2014/322 749/2015/322
f 525/2016/323 936/2017/323 524/2018/323
f 740/2019/324 1146/2020/324 739/1995/324
f 595/2013/325 1041/2021/325 594/2022/325
f 509/2023/326 935/2024/326 508/2003/326
f 414/2025/327 835/2026/327 413/2027/327
f 594/2022/328 1042/2028/328 593/2029/328
f 415/1934/329 836/2030/329 414/2025/329
f 749/2015/330 1150/2031/330 748/2032/330
f 524/2018/331 938/2033/331 523/2034/331
f 448/2035/332 834/2036/332 447/2010/332
f 593/2029/333 1043/2037/333 592/2038/333
f 748/2032/334 1151/2039/334 747/2040/334
f 586/2041/335 1039/2042/335 585/1999/335
f 523/2034/336 939/2043/336 522/2044/336
f 741/2045/337 1149/2046/337 740/2019/337
f 510/2047/338 937/2048/338 509/2023/338
f 412/2049/339 838/2050/339 411/2051/339
f 592/2038/340 1045/2052/340 591/2053/340
f 413/2027/341 839/2054/341 412/2049/341
f 747/2040/342 1153/2055/342 746/2056/342
f 522/2044/343 941/2057/343 521/2058/343
f 742/2059/344 1152/2060/344 741/2045/344
f 591/2053/345 1046/2061/345 590/2062/345
f 411/2051/346 840/2063/346 410/2064/346
f 521/2058/347 942/2065/347 520/2066/347
f 590/2062/348 1047/2067/348 589/2068/348
f 511/2069/349 940/2070/349 510/2047/349
f 410/2064/350 841/2071/350 409/2072/350
f 746/2056/351 1155/2073/351 745/2074/351
f 587/2075/352 1044/2076/352 586/2041/352
f 449/2077/353 837/2078/353 448/2035/353
f 745/2074/354 1156/2079/354 744/2080/354
f 588/2081/355 1048/2082/355 587/2075/355
f 520/2066/356 944/2083/356 519/2084/356
f 743/2085/357 1154/2086/357 742/2059/357
f 589/2068/358 1049/2087/358 588/2081/358
f 409/2072/359 843/2088/359 408/2089/359
f 744/2080/360 1157/2090/360 743/2085/360
f 699/2091/2 1050/2092/2 698/2093/2
f 519/2084/361 945/2094/361 518/2095/361
f 759/2096/2 1158/2097/2 758/2098/2
f 512/2099/362 943/2100/362 511/2069/362
f 408/2089/363 844/2101/363 407/2102/363
f 698/2103/5 1052/2104/5 697/2105/5
f 757/2106/5 1158/2107/5 1160/2108/5
f 700/2109/3 1051/2110/3 699/2111/3
f 450/2112/5 842/2113/5 449/2114/5
f 697/2115/11 1053/2116/11 700/2117/11
f 518/2095/364 947/2118/364 517/2119/364
f 757/2120/11 1161/2121/11 797/2122/11
f 662/2123/365 1054/2124/365 661/2125/365
f 760/2126/366 1159/2127/366 759/2096/366
f 517/2119/367 948/2128/367 516/2129/367
f 404/2130/368 845/2131/368 403/2132/368
f 661/2125/369 1056/2133/369 660/2134/369
f 761/2135/370 1162/2136/370 760/2126/370
f 516/2129/371 949/2137/371 515/2138/371
f 405/2139/372 846/2140/372 404/2130/372
f 660/2134/373 1057/2141/373 659/2142/373
f 513/2143/374 946/2144/374 512/2099/374
f 663/2145/375 1055/2146/375 662/2123/375
f 406/2147/376 847/2148/376 405/2139/376
f 797/2122/377 1164/2149/377 796/2150/377
f 514/2151/378 950/2152/378 513/2143/378
f 762/2153/379 1163/2154/379 761/2135/379
f 515/2138/380 951/2155/380 514/2151/380
f 407/2156/381 848/2157/381 406/2147/381
f 659/2142/382 1059/2158/382 658/2159/382
f 564/2160/383 952/2161/383 563/2162/383
f 664/2163/384 1058/2164/384 663/2145/384
f 403/2132/385 849/2165/385 402/2166/385
f 796/2150/386 1166/2167/386 795/2168/386
f 563/2162/387 954/2169/387 562/2170/387
f 763/2171/388 1165/2172/388 762/2153/388
f 402/2166/389 850/2173/389 401/2174/389
f 658/2159/390 1061/2175/390 657/2176/390
f 562/2170/391 955/2177/391 561/2178/391
f 764/2179/392 1167/2180/392 763/2171/392
f 665/2181/393 1060/2182/393 664/2163/393
f 401/2174/394 851/2183/394 400/2184/394
f 561/2178/395 956/2185/395 560/2186/395
f 399/2187/3 810/2188/3 398/2189/3
f 565/2190/396 953/2191/396 564/2160/396
f 400/2184/11 852/2192/11 399/2193/11
f 795/2168/397 1169/2194/397 794/2195/397
f 657/2176/398 1063/2196/398 656/2197/398
f 490/2198/399 853/2199/399 489/2200/399
f 765/2201/400 1168/2202/400 764/2179/400
f 666/2203/401 1062/2204/401 665/2181/401
f 560/2186/402 958/2205/402 559/2206/402
f 489/2200/403 855/2207/403 488/2208/403
f 794/2195/404 1171/2209/404 793/2210/404
f 656/2197/405 1065/2211/405 655/2212/405
f 559/2206/406 959/2213/406 558/2214/406
f 488/2208/407 856/2215/407 487/2216/407
f 766/2217/408 1170/2218/408 765/2201/408
f 667/2219/409 1064/2220/409 666/2203/409
f 491/2221/410 854/2222/410 490/2198/410
f 558/2214/411 960/2223/411 557/2224/411
f 767/2225/412 1172/2226/412 766/2227/412
f 566/2228/413 957/2229/413 565/2190/413
f 655/2230/414 1067/2231/414 654/2232/414
f 487/2216/415 858/2233/415 486/2234/415
f 767/2225/416 1174/2235/416 1173/2236/416
f 668/2237/417 1066/2238/417 667/2239/417
f 492/2240/418 857/2241/418 491/2221/418
f 557/2224/419 962/2242/419 556/2243/419
f 793/2210/420 1175/2244/420 792/2245/420
f 654/2232/421 1069/2246/421 653/2247/421
f 556/2243/422 963/2248/422 555/2249/422
f 486/2234/423 860/2250/423 485/2251/423
f 768/2252/424 1176/2253/424 1174/2235/424
f 668/2237/425 1070/2254/425 1068/2255/425
f 493/2256/426 859/2257/426 492/2240/426
f 555/2249/427 964/2258/427 554/2259/427
f 770/2260/428 1176/2253/428 769/2261/428
f 567/2262/429 961/2263/429 566/2228/429
f 653/2247/430 1071/2264/430 652/2265/430
f 485/2251/431 862/2266/431 484/2267/431
f 771/2268/432 1177/2269/432 770/2260/432
f 670/2270/433 1070/2254/433 669/2271/433
f 494/2272/434 861/2273/434 493/2256/434
f 554/2259/435 966/2274/435 553/2275/435
f 773/2276/436 1179/2277/436 772/2278/436
f 652/2265/437 1073/2279/437 651/2280/437
f 553/2275/438 967/2281/438 552/2282/438
f 484/2283/439 864/2284/439 483/2285/439
f 771/2268/5 1179/2286/5 1178/2287/5
f 671/2288/440 1072/2289/440 670/2270/440
f 495/2290/441 863/2291/441 494/2272/441
f 552/2282/442 968/2292/442 551/2293/442
f 568/2294/443 965/2295/443 567/2262/443
f 792/2245/444 1181/2296/444 791/2297/444
f 651/2280/445 1075/2298/445 650/2299/445
f 483/2285/446 866/2300/446 482/2301/446
f 672/2302/447 1074/2303/447 671/2288/447
f 496/2304/448 865/2305/448 495/2306/448
f 791/2297/449 1182/2307/449 790/2308/449
f 641/2309/450 970/2310/450 640/2311/450
f 790/2312/451 1183/2313/451 789/2314/451
f 650/2299/452 1077/2315/452 649/2316/452
f 673/2317/453 1076/2318/453 672/2302/453
f 642/2319/454 971/2320/454 641/2309/454
f 789/2314/455 1184/2321/455 788/2322/455
f 538/2323/456 869/2324/456 537/2325/456
f 674/2326/457 1078/2327/457 673/2317/457
f 643/2328/458 972/2329/458 642/2319/458
f 539/2330/459 868/2331/459 538/2323/459
f 788/2322/460 1185/2332/460 787/2333/460
f 644/2334/461 973/2335/461 643/2328/461
f 787/2333/462 1186/2336/462 786/2337/462
f 649/2316/463 1080/2338/463 696/2339/463
f 537/2325/464 871/2340/464 536/2341/464
f 774/2342/465 1180/2343/465 773/2344/465
f 645/2345/466 974/2346/466 644/2334/466
f 540/2347/467 870/2348/467 539/2330/467
f 696/2339/468 1081/2349/468 695/2350/468
f 675/2351/469 1079/2352/469 674/2326/469
f 646/2353/470 975/2354/470 645/2345/470
f 786/2337/471 1188/2355/471 785/2356/471
f 536/2341/472 873/2357/472 535/2358/472
f 775/2359/473 1187/2360/473 774/2342/473
f 647/2361/474 976/2362/474 646/2353/474
f 541/2363/475 872/2364/475 540/2347/475
f 695/2350/476 1083/2365/476 694/2366/476
f 776/2367/477 1189/2368/477 775/2359/477
f 676/2369/478 1082/2370/478 675/2351/478
f 648/2371/479 977/2372/479 647/2361/479
f 551/2373/11 978/2374/11 648/2375/11
f 482/2301/480 875/2376/480 481/2377/480
f 776/2367/481 1191/2378/481 1190/2379/481
f 569/2380/482 969/2381/482 568/2294/482
f 694/2366/483 1085/2382/483 693/2383/483
f 535/2358/484 876/2384/484 534/2385/484
f 778/2386/485 1191/2378/485 777/2387/485
f 677/2388/486 1084/2389/486 676/2369/486
f 497/2390/487 867/2391/487 496/2304/487
f 639/2392/488 980/2393/488 638/2394/488
f 779/2395/489 1192/2396/489 778/2386/489
f 542/2397/490 874/2398/490 541/2363/490
f 693/2383/491 1087/2399/491 692/2400/491
f 640/2311/492 981/2401/492 639/2392/492
f 780/2402/493 1193/2403/493 779/2395/493
f 678/2404/494 1086/2405/494 677/2388/494
f 570/2406/495 979/2407/495 569/2408/495
f 534/2385/496 879/2409/496 533/2410/496
f 781/2411/497 1194/2412/497 780/2402/497
f 543/2413/498 878/2414/498 542/2397/498
f 692/2400/499 1089/2415/499 691/2416/499
f 637/2417/500 983/2418/500 636/2419/500
f 782/2420/501 1195/2421/501 781/2411/501
f 679/2422/502 1088/2423/502 678/2404/502
f 638/2394/503 984/2424/503 637/2417/503
f 533/2410/504 881/2425/504 532/2426/504
f 783/2427/505 1196/2428/505 782/2420/505
f 544/2429/506 880/2430/506 543/2413/506
f 691/2431/507 1091/2432/507 690/2433/507
f 636/2419/508 985/2434/508 635/2435/508
f 784/2436/509 1197/2437/509 783/2427/509
f 680/2438/510 1090/2439/510 679/2440/510
f 785/2356/511 1198/2441/511 784/2436/511
f 635/2435/512 986/2442/512 634/2443/512
f 532/2426/513 883/2444/513 531/2445/513
f 545/2446/514 882/2447/514 544/2448/514
f 690/2433/515 1093/2449/515 689/2450/515
f 634/2443/516 987/2451/516 633/2452/516
f 681/2453/517 1092/2454/517 680/2438/517
f 571/2455/518 982/2456/518 570/2406/518
f 498/2457/519 877/2458/519 497/2390/519
f 689/2450/520 1095/2459/520 688/2460/520
f 633/2452/521 989/2461/521 632/2462/521
f 481/2377/522 886/2463/522 480/2464/522
f 682/2465/523 1094/2466/523 681/2453/523
f 632/2462/524 990/2467/524 631/2468/524
f 531/2469/525 887/2470/525 530/2471/525
f 546/2472/526 884/2473/526 545/2446/526
f 688/2460/527 1097/2474/527 687/2475/527
f 631/2468/528 991/2476/528 630/2477/528
f 683/2478/529 1096/2479/529 682/2465/529
f 572/2480/530 988/2481/530 571/2455/530
f 530/2471/531 889/2482/531 529/2483/531
f 547/2484/532 888/2485/532 546/2472/532
f 687/2475/533 1099/2486/533 686/2487/533
f 630/2488/534 993/2489/534 629/2490/534
f 684/2491/535 1098/2492/535 683/2478/535
f 499/2493/536 885/2494/536 498/2457/536
f 629/2490/537 994/2495/537 628/2496/537
f 685/2497/538 1100/2498/538 684/2491/538
f 573/2499/539 992/2500/539 572/2480/539
f 686/2487/540 1101/2501/540 685/2497/540
f 480/2464/541 892/2502/541 479/2503/541
f 731/2504/2 1102/2505/2 730/2506/2
f 628/2496/542 996/2507/542 627/2508/542
f 529/2483/543 893/2509/543 528/2510/543
f 729/2511/5 1102/2512/5 1104/2513/5
f 548/2514/544 890/2515/544 547/2484/544
f 627/2508/545 997/2516/545 626/2517/545
f 729/2518/11 1105/2519/11 728/2520/11
f 574/2521/546 995/2522/546 573/2499/546
f 704/2523/2 1106/2524/2 703/2525/2
f 528/2510/547 895/2526/547 527/2527/547
f 549/2528/548 894/2529/548 548/2514/548
f 702/2530/5 1106/2531/5 1108/2532/5
f 626/2517/549 999/2533/549 625/2534/549
f 575/2535/550 998/2536/550 574/2521/550
f 500/2537/551 891/2538/551 499/2493/551
f 702/2539/11 1109/2540/11 701/2541/11
f 732/2542/552 1103/2543/552 731/2504/552
f 625/2534/553 1001/2544/553 624/2545/553
f 527/2527/554 898/2546/554 526/2547/554
f 728/2520/555 1111/2548/555 727/2549/555
f 624/2545/556 1002/2550/556 623/2551/556
f 479/2503/557 899/2552/557 478/2553/557
f 576/2554/558 1000/2555/558 575/2535/558
f 550/2556/559 896/2557/559 549/2528/559
f 727/2549/560 1112/2558/560 726/2559/560
f 733/2560/561 1110/2561/561 732/2542/561
f 623/2551/562 1004/2562/562 622/2563/562
f 526/2564/5 900/2565/5 550/2566/5
f 577/2567/563 1003/2568/563 576/2554/563
f 726/2559/564 1114/2569/564 725/2570/564
f 501/2571/565 897/2572/565 500/2537/565
f 705/2573/566 1107/2574/566 704/2523/566
f 622/2563/567 1006/2575/567 621/2576/567
f 478/2553/568 902/2577/568 477/2578/568
f 438/2579/569 798/2580/569 437/2581/569
f 725/2570/570 1116/2582/570 724/2583/570
f 621/2576/571 1007/2584/571 620/2585/571
f 502/2586/572 901/2587/572 501/2571/572
f 706/2588/573 1115/2589/573 705/2573/573
f 578/2590/574 1005/2591/574 577/2567/574
f 437/2581/575 800/2592/575 436/2593/575
f 734/1778/576 1113/2594/576 733/2560/576
f 477/2595/3 904/2596/3 476/2597/3
f 436/2593/577 801/2598/577 435/2599/577
f 620/2585/578 1009/2600/578 619/2601/578
f 439/2602/579 799/2603/579 438/2579/579
f 476/2604/580 905/2605/580 475/2606/580
f 724/2583/581 1119/2607/581 723/2608/581
f 619/2601/582 1010/2609/582 618/2610/582
f 503/1775/583 903/2611/583 502/2586/583
f 706/2588/584 1120/2612/584 1117/2613/584
f 579/1809/585 1008/2614/585 578/2590/585
f 435/2599/586 803/2615/586 434/2616/586
f 440/1787/587 802/2617/587 439/2602/587
f 708/1788/588 1120/2618/588 707/2619/588
f 475/2606/589 907/2620/589 474/2621/589
f 618/2622/590 1012/2623/590 617/1791/590
f 601/1799/591 1013/2624/591 600/2625/591
f 474/2621/592 908/2626/592 473/1794/592
f 434/2616/593 805/2627/593 433/1782/593
f 723/2608/594 1122/1805/594 722/2628/594
f 395/963/4 396/969/4 393/964/4
f 394/965/4 393/964/4 391/966/4
f 394/965/4 389/967/4 390/968/4
f 396/969/4 395/963/4 390/968/4
f 393/964/4 396/969/4 392/970/4
f 504/1773/221 909/1801/221 906/1774/221
f 735/1776/222 1123/1865/222 1118/1777/222
f 600/1779/11 1013/2629/11 1015/1780/11
f 433/1782/223 805/2627/223 806/1783/223
f 441/1785/224 807/1834/224 804/1786/224
f 708/1788/225 709/1814/225 1124/1789/225
f 617/1791/226 1012/2623/226 1016/1792/226
f 473/1794/227 908/2626/227 910/1795/227
f 602/1797/228 1017/1818/228 1014/1798/228
f 505/1800/229 911/1861/229 909/1801/229
f 432/1784/595 806/1783/595 808/1802/595
f 721/1804/231 722/2628/231 1122/1805/231
f 580/1807/232 1018/1929/232 1011/1808/232
f 398/1810/2 810/2630/2 809/1811/2
f 710/1813/233 1126/1843/233 1124/1789/233
f 472/1796/234 910/1795/234 912/1815/234
f 603/1817/235 1019/1839/235 1017/1818/235
f 453/1819/236 914/1845/236 913/1820/236
f 397/1822/5 809/2631/5 811/1823/5
f 452/1825/11 913/2632/11 915/1826/11
f 451/1828/11 811/2633/11 812/1829/11
f 616/1793/237 1016/1792/237 1020/1831/237
f 442/1833/238 813/1863/238 807/1834/238
f 721/1835/239 1125/2634/239 1128/1836/239
f 604/1838/240 1021/1847/240 1019/1839/240
f 471/1816/596 912/1815/596 916/1840/596
f 711/1842/597 1129/1859/597 1126/1843/597
f 454/1844/243 917/1851/243 914/1845/243
f 605/1846/244 1022/1855/244 1021/1847/244
f 431/1803/245 808/1802/245 814/1848/245
f 455/1850/246 918/1878/246 917/1851/246
f 720/1837/247 1128/1836/247 1130/1852/247
f 606/1854/248 1023/1869/248 1022/1855/248
f 430/1849/598 814/1848/598 815/1856/598
f 712/1858/250 1131/1876/250 1129/1859/250
f 506/1860/251 919/1927/251 911/1861/251
f 443/1862/252 816/1880/252 813/1863/252
f 736/1864/253 1132/1957/253 1123/1865/253
f 615/1832/254 1020/1831/254 1024/1866/254
f 607/1868/255 1025/1882/255 1023/1869/255
f 470/1870/256 916/2635/256 920/1871/256
f 429/1857/257 815/1856/257 817/1873/257
f 713/1875/258 1133/1890/258 1131/1876/258
f 456/1877/259 921/1884/259 918/1878/259
f 444/1879/260 818/2636/260 816/1880/260
f 608/1881/261 1026/1894/261 1025/1882/261
f 457/1883/262 922/1900/262 921/1884/262
f 719/1853/263 1130/1852/263 1134/1885/263
f 428/1874/599 817/1873/599 819/1887/599
f 714/1889/265 1135/1909/265 1133/1890/265
f 614/1867/266 1024/1866/266 1027/1891/266
f 609/1893/267 1028/1907/267 1026/1894/267
f 469/1872/268 920/1871/268 923/1895/268
f 427/1888/269 819/1887/269 820/1897/269
f 458/1899/270 924/1918/270 922/1900/270
f 445/1901/271 821/1920/271 818/1902/271
f 717/1904/272 718/1886/272 1134/1885/272
f 610/1906/273 1029/1924/273 1028/1907/273
f 715/1908/274 1137/1925/274 1135/1909/274
f 468/1896/275 923/1895/275 925/1910/275
f 426/1912/276 820/2637/276 822/1913/276
f 613/1892/277 1027/1891/277 1030/1915/277
f 459/1917/278 926/1931/278 924/1918/278
f 446/1919/279 823/2011/279 821/1920/279
f 716/1921/280 717/1904/280 1136/1905/280
f 611/1923/281 1031/1935/281 1029/1924/281
f 716/1921/282 1138/1922/282 1137/1925/282
f 507/1926/283 927/2638/283 919/1927/283
f 581/1928/284 1032/2639/284 1018/1929/284
f 460/1930/285 928/1953/285 926/1931/285
f 416/1932/286 825/1940/286 824/1933/286
f 612/1916/287 1030/1915/287 1031/1935/287
f 755/1936/288 1127/2640/288 1139/1937/288
f 417/1939/289 826/1955/289 825/1940/289
f 756/1941/2 1140/2641/2 1127/1942/2
f 467/1911/290 925/1910/290 929/1944/290
f 701/1946/3 1109/2642/3 1140/1947/3
f 582/1949/291 1033/1959/291 1032/1950/291
f 461/1952/600 930/1969/600 928/1953/600
f 418/1954/293 827/1961/293 826/1955/293
f 737/1956/294 1141/2643/294 1132/1957/294
f 583/1958/295 1034/1967/295 1033/1959/295
f 419/1960/296 828/1971/296 827/1961/296
f 466/1945/297 929/1944/297 931/1962/297
f 754/1938/298 1139/1937/298 1142/1964/298
f 584/1966/299 1035/2000/299 1034/1967/299
f 462/1968/300 932/1975/300 930/1969/300
f 420/1970/301 829/1977/301 828/1971/301
f 753/1965/302 1142/1964/302 1143/1972/302
f 463/1974/303 933/1992/303 932/1975/303
f 421/1976/304 830/1985/304 829/1977/304
f 738/1978/601 1144/1996/601 1141/1979/601
f 599/1981/306 1015/2644/306 1036/1982/306
f 422/1984/602 831/1994/602 830/1985/602
f 598/1983/603 1036/1982/603 1037/1986/603
f 465/1963/309 931/1962/309 934/1988/309
f 752/1973/310 1143/1972/310 1145/1990/310
f 464/1989/311 934/1988/311 933/1992/311
f 423/1993/312 832/2002/312 831/1994/312
f 739/1995/313 1146/2020/313 1144/1996/313
f 597/1987/314 1037/1986/314 1038/1997/314
f 585/1999/315 1039/2042/315 1035/2000/315
f 424/2001/316 833/2645/316 832/2002/316
f 508/2003/604 935/2024/604 927/2004/604
f 425/1914/318 822/1913/318 833/2006/318
f 751/1991/319 1145/1990/319 1147/2008/319
f 447/2010/320 834/2036/320 823/2011/320
f 596/1998/321 1038/1997/321 1040/2012/321
f 750/2009/322 1147/2008/322 1148/2014/322
f 525/2016/323 915/2646/323 936/2017/323
f 740/2019/324 1149/2046/324 1146/2020/324
f 595/2013/325 1040/2012/325 1041/2021/325
f 509/2023/326 937/2048/326 935/2024/326
f 414/2025/327 836/2030/327 835/2026/327
f 594/2022/328 1041/2021/328 1042/2028/328
f 415/1934/329 824/1933/329 836/2030/329
f 749/2015/330 1148/2014/330 1150/2031/330
f 524/2018/331 936/2017/331 938/2033/331
f 448/2035/605 837/2078/605 834/2036/605
f 593/2029/333 1042/2028/333 1043/2037/333
f 748/2032/334 1150/2031/334 1151/2039/334
f 586/2041/335 1044/2076/335 1039/2042/335
f 523/2034/336 938/2033/336 939/2043/336
f 741/2045/337 1152/2060/337 1149/2046/337
f 510/2047/338 940/2070/338 937/2048/338
f 412/2049/339 839/2054/339 838/2050/339
f 592/2038/606 1043/2037/606 1045/2052/606
f 413/2027/341 835/2026/341 839/2054/341
f 747/2040/342 1151/2039/342 1153/2055/342
f 522/2044/343 939/2043/343 941/2057/343
f 742/2059/344 1154/2086/344 1152/2060/344
f 591/2053/345 1045/2052/345 1046/2061/345
f 411/2051/346 838/2050/346 840/2063/346
f 521/2058/347 941/2057/347 942/2065/347
f 590/2062/348 1046/2061/348 1047/2067/348
f 511/2069/349 943/2100/349 940/2070/349
f 410/2064/350 840/2063/350 841/2071/350
f 746/2056/351 1153/2055/351 1155/2073/351
f 587/2075/352 1048/2082/352 1044/2076/352
f 449/2077/353 842/2647/353 837/2078/353
f 745/2074/354 1155/2073/354 1156/2079/354
f 588/2081/355 1049/2087/355 1048/2082/355
f 520/2066/356 942/2065/356 944/2083/356
f 743/2085/357 1157/2090/357 1154/2086/357
f 589/2068/358 1047/2067/358 1049/2087/358
f 409/2072/359 841/2071/359 843/2088/359
f 744/2080/360 1156/2079/360 1157/2090/360
f 699/2091/2 1051/2648/2 1050/2092/2
f 519/2084/361 944/2083/361 945/2094/361
f 759/2096/2 1159/2127/2 1158/2097/2
f 512/2099/362 946/2144/362 943/2100/362
f 408/2089/363 843/2088/363 844/2101/363
f 698/2103/5 1050/2649/5 1052/2104/5
f 757/2106/5 758/2650/5 1158/2107/5
f 700/2109/3 1053/2651/3 1051/2110/3
f 450/2112/5 812/2652/5 842/2113/5
f 697/2115/11 1052/2653/11 1053/2116/11
f 518/2095/364 945/2094/364 947/2118/364
f 757/2120/11 1160/2654/11 1161/2121/11
f 662/2123/365 1055/2146/365 1054/2124/365
f 760/2126/366 1162/2136/366 1159/2127/366
f 517/2119/367 947/2118/367 948/2128/367
f 404/2130/368 846/2140/368 845/2131/368
f 661/2125/369 1054/2124/369 1056/2133/369
f 761/2135/370 1163/2154/370 1162/2136/370
f 516/2129/371 948/2128/371 949/2137/371
f 405/2139/372 847/2148/372 846/2140/372
f 660/2134/373 1056/2133/373 1057/2141/373
f 513/2143/374 950/2152/374 946/2144/374
f 663/2145/375 1058/2164/375 1055/2146/375
f 406/2147/376 848/2157/376 847/2148/376
f 797/2122/377 1161/2121/377 1164/2149/377
f 514/2151/378 951/2155/378 950/2152/378
f 762/2153/607 1165/2172/607 1163/2154/607
f 515/2138/380 949/2137/380 951/2155/380
f 407/2156/381 844/2655/381 848/2157/381
f 659/2142/382 1057/2141/382 1059/2158/382
f 564/2160/383 953/2191/383 952/2161/383
f 664/2163/608 1060/2182/608 1058/2164/608
f 403/2132/385 845/2131/385 849/2165/385
f 796/2150/386 1164/2149/386 1166/2167/386
f 563/2162/387 952/2161/387 954/2169/387
f 763/2171/388 1167/2180/388 1165/2172/388
f 402/2166/389 849/2165/389 850/2173/389
f 658/2159/390 1059/2158/390 1061/2175/390
f 562/2170/391 954/2169/391 955/2177/391
f 764/2179/17 1168/2202/17 1167/2180/17
f 665/2181/393 1062/2204/393 1060/2182/393
f 401/2174/394 850/2173/394 851/2183/394
f 561/2178/395 955/2177/395 956/2185/395
f 399/2187/3 852/2656/3 810/2188/3
f 565/2190/396 957/2229/396 953/2191/396
f 400/2184/11 851/2183/11 852/2192/11
f 795/2168/397 1166/2167/397 1169/2194/397
f 657/2176/398 1061/2175/398 1063/2196/398
f 490/2198/399 854/2222/399 853/2199/399
f 765/2201/400 1170/2218/400 1168/2202/400
f 666/2203/401 1064/2220/401 1062/2204/401
f 560/2186/402 956/2185/402 958/2205/402
f 489/2200/403 853/2199/403 855/2207/403
f 794/2195/404 1169/2194/404 1171/2209/404
f 656/2197/405 1063/2196/405 1065/2211/405
f 559/2206/406 958/2205/406 959/2213/406
f 488/2208/407 855/2207/407 856/2215/407
f 766/2217/408 1172/2657/408 1170/2218/408
f 667/2219/409 1066/2658/409 1064/2220/409
f 491/2221/410 857/2241/410 854/2222/410
f 558/2214/411 959/2213/411 960/2223/411
f 767/2225/412 1173/2236/412 1172/2226/412
f 566/2228/413 961/2263/413 957/2229/413
f 655/2230/414 1065/2659/414 1067/2231/414
f 487/2216/415 856/2215/415 858/2233/415
f 767/2225/416 768/2252/416 1174/2235/416
f 668/2237/417 1068/2255/417 1066/2238/417
f 492/2240/418 859/2257/418 857/2241/418
f 557/2224/419 960/2223/419 962/2242/419
f 793/2210/420 1171/2209/420 1175/2244/420
f 654/2232/421 1067/2231/421 1069/2246/421
f 556/2243/422 962/2242/422 963/2248/422
f 486/2234/423 858/2233/423 860/2250/423
f 768/2252/424 769/2261/424 1176/2253/424
f 668/2237/425 669/2271/425 1070/2254/425
f 493/2256/426 861/2273/426 859/2257/426
f 555/2249/427 963/2248/427 964/2258/427
f 770/2260/428 1177/2269/428 1176/2253/428
f 567/2262/429 965/2295/429 961/2263/429
f 653/2247/430 1069/2246/430 1071/2264/430
f 485/2251/431 860/2250/431 862/2266/431
f 771/2268/432 1178/2287/432 1177/2269/432
f 670/2270/433 1072/2289/433 1070/2254/433
f 494/2272/434 863/2291/434 861/2273/434
f 554/2259/435 964/2258/435 966/2274/435
f 773/2276/436 1180/2660/436 1179/2277/436
f 652/2265/437 1071/2264/437 1073/2279/437
f 553/2275/438 966/2274/438 967/2281/438
f 484/2283/439 862/2661/439 864/2284/439
f 771/2268/5 772/2662/5 1179/2286/5
f 671/2288/609 1074/2303/609 1072/2289/609
f 495/2290/610 865/2663/610 863/2291/610
f 552/2282/442 967/2281/442 968/2292/442
f 568/2294/611 969/2381/611 965/2295/611
f 792/2245/444 1175/2244/444 1181/2296/444
f 651/2280/445 1073/2279/445 1075/2298/445
f 483/2285/446 864/2284/446 866/2300/446
f 672/2302/447 1076/2318/447 1074/2303/447
f 496/2304/612 867/2391/612 865/2305/612
f 791/2297/449 1181/2296/449 1182/2307/449
f 641/2309/450 971/2320/450 970/2310/450
f 790/2312/451 1182/2664/451 1183/2313/451
f 650/2299/452 1075/2298/452 1077/2315/452
f 673/2317/453 1078/2327/453 1076/2318/453
f 642/2319/454 972/2329/454 971/2320/454
f 789/2314/455 1183/2313/455 1184/2321/455
f 538/2323/456 868/2331/456 869/2324/456
f 674/2326/457 1079/2352/457 1078/2327/457
f 643/2328/458 973/2335/458 972/2329/458
f 539/2330/459 870/2348/459 868/2331/459
f 788/2322/460 1184/2321/460 1185/2332/460
f 644/2334/613 974/2346/613 973/2335/613
f 787/2333/462 1185/2332/462 1186/2336/462
f 649/2316/463 1077/2315/463 1080/2338/463
f 537/2325/464 869/2324/464 871/2340/464
f 774/2342/465 1187/2360/465 1180/2343/465
f 645/2345/614 975/2354/614 974/2346/614
f 540/2347/467 872/2364/467 870/2348/467
f 696/2339/468 1080/2338/468 1081/2349/468
f 675/2351/469 1082/2370/469 1079/2352/469
f 646/2353/470 976/2362/470 975/2354/470
f 786/2337/471 1186/2336/471 1188/2355/471
f 536/2341/472 871/2340/472 873/2357/472
f 775/2359/473 1189/2368/473 1187/2360/473
f 647/2361/474 977/2372/474 976/2362/474
f 541/2363/475 874/2398/475 872/2364/475
f 695/2350/476 1081/2349/476 1083/2365/476
f 776/2367/465 1190/2379/465 1189/2368/465
f 676/2369/615 1084/2389/615 1082/2370/615
f 648/2371/479 978/2665/479 977/2372/479
f 551/2373/11 968/2666/11 978/2374/11
f 482/2301/480 866/2300/480 875/2376/480
f 776/2367/481 777/2387/481 1191/2378/481
f 569/2380/482 979/2667/482 969/2381/482
f 694/2366/483 1083/2365/483 1085/2382/483
f 535/2358/484 873/2357/484 876/2384/484
f 778/2386/485 1192/2396/485 1191/2378/485
f 677/2388/486 1086/2405/486 1084/2389/486
f 497/2390/487 877/2458/487 867/2391/487
f 639/2392/488 981/2401/488 980/2393/488
f 779/2395/489 1193/2403/489 1192/2396/489
f 542/2397/616 878/2414/616 874/2398/616
f 693/2383/491 1085/2382/491 1087/2399/491
f 640/2311/492 970/2310/492 981/2401/492
f 780/2402/493 1194/2412/493 1193/2403/493
f 678/2404/494 1088/2423/494 1086/2405/494
f 570/2406/495 982/2456/495 979/2407/495
f 534/2385/496 876/2384/496 879/2409/496
f 781/2411/497 1195/2421/497 1194/2412/497
f 543/2413/498 880/2430/498 878/2414/498
f 692/2400/499 1087/2399/499 1089/2415/499
f 637/2417/500 984/2424/500 983/2418/500
f 782/2420/501 1196/2428/501 1195/2421/501
f 679/2422/502 1090/2668/502 1088/2423/502
f 638/2394/503 980/2393/503 984/2424/503
f 533/2410/617 879/2409/617 881/2425/617
f 783/2427/505 1197/2437/505 1196/2428/505
f 544/2429/506 882/2669/506 880/2430/506
f 691/2431/507 1089/2670/507 1091/2432/507
f 636/2419/508 983/2418/508 985/2434/508
f 784/2436/509 1198/2441/509 1197/2437/509
f 680/2438/510 1092/2454/510 1090/2439/510
f 785/2356/511 1188/2355/511 1198/2441/511
f 635/2435/512 985/2434/512 986/2442/512
f 532/2426/513 881/2425/513 883/2444/513
f 545/2446/514 884/2473/514 882/2447/514
f 690/2433/515 1091/2432/515 1093/2449/515
f 634/2443/516 986/2442/516 987/2451/516
f 681/2453/517 1094/2466/517 1092/2454/517
f 571/2455/518 988/2481/518 982/2456/518
f 498/2457/519 885/2494/519 877/2458/519
f 689/2450/520 1093/2449/520 1095/2459/520
f 633/2452/521 987/2451/521 989/2461/521
f 481/2377/522 875/2376/522 886/2463/522
f 682/2465/523 1096/2479/523 1094/2466/523
f 632/2462/524 989/2461/524 990/2467/524
f 531/2469/525 883/2671/525 887/2470/525
f 546/2472/526 888/2485/526 884/2473/526
f 688/2460/618 1095/2459/618 1097/2474/618
f 631/2468/528 990/2467/528 991/2476/528
f 683/2478/619 1098/2492/619 1096/2479/619
f 572/2480/530 992/2500/530 988/2481/530
f 530/2471/531 887/2470/531 889/2482/531
f 547/2484/620 890/2515/620 888/2485/620
f 687/2475/533 1097/2474/533 1099/2486/533
f 630/2488/534 991/2672/534 993/2489/534
f 684/2491/535 1100/2498/535 1098/2492/535
f 499/2493/536 891/2538/536 885/2494/536
f 629/2490/621 993/2489/621 994/2495/621
f 685/2497/538 1101/2501/538 1100/2498/538
f 573/2499/539 995/2522/539 992/2500/539
f 686/2487/540 1099/2486/540 1101/2501/540
f 480/2464/541 886/2463/541 892/2502/541
f 731/2504/2 1103/2543/2 1102/2505/2
f 628/2496/542 994/2495/542 996/2507/542
f 529/2483/543 889/2482/543 893/2509/543
f 729/2511/5 730/2673/5 1102/2512/5
f 548/2514/622 894/2529/622 890/2515/622
f 627/2508/545 996/2507/545 997/2516/545
f 729/2518/11 1104/2674/11 1105/2519/11
f 574/2521/546 998/2536/546 995/2522/546
f 704/2523/2 1107/2574/2 1106/2524/2
f 528/2510/547 893/2509/547 895/2526/547
f 549/2528/548 896/2557/548 894/2529/548
f 702/2530/5 703/2675/5 1106/2531/5
f 626/2517/549 997/2516/549 999/2533/549
f 575/2535/550 1000/2555/550 998/2536/550
f 500/2537/551 897/2572/551 891/2538/551
f 702/2539/11 1108/2676/11 1109/2540/11
f 732/2542/552 1110/2561/552 1103/2543/552
f 625/2534/553 999/2533/553 1001/2544/553
f 527/2527/554 895/2526/554 898/2546/554
f 728/2520/555 1105/2519/555 1111/2548/555
f 624/2545/556 1001/2544/556 1002/2550/556
f 479/2503/557 892/2502/557 899/2552/557
f 576/2554/558 1003/2568/558 1000/2555/558
f 550/2556/559 900/2677/559 896/2557/559
f 727/2549/623 1111/2548/623 1112/2558/623
f 733/2560/561 1113/2594/561 1110/2561/561
f 623/2551/562 1002/2550/562 1004/2562/562
f 526/2564/5 898/2678/5 900/2565/5
f 577/2567/624 1005/2591/624 1003/2568/624
f 726/2559/625 1112/2558/625 1114/2569/625
f 501/2571/565 901/2587/565 897/2572/565
f 705/2573/566 1115/2589/566 1107/2574/566
f 622/2563/567 1004/2562/567 1006/2575/567
f 478/2553/568 899/2552/568 902/2577/568
f 438/2579/569 799/2603/569 798/2580/569
f 725/2570/570 1114/2569/570 1116/2582/570
f 621/2576/571 1006/2575/571 1007/2584/571
f 502/2586/572 903/2611/572 901/2587/572
f 706/2588/626 1117/2613/626 1115/2589/626
f 578/2590/574 1008/2614/574 1005/2591/574
f 437/2581/575 798/2580/575 800/2592/575
f 734/1778/576 1118/1777/576 1113/2594/576
f 477/2595/3 902/2679/3 904/2596/3
f 436/2593/627 800/2592/627 801/2598/627
f 620/2585/578 1007/2584/578 1009/2600/578
f 439/2602/579 802/2617/579 799/2603/579
f 476/2604/580 904/2680/580 905/2605/580
f 724/2583/581 1116/2582/581 1119/2607/581
f 619/2601/582 1009/2600/582 1010/2609/582
f 503/1775/583 906/1774/583 903/2611/583
f 706/2588/584 707/2681/584 1120/2612/584
f 579/1809/628 1011/1808/628 1008/2614/628
f 435/2599/629 801/2598/629 803/2615/629
f 440/1787/587 804/1786/587 802/2617/587
f 708/1788/588 1121/1790/588 1120/2618/588
f 475/2606/589 905/2605/589 907/2620/589
f 618/2622/590 1010/2682/590 1012/2623/590
f 601/1799/591 1014/1798/591 1013/2624/591
f 474/2621/592 907/2620/592 908/2626/592
f 434/2616/593 803/2615/593 805/2627/593
f 723/2608/594 1119/2607/594 1122/1805/594
