# Blender 5.0.1
# www.blender.org
mtllib HomeRoof.mtl
o 1Story_GableRoof
v -0.599160 0.873002 1.018398
v -0.599160 0.564951 1.018398
v -0.599160 0.752533 1.018398
v -0.599160 0.752533 1.003754
v -0.714908 0.752533 1.018398
v -0.599160 0.768014 1.018398
v -0.599160 0.768014 1.003754
v -0.714908 0.768014 1.003754
v -0.714908 0.768014 1.018398
v -0.714908 0.752533 1.003754
v -0.599160 0.564951 1.003754
v -0.714908 0.577060 1.003754
v -0.714908 0.860894 1.003754
v -0.599160 0.873002 1.003754
v -0.586340 0.563610 1.018398
v -0.586340 0.874344 1.018398
v -0.573520 0.873002 1.018398
v -0.573520 0.564951 1.018398
v -0.573520 0.752533 1.018398
v -0.586340 0.752533 1.018398
v -0.573520 0.752533 1.003754
v -0.457773 0.752533 1.018398
v -0.573520 0.768014 1.018398
v -0.573520 0.768014 1.003754
v -0.586340 0.768014 1.018398
v -0.457773 0.768014 1.003754
v -0.457773 0.768014 1.018398
v -0.457773 0.752533 1.003754
v -0.573520 0.564951 1.003754
v -0.457773 0.577060 1.003754
v -0.457773 0.860894 1.003754
v -0.573520 0.873002 1.003754
v -0.710128 0.582200 1.023237
v -0.710128 0.860253 1.023237
v -0.598684 0.872190 1.023237
v -0.598684 0.570263 1.023237
v -0.710128 0.753433 1.023237
v -0.710128 0.768693 1.023237
v -0.737707 0.562250 1.023237
v -0.737707 0.880203 1.023237
v -0.615172 0.893328 1.023237
v -0.615172 0.549125 1.023237
v -0.737707 0.762752 1.023237
v -0.737707 0.779531 1.023237
v -0.737707 0.562250 0.966803
v -0.737707 0.880203 0.966803
v -0.615172 0.893328 0.966803
v -0.615172 0.549125 0.966803
v -0.737707 0.762752 0.966803
v -0.737707 0.779531 0.966803
v -0.710128 0.582200 1.004074
v -0.710128 0.860253 1.004074
v -0.598684 0.872190 1.004074
v -0.598684 0.570263 1.004074
v -0.710128 0.753433 1.004074
v -0.710128 0.768693 1.004074
v -0.462553 0.582200 1.023237
v -0.462553 0.860253 1.023237
v -0.586341 0.568941 1.023237
v -0.586341 0.873512 1.023237
v -0.573997 0.872190 1.023237
v -0.573997 0.570263 1.023237
v -0.462553 0.753433 1.023237
v -0.462553 0.768693 1.023237
v -0.434974 0.562250 1.023237
v -0.434974 0.880203 1.023237
v -0.586341 0.547672 1.023237
v -0.586341 0.894781 1.023237
v -0.557509 0.893328 1.023237
v -0.557509 0.549125 1.023237
v -0.434974 0.762752 1.023237
v -0.434974 0.779531 1.023237
v -0.434974 0.562250 0.966803
v -0.434974 0.880203 0.966803
v -0.586341 0.547672 0.966803
v -0.586341 0.894781 0.966803
v -0.557509 0.893328 0.966803
v -0.557509 0.549125 0.966803
v -0.434974 0.762752 0.966803
v -0.434974 0.779531 0.966803
v -0.462553 0.582200 1.004074
v -0.462553 0.860253 1.004074
v -0.586341 0.568941 1.004074
v -0.586341 0.873512 1.004074
v -0.573997 0.872190 1.004074
v -0.573997 0.570263 1.004074
v -0.462553 0.753433 1.004074
v -0.462553 0.768693 1.004074
v 0.599160 0.873002 1.018398
v 0.599160 0.564951 1.018398
v 0.599160 0.752533 1.018398
v 0.599160 0.752533 1.003754
v 0.714908 0.752533 1.018398
v 0.599160 0.768014 1.018398
v 0.599160 0.768014 1.003754
v 0.714908 0.768014 1.003754
v 0.714908 0.768014 1.018398
v 0.714908 0.752533 1.003754
v 0.599160 0.564951 1.003754
v 0.714908 0.577060 1.003754
v 0.714908 0.860894 1.003754
v 0.599160 0.873002 1.003754
v 0.586340 0.563610 1.018398
v 0.586340 0.874344 1.018398
v 0.573520 0.873002 1.018398
v 0.573520 0.564951 1.018398
v 0.573520 0.752533 1.018398
v 0.586340 0.752533 1.018398
v 0.573520 0.752533 1.003754
v 0.457773 0.752533 1.018398
v 0.573520 0.768014 1.018398
v 0.573520 0.768014 1.003754
v 0.586340 0.768014 1.018398
v 0.457773 0.768014 1.003754
v 0.457773 0.768014 1.018398
v 0.457773 0.752533 1.003754
v 0.573520 0.564951 1.003754
v 0.457773 0.577060 1.003754
v 0.457773 0.860894 1.003754
v 0.573520 0.873002 1.003754
v 0.710128 0.582200 1.023237
v 0.710128 0.860253 1.023237
v 0.598684 0.872190 1.023237
v 0.598684 0.570263 1.023237
v 0.710128 0.753433 1.023237
v 0.710128 0.768693 1.023237
v 0.737707 0.562250 1.023237
v 0.737707 0.880203 1.023237
v 0.615172 0.893328 1.023237
v 0.615172 0.549125 1.023237
v 0.737707 0.762752 1.023237
v 0.737707 0.779531 1.023237
v 0.737707 0.562250 0.966803
v 0.737707 0.880203 0.966803
v 0.615172 0.893328 0.966803
v 0.615172 0.549125 0.966803
v 0.737707 0.762752 0.966803
v 0.737707 0.779531 0.966803
v 0.710128 0.582200 1.004074
v 0.710128 0.860253 1.004074
v 0.598684 0.872190 1.004074
v 0.598684 0.570263 1.004074
v 0.710128 0.753433 1.004074
v 0.710128 0.768693 1.004074
v 0.462553 0.582200 1.023237
v 0.462553 0.860253 1.023237
v 0.586341 0.568941 1.023237
v 0.586341 0.873512 1.023237
v 0.573997 0.872190 1.023237
v 0.573997 0.570263 1.023237
v 0.462553 0.753433 1.023237
v 0.462553 0.768693 1.023237
v 0.434974 0.562250 1.023237
v 0.434974 0.880203 1.023237
v 0.586341 0.547672 1.023237
v 0.586341 0.894781 1.023237
v 0.557509 0.893328 1.023237
v 0.557509 0.549125 1.023237
v 0.434974 0.762752 1.023237
v 0.434974 0.779531 1.023237
v 0.434974 0.562250 0.966803
v 0.434974 0.880203 0.966803
v 0.586341 0.547672 0.966803
v 0.586341 0.894781 0.966803
v 0.557509 0.893328 0.966803
v 0.557509 0.549125 0.966803
v 0.434974 0.762752 0.966803
v 0.434974 0.779531 0.966803
v 0.462553 0.582200 1.004074
v 0.462553 0.860253 1.004074
v 0.586341 0.568941 1.004074
v 0.586341 0.873512 1.004074
v 0.573997 0.872190 1.004074
v 0.573997 0.570263 1.004074
v 0.462553 0.753433 1.004074
v 0.462553 0.768693 1.004074
v -0.124852 0.024316 0.976623
v -0.198836 0.024316 0.973754
v -0.127486 0.957211 0.976623
v -0.194947 0.957211 0.976623
v -0.124852 0.024316 0.954107
v -0.198836 0.024316 0.951239
v -0.194947 0.957211 0.954107
v -0.127486 0.957211 0.954107
v -0.125306 0.185067 0.976623
v -0.198166 0.185067 0.974248
v -0.125306 0.185067 0.954107
v -0.198166 0.185067 0.951733
v -0.125371 0.308257 0.976623
v -0.125371 0.308257 0.954107
v -0.198069 0.308257 0.974320
v -0.198069 0.308257 0.951805
v -0.198095 0.301895 0.974300
v -0.198095 0.301895 0.951785
v -0.133298 0.295353 0.976623
v -0.133298 0.295353 0.954107
v -0.126367 0.560760 0.976623
v -0.126367 0.560760 0.954107
v -0.196600 0.560760 0.975404
v -0.196600 0.560760 0.952888
v -0.126396 0.571193 0.976623
v -0.126396 0.571193 0.954107
v -0.186866 0.602201 0.975436
v -0.186866 0.602201 0.952921
v -0.044619 0.024316 0.976623
v -0.118603 0.024316 0.973754
v -0.047253 0.957211 0.976623
v -0.114714 0.957211 0.976623
v -0.044619 0.024316 0.954107
v -0.118603 0.024316 0.951239
v -0.114714 0.957211 0.954107
v -0.047253 0.957211 0.954107
v -0.045139 0.208255 0.976623
v -0.045139 0.208255 0.954107
v -0.113163 0.228349 0.974320
v -0.113163 0.228349 0.951805
v -0.117863 0.222454 0.974300
v -0.117863 0.222454 0.951785
v -0.045121 0.201892 0.976623
v -0.045121 0.201892 0.954107
v -0.046134 0.560760 0.976623
v -0.046134 0.560760 0.954107
v -0.110553 0.551070 0.975404
v -0.110553 0.551070 0.952888
v -0.049070 0.625457 0.976623
v -0.049070 0.625457 0.954107
v -0.116323 0.571193 0.975436
v -0.116323 0.571193 0.952921
v -0.040695 0.024316 0.973754
v -0.036807 0.957211 0.976623
v -0.040695 0.024316 0.951239
v -0.036807 0.957211 0.954107
v -0.040025 0.185067 0.974248
v -0.040025 0.185067 0.951733
v -0.039929 0.208255 0.974320
v -0.039929 0.208255 0.951805
v -0.035282 0.199556 0.974300
v -0.035282 0.199556 0.951785
v -0.038542 0.540995 0.975343
v -0.038542 0.540995 0.952828
v -0.038459 0.560760 0.975404
v -0.038459 0.560760 0.952888
v -0.032602 0.585728 0.975436
v -0.032602 0.585728 0.952921
v 0.124852 0.024316 0.976623
v 0.198835 0.024316 0.973754
v 0.127486 0.957211 0.976623
v 0.194947 0.957211 0.976623
v 0.124852 0.024316 0.954107
v 0.198835 0.024316 0.951239
v 0.194947 0.957211 0.954107
v 0.127486 0.957211 0.954107
v 0.125306 0.185067 0.976623
v 0.198165 0.185067 0.974248
v 0.125306 0.185067 0.954107
v 0.198165 0.185067 0.951733
v 0.125371 0.308257 0.976623
v 0.125371 0.308257 0.954107
v 0.198069 0.308257 0.974320
v 0.198069 0.308257 0.951805
v 0.198095 0.301895 0.974300
v 0.198095 0.301895 0.951785
v 0.133298 0.295353 0.976623
v 0.133298 0.295353 0.954107
v 0.126367 0.560760 0.976623
v 0.126367 0.560760 0.954107
v 0.196600 0.560760 0.975404
v 0.196600 0.560760 0.952888
v 0.126396 0.571193 0.976623
v 0.126396 0.571193 0.954107
v 0.186866 0.602201 0.975436
v 0.186866 0.602201 0.952921
v 0.044619 0.024316 0.976623
v 0.118602 0.024316 0.973754
v 0.047253 0.957211 0.976623
v 0.114714 0.957211 0.976623
v 0.044619 0.024316 0.954107
v 0.118602 0.024316 0.951239
v 0.114714 0.957211 0.954107
v 0.047253 0.957211 0.954107
v 0.045138 0.208255 0.976623
v 0.045138 0.208255 0.954107
v 0.113163 0.228349 0.974320
v 0.113163 0.228349 0.951805
v 0.117862 0.222454 0.974300
v 0.117862 0.222454 0.951785
v 0.045120 0.201892 0.976623
v 0.045120 0.201892 0.954107
v 0.046134 0.560760 0.976623
v 0.046134 0.560760 0.954107
v 0.110553 0.551070 0.975404
v 0.110553 0.551070 0.952888
v 0.049070 0.625457 0.976623
v 0.049070 0.625457 0.954107
v 0.116323 0.571193 0.975436
v 0.116323 0.571193 0.952921
v -0.000000 0.024316 0.976623
v 0.040695 0.024316 0.973754
v -0.000000 0.957211 0.976623
v 0.036807 0.957211 0.976623
v -0.000000 0.024316 0.954107
v 0.040695 0.024316 0.951239
v 0.036807 0.957211 0.954107
v -0.000000 0.957211 0.954107
v -0.000000 0.185067 0.976623
v 0.040025 0.185067 0.974248
v 0.040025 0.185067 0.951733
v -0.000000 0.208255 0.976623
v 0.039929 0.208255 0.974320
v 0.039929 0.208255 0.951805
v 0.035282 0.199556 0.974300
v 0.035282 0.199556 0.951785
v -0.000000 0.201892 0.976623
v -0.000000 0.540995 0.976623
v 0.038542 0.540995 0.975343
v 0.038542 0.540995 0.952828
v -0.000000 0.560760 0.976623
v 0.038459 0.560760 0.975404
v 0.038459 0.560760 0.952888
v -0.000000 0.571193 0.976623
v 0.032602 0.585728 0.975436
v 0.032602 0.585728 0.952921
v -1.025440 1.274009 1.100675
v -0.983911 1.274009 1.150097
v -0.983911 1.274009 -1.150097
v -1.025440 1.274009 -1.100675
v -1.052625 1.390145 1.138925
v -1.009652 1.390145 1.190065
v -1.009652 1.390145 -1.190065
v -1.052625 1.390145 -1.138925
v -1.009652 1.355500 -1.190065
v -1.009652 1.355500 1.190065
v -1.052625 1.355500 1.138925
v -1.052625 1.355500 -1.138925
v -0.983911 1.351897 1.150097
v -1.025440 1.351897 1.100675
v -0.983911 1.351897 -1.150097
v -1.025440 1.351897 -1.100675
v 1.025440 1.274009 1.100675
v 0.983911 1.274009 1.150097
v 0.983911 1.274009 -1.150097
v 1.025440 1.274009 -1.100675
v -0.000000 1.898661 1.150097
v -0.000000 1.898661 -1.150097
v 1.052625 1.390145 1.138925
v 1.009652 1.390145 1.190065
v 1.009652 1.390145 -1.190065
v 1.052625 1.390145 -1.138925
v -0.000000 2.035528 1.190065
v -0.000000 2.035528 -1.190065
v 1.009652 1.355500 -1.190065
v -0.000000 2.001154 -1.190065
v 1.009652 1.355500 1.190065
v 1.052625 1.355500 1.138925
v 1.052625 1.355500 -1.138925
v -0.000000 2.001154 1.190065
v -0.000000 1.975939 -1.150097
v 0.983911 1.351897 1.150097
v 1.025440 1.351897 1.100675
v 0.983911 1.351897 -1.150097
v 1.025440 1.351897 -1.100675
v -0.000000 1.975939 1.150097
v 1.016168 0.880880 1.009521
v 1.016168 1.021161 1.009521
v 0.875887 0.880880 1.009521
v 0.875887 1.021161 1.009521
v 1.016168 0.880880 0.764012
v 1.016168 1.021161 0.764012
v 0.875887 0.880880 0.764012
v 0.875887 1.021161 0.764012
v 1.016168 1.081967 0.529003
v 1.016168 1.222248 0.529003
v 0.875886 1.081967 0.529003
v 0.875887 1.222248 0.529003
v 1.016168 1.081967 0.283494
v 1.016168 1.222248 0.283494
v 0.875886 1.081967 0.283494
v 0.875887 1.222248 0.283494
v 1.016168 0.541430 0.117730
v 1.016168 0.681711 0.117730
v 0.875887 0.541430 0.117730
v 0.875887 0.681711 0.117730
v 1.016168 0.541430 -0.127779
v 1.016168 0.681711 -0.127779
v 0.875887 0.541430 -0.127779
v 0.875887 0.681711 -0.127779
v 1.009521 0.648066 -1.016168
v 1.009521 0.788348 -1.016168
v 1.009521 0.648066 -0.875887
v 1.009521 0.788348 -0.875887
v 0.764012 0.648066 -1.016168
v 0.764012 0.788348 -1.016168
v 0.764012 0.648066 -0.875887
v 0.764012 0.788348 -0.875887
v 1.006537 0.804276 -0.769726
v 1.006537 0.944558 -0.769726
v 0.866255 0.804276 -0.769726
v 0.866255 0.944558 -0.769726
v 1.006537 0.804276 -1.015235
v 1.006537 0.944558 -1.015235
v 0.866255 0.804276 -1.015235
v 0.866255 0.944558 -1.015235
v 0.565455 0.995170 -1.016168
v 0.565455 1.135451 -1.016168
v 0.565455 0.995170 -0.875887
v 0.565455 1.135451 -0.875887
v 0.319946 0.995170 -1.016168
v 0.319946 1.135451 -1.016168
v 0.319946 0.995170 -0.875887
v 0.319946 1.135451 -0.875887
v -0.599135 1.176162 -1.016168
v -0.599135 1.316443 -1.016168
v -0.599135 1.176162 -0.875887
v -0.599135 1.316443 -0.875887
v -0.844644 1.176162 -1.016168
v -0.844644 1.316443 -1.016168
v -0.844644 1.176162 -0.875887
v -0.844644 1.316443 -0.875887
v -1.016168 0.654139 -1.009521
v -1.016168 0.794421 -1.009521
v -0.875887 0.654139 -1.009521
v -0.875887 0.794421 -1.009521
v -1.016168 0.654139 -0.764012
v -1.016168 0.794421 -0.764012
v -0.875887 0.654139 -0.764012
v -0.875887 0.794421 -0.764012
v -1.016168 1.081967 -0.529003
v -1.016168 1.222248 -0.529003
v -0.875887 1.081967 -0.529003
v -0.875887 1.222248 -0.529003
v -1.016168 1.081967 -0.283494
v -1.016168 1.222248 -0.283494
v -0.875887 1.081967 -0.283494
v -0.875887 1.222248 -0.283494
v -1.016168 0.541430 -0.117730
v -1.016168 0.681711 -0.117730
v -0.875887 0.541430 -0.117730
v -0.875887 0.681711 -0.117730
v -1.016168 0.541430 0.127779
v -1.016168 0.681711 0.127779
v -0.875887 0.541430 0.127779
v -0.875887 0.681711 0.127779
v -1.009521 0.648066 1.016168
v -1.009521 0.788348 1.016168
v -1.009521 0.648066 0.875887
v -1.009521 0.788348 0.875887
v -0.764012 0.648066 1.016168
v -0.764012 0.788348 1.016168
v -0.764012 0.648066 0.875887
v -0.764012 0.788348 0.875887
v -1.006537 0.804276 0.769726
v -1.006537 0.944558 0.769726
v -0.866255 0.804276 0.769726
v -0.866255 0.944558 0.769726
v -1.006537 0.804276 1.015235
v -1.006537 0.944558 1.015235
v -0.866255 0.804276 1.015235
v -0.866255 0.944558 1.015235
v -0.565455 0.995170 1.016168
v -0.565455 1.135451 1.016168
v -0.565455 0.995170 0.875887
v -0.565455 1.135451 0.875887
v -0.319946 0.995170 1.016168
v -0.319946 1.135451 1.016168
v -0.319946 0.995170 0.875887
v -0.319946 1.135451 0.875887
v 0.072933 1.363852 1.016168
v 0.072933 1.504133 1.016168
v 0.072933 1.363852 0.875887
v 0.072933 1.504133 0.875887
v 0.318442 1.363852 1.016168
v 0.318442 1.504133 1.016168
v 0.318442 1.363852 0.875887
v 0.318442 1.504133 0.875887
v 0.216447 1.519737 1.016168
v 0.216447 1.660019 1.016168
v 0.216447 1.519737 0.875887
v 0.216447 1.660019 0.875887
v 0.461956 1.519737 1.016168
v 0.461956 1.660019 1.016168
v 0.461956 1.519737 0.875887
v 0.461956 1.660019 0.875887
v -0.548135 1.522212 1.016168
v -0.548135 1.662493 1.016168
v -0.548135 1.522212 0.875887
v -0.548135 1.662493 0.875887
v -0.302626 1.522212 1.016168
v -0.302626 1.662493 1.016168
v -0.302626 1.522212 0.875887
v -0.302626 1.662493 0.875887
v -0.399549 1.739500 1.035850
v -0.518032 1.664396 1.035850
v -0.422166 1.776338 1.035850
v -0.540649 1.701235 1.035850
v -0.399549 1.739500 0.790340
v -0.518032 1.664396 0.790340
v -0.422166 1.776338 0.790340
v -0.540649 1.701235 0.790340
v -0.567292 1.685562 -0.927264
v -0.448809 1.760666 -0.927264
v -0.544675 1.648724 -0.927264
v -0.426192 1.723827 -0.927264
v -0.567292 1.685562 -0.681755
v -0.448809 1.760666 -0.681755
v -0.544675 1.648724 -0.681755
v -0.426192 1.723827 -0.681755
v -0.443485 1.765007 -1.026599
v -0.325002 1.840110 -1.026599
v -0.420868 1.728168 -1.026598
v -0.302385 1.803271 -1.026598
v -0.443485 1.765007 -0.781089
v -0.325002 1.840110 -0.781089
v -0.420868 1.728168 -0.781089
v -0.302385 1.803271 -0.781089
v -0.275916 1.870350 0.317440
v -0.157432 1.945453 0.317440
v -0.253299 1.833511 0.317440
v -0.134815 1.908615 0.317440
v -0.275916 1.870350 0.562949
v -0.157432 1.945453 0.562949
v -0.253299 1.833511 0.562949
v -0.134815 1.908615 0.562949
v -0.155388 1.947623 0.170288
v -0.036905 2.022726 0.170288
v -0.132772 1.910784 0.170288
v -0.014288 1.985888 0.170288
v -0.155388 1.947623 0.415797
v -0.036905 2.022726 0.415797
v -0.132772 1.910784 0.415797
v -0.014288 1.985888 0.415797
v -0.868502 1.495601 0.587702
v -0.750018 1.570704 0.587702
v -0.845885 1.458763 0.587702
v -0.727401 1.533866 0.587702
v -0.868502 1.495601 0.833211
v -0.750018 1.570704 0.833211
v -0.845885 1.458763 0.833211
v -0.727401 1.533866 0.833211
v -0.971411 1.430370 -1.000161
v -0.852927 1.505473 -1.000161
v -0.948794 1.393531 -1.000161
v -0.830311 1.468635 -1.000161
v -0.971411 1.430370 -0.754652
v -0.852927 1.505473 -0.754652
v -0.948794 1.393531 -0.754652
v -0.830311 1.468635 -0.754652
v -0.868502 1.495601 -0.475743
v -0.750018 1.570704 -0.475743
v -0.845885 1.458763 -0.475743
v -0.727401 1.533866 -0.475743
v -0.868502 1.495601 -0.230234
v -0.750018 1.570704 -0.230234
v -0.845885 1.458763 -0.230234
v -0.727401 1.533866 -0.230234
v 0.403133 1.739500 1.035850
v 0.521617 1.664396 1.035850
v 0.425750 1.776338 1.035850
v 0.544234 1.701235 1.035850
v 0.403133 1.739500 0.790340
v 0.521617 1.664396 0.790340
v 0.425750 1.776338 0.790340
v 0.544234 1.701235 0.790340
v 0.663457 1.619954 -1.090562
v 0.544973 1.695058 -1.090562
v 0.640840 1.583116 -1.090562
v 0.522356 1.658219 -1.090562
v 0.663457 1.619954 -0.845053
v 0.544973 1.695058 -0.845053
v 0.640840 1.583116 -0.845053
v 0.522356 1.658219 -0.845053
v 0.447069 1.765007 0.354224
v 0.328586 1.840110 0.354224
v 0.424453 1.728168 0.354225
v 0.305969 1.803271 0.354225
v 0.447069 1.765007 0.599734
v 0.328586 1.840110 0.599734
v 0.424453 1.728168 0.599734
v 0.305969 1.803271 0.599734
v 0.280593 1.867798 -0.365660
v 0.162109 1.942902 -0.365660
v 0.257976 1.830960 -0.365660
v 0.139493 1.906063 -0.365660
v 0.280593 1.867798 -0.120151
v 0.162110 1.942902 -0.120151
v 0.257976 1.830960 -0.120151
v 0.139493 1.906063 -0.120151
v 0.158973 1.947623 -0.512812
v 0.040489 2.022726 -0.512812
v 0.136356 1.910784 -0.512812
v 0.017872 1.985888 -0.512812
v 0.158972 1.947623 -0.267303
v 0.040489 2.022726 -0.267303
v 0.136356 1.910784 -0.267303
v 0.017872 1.985888 -0.267303
v 0.872086 1.495601 0.587702
v 0.753602 1.570704 0.587702
v 0.849469 1.458763 0.587702
v 0.730985 1.533866 0.587702
v 0.872086 1.495601 0.833211
v 0.753602 1.570704 0.833211
v 0.849469 1.458763 0.833211
v 0.730985 1.533866 0.833211
v 0.974995 1.430370 -1.000161
v 0.856512 1.505473 -1.000161
v 0.952378 1.393531 -1.000161
v 0.833895 1.468635 -1.000161
v 0.974995 1.430370 -0.754652
v 0.856512 1.505473 -0.754652
v 0.952378 1.393531 -0.754652
v 0.833895 1.468635 -0.754652
v 0.872086 1.495601 0.024039
v 0.753602 1.570704 0.024039
v 0.849469 1.458763 0.024039
v 0.730985 1.533866 0.024039
v 0.872086 1.495601 0.269549
v 0.753602 1.570704 0.269549
v 0.849469 1.458763 0.269549
v 0.730985 1.533866 0.269549
v 0.403133 1.739500 -0.723369
v 0.521617 1.664396 -0.723369
v 0.425750 1.776338 -0.723369
v 0.544234 1.701235 -0.723369
v 0.403133 1.739500 -0.968878
v 0.521617 1.664396 -0.968878
v 0.425750 1.776338 -0.968878
v 0.544234 1.701235 -0.968878
v -0.957028 0.010968 1.000000
v -1.000000 0.010968 0.957028
v -1.000000 0.010968 -0.957028
v -0.957028 0.010968 -1.000000
v -1.000000 1.347038 0.957028
v -0.957028 1.374245 1.000000
v -0.957028 1.374245 -1.000000
v -1.000000 1.347038 -0.957028
v -0.248509 0.010968 1.000000
v -0.248509 1.841054 1.000000
v -1.000000 0.934966 -0.957028
v -1.000000 0.934966 0.957028
v -0.957028 0.934966 1.000000
v -0.957028 0.934966 -1.000000
v -0.248509 0.934966 1.000000
v -0.248509 0.010968 0.957895
v -0.248509 0.934966 0.957895
v -0.484682 0.010968 1.000000
v -0.720855 0.010968 1.000000
v -0.484682 1.686692 1.000000
v -0.720855 1.539203 1.000000
v -0.484682 0.934966 1.000000
v -0.720855 0.934966 1.000000
v 0.957028 0.010968 1.000000
v 1.000000 0.010968 0.957028
v 1.000000 0.010968 -0.957028
v 0.957028 0.010968 -1.000000
v 1.000000 1.347038 0.957028
v 0.957028 1.374245 1.000000
v 0.957028 1.374245 -1.000000
v 1.000000 1.347038 -0.957028
v -0.000000 1.993065 1.000000
v 0.248508 0.010968 1.000000
v 0.248508 1.841054 1.000000
v -0.000000 0.010968 -1.000000
v -0.000000 1.993065 -1.000000
v 1.000000 0.934966 -0.957028
v 1.000000 0.934966 0.957028
v 0.957028 0.934966 1.000000
v 0.957028 0.934966 -1.000000
v -0.000000 0.934966 1.000000
v 0.248508 0.934966 1.000000
v -0.000000 0.934966 -1.000000
v -0.000000 0.934966 0.957895
v -0.000000 0.010968 0.957895
v 0.248508 0.010968 0.957895
v 0.248508 0.934966 0.957895
v 0.484682 0.010968 1.000000
v 0.720855 0.010968 1.000000
v 0.484682 1.686692 1.000000
v 0.720855 1.539203 1.000000
v 0.484682 0.934966 1.000000
v 0.720855 0.934966 1.000000
v -0.296338 0.921905 1.097556
v -0.296338 0.996519 1.094240
v -0.296338 0.921905 0.958843
v -0.296338 0.992024 0.958843
v -0.203977 0.017339 1.026923
v -0.277960 0.017339 1.024055
v -0.203977 0.017339 0.906934
v -0.274072 0.017339 0.906934
v -0.213737 0.957211 1.026923
v -0.274072 0.957211 1.026923
v -0.203977 0.957211 0.906934
v -0.267868 0.957211 0.906934
v 0.296338 0.921905 1.097556
v 0.296338 0.996519 1.094240
v 0.296338 0.921905 0.958843
v 0.296338 0.992024 0.958843
v -0.000000 0.933189 1.097556
v -0.000000 0.992024 1.097556
v -0.000000 0.921905 0.958843
v -0.000000 0.984852 0.958843
v 0.203976 0.017339 1.026923
v 0.277960 0.017339 1.024055
v 0.203976 0.017339 0.906934
v 0.274072 0.017339 0.906934
v 0.213737 0.957211 1.026923
v 0.274072 0.957211 1.026923
v 0.203976 0.957211 0.906934
v 0.267868 0.957211 0.906934
v 1.027389 0.015947 -1.024176
v 1.027389 0.152373 -1.024176
v 1.027389 0.016833 -0.966601
v 1.027389 0.152373 -0.966601
v 0.788629 0.015947 -1.024176
v 0.788629 0.152373 -1.024176
v 0.788629 0.015947 -0.966602
v 0.788629 0.152373 -0.966602
v 0.909267 0.163975 -1.024176
v 0.909267 0.301055 -1.024176
v 0.909267 0.166622 -0.887751
v 0.909267 0.308171 -0.887751
v 0.670507 0.161553 -1.024176
v 0.670507 0.296533 -1.024176
v 0.670507 0.160107 -0.887751
v 0.670507 0.308607 -0.887751
v 0.777571 0.015947 -1.052577
v 0.777571 0.152373 -1.052577
v 0.777571 0.023474 -0.887751
v 0.777571 0.152889 -0.887751
v 0.538811 0.015947 -1.052577
v 0.538811 0.152373 -1.052577
v 0.538811 0.015947 -0.887751
v 0.538811 0.152373 -0.887751
v 0.659449 0.163432 -1.024176
v 0.659449 0.296533 -1.024176
v 0.659449 0.162245 -0.887751
v 0.659449 0.296533 -0.887751
v 0.420689 0.162095 -1.024176
v 0.420689 0.302098 -1.024176
v 0.420689 0.176582 -0.887751
v 0.420689 0.296533 -0.887751
v 0.527754 0.018472 -1.024176
v 0.527754 0.156695 -1.024176
v 0.527754 0.025195 -0.887751
v 0.527754 0.155084 -0.887751
v 0.288993 0.016332 -1.024176
v 0.288993 0.152373 -1.024176
v 0.288993 0.015947 -0.887751
v 0.288993 0.163765 -0.887751
v 0.409632 0.160107 -1.024176
v 0.409632 0.298821 -1.024176
v 0.409632 0.160107 -0.887751
v 0.409632 0.302423 -0.887751
v 0.170871 0.160107 -1.024176
v 0.170871 0.296533 -1.024176
v 0.170871 0.170101 -0.887751
v 0.170871 0.296533 -0.887751
v 0.277936 0.016041 -1.052577
v 0.277936 0.159189 -1.052577
v 0.277936 0.025460 -0.887751
v 0.277936 0.152373 -0.887751
v 0.039175 0.016353 -1.052577
v 0.039175 0.159086 -1.052577
v 0.039175 0.015947 -0.887751
v 0.039175 0.152373 -0.887751
v 0.159814 0.160107 -1.024176
v 0.159814 0.296533 -1.024176
v 0.159814 0.162292 -0.887751
v 0.159814 0.296533 -0.887751
v -0.078947 0.160107 -1.024176
v -0.078947 0.298343 -1.024176
v -0.078947 0.170572 -0.887751
v -0.078947 0.309618 -0.887751
v 0.028118 0.015947 -1.024176
v 0.028118 0.158217 -1.024176
v 0.028118 0.015947 -0.887751
v 0.028118 0.161907 -0.887751
v -0.210643 0.018999 -1.024176
v -0.210643 0.152373 -1.024176
v -0.210643 0.025938 -0.887751
v -0.210643 0.152373 -0.887751
v -0.090004 0.172702 -1.024176
v -0.090004 0.296533 -1.024176
v -0.090004 0.168925 -0.887751
v -0.090004 0.308199 -0.887751
v -0.328765 0.164395 -1.024176
v -0.328765 0.296533 -1.024176
v -0.328765 0.160107 -0.887751
v -0.328765 0.305902 -0.887751
v -0.221700 0.021906 -1.024176
v -0.221700 0.152554 -1.024176
v -0.221700 0.015947 -0.887751
v -0.221700 0.170537 -0.887751
v -0.460461 0.015947 -1.024177
v -0.460461 0.152373 -1.024177
v -0.460461 0.015947 -0.887751
v -0.460461 0.159988 -0.887751
v -0.339822 0.160107 -1.052577
v -0.339822 0.296533 -1.052577
v -0.339822 0.163449 -0.887751
v -0.339822 0.296533 -0.887751
v -0.578583 0.162851 -1.052577
v -0.578583 0.296533 -1.052577
v -0.578583 0.160107 -0.887751
v -0.578583 0.296533 -0.887751
v -0.471518 0.017857 -1.024177
v -0.471518 0.160996 -1.024177
v -0.471518 0.028552 -0.887751
v -0.471518 0.152373 -0.887751
v -0.710279 0.015947 -1.024177
v -0.710279 0.155448 -1.024177
v -0.710279 0.016673 -0.887751
v -0.710279 0.152373 -0.887751
v -0.589640 0.160107 -1.024177
v -0.589640 0.296533 -1.024177
v -0.589640 0.160107 -0.887751
v -0.589640 0.310541 -0.887751
v -0.828401 0.169519 -1.024177
v -0.828401 0.297081 -1.024177
v -0.828401 0.165995 -0.887751
v -0.828401 0.299638 -0.887751
v -0.721336 0.022688 -1.024177
v -0.721336 0.158003 -1.024177
v -0.721336 0.015947 -0.887751
v -0.721336 0.156516 -0.887751
v -0.960096 0.015947 -1.024177
v -0.960096 0.156779 -1.024177
v -0.960096 0.017202 -0.887751
v -0.960096 0.158572 -0.887751
v -0.839458 0.160107 -1.024177
v -0.839458 0.296533 -1.024177
v -0.839458 0.160107 -0.926153
v -0.839458 0.296533 -0.926153
v -1.024022 0.161493 -1.024177
v -1.024022 0.296533 -1.024177
v -1.024022 0.161223 -0.926153
v -1.024022 0.298466 -0.926153
v -1.024176 0.015947 -1.027389
v -1.024176 0.152373 -1.027389
v -0.968305 0.016833 -1.027389
v -0.968305 0.152373 -1.027389
v -1.024176 0.015947 -0.788628
v -1.024176 0.152373 -0.788628
v -0.968305 0.015947 -0.788628
v -0.968305 0.152373 -0.788628
v -1.024176 0.163975 -0.909267
v -1.024176 0.301055 -0.909267
v -0.887751 0.166622 -0.909267
v -0.887751 0.308171 -0.909267
v -1.024176 0.161553 -0.670506
v -1.024176 0.296533 -0.670506
v -0.887751 0.160107 -0.670506
v -0.887751 0.308607 -0.670506
v -1.024176 0.015947 -0.777571
v -1.024176 0.152373 -0.777571
v -0.887751 0.023474 -0.777571
v -0.887751 0.152889 -0.777571
v -1.024176 0.015947 -0.538811
v -1.024176 0.152373 -0.538811
v -0.887751 0.015947 -0.538811
v -0.887751 0.152373 -0.538811
v -1.024176 0.163432 -0.659449
v -1.024176 0.296533 -0.659449
v -0.887751 0.162245 -0.659449
v -0.887751 0.296533 -0.659449
v -1.024176 0.162095 -0.420689
v -1.024176 0.302098 -0.420689
v -0.887751 0.176582 -0.420689
v -0.887751 0.296533 -0.420689
v -1.051726 0.018472 -0.527753
v -1.051726 0.156695 -0.527753
v -0.887751 0.025195 -0.527753
v -0.887751 0.155084 -0.527753
v -1.051726 0.016332 -0.288993
v -1.051726 0.152373 -0.288993
v -0.887751 0.015947 -0.288993
v -0.887751 0.163765 -0.288993
v -1.024176 0.160107 -0.409631
v -1.024176 0.298821 -0.409631
v -0.887751 0.160107 -0.409631
v -0.887751 0.302423 -0.409631
v -1.024176 0.160107 -0.170871
v -1.024176 0.296533 -0.170871
v -0.887751 0.170101 -0.170871
v -0.887751 0.296533 -0.170871
v -1.024177 0.016041 -0.277936
v -1.024177 0.159189 -0.277936
v -0.887751 0.025460 -0.277935
v -0.887751 0.152373 -0.277935
v -1.024176 0.016353 -0.039175
v -1.024176 0.159086 -0.039175
v -0.887751 0.015947 -0.039175
v -0.887751 0.152373 -0.039175
v -1.024176 0.160107 -0.159813
v -1.024176 0.296533 -0.159813
v -0.887751 0.162292 -0.159813
v -0.887751 0.296533 -0.159813
v -1.024176 0.160107 0.078947
v -1.024176 0.298343 0.078947
v -0.887751 0.170572 0.078947
v -0.887751 0.309618 0.078947
v -1.024176 0.015947 -0.028118
v -1.024176 0.158217 -0.028118
v -0.887751 0.015947 -0.028118
v -0.887751 0.161907 -0.028118
v -1.024176 0.018999 0.210643
v -1.024176 0.152373 0.210643
v -0.887751 0.025938 0.210643
v -0.887751 0.152373 0.210643
v -1.024176 0.172702 0.090004
v -1.024176 0.296533 0.090004
v -0.887751 0.168925 0.090004
v -0.887751 0.308199 0.090004
v -1.024176 0.164395 0.328765
v -1.024176 0.296533 0.328765
v -0.887751 0.160107 0.328765
v -0.887751 0.305902 0.328765
v -1.024176 0.021906 0.221700
v -1.024176 0.152554 0.221700
v -0.887751 0.015947 0.221700
v -0.887751 0.170537 0.221700
v -1.024176 0.015947 0.460461
v -1.024176 0.152373 0.460461
v -0.887751 0.015947 0.460461
v -0.887751 0.159988 0.460461
v -1.051726 0.160107 0.339822
v -1.051726 0.296533 0.339822
v -0.887751 0.163449 0.339822
v -0.887751 0.296533 0.339822
v -1.051726 0.162851 0.578583
v -1.051726 0.296533 0.578583
v -0.887751 0.160107 0.578583
v -0.887751 0.296533 0.578583
v -1.024176 0.017857 0.471518
v -1.024176 0.160996 0.471518
v -0.887751 0.028552 0.471518
v -0.887751 0.152373 0.471518
v -1.024176 0.015947 0.710279
v -1.024176 0.155448 0.710279
v -0.887751 0.016673 0.710279
v -0.887751 0.152373 0.710279
v -1.024177 0.160107 0.589640
v -1.024177 0.296533 0.589640
v -0.887751 0.160107 0.589640
v -0.887751 0.310541 0.589640
v -1.024176 0.169519 0.828401
v -1.024176 0.297081 0.828401
v -0.887751 0.165995 0.828401
v -0.887751 0.299638 0.828401
v -1.024176 0.022688 0.721336
v -1.024176 0.158003 0.721336
v -0.887751 0.015947 0.721336
v -0.887751 0.156516 0.721336
v -1.024177 0.015947 0.960097
v -1.024177 0.156779 0.960097
v -0.887751 0.017202 0.960097
v -0.887751 0.158572 0.960097
v -1.024176 0.160107 0.839458
v -1.024176 0.296533 0.839458
v -0.916432 0.160107 0.839458
v -0.916432 0.296533 0.839458
v -1.024176 0.161493 1.034633
v -1.024176 0.296533 1.034633
v -0.916432 0.161223 1.034633
v -0.916432 0.298466 1.034633
v 1.024176 0.015947 1.027389
v 1.024176 0.152373 1.027389
v 0.963433 0.015947 1.027389
v 0.963433 0.152373 1.027389
v 1.024176 0.015947 0.788628
v 1.024176 0.152373 0.788628
v 0.963433 0.016135 0.788628
v 0.963433 0.152970 0.788628
v 1.024176 0.163975 0.909267
v 1.024176 0.301055 0.909267
v 0.887751 0.166622 0.909267
v 0.887751 0.308171 0.909267
v 1.024176 0.161553 0.670506
v 1.024176 0.296533 0.670506
v 0.887751 0.160107 0.670506
v 0.887751 0.308607 0.670506
v 1.024176 0.015947 0.777571
v 1.024176 0.152373 0.777571
v 0.963433 0.015947 0.777571
v 0.963433 0.152373 0.777571
v 1.024176 0.015947 0.538810
v 1.024176 0.152373 0.538810
v 0.963433 0.021989 0.538810
v 0.963433 0.156157 0.538810
v 1.024176 0.163432 0.659449
v 1.024176 0.296533 0.659449
v 0.887751 0.162245 0.659449
v 0.887751 0.296533 0.659449
v 1.024176 0.162095 0.420688
v 1.024176 0.302098 0.420688
v 0.887751 0.176582 0.420688
v 0.887751 0.296533 0.420688
v 1.024176 0.018472 0.527753
v 1.024176 0.156695 0.527753
v 0.963433 0.015947 0.527753
v 0.963433 0.152373 0.527753
v 1.024176 0.016332 0.288993
v 1.024176 0.152373 0.288993
v 0.963433 0.015947 0.288993
v 0.963433 0.155455 0.288993
v 1.045250 0.160107 0.409631
v 1.045250 0.298821 0.409631
v 0.887751 0.160107 0.409631
v 0.887751 0.302423 0.409631
v 1.045250 0.160107 0.170871
v 1.045250 0.296533 0.170871
v 0.887751 0.170101 0.170871
v 0.887751 0.296533 0.170871
v 1.024176 0.016041 0.277935
v 1.024176 0.159189 0.277935
v 0.963433 0.030187 0.277935
v 0.963433 0.152373 0.277935
v 1.024176 0.016353 0.039175
v 1.024176 0.159086 0.039175
v 0.963433 0.032421 0.039175
v 0.963433 0.159547 0.039175
v 1.024176 0.160107 0.159813
v 1.024176 0.296533 0.159813
v 0.887751 0.162292 0.159813
v 0.887751 0.296533 0.159813
v 1.024176 0.160107 -0.078947
v 1.024176 0.298343 -0.078947
v 0.887751 0.170572 -0.078947
v 0.887751 0.309618 -0.078947
v 1.024176 0.015947 0.028118
v 1.024176 0.158217 0.028118
v 0.963433 0.018641 0.028118
v 0.963433 0.157814 0.028118
v 1.024176 0.018999 -0.210643
v 1.024176 0.152373 -0.210643
v 0.963433 0.015947 -0.210643
v 0.963433 0.152373 -0.210643
v 1.024176 0.172702 -0.090004
v 1.024176 0.296533 -0.090004
v 0.887751 0.168925 -0.090004
v 0.887751 0.308199 -0.090004
v 1.024176 0.164395 -0.328765
v 1.024176 0.296533 -0.328765
v 0.887751 0.160107 -0.328765
v 0.887751 0.305902 -0.328765
v 1.024176 0.021906 -0.221700
v 1.024176 0.152554 -0.221700
v 0.963433 0.016800 -0.221700
v 0.963433 0.171056 -0.221700
v 1.024176 0.015947 -0.460461
v 1.024176 0.152373 -0.460461
v 0.963433 0.015947 -0.460461
v 0.963433 0.154827 -0.460461
v 1.024176 0.160107 -0.339822
v 1.024176 0.296533 -0.339822
v 0.887751 0.163449 -0.339822
v 0.887751 0.296533 -0.339822
v 1.024176 0.162851 -0.578583
v 1.024176 0.296533 -0.578583
v 0.887751 0.160107 -0.578583
v 0.887751 0.296533 -0.578583
v 1.024176 0.017857 -0.471518
v 1.024176 0.160996 -0.471518
v 0.963433 0.015947 -0.471518
v 0.963433 0.157388 -0.471518
v 1.024176 0.015947 -0.710279
v 1.024176 0.155448 -0.710279
v 0.963433 0.015947 -0.710279
v 0.963433 0.152373 -0.710279
v 1.024176 0.160107 -0.589640
v 1.024176 0.296533 -0.589640
v 0.887751 0.160107 -0.589640
v 0.887751 0.310541 -0.589640
v 1.024176 0.169519 -0.828401
v 1.024176 0.297081 -0.828401
v 0.887751 0.165995 -0.828401
v 0.887751 0.299638 -0.828401
v 1.024176 0.022688 -0.721336
v 1.024176 0.158003 -0.721336
v 0.963433 0.015947 -0.721336
v 0.963433 0.152373 -0.721336
v 1.024176 0.015947 -0.960097
v 1.024176 0.156779 -0.960097
v 0.963433 0.028108 -0.960097
v 0.963433 0.152687 -0.960097
v 1.024176 0.160107 -0.839458
v 1.024176 0.296533 -0.839458
v 0.916927 0.160107 -0.839458
v 0.916927 0.296533 -0.839458
v 1.024176 0.161493 -1.032251
v 1.024176 0.296533 -1.032251
v 0.916927 0.161223 -1.032251
v 0.916927 0.298466 -1.032251
v -1.027389 0.015947 1.024176
v -1.027389 0.152373 1.024176
v -1.027389 0.016833 0.963222
v -1.027389 0.152373 0.963222
v -0.788628 0.015947 1.024176
v -0.788628 0.152373 1.024176
v -0.788628 0.015947 0.963222
v -0.788628 0.152373 0.963222
v -0.909267 0.163975 1.024176
v -0.909267 0.301055 1.024176
v -0.909267 0.166622 0.887751
v -0.909267 0.308171 0.887751
v -0.670506 0.161553 1.024176
v -0.670506 0.296533 1.024176
v -0.670506 0.160107 0.887751
v -0.670506 0.308607 0.887751
v -0.777571 0.015947 1.056441
v -0.777571 0.152373 1.056441
v -0.777571 0.023474 0.887751
v -0.777571 0.152889 0.887751
v -0.538810 0.015947 1.056441
v -0.538810 0.152373 1.056441
v -0.538811 0.015947 0.887751
v -0.538811 0.152373 0.887751
v -0.659449 0.163432 1.024176
v -0.659449 0.296533 1.024176
v -0.659449 0.162245 0.887751
v -0.659449 0.296533 0.887751
v -0.420689 0.162095 1.024176
v -0.420689 0.302098 1.024176
v -0.420689 0.176582 0.887751
v -0.420689 0.296533 0.887751
v -0.527753 0.018472 1.024176
v -0.527753 0.156695 1.024176
v -0.527753 0.025195 0.887751
v -0.527753 0.155084 0.887751
v -0.240228 0.016332 1.024176
v -0.240228 0.152373 1.024176
v -0.240228 0.015947 0.887751
v -0.240228 0.163765 0.887751
v -0.409631 0.160107 1.024176
v -0.409631 0.298821 1.024176
v -0.409631 0.160107 0.887751
v -0.409631 0.302423 0.887751
v -0.235866 0.160107 1.024176
v -0.235866 0.296533 1.024176
v -0.235866 0.170101 0.887751
v -0.235866 0.296533 0.887751
v 0.221067 0.172702 1.024176
v 0.221067 0.296533 1.024176
v 0.221067 0.168925 0.887751
v 0.221067 0.308199 0.887751
v 0.328765 0.164395 1.024176
v 0.328765 0.296533 1.024176
v 0.328765 0.160107 0.887751
v 0.328765 0.305902 0.887751
v 0.239003 0.021906 1.024176
v 0.239003 0.152554 1.024176
v 0.239003 0.015947 0.887751
v 0.239003 0.170537 0.887751
v 0.460461 0.015947 1.024176
v 0.460461 0.152373 1.024176
v 0.460461 0.015947 0.887751
v 0.460461 0.159988 0.887751
v 0.339822 0.160107 1.024176
v 0.339822 0.296533 1.024176
v 0.339822 0.163449 0.887751
v 0.339822 0.296533 0.887751
v 0.578583 0.162851 1.024176
v 0.578583 0.296533 1.024176
v 0.578583 0.160107 0.887751
v 0.578583 0.296533 0.887751
v 0.471518 0.017857 1.024176
v 0.471518 0.160996 1.024176
v 0.471518 0.028552 0.887751
v 0.471518 0.152373 0.887751
v 0.710279 0.015947 1.024176
v 0.710279 0.155448 1.024176
v 0.710279 0.016673 0.887751
v 0.710279 0.152373 0.887751
v 0.589640 0.160107 1.024176
v 0.589640 0.296533 1.024176
v 0.589640 0.160107 0.887751
v 0.589640 0.310541 0.887751
v 0.828401 0.169519 1.024176
v 0.828401 0.297081 1.024176
v 0.828401 0.165995 0.887751
v 0.828401 0.299638 0.887751
v 0.721336 0.022688 1.046848
v 0.721336 0.158003 1.046848
v 0.721336 0.015947 0.887751
v 0.721336 0.156516 0.887751
v 0.960097 0.015947 1.046848
v 0.960097 0.156779 1.046848
v 0.960097 0.017202 0.887751
v 0.960097 0.158572 0.887751
v 0.839458 0.160107 1.024176
v 0.839458 0.296533 1.024176
v 0.839458 0.160107 0.927237
v 0.839458 0.296533 0.927237
v 1.033548 0.161493 1.024176
v 1.033548 0.296533 1.024176
v 1.033548 0.161223 0.927237
v 1.033548 0.298466 0.927237
v -0.975641 0.306114 1.019449
v -1.019449 0.306114 0.975641
v -1.019449 0.306114 -0.975641
v -0.975641 0.306114 -1.019449
v 1.019449 0.306114 0.975641
v 0.975641 0.306114 1.019449
v 0.975641 0.306114 -1.019449
v 1.019449 0.306114 -0.975641
v -0.975641 0.032735 1.019449
v -1.019449 0.032735 0.975641
v -1.019449 0.032735 -0.975641
v -0.975641 0.032735 -1.019449
v 1.019449 0.032735 0.975641
v 0.975641 0.032735 1.019449
v 0.975641 0.032735 -1.019449
v 1.019449 0.032735 -0.975641
v -0.922901 0.306114 0.964341
v -0.964341 0.306114 0.922901
v -0.964341 0.306114 -0.922901
v -0.922901 0.306114 -0.964341
v 0.964341 0.306114 0.922901
v 0.922901 0.306114 0.964341
v 0.922901 0.306114 -0.964341
v 0.964341 0.306114 -0.922901
v -0.264139 0.306114 1.019449
v -0.264139 0.032735 1.019449
v -0.264139 0.306114 0.964341
v 0.254261 0.306114 1.019449
v 0.254261 0.032735 1.019449
v 0.254261 0.306114 0.964341
v -0.264139 0.032713 0.964341
v 0.254261 0.032713 0.964341
vn -0.0000 -0.0000 1.0000
vn -0.0000 1.0000 -0.0000
vn -0.0000 -1.0000 -0.0000
vn 1.0000 -0.0000 -0.0000
vn -1.0000 -0.0000 -0.0000
vn -0.1065 0.9943 -0.0000
vn -0.0504 -0.9987 -0.0000
vn -0.0504 0.9987 -0.0000
vn -0.1065 -0.9943 -0.0000
vn 0.1065 0.9943 -0.0000
vn 0.1065 -0.9943 -0.0000
vn 0.0504 -0.9987 -0.0000
vn 0.0504 0.9987 -0.0000
vn -0.0326 -0.0001 0.9995
vn 1.0000 0.0028 -0.0000
vn -1.0000 0.0042 -0.0000
vn -1.0000 0.0006 -0.0000
vn -0.0326 -0.0024 0.9995
vn 1.0000 0.0039 -0.0000
vn -0.0174 -0.0001 0.9998
vn 0.8521 -0.5234 -0.0000
vn 0.9974 0.0723 -0.0000
vn -0.0317 0.0194 0.9993
vn -0.9735 0.2287 -0.0000
vn -0.9997 -0.0228 -0.0000
vn -0.0197 -0.0001 0.9998
vn 1.0000 -0.0055 -0.0000
vn -0.0387 -0.0001 0.9992
vn -0.0339 -0.0001 0.9994
vn -0.7819 0.6234 -0.0000
vn -0.0170 -0.0008 0.9999
vn -0.9613 -0.2757 -0.0000
vn 0.9990 0.0453 -0.0000
vn -0.0592 -0.0000 0.9982
vn -0.9504 0.3111 -0.0000
vn -0.0657 -0.0000 0.9978
vn -0.0332 -0.0000 0.9994
vn -0.8821 -0.4711 -0.0000
vn -0.0317 -0.0000 0.9995
vn -0.9736 0.2284 -0.0000
vn -0.9999 -0.0113 -0.0000
vn -0.0364 -0.0000 0.9993
vn -1.0000 0.0037 -0.0000
vn -1.0000 0.0058 -0.0000
vn -1.0000 0.0081 -0.0000
vn 0.0326 -0.0001 0.9995
vn -1.0000 0.0028 -0.0000
vn 1.0000 0.0042 -0.0000
vn 1.0000 0.0006 -0.0000
vn 0.0359 -0.0004 0.9994
vn -1.0000 0.0039 -0.0000
vn 0.0174 -0.0001 0.9998
vn -0.8521 -0.5234 -0.0000
vn -0.9974 0.0723 -0.0000
vn 0.0317 0.0194 0.9993
vn 0.0179 0.0034 0.9998
vn 0.9735 0.2287 -0.0000
vn 0.9997 -0.0228 -0.0000
vn -0.0000 -0.0033 1.0000
vn -1.0000 -0.0055 -0.0000
vn 0.0327 -0.0026 0.9995
vn 0.0184 -0.0032 0.9998
vn 0.0339 -0.0001 0.9994
vn 0.7819 0.6234 -0.0000
vn 0.0170 -0.0008 0.9999
vn 0.9613 -0.2757 -0.0000
vn -0.9990 0.0453 -0.0000
vn 0.0592 -0.0000 0.9982
vn 0.9504 0.3111 -0.0000
vn 0.0657 -0.0000 0.9978
vn 0.0332 -0.0000 0.9994
vn 0.0575 -0.0330 0.9978
vn 0.8821 -0.4711 -0.0000
vn 0.0317 -0.0000 0.9995
vn 0.0335 0.0066 0.9994
vn 0.9736 0.2284 -0.0000
vn 0.9999 -0.0113 -0.0000
vn -0.0000 -0.0032 1.0000
vn 1.0000 0.0037 -0.0000
vn 1.0000 0.0058 -0.0000
vn 1.0000 0.0081 -0.0000
vn -0.0000 -0.0000 -1.0000
vn -0.7656 -0.0000 0.6433
vn -0.7656 -0.0000 -0.6433
vn -0.5386 0.8426 -0.0000
vn 0.5360 -0.8442 -0.0000
vn -0.1314 -0.9913 -0.0000
vn -0.0605 -0.9969 -0.0509
vn 0.4727 -0.7453 0.4702
vn -0.0605 -0.9969 0.0509
vn 0.4727 -0.7453 -0.4702
vn 0.7656 -0.0000 0.6433
vn 0.7656 -0.0000 -0.6433
vn 0.5386 0.8426 -0.0000
vn -0.5360 -0.8442 -0.0000
vn 0.1314 -0.9913 -0.0000
vn 0.0605 -0.9969 -0.0509
vn -0.4727 -0.7453 0.4702
vn 0.0605 -0.9969 0.0509
vn -0.4727 -0.7453 -0.4702
vn 0.8522 0.5232 -0.0000
vn -0.8522 -0.5232 -0.0000
vn -0.5354 0.8446 -0.0000
vn -0.8522 0.5232 -0.0000
vn 0.8522 -0.5232 -0.0000
vn 0.5354 0.8446 -0.0000
vn -0.5427 0.8399 -0.0029
vn -0.7071 -0.0000 -0.7071
vn -0.7071 -0.0000 0.7071
vn 0.5427 0.8399 -0.0029
vn 0.7071 -0.0000 -0.7071
vn 0.7071 -0.0000 0.7071
vn -0.0017 0.0444 0.9990
vn 0.0157 0.9985 -0.0516
vn -0.0387 -0.0004 0.9992
vn -0.9987 0.0043 -0.0516
vn 0.0112 -0.0000 0.9999
vn -0.0242 0.9992 -0.0332
vn -0.0000 -0.0031 1.0000
vn 0.9994 0.0066 -0.0332
vn 0.0037 -0.9999 0.0154
vn 0.0273 -0.9994 0.0194
vn -0.0189 0.9959 -0.0881
vn 0.0315 -0.9985 0.0456
vn 0.0056 -0.9999 -0.0087
vn 0.0233 0.9989 0.0408
vn 0.0387 -0.9980 0.0492
vn 0.0362 0.9959 -0.0832
vn -0.0096 1.0000 -0.0000
vn 0.0397 -0.9976 0.0570
vn -0.0000 0.9992 0.0407
vn -0.0000 -0.9999 0.0160
vn 0.0545 0.9951 -0.0822
vn -0.0128 -0.9999 -0.0000
vn -0.0245 0.9997 -0.0000
vn 0.0348 -0.9990 -0.0277
vn -0.0000 0.9977 -0.0685
vn 0.0249 -0.9987 -0.0436
vn -0.0008 0.9984 -0.0557
vn 0.0140 -0.9997 0.0203
vn 0.0495 -0.9957 0.0781
vn -0.0000 0.9997 0.0225
vn -0.0247 -0.9997 -0.0000
vn 0.0023 0.9998 -0.0187
vn 0.0282 -0.9984 -0.0493
vn 0.0086 0.9999 -0.0131
vn -0.0060 -1.0000 -0.0000
vn 0.0105 0.9998 -0.0197
vn 0.0158 -0.9999 -0.0037
vn 0.0194 -0.9994 -0.0273
vn -0.0881 0.9959 0.0189
vn 0.0551 -0.9980 -0.0315
vn -0.0087 -0.9999 -0.0056
vn 0.0408 0.9989 -0.0233
vn 0.0409 -0.9984 -0.0387
vn -0.0693 0.9969 -0.0362
vn -0.0000 1.0000 0.0096
vn 0.0688 -0.9968 -0.0397
vn 0.0491 0.9988 -0.0000
vn 0.0160 -0.9999 -0.0000
vn -0.0822 0.9951 -0.0545
vn -0.0000 -0.9999 0.0128
vn -0.0000 0.9997 0.0245
vn -0.0277 -0.9990 -0.0348
vn -0.0685 0.9977 -0.0000
vn -0.0436 -0.9987 -0.0249
vn -0.0557 0.9984 0.0008
vn 0.0204 -0.9997 -0.0140
vn 0.0781 -0.9957 -0.0495
vn 0.0225 0.9997 -0.0000
vn -0.0000 -0.9997 0.0247
vn -0.0187 0.9998 -0.0023
vn -0.0493 -0.9984 -0.0282
vn -0.0131 0.9999 -0.0086
vn -0.0000 -1.0000 0.0057
vn -0.0179 0.9998 -0.0099
vn -0.0000 -1.0000 -0.0008
vn 0.0098 0.9999 0.0025
vn -0.0194 -0.9994 0.0273
vn 0.0881 0.9959 -0.0189
vn 0.0622 0.9979 0.0158
vn 0.0087 -0.9999 0.0056
vn -0.0408 0.9989 0.0233
vn 0.0415 -0.9991 0.0090
vn 0.0507 0.9986 0.0129
vn -0.0000 1.0000 -0.0096
vn -0.2268 -0.9739 -0.0013
vn 0.0076 1.0000 -0.0004
vn -0.0160 -0.9999 -0.0000
vn 0.0822 0.9951 0.0545
vn -0.0443 -0.9990 0.0113
vn -0.0000 0.9997 -0.0228
vn 0.0277 -0.9990 0.0348
vn 0.0685 0.9977 -0.0000
vn 0.0837 -0.9962 0.0249
vn 0.0404 0.9992 -0.0008
vn -0.0245 -0.9996 0.0140
vn 0.0314 -0.9995 0.0080
vn -0.0505 0.9985 -0.0210
vn -0.0000 -0.9997 -0.0247
vn 0.0187 0.9998 0.0023
vn 0.1102 -0.9935 0.0280
vn -0.0672 0.9977 0.0013
vn -0.0000 -1.0000 -0.0058
vn 0.0180 0.9998 0.0100
vn -0.0037 -0.9999 -0.0145
vn -0.0273 -0.9994 -0.0194
vn 0.0189 0.9959 0.0881
vn -0.0315 -0.9985 -0.0446
vn -0.0056 -0.9999 0.0087
vn -0.0233 0.9989 -0.0408
vn -0.0321 -0.9983 -0.0492
vn -0.0301 0.9961 0.0832
vn 0.0132 0.9999 -0.0000
vn -0.0769 -0.9967 0.0276
vn -0.0000 0.9977 0.0685
vn -0.0269 -0.9987 0.0436
vn 0.0008 0.9984 0.0557
vn -0.0140 -0.9996 -0.0245
vn -0.0495 -0.9957 -0.0781
vn -0.0000 0.9997 -0.0225
vn 0.0247 -0.9997 -0.0000
vn -0.0023 0.9998 0.0187
vn -0.0282 -0.9987 0.0423
vn -0.0086 0.9999 0.0113
vn 0.0058 -1.0000 -0.0000
vn -0.0100 0.9998 0.0199
vn -0.0387 -0.0029 0.9992
vn -0.0359 -0.0004 0.9994
vn -0.0317 -0.0041 0.9995
vn -0.0361 -0.0029 0.9993
vn -0.0179 0.0034 0.9998
vn -0.0327 -0.0026 0.9995
vn -0.0184 -0.0032 0.9998
vn -0.0268 0.0181 0.9995
vn -0.0179 -0.0067 0.9998
vn -0.0152 -0.0030 0.9999
vn -0.0703 -0.0028 0.9975
vn -0.0592 0.0158 0.9981
vn -0.0576 -0.0028 0.9983
vn -0.0575 -0.0330 0.9978
vn -0.0332 -0.0029 0.9994
vn -0.0335 0.0066 0.9994
vn 0.0387 -0.0029 0.9992
vn 0.0326 -0.0024 0.9995
vn 0.0317 -0.0041 0.9995
vn 0.0361 -0.0029 0.9993
vn 0.0197 -0.0001 0.9998
vn 0.0387 -0.0001 0.9992
vn 0.0268 0.0180 0.9995
vn 0.0179 -0.0067 0.9998
vn 0.0152 -0.0030 0.9999
vn 0.0703 -0.0028 0.9975
vn 0.0592 0.0158 0.9981
vn 0.0576 -0.0028 0.9983
vn 0.0332 -0.0029 0.9994
vn 0.0364 -0.0000 0.9993
vn 0.4962 -0.7759 0.3895
vn 0.4962 -0.7759 -0.3895
vn -0.4962 -0.7759 0.3895
vn -0.4962 -0.7759 -0.3895
vn -0.5429 0.8397 -0.0113
vn -0.5670 0.8237 -0.0000
vn -0.5718 0.8186 0.0535
vn -0.5471 0.8371 -0.0044
vn -0.5218 0.8531 -0.0000
vn -0.5297 0.8482 -0.0077
vn 0.5670 0.8237 -0.0000
vn 0.5429 0.8397 -0.0113
vn 0.5297 0.8482 -0.0077
vn 0.5218 0.8531 -0.0000
vn 0.5471 0.8371 -0.0044
vn 0.5718 0.8187 0.0535
vn -0.0112 -0.0000 0.9999
vn 0.0379 -0.9960 0.0810
vn 0.0242 0.9992 -0.0332
vn 0.9967 0.0104 0.0811
vn -0.9994 0.0066 -0.0332
vn 0.0017 0.0444 0.9990
vn -0.0379 -0.9960 0.0810
vn -0.0157 0.9985 -0.0516
vn 0.0387 -0.0004 0.9992
vn -0.9967 0.0104 0.0811
vn 0.9987 0.0043 -0.0516
vn 0.0101 -0.9999 -0.0106
vn 0.0018 0.9986 -0.0521
vn -0.0022 1.0000 -0.0031
vn -0.0596 -0.9926 0.1054
vn 0.0090 -1.0000 -0.0028
vn -0.0181 0.9998 0.0118
vn -0.0417 -0.9965 0.0730
vn -0.0247 0.9993 -0.0264
vn -0.0013 -1.0000 -0.0025
vn -0.0004 0.9991 0.0413
vn -0.0346 -0.9965 0.0764
vn 0.0076 1.0000 -0.0000
vn -0.0418 -0.9978 0.0508
vn -0.0399 0.9988 -0.0270
vn 0.0369 -0.9988 -0.0314
vn -0.0096 0.9963 -0.0852
vn -0.0438 0.9905 -0.1306
vn -0.0115 -0.9998 -0.0166
vn 0.0080 -1.0000 0.0053
vn -0.0232 0.9977 0.0631
vn -0.0394 -0.9989 -0.0258
vn -0.0454 0.9937 -0.1020
vn -0.0053 -0.9999 0.0092
vn -0.0051 0.9999 0.0109
vn -0.0075 -1.0000 -0.0027
vn -0.0106 -0.9999 -0.0101
vn -0.0521 0.9986 -0.0018
vn -0.0038 1.0000 0.0022
vn 0.1054 -0.9926 0.0596
vn -0.0023 -1.0000 -0.0090
vn 0.0098 0.9998 0.0181
vn 0.0730 -0.9965 0.0417
vn -0.0264 0.9993 0.0247
vn -0.0030 -1.0000 0.0013
vn 0.0499 0.9988 0.0004
vn 0.0764 -0.9965 0.0346
vn -0.0000 1.0000 -0.0076
vn 0.0508 -0.9978 0.0418
vn -0.0270 0.9988 0.0399
vn -0.0314 -0.9988 -0.0369
vn -0.0852 0.9963 0.0096
vn -0.1306 0.9905 0.0438
vn -0.0167 -0.9998 0.0115
vn 0.0053 -1.0000 -0.0080
vn 0.0631 0.9977 0.0232
vn -0.0258 -0.9989 0.0394
vn -0.1020 0.9937 0.0454
vn 0.0092 -0.9999 0.0053
vn 0.0109 0.9999 0.0051
vn -0.0025 -1.0000 0.0071
vn -0.0031 -1.0000 -0.0000
vn 0.0106 -0.9999 0.0101
vn 0.0521 0.9986 0.0018
vn -0.0989 -0.9948 -0.0252
vn -0.1054 -0.9926 -0.0596
vn 0.0063 -1.0000 -0.0000
vn -0.0710 0.9973 -0.0181
vn -0.0633 -0.9971 -0.0417
vn 0.0229 0.9994 -0.0247
vn -0.2557 -0.9667 -0.0090
vn -0.1115 0.9933 0.0298
vn -0.0764 -0.9965 -0.0346
vn -0.0000 1.0000 0.0076
vn 0.0502 -0.9987 -0.0128
vn -0.0066 0.9997 -0.0245
vn 0.0314 -0.9988 0.0369
vn 0.0852 0.9963 -0.0096
vn -0.0000 -1.0000 0.0036
vn 0.2908 0.9546 -0.0649
vn 0.0201 -0.9997 -0.0115
vn -0.0593 0.9980 -0.0232
vn 0.0258 -0.9989 -0.0394
vn 0.1020 0.9937 -0.0454
vn -0.1960 -0.9793 -0.0499
vn -0.0923 0.9957 -0.0051
vn 0.0025 -1.0000 -0.0072
vn -0.0101 -0.9999 0.0106
vn -0.0018 0.9986 0.0521
vn 0.0022 1.0000 0.0031
vn 0.0596 -0.9926 -0.1054
vn -0.0074 -1.0000 0.0028
vn 0.0150 0.9998 -0.0118
vn 0.0573 -0.9957 -0.0729
vn 0.0339 0.9991 0.0264
vn -0.0816 -0.9962 0.0313
vn 0.0212 0.9961 0.0852
vn 0.0472 0.9903 0.1305
vn 0.0115 -0.9997 0.0201
vn -0.0080 -1.0000 -0.0053
vn 0.0232 0.9977 -0.0631
vn 0.0394 -0.9989 0.0258
vn 0.0454 0.9937 0.1020
vn 0.0053 -1.0000 -0.0079
vn 0.0051 0.9999 -0.0093
vn 0.0071 -1.0000 0.0028
vt 0.866121 0.570910
vt 0.864055 0.572335
vt 0.865898 0.570664
vt 0.799943 0.601550
vt 0.800258 0.604010
vt 0.799943 0.604010
vt 0.866325 0.570725
vt 0.867637 0.572581
vt 0.799943 0.596575
vt 0.800258 0.599063
vt 0.799943 0.599063
vt 0.799943 0.579515
vt 0.800258 0.583543
vt 0.799943 0.583543
vt 0.866102 0.570478
vt 0.800258 0.591600
vt 0.799943 0.587572
vt 0.800258 0.587572
vt 0.863190 0.567678
vt 0.863374 0.567471
vt 0.432042 0.193400
vt 0.422951 0.207183
vt 0.422951 0.192449
vt 0.401014 0.047380
vt 0.408309 0.056473
vt 0.401014 0.056473
vt 0.799943 0.618155
vt 0.800258 0.620410
vt 0.799943 0.620410
vt 0.868148 0.568622
vt 0.866529 0.570540
vt 0.866306 0.570293
vt 0.863598 0.567307
vt 0.800258 0.604010
vt 0.799943 0.606470
vt 0.799943 0.604010
vt 0.868045 0.572211
vt 0.867860 0.572417
vt 0.800258 0.594088
vt 0.799943 0.596575
vt 0.799943 0.594088
vt 0.476749 0.127769
vt 0.467658 0.113986
vt 0.476749 0.113034
vt 0.421110 0.048472
vt 0.413815 0.057564
vt 0.412864 0.048472
vt 0.800258 0.611391
vt 0.799943 0.613646
vt 0.799943 0.611391
vt 0.852095 0.574025
vt 0.851503 0.572290
vt 0.852095 0.572057
vt 0.852095 0.568049
vt 0.854136 0.567339
vt 0.854490 0.567793
vt 0.854136 0.574736
vt 0.851503 0.574454
vt 0.851503 0.571930
vt 0.852095 0.571729
vt 0.854755 0.567307
vt 0.854755 0.567765
vt 0.854490 0.574281
vt 0.854755 0.574767
vt 0.922829 0.534380
vt 0.924043 0.537025
vt 0.922830 0.537026
vt 0.798847 0.690668
vt 0.800060 0.686363
vt 0.800060 0.690668
vt 0.798847 0.691029
vt 0.800060 0.691029
vt 0.783654 0.690722
vt 0.782442 0.690103
vt 0.783654 0.690103
vt 0.922829 0.533762
vt 0.924042 0.534379
vt 0.798847 0.693191
vt 0.800060 0.693191
vt 0.783655 0.693355
vt 0.782442 0.690722
vt 0.813346 0.671500
vt 0.813757 0.673466
vt 0.813346 0.673466
vt 0.820569 0.681022
vt 0.820158 0.678692
vt 0.820570 0.678691
vt 0.816764 0.677997
vt 0.817176 0.680393
vt 0.816764 0.680393
vt 0.813346 0.667495
vt 0.813757 0.671172
vt 0.813346 0.671172
vt 0.813757 0.671500
vt 0.820569 0.681280
vt 0.820157 0.681022
vt 0.817176 0.680658
vt 0.816764 0.680658
vt 0.857415 0.574025
vt 0.858008 0.572290
vt 0.858008 0.574454
vt 0.855375 0.567339
vt 0.857415 0.568049
vt 0.855021 0.567793
vt 0.855375 0.574736
vt 0.855021 0.574281
vt 0.858008 0.571930
vt 0.857415 0.571729
vt 0.857415 0.572057
vt 0.854755 0.574310
vt 0.924043 0.530591
vt 0.922829 0.533154
vt 0.922830 0.530591
vt 0.894973 0.679486
vt 0.896186 0.683792
vt 0.894973 0.683792
vt 0.896186 0.684153
vt 0.894973 0.684153
vt 0.783654 0.689483
vt 0.924042 0.533154
vt 0.896186 0.686315
vt 0.894973 0.686315
vt 0.782442 0.689483
vt 0.783655 0.686849
vt 0.823527 0.683872
vt 0.823939 0.681906
vt 0.823939 0.683872
vt 0.820158 0.683954
vt 0.820569 0.681547
vt 0.820570 0.683954
vt 0.817176 0.680923
vt 0.816764 0.683317
vt 0.816764 0.680923
vt 0.823527 0.681578
vt 0.823939 0.677901
vt 0.823939 0.681578
vt 0.823527 0.681906
vt 0.820157 0.681547
vt 0.862324 0.572335
vt 0.860258 0.570910
vt 0.860482 0.570664
vt 0.799943 0.608931
vt 0.800258 0.606470
vt 0.800258 0.608931
vt 0.860054 0.570725
vt 0.858742 0.572581
vt 0.858519 0.572417
vt 0.799943 0.587572
vt 0.860278 0.570478
vt 0.800258 0.575486
vt 0.799943 0.579515
vt 0.799943 0.575486
vt 0.863005 0.567471
vt 0.348685 0.158735
vt 0.357775 0.172518
vt 0.348685 0.172518
vt 0.313926 0.062451
vt 0.321220 0.053359
vt 0.322171 0.062451
vt 0.799943 0.615901
vt 0.800258 0.613646
vt 0.800258 0.615901
vt 0.859850 0.570540
vt 0.858231 0.568622
vt 0.860074 0.570293
vt 0.862782 0.567307
vt 0.799943 0.608931
vt 0.800258 0.611391
vt 0.858334 0.572211
vt 0.800258 0.601550
vt 0.396392 0.170131
vt 0.387301 0.183915
vt 0.387301 0.170131
vt 0.335381 0.114105
vt 0.328086 0.105013
vt 0.335381 0.105013
vt 0.800258 0.618155
vt 0.850910 0.574025
vt 0.848870 0.567339
vt 0.850910 0.568049
vt 0.848516 0.567793
vt 0.848870 0.574736
vt 0.848516 0.574281
vt 0.850910 0.571729
vt 0.850910 0.572057
vt 0.848250 0.567307
vt 0.848250 0.567765
vt 0.848250 0.574767
vt 0.848250 0.574310
vt 0.924043 0.537026
vt 0.922829 0.539589
vt 0.922830 0.537026
vt 0.900787 0.574612
vt 0.899574 0.570306
vt 0.900787 0.570306
vt 0.899574 0.569946
vt 0.900787 0.569946
vt 0.842326 0.684430
vt 0.843539 0.683810
vt 0.843539 0.684430
vt 0.924042 0.539589
vt 0.922829 0.540197
vt 0.899574 0.567784
vt 0.900787 0.567784
vt 0.842326 0.683810
vt 0.843539 0.681176
vt 0.813346 0.679438
vt 0.813757 0.677471
vt 0.813757 0.679438
vt 0.813346 0.684700
vt 0.813757 0.682293
vt 0.813757 0.684700
vt 0.827323 0.680846
vt 0.826911 0.683241
vt 0.826911 0.680846
vt 0.813346 0.677144
vt 0.813757 0.677144
vt 0.813346 0.677471
vt 0.813345 0.682293
vt 0.813757 0.682027
vt 0.827323 0.680581
vt 0.826911 0.680581
vt 0.845591 0.574025
vt 0.844998 0.572290
vt 0.845591 0.572057
vt 0.845591 0.568049
vt 0.847631 0.567339
vt 0.847985 0.567793
vt 0.847631 0.574736
vt 0.844998 0.574454
vt 0.844998 0.571930
vt 0.845591 0.571729
vt 0.847985 0.574281
vt 0.922829 0.540815
vt 0.924043 0.543460
vt 0.922830 0.543461
vt 0.895645 0.690668
vt 0.896858 0.686362
vt 0.896858 0.690668
vt 0.895645 0.691028
vt 0.896858 0.691028
vt 0.843539 0.685049
vt 0.924042 0.540814
vt 0.895645 0.693190
vt 0.896858 0.693190
vt 0.843539 0.687682
vt 0.842326 0.685049
vt 0.820569 0.674686
vt 0.820157 0.672720
vt 0.820569 0.672720
vt 0.813757 0.681768
vt 0.813346 0.679438
vt 0.826911 0.677920
vt 0.827323 0.680316
vt 0.826911 0.680316
vt 0.820569 0.678691
vt 0.820157 0.675014
vt 0.820569 0.675014
vt 0.820157 0.674686
vt 0.813345 0.681769
vt 0.372040 0.676908
vt 0.370435 0.680427
vt 0.370445 0.676908
vt 0.316302 0.674524
vt 0.316795 0.666079
vt 0.316795 0.674524
vt 0.380162 0.572018
vt 0.379670 0.570417
vt 0.380162 0.570398
vt 0.288746 0.668192
vt 0.289239 0.664678
vt 0.289239 0.668194
vt 0.382625 0.570444
vt 0.382132 0.571904
vt 0.382132 0.570444
vt 0.288739 0.670748
vt 0.289232 0.670749
vt 0.316302 0.686489
vt 0.316795 0.682972
vt 0.316795 0.686489
vt 0.370620 0.674494
vt 0.316302 0.680277
vt 0.316795 0.674753
vt 0.316795 0.680277
vt 0.372006 0.668684
vt 0.370446 0.674212
vt 0.370468 0.668684
vt 0.316302 0.680553
vt 0.316795 0.680553
vt 0.316302 0.682972
vt 0.372038 0.674212
vt 0.288739 0.670887
vt 0.289232 0.670888
vt 0.370469 0.668456
vt 0.288744 0.677308
vt 0.289239 0.676411
vt 0.289237 0.677310
vt 0.288746 0.685081
vt 0.289239 0.685082
vt 0.370493 0.660005
vt 0.371792 0.667777
vt 0.316302 0.674753
vt 0.388189 0.672489
vt 0.388682 0.665232
vt 0.388682 0.672489
vt 0.380654 0.572018
vt 0.380162 0.570417
vt 0.380654 0.570398
vt 0.388189 0.685643
vt 0.388682 0.681758
vt 0.388682 0.685643
vt 0.394096 0.567002
vt 0.393603 0.568463
vt 0.393603 0.567002
vt 0.368827 0.676540
vt 0.368816 0.680427
vt 0.388189 0.681619
vt 0.388682 0.673906
vt 0.388682 0.681619
vt 0.368849 0.668684
vt 0.370316 0.675961
vt 0.368827 0.676401
vt 0.388189 0.681758
vt 0.305404 0.669402
vt 0.305896 0.669278
vt 0.305896 0.669403
vt 0.370385 0.668456
vt 0.368913 0.667268
vt 0.305405 0.676904
vt 0.305898 0.676461
vt 0.305897 0.676906
vt 0.305404 0.685347
vt 0.305897 0.685349
vt 0.370350 0.660005
vt 0.368873 0.660005
vt 0.388189 0.673906
vt 0.365429 0.663524
vt 0.366306 0.660005
vt 0.366306 0.663524
vt 0.379111 0.569307
vt 0.379541 0.570198
vt 0.379048 0.570198
vt 0.384626 0.668748
vt 0.385119 0.665234
vt 0.385119 0.668750
vt 0.382132 0.571240
vt 0.381639 0.572037
vt 0.381639 0.571241
vt 0.384626 0.669061
vt 0.385119 0.669063
vt 0.365533 0.663841
vt 0.366306 0.663893
vt 0.365462 0.671316
vt 0.366306 0.664032
vt 0.366306 0.671316
vt 0.384626 0.676533
vt 0.385119 0.669257
vt 0.385119 0.676535
vt 0.384626 0.669255
vt 0.384626 0.676965
vt 0.385119 0.676967
vt 0.365464 0.671749
vt 0.366306 0.671749
vt 0.366306 0.671977
vt 0.384625 0.677507
vt 0.385118 0.677508
vt 0.384626 0.685637
vt 0.385119 0.685638
vt 0.366306 0.680427
vt 0.365592 0.672295
vt 0.305404 0.669276
vt 0.305898 0.664944
vt 0.288746 0.676409
vt 0.305405 0.676459
vt 0.375293 0.680427
vt 0.373688 0.676908
vt 0.375283 0.676908
vt 0.313141 0.686485
vt 0.312648 0.678041
vt 0.313141 0.678041
vt 0.381639 0.570417
vt 0.381147 0.572018
vt 0.381147 0.570398
vt 0.289739 0.685088
vt 0.289246 0.681572
vt 0.289739 0.681570
vt 0.394096 0.565541
vt 0.393603 0.564081
vt 0.394096 0.564081
vt 0.289239 0.679016
vt 0.289732 0.679015
vt 0.313141 0.669596
vt 0.312648 0.666079
vt 0.313141 0.666079
vt 0.375108 0.674494
vt 0.373690 0.674351
vt 0.312648 0.672290
vt 0.313141 0.677813
vt 0.312648 0.677813
vt 0.375282 0.674212
vt 0.373723 0.668684
vt 0.375260 0.668684
vt 0.313141 0.672290
vt 0.312648 0.672002
vt 0.313141 0.672002
vt 0.312648 0.669596
vt 0.373690 0.674212
vt 0.289239 0.678877
vt 0.289732 0.678875
vt 0.375259 0.668456
vt 0.373936 0.667777
vt 0.289739 0.673350
vt 0.289244 0.672437
vt 0.289736 0.672436
vt 0.289246 0.664678
vt 0.289739 0.664676
vt 0.375235 0.660005
vt 0.373759 0.660005
vt 0.428556 0.662629
vt 0.428064 0.655370
vt 0.428556 0.655370
vt 0.381147 0.570417
vt 0.381147 0.572037
vt 0.428064 0.642223
vt 0.428556 0.646107
vt 0.428064 0.646107
vt 0.394096 0.567002
vt 0.393603 0.565542
vt 0.394096 0.565541
vt 0.373663 0.676540
vt 0.372054 0.680427
vt 0.372071 0.676090
vt 0.428064 0.646246
vt 0.428556 0.653957
vt 0.428064 0.653957
vt 0.373640 0.668684
vt 0.372173 0.675961
vt 0.372230 0.668896
vt 0.428556 0.646246
vt 0.373662 0.676401
vt 0.288738 0.680753
vt 0.288245 0.680621
vt 0.288738 0.680620
vt 0.372104 0.668456
vt 0.373576 0.667268
vt 0.288739 0.673558
vt 0.288246 0.673124
vt 0.288739 0.673122
vt 0.288245 0.664678
vt 0.288738 0.664676
vt 0.372139 0.660005
vt 0.373616 0.660005
vt 0.367182 0.663524
vt 0.379111 0.571089
vt 0.379603 0.571089
vt 0.306392 0.685354
vt 0.305899 0.681839
vt 0.306392 0.681837
vt 0.381639 0.570444
vt 0.305899 0.681518
vt 0.306392 0.681516
vt 0.367078 0.663841
vt 0.367149 0.671316
vt 0.306392 0.681330
vt 0.305899 0.674051
vt 0.306392 0.674049
vt 0.367180 0.664032
vt 0.305899 0.681331
vt 0.305899 0.673618
vt 0.306392 0.673617
vt 0.367147 0.671749
vt 0.367019 0.672295
vt 0.305898 0.673068
vt 0.306391 0.673066
vt 0.305899 0.664944
vt 0.306392 0.664943
vt 0.367111 0.680427
vt 0.288739 0.685088
vt 0.288245 0.680754
vt 0.289246 0.673352
vt 0.288247 0.673559
vt 0.099639 0.378971
vt 0.100291 0.343590
vt 0.100292 0.378194
vt 0.882581 0.824585
vt 0.881482 0.764378
vt 0.882581 0.765701
vt 0.967412 0.850706
vt 0.951619 0.824605
vt 0.968301 0.850706
vt 0.828293 0.887431
vt 0.827357 0.886109
vt 0.828252 0.886109
vt 0.950502 0.790461
vt 0.934709 0.816562
vt 0.933814 0.816562
vt 0.828252 0.827224
vt 0.827398 0.825902
vt 0.828293 0.825902
vt 0.827357 0.827224
vt 0.881482 0.825907
vt 0.853207 0.764407
vt 0.084146 0.342806
vt 0.099639 0.342813
vt 0.775049 0.823579
vt 0.774347 0.765683
vt 0.775049 0.766672
vt 0.776123 0.765394
vt 0.775457 0.764361
vt 0.801602 0.825902
vt 0.776123 0.824857
vt 0.801601 0.824868
vt 0.774347 0.824568
vt 0.801602 0.764373
vt 0.801601 0.765405
vt 0.174092 0.358293
vt 0.165499 0.342827
vt 0.175307 0.358293
vt 0.186226 0.410423
vt 0.184978 0.409646
vt 0.186201 0.409646
vt 0.098861 0.394437
vt 0.090267 0.409903
vt 0.089043 0.409903
vt 0.186201 0.375043
vt 0.185002 0.374266
vt 0.186226 0.374266
vt 0.184978 0.375043
vt 0.068058 0.343590
vt 0.068710 0.378971
vt 0.068058 0.378194
vt 0.829861 0.764361
vt 0.828762 0.824567
vt 0.828762 0.765682
vt 0.951619 0.876806
vt 0.950723 0.876806
vt 0.880785 0.938868
vt 0.879931 0.940189
vt 0.879890 0.938868
vt 0.934709 0.764361
vt 0.951391 0.790461
vt 0.880826 0.878661
vt 0.879890 0.879983
vt 0.879931 0.878661
vt 0.880785 0.879983
vt 0.829861 0.825890
vt 0.068710 0.342813
vt 0.828762 0.765683
vt 0.828059 0.823579
vt 0.828059 0.766672
vt 0.826986 0.765394
vt 0.826986 0.824856
vt 0.828762 0.824568
vt 0.165499 0.373760
vt 0.164275 0.373760
vt 0.187218 0.372983
vt 0.186019 0.373760
vt 0.185995 0.372983
vt 0.090267 0.378971
vt 0.100075 0.394437
vt 0.187242 0.337602
vt 0.185995 0.338379
vt 0.186019 0.337602
vt 0.187218 0.338379
vt 0.455593 0.807577
vt 0.458942 0.810926
vt 0.455593 0.810926
vt 0.458942 0.814275
vt 0.455593 0.814275
vt 0.345381 0.932020
vt 0.348727 0.926160
vt 0.348727 0.932020
vt 0.307760 0.931713
vt 0.304412 0.925852
vt 0.307760 0.925852
vt 0.341584 0.931965
vt 0.344895 0.937827
vt 0.341584 0.937826
vt 0.458942 0.784137
vt 0.455593 0.780788
vt 0.458942 0.780788
vt 0.412380 0.823991
vt 0.415729 0.820642
vt 0.415729 0.823991
vt 0.337787 0.932020
vt 0.341133 0.926160
vt 0.341133 0.932020
vt 0.314456 0.925852
vt 0.311108 0.931713
vt 0.311108 0.925852
vt 0.317768 0.937575
vt 0.314456 0.931713
vt 0.317768 0.931714
vt 0.455593 0.790834
vt 0.458942 0.794183
vt 0.455593 0.794183
vt 0.409032 0.823991
vt 0.412380 0.820642
vt 0.333916 0.932022
vt 0.337262 0.926161
vt 0.337262 0.932022
vt 0.285937 0.924569
vt 0.289285 0.930429
vt 0.285937 0.930429
vt 0.321079 0.937575
vt 0.317768 0.931713
vt 0.321079 0.931714
vt 0.455786 0.917015
vt 0.459132 0.913666
vt 0.459132 0.917015
vt 0.456597 0.822754
vt 0.459943 0.819406
vt 0.459943 0.822754
vt 0.356207 0.926321
vt 0.359555 0.920460
vt 0.359555 0.926321
vt 0.404505 0.925175
vt 0.407853 0.931036
vt 0.404505 0.931036
vt 0.302678 0.936226
vt 0.299329 0.930430
vt 0.302678 0.930429
vt 0.455593 0.777439
vt 0.356204 0.926321
vt 0.352858 0.932181
vt 0.352858 0.926321
vt 0.398451 0.820574
vt 0.401799 0.823923
vt 0.398451 0.823923
vt 0.326048 0.931960
vt 0.329394 0.926099
vt 0.329394 0.931960
vt 0.295981 0.930429
vt 0.292633 0.924569
vt 0.295981 0.924569
vt 0.304412 0.931713
vt 0.307723 0.937575
vt 0.304412 0.937573
vt 0.445210 0.954197
vt 0.448556 0.950848
vt 0.448556 0.954197
vt 0.456597 0.829452
vt 0.459943 0.826103
vt 0.459943 0.829452
vt 0.366251 0.926321
vt 0.369600 0.920460
vt 0.369600 0.926321
vt 0.317805 0.931713
vt 0.404505 0.931037
vt 0.407853 0.936832
vt 0.404505 0.936833
vt 0.455786 0.913666
vt 0.459132 0.910318
vt 0.428089 0.950880
vt 0.424743 0.954229
vt 0.424743 0.950880
vt 0.356207 0.920460
vt 0.352858 0.920460
vt 0.282588 0.930429
vt 0.286203 0.930431
vt 0.289551 0.936226
vt 0.286203 0.936227
vt 0.455593 0.800880
vt 0.458942 0.804229
vt 0.455593 0.804229
vt 0.458942 0.797531
vt 0.455593 0.797531
vt 0.356204 0.932181
vt 0.359550 0.926321
vt 0.359550 0.932181
vt 0.329359 0.937821
vt 0.329359 0.931961
vt 0.458942 0.807577
vt 0.458942 0.787485
vt 0.458942 0.790834
vt 0.366242 0.926321
vt 0.362896 0.932181
vt 0.362896 0.926321
vt 0.321153 0.925852
vt 0.321153 0.931713
vt 0.311071 0.937575
vt 0.307760 0.937573
vt 0.455593 0.787485
vt 0.458942 0.777439
vt 0.455593 0.774091
vt 0.458942 0.774091
vt 0.289285 0.924569
vt 0.292633 0.930429
vt 0.314420 0.937575
vt 0.314420 0.931714
vt 0.459896 0.928461
vt 0.456550 0.931810
vt 0.456550 0.928461
vt 0.455786 0.910318
vt 0.459132 0.906969
vt 0.362903 0.920460
vt 0.279240 0.924569
vt 0.275892 0.930429
vt 0.275892 0.924569
vt 0.411767 0.936832
vt 0.408419 0.931037
vt 0.411767 0.931036
vt 0.322631 0.953454
vt 0.325980 0.950105
vt 0.325980 0.953454
vt 0.344930 0.926104
vt 0.344930 0.931965
vt 0.458942 0.800880
vt 0.349140 0.932024
vt 0.352486 0.926164
vt 0.352486 0.932024
vt 0.412330 0.925138
vt 0.415678 0.930998
vt 0.412330 0.930998
vt 0.333293 0.931960
vt 0.329982 0.937820
vt 0.329982 0.931959
vt 0.456597 0.826103
vt 0.459943 0.826103
vt 0.383661 0.953895
vt 0.387007 0.950546
vt 0.387007 0.953895
vt 0.282588 0.924569
vt 0.279240 0.930429
vt 0.299329 0.930429
vt 0.442173 0.822761
vt 0.438825 0.816966
vt 0.442173 0.816965
vt 0.418230 0.954230
vt 0.421576 0.950881
vt 0.421576 0.954230
vt 0.455786 0.920364
vt 0.459132 0.920364
vt 0.429762 0.822988
vt 0.433110 0.817128
vt 0.433110 0.822988
vt 0.411767 0.925176
vt 0.408419 0.931036
vt 0.408419 0.925176
vt 0.415678 0.936795
vt 0.412330 0.931000
vt 0.456597 0.819406
vt 0.459943 0.816057
vt 0.401051 0.954072
vt 0.404397 0.950723
vt 0.404397 0.954072
vt 0.366251 0.920460
vt 0.362903 0.926321
vt 0.302678 0.924569
vt 0.299329 0.930429
vt 0.299329 0.924569
vt 0.296248 0.936226
vt 0.292899 0.930431
vt 0.296248 0.930429
vt 0.456597 0.832801
vt 0.459943 0.832801
vt 0.380311 0.954072
vt 0.383657 0.950724
vt 0.383657 0.954072
vt 0.272544 0.930429
vt 0.272544 0.924569
vt 0.333330 0.931959
vt 0.329982 0.926099
vt 0.333330 0.926099
vt 0.292899 0.936226
vt 0.289551 0.930431
vt 0.292899 0.930429
vt 0.192378 0.425443
vt 0.192970 0.429303
vt 0.192378 0.429303
vt 0.192354 0.323675
vt 0.191762 0.327535
vt 0.191762 0.323675
vt 0.189258 0.349184
vt 0.187242 0.345327
vt 0.189258 0.345325
vt 0.163993 0.428600
vt 0.164673 0.430795
vt 0.163993 0.430805
vt 0.192977 0.414397
vt 0.193656 0.412202
vt 0.193656 0.414407
vt 0.192949 0.350833
vt 0.193628 0.348638
vt 0.193628 0.350843
vt 0.192977 0.407772
vt 0.193656 0.409967
vt 0.192977 0.409977
vt 0.189258 0.349186
vt 0.187242 0.353047
vt 0.187242 0.349188
vt 0.191882 0.401328
vt 0.192474 0.397469
vt 0.192474 0.401328
vt 0.192343 0.327657
vt 0.192934 0.331517
vt 0.192343 0.331517
vt 0.163268 0.430111
vt 0.163947 0.427915
vt 0.163947 0.430120
vt 0.154719 0.430691
vt 0.154039 0.428496
vt 0.154719 0.428486
vt 0.189227 0.411621
vt 0.187211 0.415482
vt 0.187211 0.411623
vt 0.132509 0.424873
vt 0.131917 0.428732
vt 0.131917 0.424873
vt 0.192200 0.385461
vt 0.192792 0.389320
vt 0.192200 0.389320
vt 0.167910 0.428552
vt 0.167230 0.430747
vt 0.167230 0.428542
vt 0.166551 0.428552
vt 0.187242 0.341466
vt 0.189258 0.345323
vt 0.187242 0.345325
vt 0.192099 0.407155
vt 0.192691 0.403296
vt 0.192691 0.407155
vt 0.192415 0.392935
vt 0.193006 0.396794
vt 0.192415 0.396794
vt 0.183118 0.428578
vt 0.182439 0.430774
vt 0.182439 0.428569
vt 0.170320 0.430795
vt 0.169641 0.428599
vt 0.170320 0.428590
vt 0.182922 0.404355
vt 0.184939 0.408213
vt 0.182922 0.408215
vt 0.192181 0.381847
vt 0.192773 0.377988
vt 0.192773 0.381847
vt 0.192946 0.327535
vt 0.192354 0.327535
vt 0.152680 0.430691
vt 0.153360 0.428496
vt 0.153360 0.430701
vt 0.193096 0.347971
vt 0.192416 0.345776
vt 0.193096 0.345766
vt 0.189258 0.353047
vt 0.187242 0.356909
vt 0.187242 0.353049
vt 0.191877 0.422029
vt 0.192469 0.418169
vt 0.192469 0.422029
vt 0.192385 0.415480
vt 0.192977 0.411621
vt 0.192977 0.415480
vt 0.193649 0.427668
vt 0.192970 0.429863
vt 0.192970 0.427658
vt 0.193661 0.339808
vt 0.192982 0.337612
vt 0.193661 0.337602
vt 0.085696 0.412917
vt 0.083680 0.416779
vt 0.083680 0.412919
vt 0.191823 0.392935
vt 0.191823 0.396794
vt 0.192385 0.407762
vt 0.192385 0.411621
vt 0.183798 0.428578
vt 0.183118 0.430774
vt 0.183118 0.428569
vt 0.154039 0.430691
vt 0.154039 0.428486
vt 0.187242 0.341464
vt 0.189258 0.337602
vt 0.189258 0.341462
vt 0.174679 0.341031
vt 0.175271 0.337172
vt 0.175271 0.341031
vt 0.192357 0.348628
vt 0.192949 0.352487
vt 0.192357 0.352487
vt 0.192568 0.317539
vt 0.193133 0.313679
vt 0.193133 0.317539
vt 0.193050 0.369058
vt 0.192485 0.372917
vt 0.192485 0.369058
vt 0.173976 0.420244
vt 0.175643 0.424107
vt 0.173976 0.424103
vt 0.168961 0.430795
vt 0.169641 0.430804
vt 0.176905 0.428784
vt 0.177584 0.430979
vt 0.176905 0.430989
vt 0.164673 0.428600
vt 0.165352 0.430795
vt 0.164673 0.430805
vt 0.192977 0.412182
vt 0.193656 0.409987
vt 0.193656 0.412192
vt 0.162313 0.421020
vt 0.163980 0.424883
vt 0.162313 0.424880
vt 0.192488 0.356236
vt 0.193053 0.360095
vt 0.192488 0.360095
vt 0.193511 0.323675
vt 0.192946 0.323675
vt 0.192485 0.366852
vt 0.193164 0.369048
vt 0.139702 0.430692
vt 0.140382 0.428496
vt 0.140382 0.430701
vt 0.185741 0.341958
vt 0.184074 0.338096
vt 0.185741 0.338099
vt 0.193049 0.376776
vt 0.192483 0.372917
vt 0.193049 0.372917
vt 0.193160 0.309820
vt 0.192594 0.313679
vt 0.192594 0.309820
vt 0.165352 0.428600
vt 0.166031 0.430795
vt 0.165352 0.430805
vt 0.193649 0.425453
vt 0.192970 0.427648
vt 0.192970 0.425443
vt 0.173976 0.420241
vt 0.175643 0.416385
vt 0.175643 0.420244
vt 0.193112 0.309531
vt 0.192546 0.305672
vt 0.193112 0.305672
vt 0.192573 0.323240
vt 0.193138 0.319381
vt 0.193138 0.323240
vt 0.193661 0.344112
vt 0.192982 0.341916
vt 0.193661 0.341907
vt 0.192949 0.353048
vt 0.193628 0.350853
vt 0.193628 0.353058
vt 0.137137 0.420468
vt 0.138805 0.424331
vt 0.137137 0.424327
vt 0.193040 0.401328
vt 0.192474 0.397469
vt 0.193040 0.397469
vt 0.193500 0.327657
vt 0.193500 0.331517
vt 0.168282 0.428599
vt 0.168282 0.430804
vt 0.193166 0.415492
vt 0.192486 0.417688
vt 0.192486 0.415482
vt 0.162313 0.421017
vt 0.163980 0.417161
vt 0.163980 0.421020
vt 0.192982 0.345766
vt 0.192416 0.341907
vt 0.192982 0.341907
vt 0.193338 0.377988
vt 0.193338 0.381847
vt 0.181760 0.428578
vt 0.176225 0.430979
vt 0.162313 0.409433
vt 0.163980 0.413295
vt 0.162313 0.413292
vt 0.193035 0.418169
vt 0.193256 0.403296
vt 0.193256 0.407155
vt 0.132597 0.430937
vt 0.131917 0.428742
vt 0.132597 0.428732
vt 0.141226 0.428496
vt 0.140547 0.430692
vt 0.140547 0.428487
vt 0.162313 0.413295
vt 0.163980 0.417158
vt 0.162313 0.417155
vt 0.192982 0.341462
vt 0.192416 0.337602
vt 0.192982 0.337602
vt 0.193357 0.385461
vt 0.193357 0.389320
vt 0.193193 0.333566
vt 0.192628 0.337426
vt 0.192628 0.333566
vt 0.192486 0.366226
vt 0.193052 0.362367
vt 0.193052 0.366226
vt 0.180063 0.422875
vt 0.181731 0.426737
vt 0.180063 0.426734
vt 0.139023 0.430692
vt 0.139702 0.428496
vt 0.139702 0.430701
vt 0.193166 0.362357
vt 0.192486 0.360162
vt 0.193166 0.360152
vt 0.081259 0.943808
vt 0.096633 0.890041
vt 0.111040 0.944957
vt 0.191069 0.941511
vt 0.202377 0.888940
vt 0.202377 0.941511
vt 0.165694 0.896607
vt 0.153630 0.890121
vt 0.165694 0.890121
vt 0.175130 0.768589
vt 0.163813 0.769769
vt 0.163813 0.768589
vt 0.154377 0.888940
vt 0.165694 0.888940
vt 0.165694 0.916406
vt 0.140811 0.909580
vt 0.165694 0.909580
vt 0.175877 0.769769
vt 0.163813 0.796054
vt 0.138439 0.796054
vt 0.138439 0.769769
vt 0.079766 0.899344
vt 0.080922 0.924706
vt 0.079766 0.924706
vt 0.191068 0.888940
vt 0.191069 0.890121
vt 0.138439 0.768589
vt 0.191069 0.896607
vt 0.227734 0.888940
vt 0.227734 0.941511
vt 0.163002 0.581504
vt 0.168342 0.601361
vt 0.163002 0.601361
vt 0.135417 0.955398
vt 0.136574 0.962224
vt 0.135417 0.962224
vt 0.191069 0.903094
vt 0.191069 0.909580
vt 0.145050 0.903094
vt 0.165694 0.903094
vt 0.149100 0.896607
vt 0.150788 0.888940
vt 0.136636 0.835190
vt 0.157274 0.887784
vt 0.122961 0.890050
vt 0.135580 0.943826
vt 0.034753 0.949732
vt 0.023445 0.897161
vt 0.034753 0.897161
vt 0.165694 0.936205
vt 0.153630 0.942691
vt 0.149100 0.936205
vt 0.163813 0.822339
vt 0.175130 0.823520
vt 0.163813 0.823520
vt 0.165694 0.942691
vt 0.154377 0.943871
vt 0.140811 0.923231
vt 0.136636 0.916406
vt 0.175877 0.822339
vt 0.138439 0.822339
vt 0.079766 0.950066
vt 0.080922 0.950066
vt 0.191068 0.943871
vt 0.191069 0.942691
vt 0.138439 0.823520
vt 0.191069 0.936205
vt 0.060111 0.949732
vt 0.060111 0.897161
vt 0.157663 0.601361
vt 0.135417 0.969049
vt 0.191069 0.929718
vt 0.165694 0.923231
vt 0.191069 0.923231
vt 0.145050 0.929718
vt 0.165694 0.929718
vt 0.170923 0.887784
vt 0.164098 0.834009
vt 0.191560 0.835189
vt 0.345024 0.690633
vt 0.343392 0.693597
vt 0.343392 0.690560
vt 0.379995 0.660005
vt 0.381373 0.666492
vt 0.379995 0.666492
vt 0.378609 0.666492
vt 0.379995 0.672980
vt 0.378362 0.672980
vt 0.362378 0.666492
vt 0.359342 0.660005
vt 0.362378 0.660005
vt 0.365415 0.666458
vt 0.362451 0.672837
vt 0.362378 0.666436
vt 0.337247 0.693135
vt 0.338866 0.690571
vt 0.338866 0.693197
vt 0.378362 0.680580
vt 0.376963 0.660005
vt 0.378362 0.660005
vt 0.434166 0.556914
vt 0.432862 0.559477
vt 0.432785 0.556843
vt 0.367410 0.660005
vt 0.368816 0.680580
vt 0.367196 0.680580
vt 0.410979 0.658132
vt 0.413605 0.678693
vt 0.410979 0.678693
vt 0.418858 0.658129
vt 0.416294 0.678681
vt 0.416231 0.658124
vt 0.433257 0.662026
vt 0.431625 0.659062
vt 0.433257 0.658990
vt 0.381530 0.672980
vt 0.432511 0.673689
vt 0.433796 0.676663
vt 0.432421 0.676734
vt 0.379896 0.666492
vt 0.359342 0.672980
vt 0.362378 0.672980
vt 0.362450 0.660005
vt 0.365414 0.660019
vt 0.355344 0.693215
vt 0.353725 0.690651
vt 0.355344 0.690588
vt 0.376827 0.660005
vt 0.375429 0.680580
vt 0.375293 0.660005
vt 0.433032 0.653977
vt 0.434336 0.656541
vt 0.432955 0.656611
vt 0.420263 0.658124
vt 0.418858 0.678699
vt 0.418943 0.658124
vt 0.356716 0.680566
vt 0.359342 0.660005
vt 0.359342 0.680566
vt 0.413605 0.658124
vt 0.416194 0.678690
vt 0.413630 0.678690
vt 0.978911 0.867767
vt 0.977423 0.864266
vt 0.978911 0.864243
vt 0.977425 0.854159
vt 0.978913 0.857684
vt 0.977425 0.857684
vt 0.898714 0.959809
vt 0.902240 0.953637
vt 0.902240 0.959809
vt 0.979119 0.793550
vt 0.977630 0.787377
vt 0.979119 0.787377
vt 0.977193 0.839017
vt 0.973667 0.835544
vt 0.977193 0.835476
vt 0.864961 0.965435
vt 0.868487 0.961911
vt 0.868487 0.965398
vt 0.979154 0.778001
vt 0.977665 0.771896
vt 0.979154 0.771896
vt 0.803409 0.953654
vt 0.806897 0.947517
vt 0.806897 0.953689
vt 0.917039 0.957007
vt 0.913513 0.950834
vt 0.917039 0.950834
vt 0.879354 0.955364
vt 0.875827 0.961441
vt 0.875827 0.955319
vt 0.929252 0.960489
vt 0.925909 0.964740
vt 0.925728 0.960478
vt 0.971803 0.961802
vt 0.975327 0.957541
vt 0.975327 0.961802
vt 0.789139 0.959825
vt 0.792665 0.953653
vt 0.792665 0.959825
vt 0.931511 0.822236
vt 0.927251 0.816064
vt 0.931512 0.816063
vt 0.978768 0.965329
vt 0.975330 0.961802
vt 0.978798 0.961802
vt 0.785391 0.964586
vt 0.781865 0.967828
vt 0.781865 0.964211
vt 0.836549 0.930407
vt 0.832289 0.936513
vt 0.832289 0.930408
vt 0.832208 0.950166
vt 0.828733 0.943993
vt 0.832173 0.943993
vt 0.932118 0.957177
vt 0.935644 0.951005
vt 0.935644 0.957177
vt 0.972206 0.926729
vt 0.968680 0.932835
vt 0.968680 0.926752
vt 0.917254 0.964744
vt 0.920780 0.968141
vt 0.917254 0.968314
vt 0.864850 0.961642
vt 0.861323 0.965166
vt 0.861323 0.961652
vt 0.872274 0.949273
vt 0.875790 0.943132
vt 0.875790 0.949305
vt 0.832115 0.956338
vt 0.828589 0.950166
vt 0.832115 0.950166
vt 0.803575 0.967587
vt 0.800049 0.964003
vt 0.803575 0.964003
vt 0.883996 0.968814
vt 0.880730 0.965288
vt 0.884254 0.965288
vt 0.968681 0.877645
vt 0.972207 0.883759
vt 0.968680 0.883717
vt 0.778103 0.953547
vt 0.781629 0.947375
vt 0.781629 0.953547
vt 0.944964 0.959276
vt 0.948491 0.953104
vt 0.948491 0.959276
vt 0.872218 0.961604
vt 0.875744 0.955489
vt 0.875744 0.961603
vt 0.898543 0.964070
vt 0.901997 0.959809
vt 0.902240 0.964070
vt 0.774510 0.964011
vt 0.778033 0.959758
vt 0.778033 0.964019
vt 0.778052 0.941203
vt 0.781744 0.947375
vt 0.778044 0.947375
vt 0.927251 0.822236
vt 0.922991 0.816064
vt 0.927251 0.816063
vt 0.812392 0.968809
vt 0.815859 0.965282
vt 0.815916 0.968809
vt 0.849114 0.965119
vt 0.852640 0.961818
vt 0.852640 0.965389
vt 0.925728 0.929368
vt 0.929988 0.935445
vt 0.925728 0.935472
vt 0.777920 0.953577
vt 0.774394 0.947405
vt 0.777920 0.947405
vt 0.964861 0.951415
vt 0.961335 0.957588
vt 0.961335 0.951415
vt 0.894682 0.956892
vt 0.898208 0.962988
vt 0.894681 0.962947
vt 0.972206 0.896144
vt 0.975733 0.899820
vt 0.972206 0.899820
vt 0.852379 0.968916
vt 0.849114 0.965389
vt 0.852559 0.965389
vt 0.853377 0.949098
vt 0.856903 0.942926
vt 0.856824 0.949098
vt 0.803543 0.959861
vt 0.807069 0.953689
vt 0.807069 0.959862
vt 0.952061 0.967750
vt 0.948534 0.964453
vt 0.952061 0.964551
vt 0.976106 0.768130
vt 0.972580 0.771654
vt 0.972580 0.768241
vt 0.849114 0.961527
vt 0.852640 0.955399
vt 0.852640 0.961526
vt 0.968388 0.963713
vt 0.971588 0.957541
vt 0.971803 0.963713
vt 0.894579 0.950834
vt 0.891053 0.957007
vt 0.891053 0.950834
vt 0.857297 0.961407
vt 0.860824 0.955337
vt 0.860824 0.961441
vt 0.819450 0.964822
vt 0.815924 0.961293
vt 0.819450 0.961447
vt 0.968277 0.967238
vt 0.968277 0.963713
vt 0.848528 0.949101
vt 0.845151 0.955270
vt 0.845001 0.949098
vt 0.958658 0.951406
vt 0.955132 0.957578
vt 0.955132 0.951405
vt 0.925017 0.960482
vt 0.921579 0.964743
vt 0.921493 0.960482
vt 0.920778 0.960483
vt 0.917325 0.964744
vt 0.917254 0.960483
vt 0.853227 0.955243
vt 0.856753 0.949165
vt 0.856753 0.955271
vt 0.796547 0.953689
vt 0.800002 0.959862
vt 0.796476 0.959862
vt 0.932580 0.819763
vt 0.936841 0.825936
vt 0.932580 0.825936
vt 0.836549 0.936513
vt 0.840809 0.930407
vt 0.840809 0.936511
vt 0.955019 0.963750
vt 0.958545 0.967172
vt 0.955019 0.967448
vt 0.948490 0.967784
vt 0.944964 0.964260
vt 0.948490 0.964279
vt 0.875921 0.942927
vt 0.879527 0.936783
vt 0.879527 0.942955
vt 0.832289 0.949208
vt 0.835815 0.955380
vt 0.832289 0.955381
vt 0.857297 0.961803
vt 0.860823 0.965328
vt 0.857297 0.965328
vt 0.875827 0.968858
vt 0.879188 0.965332
vt 0.879279 0.968858
vt 0.868599 0.955479
vt 0.872125 0.961571
vt 0.868599 0.961583
vt 0.819679 0.948948
vt 0.822976 0.955113
vt 0.819450 0.955121
vt 0.925019 0.960482
vt 0.921493 0.954310
vt 0.925019 0.954310
vt 0.845002 0.961419
vt 0.848528 0.955325
vt 0.848528 0.961428
vt 0.898543 0.967566
vt 0.902069 0.964109
vt 0.902069 0.967740
vt 0.973899 0.857812
vt 0.977425 0.854206
vt 0.977425 0.857844
vt 0.860937 0.942949
vt 0.857440 0.949103
vt 0.857297 0.942930
vt 0.935644 0.957177
vt 0.939170 0.951005
vt 0.939170 0.957178
vt 0.839083 0.968916
vt 0.836549 0.965391
vt 0.839083 0.965391
vt 0.978740 0.800989
vt 0.976206 0.804484
vt 0.976206 0.800996
vt 0.968680 0.908348
vt 0.972206 0.914450
vt 0.968680 0.914445
vt 0.902276 0.959629
vt 0.905767 0.964400
vt 0.902240 0.964400
vt 0.977974 0.956186
vt 0.975441 0.951415
vt 0.977974 0.951415
vt 0.967492 0.968033
vt 0.964959 0.963316
vt 0.967492 0.963322
vt 0.906086 0.964401
vt 0.909612 0.959651
vt 0.909612 0.964422
vt 0.774370 0.953577
vt 0.777873 0.959749
vt 0.774347 0.959749
vt 0.980208 0.847820
vt 0.978764 0.844316
vt 0.980208 0.844294
vt 0.978798 0.957541
vt 0.980242 0.961068
vt 0.978798 0.961068
vt 0.840809 0.961444
vt 0.844333 0.955272
vt 0.844333 0.961444
vt 0.977665 0.778001
vt 0.979110 0.784173
vt 0.977665 0.784173
vt 0.976314 0.915612
vt 0.972788 0.912137
vt 0.976314 0.912069
vt 0.835815 0.961567
vt 0.832289 0.965093
vt 0.832289 0.961604
vt 0.979209 0.816879
vt 0.977780 0.810706
vt 0.979209 0.810707
vt 0.925782 0.954270
vt 0.929269 0.948133
vt 0.929269 0.954306
vt 0.963248 0.945243
vt 0.966774 0.951415
vt 0.963247 0.951415
vt 0.812392 0.948941
vt 0.808877 0.955113
vt 0.808858 0.948941
vt 0.978455 0.936362
vt 0.974929 0.933030
vt 0.978455 0.932835
vt 0.905284 0.822407
vt 0.908810 0.825934
vt 0.905284 0.825934
vt 0.822974 0.955121
vt 0.819450 0.961293
vt 0.872218 0.949305
vt 0.875744 0.955477
vt 0.872217 0.955477
vt 0.840840 0.965309
vt 0.844281 0.968836
vt 0.840809 0.968836
vt 0.792765 0.967431
vt 0.796291 0.964186
vt 0.796291 0.967805
vt 0.968682 0.920622
vt 0.972169 0.914451
vt 0.972169 0.920624
vt 0.917129 0.950834
vt 0.913657 0.944662
vt 0.917095 0.944662
vt 0.840810 0.955272
vt 0.844337 0.949100
vt 0.844337 0.955272
vt 0.832075 0.956339
vt 0.828589 0.962511
vt 0.828608 0.956338
vt 0.796476 0.964101
vt 0.799875 0.959862
vt 0.800049 0.964101
vt 0.781865 0.963958
vt 0.778338 0.959720
vt 0.781855 0.959720
vt 0.945021 0.953073
vt 0.948534 0.946932
vt 0.948534 0.953104
vt 0.940367 0.818503
vt 0.944606 0.824675
vt 0.940367 0.824675
vt 0.778044 0.964051
vt 0.781570 0.967637
vt 0.778044 0.967637
vt 0.974952 0.905432
vt 0.978478 0.902164
vt 0.978478 0.905691
vt 0.921525 0.929340
vt 0.925728 0.935513
vt 0.921493 0.935513
vt 0.785615 0.953547
vt 0.789139 0.947375
vt 0.789139 0.953547
vt 0.875828 0.955319
vt 0.879354 0.949147
vt 0.879354 0.955319
vt 0.861337 0.961636
vt 0.864825 0.955470
vt 0.864825 0.961642
vt 0.977402 0.862898
vt 0.973875 0.859441
vt 0.977402 0.859197
vt 0.977404 0.876475
vt 0.973878 0.872958
vt 0.977404 0.872948
vt 0.789131 0.947375
vt 0.785441 0.941203
vt 0.789139 0.941203
vt 0.849114 0.949214
vt 0.852641 0.955386
vt 0.849114 0.955386
vt 0.978474 0.887286
vt 0.974948 0.883816
vt 0.978474 0.883759
vt 0.875827 0.965061
vt 0.879353 0.961758
vt 0.879353 0.965332
vt 0.935579 0.963351
vt 0.932118 0.957177
vt 0.935579 0.957179
vt 0.796336 0.953653
vt 0.792812 0.947481
vt 0.796336 0.947481
vt 0.857298 0.955294
vt 0.860824 0.949121
vt 0.860824 0.955294
vt 0.884462 0.948869
vt 0.887950 0.955038
vt 0.884419 0.955042
vt 0.971803 0.961898
vt 0.975330 0.965575
vt 0.971803 0.965575
vt 0.809038 0.965357
vt 0.812306 0.968883
vt 0.808858 0.968883
vt 0.840960 0.949099
vt 0.844484 0.942927
vt 0.844405 0.949099
vt 0.868599 0.955445
vt 0.872125 0.949273
vt 0.872125 0.955445
vt 0.906065 0.964723
vt 0.909591 0.968022
vt 0.906065 0.967925
vt 0.976106 0.764361
vt 0.972580 0.767888
vt 0.972580 0.764472
vt 0.832303 0.961553
vt 0.835790 0.955395
vt 0.835790 0.961567
vt 0.955019 0.957581
vt 0.951820 0.963753
vt 0.951606 0.957581
vt 0.929254 0.954306
vt 0.929254 0.960478
vt 0.812401 0.955113
vt 0.815924 0.948941
vt 0.815924 0.955113
vt 0.812392 0.961750
vt 0.815918 0.965282
vt 0.812392 0.965128
vt 0.973667 0.846650
vt 0.977193 0.843123
vt 0.977193 0.846650
vt 0.887943 0.955045
vt 0.884568 0.961214
vt 0.803543 0.953689
vt 0.800017 0.959862
vt 0.800017 0.953690
vt 0.887946 0.961217
vt 0.884506 0.965456
vt 0.884419 0.961217
vt 0.971914 0.955654
vt 0.975370 0.951415
vt 0.975441 0.955654
vt 0.917294 0.954309
vt 0.920810 0.948138
vt 0.920810 0.954310
vt 0.856679 0.961443
vt 0.853226 0.955271
vt 0.856750 0.955271
vt 0.921492 0.935513
vt 0.917254 0.929340
vt 0.921493 0.929340
vt 0.845001 0.936580
vt 0.840809 0.936579
vt 0.973878 0.869524
vt 0.977404 0.869247
vt 0.785556 0.964292
vt 0.789082 0.967818
vt 0.785556 0.967800
vt 0.774441 0.947376
vt 0.778044 0.941232
vt 0.778044 0.947405
vt 0.836550 0.949207
vt 0.840076 0.955379
vt 0.836549 0.955379
vt 0.819450 0.961655
vt 0.822977 0.965182
vt 0.819450 0.965182
vt 0.857297 0.968854
vt 0.860660 0.965328
vt 0.860751 0.968854
vt 0.894529 0.963180
vt 0.891053 0.957007
vt 0.894529 0.957008
vt 0.961846 0.818334
vt 0.965141 0.824499
vt 0.961617 0.824507
vt 0.966774 0.945243
vt 0.963247 0.939071
vt 0.966774 0.939071
vt 0.924992 0.948139
vt 0.921494 0.948138
vt 0.774347 0.967517
vt 0.777873 0.964058
vt 0.777873 0.967691
vt 0.973896 0.867898
vt 0.977423 0.864289
vt 0.977423 0.867930
vt 0.868599 0.943119
vt 0.865103 0.949273
vt 0.864961 0.943100
vt 0.909591 0.953457
vt 0.906065 0.959629
vt 0.906065 0.953457
vt 0.952234 0.963753
vt 0.955019 0.967280
vt 0.952234 0.967280
vt 0.932193 0.822309
vt 0.929408 0.825807
vt 0.929408 0.822316
vt 0.968686 0.889877
vt 0.972174 0.896049
vt 0.968680 0.896049
vt 0.973840 0.864243
vt 0.970351 0.859197
vt 0.973875 0.859197
vt 0.974952 0.907209
vt 0.972167 0.902164
vt 0.974952 0.902164
vt 0.972173 0.932835
vt 0.974929 0.937881
vt 0.972167 0.937881
vt 0.970372 0.854139
vt 0.973897 0.849114
vt 0.973897 0.854159
vt 0.826823 0.961293
vt 0.823322 0.955121
vt 0.826846 0.955121
vt 0.894681 0.966615
vt 0.896251 0.970142
vt 0.894681 0.970142
vt 0.830159 0.969675
vt 0.831729 0.966153
vt 0.831729 0.969680
vt 0.812382 0.955113
vt 0.808858 0.961285
vt 0.808858 0.955113
vt 0.978861 0.823516
vt 0.977291 0.817344
vt 0.978861 0.817344
vt 0.976314 0.911885
vt 0.972788 0.908410
vt 0.976314 0.908341
vt 0.840075 0.961865
vt 0.840075 0.965354
vt 0.977423 0.858070
vt 0.978976 0.864243
vt 0.977425 0.864242
vt 0.796530 0.953654
vt 0.800017 0.947517
vt 0.800017 0.953689
vt 0.968388 0.957588
vt 0.964862 0.957588
vt 0.942626 0.957178
vt 0.939170 0.963350
vt 0.939185 0.957177
vt 0.978505 0.902396
vt 0.980075 0.905923
vt 0.978505 0.905923
vt 0.971803 0.969044
vt 0.973373 0.965673
vt 0.973373 0.969200
vt 0.815916 0.955113
vt 0.812392 0.961285
vt 0.812392 0.955113
vt 0.977239 0.945243
vt 0.978809 0.939071
vt 0.978809 0.945243
vt 0.975358 0.957541
vt 0.978798 0.961068
vt 0.975327 0.961068
vt 0.796476 0.967345
vt 0.800002 0.964101
vt 0.800002 0.967720
vt 0.977425 0.847987
vt 0.978978 0.854159
vt 0.977440 0.854159
vt 0.894669 0.950834
vt 0.891197 0.944662
vt 0.894635 0.944662
vt 0.778044 0.959720
vt 0.781570 0.953547
vt 0.781570 0.959720
vt 0.840058 0.955380
vt 0.836570 0.961551
vt 0.836549 0.955379
vt 0.862893 0.969034
vt 0.864464 0.965572
vt 0.864464 0.969099
vt 0.974944 0.965575
vt 0.973373 0.969102
vt 0.973373 0.965585
vt 0.958103 0.824500
vt 0.961617 0.818359
vt 0.961617 0.824531
vt 0.978764 0.835476
vt 0.977194 0.841648
vt 0.884316 0.961216
vt 0.880730 0.961216
vt 0.809116 0.961285
vt 0.812384 0.965357
vt 0.808858 0.965357
vt 0.977291 0.824597
vt 0.978846 0.830769
vt 0.977305 0.830769
vt 0.781803 0.953547
vt 0.785327 0.947375
vt 0.785327 0.953547
vt 0.853226 0.936579
vt 0.857297 0.930407
vt 0.857297 0.936579
vt 0.857297 0.936583
vt 0.861323 0.930407
vt 0.861323 0.936579
vt 0.874145 0.965423
vt 0.875715 0.968757
vt 0.874145 0.969123
vt 0.834794 0.968692
vt 0.836364 0.965417
vt 0.836364 0.969107
vt 0.785433 0.947375
vt 0.781744 0.941203
vt 0.977404 0.875420
vt 0.978973 0.869247
vt 0.978973 0.875420
vt 0.901757 0.822463
vt 0.840809 0.965039
vt 0.844336 0.961735
vt 0.844336 0.965309
vt 0.976234 0.800612
vt 0.977785 0.794440
vt 0.977785 0.800612
vt 0.792710 0.953653
vt 0.789186 0.947481
vt 0.792710 0.947481
vt 0.920780 0.954310
vt 0.920780 0.960483
vt 0.968680 0.902164
vt 0.972167 0.908341
vt 0.968723 0.908335
vt 0.868443 0.969113
vt 0.866873 0.965505
vt 0.868443 0.965435
vt 0.897821 0.970142
vt 0.896251 0.966694
vt 0.897821 0.966615
vt 0.845152 0.949098
vt 0.848676 0.942926
vt 0.848597 0.949098
vt 0.977982 0.928141
vt 0.976412 0.921969
vt 0.977981 0.921969
vt 0.902240 0.964702
vt 0.905767 0.968001
vt 0.902240 0.967903
vt 0.975733 0.877638
vt 0.972207 0.881165
vt 0.972207 0.877749
vt 0.977404 0.882821
vt 0.975851 0.876653
vt 0.977404 0.876648
vt 0.958545 0.957578
vt 0.955347 0.963750
vt 0.861323 0.955464
vt 0.864850 0.949291
vt 0.864850 0.955464
vt 0.935644 0.963350
vt 0.939093 0.957178
vt 0.939096 0.963350
vt 0.977291 0.831247
vt 0.978861 0.834757
vt 0.977291 0.834625
vt 0.828589 0.969727
vt 0.830159 0.966201
vt 0.830159 0.969727
vt 0.884409 0.955044
vt 0.881034 0.961213
vt 0.880885 0.955041
vt 0.977982 0.915797
vt 0.976412 0.921969
vt 0.976412 0.915796
vt 0.978473 0.893403
vt 0.974946 0.889963
vt 0.978473 0.889877
vt 0.901757 0.822407
vt 0.898302 0.825934
vt 0.898231 0.822407
vt 0.977531 0.771006
vt 0.979072 0.764834
vt 0.979074 0.771006
vt 0.819377 0.961293
vt 0.815924 0.955121
vt 0.819448 0.955121
vt 0.955132 0.957581
vt 0.951606 0.951409
vt 0.955132 0.951408
vt 0.972167 0.939009
vt 0.972167 0.932836
vt 0.839083 0.969092
vt 0.840653 0.965485
vt 0.840653 0.969141
vt 0.929354 0.965931
vt 0.930924 0.969457
vt 0.929354 0.969457
vt 0.950817 0.824576
vt 0.954421 0.818433
vt 0.954421 0.824605
vt 0.978764 0.841648
vt 0.977194 0.847820
vt 0.977193 0.841648
vt 0.845001 0.961790
vt 0.848528 0.965317
vt 0.845001 0.965317
vt 0.856680 0.965329
vt 0.853317 0.968856
vt 0.853226 0.965329
vt 0.978971 0.881592
vt 0.977406 0.875424
vt 0.978971 0.875420
vt 0.823551 0.948948
vt 0.826846 0.955113
vt 0.942697 0.957177
vt 0.939171 0.951005
vt 0.942697 0.951005
vt 0.913513 0.963180
vt 0.916987 0.957007
vt 0.916991 0.963180
vt 0.886332 0.968954
vt 0.887902 0.965601
vt 0.887902 0.969128
vt 0.862893 0.965775
vt 0.861323 0.969101
vt 0.861323 0.965461
vt 0.864961 0.943119
vt 0.861466 0.949273
vt 0.861323 0.943100
vt 0.976314 0.914514
vt 0.977884 0.908341
vt 0.977885 0.914514
vt 0.975733 0.896049
vt 0.978505 0.899576
vt 0.975733 0.899576
vt 0.936324 0.966898
vt 0.939096 0.963400
vt 0.939096 0.966891
vt 0.977780 0.816878
vt 0.976210 0.810706
vt 0.977778 0.810706
vt 0.948452 0.964260
vt 0.944964 0.959276
vt 0.948488 0.959276
vt 0.974946 0.894861
vt 0.972174 0.889877
vt 0.974946 0.889877
vt 0.972206 0.883759
vt 0.974948 0.888744
vt 0.972213 0.888743
vt 0.880896 0.955038
vt 0.884419 0.948869
vt 0.884419 0.955041
vt 0.970372 0.869227
vt 0.973896 0.864263
vt 0.973896 0.869247
vt 0.978505 0.892525
vt 0.980080 0.896026
vt 0.978505 0.896049
vt 0.910385 0.825931
vt 0.908810 0.822407
vt 0.910385 0.822407
vt 0.785156 0.953547
vt 0.781629 0.959719
vt 0.976206 0.804534
vt 0.977781 0.810706
vt 0.976206 0.810706
vt 0.977193 0.842742
vt 0.973667 0.839269
vt 0.977193 0.839201
vt 0.872125 0.961583
vt 0.868599 0.965108
vt 0.868599 0.961621
vt 0.929988 0.935445
vt 0.931564 0.929340
vt 0.931564 0.935445
vt 0.894736 0.950682
vt 0.898224 0.944545
vt 0.898224 0.950718
vt 0.966774 0.939071
vt 0.970300 0.945243
vt 0.966774 0.945243
vt 0.868487 0.955464
vt 0.864961 0.961599
vt 0.864961 0.955512
vt 0.792663 0.959836
vt 0.789320 0.964187
vt 0.792765 0.964186
vt 0.796289 0.959825
vt 0.796289 0.964186
vt 0.789082 0.953547
vt 0.785556 0.959720
vt 0.785556 0.953547
vt 0.915058 0.822235
vt 0.910697 0.816063
vt 0.915058 0.816064
vt 0.848439 0.968843
vt 0.848470 0.965317
vt 0.792665 0.964571
vt 0.789139 0.967814
vt 0.789139 0.964197
vt 0.918630 0.822169
vt 0.922991 0.816063
vt 0.922991 0.822167
vt 0.872217 0.949272
vt 0.868742 0.943100
vt 0.872183 0.943100
vt 0.864961 0.955464
vt 0.868487 0.949292
vt 0.868487 0.955464
vt 0.968388 0.957521
vt 0.971914 0.951415
vt 0.971914 0.957541
vt 0.929254 0.968321
vt 0.925728 0.964924
vt 0.929254 0.964750
vt 0.875744 0.961604
vt 0.872217 0.965128
vt 0.872217 0.961614
vt 0.915114 0.823497
vt 0.918630 0.816090
vt 0.918630 0.823523
vt 0.940367 0.825936
vt 0.936841 0.818503
vt 0.940367 0.818504
vt 0.803700 0.964102
vt 0.807227 0.967685
vt 0.803700 0.967685
vt 0.822716 0.968709
vt 0.822974 0.965182
vt 0.832289 0.937791
vt 0.828763 0.930451
vt 0.832289 0.930407
vt 0.785391 0.959720
vt 0.781865 0.959720
vt 0.785556 0.964212
vt 0.789082 0.959720
vt 0.789082 0.964212
vt 0.909890 0.964245
vt 0.913416 0.959809
vt 0.913416 0.964243
vt 0.921493 0.965045
vt 0.925019 0.968341
vt 0.921493 0.968243
vt 0.918630 0.825935
vt 0.922157 0.822411
vt 0.922157 0.825825
vt 0.961241 0.818220
vt 0.958457 0.815018
vt 0.961241 0.814804
vt 0.961328 0.967457
vt 0.958545 0.963930
vt 0.961328 0.963930
vt 0.890704 0.968377
vt 0.887951 0.964822
vt 0.890704 0.964850
vt 0.826848 0.964822
vt 0.823322 0.961293
vt 0.826848 0.961447
vt 0.977352 0.945421
vt 0.973826 0.948946
vt 0.973826 0.945421
vt 0.964861 0.957591
vt 0.961484 0.963313
vt 0.964861 0.963313
vt 0.968388 0.957588
vt 0.968388 0.963312
vt 0.815924 0.968813
vt 0.819361 0.965287
vt 0.819448 0.968813
vt 0.826846 0.965287
vt 0.823393 0.968813
vt 0.823322 0.965287
vt 0.970300 0.951113
vt 0.973826 0.951083
vt 0.909960 0.953637
vt 0.909890 0.959809
vt 0.905767 0.959629
vt 0.902240 0.953457
vt 0.905767 0.953457
vt 0.972206 0.926728
vt 0.968680 0.920625
vt 0.972206 0.920624
vt 0.977423 0.852791
vt 0.973897 0.849370
vt 0.977423 0.849094
vt 0.913416 0.967769
vt 0.913416 0.964263
vt 0.828683 0.943964
vt 0.832289 0.937821
vt 0.832289 0.943993
vt 0.966774 0.945243
vt 0.970300 0.951415
vt 0.966774 0.951414
vt 0.856752 0.964967
vt 0.853226 0.961443
vt 0.856752 0.961443
vt 0.975330 0.968856
vt 0.978691 0.965329
vt 0.978782 0.968856
vt 0.972206 0.902164
vt 0.968680 0.902154
vt 0.816153 0.948948
vt 0.819450 0.955113
vt 0.898208 0.956891
vt 0.894681 0.950718
vt 0.898208 0.950718
vt 0.968680 0.889877
vt 0.972206 0.889866
vt 0.803836 0.959894
vt 0.807331 0.963975
vt 0.803700 0.964009
vt 0.803700 0.963975
vt 0.800063 0.959890
vt 0.803700 0.959862
vt 0.879467 0.942974
vt 0.875970 0.949129
vt 0.875827 0.942955
vt 0.849114 0.930407
vt 0.845001 0.936579
vt 0.845001 0.930407
vt 0.868599 0.965420
vt 0.871104 0.968944
vt 0.868599 0.968944
vt 0.834794 0.965405
vt 0.832289 0.968901
vt 0.832289 0.965412
vt 0.853226 0.936519
vt 0.849114 0.930415
vt 0.853226 0.930407
vt 0.970387 0.869247
vt 0.973878 0.874265
vt 0.970351 0.874265
vt 0.961335 0.956416
vt 0.958829 0.951398
vt 0.961335 0.951398
vt 0.931860 0.965850
vt 0.929354 0.960889
vt 0.931860 0.960881
vt 0.970373 0.859177
vt 0.973899 0.854180
vt 0.973899 0.859197
vt 0.792788 0.953653
vt 0.796291 0.959825
vt 0.792765 0.959825
vt 0.136760 0.200551
vt 0.143784 0.201677
vt 0.136760 0.201677
vt 0.207487 0.198342
vt 0.200462 0.216881
vt 0.200462 0.198342
vt 0.213875 0.037668
vt 0.206851 0.087814
vt 0.206851 0.037668
vt 0.207486 0.218007
vt 0.200462 0.218007
vt 0.213875 0.088940
vt 0.206851 0.088940
vt 0.213875 0.086688
vt 0.220895 0.036542
vt 0.220895 0.086688
vt 0.220895 0.086688
vt 0.227915 0.036542
vt 0.227915 0.086688
vt 0.206851 0.036542
vt 0.135646 0.150169
vt 0.135359 0.147688
vt 0.136760 0.149044
vt 0.104390 0.150158
vt 0.087397 0.148737
vt 0.104390 0.148742
vt 0.135646 0.097772
vt 0.087397 0.099171
vt 0.086057 0.097755
vt 0.084944 0.149026
vt 0.086057 0.150152
vt 0.136760 0.098898
vt 0.134306 0.099187
vt 0.084944 0.098880
vt 0.086344 0.147671
vt 0.135359 0.100253
vt 0.086344 0.100236
vt 0.117564 0.150163
vt 0.134306 0.148752
vt 0.136760 0.219961
vt 0.232936 0.059423
vt 0.231520 0.066444
vt 0.231520 0.059423
vt 0.232837 0.044033
vt 0.231420 0.037012
vt 0.232837 0.037012
vt 0.864279 0.572581
vt 0.800258 0.596575
vt 0.800258 0.579515
vt 0.799943 0.591600
vt 0.432042 0.207183
vt 0.409260 0.047380
vt 0.868371 0.568869
vt 0.800258 0.606470
vt 0.467658 0.127769
vt 0.421110 0.057564
vt 0.851503 0.567621
vt 0.798847 0.686363
vt 0.924042 0.533762
vt 0.782442 0.693355
vt 0.817176 0.677997
vt 0.813757 0.667495
vt 0.820157 0.681280
vt 0.858008 0.567621
vt 0.896186 0.679486
vt 0.782442 0.686849
vt 0.817176 0.683317
vt 0.823527 0.677901
vt 0.862100 0.572581
vt 0.799943 0.606471
vt 0.799943 0.591600
vt 0.357776 0.157783
vt 0.313926 0.053359
vt 0.858008 0.568869
vt 0.800258 0.608931
vt 0.799943 0.601550
vt 0.396392 0.184866
vt 0.327135 0.114105
vt 0.899574 0.574612
vt 0.924042 0.540197
vt 0.842326 0.681176
vt 0.827323 0.683241
vt 0.813345 0.682027
vt 0.844998 0.567621
vt 0.895645 0.686362
vt 0.842326 0.687682
vt 0.827323 0.677920
vt 0.820157 0.678691
vt 0.316302 0.666079
vt 0.379670 0.572037
vt 0.288746 0.664676
vt 0.382625 0.571904
vt 0.372038 0.674351
vt 0.371969 0.660005
vt 0.388189 0.665232
vt 0.380162 0.572037
vt 0.394096 0.568463
vt 0.370419 0.676090
vt 0.370259 0.668896
vt 0.365415 0.660005
vt 0.379603 0.569307
vt 0.384626 0.665232
vt 0.382132 0.572037
vt 0.365432 0.664032
vt 0.365500 0.680427
vt 0.305405 0.664943
vt 0.373674 0.680427
vt 0.312648 0.686485
vt 0.289246 0.685089
vt 0.393603 0.565541
vt 0.428064 0.662629
vt 0.428556 0.642223
vt 0.393603 0.567002
vt 0.373674 0.680427
vt 0.367196 0.660005
vt 0.305899 0.685356
vt 0.382132 0.570444
vt 0.288247 0.685089
vt 0.950723 0.824605
vt 0.827398 0.887431
vt 0.853207 0.825936
vt 0.084146 0.378964
vt 0.775457 0.825890
vt 0.164274 0.342827
vt 0.185002 0.410423
vt 0.880826 0.940189
vt 0.933814 0.764361
vt 0.827652 0.764361
vt 0.827652 0.825890
vt 0.187242 0.373760
vt 0.089043 0.378971
vt 0.345381 0.926160
vt 0.344895 0.931966
vt 0.455593 0.784137
vt 0.337787 0.926160
vt 0.314456 0.937573
vt 0.409032 0.820642
vt 0.333916 0.926161
vt 0.317768 0.937573
vt 0.407853 0.925175
vt 0.299329 0.936227
vt 0.401799 0.820574
vt 0.326048 0.926099
vt 0.307723 0.931714
vt 0.445210 0.950848
vt 0.317805 0.925852
vt 0.428089 0.954229
vt 0.289551 0.930429
vt 0.326048 0.937820
vt 0.366242 0.932181
vt 0.311071 0.931714
vt 0.311108 0.937573
vt 0.459896 0.931810
vt 0.455786 0.906969
vt 0.408419 0.936834
vt 0.322631 0.950105
vt 0.341584 0.926104
vt 0.349140 0.926164
vt 0.415678 0.925138
vt 0.333293 0.937821
vt 0.383661 0.950546
vt 0.299329 0.924569
vt 0.438825 0.822762
vt 0.418230 0.950881
vt 0.429762 0.817128
vt 0.412330 0.936796
vt 0.456597 0.816057
vt 0.401051 0.950723
vt 0.292899 0.936227
vt 0.380311 0.950724
vt 0.289551 0.936227
vt 0.187242 0.349186
vt 0.164673 0.428590
vt 0.192977 0.412192
vt 0.192949 0.348628
vt 0.193656 0.407762
vt 0.189258 0.353045
vt 0.191882 0.397469
vt 0.192934 0.327657
vt 0.163268 0.427905
vt 0.154039 0.430701
vt 0.189227 0.415480
vt 0.132509 0.428732
vt 0.192792 0.385461
vt 0.167910 0.430757
vt 0.166551 0.430757
vt 0.189258 0.341464
vt 0.192099 0.403296
vt 0.193006 0.392935
vt 0.183118 0.430784
vt 0.184939 0.404353
vt 0.192181 0.377988
vt 0.152680 0.428486
vt 0.192416 0.347981
vt 0.189258 0.356907
vt 0.191877 0.418169
vt 0.193649 0.429873
vt 0.192982 0.339817
vt 0.085696 0.416777
vt 0.192977 0.407762
vt 0.183798 0.430784
vt 0.187242 0.337604
vt 0.174679 0.337172
vt 0.192568 0.313679
vt 0.193050 0.372917
vt 0.175643 0.420247
vt 0.168961 0.428590
vt 0.177584 0.428774
vt 0.165352 0.428590
vt 0.163980 0.421024
vt 0.193053 0.356236
vt 0.193511 0.327535
vt 0.193164 0.366843
vt 0.139702 0.428487
vt 0.184074 0.341955
vt 0.192483 0.376776
vt 0.193160 0.313679
vt 0.166031 0.428590
vt 0.193649 0.427658
vt 0.173976 0.416382
vt 0.192546 0.309531
vt 0.192573 0.319381
vt 0.192982 0.344122
vt 0.192949 0.350843
vt 0.138805 0.420471
vt 0.193166 0.417697
vt 0.162313 0.417158
vt 0.192416 0.345766
vt 0.181760 0.430784
vt 0.176225 0.428774
vt 0.163980 0.409436
vt 0.193035 0.422029
vt 0.131917 0.430947
vt 0.141226 0.430701
vt 0.163980 0.413299
vt 0.192416 0.341462
vt 0.193193 0.337426
vt 0.192486 0.362367
vt 0.181731 0.422878
vt 0.139023 0.428487
vt 0.082536 0.944987
vt 0.081259 0.891237
vt 0.089620 0.890048
vt 0.082536 0.890056
vt 0.103674 0.890034
vt 0.111040 0.890026
vt 0.191069 0.888940
vt 0.192871 0.796054
vt 0.080922 0.899344
vt 0.168342 0.581504
vt 0.136574 0.955398
vt 0.144302 0.888940
vt 0.137817 0.888940
vt 0.136636 0.887760
vt 0.137817 0.834009
vt 0.164098 0.887784
vt 0.157274 0.888940
vt 0.135580 0.891256
vt 0.128778 0.890061
vt 0.134523 0.945004
vt 0.117173 0.890038
vt 0.134523 0.890073
vt 0.023445 0.949732
vt 0.165694 0.943871
vt 0.157663 0.581504
vt 0.136574 0.969049
vt 0.191560 0.887760
vt 0.190380 0.888940
vt 0.183894 0.888940
vt 0.177409 0.888940
vt 0.170923 0.888940
vt 0.190380 0.834009
vt 0.344926 0.693597
vt 0.381530 0.660005
vt 0.359342 0.666493
vt 0.365415 0.672851
vt 0.337332 0.690571
vt 0.376827 0.680580
vt 0.434166 0.559544
vt 0.368731 0.660005
vt 0.418858 0.678684
vt 0.431723 0.662026
vt 0.433796 0.673623
vt 0.353810 0.693215
vt 0.376827 0.680580
vt 0.434336 0.653911
vt 0.420477 0.678699
vt 0.356716 0.660013
vt 0.416231 0.658126
vt 0.977423 0.867767
vt 0.978913 0.854159
vt 0.898714 0.953637
vt 0.977630 0.793550
vt 0.973667 0.839201
vt 0.977665 0.778001
vt 0.803354 0.947481
vt 0.913513 0.957007
vt 0.879354 0.961467
vt 0.929252 0.964750
vt 0.971803 0.957541
vt 0.789139 0.953653
vt 0.927251 0.822236
vt 0.975330 0.965329
vt 0.785391 0.967684
vt 0.836549 0.936513
vt 0.828589 0.950166
vt 0.932118 0.951006
vt 0.972206 0.932834
vt 0.920780 0.964785
vt 0.864850 0.965461
vt 0.872217 0.943100
vt 0.828589 0.956338
vt 0.800049 0.967680
vt 0.880730 0.968814
vt 0.972207 0.877638
vt 0.944964 0.953105
vt 0.872217 0.955477
vt 0.898719 0.959809
vt 0.781741 0.941203
vt 0.922991 0.822236
vt 0.812392 0.965282
vt 0.849114 0.961527
vt 0.929988 0.929340
vt 0.774347 0.953577
vt 0.964861 0.957587
vt 0.898208 0.956891
vt 0.849114 0.968916
vt 0.853226 0.942926
vt 0.803543 0.953690
vt 0.948534 0.968051
vt 0.976106 0.771896
vt 0.849114 0.955386
vt 0.968388 0.957541
vt 0.894579 0.957007
vt 0.857297 0.955294
vt 0.815924 0.965287
vt 0.971803 0.967434
vt 0.848528 0.955273
vt 0.958658 0.957578
vt 0.925017 0.964743
vt 0.920778 0.964744
vt 0.853226 0.949098
vt 0.800002 0.953689
vt 0.936841 0.819764
vt 0.836549 0.930408
vt 0.958545 0.963973
vt 0.944964 0.967864
vt 0.875827 0.936753
vt 0.835815 0.949208
vt 0.860823 0.961441
vt 0.875893 0.965332
vt 0.872125 0.955445
vt 0.822976 0.948941
vt 0.921493 0.960482
vt 0.845001 0.955273
vt 0.973899 0.854159
vt 0.860937 0.949121
vt 0.935644 0.951005
vt 0.836549 0.968916
vt 0.978740 0.804534
vt 0.972206 0.908341
vt 0.905767 0.959629
vt 0.975441 0.956186
vt 0.964959 0.968034
vt 0.906065 0.959629
vt 0.777873 0.953577
vt 0.978764 0.847820
vt 0.980242 0.957541
vt 0.840809 0.955272
vt 0.979110 0.778001
vt 0.972788 0.915796
vt 0.835815 0.965405
vt 0.925728 0.948097
vt 0.812391 0.955113
vt 0.974929 0.936375
vt 0.822974 0.961293
vt 0.875744 0.949305
vt 0.844281 0.965309
vt 0.792765 0.964330
vt 0.968680 0.914450
vt 0.913513 0.950834
vt 0.840809 0.949099
vt 0.832077 0.962511
vt 0.796518 0.959862
vt 0.778044 0.963958
vt 0.944964 0.946900
vt 0.944606 0.818503
vt 0.781570 0.963958
vt 0.974952 0.902164
vt 0.925710 0.929341
vt 0.785556 0.947375
vt 0.875827 0.949146
vt 0.861323 0.955464
vt 0.973875 0.862722
vt 0.973878 0.876648
vt 0.785444 0.947375
vt 0.852641 0.949214
vt 0.974948 0.887286
vt 0.875827 0.961467
vt 0.932118 0.963350
vt 0.792765 0.953653
vt 0.857297 0.949121
vt 0.887950 0.948866
vt 0.812306 0.965357
vt 0.840809 0.942927
vt 0.868599 0.949272
vt 0.909591 0.964422
vt 0.955019 0.963753
vt 0.925728 0.954306
vt 0.815918 0.961285
vt 0.973667 0.842926
vt 0.887943 0.961217
vt 0.803543 0.959862
vt 0.887946 0.965456
vt 0.917254 0.948138
vt 0.917254 0.935513
vt 0.845001 0.930408
vt 0.973878 0.872725
vt 0.774347 0.941203
vt 0.840076 0.949207
vt 0.822977 0.961293
vt 0.857363 0.965328
vt 0.891074 0.963179
vt 0.965141 0.818327
vt 0.963248 0.945243
vt 0.925034 0.954310
vt 0.774347 0.964019
vt 0.973896 0.864243
vt 0.868599 0.949291
vt 0.909591 0.959629
vt 0.932193 0.825857
vt 0.972167 0.889877
vt 0.970351 0.864243
vt 0.972167 0.907209
vt 0.974928 0.932835
vt 0.970351 0.849094
vt 0.896251 0.966615
vt 0.830159 0.966137
vt 0.812382 0.961285
vt 0.977291 0.823516
vt 0.972788 0.912069
vt 0.836549 0.961553
vt 0.978976 0.858071
vt 0.796476 0.947481
vt 0.968388 0.951416
vt 0.942631 0.963350
vt 0.980075 0.902396
vt 0.815916 0.961285
vt 0.977240 0.939071
vt 0.978798 0.957541
vt 0.796476 0.964244
vt 0.978978 0.847987
vt 0.778045 0.953547
vt 0.840058 0.961553
vt 0.862893 0.965461
vt 0.974944 0.969182
vt 0.958046 0.818327
vt 0.978764 0.841648
vt 0.884409 0.965288
vt 0.812384 0.961285
vt 0.978860 0.824597
vt 0.853227 0.930407
vt 0.857311 0.930411
vt 0.875715 0.965599
vt 0.781747 0.947375
vt 0.977404 0.869248
vt 0.901757 0.825934
vt 0.976206 0.794440
vt 0.917255 0.954311
vt 0.972167 0.902169
vt 0.866873 0.969103
vt 0.845001 0.942926
vt 0.976412 0.928141
vt 0.975733 0.881407
vt 0.975850 0.882825
vt 0.958545 0.963750
vt 0.861323 0.949291
vt 0.935650 0.957178
vt 0.978861 0.830769
vt 0.828589 0.966137
vt 0.884409 0.961216
vt 0.977982 0.921969
vt 0.974946 0.893403
vt 0.977590 0.764833
vt 0.968680 0.939007
vt 0.930924 0.965851
vt 0.950723 0.818403
vt 0.978764 0.847820
vt 0.848528 0.961428
vt 0.856614 0.968856
vt 0.977404 0.881597
vt 0.826846 0.948941
vt 0.939170 0.957177
vt 0.913552 0.957007
vt 0.886332 0.965456
vt 0.862893 0.968995
vt 0.864961 0.949291
vt 0.976315 0.908341
vt 0.936324 0.963350
vt 0.976206 0.816878
vt 0.972174 0.894861
vt 0.974948 0.883760
vt 0.880885 0.948866
vt 0.980080 0.892525
vt 0.908810 0.825931
vt 0.785156 0.959719
vt 0.977781 0.804534
vt 0.872125 0.965420
vt 0.929988 0.929341
vt 0.894681 0.944509
vt 0.970300 0.939071
vt 0.868487 0.961571
vt 0.792663 0.964197
vt 0.789082 0.959720
vt 0.910697 0.822235
vt 0.845001 0.968843
vt 0.792665 0.967670
vt 0.918630 0.816066
vt 0.864961 0.949291
vt 0.968388 0.951416
vt 0.925728 0.968279
vt 0.875744 0.965423
vt 0.915058 0.816063
vt 0.936841 0.825936
vt 0.807227 0.964009
vt 0.819450 0.968709
vt 0.828762 0.937786
vt 0.785450 0.964211
vt 0.785556 0.959720
vt 0.909890 0.959824
vt 0.925019 0.964743
vt 0.958457 0.818220
vt 0.958545 0.967457
vt 0.887960 0.968348
vt 0.977352 0.949142
vt 0.964861 0.963316
vt 0.964862 0.957588
vt 0.826846 0.968813
vt 0.970301 0.945491
vt 0.913416 0.953637
vt 0.902240 0.959629
vt 0.968680 0.926729
vt 0.973897 0.852569
vt 0.909890 0.967849
vt 0.828589 0.937791
vt 0.975396 0.965329
vt 0.972206 0.896081
vt 0.819450 0.948941
vt 0.894681 0.956891
vt 0.968680 0.883814
vt 0.807331 0.959862
vt 0.879467 0.949146
vt 0.849114 0.936579
vt 0.871104 0.965420
vt 0.834794 0.968951
vt 0.849114 0.936515
vt 0.973878 0.869247
vt 0.958829 0.956416
vt 0.929354 0.965851
vt 0.970351 0.854159
vt 0.796291 0.953653
vt 0.143784 0.200551
vt 0.207487 0.216881
vt 0.213875 0.087814
vt 0.213875 0.036542
vt 0.117564 0.148747
vt 0.143784 0.219961
vt 0.232936 0.066444
vt 0.231420 0.044033
s 0
usemtl Texture
f 6/1/1 5/2/1 3/3/1
f 6/4/2 8/5/2 9/6/2
f 25/7/1 1/8/1 6/1/1
f 5/9/3 4/10/3 3/11/3
f 21/12/4 18/13/4 29/14/4
f 25/7/1 3/3/1 20/15/1
f 3/16/5 11/17/5 2/18/5
f 20/15/1 2/19/1 15/20/1
f 30/21/1 21/22/1 29/23/1
f 7/24/1 13/25/1 8/26/1
f 1/27/5 7/28/5 6/29/5
f 22/30/1 23/31/1 19/32/1
f 18/33/1 20/15/1 15/20/1
f 26/34/2 23/35/2 27/36/2
f 25/7/1 17/37/1 16/38/1
f 21/39/3 22/40/3 19/41/3
f 4/42/1 12/43/1 11/44/1
f 19/32/1 25/7/1 20/15/1
f 24/45/1 31/46/1 32/47/1
f 24/48/4 17/49/4 23/50/4
f 34/51/1 44/52/1 38/53/1
f 33/54/1 42/55/1 36/56/1
f 34/51/1 41/57/1 40/58/1
f 43/59/1 33/54/1 37/60/1
f 38/53/1 43/59/1 37/60/1
f 36/56/1 67/61/1 59/62/1
f 35/63/1 68/64/1 41/57/1
f 41/65/6 46/66/6 40/67/6
f 49/68/5 39/69/5 43/70/5
f 50/71/5 43/70/5 44/72/5
f 42/73/7 75/74/7 67/75/7
f 68/76/8 47/77/8 41/65/8
f 46/78/5 44/72/5 40/79/5
f 39/80/9 48/81/9 42/73/9
f 38/82/4 52/83/4 34/84/4
f 36/85/10 51/86/10 33/87/10
f 34/88/11 53/89/11 35/90/11
f 33/91/4 55/92/4 37/93/4
f 37/93/4 56/94/4 38/82/4
f 59/95/10 54/96/10 36/85/10
f 35/90/11 84/97/11 60/98/11
f 58/99/1 72/100/1 66/101/1
f 70/102/1 57/103/1 62/104/1
f 58/99/1 69/105/1 61/106/1
f 57/103/1 71/107/1 63/108/1
f 64/109/1 71/107/1 72/100/1
f 67/61/1 62/104/1 59/62/1
f 61/106/1 68/64/1 60/110/1
f 74/111/10 69/112/10 66/113/10
f 65/114/4 79/115/4 71/116/4
f 71/116/4 80/117/4 72/118/4
f 75/74/12 70/119/12 67/75/12
f 77/120/13 68/76/13 69/112/13
f 72/118/4 74/121/4 66/122/4
f 78/123/11 65/124/11 70/119/11
f 82/125/5 64/126/5 58/127/5
f 81/128/6 62/129/6 57/130/6
f 85/131/9 58/132/9 61/133/9
f 87/134/5 57/135/5 63/136/5
f 88/137/5 63/136/5 64/126/5
f 86/138/6 59/95/6 62/129/6
f 84/97/9 61/133/9 60/98/9
f 93/139/1 94/140/1 91/141/1
f 96/142/2 94/143/2 97/144/2
f 113/145/1 89/146/1 104/147/1
f 92/41/3 93/16/3 91/39/3
f 106/13/5 109/148/5 117/14/5
f 91/141/1 113/145/1 108/149/1
f 99/150/4 91/151/4 90/152/4
f 90/19/1 108/149/1 103/153/1
f 118/154/1 109/155/1 116/156/1
f 95/157/1 101/158/1 102/159/1
f 95/160/4 89/161/4 94/162/4
f 111/163/1 110/164/1 107/165/1
f 108/149/1 106/166/1 103/153/1
f 111/167/2 114/168/2 115/50/2
f 113/145/1 105/169/1 111/163/1
f 110/170/3 109/11/3 107/10/3
f 92/171/1 100/172/1 98/173/1
f 113/145/1 107/165/1 108/149/1
f 112/174/1 119/175/1 114/176/1
f 105/160/5 112/177/5 111/27/5
f 122/178/1 132/52/1 128/58/1
f 130/179/1 121/180/1 124/181/1
f 122/178/1 129/182/1 123/183/1
f 121/180/1 131/59/1 125/184/1
f 126/185/1 131/59/1 132/52/1
f 155/186/1 124/181/1 147/187/1
f 123/183/1 156/188/1 148/189/1
f 134/190/10 129/191/10 128/192/10
f 127/193/4 137/194/4 131/195/4
f 131/195/4 138/196/4 132/197/4
f 163/198/12 130/199/12 155/200/12
f 135/201/13 156/202/13 129/191/13
f 132/197/4 134/203/4 128/204/4
f 136/205/11 127/206/11 130/199/11
f 140/207/5 126/208/5 122/209/5
f 139/210/6 124/211/6 121/212/6
f 141/213/9 122/214/9 123/215/9
f 143/216/5 121/83/5 125/217/5
f 144/218/5 125/217/5 126/208/5
f 142/219/6 147/220/6 124/211/6
f 172/221/9 123/215/9 148/222/9
f 146/223/1 160/224/1 152/225/1
f 145/226/1 158/227/1 150/228/1
f 146/223/1 157/229/1 154/230/1
f 159/231/1 145/226/1 151/232/1
f 152/225/1 159/231/1 151/232/1
f 150/228/1 155/186/1 147/187/1
f 149/233/1 156/188/1 157/229/1
f 157/234/6 162/235/6 154/236/6
f 167/237/5 153/238/5 159/239/5
f 168/240/5 159/239/5 160/241/5
f 158/242/7 163/198/7 155/200/7
f 156/202/8 165/243/8 157/234/8
f 162/244/5 160/241/5 154/245/5
f 153/246/9 166/247/9 158/242/9
f 152/248/4 170/249/4 146/250/4
f 150/251/10 169/252/10 145/209/10
f 146/253/11 173/254/11 149/255/11
f 145/256/4 175/257/4 151/258/4
f 151/258/4 176/259/4 152/248/4
f 147/220/10 174/260/10 150/251/10
f 149/255/11 172/221/11 148/222/11
f 186/261/14 177/262/14 185/263/14
f 202/264/15 179/265/15 201/266/15
f 178/267/3 181/268/3 177/269/3
f 188/270/16 178/271/16 186/272/16
f 184/273/2 180/274/2 179/275/2
f 194/276/17 186/272/17 193/277/17
f 181/278/15 185/279/15 177/280/15
f 195/281/18 186/261/18 185/263/18
f 190/282/19 197/283/19 189/284/19
f 199/285/20 189/286/20 197/287/20
f 196/288/21 189/284/21 195/289/21
f 187/290/22 195/289/22 185/279/22
f 191/291/23 195/281/23 189/286/23
f 192/292/16 193/277/16 191/293/16
f 201/294/20 199/285/20 197/287/20
f 204/295/24 199/296/24 203/297/24
f 183/298/25 203/297/25 180/299/25
f 179/300/26 203/301/26 201/294/26
f 198/302/15 201/266/15 197/283/15
f 226/303/27 207/304/27 225/305/27
f 206/306/3 209/307/3 205/308/3
f 209/309/15 219/310/15 205/311/15
f 212/312/2 208/313/2 207/314/2
f 219/315/28 206/262/28 205/316/28
f 214/317/15 221/318/15 213/319/15
f 221/320/29 215/321/29 213/322/29
f 220/323/15 213/319/15 219/310/15
f 215/321/29 219/315/29 213/322/29
f 216/324/30 217/325/30 215/326/30
f 227/327/31 221/320/31 225/328/31
f 228/329/32 223/330/32 227/331/32
f 211/332/16 227/331/16 208/333/16
f 208/334/1 225/328/1 207/335/1
f 222/336/33 225/305/33 221/318/33
f 233/337/34 297/338/34 305/339/34
f 229/340/3 301/341/3 297/342/3
f 234/343/16 229/344/16 233/345/16
f 304/346/2 230/347/2 299/348/2
f 238/349/35 233/345/35 237/350/35
f 237/351/36 305/339/36 313/352/36
f 239/353/37 308/354/37 314/355/37
f 240/356/16 235/357/16 239/358/16
f 308/354/36 237/351/36 313/352/36
f 236/359/38 237/350/38 235/357/38
f 242/360/16 239/358/16 241/361/16
f 241/362/39 314/355/39 317/363/39
f 320/364/39 241/362/39 317/363/39
f 244/365/40 241/361/40 243/366/40
f 232/367/41 243/366/41 230/368/41
f 299/369/42 243/370/42 320/364/42
f 218/371/43 206/372/43 217/325/43
f 200/373/44 191/293/44 199/296/44
f 224/374/45 215/326/45 223/330/45
f 245/375/46 254/376/46 253/377/46
f 247/378/47 270/379/47 269/380/47
f 246/381/3 249/382/3 250/383/3
f 246/384/48 256/385/48 254/386/48
f 248/387/2 252/388/2 247/389/2
f 254/386/49 262/390/49 261/391/49
f 253/392/47 249/393/47 245/394/47
f 263/395/50 254/376/50 261/396/50
f 258/397/51 265/398/51 266/399/51
f 257/400/52 267/401/52 265/402/52
f 257/403/53 264/404/53 263/405/53
f 263/405/54 255/406/54 253/392/54
f 263/395/55 259/407/55 257/400/55
f 261/391/48 260/408/48 259/409/48
f 269/410/56 267/401/56 271/411/56
f 267/412/57 272/413/57 271/414/57
f 271/414/58 251/415/58 248/416/58
f 247/417/59 271/411/59 248/418/59
f 269/380/47 266/399/47 265/398/47
f 275/419/60 294/420/60 293/421/60
f 274/306/3 277/422/3 278/423/3
f 277/424/47 287/425/47 288/426/47
f 276/427/2 280/428/2 275/429/2
f 287/430/61 274/431/61 285/432/61
f 282/433/47 289/434/47 290/435/47
f 289/436/62 283/437/62 291/438/62
f 281/439/47 288/426/47 287/425/47
f 287/430/63 283/437/63 281/440/63
f 285/441/64 284/442/64 283/443/64
f 289/436/65 295/444/65 293/445/65
f 291/446/66 296/447/66 295/448/66
f 295/448/48 279/449/48 276/450/48
f 293/445/1 276/451/1 275/452/1
f 293/421/67 290/435/67 289/434/67
f 297/338/68 306/453/68 305/339/68
f 298/454/3 301/341/3 302/455/3
f 298/456/48 307/457/48 306/458/48
f 300/459/2 304/346/2 299/348/2
f 306/458/69 312/460/69 311/461/69
f 305/339/70 311/462/70 313/352/70
f 308/354/71 315/463/71 314/355/71
f 309/464/48 316/465/48 315/466/48
f 308/354/72 311/462/72 309/467/72
f 311/461/73 310/468/73 309/464/73
f 315/466/48 319/469/48 318/470/48
f 314/355/74 318/471/74 317/363/74
f 320/364/75 318/471/75 321/472/75
f 318/470/76 322/473/76 321/474/76
f 321/474/77 303/475/77 300/476/77
f 299/369/78 321/472/78 300/477/78
f 274/478/79 286/479/79 285/441/79
f 259/409/80 268/480/80 267/412/80
f 283/443/81 292/481/81 291/446/81
f 325/482/3 323/483/3 326/484/3
f 327/485/2 329/486/2 330/487/2
f 352/488/82 329/489/82 350/490/82
f 332/491/83 327/492/83 333/493/83
f 356/494/1 328/495/1 332/496/1
f 334/497/84 329/498/84 331/499/84
f 333/493/5 330/500/5 334/497/5
f 328/501/85 350/502/85 329/486/85
f 325/482/86 343/503/86 324/504/86
f 336/505/87 334/506/87 338/507/87
f 337/508/88 334/506/88 331/509/88
f 356/510/89 335/511/89 362/512/89
f 335/511/90 333/513/90 336/505/90
f 337/508/91 352/514/91 357/515/91
f 344/516/82 337/517/82 357/518/82
f 324/519/83 336/520/83 323/521/83
f 343/522/1 335/523/1 324/524/1
f 326/525/84 337/526/84 325/527/84
f 323/521/5 338/528/5 326/525/5
f 339/529/3 341/530/3 342/531/3
f 347/532/2 345/533/2 348/534/2
f 352/488/82 347/535/82 351/536/82
f 345/537/92 353/538/92 354/539/92
f 356/494/1 346/540/1 349/541/1
f 347/542/93 355/543/93 351/544/93
f 348/545/4 354/539/4 355/543/4
f 350/502/94 346/546/94 347/532/94
f 343/503/95 341/530/95 340/547/95
f 355/548/96 359/549/96 361/550/96
f 360/551/97 355/548/97 361/550/97
f 358/552/98 356/510/98 362/512/98
f 354/553/99 358/552/99 359/549/99
f 352/514/100 360/551/100 357/515/100
f 344/516/82 360/554/82 341/555/82
f 359/556/92 340/557/92 339/558/92
f 343/522/1 358/559/1 362/560/1
f 360/561/93 342/562/93 341/563/93
f 361/564/4 339/558/4 342/562/4
f 364/565/1 365/566/1 363/567/1
f 370/567/82 367/568/82 369/569/82
f 368/570/4 363/571/4 367/572/4
f 369/573/3 363/574/3 365/575/3
f 366/576/2 368/577/2 370/578/2
f 371/579/1 374/580/1 373/581/1
f 378/582/82 375/583/82 377/584/82
f 376/585/4 371/586/4 375/587/4
f 373/588/3 375/589/3 371/590/3
f 374/591/2 376/592/2 378/593/2
f 380/594/1 381/595/1 379/596/1
f 385/597/82 384/598/82 383/582/82
f 384/599/4 379/600/4 383/601/4
f 385/602/3 379/603/3 381/604/3
f 382/605/2 384/606/2 386/607/2
f 388/608/4 389/609/4 387/610/4
f 394/611/5 391/612/5 393/613/5
f 392/614/82 387/615/82 391/616/82
f 393/617/3 387/618/3 389/619/3
f 390/620/2 392/621/2 394/622/2
f 396/623/1 397/581/1 395/580/1
f 398/624/5 401/625/5 397/626/5
f 402/627/82 399/628/82 401/629/82
f 400/630/4 395/631/4 399/632/4
f 401/633/3 395/634/3 397/635/3
f 398/636/2 400/637/2 402/638/2
f 404/639/4 405/640/4 403/641/4
f 410/642/5 407/643/5 409/644/5
f 408/645/82 403/646/82 407/647/82
f 409/588/3 403/648/3 405/592/3
f 406/649/2 408/650/2 410/651/2
f 412/652/4 413/653/4 411/609/4
f 418/654/5 415/655/5 417/656/5
f 416/657/82 411/626/82 415/658/82
f 413/659/3 415/602/3 411/604/3
f 414/660/2 416/661/2 418/662/2
f 420/663/82 421/664/82 419/665/82
f 426/596/1 423/666/1 425/667/1
f 424/668/5 419/669/5 423/670/5
f 421/573/3 423/590/3 419/589/3
f 422/671/2 424/630/2 426/672/2
f 428/665/82 429/673/82 427/565/82
f 433/594/1 432/674/1 431/675/1
f 432/676/5 427/677/5 431/678/5
f 429/648/3 431/679/3 427/680/3
f 430/573/2 432/681/2 434/682/2
f 436/683/82 437/579/82 435/674/82
f 442/684/1 439/685/1 441/686/1
f 439/669/5 436/677/5 435/670/5
f 441/687/3 435/688/3 437/603/3
f 438/689/2 440/589/2 442/690/2
f 444/691/5 445/692/5 443/693/5
f 450/694/4 447/695/4 449/653/4
f 448/696/1 443/616/1 447/615/1
f 445/697/3 447/698/3 443/699/3
f 446/700/2 448/701/2 450/702/2
f 452/703/82 453/704/82 451/705/82
f 454/576/4 457/706/4 453/707/4
f 458/667/1 455/708/1 457/663/1
f 456/709/5 451/710/5 455/711/5
f 457/712/3 451/713/3 453/714/3
f 458/715/2 452/716/2 456/717/2
f 460/718/5 461/613/5 459/719/5
f 466/720/4 463/721/4 465/722/4
f 464/723/1 459/724/1 463/697/1
f 465/635/3 459/725/3 461/633/3
f 462/726/2 464/727/2 466/728/2
f 468/729/5 469/730/5 467/731/5
f 474/732/4 471/610/4 473/733/4
f 472/734/1 467/735/1 471/736/1
f 469/737/3 471/738/3 467/739/3
f 470/740/2 472/741/2 474/713/2
f 476/742/5 477/743/5 475/612/5
f 482/744/4 479/745/4 481/746/4
f 480/747/1 475/748/1 479/696/1
f 477/749/3 479/750/3 475/751/3
f 478/752/2 480/753/2 482/754/2
f 484/755/5 485/644/5 483/756/5
f 490/757/4 487/758/4 489/759/4
f 488/699/1 483/760/1 487/761/1
f 489/762/3 483/763/3 485/764/3
f 486/765/2 488/766/2 490/767/2
f 495/768/101 493/769/101 491/770/101
f 496/771/102 494/772/102 498/773/102
f 494/774/103 497/775/103 498/776/103
f 491/777/1 494/778/1 492/779/1
f 498/780/82 495/781/82 496/782/82
f 499/783/82 502/784/82 501/785/82
f 506/786/1 503/787/1 505/788/1
f 504/789/103 499/790/103 503/791/103
f 501/792/102 503/793/102 499/794/102
f 502/795/101 504/796/101 506/797/101
f 507/798/82 510/799/82 509/800/82
f 514/801/1 511/802/1 513/803/1
f 512/804/103 507/805/103 511/806/103
f 509/807/102 511/808/102 507/809/102
f 510/810/101 512/811/101 514/812/101
f 515/813/82 518/814/82 517/815/82
f 522/814/1 519/816/1 521/815/1
f 519/817/103 516/818/103 515/819/103
f 517/820/102 519/821/102 515/822/102
f 518/823/101 520/824/101 522/825/101
f 523/826/82 526/827/82 525/828/82
f 530/829/1 527/830/1 529/831/1
f 527/832/103 524/833/103 523/834/103
f 525/835/102 527/836/102 523/837/102
f 526/771/101 528/838/101 530/839/101
f 531/840/82 534/841/82 533/842/82
f 538/843/1 535/844/1 537/845/1
f 536/846/103 531/847/103 535/848/103
f 533/849/102 535/850/102 531/851/102
f 538/852/101 532/853/101 536/854/101
f 539/855/82 542/856/82 541/857/82
f 546/858/1 543/859/1 545/860/1
f 544/861/103 539/862/103 543/863/103
f 545/864/102 539/825/102 541/865/102
f 542/866/101 544/853/101 546/867/101
f 547/868/82 550/869/82 549/870/82
f 554/871/1 551/841/1 553/872/1
f 552/873/103 547/874/103 551/875/103
f 549/876/102 551/877/102 547/878/102
f 550/879/101 552/880/101 554/881/101
f 557/882/104 559/883/104 555/884/104
f 562/885/105 556/886/105 560/887/105
f 562/888/106 557/889/106 558/890/106
f 558/891/1 555/830/1 556/892/1
f 562/893/82 559/894/82 561/895/82
f 563/896/82 566/897/82 564/898/82
f 567/899/1 570/900/1 569/901/1
f 563/902/106 568/903/106 567/904/106
f 565/905/105 567/906/105 569/907/105
f 568/908/104 566/838/104 570/909/104
f 571/910/82 574/911/82 572/887/82
f 575/912/1 578/913/1 577/914/1
f 571/915/106 576/916/106 575/917/106
f 573/918/105 575/919/105 577/920/105
f 576/921/104 574/922/104 578/923/104
f 579/924/82 582/925/82 580/926/82
f 583/927/1 586/928/1 585/929/1
f 583/930/106 580/931/106 584/932/106
f 581/933/105 583/934/105 585/935/105
f 584/936/104 582/937/104 586/938/104
f 587/939/82 590/940/82 588/941/82
f 591/942/1 594/943/1 593/944/1
f 587/945/106 592/946/106 591/947/106
f 589/948/105 591/949/105 593/950/105
f 592/796/104 590/951/104 594/952/104
f 595/953/82 598/891/82 596/954/82
f 599/955/1 602/956/1 601/957/1
f 599/958/106 596/959/106 600/960/106
f 597/961/105 599/962/105 601/963/105
f 600/837/104 598/964/104 602/965/104
f 603/827/82 606/966/82 604/828/82
f 607/967/1 610/893/1 609/895/1
f 603/968/106 608/969/106 607/970/106
f 603/971/105 609/851/105 605/850/105
f 608/822/104 606/972/104 610/973/104
f 611/974/82 614/975/82 612/976/82
f 615/977/1 618/978/1 617/979/1
f 611/980/106 616/981/106 615/982/106
f 613/983/105 615/984/105 617/985/105
f 616/811/104 614/986/104 618/987/104
f 621/988/104 623/989/104 619/990/104
f 626/991/105 620/992/105 624/993/105
f 626/994/106 621/995/106 622/996/106
f 622/997/1 619/998/1 620/999/1
f 626/1000/82 623/1001/82 625/1002/82
f 634/1003/107 646/1004/107 662/1005/107
f 631/1006/5 637/1007/5 638/1008/5
f 649/1009/1 632/1010/1 639/1011/1
f 634/1012/108 640/1013/108 637/1014/108
f 639/1011/109 631/1015/109 638/1016/109
f 667/1017/1 636/1018/1 641/1019/1
f 633/1020/82 669/1021/82 640/1013/82
f 640/1013/82 661/1022/82 630/1023/82
f 635/1024/4 643/1025/4 641/1026/4
f 639/1011/109 628/1027/109 627/1028/109
f 637/1014/108 630/1023/108 629/1029/108
f 649/1009/1 627/1028/1 645/1030/1
f 638/1008/5 629/1031/5 628/1032/5
f 670/1033/1 642/1034/1 671/1035/1
f 641/1036/3 670/1037/3 667/1038/3
f 641/1019/1 644/1039/1 635/1040/1
f 641/1019/1 646/1041/1 648/1042/1
f 648/1042/1 647/1043/1 649/1009/1
f 649/1009/1 644/1039/1 648/1042/1
f 644/1044/3 629/1045/3 642/1046/3
f 676/1047/110 657/1048/110 662/1005/110
f 663/1049/4 654/1050/4 664/1051/4
f 679/1052/1 655/1053/1 677/1054/1
f 666/1055/111 657/1056/111 663/1057/111
f 665/1058/112 654/1059/112 655/1053/112
f 667/1017/1 660/1060/1 658/1061/1
f 669/1021/82 656/1062/82 666/1055/82
f 661/1022/82 666/1055/82 653/1063/82
f 673/1064/5 659/1025/5 668/1065/5
f 651/1066/112 665/1058/112 650/1067/112
f 653/1063/111 663/1057/111 652/1068/111
f 650/1067/1 679/1052/1 675/1069/1
f 652/1070/4 664/1051/4 651/1071/4
f 672/1072/1 670/1033/1 671/1035/1
f 670/1037/3 668/1073/3 667/1038/3
f 674/1074/1 668/1075/1 659/1076/1
f 668/1075/1 676/1077/1 660/1060/1
f 678/1078/1 677/1054/1 676/1077/1
f 674/1074/1 679/1052/1 678/1078/1
f 672/1079/3 661/1080/3 652/1081/3
f 681/1082/5 682/1083/5 680/1084/5
f 682/1085/82 699/1086/82 698/1087/82
f 696/1088/113 681/1089/113 680/1090/113
f 698/1091/3 680/1092/3 682/1093/3
f 699/1094/114 681/1095/114 697/1096/114
f 685/1097/3 686/1098/3 684/1099/3
f 686/1100/82 691/1101/82 690/1102/82
f 691/1103/2 688/1104/2 690/1105/2
f 688/1106/115 685/1107/115 684/1108/115
f 690/1109/4 684/1110/4 686/1111/4
f 691/1112/116 685/1113/116 689/1114/116
f 694/1115/4 693/1116/4 692/1117/4
f 694/1089/82 699/1086/82 695/1118/82
f 696/1119/5 699/1120/5 698/1121/5
f 696/1088/117 693/1085/117 697/1122/117
f 692/1123/3 698/1091/3 694/1124/3
f 699/1094/118 693/1125/118 695/1126/118
f 702/1127/3 701/1128/3 700/1129/3
f 702/1130/82 707/1131/82 703/1132/82
f 704/1133/2 707/1134/2 706/1135/2
f 704/1136/119 701/1137/119 705/1138/119
f 700/1139/5 706/1140/5 702/1141/5
f 707/1142/120 701/1143/120 703/1144/120
f 709/1145/4 710/1146/4 708/1147/4
f 715/1148/5 712/1149/5 714/1150/5
f 713/1151/82 708/1152/82 712/1153/82
f 714/1154/121 708/1155/121 710/1156/121
f 717/1157/4 718/1158/4 716/1159/4
f 722/1160/5 721/1161/5 720/1162/5
f 711/1163/2 713/1164/2 715/1165/2
f 721/1166/82 716/1167/82 720/1168/82
f 722/1169/122 716/1170/122 718/1171/122
f 723/1172/123 717/1173/123 721/1174/123
f 725/1175/4 726/1176/4 724/1177/4
f 731/1178/5 728/1179/5 730/1180/5
f 729/1181/82 724/1182/82 728/1183/82
f 730/1184/124 724/1185/124 726/1186/124
f 732/1187/4 735/1188/4 734/1189/4
f 738/1190/5 737/1191/5 736/1192/5
f 731/1193/2 725/1194/2 729/1195/2
f 736/1196/82 733/1197/82 732/1198/82
f 734/1199/125 736/1200/125 732/1201/125
f 739/1202/126 733/1203/126 737/1204/126
f 741/1205/4 742/1206/4 740/1207/4
f 746/1208/5 745/1209/5 744/1210/5
f 745/1211/82 740/1212/82 744/1213/82
f 746/1214/127 740/1215/127 742/1216/127
f 749/1217/4 750/1218/4 748/1219/4
f 754/1220/5 753/1221/5 752/1222/5
f 743/1223/128 745/1224/128 747/1225/128
f 753/1226/82 748/1227/82 752/1228/82
f 750/1229/3 752/1230/3 748/1231/3
f 755/1232/129 749/1233/129 753/1234/129
f 757/1235/4 758/1236/4 756/1237/4
f 763/1238/5 760/1239/5 762/1240/5
f 760/1241/82 757/1242/82 756/1243/82
f 762/1244/130 756/1245/130 758/1246/130
f 765/1247/4 766/1248/4 764/1249/4
f 770/1250/5 769/1251/5 768/1252/5
f 759/1253/131 761/1254/131 763/1255/131
f 768/1256/82 765/1257/82 764/1258/82
f 766/1259/132 768/1260/132 764/1261/132
f 767/1262/133 769/1263/133 771/1264/133
f 773/1265/4 774/1266/4 772/1267/4
f 778/1268/5 777/1269/5 776/1270/5
f 777/1271/82 772/1272/82 776/1273/82
f 774/1274/134 776/1275/134 772/1276/134
f 781/1277/4 782/1278/4 780/1279/4
f 786/1280/5 785/1281/5 784/1282/5
f 779/1283/135 773/1284/135 777/1285/135
f 785/1286/82 780/1287/82 784/1288/82
f 782/1289/136 784/1290/136 780/1291/136
f 787/1292/137 781/1293/137 785/1294/137
f 789/1295/4 790/1296/4 788/1297/4
f 794/1288/5 793/1298/5 792/1299/5
f 793/1300/82 788/1301/82 792/1302/82
f 790/1303/138 792/1304/138 788/1305/138
f 797/1306/4 798/1307/4 796/1308/4
f 803/1309/5 800/1310/5 802/1311/5
f 795/1312/139 789/1313/139 793/1314/139
f 800/1315/82 797/1316/82 796/1317/82
f 802/1318/140 796/1319/140 798/1320/140
f 803/1321/2 797/1322/2 801/1323/2
f 805/1324/4 806/1325/4 804/1326/4
f 811/1327/5 808/1328/5 810/1329/5
f 809/1330/82 804/1331/82 808/1332/82
f 810/1333/141 804/1334/141 806/1335/141
f 813/1336/4 814/1337/4 812/1338/4
f 819/1339/5 816/1340/5 818/1341/5
f 807/1342/142 809/1343/142 811/1344/142
f 816/1345/82 813/1346/82 812/1347/82
f 818/1348/143 812/1349/143 814/1350/143
f 819/1351/144 813/1352/144 817/1353/144
f 820/1354/4 823/1355/4 822/1356/4
f 826/1357/5 825/1358/5 824/1359/5
f 825/1360/82 820/1361/82 824/1362/82
f 822/1363/145 824/1364/145 820/1365/145
f 829/1366/4 830/1367/4 828/1368/4
f 834/1369/5 833/1370/5 832/1371/5
f 823/1372/146 825/1373/146 827/1374/146
f 832/1375/82 829/1376/82 828/1377/82
f 834/1378/147 828/1379/147 830/1380/147
f 831/1381/148 833/1382/148 835/1383/148
f 831/1384/1 834/1385/1 830/1386/1
f 710/1387/1 715/1388/1 714/1389/1
f 837/1390/82 838/1391/82 836/1392/82
f 843/1393/1 840/1394/1 842/1395/1
f 841/1396/5 836/1397/5 840/1398/5
f 842/1399/149 836/1400/149 838/1401/149
f 845/1402/82 846/1403/82 844/1404/82
f 850/1405/1 849/1406/1 848/1407/1
f 839/1408/2 841/1409/2 843/1410/2
f 849/1411/5 844/1412/5 848/1413/5
f 850/1414/150 844/1415/150 846/1416/150
f 851/1417/151 845/1418/151 849/1419/151
f 853/1420/82 854/1421/82 852/1422/82
f 859/1423/1 856/1424/1 858/1425/1
f 857/1426/5 852/1427/5 856/1347/5
f 858/1428/152 852/1429/152 854/1430/152
f 860/1431/82 863/1432/82 862/1433/82
f 866/1434/1 865/1435/1 864/1436/1
f 859/1437/2 853/1438/2 857/1439/2
f 864/1440/5 861/1441/5 860/1442/5
f 862/1443/153 864/1444/153 860/1445/153
f 867/1446/154 861/1447/154 865/1448/154
f 869/1449/82 870/1450/82 868/1451/82
f 874/1452/1 873/1453/1 872/1454/1
f 873/1455/5 868/1456/5 872/1457/5
f 874/1458/155 868/1459/155 870/1460/155
f 877/1461/82 878/1462/82 876/1463/82
f 882/1464/1 881/1465/1 880/1466/1
f 871/1467/156 873/1468/156 875/1469/156
f 881/1470/5 876/1471/5 880/1472/5
f 878/1473/3 880/1474/3 876/1475/3
f 883/1476/157 877/1477/157 881/1478/157
f 885/1479/82 886/1480/82 884/1481/82
f 891/1482/1 888/1483/1 890/1484/1
f 888/1485/5 885/1486/5 884/1487/5
f 890/1488/158 884/1489/158 886/1490/158
f 893/1491/82 894/1492/82 892/1493/82
f 898/1494/1 897/1495/1 896/1496/1
f 887/1497/159 889/1498/159 891/1499/159
f 896/1500/5 893/1501/5 892/1502/5
f 894/1503/160 896/1504/160 892/1505/160
f 895/1506/161 897/1507/161 899/1508/161
f 901/1509/82 902/1510/82 900/1511/82
f 906/1512/1 905/1513/1 904/1514/1
f 905/1515/5 900/1516/5 904/1517/5
f 902/1518/162 904/1519/162 900/1520/162
f 909/1521/82 910/1522/82 908/1523/82
f 914/1524/1 913/1525/1 912/1526/1
f 907/1527/163 901/1528/163 905/1529/163
f 913/1530/5 908/1531/5 912/1532/5
f 910/1177/164 912/1533/164 908/1534/164
f 915/1535/165 909/1536/165 913/1537/165
f 917/1538/82 918/1539/82 916/1540/82
f 922/1541/1 921/1542/1 920/1543/1
f 921/1544/5 916/1545/5 920/1508/5
f 918/1546/166 920/1547/166 916/1548/166
f 925/1549/82 926/1550/82 924/1551/82
f 931/1552/1 928/1553/1 930/1554/1
f 923/1555/167 917/1556/167 921/1557/167
f 928/1558/5 925/1559/5 924/1560/5
f 930/1561/168 924/1562/168 926/1563/168
f 927/1322/2 929/1564/2 931/1565/2
f 933/1484/82 934/1566/82 932/1567/82
f 939/1568/1 936/1569/1 938/1570/1
f 937/1571/5 932/1572/5 936/1573/5
f 938/1574/169 932/1575/169 934/1576/169
f 941/1577/82 942/1578/82 940/1579/82
f 947/1580/1 944/1581/1 946/1582/1
f 935/1583/170 937/1584/170 939/1585/170
f 944/1586/5 941/1587/5 940/1588/5
f 946/1589/171 940/1590/171 942/1591/171
f 947/1592/172 941/1349/172 945/1593/172
f 948/1594/82 951/1595/82 950/1596/82
f 954/1597/1 953/1598/1 952/1599/1
f 953/1600/5 948/1601/5 952/1602/5
f 950/1603/173 952/1604/173 948/1605/173
f 957/1606/82 958/1607/82 956/1608/82
f 962/1609/1 961/1610/1 960/1611/1
f 951/1612/174 953/1613/174 955/1614/174
f 960/1615/5 957/1616/5 956/1617/5
f 962/1618/175 956/1619/175 958/1620/175
f 959/1621/176 961/1622/176 963/1623/176
f 959/1624/4 962/1625/4 958/1626/4
f 838/1627/4 843/1628/4 842/1629/4
f 965/1630/1 966/1631/1 964/1632/1
f 970/1633/82 969/1634/82 968/1635/82
f 969/1636/4 964/1637/4 968/1638/4
f 970/1639/177 964/1640/177 966/1641/177
f 973/1642/1 974/1643/1 972/1644/1
f 978/1367/82 977/1645/82 976/1646/82
f 967/1647/178 969/1648/178 971/1649/178
f 977/1650/4 972/1651/4 976/1652/4
f 978/1259/179 972/1653/179 974/1654/179
f 979/1655/180 973/1656/180 977/1657/180
f 981/1658/1 982/1659/1 980/1660/1
f 986/1661/82 985/1662/82 984/1663/82
f 985/1664/4 980/1665/4 984/1666/4
f 982/1667/3 984/1668/3 980/1669/3
f 988/1670/1 991/1671/1 990/1672/1
f 994/1673/82 993/1674/82 992/1675/82
f 983/1676/181 985/1677/181 987/1678/181
f 992/1679/4 989/1680/4 988/1681/4
f 990/1682/182 992/1683/182 988/1684/182
f 995/1685/183 989/1686/183 993/1687/183
f 996/1688/1 999/1689/1 998/1690/1
f 1002/1691/82 1001/1692/82 1000/1693/82
f 1001/1694/4 996/1695/4 1000/1696/4
f 998/1697/184 1000/1698/184 996/1159/184
f 1005/1699/1 1006/1221/1 1004/1700/1
f 1010/1701/82 1009/1702/82 1008/1703/82
f 999/1704/185 1001/1705/185 1003/1706/185
f 1009/1707/4 1004/1708/4 1008/1709/4
f 1006/1710/3 1008/1711/3 1004/1712/3
f 1011/1713/186 1005/1714/186 1009/1715/186
f 1013/1716/1 1014/1717/1 1012/1718/1
f 1018/1719/82 1017/1720/82 1016/1721/82
f 1016/1722/4 1013/1723/4 1012/1486/4
f 1014/1724/187 1016/1725/187 1012/1726/187
f 1021/1425/1 1022/1727/1 1020/1423/1
f 1026/1728/82 1025/1729/82 1024/1730/82
f 1019/1731/188 1013/1732/188 1017/1733/188
f 1024/1734/4 1021/1735/4 1020/1736/4
f 1022/1311/189 1024/1737/189 1020/1738/189
f 1023/1739/190 1025/1740/190 1027/1741/190
f 1029/1742/1 1030/1743/1 1028/1744/1
f 1035/1745/82 1032/1746/82 1034/1747/82
f 1033/1748/4 1028/1749/4 1032/1750/4
f 1034/1751/191 1028/1752/191 1030/1753/191
f 1037/1754/1 1038/1755/1 1036/1756/1
f 1042/1757/82 1041/1758/82 1040/1759/82
f 1031/1760/192 1033/1761/192 1035/1762/192
f 1041/1763/4 1036/1764/4 1040/1304/4
f 1038/1765/193 1040/1766/193 1036/1767/193
f 1043/1768/194 1037/1769/194 1041/1770/194
f 1045/1771/1 1046/1772/1 1044/1773/1
f 1050/1774/82 1049/1775/82 1048/1776/82
f 1049/1777/4 1044/1778/4 1048/1779/4
f 1046/1780/195 1048/1781/195 1044/1782/195
f 1053/1783/1 1054/1784/1 1052/1785/1
f 1059/1786/82 1056/1787/82 1058/1788/82
f 1051/1789/196 1045/1790/196 1049/1791/196
f 1056/1792/4 1053/1793/4 1052/1794/4
f 1058/1795/197 1052/1796/197 1054/1797/197
f 1055/1798/2 1057/1203/2 1059/1799/2
f 1060/1800/1 1063/1801/1 1062/1802/1
f 1067/1803/82 1064/1804/82 1066/1805/82
f 1065/1806/4 1060/1807/4 1064/1808/4
f 1062/1809/198 1064/1810/198 1060/1811/198
f 1069/1812/1 1070/1813/1 1068/1814/1
f 1075/1815/82 1072/1816/82 1074/1817/82
f 1063/1818/199 1065/1819/199 1067/1820/199
f 1072/1821/4 1069/1822/4 1068/1628/4
f 1074/1823/200 1068/1824/200 1070/1825/200
f 1075/1826/201 1069/1827/201 1073/1828/201
f 1076/1829/1 1079/1830/1 1078/1831/1
f 1082/1832/82 1081/1833/82 1080/1834/82
f 1081/1835/4 1076/1836/4 1080/1837/4
f 1078/1838/202 1080/1839/202 1076/1840/202
f 1085/1841/1 1086/1842/1 1084/1843/1
f 1090/1844/82 1089/1845/82 1088/1846/82
f 1079/1847/203 1081/1848/203 1083/1849/203
f 1088/1850/4 1085/1851/4 1084/1852/4
f 1090/1853/204 1084/1854/204 1086/1855/204
f 1087/1856/205 1089/1857/205 1091/1858/205
f 967/1859/5 970/1860/5 966/1861/5
f 1087/1862/5 1090/1863/5 1086/1864/5
f 1093/1865/5 1094/1866/5 1092/1867/5
f 1099/1868/4 1096/1869/4 1098/1870/4
f 1097/1871/1 1092/1872/1 1096/1228/1
f 1098/1873/206 1092/1874/206 1094/1875/206
f 1101/1876/5 1102/1877/5 1100/1878/5
f 1106/1879/4 1105/1880/4 1104/1881/4
f 1099/1882/2 1093/1883/2 1097/1884/2
f 1105/1885/1 1100/1886/1 1104/1887/1
f 1106/1888/207 1100/1889/207 1102/1890/207
f 1107/1891/208 1101/1892/208 1105/1893/208
f 1109/1894/5 1110/1895/5 1108/1181/5
f 1115/1896/4 1112/1897/4 1114/1898/4
f 1113/1899/1 1108/1900/1 1112/1901/1
f 1114/1902/209 1108/1903/209 1110/1904/209
f 1116/1905/5 1119/1814/5 1118/1906/5
f 1122/1907/4 1121/1908/4 1120/1909/4
f 1115/1910/2 1109/1911/2 1113/1912/2
f 1120/1913/1 1117/1914/1 1116/1915/1
f 1118/1916/210 1120/1917/210 1116/1918/210
f 1123/1919/211 1117/1920/211 1121/1921/211
f 1125/1922/5 1126/1923/5 1124/1924/5
f 1130/1925/4 1129/1926/4 1128/1927/4
f 1129/1928/1 1124/1929/1 1128/1930/1
f 1130/1931/212 1124/1932/212 1126/1933/212
f 1133/1934/5 1134/1935/5 1132/1936/5
f 1138/1937/4 1137/1579/4 1136/1938/4
f 1127/1939/213 1129/1940/213 1131/1941/213
f 1137/1942/1 1132/1192/1 1136/1943/1
f 1134/1944/3 1136/1945/3 1132/1946/3
f 1139/1947/214 1133/1948/214 1137/1949/214
f 1141/1950/5 1142/1951/5 1140/1952/5
f 1146/1953/4 1145/1954/4 1144/1955/4
f 1145/1956/1 1140/1957/1 1144/1958/1
f 1142/1959/215 1144/1960/215 1140/1961/215
f 1147/1962/216 1141/1963/216 1145/1964/216
f 1149/1965/5 1150/1966/5 1148/1967/5
f 1154/1968/4 1153/1969/4 1152/1970/4
f 1153/1971/1 1148/1972/1 1152/1260/1
f 1150/1973/217 1152/1974/217 1148/1975/217
f 1157/1976/5 1158/1977/5 1156/1978/5
f 1163/1979/4 1160/1980/4 1162/1981/4
f 1155/1982/218 1149/1970/218 1153/1983/218
f 1160/1984/1 1157/1948/1 1156/1985/1
f 1162/1986/219 1156/1987/219 1158/1988/219
f 1159/1989/2 1161/1990/2 1163/1991/2
f 1165/1992/5 1166/1993/5 1164/1994/5
f 1171/1995/4 1168/1947/4 1170/1996/4
f 1169/1997/1 1164/1998/1 1168/1999/1
f 1170/2000/220 1164/2001/220 1166/2002/220
f 1173/2003/5 1174/2004/5 1172/2005/5
f 1179/2006/4 1176/2007/4 1178/2008/4
f 1167/1614/221 1169/2009/221 1171/2010/221
f 1176/2011/1 1173/2012/1 1172/1793/1
f 1178/2013/222 1172/2014/222 1174/2015/222
f 1179/2016/223 1173/1856/223 1177/2017/223
f 1180/2018/5 1183/2019/5 1182/2020/5
f 1186/2021/4 1185/2022/4 1184/2023/4
f 1185/2024/1 1180/2025/1 1184/2026/1
f 1182/2027/224 1184/2028/224 1180/2029/224
f 1189/2030/5 1190/2031/5 1188/2032/5
f 1194/2033/4 1193/2034/4 1192/2035/4
f 1183/2036/225 1185/2037/225 1187/2038/225
f 1192/2039/1 1189/2040/1 1188/2041/1
f 1194/2042/226 1188/2043/226 1190/2044/226
f 1191/2045/227 1193/2046/227 1195/2047/227
f 1191/2048/82 1194/2049/82 1190/2050/82
f 1094/2051/82 1099/2052/82 1098/2053/82
f 1197/2054/109 1204/2055/109 1196/2056/109
f 1224/2057/1 1201/2058/1 1223/2059/1
f 1210/2060/82 1199/2061/82 1202/2062/82
f 1201/2058/112 1208/2063/112 1200/2064/112
f 1199/2061/108 1206/2065/108 1198/2066/108
f 1208/2067/4 1203/2068/4 1200/2069/4
f 1206/2070/5 1197/2071/5 1198/2072/5
f 1203/2073/111 1210/2060/111 1202/2062/111
f 1196/2074/2 1213/2075/2 1197/2076/2
f 1223/2077/2 1217/2078/2 1225/2079/2
f 1199/2080/2 1218/2081/2 1202/2082/2
f 1200/2083/2 1217/2078/2 1201/2084/2
f 1198/2085/2 1215/2086/2 1199/2080/2
f 1203/2087/2 1216/2088/2 1200/2083/2
f 1197/2076/2 1214/2089/2 1198/2085/2
f 1202/2082/2 1219/2090/2 1203/2087/2
f 1220/2091/2 1212/2092/2 1196/2074/2
f 1204/2055/1 1220/2093/1 1196/2056/1
f 1225/2094/5 1224/2095/5 1223/2096/5
f 1222/2097/4 1221/2098/4 1226/2099/4
f 6/1/1 9/2100/1 5/2/1
f 6/4/2 7/170/2 8/5/2
f 25/7/1 16/38/1 1/8/1
f 5/9/3 10/2101/3 4/10/3
f 21/12/4 19/2102/4 18/13/4
f 25/7/1 6/1/1 3/3/1
f 3/16/5 4/2103/5 11/17/5
f 20/15/1 3/3/1 2/19/1
f 30/21/1 28/2104/1 21/22/1
f 7/24/1 14/2105/1 13/25/1
f 1/27/5 14/177/5 7/28/5
f 22/30/1 27/2106/1 23/31/1
f 18/33/1 19/32/1 20/15/1
f 26/34/2 24/2107/2 23/35/2
f 25/7/1 23/31/1 17/37/1
f 21/39/3 28/2101/3 22/40/3
f 4/42/1 10/2108/1 12/43/1
f 19/32/1 23/31/1 25/7/1
f 24/45/1 26/2109/1 31/46/1
f 24/48/4 32/161/4 17/49/4
f 34/51/1 40/58/1 44/52/1
f 33/54/1 39/2110/1 42/55/1
f 34/51/1 35/63/1 41/57/1
f 43/59/1 39/2110/1 33/54/1
f 38/53/1 44/52/1 43/59/1
f 36/56/1 42/55/1 67/61/1
f 35/63/1 60/110/1 68/64/1
f 41/65/6 47/77/6 46/66/6
f 49/68/5 45/2111/5 39/69/5
f 50/71/5 49/68/5 43/70/5
f 42/73/7 48/81/7 75/74/7
f 68/76/8 76/2112/8 47/77/8
f 46/78/5 50/71/5 44/72/5
f 39/80/9 45/2113/9 48/81/9
f 38/82/4 56/94/4 52/83/4
f 36/85/10 54/96/10 51/86/10
f 34/88/11 52/2114/11 53/89/11
f 33/91/4 51/2115/4 55/92/4
f 37/93/4 55/92/4 56/94/4
f 59/95/10 83/2116/10 54/96/10
f 35/90/11 53/89/11 84/97/11
f 58/99/1 64/109/1 72/100/1
f 70/102/1 65/2117/1 57/103/1
f 58/99/1 66/101/1 69/105/1
f 57/103/1 65/2117/1 71/107/1
f 64/109/1 63/108/1 71/107/1
f 67/61/1 70/102/1 62/104/1
f 61/106/1 69/105/1 68/64/1
f 74/111/10 77/120/10 69/112/10
f 65/114/4 73/2118/4 79/115/4
f 71/116/4 79/115/4 80/117/4
f 75/74/12 78/123/12 70/119/12
f 77/120/13 76/2112/13 68/76/13
f 72/118/4 80/117/4 74/121/4
f 78/123/11 73/2119/11 65/124/11
f 82/125/5 88/137/5 64/126/5
f 81/128/6 86/138/6 62/129/6
f 85/131/9 82/2120/9 58/132/9
f 87/134/5 81/2121/5 57/135/5
f 88/137/5 87/134/5 63/136/5
f 86/138/6 83/2116/6 59/95/6
f 84/97/9 85/131/9 61/133/9
f 93/139/1 97/2122/1 94/140/1
f 96/142/2 95/2123/2 94/143/2
f 113/145/1 94/140/1 89/146/1
f 92/41/3 98/2124/3 93/16/3
f 106/13/5 107/18/5 109/148/5
f 91/141/1 94/140/1 113/145/1
f 99/150/4 92/2102/4 91/151/4
f 90/19/1 91/141/1 108/149/1
f 118/154/1 117/2125/1 109/155/1
f 95/157/1 96/2126/1 101/158/1
f 95/160/4 102/49/4 89/161/4
f 111/163/1 115/2127/1 110/164/1
f 108/149/1 107/165/1 106/166/1
f 111/167/2 112/2128/2 114/168/2
f 113/145/1 104/147/1 105/169/1
f 110/170/3 116/2129/3 109/11/3
f 92/171/1 99/2130/1 100/172/1
f 113/145/1 111/163/1 107/165/1
f 112/174/1 120/2131/1 119/175/1
f 105/160/5 120/162/5 112/177/5
f 122/178/1 126/185/1 132/52/1
f 130/179/1 127/2110/1 121/180/1
f 122/178/1 128/58/1 129/182/1
f 121/180/1 127/2110/1 131/59/1
f 126/185/1 125/184/1 131/59/1
f 155/186/1 130/179/1 124/181/1
f 123/183/1 129/182/1 156/188/1
f 134/190/10 135/201/10 129/191/10
f 127/193/4 133/2132/4 137/194/4
f 131/195/4 137/194/4 138/196/4
f 163/198/12 136/205/12 130/199/12
f 135/201/13 164/2133/13 156/202/13
f 132/197/4 138/196/4 134/203/4
f 136/205/11 133/2134/11 127/206/11
f 140/207/5 144/218/5 126/208/5
f 139/210/6 142/219/6 124/211/6
f 141/213/9 140/2135/9 122/214/9
f 143/216/5 139/84/5 121/83/5
f 144/218/5 143/216/5 125/217/5
f 142/219/6 171/2136/6 147/220/6
f 172/221/9 141/213/9 123/215/9
f 146/223/1 154/230/1 160/224/1
f 145/226/1 153/2137/1 158/227/1
f 146/223/1 149/233/1 157/229/1
f 159/231/1 153/2137/1 145/226/1
f 152/225/1 160/224/1 159/231/1
f 150/228/1 158/227/1 155/186/1
f 149/233/1 148/189/1 156/188/1
f 157/234/6 165/243/6 162/235/6
f 167/237/5 161/2138/5 153/238/5
f 168/240/5 167/237/5 159/239/5
f 158/242/7 166/247/7 163/198/7
f 156/202/8 164/2133/8 165/243/8
f 162/244/5 168/240/5 160/241/5
f 153/246/9 161/2139/9 166/247/9
f 152/248/4 176/259/4 170/249/4
f 150/251/10 174/260/10 169/252/10
f 146/253/11 170/2140/11 173/254/11
f 145/256/4 169/2141/4 175/257/4
f 151/258/4 175/257/4 176/259/4
f 147/220/10 171/2136/10 174/260/10
f 149/255/11 173/254/11 172/221/11
f 186/261/228 178/431/228 177/262/228
f 202/264/15 184/2142/15 179/265/15
f 178/267/3 182/2143/3 181/268/3
f 188/270/16 182/2144/16 178/271/16
f 184/273/2 183/2145/2 180/274/2
f 194/276/17 188/270/17 186/272/17
f 181/278/15 187/290/15 185/279/15
f 195/281/229 193/2146/229 186/261/229
f 190/282/19 198/302/19 197/283/19
f 199/285/230 191/291/230 189/286/230
f 196/288/21 190/282/21 189/284/21
f 187/290/22 196/288/22 195/289/22
f 191/291/231 193/2146/231 195/281/231
f 192/292/16 194/276/16 193/277/16
f 201/294/232 203/301/232 199/285/232
f 204/295/24 200/373/24 199/296/24
f 183/298/25 204/295/25 203/297/25
f 179/300/59 180/2147/59 203/301/59
f 198/302/15 202/264/15 201/266/15
f 226/303/27 212/2148/27 207/304/27
f 206/306/3 210/2149/3 209/307/3
f 209/309/15 220/323/15 219/310/15
f 212/312/2 211/2150/2 208/313/2
f 219/315/233 217/2151/233 206/262/233
f 214/317/15 222/336/15 221/318/15
f 221/320/234 223/2152/234 215/321/234
f 220/323/15 214/317/15 213/319/15
f 215/321/235 217/2151/235 219/315/235
f 216/324/30 218/371/30 217/325/30
f 227/327/236 223/2152/236 221/320/236
f 228/329/32 224/374/32 223/330/32
f 211/332/16 228/329/16 227/331/16
f 208/334/237 227/327/237 225/328/237
f 222/336/33 226/303/33 225/305/33
f 233/337/238 229/2153/238 297/338/238
f 229/340/3 231/2154/3 301/341/3
f 234/343/16 231/2155/16 229/344/16
f 304/346/2 232/2156/2 230/347/2
f 238/349/35 234/343/35 233/345/35
f 237/351/239 233/337/239 305/339/239
f 239/353/240 235/2157/240 308/354/240
f 240/356/16 236/359/16 235/357/16
f 308/354/241 235/2157/241 237/351/241
f 236/359/38 238/349/38 237/350/38
f 242/360/16 240/356/16 239/358/16
f 241/362/242 239/353/242 314/355/242
f 320/364/243 243/370/243 241/362/243
f 244/365/40 242/360/40 241/361/40
f 232/367/41 244/365/41 243/366/41
f 299/369/78 230/2158/78 243/370/78
f 218/371/43 210/2159/43 206/372/43
f 200/373/44 192/292/44 191/293/44
f 224/374/45 216/324/45 215/326/45
f 245/375/244 246/2160/244 254/376/244
f 247/378/47 252/2161/47 270/379/47
f 246/381/3 245/347/3 249/382/3
f 246/384/48 250/2162/48 256/385/48
f 248/387/2 251/2163/2 252/388/2
f 254/386/49 256/385/49 262/390/49
f 253/392/47 255/406/47 249/393/47
f 263/395/245 253/377/245 254/376/245
f 258/397/51 257/403/51 265/398/51
f 257/400/246 259/407/246 267/401/246
f 257/403/53 258/397/53 264/404/53
f 263/405/54 264/404/54 255/406/54
f 263/395/247 261/396/247 259/407/247
f 261/391/48 262/390/48 260/408/48
f 269/410/52 265/402/52 267/401/52
f 267/412/57 268/480/57 272/413/57
f 271/414/58 272/413/58 251/415/58
f 247/417/248 269/410/248 271/411/248
f 269/380/47 270/379/47 266/399/47
f 275/419/60 280/2164/60 294/420/60
f 274/306/3 273/308/3 277/422/3
f 277/424/47 273/2165/47 287/425/47
f 276/427/2 279/2166/2 280/428/2
f 287/430/249 273/2167/249 274/431/249
f 282/433/47 281/439/47 289/434/47
f 289/436/63 281/440/63 283/437/63
f 281/439/47 282/433/47 288/426/47
f 287/430/250 285/432/250 283/437/250
f 285/441/64 286/479/64 284/442/64
f 289/436/251 291/438/251 295/444/251
f 291/446/66 292/481/66 296/447/66
f 295/448/48 296/447/48 279/449/48
f 293/445/252 295/444/252 276/451/252
f 293/421/67 294/420/67 290/435/67
f 297/338/253 298/2168/253 306/453/253
f 298/454/3 297/342/3 301/341/3
f 298/456/48 302/2169/48 307/457/48
f 300/459/2 303/2170/2 304/346/2
f 306/458/69 307/457/69 312/460/69
f 305/339/254 306/453/254 311/462/254
f 308/354/255 309/467/255 315/463/255
f 309/464/48 310/468/48 316/465/48
f 308/354/70 313/352/70 311/462/70
f 311/461/73 312/460/73 310/468/73
f 315/466/48 316/465/48 319/469/48
f 314/355/256 315/463/256 318/471/256
f 320/364/74 317/363/74 318/471/74
f 318/470/76 319/469/76 322/473/76
f 321/474/77 322/473/77 303/475/77
f 299/369/257 320/364/257 321/472/257
f 274/478/79 278/2171/79 286/479/79
f 259/409/80 260/408/80 268/480/80
f 283/443/81 284/442/81 292/481/81
f 325/482/3 324/504/3 323/483/3
f 327/485/2 328/501/2 329/486/2
f 352/488/82 331/2172/82 329/489/82
f 332/491/83 328/2173/83 327/492/83
f 356/494/1 349/541/1 328/495/1
f 334/497/84 330/500/84 329/498/84
f 333/493/5 327/492/5 330/500/5
f 328/501/85 349/2174/85 350/502/85
f 325/482/86 344/2175/86 343/503/86
f 336/505/87 333/513/87 334/506/87
f 337/508/88 338/507/88 334/506/88
f 356/510/258 332/2176/258 335/511/258
f 335/511/90 332/2176/90 333/513/90
f 337/508/259 331/509/259 352/514/259
f 344/516/82 325/2177/82 337/517/82
f 324/519/83 335/2178/83 336/520/83
f 343/522/1 362/560/1 335/523/1
f 326/525/84 338/528/84 337/526/84
f 323/521/5 336/520/5 338/528/5
f 339/529/3 340/547/3 341/530/3
f 347/532/2 346/546/2 345/533/2
f 352/488/82 350/490/82 347/535/82
f 345/537/92 346/2179/92 353/538/92
f 356/494/1 353/2180/1 346/540/1
f 347/542/93 348/545/93 355/543/93
f 348/545/4 345/537/4 354/539/4
f 350/502/94 349/2174/94 346/546/94
f 343/503/95 344/2175/95 341/530/95
f 355/548/96 354/553/96 359/549/96
f 360/551/97 351/2181/97 355/548/97
f 358/552/260 353/2182/260 356/510/260
f 354/553/99 353/2182/99 358/552/99
f 352/514/261 351/2181/261 360/551/261
f 344/516/82 357/518/82 360/554/82
f 359/556/92 358/2183/92 340/557/92
f 343/522/1 340/2184/1 358/559/1
f 360/561/93 361/564/93 342/562/93
f 361/564/4 359/556/4 339/558/4
f 364/565/1 366/673/1 365/566/1
f 370/567/82 368/566/82 367/568/82
f 368/570/4 364/2185/4 363/571/4
f 369/573/3 367/636/3 363/574/3
f 366/576/2 364/2186/2 368/577/2
f 371/579/1 372/2187/1 374/580/1
f 378/582/82 376/598/82 375/583/82
f 376/585/4 372/2188/4 371/586/4
f 373/588/3 377/592/3 375/589/3
f 374/591/2 372/2189/2 376/592/2
f 380/594/1 382/675/1 381/595/1
f 385/597/82 386/2190/82 384/598/82
f 384/599/4 380/2191/4 379/600/4
f 385/602/3 383/687/3 379/603/3
f 382/605/2 380/2192/2 384/606/2
f 388/608/4 390/652/4 389/609/4
f 394/611/5 392/742/5 391/612/5
f 392/614/82 388/657/82 387/615/82
f 393/617/3 391/2193/3 387/618/3
f 390/620/2 388/2194/2 392/621/2
f 396/623/1 398/684/1 397/581/1
f 398/624/5 402/668/5 401/625/5
f 402/627/82 400/2195/82 399/628/82
f 400/630/4 396/2196/4 395/631/4
f 401/633/3 399/688/3 395/634/3
f 398/636/2 396/2197/2 400/637/2
f 404/639/4 406/2198/4 405/640/4
f 410/642/5 408/718/5 407/643/5
f 408/645/82 404/747/82 403/646/82
f 409/588/3 407/2199/3 403/648/3
f 406/649/2 404/618/2 408/650/2
f 412/652/4 414/694/4 413/653/4
f 418/654/5 416/2200/5 415/655/5
f 416/657/82 412/614/82 411/626/82
f 413/659/3 417/723/3 415/602/3
f 414/660/2 412/2201/2 416/661/2
f 420/663/82 422/708/82 421/664/82
f 426/596/1 424/595/1 423/666/1
f 424/668/5 420/624/5 419/669/5
f 421/573/3 425/575/3 423/590/3
f 422/671/2 420/2202/2 424/630/2
f 428/665/82 430/664/82 429/673/82
f 433/594/1 434/683/1 432/674/1
f 432/676/5 428/2203/5 427/677/5
f 429/648/3 433/2199/3 431/679/3
f 430/573/2 428/2204/2 432/681/2
f 436/683/82 438/2187/82 437/579/82
f 442/684/1 440/623/1 439/685/1
f 439/669/5 440/678/5 436/677/5
f 441/687/3 439/634/3 435/688/3
f 438/689/2 436/2205/2 440/589/2
f 444/691/5 446/2206/5 445/692/5
f 450/694/4 448/2207/4 447/695/4
f 448/696/1 444/748/1 443/616/1
f 445/697/3 449/724/3 447/698/3
f 446/700/2 444/2208/2 448/701/2
f 452/703/82 454/2209/82 453/704/82
f 454/576/4 458/2210/4 457/706/4
f 458/667/1 456/666/1 455/708/1
f 456/709/5 452/2211/5 451/710/5
f 457/712/3 455/2212/3 451/713/3
f 458/715/2 454/2213/2 452/716/2
f 460/718/5 462/611/5 461/613/5
f 466/720/4 464/2214/4 463/721/4
f 464/723/1 460/659/1 459/724/1
f 465/635/3 463/2215/3 459/725/3
f 462/726/2 460/2216/2 464/727/2
f 468/729/5 470/2217/5 469/730/5
f 474/732/4 472/608/4 471/610/4
f 472/734/1 468/2218/1 467/735/1
f 469/737/3 473/702/3 471/738/3
f 470/740/2 468/2219/2 472/741/2
f 476/742/5 478/2220/5 477/743/5
f 482/744/4 480/2221/4 479/745/4
f 480/747/1 476/645/1 475/748/1
f 477/749/3 481/622/3 479/750/3
f 478/752/2 476/2222/2 480/753/2
f 484/755/5 486/642/5 485/644/5
f 490/757/4 488/2223/4 487/758/4
f 488/699/1 484/698/1 483/760/1
f 489/762/3 487/717/3 483/763/3
f 486/765/2 484/2224/2 488/766/2
f 495/768/101 497/929/101 493/769/101
f 496/771/102 492/839/102 494/772/102
f 494/774/103 493/2225/103 497/775/103
f 491/777/1 493/2226/1 494/778/1
f 498/780/82 497/2227/82 495/781/82
f 499/783/82 500/2228/82 502/784/82
f 506/786/1 504/2229/1 503/787/1
f 504/789/103 500/2230/103 499/790/103
f 501/792/102 505/2231/102 503/793/102
f 502/795/101 500/2232/101 504/796/101
f 507/798/82 508/2233/82 510/799/82
f 514/801/1 512/2234/1 511/802/1
f 512/804/103 508/2235/103 507/805/103
f 509/807/102 513/2236/102 511/808/102
f 510/810/101 508/2237/101 512/811/101
f 515/813/82 516/2238/82 518/814/82
f 522/814/1 520/2239/1 519/816/1
f 519/817/103 520/2240/103 516/818/103
f 517/820/102 521/2241/102 519/821/102
f 518/823/101 516/2242/101 520/824/101
f 523/826/82 524/2243/82 526/827/82
f 530/829/1 528/892/1 527/830/1
f 527/832/103 528/2244/103 524/833/103
f 525/835/102 529/2245/102 527/836/102
f 526/771/101 524/909/101 528/838/101
f 531/840/82 532/2246/82 534/841/82
f 538/843/1 536/2247/1 535/844/1
f 536/846/103 532/2248/103 531/847/103
f 533/849/102 537/2249/102 535/850/102
f 538/852/101 534/867/101 532/853/101
f 539/855/82 540/2250/82 542/856/82
f 546/858/1 544/2251/1 543/859/1
f 544/861/103 540/2252/103 539/862/103
f 545/864/102 543/823/102 539/825/102
f 542/866/101 540/2253/101 544/853/101
f 547/868/82 548/2254/82 550/869/82
f 554/871/1 552/842/1 551/841/1
f 552/873/103 548/2255/103 547/874/103
f 549/876/102 553/2256/102 551/877/102
f 550/879/101 548/2228/101 552/880/101
f 557/882/104 561/2257/104 559/883/104
f 562/885/105 558/2258/105 556/886/105
f 562/888/106 561/2259/106 557/889/106
f 558/891/1 557/2260/1 555/830/1
f 562/893/82 560/2261/82 559/894/82
f 563/896/82 565/2262/82 566/897/82
f 567/899/1 568/788/1 570/900/1
f 563/902/106 564/2263/106 568/903/106
f 565/905/105 563/2264/105 567/906/105
f 568/908/104 564/2265/104 566/838/104
f 571/910/82 573/2266/82 574/911/82
f 575/912/1 576/2267/1 578/913/1
f 571/915/106 572/2268/106 576/916/106
f 573/918/105 571/2269/105 575/919/105
f 576/921/104 572/2270/104 574/922/104
f 579/924/82 581/2271/82 582/925/82
f 583/927/1 584/2272/1 586/928/1
f 583/930/106 579/2273/106 580/931/106
f 581/933/105 579/2274/105 583/934/105
f 584/936/104 580/2275/104 582/937/104
f 587/939/82 589/2276/82 590/940/82
f 591/942/1 592/2277/1 594/943/1
f 587/945/106 588/2278/106 592/946/106
f 589/948/105 587/794/105 591/949/105
f 592/796/104 588/2232/104 590/951/104
f 595/953/82 597/2260/82 598/891/82
f 599/955/1 600/2279/1 602/956/1
f 599/958/106 595/2280/106 596/959/106
f 597/961/105 595/2281/105 599/962/105
f 600/837/104 596/836/104 598/964/104
f 603/827/82 605/2282/82 606/966/82
f 607/967/1 608/2283/1 610/893/1
f 603/968/106 604/2284/106 608/969/106
f 603/971/105 607/2285/105 609/851/105
f 608/822/104 604/821/104 606/972/104
f 611/974/82 613/2286/82 614/975/82
f 615/977/1 616/2287/1 618/978/1
f 611/980/106 612/2288/106 616/981/106
f 613/983/105 611/2289/105 615/984/105
f 616/811/104 612/2237/104 614/986/104
f 621/988/104 625/2290/104 623/989/104
f 626/991/105 622/2291/105 620/992/105
f 626/994/106 625/2292/106 621/995/106
f 622/997/1 621/2293/1 619/998/1
f 626/1000/82 624/2291/82 623/1001/82
f 633/2294/262 634/1003/262 662/1005/262
f 634/1003/263 631/2295/263 647/2296/263
f 631/2295/264 632/2297/264 647/2296/264
f 646/1004/265 636/2298/265 662/1005/265
f 636/2298/266 658/2299/266 662/1005/266
f 647/2296/267 646/1004/267 634/1003/267
f 631/1006/5 634/2300/5 637/1007/5
f 649/1009/1 647/1043/1 632/1010/1
f 634/1012/108 633/1020/108 640/1013/108
f 639/1011/109 632/1010/109 631/1015/109
f 667/1017/1 658/1061/1 636/1018/1
f 633/1020/82 662/2301/82 669/1021/82
f 640/1013/82 669/1021/82 661/1022/82
f 635/1024/4 642/2302/4 643/1025/4
f 639/1011/109 638/1016/109 628/1027/109
f 637/1014/108 640/1013/108 630/1023/108
f 649/1009/1 639/1011/1 627/1028/1
f 638/1008/5 637/1007/5 629/1031/5
f 670/1033/1 643/2303/1 642/1034/1
f 641/1036/3 643/2304/3 670/1037/3
f 641/1019/1 648/1042/1 644/1039/1
f 641/1019/1 636/1018/1 646/1041/1
f 648/1042/1 646/1041/1 647/1043/1
f 649/1009/1 645/1030/1 644/1039/1
f 645/2305/3 627/2306/3 628/2307/3
f 628/2307/3 629/1045/3 645/2305/3
f 629/1045/3 630/2308/3 661/1080/3
f 645/2305/3 629/1045/3 644/1044/3
f 661/1080/3 671/2309/3 642/1046/3
f 642/1046/3 635/2310/3 644/1044/3
f 661/1080/3 642/1046/3 629/1045/3
f 654/2311/268 657/1048/268 677/2312/268
f 657/1048/269 656/2313/269 662/1005/269
f 677/2312/270 657/1048/270 676/1047/270
f 662/1005/271 658/2299/271 660/2314/271
f 676/1047/272 662/1005/272 660/2314/272
f 677/2312/273 655/2315/273 654/2311/273
f 663/1049/4 657/2316/4 654/1050/4
f 679/1052/1 665/1058/1 655/1053/1
f 666/1055/111 656/1062/111 657/1056/111
f 665/1058/112 664/2317/112 654/1059/112
f 667/1017/1 668/1075/1 660/1060/1
f 669/1021/82 662/2301/82 656/1062/82
f 661/1022/82 669/1021/82 666/1055/82
f 673/1064/5 672/1026/5 659/1025/5
f 651/1066/112 664/2317/112 665/1058/112
f 653/1063/111 666/1055/111 663/1057/111
f 650/1067/1 665/1058/1 679/1052/1
f 652/1070/4 663/1049/4 664/1051/4
f 672/1072/1 673/2318/1 670/1033/1
f 670/1037/3 673/2319/3 668/1073/3
f 674/1074/1 678/1078/1 668/1075/1
f 668/1075/1 678/1078/1 676/1077/1
f 678/1078/1 679/1052/1 677/1054/1
f 674/1074/1 675/1069/1 679/1052/1
f 651/2320/3 650/2321/3 675/2322/3
f 674/2323/3 659/2324/3 672/1079/3
f 651/2320/3 675/2322/3 652/1081/3
f 675/2322/3 674/2323/3 652/1081/3
f 652/1081/3 674/2323/3 672/1079/3
f 653/2325/3 652/1081/3 661/1080/3
f 671/2309/3 661/1080/3 672/1079/3
f 681/1082/5 683/2326/5 682/1083/5
f 682/1085/82 683/2327/82 699/1086/82
f 696/1088/274 697/1122/274 681/1089/274
f 698/1091/275 696/2328/275 680/1092/275
f 699/1094/276 683/2329/276 681/1095/276
f 685/1097/3 687/2330/3 686/1098/3
f 686/1100/82 687/2331/82 691/1101/82
f 691/1103/2 689/2332/2 688/1104/2
f 688/1106/119 689/2333/119 685/1107/119
f 690/1109/277 688/1142/277 684/1110/277
f 691/1112/278 687/2334/278 685/1113/278
f 694/1115/4 695/2335/4 693/1116/4
f 694/1089/82 698/1087/82 699/1086/82
f 696/1119/5 697/2336/5 699/1120/5
f 696/1088/279 692/1102/279 693/1085/279
f 692/1123/280 696/2328/280 698/1091/280
f 699/1094/281 697/1096/281 693/1125/281
f 702/1127/3 703/2337/3 701/1128/3
f 702/1130/82 706/2338/82 707/1131/82
f 704/1133/2 705/2339/2 707/1134/2
f 704/1136/282 700/2340/282 701/1137/282
f 700/1139/283 704/2341/283 706/1140/283
f 707/1142/284 705/2342/284 701/1143/284
f 709/1145/4 711/2343/4 710/1146/4
f 715/1148/5 713/2344/5 712/1149/5
f 713/1151/82 709/2345/82 708/1152/82
f 714/1154/3 712/2346/3 708/1155/3
f 717/1157/4 719/2347/4 718/1158/4
f 722/1160/5 723/1892/5 721/1161/5
f 711/1163/2 709/2348/2 713/1164/2
f 721/1166/82 717/2349/82 716/1167/82
f 722/1169/285 720/2350/285 716/1170/285
f 723/1172/286 719/2351/286 717/1173/286
f 725/1175/4 727/2352/4 726/1176/4
f 731/1178/5 729/2353/5 728/1179/5
f 729/1181/82 725/2354/82 724/1182/82
f 730/1184/3 728/2355/3 724/1185/3
f 732/1187/4 733/2356/4 735/1188/4
f 738/1190/5 739/2357/5 737/1191/5
f 731/1193/287 727/2358/287 725/1194/287
f 736/1196/82 737/2359/82 733/1197/82
f 734/1199/288 738/2360/288 736/1200/288
f 739/1202/2 735/2361/2 733/1203/2
f 741/1205/4 743/2362/4 742/1206/4
f 746/1208/5 747/2363/5 745/1209/5
f 745/1211/82 741/2364/82 740/1212/82
f 746/1214/289 744/2365/289 740/1215/289
f 749/1217/4 751/2366/4 750/1218/4
f 754/1220/5 755/2367/5 753/1221/5
f 743/1223/290 741/2368/290 745/1224/290
f 753/1226/82 749/1243/82 748/1227/82
f 750/1229/291 754/2369/291 752/1230/291
f 755/1232/292 751/2370/292 749/1233/292
f 757/1235/4 759/2371/4 758/1236/4
f 763/1238/5 761/1389/5 760/1239/5
f 760/1241/82 761/2372/82 757/1242/82
f 762/1244/293 760/2373/293 756/1245/293
f 765/1247/4 767/2374/4 766/1248/4
f 770/1250/5 771/2375/5 769/1251/5
f 759/1253/294 757/2376/294 761/1254/294
f 768/1256/82 769/2377/82 765/1257/82
f 766/1259/295 770/2378/295 768/1260/295
f 767/1262/296 765/2379/296 769/1263/296
f 773/1265/4 775/1841/4 774/1266/4
f 778/1268/5 779/2380/5 777/1269/5
f 777/1271/82 773/2381/82 772/1272/82
f 774/1274/297 778/2382/297 776/1275/297
f 781/1277/4 783/2383/4 782/1278/4
f 786/1280/5 787/2384/5 785/1281/5
f 779/1283/298 775/2385/298 773/1284/298
f 785/1286/82 781/2386/82 780/1287/82
f 782/1289/299 786/2387/299 784/1290/299
f 787/1292/300 783/2388/300 781/1293/300
f 789/1295/4 791/2389/4 790/1296/4
f 794/1288/5 795/2390/5 793/1298/5
f 793/1300/82 789/2391/82 788/1301/82
f 790/1303/3 794/2392/3 792/1304/3
f 797/1306/4 799/2393/4 798/1307/4
f 803/1309/5 801/2394/5 800/1310/5
f 795/1312/301 791/2395/301 789/1313/301
f 800/1315/82 801/2396/82 797/1316/82
f 802/1318/302 800/2397/302 796/1319/302
f 803/1321/2 799/2398/2 797/1322/2
f 805/1324/4 807/2399/4 806/1325/4
f 811/1327/5 809/2400/5 808/1328/5
f 809/1330/82 805/2401/82 804/1331/82
f 810/1333/303 808/2402/303 804/1334/303
f 813/1336/4 815/2403/4 814/1337/4
f 819/1339/5 817/2404/5 816/1340/5
f 807/1342/304 805/2405/304 809/1343/304
f 816/1345/82 817/2406/82 813/1346/82
f 818/1348/305 816/2407/305 812/1349/305
f 819/1351/306 815/2408/306 813/1352/306
f 820/1354/4 821/1235/4 823/1355/4
f 826/1357/5 827/2409/5 825/1358/5
f 825/1360/82 821/2410/82 820/1361/82
f 822/1363/307 826/2411/307 824/1364/307
f 829/1366/4 831/2412/4 830/1367/4
f 834/1369/5 835/2413/5 833/1370/5
f 823/1372/308 821/2414/308 825/1373/308
f 832/1375/82 833/2415/82 829/1376/82
f 834/1378/309 832/2416/309 828/1379/309
f 831/1381/2 829/2417/2 833/1382/2
f 831/1384/1 835/2418/1 834/1385/1
f 710/1387/1 711/2419/1 715/1388/1
f 837/1390/82 839/2420/82 838/1391/82
f 843/1393/1 841/2421/1 840/1394/1
f 841/1396/5 837/2422/5 836/1397/5
f 842/1399/3 840/2423/3 836/1400/3
f 845/1402/82 847/2424/82 846/1403/82
f 850/1405/1 851/2425/1 849/1406/1
f 839/1408/2 837/1847/2 841/1409/2
f 849/1411/5 845/2426/5 844/1412/5
f 850/1414/310 848/2000/310 844/1415/310
f 851/1417/311 847/2427/311 845/1418/311
f 853/1420/82 855/2428/82 854/1421/82
f 859/1423/1 857/1869/1 856/1424/1
f 857/1426/5 853/2429/5 852/1427/5
f 858/1428/3 856/2430/3 852/1429/3
f 860/1431/82 861/2431/82 863/1432/82
f 866/1434/1 867/2432/1 865/1435/1
f 859/1437/312 855/2433/312 853/1438/312
f 864/1440/5 865/2434/5 861/1441/5
f 862/1443/313 866/2435/313 864/1444/313
f 867/1446/2 863/2436/2 861/1447/2
f 869/1449/82 871/2437/82 870/1450/82
f 874/1452/1 875/2438/1 873/1453/1
f 873/1455/5 869/2439/5 868/1456/5
f 874/1458/314 872/2440/314 868/1459/314
f 877/1461/82 879/2441/82 878/1462/82
f 882/1464/1 883/2442/1 881/1465/1
f 871/1467/315 869/2443/315 873/1468/315
f 881/1470/5 877/2444/5 876/1471/5
f 878/1473/316 882/2445/316 880/1474/316
f 883/1476/317 879/2446/317 877/1477/317
f 885/1479/82 887/2447/82 886/1480/82
f 891/1482/1 889/2448/1 888/1483/1
f 888/1485/5 889/2449/5 885/1486/5
f 890/1488/318 888/2450/318 884/1489/318
f 893/1491/82 895/2451/82 894/1492/82
f 898/1494/1 899/2452/1 897/1495/1
f 887/1497/319 885/2453/319 889/1498/319
f 896/1500/5 897/2454/5 893/1501/5
f 894/1503/320 898/2455/320 896/1504/320
f 895/1506/321 893/2456/321 897/1507/321
f 901/1509/82 903/1188/82 902/1510/82
f 906/1512/1 907/2457/1 905/1513/1
f 905/1515/5 901/2458/5 900/1516/5
f 902/1518/322 906/2459/322 904/1519/322
f 909/1521/82 911/2460/82 910/1522/82
f 914/1524/1 915/1280/1 913/1525/1
f 907/1527/323 903/1335/323 901/1528/323
f 913/1530/5 909/2461/5 908/1531/5
f 910/1177/324 914/2462/324 912/1533/324
f 915/1535/325 911/1417/325 909/1536/325
f 917/1538/82 919/2463/82 918/1539/82
f 922/1541/1 923/2464/1 921/1542/1
f 921/1544/5 917/2465/5 916/1545/5
f 918/1546/3 922/2466/3 920/1547/3
f 925/1549/82 927/2467/82 926/1550/82
f 931/1552/1 929/1920/1 928/1553/1
f 923/1555/326 919/2468/326 917/1556/326
f 928/1558/5 929/2004/5 925/1559/5
f 930/1561/327 928/2469/327 924/1562/327
f 927/1322/2 925/2470/2 929/1564/2
f 933/1484/82 935/2471/82 934/1566/82
f 939/1568/1 937/1946/1 936/1569/1
f 937/1571/5 933/2472/5 932/1572/5
f 938/1574/328 936/2473/328 932/1575/328
f 941/1577/82 943/2474/82 942/1578/82
f 947/1580/1 945/2475/1 944/1581/1
f 935/1583/329 933/2476/329 937/1584/329
f 944/1586/5 945/2477/5 941/1587/5
f 946/1589/330 944/2478/330 940/1590/330
f 947/1592/331 943/2479/331 941/1349/331
f 948/1594/82 949/2480/82 951/1595/82
f 954/1597/1 955/2481/1 953/1598/1
f 953/1600/5 949/2482/5 948/1601/5
f 950/1603/332 954/2483/332 952/1604/332
f 957/1606/82 959/2461/82 958/1607/82
f 962/1609/1 963/2484/1 961/1610/1
f 951/1612/333 949/2485/333 953/1613/333
f 960/1615/5 961/2486/5 957/1616/5
f 962/1618/334 960/2487/334 956/1619/334
f 959/1621/2 957/2488/2 961/1622/2
f 959/1624/4 963/2489/4 962/1625/4
f 838/1627/4 839/1966/4 843/1628/4
f 965/1630/1 967/2490/1 966/1631/1
f 970/1633/82 971/2491/82 969/1634/82
f 969/1636/4 965/2492/4 964/1637/4
f 970/1639/335 968/2493/335 964/1640/335
f 973/1642/1 975/2494/1 974/1643/1
f 978/1367/82 979/2495/82 977/1645/82
f 967/1647/2 965/2496/2 969/1648/2
f 977/1650/4 973/2497/4 972/1651/4
f 978/1259/336 976/2498/336 972/1653/336
f 979/1655/337 975/2499/337 973/1656/337
f 981/1658/1 983/2500/1 982/1659/1
f 986/1661/82 987/1511/82 985/1662/82
f 985/1664/4 981/2501/4 980/1665/4
f 982/1667/338 986/2502/338 984/1668/338
f 988/1670/1 989/2503/1 991/1671/1
f 994/1673/82 995/2504/82 993/1674/82
f 983/1676/2 981/2505/2 985/1677/2
f 992/1679/4 993/1291/4 989/1680/4
f 990/1682/339 994/2506/339 992/1683/339
f 995/1685/2 991/2507/2 989/1686/2
f 996/1688/1 997/2508/1 999/1689/1
f 1002/1691/82 1003/2509/82 1001/1692/82
f 1001/1694/4 997/2510/4 996/1695/4
f 998/1697/340 1002/2511/340 1000/1698/340
f 1005/1699/1 1007/2512/1 1006/1221/1
f 1010/1701/82 1011/2513/82 1009/1702/82
f 999/1704/341 997/2514/341 1001/1705/341
f 1009/1707/4 1005/1242/4 1004/1708/4
f 1006/1710/342 1010/2515/342 1008/1711/342
f 1011/1713/343 1007/2516/343 1005/1714/343
f 1013/1716/1 1015/2517/1 1014/1717/1
f 1018/1719/82 1019/2033/82 1017/1720/82
f 1016/1722/4 1017/2518/4 1013/1723/4
f 1014/1724/344 1018/2519/344 1016/1725/344
f 1021/1425/1 1023/2520/1 1022/1727/1
f 1026/1728/82 1027/1396/82 1025/1729/82
f 1019/1731/345 1015/2521/345 1013/1732/345
f 1024/1734/4 1025/2354/4 1021/1735/4
f 1022/1311/346 1026/2522/346 1024/1737/346
f 1023/1739/347 1021/2523/347 1025/1740/347
f 1029/1742/1 1031/2524/1 1030/1743/1
f 1035/1745/82 1033/1631/82 1032/1746/82
f 1033/1748/4 1029/2525/4 1028/1749/4
f 1034/1751/348 1032/2526/348 1028/1752/348
f 1037/1754/1 1039/1376/1 1038/1755/1
f 1042/1757/82 1043/2527/82 1041/1758/82
f 1031/1760/349 1029/2528/349 1033/1761/349
f 1041/1763/4 1037/2529/4 1036/1764/4
f 1038/1765/350 1042/2530/350 1040/1766/350
f 1043/1768/351 1039/2531/351 1037/1769/351
f 1045/1771/1 1047/2532/1 1046/1772/1
f 1050/1774/82 1051/2533/82 1049/1775/82
f 1049/1777/4 1045/2534/4 1044/1778/4
f 1046/1780/352 1050/2535/352 1048/1781/352
f 1053/1783/1 1055/2536/1 1054/1784/1
f 1059/1786/82 1057/2520/82 1056/1787/82
f 1051/1789/353 1047/2537/353 1045/1790/353
f 1056/1792/4 1057/1296/4 1053/1793/4
f 1058/1795/354 1056/1532/354 1052/1796/354
f 1055/1798/2 1053/2538/2 1057/1203/2
f 1060/1800/1 1061/1368/1 1063/1801/1
f 1067/1803/82 1065/2539/82 1064/1804/82
f 1065/1806/4 1061/2540/4 1060/1807/4
f 1062/1809/3 1066/2541/3 1064/1810/3
f 1069/1812/1 1071/2542/1 1070/1813/1
f 1075/1815/82 1073/2543/82 1072/1816/82
f 1063/1818/355 1061/2544/355 1065/1819/355
f 1072/1821/4 1073/2545/4 1069/1822/4
f 1074/1823/356 1072/2546/356 1068/1824/356
f 1075/1826/357 1071/2547/357 1069/1827/357
f 1076/1829/1 1077/2548/1 1079/1830/1
f 1082/1832/82 1083/2549/82 1081/1833/82
f 1081/1835/4 1077/2550/4 1076/1836/4
f 1078/1838/358 1082/2551/358 1080/1839/358
f 1085/1841/1 1087/1867/1 1086/1842/1
f 1090/1844/82 1091/2552/82 1089/1845/82
f 1079/1847/359 1077/2553/359 1081/1848/359
f 1088/1850/4 1089/1328/4 1085/1851/4
f 1090/1853/360 1088/2554/360 1084/1854/360
f 1087/1856/2 1085/2555/2 1089/1857/2
f 967/1859/5 971/2556/5 970/1860/5
f 1087/1862/5 1091/2486/5 1090/1863/5
f 1093/1865/5 1095/2557/5 1094/1866/5
f 1099/1868/4 1097/2558/4 1096/1869/4
f 1097/1871/1 1093/2559/1 1092/1872/1
f 1098/1873/3 1096/2560/3 1092/1874/3
f 1101/1876/5 1103/2464/5 1102/1877/5
f 1106/1879/4 1107/2561/4 1105/1880/4
f 1099/1882/2 1095/2562/2 1093/1883/2
f 1105/1885/1 1101/2563/1 1100/1886/1
f 1106/1888/361 1104/2564/361 1100/1889/361
f 1107/1891/362 1103/2565/362 1101/1892/362
f 1109/1894/5 1111/2566/5 1110/1895/5
f 1115/1896/4 1113/2053/4 1112/1897/4
f 1113/1899/1 1109/2567/1 1108/1900/1
f 1114/1902/3 1112/2568/3 1108/1903/3
f 1116/1905/5 1117/2569/5 1119/1814/5
f 1122/1907/4 1123/2570/4 1121/1908/4
f 1115/1910/363 1111/2571/363 1109/1911/363
f 1120/1913/1 1121/2459/1 1117/1914/1
f 1118/1916/364 1122/2572/364 1120/1917/364
f 1123/1919/2 1119/2573/2 1117/1920/2
f 1125/1922/5 1127/2574/5 1126/1923/5
f 1130/1925/4 1131/2575/4 1129/1926/4
f 1129/1928/1 1125/2576/1 1124/1929/1
f 1130/1931/365 1128/2577/365 1124/1932/365
f 1133/1934/5 1135/2578/5 1134/1935/5
f 1138/1937/4 1139/2579/4 1137/1579/4
f 1127/1939/366 1125/2580/366 1129/1940/366
f 1137/1942/1 1133/2581/1 1132/1192/1
f 1134/1944/367 1138/2582/367 1136/1945/367
f 1139/1947/368 1135/2583/368 1133/1948/368
f 1141/1950/5 1143/2584/5 1142/1951/5
f 1146/1953/4 1147/1910/4 1145/1954/4
f 1145/1956/1 1141/2585/1 1140/1957/1
f 1142/1959/369 1146/2586/369 1144/1960/369
f 1147/1962/370 1143/2587/370 1141/1963/370
f 1149/1965/5 1151/1981/5 1150/1966/5
f 1154/1968/4 1155/2588/4 1153/1969/4
f 1153/1971/1 1149/2589/1 1148/1972/1
f 1150/1973/3 1154/2590/3 1152/1974/3
f 1157/1976/5 1159/2389/5 1158/1977/5
f 1163/1979/4 1161/2591/4 1160/1980/4
f 1155/1982/371 1151/2592/371 1149/1970/371
f 1160/1984/1 1161/2593/1 1157/1948/1
f 1162/1986/372 1160/2594/372 1156/1987/372
f 1159/1989/2 1157/2595/2 1161/1990/2
f 1165/1992/5 1167/2596/5 1166/1993/5
f 1171/1995/4 1169/2597/4 1168/1947/4
f 1169/1997/1 1165/2598/1 1164/1998/1
f 1170/2000/373 1168/1889/373 1164/2001/373
f 1173/2003/5 1175/1817/5 1174/2004/5
f 1179/2006/4 1177/2599/4 1176/2007/4
f 1167/1614/374 1165/2600/374 1169/2009/374
f 1176/2011/1 1177/2601/1 1173/2012/1
f 1178/2013/375 1176/2602/375 1172/2014/375
f 1179/2016/376 1175/2603/376 1173/1856/376
f 1180/2018/5 1181/2604/5 1183/2019/5
f 1186/2021/4 1187/1218/4 1185/2022/4
f 1185/2024/1 1181/2605/1 1180/2025/1
f 1182/2027/377 1186/2606/377 1184/2028/377
f 1189/2030/5 1191/2607/5 1190/2031/5
f 1194/2033/4 1195/2608/4 1193/2034/4
f 1183/2036/378 1181/2609/378 1185/2037/378
f 1192/2039/1 1193/2610/1 1189/2040/1
f 1194/2042/379 1192/2611/379 1188/2043/379
f 1191/2045/2 1189/2612/2 1193/2046/2
f 1191/2048/82 1195/2613/82 1194/2049/82
f 1094/2051/82 1095/2614/82 1099/2052/82
f 1197/2054/109 1205/2615/109 1204/2055/109
f 1224/2057/1 1209/2616/1 1201/2058/1
f 1210/2060/82 1207/2617/82 1199/2061/82
f 1201/2058/112 1209/2616/112 1208/2063/112
f 1199/2061/108 1207/2617/108 1206/2065/108
f 1208/2067/4 1211/2618/4 1203/2068/4
f 1206/2070/5 1205/2068/5 1197/2071/5
f 1203/2073/111 1211/2618/111 1210/2060/111
f 1196/2074/2 1212/2092/2 1213/2075/2
f 1223/2077/2 1201/2084/2 1217/2078/2
f 1199/2080/2 1215/2086/2 1218/2081/2
f 1200/2083/2 1216/2088/2 1217/2078/2
f 1198/2085/2 1214/2089/2 1215/2086/2
f 1203/2087/2 1219/2090/2 1216/2088/2
f 1197/2076/2 1213/2075/2 1214/2089/2
f 1202/2082/2 1218/2081/2 1219/2090/2
f 1220/2091/2 1222/2619/2 1212/2092/2
f 1204/2055/1 1221/2620/1 1220/2093/1
f 1225/2094/5 1227/2621/5 1224/2095/5
f 1222/2097/4 1220/2622/4 1221/2098/4
