# Blender 5.1.0
# www.blender.org
mtllib OneStory.mtl
o 1Story
v -0.219323 -0.013159 0.987296
v -0.219323 0.903765 0.987296
v -0.219323 0.715268 0.987296
v -0.219323 0.535127 0.987296
v -0.219323 0.354986 0.987296
v -0.152954 0.838401 0.987296
v -0.152954 0.745423 0.987296
v -0.152954 0.679240 0.987296
v -0.152954 0.571155 0.987296
v -0.152954 0.499099 0.987296
v -0.152954 0.391014 0.987296
v -0.152954 0.044694 0.987296
v -0.152954 0.297133 0.987296
v -0.152954 0.838401 0.979458
v -0.152954 0.745423 0.979458
v -0.152954 0.679240 0.979458
v -0.152954 0.571155 0.979458
v -0.152954 0.499099 0.979458
v -0.152954 0.391014 0.979458
v -0.152954 0.044694 0.979458
v -0.152954 0.297133 0.979458
v -0.137647 0.830360 0.979458
v -0.137647 0.753464 0.979458
v -0.137647 0.669632 0.979458
v -0.137647 0.580763 0.979458
v -0.137647 0.489491 0.979458
v -0.137647 0.400622 0.979458
v -0.137647 0.060122 0.979458
v -0.137647 0.281705 0.979458
v -0.137647 0.830360 0.974855
v -0.137647 0.753464 0.974855
v -0.137647 0.669632 0.974855
v -0.137647 0.580763 0.974855
v -0.137647 0.489491 0.974855
v -0.137647 0.400622 0.974855
v -0.137647 0.060122 0.974855
v -0.137647 0.281705 0.974855
v -0.219323 -0.013159 0.944359
v -0.219323 0.903765 0.944359
v -0.219323 0.715268 0.944359
v -0.219323 0.535127 0.944359
v -0.219323 0.354986 0.944359
v 0.000000 0.903765 0.987296
v 0.000000 -0.013159 0.987296
v 0.219323 -0.013159 0.987296
v 0.219323 0.903765 0.987296
v 0.000000 0.715268 0.987296
v 0.000000 0.535127 0.987296
v 0.000000 0.354986 0.987296
v 0.219323 0.715268 0.987296
v 0.219323 0.535127 0.987296
v 0.219323 0.354986 0.987296
v 0.000000 0.838401 0.987296
v 0.152954 0.838401 0.987296
v 0.000000 0.745423 0.987296
v 0.152954 0.745423 0.987296
v 0.000000 0.679240 0.987296
v 0.000000 0.571155 0.987296
v 0.152954 0.679240 0.987296
v 0.152954 0.571155 0.987296
v 0.000000 0.499099 0.987296
v 0.000000 0.391014 0.987296
v 0.152954 0.499099 0.987296
v 0.152954 0.391014 0.987296
v 0.000000 0.297133 0.987296
v 0.000000 0.044694 0.987296
v 0.152954 0.044694 0.987296
v 0.152954 0.297133 0.987296
v 0.000000 0.838401 0.979458
v 0.152954 0.838401 0.979458
v 0.000000 0.745423 0.979458
v 0.152954 0.745423 0.979458
v 0.000000 0.679240 0.979458
v 0.000000 0.571155 0.979458
v 0.152954 0.679240 0.979458
v 0.152954 0.571155 0.979458
v 0.000000 0.499099 0.979458
v 0.000000 0.391014 0.979458
v 0.152954 0.499099 0.979458
v 0.152954 0.391014 0.979458
v 0.000000 0.297133 0.979458
v 0.000000 0.044694 0.979458
v 0.152954 0.044694 0.979458
v 0.152954 0.297133 0.979458
v 0.000000 0.830360 0.979458
v 0.137647 0.830360 0.979458
v 0.000000 0.753464 0.979458
v 0.137647 0.753464 0.979458
v 0.000000 0.669632 0.979458
v 0.000000 0.580763 0.979458
v 0.137647 0.669632 0.979458
v 0.137647 0.580763 0.979458
v 0.000000 0.489491 0.979458
v 0.000000 0.400622 0.979458
v 0.137647 0.489491 0.979458
v 0.137647 0.400622 0.979458
v 0.000000 0.281705 0.979458
v 0.000000 0.060122 0.979458
v 0.137647 0.060122 0.979458
v 0.137647 0.281705 0.979458
v 0.000000 0.830360 0.974855
v 0.137647 0.830360 0.974855
v 0.000000 0.753464 0.974855
v 0.137647 0.753464 0.974855
v 0.000000 0.669632 0.974855
v 0.000000 0.580763 0.974855
v 0.137647 0.669632 0.974855
v 0.137647 0.580763 0.974855
v 0.000000 0.489491 0.974855
v 0.000000 0.400622 0.974855
v 0.137647 0.489491 0.974855
v 0.137647 0.400622 0.974855
v 0.000000 0.281705 0.974855
v 0.000000 0.060122 0.974855
v 0.137647 0.060122 0.974855
v 0.137647 0.281705 0.974855
v 0.000000 0.903765 0.944359
v 0.000000 -0.013159 0.944359
v 0.219323 -0.013159 0.944359
v 0.219323 0.903765 0.944359
v 0.219323 0.715268 0.944359
v 0.219323 0.535127 0.944359
v 0.219323 0.354986 0.944359
v 0.934908 1.591101 0.167684
v 0.906350 1.607589 0.167684
v 0.906350 1.640565 0.167684
v 0.934908 1.657053 0.167684
v 0.963466 1.640565 0.167684
v 0.963466 1.607589 0.167684
v 0.934908 1.577369 0.141921
v 0.906350 1.590869 0.132454
v 0.906350 1.617868 0.113522
v 0.934908 1.631368 0.104056
v 0.963466 1.617868 0.113522
v 0.963466 1.590869 0.132454
v 0.934908 1.561090 0.133690
v 0.906350 1.561090 0.119161
v 0.906350 1.561090 0.090105
v 0.934908 1.561090 0.075576
v 0.963466 1.561090 0.090105
v 0.963466 1.561090 0.119161
v 0.934908 1.591101 0.886855
v 0.934908 1.591101 0.527270
v 0.906350 1.607589 0.886855
v 0.906350 1.607589 0.527270
v 0.906350 1.640565 0.886855
v 0.906350 1.640565 0.527270
v 0.934908 1.657053 0.886855
v 0.934908 1.657053 0.527270
v 0.963466 1.640565 0.886855
v 0.963466 1.640565 0.527270
v 0.963466 1.607589 0.886855
v 0.963466 1.607589 0.527270
v 0.934908 1.577369 0.912619
v 0.906350 1.590869 0.922085
v 0.906350 1.617868 0.941018
v 0.934908 1.631368 0.950484
v 0.963466 1.617868 0.941018
v 0.963466 1.590869 0.922085
v 0.934908 1.561090 0.920850
v 0.906350 1.561090 0.935378
v 0.906350 1.561090 0.964435
v 0.934908 1.561090 0.978963
v 0.963466 1.561090 0.964435
v 0.963466 1.561090 0.935378
v -0.883596 1.591101 -0.736824
v -0.883596 1.607589 -0.708266
v -0.883596 1.640565 -0.708266
v -0.883596 1.657053 -0.736824
v -0.883596 1.640565 -0.765382
v -0.883596 1.607589 -0.765382
v -0.909360 1.577369 -0.736824
v -0.918826 1.590869 -0.708266
v -0.937758 1.617868 -0.708266
v -0.947225 1.631368 -0.736824
v -0.937758 1.617868 -0.765382
v -0.918826 1.590869 -0.765382
v -0.917591 1.561090 -0.736824
v -0.932119 1.561090 -0.708266
v -0.961176 1.561090 -0.708266
v -0.975704 1.561090 -0.736824
v -0.961176 1.561090 -0.765382
v -0.932119 1.561090 -0.765382
v 0.524257 1.591101 -0.736824
v -0.179670 1.591101 -0.736824
v 0.524257 1.607589 -0.708266
v -0.179670 1.607589 -0.708266
v 0.524257 1.640565 -0.708266
v -0.179670 1.640565 -0.708266
v 0.524257 1.657053 -0.736824
v -0.179670 1.657053 -0.736824
v 0.524257 1.640565 -0.765382
v -0.179670 1.640565 -0.765382
v 0.524257 1.607589 -0.765382
v -0.179670 1.607589 -0.765382
v 0.550020 1.577369 -0.736824
v 0.559487 1.590869 -0.708266
v 0.578419 1.617868 -0.708266
v 0.587885 1.631368 -0.736824
v 0.578419 1.617868 -0.765382
v 0.559487 1.590869 -0.765382
v 0.558252 1.561090 -0.736824
v 0.572780 1.561090 -0.708266
v 0.601836 1.561090 -0.708266
v 0.616365 1.561090 -0.736824
v 0.601836 1.561090 -0.765382
v 0.572780 1.561090 -0.765382
v -0.883596 1.591101 -0.892072
v -0.883596 1.607589 -0.863514
v -0.883596 1.640565 -0.863514
v -0.883596 1.657053 -0.892072
v -0.883596 1.640565 -0.920630
v -0.883596 1.607589 -0.920630
v -0.909360 1.577369 -0.892072
v -0.918826 1.590869 -0.863514
v -0.937758 1.617868 -0.863514
v -0.947225 1.631368 -0.892072
v -0.937758 1.617868 -0.920630
v -0.918826 1.590869 -0.920630
v -0.917591 1.561090 -0.892072
v -0.932119 1.561090 -0.863514
v -0.961176 1.561090 -0.863514
v -0.975704 1.561090 -0.892072
v -0.961176 1.561090 -0.920630
v -0.932119 1.561090 -0.920630
v 0.524257 1.591101 -0.892072
v -0.179670 1.591101 -0.892072
v 0.524257 1.607589 -0.863514
v -0.179670 1.607589 -0.863514
v 0.524257 1.640565 -0.863514
v -0.179670 1.640565 -0.863514
v 0.524257 1.657053 -0.892072
v -0.179670 1.657053 -0.892072
v 0.524257 1.640565 -0.920630
v -0.179670 1.640565 -0.920630
v 0.524257 1.607589 -0.920630
v -0.179670 1.607589 -0.920630
v 0.550020 1.577369 -0.892072
v 0.559487 1.590869 -0.863514
v 0.578419 1.617868 -0.863514
v 0.587885 1.631368 -0.892072
v 0.578419 1.617868 -0.920630
v 0.559487 1.590869 -0.920630
v 0.558252 1.561090 -0.892072
v 0.572780 1.561090 -0.863514
v 0.601836 1.561090 -0.863514
v 0.616365 1.561090 -0.892072
v 0.601836 1.561090 -0.920630
v 0.572780 1.561090 -0.920630
v -1.077080 1.477327 1.030796
v -1.030796 1.477327 1.077080
v -1.030796 1.477327 -1.077080
v -1.077080 1.477327 -1.030796
v 1.077080 1.477327 -1.030796
v 1.030796 1.477327 -1.077080
v 1.030796 1.477327 1.077080
v 1.077080 1.477327 1.030796
v -1.077080 1.606721 1.030796
v -1.030796 1.606721 1.077080
v -1.030796 1.606721 -1.077080
v -1.077080 1.606721 -1.030796
v 1.077080 1.606721 -1.030796
v 1.030796 1.606721 -1.077080
v 1.030796 1.606721 1.077080
v 1.077080 1.606721 1.030796
v -1.029682 1.606721 0.985434
v -0.985434 1.606721 1.029682
v -0.985434 1.606721 -1.029682
v -1.029682 1.606721 -0.985434
v 1.029682 1.606721 -0.985434
v 0.985434 1.606721 -1.029682
v 0.985434 1.606721 1.029682
v 1.029682 1.606721 0.985434
v -1.029682 1.573865 0.985434
v -0.985434 1.573865 1.029682
v -0.985434 1.573865 -1.029682
v -1.029682 1.573865 -0.985434
v 1.029682 1.573865 -0.985434
v 0.985434 1.573865 -1.029682
v 0.985434 1.573865 1.029682
v 1.029682 1.573865 0.985434
v -0.975641 0.392432 1.019449
v -1.019449 0.392432 0.975641
v -1.019449 0.392432 -0.975641
v -0.975641 0.392432 -1.019449
v 1.019449 0.392432 0.975641
v 0.975641 0.392432 1.019449
v 0.975641 0.392432 -1.019449
v 1.019449 0.392432 -0.975641
v -0.975641 0.006575 1.019449
v -1.019449 0.006575 0.975641
v -1.019449 0.006575 -0.975641
v -0.975641 0.006575 -1.019449
v 1.019449 0.006575 0.975641
v 0.975641 0.006575 1.019449
v 0.975641 0.006575 -1.019449
v 1.019449 0.006575 -0.975641
v -0.922901 0.392432 0.964341
v -0.964341 0.392432 0.922901
v -0.964341 0.392432 -0.922901
v -0.922901 0.392432 -0.964341
v 0.964342 0.392432 0.922901
v 0.922902 0.392432 0.964341
v 0.922902 0.392432 -0.964341
v 0.964342 0.392432 -0.922901
v -0.264138 0.392432 1.019449
v -0.264138 0.006575 1.019449
v -0.264138 0.392432 0.964341
v 0.254262 0.392432 1.019449
v 0.254262 0.006575 1.019449
v 0.254262 0.392432 0.964341
v -0.264138 0.006552 0.964341
v 0.254262 0.006552 0.964341
v 1.027390 -0.010213 -1.024176
v 1.027390 0.126212 -1.024176
v 1.027390 -0.009328 -0.966601
v 1.027390 0.126212 -0.966601
v 0.788629 -0.010213 -1.024176
v 0.788629 0.126212 -1.024176
v 0.788629 -0.010213 -0.966602
v 0.788629 0.126212 -0.966602
v 0.909268 0.137814 -1.024176
v 0.909268 0.274894 -1.024176
v 0.909268 0.140461 -0.887751
v 0.909268 0.282010 -0.887751
v 0.670507 0.135392 -1.024176
v 0.670507 0.270372 -1.024176
v 0.670507 0.133946 -0.887751
v 0.670507 0.282447 -0.887751
v 1.027390 0.273858 -1.024176
v 1.027390 0.415954 -1.024176
v 1.027390 0.281671 -0.966601
v 1.027390 0.413242 -0.966601
v 0.788629 0.282827 -1.024176
v 0.788629 0.410284 -1.024176
v 0.788629 0.290556 -0.966602
v 0.788629 0.410560 -0.966602
v 0.777572 -0.010213 -1.052577
v 0.777572 0.126212 -1.052577
v 0.777572 -0.002686 -0.887751
v 0.777572 0.126728 -0.887751
v 0.538811 -0.010213 -1.052577
v 0.538811 0.126212 -1.052577
v 0.538811 -0.010213 -0.887751
v 0.538811 0.126212 -0.887751
v 0.659450 0.137271 -1.024176
v 0.659450 0.270372 -1.024176
v 0.659450 0.136085 -0.887751
v 0.659450 0.270372 -0.887751
v 0.420689 0.135935 -1.024176
v 0.420689 0.275938 -1.024176
v 0.420689 0.150421 -0.887751
v 0.420689 0.270372 -0.887751
v 0.777572 0.273858 -1.024176
v 0.777572 0.417489 -1.024176
v 0.777572 0.279869 -0.887751
v 0.777572 0.411950 -0.887751
v 0.538811 0.273858 -1.024176
v 0.538811 0.413630 -1.024176
v 0.538811 0.273858 -0.887751
v 0.538811 0.421593 -0.887751
v 0.527754 -0.007688 -1.024176
v 0.527754 0.130534 -1.024176
v 0.527754 -0.000966 -0.887751
v 0.527754 0.128924 -0.887751
v 0.288993 -0.009829 -1.024176
v 0.288993 0.126212 -1.024176
v 0.288993 -0.010213 -0.887751
v 0.288993 0.137605 -0.887751
v 0.409632 0.133946 -1.024176
v 0.409632 0.272660 -1.024176
v 0.409632 0.133946 -0.887751
v 0.409632 0.276263 -0.887751
v 0.170871 0.133946 -1.024176
v 0.170871 0.270372 -1.024176
v 0.170871 0.143941 -0.887751
v 0.170871 0.270372 -0.887751
v 0.527754 0.273858 -1.024176
v 0.527754 0.416138 -1.024176
v 0.527754 0.282320 -0.887751
v 0.527754 0.410284 -0.887751
v 0.288993 0.273858 -1.024176
v 0.288993 0.410284 -1.024176
v 0.288993 0.273858 -0.887751
v 0.288993 0.417088 -0.887751
v 0.277936 -0.010119 -1.052577
v 0.277936 0.133028 -1.052577
v 0.277936 -0.000700 -0.887751
v 0.277936 0.126212 -0.887751
v 0.039175 -0.009808 -1.052577
v 0.039175 0.132925 -1.052577
v 0.039175 -0.010213 -0.887751
v 0.039175 0.126212 -0.887751
v 0.159814 0.133946 -1.024176
v 0.159814 0.270372 -1.024176
v 0.159814 0.136132 -0.887751
v 0.159814 0.270372 -0.887751
v -0.078947 0.133946 -1.024176
v -0.078947 0.272182 -1.024176
v -0.078947 0.144411 -0.887751
v -0.078947 0.283457 -0.887751
v 0.277936 0.273858 -1.052577
v 0.277936 0.410284 -1.052577
v 0.277936 0.273858 -0.887751
v 0.277936 0.410284 -0.887751
v 0.039175 0.281415 -1.052577
v 0.039175 0.415743 -1.052577
v 0.039175 0.273858 -0.887751
v 0.039175 0.410284 -0.887751
v 0.028118 -0.010213 -1.024176
v 0.028118 0.132056 -1.024176
v 0.028118 -0.010213 -0.887751
v 0.028118 0.135746 -0.887751
v -0.210643 -0.007161 -1.024177
v -0.210643 0.126212 -1.024177
v -0.210643 -0.000222 -0.887751
v -0.210643 0.126212 -0.887751
v -0.090004 0.146542 -1.024176
v -0.090004 0.270372 -1.024176
v -0.090004 0.142764 -0.887751
v -0.090004 0.282038 -0.887751
v -0.328765 0.138234 -1.024177
v -0.328765 0.270372 -1.024177
v -0.328765 0.133946 -0.887751
v -0.328765 0.279741 -0.887751
v 0.028118 0.273858 -1.024176
v 0.028118 0.412416 -1.024176
v 0.028118 0.273858 -0.887751
v 0.028118 0.418846 -0.887751
v -0.210643 0.273858 -1.024177
v -0.210643 0.410284 -1.024177
v -0.210643 0.287172 -0.887751
v -0.210643 0.414834 -0.887751
v -0.221700 -0.004255 -1.024177
v -0.221700 0.126394 -1.024177
v -0.221700 -0.010213 -0.887751
v -0.221700 0.144377 -0.887751
v -0.460460 -0.010213 -1.024177
v -0.460460 0.126212 -1.024177
v -0.460460 -0.010213 -0.887751
v -0.460460 0.133827 -0.887751
v -0.339822 0.133946 -1.052577
v -0.339822 0.270372 -1.052577
v -0.339822 0.137288 -0.887751
v -0.339822 0.270372 -0.887751
v -0.578582 0.136690 -1.052577
v -0.578582 0.270372 -1.052577
v -0.578582 0.133946 -0.887751
v -0.578582 0.270372 -0.887751
v -0.221700 0.283679 -1.024177
v -0.221700 0.410284 -1.024177
v -0.221700 0.273858 -0.887751
v -0.221700 0.410284 -0.887751
v -0.460460 0.273858 -1.024177
v -0.460460 0.410284 -1.024177
v -0.460460 0.273858 -0.887751
v -0.460460 0.410284 -0.887751
v -0.471518 -0.008304 -1.024177
v -0.471518 0.134835 -1.024177
v -0.471518 0.002392 -0.887751
v -0.471518 0.126212 -0.887751
v -0.710278 -0.010213 -1.024177
v -0.710278 0.129287 -1.024177
v -0.710278 -0.009488 -0.887751
v -0.710278 0.126212 -0.887751
v -0.589640 0.133946 -1.024177
v -0.589640 0.270372 -1.024177
v -0.589640 0.133946 -0.887751
v -0.589640 0.284380 -0.887751
v -0.828400 0.143358 -1.024177
v -0.828400 0.270920 -1.024177
v -0.828400 0.139835 -0.887752
v -0.828400 0.273477 -0.887752
v -0.471518 0.276366 -1.024177
v -0.471518 0.416114 -1.024177
v -0.471518 0.281991 -0.887751
v -0.471518 0.414363 -0.887751
v -0.710278 0.285746 -1.024177
v -0.710278 0.410284 -1.024177
v -0.710278 0.281773 -0.887751
v -0.710278 0.410284 -0.887751
v -0.721335 -0.003473 -1.024177
v -0.721335 0.131842 -1.024177
v -0.721335 -0.010213 -0.887751
v -0.721335 0.130355 -0.887751
v -0.960096 -0.010213 -1.024177
v -0.960096 0.130618 -1.024177
v -0.960096 -0.008959 -0.887752
v -0.960096 0.132411 -0.887752
v -0.839457 0.133946 -1.024177
v -0.839457 0.270372 -1.024177
v -0.839457 0.133946 -0.926153
v -0.839457 0.270372 -0.926153
v -1.024022 0.135332 -1.024177
v -1.024022 0.270372 -1.024177
v -1.024022 0.135063 -0.926153
v -1.024022 0.272305 -0.926153
v -0.721335 0.273858 -1.024177
v -0.721335 0.410284 -1.024177
v -0.721335 0.279508 -0.887751
v -0.721335 0.415936 -0.887751
v -0.960096 0.273858 -1.024177
v -0.960096 0.410284 -1.024177
v -0.960096 0.273858 -0.887752
v -0.960096 0.413318 -0.887752
v -1.024176 -0.010213 -1.027389
v -1.024176 0.126212 -1.027389
v -0.968304 -0.009328 -1.027389
v -0.968304 0.126212 -1.027389
v -1.024176 -0.010213 -0.788628
v -1.024176 0.126212 -0.788628
v -0.968304 -0.010213 -0.788628
v -0.968304 0.126212 -0.788628
v -1.024176 0.137814 -0.909267
v -1.024176 0.274894 -0.909267
v -0.887751 0.140461 -0.909267
v -0.887751 0.282010 -0.909267
v -1.024176 0.135392 -0.670506
v -1.024176 0.270372 -0.670506
v -0.887751 0.133946 -0.670506
v -0.887751 0.282447 -0.670506
v -1.024176 0.273858 -1.027389
v -1.024176 0.415954 -1.027389
v -0.968304 0.281671 -1.027389
v -0.968304 0.413242 -1.027389
v -1.024176 0.282827 -0.788628
v -1.024176 0.410284 -0.788628
v -0.968304 0.290556 -0.788628
v -0.968304 0.410560 -0.788628
v -1.024176 -0.010213 -0.777571
v -1.024176 0.126212 -0.777571
v -0.887751 -0.002686 -0.777571
v -0.887751 0.126728 -0.777571
v -1.024176 -0.010213 -0.538811
v -1.024176 0.126212 -0.538811
v -0.887751 -0.010213 -0.538811
v -0.887751 0.126212 -0.538811
v -1.024176 0.137271 -0.659449
v -1.024176 0.270372 -0.659449
v -0.887751 0.136085 -0.659449
v -0.887751 0.270372 -0.659449
v -1.024176 0.135935 -0.420689
v -1.024176 0.275938 -0.420689
v -0.887751 0.150421 -0.420689
v -0.887751 0.270372 -0.420689
v -1.051725 0.273858 -0.777571
v -1.051725 0.417489 -0.777571
v -0.887751 0.279869 -0.777571
v -0.887751 0.411950 -0.777571
v -1.051725 0.273858 -0.538811
v -1.051725 0.413630 -0.538811
v -0.887751 0.273858 -0.538811
v -0.887751 0.421593 -0.538811
v -1.051725 -0.007688 -0.527753
v -1.051725 0.130534 -0.527753
v -0.887751 -0.000966 -0.527753
v -0.887751 0.128924 -0.527753
v -1.051725 -0.009829 -0.288993
v -1.051725 0.126212 -0.288993
v -0.887751 -0.010213 -0.288993
v -0.887751 0.137605 -0.288993
v -1.024176 0.133946 -0.409631
v -1.024176 0.272660 -0.409631
v -0.887751 0.133946 -0.409631
v -0.887751 0.276263 -0.409631
v -1.024176 0.133946 -0.170871
v -1.024176 0.270372 -0.170871
v -0.887751 0.143941 -0.170871
v -0.887751 0.270372 -0.170871
v -1.024176 0.273858 -0.527753
v -1.024176 0.416138 -0.527753
v -0.887751 0.282320 -0.527753
v -0.887751 0.410284 -0.527753
v -1.024176 0.273858 -0.288993
v -1.024176 0.410284 -0.288993
v -0.887751 0.273858 -0.288993
v -0.887751 0.417088 -0.288993
v -1.024176 -0.010119 -0.277936
v -1.024176 0.133028 -0.277936
v -0.887751 -0.000700 -0.277935
v -0.887751 0.126212 -0.277935
v -1.024176 -0.009808 -0.039175
v -1.024176 0.132925 -0.039175
v -0.887751 -0.010213 -0.039175
v -0.887751 0.126212 -0.039175
v -1.024176 0.133946 -0.159814
v -1.024176 0.270372 -0.159814
v -0.887751 0.136132 -0.159813
v -0.887751 0.270372 -0.159813
v -1.024176 0.133946 0.078947
v -1.024176 0.272182 0.078947
v -0.887751 0.144411 0.078947
v -0.887751 0.283457 0.078947
v -1.024176 0.273858 -0.277936
v -1.024176 0.410284 -0.277936
v -0.887751 0.273858 -0.277935
v -0.887751 0.410284 -0.277935
v -1.024176 0.281415 -0.039175
v -1.024176 0.415743 -0.039175
v -0.887751 0.273858 -0.039175
v -0.887751 0.410284 -0.039175
v -1.024176 -0.010213 -0.028118
v -1.024176 0.132056 -0.028118
v -0.887751 -0.010213 -0.028118
v -0.887751 0.135746 -0.028118
v -1.024176 -0.007161 0.210643
v -1.024176 0.126212 0.210643
v -0.887751 -0.000222 0.210643
v -0.887751 0.126212 0.210643
v -1.024176 0.146542 0.090004
v -1.024176 0.270372 0.090004
v -0.887751 0.142764 0.090004
v -0.887751 0.282038 0.090004
v -1.024176 0.138234 0.328765
v -1.024176 0.270372 0.328765
v -0.887751 0.133946 0.328765
v -0.887751 0.279741 0.328765
v -1.024176 0.273858 -0.028118
v -1.024176 0.412416 -0.028118
v -0.887751 0.273858 -0.028118
v -0.887751 0.418846 -0.028118
v -1.024176 0.273858 0.210643
v -1.024176 0.410284 0.210643
v -0.887751 0.287172 0.210643
v -0.887751 0.414834 0.210643
v -1.024176 -0.004255 0.221700
v -1.024176 0.126394 0.221700
v -0.887751 -0.010213 0.221700
v -0.887751 0.144377 0.221700
v -1.024176 -0.010213 0.460461
v -1.024176 0.126212 0.460461
v -0.887751 -0.010213 0.460461
v -0.887751 0.133827 0.460461
v -1.051725 0.133946 0.339822
v -1.051725 0.270372 0.339822
v -0.887751 0.137288 0.339822
v -0.887751 0.270372 0.339822
v -1.051725 0.136690 0.578583
v -1.051725 0.270372 0.578583
v -0.887751 0.133946 0.578583
v -0.887751 0.270372 0.578583
v -1.024176 0.283679 0.221700
v -1.024176 0.410284 0.221700
v -0.887751 0.273858 0.221700
v -0.887751 0.410284 0.221700
v -1.024176 0.273858 0.460461
v -1.024176 0.410284 0.460461
v -0.887751 0.273858 0.460461
v -0.887751 0.410284 0.460461
v -1.024176 -0.008304 0.471518
v -1.024176 0.134835 0.471518
v -0.887751 0.002392 0.471518
v -0.887751 0.126212 0.471518
v -1.024176 -0.010213 0.710279
v -1.024176 0.129287 0.710279
v -0.887751 -0.009488 0.710279
v -0.887751 0.126212 0.710279
v -1.024176 0.133946 0.589640
v -1.024176 0.270372 0.589640
v -0.887751 0.133946 0.589640
v -0.887751 0.284380 0.589640
v -1.024176 0.143358 0.828401
v -1.024176 0.270920 0.828401
v -0.887751 0.139835 0.828401
v -0.887751 0.273477 0.828401
v -1.024176 0.276366 0.471518
v -1.024176 0.416114 0.471518
v -0.887751 0.281991 0.471518
v -0.887751 0.414363 0.471518
v -1.024176 0.285746 0.710279
v -1.024176 0.410284 0.710279
v -0.887751 0.281773 0.710279
v -0.887751 0.410284 0.710279
v -1.024176 -0.003473 0.721336
v -1.024176 0.131842 0.721336
v -0.887751 -0.010213 0.721336
v -0.887751 0.130355 0.721336
v -1.024176 -0.010213 0.960097
v -1.024176 0.130618 0.960097
v -0.887751 -0.008959 0.960097
v -0.887751 0.132411 0.960097
v -1.024176 0.133946 0.839458
v -1.024176 0.270372 0.839458
v -0.916432 0.133946 0.839458
v -0.916432 0.270372 0.839458
v -1.024176 0.135332 1.034633
v -1.024176 0.270372 1.034633
v -0.916432 0.135063 1.034633
v -0.916432 0.272305 1.034633
v -1.024176 0.273858 0.721336
v -1.024176 0.410284 0.721336
v -0.887751 0.279508 0.721336
v -0.887751 0.415936 0.721336
v -1.024176 0.273858 0.960097
v -1.024176 0.410284 0.960097
v -0.887751 0.273858 0.960097
v -0.887751 0.413318 0.960097
v 1.024177 -0.010213 1.027389
v 1.024177 0.126212 1.027389
v 0.963433 -0.010213 1.027389
v 0.963433 0.126212 1.027389
v 1.024177 -0.010213 0.788628
v 1.024177 0.126212 0.788628
v 0.963433 -0.010026 0.788628
v 0.963433 0.126809 0.788628
v 1.024177 0.137814 0.909267
v 1.024177 0.274894 0.909267
v 0.887751 0.140461 0.909267
v 0.887751 0.282010 0.909267
v 1.024177 0.135392 0.670506
v 1.024177 0.270372 0.670506
v 0.887751 0.133946 0.670506
v 0.887751 0.282447 0.670506
v 1.024177 0.273858 1.027389
v 1.024177 0.415954 1.027389
v 0.963433 0.273858 1.027389
v 0.963433 0.413125 1.027389
v 1.024177 0.282827 0.788628
v 1.024177 0.410284 0.788628
v 0.963433 0.290632 0.788628
v 0.963433 0.417499 0.788628
v 1.024177 -0.010213 0.777571
v 1.024177 0.126212 0.777571
v 0.963433 -0.010213 0.777571
v 0.963433 0.126212 0.777571
v 1.024177 -0.010213 0.538810
v 1.024177 0.126212 0.538810
v 0.963433 -0.004172 0.538810
v 0.963433 0.129996 0.538810
v 1.024177 0.137271 0.659449
v 1.024177 0.270372 0.659449
v 0.887751 0.136085 0.659449
v 0.887751 0.270372 0.659449
v 1.024177 0.135935 0.420688
v 1.024177 0.275938 0.420688
v 0.887751 0.150421 0.420688
v 0.887751 0.270372 0.420688
v 1.024177 0.273858 0.777571
v 1.024177 0.417489 0.777571
v 0.963433 0.273858 0.777571
v 0.963433 0.410284 0.777571
v 1.024177 0.273858 0.538810
v 1.024177 0.413630 0.538810
v 0.963433 0.279466 0.538810
v 0.963433 0.410284 0.538810
v 1.024177 -0.007688 0.527753
v 1.024177 0.130534 0.527753
v 0.963433 -0.010213 0.527753
v 0.963433 0.126212 0.527753
v 1.024177 -0.009829 0.288993
v 1.024177 0.126212 0.288993
v 0.963433 -0.010213 0.288993
v 0.963433 0.129294 0.288993
v 1.045250 0.133946 0.409631
v 1.045250 0.272660 0.409631
v 0.887751 0.133946 0.409631
v 0.887751 0.276263 0.409631
v 1.045250 0.133946 0.170871
v 1.045250 0.270372 0.170871
v 0.887751 0.143941 0.170871
v 0.887751 0.270372 0.170871
v 1.024177 0.273858 0.527753
v 1.024177 0.416138 0.527753
v 0.963433 0.273858 0.527753
v 0.963433 0.421326 0.527753
v 1.024177 0.273858 0.288993
v 1.024177 0.410284 0.288993
v 0.963433 0.283571 0.288993
v 0.963433 0.410728 0.288993
v 1.024177 -0.010119 0.277935
v 1.024177 0.133028 0.277935
v 0.963433 0.004027 0.277935
v 0.963433 0.126212 0.277935
v 1.024177 -0.009808 0.039175
v 1.024177 0.132925 0.039175
v 0.963433 0.006261 0.039175
v 0.963433 0.133386 0.039175
v 1.024177 0.133946 0.159813
v 1.024177 0.270372 0.159813
v 0.887751 0.136132 0.159813
v 0.887751 0.270372 0.159813
v 1.024177 0.133946 -0.078947
v 1.024177 0.272182 -0.078947
v 0.887751 0.144411 -0.078947
v 0.887751 0.283457 -0.078947
v 1.024177 0.273858 0.277935
v 1.024177 0.410284 0.277935
v 0.963433 0.273858 0.277935
v 0.963433 0.410284 0.277935
v 1.024177 0.281415 0.039175
v 1.024177 0.415743 0.039175
v 0.963433 0.273858 0.039175
v 0.963433 0.413267 0.039175
v 1.024177 -0.010213 0.028118
v 1.024177 0.132056 0.028118
v 0.963433 -0.007519 0.028118
v 0.963433 0.131654 0.028118
v 1.024177 -0.007161 -0.210643
v 1.024177 0.126212 -0.210643
v 0.963433 -0.010213 -0.210643
v 0.963433 0.126212 -0.210643
v 1.024177 0.146542 -0.090004
v 1.024177 0.270372 -0.090004
v 0.887751 0.142764 -0.090004
v 0.887751 0.282038 -0.090004
v 1.024177 0.138234 -0.328765
v 1.024177 0.270372 -0.328765
v 0.887751 0.133946 -0.328765
v 0.887751 0.279741 -0.328765
v 1.024177 0.273858 0.028118
v 1.024177 0.412416 0.028118
v 0.963433 0.279495 0.028118
v 0.963433 0.410284 0.028118
v 1.024177 0.273858 -0.210643
v 1.024177 0.410284 -0.210643
v 0.963433 0.273858 -0.210643
v 0.963433 0.410284 -0.210643
v 1.024177 -0.004255 -0.221700
v 1.024177 0.126394 -0.221700
v 0.963433 -0.009361 -0.221700
v 0.963433 0.144896 -0.221700
v 1.024177 -0.010213 -0.460461
v 1.024177 0.126212 -0.460461
v 0.963433 -0.010213 -0.460461
v 0.963433 0.128666 -0.460461
v 1.024177 0.133946 -0.339822
v 1.024177 0.270372 -0.339822
v 0.887751 0.137288 -0.339822
v 0.887751 0.270372 -0.339822
v 1.024177 0.136690 -0.578583
v 1.024177 0.270372 -0.578583
v 0.887751 0.133946 -0.578583
v 0.887751 0.270372 -0.578583
v 1.024177 0.283679 -0.221700
v 1.024177 0.410284 -0.221700
v 0.963433 0.273858 -0.221700
v 0.963433 0.421682 -0.221700
v 1.024177 0.273858 -0.460461
v 1.024177 0.410284 -0.460461
v 0.963433 0.283900 -0.460461
v 0.963433 0.410284 -0.460461
v 1.024176 -0.008304 -0.471518
v 1.024176 0.134835 -0.471518
v 0.963433 -0.010213 -0.471518
v 0.963433 0.131227 -0.471518
v 1.024177 -0.010213 -0.710279
v 1.024177 0.129287 -0.710279
v 0.963433 -0.010213 -0.710279
v 0.963433 0.126212 -0.710279
v 1.024177 0.133946 -0.589640
v 1.024177 0.270372 -0.589640
v 0.887751 0.133946 -0.589640
v 0.887751 0.284380 -0.589640
v 1.024176 0.143358 -0.828401
v 1.024176 0.270920 -0.828401
v 0.887751 0.139835 -0.828401
v 0.887751 0.273477 -0.828401
v 1.051157 0.276366 -0.471518
v 1.051157 0.416114 -0.471518
v 0.963433 0.273858 -0.471518
v 0.963433 0.410284 -0.471518
v 1.051157 0.285746 -0.710279
v 1.051157 0.410284 -0.710279
v 0.963433 0.273858 -0.710279
v 0.963433 0.410284 -0.710279
v 1.024177 -0.003473 -0.721336
v 1.024177 0.131842 -0.721336
v 0.963433 -0.010213 -0.721336
v 0.963433 0.126212 -0.721336
v 1.024176 -0.010213 -0.960097
v 1.024176 0.130618 -0.960097
v 0.963433 0.001947 -0.960097
v 0.963433 0.126526 -0.960097
v 1.024176 0.133946 -0.839458
v 1.024176 0.270372 -0.839458
v 0.916927 0.133946 -0.839458
v 0.916927 0.270372 -0.839458
v 1.024176 0.135332 -1.032251
v 1.024176 0.270372 -1.032251
v 0.916927 0.135063 -1.032251
v 0.916927 0.272305 -1.032251
v 1.024177 0.273858 -0.721336
v 1.024177 0.410284 -0.721336
v 0.963433 0.273858 -0.721336
v 0.963433 0.413718 -0.721336
v 1.024176 0.273858 -0.960097
v 1.024176 0.410284 -0.960097
v 0.963433 0.283638 -0.960097
v 0.963433 0.410284 -0.960097
v -1.027389 -0.010213 1.024176
v -1.027389 0.126212 1.024176
v -1.027389 -0.009328 0.963222
v -1.027389 0.126212 0.963222
v -0.788628 -0.010213 1.024176
v -0.788628 0.126212 1.024176
v -0.788628 -0.010213 0.963222
v -0.788628 0.126212 0.963222
v -0.909267 0.137814 1.024176
v -0.909267 0.274894 1.024176
v -0.909267 0.140461 0.887751
v -0.909267 0.282010 0.887751
v -0.670506 0.135392 1.024176
v -0.670506 0.270372 1.024176
v -0.670506 0.133946 0.887751
v -0.670506 0.282447 0.887751
v -1.027389 0.273858 1.024176
v -1.027389 0.415954 1.024176
v -1.027389 0.281671 0.963222
v -1.027389 0.413242 0.963222
v -0.788628 0.282827 1.024176
v -0.788628 0.410284 1.024176
v -0.788628 0.290556 0.963222
v -0.788628 0.410560 0.963222
v -0.777571 -0.010213 1.056441
v -0.777571 0.126212 1.056441
v -0.777571 -0.002686 0.887751
v -0.777571 0.126728 0.887751
v -0.538810 -0.010213 1.056441
v -0.538810 0.126212 1.056441
v -0.538810 -0.010213 0.887751
v -0.538810 0.126212 0.887751
v -0.659449 0.137271 1.024176
v -0.659449 0.270372 1.024176
v -0.659449 0.136085 0.887751
v -0.659449 0.270372 0.887751
v -0.420688 0.135935 1.024176
v -0.420688 0.275938 1.024176
v -0.420688 0.150421 0.887751
v -0.420688 0.270372 0.887751
v -0.777571 0.273858 1.024176
v -0.777571 0.417489 1.024176
v -0.777571 0.279869 0.887751
v -0.777571 0.411950 0.887751
v -0.538810 0.273858 1.024176
v -0.538810 0.413630 1.024176
v -0.538810 0.273858 0.887751
v -0.538810 0.421593 0.887751
v -0.527753 -0.007688 1.024176
v -0.527753 0.130534 1.024176
v -0.527753 -0.000966 0.887751
v -0.527753 0.128924 0.887751
v -0.240227 -0.009829 1.024176
v -0.240227 0.126212 1.024176
v -0.240227 -0.010213 0.887751
v -0.240227 0.137605 0.887751
v -0.409631 0.133946 1.024176
v -0.409631 0.272660 1.024176
v -0.409631 0.133946 0.887751
v -0.409631 0.276263 0.887751
v -0.235865 0.133946 1.024176
v -0.235865 0.270372 1.024176
v -0.235865 0.143941 0.887751
v -0.235865 0.270372 0.887751
v -0.527753 0.273858 1.024176
v -0.527753 0.416138 1.024176
v -0.527753 0.282320 0.887751
v -0.527753 0.410284 0.887751
v -0.240227 0.273858 1.024176
v -0.240227 0.410284 1.024176
v -0.240227 0.273858 0.887751
v -0.240227 0.417088 0.887751
v 0.221067 0.146542 1.024176
v 0.221067 0.270372 1.024176
v 0.221067 0.142764 0.887751
v 0.221067 0.282038 0.887751
v 0.328765 0.138234 1.024176
v 0.328765 0.270372 1.024176
v 0.328765 0.133946 0.887751
v 0.328765 0.279741 0.887751
v 0.239003 -0.004255 1.024176
v 0.239003 0.126394 1.024176
v 0.239003 -0.010213 0.887751
v 0.239003 0.144377 0.887751
v 0.460461 -0.010213 1.024176
v 0.460461 0.126212 1.024176
v 0.460461 -0.010213 0.887751
v 0.460461 0.133827 0.887751
v 0.339822 0.133946 1.024176
v 0.339822 0.270372 1.024176
v 0.339822 0.137288 0.887751
v 0.339822 0.270372 0.887751
v 0.578583 0.136690 1.024176
v 0.578583 0.270372 1.024176
v 0.578583 0.133946 0.887751
v 0.578583 0.270372 0.887751
v 0.239003 0.283679 1.024176
v 0.239003 0.410284 1.024176
v 0.239003 0.273858 0.887751
v 0.239003 0.410284 0.887751
v 0.460461 0.273858 1.024176
v 0.460461 0.410284 1.024176
v 0.460461 0.273858 0.887751
v 0.460461 0.410284 0.887751
v 0.471518 -0.008304 1.024176
v 0.471518 0.134835 1.024176
v 0.471518 0.002392 0.887751
v 0.471518 0.126212 0.887751
v 0.710279 -0.010213 1.024176
v 0.710279 0.129287 1.024176
v 0.710279 -0.009488 0.887751
v 0.710279 0.126212 0.887751
v 0.589640 0.133946 1.024176
v 0.589640 0.270372 1.024176
v 0.589640 0.133946 0.887751
v 0.589640 0.284380 0.887751
v 0.828401 0.143358 1.024177
v 0.828401 0.270920 1.024177
v 0.828401 0.139835 0.887751
v 0.828401 0.273477 0.887751
v 0.471518 0.276366 1.056441
v 0.471518 0.416114 1.056441
v 0.471518 0.281991 0.887751
v 0.471518 0.414363 0.887751
v 0.710279 0.285746 1.056441
v 0.710279 0.410284 1.056441
v 0.710279 0.281773 0.887751
v 0.710279 0.410284 0.887751
v 0.721336 -0.003473 1.046848
v 0.721336 0.131842 1.046848
v 0.721336 -0.010213 0.887751
v 0.721336 0.130355 0.887751
v 0.960097 -0.010213 1.046848
v 0.960097 0.130618 1.046848
v 0.960097 -0.008959 0.887751
v 0.960097 0.132411 0.887751
v 0.839458 0.133946 1.024177
v 0.839458 0.270372 1.024177
v 0.839458 0.133946 0.927237
v 0.839458 0.270372 0.927237
v 1.033548 0.135332 1.024176
v 1.033548 0.270372 1.024176
v 1.033548 0.135063 0.927237
v 1.033548 0.272305 0.927237
v 0.721336 0.273858 1.024176
v 0.721336 0.410284 1.024176
v 0.721336 0.279508 0.887751
v 0.721336 0.415936 0.887751
v 0.960097 0.273858 1.024176
v 0.960097 0.410284 1.024176
v 0.960097 0.273858 0.887751
v 0.960097 0.413318 0.887751
v -0.327206 0.895744 1.097556
v -0.340341 0.957575 1.094240
v -0.327206 0.895744 0.958843
v -0.327206 0.953080 0.958843
v -0.203976 -0.008821 1.026923
v -0.277960 -0.008821 1.024054
v -0.203976 -0.008821 0.906934
v -0.274071 -0.008821 0.906934
v -0.213737 0.931050 1.026923
v -0.274071 0.931050 1.026923
v -0.203976 0.931050 0.906934
v -0.267868 0.931050 0.906934
v 0.327206 0.895744 1.097556
v 0.340341 0.957575 1.094240
v 0.327206 0.895744 0.958843
v 0.327206 0.953080 0.958843
v 0.000000 0.907028 1.097556
v 0.000000 0.953080 1.097556
v 0.000000 0.895744 0.958843
v 0.000000 0.945909 0.958843
v 0.203977 -0.008821 1.026923
v 0.277960 -0.008821 1.024054
v 0.203977 -0.008821 0.906934
v 0.274072 -0.008821 0.906934
v 0.213738 0.931050 1.026923
v 0.274072 0.931050 1.026923
v 0.203977 0.931050 0.906934
v 0.267868 0.931050 0.906934
v -0.957027 -0.015193 1.000000
v -1.000000 -0.015193 0.957028
v -1.000000 -0.015193 -0.957028
v -0.957027 -0.015193 -1.000000
v -1.000000 1.493118 0.957028
v -0.957027 1.493118 1.000000
v -0.957027 1.493118 -1.000000
v -1.000000 1.493118 -0.957028
v -0.248508 -0.015193 1.000000
v -0.248508 1.493118 1.000000
v -1.000000 0.908805 -0.957028
v -1.000000 0.908805 0.957028
v -0.957027 0.908805 1.000000
v -0.957027 0.908805 -1.000000
v -0.248508 0.908805 1.000000
v -0.248508 -0.015193 0.957895
v -0.248508 0.908805 0.957895
v -0.484681 -0.015193 1.000000
v -0.720854 -0.015193 1.000000
v -0.484681 1.493118 1.000000
v -0.720854 1.493118 1.000000
v -0.484681 0.908805 1.000000
v -0.720854 0.908805 1.000000
v 0.957028 -0.015193 1.000000
v 1.000000 -0.015193 0.957028
v 1.000000 -0.015193 -0.957028
v 0.957028 -0.015193 -1.000000
v 1.000000 1.493118 0.957028
v 0.957028 1.493118 1.000000
v 0.957028 1.493118 -1.000000
v 1.000000 1.493118 -0.957028
v 0.000000 1.493118 1.000000
v 0.248509 -0.015193 1.000000
v 0.248509 1.493118 1.000000
v 0.000000 -0.015193 -1.000000
v 0.000000 1.493118 -1.000000
v 1.000000 0.908805 -0.957028
v 1.000000 0.908805 0.957028
v 0.957028 0.908805 1.000000
v 0.957028 0.908805 -1.000000
v 0.000000 0.908805 1.000000
v 0.248509 0.908805 1.000000
v 0.000000 0.908805 -1.000000
v 0.000000 0.908805 0.957895
v 0.000000 -0.015193 0.957895
v 0.248509 -0.015193 0.957895
v 0.248509 0.908805 0.957895
v 0.484682 -0.015193 1.000000
v 0.720855 -0.015193 1.000000
v 0.484682 1.493118 1.000000
v 0.720855 1.493118 1.000000
v 0.484682 0.908805 1.000000
v 0.720855 0.908805 1.000000
v -0.599160 0.846842 1.018398
v -0.599160 0.538790 1.018398
v -0.599160 0.726372 1.018398
v -0.599160 0.726372 1.003754
v -0.714908 0.726372 1.018398
v -0.599160 0.741853 1.018398
v -0.599160 0.741853 1.003754
v -0.714908 0.741853 1.003754
v -0.714908 0.741853 1.018398
v -0.714908 0.726372 1.003754
v -0.599160 0.538790 1.003754
v -0.714908 0.550899 1.003754
v -0.714908 0.834733 1.003754
v -0.599160 0.846842 1.003754
v -0.586340 0.537449 1.018398
v -0.586340 0.848183 1.018398
v -0.573520 0.846842 1.018398
v -0.573520 0.538790 1.018398
v -0.573520 0.726372 1.018398
v -0.586340 0.726372 1.018398
v -0.573520 0.726372 1.003754
v -0.457773 0.726372 1.018398
v -0.573520 0.741853 1.018398
v -0.573520 0.741853 1.003754
v -0.586340 0.741853 1.018398
v -0.457773 0.741853 1.003754
v -0.457773 0.741853 1.018398
v -0.457773 0.726372 1.003754
v -0.573520 0.538790 1.003754
v -0.457773 0.550899 1.003754
v -0.457773 0.834733 1.003754
v -0.573520 0.846842 1.003754
v -0.710128 0.556039 1.023237
v -0.710128 0.834092 1.023237
v -0.598684 0.846029 1.023237
v -0.598684 0.544103 1.023237
v -0.710128 0.727272 1.023237
v -0.710128 0.742533 1.023237
v -0.737707 0.536089 1.023237
v -0.737707 0.854042 1.023237
v -0.615171 0.867167 1.023237
v -0.615171 0.522965 1.023237
v -0.737707 0.736591 1.023237
v -0.737707 0.753371 1.023237
v -0.737707 0.536089 0.966803
v -0.737707 0.854042 0.966803
v -0.615171 0.867167 0.966803
v -0.615171 0.522965 0.966803
v -0.737707 0.736591 0.966803
v -0.737707 0.753371 0.966803
v -0.710128 0.556039 1.004074
v -0.710128 0.834092 1.004074
v -0.598684 0.846029 1.004074
v -0.598684 0.544103 1.004074
v -0.710128 0.727272 1.004074
v -0.710128 0.742533 1.004074
v -0.462553 0.556039 1.023237
v -0.462553 0.834092 1.023237
v -0.586340 0.542781 1.023237
v -0.586340 0.847351 1.023237
v -0.573997 0.846029 1.023237
v -0.573997 0.544103 1.023237
v -0.462553 0.727272 1.023237
v -0.462553 0.742533 1.023237
v -0.434974 0.536089 1.023237
v -0.434974 0.854042 1.023237
v -0.586340 0.521511 1.023237
v -0.586340 0.868621 1.023237
v -0.557509 0.867167 1.023237
v -0.557509 0.522965 1.023237
v -0.434974 0.736591 1.023237
v -0.434974 0.753371 1.023237
v -0.434974 0.536089 0.966803
v -0.434974 0.854042 0.966803
v -0.586340 0.521511 0.966803
v -0.586340 0.868621 0.966803
v -0.557509 0.867167 0.966803
v -0.557509 0.522965 0.966803
v -0.434974 0.736591 0.966803
v -0.434974 0.753371 0.966803
v -0.462553 0.556039 1.004074
v -0.462553 0.834092 1.004074
v -0.586340 0.542781 1.004074
v -0.586340 0.847351 1.004074
v -0.573997 0.846029 1.004074
v -0.573997 0.544103 1.004074
v -0.462553 0.727272 1.004074
v -0.462553 0.742533 1.004074
v 0.599161 0.846842 1.018398
v 0.599161 0.538790 1.018398
v 0.599161 0.726372 1.018398
v 0.599161 0.726372 1.003754
v 0.714908 0.726372 1.018398
v 0.599161 0.741853 1.018398
v 0.599161 0.741853 1.003754
v 0.714908 0.741853 1.003754
v 0.714908 0.741853 1.018398
v 0.714908 0.726372 1.003754
v 0.599161 0.538790 1.003754
v 0.714908 0.550899 1.003754
v 0.714908 0.834733 1.003754
v 0.599161 0.846842 1.003754
v 0.586341 0.537449 1.018398
v 0.586341 0.848183 1.018398
v 0.573521 0.846842 1.018398
v 0.573521 0.538790 1.018398
v 0.573521 0.726372 1.018398
v 0.586341 0.726372 1.018398
v 0.573521 0.726372 1.003754
v 0.457773 0.726372 1.018398
v 0.573521 0.741853 1.018398
v 0.573521 0.741853 1.003754
v 0.586341 0.741853 1.018398
v 0.457773 0.741853 1.003754
v 0.457773 0.741853 1.018398
v 0.457773 0.726372 1.003754
v 0.573521 0.538790 1.003754
v 0.457773 0.550899 1.003754
v 0.457773 0.834733 1.003754
v 0.573521 0.846842 1.003754
v 0.710128 0.556039 1.023237
v 0.710128 0.834092 1.023237
v 0.598684 0.846029 1.023237
v 0.598684 0.544103 1.023237
v 0.710128 0.727272 1.023237
v 0.710128 0.742533 1.023237
v 0.737707 0.536089 1.023237
v 0.737707 0.854042 1.023237
v 0.615172 0.867167 1.023237
v 0.615172 0.522965 1.023237
v 0.737707 0.736591 1.023237
v 0.737707 0.753371 1.023237
v 0.737707 0.536089 0.966803
v 0.737707 0.854042 0.966803
v 0.615172 0.867167 0.966803
v 0.615172 0.522965 0.966803
v 0.737707 0.736591 0.966803
v 0.737707 0.753371 0.966803
v 0.710128 0.556039 1.004074
v 0.710128 0.834092 1.004074
v 0.598684 0.846029 1.004074
v 0.598684 0.544103 1.004074
v 0.710128 0.727272 1.004074
v 0.710128 0.742533 1.004074
v 0.462553 0.556039 1.023237
v 0.462553 0.834092 1.023237
v 0.586341 0.542781 1.023237
v 0.586341 0.847351 1.023237
v 0.573997 0.846029 1.023237
v 0.573997 0.544103 1.023237
v 0.462553 0.727272 1.023237
v 0.462553 0.742533 1.023237
v 0.434974 0.536089 1.023237
v 0.434974 0.854042 1.023237
v 0.586341 0.521511 1.023237
v 0.586341 0.868621 1.023237
v 0.557509 0.867167 1.023237
v 0.557509 0.522965 1.023237
v 0.434974 0.736591 1.023237
v 0.434974 0.753371 1.023237
v 0.434974 0.536089 0.966803
v 0.434974 0.854042 0.966803
v 0.586341 0.521511 0.966803
v 0.586341 0.868621 0.966803
v 0.557509 0.867167 0.966803
v 0.557509 0.522965 0.966803
v 0.434974 0.736591 0.966803
v 0.434974 0.753371 0.966803
v 0.462553 0.556039 1.004074
v 0.462553 0.834092 1.004074
v 0.586341 0.542781 1.004074
v 0.586341 0.847351 1.004074
v 0.573997 0.846029 1.004074
v 0.573997 0.544103 1.004074
v 0.462553 0.727272 1.004074
v 0.462553 0.742533 1.004074
v -1.016349 0.854719 1.009521
v -1.016349 0.995000 1.009521
v -0.876068 0.854719 1.009521
v -0.876068 0.995000 1.009521
v -1.016349 0.854719 0.764012
v -1.016349 0.995000 0.764012
v -0.876068 0.854719 0.764012
v -0.876068 0.995000 0.764012
v -1.016349 1.055806 0.529003
v -1.016349 1.196087 0.529003
v -0.876068 1.055806 0.529003
v -0.876068 1.196087 0.529003
v -1.016349 1.055806 0.283494
v -1.016349 1.196087 0.283494
v -0.876068 1.055806 0.283494
v -0.876068 1.196087 0.283494
v -1.016349 0.515269 0.117730
v -1.016349 0.655551 0.117730
v -0.876068 0.515269 0.117730
v -0.876068 0.655551 0.117730
v -1.016349 0.515269 -0.127779
v -1.016349 0.655551 -0.127779
v -0.876068 0.515269 -0.127779
v -0.876068 0.655551 -0.127779
v -1.009702 0.621906 -1.016168
v -1.009702 0.762187 -1.016168
v -1.009702 0.621906 -0.875887
v -1.009702 0.762187 -0.875887
v -0.764193 0.621906 -1.016168
v -0.764193 0.762187 -1.016168
v -0.764193 0.621906 -0.875887
v -0.764193 0.762187 -0.875887
v -1.006718 0.778116 -0.769726
v -1.006718 0.918397 -0.769726
v -0.866436 0.778116 -0.769726
v -0.866436 0.918397 -0.769726
v -1.006718 0.778116 -1.015235
v -1.006718 0.918397 -1.015235
v -0.866436 0.778116 -1.015235
v -0.866436 0.918397 -1.015235
v -0.565636 0.969009 -1.016168
v -0.565636 1.109291 -1.016168
v -0.565636 0.969009 -0.875887
v -0.565636 1.109291 -0.875887
v -0.320127 0.969010 -1.016168
v -0.320127 1.109291 -1.016168
v -0.320127 0.969010 -0.875887
v -0.320127 1.109291 -0.875887
v 0.598954 1.150001 -1.016168
v 0.598954 1.290282 -1.016168
v 0.598954 1.150001 -0.875887
v 0.598954 1.290282 -0.875887
v 0.844463 1.150001 -1.016168
v 0.844463 1.290282 -1.016168
v 0.844463 1.150001 -0.875887
v 0.844463 1.290282 -0.875887
v 1.015987 0.627979 -1.009521
v 1.015987 0.768260 -1.009521
v 0.875705 0.627979 -1.009521
v 0.875705 0.768260 -1.009521
v 1.015987 0.627979 -0.764013
v 1.015987 0.768260 -0.764013
v 0.875705 0.627979 -0.764012
v 0.875705 0.768260 -0.764012
v 1.015987 1.055806 -0.529003
v 1.015987 1.196088 -0.529003
v 0.875705 1.055806 -0.529003
v 0.875705 1.196088 -0.529003
v 1.015987 1.055806 -0.283494
v 1.015987 1.196088 -0.283494
v 0.875705 1.055806 -0.283494
v 0.875705 1.196088 -0.283494
v 1.015987 0.515269 -0.117730
v 1.015987 0.655551 -0.117730
v 0.875705 0.515269 -0.117730
v 0.875705 0.655551 -0.117730
v 1.015987 0.515269 0.127779
v 1.015987 0.655551 0.127779
v 0.875705 0.515269 0.127779
v 0.875705 0.655551 0.127779
v 1.009340 0.444560 1.016168
v 1.009340 0.584842 1.016168
v 1.009340 0.444560 0.875887
v 1.009340 0.584842 0.875887
v 0.763831 0.444560 1.016168
v 0.763831 0.584842 1.016168
v 0.763831 0.444560 0.875887
v 0.763831 0.584842 0.875887
v 1.006356 0.600771 0.769726
v 1.006356 0.741052 0.769726
v 0.866074 0.600771 0.769726
v 0.866074 0.741052 0.769726
v 1.006356 0.600771 1.015235
v 1.006356 0.741052 1.015235
v 0.866074 0.600771 1.015235
v 0.866074 0.741052 1.015235
v 0.565274 1.138000 1.016168
v 0.565274 1.278281 1.016168
v 0.565274 1.138000 0.875887
v 0.565274 1.278281 0.875887
v 0.319765 1.138000 1.016168
v 0.319765 1.278281 1.016168
v 0.319765 1.138000 0.875887
v 0.319765 1.278281 0.875887
v -0.474668 0.982009 1.016168
v -0.474668 1.122290 1.016168
v -0.474668 0.982009 0.875887
v -0.474668 1.122290 0.875887
v -0.720177 0.982009 1.016168
v -0.720177 1.122290 1.016168
v -0.720177 0.982009 0.875887
v -0.720177 1.122290 0.875887
v -0.338175 1.131500 1.016168
v -0.338175 1.271782 1.016168
v -0.338175 1.131500 0.875887
v -0.338175 1.271782 0.875887
v -0.583684 1.131500 1.016168
v -0.583684 1.271782 1.016168
v -0.583684 1.131500 0.875887
v -0.583684 1.271782 0.875887
v 1.077017 1.490744 0.935583
v 0.987570 1.490744 0.935583
v 1.077017 1.490744 0.833103
v 0.987570 1.490744 0.833103
v 1.018786 1.329430 0.935583
v 0.987570 1.329430 0.935583
v 0.987570 1.329430 0.833103
v 1.018786 1.329430 0.833103
v 1.077017 1.435017 0.833103
v 1.077017 1.435017 0.935583
v 0.987570 1.435017 0.935583
v 0.987570 1.435017 0.833103
v 1.030573 1.392544 0.833103
v 0.987570 1.392544 0.935583
v 1.030573 1.392544 0.935583
v 0.987570 1.392544 0.833103
v 1.045309 1.413780 0.935583
v 0.987570 1.413780 0.833103
v 1.045309 1.413780 0.833103
v 0.987570 1.413780 0.935583
v 1.077017 1.490744 0.648638
v 0.987570 1.490744 0.648638
v 1.077017 1.490744 0.546158
v 0.987570 1.490744 0.546158
v 1.018786 1.329430 0.648638
v 0.987570 1.329430 0.648638
v 0.987570 1.329430 0.546158
v 1.018786 1.329430 0.546158
v 1.077017 1.435017 0.546158
v 1.077017 1.435017 0.648638
v 0.987570 1.435017 0.648638
v 0.987570 1.435017 0.546158
v 1.030573 1.392544 0.546158
v 0.987570 1.392544 0.648638
v 1.030573 1.392544 0.648638
v 0.987570 1.392544 0.546158
v 1.045309 1.413780 0.648638
v 0.987570 1.413780 0.546158
v 1.045309 1.413780 0.546158
v 0.987570 1.413780 0.648638
v 1.077017 1.490744 0.361694
v 0.987570 1.490744 0.361694
v 1.077017 1.490744 0.259214
v 0.987570 1.490744 0.259214
v 1.018786 1.329430 0.361694
v 0.987570 1.329430 0.361694
v 0.987570 1.329430 0.259214
v 1.018786 1.329430 0.259214
v 1.077017 1.435017 0.259214
v 1.077017 1.435017 0.361694
v 0.987570 1.435017 0.361694
v 0.987570 1.435017 0.259214
v 1.030573 1.392544 0.259214
v 0.987570 1.392544 0.361694
v 1.030573 1.392544 0.361694
v 0.987570 1.392544 0.259214
v 1.045309 1.413780 0.361694
v 0.987570 1.413780 0.259214
v 1.045309 1.413780 0.259214
v 0.987570 1.413780 0.361694
v 1.077017 1.490744 0.074750
v 0.987570 1.490744 0.074750
v 1.077017 1.490744 -0.027730
v 0.987570 1.490744 -0.027730
v 1.018786 1.329430 0.074750
v 0.987570 1.329430 0.074750
v 0.987570 1.329430 -0.027730
v 1.018786 1.329430 -0.027730
v 1.077017 1.435017 -0.027730
v 1.077017 1.435017 0.074750
v 0.987570 1.435017 0.074750
v 0.987570 1.435017 -0.027730
v 1.030573 1.392544 -0.027730
v 0.987570 1.392544 0.074750
v 1.030573 1.392544 0.074750
v 0.987570 1.392544 -0.027730
v 1.045309 1.413780 0.074750
v 0.987570 1.413780 -0.027730
v 1.045309 1.413780 -0.027730
v 0.987570 1.413780 0.074750
v 1.077017 1.490744 -0.212194
v 0.987570 1.490744 -0.212194
v 1.077017 1.490744 -0.314674
v 0.987570 1.490744 -0.314674
v 1.018786 1.329430 -0.212194
v 0.987570 1.329430 -0.212194
v 0.987570 1.329430 -0.314674
v 1.018786 1.329430 -0.314674
v 1.077017 1.435017 -0.314674
v 1.077017 1.435017 -0.212194
v 0.987570 1.435017 -0.212194
v 0.987570 1.435017 -0.314674
v 1.030573 1.392544 -0.314674
v 0.987570 1.392544 -0.212194
v 1.030573 1.392544 -0.212194
v 0.987570 1.392544 -0.314674
v 1.045309 1.413780 -0.212194
v 0.987570 1.413780 -0.314674
v 1.045309 1.413780 -0.314674
v 0.987570 1.413780 -0.212194
v 1.077017 1.490744 -0.499138
v 0.987570 1.490744 -0.499138
v 1.077017 1.490744 -0.601618
v 0.987570 1.490744 -0.601618
v 1.018786 1.329430 -0.499138
v 0.987570 1.329430 -0.499138
v 0.987570 1.329430 -0.601618
v 1.018786 1.329430 -0.601618
v 1.077017 1.435017 -0.601618
v 1.077017 1.435017 -0.499138
v 0.987570 1.435017 -0.499138
v 0.987570 1.435017 -0.601618
v 1.030573 1.392544 -0.601618
v 0.987570 1.392544 -0.499138
v 1.030573 1.392544 -0.499138
v 0.987570 1.392544 -0.601618
v 1.045309 1.413780 -0.499138
v 0.987570 1.413780 -0.601618
v 1.045309 1.413780 -0.601618
v 0.987570 1.413780 -0.499138
v 1.077017 1.490744 -0.786082
v 0.987570 1.490744 -0.786082
v 1.077017 1.490744 -0.888562
v 0.987570 1.490744 -0.888562
v 1.018786 1.329430 -0.786082
v 0.987570 1.329430 -0.786082
v 0.987570 1.329430 -0.888562
v 1.018786 1.329430 -0.888562
v 1.077017 1.435017 -0.888562
v 1.077017 1.435017 -0.786082
v 0.987570 1.435017 -0.786082
v 0.987570 1.435017 -0.888562
v 1.030573 1.392544 -0.888562
v 0.987570 1.392544 -0.786082
v 1.030573 1.392544 -0.786082
v 0.987570 1.392544 -0.888562
v 1.045309 1.413780 -0.786082
v 0.987570 1.413780 -0.888562
v 1.045309 1.413780 -0.888562
v 0.987570 1.413780 -0.786082
v 0.913562 1.490744 -1.070461
v 0.913562 1.490744 -0.981014
v 0.811082 1.490744 -1.070461
v 0.811082 1.490744 -0.981014
v 0.913562 1.329430 -1.012229
v 0.913562 1.329430 -0.981014
v 0.811082 1.329430 -0.981014
v 0.811082 1.329430 -1.012229
v 0.811082 1.435017 -1.070461
v 0.913562 1.435017 -1.070461
v 0.913562 1.435017 -0.981014
v 0.811082 1.435017 -0.981014
v 0.811082 1.392545 -1.024017
v 0.913562 1.392545 -0.981014
v 0.913562 1.392545 -1.024017
v 0.811082 1.392545 -0.981014
v 0.913562 1.413781 -1.038753
v 0.811082 1.413781 -0.981014
v 0.811082 1.413781 -1.038753
v 0.913562 1.413781 -0.981014
v 0.626618 1.490744 -1.070461
v 0.626618 1.490744 -0.981014
v 0.524138 1.490744 -1.070461
v 0.524138 1.490744 -0.981014
v 0.626618 1.329430 -1.012229
v 0.626618 1.329430 -0.981014
v 0.524138 1.329430 -0.981014
v 0.524138 1.329430 -1.012229
v 0.524138 1.435017 -1.070461
v 0.626618 1.435017 -1.070461
v 0.626618 1.435017 -0.981014
v 0.524138 1.435017 -0.981014
v 0.524138 1.392545 -1.024017
v 0.626618 1.392545 -0.981014
v 0.626618 1.392545 -1.024017
v 0.524138 1.392545 -0.981014
v 0.626618 1.413781 -1.038753
v 0.524138 1.413781 -0.981014
v 0.524138 1.413781 -1.038753
v 0.626618 1.413781 -0.981014
v 0.339674 1.490744 -1.070461
v 0.339674 1.490744 -0.981014
v 0.237194 1.490744 -1.070461
v 0.237194 1.490744 -0.981014
v 0.339674 1.329430 -1.012229
v 0.339674 1.329430 -0.981014
v 0.237194 1.329430 -0.981014
v 0.237194 1.329430 -1.012229
v 0.237194 1.435017 -1.070461
v 0.339674 1.435017 -1.070461
v 0.339674 1.435017 -0.981014
v 0.237194 1.435017 -0.981014
v 0.237194 1.392545 -1.024017
v 0.339674 1.392545 -0.981014
v 0.339674 1.392545 -1.024017
v 0.237194 1.392545 -0.981014
v 0.339674 1.413781 -1.038753
v 0.237194 1.413781 -0.981014
v 0.237194 1.413781 -1.038753
v 0.339674 1.413781 -0.981014
v 0.052729 1.490744 -1.070461
v 0.052729 1.490744 -0.981014
v -0.049751 1.490744 -1.070461
v -0.049751 1.490744 -0.981014
v 0.052729 1.329430 -1.012229
v 0.052729 1.329430 -0.981014
v -0.049751 1.329430 -0.981014
v -0.049751 1.329430 -1.012229
v -0.049751 1.435017 -1.070461
v 0.052729 1.435017 -1.070461
v 0.052729 1.435017 -0.981014
v -0.049751 1.435017 -0.981014
v -0.049751 1.392545 -1.024017
v 0.052729 1.392545 -0.981014
v 0.052729 1.392545 -1.024017
v -0.049751 1.392545 -0.981014
v 0.052729 1.413781 -1.038753
v -0.049751 1.413781 -0.981014
v -0.049751 1.413781 -1.038753
v 0.052729 1.413781 -0.981014
v -0.234215 1.490744 -1.070461
v -0.234215 1.490744 -0.981014
v -0.336695 1.490744 -1.070461
v -0.336695 1.490744 -0.981014
v -0.234215 1.329430 -1.012229
v -0.234215 1.329430 -0.981014
v -0.336695 1.329430 -0.981014
v -0.336695 1.329430 -1.012229
v -0.336695 1.435017 -1.070461
v -0.234215 1.435017 -1.070461
v -0.234215 1.435017 -0.981014
v -0.336695 1.435017 -0.981014
v -0.336695 1.392545 -1.024017
v -0.234215 1.392545 -0.981014
v -0.234215 1.392545 -1.024017
v -0.336695 1.392545 -0.981014
v -0.234215 1.413781 -1.038753
v -0.336695 1.413781 -0.981014
v -0.336695 1.413781 -1.038753
v -0.234215 1.413781 -0.981014
v -0.521159 1.490744 -1.070461
v -0.521159 1.490744 -0.981014
v -0.623639 1.490744 -1.070461
v -0.623639 1.490744 -0.981014
v -0.521159 1.329430 -1.012229
v -0.521159 1.329430 -0.981014
v -0.623639 1.329430 -0.981014
v -0.623639 1.329430 -1.012229
v -0.623639 1.435017 -1.070461
v -0.521159 1.435017 -1.070461
v -0.521159 1.435017 -0.981014
v -0.623639 1.435017 -0.981014
v -0.623639 1.392545 -1.024017
v -0.521159 1.392545 -0.981014
v -0.521159 1.392545 -1.024017
v -0.623639 1.392545 -0.981014
v -0.521159 1.413781 -1.038753
v -0.623639 1.413781 -0.981014
v -0.623639 1.413781 -1.038753
v -0.521159 1.413781 -0.981014
v -0.808103 1.490744 -1.070461
v -0.808103 1.490744 -0.981014
v -0.910583 1.490744 -1.070461
v -0.910583 1.490744 -0.981014
v -0.808103 1.329430 -1.012229
v -0.808103 1.329430 -0.981014
v -0.910583 1.329430 -0.981014
v -0.910583 1.329430 -1.012229
v -0.910583 1.435017 -1.070461
v -0.808103 1.435017 -1.070461
v -0.808103 1.435017 -0.981014
v -0.910583 1.435017 -0.981014
v -0.910583 1.392545 -1.024017
v -0.808103 1.392545 -0.981014
v -0.808103 1.392545 -1.024017
v -0.910583 1.392545 -0.981014
v -0.808103 1.413781 -1.038753
v -0.910583 1.413781 -0.981014
v -0.910583 1.413781 -1.038753
v -0.808103 1.413781 -0.981014
v -1.077017 1.490744 -0.935583
v -0.987570 1.490744 -0.935583
v -1.077017 1.490744 -0.833103
v -0.987570 1.490744 -0.833103
v -1.018785 1.329430 -0.935583
v -0.987570 1.329430 -0.935583
v -0.987570 1.329430 -0.833103
v -1.018785 1.329430 -0.833103
v -1.077017 1.435017 -0.833103
v -1.077017 1.435017 -0.935583
v -0.987570 1.435017 -0.935583
v -0.987570 1.435017 -0.833103
v -1.030572 1.392544 -0.833103
v -0.987570 1.392544 -0.935583
v -1.030572 1.392544 -0.935583
v -0.987570 1.392544 -0.833103
v -1.045308 1.413780 -0.935583
v -0.987570 1.413780 -0.833103
v -1.045308 1.413780 -0.833103
v -0.987570 1.413780 -0.935583
v -1.077017 1.490744 -0.648638
v -0.987570 1.490744 -0.648638
v -1.077017 1.490744 -0.546158
v -0.987570 1.490744 -0.546158
v -1.018785 1.329430 -0.648638
v -0.987570 1.329430 -0.648638
v -0.987570 1.329430 -0.546158
v -1.018785 1.329430 -0.546158
v -1.077017 1.435017 -0.546158
v -1.077017 1.435017 -0.648638
v -0.987570 1.435017 -0.648638
v -0.987570 1.435017 -0.546158
v -1.030572 1.392544 -0.546158
v -0.987570 1.392544 -0.648638
v -1.030572 1.392544 -0.648638
v -0.987570 1.392544 -0.546158
v -1.045308 1.413780 -0.648638
v -0.987570 1.413780 -0.546158
v -1.045308 1.413780 -0.546158
v -0.987570 1.413780 -0.648638
v -1.077017 1.490744 -0.361694
v -0.987570 1.490744 -0.361694
v -1.077017 1.490744 -0.259214
v -0.987570 1.490744 -0.259214
v -1.018785 1.329430 -0.361694
v -0.987570 1.329430 -0.361694
v -0.987570 1.329430 -0.259214
v -1.018785 1.329430 -0.259214
v -1.077017 1.435017 -0.259214
v -1.077017 1.435017 -0.361694
v -0.987570 1.435017 -0.361694
v -0.987570 1.435017 -0.259214
v -1.030572 1.392544 -0.259214
v -0.987570 1.392544 -0.361694
v -1.030572 1.392544 -0.361694
v -0.987570 1.392544 -0.259214
v -1.045308 1.413780 -0.361694
v -0.987570 1.413780 -0.259214
v -1.045308 1.413780 -0.259214
v -0.987570 1.413780 -0.361694
v -1.077017 1.490744 -0.074750
v -0.987570 1.490744 -0.074750
v -1.077017 1.490744 0.027730
v -0.987570 1.490744 0.027730
v -1.018785 1.329430 -0.074750
v -0.987570 1.329430 -0.074750
v -0.987570 1.329430 0.027730
v -1.018785 1.329430 0.027730
v -1.077017 1.435017 0.027730
v -1.077017 1.435017 -0.074750
v -0.987570 1.435017 -0.074750
v -0.987570 1.435017 0.027730
v -1.030572 1.392544 0.027730
v -0.987570 1.392544 -0.074750
v -1.030572 1.392544 -0.074750
v -0.987570 1.392544 0.027730
v -1.045308 1.413780 -0.074750
v -0.987570 1.413780 0.027730
v -1.045308 1.413780 0.027730
v -0.987570 1.413780 -0.074750
v -1.077017 1.490744 0.212194
v -0.987570 1.490744 0.212194
v -1.077017 1.490744 0.314674
v -0.987570 1.490744 0.314674
v -1.018785 1.329430 0.212194
v -0.987570 1.329430 0.212194
v -0.987570 1.329430 0.314674
v -1.018785 1.329430 0.314674
v -1.077017 1.435017 0.314674
v -1.077017 1.435017 0.212194
v -0.987570 1.435017 0.212194
v -0.987570 1.435017 0.314674
v -1.030572 1.392544 0.314674
v -0.987570 1.392544 0.212194
v -1.030572 1.392544 0.212194
v -0.987570 1.392544 0.314674
v -1.045308 1.413780 0.212194
v -0.987570 1.413780 0.314674
v -1.045308 1.413780 0.314674
v -0.987570 1.413780 0.212194
v -1.077017 1.490744 0.499138
v -0.987570 1.490744 0.499138
v -1.077017 1.490744 0.601618
v -0.987570 1.490744 0.601618
v -1.018785 1.329430 0.499138
v -0.987570 1.329430 0.499138
v -0.987570 1.329430 0.601618
v -1.018785 1.329430 0.601618
v -1.077017 1.435017 0.601618
v -1.077017 1.435017 0.499138
v -0.987570 1.435017 0.499138
v -0.987570 1.435017 0.601618
v -1.030572 1.392544 0.601618
v -0.987570 1.392544 0.499138
v -1.030572 1.392544 0.499138
v -0.987570 1.392544 0.601618
v -1.045308 1.413780 0.499138
v -0.987570 1.413780 0.601618
v -1.045308 1.413780 0.601618
v -0.987570 1.413780 0.499138
v -1.077017 1.490744 0.786082
v -0.987570 1.490744 0.786082
v -1.077017 1.490744 0.888562
v -0.987570 1.490744 0.888562
v -1.018785 1.329430 0.786082
v -0.987570 1.329430 0.786082
v -0.987570 1.329430 0.888562
v -1.018785 1.329430 0.888562
v -1.077017 1.435017 0.888562
v -1.077017 1.435017 0.786082
v -0.987570 1.435017 0.786082
v -0.987570 1.435017 0.888562
v -1.030572 1.392544 0.888562
v -0.987570 1.392544 0.786082
v -1.030572 1.392544 0.786082
v -0.987570 1.392544 0.888562
v -1.045308 1.413780 0.786082
v -0.987570 1.413780 0.888562
v -1.045308 1.413780 0.888562
v -0.987570 1.413780 0.786082
v -0.913561 1.490744 1.070461
v -0.913561 1.490744 0.981014
v -0.811081 1.490744 1.070461
v -0.811081 1.490744 0.981014
v -0.913561 1.329430 1.012229
v -0.913561 1.329430 0.981014
v -0.811081 1.329430 0.981014
v -0.811081 1.329430 1.012229
v -0.811081 1.435017 1.070461
v -0.913561 1.435017 1.070461
v -0.913561 1.435017 0.981014
v -0.811081 1.435017 0.981014
v -0.811081 1.392544 1.024017
v -0.913561 1.392544 0.981014
v -0.913561 1.392544 1.024017
v -0.811081 1.392544 0.981014
v -0.913561 1.413780 1.038753
v -0.811081 1.413780 0.981014
v -0.811081 1.413780 1.038753
v -0.913561 1.413780 0.981014
v -0.626617 1.490744 1.070461
v -0.626617 1.490744 0.981014
v -0.524137 1.490744 1.070461
v -0.524137 1.490744 0.981014
v -0.626617 1.329430 1.012229
v -0.626617 1.329430 0.981014
v -0.524137 1.329430 0.981014
v -0.524137 1.329430 1.012229
v -0.524137 1.435017 1.070461
v -0.626617 1.435017 1.070461
v -0.626617 1.435017 0.981014
v -0.524137 1.435017 0.981014
v -0.524137 1.392544 1.024017
v -0.626617 1.392544 0.981014
v -0.626617 1.392544 1.024017
v -0.524137 1.392544 0.981014
v -0.626617 1.413780 1.038753
v -0.524137 1.413780 0.981014
v -0.524137 1.413780 1.038753
v -0.626617 1.413780 0.981014
v -0.339673 1.490744 1.070461
v -0.339673 1.490744 0.981014
v -0.237193 1.490744 1.070461
v -0.237193 1.490744 0.981014
v -0.339673 1.329430 1.012229
v -0.339673 1.329430 0.981014
v -0.237193 1.329430 0.981014
v -0.237193 1.329430 1.012229
v -0.237193 1.435017 1.070461
v -0.339673 1.435017 1.070461
v -0.339673 1.435017 0.981014
v -0.237193 1.435017 0.981014
v -0.237193 1.392544 1.024017
v -0.339673 1.392544 0.981014
v -0.339673 1.392544 1.024017
v -0.237193 1.392544 0.981014
v -0.339673 1.413780 1.038753
v -0.237193 1.413780 0.981014
v -0.237193 1.413780 1.038753
v -0.339673 1.413780 0.981014
v -0.052729 1.490744 1.070461
v -0.052729 1.490744 0.981014
v 0.049751 1.490744 1.070461
v 0.049751 1.490744 0.981014
v -0.052729 1.329430 1.012229
v -0.052729 1.329430 0.981014
v 0.049751 1.329430 0.981014
v 0.049751 1.329430 1.012229
v 0.049751 1.435017 1.070461
v -0.052729 1.435017 1.070461
v -0.052729 1.435017 0.981014
v 0.049751 1.435017 0.981014
v 0.049751 1.392544 1.024017
v -0.052729 1.392544 0.981014
v -0.052729 1.392544 1.024017
v 0.049751 1.392544 0.981014
v -0.052729 1.413780 1.038753
v 0.049751 1.413780 0.981014
v 0.049751 1.413780 1.038753
v -0.052729 1.413780 0.981014
v 0.234215 1.490744 1.070461
v 0.234215 1.490744 0.981014
v 0.336695 1.490744 1.070461
v 0.336695 1.490744 0.981014
v 0.234215 1.329430 1.012229
v 0.234215 1.329430 0.981014
v 0.336695 1.329430 0.981014
v 0.336695 1.329430 1.012229
v 0.336695 1.435017 1.070461
v 0.234215 1.435017 1.070461
v 0.234215 1.435017 0.981014
v 0.336695 1.435017 0.981014
v 0.336695 1.392544 1.024017
v 0.234215 1.392544 0.981014
v 0.234215 1.392544 1.024017
v 0.336695 1.392544 0.981014
v 0.234215 1.413780 1.038753
v 0.336695 1.413780 0.981014
v 0.336695 1.413780 1.038753
v 0.234215 1.413780 0.981014
v 0.521159 1.490744 1.070461
v 0.521159 1.490744 0.981014
v 0.623639 1.490744 1.070461
v 0.623639 1.490744 0.981014
v 0.521159 1.329430 1.012229
v 0.521159 1.329430 0.981014
v 0.623639 1.329430 0.981014
v 0.623639 1.329430 1.012229
v 0.623639 1.435017 1.070461
v 0.521159 1.435017 1.070461
v 0.521159 1.435017 0.981014
v 0.623639 1.435017 0.981014
v 0.623639 1.392544 1.024017
v 0.521159 1.392544 0.981014
v 0.521159 1.392544 1.024017
v 0.623639 1.392544 0.981014
v 0.521159 1.413780 1.038753
v 0.623639 1.413780 0.981014
v 0.623639 1.413780 1.038753
v 0.521159 1.413780 0.981014
v 0.808103 1.490744 1.070461
v 0.808103 1.490744 0.981014
v 0.910583 1.490744 1.070461
v 0.910583 1.490744 0.981014
v 0.808103 1.329430 1.012229
v 0.808103 1.329430 0.981014
v 0.910583 1.329430 0.981014
v 0.910583 1.329430 1.012229
v 0.910583 1.435017 1.070461
v 0.808103 1.435017 1.070461
v 0.808103 1.435017 0.981014
v 0.910583 1.435017 0.981014
v 0.910583 1.392544 1.024017
v 0.808103 1.392544 0.981014
v 0.808103 1.392544 1.024017
v 0.910583 1.392544 0.981014
v 0.808103 1.413780 1.038753
v 0.910583 1.413780 0.981014
v 0.910583 1.413780 1.038753
v 0.808103 1.413780 0.981014
vn -0.0000 -0.0000 1.0000
vn 1.0000 -0.0000 -0.0000
vn -0.0000 -1.0000 -0.0000
vn -0.0000 1.0000 -0.0000
vn -1.0000 -0.0000 -0.0000
vn -0.5000 -0.8660 -0.0000
vn -0.5000 0.8660 -0.0000
vn 0.5000 0.8660 -0.0000
vn 0.5000 -0.8660 -0.0000
vn 0.4720 0.8175 -0.3300
vn -0.4972 -0.7657 0.4081
vn -0.4913 0.8033 -0.3366
vn 0.4625 -0.8010 0.3802
vn 0.4439 -0.3653 0.8183
vn -0.4362 0.3380 -0.8340
vn 0.4362 0.3380 -0.8340
vn -0.4439 -0.3653 0.8183
vn 0.4720 0.8175 0.3300
vn -0.4625 -0.8010 -0.3802
vn -0.4720 0.8175 0.3300
vn 0.4625 -0.8010 -0.3802
vn 0.4134 -0.4109 -0.8126
vn -0.4362 0.3380 0.8340
vn 0.4256 0.3450 0.8366
vn -0.4439 -0.3653 -0.8183
vn -0.0000 -0.8660 0.5000
vn -0.0000 0.8660 0.5000
vn -0.0000 0.8660 -0.5000
vn -0.0000 -0.0000 -1.0000
vn -0.0000 -0.8660 -0.5000
vn -0.3300 0.8175 -0.4720
vn 0.4081 -0.7657 0.4972
vn -0.3366 0.8033 0.4913
vn 0.3802 -0.8010 -0.4625
vn 0.8183 -0.3653 -0.4439
vn -0.8340 0.3380 0.4362
vn -0.8340 0.3380 -0.4362
vn 0.8183 -0.3653 0.4439
vn 0.3300 0.8175 -0.4720
vn -0.3802 -0.8010 0.4625
vn 0.3300 0.8175 0.4720
vn -0.3802 -0.8010 -0.4625
vn -0.8126 -0.4109 -0.4134
vn 0.8340 0.3380 0.4362
vn 0.8366 0.3450 -0.4256
vn -0.8183 -0.3653 0.4439
vn 0.7071 -0.0000 0.7071
vn -0.7071 -0.0000 -0.7071
vn 0.7071 -0.0000 -0.7071
vn -0.7071 -0.0000 0.7071
vn 0.0037 -0.9999 0.0154
vn 0.0273 -0.9994 0.0194
vn -0.0189 0.9959 -0.0881
vn -0.0372 -0.9902 0.1344
vn -0.0112 0.9999 -0.0048
vn 0.0315 -0.9985 0.0456
vn 0.0056 -0.9999 -0.0087
vn 0.0233 0.9989 0.0408
vn 0.0251 -0.9987 0.0440
vn 0.0403 0.9975 -0.0582
vn 0.0387 -0.9980 0.0492
vn 0.0362 0.9959 -0.0832
vn -0.0096 1.0000 -0.0000
vn 0.0354 -0.9975 0.0619
vn 0.0284 0.9984 -0.0498
vn 0.0397 -0.9976 0.0570
vn -0.0000 0.9992 0.0407
vn -0.0000 -0.9999 0.0160
vn 0.0545 0.9951 -0.0822
vn 0.0228 0.9992 0.0331
vn -0.0128 -0.9999 -0.0000
vn -0.0245 0.9997 -0.0000
vn 0.0348 -0.9990 -0.0277
vn -0.0000 0.9977 -0.0685
vn -0.0089 0.9994 -0.0333
vn 0.0249 -0.9987 -0.0436
vn -0.0008 0.9984 -0.0557
vn 0.0140 -0.9997 0.0203
vn 0.0410 -0.9966 -0.0717
vn 0.0495 -0.9957 0.0781
vn -0.0000 0.9997 0.0225
vn -0.0247 -0.9997 -0.0000
vn 0.0023 0.9998 -0.0187
vn -0.0392 -0.9984 0.0412
vn -0.0171 0.9999 -0.0000
vn 0.0282 -0.9984 -0.0493
vn 0.0086 0.9999 -0.0131
vn -0.0060 -1.0000 -0.0000
vn 0.0105 0.9998 -0.0197
vn 0.0236 -0.9989 0.0414
vn -0.0000 0.9998 -0.0222
vn 0.0158 -0.9999 -0.0037
vn 0.0194 -0.9994 -0.0273
vn -0.0881 0.9959 0.0189
vn 0.1384 -0.9897 0.0372
vn -0.0049 0.9999 0.0112
vn 0.0551 -0.9980 -0.0315
vn -0.0087 -0.9999 -0.0056
vn 0.0408 0.9989 -0.0233
vn 0.0366 -0.9990 -0.0251
vn -0.0485 0.9980 -0.0403
vn 0.0409 -0.9984 -0.0387
vn -0.0693 0.9969 -0.0362
vn -0.0000 1.0000 0.0096
vn 0.0619 -0.9975 -0.0354
vn -0.0498 0.9984 -0.0284
vn 0.0688 -0.9968 -0.0397
vn 0.0491 0.9988 -0.0000
vn 0.0160 -0.9999 -0.0000
vn -0.0822 0.9951 -0.0545
vn 0.0400 0.9989 -0.0228
vn -0.0000 -0.9999 0.0128
vn -0.0000 0.9997 0.0245
vn -0.0277 -0.9990 -0.0348
vn -0.0685 0.9977 -0.0000
vn -0.0333 0.9994 0.0089
vn -0.0436 -0.9987 -0.0249
vn -0.0557 0.9984 0.0008
vn 0.0204 -0.9997 -0.0140
vn -0.0717 -0.9966 -0.0410
vn 0.0781 -0.9957 -0.0495
vn 0.0225 0.9997 -0.0000
vn -0.0000 -0.9997 0.0247
vn -0.0187 0.9998 -0.0023
vn 0.0412 -0.9984 0.0392
vn -0.0000 0.9999 0.0171
vn -0.0493 -0.9984 -0.0282
vn -0.0131 0.9999 -0.0086
vn -0.0000 -1.0000 0.0057
vn -0.0179 0.9998 -0.0099
vn 0.0414 -0.9989 -0.0236
vn -0.0222 0.9998 -0.0000
vn -0.0000 -1.0000 -0.0008
vn 0.0098 0.9999 0.0025
vn -0.0194 -0.9994 0.0273
vn 0.0881 0.9959 -0.0189
vn -0.0000 -0.9993 -0.0375
vn 0.1179 0.9927 -0.0236
vn 0.0622 0.9979 0.0158
vn 0.0087 -0.9999 0.0056
vn -0.0408 0.9989 0.0233
vn -0.0550 0.9985 -0.0000
vn 0.0415 -0.9991 0.0090
vn 0.0507 0.9986 0.0129
vn -0.0000 1.0000 -0.0096
vn 0.0073 0.9997 -0.0245
vn -0.2268 -0.9739 -0.0013
vn 0.0076 1.0000 -0.0004
vn -0.0160 -0.9999 -0.0000
vn 0.0822 0.9951 0.0545
vn -0.0407 0.9989 0.0228
vn -0.0443 -0.9990 0.0113
vn -0.0000 0.9997 -0.0228
vn 0.0277 -0.9990 0.0348
vn 0.0685 0.9977 -0.0000
vn -0.0924 -0.9954 0.0235
vn 0.0837 -0.9962 0.0249
vn 0.0404 0.9992 -0.0008
vn -0.0245 -0.9996 0.0140
vn 0.1595 -0.9864 0.0406
vn 0.0314 -0.9995 0.0080
vn -0.0505 0.9985 -0.0210
vn -0.0000 -0.9997 -0.0247
vn 0.0187 0.9998 0.0023
vn 0.0286 -0.9996 -0.0000
vn 0.1102 -0.9935 0.0280
vn -0.0672 0.9977 0.0013
vn -0.0000 -1.0000 -0.0058
vn 0.0180 0.9998 0.0100
vn -0.0037 -0.9999 -0.0145
vn -0.0273 -0.9994 -0.0194
vn 0.0189 0.9959 0.0881
vn 0.0372 -0.9912 -0.1270
vn 0.0112 0.9999 0.0045
vn -0.0315 -0.9985 -0.0446
vn -0.0056 -0.9999 0.0087
vn -0.0233 0.9989 -0.0408
vn -0.0251 -0.9987 -0.0440
vn -0.0403 0.9975 0.0582
vn -0.0321 -0.9983 -0.0492
vn -0.0301 0.9961 0.0832
vn 0.0132 0.9999 -0.0000
vn -0.0294 -0.9977 -0.0619
vn -0.0236 0.9985 0.0498
vn -0.0769 -0.9967 0.0276
vn -0.0000 0.9977 0.0685
vn -0.0269 -0.9987 0.0436
vn 0.0008 0.9984 0.0557
vn -0.0140 -0.9996 -0.0245
vn -0.0442 -0.9964 0.0717
vn -0.0495 -0.9957 -0.0781
vn -0.0000 0.9997 -0.0225
vn 0.0247 -0.9997 -0.0000
vn -0.0023 0.9998 0.0187
vn 0.0392 -0.9987 -0.0333
vn 0.0171 0.9999 -0.0000
vn -0.0282 -0.9987 0.0423
vn -0.0086 0.9999 0.0113
vn 0.0058 -1.0000 -0.0000
vn -0.0100 0.9998 0.0199
vn -0.0236 -0.9989 -0.0414
vn -0.0000 0.9998 0.0222
vn -0.9782 -0.2078 -0.0000
vn 0.0219 0.9984 -0.0516
vn -0.0387 -0.0004 0.9992
vn -0.9987 0.0043 -0.0516
vn 0.9782 -0.2078 -0.0000
vn -0.0219 0.9984 -0.0516
vn -0.0000 -0.0031 1.0000
vn 0.9994 0.0066 -0.0332
vn -0.1065 0.9943 -0.0000
vn -0.0504 -0.9987 -0.0000
vn -0.0504 0.9987 -0.0000
vn -0.1065 -0.9943 -0.0000
vn 0.1065 0.9943 -0.0000
vn 0.1065 -0.9943 -0.0000
vn 0.0504 -0.9987 -0.0000
vn 0.0504 0.9987 -0.0000
vn 0.9830 -0.1836 -0.0000
vn 0.8216 -0.5701 -0.0000
vn 0.5565 -0.8309 -0.0000
vn -0.0000 -0.1836 -0.9830
vn -0.0000 -0.5701 -0.8216
vn -0.0000 -0.8309 -0.5565
vn -0.9830 -0.1836 -0.0000
vn -0.8216 -0.5701 -0.0000
vn -0.5565 -0.8309 -0.0000
vn -0.0000 -0.1836 0.9830
vn -0.0000 -0.5701 0.8216
vn -0.0000 -0.8309 0.5565
vn 0.4913 0.8033 -0.3366
vn -0.4625 -0.8010 0.3802
vn -0.4720 0.8175 -0.3300
vn 0.4972 -0.7657 0.4081
vn 0.4134 -0.4109 0.8126
vn -0.4256 0.3450 -0.8366
vn 0.4256 0.3450 -0.8366
vn -0.4134 -0.4109 0.8126
vn 0.4913 0.8033 0.3366
vn -0.4972 -0.7657 -0.4081
vn -0.4913 0.8033 0.3366
vn 0.4972 -0.7657 -0.4081
vn 0.4439 -0.3653 -0.8183
vn -0.4256 0.3450 0.8366
vn 0.4362 0.3380 0.8340
vn -0.4134 -0.4109 -0.8126
vn -0.3366 0.8033 -0.4913
vn 0.3802 -0.8010 0.4625
vn -0.3300 0.8175 0.4720
vn 0.4081 -0.7657 -0.4972
vn 0.8126 -0.4109 -0.4134
vn -0.8366 0.3450 0.4256
vn -0.8366 0.3450 -0.4256
vn 0.8126 -0.4109 0.4134
vn 0.3366 0.8033 -0.4913
vn -0.4081 -0.7657 0.4972
vn 0.3366 0.8033 0.4913
vn -0.4081 -0.7657 -0.4972
vn -0.8183 -0.3653 -0.4439
vn 0.8366 0.3450 0.4256
vn 0.8340 0.3380 -0.4362
vn -0.8126 -0.4109 0.4134
vn 0.0101 -0.9999 -0.0106
vn 0.0018 0.9986 -0.0521
vn -0.0369 -0.9904 0.1330
vn -0.0237 0.9986 0.0470
vn -0.0022 1.0000 -0.0031
vn -0.0596 -0.9926 0.1054
vn -0.0161 0.9990 0.0406
vn 0.0090 -1.0000 -0.0028
vn -0.0181 0.9998 0.0118
vn -0.0417 -0.9965 0.0730
vn -0.0247 0.9993 -0.0264
vn -0.0245 0.9988 0.0429
vn -0.0013 -1.0000 -0.0025
vn -0.0004 0.9991 0.0413
vn -0.0346 -0.9965 0.0764
vn 0.0076 1.0000 -0.0000
vn -0.0316 -0.9985 -0.0458
vn -0.0418 -0.9978 0.0508
vn -0.0399 0.9988 -0.0270
vn 0.0369 -0.9988 -0.0314
vn -0.0096 0.9963 -0.0852
vn -0.0554 -0.9937 0.0970
vn -0.0168 0.9988 -0.0471
vn -0.0438 0.9905 -0.1306
vn -0.0115 -0.9998 -0.0166
vn 0.0080 -1.0000 0.0053
vn -0.0232 0.9977 0.0631
vn -0.0394 -0.9989 -0.0258
vn -0.0454 0.9937 -0.1020
vn 0.0009 -0.9996 -0.0291
vn -0.0244 0.9996 0.0128
vn -0.0053 -0.9999 0.0092
vn -0.0051 0.9999 0.0109
vn -0.0075 -1.0000 -0.0027
vn -0.0110 0.9991 -0.0414
vn -0.0106 -0.9999 -0.0101
vn -0.0521 0.9986 -0.0018
vn 0.1369 -0.9899 0.0368
vn 0.0485 0.9985 0.0237
vn -0.0038 1.0000 0.0022
vn 0.1054 -0.9926 0.0596
vn 0.0338 0.9993 0.0162
vn -0.0023 -1.0000 -0.0090
vn 0.0098 0.9998 0.0181
vn 0.0730 -0.9965 0.0417
vn -0.0264 0.9993 0.0247
vn 0.0429 0.9988 0.0245
vn -0.0030 -1.0000 0.0013
vn 0.0499 0.9988 0.0004
vn 0.0764 -0.9965 0.0346
vn -0.0000 1.0000 -0.0076
vn -0.0553 -0.9980 0.0316
vn 0.0508 -0.9978 0.0418
vn -0.0270 0.9988 0.0399
vn -0.0314 -0.9988 -0.0369
vn -0.0852 0.9963 0.0096
vn 0.0970 -0.9937 0.0554
vn -0.0471 0.9988 0.0168
vn -0.1306 0.9905 0.0438
vn -0.0167 -0.9998 0.0115
vn 0.0053 -1.0000 -0.0080
vn 0.0631 0.9977 0.0232
vn -0.0258 -0.9989 0.0394
vn -0.1020 0.9937 0.0454
vn -0.0291 -0.9996 -0.0009
vn 0.0128 0.9996 0.0244
vn 0.0092 -0.9999 0.0053
vn 0.0109 0.9999 0.0051
vn -0.0025 -1.0000 0.0071
vn -0.0414 0.9991 0.0110
vn -0.0031 -1.0000 -0.0000
vn 0.0106 -0.9999 0.0101
vn 0.0521 0.9986 0.0018
vn -0.1271 -0.9894 -0.0695
vn -0.0465 0.9987 0.0183
vn -0.0989 -0.9948 -0.0252
vn -0.1054 -0.9926 -0.0596
vn -0.0919 -0.9955 -0.0234
vn -0.1178 0.9929 -0.0160
vn 0.0063 -1.0000 -0.0000
vn -0.0710 0.9973 -0.0181
vn -0.0633 -0.9971 -0.0417
vn 0.0229 0.9994 -0.0247
vn -0.1578 -0.9867 -0.0401
vn 0.0850 0.9954 -0.0442
vn -0.2557 -0.9667 -0.0090
vn -0.1115 0.9933 0.0298
vn -0.0764 -0.9965 -0.0346
vn -0.0000 1.0000 0.0076
vn 0.1234 -0.9919 -0.0314
vn -0.0000 0.9999 0.0125
vn 0.0502 -0.9987 -0.0128
vn -0.0066 0.9997 -0.0245
vn 0.0314 -0.9988 0.0369
vn 0.0852 0.9963 -0.0096
vn -0.0351 0.9993 -0.0089
vn -0.0000 -1.0000 0.0036
vn 0.2908 0.9546 -0.0649
vn 0.0201 -0.9997 -0.0115
vn -0.1630 -0.9858 -0.0415
vn 0.1842 0.9818 -0.0469
vn -0.0593 0.9980 -0.0232
vn 0.0258 -0.9989 -0.0394
vn 0.1020 0.9937 -0.0454
vn 0.1342 -0.9902 -0.0389
vn -0.0663 0.9975 -0.0244
vn -0.1960 -0.9793 -0.0499
vn -0.0923 0.9957 -0.0051
vn 0.0025 -1.0000 -0.0072
vn -0.1588 -0.9865 -0.0404
vn 0.0564 0.9983 -0.0144
vn -0.0101 -0.9999 0.0106
vn -0.0018 0.9986 0.0521
vn 0.0369 -0.9914 -0.1257
vn 0.0237 0.9987 -0.0444
vn 0.0022 1.0000 0.0031
vn 0.0596 -0.9926 -0.1054
vn 0.0161 0.9990 -0.0406
vn -0.0074 -1.0000 0.0028
vn 0.0150 0.9998 -0.0118
vn 0.0573 -0.9957 -0.0729
vn 0.0339 0.9991 0.0264
vn 0.0203 0.9989 -0.0429
vn -0.0816 -0.9962 0.0313
vn 0.0212 0.9961 0.0852
vn 0.0472 0.9903 0.1305
vn 0.0115 -0.9997 0.0201
vn -0.0080 -1.0000 -0.0053
vn 0.0232 0.9977 -0.0631
vn 0.0394 -0.9989 0.0258
vn 0.0454 0.9937 0.1020
vn -0.0009 -0.9997 0.0235
vn 0.0244 0.9996 -0.0104
vn 0.0053 -1.0000 -0.0079
vn 0.0051 0.9999 -0.0093
vn 0.0071 -1.0000 0.0028
vn 0.0110 0.9991 0.0414
vn -0.9953 -0.0000 -0.0966
vn -0.0090 0.0516 0.9986
vn 0.0344 -0.9961 0.0810
vn 0.0135 0.9994 -0.0319
vn 0.9967 0.0104 0.0811
vn -0.9994 0.0066 -0.0332
vn 0.9953 -0.0000 -0.0966
vn 0.0090 0.0516 0.9986
vn -0.0344 -0.9961 0.0810
vn -0.0135 0.9994 -0.0319
vn 0.0387 -0.0004 0.9992
vn -0.9967 0.0104 0.0811
vn 0.9987 0.0043 -0.0516
vt 0.430068 0.650850
vt 0.431040 0.653532
vt 0.430068 0.654975
vt 0.430068 0.634908
vt 0.431040 0.641686
vt 0.430068 0.642965
vt 0.433278 0.646865
vt 0.431040 0.646106
vt 0.433278 0.646077
vt 0.430068 0.646907
vt 0.431040 0.650049
vt 0.342527 0.655041
vt 0.342655 0.657405
vt 0.342527 0.657406
vt 0.433278 0.654933
vt 0.433278 0.653503
vt 0.433278 0.650808
vt 0.431040 0.651497
vt 0.428381 0.652892
vt 0.428253 0.650527
vt 0.428381 0.650526
vt 0.431040 0.647683
vt 0.433278 0.650019
vt 0.429075 0.641079
vt 0.429246 0.644426
vt 0.429075 0.644426
vt 0.433278 0.642923
vt 0.431040 0.643741
vt 0.429075 0.624340
vt 0.429246 0.627688
vt 0.429075 0.627688
vt 0.433278 0.634866
vt 0.431040 0.636161
vt 0.433278 0.641657
vt 0.433150 0.651466
vt 0.431136 0.651669
vt 0.430912 0.651496
vt 0.433150 0.643710
vt 0.431136 0.643947
vt 0.430912 0.643739
vt 0.431136 0.653352
vt 0.430912 0.653531
vt 0.431136 0.645892
vt 0.430912 0.646105
vt 0.410950 0.563459
vt 0.411078 0.568983
vt 0.410950 0.568984
vt 0.429246 0.617645
vt 0.429075 0.614297
vt 0.429246 0.614297
vt 0.424457 0.565500
vt 0.424285 0.562152
vt 0.424457 0.562152
vt 0.375746 0.642358
vt 0.375917 0.645706
vt 0.375746 0.645706
vt 0.342527 0.657408
vt 0.342655 0.659441
vt 0.342527 0.659442
vt 0.429246 0.634383
vt 0.429075 0.631035
vt 0.429246 0.631035
vt 0.429075 0.634383
vt 0.429246 0.637731
vt 0.429075 0.637731
vt 0.342483 0.651692
vt 0.342655 0.655039
vt 0.342483 0.655039
vt 0.375947 0.659186
vt 0.375846 0.656174
vt 0.375947 0.656174
vt 0.375746 0.656174
vt 0.375846 0.659186
vt 0.375746 0.659186
vt 0.429246 0.629360
vt 0.429347 0.632373
vt 0.429246 0.632373
vt 0.375984 0.653904
vt 0.376059 0.655586
vt 0.375984 0.655587
vt 0.433150 0.646076
vt 0.433150 0.645865
vt 0.430912 0.647682
vt 0.431136 0.649834
vt 0.430912 0.650047
vt 0.433150 0.636131
vt 0.431136 0.636495
vt 0.430912 0.636160
vt 0.433150 0.647653
vt 0.431136 0.647889
vt 0.431136 0.641344
vt 0.430912 0.641685
vt 0.433150 0.650018
vt 0.433150 0.649808
vt 0.433150 0.653501
vt 0.433150 0.653325
vt 0.433150 0.641655
vt 0.433150 0.641318
vt 0.433075 0.653325
vt 0.431061 0.651668
vt 0.433075 0.651642
vt 0.433075 0.649807
vt 0.431061 0.647888
vt 0.433075 0.647862
vt 0.433075 0.645864
vt 0.431061 0.643946
vt 0.433075 0.643920
vt 0.433075 0.641317
vt 0.431061 0.636494
vt 0.433075 0.636467
vt 0.429246 0.644424
vt 0.429321 0.646369
vt 0.429246 0.646369
vt 0.375957 0.645370
vt 0.376058 0.648383
vt 0.375957 0.648383
vt 0.429347 0.623335
vt 0.429246 0.620322
vt 0.429347 0.620322
vt 0.375984 0.649054
vt 0.376059 0.653903
vt 0.375984 0.653903
vt 0.429246 0.638398
vt 0.429347 0.641411
vt 0.429246 0.641411
vt 0.429347 0.635386
vt 0.429246 0.635386
vt 0.429347 0.617310
vt 0.429246 0.617310
vt 0.430427 0.566841
vt 0.430502 0.568785
vt 0.430427 0.568786
vt 0.429369 0.634900
vt 0.429369 0.642957
vt 0.429369 0.650842
vt 0.427927 0.663781
vt 0.428867 0.668581
vt 0.427927 0.668581
vt 0.436505 0.623859
vt 0.437446 0.628660
vt 0.436505 0.628660
vt 0.429369 0.646900
vt 0.435517 0.653473
vt 0.436488 0.650766
vt 0.436488 0.654891
vt 0.435517 0.641627
vt 0.436488 0.634824
vt 0.436488 0.642881
vt 0.435517 0.646048
vt 0.436488 0.646824
vt 0.435517 0.649990
vt 0.435389 0.649989
vt 0.435517 0.647625
vt 0.435517 0.651439
vt 0.435389 0.646046
vt 0.435517 0.643682
vt 0.429075 0.647774
vt 0.429246 0.620992
vt 0.429075 0.620992
vt 0.435517 0.636103
vt 0.435165 0.651616
vt 0.435389 0.651437
vt 0.435165 0.643894
vt 0.435389 0.643681
vt 0.435165 0.653299
vt 0.435389 0.653472
vt 0.435165 0.645839
vt 0.435389 0.641626
vt 0.424285 0.568848
vt 0.424457 0.568848
vt 0.375746 0.649053
vt 0.342655 0.648344
vt 0.342483 0.648344
vt 0.375947 0.653161
vt 0.375846 0.653161
vt 0.375746 0.653161
vt 0.429347 0.626348
vt 0.429246 0.626348
vt 0.435090 0.653298
vt 0.435165 0.649781
vt 0.435389 0.647623
vt 0.435165 0.636442
vt 0.435389 0.636101
vt 0.435165 0.647837
vt 0.435165 0.641291
vt 0.435090 0.651615
vt 0.435090 0.647836
vt 0.435090 0.643893
vt 0.435090 0.636441
vt 0.435090 0.649781
vt 0.376058 0.642358
vt 0.375957 0.642358
vt 0.435090 0.641291
vt 0.429246 0.644424
vt 0.435090 0.645838
vt 0.434676 0.624782
vt 0.435376 0.616718
vt 0.435376 0.624775
vt 0.434676 0.616725
vt 0.435376 0.612775
vt 0.434676 0.608840
vt 0.435376 0.604707
vt 0.435376 0.608833
vt 0.428867 0.658981
vt 0.427927 0.658981
vt 0.436505 0.633460
vt 0.434676 0.612782
vt 0.403487 0.912877
vt 0.402915 0.905691
vt 0.403487 0.905691
vt 0.419980 0.917550
vt 0.419321 0.912196
vt 0.419980 0.912203
vt 0.421984 0.853984
vt 0.421413 0.861170
vt 0.421413 0.853984
vt 0.420841 0.853984
vt 0.414258 0.824770
vt 0.413598 0.819416
vt 0.414258 0.819423
vt 0.404058 0.912877
vt 0.404058 0.905691
vt 0.421413 0.852712
vt 0.430838 0.841745
vt 0.430032 0.841940
vt 0.430315 0.841404
vt 0.413804 0.818613
vt 0.402916 0.904987
vt 0.403487 0.905176
vt 0.421984 0.852901
vt 0.404058 0.904987
vt 0.412985 0.819408
vt 0.412668 0.818685
vt 0.413264 0.818889
vt 0.412668 0.818253
vt 0.385146 0.833305
vt 0.384569 0.831946
vt 0.385146 0.831843
vt 0.414258 0.819611
vt 0.414835 0.818253
vt 0.414835 0.819715
vt 0.429687 0.840801
vt 0.431938 0.913242
vt 0.431420 0.913619
vt 0.430902 0.913356
vt 0.430119 0.840806
vt 0.430838 0.841132
vt 0.402916 0.920062
vt 0.403487 0.920062
vt 0.419321 0.922890
vt 0.419980 0.922897
vt 0.421413 0.868355
vt 0.421984 0.861169
vt 0.421984 0.868355
vt 0.420841 0.868355
vt 0.413598 0.830110
vt 0.414258 0.830117
vt 0.404058 0.920062
vt 0.421413 0.869626
vt 0.405558 0.825206
vt 0.405345 0.826012
vt 0.404899 0.825207
vt 0.413804 0.830918
vt 0.402916 0.920766
vt 0.404058 0.920766
vt 0.387572 0.833109
vt 0.388154 0.833642
vt 0.387586 0.833457
vt 0.412668 0.831254
vt 0.413264 0.830630
vt 0.406482 0.826955
vt 0.405080 0.826535
vt 0.412660 0.831851
vt 0.405888 0.825730
vt 0.406478 0.826358
vt 0.410267 0.924597
vt 0.410785 0.924220
vt 0.411303 0.924483
vt 0.388154 0.833547
vt 0.388736 0.833013
vt 0.388736 0.833642
vt 0.420829 0.805639
vt 0.420257 0.791572
vt 0.420829 0.791572
vt 0.420182 0.863158
vt 0.420841 0.872565
vt 0.420182 0.872557
vt 0.418099 0.868050
vt 0.418670 0.882117
vt 0.418099 0.882117
vt 0.418670 0.868050
vt 0.419242 0.882117
vt 0.420449 0.902787
vt 0.420659 0.912197
vt 0.420000 0.912174
vt 0.421400 0.805638
vt 0.421400 0.791572
vt 0.418671 0.883388
vt 0.420388 0.873283
vt 0.419848 0.873023
vt 0.420419 0.912912
vt 0.420257 0.790868
vt 0.420829 0.791057
vt 0.418100 0.883199
vt 0.421400 0.790868
vt 0.386966 0.833532
vt 0.387572 0.833013
vt 0.387572 0.833636
vt 0.420970 0.912679
vt 0.421538 0.913264
vt 0.419242 0.874199
vt 0.420647 0.873837
vt 0.421519 0.913882
vt 0.420132 0.913454
vt 0.419252 0.873580
vt 0.385754 0.833636
vt 0.385147 0.833118
vt 0.385754 0.833013
vt 0.420257 0.819705
vt 0.420829 0.819705
vt 0.420841 0.853769
vt 0.420182 0.853760
vt 0.418670 0.853984
vt 0.418099 0.853984
vt 0.419242 0.853984
vt 0.421557 0.893422
vt 0.420898 0.893399
vt 0.421400 0.819705
vt 0.418671 0.852712
vt 0.420388 0.853040
vt 0.399166 0.833801
vt 0.398604 0.833297
vt 0.399166 0.832952
vt 0.420257 0.820409
vt 0.421400 0.820409
vt 0.418084 0.892785
vt 0.418700 0.893291
vt 0.418103 0.893130
vt 0.419074 0.893399
vt 0.418688 0.892668
vt 0.419074 0.892218
vt 0.330573 0.923789
vt 0.331176 0.922452
vt 0.331176 0.923902
vt 0.430928 0.902435
vt 0.431530 0.903772
vt 0.430933 0.903608
vt 0.419848 0.853285
vt 0.419252 0.852712
vt 0.419568 0.853833
vt 0.419252 0.853100
vt 0.420829 0.835180
vt 0.421400 0.849247
vt 0.420829 0.849246
vt 0.419598 0.822801
vt 0.420257 0.832208
vt 0.419598 0.832199
vt 0.331247 0.890405
vt 0.331818 0.904471
vt 0.331247 0.904471
vt 0.331818 0.890405
vt 0.332390 0.904471
vt 0.420257 0.801900
vt 0.419598 0.792510
vt 0.420257 0.792502
vt 0.420257 0.835180
vt 0.420257 0.849247
vt 0.331818 0.905743
vt 0.419804 0.832925
vt 0.419264 0.832665
vt 0.419804 0.791784
vt 0.421400 0.849950
vt 0.420829 0.849761
vt 0.331248 0.905554
vt 0.420257 0.849950
vt 0.385754 0.833532
vt 0.386360 0.833013
vt 0.386360 0.833636
vt 0.419264 0.792044
vt 0.418668 0.791487
vt 0.418658 0.833842
vt 0.420063 0.833480
vt 0.418658 0.790868
vt 0.420063 0.791230
vt 0.418668 0.833223
vt 0.386966 0.833636
vt 0.386360 0.833118
vt 0.386966 0.833013
vt 0.421400 0.821113
vt 0.420829 0.821113
vt 0.420257 0.813411
vt 0.419598 0.813403
vt 0.331818 0.876338
vt 0.331247 0.876338
vt 0.332390 0.876338
vt 0.419598 0.811307
vt 0.420257 0.811298
vt 0.420257 0.821113
vt 0.331818 0.875067
vt 0.419804 0.812682
vt 0.419804 0.812027
vt 0.421400 0.820409
vt 0.420257 0.820409
vt 0.418984 0.811234
vt 0.418668 0.811967
vt 0.418658 0.811348
vt 0.418668 0.812355
vt 0.419264 0.811782
vt 0.406482 0.826543
vt 0.407084 0.825206
vt 0.407084 0.826656
vt 0.430912 0.830261
vt 0.431514 0.831598
vt 0.430917 0.831434
vt 0.419264 0.812928
vt 0.418984 0.813475
vt 0.418668 0.812743
vt 0.562037 0.850324
vt 0.561067 0.849354
vt 0.606221 0.806177
vt 0.607191 0.850324
vt 0.649453 0.849331
vt 0.650404 0.850324
vt 0.690259 0.912668
vt 0.687188 0.883820
vt 0.689900 0.883822
vt 0.693314 0.834056
vt 0.690619 0.805242
vt 0.693331 0.805208
vt 0.692971 0.851720
vt 0.690273 0.850324
vt 0.692985 0.850351
vt 0.693331 0.835425
vt 0.690602 0.834090
vt 0.692985 0.883849
vt 0.690259 0.851692
vt 0.689900 0.882453
vt 0.687546 0.850324
vt 0.690259 0.850325
vt 0.695975 0.870025
vt 0.697345 0.867314
vt 0.697345 0.870024
vt 0.687188 0.882451
vt 0.694017 0.909923
vt 0.692985 0.882346
vt 0.693674 0.882347
vt 0.650404 0.805208
vt 0.608142 0.806201
vt 0.607191 0.805208
vt 0.606221 0.849354
vt 0.608142 0.849331
vt 0.651374 0.806177
vt 0.649453 0.806201
vt 0.651374 0.849354
vt 0.650381 0.807127
vt 0.607214 0.807127
vt 0.607214 0.848404
vt 0.650381 0.848404
vt 0.785176 0.865146
vt 0.784180 0.819835
vt 0.829528 0.818840
vt 0.635876 0.937112
vt 0.635172 0.935812
vt 0.635861 0.935803
vt 0.686892 0.894341
vt 0.686218 0.893026
vt 0.686907 0.893032
vt 0.693674 0.881038
vt 0.693328 0.850324
vt 0.694017 0.850324
vt 0.686907 0.925057
vt 0.686204 0.894334
vt 0.692985 0.881037
vt 0.707350 0.911349
vt 0.708038 0.912657
vt 0.707350 0.912657
vt 0.635188 0.908233
vt 0.635876 0.908225
vt 0.177037 0.144376
vt 0.190195 0.146422
vt 0.177048 0.146482
vt 0.145408 0.074943
vt 0.132293 0.091206
vt 0.132262 0.074796
vt 0.196030 0.021542
vt 0.182859 0.066092
vt 0.182884 0.021706
vt 0.175734 0.164298
vt 0.188858 0.166536
vt 0.175711 0.166404
vt 0.196030 0.068034
vt 0.182884 0.068198
vt 0.175734 0.215839
vt 0.190480 0.094882
vt 0.177333 0.094942
vt 0.195472 0.194544
vt 0.197580 0.181407
vt 0.197580 0.194543
vt 0.109055 0.164298
vt 0.109440 0.161011
vt 0.110852 0.162422
vt 0.107562 0.120934
vt 0.109440 0.098169
vt 0.109440 0.120934
vt 0.177037 0.162807
vt 0.175159 0.098169
vt 0.177037 0.096374
vt 0.107562 0.096374
vt 0.110852 0.096758
vt 0.175544 0.164298
vt 0.175159 0.161011
vt 0.175544 0.094882
vt 0.109055 0.094882
vt 0.173747 0.162422
vt 0.173747 0.096758
vt 0.107562 0.138583
vt 0.107562 0.162807
vt 0.177333 0.162664
vt 0.132292 0.073400
vt 0.190420 0.233790
vt 0.189022 0.220669
vt 0.190420 0.220653
vt 0.815745 0.933170
vt 0.814781 0.930132
vt 0.815745 0.930102
vt 0.923294 0.924723
vt 0.926377 0.923771
vt 0.926364 0.924734
vt 0.901748 0.930243
vt 0.904817 0.926616
vt 0.904817 0.930203
vt 0.948613 0.908425
vt 0.947317 0.903057
vt 0.948613 0.903057
vt 0.801758 0.933043
vt 0.799474 0.930044
vt 0.801758 0.929960
vt 0.946585 0.880730
vt 0.944301 0.883774
vt 0.944301 0.880739
vt 0.947319 0.781141
vt 0.948614 0.775772
vt 0.948614 0.781141
vt 0.911164 0.930555
vt 0.914201 0.926975
vt 0.914201 0.930562
vt 0.898558 0.921248
vt 0.901628 0.926616
vt 0.898558 0.926616
vt 0.864823 0.925378
vt 0.863858 0.922369
vt 0.864823 0.922184
vt 0.885553 0.917085
vt 0.882869 0.916121
vt 0.885737 0.916121
vt 0.882730 0.916121
vt 0.879660 0.921490
vt 0.879660 0.916121
vt 0.806112 0.929960
vt 0.803164 0.926374
vt 0.806361 0.926374
vt 0.947303 0.827962
vt 0.948599 0.822593
vt 0.948599 0.827962
vt 0.948601 0.863308
vt 0.947305 0.857940
vt 0.948601 0.857940
vt 0.946002 0.894886
vt 0.943242 0.892017
vt 0.946002 0.891819
vt 0.809427 0.916469
vt 0.812460 0.913703
vt 0.812497 0.916461
vt 0.809390 0.913712
vt 0.812497 0.910116
vt 0.926303 0.811150
vt 0.922594 0.805781
vt 0.926303 0.805781
vt 0.941060 0.932139
vt 0.938775 0.935156
vt 0.938775 0.932137
vt 0.888989 0.933241
vt 0.891274 0.930395
vt 0.891274 0.933543
vt 0.864823 0.915025
vt 0.868532 0.909656
vt 0.868532 0.915025
vt 0.784180 0.926374
vt 0.787252 0.929961
vt 0.784257 0.929961
vt 0.828430 0.916160
vt 0.825360 0.921529
vt 0.825360 0.916160
vt 0.808646 0.933229
vt 0.806361 0.930159
vt 0.808646 0.930000
vt 0.946237 0.864193
vt 0.943952 0.867312
vt 0.943952 0.864169
vt 0.940351 0.770403
vt 0.937280 0.775772
vt 0.937281 0.770403
vt 0.792133 0.929960
vt 0.795325 0.926374
vt 0.795278 0.929960
vt 0.846395 0.920812
vt 0.849466 0.926181
vt 0.846395 0.926181
vt 0.936850 0.799723
vt 0.933780 0.794355
vt 0.936851 0.794355
vt 0.827644 0.933663
vt 0.825360 0.930730
vt 0.827644 0.930555
vt 0.851750 0.929804
vt 0.849466 0.932895
vt 0.849466 0.929836
vt 0.840044 0.929770
vt 0.843104 0.926263
vt 0.843104 0.929851
vt 0.937427 0.839992
vt 0.940497 0.845360
vt 0.937427 0.845360
vt 0.798068 0.933146
vt 0.795783 0.930051
vt 0.798068 0.930027
vt 0.933681 0.903557
vt 0.930811 0.901275
vt 0.933881 0.901275
vt 0.825229 0.921561
vt 0.822158 0.916193
vt 0.825229 0.916193
vt 0.933928 0.897688
vt 0.933751 0.833907
vt 0.936821 0.828538
vt 0.936821 0.833907
vt 0.900843 0.933407
vt 0.898558 0.930422
vt 0.900843 0.930208
vt 0.818034 0.930093
vt 0.815749 0.933184
vt 0.815749 0.930117
vt 0.929054 0.925607
vt 0.932124 0.920238
vt 0.932124 0.925607
vt 0.855911 0.929770
vt 0.858981 0.926223
vt 0.858981 0.929810
vt 0.833594 0.926181
vt 0.830524 0.920812
vt 0.833594 0.920813
vt 0.936998 0.903057
vt 0.936998 0.897688
vt 0.945952 0.778991
vt 0.943192 0.776013
vt 0.945952 0.775772
vt 0.945936 0.825661
vt 0.943176 0.822631
vt 0.945936 0.822593
vt 0.852687 0.929804
vt 0.852687 0.926217
vt 0.922594 0.811150
vt 0.926303 0.816519
vt 0.922594 0.816518
vt 0.938099 0.934423
vt 0.935814 0.931428
vt 0.938099 0.931355
vt 0.934919 0.929814
vt 0.932635 0.932710
vt 0.932635 0.929602
vt 0.875950 0.909656
vt 0.879660 0.915025
vt 0.875950 0.915025
vt 0.901669 0.930208
vt 0.898599 0.930203
vt 0.809390 0.921838
vt 0.812460 0.916469
vt 0.812460 0.921838
vt 0.946192 0.808159
vt 0.943432 0.805121
vt 0.946192 0.805092
vt 0.945950 0.906124
vt 0.943190 0.903256
vt 0.945950 0.903057
vt 0.818974 0.916230
vt 0.822044 0.921598
vt 0.818974 0.921598
vt 0.852757 0.926245
vt 0.855779 0.929769
vt 0.852710 0.929833
vt 0.918622 0.910590
vt 0.914913 0.905222
vt 0.918622 0.905222
vt 0.872241 0.915025
vt 0.872241 0.909656
vt 0.848632 0.933007
vt 0.846348 0.929833
vt 0.848632 0.929809
vt 0.949654 0.891951
vt 0.947369 0.894818
vt 0.947369 0.891819
vt 0.799652 0.929960
vt 0.802675 0.926374
vt 0.802653 0.929960
vt 0.933768 0.815830
vt 0.936838 0.810461
vt 0.936838 0.815830
vt 0.882761 0.930802
vt 0.885046 0.933647
vt 0.882761 0.933586
vt 0.860348 0.929810
vt 0.858064 0.932901
vt 0.858064 0.929930
vt 0.934357 0.845360
vt 0.937427 0.839992
vt 0.937427 0.845361
vt 0.809334 0.926413
vt 0.806548 0.929963
vt 0.882730 0.921490
vt 0.879660 0.926859
vt 0.879660 0.921490
vt 0.858064 0.932925
vt 0.855779 0.929834
vt 0.858064 0.929810
vt 0.888084 0.930701
vt 0.885800 0.933493
vt 0.885800 0.930425
vt 0.812497 0.921536
vt 0.815567 0.916167
vt 0.815567 0.921536
vt 0.846396 0.929769
vt 0.849466 0.926222
vt 0.849466 0.929809
vt 0.815749 0.921537
vt 0.818819 0.916168
vt 0.818819 0.921537
vt 0.933918 0.891142
vt 0.936988 0.885774
vt 0.936988 0.891142
vt 0.945938 0.854277
vt 0.943654 0.851230
vt 0.945938 0.851340
vt 0.786464 0.929985
vt 0.784180 0.933028
vt 0.784180 0.929961
vt 0.941848 0.918456
vt 0.944831 0.914869
vt 0.944918 0.918456
vt 0.790407 0.921005
vt 0.787337 0.926374
vt 0.787337 0.921005
vt 0.946244 0.773471
vt 0.943484 0.770508
vt 0.946244 0.770403
vt 0.946159 0.802791
vt 0.943399 0.799814
vt 0.946159 0.799724
vt 0.930630 0.839951
vt 0.933700 0.834582
vt 0.933700 0.839951
vt 0.941878 0.920238
vt 0.944933 0.923825
vt 0.941863 0.923825
vt 0.919585 0.906476
vt 0.923294 0.911844
vt 0.919585 0.911844
vt 0.948521 0.864366
vt 0.946237 0.867237
vt 0.946237 0.864169
vt 0.948306 0.857797
vt 0.946022 0.854705
vt 0.948306 0.854729
vt 0.872241 0.909656
vt 0.941476 0.912408
vt 0.944372 0.908822
vt 0.944546 0.912408
vt 0.806234 0.921005
vt 0.803164 0.921005
vt 0.908007 0.926589
vt 0.904937 0.921221
vt 0.908007 0.921221
vt 0.879632 0.933344
vt 0.877347 0.930391
vt 0.879632 0.930126
vt 0.811675 0.933566
vt 0.809390 0.930475
vt 0.811675 0.930515
vt 0.830456 0.929771
vt 0.833594 0.926262
vt 0.833594 0.929849
vt 0.937245 0.805092
vt 0.934175 0.799723
vt 0.937245 0.799724
vt 0.943654 0.858279
vt 0.945938 0.861322
vt 0.943654 0.861346
vt 0.926578 0.932191
vt 0.928862 0.935140
vt 0.926578 0.935196
vt 0.888870 0.926768
vt 0.885800 0.921399
vt 0.888870 0.921399
vt 0.944901 0.928394
vt 0.941996 0.924807
vt 0.945065 0.924807
vt 0.933928 0.903057
vt 0.936998 0.908425
vt 0.933928 0.908425
vt 0.897653 0.933567
vt 0.895369 0.930576
vt 0.897653 0.930425
vt 0.919958 0.818821
vt 0.917673 0.815997
vt 0.919958 0.815932
vt 0.898558 0.921248
vt 0.901629 0.915879
vt 0.901629 0.921248
vt 0.790311 0.929961
vt 0.787330 0.926374
vt 0.790475 0.926374
vt 0.936920 0.775772
vt 0.933850 0.781141
vt 0.933850 0.775772
vt 0.940069 0.908425
vt 0.936998 0.903057
vt 0.940069 0.903057
vt 0.901748 0.933286
vt 0.904032 0.930253
vt 0.904032 0.933413
vt 0.792039 0.930013
vt 0.789754 0.933127
vt 0.789754 0.929961
vt 0.798952 0.926439
vt 0.795907 0.929964
vt 0.795783 0.926374
vt 0.839908 0.920812
vt 0.836838 0.926181
vt 0.836838 0.920813
vt 0.823800 0.936304
vt 0.822158 0.933254
vt 0.823800 0.933236
vt 0.942929 0.836257
vt 0.939920 0.834582
vt 0.942959 0.834617
vt 0.934210 0.770403
vt 0.937280 0.770403
vt 0.946002 0.885841
vt 0.943227 0.888841
vt 0.943227 0.885774
vt 0.943142 0.794355
vt 0.945348 0.798505
vt 0.943142 0.798505
vt 0.812497 0.930253
vt 0.814781 0.933170
vt 0.812497 0.933321
vt 0.892298 0.933379
vt 0.894583 0.930336
vt 0.894583 0.933403
vt 0.943077 0.787626
vt 0.945283 0.791776
vt 0.943077 0.791776
vt 0.888989 0.930355
vt 0.892059 0.926808
vt 0.892059 0.930395
vt 0.843152 0.920812
vt 0.846222 0.926181
vt 0.843152 0.926181
vt 0.934444 0.851230
vt 0.937514 0.845861
vt 0.937514 0.851230
vt 0.939889 0.838995
vt 0.942959 0.839030
vt 0.926377 0.928321
vt 0.882839 0.920671
vt 0.885800 0.920671
vt 0.846341 0.932978
vt 0.845501 0.929919
vt 0.846341 0.929911
vt 0.938161 0.885584
vt 0.941215 0.884725
vt 0.941231 0.885564
vt 0.938145 0.884745
vt 0.941231 0.880730
vt 0.947559 0.799723
vt 0.948817 0.805092
vt 0.947559 0.805092
vt 0.819063 0.912168
vt 0.822158 0.910184
vt 0.822147 0.912234
vt 0.949450 0.839992
vt 0.947399 0.843032
vt 0.947399 0.839998
vt 0.947503 0.833907
vt 0.948761 0.828538
vt 0.948761 0.833907
vt 0.819122 0.916165
vt 0.822158 0.916230
vt 0.936851 0.787626
vt 0.939921 0.792995
vt 0.936851 0.792995
vt 0.935759 0.932797
vt 0.934919 0.929767
vt 0.935759 0.929602
vt 0.917704 0.926841
vt 0.914998 0.926002
vt 0.917866 0.926002
vt 0.934734 0.869538
vt 0.937804 0.864169
vt 0.937804 0.869538
vt 0.914913 0.922007
vt 0.918110 0.922007
vt 0.948853 0.867666
vt 0.947595 0.873035
vt 0.947595 0.867666
vt 0.948817 0.810461
vt 0.947559 0.810461
vt 0.851517 0.936195
vt 0.849466 0.933270
vt 0.851517 0.933127
vt 0.867980 0.933120
vt 0.870031 0.936214
vt 0.867980 0.936187
vt 0.940584 0.855257
vt 0.940584 0.851262
vt 0.937027 0.891819
vt 0.940098 0.897187
vt 0.937028 0.897187
vt 0.791805 0.933245
vt 0.789754 0.936211
vt 0.789754 0.933191
vt 0.933487 0.793671
vt 0.930630 0.791630
vt 0.933780 0.791621
vt 0.809304 0.921005
vt 0.806234 0.926374
vt 0.930785 0.787635
vt 0.933780 0.787626
vt 0.939892 0.816513
vt 0.936822 0.821881
vt 0.936822 0.816513
vt 0.929043 0.932191
vt 0.926578 0.929065
vt 0.929043 0.928962
vt 0.908266 0.811111
vt 0.905085 0.808653
vt 0.908230 0.808648
vt 0.874293 0.925914
vt 0.877364 0.920545
vt 0.877364 0.925914
vt 0.908266 0.804653
vt 0.802630 0.910116
vt 0.806321 0.915485
vt 0.802631 0.915485
vt 0.784180 0.910116
vt 0.787870 0.915485
vt 0.784180 0.915485
vt 0.911252 0.813577
vt 0.914299 0.811182
vt 0.914362 0.813647
vt 0.946032 0.839992
vt 0.943567 0.843091
vt 0.943567 0.840033
vt 0.911302 0.817574
vt 0.914362 0.817643
vt 0.795250 0.910116
vt 0.798940 0.915485
vt 0.795250 0.915485
vt 0.950157 0.837701
vt 0.948106 0.834609
vt 0.950157 0.834582
vt 0.933511 0.834582
vt 0.930639 0.832533
vt 0.933709 0.832533
vt 0.791560 0.915485
vt 0.787870 0.910117
vt 0.791560 0.910116
vt 0.933751 0.828538
vt 0.852536 0.920812
vt 0.849466 0.926181
vt 0.849466 0.920812
vt 0.822158 0.912164
vt 0.825218 0.910147
vt 0.825360 0.912198
vt 0.832425 0.933028
vt 0.830374 0.936122
vt 0.830374 0.933055
vt 0.937245 0.805092
vt 0.940315 0.799724
vt 0.940315 0.805092
vt 0.822290 0.916160
vt 0.825360 0.916193
vt 0.940315 0.810461
vt 0.937245 0.805092
vt 0.940314 0.805092
vt 0.932635 0.920238
vt 0.935705 0.925607
vt 0.932635 0.925607
vt 0.842046 0.936249
vt 0.839995 0.933269
vt 0.842046 0.933030
vt 0.812679 0.916167
vt 0.815709 0.914111
vt 0.815749 0.916160
vt 0.812528 0.910123
vt 0.815749 0.910116
vt 0.855779 0.920812
vt 0.858850 0.926181
vt 0.855780 0.926181
vt 0.933918 0.889769
vt 0.930869 0.891818
vt 0.930848 0.889768
vt 0.947419 0.889554
vt 0.949470 0.886654
vt 0.949470 0.889762
vt 0.863737 0.925973
vt 0.860667 0.920605
vt 0.863737 0.920605
vt 0.930807 0.885774
vt 0.937514 0.856598
vt 0.940584 0.851230
vt 0.940584 0.856598
vt 0.846348 0.933141
vt 0.848399 0.936182
vt 0.846348 0.936209
vt 0.815904 0.916168
vt 0.818772 0.914111
vt 0.818974 0.916160
vt 0.914913 0.916638
vt 0.917983 0.922007
vt 0.815904 0.910124
vt 0.818974 0.910116
vt 0.935705 0.920238
vt 0.932635 0.914869
vt 0.935705 0.914869
vt 0.936771 0.839951
vt 0.939841 0.834582
vt 0.939841 0.839951
vt 0.949662 0.773629
vt 0.947611 0.770403
vt 0.949662 0.770430
vt 0.828321 0.916160
vt 0.825449 0.914111
vt 0.828451 0.914111
vt 0.828561 0.910116
vt 0.936932 0.787085
vt 0.940002 0.781717
vt 0.940002 0.787085
vt 0.838081 0.935985
vt 0.836030 0.933089
vt 0.838081 0.933201
vt 0.908218 0.915700
vt 0.905121 0.913651
vt 0.908095 0.913651
vt 0.892060 0.921399
vt 0.888989 0.926768
vt 0.888989 0.921399
vt 0.907950 0.909656
vt 0.933780 0.792995
vt 0.936851 0.787626
vt 0.936851 0.792995
vt 0.950133 0.797497
vt 0.948082 0.794355
vt 0.950133 0.794382
vt 0.930879 0.816546
vt 0.933700 0.818563
vt 0.930630 0.818598
vt 0.922655 0.917892
vt 0.919585 0.923260
vt 0.919585 0.917892
vt 0.930634 0.822593
vt 0.839995 0.926181
vt 0.843065 0.920812
vt 0.843065 0.926181
vt 0.939955 0.822593
vt 0.936884 0.827962
vt 0.936884 0.822593
vt 0.881711 0.933614
vt 0.879660 0.930516
vt 0.881711 0.930677
vt 0.950068 0.790922
vt 0.948017 0.793962
vt 0.948017 0.790895
vt 0.871136 0.929909
vt 0.874114 0.925914
vt 0.874206 0.929909
vt 0.936932 0.781717
vt 0.933862 0.787085
vt 0.933862 0.781717
vt 0.943961 0.874701
vt 0.946426 0.877661
vt 0.943961 0.877769
vt 0.911153 0.910644
vt 0.914125 0.908176
vt 0.914223 0.910639
vt 0.926364 0.918391
vt 0.923294 0.923760
vt 0.923294 0.918391
vt 0.911153 0.904186
vt 0.914223 0.904181
vt 0.795250 0.915485
vt 0.791560 0.910116
vt 0.845203 0.933337
vt 0.843152 0.936157
vt 0.843152 0.933089
vt 0.866874 0.936198
vt 0.864823 0.933104
vt 0.866874 0.933131
vt 0.802630 0.915485
vt 0.798940 0.910116
vt 0.874293 0.929909
vt 0.877184 0.925914
vt 0.877363 0.929909
vt 0.932245 0.914190
vt 0.935315 0.908822
vt 0.935315 0.914190
vt 0.798854 0.926374
vt 0.795783 0.921005
vt 0.798854 0.921005
vt 0.862718 0.936254
vt 0.860667 0.933249
vt 0.862718 0.933035
vt 0.860115 0.936182
vt 0.858064 0.933088
vt 0.860115 0.933131
vt 0.940036 0.826588
vt 0.943176 0.822594
vt 0.943176 0.826589
vt 0.911077 0.926589
vt 0.908008 0.926589
vt 0.946331 0.932049
vt 0.948382 0.935143
vt 0.946331 0.935116
vt 0.786231 0.936228
vt 0.784180 0.933276
vt 0.786231 0.933223
vt 0.940069 0.897688
vt 0.929254 0.925646
vt 0.932124 0.929602
vt 0.929054 0.929644
vt 0.933814 0.822593
vt 0.936884 0.822593
vt 0.876344 0.936229
vt 0.874293 0.933187
vt 0.876344 0.933087
vt 0.924645 0.805781
vt 0.922594 0.802954
vt 0.924645 0.802892
vt 0.939892 0.828538
vt 0.936821 0.833907
vt 0.936821 0.828538
vt 0.940351 0.891819
vt 0.943242 0.895813
vt 0.940098 0.895813
vt 0.937514 0.851381
vt 0.934444 0.856750
vt 0.934444 0.851381
vt 0.940584 0.851230
vt 0.937514 0.851230
vt 0.789381 0.933207
vt 0.787330 0.936189
vt 0.787330 0.933028
vt 0.926475 0.918389
vt 0.923306 0.916342
vt 0.926475 0.916339
vt 0.926363 0.912345
vt 0.911117 0.922060
vt 0.914187 0.916691
vt 0.914187 0.922060
vt 0.799027 0.936339
vt 0.797407 0.933251
vt 0.799027 0.933272
vt 0.914205 0.926944
vt 0.911126 0.925350
vt 0.914165 0.925326
vt 0.940058 0.891142
vt 0.911135 0.922084
vt 0.914205 0.922060
vt 0.929054 0.924627
vt 0.926630 0.920238
vt 0.929054 0.920238
vt 0.862718 0.933136
vt 0.864769 0.936103
vt 0.862718 0.936203
vt 0.933768 0.816505
vt 0.930666 0.814463
vt 0.933736 0.814456
vt 0.912062 0.804653
vt 0.914487 0.809042
vt 0.912062 0.809042
vt 0.933768 0.810461
vt 0.787250 0.926374
vt 0.784180 0.921005
vt 0.787250 0.921005
vt 0.939921 0.794355
vt 0.936851 0.799724
vt 0.936851 0.794355
vt 0.941854 0.928871
vt 0.938784 0.928871
vt 0.867893 0.929926
vt 0.864823 0.925914
vt 0.867893 0.925931
vt 0.935814 0.928270
vt 0.938533 0.924275
vt 0.938775 0.928270
vt 0.937821 0.879593
vt 0.940874 0.878664
vt 0.940890 0.879576
vt 0.874101 0.933103
vt 0.873188 0.936155
vt 0.873188 0.933087
vt 0.940584 0.861935
vt 0.943654 0.857972
vt 0.943654 0.861967
vt 0.947952 0.886099
vt 0.946585 0.886099
vt 0.950068 0.790708
vt 0.948017 0.787712
vt 0.950068 0.787626
vt 0.949442 0.781717
vt 0.947391 0.784757
vt 0.947391 0.781722
vt 0.947611 0.775772
vt 0.946244 0.775772
vt 0.940362 0.803720
vt 0.943399 0.799798
vt 0.943399 0.803794
vt 0.935705 0.914869
vt 0.938775 0.920238
vt 0.935705 0.920238
vt 0.812497 0.921536
vt 0.815642 0.922451
vt 0.812508 0.922448
vt 0.805215 0.936075
vt 0.806128 0.933397
vt 0.806128 0.936263
vt 0.934734 0.875058
vt 0.937804 0.869690
vt 0.937804 0.875058
vt 0.940162 0.781717
vt 0.943200 0.785711
vt 0.940002 0.785711
vt 0.945372 0.839951
vt 0.946739 0.834582
vt 0.946739 0.839951
vt 0.947595 0.867667
vt 0.946228 0.873035
vt 0.946228 0.867666
vt 0.937804 0.865082
vt 0.940891 0.864188
vt 0.940874 0.865101
vt 0.941973 0.932284
vt 0.941060 0.935204
vt 0.941060 0.932137
vt 0.937821 0.869076
vt 0.940891 0.869095
vt 0.945649 0.815829
vt 0.947016 0.810461
vt 0.947016 0.815829
vt 0.933708 0.795729
vt 0.930740 0.793679
vt 0.933762 0.793679
vt 0.873188 0.933440
vt 0.871136 0.936235
vt 0.871136 0.933087
vt 0.946651 0.787626
vt 0.948017 0.792995
vt 0.946651 0.792995
vt 0.933780 0.799723
vt 0.930713 0.795729
vt 0.895368 0.915879
vt 0.892298 0.921248
vt 0.892298 0.915879
vt 0.938127 0.881662
vt 0.935075 0.880730
vt 0.938145 0.880749
vt 0.949766 0.871437
vt 0.948853 0.874442
vt 0.948853 0.871299
vt 0.852536 0.926181
vt 0.855606 0.920812
vt 0.855606 0.926181
vt 0.934999 0.885637
vt 0.938145 0.885656
vt 0.947303 0.822593
vt 0.945936 0.827962
vt 0.945936 0.822593
vt 0.946032 0.839992
vt 0.947399 0.845361
vt 0.946032 0.845361
vt 0.825269 0.922487
vt 0.822272 0.921561
vt 0.825341 0.921575
vt 0.935657 0.932943
vt 0.934744 0.935999
vt 0.934744 0.932940
vt 0.822280 0.926468
vt 0.825341 0.926482
vt 0.948106 0.834582
vt 0.948106 0.839951
vt 0.946022 0.857824
vt 0.943654 0.854736
vt 0.822158 0.932981
vt 0.824526 0.930169
vt 0.824526 0.933236
vt 0.947559 0.810461
vt 0.946193 0.805092
vt 0.947559 0.805092
vt 0.940120 0.907052
vt 0.943190 0.903090
vt 0.943190 0.907085
vt 0.934174 0.799723
vt 0.930630 0.805092
vt 0.930630 0.799723
vt 0.931676 0.881643
vt 0.934895 0.880751
vt 0.934878 0.881663
vt 0.877258 0.933318
vt 0.876344 0.936155
vt 0.934174 0.805092
vt 0.930630 0.810461
vt 0.931825 0.885639
vt 0.934895 0.885658
vt 0.945348 0.799723
vt 0.946715 0.794355
vt 0.946715 0.799723
vt 0.946002 0.897187
vt 0.833637 0.933068
vt 0.832723 0.930179
vt 0.833637 0.929849
vt 0.851750 0.932662
vt 0.852663 0.929826
vt 0.852663 0.933035
vt 0.943142 0.798378
vt 0.943142 0.794383
vt 0.829991 0.927253
vt 0.828623 0.932621
vt 0.828623 0.927253
vt 0.857831 0.936161
vt 0.855779 0.933170
vt 0.857831 0.933094
vt 0.946331 0.932023
vt 0.944280 0.934869
vt 0.944280 0.931761
vt 0.946193 0.805092
vt 0.932635 0.925607
vt 0.935745 0.929602
vt 0.932676 0.929601
vt 0.901748 0.921248
vt 0.904818 0.915879
vt 0.904818 0.921248
vt 0.849312 0.936182
vt 0.848399 0.933126
vt 0.849312 0.933114
vt 0.882698 0.933650
vt 0.881785 0.930674
vt 0.882698 0.930516
vt 0.901748 0.921248
vt 0.904818 0.926616
vt 0.901748 0.926616
vt 0.806368 0.916626
vt 0.809390 0.920561
vt 0.806321 0.920623
vt 0.948082 0.799723
vt 0.948198 0.908822
vt 0.946831 0.914190
vt 0.946831 0.908822
vt 0.892187 0.933594
vt 0.891274 0.930467
vt 0.892187 0.930395
vt 0.870944 0.936187
vt 0.870031 0.933176
vt 0.870944 0.933120
vt 0.940164 0.779767
vt 0.943192 0.775772
vt 0.943165 0.779767
vt 0.945950 0.903057
vt 0.947317 0.908425
vt 0.945950 0.908425
vt 0.835732 0.935932
vt 0.833681 0.933089
vt 0.835732 0.933148
vt 0.949708 0.914869
vt 0.947657 0.917910
vt 0.947657 0.914939
vt 0.946136 0.828538
vt 0.947503 0.833907
vt 0.946136 0.833907
vt 0.911117 0.916599
vt 0.908330 0.920565
vt 0.908143 0.916568
vt 0.892298 0.926616
vt 0.895368 0.921248
vt 0.895368 0.926616
vt 0.833637 0.936183
vt 0.832723 0.933207
vt 0.867787 0.936184
vt 0.866874 0.933104
vt 0.867787 0.933116
vt 0.937804 0.875059
vt 0.934734 0.880427
vt 0.934734 0.875058
vt 0.940363 0.809088
vt 0.943432 0.805125
vt 0.943432 0.809120
vt 0.945878 0.897688
vt 0.947245 0.903057
vt 0.945877 0.903057
vt 0.947793 0.880038
vt 0.946426 0.874669
vt 0.947793 0.874669
vt 0.930915 0.862064
vt 0.930002 0.859024
vt 0.930915 0.859127
vt 0.851750 0.936158
vt 0.852663 0.933102
vt 0.852663 0.936170
vt 0.943567 0.840027
vt 0.940627 0.843988
vt 0.940497 0.839992
vt 0.946437 0.930176
vt 0.947804 0.924807
vt 0.947804 0.930176
vt 0.854761 0.936179
vt 0.852710 0.933213
vt 0.854761 0.933111
vt 0.794144 0.936207
vt 0.792093 0.933174
vt 0.794144 0.933139
vt 0.947305 0.857940
vt 0.945939 0.863308
vt 0.945938 0.857940
vt 0.860686 0.925973
vt 0.863737 0.929968
vt 0.860667 0.929968
vt 0.871050 0.925914
vt 0.867980 0.920545
vt 0.871050 0.920545
vt 0.864772 0.928434
vt 0.863858 0.925378
vt 0.864772 0.925587
vt 0.854761 0.935953
vt 0.855675 0.933123
vt 0.855675 0.936191
vt 0.792093 0.921005
vt 0.795163 0.926374
vt 0.792093 0.926374
vt 0.871049 0.925946
vt 0.868200 0.929911
vt 0.867980 0.925914
vt 0.946650 0.787626
vt 0.945283 0.792995
vt 0.945284 0.787626
vt 0.947319 0.775772
vt 0.945952 0.781141
vt 0.932252 0.929675
vt 0.931339 0.932824
vt 0.931339 0.929644
vt 0.842959 0.936109
vt 0.842959 0.933042
vt 0.938857 0.928804
vt 0.941996 0.924875
vt 0.941996 0.928871
vt 0.946597 0.821881
vt 0.947964 0.816513
vt 0.947964 0.821881
vt 0.949269 0.923332
vt 0.947218 0.920238
vt 0.949269 0.920265
vt 0.805215 0.936228
vt 0.803164 0.933275
vt 0.805215 0.933223
vt 0.946024 0.781717
vt 0.947391 0.787085
vt 0.946024 0.787085
vt 0.935905 0.920277
vt 0.938775 0.924233
vt 0.935706 0.924275
vt 0.939990 0.781141
vt 0.936920 0.775772
vt 0.939990 0.775772
vt 0.803077 0.930000
vt 0.801758 0.933028
vt 0.795761 0.933028
vt 0.794442 0.930210
vt 0.795761 0.929960
vt 0.933957 0.897187
vt 0.933957 0.891819
vt 0.943044 0.901683
vt 0.940069 0.897688
vt 0.943213 0.897688
vt 0.879424 0.925762
vt 0.877450 0.920393
vt 0.879424 0.920393
vt 0.877450 0.915025
vt 0.879424 0.920393
vt 0.818947 0.930256
vt 0.818034 0.933160
vt 0.818034 0.930093
vt 0.926491 0.931977
vt 0.925578 0.934858
vt 0.925578 0.931692
vt 0.940058 0.889768
vt 0.943117 0.885774
vt 0.943227 0.889768
vt 0.945230 0.821881
vt 0.946597 0.816513
vt 0.946597 0.821881
vt 0.938385 0.910433
vt 0.941476 0.908822
vt 0.941455 0.910433
vt 0.790475 0.929460
vt 0.792087 0.926438
vt 0.792087 0.929475
vt 0.947419 0.891796
vt 0.946052 0.886428
vt 0.947419 0.886428
vt 0.941458 0.913658
vt 0.942959 0.834582
vt 0.945372 0.838917
vt 0.942959 0.838917
vt 0.949730 0.810068
vt 0.948817 0.806988
vt 0.949730 0.807000
vt 0.846116 0.933321
vt 0.845203 0.936157
vt 0.845203 0.933089
vt 0.926630 0.924627
vt 0.926630 0.928962
vt 0.940584 0.849888
vt 0.943654 0.845861
vt 0.943654 0.849856
vt 0.918111 0.932744
vt 0.919478 0.927375
vt 0.919478 0.932744
vt 0.947657 0.914869
vt 0.946290 0.920238
vt 0.946290 0.914869
vt 0.812840 0.926443
vt 0.937804 0.878680
vt 0.940890 0.874669
vt 0.943058 0.831764
vt 0.946136 0.828538
vt 0.946128 0.831764
vt 0.938775 0.915889
vt 0.941848 0.914906
vt 0.941845 0.915926
vt 0.792048 0.918563
vt 0.791027 0.915485
vt 0.792048 0.915496
vt 0.938778 0.919476
vt 0.941848 0.919513
vt 0.944918 0.914869
vt 0.930713 0.824878
vt 0.933814 0.822667
vt 0.933797 0.824950
vt 0.944546 0.912161
vt 0.946831 0.909117
vt 0.946831 0.912152
vt 0.791779 0.921005
vt 0.790407 0.926374
vt 0.930778 0.828467
vt 0.933814 0.828538
vt 0.935315 0.908822
vt 0.938385 0.914191
vt 0.935315 0.914191
vt 0.919585 0.924280
vt 0.922617 0.923260
vt 0.922782 0.924280
vt 0.864761 0.912211
vt 0.863740 0.914892
vt 0.863740 0.912026
vt 0.828430 0.921529
vt 0.825360 0.926898
vt 0.825360 0.921529
vt 0.922627 0.927867
vt 0.945065 0.930176
vt 0.946437 0.924807
vt 0.946437 0.930175
vt 0.919482 0.927375
vt 0.919482 0.922007
vt 0.809390 0.913743
vt 0.806423 0.916527
vt 0.806321 0.913703
vt 0.946024 0.784784
vt 0.943200 0.781746
vt 0.946024 0.781717
vt 0.809390 0.910156
vt 0.806321 0.910116
vt 0.889838 0.812457
vt 0.893634 0.817826
vt 0.889838 0.817826
vt 0.933880 0.894101
vt 0.930909 0.891819
vt 0.933931 0.891819
vt 0.910301 0.930547
vt 0.908017 0.933393
vt 0.908017 0.930246
vt 0.914913 0.898813
vt 0.911117 0.904181
vt 0.911117 0.898813
vt 0.933957 0.897688
vt 0.930885 0.894101
vt 0.836751 0.920812
vt 0.833681 0.926181
vt 0.833681 0.920812
vt 0.930630 0.783997
vt 0.933780 0.781755
vt 0.933862 0.784039
vt 0.946228 0.869714
vt 0.943944 0.872832
vt 0.943944 0.869690
vt 0.937514 0.856902
vt 0.934444 0.862270
vt 0.934444 0.856902
vt 0.930717 0.787585
vt 0.933862 0.787626
vt 0.867893 0.925914
vt 0.864823 0.920545
vt 0.867893 0.920545
vt 0.937245 0.810461
vt 0.934174 0.805092
vt 0.937244 0.805092
vt 0.908143 0.813396
vt 0.911181 0.811187
vt 0.911252 0.813472
vt 0.929054 0.932735
vt 0.929054 0.929676
vt 0.908192 0.817718
vt 0.911252 0.817792
vt 0.863737 0.915084
vt 0.860667 0.908619
vt 0.863737 0.908619
vt 0.815802 0.923820
vt 0.818952 0.921544
vt 0.818923 0.923826
vt 0.919585 0.934320
vt 0.921869 0.931454
vt 0.921869 0.934521
vt 0.885800 0.916121
vt 0.882730 0.909656
vt 0.885800 0.909656
vt 0.815882 0.926430
vt 0.818952 0.926437
vt 0.940890 0.878576
vt 0.943961 0.874669
vt 0.943961 0.878576
vt 0.904942 0.813396
vt 0.908007 0.811154
vt 0.908143 0.813438
vt 0.944933 0.923329
vt 0.944933 0.920262
vt 0.940874 0.873597
vt 0.943944 0.873597
vt 0.905073 0.817718
vt 0.908143 0.817758
vt 0.882730 0.916121
vt 0.879660 0.909656
vt 0.882730 0.909656
vt 0.860667 0.902154
vt 0.863737 0.908619
vt 0.860667 0.908619
vt 0.940531 0.772691
vt 0.943484 0.770483
vt 0.943317 0.772762
vt 0.852710 0.933111
vt 0.854995 0.930068
vt 0.854995 0.933039
vt 0.940511 0.774309
vt 0.943484 0.774384
vt 0.789754 0.933028
vt 0.787330 0.929961
vt 0.863090 0.933035
vt 0.863090 0.929968
vt 0.945939 0.848908
vt 0.945939 0.845971
vt 0.805448 0.929984
vt 0.803164 0.933028
vt 0.803164 0.929960
vt 0.926363 0.928365
vt 0.923424 0.931650
vt 0.923294 0.928321
vt 0.822044 0.921599
vt 0.818974 0.926578
vt 0.931287 0.842274
vt 0.934306 0.839992
vt 0.934357 0.842274
vt 0.941996 0.931761
vt 0.944280 0.934790
vt 0.941996 0.934828
vt 0.937804 0.874669
vt 0.940874 0.869690
vt 0.940874 0.874669
vt 0.934342 0.845861
vt 0.936838 0.810461
vt 0.939908 0.815829
vt 0.936838 0.815829
vt 0.925578 0.931889
vt 0.923294 0.934759
vt 0.923294 0.931692
vt 0.911117 0.930562
vt 0.913401 0.933653
vt 0.911117 0.933629
vt 0.802544 0.921005
vt 0.799474 0.926374
vt 0.799474 0.921005
vt 0.945065 0.928434
vt 0.942217 0.931723
vt 0.941996 0.928394
vt 0.933877 0.903557
vt 0.930807 0.908537
vt 0.930807 0.903557
vt 0.809390 0.921838
vt 0.812460 0.926818
vt 0.809390 0.926818
vt 0.930630 0.778048
vt 0.933690 0.775842
vt 0.933850 0.778129
vt 0.917197 0.933590
vt 0.914913 0.930498
vt 0.917197 0.930539
vt 0.930712 0.781638
vt 0.933850 0.781717
vt 0.936770 0.839951
vt 0.933700 0.834582
vt 0.936770 0.834582
vt 0.923585 0.908758
vt 0.926679 0.906476
vt 0.926655 0.908758
vt 0.827706 0.932621
vt 0.829991 0.935571
vt 0.827706 0.935626
vt 0.936822 0.821881
vt 0.933752 0.816513
vt 0.926490 0.912345
vt 0.885800 0.926858
vt 0.882730 0.926859
vt 0.914913 0.901635
vt 0.917961 0.898813
vt 0.918058 0.901635
vt 0.943227 0.888907
vt 0.946052 0.891677
vt 0.943227 0.891796
vt 0.937514 0.861967
vt 0.940584 0.861967
vt 0.917893 0.905222
vt 0.908266 0.810022
vt 0.908266 0.804653
vt 0.897430 0.817826
vt 0.893634 0.812457
vt 0.897430 0.812457
vt 0.900475 0.815128
vt 0.897500 0.812457
vt 0.900663 0.812467
vt 0.943213 0.900866
vt 0.945877 0.897756
vt 0.945877 0.900923
vt 0.897494 0.818706
vt 0.900663 0.818715
vt 0.932635 0.914869
vt 0.929054 0.914869
vt 0.795783 0.933251
vt 0.797407 0.936335
vt 0.795783 0.936318
vt 0.941863 0.924776
vt 0.938785 0.923185
vt 0.941824 0.923154
vt 0.934210 0.775772
vt 0.930630 0.770403
vt 0.938794 0.920269
vt 0.941863 0.920238
vt 0.943049 0.816513
vt 0.945230 0.820877
vt 0.943049 0.820877
vt 0.821258 0.933302
vt 0.818974 0.930338
vt 0.821258 0.930235
vt 0.907222 0.930270
vt 0.904937 0.933313
vt 0.904937 0.930246
vt 0.877450 0.925762
vt 0.877450 0.930126
vt 0.895368 0.926616
vt 0.892298 0.930243
vt 0.892298 0.926656
vt 0.871136 0.920545
vt 0.874207 0.925914
vt 0.871136 0.925914
vt 0.895369 0.926768
vt 0.898439 0.921399
vt 0.898439 0.926768
vt 0.938733 0.931350
vt 0.938733 0.928282
vt 0.941251 0.880770
vt 0.944301 0.884317
vt 0.941231 0.884357
vt 0.919585 0.931454
vt 0.922392 0.927867
vt 0.922545 0.931454
vt 0.190364 0.663628
vt 0.188926 0.666318
vt 0.188857 0.663807
vt 0.190168 0.671617
vt 0.188947 0.671637
vt 0.212133 0.559265
vt 0.210635 0.564539
vt 0.211012 0.559229
vt 0.182252 0.557188
vt 0.178874 0.549225
vt 0.182252 0.549225
vt 0.178873 0.565470
vt 0.175495 0.557507
vt 0.178874 0.557507
vt 0.119801 0.691417
vt 0.121602 0.688566
vt 0.121602 0.691486
vt 0.120504 0.658458
vt 0.119464 0.635574
vt 0.120504 0.635588
vt 0.187972 0.551118
vt 0.186505 0.553966
vt 0.186418 0.551038
vt 0.191798 0.617363
vt 0.192780 0.640225
vt 0.191524 0.640234
vt 0.186843 0.630122
vt 0.184669 0.607275
vt 0.186843 0.607252
vt 0.117178 0.658464
vt 0.117189 0.635596
vt 0.050913 0.691295
vt 0.049430 0.688630
vt 0.050939 0.688784
vt 0.188967 0.676957
vt 0.190364 0.676934
vt 0.211851 0.561769
vt 0.210630 0.561730
vt 0.210877 0.653905
vt 0.212204 0.659224
vt 0.211082 0.659224
vt 0.178874 0.565150
vt 0.182252 0.565150
vt 0.178874 0.549545
vt 0.213272 0.635082
vt 0.211470 0.632232
vt 0.213272 0.632162
vt 0.193920 0.617370
vt 0.192881 0.640227
vt 0.192780 0.617355
vt 0.179431 0.655267
vt 0.180899 0.658115
vt 0.179345 0.658195
vt 0.190542 0.640226
vt 0.191524 0.617364
vt 0.189016 0.663605
vt 0.191191 0.640758
vt 0.191191 0.663628
vt 0.188877 0.568298
vt 0.191152 0.591189
vt 0.188966 0.591167
vt 0.199059 0.973721
vt 0.190811 0.973721
vt 0.182132 0.903931
vt 0.093980 0.882483
vt 0.114941 0.832797
vt 0.114386 0.882495
vt 0.094049 0.890106
vt 0.114386 0.884613
vt 0.114454 0.890119
vt 0.093980 0.929255
vt 0.096100 0.949644
vt 0.093980 0.949643
vt 0.093980 0.884600
vt 0.094258 0.906911
vt 0.114591 0.901130
vt 0.114663 0.906924
vt 0.096100 0.929256
vt 0.118429 0.949936
vt 0.118429 0.982176
vt 0.096100 0.981885
vt 0.093001 0.990454
vt 0.091907 0.958224
vt 0.093001 0.958213
vt 0.146653 0.882516
vt 0.146653 0.884633
vt 0.093980 0.981884
vt 0.146722 0.890139
vt 0.147208 0.832818
vt 0.098988 0.619238
vt 0.121440 0.615212
vt 0.121490 0.619253
vt 0.230900 0.839182
vt 0.232371 0.847854
vt 0.230900 0.847854
vt 0.146790 0.895645
vt 0.146859 0.901151
vt 0.094186 0.901118
vt 0.114522 0.895625
vt 0.094117 0.895612
vt 0.091907 0.956453
vt 0.023560 0.974435
vt 0.090437 0.948212
vt 0.165205 0.973721
vt 0.147208 0.905431
vt 0.212664 0.817200
vt 0.162924 0.838111
vt 0.162924 0.817723
vt 0.114941 0.929235
vt 0.094467 0.923716
vt 0.114872 0.923729
vt 0.232828 0.817200
vt 0.230708 0.837589
vt 0.230708 0.817201
vt 0.160804 0.838110
vt 0.160804 0.817722
vt 0.114735 0.912717
vt 0.140758 0.929839
vt 0.140758 0.950227
vt 0.140758 0.982468
vt 0.114747 0.911624
vt 0.147003 0.912737
vt 0.162924 0.785483
vt 0.160804 0.785481
vt 0.232828 0.784959
vt 0.230708 0.784961
vt 0.147208 0.929255
vt 0.147140 0.923749
vt 0.212664 0.784959
vt 0.121541 0.623293
vt 0.230900 0.856525
vt 0.147071 0.918243
vt 0.114804 0.918223
vt 0.094330 0.912704
vt 0.094398 0.918210
vt 0.090437 0.930869
vt 0.022059 0.939540
vt 0.023560 0.904646
vt 0.873731 0.555967
vt 0.871848 0.555615
vt 0.873731 0.555590
vt 0.880953 0.664631
vt 0.881309 0.667447
vt 0.880953 0.667447
vt 0.873940 0.555964
vt 0.873731 0.558522
vt 0.794921 0.665865
vt 0.795277 0.668682
vt 0.794921 0.668682
vt 0.832525 0.659169
vt 0.832259 0.654607
vt 0.832525 0.654604
vt 0.873940 0.555587
vt 0.873466 0.551023
vt 0.873731 0.551026
vt 0.873940 0.550990
vt 0.441899 0.144722
vt 0.439055 0.151205
vt 0.439055 0.144314
vt 0.368199 0.076936
vt 0.365356 0.080385
vt 0.365356 0.076973
vt 0.873466 0.555964
vt 0.876032 0.555560
vt 0.874149 0.555961
vt 0.874149 0.555585
vt 0.874149 0.551020
vt 0.895689 0.666999
vt 0.895332 0.669815
vt 0.895332 0.666999
vt 0.874149 0.558516
vt 0.873940 0.558551
vt 0.890639 0.656242
vt 0.890282 0.659058
vt 0.890282 0.656242
vt 0.368199 0.076367
vt 0.365356 0.069958
vt 0.368199 0.069476
vt 0.442345 0.198961
vt 0.445188 0.202336
vt 0.442345 0.202818
vt 0.886809 0.663273
vt 0.886543 0.665830
vt 0.886543 0.663276
vt 0.867106 0.558623
vt 0.866657 0.556664
vt 0.867106 0.556395
vt 0.867106 0.551857
vt 0.868651 0.551032
vt 0.868919 0.551543
vt 0.868651 0.559407
vt 0.866657 0.559114
vt 0.866657 0.556256
vt 0.867106 0.556023
vt 0.869120 0.550990
vt 0.869120 0.551508
vt 0.868919 0.558890
vt 0.869120 0.559437
vt 0.880953 0.667612
vt 0.879578 0.664631
vt 0.880952 0.664631
vt 0.865634 0.556245
vt 0.866657 0.551377
vt 0.865634 0.556654
vt 0.794810 0.680692
vt 0.793436 0.679991
vt 0.794810 0.679991
vt 0.880953 0.668314
vt 0.879578 0.667612
vt 0.865634 0.559103
vt 0.794810 0.683674
vt 0.793436 0.680692
vt 0.832259 0.638163
vt 0.832607 0.640387
vt 0.832259 0.640390
vt 0.886543 0.661418
vt 0.886076 0.658706
vt 0.886543 0.658706
vt 0.793836 0.671153
vt 0.793369 0.668442
vt 0.793836 0.668442
vt 0.832259 0.633625
vt 0.832607 0.637788
vt 0.832259 0.637791
vt 0.832607 0.638159
vt 0.886543 0.661718
vt 0.886076 0.661417
vt 0.793369 0.668141
vt 0.793836 0.668141
vt 0.871134 0.558570
vt 0.871583 0.556600
vt 0.871583 0.559050
vt 0.869589 0.551020
vt 0.871134 0.551804
vt 0.869321 0.551538
vt 0.869589 0.559395
vt 0.869321 0.558884
vt 0.871583 0.556192
vt 0.871134 0.555971
vt 0.871134 0.556342
vt 0.869120 0.558919
vt 0.879578 0.671997
vt 0.880953 0.669016
vt 0.880952 0.671997
vt 0.831590 0.670452
vt 0.832613 0.675320
vt 0.831590 0.675330
vt 0.832613 0.675728
vt 0.831590 0.675739
vt 0.794810 0.679289
vt 0.879578 0.669016
vt 0.832613 0.678178
vt 0.831590 0.678188
vt 0.793436 0.679289
vt 0.794810 0.676307
vt 0.870787 0.558567
vt 0.886076 0.664730
vt 0.886543 0.662018
vt 0.886543 0.664730
vt 0.793369 0.667841
vt 0.793836 0.665129
vt 0.793836 0.667841
vt 0.870787 0.555967
vt 0.870787 0.556339
vt 0.886076 0.662018
vt 0.871583 0.561543
vt 0.873466 0.561142
vt 0.873466 0.561518
vt 0.880953 0.670264
vt 0.873675 0.561139
vt 0.873466 0.558587
vt 0.873675 0.558551
vt 0.886187 0.667547
vt 0.886187 0.664730
vt 0.873883 0.566077
vt 0.874149 0.561516
vt 0.874149 0.566080
vt 0.873675 0.561516
vt 0.886809 0.658706
vt 0.886543 0.663273
vt 0.886543 0.658708
vt 0.873466 0.566083
vt 0.873675 0.566113
vt 0.372073 0.091726
vt 0.369230 0.085317
vt 0.372073 0.085280
vt 0.442365 0.094040
vt 0.445209 0.097414
vt 0.442365 0.097896
vt 0.897576 0.635557
vt 0.897311 0.638114
vt 0.897311 0.635559
vt 0.873883 0.561136
vt 0.875767 0.561488
vt 0.873883 0.561513
vt 0.891322 0.665642
vt 0.891679 0.668459
vt 0.891322 0.668459
vt 0.873883 0.558581
vt 0.896954 0.635557
vt 0.897311 0.638373
vt 0.896954 0.638373
vt 0.439056 0.143646
vt 0.441899 0.137163
vt 0.441899 0.143609
vt 0.369230 0.084748
vt 0.372073 0.081299
vt 0.372073 0.084711
vt 0.874149 0.561139
vt 0.865185 0.558570
vt 0.865634 0.556600
vt 0.865634 0.559050
vt 0.863640 0.551020
vt 0.865185 0.551804
vt 0.863372 0.551538
vt 0.863640 0.559395
vt 0.863372 0.558884
vt 0.865634 0.556192
vt 0.865185 0.555971
vt 0.865185 0.556342
vt 0.863171 0.550990
vt 0.863171 0.551508
vt 0.863171 0.559437
vt 0.863171 0.558919
vt 0.898329 0.628190
vt 0.896954 0.631172
vt 0.896954 0.628190
vt 0.826594 0.678108
vt 0.827617 0.682976
vt 0.826594 0.682987
vt 0.827617 0.683384
vt 0.826594 0.683395
vt 0.826242 0.674413
vt 0.827617 0.673712
vt 0.827617 0.674413
vt 0.898329 0.631172
vt 0.896954 0.631873
vt 0.827617 0.685834
vt 0.826594 0.685845
vt 0.826242 0.673712
vt 0.827617 0.670730
vt 0.864838 0.558567
vt 0.794811 0.659840
vt 0.795277 0.657128
vt 0.795277 0.659840
vt 0.795277 0.663153
vt 0.794810 0.665865
vt 0.794810 0.663153
vt 0.864838 0.555967
vt 0.864838 0.556339
vt 0.794810 0.657128
vt 0.795277 0.656828
vt 0.795277 0.662852
vt 0.794810 0.662852
vt 0.861157 0.558623
vt 0.860708 0.556664
vt 0.861157 0.556395
vt 0.861157 0.551857
vt 0.862702 0.551032
vt 0.862970 0.551543
vt 0.862702 0.559407
vt 0.860708 0.559114
vt 0.860708 0.556256
vt 0.861157 0.556023
vt 0.862970 0.558890
vt 0.896954 0.632575
vt 0.898329 0.635557
vt 0.896954 0.635557
vt 0.859686 0.556245
vt 0.860708 0.551377
vt 0.859686 0.556654
vt 0.827617 0.675115
vt 0.898329 0.632575
vt 0.859686 0.559103
vt 0.827617 0.678097
vt 0.826242 0.675115
vt 0.832259 0.644932
vt 0.832607 0.647156
vt 0.832259 0.647160
vt 0.795277 0.656528
vt 0.794811 0.653816
vt 0.795277 0.653816
vt 0.794810 0.659840
vt 0.795277 0.662552
vt 0.794810 0.662552
vt 0.832259 0.640394
vt 0.832607 0.644557
vt 0.832259 0.644561
vt 0.832607 0.644928
vt 0.794810 0.656528
vt 0.384393 0.920147
vt 0.381559 0.918281
vt 0.384364 0.918274
vt 0.421874 0.935365
vt 0.420000 0.938143
vt 0.420000 0.935340
vt 0.381588 0.914631
vt 0.384393 0.914624
vt 0.422241 0.884011
vt 0.425047 0.879105
vt 0.425047 0.884011
vt 0.401372 0.919995
vt 0.398566 0.924901
vt 0.398566 0.919995
vt 0.398566 0.920147
vt 0.395732 0.918281
vt 0.398537 0.918274
vt 0.438668 0.888941
vt 0.436794 0.891720
vt 0.436794 0.888917
vt 0.395761 0.914631
vt 0.398566 0.914624
vt 0.310924 0.919804
vt 0.308119 0.924710
vt 0.308119 0.919804
vt 0.392868 0.920154
vt 0.390063 0.925060
vt 0.390063 0.920154
vt 0.387199 0.918274
vt 0.384423 0.920154
vt 0.384393 0.918281
vt 0.436663 0.930891
vt 0.438537 0.928113
vt 0.438537 0.930916
vt 0.384423 0.914631
vt 0.387228 0.914624
vt 0.294053 0.919804
vt 0.291248 0.924710
vt 0.291248 0.919804
vt 0.304839 0.924710
vt 0.307645 0.919804
vt 0.307645 0.924710
vt 0.343657 0.935427
vt 0.345744 0.932646
vt 0.345744 0.935449
vt 0.365004 0.932637
vt 0.362916 0.935462
vt 0.362916 0.932659
vt 0.338046 0.929346
vt 0.340851 0.932588
vt 0.338046 0.932624
vt 0.384364 0.920154
vt 0.381559 0.925060
vt 0.381559 0.920154
vt 0.422241 0.879105
vt 0.425047 0.874199
vt 0.392897 0.920147
vt 0.390063 0.918281
vt 0.392868 0.918274
vt 0.429657 0.806174
vt 0.432462 0.809854
vt 0.429657 0.809825
vt 0.436805 0.834649
vt 0.438679 0.831870
vt 0.438679 0.834674
vt 0.390092 0.914631
vt 0.392897 0.914624
vt 0.422241 0.888917
vt 0.384393 0.925060
vt 0.387199 0.920154
vt 0.387199 0.925060
vt 0.334389 0.932592
vt 0.332301 0.935373
vt 0.332301 0.932570
vt 0.373420 0.932622
vt 0.371333 0.935447
vt 0.371333 0.932644
vt 0.338045 0.929310
vt 0.335240 0.932624
vt 0.335240 0.929346
vt 0.304366 0.919804
vt 0.301560 0.924710
vt 0.301560 0.919804
vt 0.335240 0.919632
vt 0.332434 0.924538
vt 0.332434 0.919632
vt 0.300368 0.932690
vt 0.298281 0.935471
vt 0.298281 0.932668
vt 0.367809 0.932651
vt 0.365722 0.935476
vt 0.365722 0.932673
vt 0.343657 0.932624
vt 0.346462 0.929310
vt 0.346462 0.932588
vt 0.421984 0.867740
vt 0.424789 0.872646
vt 0.421984 0.872646
vt 0.424789 0.862834
vt 0.424789 0.867740
vt 0.436551 0.864843
vt 0.438426 0.862065
vt 0.438426 0.864868
vt 0.395703 0.916503
vt 0.392926 0.914624
vt 0.395732 0.914631
vt 0.395732 0.920154
vt 0.392897 0.916496
vt 0.301086 0.924710
vt 0.298281 0.919804
vt 0.301086 0.919804
vt 0.424789 0.857928
vt 0.421984 0.862834
vt 0.421984 0.857928
vt 0.438426 0.860756
vt 0.436551 0.857928
vt 0.438426 0.857953
vt 0.411489 0.935142
vt 0.409614 0.937970
vt 0.409614 0.935167
vt 0.432436 0.846213
vt 0.429631 0.842533
vt 0.432436 0.842563
vt 0.365722 0.919395
vt 0.368527 0.924301
vt 0.365722 0.924301
vt 0.346462 0.924538
vt 0.349268 0.919632
vt 0.349268 0.924538
vt 0.438527 0.883555
vt 0.436653 0.886333
vt 0.436653 0.883530
vt 0.425056 0.935316
vt 0.423182 0.938144
vt 0.423182 0.935341
vt 0.432436 0.831876
vt 0.429631 0.835497
vt 0.429631 0.831846
vt 0.297333 0.924710
vt 0.294527 0.919804
vt 0.297333 0.919804
vt 0.371333 0.919395
vt 0.371333 0.924301
vt 0.339415 0.932624
vt 0.337328 0.935449
vt 0.337328 0.932646
vt 0.406864 0.917598
vt 0.404088 0.915502
vt 0.406894 0.915513
vt 0.406894 0.920876
vt 0.404058 0.917588
vt 0.362028 0.924354
vt 0.359222 0.919448
vt 0.362028 0.919448
vt 0.374138 0.919395
vt 0.438537 0.930940
vt 0.436663 0.933719
vt 0.436663 0.930916
vt 0.390033 0.918274
vt 0.387257 0.914631
vt 0.390063 0.914624
vt 0.390063 0.920147
vt 0.387228 0.918281
vt 0.429646 0.826468
vt 0.432451 0.830148
vt 0.429646 0.830118
vt 0.352074 0.924538
vt 0.354879 0.919632
vt 0.354879 0.924538
vt 0.338046 0.924538
vt 0.335240 0.924538
vt 0.368527 0.935425
vt 0.370615 0.932644
vt 0.370615 0.935447
vt 0.422805 0.915979
vt 0.420030 0.913882
vt 0.422835 0.913893
vt 0.422835 0.919257
vt 0.420000 0.915968
vt 0.346462 0.919632
vt 0.343657 0.924538
vt 0.343657 0.919632
vt 0.362916 0.924301
vt 0.362916 0.919395
vt 0.335240 0.935427
vt 0.410237 0.917551
vt 0.407462 0.915454
vt 0.410267 0.915465
vt 0.410267 0.920829
vt 0.407432 0.917540
vt 0.357685 0.924538
vt 0.340851 0.919632
vt 0.338046 0.919632
vt 0.342939 0.932593
vt 0.340851 0.935374
vt 0.340851 0.932571
vt 0.414389 0.918665
vt 0.411614 0.916568
vt 0.414419 0.916579
vt 0.414419 0.921943
vt 0.411584 0.918654
vt 0.349268 0.919632
vt 0.352074 0.919632
vt 0.340851 0.924538
vt 0.711401 0.875267
vt 0.709526 0.873120
vt 0.711401 0.873120
vt 0.587331 0.954304
vt 0.586677 0.956450
vt 0.586677 0.954304
vt 0.711107 0.837386
vt 0.709519 0.835871
vt 0.711107 0.836052
vt 0.594291 0.957033
vt 0.594728 0.958361
vt 0.594126 0.958353
vt 0.715024 0.914604
vt 0.715461 0.913277
vt 0.715626 0.914596
vt 0.715024 0.915494
vt 0.716277 0.916644
vt 0.715024 0.916661
vt 0.593475 0.959234
vt 0.594728 0.960417
vt 0.593475 0.960401
vt 0.708202 0.895963
vt 0.707034 0.897548
vt 0.707034 0.895950
vt 0.594728 0.958805
vt 0.710957 0.835582
vt 0.709369 0.835402
vt 0.715024 0.915049
vt 0.715832 0.915038
vt 0.716277 0.915478
vt 0.711715 0.815353
vt 0.711051 0.813206
vt 0.711715 0.813206
vt 0.594728 0.959250
vt 0.593919 0.958795
vt 0.706130 0.825107
vt 0.708005 0.827253
vt 0.706130 0.827253
vt 0.715018 0.862740
vt 0.714363 0.864886
vt 0.714363 0.862740
vt 0.707363 0.892478
vt 0.705775 0.890963
vt 0.707363 0.891143
vt 0.663840 0.957031
vt 0.664277 0.958359
vt 0.663675 0.958351
vt 0.673545 0.958361
vt 0.673982 0.957033
vt 0.674147 0.958353
vt 0.673545 0.959250
vt 0.674797 0.960401
vt 0.673545 0.960417
vt 0.663025 0.959232
vt 0.664277 0.960415
vt 0.663025 0.960399
vt 0.706666 0.875376
vt 0.707834 0.873791
vt 0.707834 0.875389
vt 0.664277 0.958804
vt 0.707214 0.890674
vt 0.705626 0.890493
vt 0.673545 0.958806
vt 0.674353 0.958795
vt 0.674797 0.959234
vt 0.627757 0.955853
vt 0.627093 0.953707
vt 0.627757 0.953707
vt 0.664277 0.959248
vt 0.663469 0.958793
vt 0.711098 0.923340
vt 0.709223 0.921193
vt 0.711098 0.921193
vt 0.655017 0.958635
vt 0.655671 0.956488
vt 0.655671 0.958635
vt 0.711138 0.842386
vt 0.709550 0.840872
vt 0.711138 0.841052
vt 0.589511 0.956955
vt 0.589948 0.958282
vt 0.589346 0.958274
vt 0.587442 0.958282
vt 0.587880 0.956955
vt 0.588045 0.958274
vt 0.587442 0.959172
vt 0.588695 0.960322
vt 0.587442 0.960339
vt 0.588695 0.959155
vt 0.589948 0.960339
vt 0.706294 0.923616
vt 0.707462 0.922031
vt 0.707462 0.923629
vt 0.589948 0.958727
vt 0.710989 0.840583
vt 0.709400 0.840402
vt 0.587442 0.958727
vt 0.588251 0.958716
vt 0.711762 0.923340
vt 0.711762 0.921193
vt 0.589948 0.959172
vt 0.589139 0.958716
vt 0.709174 0.931764
vt 0.711049 0.933911
vt 0.709174 0.933911
vt 0.682182 0.952855
vt 0.682836 0.950709
vt 0.682836 0.952855
vt 0.709101 0.892478
vt 0.707513 0.890963
vt 0.709101 0.891143
vt 0.595544 0.957033
vt 0.595981 0.958361
vt 0.595379 0.958353
vt 0.590472 0.958275
vt 0.590909 0.956948
vt 0.591074 0.958268
vt 0.590472 0.959165
vt 0.591724 0.960316
vt 0.590472 0.960332
vt 0.594728 0.959234
vt 0.595981 0.960417
vt 0.594728 0.960401
vt 0.707425 0.916401
vt 0.706258 0.917986
vt 0.706258 0.916389
vt 0.595981 0.958805
vt 0.708951 0.890674
vt 0.707363 0.890493
vt 0.590472 0.958720
vt 0.591281 0.958710
vt 0.591724 0.959148
vt 0.711723 0.820777
vt 0.711059 0.818630
vt 0.711723 0.818630
vt 0.595981 0.959250
vt 0.595172 0.958795
vt 0.692125 0.910521
vt 0.694000 0.912668
vt 0.692125 0.912668
vt 0.666760 0.958550
vt 0.667414 0.956404
vt 0.667414 0.958550
vt 0.710934 0.928762
vt 0.709346 0.927248
vt 0.710934 0.927428
vt 0.677228 0.957022
vt 0.677666 0.958350
vt 0.677064 0.958342
vt 0.592977 0.959004
vt 0.592540 0.960332
vt 0.592375 0.959012
vt 0.592977 0.958115
vt 0.591724 0.956964
vt 0.592977 0.956948
vt 0.676413 0.959223
vt 0.677666 0.960406
vt 0.676413 0.960390
vt 0.706206 0.821063
vt 0.707373 0.819479
vt 0.707373 0.821076
vt 0.677666 0.958795
vt 0.710785 0.926959
vt 0.709196 0.926778
vt 0.592977 0.958560
vt 0.592169 0.958570
vt 0.591724 0.958131
vt 0.621212 0.953684
vt 0.621876 0.955830
vt 0.621212 0.955830
vt 0.677666 0.959239
vt 0.676857 0.958784
vt 0.709453 0.937476
vt 0.711328 0.939623
vt 0.709453 0.939623
vt 0.675673 0.956237
vt 0.676327 0.954091
vt 0.676327 0.956237
vt 0.708770 0.907948
vt 0.707182 0.906434
vt 0.708770 0.906614
vt 0.678481 0.957022
vt 0.678918 0.958350
vt 0.678316 0.958342
vt 0.663025 0.959088
vt 0.662588 0.960415
vt 0.662422 0.959096
vt 0.663025 0.958198
vt 0.661772 0.957048
vt 0.663025 0.957031
vt 0.677666 0.959223
vt 0.678918 0.960406
vt 0.677666 0.960390
vt 0.706267 0.934115
vt 0.707435 0.932530
vt 0.707435 0.934127
vt 0.678918 0.958795
vt 0.708621 0.906145
vt 0.707033 0.905964
vt 0.663025 0.958643
vt 0.662216 0.958654
vt 0.661772 0.958215
vt 0.644250 0.953777
vt 0.644913 0.955923
vt 0.644250 0.955923
vt 0.678918 0.959239
vt 0.678110 0.958784
vt 0.688315 0.848161
vt 0.690190 0.850307
vt 0.688315 0.850307
vt 0.670385 0.954056
vt 0.669731 0.956202
vt 0.669731 0.954056
vt 0.705626 0.892478
vt 0.704037 0.890963
vt 0.705626 0.891143
vt 0.675613 0.957033
vt 0.676050 0.958361
vt 0.675448 0.958353
vt 0.649099 0.959033
vt 0.648662 0.960361
vt 0.648497 0.959041
vt 0.649099 0.958144
vt 0.647847 0.956993
vt 0.649099 0.956977
vt 0.676050 0.960417
vt 0.706194 0.815526
vt 0.707362 0.813942
vt 0.707362 0.815539
vt 0.676050 0.958806
vt 0.705477 0.890674
vt 0.703888 0.890493
vt 0.649099 0.958589
vt 0.648291 0.958599
vt 0.647847 0.958160
vt 0.615243 0.953723
vt 0.615907 0.955870
vt 0.615243 0.955869
vt 0.676050 0.959250
vt 0.675242 0.958795
vt 0.711051 0.815352
vt 0.709176 0.813206
vt 0.647844 0.953777
vt 0.647190 0.955923
vt 0.647190 0.953777
vt 0.699415 0.891084
vt 0.698088 0.892351
vt 0.698088 0.890917
vt 0.715134 0.928766
vt 0.715621 0.930093
vt 0.714950 0.930086
vt 0.581727 0.958196
vt 0.582214 0.956869
vt 0.582398 0.958189
vt 0.581727 0.959086
vt 0.583123 0.960238
vt 0.581727 0.960253
vt 0.714226 0.930968
vt 0.715621 0.932149
vt 0.714226 0.932135
vt 0.696891 0.892432
vt 0.698059 0.890983
vt 0.698059 0.892417
vt 0.715621 0.930537
vt 0.714697 0.845912
vt 0.715006 0.848058
vt 0.714697 0.848058
vt 0.581727 0.958641
vt 0.582628 0.958631
vt 0.583123 0.959071
vt 0.714032 0.845913
vt 0.714032 0.848059
vt 0.715621 0.930982
vt 0.714720 0.930528
vt 0.653249 0.850299
vt 0.651374 0.848152
vt 0.653249 0.848152
vt 0.655017 0.956488
vt 0.655671 0.954342
vt 0.700742 0.891084
vt 0.699415 0.892351
vt 0.699415 0.890917
vt 0.715272 0.859356
vt 0.715759 0.860684
vt 0.715088 0.860676
vt 0.714837 0.946096
vt 0.715323 0.944769
vt 0.715508 0.946089
vt 0.714837 0.946985
vt 0.716232 0.948138
vt 0.714837 0.948152
vt 0.714363 0.861558
vt 0.715759 0.862740
vt 0.714363 0.862725
vt 0.707362 0.815378
vt 0.708530 0.813929
vt 0.708530 0.815363
vt 0.715759 0.861128
vt 0.669787 0.959182
vt 0.669478 0.957036
vt 0.669787 0.957036
vt 0.714837 0.946541
vt 0.715737 0.946531
vt 0.716232 0.946971
vt 0.670451 0.959182
vt 0.670451 0.957035
vt 0.715759 0.861573
vt 0.714858 0.861119
vt 0.682500 0.848165
vt 0.684375 0.850311
vt 0.682500 0.850311
vt 0.657895 0.956404
vt 0.658549 0.954258
vt 0.658549 0.956404
vt 0.702069 0.892351
vt 0.703396 0.891084
vt 0.703396 0.892518
vt 0.715324 0.832517
vt 0.715811 0.833844
vt 0.715140 0.833837
vt 0.576707 0.958924
vt 0.576220 0.960250
vt 0.576036 0.958931
vt 0.576707 0.958034
vt 0.575312 0.956882
vt 0.576707 0.956867
vt 0.714416 0.834719
vt 0.715811 0.835901
vt 0.714416 0.835886
vt 0.708598 0.852013
vt 0.707430 0.853462
vt 0.707430 0.852028
vt 0.715811 0.834289
vt 0.670883 0.959188
vt 0.670574 0.957042
vt 0.670883 0.957041
vt 0.576707 0.958479
vt 0.575807 0.958488
vt 0.575312 0.958049
vt 0.671547 0.959187
vt 0.671547 0.957041
vt 0.715811 0.834734
vt 0.714910 0.834280
vt 0.692065 0.850307
vt 0.690190 0.848161
vt 0.692065 0.848161
vt 0.714227 0.815738
vt 0.714882 0.813592
vt 0.714882 0.815738
vt 0.706103 0.853447
vt 0.707430 0.852179
vt 0.707430 0.853613
vt 0.715120 0.853819
vt 0.715607 0.855146
vt 0.714936 0.855139
vt 0.714227 0.811535
vt 0.714714 0.810208
vt 0.714898 0.811528
vt 0.714227 0.812425
vt 0.715622 0.813577
vt 0.714227 0.813592
vt 0.714212 0.856021
vt 0.715607 0.857203
vt 0.714212 0.857188
vt 0.707373 0.820916
vt 0.708541 0.819466
vt 0.708541 0.820900
vt 0.715607 0.855591
vt 0.671856 0.959188
vt 0.671547 0.957042
vt 0.671856 0.957041
vt 0.714227 0.811980
vt 0.715128 0.811971
vt 0.715622 0.812410
vt 0.672521 0.959187
vt 0.672521 0.957041
vt 0.715607 0.856036
vt 0.714707 0.855581
vt 0.706748 0.884596
vt 0.708623 0.886742
vt 0.706748 0.886742
vt 0.666760 0.956404
vt 0.667414 0.954258
vt 0.706118 0.847810
vt 0.707445 0.846542
vt 0.707445 0.847976
vt 0.714736 0.927149
vt 0.714249 0.925822
vt 0.714920 0.925829
vt 0.714449 0.897129
vt 0.714936 0.895802
vt 0.715120 0.897122
vt 0.714449 0.898019
vt 0.715844 0.899171
vt 0.714449 0.899186
vt 0.715644 0.924947
vt 0.714249 0.923765
vt 0.715644 0.923780
vt 0.707425 0.917838
vt 0.708593 0.916389
vt 0.708593 0.917823
vt 0.714249 0.925377
vt 0.714521 0.859350
vt 0.714212 0.857204
vt 0.714521 0.857203
vt 0.714449 0.897574
vt 0.715349 0.897564
vt 0.715844 0.898004
vt 0.715186 0.859349
vt 0.715186 0.857203
vt 0.714249 0.924932
vt 0.715150 0.925386
vt 0.709058 0.845913
vt 0.710933 0.848060
vt 0.709058 0.848060
vt 0.587331 0.956450
vt 0.586677 0.958597
vt 0.707429 0.863380
vt 0.706103 0.864648
vt 0.706103 0.863214
vt 0.715123 0.886742
vt 0.715610 0.888069
vt 0.714939 0.888062
vt 0.715535 0.894075
vt 0.715048 0.895402
vt 0.714864 0.894082
vt 0.715535 0.893185
vt 0.714140 0.892033
vt 0.715535 0.892018
vt 0.714215 0.888944
vt 0.715610 0.890126
vt 0.714215 0.890111
vt 0.708597 0.863214
vt 0.707429 0.864663
vt 0.707429 0.863229
vt 0.715610 0.888514
vt 0.672830 0.959188
vt 0.672521 0.957042
vt 0.672830 0.957041
vt 0.715535 0.893630
vt 0.714635 0.893640
vt 0.714140 0.893200
vt 0.673494 0.959187
vt 0.673494 0.957041
vt 0.715610 0.888959
vt 0.714710 0.888504
vt 0.658874 0.850299
vt 0.656999 0.848152
vt 0.658874 0.848152
vt 0.563849 0.953825
vt 0.563195 0.955971
vt 0.563195 0.953825
vt 0.702069 0.891084
vt 0.700742 0.892351
vt 0.700742 0.890917
vt 0.571257 0.956786
vt 0.571743 0.958113
vt 0.571073 0.958105
vt 0.578102 0.958924
vt 0.577616 0.960250
vt 0.577432 0.958931
vt 0.578102 0.958034
vt 0.576707 0.956882
vt 0.578102 0.956867
vt 0.570348 0.958987
vt 0.571743 0.960169
vt 0.570348 0.960154
vt 0.708536 0.857541
vt 0.707368 0.858990
vt 0.707368 0.857556
vt 0.571743 0.958557
vt 0.563642 0.956864
vt 0.563951 0.959010
vt 0.563642 0.959011
vt 0.578102 0.958479
vt 0.577202 0.958488
vt 0.576707 0.958049
vt 0.562977 0.956865
vt 0.562977 0.959011
vt 0.571743 0.959002
vt 0.570843 0.958548
vt 0.667603 0.957035
vt 0.669478 0.959182
vt 0.667603 0.959182
vt 0.694595 0.848161
vt 0.693940 0.850307
vt 0.693940 0.848161
vt 0.594291 0.950674
vt 0.595724 0.952015
vt 0.594126 0.951998
vt 0.595889 0.950691
vt 0.596326 0.952007
vt 0.599223 0.958949
vt 0.598786 0.960265
vt 0.598621 0.958941
vt 0.599223 0.958060
vt 0.597970 0.956876
vt 0.599223 0.956893
vt 0.595074 0.952913
vt 0.596326 0.954064
vt 0.595074 0.954080
vt 0.593475 0.952896
vt 0.593475 0.954063
vt 0.596326 0.952452
vt 0.593919 0.952446
vt 0.595518 0.952462
vt 0.599223 0.958504
vt 0.598415 0.958494
vt 0.597970 0.958043
vt 0.682160 0.943612
vt 0.682825 0.945758
vt 0.682160 0.945759
vt 0.596326 0.952897
vt 0.709607 0.889915
vt 0.711482 0.892061
vt 0.709607 0.892061
vt 0.596258 0.954080
vt 0.595603 0.956227
vt 0.595603 0.954080
vt 0.709069 0.895950
vt 0.707636 0.894610
vt 0.709234 0.894626
vt 0.707471 0.895934
vt 0.707034 0.894618
vt 0.689315 0.956537
vt 0.689753 0.955221
vt 0.689918 0.956545
vt 0.689315 0.957427
vt 0.690568 0.958610
vt 0.689315 0.958594
vt 0.708286 0.893712
vt 0.707034 0.892561
vt 0.708286 0.892545
vt 0.709884 0.893729
vt 0.709884 0.892561
vt 0.707034 0.894173
vt 0.709441 0.894179
vt 0.707842 0.894162
vt 0.689315 0.956982
vt 0.690124 0.956993
vt 0.690568 0.957443
vt 0.690610 0.954021
vt 0.689945 0.951875
vt 0.690610 0.951875
vt 0.707034 0.893728
vt 0.714942 0.923238
vt 0.713067 0.921092
vt 0.714942 0.921092
vt 0.663900 0.956235
vt 0.664554 0.954088
vt 0.664554 0.956235
vt 0.591287 0.950543
vt 0.592721 0.951883
vt 0.591122 0.951867
vt 0.592886 0.950559
vt 0.593323 0.951875
vt 0.716258 0.872098
vt 0.715822 0.873414
vt 0.715656 0.872090
vt 0.716258 0.871208
vt 0.715006 0.870025
vt 0.716258 0.870041
vt 0.592070 0.952781
vt 0.593323 0.953932
vt 0.592070 0.953948
vt 0.590472 0.952765
vt 0.590472 0.953931
vt 0.593323 0.952320
vt 0.590916 0.952314
vt 0.592514 0.952331
vt 0.716258 0.871653
vt 0.715450 0.871643
vt 0.715006 0.871192
vt 0.711715 0.933911
vt 0.711049 0.931764
vt 0.711715 0.931764
vt 0.593323 0.952765
vt 0.709892 0.905212
vt 0.711767 0.907358
vt 0.709892 0.907358
vt 0.639023 0.953792
vt 0.638368 0.955939
vt 0.638368 0.953792
vt 0.589478 0.953957
vt 0.588045 0.952616
vt 0.589643 0.952633
vt 0.587880 0.953940
vt 0.587442 0.952624
vt 0.699226 0.958698
vt 0.698788 0.960014
vt 0.698623 0.958690
vt 0.699226 0.957809
vt 0.697973 0.956625
vt 0.699226 0.956642
vt 0.588695 0.951718
vt 0.587442 0.950568
vt 0.588695 0.950551
vt 0.590294 0.951735
vt 0.590294 0.950568
vt 0.587442 0.952180
vt 0.589849 0.952186
vt 0.588251 0.952169
vt 0.699226 0.958254
vt 0.698417 0.958243
vt 0.697973 0.957792
vt 0.602948 0.943117
vt 0.602283 0.940971
vt 0.602948 0.940971
vt 0.587442 0.951735
vt 0.714970 0.875281
vt 0.713095 0.873135
vt 0.714970 0.873135
vt 0.599302 0.953991
vt 0.598647 0.956137
vt 0.598647 0.953991
vt 0.597257 0.950585
vt 0.598690 0.951925
vt 0.597092 0.951909
vt 0.598855 0.950602
vt 0.599293 0.951918
vt 0.714998 0.817067
vt 0.715436 0.815751
vt 0.715601 0.817075
vt 0.714998 0.817957
vt 0.716251 0.819140
vt 0.714998 0.819124
vt 0.598040 0.952823
vt 0.599293 0.953974
vt 0.598040 0.953991
vt 0.596442 0.952807
vt 0.596442 0.953974
vt 0.599293 0.952362
vt 0.596886 0.952356
vt 0.598484 0.952373
vt 0.714998 0.817512
vt 0.715807 0.817522
vt 0.716251 0.817973
vt 0.688201 0.849761
vt 0.687536 0.847615
vt 0.688200 0.847615
vt 0.599293 0.952807
vt 0.714963 0.821002
vt 0.713088 0.818855
vt 0.714963 0.818855
vt 0.641326 0.955953
vt 0.641980 0.953807
vt 0.641980 0.955953
vt 0.677228 0.950685
vt 0.678662 0.952025
vt 0.677064 0.952009
vt 0.678827 0.950702
vt 0.679264 0.952018
vt 0.711465 0.844592
vt 0.711028 0.845908
vt 0.710863 0.844584
vt 0.711465 0.843702
vt 0.710212 0.842519
vt 0.711465 0.842535
vt 0.678011 0.952923
vt 0.679264 0.954074
vt 0.678011 0.954091
vt 0.676413 0.952907
vt 0.676413 0.954074
vt 0.679264 0.952462
vt 0.710657 0.844136
vt 0.709265 0.844601
vt 0.709058 0.844153
vt 0.711465 0.844147
vt 0.710212 0.843686
vt 0.711036 0.856844
vt 0.711701 0.858990
vt 0.711036 0.858990
vt 0.679264 0.952907
vt 0.678456 0.952473
vt 0.711059 0.820777
vt 0.709184 0.818630
vt 0.682836 0.946417
vt 0.682182 0.948563
vt 0.682182 0.946417
vt 0.674361 0.950685
vt 0.675794 0.952025
vt 0.674195 0.952009
vt 0.675958 0.950702
vt 0.676396 0.952018
vt 0.584375 0.958942
vt 0.583938 0.960258
vt 0.583773 0.958934
vt 0.584375 0.958053
vt 0.583123 0.956869
vt 0.584375 0.956886
vt 0.675143 0.952923
vt 0.676396 0.954074
vt 0.675143 0.954091
vt 0.673545 0.952907
vt 0.673545 0.954074
vt 0.676396 0.952462
vt 0.673989 0.952456
vt 0.675587 0.952473
vt 0.584375 0.958497
vt 0.583567 0.958487
vt 0.583123 0.958036
vt 0.682160 0.941466
vt 0.682825 0.943612
vt 0.676396 0.952907
vt 0.709069 0.825115
vt 0.710944 0.827262
vt 0.709069 0.827262
vt 0.672702 0.956235
vt 0.673356 0.954088
vt 0.673356 0.956234
vt 0.601767 0.954360
vt 0.600148 0.953055
vt 0.601583 0.953036
vt 0.714919 0.955507
vt 0.715406 0.956824
vt 0.714735 0.956830
vt 0.602254 0.953044
vt 0.602254 0.952154
vt 0.600859 0.950972
vt 0.602254 0.950987
vt 0.714011 0.957728
vt 0.715406 0.958880
vt 0.714011 0.958895
vt 0.600859 0.952139
vt 0.599424 0.950991
vt 0.715406 0.957268
vt 0.711582 0.862362
vt 0.711891 0.864508
vt 0.711582 0.864508
vt 0.602254 0.952599
vt 0.601353 0.952590
vt 0.710917 0.862361
vt 0.710917 0.864507
vt 0.715406 0.957713
vt 0.714506 0.957278
vt 0.709042 0.862361
vt 0.678541 0.956237
vt 0.679195 0.954091
vt 0.679195 0.956237
vt 0.655233 0.954323
vt 0.653614 0.953019
vt 0.655049 0.953000
vt 0.714849 0.883221
vt 0.715336 0.884538
vt 0.714665 0.884545
vt 0.655719 0.953007
vt 0.655719 0.952117
vt 0.654325 0.950936
vt 0.655719 0.950950
vt 0.713940 0.885442
vt 0.715336 0.886594
vt 0.713940 0.886609
vt 0.654325 0.952103
vt 0.652889 0.950954
vt 0.715336 0.884983
vt 0.709287 0.884595
vt 0.709596 0.886742
vt 0.709287 0.886742
vt 0.655719 0.952562
vt 0.654819 0.952553
vt 0.708623 0.884595
vt 0.708623 0.886741
vt 0.715336 0.885427
vt 0.714435 0.884992
vt 0.584510 0.956008
vt 0.583855 0.953861
vt 0.584510 0.953861
vt 0.665119 0.950870
vt 0.666738 0.952175
vt 0.665303 0.952194
vt 0.715324 0.835901
vt 0.715811 0.837228
vt 0.715140 0.837221
vt 0.664632 0.952187
vt 0.664632 0.953076
vt 0.666027 0.954258
vt 0.664632 0.954243
vt 0.714416 0.838103
vt 0.715811 0.839284
vt 0.714416 0.839270
vt 0.666027 0.953091
vt 0.667462 0.954239
vt 0.715811 0.837673
vt 0.711993 0.937477
vt 0.712302 0.939624
vt 0.711993 0.939623
vt 0.664632 0.952631
vt 0.665532 0.952641
vt 0.711328 0.937476
vt 0.715811 0.838117
vt 0.714910 0.837663
vt 0.709161 0.856844
vt 0.711036 0.856844
vt 0.657895 0.958550
vt 0.650487 0.950954
vt 0.652106 0.952259
vt 0.650671 0.952278
vt 0.714940 0.842524
vt 0.715427 0.843840
vt 0.714757 0.843848
vt 0.650000 0.952271
vt 0.650000 0.953160
vt 0.651395 0.954342
vt 0.650000 0.954328
vt 0.714032 0.844745
vt 0.715427 0.845897
vt 0.714032 0.845912
vt 0.651395 0.953175
vt 0.652831 0.954323
vt 0.715427 0.844285
vt 0.684684 0.850312
vt 0.684375 0.848165
vt 0.684684 0.848165
vt 0.650000 0.952716
vt 0.650901 0.952725
vt 0.685349 0.850312
vt 0.685349 0.848166
vt 0.715427 0.844730
vt 0.714527 0.844295
vt 0.655124 0.850299
vt 0.655124 0.848152
vt 0.580877 0.953825
vt 0.581531 0.955971
vt 0.580877 0.955971
vt 0.586892 0.954286
vt 0.585273 0.952981
vt 0.586708 0.952962
vt 0.714747 0.934141
vt 0.715234 0.935457
vt 0.714563 0.935464
vt 0.587379 0.952969
vt 0.587379 0.952079
vt 0.585984 0.950898
vt 0.587379 0.950912
vt 0.713839 0.936361
vt 0.715234 0.937514
vt 0.713839 0.937529
vt 0.585984 0.952065
vt 0.584549 0.950916
vt 0.715234 0.935902
vt 0.708669 0.825107
vt 0.708978 0.827254
vt 0.708669 0.827254
vt 0.587379 0.952524
vt 0.586478 0.952515
vt 0.708005 0.825107
vt 0.715234 0.936347
vt 0.714333 0.935912
vt 0.707578 0.937476
vt 0.649099 0.959123
vt 0.649753 0.956977
vt 0.649753 0.959123
vt 0.683323 0.950938
vt 0.684942 0.952243
vt 0.683507 0.952262
vt 0.612037 0.957166
vt 0.611550 0.955850
vt 0.612221 0.955843
vt 0.682836 0.952255
vt 0.682836 0.953144
vt 0.684231 0.954326
vt 0.682836 0.954311
vt 0.612945 0.954945
vt 0.611550 0.953793
vt 0.612945 0.953779
vt 0.684231 0.953159
vt 0.685667 0.954307
vt 0.611550 0.955405
vt 0.714504 0.937529
vt 0.714813 0.939676
vt 0.714504 0.939675
vt 0.682836 0.952699
vt 0.683737 0.952709
vt 0.713839 0.939675
vt 0.611550 0.954960
vt 0.612451 0.955396
vt 0.682182 0.950709
vt 0.682836 0.948563
vt 0.658063 0.954239
vt 0.656444 0.952934
vt 0.657879 0.952916
vt 0.682336 0.954390
vt 0.682823 0.955707
vt 0.682153 0.955714
vt 0.658549 0.952923
vt 0.658549 0.952033
vt 0.657155 0.950851
vt 0.658549 0.950866
vt 0.681428 0.956611
vt 0.682823 0.957763
vt 0.681428 0.957778
vt 0.657155 0.952018
vt 0.655719 0.950870
vt 0.682823 0.956151
vt 0.568109 0.943210
vt 0.568418 0.945356
vt 0.568109 0.945356
vt 0.658549 0.952478
vt 0.657649 0.952468
vt 0.567445 0.943209
vt 0.567445 0.945355
vt 0.682823 0.956596
vt 0.681923 0.956161
vt 0.433278 0.651468
vt 0.428253 0.652893
vt 0.433278 0.647654
vt 0.429246 0.641079
vt 0.433278 0.643711
vt 0.429246 0.624340
vt 0.433278 0.636132
vt 0.433150 0.651643
vt 0.433150 0.643920
vt 0.411078 0.563458
vt 0.429075 0.617645
vt 0.424285 0.565500
vt 0.375917 0.642358
vt 0.342655 0.657406
vt 0.342655 0.651692
vt 0.375846 0.656174
vt 0.429347 0.629360
vt 0.376059 0.653903
vt 0.433150 0.636468
vt 0.433150 0.647863
vt 0.431061 0.653351
vt 0.431061 0.649833
vt 0.431061 0.645891
vt 0.431061 0.641343
vt 0.429321 0.644424
vt 0.376058 0.645370
vt 0.429246 0.623335
vt 0.376059 0.649053
vt 0.429347 0.638398
vt 0.429347 0.614297
vt 0.430502 0.566840
vt 0.429369 0.654968
vt 0.428867 0.663781
vt 0.437446 0.623859
vt 0.429246 0.647774
vt 0.375917 0.649053
vt 0.429347 0.644424
vt 0.434676 0.604715
vt 0.437446 0.633460
vt 0.402915 0.912877
vt 0.419321 0.917543
vt 0.420841 0.861169
vt 0.413598 0.824763
vt 0.420841 0.852901
vt 0.430836 0.842404
vt 0.412660 0.819282
vt 0.384575 0.833130
vt 0.414264 0.818428
vt 0.430902 0.912715
vt 0.431420 0.912338
vt 0.431938 0.912602
vt 0.430717 0.840806
vt 0.420841 0.869437
vt 0.403487 0.920577
vt 0.421984 0.869437
vt 0.388154 0.833013
vt 0.412668 0.830822
vt 0.414065 0.831443
vt 0.406482 0.825926
vt 0.411303 0.925123
vt 0.410785 0.925500
vt 0.410267 0.925237
vt 0.388168 0.833198
vt 0.420257 0.805638
vt 0.420841 0.863167
vt 0.419242 0.868050
vt 0.421108 0.902810
vt 0.419242 0.883199
vt 0.386978 0.833187
vt 0.421557 0.912876
vt 0.419252 0.873192
vt 0.385160 0.833462
vt 0.419242 0.852901
vt 0.398570 0.833870
vt 0.420829 0.820220
vt 0.418100 0.852901
vt 0.330579 0.922616
vt 0.431530 0.902322
vt 0.419242 0.853719
vt 0.421400 0.835180
vt 0.420257 0.822810
vt 0.332389 0.890405
vt 0.419598 0.801909
vt 0.332390 0.905554
vt 0.385766 0.833187
vt 0.418668 0.791874
vt 0.418668 0.832835
vt 0.386372 0.833462
vt 0.332390 0.875256
vt 0.420829 0.820598
vt 0.331248 0.875256
vt 0.406487 0.825370
vt 0.431514 0.830148
vt 0.418658 0.813361
vt 0.561067 0.806177
vt 0.562037 0.805208
vt 0.605250 0.805208
vt 0.606221 0.849354
vt 0.605250 0.850324
vt 0.687546 0.912666
vt 0.690619 0.835459
vt 0.690273 0.883822
vt 0.695975 0.867315
vt 0.693328 0.909923
vt 0.830524 0.864151
vt 0.829528 0.865146
vt 0.784180 0.864151
vt 0.785176 0.818840
vt 0.830524 0.819835
vt 0.635188 0.937120
vt 0.686218 0.925050
vt 0.708038 0.911349
vt 0.190184 0.144316
vt 0.145439 0.091352
vt 0.196005 0.065928
vt 0.188880 0.164430
vt 0.188880 0.215972
vt 0.195472 0.181408
vt 0.109440 0.138583
vt 0.190480 0.162605
vt 0.145439 0.073547
vt 0.189022 0.233805
vt 0.814781 0.933180
vt 0.923308 0.923760
vt 0.901748 0.926656
vt 0.799474 0.933227
vt 0.946585 0.884069
vt 0.911117 0.926968
vt 0.901628 0.921248
vt 0.863858 0.925327
vt 0.882853 0.917085
vt 0.882730 0.921490
vt 0.803244 0.929960
vt 0.947303 0.822593
vt 0.947306 0.863308
vt 0.943242 0.894927
vt 0.809427 0.910125
vt 0.941060 0.935132
vt 0.888989 0.930544
vt 0.864823 0.909656
vt 0.828430 0.921529
vt 0.806361 0.933128
vt 0.946237 0.867515
vt 0.940351 0.775772
vt 0.825360 0.933651
vt 0.851750 0.933127
vt 0.930835 0.903557
vt 0.822158 0.921561
vt 0.930807 0.897688
vt 0.898558 0.933300
vt 0.818034 0.933313
vt 0.855779 0.926181
vt 0.830524 0.926181
vt 0.933928 0.903057
vt 0.943192 0.778866
vt 0.943176 0.825840
vt 0.849475 0.929768
vt 0.935814 0.934447
vt 0.934919 0.932940
vt 0.879660 0.909656
vt 0.901669 0.926622
vt 0.809390 0.916469
vt 0.943432 0.808188
vt 0.943190 0.906276
vt 0.822044 0.916230
vt 0.914913 0.910591
vt 0.875950 0.915025
vt 0.846348 0.933114
vt 0.949654 0.894794
vt 0.885046 0.930516
vt 0.860348 0.933088
vt 0.934357 0.839992
vt 0.809334 0.930000
vt 0.882730 0.926858
vt 0.855779 0.933094
vt 0.888084 0.933571
vt 0.812497 0.916167
vt 0.846348 0.926181
vt 0.815749 0.916168
vt 0.933918 0.885774
vt 0.943654 0.854705
vt 0.786464 0.933223
vt 0.941891 0.914869
vt 0.943484 0.773500
vt 0.943399 0.802820
vt 0.930630 0.834582
vt 0.944886 0.920238
vt 0.923294 0.906476
vt 0.948521 0.867213
vt 0.946022 0.857773
vt 0.868532 0.915025
vt 0.941523 0.908822
vt 0.904937 0.926589
vt 0.877347 0.933175
vt 0.809390 0.933612
vt 0.830374 0.926181
vt 0.934175 0.805092
vt 0.928862 0.932272
vt 0.885800 0.926768
vt 0.942030 0.928394
vt 0.895369 0.933552
vt 0.917673 0.818797
vt 0.898558 0.915879
vt 0.787508 0.929961
vt 0.936920 0.781141
vt 0.936999 0.908425
vt 0.901748 0.930243
vt 0.792039 0.933191
vt 0.798952 0.930027
vt 0.839908 0.926181
vt 0.822158 0.936321
vt 0.939841 0.836221
vt 0.934210 0.775772
vt 0.946002 0.888877
vt 0.945348 0.794355
vt 0.814781 0.930102
vt 0.945283 0.787626
vt 0.846222 0.920812
vt 0.934444 0.845861
vt 0.923327 0.928310
vt 0.845501 0.932967
vt 0.938161 0.880750
vt 0.948817 0.799723
vt 0.949450 0.843331
vt 0.947503 0.828538
vt 0.939921 0.787626
vt 0.934919 0.932725
vt 0.915003 0.926841
vt 0.934734 0.864169
vt 0.948853 0.873035
vt 0.948817 0.805092
vt 0.849466 0.936179
vt 0.870031 0.933146
vt 0.943654 0.855225
vt 0.940098 0.891819
vt 0.791805 0.936237
vt 0.930788 0.793679
vt 0.809304 0.926374
vt 0.939892 0.821881
vt 0.926578 0.932034
vt 0.904942 0.811116
vt 0.874293 0.920545
vt 0.905034 0.804658
vt 0.787870 0.910116
vt 0.911377 0.811116
vt 0.946032 0.843315
vt 0.948106 0.837809
vt 0.930666 0.834582
vt 0.787870 0.915485
vt 0.930630 0.828538
vt 0.852535 0.926181
vt 0.822338 0.910116
vt 0.832425 0.936248
vt 0.937245 0.799724
vt 0.937245 0.810461
vt 0.935705 0.920238
vt 0.839995 0.936122
vt 0.812497 0.914118
vt 0.858850 0.920812
vt 0.933890 0.891819
vt 0.860667 0.925973
vt 0.933918 0.885775
vt 0.937514 0.851230
vt 0.848399 0.933114
vt 0.815749 0.914119
vt 0.917983 0.916638
vt 0.932635 0.920238
vt 0.947611 0.773685
vt 0.825476 0.916160
vt 0.825360 0.910116
vt 0.936932 0.781717
vt 0.836030 0.936221
vt 0.904937 0.915700
vt 0.892060 0.926768
vt 0.905163 0.909656
vt 0.948082 0.797615
vt 0.922655 0.923260
vt 0.933752 0.822557
vt 0.839995 0.920812
vt 0.939955 0.827962
vt 0.879660 0.933992
vt 0.950068 0.794160
vt 0.871174 0.925914
vt 0.911117 0.908181
vt 0.926364 0.923759
vt 0.791560 0.915485
vt 0.845203 0.936183
vt 0.864823 0.936172
vt 0.874335 0.925914
vt 0.932245 0.908822
vt 0.860667 0.936033
vt 0.858064 0.936224
vt 0.911077 0.921221
vt 0.948382 0.931761
vt 0.784180 0.936144
vt 0.936998 0.903057
vt 0.932124 0.925607
vt 0.933814 0.827962
vt 0.874293 0.936163
vt 0.922594 0.805755
vt 0.939892 0.833907
vt 0.943153 0.891819
vt 0.937514 0.856750
vt 0.940584 0.845861
vt 0.789381 0.936249
vt 0.923294 0.918391
vt 0.923318 0.912347
vt 0.911117 0.916691
vt 0.797407 0.936318
vt 0.940058 0.885774
vt 0.864769 0.933035
vt 0.930630 0.816513
vt 0.914487 0.804653
vt 0.930698 0.810468
vt 0.939921 0.799723
vt 0.941864 0.932137
vt 0.864843 0.929909
vt 0.935833 0.924275
vt 0.874101 0.936180
vt 0.940584 0.857940
vt 0.947952 0.880730
vt 0.949442 0.785056
vt 0.938775 0.914869
vt 0.815694 0.921539
vt 0.934734 0.869690
vt 0.943030 0.781717
vt 0.945372 0.834582
vt 0.937821 0.864169
vt 0.941973 0.935301
vt 0.945649 0.810461
vt 0.873188 0.936137
vt 0.948017 0.787626
vt 0.930630 0.799723
vt 0.895369 0.921248
vt 0.934895 0.881642
vt 0.949766 0.874378
vt 0.852536 0.920812
vt 0.947303 0.827962
vt 0.947399 0.839992
vt 0.822158 0.922473
vt 0.935657 0.936080
vt 0.946739 0.834582
vt 0.943654 0.857936
vt 0.822158 0.930138
vt 0.946192 0.810461
vt 0.940068 0.903057
vt 0.934175 0.805092
vt 0.931577 0.880730
vt 0.877258 0.936177
vt 0.934174 0.810461
vt 0.947369 0.897188
vt 0.832723 0.932927
vt 0.939930 0.798350
vt 0.829991 0.932621
vt 0.855779 0.936188
vt 0.946331 0.935149
vt 0.946192 0.799724
vt 0.935745 0.925608
vt 0.901748 0.915879
vt 0.848399 0.936194
vt 0.881785 0.933694
vt 0.904818 0.921248
vt 0.809390 0.916565
vt 0.946715 0.799723
vt 0.948198 0.914190
vt 0.891274 0.933596
vt 0.870031 0.936175
vt 0.939990 0.775772
vt 0.947317 0.903057
vt 0.833681 0.936221
vt 0.949708 0.918147
vt 0.911117 0.920594
vt 0.832723 0.936147
vt 0.866874 0.936172
vt 0.937804 0.880427
vt 0.940315 0.805092
vt 0.947245 0.897688
vt 0.946426 0.880038
vt 0.930002 0.862492
vt 0.851750 0.933035
vt 0.943567 0.844022
vt 0.852710 0.936206
vt 0.792093 0.936180
vt 0.947305 0.863309
vt 0.863694 0.925973
vt 0.867980 0.925914
vt 0.863858 0.928702
vt 0.795163 0.921005
vt 0.871049 0.929941
vt 0.946651 0.792995
vt 0.947319 0.781141
vt 0.932252 0.932893
vt 0.842046 0.936167
vt 0.938775 0.924807
vt 0.947218 0.923620
vt 0.803164 0.936144
vt 0.947391 0.781717
vt 0.938775 0.920238
vt 0.936920 0.781141
vt 0.803077 0.933142
vt 0.794442 0.933011
vt 0.937027 0.897188
vt 0.940242 0.901683
vt 0.877451 0.925762
vt 0.879424 0.915025
vt 0.818947 0.933299
vt 0.926491 0.934778
vt 0.940072 0.885774
vt 0.945230 0.816513
vt 0.938406 0.908822
vt 0.946052 0.891796
vt 0.938419 0.913658
vt 0.948817 0.810133
vt 0.846116 0.936169
vt 0.929043 0.924627
vt 0.940584 0.845893
vt 0.918110 0.927375
vt 0.947657 0.920238
vt 0.815694 0.926446
vt 0.937811 0.874685
vt 0.943048 0.828538
vt 0.938798 0.914869
vt 0.791027 0.918552
vt 0.944918 0.920238
vt 0.930630 0.822593
vt 0.944546 0.908822
vt 0.791779 0.926374
vt 0.938385 0.908822
vt 0.919656 0.923260
vt 0.864761 0.914909
vt 0.828430 0.926898
vt 0.919759 0.927867
vt 0.945065 0.924807
vt 0.809335 0.916565
vt 0.943200 0.784814
vt 0.893634 0.812457
vt 0.910301 0.933244
vt 0.914913 0.904181
vt 0.836751 0.926181
vt 0.930808 0.781717
vt 0.937514 0.862270
vt 0.908259 0.811116
vt 0.931339 0.932967
vt 0.860667 0.915084
vt 0.919585 0.931478
vt 0.882730 0.916121
vt 0.940890 0.874669
vt 0.905127 0.811116
vt 0.947218 0.923458
vt 0.940874 0.869690
vt 0.863737 0.902154
vt 0.860667 0.933035
vt 0.943654 0.849337
vt 0.805448 0.933223
vt 0.926363 0.931692
vt 0.822044 0.926578
vt 0.931311 0.839992
vt 0.944280 0.931785
vt 0.937804 0.869690
vt 0.931334 0.845861
vt 0.939908 0.810461
vt 0.925578 0.934735
vt 0.913401 0.930586
vt 0.802544 0.926374
vt 0.945065 0.931761
vt 0.933877 0.908537
vt 0.812460 0.921838
vt 0.930905 0.775772
vt 0.914913 0.933635
vt 0.933700 0.839951
vt 0.829991 0.932703
vt 0.933752 0.821881
vt 0.923620 0.912345
vt 0.885800 0.921490
vt 0.914982 0.898813
vt 0.946052 0.888877
vt 0.937514 0.856598
vt 0.915091 0.905222
vt 0.912062 0.810022
vt 0.897430 0.815119
vt 0.932635 0.920238
vt 0.797407 0.933268
vt 0.930630 0.775772
vt 0.818974 0.933405
vt 0.907222 0.933405
vt 0.879632 0.925762
vt 0.895368 0.930203
vt 0.874207 0.920545
vt 0.895369 0.921399
vt 0.935814 0.931355
vt 0.944301 0.880730
vt 0.919692 0.927867
vt 0.190322 0.666294
vt 0.212133 0.564861
vt 0.178874 0.557187
vt 0.175576 0.565789
vt 0.119895 0.688566
vt 0.119363 0.658443
vt 0.187972 0.554042
vt 0.184510 0.630143
vt 0.049516 0.691295
vt 0.212385 0.653631
vt 0.175576 0.549225
vt 0.211565 0.635082
vt 0.193920 0.640240
vt 0.180899 0.655191
vt 0.190268 0.617355
vt 0.188857 0.640737
vt 0.191152 0.568321
vt 0.215555 0.903931
vt 0.217056 0.905431
vt 0.217056 0.972222
vt 0.207307 0.973721
vt 0.215555 0.973721
vt 0.182132 0.973721
vt 0.094535 0.832785
vt 0.118429 0.929548
vt 0.091907 0.990465
vt 0.098937 0.615198
vt 0.232371 0.839182
vt 0.091907 0.964694
vt 0.091907 0.972936
vt 0.090406 0.974435
vt 0.022059 0.972936
vt 0.090437 0.939540
vt 0.091907 0.948212
vt 0.147208 0.972221
vt 0.156957 0.973721
vt 0.148709 0.903931
vt 0.173453 0.973721
vt 0.148709 0.973721
vt 0.212664 0.837588
vt 0.094535 0.929222
vt 0.232828 0.837588
vt 0.147015 0.911644
vt 0.099038 0.623279
vt 0.232371 0.856525
vt 0.090406 0.904646
vt 0.091907 0.906145
vt 0.091907 0.914386
vt 0.091907 0.922628
vt 0.091907 0.930869
vt 0.022059 0.906145
vt 0.871848 0.555991
vt 0.881309 0.664631
vt 0.795277 0.665865
vt 0.832259 0.659171
vt 0.873466 0.555587
vt 0.441899 0.151168
vt 0.368199 0.080793
vt 0.873466 0.558519
vt 0.876032 0.555937
vt 0.895689 0.669815
vt 0.890639 0.659058
vt 0.365356 0.076404
vt 0.445188 0.198924
vt 0.886809 0.665828
vt 0.865634 0.551367
vt 0.879578 0.668314
vt 0.793436 0.683674
vt 0.793369 0.671153
vt 0.832607 0.633621
vt 0.886076 0.661718
vt 0.871583 0.551313
vt 0.832613 0.670441
vt 0.793436 0.676307
vt 0.793369 0.665129
vt 0.870787 0.551801
vt 0.871583 0.561166
vt 0.881309 0.670264
vt 0.886543 0.667547
vt 0.886809 0.663270
vt 0.369230 0.092208
vt 0.445209 0.094003
vt 0.897576 0.638111
vt 0.875767 0.561112
vt 0.891679 0.665642
vt 0.897311 0.635557
vt 0.439056 0.136755
vt 0.369230 0.080891
vt 0.874149 0.558584
vt 0.865634 0.551313
vt 0.898329 0.631873
vt 0.826242 0.670730
vt 0.795277 0.665865
vt 0.864838 0.551801
vt 0.794810 0.656828
vt 0.859686 0.551367
vt 0.826242 0.678097
vt 0.795277 0.659840
vt 0.832607 0.640390
vt 0.381588 0.920154
vt 0.421874 0.938168
vt 0.401372 0.924901
vt 0.395761 0.920154
vt 0.438668 0.891744
vt 0.310924 0.924710
vt 0.392868 0.925060
vt 0.387228 0.920147
vt 0.436663 0.928088
vt 0.294053 0.924710
vt 0.304839 0.919804
vt 0.365004 0.935440
vt 0.340851 0.929310
vt 0.384364 0.925060
vt 0.422241 0.874199
vt 0.390092 0.920154
vt 0.432462 0.806204
vt 0.436805 0.831846
vt 0.425047 0.888917
vt 0.384393 0.920154
vt 0.334389 0.935395
vt 0.373420 0.935425
vt 0.338045 0.932588
vt 0.304366 0.924710
vt 0.300368 0.935493
vt 0.367809 0.935454
vt 0.343657 0.929346
vt 0.436551 0.862040
vt 0.392926 0.920147
vt 0.298281 0.924710
vt 0.436551 0.860731
vt 0.411489 0.937945
vt 0.429631 0.846184
vt 0.368527 0.919395
vt 0.438527 0.886358
vt 0.425056 0.938119
vt 0.432436 0.835526
vt 0.294527 0.924710
vt 0.339415 0.935427
vt 0.404088 0.920865
vt 0.359222 0.924354
vt 0.374138 0.924301
vt 0.438537 0.933743
vt 0.387257 0.920154
vt 0.432451 0.826497
vt 0.368527 0.932622
vt 0.420030 0.919246
vt 0.346462 0.924538
vt 0.407462 0.920818
vt 0.357685 0.919632
vt 0.342939 0.935396
vt 0.411614 0.921932
vt 0.349268 0.924538
vt 0.709526 0.875267
vt 0.709519 0.837205
vt 0.594728 0.957039
vt 0.715024 0.913283
vt 0.708202 0.897560
vt 0.715018 0.864886
vt 0.705775 0.892297
vt 0.664277 0.957037
vt 0.673545 0.957039
vt 0.706666 0.873779
vt 0.627093 0.955853
vt 0.709223 0.923340
vt 0.709550 0.842206
vt 0.589948 0.956961
vt 0.587442 0.956961
vt 0.706294 0.922019
vt 0.707513 0.892297
vt 0.595981 0.957039
vt 0.590472 0.956953
vt 0.707425 0.917998
vt 0.694000 0.910521
vt 0.709346 0.928582
vt 0.677666 0.957028
vt 0.592977 0.960326
vt 0.706206 0.819466
vt 0.621876 0.953684
vt 0.675673 0.954091
vt 0.707182 0.907767
vt 0.678918 0.957028
vt 0.663025 0.960410
vt 0.706267 0.932517
vt 0.644913 0.953777
vt 0.670385 0.956202
vt 0.704037 0.892297
vt 0.676050 0.957039
vt 0.649099 0.960355
vt 0.706194 0.813929
vt 0.615907 0.953723
vt 0.709176 0.815352
vt 0.647844 0.955923
vt 0.699415 0.892518
vt 0.715621 0.928771
vt 0.581727 0.956874
vt 0.696891 0.890998
vt 0.715006 0.845912
vt 0.651374 0.850299
vt 0.655017 0.954342
vt 0.700742 0.892518
vt 0.715759 0.859362
vt 0.714837 0.944774
vt 0.707362 0.813945
vt 0.669478 0.959182
vt 0.657895 0.954258
vt 0.702069 0.890917
vt 0.715811 0.832523
vt 0.576707 0.960245
vt 0.708598 0.853447
vt 0.670574 0.959188
vt 0.706103 0.852013
vt 0.715607 0.853824
vt 0.714227 0.810214
vt 0.707373 0.819482
vt 0.671547 0.959188
vt 0.708623 0.884596
vt 0.666760 0.954258
vt 0.706118 0.846376
vt 0.714249 0.927143
vt 0.714449 0.895807
vt 0.707425 0.916404
vt 0.714212 0.859350
vt 0.710933 0.845913
vt 0.587331 0.958597
vt 0.707429 0.864814
vt 0.715610 0.886747
vt 0.715535 0.895397
vt 0.708597 0.864648
vt 0.672521 0.959188
vt 0.656999 0.850299
vt 0.563849 0.955971
vt 0.702069 0.892518
vt 0.571743 0.956791
vt 0.578102 0.960245
vt 0.708536 0.858975
vt 0.563951 0.956864
vt 0.669478 0.957035
vt 0.694595 0.850307
vt 0.596326 0.950686
vt 0.599223 0.960271
vt 0.682825 0.943612
vt 0.711482 0.889915
vt 0.596258 0.956227
vt 0.707034 0.895939
vt 0.689315 0.955216
vt 0.689945 0.954021
vt 0.713067 0.923238
vt 0.663900 0.954088
vt 0.593323 0.950554
vt 0.716258 0.873420
vt 0.711767 0.905212
vt 0.639023 0.955939
vt 0.587442 0.953946
vt 0.699226 0.960020
vt 0.602283 0.943117
vt 0.713095 0.875281
vt 0.599302 0.956137
vt 0.599293 0.950596
vt 0.714998 0.815745
vt 0.687536 0.849761
vt 0.713088 0.821002
vt 0.641326 0.953807
vt 0.679264 0.950696
vt 0.711465 0.845913
vt 0.711701 0.856844
vt 0.709184 0.820777
vt 0.676396 0.950696
vt 0.584375 0.960264
vt 0.682825 0.941466
vt 0.710944 0.825115
vt 0.672702 0.954088
vt 0.600332 0.954379
vt 0.715406 0.955502
vt 0.602254 0.954365
vt 0.599424 0.952158
vt 0.711891 0.862362
vt 0.709042 0.864507
vt 0.678541 0.954091
vt 0.653797 0.954342
vt 0.715336 0.883216
vt 0.655719 0.954329
vt 0.652889 0.952121
vt 0.709596 0.884596
vt 0.583855 0.956008
vt 0.666554 0.950851
vt 0.715811 0.835906
vt 0.664632 0.950865
vt 0.667462 0.953072
vt 0.712302 0.937477
vt 0.709161 0.858990
vt 0.658549 0.958550
vt 0.651922 0.950936
vt 0.715427 0.842519
vt 0.650000 0.950949
vt 0.652831 0.953157
vt 0.581531 0.953825
vt 0.585457 0.954304
vt 0.715234 0.934136
vt 0.587379 0.954291
vt 0.584549 0.952083
vt 0.708978 0.825108
vt 0.707578 0.939623
vt 0.684758 0.950919
vt 0.611550 0.957171
vt 0.682836 0.950933
vt 0.685667 0.953140
vt 0.714813 0.937530
vt 0.656628 0.954258
vt 0.682823 0.954385
vt 0.658549 0.954244
vt 0.655719 0.952037
vt 0.568418 0.943210
s 0
usemtl Texture
f 3/1/1 6/2/1 2/3/1
f 1/4/1 13/5/1 5/6/1
f 48/7/1 10/8/1 61/9/1
f 4/10/1 8/11/1 3/1/1
f 9/12/2 16/13/2 8/14/2
f 43/15/1 6/2/1 53/16/1
f 47/17/1 7/18/1 3/1/1
f 11/19/2 18/20/2 10/21/2
f 48/7/1 9/22/1 4/10/1
f 47/17/1 8/11/1 57/23/1
f 6/24/3 69/25/3 53/26/3
f 5/6/1 10/8/1 4/10/1
f 49/27/1 11/28/1 5/6/1
f 66/29/4 20/30/4 12/31/4
f 44/32/1 12/33/1 1/4/1
f 49/27/1 13/5/1 65/34/1
f 71/35/1 23/36/1 15/37/1
f 78/38/1 27/39/1 19/40/1
f 15/37/1 22/41/1 14/42/1
f 19/40/1 26/43/1 18/44/1
f 12/45/2 21/46/2 13/47/2
f 62/48/4 19/49/4 11/50/4
f 58/51/4 17/52/4 9/53/4
f 13/54/3 81/55/3 65/56/3
f 7/57/2 14/58/2 6/59/2
f 10/60/3 77/61/3 61/62/3
f 8/63/3 73/64/3 57/65/3
f 55/66/4 15/67/4 7/68/4
f 26/69/3 109/70/3 93/71/3
f 87/72/4 31/73/4 23/74/4
f 94/75/4 35/76/4 27/77/4
f 23/78/2 30/79/2 22/80/2
f 77/81/1 26/43/1 93/82/1
f 17/83/1 24/84/1 16/85/1
f 82/86/1 28/87/1 20/88/1
f 74/89/1 25/90/1 17/83/1
f 20/88/1 29/91/1 21/92/1
f 73/93/1 24/84/1 89/94/1
f 69/95/1 22/41/1 85/96/1
f 81/97/1 29/91/1 97/98/1
f 101/99/1 31/100/1 103/101/1
f 105/102/1 33/103/1 106/104/1
f 109/105/1 35/106/1 110/107/1
f 113/108/1 36/109/1 114/110/1
f 25/111/2 32/112/2 24/113/2
f 98/114/4 36/115/4 28/116/4
f 90/117/4 33/118/4 25/119/4
f 28/120/2 37/121/2 29/122/2
f 24/123/3 105/124/3 89/125/3
f 22/77/3 101/126/3 85/127/3
f 29/50/3 113/128/3 97/129/3
f 27/130/2 34/131/2 26/132/2
f 5/6/5 38/133/5 1/4/5
f 4/10/5 42/134/5 5/6/5
f 2/3/5 40/135/5 3/1/5
f 43/136/4 39/137/4 2/138/4
f 1/139/3 118/140/3 44/141/3
f 3/1/5 41/142/5 4/10/5
f 54/143/1 50/144/1 46/145/1
f 68/146/1 45/147/1 52/148/1
f 48/7/1 63/149/1 51/150/1
f 59/151/1 51/150/1 50/144/1
f 75/152/5 60/153/5 59/151/5
f 43/15/1 54/143/1 46/145/1
f 56/154/1 47/17/1 50/144/1
f 79/155/5 64/156/5 63/149/5
f 60/153/1 48/7/1 51/150/1
f 47/17/1 59/151/1 50/144/1
f 69/25/3 54/157/3 53/26/3
f 63/149/1 52/148/1 51/150/1
f 64/156/1 49/27/1 52/148/1
f 83/158/4 66/29/4 67/159/4
f 67/160/1 44/32/1 45/147/1
f 49/27/1 68/146/1 52/148/1
f 88/161/1 71/35/1 72/162/1
f 96/163/1 78/38/1 80/164/1
f 86/165/1 72/162/1 70/166/1
f 95/167/1 80/164/1 79/155/1
f 84/168/5 67/160/5 68/146/5
f 80/159/4 62/48/4 64/158/4
f 76/169/4 58/51/4 60/170/4
f 81/55/3 68/171/3 65/56/3
f 70/166/5 56/154/5 54/143/5
f 77/61/3 63/30/3 61/62/3
f 73/64/3 59/24/3 57/65/3
f 72/172/4 55/66/4 56/173/4
f 109/70/3 95/174/3 93/71/3
f 104/175/4 87/72/4 88/176/4
f 112/177/4 94/75/4 96/178/4
f 102/179/5 88/161/5 86/165/5
f 77/81/1 95/167/1 79/155/1
f 91/180/1 76/181/1 75/152/1
f 99/182/1 82/86/1 83/183/1
f 92/184/1 74/89/1 76/181/1
f 100/185/1 83/183/1 84/168/1
f 73/93/1 91/180/1 75/152/1
f 69/95/1 86/165/1 70/166/1
f 81/97/1 100/185/1 84/168/1
f 104/186/1 101/99/1 103/101/1
f 108/187/1 105/102/1 106/104/1
f 112/188/1 109/105/1 110/107/1
f 115/189/1 113/108/1 114/110/1
f 107/190/5 92/184/5 91/180/5
f 115/191/4 98/114/4 99/192/4
f 108/178/4 90/117/4 92/177/4
f 116/193/5 99/182/5 100/185/5
f 105/124/3 91/194/3 89/125/3
f 101/126/3 86/123/3 85/127/3
f 113/128/3 100/118/3 97/129/3
f 111/195/5 96/163/5 95/167/5
f 119/196/2 52/197/2 45/198/2
f 123/199/2 51/200/2 52/197/2
f 121/201/2 46/202/2 50/203/2
f 120/204/4 43/136/4 46/205/4
f 118/140/3 45/206/3 44/141/3
f 122/207/2 50/203/2 51/200/2
f 143/208/6 125/209/6 124/210/6
f 145/211/5 126/212/5 125/213/5
f 126/214/7 149/215/7 127/216/7
f 149/215/8 128/217/8 127/216/8
f 151/218/2 129/219/2 128/220/2
f 153/221/9 124/210/9 129/222/9
f 128/217/10 133/223/10 127/216/10
f 125/224/5 132/225/5 131/226/5
f 129/219/2 134/227/2 128/220/2
f 124/210/11 131/228/11 130/229/11
f 126/214/12 133/223/12 132/230/12
f 124/210/13 135/231/13 129/222/13
f 130/232/14 141/233/14 135/234/14
f 135/234/2 140/235/2 134/227/2
f 139/236/15 132/237/15 133/238/15
f 134/239/16 139/240/16 133/241/16
f 138/242/5 131/226/5 132/225/5
f 139/243/3 140/244/3 141/245/3
f 137/246/17 130/247/17 131/226/17
f 144/248/6 143/208/6 142/249/6
f 146/250/5 145/211/5 144/251/5
f 148/252/7 147/253/7 146/254/7
f 150/255/8 149/215/8 148/252/8
f 152/256/2 151/218/2 150/257/2
f 142/249/9 153/221/9 152/258/9
f 157/259/18 150/255/18 148/252/18
f 144/260/5 156/261/5 146/262/5
f 158/263/2 152/256/2 150/257/2
f 142/249/19 155/264/19 144/248/19
f 146/254/20 157/259/20 148/252/20
f 159/265/21 142/249/21 152/258/21
f 154/266/22 165/267/22 160/268/22
f 164/269/2 159/270/2 158/263/2
f 156/261/23 163/271/23 157/272/23
f 158/263/24 163/273/24 164/269/24
f 155/274/5 162/275/5 156/261/5
f 163/276/3 162/277/3 161/278/3
f 154/279/25 161/280/25 155/281/25
f 185/282/26 167/283/26 166/284/26
f 187/285/1 168/286/1 167/287/1
f 189/288/27 169/289/27 168/290/27
f 191/291/28 170/292/28 169/289/28
f 193/293/29 171/294/29 170/295/29
f 195/296/30 166/284/30 171/297/30
f 170/292/31 175/298/31 169/289/31
f 167/287/1 174/299/1 173/300/1
f 171/294/29 176/301/29 170/295/29
f 166/284/32 173/302/32 172/303/32
f 168/290/33 175/298/33 174/304/33
f 166/284/34 177/305/34 171/297/34
f 172/306/35 183/307/35 177/308/35
f 177/309/29 182/310/29 176/301/29
f 181/311/36 174/299/36 175/312/36
f 176/301/37 181/313/37 175/314/37
f 180/315/1 173/300/1 174/299/1
f 179/316/38 172/317/38 173/318/38
f 186/319/26 185/282/26 184/320/26
f 188/321/1 187/285/1 186/322/1
f 190/323/27 189/288/27 188/324/27
f 192/325/28 191/291/28 190/323/28
f 194/326/29 193/293/29 192/327/29
f 184/320/30 195/296/30 194/328/30
f 199/329/39 192/325/39 190/323/39
f 186/322/1 198/330/1 188/321/1
f 200/331/29 194/332/29 192/333/29
f 184/320/40 197/334/40 186/319/40
f 188/324/41 199/329/41 190/323/41
f 201/335/42 184/320/42 194/328/42
f 196/336/43 207/337/43 202/338/43
f 206/339/29 201/340/29 200/341/29
f 198/342/44 205/343/44 199/344/44
f 200/345/45 205/346/45 206/347/45
f 197/348/1 204/349/1 198/330/1
f 196/350/46 203/351/46 197/348/46
f 227/352/26 209/353/26 208/354/26
f 229/355/1 210/356/1 209/357/1
f 231/358/27 211/359/27 210/360/27
f 233/361/28 212/362/28 211/359/28
f 235/363/29 213/364/29 212/365/29
f 237/366/30 208/354/30 213/367/30
f 212/362/31 217/368/31 211/359/31
f 209/357/1 216/369/1 215/370/1
f 213/364/29 218/371/29 212/365/29
f 208/354/32 215/372/32 214/373/32
f 210/360/33 217/368/33 216/374/33
f 208/354/34 219/375/34 213/367/34
f 214/376/35 225/377/35 219/378/35
f 219/379/29 224/380/29 218/371/29
f 223/381/36 216/369/36 217/382/36
f 218/371/37 223/383/37 217/384/37
f 222/385/1 215/370/1 216/369/1
f 221/386/38 214/387/38 215/388/38
f 228/389/26 227/352/26 226/390/26
f 230/391/1 229/355/1 228/392/1
f 232/393/27 231/358/27 230/394/27
f 234/395/28 233/361/28 232/393/28
f 236/396/29 235/363/29 234/397/29
f 226/390/30 237/366/30 236/398/30
f 241/399/39 234/395/39 232/393/39
f 228/392/1 240/400/1 230/391/1
f 242/401/29 236/396/29 234/397/29
f 226/390/40 239/402/40 228/389/40
f 230/394/41 241/399/41 232/393/41
f 243/403/42 226/390/42 236/398/42
f 238/404/43 249/405/43 244/406/43
f 248/407/29 243/408/29 242/401/29
f 240/409/44 247/410/44 241/411/44
f 242/412/45 247/413/45 248/414/45
f 239/415/1 246/407/1 240/400/1
f 238/416/46 245/417/46 239/415/46
f 251/418/3 250/419/3 254/420/3
f 262/421/4 273/422/4 265/423/4
f 256/424/1 259/425/1 251/426/1
f 252/427/29 263/428/29 255/429/29
f 257/430/47 264/431/47 256/432/47
f 253/433/48 260/434/48 252/427/48
f 254/435/2 265/436/2 257/430/2
f 250/437/5 261/438/5 253/439/5
f 255/440/49 262/441/49 254/442/49
f 251/426/50 258/443/50 250/437/50
f 268/444/1 279/445/1 271/446/1
f 258/447/4 269/448/4 261/449/4
f 263/450/4 270/451/4 262/421/4
f 259/452/4 266/453/4 258/447/4
f 264/454/4 267/455/4 259/452/4
f 263/450/4 268/456/4 271/457/4
f 265/423/4 272/458/4 264/454/4
f 260/420/4 269/448/4 268/456/4
f 274/459/4 280/460/4 278/461/4
f 273/462/48 280/463/48 272/464/48
f 269/465/47 276/466/47 268/467/47
f 270/468/5 281/469/5 273/470/5
f 266/471/2 277/472/2 269/465/2
f 271/446/50 278/473/50 270/468/50
f 267/474/49 274/475/49 266/476/49
f 272/464/29 275/477/29 267/478/29
f 283/479/50 290/480/50 282/481/50
f 310/482/1 287/483/1 309/484/1
f 296/485/29 285/486/29 288/487/29
f 287/488/47 294/489/47 286/490/47
f 285/486/48 292/491/48 284/492/48
f 294/489/2 289/493/2 286/490/2
f 292/494/5 283/479/5 284/495/5
f 289/496/49 296/497/49 288/498/49
f 283/499/4 298/500/4 299/501/4
f 309/502/4 303/503/4 311/504/4
f 285/505/4 304/506/4 288/507/4
f 287/508/4 302/509/4 303/503/4
f 284/510/4 301/511/4 285/505/4
f 289/512/4 302/509/4 286/513/4
f 283/499/4 300/514/4 284/510/4
f 288/507/4 305/515/4 289/512/4
f 306/516/4 298/500/4 282/517/4
f 290/480/1 306/518/1 282/481/1
f 311/519/5 310/482/5 309/484/5
f 308/520/2 307/521/2 312/522/2
f 315/523/2 316/524/2 314/525/2
f 321/526/5 318/527/5 320/528/5
f 319/529/29 314/530/29 318/531/29
f 320/532/51 314/533/51 316/534/51
f 323/535/2 324/536/2 322/537/2
f 328/538/5 327/539/5 326/540/5
f 321/541/4 315/542/4 319/543/4
f 327/544/29 322/545/29 326/546/29
f 328/547/52 322/548/52 324/549/52
f 331/550/2 332/551/2 330/552/2
f 336/553/5 335/554/5 334/555/5
f 329/556/53 323/557/53 327/558/53
f 334/559/29 331/560/29 330/561/29
f 332/562/54 334/563/54 330/564/54
f 333/565/55 335/566/55 337/567/55
f 339/568/2 340/569/2 338/570/2
f 345/571/5 342/572/5 344/573/5
f 343/574/29 338/575/29 342/572/29
f 344/576/56 338/577/56 340/578/56
f 346/579/2 349/580/2 348/581/2
f 352/582/5 351/583/5 350/584/5
f 345/585/4 339/586/4 343/587/4
f 350/588/29 347/589/29 346/590/29
f 348/591/57 350/592/57 346/593/57
f 355/594/2 356/595/2 354/596/2
f 360/597/5 359/598/5 358/599/5
f 353/600/58 347/601/58 351/602/58
f 359/603/29 354/604/29 358/605/29
f 360/606/59 354/607/59 356/608/59
f 357/609/60 359/610/60 361/611/60
f 363/612/2 364/613/2 362/614/2
f 368/615/5 367/616/5 366/617/5
f 367/618/29 362/619/29 366/620/29
f 368/621/61 362/622/61 364/623/61
f 371/624/2 372/625/2 370/626/2
f 376/627/5 375/628/5 374/629/5
f 365/630/62 367/631/62 369/632/62
f 375/628/29 370/633/29 374/629/29
f 372/634/3 374/635/3 370/636/3
f 379/637/2 380/638/2 378/639/2
f 384/640/5 383/641/5 382/642/5
f 377/643/63 371/644/63 375/645/63
f 383/646/29 378/647/29 382/648/29
f 384/649/64 378/650/64 380/651/64
f 381/652/65 383/633/65 385/653/65
f 387/654/2 388/655/2 386/656/2
f 393/657/5 390/658/5 392/659/5
f 390/660/29 387/607/29 386/661/29
f 392/662/66 386/663/66 388/664/66
f 395/665/2 396/666/2 394/667/2
f 400/668/5 399/669/5 398/670/5
f 389/671/67 391/672/67 393/673/67
f 398/549/29 395/674/29 394/675/29
f 396/676/68 398/677/68 394/678/68
f 403/679/2 404/680/2 402/681/2
f 409/682/5 406/683/5 408/684/5
f 397/685/69 399/686/69 401/687/69
f 406/688/29 403/689/29 402/690/29
f 408/691/3 402/692/3 404/693/3
f 409/671/70 403/694/70 407/695/70
f 411/696/2 412/697/2 410/698/2
f 416/699/5 415/700/5 414/701/5
f 415/702/29 410/703/29 414/704/29
f 412/705/71 414/706/71 410/707/71
f 419/708/2 420/709/2 418/710/2
f 424/711/5 423/712/5 422/713/5
f 417/714/72 411/715/72 415/716/72
f 423/717/29 418/718/29 422/561/29
f 420/719/73 422/720/73 418/721/73
f 427/722/2 428/723/2 426/724/2
f 432/725/5 431/726/5 430/727/5
f 425/728/74 419/729/74 423/730/74
f 431/731/29 426/732/29 430/733/29
f 428/734/3 430/735/3 426/736/3
f 433/737/75 427/738/75 431/739/75
f 435/740/2 436/741/2 434/742/2
f 440/743/5 439/744/5 438/745/5
f 439/746/29 434/747/29 438/748/29
f 436/749/76 438/750/76 434/751/76
f 443/752/2 444/753/2 442/754/2
f 449/755/5 446/756/5 448/757/5
f 441/758/77 435/759/77 439/760/77
f 446/761/29 443/762/29 442/763/29
f 448/764/78 442/765/78 444/766/78
f 450/767/2 453/768/2 452/769/2
f 457/770/5 454/771/5 456/772/5
f 445/694/4 447/586/4 449/773/4
f 455/774/29 450/775/29 454/776/29
f 452/777/79 454/560/79 450/778/79
f 453/779/4 455/780/4 457/781/4
f 459/782/2 460/783/2 458/784/2
f 465/785/5 462/786/5 464/787/5
f 463/788/29 458/789/29 462/790/29
f 464/791/80 458/792/80 460/793/80
f 467/794/2 468/795/2 466/796/2
f 473/797/5 470/798/5 472/799/5
f 461/800/81 463/801/81 465/802/81
f 470/803/29 467/804/29 466/805/29
f 472/806/82 466/807/82 468/808/82
f 475/809/2 476/810/2 474/811/2
f 481/812/5 478/813/5 480/814/5
f 473/815/83 467/816/83 471/817/83
f 478/818/29 475/819/29 474/820/29
f 476/821/84 478/822/84 474/823/84
f 477/824/85 479/825/85 481/826/85
f 482/827/2 485/828/2 484/829/2
f 488/830/5 487/831/5 486/832/5
f 487/833/29 482/834/29 486/835/29
f 484/836/86 486/837/86 482/838/86
f 491/839/2 492/840/2 490/841/2
f 496/842/5 495/843/5 494/844/5
f 485/601/87 487/845/87 489/846/87
f 494/847/29 491/848/29 490/849/29
f 496/850/88 490/851/88 492/852/88
f 499/853/2 500/854/2 498/855/2
f 504/856/5 503/857/5 502/858/5
f 493/859/89 495/860/89 497/861/89
f 503/862/29 498/863/29 502/864/29
f 504/865/90 498/866/90 500/867/90
f 505/868/91 499/869/91 503/870/91
f 493/871/1 496/842/1 492/872/1
f 316/873/1 321/526/1 320/528/1
f 333/874/1 336/553/1 332/875/1
f 507/876/29 508/877/29 506/878/29
f 513/879/1 510/880/1 512/881/1
f 511/882/5 506/883/5 510/880/5
f 512/884/92 506/885/92 508/886/92
f 515/887/29 516/888/29 514/889/29
f 520/890/1 519/891/1 518/892/1
f 513/893/4 507/894/4 511/895/4
f 519/896/5 514/889/5 518/897/5
f 520/898/93 514/899/93 516/900/93
f 523/901/29 524/902/29 522/903/29
f 528/904/1 527/905/1 526/906/1
f 521/907/94 515/908/94 519/909/94
f 526/906/5 523/910/5 522/911/5
f 524/912/95 526/913/95 522/914/95
f 525/886/96 527/915/96 529/916/96
f 531/917/29 532/918/29 530/919/29
f 537/920/1 534/921/1 536/922/1
f 535/741/5 530/923/5 534/924/5
f 536/925/97 530/926/97 532/927/97
f 538/928/29 541/929/29 540/930/29
f 544/931/1 543/932/1 542/933/1
f 537/934/4 531/935/4 535/777/4
f 542/933/5 539/936/5 538/937/5
f 540/938/98 542/939/98 538/940/98
f 547/941/29 548/942/29 546/943/29
f 552/944/1 551/945/1 550/946/1
f 545/947/99 539/948/99 543/949/99
f 551/945/5 546/950/5 550/946/5
f 552/951/100 546/952/100 548/953/100
f 549/954/101 551/955/101 553/956/101
f 555/957/29 556/958/29 554/959/29
f 560/960/1 559/961/1 558/962/1
f 559/963/5 554/959/5 558/964/5
f 560/965/102 554/966/102 556/967/102
f 563/968/29 564/969/29 562/970/29
f 568/971/1 567/972/1 566/973/1
f 557/974/103 559/975/103 561/976/103
f 567/972/5 562/977/5 566/973/5
f 564/978/3 566/979/3 562/980/3
f 571/981/29 572/982/29 570/983/29
f 576/984/1 575/985/1 574/986/1
f 569/987/104 563/988/104 567/989/104
f 575/990/5 570/983/5 574/991/5
f 576/992/105 570/993/105 572/994/105
f 573/995/106 575/996/106 577/997/106
f 579/998/29 580/999/29 578/1000/29
f 585/1001/1 582/1002/1 584/1003/1
f 582/1002/5 579/1004/5 578/1005/5
f 584/1006/107 578/1007/107 580/1008/107
f 587/1009/29 588/1010/29 586/1011/29
f 592/1012/1 591/1013/1 590/1014/1
f 581/1015/108 583/1016/108 585/1017/108
f 590/1018/5 587/1009/5 586/1011/5
f 588/1019/109 590/1020/109 586/1021/109
f 595/1022/29 596/1023/29 594/1024/29
f 601/1025/1 598/1026/1 600/1027/1
f 589/1028/110 591/1029/110 593/910/110
f 598/1026/5 595/1030/5 594/1031/5
f 600/1032/3 594/1033/3 596/1034/3
f 601/1035/111 595/1036/111 599/1037/111
f 603/1038/29 604/1039/29 602/1040/29
f 608/1041/1 607/1042/1 606/1043/1
f 607/1042/5 602/1044/5 606/1043/5
f 604/1045/112 606/1046/112 602/1047/112
f 611/1048/29 612/1049/29 610/1050/29
f 616/1051/1 615/1052/1 614/1053/1
f 609/1054/113 603/1055/113 607/1056/113
f 615/1052/5 610/1057/5 614/1053/5
f 612/1058/114 614/1059/114 610/1060/114
f 619/1061/29 620/1062/29 618/1063/29
f 624/1064/1 623/1065/1 622/1066/1
f 617/1067/115 611/1068/115 615/1069/115
f 623/1065/5 618/1070/5 622/1066/5
f 620/1071/3 622/1072/3 618/1073/3
f 625/1074/116 619/1075/116 623/1076/116
f 627/1077/29 628/1078/29 626/1079/29
f 632/1080/1 631/1081/1 630/1082/1
f 631/1083/5 626/1084/5 630/1085/5
f 628/1086/117 630/1087/117 626/1088/117
f 635/1089/29 636/1090/29 634/1091/29
f 641/1092/1 638/1093/1 640/1094/1
f 633/1095/118 627/1096/118 631/1097/118
f 638/1093/5 635/1098/5 634/1099/5
f 640/1100/119 634/1101/119 636/965/119
f 642/1102/29 645/1103/29 644/1104/29
f 649/1105/1 646/1106/1 648/1107/1
f 637/1108/4 639/1109/4 641/951/4
f 647/1110/5 642/1111/5 646/1112/5
f 644/1113/120 646/1114/120 642/1115/120
f 645/1116/4 647/1117/4 649/1118/4
f 651/1119/29 652/1120/29 650/1121/29
f 657/1122/1 654/1123/1 656/1124/1
f 655/1125/5 650/1126/5 654/1127/5
f 656/781/121 650/1128/121 652/1129/121
f 659/1130/29 660/1131/29 658/1132/29
f 665/1133/1 662/1134/1 664/1135/1
f 653/826/122 655/653/122 657/1136/122
f 662/1137/5 659/1138/5 658/1139/5
f 664/1075/123 658/1140/123 660/1141/123
f 667/1142/29 668/1143/29 666/1144/29
f 673/1145/1 670/1146/1 672/1147/1
f 665/1148/124 659/1149/124 663/1150/124
f 670/1151/5 667/1152/5 666/1153/5
f 668/1154/125 670/1155/125 666/1156/125
f 669/869/126 671/1157/126 673/1158/126
f 674/1159/29 677/1160/29 676/1161/29
f 680/1162/1 679/1163/1 678/1164/1
f 679/1163/5 674/1165/5 678/1164/5
f 676/1166/127 678/1167/127 674/1168/127
f 683/1169/29 684/1170/29 682/1171/29
f 688/1172/1 687/1173/1 686/1174/1
f 677/738/128 679/1175/128 681/739/128
f 686/1174/5 683/1176/5 682/1177/5
f 688/1178/129 682/1179/129 684/1180/129
f 691/1181/29 692/1182/29 690/1183/29
f 696/1184/1 695/1185/1 694/1186/1
f 685/1187/130 687/1188/130 689/1189/130
f 695/1185/5 690/1190/5 694/1186/5
f 696/1191/131 690/1192/131 692/1193/131
f 697/1194/132 691/1195/132 695/1196/132
f 685/1197/2 688/581/2 684/1198/2
f 508/1199/2 513/1200/2 512/1201/2
f 525/1202/2 528/1203/2 524/1204/2
f 699/1205/1 700/1206/1 698/1207/1
f 704/1208/29 703/1209/29 702/1210/29
f 703/1211/2 698/1212/2 702/1213/2
f 704/538/133 698/1214/133 700/1215/133
f 707/1216/1 708/1217/1 706/1218/1
f 712/1219/29 711/1220/29 710/1221/29
f 701/754/134 703/1222/134 705/1223/134
f 711/1224/2 706/1225/2 710/1226/2
f 712/1227/135 706/1228/135 708/1229/135
f 714/1230/1 717/1231/1 716/1232/1
f 720/1233/29 719/1234/29 718/1235/29
f 713/1236/136 707/1237/136 711/1238/136
f 718/1239/2 715/1240/2 714/1241/2
f 716/1242/137 718/1243/137 714/1244/137
f 721/1245/138 715/1246/138 719/1247/138
f 723/1248/1 724/1249/1 722/1250/1
f 728/1251/29 727/1252/29 726/1253/29
f 727/1254/2 722/1250/2 726/1255/2
f 724/1256/3 726/1257/3 722/1258/3
f 730/1259/1 733/1260/1 732/1261/1
f 736/1262/29 735/1263/29 734/1264/29
f 725/1265/139 727/1266/139 729/1267/139
f 734/1268/2 731/1269/2 730/1259/2
f 732/1270/140 734/1271/140 730/1272/140
f 738/1273/1 741/1274/1 740/1275/1
f 744/1276/29 743/1277/29 742/1278/29
f 737/1279/141 731/1280/141 735/1281/141
f 743/1282/2 738/1273/2 742/1283/2
f 740/1284/3 742/1285/3 738/1286/3
f 741/1287/142 743/1288/142 745/1289/142
f 746/1290/1 749/1291/1 748/1292/1
f 752/1293/29 751/1294/29 750/1295/29
f 751/1296/2 746/1290/2 750/1297/2
f 748/1244/143 750/1298/143 746/1299/143
f 755/1300/1 756/1301/1 754/771/1
f 760/1302/29 759/1303/29 758/1304/29
f 749/1305/144 751/1306/144 753/1307/144
f 759/1308/2 754/1309/2 758/1310/2
f 756/1311/3 758/1312/3 754/1313/3
f 763/1314/1 764/1315/1 762/1316/1
f 768/1317/29 767/1318/29 766/1144/29
f 761/1319/145 755/1320/145 759/1312/145
f 767/1321/2 762/1316/2 766/1322/2
f 764/1323/3 766/1324/3 762/1325/3
f 769/701/146 763/1326/146 767/570/146
f 771/1327/1 772/1328/1 770/1329/1
f 776/1330/29 775/1331/29 774/1332/29
f 774/1333/2 771/1194/2 770/1334/2
f 772/1335/147 774/1336/147 770/1337/147
f 779/1338/1 780/1339/1 778/1340/1
f 784/1341/29 783/1342/29 782/1343/29
f 777/1344/148 771/884/148 775/886/148
f 782/1345/2 779/1346/2 778/1347/2
f 780/1348/149 782/1349/149 778/1350/149
f 787/1351/1 788/1352/1 786/1353/1
f 793/1354/29 790/1355/29 792/1356/29
f 781/1357/150 783/1358/150 785/1359/150
f 790/1360/2 787/1361/2 786/1362/2
f 792/1363/3 786/1324/3 788/1062/3
f 793/1364/151 787/1365/151 791/1366/151
f 795/1367/1 796/1368/1 794/1369/1
f 801/1370/29 798/1371/29 800/1372/29
f 799/1373/2 794/1374/2 798/1375/2
f 800/1376/152 794/1377/152 796/1378/152
f 803/1379/1 804/1380/1 802/1381/1
f 808/1382/29 807/1383/29 806/1384/29
f 797/1385/153 799/1386/153 801/1387/153
f 807/1388/2 802/1389/2 806/1390/2
f 804/1391/154 806/1392/154 802/1393/154
f 811/1394/1 812/1395/1 810/1327/1
f 817/1396/29 814/1397/29 816/1398/29
f 809/1399/155 803/1400/155 807/1401/155
f 815/1402/2 810/1403/2 814/1404/2
f 816/1405/156 810/1406/156 812/1407/156
f 813/1408/4 815/1409/4 817/1410/4
f 819/1411/1 820/1412/1 818/1413/1
f 824/1414/29 823/1415/29 822/1416/29
f 823/1417/2 818/1418/2 822/1419/2
f 820/1420/157 822/1421/157 818/1422/157
f 827/1423/1 828/1424/1 826/1425/1
f 833/1426/29 830/1427/29 832/1428/29
f 825/1429/158 819/1430/158 823/1431/158
f 830/1432/2 827/1433/2 826/1434/2
f 832/1435/159 826/1436/159 828/1437/159
f 835/1438/1 836/1439/1 834/1440/1
f 840/1441/29 839/1442/29 838/1443/29
f 829/1444/4 831/1445/4 833/1446/4
f 839/1447/2 834/1448/2 838/1449/2
f 836/1450/160 838/1451/160 834/1452/160
f 841/1453/4 835/1454/4 839/656/4
f 842/1455/1 845/1456/1 844/1457/1
f 849/1458/29 846/1000/29 848/1459/29
f 847/1460/2 842/1461/2 846/1462/2
f 844/1463/161 846/1464/161 842/1465/161
f 851/1466/1 852/1467/1 850/1468/1
f 857/1469/29 854/1470/29 856/1471/29
f 845/1472/162 847/1473/162 849/1474/162
f 854/1475/2 851/1476/2 850/1477/2
f 856/1478/163 850/1479/163 852/1480/163
f 858/1481/1 861/1482/1 860/537/1
f 865/1483/29 862/1484/29 864/1485/29
f 857/925/164 851/1486/164 855/1487/164
f 862/1488/2 859/1489/2 858/1490/2
f 864/1491/165 858/1492/165 860/1493/165
f 861/1494/4 863/1495/4 865/1492/4
f 866/1496/1 869/1497/1 868/1498/1
f 872/1499/29 871/1500/29 870/1501/29
f 871/1502/2 866/1503/2 870/1504/2
f 868/1505/166 870/1506/166 866/1507/166
f 875/1508/1 876/1509/1 874/1510/1
f 880/1511/29 879/1512/29 878/1513/29
f 869/1514/167 871/1515/167 873/1516/167
f 878/1517/2 875/1508/2 874/1510/2
f 880/1518/168 874/1519/168 876/1520/168
f 883/1521/1 884/1522/1 882/1523/1
f 888/1524/29 887/1525/29 886/1526/29
f 877/1527/169 879/943/169 881/1528/169
f 887/1529/2 882/1530/2 886/1531/2
f 884/1532/3 886/1533/3 882/1534/3
f 889/1535/4 883/1536/4 887/1537/4
f 717/1231/5 720/1538/5 716/1232/5
f 701/1539/5 704/1540/5 700/1206/5
f 877/1541/5 880/1542/5 876/1543/5
f 891/1544/5 892/1545/5 890/1546/5
f 897/1547/2 894/1548/2 896/1549/2
f 895/1550/1 890/1546/1 894/1551/1
f 896/1536/170 890/1552/170 892/1537/170
f 899/1553/5 900/1554/5 898/1555/5
f 904/1556/2 903/1557/2 902/1558/2
f 897/1559/4 891/1560/4 895/749/4
f 903/1561/1 898/1555/1 902/1562/1
f 904/1563/171 898/1564/171 900/1565/171
f 907/1566/5 908/1567/5 906/1568/5
f 912/1569/2 911/1570/2 910/1571/2
f 905/1572/172 899/1573/172 903/1574/172
f 910/1575/1 907/1566/1 906/1568/1
f 908/1576/173 910/1577/173 906/1578/173
f 909/1579/174 911/911/174 913/1580/174
f 915/1581/5 916/1582/5 914/1583/5
f 921/1584/2 918/1585/2 920/1586/2
f 919/1587/1 914/1583/1 918/1588/1
f 920/1589/175 914/1590/175 916/1591/175
f 922/1592/5 925/1593/5 924/1594/5
f 928/1595/2 927/1596/2 926/1597/2
f 921/1598/4 915/1599/4 919/1600/4
f 926/1601/1 923/1602/1 922/1592/1
f 924/1603/176 926/1604/176 922/1605/176
f 931/1606/5 932/1607/5 930/1608/5
f 936/1609/2 935/1610/2 934/1611/2
f 929/1612/177 923/1613/177 927/1614/177
f 935/1615/1 930/1608/1 934/1616/1
f 936/1617/178 930/1618/178 932/1619/178
f 933/1620/179 935/1621/179 937/1622/179
f 939/1623/5 940/1624/5 938/1625/5
f 944/1457/2 943/1626/2 942/1627/2
f 943/1628/1 938/1625/1 942/1629/1
f 944/1630/180 938/1631/180 940/1632/180
f 947/1633/5 948/1634/5 946/1635/5
f 952/1636/2 951/1637/2 950/1638/2
f 941/1639/181 943/1640/181 945/1641/181
f 951/1642/1 946/1635/1 950/1643/1
f 948/1644/3 950/1645/3 946/1646/3
f 955/1647/5 956/1648/5 954/1649/5
f 960/1467/2 959/1650/2 958/1651/2
f 953/1652/182 947/1611/182 951/1653/182
f 959/1654/1 954/1649/1 958/1655/1
f 960/1656/183 954/1657/183 956/1658/183
f 957/1659/184 959/1660/184 961/1661/184
f 963/1662/5 964/1663/5 962/1664/5
f 968/1665/2 967/1666/2 966/1667/2
f 967/1668/1 962/1664/1 966/1669/1
f 964/1670/185 966/1671/185 962/832/185
f 969/1672/186 963/1434/186 967/1673/186
f 971/1674/5 972/1530/5 970/1675/5
f 976/1676/2 975/1677/2 974/1678/2
f 975/1679/1 970/1680/1 974/1681/1
f 972/1682/187 974/1683/187 970/687/187
f 979/1684/5 980/1685/5 978/1686/5
f 985/1687/2 982/1688/2 984/1689/2
f 977/1690/188 971/1691/188 975/1692/188
f 982/1693/1 979/1684/1 978/1686/1
f 984/1694/189 978/1695/189 980/1696/189
f 986/1697/5 989/1698/5 988/1699/5
f 993/1700/2 990/1701/2 992/1702/2
f 985/1703/4 979/1704/4 983/1705/4
f 991/1706/1 986/1707/1 990/1708/1
f 988/1709/190 990/1710/190 986/1711/190
f 989/1712/4 991/1713/4 993/1714/4
f 995/1715/5 996/1716/5 994/1717/5
f 1001/1718/2 998/1719/2 1000/1720/2
f 999/1721/1 994/1717/1 998/1722/1
f 1000/1723/191 994/1724/191 996/1725/191
f 1003/1726/5 1004/1727/5 1002/1728/5
f 1009/1729/2 1006/1730/2 1008/1731/2
f 997/1732/192 999/1733/192 1001/940/192
f 1006/1734/1 1003/1726/1 1002/1728/1
f 1008/719/193 1002/1735/193 1004/1736/193
f 1011/1737/5 1012/1738/5 1010/1739/5
f 1017/1740/2 1014/1741/2 1016/1742/2
f 1009/1743/194 1003/1021/194 1007/1744/194
f 1014/1745/1 1011/1737/1 1010/1739/1
f 1012/1187/195 1014/1746/195 1010/1747/195
f 1013/1748/196 1015/1749/196 1017/1750/196
f 1018/1751/5 1021/1752/5 1020/1753/5
f 1024/1754/2 1023/1755/2 1022/1756/2
f 1023/1757/1 1018/1751/1 1022/1758/1
f 1020/1759/197 1022/1180/197 1018/1760/197
f 1027/1761/5 1028/1762/5 1026/1763/5
f 1032/1764/2 1031/1765/2 1030/1766/2
f 1021/1767/198 1023/1768/198 1025/845/198
f 1030/1766/1 1027/1769/1 1026/1770/1
f 1032/1771/199 1026/1772/199 1028/1773/199
f 1035/1774/5 1036/1775/5 1034/1776/5
f 1040/1777/2 1039/1778/2 1038/1779/2
f 1029/1780/200 1031/784/200 1033/1781/200
f 1039/1782/1 1034/1783/1 1038/1784/1
f 1040/1785/201 1034/1786/201 1036/1787/201
f 1041/1788/202 1035/1789/202 1039/1790/202
f 1029/1791/29 1032/1202/29 1028/1792/29
f 892/1793/29 897/1794/29 896/1795/29
f 909/1796/29 912/1797/29 908/1798/29
f 1043/1799/203 1044/1800/203 1042/1801/203
f 1044/1800/29 1061/1802/29 1060/1803/29
f 1059/1804/1 1042/1805/1 1058/1806/1
f 1060/1807/3 1042/1808/3 1044/1809/3
f 1045/1810/204 1059/1811/204 1061/1812/204
f 1047/1813/3 1048/1814/3 1046/1815/3
f 1048/1816/29 1053/1817/29 1052/1818/29
f 1053/1819/4 1050/1820/4 1052/1821/4
f 1050/1822/205 1047/1823/205 1046/1824/205
f 1052/1825/2 1046/1826/2 1048/1827/2
f 1053/1817/206 1047/1828/206 1051/1829/206
f 1056/1830/207 1055/1831/207 1054/1832/207
f 1056/1833/29 1061/1802/29 1057/1834/29
f 1058/1806/5 1061/1835/5 1060/1836/5
f 1054/1837/1 1059/1838/1 1058/1839/1
f 1054/1840/3 1060/1807/3 1056/1841/3
f 1059/1811/208 1057/1842/208 1061/1812/208
f 1064/1843/3 1063/1844/3 1062/1845/3
f 1064/1846/29 1069/1847/29 1065/1848/29
f 1066/1849/4 1069/1850/4 1068/1851/4
f 1066/1852/209 1063/1853/209 1067/1824/209
f 1062/1854/5 1068/1855/5 1064/1856/5
f 1069/1857/210 1063/1858/210 1065/1859/210
f 1089/1860/4 1079/1861/4 1105/1862/4
f 1074/1863/5 1080/1864/5 1081/1865/5
f 1090/1866/1 1082/1867/1 1092/1868/1
f 1077/1869/48 1083/1870/48 1080/1871/48
f 1075/1872/50 1081/1865/50 1082/1867/50
f 1101/1873/1 1084/1874/1 1110/1875/1
f 1076/1876/29 1112/1877/29 1083/1870/29
f 1083/1870/29 1104/1878/29 1073/1879/29
f 1078/1880/2 1086/1881/2 1084/1882/2
f 1082/1867/50 1071/1883/50 1070/1884/50
f 1080/1871/48 1073/1879/48 1072/1885/48
f 1092/1868/1 1070/1884/1 1088/1886/1
f 1081/1865/5 1072/1887/5 1071/1883/5
f 1113/1888/1 1085/1889/1 1114/1890/1
f 1084/1891/3 1113/1892/3 1110/1893/3
f 1084/1874/1 1087/1894/1 1078/1895/1
f 1079/1896/1 1091/1897/1 1084/1874/1
f 1089/1898/1 1092/1868/1 1091/1897/1
f 1092/1868/1 1087/1894/1 1091/1897/1
f 1087/1899/3 1072/1900/3 1085/1901/3
f 1119/1902/4 1100/1903/4 1105/1862/4
f 1106/1904/2 1097/1905/2 1107/1906/2
f 1108/1907/1 1120/1908/1 1122/1909/1
f 1109/1910/49 1100/1911/49 1106/1912/49
f 1107/1906/47 1098/1913/47 1108/1914/47
f 1111/1915/1 1101/1873/1 1110/1875/1
f 1112/1877/29 1099/1916/29 1109/1917/29
f 1104/1878/29 1109/1917/29 1096/1918/29
f 1116/1919/5 1102/1920/5 1111/1915/5
f 1094/1921/47 1108/1914/47 1093/1922/47
f 1096/1923/49 1106/1912/49 1095/1924/49
f 1093/1925/1 1122/1909/1 1118/1926/1
f 1095/1927/2 1107/1906/2 1094/1921/2
f 1115/1928/1 1113/1888/1 1114/1890/1
f 1113/1892/3 1111/1929/3 1110/1893/3
f 1117/1930/1 1111/1915/1 1102/1920/1
f 1121/1931/1 1103/1932/1 1111/1915/1
f 1122/1909/1 1119/1933/1 1121/1931/1
f 1117/1930/1 1122/1909/1 1121/1931/1
f 1115/1934/3 1104/1935/3 1095/1936/3
f 1128/1937/1 1127/1938/1 1125/1939/1
f 1128/1940/4 1130/1941/4 1131/1942/4
f 1147/1943/1 1123/1944/1 1128/1937/1
f 1127/1945/3 1126/1946/3 1125/1947/3
f 1143/1948/2 1140/1949/2 1151/1950/2
f 1147/1943/1 1125/1939/1 1142/1951/1
f 1125/1939/5 1133/1952/5 1124/1953/5
f 1142/1951/1 1124/1953/1 1137/1954/1
f 1152/1955/1 1143/1956/1 1151/1957/1
f 1129/1958/1 1135/1959/1 1130/1960/1
f 1123/1944/5 1129/1961/5 1128/1937/5
f 1144/1962/1 1145/1963/1 1141/1964/1
f 1140/1965/1 1142/1951/1 1137/1954/1
f 1148/1966/4 1145/1967/4 1149/1968/4
f 1147/1943/1 1139/1969/1 1138/1970/1
f 1143/1971/3 1144/1972/3 1141/1973/3
f 1126/1974/1 1134/1975/1 1133/1976/1
f 1141/1964/1 1147/1943/1 1142/1951/1
f 1146/1977/1 1153/1978/1 1154/1979/1
f 1146/1980/2 1139/1981/2 1145/1982/2
f 1156/1983/1 1166/1984/1 1160/1985/1
f 1155/1986/1 1164/1987/1 1158/1988/1
f 1156/1983/1 1163/1989/1 1162/1990/1
f 1165/1991/1 1155/1986/1 1159/1992/1
f 1160/1985/1 1165/1991/1 1159/1992/1
f 1158/1988/1 1189/1993/1 1181/1994/1
f 1157/1995/1 1190/1996/1 1163/1989/1
f 1163/1997/211 1168/1998/211 1162/1999/211
f 1171/2000/5 1161/2001/5 1165/1991/5
f 1172/2002/5 1165/1991/5 1166/1984/5
f 1164/2003/212 1197/2004/212 1189/2005/212
f 1190/2006/213 1169/2007/213 1163/1997/213
f 1168/2008/5 1166/1984/5 1162/1990/5
f 1161/2009/214 1170/2010/214 1164/2003/214
f 1160/2011/2 1174/2012/2 1156/2013/2
f 1158/2014/215 1173/2015/215 1155/2016/215
f 1156/2017/216 1175/2018/216 1157/2019/216
f 1155/2020/2 1177/2021/2 1159/2022/2
f 1159/2022/2 1178/2023/2 1160/2011/2
f 1181/2024/215 1176/2025/215 1158/2014/215
f 1157/2019/216 1206/2026/216 1182/2027/216
f 1180/2028/1 1194/2029/1 1188/2030/1
f 1192/2031/1 1179/2032/1 1184/2033/1
f 1180/2028/1 1191/2034/1 1183/2035/1
f 1179/2032/1 1193/2036/1 1185/2037/1
f 1186/2038/1 1193/2036/1 1194/2029/1
f 1189/1993/1 1184/2033/1 1181/1994/1
f 1183/2035/1 1190/1996/1 1182/2039/1
f 1196/2040/215 1191/2041/215 1188/2042/215
f 1187/2043/2 1201/2044/2 1193/2045/2
f 1193/2045/2 1202/2046/2 1194/2047/2
f 1197/2004/217 1192/2048/217 1189/2005/217
f 1199/2049/218 1190/2006/218 1191/2041/218
f 1194/2047/2 1196/2050/2 1188/2051/2
f 1200/2052/216 1187/2053/216 1192/2048/216
f 1204/2054/5 1186/2038/5 1180/2028/5
f 1203/2055/211 1184/2056/211 1179/2057/211
f 1207/2058/214 1180/2059/214 1183/2060/214
f 1209/2061/5 1179/2032/5 1185/2037/5
f 1210/2062/5 1185/2037/5 1186/2038/5
f 1208/2063/211 1181/2024/211 1184/2056/211
f 1206/2026/214 1183/2060/214 1182/2027/214
f 1215/2064/1 1216/2065/1 1213/2066/1
f 1218/1941/4 1216/2067/4 1219/1942/4
f 1235/2068/1 1211/2069/1 1226/2070/1
f 1214/2057/3 1215/2071/3 1213/2072/3
f 1228/2073/5 1231/2074/5 1239/2075/5
f 1213/2066/1 1235/2068/1 1230/2076/1
f 1221/2077/2 1213/2078/2 1212/2079/2
f 1212/2080/1 1230/2076/1 1225/2081/1
f 1240/2082/1 1231/2083/1 1238/2084/1
f 1217/2085/1 1223/2086/1 1224/2087/1
f 1217/2088/2 1211/2089/2 1216/2090/2
f 1233/2091/1 1232/2092/1 1229/2093/1
f 1230/2076/1 1228/2073/1 1225/2081/1
f 1233/2094/4 1236/2095/4 1237/2096/4
f 1235/2068/1 1227/2097/1 1233/2091/1
f 1232/2098/3 1231/2099/3 1229/2100/3
f 1214/2101/1 1222/2102/1 1220/2103/1
f 1235/2068/1 1229/2093/1 1230/2076/1
f 1234/2104/1 1241/2105/1 1236/2106/1
f 1227/2097/5 1234/2107/5 1233/2091/5
f 1244/2108/1 1254/2109/1 1250/2110/1
f 1252/2111/1 1243/2112/1 1246/2113/1
f 1244/2108/1 1251/2114/1 1245/2115/1
f 1243/2112/1 1253/2116/1 1247/2117/1
f 1248/2118/1 1253/2116/1 1254/2109/1
f 1277/2119/1 1246/2113/1 1269/2120/1
f 1245/2115/1 1278/2121/1 1270/2122/1
f 1256/2123/215 1251/2124/215 1250/2125/215
f 1249/2126/2 1259/2127/2 1253/2128/2
f 1253/2128/2 1260/2129/2 1254/2130/2
f 1285/2131/217 1252/2132/217 1277/2133/217
f 1257/2134/218 1278/2135/218 1251/2124/218
f 1254/2130/2 1256/2136/2 1250/2137/2
f 1258/2138/216 1249/2139/216 1252/2132/216
f 1262/2140/5 1248/2118/5 1244/2108/5
f 1261/2141/211 1246/2142/211 1243/2143/211
f 1263/2144/214 1244/2145/214 1245/2146/214
f 1265/2147/5 1243/2112/5 1247/2117/5
f 1266/2148/5 1247/2117/5 1248/2118/5
f 1264/2149/211 1269/2150/211 1246/2142/211
f 1294/2151/214 1245/2146/214 1270/2152/214
f 1268/2153/1 1282/2154/1 1274/2155/1
f 1267/2156/1 1280/2157/1 1272/2158/1
f 1268/2153/1 1279/2159/1 1276/2160/1
f 1281/2161/1 1267/2156/1 1273/2162/1
f 1274/2155/1 1281/2161/1 1273/2162/1
f 1272/2158/1 1277/2119/1 1269/2120/1
f 1271/2163/1 1278/2121/1 1279/2159/1
f 1279/2164/211 1284/2165/211 1276/2166/211
f 1289/2167/5 1275/2168/5 1281/2161/5
f 1290/2169/5 1281/2161/5 1282/2154/5
f 1280/2170/212 1285/2131/212 1277/2133/212
f 1278/2135/213 1287/2171/213 1279/2164/213
f 1284/2172/5 1282/2154/5 1276/2160/5
f 1275/2173/214 1288/2174/214 1280/2170/214
f 1274/2175/2 1292/2176/2 1268/2177/2
f 1272/2178/215 1291/2179/215 1267/2180/215
f 1268/2181/216 1295/2182/216 1271/2183/216
f 1267/2184/2 1297/2185/2 1273/2186/2
f 1273/2186/2 1298/2187/2 1274/2175/2
f 1269/2150/215 1296/2188/215 1272/2178/215
f 1271/2183/216 1294/2151/216 1270/2152/216
f 1301/2189/1 1300/2190/1 1299/2191/1
f 1303/2192/29 1306/2193/29 1305/2194/29
f 1299/2191/5 1304/2195/5 1303/2196/5
f 1299/2197/3 1305/2198/3 1301/2199/3
f 1304/2200/4 1302/2201/4 1306/2202/4
f 1309/2203/1 1308/2204/1 1307/2205/1
f 1311/2206/29 1314/2207/29 1313/2208/29
f 1307/2205/5 1312/2209/5 1311/2210/5
f 1307/2211/3 1313/2212/3 1309/2213/3
f 1312/2214/4 1310/2215/4 1314/2216/4
f 1315/2217/1 1318/2218/1 1316/2219/1
f 1319/2220/29 1322/2221/29 1321/2222/29
f 1315/2217/5 1320/2223/5 1319/2224/5
f 1315/2225/3 1321/2226/3 1317/2227/3
f 1320/2228/4 1318/2229/4 1322/2230/4
f 1325/2231/5 1324/2232/5 1323/2233/5
f 1327/2234/2 1330/2235/2 1329/2236/2
f 1323/2237/29 1328/2238/29 1327/2239/29
f 1323/2240/3 1329/2241/3 1325/2242/3
f 1328/2243/4 1326/2244/4 1330/2198/4
f 1333/2245/1 1332/2246/1 1331/2247/1
f 1337/2248/2 1334/2249/2 1333/2250/2
f 1335/2251/29 1338/2252/29 1337/2253/29
f 1331/2247/5 1336/2254/5 1335/2255/5
f 1331/2199/3 1337/2256/3 1333/2197/3
f 1336/2257/4 1334/2258/4 1338/2259/4
f 1341/2260/5 1340/2261/5 1339/2262/5
f 1343/2263/2 1346/2264/2 1345/2265/2
f 1343/2266/29 1340/2267/29 1344/2268/29
f 1339/2269/3 1345/2270/3 1341/2271/3
f 1344/2272/4 1342/2273/4 1346/2274/4
f 1349/2275/5 1348/2276/5 1347/2277/5
f 1351/2278/2 1354/2279/2 1353/2280/2
f 1351/2281/29 1348/2282/29 1352/2283/29
f 1349/2284/3 1351/2285/3 1353/2286/3
f 1352/2284/4 1350/2287/4 1354/2288/4
f 1357/2289/29 1356/2290/29 1355/2291/29
f 1359/2292/1 1362/2293/1 1361/2294/1
f 1355/2295/2 1360/2296/2 1359/2292/2
f 1357/2297/3 1359/2298/3 1361/2299/3
f 1360/2300/4 1358/2301/4 1362/2302/4
f 1363/2303/29 1366/2304/29 1364/2305/29
f 1367/2306/1 1370/2307/1 1369/2308/1
f 1363/2309/2 1368/2310/2 1367/2311/2
f 1365/2312/3 1367/2313/3 1369/2314/3
f 1368/2315/4 1366/2316/4 1370/2317/4
f 1373/2318/29 1372/2319/29 1371/2320/29
f 1375/2321/1 1378/2322/1 1377/2323/1
f 1375/2324/2 1372/2325/2 1376/2326/2
f 1373/2327/3 1375/2328/3 1377/2329/3
f 1376/2313/4 1374/2330/4 1378/2331/4
f 1381/2332/2 1380/2333/2 1379/2334/2
f 1383/2335/5 1386/2336/5 1385/2337/5
f 1379/2338/1 1384/2339/1 1383/2335/1
f 1381/2340/3 1383/2341/3 1385/2342/3
f 1384/2343/4 1382/2331/4 1386/2330/4
f 1389/2344/29 1388/2345/29 1387/2346/29
f 1393/2347/5 1390/2348/5 1389/2349/5
f 1391/2350/1 1394/2351/1 1393/2347/1
f 1387/2352/2 1392/2353/2 1391/2354/2
f 1387/2355/3 1393/2356/3 1389/2357/3
f 1394/2272/4 1388/2358/4 1390/2359/4
f 1397/2360/2 1396/2361/2 1395/2362/2
f 1399/2363/5 1402/2364/5 1401/2365/5
f 1395/2366/1 1400/2367/1 1399/2363/1
f 1395/2368/3 1401/2369/3 1397/2370/3
f 1400/2312/4 1398/2371/4 1402/2372/4
f 1405/2373/2 1404/2334/2 1403/2333/2
f 1407/2374/5 1410/2375/5 1409/2376/5
f 1403/2377/1 1408/2378/1 1407/2374/1
f 1405/2356/3 1407/2379/3 1409/2357/3
f 1408/2380/4 1406/2358/4 1410/2381/4
f 1413/2382/2 1412/2383/2 1411/2384/2
f 1415/2385/5 1418/2386/5 1417/2387/5
f 1411/2388/1 1416/2389/1 1415/2385/1
f 1413/2355/3 1415/2390/3 1417/2391/3
f 1416/2392/4 1414/2370/4 1418/2369/4
f 1420/2393/4 1421/2394/4 1422/2395/4
f 1426/2396/3 1424/2397/3 1425/2398/3
f 1423/2399/219 1431/2400/219 1433/2401/219
f 1426/2402/29 1434/2403/29 1431/2404/29
f 1432/2405/1 1423/2406/1 1433/2407/1
f 1429/2408/1 1419/2409/1 1420/2410/1
f 1427/2411/29 1422/2412/29 1421/2413/29
f 1428/2414/2 1421/2415/2 1419/2416/2
f 1436/2417/29 1431/2404/29 1434/2403/29
f 1435/2418/220 1431/2400/220 1437/2419/220
f 1438/2420/1 1433/2407/1 1435/2421/1
f 1429/2408/1 1435/2421/1 1428/2422/1
f 1428/2423/221 1437/2424/221 1427/2425/221
f 1430/2426/29 1437/2427/29 1436/2417/29
f 1440/2428/4 1441/2429/4 1442/2430/4
f 1446/2431/3 1444/2432/3 1445/2433/3
f 1443/2434/219 1451/2435/219 1453/2436/219
f 1446/2437/29 1454/2438/29 1451/2439/29
f 1452/2440/1 1443/2441/1 1453/2442/1
f 1449/2443/1 1439/2444/1 1440/2445/1
f 1447/2446/29 1442/2447/29 1441/2448/29
f 1448/2449/2 1441/2450/2 1439/2451/2
f 1456/2452/29 1451/2439/29 1454/2438/29
f 1455/2453/220 1451/2435/220 1457/2454/220
f 1458/2455/1 1453/2442/1 1455/2456/1
f 1449/2443/1 1455/2456/1 1448/2457/1
f 1448/2458/221 1457/2459/221 1447/2460/221
f 1450/2461/29 1457/2462/29 1456/2452/29
f 1460/2463/4 1461/2464/4 1462/2465/4
f 1466/2466/3 1464/2467/3 1465/2468/3
f 1463/2469/219 1471/2470/219 1473/2471/219
f 1466/2472/29 1474/2473/29 1471/2474/29
f 1472/2475/1 1463/2476/1 1473/2477/1
f 1469/2478/1 1459/2479/1 1460/2480/1
f 1467/2481/29 1462/2482/29 1461/2479/29
f 1468/2483/2 1461/2484/2 1459/2485/2
f 1476/2486/29 1471/2474/29 1474/2473/29
f 1475/2487/220 1471/2470/220 1477/2488/220
f 1478/2489/1 1473/2477/1 1475/2490/1
f 1469/2478/1 1475/2490/1 1468/2481/1
f 1468/2491/221 1477/2465/221 1467/2492/221
f 1470/2493/29 1477/2494/29 1476/2486/29
f 1480/2495/4 1481/2496/4 1482/2497/4
f 1486/2498/3 1484/2499/3 1485/2500/3
f 1483/2501/219 1491/2502/219 1493/2503/219
f 1486/2504/29 1494/2505/29 1491/2506/29
f 1492/2507/1 1483/2508/1 1493/2509/1
f 1489/2510/1 1479/2511/1 1480/2512/1
f 1487/2513/29 1482/2514/29 1481/2515/29
f 1488/2516/2 1481/2517/2 1479/2518/2
f 1496/2519/29 1491/2506/29 1494/2505/29
f 1495/2520/220 1491/2502/220 1497/2521/220
f 1498/2522/1 1493/2509/1 1495/2523/1
f 1489/2510/1 1495/2523/1 1488/2524/1
f 1488/2525/221 1497/2526/221 1487/2527/221
f 1490/2528/29 1497/2529/29 1496/2519/29
f 1500/2530/4 1501/2531/4 1502/2532/4
f 1506/2533/3 1504/2534/3 1505/2535/3
f 1503/2536/219 1511/2537/219 1513/2538/219
f 1506/2539/29 1514/2540/29 1511/2541/29
f 1512/2542/1 1503/2543/1 1513/2544/1
f 1509/2545/1 1499/2546/1 1500/2547/1
f 1507/2548/29 1502/2549/29 1501/2550/29
f 1508/2551/2 1501/2552/2 1499/2553/2
f 1516/2554/29 1511/2541/29 1514/2540/29
f 1515/2555/220 1511/2537/220 1517/2556/220
f 1518/2557/1 1513/2544/1 1515/2558/1
f 1509/2545/1 1515/2558/1 1508/2559/1
f 1508/2560/221 1517/2561/221 1507/2562/221
f 1510/2563/29 1517/2564/29 1516/2554/29
f 1520/2565/4 1521/2566/4 1522/2567/4
f 1526/2568/3 1524/2569/3 1525/2570/3
f 1523/2571/219 1531/2572/219 1533/2573/219
f 1526/2574/29 1534/2575/29 1531/2576/29
f 1532/2577/1 1523/2578/1 1533/2579/1
f 1529/2580/1 1519/2581/1 1520/2582/1
f 1527/2583/29 1522/2584/29 1521/2585/29
f 1528/2586/2 1521/2587/2 1519/2588/2
f 1536/2589/29 1531/2576/29 1534/2575/29
f 1535/2590/220 1531/2572/220 1537/2591/220
f 1538/2592/1 1533/2579/1 1535/2593/1
f 1529/2580/1 1535/2593/1 1528/2594/1
f 1528/2595/221 1537/2596/221 1527/2597/221
f 1530/2598/29 1537/2599/29 1536/2589/29
f 1540/2600/4 1541/2601/4 1542/2602/4
f 1546/2603/3 1544/2604/3 1545/2605/3
f 1543/2606/219 1551/2607/219 1553/2608/219
f 1546/2609/29 1554/2610/29 1551/2611/29
f 1552/2612/1 1543/2613/1 1553/2614/1
f 1549/2615/1 1539/2616/1 1540/2617/1
f 1547/2457/29 1542/2618/29 1541/2444/29
f 1548/2619/2 1541/2620/2 1539/2621/2
f 1556/2622/29 1551/2611/29 1554/2610/29
f 1555/2623/220 1551/2607/220 1557/2624/220
f 1558/2625/1 1553/2614/1 1555/2626/1
f 1549/2615/1 1555/2626/1 1548/2627/1
f 1548/2628/221 1557/2629/221 1547/2630/221
f 1550/2631/29 1557/2632/29 1556/2622/29
f 1560/2633/4 1561/2634/4 1562/2424/4
f 1566/2635/3 1564/2636/3 1565/2637/3
f 1563/2638/222 1571/2639/222 1573/2640/222
f 1566/2641/5 1574/2642/5 1571/2643/5
f 1572/2644/2 1563/2645/2 1573/2646/2
f 1569/2647/2 1559/2648/2 1560/2649/2
f 1567/2650/5 1562/2651/5 1561/2652/5
f 1568/2653/29 1561/2654/29 1559/2655/29
f 1576/2656/5 1571/2643/5 1574/2642/5
f 1575/2657/223 1571/2658/223 1577/2659/223
f 1578/2660/2 1573/2646/2 1575/2661/2
f 1569/2647/2 1575/2661/2 1568/2662/2
f 1568/2663/224 1577/2659/224 1567/2664/224
f 1570/2665/5 1577/2666/5 1576/2656/5
f 1580/2667/4 1581/2668/4 1582/2669/4
f 1586/2670/3 1584/2671/3 1585/2467/3
f 1583/2672/222 1591/2673/222 1593/2674/222
f 1586/2675/5 1594/2676/5 1591/2677/5
f 1592/2678/2 1583/2679/2 1593/2680/2
f 1589/2681/2 1579/2682/2 1580/2683/2
f 1587/2684/5 1582/2685/5 1581/2686/5
f 1588/2687/29 1581/2688/29 1579/2689/29
f 1596/2690/5 1591/2677/5 1594/2676/5
f 1595/2691/223 1591/2692/223 1597/2693/223
f 1598/2694/2 1593/2680/2 1595/2695/2
f 1589/2681/2 1595/2695/2 1588/2696/2
f 1588/2697/224 1597/2693/224 1587/2698/224
f 1590/2699/5 1597/2700/5 1596/2690/5
f 1600/2701/4 1601/2702/4 1602/2703/4
f 1606/2704/3 1604/2705/3 1605/2706/3
f 1603/2707/222 1611/2708/222 1613/2709/222
f 1606/2710/5 1614/2711/5 1611/2712/5
f 1612/2713/2 1603/2714/2 1613/2715/2
f 1609/2716/2 1599/2717/2 1600/2718/2
f 1607/2719/5 1602/2720/5 1601/2721/5
f 1608/2722/29 1601/2723/29 1599/2724/29
f 1616/2725/5 1611/2712/5 1614/2711/5
f 1615/2726/223 1611/2727/223 1617/2728/223
f 1618/2729/2 1613/2715/2 1615/2730/2
f 1609/2716/2 1615/2730/2 1608/2731/2
f 1608/2732/224 1617/2728/224 1607/2733/224
f 1610/2734/5 1617/2735/5 1616/2725/5
f 1620/2736/4 1621/2737/4 1622/2738/4
f 1626/2739/3 1624/2740/3 1625/2741/3
f 1623/2742/222 1631/2743/222 1633/2744/222
f 1626/2745/5 1634/2746/5 1631/2747/5
f 1632/2748/2 1623/2749/2 1633/2750/2
f 1629/2751/2 1619/2752/2 1620/2753/2
f 1627/2754/5 1622/2755/5 1621/2756/5
f 1628/2757/29 1621/2758/29 1619/2759/29
f 1636/2760/5 1631/2747/5 1634/2746/5
f 1635/2761/223 1631/2762/223 1637/2763/223
f 1638/2764/2 1633/2750/2 1635/2765/2
f 1629/2751/2 1635/2765/2 1628/2766/2
f 1628/2767/224 1637/2763/224 1627/2768/224
f 1630/2769/5 1637/2770/5 1636/2760/5
f 1640/2771/4 1641/2772/4 1642/2773/4
f 1646/2774/3 1644/2775/3 1645/2534/3
f 1643/2776/222 1651/2777/222 1653/2778/222
f 1646/2779/5 1654/2780/5 1651/2781/5
f 1652/2782/2 1643/2783/2 1653/2784/2
f 1649/2785/2 1639/2786/2 1640/2787/2
f 1647/2788/5 1642/2789/5 1641/2790/5
f 1648/2791/29 1641/2792/29 1639/2793/29
f 1656/2794/5 1651/2781/5 1654/2780/5
f 1655/2795/223 1651/2796/223 1657/2797/223
f 1658/2798/2 1653/2784/2 1655/2799/2
f 1649/2785/2 1655/2799/2 1648/2800/2
f 1648/2801/224 1657/2797/224 1647/2802/224
f 1650/2803/5 1657/2804/5 1656/2794/5
f 1660/2805/4 1661/2806/4 1662/2807/4
f 1666/2808/3 1664/2809/3 1665/2397/3
f 1663/2810/222 1671/2811/222 1673/2812/222
f 1666/2813/5 1674/2814/5 1671/2815/5
f 1672/2816/2 1663/2817/2 1673/2818/2
f 1669/2819/2 1659/2820/2 1660/2821/2
f 1667/2822/5 1662/2823/5 1661/2824/5
f 1668/2825/29 1661/2826/29 1659/2827/29
f 1676/2828/5 1671/2815/5 1674/2814/5
f 1675/2829/223 1671/2830/223 1677/2831/223
f 1678/2832/2 1673/2818/2 1675/2833/2
f 1669/2819/2 1675/2833/2 1668/2834/2
f 1668/2835/224 1677/2831/224 1667/2836/224
f 1670/2837/5 1677/2838/5 1676/2828/5
f 1680/2839/4 1681/2840/4 1682/2841/4
f 1686/2842/3 1684/2843/3 1685/2844/3
f 1683/2845/222 1691/2846/222 1693/2847/222
f 1686/2848/5 1694/2849/5 1691/2850/5
f 1692/2851/2 1683/2852/2 1693/2853/2
f 1689/2854/2 1679/2855/2 1680/2856/2
f 1687/2857/5 1682/2858/5 1681/2859/5
f 1688/2860/29 1681/2861/29 1679/2862/29
f 1696/2863/5 1691/2850/5 1694/2849/5
f 1695/2864/223 1691/2865/223 1697/2866/223
f 1698/2867/2 1693/2853/2 1695/2868/2
f 1689/2854/2 1695/2868/2 1688/2869/2
f 1688/2870/224 1697/2866/224 1687/2871/224
f 1690/2872/5 1697/2873/5 1696/2863/5
f 1700/2874/4 1701/2875/4 1702/2876/4
f 1706/2877/3 1704/2878/3 1705/2879/3
f 1703/2880/225 1711/2881/225 1713/2882/225
f 1706/2883/1 1714/2884/1 1711/2881/1
f 1712/2885/29 1703/2886/29 1713/2887/29
f 1709/2888/29 1699/2889/29 1700/2890/29
f 1707/2891/1 1702/2892/1 1701/2893/1
f 1708/2894/5 1701/2893/5 1699/2895/5
f 1716/2896/1 1711/2881/1 1714/2884/1
f 1715/2897/226 1711/2881/226 1717/2898/226
f 1718/2899/29 1713/2887/29 1715/2900/29
f 1709/2888/29 1715/2900/29 1708/2901/29
f 1708/2902/227 1717/2903/227 1707/2904/227
f 1710/2905/1 1717/2898/1 1716/2896/1
f 1720/2906/4 1721/2907/4 1722/2908/4
f 1726/2909/3 1724/2910/3 1725/2911/3
f 1723/2912/225 1731/2913/225 1733/2914/225
f 1726/2915/1 1734/2916/1 1731/2913/1
f 1732/2917/29 1723/2918/29 1733/2919/29
f 1729/2920/29 1719/2921/29 1720/2922/29
f 1727/2923/1 1722/2924/1 1721/2925/1
f 1728/2926/5 1721/2925/5 1719/2927/5
f 1736/2928/1 1731/2913/1 1734/2916/1
f 1735/2929/226 1731/2913/226 1737/2930/226
f 1738/2931/29 1733/2919/29 1735/2932/29
f 1729/2920/29 1735/2932/29 1728/2933/29
f 1728/2934/227 1737/2935/227 1727/2936/227
f 1730/2937/1 1737/2930/1 1736/2928/1
f 1740/2938/4 1741/2939/4 1742/2940/4
f 1746/2941/3 1744/2942/3 1745/2943/3
f 1743/2944/225 1751/2945/225 1753/2946/225
f 1746/2947/1 1754/2948/1 1751/2945/1
f 1752/2949/29 1743/2950/29 1753/2951/29
f 1749/2952/29 1739/2953/29 1740/2954/29
f 1747/2955/1 1742/2956/1 1741/2957/1
f 1748/2958/5 1741/2957/5 1739/2959/5
f 1756/2960/1 1751/2945/1 1754/2948/1
f 1755/2961/226 1751/2945/226 1757/2962/226
f 1758/2963/29 1753/2951/29 1755/2964/29
f 1749/2952/29 1755/2964/29 1748/2965/29
f 1748/2966/227 1757/2967/227 1747/2968/227
f 1750/2969/1 1757/2962/1 1756/2960/1
f 1760/2970/4 1761/2971/4 1762/2972/4
f 1766/2973/3 1764/2974/3 1765/2975/3
f 1763/2976/225 1771/2977/225 1773/2978/225
f 1766/2979/1 1774/2980/1 1771/2977/1
f 1772/2981/29 1763/2982/29 1773/2983/29
f 1769/2984/29 1759/2985/29 1760/2986/29
f 1767/2987/1 1762/2988/1 1761/2989/1
f 1768/2990/5 1761/2989/5 1759/2991/5
f 1776/2992/1 1771/2977/1 1774/2980/1
f 1775/2993/226 1771/2977/226 1777/2994/226
f 1778/2995/29 1773/2983/29 1775/2996/29
f 1769/2984/29 1775/2996/29 1768/2997/29
f 1768/2998/227 1777/2999/227 1767/3000/227
f 1770/3001/1 1777/2994/1 1776/2992/1
f 1780/3002/4 1781/3003/4 1782/3004/4
f 1786/3005/3 1784/3006/3 1785/3007/3
f 1783/3008/225 1791/3009/225 1793/3010/225
f 1786/3011/1 1794/3012/1 1791/3009/1
f 1792/3013/29 1783/3014/29 1793/3015/29
f 1789/3016/29 1779/3017/29 1780/3018/29
f 1787/3019/1 1782/3020/1 1781/3021/1
f 1788/3022/5 1781/3021/5 1779/3023/5
f 1796/3024/1 1791/3009/1 1794/3012/1
f 1795/3025/226 1791/3009/226 1797/3026/226
f 1798/3027/29 1793/3015/29 1795/3028/29
f 1789/3016/29 1795/3028/29 1788/3029/29
f 1788/3030/227 1797/3031/227 1787/3032/227
f 1790/3033/1 1797/3026/1 1796/3024/1
f 1800/3034/4 1801/3035/4 1802/3036/4
f 1806/3037/3 1804/3038/3 1805/3039/3
f 1803/3040/225 1811/3041/225 1813/3042/225
f 1806/3043/1 1814/3044/1 1811/3041/1
f 1812/3045/29 1803/3046/29 1813/3047/29
f 1809/3048/29 1799/3049/29 1800/3050/29
f 1807/3051/1 1802/3052/1 1801/3053/1
f 1808/3054/5 1801/3053/5 1799/3055/5
f 1816/3056/1 1811/3041/1 1814/3044/1
f 1815/3057/226 1811/3058/226 1817/3059/226
f 1818/3060/29 1813/3047/29 1815/3057/29
f 1809/3048/29 1815/3057/29 1808/3061/29
f 1808/3062/227 1817/3063/227 1807/3064/227
f 1810/3065/1 1817/3066/1 1816/3056/1
f 1820/3067/4 1821/3068/4 1822/2526/4
f 1826/3069/3 1824/3070/3 1825/3071/3
f 1823/3072/225 1831/3073/225 1833/3074/225
f 1826/3075/1 1834/3076/1 1831/3073/1
f 1832/3077/29 1823/3078/29 1833/3079/29
f 1829/3080/29 1819/3081/29 1820/3082/29
f 1827/3083/1 1822/3084/1 1821/3085/1
f 1828/3086/5 1821/3085/5 1819/3087/5
f 1836/3088/1 1831/3073/1 1834/3076/1
f 1835/3089/226 1831/3073/226 1837/3090/226
f 1838/3091/29 1833/3079/29 1835/3092/29
f 1829/3080/29 1835/3092/29 1828/3093/29
f 1828/3094/227 1837/3095/227 1827/2902/227
f 1830/3096/1 1837/3090/1 1836/3088/1
f 1840/3097/4 1841/3098/4 1842/3099/4
f 1846/3100/3 1844/3101/3 1845/3102/3
f 1843/3103/228 1851/3104/228 1853/3105/228
f 1846/3106/2 1854/3107/2 1851/3108/2
f 1852/3109/5 1843/3103/5 1853/3105/5
f 1849/3110/5 1839/3111/5 1840/3112/5
f 1847/3113/2 1842/3114/2 1841/3115/2
f 1848/3116/1 1841/3117/1 1839/3111/1
f 1856/3118/2 1851/3108/2 1854/3107/2
f 1855/3119/229 1851/3120/229 1857/3121/229
f 1858/3122/5 1853/3105/5 1855/3123/5
f 1849/3110/5 1855/3123/5 1848/3116/5
f 1848/3124/230 1857/3121/230 1847/3125/230
f 1850/3126/2 1857/3127/2 1856/3118/2
f 1860/3125/4 1861/3128/4 1862/3124/4
f 1866/3129/3 1864/3130/3 1865/3131/3
f 1863/3132/228 1871/3133/228 1873/3134/228
f 1866/3135/2 1874/3136/2 1871/3137/2
f 1872/3138/5 1863/3132/5 1873/3134/5
f 1869/3139/5 1859/3140/5 1860/3141/5
f 1867/3142/2 1862/3143/2 1861/3144/2
f 1868/3145/1 1861/3146/1 1859/3140/1
f 1876/3147/2 1871/3137/2 1874/3136/2
f 1875/3148/229 1871/3149/229 1877/3150/229
f 1878/3151/5 1873/3134/5 1875/3152/5
f 1869/3139/5 1875/3152/5 1868/3145/5
f 1868/3153/230 1877/3150/230 1867/3154/230
f 1870/3155/2 1877/3156/2 1876/3147/2
f 1882/2879/4 1879/2736/4 1881/2738/4
f 1885/3157/3 1883/3158/3 1884/3159/3
f 1883/3160/228 1891/3161/228 1893/3162/228
f 1886/3163/2 1894/3164/2 1891/3165/2
f 1892/3166/5 1883/3160/5 1893/3162/5
f 1889/3167/5 1879/3168/5 1880/3169/5
f 1887/3170/2 1882/3171/2 1881/3172/2
f 1888/3173/1 1881/3174/1 1879/3168/1
f 1896/3175/2 1891/3165/2 1894/3164/2
f 1895/3176/229 1891/3177/229 1897/3178/229
f 1898/3179/5 1893/3162/5 1895/3180/5
f 1889/3167/5 1895/3180/5 1888/3173/5
f 1888/3181/230 1897/3178/230 1887/2566/230
f 1890/3182/2 1897/3183/2 1896/3175/2
f 1900/3064/4 1901/3184/4 1902/3185/4
f 1906/2706/3 1904/3186/3 1905/2704/3
f 1903/3187/228 1911/3188/228 1913/3189/228
f 1906/3190/2 1914/3191/2 1911/3192/2
f 1912/3193/5 1903/3187/5 1913/3189/5
f 1909/3194/5 1899/3195/5 1900/3196/5
f 1907/3197/2 1902/3198/2 1901/3199/2
f 1908/3200/1 1901/3201/1 1899/3195/1
f 1916/3202/2 1911/3192/2 1914/3191/2
f 1915/3203/229 1911/3204/229 1917/3205/229
f 1918/3206/5 1913/3189/5 1915/3207/5
f 1909/3194/5 1915/3207/5 1908/3200/5
f 1908/3208/230 1917/3205/230 1907/3209/230
f 1910/3210/2 1917/3211/2 1916/3202/2
f 1922/2840/4 1919/3212/4 1921/3213/4
f 1925/3214/3 1923/3215/3 1924/3216/3
f 1923/3217/228 1931/3218/228 1933/3219/228
f 1926/3220/2 1934/3221/2 1931/3222/2
f 1932/3223/5 1923/3217/5 1933/3219/5
f 1929/3224/5 1919/3225/5 1920/3226/5
f 1927/3227/2 1922/3228/2 1921/3229/2
f 1928/3230/1 1921/3231/1 1919/3225/1
f 1936/3232/2 1931/3222/2 1934/3221/2
f 1935/3233/229 1931/3234/229 1937/3235/229
f 1938/3236/5 1933/3219/5 1935/3237/5
f 1929/3224/5 1935/3237/5 1928/3230/5
f 1928/3238/230 1937/3235/230 1927/2429/230
f 1930/3239/2 1937/3240/2 1936/3232/2
f 1940/2567/4 1941/3241/4 1942/2565/4
f 1946/3242/3 1944/3243/3 1945/3244/3
f 1943/3245/228 1951/3246/228 1953/3247/228
f 1946/3248/2 1954/3249/2 1951/3250/2
f 1952/3251/5 1943/3245/5 1953/3247/5
f 1949/3252/5 1939/3253/5 1940/3254/5
f 1947/3255/2 1942/3256/2 1941/3257/2
f 1948/3258/1 1941/3259/1 1939/3253/1
f 1956/3260/2 1951/3250/2 1954/3249/2
f 1955/3261/229 1951/3262/229 1957/3263/229
f 1958/3264/5 1953/3247/5 1955/3265/5
f 1949/3252/5 1955/3265/5 1948/3258/5
f 1948/3229/230 1957/3263/230 1947/3266/230
f 1950/3267/2 1957/3268/2 1956/3260/2
f 1960/3212/4 1961/2669/4 1962/3213/4
f 1966/3269/3 1964/3270/3 1965/2499/3
f 1963/3271/228 1971/3272/228 1973/3273/228
f 1966/3274/2 1974/3275/2 1971/3276/2
f 1972/3277/5 1963/3271/5 1973/3273/5
f 1969/3278/5 1959/3279/5 1960/3280/5
f 1967/3281/2 1962/3282/2 1961/3283/2
f 1968/3284/1 1961/3285/1 1959/3279/1
f 1976/3286/2 1971/3276/2 1974/3275/2
f 1975/3287/229 1971/3288/229 1977/3289/229
f 1978/3290/5 1973/3273/5 1975/3291/5
f 1969/3278/5 1975/3291/5 1968/3284/5
f 1968/3292/230 1977/3289/230 1967/3293/230
f 1970/3294/2 1977/3295/2 1976/3286/2
f 3/1/1 7/18/1 6/2/1
f 1/4/1 12/33/1 13/5/1
f 48/7/1 4/10/1 10/8/1
f 4/10/1 9/22/1 8/11/1
f 9/12/2 17/67/2 16/13/2
f 43/15/1 2/3/1 6/2/1
f 47/17/1 55/3296/1 7/18/1
f 11/19/2 19/3297/2 18/20/2
f 48/7/1 58/3298/1 9/22/1
f 47/17/1 3/1/1 8/11/1
f 6/24/3 14/3299/3 69/25/3
f 5/6/1 11/28/1 10/8/1
f 49/27/1 62/3300/1 11/28/1
f 66/29/4 82/3301/4 20/30/4
f 44/32/1 66/3302/1 12/33/1
f 49/27/1 5/6/1 13/5/1
f 71/35/1 87/3303/1 23/36/1
f 78/38/1 94/3304/1 27/39/1
f 15/37/1 23/36/1 22/41/1
f 19/40/1 27/39/1 26/43/1
f 12/45/2 20/3305/2 21/46/2
f 62/48/4 78/3306/4 19/49/4
f 58/51/4 74/3307/4 17/52/4
f 13/54/3 21/3308/3 81/55/3
f 7/57/2 15/3309/2 14/58/2
f 10/60/3 18/63/3 77/61/3
f 8/63/3 16/60/3 73/64/3
f 55/66/4 71/3310/4 15/67/4
f 26/69/3 34/73/3 109/70/3
f 87/72/4 103/3311/4 31/73/4
f 94/75/4 110/3312/4 35/76/4
f 23/78/2 31/3313/2 30/79/2
f 77/81/1 18/44/1 26/43/1
f 17/83/1 25/90/1 24/84/1
f 82/86/1 98/3314/1 28/87/1
f 74/89/1 90/3315/1 25/90/1
f 20/88/1 28/87/1 29/91/1
f 73/93/1 16/85/1 24/84/1
f 69/95/1 14/42/1 22/41/1
f 81/97/1 21/92/1 29/91/1
f 101/99/1 30/3316/1 31/100/1
f 105/102/1 32/3317/1 33/103/1
f 109/105/1 34/3318/1 35/106/1
f 113/108/1 37/3319/1 36/109/1
f 25/111/2 33/3320/2 32/112/2
f 98/114/4 114/3321/4 36/115/4
f 90/117/4 106/3322/4 33/118/4
f 28/120/2 36/3323/2 37/121/2
f 24/123/3 32/3324/3 105/124/3
f 22/77/3 30/76/3 101/126/3
f 29/50/3 37/3325/3 113/128/3
f 27/130/2 35/3326/2 34/131/2
f 5/6/5 42/134/5 38/133/5
f 4/10/5 41/142/5 42/134/5
f 2/3/5 39/3327/5 40/135/5
f 43/136/4 117/3328/4 39/137/4
f 1/139/3 38/3329/3 118/140/3
f 3/1/5 40/135/5 41/142/5
f 54/143/1 56/154/1 50/144/1
f 68/146/1 67/160/1 45/147/1
f 48/7/1 61/9/1 63/149/1
f 59/151/1 60/153/1 51/150/1
f 75/152/5 76/181/5 60/153/5
f 43/15/1 53/16/1 54/143/1
f 56/154/1 55/3296/1 47/17/1
f 79/155/5 80/164/5 64/156/5
f 60/153/1 58/3298/1 48/7/1
f 47/17/1 57/23/1 59/151/1
f 69/25/3 70/3330/3 54/157/3
f 63/149/1 64/156/1 52/148/1
f 64/156/1 62/3300/1 49/27/1
f 83/158/4 82/3301/4 66/29/4
f 67/160/1 66/3302/1 44/32/1
f 49/27/1 65/34/1 68/146/1
f 88/161/1 87/3303/1 71/35/1
f 96/163/1 94/3304/1 78/38/1
f 86/165/1 88/161/1 72/162/1
f 95/167/1 96/163/1 80/164/1
f 84/168/5 83/183/5 67/160/5
f 80/159/4 78/3306/4 62/48/4
f 76/169/4 74/3307/4 58/51/4
f 81/55/3 84/3331/3 68/171/3
f 70/166/5 72/162/5 56/154/5
f 77/61/3 79/31/3 63/30/3
f 73/64/3 75/3299/3 59/24/3
f 72/172/4 71/3310/4 55/66/4
f 109/70/3 111/175/3 95/174/3
f 104/175/4 103/3311/4 87/72/4
f 112/177/4 110/3312/4 94/75/4
f 102/179/5 104/186/5 88/161/5
f 77/81/1 93/82/1 95/167/1
f 91/180/1 92/184/1 76/181/1
f 99/182/1 98/3314/1 82/86/1
f 92/184/1 90/3315/1 74/89/1
f 100/185/1 99/182/1 83/183/1
f 73/93/1 89/94/1 91/180/1
f 69/95/1 85/96/1 86/165/1
f 81/97/1 97/98/1 100/185/1
f 104/186/1 102/179/1 101/99/1
f 108/187/1 107/190/1 105/102/1
f 112/188/1 111/195/1 109/105/1
f 115/189/1 116/193/1 113/108/1
f 107/190/5 108/187/5 92/184/5
f 115/191/4 114/3321/4 98/114/4
f 108/178/4 106/3322/4 90/117/4
f 116/193/5 115/189/5 99/182/5
f 105/124/3 107/3332/3 91/194/3
f 101/126/3 102/3324/3 86/123/3
f 113/128/3 116/119/3 100/118/3
f 111/195/5 112/188/5 96/163/5
f 119/196/2 123/199/2 52/197/2
f 123/199/2 122/207/2 51/200/2
f 121/201/2 120/3333/2 46/202/2
f 120/204/4 117/3328/4 43/136/4
f 118/140/3 119/3334/3 45/206/3
f 122/207/2 121/201/2 50/203/2
f 143/208/6 145/3335/6 125/209/6
f 145/211/5 147/3336/5 126/212/5
f 126/214/7 147/253/7 149/215/7
f 149/215/8 151/3337/8 128/217/8
f 151/218/2 153/3338/2 129/219/2
f 153/221/9 143/208/9 124/210/9
f 128/217/231 134/3339/231 133/223/231
f 125/224/5 126/3340/5 132/225/5
f 129/219/2 135/234/2 134/227/2
f 124/210/232 125/209/232 131/228/232
f 126/214/233 127/216/233 133/223/233
f 124/210/234 130/229/234 135/231/234
f 130/232/235 136/3341/235 141/233/235
f 135/234/2 141/233/2 140/235/2
f 139/236/236 138/3342/236 132/237/236
f 134/239/237 140/3343/237 139/240/237
f 138/242/5 137/246/5 131/226/5
f 141/245/3 136/3344/3 139/243/3
f 136/3344/3 137/3345/3 139/243/3
f 137/3345/3 138/3346/3 139/243/3
f 137/246/238 136/3347/238 130/247/238
f 144/248/6 145/3335/6 143/208/6
f 146/250/5 147/3336/5 145/211/5
f 148/252/7 149/215/7 147/253/7
f 150/255/8 151/3337/8 149/215/8
f 152/256/2 153/3338/2 151/218/2
f 142/249/9 143/208/9 153/221/9
f 157/259/239 158/3348/239 150/255/239
f 144/260/5 155/274/5 156/261/5
f 158/263/2 159/270/2 152/256/2
f 142/249/240 154/3349/240 155/264/240
f 146/254/241 156/3350/241 157/259/241
f 159/265/242 154/3349/242 142/249/242
f 154/266/243 159/3351/243 165/267/243
f 164/269/2 165/3352/2 159/270/2
f 156/261/244 162/275/244 163/271/244
f 158/263/245 157/3353/245 163/273/245
f 155/274/5 161/3354/5 162/275/5
f 161/278/3 160/3355/3 163/276/3
f 160/3355/3 165/3356/3 163/276/3
f 165/3356/3 164/3357/3 163/276/3
f 154/279/246 160/3358/246 161/280/246
f 185/282/26 187/3359/26 167/283/26
f 187/285/1 189/3360/1 168/286/1
f 189/288/27 191/291/27 169/289/27
f 191/291/28 193/3361/28 170/292/28
f 193/293/29 195/3362/29 171/294/29
f 195/296/30 185/282/30 166/284/30
f 170/292/247 176/3363/247 175/298/247
f 167/287/1 168/286/1 174/299/1
f 171/294/29 177/309/29 176/301/29
f 166/284/248 167/283/248 173/302/248
f 168/290/249 169/289/249 175/298/249
f 166/284/250 172/303/250 177/305/250
f 172/306/251 178/3364/251 183/307/251
f 177/309/29 183/3365/29 182/310/29
f 181/311/252 180/315/252 174/299/252
f 176/301/253 182/310/253 181/313/253
f 180/315/1 179/3366/1 173/300/1
f 179/316/254 178/3367/254 172/317/254
f 186/319/26 187/3359/26 185/282/26
f 188/321/1 189/3360/1 187/285/1
f 190/323/27 191/291/27 189/288/27
f 192/325/28 193/3361/28 191/291/28
f 194/326/29 195/3362/29 193/293/29
f 184/320/30 185/282/30 195/296/30
f 199/329/255 200/3368/255 192/325/255
f 186/322/1 197/348/1 198/330/1
f 200/331/29 201/3369/29 194/332/29
f 184/320/256 196/3370/256 197/334/256
f 188/324/257 198/3371/257 199/329/257
f 201/335/258 196/3370/258 184/320/258
f 196/336/259 201/340/259 207/337/259
f 206/339/29 207/337/29 201/340/29
f 198/342/260 204/3372/260 205/343/260
f 200/345/261 199/3373/261 205/346/261
f 197/348/1 203/351/1 204/349/1
f 196/350/262 202/3374/262 203/351/262
f 227/352/26 229/3375/26 209/353/26
f 229/355/1 231/3376/1 210/356/1
f 231/358/27 233/361/27 211/359/27
f 233/361/28 235/3377/28 212/362/28
f 235/363/29 237/3378/29 213/364/29
f 237/366/30 227/352/30 208/354/30
f 212/362/247 218/3379/247 217/368/247
f 209/357/1 210/356/1 216/369/1
f 213/364/29 219/379/29 218/371/29
f 208/354/248 209/353/248 215/372/248
f 210/360/249 211/359/249 217/368/249
f 208/354/250 214/373/250 219/375/250
f 214/376/251 220/3380/251 225/377/251
f 219/379/29 225/3381/29 224/380/29
f 223/381/252 222/385/252 216/369/252
f 218/371/253 224/380/253 223/383/253
f 222/385/1 221/3382/1 215/370/1
f 221/386/254 220/3383/254 214/387/254
f 228/389/26 229/3375/26 227/352/26
f 230/391/1 231/3376/1 229/355/1
f 232/393/27 233/361/27 231/358/27
f 234/395/28 235/3377/28 233/361/28
f 236/396/29 237/3378/29 235/363/29
f 226/390/30 227/352/30 237/366/30
f 241/399/255 242/3384/255 234/395/255
f 228/392/1 239/415/1 240/400/1
f 242/401/29 243/408/29 236/396/29
f 226/390/256 238/3385/256 239/402/256
f 230/394/257 240/3386/257 241/399/257
f 243/403/258 238/3385/258 226/390/258
f 238/404/259 243/408/259 249/405/259
f 248/407/29 249/405/29 243/408/29
f 240/409/260 246/3387/260 247/410/260
f 242/412/261 241/3388/261 247/413/261
f 239/415/1 245/417/1 246/407/1
f 238/416/262 244/3389/262 245/417/262
f 250/419/3 253/3390/3 252/3391/3
f 252/3391/3 255/3392/3 250/419/3
f 255/3392/3 254/420/3 250/419/3
f 254/420/3 257/3393/3 256/3394/3
f 256/3394/3 251/418/3 254/420/3
f 262/421/4 270/451/4 273/422/4
f 256/424/1 264/3395/1 259/425/1
f 252/427/29 260/434/29 263/428/29
f 257/430/47 265/436/47 264/431/47
f 253/433/48 261/3396/48 260/434/48
f 254/435/2 262/3397/2 265/436/2
f 250/437/5 258/443/5 261/438/5
f 255/440/49 263/3398/49 262/441/49
f 251/426/50 259/425/50 258/443/50
f 268/444/1 276/3399/1 279/445/1
f 258/447/4 266/453/4 269/448/4
f 263/450/4 271/457/4 270/451/4
f 259/452/4 267/455/4 266/453/4
f 264/454/4 272/458/4 267/455/4
f 263/450/4 260/420/4 268/456/4
f 265/423/4 273/422/4 272/458/4
f 260/420/4 261/449/4 269/448/4
f 276/3400/4 277/3401/4 274/459/4
f 274/459/4 275/3402/4 280/460/4
f 280/460/4 281/3403/4 278/461/4
f 278/461/4 279/3404/4 276/3400/4
f 276/3400/4 274/459/4 278/461/4
f 273/462/48 281/3405/48 280/463/48
f 269/465/47 277/472/47 276/466/47
f 270/468/5 278/473/5 281/469/5
f 266/471/2 274/3406/2 277/472/2
f 271/446/50 279/445/50 278/473/50
f 267/474/49 275/3407/49 274/475/49
f 272/464/29 280/463/29 275/477/29
f 283/479/50 291/3408/50 290/480/50
f 310/482/1 295/3409/1 287/483/1
f 296/485/29 293/3410/29 285/486/29
f 287/488/47 295/3411/47 294/489/47
f 285/486/48 293/3410/48 292/491/48
f 294/489/2 297/3412/2 289/493/2
f 292/494/5 291/3408/5 283/479/5
f 289/496/49 297/3413/49 296/497/49
f 283/499/4 282/517/4 298/500/4
f 309/502/4 287/508/4 303/503/4
f 285/505/4 301/511/4 304/506/4
f 287/508/4 286/513/4 302/509/4
f 284/510/4 300/514/4 301/511/4
f 289/512/4 305/515/4 302/509/4
f 283/499/4 299/501/4 300/514/4
f 288/507/4 304/506/4 305/515/4
f 306/516/4 308/3414/4 298/500/4
f 290/480/1 307/3415/1 306/518/1
f 311/519/5 313/3416/5 310/482/5
f 308/520/2 306/3417/2 307/521/2
f 315/523/2 317/3418/2 316/524/2
f 321/526/5 319/3419/5 318/527/5
f 319/529/29 315/3420/29 314/530/29
f 320/532/3 318/1377/3 314/533/3
f 323/535/2 325/3421/2 324/536/2
f 328/538/5 329/3422/5 327/539/5
f 321/541/4 317/1453/4 315/542/4
f 327/544/29 323/3423/29 322/545/29
f 328/547/263 326/3424/263 322/548/263
f 331/550/2 333/3425/2 332/551/2
f 336/553/5 337/3426/5 335/554/5
f 329/556/264 325/3427/264 323/557/264
f 334/559/29 335/3428/29 331/560/29
f 332/562/265 336/3429/265 334/563/265
f 333/565/266 331/3430/266 335/566/266
f 339/568/2 341/3431/2 340/569/2
f 345/571/5 343/574/5 342/572/5
f 343/574/29 339/3432/29 338/575/29
f 344/576/3 342/662/3 338/577/3
f 346/579/2 347/3433/2 349/580/2
f 352/582/5 353/3434/5 351/583/5
f 345/585/267 341/3435/267 339/586/267
f 350/588/29 351/819/29 347/589/29
f 348/591/268 352/3436/268 350/592/268
f 355/594/2 357/3437/2 356/595/2
f 360/597/5 361/3438/5 359/598/5
f 353/600/4 349/3439/4 347/601/4
f 359/603/29 355/1446/29 354/604/29
f 360/606/3 358/980/3 354/607/3
f 357/609/269 355/1268/269 359/610/269
f 363/612/2 365/3440/2 364/613/2
f 368/615/5 369/3441/5 367/616/5
f 367/618/29 363/1071/29 362/619/29
f 368/621/270 366/1419/270 362/622/270
f 371/624/2 373/1761/2 372/625/2
f 376/627/5 377/3442/5 375/628/5
f 365/630/271 363/3443/271 367/631/271
f 375/628/29 371/3444/29 370/633/29
f 372/634/272 376/977/272 374/635/272
f 379/637/2 381/3445/2 380/638/2
f 384/640/5 385/3446/5 383/641/5
f 377/643/273 373/1180/273 371/644/273
f 383/646/29 379/3447/29 378/647/29
f 384/649/3 382/3448/3 378/650/3
f 381/652/274 379/3449/274 383/633/274
f 387/654/2 389/3450/2 388/655/2
f 393/657/5 391/3451/5 390/658/5
f 390/660/29 391/3452/29 387/607/29
f 392/662/275 390/576/275 386/663/275
f 395/665/2 397/3453/2 396/666/2
f 400/668/5 401/3454/5 399/669/5
f 389/671/276 387/3455/276 391/672/276
f 398/549/29 399/3456/29 395/674/29
f 396/676/277 400/3457/277 398/677/277
f 403/679/2 405/3458/2 404/680/2
f 409/682/5 407/3459/5 406/683/5
f 397/685/278 395/3460/278 399/686/278
f 406/688/29 407/3447/29 403/689/29
f 408/691/279 406/3461/279 402/692/279
f 409/671/4 405/3462/4 403/694/4
f 411/696/2 413/3463/2 412/697/2
f 416/699/5 417/3464/5 415/700/5
f 415/702/29 411/1704/29 410/703/29
f 412/705/280 416/1190/280 414/706/280
f 419/708/2 421/3465/2 420/709/2
f 424/711/5 425/3466/5 423/712/5
f 417/714/281 413/3467/281 411/715/281
f 423/717/29 419/3468/29 418/718/29
f 420/719/282 424/3469/282 422/720/282
f 427/722/2 429/3470/2 428/723/2
f 432/725/5 433/3471/5 431/726/5
f 425/728/283 421/3472/283 419/729/283
f 431/731/29 427/3473/29 426/732/29
f 428/734/284 432/3474/284 430/735/284
f 433/737/285 429/3475/285 427/738/285
f 435/740/2 437/3476/2 436/741/2
f 440/743/5 441/3477/5 439/744/5
f 439/746/29 435/3478/29 434/747/29
f 436/749/3 440/1560/3 438/750/3
f 443/752/2 445/3479/2 444/753/2
f 449/755/5 447/3480/5 446/756/5
f 441/758/286 437/3481/286 435/759/286
f 446/761/29 447/3482/29 443/762/29
f 448/764/287 446/3483/287 442/765/287
f 450/767/2 451/3484/2 453/768/2
f 457/770/5 455/3485/5 454/771/5
f 445/694/4 443/3486/4 447/586/4
f 455/774/29 451/3487/29 450/775/29
f 452/777/3 456/935/3 454/560/3
f 453/779/4 451/3488/4 455/780/4
f 459/782/2 461/3489/2 460/783/2
f 465/785/5 463/3490/5 462/786/5
f 463/788/29 459/3491/29 458/789/29
f 464/791/288 462/3492/288 458/792/288
f 467/794/2 469/1431/2 468/795/2
f 473/797/5 471/3493/5 470/798/5
f 461/800/289 459/3494/289 463/801/289
f 470/803/29 471/3495/29 467/804/29
f 472/806/290 470/652/290 466/807/290
f 475/809/2 477/3496/2 476/810/2
f 481/812/5 479/3497/5 478/813/5
f 473/815/291 469/3498/291 467/816/291
f 478/818/29 479/3499/29 475/819/29
f 476/821/292 480/3500/292 478/822/292
f 477/824/293 475/3501/293 479/825/293
f 482/827/2 483/3502/2 485/828/2
f 488/830/5 489/3503/5 487/831/5
f 487/833/29 483/3504/29 482/834/29
f 484/836/294 488/3505/294 486/837/294
f 491/839/2 493/3506/2 492/840/2
f 496/842/5 497/3507/5 495/843/5
f 485/601/295 483/3508/295 487/845/295
f 494/847/29 495/3509/29 491/848/29
f 496/850/296 494/3510/296 490/851/296
f 499/853/2 501/3511/2 500/854/2
f 504/856/5 505/1783/5 503/857/5
f 493/859/4 491/3512/4 495/860/4
f 503/862/29 499/1055/29 498/863/29
f 504/865/3 502/3513/3 498/866/3
f 505/868/297 501/3514/297 499/869/297
f 493/871/1 497/3507/1 496/842/1
f 316/873/1 317/3515/1 321/526/1
f 333/874/1 337/3426/1 336/553/1
f 507/876/29 509/3516/29 508/877/29
f 513/879/1 511/882/1 510/880/1
f 511/882/5 507/3517/5 506/883/5
f 512/884/3 510/3518/3 506/885/3
f 515/887/29 517/1031/29 516/888/29
f 520/890/1 521/3519/1 519/891/1
f 513/893/4 509/3520/4 507/894/4
f 519/896/5 515/887/5 514/889/5
f 520/898/298 518/3521/298 514/899/298
f 523/901/29 525/3522/29 524/902/29
f 528/904/1 529/3523/1 527/905/1
f 521/907/299 517/3524/299 515/908/299
f 526/906/5 527/905/5 523/910/5
f 524/912/300 528/3525/300 526/913/300
f 525/886/301 523/3526/301 527/915/301
f 531/917/29 533/3527/29 532/918/29
f 537/920/1 535/3528/1 534/921/1
f 535/741/5 531/3529/5 530/923/5
f 536/925/3 534/3530/3 530/926/3
f 538/928/29 539/3531/29 541/929/29
f 544/931/1 545/3532/1 543/932/1
f 537/934/302 533/3533/302 531/935/302
f 542/933/5 543/932/5 539/936/5
f 540/938/303 544/3534/303 542/939/303
f 547/941/29 549/3535/29 548/942/29
f 552/944/1 553/3536/1 551/945/1
f 545/947/4 541/3537/4 539/948/4
f 551/945/5 547/3538/5 546/950/5
f 552/951/3 550/1588/3 546/952/3
f 549/954/304 547/3539/304 551/955/304
f 555/957/29 557/3540/29 556/958/29
f 560/960/1 561/3541/1 559/961/1
f 559/963/5 555/957/5 554/959/5
f 560/965/305 558/1109/305 554/966/305
f 563/968/29 565/3542/29 564/969/29
f 568/971/1 569/3543/1 567/972/1
f 557/974/306 555/3544/306 559/975/306
f 567/972/5 563/3545/5 562/977/5
f 564/978/307 568/3546/307 566/979/307
f 571/981/29 573/3547/29 572/982/29
f 576/984/1 577/3548/1 575/985/1
f 569/987/308 565/3549/308 563/988/308
f 575/990/5 571/981/5 570/983/5
f 576/992/3 574/3550/3 570/993/3
f 573/995/309 571/3551/309 575/996/309
f 579/998/29 581/3552/29 580/999/29
f 585/1001/1 583/3553/1 582/1002/1
f 582/1002/5 583/3553/5 579/1004/5
f 584/1006/310 582/3554/310 578/1007/310
f 587/1009/29 589/3555/29 588/1010/29
f 592/1012/1 593/1516/1 591/1013/1
f 581/1015/311 579/3556/311 583/1016/311
f 590/1018/5 591/3557/5 587/1009/5
f 588/1019/312 592/3558/312 590/1020/312
f 595/1022/29 597/3559/29 596/1023/29
f 601/1025/1 599/3560/1 598/1026/1
f 589/1028/313 587/3561/313 591/1029/313
f 598/1026/5 599/3560/5 595/1030/5
f 600/1032/314 598/3562/314 594/1033/314
f 601/1035/4 597/1725/4 595/1036/4
f 603/1038/29 605/3563/29 604/1039/29
f 608/1041/1 609/3564/1 607/1042/1
f 607/1042/5 603/3565/5 602/1044/5
f 604/1045/315 608/3566/315 606/1046/315
f 611/1048/29 613/3567/29 612/1049/29
f 616/1051/1 617/3568/1 615/1052/1
f 609/1054/316 605/3569/316 603/1055/316
f 615/1052/5 611/3570/5 610/1057/5
f 612/1058/317 616/937/317 614/1059/317
f 619/1061/29 621/3571/29 620/1062/29
f 624/1064/1 625/1733/1 623/1065/1
f 617/1067/318 613/3572/318 611/1068/318
f 623/1065/5 619/3573/5 618/1070/5
f 620/1071/319 624/3574/319 622/1072/319
f 625/1074/320 621/3575/320 619/1075/320
f 627/1077/29 629/3576/29 628/1078/29
f 632/1080/1 633/3577/1 631/1081/1
f 631/1083/5 627/3578/5 626/1084/5
f 628/1086/3 632/1045/3 630/1087/3
f 635/1089/29 637/1409/29 636/1090/29
f 641/1092/1 639/3579/1 638/1093/1
f 633/1095/321 629/3580/321 627/1096/321
f 638/1093/5 639/3579/5 635/1098/5
f 640/1100/322 638/3581/322 634/1101/322
f 642/1102/29 643/3582/29 645/1103/29
f 649/1105/1 647/3583/1 646/1106/1
f 637/1108/4 635/966/4 639/1109/4
f 647/1110/5 643/3584/5 642/1111/5
f 644/1113/3 648/3585/3 646/1114/3
f 645/1116/4 643/835/4 647/1117/4
f 651/1119/29 653/3586/29 652/1120/29
f 657/1122/1 655/3587/1 654/1123/1
f 655/1125/5 651/1074/5 650/1126/5
f 656/781/323 654/3588/323 650/1128/323
f 659/1130/29 661/3589/29 660/1131/29
f 665/1133/1 663/3590/1 662/1134/1
f 653/826/324 651/3591/324 655/653/324
f 662/1137/5 663/3592/5 659/1138/5
f 664/1075/325 662/3593/325 658/1140/325
f 667/1142/29 669/3594/29 668/1143/29
f 673/1145/1 671/3595/1 670/1146/1
f 665/1148/326 661/3596/326 659/1149/326
f 670/1151/5 671/3597/5 667/1152/5
f 668/1154/327 672/3598/327 670/1155/327
f 669/869/328 667/3599/328 671/1157/328
f 674/1159/29 675/3600/29 677/1160/29
f 680/1162/1 681/3601/1 679/1163/1
f 679/1163/5 675/3602/5 674/1165/5
f 676/1166/329 680/3603/329 678/1167/329
f 683/1169/29 685/3604/29 684/1170/29
f 688/1172/1 689/3423/1 687/1173/1
f 677/738/330 675/3605/330 679/1175/330
f 686/1174/5 687/1173/5 683/1176/5
f 688/1178/331 686/1527/331 682/1179/331
f 691/1181/29 693/3606/29 692/1182/29
f 696/1184/1 697/3607/1 695/1185/1
f 685/1187/4 683/3608/4 687/1188/4
f 695/1185/5 691/3609/5 690/1190/5
f 696/1191/3 694/588/3 690/1192/3
f 697/1194/332 693/3610/332 691/1195/332
f 685/1197/2 689/3611/2 688/581/2
f 508/1199/2 509/3612/2 513/1200/2
f 525/1202/2 529/3613/2 528/1203/2
f 699/1205/1 701/1539/1 700/1206/1
f 704/1208/29 705/3614/29 703/1209/29
f 703/1211/2 699/3615/2 698/1212/2
f 704/538/333 702/3616/333 698/1214/333
f 707/1216/1 709/1082/1 708/1217/1
f 712/1219/29 713/3617/29 711/1220/29
f 701/754/4 699/1039/4 703/1222/4
f 711/1224/2 707/988/2 706/1225/2
f 712/1227/334 710/3618/334 706/1228/334
f 714/1230/1 715/3619/1 717/1231/1
f 720/1233/29 721/1471/29 719/1234/29
f 713/1236/335 709/3620/335 707/1237/335
f 718/1239/2 719/3621/2 715/1240/2
f 716/1242/336 720/3622/336 718/1243/336
f 721/1245/337 717/913/337 715/1246/337
f 723/1248/1 725/3623/1 724/1249/1
f 728/1251/29 729/3624/29 727/1252/29
f 727/1254/2 723/1248/2 722/1250/2
f 724/1256/338 728/3625/338 726/1257/338
f 730/1259/1 731/1269/1 733/1260/1
f 736/1262/29 737/3626/29 735/1263/29
f 725/1265/4 723/3627/4 727/1266/4
f 734/1268/2 735/3628/2 731/1269/2
f 732/1270/339 736/3629/339 734/1271/339
f 738/1273/1 739/3630/1 741/1274/1
f 744/1276/29 745/3631/29 743/1277/29
f 737/1279/4 733/3632/4 731/1280/4
f 743/1282/2 739/3630/2 738/1273/2
f 740/1284/340 744/3633/340 742/1285/340
f 741/1287/341 739/3634/341 743/1288/341
f 746/1290/1 747/3635/1 749/1291/1
f 752/1293/29 753/3636/29 751/1294/29
f 751/1296/2 747/3635/2 746/1290/2
f 748/1244/342 752/3637/342 750/1298/342
f 755/1300/1 757/3638/1 756/1301/1
f 760/1302/29 761/3639/29 759/1303/29
f 749/1305/343 747/3640/343 751/1306/343
f 759/1308/2 755/3641/2 754/1309/2
f 756/1311/344 760/3642/344 758/1312/344
f 763/1314/1 765/3643/1 764/1315/1
f 768/1317/29 769/3644/29 767/1318/29
f 761/1319/345 757/3645/345 755/1320/345
f 767/1321/2 763/1314/2 762/1316/2
f 764/1323/346 768/3510/346 766/1324/346
f 769/701/347 765/3646/347 763/1326/347
f 771/1327/1 773/3647/1 772/1328/1
f 776/1330/29 777/615/29 775/1331/29
f 774/1333/2 775/3648/2 771/1194/2
f 772/1335/348 776/3649/348 774/1336/348
f 779/1338/1 781/3650/1 780/1339/1
f 784/1341/29 785/3651/29 783/1342/29
f 777/1344/349 773/3652/349 771/884/349
f 782/1345/2 783/3653/2 779/1346/2
f 780/1348/350 784/3654/350 782/1349/350
f 787/1351/1 789/3655/1 788/1352/1
f 793/1354/29 791/3656/29 790/1355/29
f 781/1357/351 779/3657/351 783/1358/351
f 790/1360/2 791/3658/2 787/1361/2
f 792/1363/352 790/3659/352 786/1324/352
f 793/1364/353 789/3660/353 787/1365/353
f 795/1367/1 797/3661/1 796/1368/1
f 801/1370/29 799/3662/29 798/1371/29
f 799/1373/2 795/3663/2 794/1374/2
f 800/1376/354 798/3664/354 794/1377/354
f 803/1379/1 805/3665/1 804/1380/1
f 808/1382/29 809/3666/29 807/1383/29
f 797/1385/355 795/3520/355 799/1386/355
f 807/1388/2 803/3667/2 802/1389/2
f 804/1391/356 808/1271/356 806/1392/356
f 811/1394/1 813/3668/1 812/1395/1
f 817/1396/29 815/3669/29 814/1397/29
f 809/1399/357 805/3670/357 803/1400/357
f 815/1402/2 811/3671/2 810/1403/2
f 816/1405/3 814/3672/3 810/1406/3
f 813/1408/358 811/3673/358 815/1409/358
f 819/1411/1 821/3674/1 820/1412/1
f 824/1414/29 825/3675/29 823/1415/29
f 823/1417/2 819/3676/2 818/1418/2
f 820/1420/359 824/1577/359 822/1421/359
f 827/1423/1 829/3677/1 828/1424/1
f 833/1426/29 831/3678/29 830/1427/29
f 825/1429/360 821/3679/360 819/1430/360
f 830/1432/2 831/3680/2 827/1433/2
f 832/1435/361 830/3681/361 826/1436/361
f 835/1438/1 837/3682/1 836/1439/1
f 840/1441/29 841/1425/29 839/1442/29
f 829/1444/4 827/3683/4 831/1445/4
f 839/1447/2 835/3684/2 834/1448/2
f 836/1450/362 840/3685/362 838/1451/362
f 841/1453/363 837/3686/363 835/1454/363
f 842/1455/1 843/3687/1 845/1456/1
f 849/1458/29 847/3688/29 846/1000/29
f 847/1460/2 843/3689/2 842/1461/2
f 844/1463/3 848/1506/3 846/1464/3
f 851/1466/1 853/3690/1 852/1467/1
f 857/1469/29 855/3691/29 854/1470/29
f 845/1472/364 843/3692/364 847/1473/364
f 854/1475/2 855/3693/2 851/1476/2
f 856/1478/365 854/3694/365 850/1479/365
f 858/1481/1 859/3695/1 861/1482/1
f 865/1483/29 863/3696/29 862/1484/29
f 857/925/366 853/3697/366 851/1486/366
f 862/1488/2 863/3698/2 859/1489/2
f 864/1491/367 862/3699/367 858/1492/367
f 861/1494/368 859/3700/368 863/1495/368
f 866/1496/1 867/3701/1 869/1497/1
f 872/1499/29 873/3702/29 871/1500/29
f 871/1502/2 867/3703/2 866/1503/2
f 868/1505/369 872/3704/369 870/1506/369
f 875/1508/1 877/3705/1 876/1509/1
f 880/1511/29 881/820/29 879/1512/29
f 869/1514/370 867/3706/370 871/1515/370
f 878/1517/2 879/3707/2 875/1508/2
f 880/1518/371 878/3622/371 874/1519/371
f 883/1521/1 885/3708/1 884/1522/1
f 888/1524/29 889/3709/29 887/1525/29
f 877/1527/4 875/3710/4 879/943/4
f 887/1529/2 883/3711/2 882/1530/2
f 884/1532/372 888/3712/372 886/1533/372
f 889/1535/373 885/3713/373 883/1536/373
f 717/1231/5 721/3714/5 720/1538/5
f 701/1539/5 705/3715/5 704/1540/5
f 877/1541/5 881/3716/5 880/1542/5
f 891/1544/5 893/3717/5 892/1545/5
f 897/1547/2 895/3718/2 894/1548/2
f 895/1550/1 891/1544/1 890/1546/1
f 896/1536/3 894/3719/3 890/1552/3
f 899/1553/5 901/3720/5 900/1554/5
f 904/1556/2 905/3721/2 903/1557/2
f 897/1559/4 893/3722/4 891/1560/4
f 903/1561/1 899/1553/1 898/1555/1
f 904/1563/374 902/3723/374 898/1564/374
f 907/1566/5 909/3724/5 908/1567/5
f 912/1569/2 913/3725/2 911/1570/2
f 905/1572/375 901/3726/375 899/1573/375
f 910/1575/1 911/3727/1 907/1566/1
f 908/1576/376 912/3728/376 910/1577/376
f 909/1579/377 907/3712/377 911/911/377
f 915/1581/5 917/3729/5 916/1582/5
f 921/1584/2 919/3730/2 918/1585/2
f 919/1587/1 915/1581/1 914/1583/1
f 920/1589/3 918/3731/3 914/1590/3
f 922/1592/5 923/1602/5 925/1593/5
f 928/1595/2 929/3732/2 927/1596/2
f 921/1598/378 917/3733/378 915/1599/378
f 926/1601/1 927/3444/1 923/1602/1
f 924/1603/379 928/3734/379 926/1604/379
f 931/1606/5 933/3735/5 932/1607/5
f 936/1609/2 937/1246/2 935/1610/2
f 929/1612/4 925/3736/4 923/1613/4
f 935/1615/1 931/1606/1 930/1608/1
f 936/1617/3 934/1200/3 930/1618/3
f 933/1620/380 931/3645/380 935/1621/380
f 939/1623/5 941/3737/5 940/1624/5
f 944/1457/2 945/3738/2 943/1626/2
f 943/1628/1 939/1623/1 938/1625/1
f 944/1630/381 942/3739/381 938/1631/381
f 947/1633/5 949/734/5 948/1634/5
f 952/1636/2 953/3740/2 951/1637/2
f 941/1639/382 939/3741/382 943/1640/382
f 951/1642/1 947/1633/1 946/1635/1
f 948/1644/383 952/3742/383 950/1645/383
f 955/1647/5 957/3743/5 956/1648/5
f 960/1467/2 961/3744/2 959/1650/2
f 953/1652/384 949/3745/384 947/1611/384
f 959/1654/1 955/1647/1 954/1649/1
f 960/1656/3 958/558/3 954/1657/3
f 957/1659/385 955/3746/385 959/1660/385
f 963/1662/5 965/600/5 964/1663/5
f 968/1665/2 969/690/2 967/1666/2
f 967/1668/1 963/1662/1 962/1664/1
f 964/1670/386 968/1161/386 966/1671/386
f 969/1672/387 965/3747/387 963/1434/387
f 971/1674/5 973/3748/5 972/1530/5
f 976/1676/2 977/3749/2 975/1677/2
f 975/1679/1 971/3750/1 970/1680/1
f 972/1682/3 976/3751/3 974/1683/3
f 979/1684/5 981/3752/5 980/1685/5
f 985/1687/2 983/3753/2 982/1688/2
f 977/1690/388 973/3754/388 971/1691/388
f 982/1693/1 983/3755/1 979/1684/1
f 984/1694/389 982/3756/389 978/1695/389
f 986/1697/5 987/3757/5 989/1698/5
f 993/1700/2 991/3758/2 990/1701/2
f 985/1703/4 981/3759/4 979/1704/4
f 991/1706/1 987/3760/1 986/1707/1
f 988/1709/3 992/3761/3 990/1710/3
f 989/1712/4 987/3762/4 991/1713/4
f 995/1715/5 997/3763/5 996/1716/5
f 1001/1718/2 999/3764/2 998/1719/2
f 999/1721/1 995/1715/1 994/1717/1
f 1000/1723/390 998/3765/390 994/1724/390
f 1003/1726/5 1005/3483/5 1004/1727/5
f 1009/1729/2 1007/3766/2 1006/1730/2
f 997/1732/391 995/3767/391 999/1733/391
f 1006/1734/1 1007/3768/1 1003/1726/1
f 1008/719/392 1006/3769/392 1002/1735/392
f 1011/1737/5 1013/3770/5 1012/1738/5
f 1017/1740/2 1015/3771/2 1014/1741/2
f 1009/1743/393 1005/3772/393 1003/1021/393
f 1014/1745/1 1015/3773/1 1011/1737/1
f 1012/1187/394 1016/3774/394 1014/1746/394
f 1013/1748/395 1011/1590/395 1015/1749/395
f 1018/1751/5 1019/3775/5 1021/1752/5
f 1024/1754/2 1025/1490/2 1023/1755/2
f 1023/1757/1 1019/3775/1 1018/1751/1
f 1020/1759/396 1024/3776/396 1022/1180/396
f 1027/1761/5 1029/3777/5 1028/1762/5
f 1032/1764/2 1033/3689/2 1031/1765/2
f 1021/1767/397 1019/3778/397 1023/1768/397
f 1030/1766/1 1031/1765/1 1027/1769/1
f 1032/1771/398 1030/3704/398 1026/1772/398
f 1035/1774/5 1037/3779/5 1036/1775/5
f 1040/1777/2 1041/3780/2 1039/1778/2
f 1029/1780/4 1027/3781/4 1031/784/4
f 1039/1782/1 1035/3782/1 1034/1783/1
f 1040/1785/3 1038/3783/3 1034/1786/3
f 1041/1788/399 1037/3784/399 1035/1789/399
f 1029/1791/29 1033/3785/29 1032/1202/29
f 892/1793/29 893/3786/29 897/1794/29
f 909/1796/29 913/3787/29 912/1797/29
f 1043/1799/400 1045/3788/400 1044/1800/400
f 1044/1800/29 1045/3788/29 1061/1802/29
f 1059/1804/401 1043/3789/401 1042/1805/401
f 1060/1807/402 1058/3790/402 1042/1808/402
f 1045/1810/403 1043/3791/403 1059/1811/403
f 1047/1813/3 1049/3792/3 1048/1814/3
f 1048/1816/29 1049/3793/29 1053/1817/29
f 1053/1819/4 1051/3794/4 1050/1820/4
f 1050/1822/209 1051/1848/209 1047/1823/209
f 1052/1825/404 1050/3795/404 1046/1826/404
f 1053/1817/405 1049/3793/405 1047/1828/405
f 1056/1830/406 1057/3796/406 1055/1831/406
f 1056/1833/29 1060/1803/29 1061/1802/29
f 1058/1806/5 1059/1804/5 1061/1835/5
f 1054/1837/407 1055/3797/407 1059/1838/407
f 1054/1840/408 1058/3790/408 1060/1807/408
f 1059/1811/409 1055/3798/409 1057/1842/409
f 1064/1843/3 1065/3799/3 1063/1844/3
f 1064/1846/29 1068/3800/29 1069/1847/29
f 1066/1849/4 1067/3801/4 1069/1850/4
f 1066/1852/410 1062/3802/410 1063/1853/410
f 1062/1854/411 1066/3803/411 1068/1855/411
f 1069/1857/412 1067/3804/412 1063/1858/412
f 1076/3805/4 1077/3806/4 1105/1862/4
f 1077/3806/4 1074/3807/4 1090/3808/4
f 1074/3807/4 1075/3809/4 1090/3808/4
f 1090/3808/4 1089/1860/4 1077/3806/4
f 1077/3806/4 1089/1860/4 1105/1862/4
f 1079/1861/4 1101/3810/4 1105/1862/4
f 1074/1863/5 1077/3811/5 1080/1864/5
f 1090/1866/1 1075/1872/1 1082/1867/1
f 1077/1869/48 1076/1876/48 1083/1870/48
f 1075/1872/50 1074/1863/50 1081/1865/50
f 1101/1873/1 1079/1896/1 1084/1874/1
f 1076/1876/29 1105/3812/29 1112/1877/29
f 1083/1870/29 1112/1877/29 1104/1878/29
f 1078/1880/2 1085/3813/2 1086/1881/2
f 1082/1867/50 1081/1865/50 1071/1883/50
f 1080/1871/48 1083/1870/48 1073/1879/48
f 1092/1868/1 1082/1867/1 1070/1884/1
f 1081/1865/5 1080/1864/5 1072/1887/5
f 1113/1888/1 1086/3814/1 1085/1889/1
f 1084/1891/3 1086/3815/3 1113/1892/3
f 1084/1874/1 1091/1897/1 1087/1894/1
f 1079/1896/1 1089/1898/1 1091/1897/1
f 1089/1898/1 1090/1866/1 1092/1868/1
f 1092/1868/1 1088/1886/1 1087/1894/1
f 1088/3816/3 1070/3817/3 1071/3818/3
f 1071/3818/3 1072/1900/3 1088/3816/3
f 1072/1900/3 1073/3819/3 1104/1935/3
f 1088/3816/3 1072/1900/3 1087/1899/3
f 1104/1935/3 1114/3820/3 1085/1901/3
f 1085/1901/3 1078/3821/3 1087/1899/3
f 1104/1935/3 1085/1901/3 1072/1900/3
f 1097/3822/4 1100/1903/4 1120/3823/4
f 1100/1903/4 1099/3824/4 1105/1862/4
f 1120/3823/4 1100/1903/4 1119/1902/4
f 1105/1862/4 1101/3810/4 1103/3825/4
f 1105/1862/4 1103/3825/4 1119/1902/4
f 1098/3826/4 1097/3822/4 1120/3823/4
f 1106/1904/2 1100/3827/2 1097/1905/2
f 1108/1907/1 1098/3828/1 1120/1908/1
f 1109/1910/49 1099/3829/49 1100/1911/49
f 1107/1906/47 1097/1905/47 1098/1913/47
f 1111/1915/1 1103/1932/1 1101/1873/1
f 1112/1877/29 1105/3812/29 1099/1916/29
f 1104/1878/29 1112/1877/29 1109/1917/29
f 1116/1919/5 1115/3830/5 1102/1920/5
f 1094/1921/47 1107/1906/47 1108/1914/47
f 1096/1923/49 1109/1910/49 1106/1912/49
f 1093/1925/1 1108/1907/1 1122/1909/1
f 1095/1927/2 1106/1904/2 1107/1906/2
f 1115/1928/1 1116/3831/1 1113/1888/1
f 1113/1892/3 1116/3832/3 1111/1929/3
f 1117/1930/1 1121/1931/1 1111/1915/1
f 1121/1931/1 1119/1933/1 1103/1932/1
f 1122/1909/1 1120/1908/1 1119/1933/1
f 1117/1930/1 1118/1926/1 1122/1909/1
f 1094/3833/3 1093/3834/3 1118/3835/3
f 1117/3836/3 1102/3837/3 1115/1934/3
f 1094/3833/3 1118/3835/3 1095/1936/3
f 1118/3835/3 1117/3836/3 1095/1936/3
f 1095/1936/3 1117/3836/3 1115/1934/3
f 1096/3838/3 1095/1936/3 1104/1935/3
f 1114/3820/3 1104/1935/3 1115/1934/3
f 1128/1937/1 1131/3839/1 1127/1938/1
f 1128/1940/4 1129/3840/4 1130/1941/4
f 1147/1943/1 1138/1970/1 1123/1944/1
f 1127/1945/3 1132/3841/3 1126/1946/3
f 1143/1948/2 1141/3842/2 1140/1949/2
f 1147/1943/1 1128/1937/1 1125/1939/1
f 1125/1939/5 1126/3843/5 1133/1952/5
f 1142/1951/1 1125/1939/1 1124/1953/1
f 1152/1955/1 1150/3844/1 1143/1956/1
f 1129/1958/1 1136/3845/1 1135/1959/1
f 1123/1944/5 1136/3846/5 1129/1961/5
f 1144/1962/1 1149/3847/1 1145/1963/1
f 1140/1965/1 1141/1964/1 1142/1951/1
f 1148/1966/4 1146/3848/4 1145/1967/4
f 1147/1943/1 1145/1963/1 1139/1969/1
f 1143/1971/3 1150/3849/3 1144/1972/3
f 1126/1974/1 1132/3850/1 1134/1975/1
f 1141/1964/1 1145/1963/1 1147/1943/1
f 1146/1977/1 1148/3851/1 1153/1978/1
f 1146/1980/2 1154/3852/2 1139/1981/2
f 1156/1983/1 1162/1990/1 1166/1984/1
f 1155/1986/1 1161/2001/1 1164/1987/1
f 1156/1983/1 1157/1995/1 1163/1989/1
f 1165/1991/1 1161/2001/1 1155/1986/1
f 1160/1985/1 1166/1984/1 1165/1991/1
f 1158/1988/1 1164/1987/1 1189/1993/1
f 1157/1995/1 1182/2039/1 1190/1996/1
f 1163/1997/211 1169/2007/211 1168/1998/211
f 1171/2000/5 1167/3853/5 1161/2001/5
f 1172/2002/5 1171/2000/5 1165/1991/5
f 1164/2003/212 1170/2010/212 1197/2004/212
f 1190/2006/213 1198/3854/213 1169/2007/213
f 1168/2008/5 1172/2002/5 1166/1984/5
f 1161/2009/214 1167/3855/214 1170/2010/214
f 1160/2011/2 1178/2023/2 1174/2012/2
f 1158/2014/215 1176/2025/215 1173/2015/215
f 1156/2017/216 1174/3856/216 1175/2018/216
f 1155/2020/2 1173/3857/2 1177/2021/2
f 1159/2022/2 1177/2021/2 1178/2023/2
f 1181/2024/215 1205/3858/215 1176/2025/215
f 1157/2019/216 1175/2018/216 1206/2026/216
f 1180/2028/1 1186/2038/1 1194/2029/1
f 1192/2031/1 1187/3859/1 1179/2032/1
f 1180/2028/1 1188/2030/1 1191/2034/1
f 1179/2032/1 1187/3859/1 1193/2036/1
f 1186/2038/1 1185/2037/1 1193/2036/1
f 1189/1993/1 1192/2031/1 1184/2033/1
f 1183/2035/1 1191/2034/1 1190/1996/1
f 1196/2040/215 1199/2049/215 1191/2041/215
f 1187/2043/2 1195/3860/2 1201/2044/2
f 1193/2045/2 1201/2044/2 1202/2046/2
f 1197/2004/217 1200/2052/217 1192/2048/217
f 1199/2049/218 1198/3854/218 1190/2006/218
f 1194/2047/2 1202/2046/2 1196/2050/2
f 1200/2052/216 1195/3861/216 1187/2053/216
f 1204/2054/5 1210/2062/5 1186/2038/5
f 1203/2055/211 1208/2063/211 1184/2056/211
f 1207/2058/214 1204/3862/214 1180/2059/214
f 1209/2061/5 1203/3863/5 1179/2032/5
f 1210/2062/5 1209/2061/5 1185/2037/5
f 1208/2063/211 1205/3858/211 1181/2024/211
f 1206/2026/214 1207/2058/214 1183/2060/214
f 1215/2064/1 1219/3864/1 1216/2065/1
f 1218/1941/4 1217/3865/4 1216/2067/4
f 1235/2068/1 1216/2065/1 1211/2069/1
f 1214/2057/3 1220/3866/3 1215/2071/3
f 1228/2073/5 1229/2093/5 1231/2074/5
f 1213/2066/1 1216/2065/1 1235/2068/1
f 1221/2077/2 1214/3867/2 1213/2078/2
f 1212/2080/1 1213/2066/1 1230/2076/1
f 1240/2082/1 1239/3868/1 1231/2083/1
f 1217/2085/1 1218/3869/1 1223/2086/1
f 1217/2088/2 1224/3870/2 1211/2089/2
f 1233/2091/1 1237/3871/1 1232/2092/1
f 1230/2076/1 1229/2093/1 1228/2073/1
f 1233/2094/4 1234/3872/4 1236/2095/4
f 1235/2068/1 1226/2070/1 1227/2097/1
f 1232/2098/3 1238/3873/3 1231/2099/3
f 1214/2101/1 1221/3874/1 1222/2102/1
f 1235/2068/1 1233/2091/1 1229/2093/1
f 1234/2104/1 1242/3875/1 1241/2105/1
f 1227/2097/5 1242/3876/5 1234/2107/5
f 1244/2108/1 1248/2118/1 1254/2109/1
f 1252/2111/1 1249/3877/1 1243/2112/1
f 1244/2108/1 1250/2110/1 1251/2114/1
f 1243/2112/1 1249/3877/1 1253/2116/1
f 1248/2118/1 1247/2117/1 1253/2116/1
f 1277/2119/1 1252/2111/1 1246/2113/1
f 1245/2115/1 1251/2114/1 1278/2121/1
f 1256/2123/215 1257/2134/215 1251/2124/215
f 1249/2126/2 1255/2173/2 1259/2127/2
f 1253/2128/2 1259/2127/2 1260/2129/2
f 1285/2131/217 1258/2138/217 1252/2132/217
f 1257/2134/218 1286/3878/218 1278/2135/218
f 1254/2130/2 1260/2129/2 1256/2136/2
f 1258/2138/216 1255/3879/216 1249/2139/216
f 1262/2140/5 1266/2148/5 1248/2118/5
f 1261/2141/211 1264/2149/211 1246/2142/211
f 1263/2144/214 1262/3880/214 1244/2145/214
f 1265/2147/5 1261/3881/5 1243/2112/5
f 1266/2148/5 1265/2147/5 1247/2117/5
f 1264/2149/211 1293/3882/211 1269/2150/211
f 1294/2151/214 1263/2144/214 1245/2146/214
f 1268/2153/1 1276/2160/1 1282/2154/1
f 1267/2156/1 1275/2168/1 1280/2157/1
f 1268/2153/1 1271/2163/1 1279/2159/1
f 1281/2161/1 1275/2168/1 1267/2156/1
f 1274/2155/1 1282/2154/1 1281/2161/1
f 1272/2158/1 1280/2157/1 1277/2119/1
f 1271/2163/1 1270/2122/1 1278/2121/1
f 1279/2164/211 1287/2171/211 1284/2165/211
f 1289/2167/5 1283/3883/5 1275/2168/5
f 1290/2169/5 1289/2167/5 1281/2161/5
f 1280/2170/212 1288/2174/212 1285/2131/212
f 1278/2135/213 1286/3878/213 1287/2171/213
f 1284/2172/5 1290/2169/5 1282/2154/5
f 1275/2173/214 1283/3884/214 1288/2174/214
f 1274/2175/2 1298/2187/2 1292/2176/2
f 1272/2178/215 1296/2188/215 1291/2179/215
f 1268/2181/216 1292/3885/216 1295/2182/216
f 1267/2184/2 1291/3886/2 1297/2185/2
f 1273/2186/2 1297/2185/2 1298/2187/2
f 1269/2150/215 1293/3882/215 1296/2188/215
f 1271/2183/216 1295/2182/216 1294/2151/216
f 1301/2189/1 1302/3887/1 1300/2190/1
f 1303/2192/29 1304/3888/29 1306/2193/29
f 1299/2191/5 1300/2190/5 1304/2195/5
f 1299/2197/3 1303/2243/3 1305/2198/3
f 1304/2200/4 1300/3889/4 1302/2201/4
f 1309/2203/1 1310/3890/1 1308/2204/1
f 1311/2206/29 1312/3891/29 1314/2207/29
f 1307/2205/5 1308/2204/5 1312/2209/5
f 1307/2211/3 1311/3892/3 1313/2212/3
f 1312/2214/4 1308/3893/4 1310/2215/4
f 1315/2217/1 1317/3894/1 1318/2218/1
f 1319/2220/29 1320/3895/29 1322/2221/29
f 1315/2217/5 1316/2219/5 1320/2223/5
f 1315/2225/3 1319/3896/3 1321/2226/3
f 1320/2228/4 1316/3897/4 1318/2229/4
f 1325/2231/5 1326/2281/5 1324/2232/5
f 1327/2234/2 1328/3898/2 1330/2235/2
f 1323/2237/29 1324/3899/29 1328/2238/29
f 1323/2240/3 1327/3900/3 1329/2241/3
f 1328/2243/4 1324/3901/4 1326/2244/4
f 1333/2245/1 1334/3902/1 1332/2246/1
f 1337/2248/2 1338/3903/2 1334/2249/2
f 1335/2251/29 1336/3904/29 1338/2252/29
f 1331/2247/5 1332/2246/5 1336/2254/5
f 1331/2199/3 1335/3905/3 1337/2256/3
f 1336/2257/4 1332/3906/4 1334/2258/4
f 1341/2260/5 1342/3907/5 1340/2261/5
f 1343/2263/2 1344/3908/2 1346/2264/2
f 1343/2266/29 1339/3909/29 1340/2267/29
f 1339/2269/3 1343/3910/3 1345/2270/3
f 1344/2272/4 1340/2359/4 1342/2273/4
f 1349/2275/5 1350/3911/5 1348/2276/5
f 1351/2278/2 1352/3912/2 1354/2279/2
f 1351/2281/29 1347/3913/29 1348/2282/29
f 1349/2284/3 1347/2288/3 1351/2285/3
f 1352/2284/4 1348/2301/4 1350/2287/4
f 1357/2289/29 1358/3914/29 1356/2290/29
f 1359/2292/1 1360/2296/1 1362/2293/1
f 1355/2295/2 1356/3915/2 1360/2296/2
f 1357/2297/3 1355/3916/3 1359/2298/3
f 1360/2300/4 1356/2287/4 1358/2301/4
f 1363/2303/29 1365/3917/29 1366/2304/29
f 1367/2306/1 1368/3918/1 1370/2307/1
f 1363/2309/2 1364/3919/2 1368/2310/2
f 1365/2312/3 1363/3920/3 1367/2313/3
f 1368/2315/4 1364/2368/4 1366/2316/4
f 1373/2318/29 1374/3921/29 1372/2319/29
f 1375/2321/1 1376/3922/1 1378/2322/1
f 1375/2324/2 1371/3923/2 1372/2325/2
f 1373/2327/3 1371/3924/3 1375/2328/3
f 1376/2313/4 1372/3920/4 1374/2330/4
f 1381/2332/2 1382/3925/2 1380/2333/2
f 1383/2335/5 1384/2339/5 1386/2336/5
f 1379/2338/1 1380/3926/1 1384/2339/1
f 1381/2340/3 1379/3927/3 1383/2341/3
f 1384/2343/4 1380/3928/4 1382/2331/4
f 1389/2344/29 1390/3929/29 1388/2345/29
f 1393/2347/5 1394/2351/5 1390/2348/5
f 1391/2350/1 1392/3930/1 1394/2351/1
f 1387/2352/2 1388/3931/2 1392/2353/2
f 1387/2355/3 1391/2391/3 1393/2356/3
f 1394/2272/4 1392/2381/4 1388/2358/4
f 1397/2360/2 1398/3932/2 1396/2361/2
f 1399/2363/5 1400/2367/5 1402/2364/5
f 1395/2366/1 1396/3933/1 1400/2367/1
f 1395/2368/3 1399/3934/3 1401/2369/3
f 1400/2312/4 1396/2314/4 1398/2371/4
f 1405/2373/2 1406/2267/2 1404/2334/2
f 1407/2374/5 1408/2378/5 1410/2375/5
f 1403/2377/1 1404/3935/1 1408/2378/1
f 1405/2356/3 1403/3936/3 1407/2379/3
f 1408/2380/4 1404/2392/4 1406/2358/4
f 1413/2382/2 1414/3937/2 1412/2383/2
f 1415/2385/5 1416/2389/5 1418/2386/5
f 1411/2388/1 1412/3938/1 1416/2389/1
f 1413/2355/3 1411/3939/3 1415/2390/3
f 1416/2392/4 1412/2380/4 1414/2370/4
f 1420/2393/4 1419/3940/4 1421/2394/4
f 1426/2396/3 1423/2808/3 1424/2397/3
f 1423/2399/219 1426/3941/219 1431/2400/219
f 1426/2402/29 1425/3942/29 1434/2403/29
f 1432/2405/1 1424/3943/1 1423/2406/1
f 1429/2408/1 1428/2422/1 1419/2409/1
f 1427/2411/29 1430/2426/29 1422/2412/29
f 1428/2414/2 1427/3944/2 1421/2415/2
f 1436/2417/29 1437/2427/29 1431/2404/29
f 1435/2418/220 1433/2401/220 1431/2400/220
f 1438/2420/1 1432/2405/1 1433/2407/1
f 1429/2408/1 1438/2420/1 1435/2421/1
f 1428/2423/221 1435/2633/221 1437/2424/221
f 1430/2426/29 1427/2411/29 1437/2427/29
f 1440/2428/4 1439/3238/4 1441/2429/4
f 1446/2431/3 1443/3945/3 1444/2432/3
f 1443/2434/219 1446/3946/219 1451/2435/219
f 1446/2437/29 1445/3947/29 1454/2438/29
f 1452/2440/1 1444/3948/1 1443/2441/1
f 1449/2443/1 1448/2457/1 1439/2444/1
f 1447/2446/29 1450/2461/29 1442/2447/29
f 1448/2449/2 1447/3949/2 1441/2450/2
f 1456/2452/29 1457/2462/29 1451/2439/29
f 1455/2453/220 1453/2436/220 1451/2435/220
f 1458/2455/1 1452/2440/1 1453/2442/1
f 1449/2443/1 1458/2455/1 1455/2456/1
f 1448/2458/221 1455/3950/221 1457/2459/221
f 1450/2461/29 1447/2446/29 1457/2462/29
f 1460/2463/4 1459/3951/4 1461/2464/4
f 1466/2466/3 1463/2670/3 1464/2467/3
f 1463/2469/219 1466/3952/219 1471/2470/219
f 1466/2472/29 1465/3953/29 1474/2473/29
f 1472/2475/1 1464/3954/1 1463/2476/1
f 1469/2478/1 1468/2481/1 1459/2479/1
f 1467/2481/29 1470/2493/29 1462/2482/29
f 1468/2483/2 1467/3955/2 1461/2484/2
f 1476/2486/29 1477/2494/29 1471/2474/29
f 1475/2487/220 1473/2471/220 1471/2470/220
f 1478/2489/1 1472/2475/1 1473/2477/1
f 1469/2478/1 1478/2489/1 1475/2490/1
f 1468/2491/221 1475/2463/221 1477/2465/221
f 1470/2493/29 1467/2481/29 1477/2494/29
f 1480/2495/4 1479/2967/4 1481/2496/4
f 1486/2498/3 1483/3269/3 1484/2499/3
f 1483/2501/219 1486/3956/219 1491/2502/219
f 1486/2504/29 1485/3957/29 1494/2505/29
f 1492/2507/1 1484/3958/1 1483/2508/1
f 1489/2510/1 1488/2524/1 1479/2511/1
f 1487/2513/29 1490/2528/29 1482/2514/29
f 1488/2516/2 1487/3959/2 1481/2517/2
f 1496/2519/29 1497/2529/29 1491/2506/29
f 1495/2520/220 1493/2503/220 1491/2502/220
f 1498/2522/1 1492/2507/1 1493/2509/1
f 1489/2510/1 1498/2522/1 1495/2523/1
f 1488/2525/221 1495/3067/221 1497/2526/221
f 1490/2528/29 1487/2513/29 1497/2529/29
f 1500/2530/4 1499/3960/4 1501/2531/4
f 1506/2533/3 1503/2774/3 1504/2534/3
f 1503/2536/219 1506/3961/219 1511/2537/219
f 1506/2539/29 1505/3962/29 1514/2540/29
f 1512/2542/1 1504/3963/1 1503/2543/1
f 1509/2545/1 1508/2559/1 1499/2546/1
f 1507/2548/29 1510/2563/29 1502/2549/29
f 1508/2551/2 1507/3964/2 1501/2552/2
f 1516/2554/29 1517/2564/29 1511/2541/29
f 1515/2555/220 1513/2538/220 1511/2537/220
f 1518/2557/1 1512/2542/1 1513/2544/1
f 1509/2545/1 1518/2557/1 1515/2558/1
f 1508/2560/221 1515/3965/221 1517/2561/221
f 1510/2563/29 1507/2548/29 1517/2564/29
f 1520/2565/4 1519/3181/4 1521/2566/4
f 1526/2568/3 1523/3966/3 1524/2569/3
f 1523/2571/219 1526/3967/219 1531/2572/219
f 1526/2574/29 1525/3968/29 1534/2575/29
f 1532/2577/1 1524/3969/1 1523/2578/1
f 1529/2580/1 1528/2594/1 1519/2581/1
f 1527/2583/29 1530/2598/29 1522/2584/29
f 1528/2586/2 1527/3970/2 1521/2587/2
f 1536/2589/29 1537/2599/29 1531/2576/29
f 1535/2590/220 1533/2573/220 1531/2572/220
f 1538/2592/1 1532/2577/1 1533/2579/1
f 1529/2580/1 1538/2592/1 1535/2593/1
f 1528/2595/221 1535/3971/221 1537/2596/221
f 1530/2598/29 1527/2583/29 1537/2599/29
f 1540/2600/4 1539/2737/4 1541/2601/4
f 1546/2603/3 1543/3972/3 1544/2604/3
f 1543/2606/219 1546/3973/219 1551/2607/219
f 1546/2609/29 1545/3974/29 1554/2610/29
f 1552/2612/1 1544/3975/1 1543/2613/1
f 1549/2615/1 1548/2627/1 1539/2616/1
f 1547/2457/29 1550/2631/29 1542/2618/29
f 1548/2619/2 1547/3976/2 1541/2620/2
f 1556/2622/29 1557/2632/29 1551/2611/29
f 1555/2623/220 1553/2608/220 1551/2607/220
f 1558/2625/1 1552/2612/1 1553/2614/1
f 1549/2615/1 1558/2625/1 1555/2626/1
f 1548/2628/221 1555/3977/221 1557/2629/221
f 1550/2631/29 1547/2457/29 1557/2632/29
f 1560/2633/4 1559/3978/4 1561/2634/4
f 1566/2635/3 1563/3979/3 1564/2636/3
f 1563/2638/222 1566/3980/222 1571/2639/222
f 1566/2641/5 1565/3981/5 1574/2642/5
f 1572/2644/2 1564/3982/2 1563/2645/2
f 1569/2647/2 1568/2662/2 1559/2648/2
f 1567/2650/5 1570/2665/5 1562/2651/5
f 1568/2653/29 1567/3983/29 1561/2654/29
f 1576/2656/5 1577/2666/5 1571/2643/5
f 1575/2657/223 1573/3984/223 1571/2658/223
f 1578/2660/2 1572/2644/2 1573/2646/2
f 1569/2647/2 1578/2660/2 1575/2661/2
f 1568/2663/224 1575/2657/224 1577/2659/224
f 1570/2665/5 1567/2650/5 1577/2666/5
f 1580/2667/4 1579/3985/4 1581/2668/4
f 1586/2670/3 1583/3986/3 1584/2671/3
f 1583/2672/222 1586/3987/222 1591/2673/222
f 1586/2675/5 1585/3988/5 1594/2676/5
f 1592/2678/2 1584/3989/2 1583/2679/2
f 1589/2681/2 1588/2696/2 1579/2682/2
f 1587/2684/5 1590/2699/5 1582/2685/5
f 1588/2687/29 1587/3990/29 1581/2688/29
f 1596/2690/5 1597/2700/5 1591/2677/5
f 1595/2691/223 1593/3991/223 1591/2692/223
f 1598/2694/2 1592/2678/2 1593/2680/2
f 1589/2681/2 1598/2694/2 1595/2695/2
f 1588/2697/224 1595/2691/224 1597/2693/224
f 1590/2699/5 1587/2684/5 1597/2700/5
f 1600/2701/4 1599/3204/4 1601/2702/4
f 1606/2704/3 1603/3992/3 1604/2705/3
f 1603/2707/222 1606/3993/222 1611/2708/222
f 1606/2710/5 1605/3994/5 1614/2711/5
f 1612/2713/2 1604/3995/2 1603/2714/2
f 1609/2716/2 1608/2731/2 1599/2717/2
f 1607/2719/5 1610/2734/5 1602/2720/5
f 1608/2722/29 1607/3996/29 1601/2723/29
f 1616/2725/5 1617/2735/5 1611/2712/5
f 1615/2726/223 1613/3997/223 1611/2727/223
f 1618/2729/2 1612/2713/2 1613/2715/2
f 1609/2716/2 1618/2729/2 1615/2730/2
f 1608/2732/224 1615/2726/224 1617/2728/224
f 1610/2734/5 1607/2719/5 1617/2735/5
f 1620/2736/4 1619/2601/4 1621/2737/4
f 1626/2739/3 1623/2753/3 1624/2740/3
f 1623/2742/222 1626/3998/222 1631/2743/222
f 1626/2745/5 1625/3999/5 1634/2746/5
f 1632/2748/2 1624/4000/2 1623/2749/2
f 1629/2751/2 1628/2766/2 1619/2752/2
f 1627/2754/5 1630/2769/5 1622/2755/5
f 1628/2757/29 1627/4001/29 1621/2758/29
f 1636/2760/5 1637/2770/5 1631/2747/5
f 1635/2761/223 1633/4002/223 1631/2762/223
f 1638/2764/2 1632/2748/2 1633/2750/2
f 1629/2751/2 1638/2764/2 1635/2765/2
f 1628/2767/224 1635/2761/224 1637/2763/224
f 1630/2769/5 1627/2754/5 1637/2770/5
f 1640/2771/4 1639/4003/4 1641/2772/4
f 1646/2774/3 1643/4004/3 1644/2775/3
f 1643/2776/222 1646/4005/222 1651/2777/222
f 1646/2779/5 1645/4006/5 1654/2780/5
f 1652/2782/2 1644/4007/2 1643/2783/2
f 1649/2785/2 1648/2800/2 1639/2786/2
f 1647/2788/5 1650/2803/5 1642/2789/5
f 1648/2791/29 1647/4008/29 1641/2792/29
f 1656/2794/5 1657/2804/5 1651/2781/5
f 1655/2795/223 1653/4009/223 1651/2796/223
f 1658/2798/2 1652/2782/2 1653/2784/2
f 1649/2785/2 1658/2798/2 1655/2799/2
f 1648/2801/224 1655/2795/224 1657/2797/224
f 1650/2803/5 1647/2788/5 1657/2804/5
f 1660/2805/4 1659/4010/4 1661/2806/4
f 1666/2808/3 1663/4011/3 1664/2809/3
f 1663/2810/222 1666/4012/222 1671/2811/222
f 1666/2813/5 1665/4013/5 1674/2814/5
f 1672/2816/2 1664/4014/2 1663/2817/2
f 1669/2819/2 1668/2834/2 1659/2820/2
f 1667/2822/5 1670/2837/5 1662/2823/5
f 1668/2825/29 1667/4015/29 1661/2826/29
f 1676/2828/5 1677/2838/5 1671/2815/5
f 1675/2829/223 1673/4016/223 1671/2830/223
f 1678/2832/2 1672/2816/2 1673/2818/2
f 1669/2819/2 1678/2832/2 1675/2833/2
f 1668/2835/224 1675/2829/224 1677/2831/224
f 1670/2837/5 1667/2822/5 1677/2838/5
f 1680/2839/4 1679/4017/4 1681/2840/4
f 1686/2842/3 1683/4018/3 1684/2843/3
f 1683/2845/222 1686/4019/222 1691/2846/222
f 1686/2848/5 1685/4020/5 1694/2849/5
f 1692/2851/2 1684/4021/2 1683/2852/2
f 1689/2854/2 1688/2869/2 1679/2855/2
f 1687/2857/5 1690/2872/5 1682/2858/5
f 1688/2860/29 1687/4022/29 1681/2861/29
f 1696/2863/5 1697/2873/5 1691/2850/5
f 1695/2864/223 1693/4023/223 1691/2865/223
f 1698/2867/2 1692/2851/2 1693/2853/2
f 1689/2854/2 1698/2867/2 1695/2868/2
f 1688/2870/224 1695/2864/224 1697/2866/224
f 1690/2872/5 1687/2857/5 1697/2873/5
f 1700/2874/4 1699/4024/4 1701/2875/4
f 1706/2877/3 1703/4025/3 1704/2878/3
f 1703/2880/225 1706/2883/225 1711/2881/225
f 1706/2883/1 1705/4026/1 1714/2884/1
f 1712/2885/29 1704/4027/29 1703/2886/29
f 1709/2888/29 1708/2901/29 1699/2889/29
f 1707/2891/1 1710/2905/1 1702/2892/1
f 1708/2894/5 1707/2891/5 1701/2893/5
f 1716/2896/1 1717/2898/1 1711/2881/1
f 1715/2897/226 1713/2882/226 1711/2881/226
f 1718/2899/29 1712/2885/29 1713/2887/29
f 1709/2888/29 1718/2899/29 1715/2900/29
f 1708/2902/227 1715/4028/227 1717/2903/227
f 1710/2905/1 1707/2891/1 1717/2898/1
f 1720/2906/4 1719/4029/4 1721/2907/4
f 1726/2909/3 1723/4030/3 1724/2910/3
f 1723/2912/225 1726/2915/225 1731/2913/225
f 1726/2915/1 1725/4031/1 1734/2916/1
f 1732/2917/29 1724/4032/29 1723/2918/29
f 1729/2920/29 1728/2933/29 1719/2921/29
f 1727/2923/1 1730/2937/1 1722/2924/1
f 1728/2926/5 1727/2923/5 1721/2925/5
f 1736/2928/1 1737/2930/1 1731/2913/1
f 1735/2929/226 1733/2914/226 1731/2913/226
f 1738/2931/29 1732/2917/29 1733/2919/29
f 1729/2920/29 1738/2931/29 1735/2932/29
f 1728/2934/227 1735/4033/227 1737/2935/227
f 1730/2937/1 1727/2923/1 1737/2930/1
f 1740/2938/4 1739/4034/4 1741/2939/4
f 1746/2941/3 1743/4035/3 1744/2942/3
f 1743/2944/225 1746/2947/225 1751/2945/225
f 1746/2947/1 1745/4036/1 1754/2948/1
f 1752/2949/29 1744/4037/29 1743/2950/29
f 1749/2952/29 1748/2965/29 1739/2953/29
f 1747/2955/1 1750/2969/1 1742/2956/1
f 1748/2958/5 1747/2955/5 1741/2957/5
f 1756/2960/1 1757/2962/1 1751/2945/1
f 1755/2961/226 1753/2946/226 1751/2945/226
f 1758/2963/29 1752/2949/29 1753/2951/29
f 1749/2952/29 1758/2963/29 1755/2964/29
f 1748/2966/227 1755/2496/227 1757/2967/227
f 1750/2969/1 1747/2955/1 1757/2962/1
f 1760/2970/4 1759/4038/4 1761/2971/4
f 1766/2973/3 1763/4039/3 1764/2974/3
f 1763/2976/225 1766/2979/225 1771/2977/225
f 1766/2979/1 1765/4040/1 1774/2980/1
f 1772/2981/29 1764/4041/29 1763/2982/29
f 1769/2984/29 1768/2997/29 1759/2985/29
f 1767/2987/1 1770/3001/1 1762/2988/1
f 1768/2990/5 1767/2987/5 1761/2989/5
f 1776/2992/1 1777/2994/1 1771/2977/1
f 1775/2993/226 1773/2978/226 1771/2977/226
f 1778/2995/29 1772/2981/29 1773/2983/29
f 1769/2984/29 1778/2995/29 1775/2996/29
f 1768/2998/227 1775/4042/227 1777/2999/227
f 1770/3001/1 1767/2987/1 1777/2994/1
f 1780/3002/4 1779/4043/4 1781/3003/4
f 1786/3005/3 1783/4044/3 1784/3006/3
f 1783/3008/225 1786/3011/225 1791/3009/225
f 1786/3011/1 1785/4045/1 1794/3012/1
f 1792/3013/29 1784/4046/29 1783/3014/29
f 1789/3016/29 1788/3029/29 1779/3017/29
f 1787/3019/1 1790/3033/1 1782/3020/1
f 1788/3022/5 1787/3019/5 1781/3021/5
f 1796/3024/1 1797/3026/1 1791/3009/1
f 1795/3025/226 1793/3010/226 1791/3009/226
f 1798/3027/29 1792/3013/29 1793/3015/29
f 1789/3016/29 1798/3027/29 1795/3028/29
f 1788/3030/227 1795/4047/227 1797/3031/227
f 1790/3033/1 1787/3019/1 1797/3026/1
f 1800/3034/4 1799/4048/4 1801/3035/4
f 1806/3037/3 1803/4049/3 1804/3038/3
f 1803/3040/225 1806/3043/225 1811/3041/225
f 1806/3043/1 1805/4050/1 1814/3044/1
f 1812/3045/29 1804/4051/29 1803/3046/29
f 1809/3048/29 1808/3061/29 1799/3049/29
f 1807/3051/1 1810/3065/1 1802/3052/1
f 1808/3054/5 1807/3051/5 1801/3053/5
f 1816/3056/1 1817/3066/1 1811/3041/1
f 1815/3057/226 1813/3047/226 1811/3058/226
f 1818/3060/29 1812/3045/29 1813/3047/29
f 1809/3048/29 1818/3060/29 1815/3057/29
f 1808/3062/227 1815/4052/227 1817/3063/227
f 1810/3065/1 1807/3051/1 1817/3066/1
f 1820/3067/4 1819/4053/4 1821/3068/4
f 1826/3069/3 1823/3270/3 1824/3070/3
f 1823/3072/225 1826/3075/225 1831/3073/225
f 1826/3075/1 1825/4054/1 1834/3076/1
f 1832/3077/29 1824/4055/29 1823/3078/29
f 1829/3080/29 1828/3093/29 1819/3081/29
f 1827/3083/1 1830/3096/1 1822/3084/1
f 1828/3086/5 1827/3083/5 1821/3085/5
f 1836/3088/1 1837/3090/1 1831/3073/1
f 1835/3089/226 1833/3074/226 1831/3073/226
f 1838/3091/29 1832/3077/29 1833/3079/29
f 1829/3080/29 1838/3091/29 1835/3092/29
f 1828/3094/227 1835/4056/227 1837/3095/227
f 1830/3096/1 1827/3083/1 1837/3090/1
f 1840/3097/4 1839/4057/4 1841/3098/4
f 1846/3100/3 1843/4058/3 1844/3101/3
f 1843/3103/228 1846/4059/228 1851/3104/228
f 1846/3106/2 1845/4060/2 1854/3107/2
f 1852/3109/5 1844/4061/5 1843/3103/5
f 1849/3110/5 1848/3116/5 1839/3111/5
f 1847/3113/2 1850/3126/2 1842/3114/2
f 1848/3116/1 1847/4062/1 1841/3117/1
f 1856/3118/2 1857/3127/2 1851/3108/2
f 1855/3119/229 1853/4063/229 1851/3120/229
f 1858/3122/5 1852/3109/5 1853/3105/5
f 1849/3110/5 1858/3122/5 1855/3123/5
f 1848/3124/230 1855/3119/230 1857/3121/230
f 1850/3126/2 1847/3113/2 1857/3127/2
f 1860/3125/4 1859/4064/4 1861/3128/4
f 1866/3129/3 1863/4065/3 1864/3130/3
f 1863/3132/228 1866/4066/228 1871/3133/228
f 1866/3135/2 1865/4067/2 1874/3136/2
f 1872/3138/5 1864/4068/5 1863/3132/5
f 1869/3139/5 1868/3145/5 1859/3140/5
f 1867/3142/2 1870/3155/2 1862/3143/2
f 1868/3145/1 1867/4069/1 1861/3146/1
f 1876/3147/2 1877/3156/2 1871/3137/2
f 1875/3148/229 1873/4070/229 1871/3149/229
f 1878/3151/5 1872/3138/5 1873/3134/5
f 1869/3139/5 1878/3151/5 1875/3152/5
f 1868/3153/230 1875/3148/230 1877/3150/230
f 1870/3155/2 1867/3142/2 1877/3156/2
f 1882/2879/4 1880/2878/4 1879/2736/4
f 1885/3157/3 1886/4071/3 1883/3158/3
f 1883/3160/228 1886/4072/228 1891/3161/228
f 1886/3163/2 1885/4073/2 1894/3164/2
f 1892/3166/5 1884/4074/5 1883/3160/5
f 1889/3167/5 1888/3173/5 1879/3168/5
f 1887/3170/2 1890/3182/2 1882/3171/2
f 1888/3173/1 1887/4075/1 1881/3174/1
f 1896/3175/2 1897/3183/2 1891/3165/2
f 1895/3176/229 1893/4076/229 1891/3177/229
f 1898/3179/5 1892/3166/5 1893/3162/5
f 1889/3167/5 1898/3179/5 1895/3180/5
f 1888/3181/230 1895/3176/230 1897/3178/230
f 1890/3182/2 1887/3170/2 1897/3183/2
f 1900/3064/4 1899/4077/4 1901/3184/4
f 1906/2706/3 1903/4078/3 1904/3186/3
f 1903/3187/228 1906/4079/228 1911/3188/228
f 1906/3190/2 1905/4080/2 1914/3191/2
f 1912/3193/5 1904/4081/5 1903/3187/5
f 1909/3194/5 1908/3200/5 1899/3195/5
f 1907/3197/2 1910/3210/2 1902/3198/2
f 1908/3200/1 1907/4082/1 1901/3201/1
f 1916/3202/2 1917/3211/2 1911/3192/2
f 1915/3203/229 1913/2702/229 1911/3204/229
f 1918/3206/5 1912/3193/5 1913/3189/5
f 1909/3194/5 1918/3206/5 1915/3207/5
f 1908/3208/230 1915/3203/230 1917/3205/230
f 1910/3210/2 1907/3197/2 1917/3211/2
f 1922/2840/4 1920/4017/4 1919/3212/4
f 1925/3214/3 1926/4083/3 1923/3215/3
f 1923/3217/228 1926/4084/228 1931/3218/228
f 1926/3220/2 1925/4085/2 1934/3221/2
f 1932/3223/5 1924/4086/5 1923/3217/5
f 1929/3224/5 1928/3230/5 1919/3225/5
f 1927/3227/2 1930/3239/2 1922/3228/2
f 1928/3230/1 1927/4087/1 1921/3231/1
f 1936/3232/2 1937/3240/2 1931/3222/2
f 1935/3233/229 1933/4088/229 1931/3234/229
f 1938/3236/5 1932/3223/5 1933/3219/5
f 1929/3224/5 1938/3236/5 1935/3237/5
f 1928/3238/230 1935/3233/230 1937/3235/230
f 1930/3239/2 1927/3227/2 1937/3240/2
f 1940/2567/4 1939/4089/4 1941/3241/4
f 1946/3242/3 1943/2617/3 1944/3243/3
f 1943/3245/228 1946/4090/228 1951/3246/228
f 1946/3248/2 1945/4091/2 1954/3249/2
f 1952/3251/5 1944/4092/5 1943/3245/5
f 1949/3252/5 1948/3258/5 1939/3253/5
f 1947/3255/2 1950/3267/2 1942/3256/2
f 1948/3258/1 1947/4093/1 1941/3259/1
f 1956/3260/2 1957/3268/2 1951/3250/2
f 1955/3261/229 1953/4094/229 1951/3262/229
f 1958/3264/5 1952/3251/5 1953/3247/5
f 1949/3252/5 1958/3264/5 1955/3265/5
f 1948/3229/230 1955/3261/230 1957/3263/230
f 1950/3267/2 1947/3255/2 1957/3268/2
f 1960/3212/4 1959/2667/4 1961/2669/4
f 1966/3269/3 1963/3070/3 1964/3270/3
f 1963/3271/228 1966/4095/228 1971/3272/228
f 1966/3274/2 1965/4096/2 1974/3275/2
f 1972/3277/5 1964/4097/5 1963/3271/5
f 1969/3278/5 1968/3284/5 1959/3279/5
f 1967/3281/2 1970/3294/2 1962/3282/2
f 1968/3284/1 1967/4098/1 1961/3285/1
f 1976/3286/2 1977/3295/2 1971/3276/2
f 1975/3287/229 1973/4099/229 1971/3288/229
f 1978/3290/5 1972/3277/5 1973/3273/5
f 1969/3278/5 1978/3290/5 1975/3291/5
f 1968/3292/230 1975/3287/230 1977/3289/230
f 1970/3294/2 1967/3281/2 1977/3295/2
