# Blender 5.1.0
# www.blender.org
mtllib SignBookshop.mtl
o Sign_Bookshop
v -0.042161 -0.202062 0.119449
v -0.042161 0.202062 0.119449
v 0.082839 -0.202062 0.119449
v 0.082839 0.202062 0.119449
v -0.042161 -0.202062 -0.106553
v -0.018020 -0.202062 -0.166336
v -0.038015 -0.202062 -0.147098
v -0.029210 -0.202062 -0.158326
v -0.018020 0.202062 -0.166336
v -0.042161 0.202062 -0.106553
v -0.029210 0.202062 -0.158326
v -0.038015 0.202062 -0.147098
v 0.058698 -0.202062 -0.166336
v 0.082839 -0.202062 -0.106553
v 0.069888 -0.202062 -0.158326
v 0.078693 -0.202062 -0.147098
v 0.082839 0.202062 -0.106553
v 0.058698 0.202062 -0.166336
v 0.078693 0.202062 -0.147098
v 0.069888 0.202062 -0.158326
v -0.029222 -0.202062 0.119449
v -0.029222 0.202062 0.119449
v 0.069900 0.202062 0.119449
v 0.069900 -0.202062 0.119449
v -0.019921 0.202062 -0.143071
v -0.011884 0.202062 -0.150201
v -0.011884 -0.202062 -0.150201
v -0.019921 -0.202062 -0.143071
v -0.026244 0.202062 -0.133075
v -0.026244 -0.202062 -0.133075
v -0.029222 0.202062 -0.096983
v -0.029222 -0.202062 -0.096983
v 0.066922 0.202062 -0.133075
v 0.069900 0.202062 -0.096983
v 0.069900 -0.202062 -0.096983
v 0.066922 -0.202062 -0.133075
v 0.060598 0.202062 -0.143071
v 0.060598 -0.202062 -0.143071
v 0.052562 0.202062 -0.150201
v 0.052562 -0.202062 -0.150201
v -0.042161 0.175913 -0.106553
v -0.038015 0.175913 -0.147098
v -0.029210 0.175913 -0.158326
v -0.018020 0.175913 -0.166336
v -0.029222 0.175913 0.119449
v 0.069900 0.175913 0.119449
v 0.082839 0.175913 0.119449
v -0.042161 0.175913 0.119449
v 0.082839 0.175913 -0.106553
v 0.078693 0.175913 -0.147098
v 0.069888 0.175913 -0.158326
v 0.058698 0.175913 -0.166336
v -0.011884 0.175913 -0.150201
v -0.019921 0.175913 -0.143071
v -0.026244 0.175913 -0.133075
v -0.029222 0.175913 -0.096983
v 0.069900 0.175913 -0.096983
v 0.066922 0.175913 -0.133075
v 0.060598 0.175913 -0.143071
v 0.052562 0.175913 -0.150201
v 0.082839 -0.185167 0.119449
v 0.069900 -0.185167 0.119449
v -0.018020 -0.185167 -0.166336
v 0.082839 -0.185167 -0.106553
v -0.011884 -0.185167 -0.150201
v 0.069900 -0.185167 -0.096983
v 0.058698 -0.185167 -0.166336
v -0.038015 -0.185167 -0.147098
v 0.069888 -0.185167 -0.158326
v -0.029222 -0.185167 0.119449
v -0.042161 -0.185167 0.119449
v -0.029210 -0.185167 -0.158326
v -0.042161 -0.185167 -0.106553
v 0.078693 -0.185167 -0.147098
v -0.019921 -0.185167 -0.143071
v -0.026244 -0.185167 -0.133075
v -0.029222 -0.185167 -0.096983
v 0.066922 -0.185167 -0.133075
v 0.060598 -0.185167 -0.143071
v 0.052562 -0.185167 -0.150201
v 0.082839 -0.202062 0.106719
v 0.082839 0.202062 0.106719
v 0.069900 -0.202062 0.106719
v 0.069900 0.202062 0.106719
v 0.082839 0.175913 0.106719
v 0.069900 0.175913 0.106719
v 0.069900 -0.185167 0.106719
v 0.082839 -0.185167 0.106719
v -0.042161 -0.202062 0.106719
v -0.042161 0.202062 0.106719
v -0.029222 -0.202062 0.106719
v -0.029222 0.202062 0.106719
v -0.042161 0.175913 0.106719
v -0.029222 0.175913 0.106719
v -0.029222 -0.185167 0.106719
v -0.042161 -0.185167 0.106719
v -0.045680 0.204517 0.120961
v -0.045680 0.136144 0.120961
v -0.045680 0.204517 0.020719
v -0.034740 0.204517 0.120961
v -0.034740 0.136144 0.120961
v -0.034740 0.204517 0.020719
v 0.079066 -0.035996 0.119871
v 0.007951 0.004751 0.129356
v 0.003731 -0.015623 0.138835
v 0.007903 -0.035996 0.129356
v -0.057238 -0.015623 0.101560
v 0.079146 0.004751 0.119835
v 0.102862 -0.015734 0.088262
v -0.048003 -0.035996 0.096250
v -0.048003 0.004751 0.096250
v 0.072925 -0.015623 0.111903
v 0.085288 -0.015623 0.127803
v 0.025435 -0.015450 0.135308
v 0.050536 -0.015447 0.152798
v 0.047161 -0.015470 0.144860
v 0.044372 -0.018549 0.148634
v 0.044635 -0.012346 0.148279
v 0.041845 -0.015426 0.152053
v 0.089732 -0.036322 0.000239
v 0.091543 -0.036108 0.085158
v 0.080260 -0.015734 0.081969
v 0.091578 0.004640 0.085074
v 0.091554 -0.036211 -0.088976
v 0.099925 -0.015948 -0.000232
v 0.089728 0.004425 0.000143
v 0.079536 -0.015948 0.000613
v 0.029765 -0.015427 0.143601
v 0.032061 -0.012347 0.139519
v 0.031845 -0.018552 0.139904
v 0.034140 -0.015472 0.135822
v -0.047020 0.004751 -0.018430
v -0.053524 -0.015622 -0.129816
v -0.057098 -0.015622 -0.016507
v -0.047020 -0.035996 -0.018430
v -0.036942 -0.015622 -0.020352
v -0.036261 -0.035996 -0.162370
v -0.044306 -0.035996 -0.127802
v -0.035088 -0.015622 -0.125787
v -0.044306 0.004751 -0.127802
v -0.029386 -0.015622 -0.155030
v -0.036261 0.004751 -0.162370
v -0.043137 -0.015622 -0.169710
v -0.038768 -0.015622 0.090940
v 0.012123 -0.015623 0.119878
v 0.011742 0.004751 -0.171400
v 0.013121 -0.015622 -0.162078
v 0.011742 -0.035996 -0.171400
v 0.061481 -0.015622 -0.158053
v 0.086066 0.004751 -0.138900
v 0.066578 0.004751 -0.166480
v 0.071675 -0.015622 -0.174907
v 0.066578 -0.035996 -0.166480
v 0.091547 0.004537 -0.089024
v 0.094934 -0.015622 -0.143016
v 0.086066 -0.035996 -0.138900
v 0.077198 -0.015622 -0.134785
v 0.101715 -0.015837 -0.090395
v 0.081387 -0.015837 -0.087605
v -0.011910 -0.034892 0.152297
v -0.011910 0.003647 0.152297
v -0.011199 -0.015623 0.161845
v -0.012620 -0.015623 0.142749
v -0.036749 -0.015623 0.151105
v 0.039224 -0.015623 0.131954
v 0.044246 -0.015623 0.150432
v 0.041735 0.003647 0.141193
v 0.041735 -0.034892 0.141193
v 0.010363 -0.015622 -0.180722
v 0.083773 -0.000342 0.125802
v 0.078561 -0.015650 0.101382
v 0.074500 -0.000342 0.113877
v 0.099665 -0.015650 0.112571
v 0.089144 0.004723 0.106944
v 0.089082 -0.036024 0.107009
v 0.011056 -0.030903 0.122247
v 0.074440 -0.030903 0.113904
v 0.004798 -0.000342 0.136465
v 0.083712 -0.030903 0.125829
v 0.053921 -0.015623 0.116933
v 0.054914 -0.015623 0.135908
v 0.054458 0.004751 0.126416
v 0.054378 -0.035996 0.126425
v 0.026990 -0.017853 0.136559
v 0.025529 -0.015429 0.139482
v 0.028600 -0.015471 0.133336
v 0.027139 -0.013046 0.136258
v 0.048924 -0.017850 0.151845
v 0.046904 -0.015427 0.154420
v 0.051151 -0.015467 0.149006
v 0.049131 -0.013045 0.151581
v 0.046401 -0.017786 0.145895
v 0.033676 -0.013148 0.136649
v 0.042409 -0.017762 0.151285
v 0.030393 -0.013098 0.142485
v 0.011092 -0.000342 0.122247
v 0.004762 -0.030903 0.136465
v -0.043939 -0.035996 0.121639
v -0.043927 0.004751 0.121639
v -0.051486 -0.015623 0.129685
v -0.036379 -0.015623 0.113594
v 0.079943 -0.015843 0.049701
v 0.100931 -0.015843 0.051715
v 0.090443 0.004531 0.050661
v 0.090432 -0.036217 0.050754
v 0.100023 -0.031014 0.087507
v 0.100050 -0.000454 0.087444
v 0.083072 -0.031014 0.082787
v 0.083098 -0.000454 0.082725
v 0.079771 -0.015972 -0.050190
v 0.100101 -0.015972 -0.052596
v 0.089931 0.004402 -0.051435
v 0.089941 -0.036346 -0.051351
v 0.082086 -0.031229 0.000544
v 0.097378 -0.031229 -0.000090
v 0.097375 -0.000668 -0.000162
v 0.082083 -0.000668 0.000472
v 0.033512 -0.017785 0.136939
v 0.046593 -0.013144 0.145624
v 0.030232 -0.017767 0.142772
v 0.042611 -0.013100 0.151023
v 0.035939 -0.015430 0.147760
v 0.038470 -0.012424 0.143917
v 0.038229 -0.018474 0.144282
v 0.040760 -0.015468 0.140439
v -0.037159 -0.015622 0.047698
v -0.056894 -0.015622 0.053236
v -0.047026 -0.035996 0.050467
v -0.047026 0.004751 0.050467
v -0.041077 -0.000342 0.092268
v -0.054929 -0.000342 0.100232
v -0.054929 -0.030903 0.100232
v -0.041077 -0.030903 0.092268
v -0.036718 -0.015622 -0.086938
v -0.056444 -0.015622 -0.085062
v -0.046581 -0.035996 -0.086000
v -0.046581 0.004751 -0.086000
v -0.039461 -0.000342 -0.019871
v -0.054579 -0.000342 -0.016988
v -0.054579 -0.030903 -0.016988
v -0.039461 -0.030903 -0.019871
v -0.032496 -0.015622 -0.145588
v -0.048900 -0.015622 -0.156217
v -0.040698 -0.035996 -0.150902
v -0.040698 0.004751 -0.150902
v -0.051219 -0.000342 -0.129313
v -0.051220 -0.030903 -0.129313
v -0.037393 -0.030903 -0.126291
v -0.037393 -0.000342 -0.126291
v -0.017075 -0.015622 -0.158923
v -0.026595 -0.015622 -0.175982
v -0.021835 -0.035996 -0.167452
v -0.021835 0.004751 -0.167452
v -0.041418 -0.030903 -0.167875
v -0.031105 -0.030903 -0.156865
v -0.031105 -0.000342 -0.156865
v -0.041418 -0.000342 -0.167875
v 0.044780 -0.015622 -0.162464
v 0.049275 -0.015622 -0.181255
v 0.047027 -0.035996 -0.171859
v 0.047027 0.004751 -0.171859
v 0.010708 -0.030903 -0.178391
v 0.012776 -0.030903 -0.164408
v 0.012776 -0.000342 -0.164408
v 0.010708 -0.000342 -0.178391
v 0.070021 -0.015622 -0.148831
v 0.084563 -0.015622 -0.162040
v 0.077292 -0.035996 -0.155436
v 0.077292 0.004751 -0.155436
v 0.062755 -0.030903 -0.160160
v 0.062755 -0.000342 -0.160160
v 0.070401 -0.000342 -0.172800
v 0.070401 -0.030903 -0.172800
v 0.081492 -0.015676 -0.114761
v 0.101186 -0.015676 -0.118809
v 0.091340 -0.036050 -0.116779
v 0.091338 0.004698 -0.116791
v 0.079415 -0.000342 -0.135814
v 0.092717 -0.000342 -0.141987
v 0.092717 -0.030903 -0.141987
v 0.079415 -0.030903 -0.135814
v 0.083925 -0.000557 -0.087972
v 0.099171 -0.000557 -0.090064
v 0.099177 -0.031117 -0.090028
v 0.083930 -0.031117 -0.087936
v 0.067128 -0.015623 0.119812
v 0.073950 -0.015623 0.137981
v 0.070539 -0.034892 0.128896
v 0.070539 0.003647 0.128896
v 0.039852 -0.030075 0.134264
v 0.043618 -0.001170 0.148122
v -0.012442 -0.001170 0.145136
v -0.011377 -0.030075 0.159458
v -0.030539 -0.030075 0.151403
v -0.030539 -0.001170 0.151403
v -0.030457 -0.015623 0.158641
v -0.030622 -0.015623 0.144165
v -0.012442 -0.030075 0.145136
v -0.011377 -0.001170 0.159458
v 0.039852 -0.001170 0.134264
v 0.043618 -0.030075 0.148122
v 0.012311 -0.015623 0.140724
v 0.015532 -0.015623 0.159510
v 0.013921 0.003647 0.150117
v 0.013921 -0.034892 0.150117
v 0.081176 -0.030931 0.102806
v 0.081222 -0.000370 0.102756
v 0.097050 -0.000370 0.111147
v 0.097004 -0.030931 0.111197
v 0.054760 -0.030903 0.133539
v 0.054821 -0.000342 0.133533
v 0.054015 -0.030903 0.119309
v 0.054076 -0.000342 0.119302
v 0.029443 -0.017218 0.135145
v 0.029558 -0.013710 0.134925
v 0.027107 -0.017197 0.139604
v 0.027221 -0.013674 0.139386
v 0.049315 -0.017216 0.148966
v 0.046244 -0.017193 0.152968
v 0.046396 -0.013674 0.152774
v 0.049463 -0.013707 0.148767
v -0.038263 -0.000342 0.115605
v -0.038272 -0.030903 0.115605
v -0.049602 -0.030903 0.127673
v -0.049593 -0.000342 0.127673
v 0.082563 -0.031124 0.049987
v 0.082571 -0.000563 0.049918
v 0.098303 -0.031124 0.051498
v 0.098311 -0.000563 0.051428
v 0.082316 -0.031252 -0.050459
v 0.082309 -0.000692 -0.050522
v 0.097563 -0.031252 -0.052264
v 0.097556 -0.000692 -0.052327
v 0.040068 -0.017724 0.141493
v 0.040246 -0.013202 0.141215
v 0.036450 -0.017711 0.146980
v 0.036633 -0.013158 0.146710
v -0.039626 -0.000342 0.048390
v -0.039626 -0.030903 0.048390
v -0.054427 -0.000342 0.052544
v -0.054427 -0.030903 0.052544
v -0.039184 -0.000342 -0.086703
v -0.039184 -0.030903 -0.086703
v -0.053979 -0.000342 -0.085296
v -0.053979 -0.030903 -0.085296
v -0.034547 -0.000342 -0.146916
v -0.034547 -0.030903 -0.146916
v -0.046850 -0.000342 -0.154888
v -0.046850 -0.030903 -0.154888
v -0.018265 -0.000342 -0.161055
v -0.018265 -0.030903 -0.161055
v -0.025405 -0.000342 -0.173850
v -0.025405 -0.030903 -0.173850
v 0.045341 -0.000342 -0.164813
v 0.045341 -0.030903 -0.164813
v 0.048713 -0.000342 -0.178906
v 0.048713 -0.030903 -0.178906
v 0.071839 -0.000342 -0.150482
v 0.071839 -0.030903 -0.150482
v 0.082745 -0.000342 -0.160389
v 0.082745 -0.030903 -0.160389
v 0.083953 -0.000396 -0.115271
v 0.083954 -0.030956 -0.115262
v 0.098724 -0.000396 -0.118307
v 0.098725 -0.030956 -0.118298
v 0.067981 -0.030075 0.122083
v 0.067981 -0.001170 0.122083
v 0.073097 -0.001170 0.135710
v 0.073097 -0.030075 0.135710
v -0.025904 -0.004917 0.146296
v -0.025904 -0.026328 0.146296
v -0.025515 -0.026328 0.156973
v -0.025515 -0.004917 0.156973
v 0.012714 -0.030075 0.143072
v 0.015129 -0.001170 0.157162
v 0.012714 -0.001170 0.143072
v 0.015129 -0.030075 0.157162
v -0.045680 -0.203362 0.120961
v -0.045680 -0.134988 0.120961
v -0.045680 -0.203362 0.020719
v -0.034740 -0.203362 0.120961
v -0.034740 -0.134988 0.120961
v -0.034740 -0.203362 0.020719
v 0.084765 0.204517 0.120961
v 0.084765 0.136144 0.120961
v 0.084765 0.204517 0.020719
v 0.073825 0.204517 0.120961
v 0.073825 0.136144 0.120961
v 0.073825 0.204517 0.020719
v 0.084765 -0.203362 0.120961
v 0.084765 -0.134988 0.120961
v 0.084765 -0.203362 0.020719
v 0.073825 -0.203362 0.120961
v 0.073825 -0.134988 0.120961
v 0.073825 -0.203362 0.020719
v 0.045534 0.010853 0.142400
v 0.065162 -0.016080 0.143456
v 0.023223 -0.042790 0.141928
v 0.046062 0.010853 0.128515
v 0.065712 -0.016080 0.128951
v 0.023382 -0.042790 0.128377
v 0.059945 -0.016078 0.135995
v 0.022731 0.015098 0.135145
v 0.048255 -0.047365 0.135551
v 0.010372 0.010686 0.128383
v 0.043156 0.006500 0.135357
v 0.024040 -0.038326 0.135161
v 0.070929 -0.016081 0.136412
v 0.010431 0.005985 0.135029
v 0.024158 0.006172 0.135162
v 0.048440 0.015206 0.135558
v 0.023524 0.010635 0.128377
v 0.023365 0.010635 0.141930
v 0.043022 -0.038654 0.135352
v 0.022565 -0.047253 0.135144
v 0.045902 -0.043010 0.128510
v 0.045375 -0.043010 0.142393
v 0.006444 0.002752 0.139285
v 0.008070 -0.047534 0.134638
v 0.010284 -0.042833 0.128369
v 0.008231 0.010686 0.141301
v 0.010357 -0.038133 0.135017
v 0.008172 0.015387 0.134655
v 0.008143 -0.042833 0.141286
v 0.047407 -0.046276 0.140624
v 0.069355 -0.016081 0.141645
v 0.022851 0.013982 0.140188
v 0.043474 -0.039743 0.140692
v 0.061106 -0.016078 0.141640
v 0.023920 0.007288 0.140284
v 0.060287 0.004253 0.143193
v 0.060183 -0.036411 0.143189
v 0.047794 -0.046276 0.130428
v 0.069757 -0.016081 0.131074
v 0.022969 0.013982 0.130107
v 0.043878 -0.039743 0.130062
v 0.061530 -0.016078 0.130454
v 0.024040 0.007288 0.130036
v 0.060832 0.004253 0.128843
v 0.060727 -0.036411 0.128840
v 0.055686 -0.033080 0.135833
v 0.055776 0.000924 0.135836
v 0.065344 0.007581 0.136200
v 0.065224 -0.039743 0.136195
v 0.047586 0.014118 0.140631
v 0.043615 0.007589 0.140699
v 0.047973 0.014118 0.130435
v 0.044018 0.007589 0.130066
v 0.029850 0.006350 0.135229
v 0.030598 0.014983 0.135238
v 0.030303 0.010666 0.128484
v 0.030145 0.010666 0.141983
v 0.022690 -0.046138 0.140185
v 0.023795 -0.039442 0.140282
v 0.022808 -0.046138 0.130106
v 0.023915 -0.039442 0.130035
v 0.029709 -0.038503 0.135227
v 0.030399 -0.047139 0.135235
v 0.030133 -0.042821 0.128483
v 0.029975 -0.042821 0.141979
v 0.000366 0.002752 0.139447
v 0.005540 -0.033814 0.139984
v 0.001657 0.002752 0.129870
v 0.006841 -0.035346 0.130333
v 0.007745 0.002752 0.129634
v 0.001230 -0.039955 0.130347
v -0.000061 -0.038436 0.139924
v 0.009343 0.007160 0.139845
v 0.010955 0.007160 0.130120
v 0.009255 0.014211 0.129876
v 0.007556 -0.046359 0.139511
v 0.009155 -0.046359 0.129860
v 0.010877 -0.039308 0.130107
v 0.007655 0.014211 0.139527
v 0.009265 -0.039308 0.139833
v 0.063949 0.006749 0.141393
v 0.063832 -0.038910 0.141389
v 0.056762 0.001756 0.141406
v 0.056669 -0.033913 0.141402
v 0.064230 -0.038910 0.130911
v 0.064346 0.006749 0.130916
v 0.057088 -0.033913 0.130355
v 0.057181 0.001756 0.130358
v 0.030446 0.013903 0.140229
v 0.029884 0.007429 0.140362
v 0.030563 0.013903 0.130244
v 0.030004 0.007429 0.130098
v 0.030254 -0.046059 0.140226
v 0.029735 -0.039582 0.140359
v 0.030371 -0.046059 0.130243
v 0.029855 -0.039582 0.130097
v 0.000077 0.002752 0.134655
v 0.002950 0.002752 0.141080
v 0.002523 -0.035871 0.141556
v 0.007125 -0.033811 0.135163
v 0.008029 0.002752 0.134463
v 0.004678 0.002752 0.128261
v 0.004251 -0.037905 0.128737
v -0.000350 -0.039965 0.135131
v -0.149275 -0.202062 0.119449
v -0.149275 0.202062 0.119449
v -0.056726 -0.202062 0.119449
v -0.056726 0.202062 0.119449
v -0.149275 -0.202062 -0.106553
v -0.125134 -0.202062 -0.166336
v -0.145129 -0.202062 -0.147098
v -0.136324 -0.202062 -0.158326
v -0.125134 0.202062 -0.166336
v -0.149275 0.202062 -0.106553
v -0.136324 0.202062 -0.158326
v -0.145129 0.202062 -0.147098
v -0.080867 -0.202062 -0.166336
v -0.056726 -0.202062 -0.106553
v -0.069677 -0.202062 -0.158326
v -0.060872 -0.202062 -0.147098
v -0.056726 0.202062 -0.106553
v -0.080867 0.202062 -0.166336
v -0.060872 0.202062 -0.147098
v -0.069677 0.202062 -0.158326
v -0.136336 -0.202062 0.119449
v -0.136336 0.202062 0.119449
v -0.069665 0.202062 0.119449
v -0.069665 -0.202062 0.119449
v -0.127035 0.202062 -0.143071
v -0.118998 0.202062 -0.150201
v -0.118998 -0.202062 -0.150201
v -0.127035 -0.202062 -0.143071
v -0.133358 0.202062 -0.133075
v -0.133358 -0.202062 -0.133075
v -0.136336 0.202062 -0.096983
v -0.136336 -0.202062 -0.096983
v -0.072643 0.202062 -0.133075
v -0.069665 0.202062 -0.096983
v -0.069665 -0.202062 -0.096983
v -0.072643 -0.202062 -0.133075
v -0.078967 0.202062 -0.143071
v -0.078967 -0.202062 -0.143071
v -0.087003 0.202062 -0.150201
v -0.087003 -0.202062 -0.150201
v -0.149275 0.175913 -0.106553
v -0.145129 0.175913 -0.147098
v -0.136324 0.175913 -0.158326
v -0.125134 0.175913 -0.166336
v -0.136336 0.175913 0.119449
v -0.069665 0.175913 0.119449
v -0.056726 0.175913 0.119449
v -0.149275 0.175913 0.119449
v -0.056726 0.175913 -0.106553
v -0.060872 0.175913 -0.147098
v -0.069677 0.175913 -0.158326
v -0.080867 0.175913 -0.166336
v -0.118998 0.175913 -0.150201
v -0.127035 0.175913 -0.143071
v -0.133358 0.175913 -0.133075
v -0.136336 0.175913 -0.096983
v -0.069665 0.175913 -0.096983
v -0.072643 0.175913 -0.133075
v -0.078967 0.175913 -0.143071
v -0.087003 0.175913 -0.150201
v -0.056726 -0.185167 0.119449
v -0.069665 -0.185167 0.119449
v -0.125134 -0.185167 -0.166336
v -0.056726 -0.185167 -0.106553
v -0.118998 -0.185167 -0.150201
v -0.069665 -0.185167 -0.096983
v -0.080867 -0.185167 -0.166336
v -0.145129 -0.185167 -0.147098
v -0.069677 -0.185167 -0.158326
v -0.136336 -0.185167 0.119449
v -0.149275 -0.185167 0.119449
v -0.136324 -0.185167 -0.158326
v -0.149275 -0.185167 -0.106553
v -0.060872 -0.185167 -0.147098
v -0.127035 -0.185167 -0.143071
v -0.133358 -0.185167 -0.133075
v -0.136336 -0.185167 -0.096983
v -0.072643 -0.185167 -0.133075
v -0.078967 -0.185167 -0.143071
v -0.087003 -0.185167 -0.150201
v -0.056726 -0.202062 0.106719
v -0.056726 0.202062 0.106719
v -0.069665 -0.202062 0.106719
v -0.069665 0.202062 0.106719
v -0.056726 0.175913 0.106719
v -0.069665 0.175913 0.106719
v -0.069665 -0.185167 0.106719
v -0.056726 -0.185167 0.106719
v -0.149275 -0.202062 0.106719
v -0.149275 0.202062 0.106719
v -0.136336 -0.202062 0.106719
v -0.136336 0.202062 0.106719
v -0.149275 0.175913 0.106719
v -0.136336 0.175913 0.106719
v -0.136336 -0.185167 0.106719
v -0.149275 -0.185167 0.106719
v -0.156860 0.204517 0.120961
v -0.156860 0.136144 0.120961
v -0.156860 0.204517 0.020719
v -0.141854 0.204517 0.120961
v -0.141854 0.136144 0.120961
v -0.141854 0.204517 0.020719
v -0.156860 -0.203362 0.120961
v -0.156860 -0.134988 0.120961
v -0.156860 -0.203362 0.020719
v -0.141854 -0.203362 0.120961
v -0.141854 -0.134988 0.120961
v -0.141854 -0.203362 0.020719
v -0.050734 0.204517 0.120961
v -0.050734 0.136144 0.120961
v -0.050734 0.204517 0.020719
v -0.065740 0.204517 0.120961
v -0.065740 0.136144 0.120961
v -0.065740 0.204517 0.020719
v -0.050734 -0.203362 0.120961
v -0.050734 -0.134988 0.120961
v -0.050734 -0.203362 0.020719
v -0.065740 -0.203362 0.120961
v -0.065740 -0.134988 0.120961
v -0.065740 -0.203362 0.020719
v -0.151702 -0.185167 0.119449
v -0.151702 0.175913 0.119449
v -0.054299 0.175913 0.106719
v -0.054299 0.175913 0.119449
v -0.054299 -0.185167 0.119449
v -0.054299 -0.185167 0.106719
v -0.151702 0.175913 0.106719
v -0.151702 -0.185167 0.106719
v 0.083483 -0.202062 0.119449
v 0.083483 0.202062 0.119449
v 0.175313 -0.202062 0.119449
v 0.175313 0.202062 0.119449
v 0.083483 -0.202062 -0.106553
v 0.107624 -0.202062 -0.166336
v 0.087630 -0.202062 -0.147098
v 0.096434 -0.202062 -0.158326
v 0.107624 0.202062 -0.166336
v 0.083483 0.202062 -0.106553
v 0.096434 0.202062 -0.158326
v 0.087630 0.202062 -0.147098
v 0.151172 -0.202062 -0.166336
v 0.175313 -0.202062 -0.106553
v 0.162362 -0.202062 -0.158326
v 0.171166 -0.202062 -0.147098
v 0.175313 0.202062 -0.106553
v 0.151172 0.202062 -0.166336
v 0.171166 0.202062 -0.147098
v 0.162362 0.202062 -0.158326
v 0.096423 -0.202062 0.119449
v 0.096423 0.202062 0.119449
v 0.162373 0.202062 0.119449
v 0.162373 -0.202062 0.119449
v 0.105724 0.202062 -0.143071
v 0.113761 0.202062 -0.150201
v 0.113761 -0.202062 -0.150201
v 0.105724 -0.202062 -0.143071
v 0.099401 0.202062 -0.133075
v 0.099401 -0.202062 -0.133075
v 0.096423 0.202062 -0.096983
v 0.096423 -0.202062 -0.096983
v 0.159395 0.202062 -0.133075
v 0.162373 0.202062 -0.096983
v 0.162373 -0.202062 -0.096983
v 0.159395 -0.202062 -0.133075
v 0.153072 0.202062 -0.143071
v 0.153072 -0.202062 -0.143071
v 0.145035 0.202062 -0.150201
v 0.145035 -0.202062 -0.150201
v 0.083483 0.175913 -0.106553
v 0.087630 0.175913 -0.147098
v 0.096434 0.175913 -0.158326
v 0.107624 0.175913 -0.166336
v 0.096423 0.175913 0.119449
v 0.162373 0.175913 0.119449
v 0.175313 0.175913 0.119449
v 0.083483 0.175913 0.119449
v 0.175313 0.175913 -0.106553
v 0.171166 0.175913 -0.147098
v 0.162362 0.175913 -0.158326
v 0.151172 0.175913 -0.166336
v 0.113761 0.175913 -0.150201
v 0.105724 0.175913 -0.143071
v 0.099401 0.175913 -0.133075
v 0.096423 0.175913 -0.096983
v 0.162373 0.175913 -0.096983
v 0.159395 0.175913 -0.133075
v 0.153072 0.175913 -0.143071
v 0.145035 0.175913 -0.150201
v 0.175313 -0.185167 0.119449
v 0.162373 -0.185167 0.119449
v 0.107624 -0.185167 -0.166336
v 0.175313 -0.185167 -0.106553
v 0.113761 -0.185167 -0.150201
v 0.162373 -0.185167 -0.096983
v 0.151172 -0.185167 -0.166336
v 0.087630 -0.185167 -0.147098
v 0.162362 -0.185167 -0.158326
v 0.096423 -0.185167 0.119449
v 0.083483 -0.185167 0.119449
v 0.096434 -0.185167 -0.158326
v 0.083483 -0.185167 -0.106553
v 0.171166 -0.185167 -0.147098
v 0.105724 -0.185167 -0.143071
v 0.099401 -0.185167 -0.133075
v 0.096423 -0.185167 -0.096983
v 0.159395 -0.185167 -0.133075
v 0.153072 -0.185167 -0.143071
v 0.145035 -0.185167 -0.150201
v 0.175313 -0.202062 0.106718
v 0.175313 0.202062 0.106718
v 0.162373 -0.202062 0.106719
v 0.162373 0.202062 0.106719
v 0.175313 0.175913 0.106718
v 0.162373 0.175913 0.106719
v 0.162373 -0.185167 0.106719
v 0.175313 -0.185167 0.106718
v 0.083483 -0.202062 0.106719
v 0.083483 0.202062 0.106719
v 0.096423 -0.202062 0.106719
v 0.096423 0.202062 0.106719
v 0.083483 0.175913 0.106719
v 0.096423 0.175913 0.106719
v 0.096423 -0.185167 0.106719
v 0.083483 -0.185167 0.106719
v 0.759927 -0.391627 0.037323
v 0.782647 -0.378856 0.037323
v 0.795076 -0.351656 0.037323
v 0.796544 -0.310399 0.037323
v 0.786833 -0.281224 0.037323
v 0.763512 -0.260354 0.037323
v 0.729842 -0.261394 0.037323
v 0.708381 -0.281769 0.037323
v 0.699554 -0.307418 0.037323
v 0.700950 -0.349564 0.037323
v 0.713115 -0.378247 0.037323
v 0.732065 -0.390451 0.037323
v 0.644502 -0.538965 0.037323
v 0.644502 -0.217502 0.037323
v 0.699927 -0.217502 0.037323
v 0.700595 -0.242910 0.037323
v 0.724840 -0.219031 0.037323
v 0.770093 -0.211236 0.037323
v 0.803563 -0.221596 0.037323
v 0.828132 -0.240726 0.037323
v 0.847805 -0.275938 0.037323
v 0.855184 -0.312679 0.037323
v 0.853284 -0.363228 0.037323
v 0.832330 -0.411277 0.037323
v 0.805216 -0.432917 0.037323
v 0.773515 -0.441991 0.037323
v 0.734885 -0.435941 0.037323
v 0.702785 -0.411370 0.037323
v 0.701257 -0.538965 0.037323
v 0.526298 -0.392489 0.037323
v 0.550374 -0.379834 0.037323
v 0.563508 -0.353032 0.037323
v 0.565080 -0.309431 0.037323
v 0.550821 -0.272878 0.037323
v 0.517642 -0.260010 0.037323
v 0.489219 -0.264460 0.037323
v 0.470963 -0.278952 0.037323
v 0.460547 -0.309431 0.037323
v 0.465256 -0.366970 0.037323
v 0.492154 -0.390578 0.037323
v 0.477098 -0.438332 0.037323
v 0.427986 -0.409181 0.037323
v 0.402617 -0.357873 0.037323
v 0.403208 -0.293192 0.037323
v 0.428600 -0.243572 0.037323
v 0.477528 -0.214762 0.037323
v 0.538265 -0.213103 0.037323
v 0.575271 -0.227694 0.037323
v 0.599820 -0.249099 0.037323
v 0.621335 -0.292476 0.037323
v 0.620782 -0.362171 0.037323
v 0.599735 -0.403858 0.037323
v 0.575210 -0.425430 0.037323
v 0.537840 -0.440069 0.037323
v 0.322153 -0.435653 0.037323
v 0.321561 -0.285541 0.037323
v 0.314067 -0.266154 0.037323
v 0.287859 -0.256288 0.037323
v 0.262433 -0.263105 0.037323
v 0.249261 -0.275910 0.037323
v 0.240909 -0.296690 0.037323
v 0.240124 -0.435653 0.037323
v 0.182483 -0.435653 0.037323
v 0.182483 -0.137690 0.037323
v 0.240124 -0.137690 0.037323
v 0.243306 -0.238891 0.037323
v 0.266342 -0.219986 0.037323
v 0.293573 -0.212128 0.037323
v 0.328859 -0.213785 0.037323
v 0.361966 -0.231517 0.037323
v 0.375950 -0.254058 0.037323
v 0.379967 -0.272185 0.037323
v 0.380238 -0.435653 0.037323
v 0.104831 -0.283294 0.037323
v 0.097356 -0.264469 0.037323
v 0.083076 -0.256541 0.037323
v 0.052235 -0.254837 0.037323
v 0.031641 -0.263114 0.037323
v 0.030137 -0.279204 0.037323
v 0.042650 -0.290867 0.037323
v 0.123496 -0.313557 0.037323
v 0.153255 -0.330178 0.037323
v 0.165013 -0.353684 0.037323
v 0.165393 -0.383643 0.037323
v 0.154478 -0.410183 0.037323
v 0.133736 -0.428321 0.037323
v 0.098280 -0.440309 0.037323
v 0.034104 -0.438952 0.037323
v 0.000264 -0.425308 0.037323
v -0.025764 -0.400647 0.037323
v -0.034710 -0.365706 0.037323
v 0.024539 -0.366091 0.037323
v 0.032973 -0.387578 0.037323
v 0.057785 -0.397474 0.037323
v 0.086824 -0.396776 0.037323
v 0.106739 -0.386384 0.037323
v 0.108116 -0.367955 0.037323
v 0.094911 -0.356589 0.037323
v 0.015196 -0.333801 0.037323
v -0.009764 -0.317867 0.037323
v -0.024633 -0.295387 0.037323
v -0.024881 -0.259195 0.037323
v -0.008591 -0.231239 0.037323
v 0.029768 -0.214324 0.037323
v 0.085647 -0.211858 0.037323
v 0.130235 -0.225120 0.037323
v 0.150619 -0.247696 0.037323
v 0.160845 -0.282845 0.037323
v -0.107056 -0.435653 0.037323
v -0.154943 -0.337663 0.037323
v -0.182877 -0.366483 0.037323
v -0.182877 -0.435653 0.037323
v -0.240962 -0.435653 0.037323
v -0.240962 -0.137690 0.037323
v -0.182877 -0.137690 0.037323
v -0.182877 -0.300417 0.037323
v -0.111046 -0.217502 0.037323
v -0.040546 -0.217502 0.037323
v -0.113707 -0.297757 0.037323
v -0.042320 -0.435653 0.037323
v -0.359166 -0.392489 0.037323
v -0.335090 -0.379834 0.037323
v -0.321956 -0.353033 0.037323
v -0.320384 -0.309431 0.037323
v -0.334643 -0.272878 0.037323
v -0.367822 -0.260010 0.037323
v -0.396245 -0.264460 0.037323
v -0.414501 -0.278952 0.037323
v -0.424917 -0.309431 0.037323
v -0.420209 -0.366970 0.037323
v -0.393311 -0.390578 0.037323
v -0.400747 -0.439536 0.037323
v -0.441476 -0.422343 0.037323
v -0.465388 -0.397606 0.037323
v -0.482847 -0.357873 0.037323
v -0.483366 -0.301306 0.037323
v -0.468953 -0.260657 0.037323
v -0.440620 -0.230366 0.037323
v -0.400305 -0.213569 0.037323
v -0.347199 -0.213103 0.037323
v -0.310193 -0.227694 0.037323
v -0.285644 -0.249099 0.037323
v -0.264130 -0.292475 0.037323
v -0.264682 -0.362171 0.037323
v -0.285729 -0.403858 0.037323
v -0.310254 -0.425430 0.037323
v -0.347624 -0.440069 0.037323
v -0.598157 -0.392489 0.037323
v -0.574081 -0.379834 0.037323
v -0.560947 -0.353033 0.037323
v -0.559375 -0.309431 0.037323
v -0.573635 -0.272878 0.037323
v -0.606813 -0.260010 0.037323
v -0.635236 -0.264460 0.037323
v -0.653492 -0.278952 0.037323
v -0.663908 -0.309431 0.037323
v -0.659200 -0.366970 0.037323
v -0.632302 -0.390578 0.037323
v -0.639739 -0.439536 0.037323
v -0.680467 -0.422342 0.037323
v -0.704379 -0.397607 0.037323
v -0.721839 -0.357873 0.037323
v -0.722357 -0.301306 0.037323
v -0.709570 -0.263959 0.037323
v -0.687713 -0.236893 0.037323
v -0.646928 -0.214762 0.037323
v -0.586191 -0.213103 0.037323
v -0.550756 -0.226846 0.037323
v -0.525635 -0.247709 0.037323
v -0.503121 -0.292475 0.037323
v -0.503673 -0.362171 0.037323
v -0.524721 -0.403858 0.037323
v -0.549245 -0.425430 0.037323
v -0.586615 -0.440069 0.037323
v -0.824694 -0.384809 0.037323
v -0.803853 -0.374282 0.037323
v -0.792746 -0.353956 0.037323
v -0.793461 -0.329498 0.037323
v -0.803928 -0.314379 0.037323
v -0.823997 -0.306739 0.037323
v -0.915369 -0.306181 0.037323
v -0.915369 -0.385550 0.037323
v -0.915369 -0.192228 0.037323
v -0.915369 -0.256078 0.037323
v -0.816501 -0.253833 0.037323
v -0.800389 -0.232701 0.037323
v -0.803105 -0.208042 0.037323
v -0.818449 -0.194117 0.037323
v -0.974784 -0.435653 0.037323
v -0.974784 -0.141238 0.037323
v -0.803918 -0.142599 0.037323
v -0.771507 -0.155917 0.037323
v -0.749247 -0.180328 0.037323
v -0.740398 -0.228242 0.037323
v -0.755129 -0.261747 0.037323
v -0.776310 -0.276466 0.037323
v -0.750880 -0.291643 0.037323
v -0.734549 -0.322258 0.037323
v -0.732809 -0.368479 0.037323
v -0.758525 -0.413273 0.037323
v -0.808843 -0.434119 0.037323
v 0.057785 -0.397474 -0.037323
v 0.086824 -0.396776 -0.037323
v 0.293573 -0.212128 -0.037323
v 0.328859 -0.213785 -0.037323
v -0.359166 -0.392489 -0.037323
v -0.335090 -0.379834 -0.037323
v 0.427986 -0.409181 -0.037323
v 0.575210 -0.425430 -0.037323
v -0.285644 -0.249099 -0.037323
v -0.264130 -0.292475 -0.037323
v -0.680467 -0.422342 -0.037323
v -0.704379 -0.397607 -0.037323
v 0.287859 -0.256288 -0.037323
v 0.243306 -0.238891 -0.037323
v 0.713115 -0.378247 -0.037323
v 0.644502 -0.538965 -0.037323
v -0.113707 -0.297757 -0.037323
v -0.042320 -0.435653 -0.037323
v 0.724840 -0.219031 -0.037323
v 0.803563 -0.221596 -0.037323
v -0.264682 -0.362171 -0.037323
v 0.763512 -0.260354 -0.037323
v 0.847805 -0.275938 -0.037323
v 0.477098 -0.438332 -0.037323
v 0.699554 -0.307418 -0.037323
v 0.700950 -0.349564 -0.037323
v -0.440620 -0.230366 -0.037323
v -0.400305 -0.213569 -0.037323
v 0.460547 -0.309431 -0.037323
v 0.402617 -0.357873 -0.037323
v 0.029768 -0.214324 -0.037323
v 0.085647 -0.211858 -0.037323
v -0.823997 -0.306739 -0.037323
v -0.750880 -0.291643 -0.037323
v -0.915369 -0.192228 -0.037323
v -0.771507 -0.155917 -0.037323
v -0.800389 -0.232701 -0.037323
v -0.803105 -0.208042 -0.037323
v -0.367822 -0.260010 -0.037323
v -0.468953 -0.260657 -0.037323
v 0.759927 -0.391627 -0.037323
v 0.732065 -0.390451 -0.037323
v -0.639739 -0.439536 -0.037323
v -0.574081 -0.379834 -0.037323
v -0.560947 -0.353033 -0.037323
v 0.266342 -0.219986 -0.037323
v 0.052235 -0.254837 -0.037323
v 0.150619 -0.247696 -0.037323
v 0.537840 -0.440069 -0.037323
v -0.008591 -0.231239 -0.037323
v 0.729842 -0.261394 -0.037323
v 0.700595 -0.242910 -0.037323
v -0.687713 -0.236893 -0.037323
v -0.525635 -0.247709 -0.037323
v 0.782647 -0.378856 -0.037323
v -0.732809 -0.368479 -0.037323
v -0.758525 -0.413273 -0.037323
v -0.465388 -0.397606 -0.037323
v -0.285729 -0.403858 -0.037323
v 0.153255 -0.330178 -0.037323
v -0.009764 -0.317867 -0.037323
v -0.606813 -0.260010 -0.037323
v -0.420209 -0.366970 -0.037323
v -0.482847 -0.357873 -0.037323
v -0.793461 -0.329498 -0.037323
v 0.094911 -0.356589 -0.037323
v 0.015196 -0.333801 -0.037323
v -0.347199 -0.213103 -0.037323
v 0.805216 -0.432917 -0.037323
v 0.773515 -0.441991 -0.037323
v 0.133736 -0.428321 -0.037323
v 0.034104 -0.438952 -0.037323
v 0.104831 -0.283294 -0.037323
v 0.097356 -0.264469 -0.037323
v 0.032973 -0.387578 -0.037323
v -0.816501 -0.253833 -0.037323
v -0.755129 -0.261747 -0.037323
v -0.321956 -0.353033 -0.037323
v -0.320384 -0.309431 -0.037323
v -0.240962 -0.137690 -0.037323
v -0.182877 -0.137690 -0.037323
v 0.154478 -0.410183 -0.037323
v -0.740398 -0.228242 -0.037323
v -0.915369 -0.256078 -0.037323
v -0.974784 -0.435653 -0.037323
v 0.165013 -0.353684 -0.037323
v -0.573635 -0.272878 -0.037323
v -0.503121 -0.292475 -0.037323
v -0.722357 -0.301306 -0.037323
v -0.709570 -0.263959 -0.037323
v 0.795076 -0.351656 -0.037323
v 0.403208 -0.293192 -0.037323
v -0.396245 -0.264460 -0.037323
v -0.240962 -0.435653 -0.037323
v -0.182877 -0.435653 -0.037323
v 0.083076 -0.256541 -0.037323
v 0.465256 -0.366970 -0.037323
v -0.734549 -0.322258 -0.037323
v -0.598157 -0.392489 -0.037323
v -0.524721 -0.403858 -0.037323
v -0.915369 -0.306181 -0.037323
v 0.108116 -0.367955 -0.037323
v -0.393311 -0.390578 -0.037323
v 0.477528 -0.214762 -0.037323
v 0.575271 -0.227694 -0.037323
v 0.106739 -0.386384 -0.037323
v -0.974784 -0.141238 -0.037323
v -0.824694 -0.384809 -0.037323
v -0.915369 -0.385550 -0.037323
v 0.599735 -0.403858 -0.037323
v -0.559375 -0.309431 -0.037323
v 0.262433 -0.263105 -0.037323
v -0.803918 -0.142599 -0.037323
v -0.503673 -0.362171 -0.037323
v -0.803853 -0.374282 -0.037323
v -0.792746 -0.353956 -0.037323
v 0.322153 -0.435653 -0.037323
v 0.380238 -0.435653 -0.037323
v 0.538265 -0.213103 -0.037323
v -0.586615 -0.440069 -0.037323
v -0.818449 -0.194117 -0.037323
v 0.130235 -0.225120 -0.037323
v 0.379967 -0.272185 -0.037323
v -0.414501 -0.278952 -0.037323
v 0.492154 -0.390578 -0.037323
v -0.400747 -0.439536 -0.037323
v -0.347624 -0.440069 -0.037323
v -0.808843 -0.434119 -0.037323
v 0.470963 -0.278952 -0.037323
v -0.334643 -0.272878 -0.037323
v -0.107056 -0.435653 -0.037323
v -0.154943 -0.337663 -0.037323
v -0.024633 -0.295387 -0.037323
v 0.165393 -0.383643 -0.037323
v -0.182877 -0.366483 -0.037323
v -0.635236 -0.264460 -0.037323
v 0.855184 -0.312679 -0.037323
v 0.853284 -0.363228 -0.037323
v -0.803928 -0.314379 -0.037323
v -0.310193 -0.227694 -0.037323
v 0.375950 -0.254058 -0.037323
v 0.550821 -0.272878 -0.037323
v 0.599820 -0.249099 -0.037323
v 0.428600 -0.243572 -0.037323
v -0.776310 -0.276466 -0.037323
v -0.659200 -0.366970 -0.037323
v -0.632302 -0.390578 -0.037323
v -0.441476 -0.422343 -0.037323
v -0.310254 -0.425430 -0.037323
v 0.489219 -0.264460 -0.037323
v 0.644502 -0.217502 -0.037323
v 0.699927 -0.217502 -0.037323
v 0.832330 -0.411277 -0.037323
v 0.526298 -0.392489 -0.037323
v 0.550374 -0.379834 -0.037323
v 0.123496 -0.313557 -0.037323
v 0.517642 -0.260010 -0.037323
v 0.734885 -0.435941 -0.037323
v 0.708381 -0.281769 -0.037323
v -0.749247 -0.180328 -0.037323
v 0.160845 -0.282845 -0.037323
v 0.563508 -0.353032 -0.037323
v -0.025764 -0.400647 -0.037323
v 0.621335 -0.292476 -0.037323
v 0.030137 -0.279204 -0.037323
v -0.653492 -0.278952 -0.037323
v -0.663908 -0.309431 -0.037323
v -0.034710 -0.365706 -0.037323
v -0.024881 -0.259195 -0.037323
v 0.828132 -0.240726 -0.037323
v 0.240909 -0.296690 -0.037323
v 0.182483 -0.435653 -0.037323
v 0.786833 -0.281224 -0.037323
v -0.721839 -0.357873 -0.037323
v 0.182483 -0.137690 -0.037323
v 0.024539 -0.366091 -0.037323
v 0.796544 -0.310399 -0.037323
v 0.565080 -0.309431 -0.037323
v 0.620782 -0.362171 -0.037323
v -0.646928 -0.214762 -0.037323
v -0.550756 -0.226846 -0.037323
v 0.321561 -0.285541 -0.037323
v -0.483366 -0.301306 -0.037323
v 0.240124 -0.137690 -0.037323
v 0.031641 -0.263114 -0.037323
v 0.770093 -0.211236 -0.037323
v -0.549245 -0.425430 -0.037323
v -0.424917 -0.309431 -0.037323
v 0.240124 -0.435653 -0.037323
v 0.314067 -0.266154 -0.037323
v 0.000264 -0.425308 -0.037323
v -0.586191 -0.213103 -0.037323
v 0.361966 -0.231517 -0.037323
v 0.249261 -0.275910 -0.037323
v 0.702785 -0.411370 -0.037323
v -0.182877 -0.300417 -0.037323
v 0.042650 -0.290867 -0.037323
v 0.701257 -0.538965 -0.037323
v -0.111046 -0.217502 -0.037323
v -0.040546 -0.217502 -0.037323
v 0.098280 -0.440309 -0.037323
vn -0.3056 -0.0000 -0.9521
vn 0.3056 -0.0000 -0.9521
vn -1.0000 -0.0000 -0.0000
vn 0.9992 -0.0000 0.0411
vn 1.0000 -0.0000 -0.0000
vn -0.9987 -0.0000 -0.0509
vn -0.6915 -0.0000 -0.7224
vn -0.9274 -0.0000 -0.3741
vn 0.9987 -0.0000 -0.0509
vn 0.9274 -0.0000 -0.3741
vn 0.6915 -0.0000 -0.7224
vn -0.3549 -0.0000 0.9349
vn 0.3549 -0.0000 0.9349
vn 0.7619 -0.0000 0.6477
vn 0.9482 -0.0000 0.3176
vn -0.9482 -0.0000 0.3176
vn -0.9992 -0.0000 0.0411
vn -0.7619 -0.0000 0.6477
vn -0.0000 1.0000 -0.0000
vn -0.0000 -1.0000 -0.0000
vn -0.0000 -0.0000 1.0000
vn -0.9992 -0.0000 0.0412
vn -0.0000 -0.8261 -0.5635
vn -0.4657 -0.5966 -0.6536
vn 0.0707 -0.9965 0.0436
vn 0.0547 -0.9933 0.1015
vn 0.4523 -0.5138 0.7290
vn 0.1358 -0.5120 0.8482
vn 0.0091 -0.9993 0.0351
vn -0.1411 0.9800 0.1404
vn -0.0454 0.5178 0.8543
vn 0.0099 0.9991 0.0403
vn 0.1363 0.5118 0.8482
vn 0.0092 0.9993 0.0353
vn 0.0223 0.5373 -0.8431
vn 0.5365 0.6589 -0.5273
vn 0.1577 -0.0000 0.9875
vn -0.0560 0.0001 0.9984
vn -0.5996 0.5050 0.6209
vn -0.6932 0.0002 0.7208
vn -0.5998 -0.5048 0.6209
vn -0.0456 -0.5177 0.8544
vn 0.0225 -0.5374 -0.8431
vn 0.0098 -0.9991 0.0403
vn -0.1413 -0.9800 0.1404
vn 0.5366 -0.6591 -0.5270
vn -0.9952 0.0001 0.0983
vn -0.8526 0.5167 0.0778
vn -1.0000 -0.0000 -0.0036
vn -0.8527 -0.5167 0.0776
vn -0.4655 0.5974 -0.6530
vn 0.0566 0.9933 0.1005
vn 0.4539 0.5138 0.7280
vn 0.0735 0.9965 0.0386
vn 0.9992 -0.0009 0.0400
vn 0.7593 0.5464 0.3535
vn 0.9025 -0.0005 0.4306
vn 0.7577 -0.5468 0.3563
vn 0.8270 -0.5611 0.0334
vn 0.9994 -0.0005 -0.0345
vn 0.8282 0.5597 0.0292
vn -0.0308 -0.9995 -0.0050
vn -0.8455 -0.5339 -0.0053
vn 0.0058 -1.0000 0.0037
vn 0.8477 -0.5296 -0.0318
vn -0.0309 0.9995 -0.0050
vn 0.8477 0.5296 -0.0319
vn 0.0058 1.0000 0.0037
vn -0.8455 0.5339 -0.0053
vn -0.6106 0.0006 -0.7919
vn -0.7569 0.6066 -0.2432
vn -0.9592 0.0010 -0.2827
vn -0.7590 -0.6050 -0.2408
vn -0.1395 -0.5331 -0.8344
vn -0.1648 0.0001 -0.9863
vn -0.1398 0.5332 -0.8343
vn 0.5196 -0.0000 0.8544
vn -0.9205 0.0309 0.3896
vn -0.4354 0.8623 -0.2586
vn -0.8618 -0.0221 -0.5068
vn -0.1085 -0.0582 -0.9924
vn 0.0411 -0.7927 -0.6082
vn -0.4532 -0.8512 -0.2646
vn 0.4227 0.8553 0.2995
vn -0.0012 0.0308 0.9995
vn 0.8068 -0.0183 0.5905
vn 0.4330 -0.8450 0.3138
vn 0.5691 -0.7842 -0.2472
vn 0.9622 -0.0559 -0.2666
vn 0.6652 -0.0568 -0.7445
vn 0.3722 0.7581 -0.5354
vn 0.4683 0.7483 -0.4698
vn 0.5758 0.7549 -0.3139
vn 0.4327 -0.7917 -0.4312
vn 0.3423 -0.8005 -0.4920
vn 0.5697 -0.0596 -0.8197
vn -0.0028 -1.0000 0.0037
vn 0.0559 -0.9971 0.0511
vn -0.1155 -0.7481 0.6534
vn -0.2902 -0.7484 0.5964
vn -0.3719 -0.7612 0.5313
vn 0.0664 0.9972 0.0356
vn -0.3421 0.8027 0.4886
vn -0.2658 0.7914 0.5504
vn -0.0983 0.7856 0.6109
vn 0.0062 0.9999 -0.0091
vn -0.5727 0.0590 0.8176
vn -0.4872 0.0560 0.8715
vn 0.8385 -0.5448 -0.0047
vn -0.0015 -1.0000 -0.0000
vn -0.0028 -1.0000 0.0005
vn -0.8349 -0.5503 0.0114
vn -0.8399 -0.5428 0.0026
vn -0.8415 -0.5399 -0.0205
vn -0.0070 -1.0000 -0.0028
vn 0.0236 -0.9997 -0.0016
vn -0.8171 -0.5760 -0.0253
vn 0.8328 -0.5530 -0.0244
vn -0.9994 0.0007 -0.0351
vn -0.8161 0.5772 -0.0290
vn -0.8347 0.5506 0.0087
vn -1.0000 0.0002 0.0096
vn 0.0255 0.9996 -0.0086
vn 0.8332 0.5522 -0.0275
vn -0.0010 1.0000 -0.0053
vn 0.0078 -1.0000 -0.0044
vn 0.8388 -0.5441 0.0187
vn -0.8390 -0.5436 -0.0219
vn -0.8302 -0.5506 0.0867
vn 0.0373 -0.9993 -0.0086
vn 0.8428 -0.5382 0.0094
vn 1.0000 -0.0000 -0.0074
vn 0.9997 0.0001 0.0233
vn 0.8391 0.5436 0.0206
vn 0.8386 0.5446 -0.0062
vn -0.0029 1.0000 -0.0021
vn -0.0070 1.0000 0.0003
vn -0.8421 0.5390 -0.0189
vn -0.8402 0.5423 0.0012
vn -1.0000 -0.0002 0.0019
vn -0.9997 -0.0005 -0.0235
vn -0.6441 0.0558 0.7629
vn -0.5646 -0.7435 0.3585
vn -0.4558 -0.7462 0.4852
vn -0.4220 0.7890 0.4466
vn -0.5316 0.7812 0.3272
vn -0.0564 0.9974 -0.0442
vn 0.2801 0.7502 -0.5990
vn 0.1035 0.7621 -0.6391
vn -0.0670 -0.9973 -0.0287
vn 0.2566 -0.7939 -0.5513
vn 0.4686 -0.0572 -0.8815
vn -0.8423 0.5391 -0.0032
vn -0.0012 1.0000 -0.0002
vn 0.8470 0.5313 0.0151
vn 0.8418 0.5398 0.0033
vn -0.0082 1.0000 -0.0030
vn -0.8476 0.5298 -0.0291
vn -0.9931 -0.0000 -0.1171
vn -0.8476 -0.5298 -0.0291
vn -0.9993 -0.0000 -0.0366
vn -0.8519 0.5145 -0.0979
vn -0.8272 0.5074 -0.2415
vn -0.9583 -0.0000 -0.2859
vn -0.8272 -0.5074 -0.2415
vn -0.8519 -0.5145 -0.0979
vn -1.0000 -0.0000 -0.0035
vn -0.8423 -0.5391 -0.0032
vn -0.0012 -1.0000 -0.0002
vn 0.8470 -0.5313 0.0151
vn -0.0082 -1.0000 -0.0030
vn 0.8418 -0.5398 0.0033
vn 0.9998 -0.0000 0.0193
vn 1.0000 -0.0000 0.0036
vn 0.8441 -0.5358 0.0203
vn 0.9997 -0.0000 0.0229
vn 0.8441 0.5358 0.0203
vn 0.5595 -0.6032 0.5685
vn -0.0373 -0.9993 -0.0034
vn -0.1032 -0.9892 -0.1041
vn -0.6001 -0.4997 -0.6247
vn -0.2068 -0.5093 -0.8354
vn -0.0017 -0.9992 -0.0405
vn 0.8472 -0.5257 0.0771
vn -0.0160 -0.9999 -0.0035
vn 0.8273 -0.5268 0.1952
vn 0.9962 -0.0000 0.0867
vn 0.9752 -0.0000 0.2212
vn 0.8472 0.5257 0.0771
vn -0.0160 0.9999 -0.0035
vn 0.8273 0.5268 0.1952
vn -0.0373 0.9993 -0.0034
vn 0.7033 -0.0000 0.7109
vn 0.1745 -0.5307 0.8294
vn 0.2020 -0.0000 0.9794
vn 0.1745 0.5307 0.8294
vn 0.5595 0.6032 0.5685
vn -0.1032 0.9892 -0.1041
vn -0.0016 0.9992 -0.0405
vn -0.2068 0.5093 -0.8354
vn -0.6001 0.4997 -0.6247
vn -0.6920 -0.0000 -0.7219
vn -0.2441 -0.0000 -0.9697
vn 0.7157 -0.0002 -0.6984
vn 0.9995 -0.0000 -0.0320
vn 0.0260 -0.0000 -0.9997
vn -0.0011 0.9998 -0.0186
vn 0.0498 0.5262 0.8489
vn -0.1016 0.5425 0.8339
vn 0.0017 0.9987 -0.0516
vn -0.0587 0.5150 -0.8552
vn 0.0498 -0.5262 0.8489
vn 0.0577 -0.0000 0.9983
vn -0.1211 -0.0000 0.9926
vn -0.0587 -0.5150 -0.8552
vn -0.0011 -0.9998 -0.0186
vn 0.0017 -0.9987 -0.0516
vn -0.1016 -0.5425 0.8339
vn -0.5143 -0.0000 0.8576
vn -0.4207 -0.5696 0.7061
vn -0.6842 -0.5476 0.4817
vn -0.8202 -0.0000 0.5721
vn -0.6842 0.5476 0.4817
vn -0.4207 0.5696 0.7061
vn 0.7965 0.5183 -0.3113
vn 0.0414 0.9988 -0.0269
vn 0.0414 0.9990 -0.0145
vn -0.7867 0.5473 0.2856
vn 0.0387 0.9993 -0.0005
vn 0.8437 0.5255 -0.1098
vn 0.0461 0.9956 -0.0817
vn 0.1123 0.5118 -0.8517
vn 0.6869 0.5162 -0.5116
vn 0.4364 0.5078 -0.7428
vn 0.4364 -0.5078 -0.7428
vn 0.1318 -0.0000 -0.9913
vn 0.5061 -0.0000 -0.8625
vn 0.8003 -0.0000 -0.5997
vn 0.0461 -0.9956 -0.0817
vn 0.1123 -0.5118 -0.8517
vn 0.6869 -0.5162 -0.5116
vn 0.0414 -0.9988 -0.0269
vn 0.0086 1.0000 0.0050
vn 0.8431 0.5376 0.0145
vn -0.8292 0.5515 0.0915
vn -0.8393 0.5435 -0.0168
vn 0.9302 0.0001 -0.3671
vn 0.9909 0.0002 -0.1347
vn 0.7964 -0.5179 -0.3123
vn 0.0406 -0.9990 -0.0167
vn 0.8434 -0.5251 -0.1138
vn -0.7875 -0.5468 0.2844
vn -0.9419 0.0001 0.3358
vn -0.9946 0.0001 0.1034
vn 0.9999 -0.0000 0.0125
vn -0.9997 -0.0003 -0.0238
vn 0.0087 -0.9992 0.0388
vn -0.0987 -0.5406 0.8354
vn -0.1510 -0.9881 0.0289
vn -0.3252 -0.4568 0.8280
vn -0.6574 -0.7530 -0.0295
vn -0.3109 -0.4525 -0.8358
vn -0.1471 -0.5608 -0.8148
vn -0.1639 -0.5541 -0.8161
vn -0.1510 0.9881 0.0289
vn -0.1639 0.5541 -0.8161
vn -0.1471 0.5608 -0.8148
vn -0.3109 0.4525 -0.8358
vn -0.6574 0.7530 -0.0295
vn -0.3252 0.4568 0.8280
vn -0.0987 0.5406 0.8354
vn 0.0087 0.9992 0.0388
vn -0.0521 -0.0000 0.9986
vn 0.1658 0.5280 0.8329
vn -0.5170 -0.0000 0.8560
vn 0.1658 -0.5280 0.8329
vn 0.1951 -0.0000 0.9808
vn -0.1969 -0.0000 -0.9804
vn -0.0948 -0.0000 -0.9955
vn -0.4988 -0.0000 -0.8667
vn -0.9991 -0.0000 -0.0434
vn -0.3547 -0.0000 -0.9350
vn -0.3355 -0.5383 -0.7731
vn -0.2962 -0.5459 -0.7838
vn -0.2962 0.5459 -0.7838
vn -0.3355 0.5383 -0.7731
vn -0.3990 -0.0000 -0.9170
vn 0.3876 -0.0000 0.9218
vn 0.2917 0.5351 0.7928
vn 0.3443 -0.0000 0.9388
vn 0.2917 -0.5351 0.7928
vn -0.0078 0.9999 -0.0146
vn 0.0058 0.9999 0.0147
vn 0.3257 0.5484 0.7702
vn 0.0058 -0.9999 0.0147
vn 0.3257 -0.5484 0.7702
vn -0.0078 -0.9999 -0.0146
vn -0.0700 -0.0000 -0.9975
vn -0.0000 0.8261 -0.5635
vn -0.0407 0.0924 0.9949
vn -0.0122 0.8000 0.5999
vn -0.0163 0.0164 0.9997
vn -0.1674 -0.7400 0.6515
vn -0.5443 -0.4283 0.7213
vn 0.0565 0.1014 0.9932
vn 0.1434 0.7915 0.5941
vn 0.7702 -0.0019 0.6378
vn 0.0542 -0.0004 0.9985
vn -0.7469 0.0018 0.6649
vn -0.5435 0.4305 0.7206
vn 0.0559 -0.1017 0.9932
vn -0.0192 -0.0118 0.9997
vn -0.0121 -0.7998 0.6001
vn -0.0161 -0.0163 0.9997
vn 0.0010 0.7868 0.6172
vn -0.0407 -0.0452 -0.9981
vn 0.0167 -0.7910 -0.6116
vn -0.2395 -0.7343 -0.6351
vn 0.3208 0.5829 0.7466
vn -0.0847 -0.1397 0.9866
vn 0.0134 0.1018 -0.9947
vn 0.0042 0.7997 -0.6004
vn 0.1789 0.7922 -0.5835
vn 0.1317 0.1014 -0.9861
vn -0.4880 -0.4283 -0.7605
vn -0.1360 -0.7291 -0.6707
vn 0.0084 0.0174 -0.9998
vn 0.8164 -0.0019 -0.5775
vn 0.1297 -0.0004 -0.9915
vn 0.1311 -0.1017 -0.9861
vn -0.4873 0.4305 -0.7598
vn -0.6943 0.0018 -0.7197
vn 0.0101 -0.0101 -0.9999
vn 0.0041 -0.7995 -0.6006
vn 0.2519 0.6977 -0.6707
vn 0.0142 -0.9999 0.0019
vn -0.3356 -0.9407 -0.0492
vn 0.0145 0.7877 -0.6158
vn 0.0083 -0.0172 -0.9998
vn -0.7630 -0.6458 -0.0290
vn -0.9993 0.0026 -0.0379
vn -0.7609 0.6483 -0.0289
vn -0.0063 0.7899 0.6132
vn -0.0005 1.0000 -0.0004
vn 0.0145 0.9999 0.0018
vn 0.0165 0.7910 -0.6116
vn 0.0191 -0.9998 -0.0009
vn 0.3704 -0.6629 -0.6507
vn 0.0140 -0.7878 -0.6158
vn -0.3379 0.7073 -0.6209
vn -0.4505 0.8903 -0.0663
vn 0.1429 -0.7917 0.5940
vn -0.0006 -1.0000 -0.0004
vn 0.2123 -0.9772 0.0069
vn 0.1782 -0.7923 -0.5835
vn 0.6365 -0.5139 -0.5751
vn 0.7725 -0.6344 0.0293
vn 0.5911 -0.5139 0.6218
vn -0.4382 0.7355 0.5168
vn -0.0698 0.0722 -0.9949
vn 0.0095 0.0100 -0.9999
vn -0.1909 -0.9816 -0.0094
vn 0.0044 -0.7915 0.6111
vn 0.0214 -0.9998 0.0004
vn 0.0182 -0.7915 -0.6109
vn 0.0193 0.9998 -0.0009
vn 0.0045 0.7914 0.6113
vn 0.0214 0.9998 0.0004
vn 0.0181 0.7915 -0.6109
vn 0.4440 0.8948 0.0461
vn 0.9993 -0.0023 0.0379
vn 0.6380 0.5118 -0.5753
vn 0.7745 0.6319 0.0294
vn 0.5925 0.5118 0.6221
vn 0.0011 -0.7869 0.6170
vn 0.4663 -0.8809 0.0805
vn -0.0068 -0.7898 0.6134
vn 0.2132 0.9770 0.0070
vn -0.1688 0.1347 0.9764
vn -0.0188 0.0118 0.9998
vn -0.1669 0.7403 0.6512
vn -0.1903 0.9817 -0.0094
vn -0.1357 0.7294 -0.6705
vn -0.3257 -0.7701 0.5485
vn 0.0134 -0.1013 -0.9948
vn -0.0405 -0.0919 0.9949
vn -0.7865 -0.2845 0.5482
vn -0.9538 0.2743 -0.1222
vn -0.9121 -0.4057 -0.0583
vn -0.1263 -0.0071 0.9920
vn -0.8492 0.2453 0.4675
vn 0.9557 0.2773 0.0985
vn 0.7020 -0.2747 0.6571
vn 0.6867 0.1755 0.7055
vn 0.7203 0.2707 -0.6386
vn -0.1057 0.0731 -0.9917
vn 0.7459 -0.2375 -0.6222
vn -0.7599 0.2306 -0.6078
vn -0.1377 0.0613 0.9886
vn 0.3106 -0.5881 0.7468
vn -0.1196 -0.0088 -0.9928
vn 0.9332 -0.3403 0.1153
vn -0.7160 -0.3443 -0.6074
vn -0.0000 -0.0000 -1.0000
vn -0.6399 0.7685 -0.0000
vn -0.8754 0.4834 -0.0000
vn 0.4899 0.8718 -0.0000
vn 0.9346 0.3557 -0.0000
vn -0.8353 0.5499 -0.0000
vn -0.2498 0.9683 -0.0000
vn -0.8352 0.5499 -0.0000
vn -0.9748 -0.2231 -0.0000
vn -0.7336 -0.6796 -0.0000
vn -0.5403 -0.8414 -0.0000
vn -0.2008 -0.9796 -0.0000
vn -0.5403 -0.8415 -0.0000
vn -0.9688 -0.2480 -0.0000
vn -0.8620 -0.5068 -0.0000
vn -0.9872 0.1597 -0.0000
vn -0.9777 -0.2100 -0.0000
vn -0.2357 0.9718 -0.0000
vn -0.0082 1.0000 -0.0000
vn 0.7909 -0.6119 -0.0000
vn 0.9719 -0.2355 -0.0000
vn 0.7827 0.6224 -0.0000
vn 0.5069 0.8620 -0.0000
vn -0.9859 -0.1672 -0.0000
vn -0.9699 0.2434 -0.0000
vn 0.9822 -0.1876 -0.0000
vn 0.9718 0.2360 -0.0000
vn 0.5660 0.8244 -0.0000
vn 0.0065 1.0000 -0.0000
vn -0.1071 -0.9942 -0.0000
vn -0.7064 -0.7078 -0.0000
vn -0.1072 -0.9942 -0.0000
vn 0.7918 0.6108 -0.0000
vn 0.5196 0.8544 -0.0000
vn -0.9238 -0.3828 -0.0000
vn -0.9239 -0.3827 -0.0000
vn 0.8934 0.4494 -0.0000
vn 0.9923 -0.1235 -0.0000
vn -0.8303 -0.5574 -0.0000
vn -0.4746 -0.8802 -0.0000
vn 0.3816 0.9243 -0.0000
vn -0.4538 0.8911 -0.0000
vn -0.0227 0.9997 -0.0000
vn -0.9898 -0.1424 -0.0000
vn -0.9732 0.2300 -0.0000
vn -0.9724 0.2333 -0.0000
vn -0.6956 0.7185 -0.0000
vn 0.8305 -0.5571 -0.0000
vn 0.4939 -0.8695 -0.0000
vn 0.9745 0.2243 -0.0000
vn 0.1732 0.9849 -0.0000
vn -0.2761 0.9611 -0.0000
vn -0.2033 -0.9791 -0.0000
vn 0.1807 -0.9835 -0.0000
vn -0.9827 -0.1853 -0.0000
vn -1.0000 -0.0039 -0.0000
vn -0.0195 -0.9998 -0.0000
vn -0.3693 -0.9293 -0.0000
vn -0.9863 0.1650 -0.0000
vn 1.0000 0.0017 -0.0000
vn 0.9940 0.1096 -0.0000
vn -0.2784 -0.9605 -0.0000
vn -0.9711 0.2387 -0.0000
vn 0.8015 -0.5979 -0.0000
vn 0.9997 0.0263 -0.0000
vn 0.3785 0.9256 -0.0000
vn 0.4626 0.8866 -0.0000
vn 0.0647 0.9979 -0.0000
vn 0.4625 0.8866 -0.0000
vn -0.3425 -0.9395 -0.0000
vn -0.8359 -0.5489 -0.0000
vn 0.1976 0.9803 -0.0000
vn 0.0080 1.0000 -0.0000
vn 0.9739 0.2270 -0.0000
vn -0.8908 -0.4545 -0.0000
vn 0.0092 -1.0000 -0.0000
vn 0.1997 -0.9799 -0.0000
vn 0.8170 -0.5766 -0.0000
vn 0.5205 -0.8539 -0.0000
vn -0.8985 -0.4391 -0.0000
vn -0.5296 -0.8482 -0.0000
vn 0.4584 -0.8888 -0.0000
vn 0.7935 -0.6085 -0.0000
vn 0.4584 -0.8887 -0.0000
vn -0.9566 -0.2913 -0.0000
vn -0.7014 -0.7128 -0.0000
vn 0.9933 -0.1155 -0.0000
vn 0.8956 0.4448 -0.0000
vn -0.6663 0.7457 -0.0000
vn -0.9663 0.2574 -0.0000
vn 0.9889 -0.1486 -0.0000
vn 0.8411 -0.5408 -0.0000
vn 0.4015 -0.9159 -0.0000
vn 0.9749 -0.2225 -0.0000
vn 0.9968 0.0802 -0.0000
vn 0.1768 0.9842 -0.0000
vn -0.1839 -0.9829 -0.0000
vn -0.6167 -0.7872 -0.0000
vn 0.2661 0.9640 -0.0000
vn -0.1167 0.9932 -0.0000
vn 0.3849 -0.9229 -0.0000
vn 0.5335 0.8458 -0.0000
vn 0.1222 0.9925 -0.0000
vn -0.7170 0.6970 -0.0000
vn -0.2124 0.9772 -0.0000
vn 0.1715 -0.9852 -0.0000
vn 0.9268 -0.3754 -0.0000
vn 0.9999 -0.0120 -0.0000
vn -0.5654 -0.8248 -0.0000
vn -0.0490 -0.9988 -0.0000
vn 0.9262 0.3771 -0.0000
vn -0.4654 0.8851 -0.0000
vn -0.6344 0.7730 -0.0000
vn 0.8881 0.4597 -0.0000
vn 0.9915 -0.1304 -0.0000
vn 1.0000 -0.0056 -0.0000
vn 0.9813 -0.1927 -0.0000
vn 0.7239 0.6899 -0.0000
vn 0.5125 0.8587 -0.0000
vn -0.7040 -0.7102 -0.0000
vn 0.9765 0.2154 -0.0000
vn -0.2004 0.9797 -0.0000
vn -0.5702 0.8215 -0.0000
vn -0.2277 0.9737 -0.0000
vn -0.5583 -0.8296 -0.0000
vn 0.0080 -1.0000 -0.0000
vn -0.9635 0.2676 -0.0000
vn -0.4155 0.9096 -0.0000
vn -0.7558 0.6548 -0.0000
vn -0.2328 0.9725 -0.0000
vn 0.3024 0.9532 -0.0000
vn 0.9995 0.0314 -0.0000
vn 0.7588 0.6513 -0.0000
vn 0.1705 0.9854 -0.0000
vn 0.9268 -0.3755 -0.0000
vn 0.7181 -0.6960 -0.0000
vn -0.8544 0.5196 -0.0000
vn 0.1628 -0.9867 -0.0000
vn -0.2773 -0.9608 -0.0000
vn 0.1627 -0.9867 -0.0000
vn 0.5734 0.8193 -0.0000
vn -0.9635 0.2675 -0.0000
vn 0.7230 0.6908 -0.0000
vn -0.4108 -0.9117 -0.0000
vn -0.7360 0.6770 -0.0000
vn -0.9501 -0.3121 -0.0000
vn 0.6603 -0.7510 -0.0000
vn 0.9709 -0.2394 -0.0000
vn 0.1824 0.9832 -0.0000
vn -0.8621 -0.5068 -0.0000
vn -0.5296 -0.8483 -0.0000
vn -0.3934 -0.9194 -0.0000
vn 0.0617 -0.9981 -0.0000
vn 0.8733 0.4871 -0.0000
vn 0.6843 0.7292 -0.0000
vn 0.5706 -0.8212 -0.0000
vn 0.7720 -0.6357 -0.0000
vn 0.7090 0.7052 -0.0000
vn -0.6078 -0.7941 -0.0000
vn -0.4566 0.8897 -0.0000
vn -0.7017 0.7125 -0.0000
vn -0.7512 -0.6601 -0.0000
vn -0.7277 0.6859 -0.0000
vn -0.2592 0.9658 -0.0000
vn 0.3023 0.9532 -0.0000
vn 0.7649 0.6441 -0.0000
vn 0.4989 -0.8667 -0.0000
vn 0.8132 -0.5820 -0.0000
vn 0.9602 0.2793 -0.0000
vn 0.9654 0.2608 -0.0000
vn -0.0061 -1.0000 -0.0000
vn 0.7390 -0.6737 -0.0000
vn 0.1519 -0.9884 -0.0000
vn 0.9380 0.3465 -0.0000
vn 0.3850 -0.9229 -0.0000
vt 0.623266 0.637747
vt 0.628987 0.639694
vt 0.623266 0.639693
vt 0.633749 0.635794
vt 0.632799 0.637746
vt 0.632799 0.635794
vt 0.570434 0.635792
vt 0.555247 0.637742
vt 0.555247 0.635790
vt 0.574049 0.607567
vt 0.558146 0.605615
vt 0.574049 0.605614
vt 0.575947 0.607566
vt 0.574998 0.605614
vt 0.575947 0.605614
vt 0.623266 0.667818
vt 0.622430 0.666609
vt 0.623266 0.666561
vt 0.554298 0.577400
vt 0.555127 0.578659
vt 0.554298 0.578661
vt 0.555127 0.577398
vt 0.558146 0.578658
vt 0.591848 0.577398
vt 0.594865 0.578661
vt 0.591848 0.578659
vt 0.594865 0.577400
vt 0.595689 0.578665
vt 0.629820 0.667868
vt 0.628987 0.666562
vt 0.629820 0.666610
vt 0.699493 0.670093
vt 0.701443 0.674904
vt 0.699493 0.674904
vt 0.676018 0.691892
vt 0.674757 0.691289
vt 0.676017 0.691289
vt 0.573130 0.608834
vt 0.573884 0.607570
vt 0.573884 0.608832
vt 0.570434 0.608835
vt 0.573130 0.607573
vt 0.614916 0.608837
vt 0.617610 0.607576
vt 0.617610 0.608838
vt 0.614165 0.608836
vt 0.614916 0.607576
vt 0.676017 0.686477
vt 0.674758 0.685881
vt 0.676018 0.685881
vt 0.676921 0.566821
vt 0.678270 0.567121
vt 0.677613 0.567960
vt 0.669258 0.564094
vt 0.670445 0.566074
vt 0.669567 0.567121
vt 0.676060 0.674721
vt 0.675095 0.659549
vt 0.676060 0.658837
vt 0.670224 0.567960
vt 0.671516 0.567353
vt 0.671058 0.568558
vt 0.675751 0.655817
vt 0.674402 0.656117
vt 0.675094 0.654981
vt 0.667926 0.656860
vt 0.666739 0.658835
vt 0.667048 0.655815
vt 0.669258 0.548172
vt 0.670223 0.563380
vt 0.676779 0.568558
vt 0.668997 0.655585
vt 0.667705 0.654979
vt 0.668539 0.654383
vt 0.676321 0.567353
vt 0.677392 0.566074
vt 0.678579 0.564094
vt 0.677614 0.548172
vt 0.678579 0.547222
vt 0.678579 0.548172
vt 0.673802 0.655586
vt 0.674260 0.654384
vt 0.632134 0.639699
vt 0.633099 0.637747
vt 0.633099 0.639699
vt 0.670916 0.566821
vt 0.574979 0.666654
vt 0.574014 0.667915
vt 0.574014 0.666654
vt 0.674873 0.656861
vt 0.668397 0.656115
vt 0.666739 0.674719
vt 0.667704 0.675667
vt 0.666739 0.675667
vt 0.614916 0.637746
vt 0.617610 0.635795
vt 0.617610 0.637747
vt 0.574979 0.637744
vt 0.574014 0.639696
vt 0.574014 0.637744
vt 0.632134 0.666656
vt 0.633099 0.666656
vt 0.701443 0.670093
vt 0.699494 0.669496
vt 0.701444 0.669496
vt 0.570434 0.637744
vt 0.573129 0.635791
vt 0.573129 0.637743
vt 0.614165 0.637745
vt 0.614916 0.635794
vt 0.573884 0.635788
vt 0.573884 0.637740
vt 0.701444 0.675507
vt 0.629820 0.639742
vt 0.628987 0.637748
vt 0.629820 0.637797
vt 0.594865 0.605618
vt 0.595689 0.607574
vt 0.594865 0.607570
vt 0.591848 0.605616
vt 0.591848 0.607568
vt 0.555127 0.605616
vt 0.558146 0.607567
vt 0.555127 0.607568
vt 0.554298 0.605618
vt 0.554298 0.607570
vt 0.622430 0.637795
vt 0.574998 0.578657
vt 0.575947 0.578657
vt 0.574049 0.578657
vt 0.633749 0.608837
vt 0.632799 0.608837
vt 0.628987 0.667819
vt 0.633749 0.607576
vt 0.632799 0.607576
vt 0.570434 0.607574
vt 0.555247 0.608833
vt 0.555247 0.607572
vt 0.558146 0.577397
vt 0.574049 0.577396
vt 0.574998 0.577396
vt 0.575947 0.577396
vt 0.674757 0.686477
vt 0.632134 0.667917
vt 0.633099 0.667917
vt 0.574979 0.639696
vt 0.675515 0.865931
vt 0.682044 0.842119
vt 0.682044 0.865931
vt 0.595689 0.605622
vt 0.622430 0.639741
vt 0.574087 0.918576
vt 0.579474 0.915076
vt 0.580616 0.918578
vt 0.677614 0.563380
vt 0.675095 0.675669
vt 0.676060 0.675669
vt 0.574998 0.578657
vt 0.574998 0.577396
vt 0.554298 0.608833
vt 0.554298 0.607572
vt 0.554298 0.635790
vt 0.574998 0.605614
vt 0.667704 0.659548
vt 0.670223 0.547222
vt 0.669258 0.547222
vt 0.574998 0.607567
vt 0.554298 0.637742
vt 0.598901 0.928418
vt 0.593514 0.931918
vt 0.592372 0.928416
vt 0.109574 0.905926
vt 0.106035 0.903508
vt 0.109574 0.898313
vt 0.086911 0.909437
vt 0.086911 0.917049
vt 0.083372 0.911855
vt 0.047013 0.908116
vt 0.047699 0.902141
vt 0.047699 0.908117
vt 0.126114 0.840277
vt 0.126799 0.833988
vt 0.126799 0.840277
vt 0.109604 0.908581
vt 0.110289 0.904291
vt 0.110289 0.908581
vt 0.381471 0.649905
vt 0.382785 0.649264
vt 0.381884 0.650409
vt 0.382296 0.650974
vt 0.379703 0.651650
vt 0.379673 0.650983
vt 0.370882 0.596873
vt 0.375233 0.595524
vt 0.375519 0.596159
vt 0.379708 0.595764
vt 0.379679 0.596401
vt 0.375802 0.596794
vt 0.371391 0.597410
vt 0.378113 0.686940
vt 0.376746 0.682453
vt 0.378112 0.682356
vt 0.376747 0.677588
vt 0.378114 0.677417
vt 0.379480 0.677587
vt 0.379479 0.682449
vt 0.375799 0.650622
vt 0.375516 0.651224
vt 0.375231 0.651889
vt 0.370883 0.650512
vt 0.371391 0.650007
vt 0.326999 0.661536
vt 0.328367 0.659190
vt 0.328366 0.661652
vt 0.326998 0.665862
vt 0.325633 0.661652
vt 0.325634 0.659189
vt 0.327000 0.659012
vt 0.381477 0.597515
vt 0.381890 0.596980
vt 0.382301 0.596443
vt 0.382790 0.598129
vt 0.327020 0.655441
vt 0.328398 0.657499
vt 0.327030 0.657623
vt 0.325665 0.657505
vt 0.325655 0.655379
vt 0.327010 0.652173
vt 0.328388 0.655372
vt 0.369908 0.648626
vt 0.370530 0.648242
vt 0.369973 0.644367
vt 0.370637 0.644153
vt 0.371150 0.647921
vt 0.370529 0.599148
vt 0.371150 0.599501
vt 0.370637 0.603246
vt 0.369974 0.603064
vt 0.369908 0.598794
vt 0.368504 0.622294
vt 0.369870 0.623104
vt 0.368503 0.623230
vt 0.367137 0.623099
vt 0.367138 0.622113
vt 0.378177 0.699622
vt 0.376763 0.697926
vt 0.378142 0.697920
vt 0.379487 0.697934
vt 0.379524 0.699764
vt 0.327040 0.659012
vt 0.328407 0.658835
vt 0.376747 0.689529
vt 0.378114 0.689664
vt 0.379480 0.689524
vt 0.112249 0.819400
vt 0.112397 0.819602
vt 0.112246 0.819662
vt 0.096548 0.876944
vt 0.096681 0.876847
vt 0.096697 0.877046
vt 0.096797 0.876791
vt 0.096850 0.876943
vt 0.112096 0.819581
vt 0.113015 0.840445
vt 0.112867 0.840586
vt 0.112865 0.840357
vt 0.112714 0.840459
vt 0.112547 0.819168
vt 0.112661 0.819405
vt 0.112552 0.819407
vt 0.112397 0.819245
vt 0.096698 0.875683
vt 0.096553 0.876122
vt 0.096558 0.875724
vt 0.112554 0.819662
vt 0.112441 0.819421
vt 0.112698 0.819594
vt 0.096838 0.876123
vt 0.096690 0.876085
vt 0.096755 0.874861
vt 0.096961 0.875341
vt 0.096751 0.875332
vt 0.096905 0.875602
vt 0.096746 0.875683
vt 0.096590 0.875587
vt 0.096541 0.875328
vt 0.096550 0.874867
vt 0.096754 0.872675
vt 0.096549 0.873144
vt 0.096541 0.872681
vt 0.096586 0.872424
vt 0.096745 0.872325
vt 0.096902 0.872409
vt 0.096961 0.872669
vt 0.096758 0.873149
vt 0.112868 0.841271
vt 0.112721 0.840867
vt 0.112868 0.840902
vt 0.112756 0.840627
vt 0.112977 0.840617
vt 0.113013 0.840853
vt 0.383571 0.639732
vt 0.382930 0.644239
vt 0.382889 0.639726
vt 0.382225 0.644198
vt 0.382204 0.639781
vt 0.382246 0.635226
vt 0.382930 0.635118
vt 0.383771 0.647558
vt 0.383015 0.647313
vt 0.382079 0.648917
vt 0.382257 0.647129
vt 0.383632 0.644340
vt 0.367130 0.624889
vt 0.368496 0.624966
vt 0.369863 0.624895
vt 0.369853 0.627833
vt 0.368486 0.627855
vt 0.367120 0.627826
vt 0.383017 0.600086
vt 0.382083 0.598508
vt 0.383773 0.599870
vt 0.383634 0.603096
vt 0.382931 0.603168
vt 0.382259 0.600300
vt 0.383090 0.631759
vt 0.383610 0.635071
vt 0.382406 0.631880
vt 0.382420 0.629440
vt 0.383083 0.629277
vt 0.383771 0.631700
vt 0.327000 0.647524
vt 0.328378 0.652151
vt 0.325645 0.652158
vt 0.325635 0.647542
vt 0.325632 0.642871
vt 0.326997 0.642837
vt 0.328365 0.642865
vt 0.328368 0.647535
vt 0.382889 0.607691
vt 0.382227 0.603238
vt 0.383573 0.607715
vt 0.382930 0.612309
vt 0.382248 0.612231
vt 0.382205 0.607665
vt 0.367110 0.632253
vt 0.368476 0.632250
vt 0.369843 0.632260
vt 0.368474 0.636798
vt 0.112251 0.819138
vt 0.112138 0.819390
vt 0.112104 0.819189
vt 0.112870 0.841657
vt 0.112725 0.841239
vt 0.113011 0.841227
vt 0.113015 0.841617
vt 0.112359 0.819405
vt 0.096756 0.873637
vt 0.096589 0.873891
vt 0.096543 0.873617
vt 0.096961 0.873154
vt 0.096961 0.873656
vt 0.096902 0.873930
vt 0.096747 0.874007
vt 0.096752 0.874375
vt 0.096906 0.874085
vt 0.096961 0.874357
vt 0.096961 0.874858
vt 0.096544 0.874396
vt 0.096593 0.874123
vt 0.096748 0.874007
vt 0.096681 0.876500
vt 0.096577 0.876791
vt 0.096541 0.876534
vt 0.096833 0.876534
vt 0.369991 0.609289
vt 0.370668 0.609415
vt 0.371299 0.603429
vt 0.371344 0.609541
vt 0.370737 0.615465
vt 0.370075 0.615405
vt 0.326998 0.682246
vt 0.325632 0.678261
vt 0.326998 0.678243
vt 0.328365 0.678261
vt 0.328365 0.682199
vt 0.328366 0.684484
vt 0.326999 0.684605
vt 0.325633 0.684483
vt 0.325632 0.682199
vt 0.326998 0.672106
vt 0.325633 0.665921
vt 0.328366 0.665921
vt 0.328365 0.672146
vt 0.325632 0.672146
vt 0.370667 0.637999
vt 0.371298 0.644003
vt 0.369989 0.638156
vt 0.370072 0.632055
vt 0.370735 0.631964
vt 0.371342 0.637906
vt 0.404598 0.600907
vt 0.405967 0.594863
vt 0.405966 0.600955
vt 0.407331 0.600908
vt 0.407330 0.606891
vt 0.405965 0.606916
vt 0.404597 0.606890
vt 0.372148 0.625673
vt 0.371289 0.626170
vt 0.371691 0.625148
vt 0.370739 0.625843
vt 0.371230 0.624685
vt 0.372665 0.624159
vt 0.372983 0.624700
vt 0.371573 0.628401
vt 0.370957 0.628232
vt 0.370337 0.628125
vt 0.371836 0.626560
vt 0.405966 0.610396
vt 0.407331 0.610437
vt 0.405967 0.612174
vt 0.404598 0.610437
vt 0.370959 0.619206
vt 0.371576 0.619068
vt 0.371840 0.620913
vt 0.371292 0.621273
vt 0.370341 0.619344
vt 0.405968 0.613024
vt 0.404599 0.612289
vt 0.407332 0.612289
vt 0.407334 0.613186
vt 0.410359 0.693954
vt 0.408992 0.692954
vt 0.410359 0.692849
vt 0.411725 0.692955
vt 0.411726 0.694107
vt 0.371694 0.622298
vt 0.370743 0.621632
vt 0.372152 0.621802
vt 0.372986 0.622746
vt 0.372669 0.623321
vt 0.371235 0.622793
vt 0.325634 0.685640
vt 0.327000 0.685806
vt 0.328367 0.685640
vt 0.409309 0.663174
vt 0.410606 0.661839
vt 0.410659 0.663321
vt 0.412033 0.663161
vt 0.405968 0.588965
vt 0.407332 0.590866
vt 0.405967 0.590989
vt 0.407332 0.594797
vt 0.404599 0.594796
vt 0.404599 0.590866
vt 0.378125 0.694176
vt 0.376746 0.694079
vt 0.378176 0.689835
vt 0.379470 0.694085
vt 0.375991 0.623085
vt 0.373302 0.622172
vt 0.376080 0.622458
vt 0.378992 0.622480
vt 0.379146 0.623110
vt 0.375901 0.623711
vt 0.408992 0.690173
vt 0.410359 0.690144
vt 0.410359 0.687309
vt 0.411725 0.690174
vt 0.375896 0.623769
vt 0.375988 0.624363
vt 0.379143 0.624337
vt 0.378988 0.624998
vt 0.376075 0.625019
vt 0.373298 0.625305
vt 0.410359 0.685816
vt 0.411725 0.687258
vt 0.408992 0.687258
vt 0.408992 0.685701
vt 0.368500 0.646476
vt 0.367136 0.645786
vt 0.368502 0.645640
vt 0.369869 0.645786
vt 0.369866 0.646663
vt 0.383219 0.620415
vt 0.381846 0.621626
vt 0.382623 0.620142
vt 0.381356 0.621185
vt 0.382027 0.619869
vt 0.383085 0.618160
vt 0.383746 0.618293
vt 0.380893 0.622620
vt 0.379300 0.623740
vt 0.380548 0.622056
vt 0.382335 0.622067
vt 0.381237 0.623184
vt 0.411949 0.653148
vt 0.410534 0.655045
vt 0.410571 0.653041
vt 0.409225 0.653162
vt 0.328407 0.632128
vt 0.327034 0.633067
vt 0.327040 0.631938
vt 0.410659 0.651889
vt 0.380543 0.625421
vt 0.380889 0.624827
vt 0.379295 0.623740
vt 0.381232 0.624295
vt 0.382331 0.625409
vt 0.381843 0.625818
vt 0.383091 0.615674
vt 0.383612 0.612386
vt 0.383773 0.615764
vt 0.382423 0.618027
vt 0.382409 0.615583
vt 0.327029 0.634752
vt 0.325668 0.633219
vt 0.328401 0.633217
vt 0.328396 0.634847
vt 0.327021 0.636907
vt 0.325663 0.634848
vt 0.382620 0.627299
vt 0.381352 0.626289
vt 0.383215 0.627058
vt 0.383742 0.629176
vt 0.382023 0.627603
vt 0.369871 0.644464
vt 0.368504 0.644375
vt 0.367138 0.644464
vt 0.367134 0.642619
vt 0.368500 0.642577
vt 0.369867 0.642620
vt 0.325642 0.639488
vt 0.327007 0.639450
vt 0.325656 0.636958
vt 0.328389 0.636956
vt 0.328375 0.639484
vt 0.368486 0.640146
vt 0.367108 0.636819
vt 0.369841 0.636825
vt 0.369853 0.640176
vt 0.367120 0.640173
vt 0.324236 0.671951
vt 0.323970 0.669541
vt 0.324629 0.669664
vt 0.324481 0.668365
vt 0.325097 0.668061
vt 0.325412 0.668571
vt 0.325231 0.669770
vt 0.324843 0.671996
vt 0.380537 0.557238
vt 0.380786 0.554897
vt 0.381169 0.557124
vt 0.381369 0.558317
vt 0.381031 0.558833
vt 0.380436 0.558522
vt 0.379905 0.557352
vt 0.380149 0.554950
vt 0.395021 0.548130
vt 0.393728 0.550490
vt 0.393728 0.548115
vt 0.394064 0.546851
vt 0.395022 0.546408
vt 0.395979 0.546852
vt 0.396313 0.548116
vt 0.396313 0.550491
vt 0.395020 0.550525
vt 0.409797 0.608090
vt 0.408528 0.605842
vt 0.409834 0.605857
vt 0.408882 0.604645
vt 0.409861 0.604245
vt 0.410790 0.604689
vt 0.411104 0.605902
vt 0.330178 0.634525
vt 0.329565 0.633215
vt 0.330245 0.633234
vt 0.330245 0.631938
vt 0.409823 0.603694
vt 0.408520 0.604220
vt 0.409804 0.610502
vt 0.408528 0.613050
vt 0.408498 0.610527
vt 0.411074 0.610587
vt 0.411104 0.613109
vt 0.409834 0.613004
vt 0.395021 0.555767
vt 0.393728 0.553046
vt 0.395020 0.553101
vt 0.396313 0.553047
vt 0.380722 0.549566
vt 0.380943 0.552347
vt 0.380301 0.552339
vt 0.379658 0.552331
vt 0.380075 0.549497
vt 0.324381 0.674562
vt 0.324120 0.677394
vt 0.323712 0.674561
vt 0.324993 0.674546
vt 0.324794 0.677334
vt 0.410555 0.658529
vt 0.409259 0.661740
vt 0.409210 0.658506
vt 0.409190 0.655103
vt 0.411914 0.655089
vt 0.411934 0.658492
vt 0.411983 0.661726
vt 0.147254 0.890781
vt 0.151538 0.884493
vt 0.151538 0.890781
vt 0.092261 0.909513
vt 0.096546 0.909512
vt 0.096546 0.915800
vt 0.124648 0.894899
vt 0.123962 0.888611
vt 0.124648 0.888611
vt 0.095730 0.895867
vt 0.096415 0.902141
vt 0.095730 0.902141
vt 0.126810 0.819209
vt 0.126124 0.814919
vt 0.126810 0.814919
vt 0.151452 0.900574
vt 0.151452 0.908186
vt 0.147913 0.902992
vt 0.126124 0.816243
vt 0.122585 0.813826
vt 0.126124 0.808631
vt 0.109604 0.898313
vt 0.110289 0.898315
vt 0.123962 0.882322
vt 0.124648 0.882322
vt 0.095730 0.902141
vt 0.096415 0.906431
vt 0.095730 0.906431
vt 0.110289 0.910161
vt 0.114574 0.910160
vt 0.114574 0.916448
vt 0.069462 0.905382
vt 0.073747 0.899094
vt 0.073747 0.905382
vt 0.126810 0.808631
vt 0.126124 0.808631
vt 0.047699 0.895865
vt 0.047013 0.902139
vt 0.047013 0.895865
vt 0.126114 0.844567
vt 0.112510 0.841856
vt 0.112698 0.842802
vt 0.112496 0.842821
vt 0.112305 0.841975
vt 0.111941 0.841150
vt 0.112098 0.840930
vt 0.112714 0.841727
vt 0.110825 0.840357
vt 0.110825 0.840621
vt 0.110824 0.840875
vt 0.109706 0.841151
vt 0.109550 0.840931
vt 0.109145 0.843248
vt 0.108941 0.842806
vt 0.109144 0.842824
vt 0.109354 0.843212
vt 0.149625 0.800274
vt 0.149413 0.801060
vt 0.149397 0.800204
vt 0.109361 0.844123
vt 0.109140 0.844194
vt 0.152985 0.802506
vt 0.153164 0.801532
vt 0.153180 0.802625
vt 0.152575 0.803434
vt 0.152410 0.803205
vt 0.152773 0.802378
vt 0.152970 0.801517
vt 0.151295 0.803998
vt 0.151305 0.803745
vt 0.150035 0.803437
vt 0.150182 0.803208
vt 0.151297 0.803482
vt 0.149630 0.801095
vt 0.149418 0.801534
vt 0.149836 0.800310
vt 0.109613 0.912106
vt 0.109920 0.911258
vt 0.109908 0.912167
vt 0.149831 0.801128
vt 0.149630 0.801519
vt 0.126814 0.843568
vt 0.127182 0.842502
vt 0.127169 0.843568
vt 0.127515 0.843568
vt 0.127182 0.844636
vt 0.070119 0.906337
vt 0.069795 0.906813
vt 0.069804 0.906320
vt 0.069488 0.906325
vt 0.125639 0.843666
vt 0.125346 0.844501
vt 0.125323 0.843680
vt 0.069499 0.905465
vt 0.069800 0.905406
vt 0.110232 0.909692
vt 0.109915 0.910766
vt 0.109909 0.909646
vt 0.109594 0.909682
vt 0.109634 0.908651
vt 0.109959 0.908581
vt 0.110289 0.908661
vt 0.070106 0.905382
vt 0.152968 0.800267
vt 0.153168 0.801056
vt 0.152967 0.801092
vt 0.125626 0.842474
vt 0.125961 0.843299
vt 0.125636 0.843309
vt 0.125319 0.843306
vt 0.125298 0.842427
vt 0.125614 0.841681
vt 0.125964 0.842438
vt 0.070489 0.906299
vt 0.070803 0.906667
vt 0.070481 0.906655
vt 0.070160 0.906653
vt 0.070168 0.906281
vt 0.070508 0.905441
vt 0.070810 0.906294
vt 0.071142 0.906865
vt 0.070821 0.905435
vt 0.071148 0.905382
vt 0.071478 0.905435
vt 0.071475 0.906865
vt 0.071478 0.908300
vt 0.071148 0.908351
vt 0.070821 0.908300
vt 0.070812 0.906865
vt 0.125964 0.843673
vt 0.125649 0.844527
vt 0.108935 0.843280
vt 0.069782 0.907933
vt 0.070119 0.908916
vt 0.069792 0.908994
vt 0.069462 0.908922
vt 0.069462 0.907894
vt 0.070102 0.907889
vt 0.152750 0.801125
vt 0.152739 0.800304
vt 0.112494 0.844196
vt 0.112702 0.843279
vt 0.112714 0.844232
vt 0.112283 0.843211
vt 0.112493 0.843247
vt 0.070795 0.907529
vt 0.070465 0.908285
vt 0.070462 0.907490
vt 0.070129 0.907533
vt 0.070200 0.905463
vt 0.110218 0.912193
vt 0.109610 0.911250
vt 0.110240 0.911243
vt 0.149408 0.802628
vt 0.149621 0.802508
vt 0.149817 0.802380
vt 0.108930 0.841730
vt 0.109134 0.841858
vt 0.109338 0.841977
vt 0.125897 0.816338
vt 0.125582 0.818924
vt 0.125596 0.816243
vt 0.109575 0.844547
vt 0.111995 0.844688
vt 0.109414 0.844709
vt 0.073443 0.907953
vt 0.073714 0.905660
vt 0.073747 0.907954
vt 0.150082 0.800056
vt 0.152471 0.799911
vt 0.152465 0.800104
vt 0.152463 0.799721
vt 0.153180 0.800195
vt 0.111996 0.844526
vt 0.112273 0.844125
vt 0.111996 0.844306
vt 0.149930 0.799894
vt 0.073428 0.908225
vt 0.073140 0.908048
vt 0.073731 0.908300
vt 0.125593 0.819718
vt 0.125283 0.818926
vt 0.125897 0.819642
vt 0.125883 0.818922
vt 0.109983 0.912696
vt 0.108919 0.844229
vt 0.073444 0.905458
vt 0.073410 0.905659
vt 0.073136 0.905382
vt 0.073108 0.905658
vt 0.109682 0.912603
vt 0.149793 0.799705
vt 0.125298 0.816246
vt 0.109704 0.844358
vt 0.571983 0.407247
vt 0.575839 0.409521
vt 0.571983 0.409520
vt 0.623714 0.404969
vt 0.622605 0.407250
vt 0.622605 0.404969
vt 0.620992 0.334472
vt 0.603251 0.336750
vt 0.603251 0.334469
vt 0.576853 0.336748
vt 0.558276 0.334468
vt 0.576853 0.334468
vt 0.627410 0.371996
vt 0.626301 0.369715
vt 0.627410 0.369715
vt 0.571983 0.442374
vt 0.571007 0.440962
vt 0.571983 0.440906
vt 0.553781 0.301509
vt 0.554749 0.302980
vt 0.553781 0.302982
vt 0.554749 0.301507
vt 0.558276 0.302979
vt 0.645984 0.336755
vt 0.649508 0.338231
vt 0.645984 0.338228
vt 0.649508 0.336757
vt 0.650471 0.338235
vt 0.576813 0.442432
vt 0.575839 0.440906
vt 0.576813 0.440964
vt 0.682019 0.367759
vt 0.684297 0.370549
vt 0.682019 0.370549
vt 0.685771 0.371254
vt 0.684298 0.370549
vt 0.685770 0.370549
vt 0.624140 0.302981
vt 0.625022 0.301505
vt 0.625022 0.302978
vt 0.620992 0.302982
vt 0.624140 0.301508
vt 0.601716 0.373480
vt 0.604863 0.372007
vt 0.604863 0.373480
vt 0.600838 0.373478
vt 0.601716 0.372006
vt 0.685770 0.367759
vt 0.684299 0.367062
vt 0.685771 0.367062
vt 0.702141 0.449578
vt 0.703717 0.449929
vt 0.702950 0.450908
vt 0.696016 0.446393
vt 0.697403 0.448706
vt 0.696378 0.449929
vt 0.706692 0.423023
vt 0.705565 0.405300
vt 0.706692 0.404468
vt 0.697144 0.450908
vt 0.698654 0.450200
vt 0.698119 0.451607
vt 0.706331 0.400941
vt 0.704755 0.401291
vt 0.705564 0.399964
vt 0.700017 0.402159
vt 0.698631 0.404466
vt 0.698992 0.400939
vt 0.696016 0.427794
vt 0.697143 0.445559
vt 0.701441 0.450200
vt 0.701975 0.451607
vt 0.701268 0.400670
vt 0.699759 0.399962
vt 0.700733 0.399266
vt 0.702692 0.448706
vt 0.704078 0.446393
vt 0.704078 0.427794
vt 0.702951 0.426684
vt 0.704078 0.426684
vt 0.704055 0.400670
vt 0.704590 0.399267
vt 0.595188 0.466116
vt 0.594061 0.468397
vt 0.594061 0.466116
vt 0.697954 0.449578
vt 0.569668 0.434706
vt 0.570796 0.433233
vt 0.570796 0.434706
vt 0.705306 0.402160
vt 0.700568 0.401290
vt 0.698631 0.423021
vt 0.699758 0.424129
vt 0.698631 0.424129
vt 0.601716 0.407250
vt 0.604863 0.404970
vt 0.604863 0.407251
vt 0.569668 0.468476
vt 0.570796 0.466196
vt 0.570796 0.468476
vt 0.595188 0.434627
vt 0.594061 0.434627
vt 0.684297 0.367759
vt 0.682020 0.367062
vt 0.684298 0.367062
vt 0.620992 0.336752
vt 0.624140 0.334470
vt 0.624140 0.336751
vt 0.600838 0.407248
vt 0.601716 0.404969
vt 0.625022 0.334467
vt 0.625022 0.336748
vt 0.684298 0.371254
vt 0.576813 0.409578
vt 0.575839 0.407248
vt 0.576813 0.407305
vt 0.649508 0.369720
vt 0.650471 0.372005
vt 0.649508 0.372000
vt 0.645984 0.369717
vt 0.645984 0.371998
vt 0.554749 0.334470
vt 0.558276 0.336749
vt 0.554749 0.336750
vt 0.553781 0.334472
vt 0.553781 0.336752
vt 0.571007 0.407304
vt 0.571007 0.466196
vt 0.576853 0.302978
vt 0.623714 0.373480
vt 0.622605 0.373480
vt 0.575839 0.442375
vt 0.623714 0.372006
vt 0.622605 0.372006
vt 0.620992 0.301509
vt 0.603251 0.302980
vt 0.603251 0.301507
vt 0.558276 0.301505
vt 0.576853 0.301505
vt 0.627410 0.338226
vt 0.626301 0.336752
vt 0.627410 0.336752
vt 0.684298 0.367759
vt 0.595188 0.433153
vt 0.594061 0.433153
vt 0.569668 0.466196
vt 0.690778 0.839325
vt 0.686387 0.863137
vt 0.686387 0.839325
vt 0.650471 0.369724
vt 0.571007 0.409577
vt 0.695170 0.842827
vt 0.695170 0.856228
vt 0.690778 0.842826
vt 0.702951 0.445559
vt 0.705565 0.424130
vt 0.706692 0.424130
vt 0.577962 0.302978
vt 0.577962 0.301505
vt 0.602142 0.302980
vt 0.602142 0.301507
vt 0.602142 0.334469
vt 0.685113 0.455052
vt 0.684902 0.423666
vt 0.685113 0.423666
vt 0.699758 0.405299
vt 0.697143 0.426684
vt 0.696016 0.426684
vt 0.577962 0.336748
vt 0.577962 0.334468
vt 0.602142 0.336750
vt 0.690529 0.815936
vt 0.691058 0.815466
vt 0.693695 0.815936
vt 0.356754 0.438426
vt 0.352034 0.435203
vt 0.356754 0.428275
vt 0.444788 0.301722
vt 0.444788 0.311873
vt 0.440068 0.304946
vt 0.424240 0.432777
vt 0.425494 0.440750
vt 0.424240 0.440747
vt 0.338089 0.417599
vt 0.339343 0.409212
vt 0.339343 0.417599
vt 0.319744 0.454605
vt 0.320998 0.448885
vt 0.320998 0.454605
vt 0.333535 0.450284
vt 0.339249 0.441898
vt 0.339249 0.450284
vt 0.443836 0.448848
vt 0.438123 0.448848
vt 0.438123 0.440462
vt 0.356045 0.417599
vt 0.357299 0.425984
vt 0.356045 0.425984
vt 0.416259 0.432721
vt 0.417513 0.441088
vt 0.416259 0.441088
vt 0.425398 0.453098
vt 0.424144 0.447378
vt 0.425398 0.447378
vt 0.386995 0.437448
vt 0.386995 0.447599
vt 0.382275 0.440672
vt 0.409052 0.351667
vt 0.404332 0.348443
vt 0.409052 0.341515
vt 0.312156 0.444492
vt 0.310902 0.436518
vt 0.312156 0.436522
vt 0.391612 0.321711
vt 0.390358 0.313324
vt 0.391612 0.313324
vt 0.310902 0.444492
vt 0.312156 0.450212
vt 0.310902 0.450212
vt 0.369714 0.443359
vt 0.375428 0.443359
vt 0.375428 0.451744
vt 0.437244 0.425639
vt 0.442958 0.417253
vt 0.442958 0.425639
vt 0.356045 0.417598
vt 0.357299 0.409212
vt 0.357299 0.417598
vt 0.339343 0.417599
vt 0.338089 0.425966
vt 0.446401 0.295796
vt 0.445147 0.301516
vt 0.445147 0.295796
vt 0.722281 0.426684
vt 0.723390 0.458173
vt 0.722281 0.458173
vt 0.721560 0.364547
vt 0.720452 0.333058
vt 0.721560 0.333058
vt 0.668314 0.368250
vt 0.668525 0.369358
vt 0.668314 0.369358
vt 0.668314 0.371382
vt 0.668525 0.370274
vt 0.668525 0.371382
vt 0.632995 0.427044
vt 0.633206 0.458429
vt 0.632995 0.458429
vt 0.668525 0.368250
vt 0.668314 0.367140
vt 0.668525 0.367140
vt 0.646473 0.415548
vt 0.646261 0.414438
vt 0.646473 0.414438
vt 0.593849 0.434627
vt 0.422843 0.352799
vt 0.419203 0.350618
vt 0.422843 0.350618
vt 0.326448 0.388034
vt 0.325385 0.390222
vt 0.325385 0.388034
vt 0.367734 0.320400
vt 0.350713 0.322586
vt 0.350713 0.320398
vt 0.326636 0.322585
vt 0.308814 0.320397
vt 0.326636 0.320397
vt 0.328753 0.356400
vt 0.327689 0.354212
vt 0.328753 0.354212
vt 0.422843 0.319099
vt 0.423779 0.320454
vt 0.422843 0.320508
vt 0.304501 0.288777
vt 0.305431 0.290188
vt 0.304501 0.290190
vt 0.305431 0.288775
vt 0.308814 0.290187
vt 0.346573 0.322591
vt 0.349953 0.324007
vt 0.346573 0.324004
vt 0.349953 0.322593
vt 0.350877 0.324011
vt 0.418270 0.319044
vt 0.419203 0.320507
vt 0.418270 0.320453
vt 0.406532 0.321144
vt 0.404347 0.318527
vt 0.406532 0.318527
vt 0.406532 0.317851
vt 0.407945 0.318527
vt 0.406533 0.318527
vt 0.370754 0.290189
vt 0.371600 0.288773
vt 0.371600 0.290186
vt 0.367734 0.290190
vt 0.370754 0.288776
vt 0.305343 0.357824
vt 0.308363 0.356411
vt 0.308363 0.357825
vt 0.304501 0.357822
vt 0.305343 0.356410
vt 0.406533 0.321144
vt 0.407944 0.321812
vt 0.406532 0.321812
vt 0.426086 0.378159
vt 0.427598 0.378496
vt 0.426863 0.379435
vt 0.420271 0.375104
vt 0.421601 0.377323
vt 0.420617 0.378496
vt 0.428257 0.311565
vt 0.427176 0.294562
vt 0.428257 0.293764
vt 0.421353 0.379435
vt 0.422801 0.378755
vt 0.422288 0.380105
vt 0.427911 0.290380
vt 0.426399 0.290715
vt 0.427175 0.289442
vt 0.421913 0.291549
vt 0.420583 0.293762
vt 0.420930 0.290378
vt 0.420271 0.357260
vt 0.421352 0.374303
vt 0.425415 0.378755
vt 0.425927 0.380105
vt 0.423113 0.290120
vt 0.421665 0.289441
vt 0.422601 0.288773
vt 0.426615 0.377323
vt 0.427945 0.375104
vt 0.427945 0.357260
vt 0.426863 0.356195
vt 0.427945 0.356195
vt 0.425727 0.290120
vt 0.426240 0.288774
vt 0.442287 0.341075
vt 0.443368 0.338887
vt 0.443368 0.341075
vt 0.422129 0.378159
vt 0.303253 0.357818
vt 0.304334 0.356404
vt 0.304334 0.357818
vt 0.426927 0.291550
vt 0.422442 0.290715
vt 0.420583 0.311563
vt 0.421665 0.312626
vt 0.420583 0.312626
vt 0.305343 0.390222
vt 0.308363 0.388035
vt 0.308363 0.390223
vt 0.303253 0.390216
vt 0.304334 0.388028
vt 0.304334 0.390216
vt 0.442287 0.371286
vt 0.443368 0.371286
vt 0.404347 0.321144
vt 0.406531 0.321812
vt 0.404346 0.321812
vt 0.367734 0.322588
vt 0.370754 0.320399
vt 0.370754 0.322587
vt 0.304501 0.390221
vt 0.305343 0.388034
vt 0.371600 0.320396
vt 0.371600 0.322584
vt 0.404346 0.317851
vt 0.418270 0.350563
vt 0.419203 0.352798
vt 0.418270 0.352744
vt 0.349953 0.354217
vt 0.350877 0.356409
vt 0.349953 0.356404
vt 0.346573 0.354214
vt 0.346573 0.356402
vt 0.305431 0.320399
vt 0.308814 0.322585
vt 0.305431 0.322586
vt 0.304501 0.320401
vt 0.304501 0.322589
vt 0.423779 0.352745
vt 0.327689 0.324002
vt 0.328753 0.324002
vt 0.326636 0.290186
vt 0.326448 0.357824
vt 0.325385 0.357824
vt 0.419203 0.319098
vt 0.326448 0.356410
vt 0.325385 0.356410
vt 0.367734 0.288777
vt 0.350713 0.290188
vt 0.350713 0.288775
vt 0.308814 0.288774
vt 0.326636 0.288773
vt 0.327689 0.322589
vt 0.328753 0.322589
vt 0.407945 0.321144
vt 0.442287 0.372699
vt 0.443368 0.372699
vt 0.303253 0.388028
vt 0.694014 0.863642
vt 0.689670 0.887454
vt 0.689670 0.863642
vt 0.350877 0.354221
vt 0.423779 0.350564
vt 0.591457 0.925534
vt 0.591457 0.938935
vt 0.587113 0.925533
vt 0.426863 0.374303
vt 0.427176 0.312627
vt 0.428257 0.312627
vt 0.327700 0.290186
vt 0.327700 0.288773
vt 0.349650 0.290188
vt 0.349650 0.288775
vt 0.349650 0.320398
vt 0.327700 0.320397
vt 0.421665 0.294561
vt 0.421352 0.356195
vt 0.420271 0.356195
vt 0.327700 0.322584
vt 0.349650 0.322586
vt 0.692851 0.911250
vt 0.693268 0.910592
vt 0.696803 0.911250
vt 0.131588 0.059948
vt 0.124366 0.060184
vt 0.127436 0.059232
vt 0.138959 0.089335
vt 0.133874 0.059808
vt 0.138959 0.059808
vt 0.133813 0.062142
vt 0.122112 0.061941
vt 0.133908 0.068067
vt 0.133098 0.065711
vt 0.131129 0.063840
vt 0.128040 0.063744
vt 0.120307 0.065175
vt 0.125901 0.065661
vt 0.125010 0.068341
vt 0.119630 0.068550
vt 0.133780 0.071938
vt 0.125144 0.072130
vt 0.119804 0.073193
vt 0.132664 0.074573
vt 0.126285 0.074629
vt 0.133612 0.077615
vt 0.130925 0.075694
vt 0.128369 0.075802
vt 0.121727 0.077607
vt 0.133752 0.089335
vt 0.124214 0.079594
vt 0.130667 0.079872
vt 0.127123 0.080428
vt 0.141641 0.171424
vt 0.150617 0.170308
vt 0.147212 0.171621
vt 0.137173 0.168742
vt 0.152885 0.168360
vt 0.145354 0.167298
vt 0.142750 0.166868
vt 0.148407 0.166140
vt 0.154891 0.164391
vt 0.134880 0.164166
vt 0.141085 0.165524
vt 0.140152 0.162717
vt 0.149742 0.162793
vt 0.134872 0.158225
vt 0.140626 0.157435
vt 0.149629 0.158787
vt 0.154891 0.157989
vt 0.148444 0.156315
vt 0.143110 0.155286
vt 0.137237 0.153531
vt 0.146244 0.155136
vt 0.152990 0.154145
vt 0.150756 0.152146
vt 0.141764 0.150889
vt 0.147338 0.150774
vt 0.035935 0.160850
vt 0.030646 0.133481
vt 0.035935 0.133481
vt 0.030355 0.142776
vt 0.028241 0.141040
vt 0.022505 0.140470
vt 0.025743 0.140318
vt 0.019468 0.142099
vt 0.018185 0.144170
vt 0.030575 0.148085
vt 0.029808 0.146177
vt 0.028600 0.145000
vt 0.026267 0.144374
vt 0.023863 0.145281
vt 0.017817 0.145834
vt 0.023175 0.147061
vt 0.017792 0.160850
vt 0.023121 0.160850
vt 0.030647 0.160850
vt 0.067495 0.175167
vt 0.076699 0.174058
vt 0.072624 0.175328
vt 0.063956 0.173658
vt 0.078543 0.171961
vt 0.062429 0.171109
vt 0.069509 0.171420
vt 0.072336 0.171227
vt 0.079440 0.168721
vt 0.067610 0.170684
vt 0.073637 0.170483
vt 0.067453 0.169208
vt 0.074301 0.168745
vt 0.062410 0.167785
vt 0.068587 0.168122
vt 0.075978 0.165944
vt 0.063748 0.165703
vt 0.078688 0.164382
vt 0.066019 0.164210
vt 0.073305 0.162025
vt 0.079740 0.162210
vt 0.074503 0.160965
vt 0.079740 0.159458
vt 0.061404 0.161338
vt 0.067587 0.159251
vt 0.066838 0.161234
vt 0.074356 0.159274
vt 0.062184 0.158118
vt 0.072517 0.158343
vt 0.069852 0.158313
vt 0.078707 0.157033
vt 0.064543 0.155823
vt 0.076784 0.155391
vt 0.067631 0.154531
vt 0.073517 0.154331
vt 0.153260 0.150774
vt 0.147930 0.123405
vt 0.153260 0.123405
vt 0.147930 0.138352
vt 0.134872 0.130736
vt 0.141340 0.130736
vt 0.141584 0.138107
vt 0.135035 0.150774
vt 0.147930 0.144420
vt 0.145368 0.141773
vt 0.140974 0.150774
vt 0.147930 0.150774
vt 0.065274 0.152678
vt 0.073832 0.154331
vt 0.068960 0.154250
vt 0.077237 0.153018
vt 0.079505 0.151070
vt 0.062696 0.149875
vt 0.071974 0.150008
vt 0.069369 0.149578
vt 0.075027 0.148850
vt 0.081510 0.147101
vt 0.067705 0.148234
vt 0.061404 0.146131
vt 0.066772 0.145427
vt 0.076362 0.145503
vt 0.061492 0.140935
vt 0.067245 0.140145
vt 0.076249 0.141497
vt 0.081510 0.140699
vt 0.075064 0.139026
vt 0.069730 0.137997
vt 0.063123 0.137299
vt 0.072864 0.137846
vt 0.079610 0.136855
vt 0.065334 0.135044
vt 0.077375 0.134856
vt 0.069084 0.133494
vt 0.073958 0.133484
vt 0.088368 0.154135
vt 0.097199 0.153095
vt 0.093938 0.154331
vt 0.084642 0.152072
vt 0.099519 0.151197
vt 0.082656 0.149570
vt 0.092081 0.150008
vt 0.089476 0.149578
vt 0.095134 0.148850
vt 0.101617 0.147101
vt 0.087812 0.148234
vt 0.081510 0.146131
vt 0.086878 0.145427
vt 0.096469 0.145503
vt 0.081599 0.140935
vt 0.087352 0.140145
vt 0.096356 0.141497
vt 0.101617 0.140699
vt 0.095171 0.139026
vt 0.089837 0.137997
vt 0.083230 0.137298
vt 0.092971 0.137846
vt 0.099716 0.136855
vt 0.085441 0.135044
vt 0.097482 0.134856
vt 0.089190 0.133494
vt 0.094064 0.133484
vt 0.137743 0.123405
vt 0.132292 0.101045
vt 0.137743 0.096362
vt 0.122067 0.096487
vt 0.119093 0.097710
vt 0.117051 0.099952
vt 0.123400 0.101219
vt 0.132292 0.106910
vt 0.116239 0.104353
vt 0.121992 0.102498
vt 0.121743 0.104763
vt 0.123221 0.106704
vt 0.117591 0.107431
vt 0.132292 0.111512
vt 0.119534 0.108783
vt 0.117201 0.110177
vt 0.123909 0.111563
vt 0.115702 0.112989
vt 0.132292 0.118803
vt 0.122068 0.112265
vt 0.121107 0.113654
vt 0.115543 0.117234
vt 0.121042 0.115901
vt 0.122061 0.117768
vt 0.123973 0.118735
vt 0.117902 0.121349
vt 0.122519 0.123264
vt 0.127502 0.152694
vt 0.123350 0.153407
vt 0.120279 0.152458
vt 0.134872 0.123406
vt 0.134872 0.152836
vt 0.129787 0.152835
vt 0.129726 0.150508
vt 0.118025 0.150706
vt 0.129821 0.144603
vt 0.129012 0.146951
vt 0.127043 0.148816
vt 0.123954 0.148910
vt 0.116220 0.147482
vt 0.121814 0.146999
vt 0.120923 0.144328
vt 0.115543 0.144119
vt 0.129693 0.140744
vt 0.121058 0.140551
vt 0.115717 0.139491
vt 0.128577 0.138118
vt 0.122198 0.138061
vt 0.129525 0.135086
vt 0.126839 0.137001
vt 0.124282 0.136893
vt 0.117640 0.135092
vt 0.129665 0.123405
vt 0.120127 0.133112
vt 0.126580 0.132836
vt 0.123036 0.132282
vt 0.121622 0.153602
vt 0.127193 0.153407
vt 0.130599 0.154716
vt 0.117154 0.156274
vt 0.132867 0.156658
vt 0.125335 0.157716
vt 0.122731 0.158143
vt 0.128389 0.158870
vt 0.134872 0.160614
vt 0.114861 0.160835
vt 0.121067 0.159483
vt 0.120133 0.162281
vt 0.129724 0.162206
vt 0.114854 0.166757
vt 0.120607 0.167545
vt 0.129611 0.166199
vt 0.134872 0.166995
vt 0.128426 0.168662
vt 0.123092 0.169687
vt 0.117218 0.171436
vt 0.126226 0.169838
vt 0.132972 0.170826
vt 0.130737 0.172818
vt 0.121745 0.174070
vt 0.127319 0.174185
vt 0.061404 0.133488
vt 0.061404 0.160766
vt 0.056115 0.160765
vt 0.055823 0.151500
vt 0.053710 0.153230
vt 0.051211 0.153949
vt 0.047974 0.153797
vt 0.044936 0.152173
vt 0.043653 0.150109
vt 0.056043 0.146208
vt 0.055277 0.148111
vt 0.054068 0.149283
vt 0.051736 0.149906
vt 0.049331 0.149003
vt 0.043285 0.148450
vt 0.048643 0.147228
vt 0.043260 0.133484
vt 0.048589 0.133485
vt 0.056115 0.133487
vt 0.087602 0.154491
vt 0.092731 0.154331
vt 0.096806 0.155598
vt 0.084063 0.155994
vt 0.098650 0.157689
vt 0.082536 0.158534
vt 0.089616 0.158226
vt 0.092443 0.158419
vt 0.099547 0.160919
vt 0.087717 0.158959
vt 0.093744 0.159161
vt 0.087560 0.160430
vt 0.094408 0.160893
vt 0.082517 0.161847
vt 0.088694 0.161513
vt 0.096085 0.163686
vt 0.083855 0.163922
vt 0.098795 0.165243
vt 0.086126 0.165411
vt 0.093412 0.167591
vt 0.099847 0.167408
vt 0.094610 0.168647
vt 0.099847 0.170151
vt 0.081510 0.168272
vt 0.086945 0.168378
vt 0.087694 0.170355
vt 0.094463 0.170333
vt 0.082290 0.171481
vt 0.092624 0.171260
vt 0.089959 0.171290
vt 0.098815 0.172568
vt 0.084649 0.173770
vt 0.096891 0.174204
vt 0.087738 0.175059
vt 0.093624 0.175259
vt 0.137748 0.123405
vt 0.137743 0.096127
vt 0.143072 0.096127
vt 0.143075 0.111024
vt 0.149664 0.103433
vt 0.156132 0.103433
vt 0.149421 0.110781
vt 0.155973 0.123405
vt 0.143076 0.117072
vt 0.145638 0.114434
vt 0.150034 0.123405
vt 0.143077 0.123405
vt 0.142994 0.023755
vt 0.146681 0.022188
vt 0.151552 0.022108
vt 0.154958 0.023417
vt 0.157226 0.025360
vt 0.140417 0.026548
vt 0.149695 0.026417
vt 0.147090 0.026844
vt 0.152748 0.027571
vt 0.159231 0.029315
vt 0.145426 0.028184
vt 0.139124 0.030280
vt 0.144492 0.030982
vt 0.154083 0.030907
vt 0.139213 0.035458
vt 0.144966 0.036246
vt 0.153970 0.034900
vt 0.159231 0.035696
vt 0.152784 0.037363
vt 0.147451 0.038388
vt 0.140843 0.039083
vt 0.150585 0.038539
vt 0.157330 0.039527
vt 0.143055 0.041330
vt 0.155096 0.041519
vt 0.146804 0.042875
vt 0.151678 0.042886
vt 0.145816 0.059428
vt 0.151387 0.059232
vt 0.154648 0.060465
vt 0.142090 0.061483
vt 0.156968 0.062357
vt 0.140105 0.063976
vt 0.149529 0.063541
vt 0.146925 0.063969
vt 0.152583 0.064696
vt 0.159066 0.066439
vt 0.145261 0.065309
vt 0.138959 0.067404
vt 0.144327 0.068106
vt 0.153917 0.068032
vt 0.139047 0.072582
vt 0.144801 0.073370
vt 0.153805 0.072024
vt 0.159066 0.072820
vt 0.152619 0.074487
vt 0.147286 0.075512
vt 0.140678 0.076207
vt 0.150420 0.075663
vt 0.157165 0.076652
vt 0.142890 0.078455
vt 0.154931 0.078644
vt 0.146639 0.080000
vt 0.151513 0.080011
vt 0.139124 0.022108
vt 0.139124 0.049062
vt 0.133673 0.044392
vt 0.123448 0.048934
vt 0.120474 0.047714
vt 0.118432 0.045479
vt 0.124781 0.044218
vt 0.133673 0.038547
vt 0.117620 0.041092
vt 0.123373 0.042943
vt 0.123124 0.040685
vt 0.124602 0.038751
vt 0.118971 0.038025
vt 0.133673 0.033960
vt 0.120915 0.036678
vt 0.118581 0.035288
vt 0.125290 0.033907
vt 0.117083 0.032485
vt 0.133673 0.026694
vt 0.123448 0.033208
vt 0.122488 0.031823
vt 0.116924 0.028253
vt 0.122423 0.029584
vt 0.123442 0.027723
vt 0.125354 0.026760
vt 0.119283 0.024153
vt 0.123899 0.022246
vt 0.121795 0.191221
vt 0.128617 0.188725
vt 0.128643 0.191217
vt 0.185693 0.137938
vt 0.192542 0.136789
vt 0.192542 0.137938
vt 0.119630 0.089335
vt 0.121457 0.096192
vt 0.119630 0.096192
vt 0.088566 0.179965
vt 0.095443 0.175259
vt 0.095414 0.179965
vt 0.081586 0.189419
vt 0.088342 0.186330
vt 0.088418 0.189443
vt 0.196431 0.165680
vt 0.199635 0.172546
vt 0.196431 0.172536
vt 0.121753 0.185295
vt 0.128599 0.180096
vt 0.128601 0.185292
vt 0.026886 0.196548
vt 0.033735 0.188219
vt 0.033735 0.196548
vt 0.185281 0.036323
vt 0.192090 0.032506
vt 0.192128 0.036324
vt 0.068251 0.190215
vt 0.075100 0.187909
vt 0.075100 0.190215
vt 0.184873 0.103553
vt 0.191681 0.099736
vt 0.191720 0.103553
vt 0.130636 0.052415
vt 0.123790 0.056420
vt 0.123788 0.052415
vt 0.052354 0.188135
vt 0.059202 0.160766
vt 0.059202 0.188135
vt 0.199411 0.143178
vt 0.192563 0.145931
vt 0.192563 0.143178
vt 0.194504 0.062210
vt 0.199940 0.069066
vt 0.194504 0.069066
vt 0.050092 0.200493
vt 0.043341 0.203544
vt 0.043260 0.200493
vt 0.152858 0.095737
vt 0.146009 0.093484
vt 0.152858 0.093484
vt 0.026852 0.198114
vt 0.025161 0.191260
vt 0.026852 0.191258
vt 0.189795 0.191854
vt 0.182940 0.197141
vt 0.182948 0.191854
vt 0.121769 0.176454
vt 0.128617 0.176451
vt 0.193274 0.076310
vt 0.186485 0.077355
vt 0.186444 0.076138
vt 0.185693 0.145363
vt 0.192542 0.145363
vt 0.148677 0.199374
vt 0.155526 0.190292
vt 0.155526 0.199374
vt 0.184871 0.117768
vt 0.191680 0.113951
vt 0.191719 0.117769
vt 0.101630 0.196873
vt 0.108478 0.193086
vt 0.108478 0.196876
vt 0.196372 0.062197
vt 0.194504 0.055354
vt 0.196372 0.055341
vt 0.186268 0.085850
vt 0.185063 0.078928
vt 0.186268 0.079010
vt 0.184833 0.113951
vt 0.191680 0.107550
vt 0.052354 0.198375
vt 0.057683 0.205216
vt 0.052354 0.205215
vt 0.152858 0.090085
vt 0.146009 0.084506
vt 0.152858 0.084506
vt 0.182983 0.188109
vt 0.189772 0.183171
vt 0.189815 0.188051
vt 0.146026 0.056675
vt 0.152874 0.042886
vt 0.152874 0.056674
vt 0.159153 0.059225
vt 0.165985 0.050329
vt 0.165985 0.059232
vt 0.114854 0.185292
vt 0.121703 0.180096
vt 0.121702 0.185292
vt 0.182818 0.200514
vt 0.176067 0.203565
vt 0.175986 0.200514
vt 0.141830 0.190393
vt 0.148651 0.175366
vt 0.148677 0.190381
vt 0.139177 0.095801
vt 0.145814 0.091266
vt 0.146009 0.095785
vt 0.088566 0.185906
vt 0.095414 0.185906
vt 0.185243 0.032505
vt 0.192089 0.026105
vt 0.174616 0.195814
vt 0.176092 0.188956
vt 0.176092 0.195811
vt 0.197272 0.036324
vt 0.199604 0.043180
vt 0.197272 0.043179
vt 0.192091 0.049938
vt 0.198939 0.047468
vt 0.198940 0.049938
vt 0.114855 0.180096
vt 0.121723 0.176451
vt 0.156175 0.190755
vt 0.162964 0.185817
vt 0.163007 0.190697
vt 0.123788 0.049062
vt 0.116924 0.052415
vt 0.116940 0.049062
vt 0.185693 0.134533
vt 0.192542 0.131459
vt 0.192542 0.134533
vt 0.199374 0.130132
vt 0.192674 0.132280
vt 0.192542 0.130132
vt 0.148677 0.187316
vt 0.155526 0.171621
vt 0.155526 0.187316
vt 0.184832 0.093334
vt 0.191720 0.089210
vt 0.191680 0.093334
vt 0.159153 0.050322
vt 0.165898 0.048916
vt 0.134972 0.191530
vt 0.141704 0.176238
vt 0.141804 0.191479
vt 0.185242 0.050558
vt 0.192090 0.048304
vt 0.192091 0.050558
vt 0.088358 0.197129
vt 0.081530 0.199923
vt 0.081510 0.197129
vt 0.200921 0.090808
vt 0.195714 0.083967
vt 0.200921 0.083968
vt 0.183004 0.179800
vt 0.189955 0.177495
vt 0.189836 0.179742
vt 0.148652 0.190393
vt 0.141804 0.199423
vt 0.141804 0.190435
vt 0.043318 0.186796
vt 0.050287 0.184310
vt 0.050150 0.186794
vt 0.162980 0.196561
vt 0.156150 0.194500
vt 0.162998 0.194500
vt 0.068251 0.196896
vt 0.075101 0.192470
vt 0.075098 0.196875
vt 0.156151 0.202457
vt 0.162980 0.199885
vt 0.162999 0.202457
vt 0.042782 0.199369
vt 0.035954 0.202163
vt 0.035935 0.199369
vt 0.121771 0.193576
vt 0.128601 0.191221
vt 0.128618 0.193572
vt 0.050121 0.197883
vt 0.043289 0.197883
vt 0.156197 0.182446
vt 0.163147 0.180141
vt 0.163029 0.182388
vt 0.139130 0.054154
vt 0.145971 0.049510
vt 0.145977 0.054152
vt 0.121457 0.089336
vt 0.124122 0.096192
vt 0.052402 0.189981
vt 0.059186 0.188136
vt 0.059234 0.189982
vt 0.186442 0.085387
vt 0.193291 0.082146
vt 0.193291 0.085387
vt 0.199512 0.125074
vt 0.192549 0.127039
vt 0.192679 0.125074
vt 0.182940 0.183479
vt 0.176092 0.187574
vt 0.176092 0.183479
vt 0.174449 0.194871
vt 0.167600 0.197084
vt 0.167601 0.194871
vt 0.123772 0.052415
vt 0.116925 0.056421
vt 0.123805 0.049062
vt 0.138982 0.091282
vt 0.145791 0.085686
vt 0.088617 0.199457
vt 0.095464 0.193104
vt 0.095464 0.199457
vt 0.184871 0.103553
vt 0.191719 0.103554
vt 0.024639 0.184396
vt 0.017792 0.196112
vt 0.017792 0.184393
vt 0.026886 0.198462
vt 0.032174 0.205319
vt 0.026886 0.205319
vt 0.128643 0.174185
vt 0.185063 0.085768
vt 0.182733 0.078884
vt 0.141804 0.175378
vt 0.148655 0.173699
vt 0.186442 0.079645
vt 0.193291 0.077528
vt 0.193291 0.079645
vt 0.024624 0.200397
vt 0.017873 0.203448
vt 0.017792 0.200397
vt 0.139170 0.058556
vt 0.146017 0.058554
vt 0.108596 0.170545
vt 0.101617 0.183247
vt 0.101749 0.170543
vt 0.174449 0.200220
vt 0.167601 0.202689
vt 0.167600 0.200220
vt 0.167615 0.194870
vt 0.174463 0.182108
vt 0.174463 0.194871
vt 0.196431 0.179942
vt 0.198764 0.186799
vt 0.196431 0.186799
vt 0.167600 0.180202
vt 0.174448 0.180204
vt 0.033735 0.198462
vt 0.156132 0.199885
vt 0.198569 0.119594
vt 0.191720 0.122064
vt 0.191720 0.119594
vt 0.174449 0.197084
vt 0.182733 0.085724
vt 0.180325 0.078946
vt 0.130669 0.049062
vt 0.137501 0.052415
vt 0.130653 0.052415
vt 0.178845 0.152117
vt 0.185693 0.125074
vt 0.185693 0.152117
vt 0.121771 0.197448
vt 0.128618 0.197444
vt 0.182940 0.196231
vt 0.176015 0.197904
vt 0.176107 0.196231
vt 0.192090 0.040028
vt 0.185242 0.036324
vt 0.192091 0.036324
vt 0.200799 0.104509
vt 0.195714 0.097652
vt 0.200799 0.097652
vt 0.182940 0.187574
vt 0.176092 0.192707
vt 0.068251 0.175329
vt 0.061404 0.190275
vt 0.061404 0.175328
vt 0.195714 0.090808
vt 0.200853 0.097652
vt 0.195714 0.097648
vt 0.178413 0.095366
vt 0.176152 0.088507
vt 0.178413 0.088510
vt 0.198940 0.055286
vt 0.192091 0.053074
vt 0.198940 0.053074
vt 0.198976 0.022182
vt 0.192128 0.029744
vt 0.192128 0.022108
vt 0.170245 0.048484
vt 0.172801 0.055341
vt 0.170245 0.055341
vt 0.156316 0.194500
vt 0.163147 0.194442
vt 0.068251 0.190276
vt 0.061404 0.199577
vt 0.061404 0.190279
vt 0.183123 0.191854
vt 0.189955 0.191796
vt 0.185694 0.136789
vt 0.192542 0.136789
vt 0.042790 0.194082
vt 0.035943 0.194082
vt 0.123788 0.058886
vt 0.116940 0.058886
vt 0.146017 0.058454
vt 0.152865 0.058453
vt 0.068251 0.187909
vt 0.075099 0.184655
vt 0.186442 0.082146
vt 0.088617 0.193103
vt 0.095413 0.190472
vt 0.176092 0.183479
vt 0.182940 0.153952
vt 0.182940 0.183479
vt 0.114903 0.191819
vt 0.121718 0.189029
vt 0.121751 0.191819
vt 0.176426 0.048501
vt 0.179256 0.055331
vt 0.176426 0.055341
vt 0.138959 0.085702
vt 0.145877 0.082257
vt 0.148677 0.190292
vt 0.155526 0.190292
vt 0.182940 0.196231
vt 0.176092 0.196231
vt 0.101618 0.199550
vt 0.108466 0.199553
vt 0.176152 0.095363
vt 0.174209 0.088526
vt 0.185693 0.148095
vt 0.192542 0.148096
vt 0.193272 0.066681
vt 0.186485 0.068808
vt 0.186442 0.066509
vt 0.168160 0.048484
vt 0.168160 0.055341
vt 0.198616 0.062198
vt 0.198616 0.055342
vt 0.186489 0.066509
vt 0.193289 0.062408
vt 0.193337 0.066509
vt 0.132866 0.096192
vt 0.126398 0.089335
vt 0.132866 0.089335
vt 0.050214 0.196211
vt 0.043381 0.196211
vt 0.185242 0.048304
vt 0.192090 0.044906
vt 0.081734 0.191818
vt 0.088566 0.191841
vt 0.192542 0.132280
vt 0.198481 0.139121
vt 0.192542 0.139120
vt 0.043299 0.193255
vt 0.050092 0.189703
vt 0.050131 0.193253
vt 0.197735 0.075940
vt 0.199817 0.069121
vt 0.199817 0.075977
vt 0.141808 0.173710
vt 0.148677 0.171621
vt 0.185160 0.052673
vt 0.183221 0.045739
vt 0.185160 0.045833
vt 0.110572 0.180132
vt 0.108596 0.186972
vt 0.108596 0.180117
vt 0.114875 0.176451
vt 0.121751 0.174185
vt 0.043455 0.196211
vt 0.050287 0.196209
vt 0.024653 0.197788
vt 0.017821 0.197788
vt 0.185242 0.044905
vt 0.185693 0.131459
vt 0.192542 0.127302
vt 0.185693 0.127302
vt 0.192542 0.125074
vt 0.043260 0.189705
vt 0.199410 0.145931
vt 0.068253 0.192490
vt 0.075134 0.190215
vt 0.025161 0.184393
vt 0.026886 0.191258
vt 0.025161 0.191249
vt 0.152858 0.080011
vt 0.124122 0.089336
vt 0.126398 0.096192
vt 0.198569 0.114246
vt 0.191720 0.116458
vt 0.191720 0.114246
vt 0.134872 0.176288
vt 0.141804 0.171621
vt 0.068251 0.184655
vt 0.075099 0.179076
vt 0.130638 0.056421
vt 0.123805 0.058886
vt 0.137503 0.056421
vt 0.130654 0.056420
vt 0.139045 0.082274
vt 0.146009 0.080011
vt 0.189955 0.197845
vt 0.195284 0.204702
vt 0.189955 0.204702
vt 0.172801 0.048484
vt 0.174539 0.055340
vt 0.191680 0.117770
vt 0.184832 0.125059
vt 0.184832 0.117769
vt 0.185242 0.026104
vt 0.192128 0.022109
vt 0.081611 0.177159
vt 0.088566 0.175283
vt 0.088444 0.177182
vt 0.088595 0.190471
vt 0.095443 0.190471
vt 0.201003 0.083967
vt 0.195714 0.077126
vt 0.201003 0.077127
vt 0.156132 0.185875
vt 0.194504 0.075922
vt 0.200000 0.062210
vt 0.200000 0.055354
vt 0.186442 0.062408
vt 0.193292 0.058162
vt 0.052402 0.198373
vt 0.059234 0.198375
vt 0.108464 0.183249
vt 0.101749 0.190579
vt 0.189787 0.197141
vt 0.182959 0.199935
vt 0.121769 0.188729
vt 0.101630 0.193083
vt 0.108465 0.190584
vt 0.198569 0.116458
vt 0.114870 0.189029
vt 0.088366 0.191841
vt 0.081518 0.191841
vt 0.182847 0.197904
vt 0.068251 0.179076
vt 0.075100 0.175328
vt 0.174539 0.048448
vt 0.174539 0.055288
vt 0.088355 0.180435
vt 0.186443 0.088427
vt 0.193291 0.088427
vt 0.200613 0.204686
vt 0.195284 0.197845
vt 0.200613 0.197846
vt 0.128643 0.196475
vt 0.134501 0.203330
vt 0.128643 0.203331
vt 0.179256 0.048490
vt 0.180569 0.055280
vt 0.182940 0.183229
vt 0.199390 0.140747
vt 0.192543 0.140747
vt 0.075134 0.199945
vt 0.139136 0.046134
vt 0.146017 0.042886
vt 0.145983 0.046131
vt 0.186445 0.058162
vt 0.193321 0.055341
vt 0.024745 0.196115
vt 0.017913 0.196115
vt 0.121751 0.200089
vt 0.128598 0.200085
vt 0.199382 0.127039
vt 0.026886 0.188219
vt 0.033734 0.160850
vt 0.033734 0.188218
vt 0.081510 0.186307
vt 0.130669 0.058886
vt 0.633749 0.637746
vt 0.574998 0.607566
vt 0.622430 0.667866
vt 0.595689 0.577404
vt 0.674758 0.691892
vt 0.614165 0.607574
vt 0.675095 0.674721
vt 0.670223 0.548172
vt 0.677614 0.547222
vt 0.632134 0.637747
vt 0.574979 0.667915
vt 0.667704 0.674719
vt 0.614165 0.635793
vt 0.699494 0.675507
vt 0.675515 0.842119
vt 0.580616 0.931979
vt 0.574087 0.931977
vt 0.574283 0.916202
vt 0.575229 0.915075
vt 0.574699 0.915544
vt 0.580003 0.915546
vt 0.580420 0.916203
vt 0.598288 0.931450
vt 0.597759 0.931919
vt 0.598705 0.930792
vt 0.592984 0.931449
vt 0.592568 0.930791
vt 0.592372 0.915015
vt 0.598901 0.915017
vt 0.047013 0.902139
vt 0.126114 0.833988
vt 0.109604 0.904291
vt 0.383490 0.649673
vt 0.379643 0.650379
vt 0.370373 0.596335
vt 0.379648 0.597038
vt 0.376746 0.686933
vt 0.379480 0.686927
vt 0.370373 0.651079
vt 0.383495 0.597749
vt 0.369871 0.622116
vt 0.376800 0.699756
vt 0.325674 0.658838
vt 0.112698 0.819224
vt 0.112407 0.819615
vt 0.096850 0.875726
vt 0.112723 0.841628
vt 0.112397 0.819208
vt 0.371399 0.615524
vt 0.371396 0.631936
vt 0.404601 0.613185
vt 0.408992 0.694106
vt 0.407334 0.588782
vt 0.404601 0.588782
vt 0.376800 0.689664
vt 0.379524 0.689668
vt 0.411726 0.685701
vt 0.367133 0.646663
vt 0.412033 0.652045
vt 0.323572 0.671889
vt 0.379512 0.555003
vt 0.408491 0.608095
vt 0.411067 0.608154
vt 0.329683 0.634175
vt 0.329733 0.632259
vt 0.411096 0.604280
vt 0.393728 0.555692
vt 0.396313 0.555693
vt 0.381369 0.549636
vt 0.325412 0.677257
vt 0.123962 0.894900
vt 0.096415 0.895867
vt 0.126124 0.819209
vt 0.109604 0.904290
vt 0.123962 0.888611
vt 0.126810 0.814919
vt 0.047699 0.902139
vt 0.126799 0.844567
vt 0.112293 0.842837
vt 0.112255 0.840700
vt 0.109394 0.840701
vt 0.109347 0.842839
vt 0.152721 0.803653
vt 0.152760 0.801499
vt 0.149869 0.803657
vt 0.149824 0.801501
vt 0.126832 0.842450
vt 0.127524 0.842450
vt 0.127524 0.844688
vt 0.126833 0.844688
vt 0.070108 0.906813
vt 0.069482 0.906802
vt 0.110232 0.910768
vt 0.109608 0.910775
vt 0.125273 0.841601
vt 0.125964 0.841611
vt 0.070812 0.905382
vt 0.125956 0.844588
vt 0.070812 0.908358
vt 0.070119 0.908362
vt 0.073120 0.908298
vt 0.125294 0.819646
vt 0.110289 0.912671
vt 0.073747 0.905385
vt 0.623714 0.407250
vt 0.626301 0.371995
vt 0.571007 0.442431
vt 0.650471 0.336762
vt 0.684299 0.371254
vt 0.600838 0.372005
vt 0.705565 0.423023
vt 0.697143 0.427794
vt 0.702951 0.427794
vt 0.595188 0.468397
vt 0.569668 0.433233
vt 0.699758 0.423021
vt 0.600838 0.404968
vt 0.682020 0.371254
vt 0.571007 0.434706
vt 0.626301 0.338226
vt 0.690778 0.863137
vt 0.690778 0.856227
vt 0.690974 0.840452
vt 0.694973 0.840452
vt 0.691391 0.839794
vt 0.691920 0.839325
vt 0.694028 0.839326
vt 0.694557 0.839795
vt 0.684902 0.455052
vt 0.693166 0.815466
vt 0.694111 0.816595
vt 0.690112 0.816595
vt 0.694308 0.818975
vt 0.694308 0.832408
vt 0.689916 0.832408
vt 0.689916 0.818975
vt 0.425494 0.432780
vt 0.338089 0.409212
vt 0.319744 0.448885
vt 0.357299 0.417598
vt 0.417513 0.432722
vt 0.424144 0.453098
vt 0.310902 0.444489
vt 0.390358 0.321711
vt 0.356045 0.409212
vt 0.339343 0.425966
vt 0.446401 0.301516
vt 0.723390 0.426684
vt 0.720452 0.364547
vt 0.668525 0.368250
vt 0.668314 0.370274
vt 0.633206 0.427044
vt 0.646261 0.415548
vt 0.593849 0.466116
vt 0.326448 0.390222
vt 0.327689 0.356400
vt 0.423779 0.319045
vt 0.350877 0.322598
vt 0.407944 0.317851
vt 0.304501 0.356409
vt 0.427176 0.311565
vt 0.421352 0.357260
vt 0.426863 0.357260
vt 0.442287 0.338887
vt 0.303253 0.356404
vt 0.421665 0.311563
vt 0.304501 0.388033
vt 0.406531 0.317851
vt 0.694014 0.887454
vt 0.587113 0.938934
vt 0.587309 0.923158
vt 0.591261 0.923159
vt 0.587725 0.922501
vt 0.588255 0.922032
vt 0.590315 0.922032
vt 0.590844 0.922501
vt 0.693797 0.910123
vt 0.695857 0.910124
vt 0.696386 0.910593
vt 0.696999 0.913625
vt 0.692655 0.913624
vt 0.696999 0.927026
vt 0.692655 0.927025
vt 0.185693 0.136789
vt 0.088595 0.175259
vt 0.199635 0.165690
vt 0.121751 0.180099
vt 0.026886 0.188219
vt 0.184834 0.099736
vt 0.052354 0.160766
vt 0.199940 0.062210
vt 0.050173 0.203544
vt 0.146010 0.095737
vt 0.025161 0.198116
vt 0.193315 0.077528
vt 0.148677 0.190292
vt 0.194504 0.062209
vt 0.184832 0.107549
vt 0.057683 0.198376
vt 0.146009 0.090085
vt 0.146026 0.042887
vt 0.182899 0.203565
vt 0.174616 0.188958
vt 0.199604 0.036325
vt 0.192091 0.047468
vt 0.199507 0.132280
vt 0.148677 0.171621
vt 0.184873 0.089210
vt 0.159066 0.048908
vt 0.088377 0.199923
vt 0.195714 0.090807
vt 0.183123 0.177553
vt 0.148652 0.199381
vt 0.043455 0.184311
vt 0.156132 0.196561
vt 0.042802 0.202163
vt 0.121753 0.191225
vt 0.156316 0.180199
vt 0.139124 0.049512
vt 0.123773 0.056421
vt 0.130653 0.049062
vt 0.024639 0.196115
vt 0.032174 0.198462
vt 0.121795 0.174189
vt 0.186443 0.077528
vt 0.024705 0.203448
vt 0.174449 0.202689
vt 0.167615 0.182106
vt 0.198764 0.179942
vt 0.198569 0.122064
vt 0.180325 0.085786
vt 0.137518 0.049062
vt 0.178845 0.125074
vt 0.185242 0.040028
vt 0.195714 0.104509
vt 0.182940 0.192707
vt 0.200853 0.090812
vt 0.192091 0.055286
vt 0.198976 0.029818
vt 0.068251 0.199573
vt 0.088566 0.190471
vt 0.176092 0.153952
vt 0.174209 0.095382
vt 0.193315 0.068980
vt 0.126398 0.096192
vt 0.198481 0.132281
vt 0.197735 0.069085
vt 0.141830 0.171632
vt 0.183221 0.052579
vt 0.110572 0.186988
vt 0.114903 0.174185
vt 0.185694 0.125074
vt 0.199389 0.148096
vt 0.068287 0.190236
vt 0.026886 0.184402
vt 0.146010 0.080011
vt 0.126398 0.089335
vt 0.134972 0.171672
vt 0.130653 0.058886
vt 0.139177 0.080027
vt 0.174539 0.048484
vt 0.191680 0.125060
vt 0.185281 0.022108
vt 0.081734 0.175259
vt 0.195714 0.083966
vt 0.108596 0.190581
vt 0.189806 0.199935
vt 0.101617 0.190581
vt 0.068251 0.175328
vt 0.081523 0.180412
vt 0.195284 0.204685
vt 0.134501 0.196475
vt 0.180569 0.048440
vt 0.068287 0.199965
vt 0.139170 0.042889
vt 0.186474 0.055341
vt 0.026886 0.160850
vt 0.137518 0.058886
s 1
usemtl Texture
f 9/1/1 52/2/2 44/3/1
f 46/4/3 84/5/3 86/6/3
f 56/7/4 92/8/5 94/9/5
f 90/10/3 41/11/6 93/12/3
f 82/13/5 47/14/5 85/15/5
f 6/16/1 72/17/7 63/18/1
f 8/19/7 68/20/8 72/21/7
f 7/22/8 73/23/6 68/20/8
f 14/24/9 74/25/10 64/26/9
f 16/27/10 69/28/11 74/25/10
f 15/29/11 67/30/2 69/31/11
f 60/32/12 26/33/13 53/34/13
f 75/35/14 27/36/13 65/37/13
f 76/38/15 28/39/14 75/40/14
f 77/41/4 30/42/15 76/38/15
f 78/43/16 35/44/17 66/45/17
f 79/46/18 36/47/16 78/43/16
f 80/48/12 38/49/18 79/50/18
f 37/51/19 19/52/19 20/53/19
f 10/54/19 29/55/19 12/56/19
f 81/57/20 35/58/20 14/59/20
f 11/60/19 26/61/19 9/62/19
f 16/63/20 38/64/20 15/65/20
f 30/66/20 5/67/20 7/68/20
f 90/69/19 31/70/19 10/54/19
f 26/61/19 18/71/19 9/62/19
f 27/72/20 8/73/20 6/74/20
f 39/75/19 20/53/19 18/71/19
f 33/76/19 17/77/19 19/52/19
f 84/78/19 4/79/19 82/80/19
f 15/65/20 40/81/20 13/82/20
f 45/83/21 2/84/21 48/85/21
f 12/56/19 25/86/19 11/60/19
f 62/87/21 3/88/21 61/89/21
f 14/59/20 36/90/20 16/63/20
f 28/91/20 7/68/20 8/73/20
f 89/92/20 21/93/20 1/94/20
f 13/82/20 27/72/20 6/74/20
f 33/95/16 57/96/22 34/97/17
f 23/98/21 47/99/21 4/100/21
f 70/101/21 48/85/21 71/102/21
f 39/103/12 59/104/18 37/105/18
f 31/106/4 55/107/15 29/108/15
f 37/109/18 58/110/16 33/95/16
f 29/108/15 54/111/14 25/112/14
f 25/113/14 53/34/13 26/33/13
f 51/114/11 18/115/2 20/116/11
f 50/117/10 20/118/11 19/119/10
f 49/120/9 19/119/10 17/121/9
f 42/122/8 10/123/6 12/124/8
f 43/125/7 12/124/8 11/126/7
f 44/3/1 11/127/7 9/1/1
f 85/15/5 61/128/5 88/129/5
f 93/12/3 73/23/6 96/130/3
f 62/131/3 86/6/3 87/132/3
f 44/3/1 67/30/2 63/18/1
f 63/18/1 13/133/2 6/16/1
f 24/134/3 87/132/3 83/135/3
f 32/136/4 95/137/5 91/138/5
f 96/130/3 5/139/6 89/140/3
f 88/129/5 3/141/5 81/142/5
f 40/143/12 65/37/13 27/36/13
f 21/144/21 71/102/21 1/145/21
f 46/146/21 61/89/21 47/99/21
f 87/147/21 94/148/21 95/149/21
f 51/114/11 67/30/2 52/2/2
f 74/25/10 51/150/11 50/117/10
f 64/26/9 50/117/10 49/120/9
f 68/20/8 41/11/6 42/122/8
f 72/21/7 42/122/8 43/125/7
f 63/18/1 43/151/7 44/3/1
f 64/26/9 81/142/5 14/24/9
f 83/135/3 66/45/17 35/44/17
f 77/152/20 80/153/20 66/154/20
f 49/120/9 88/129/5 64/26/9
f 34/155/19 82/80/19 17/77/19
f 24/156/20 81/57/20 3/157/20
f 17/121/9 85/15/5 49/120/9
f 86/6/3 34/97/17 57/96/22
f 71/158/3 89/140/3 1/159/3
f 91/138/5 70/160/5 21/161/5
f 95/137/5 45/162/5 70/160/5
f 48/163/3 96/130/3 71/158/3
f 32/164/20 89/92/20 5/67/20
f 22/165/19 90/69/19 2/166/19
f 2/167/3 93/12/3 48/163/3
f 94/9/5 22/168/5 45/162/5
f 56/169/20 60/170/20 57/171/20
f 98/172/3 97/173/3 99/174/3
f 101/175/5 102/176/5 100/177/5
f 102/178/23 98/179/23 99/180/23
f 100/181/19 99/182/19 97/183/19
f 101/184/21 97/185/21 98/186/21
f 177/187/24 175/188/25 103/189/26
f 175/188/25 179/190/27 103/189/26
f 103/189/26 310/191/28 183/192/29
f 183/192/29 177/187/24 103/189/26
f 199/193/30 178/194/31 104/195/32
f 104/195/32 311/196/33 182/197/34
f 182/197/34 196/198/35 104/195/32
f 104/195/32 322/199/36 199/193/30
f 181/200/37 178/201/31 105/202/38
f 105/202/38 325/203/39 200/204/40
f 105/202/38 324/205/41 197/206/42
f 197/206/42 181/200/37 105/202/38
f 176/207/43 183/192/29 106/208/44
f 106/208/44 310/191/28 197/209/42
f 197/209/42 198/210/45 106/208/44
f 106/208/44 323/211/46 176/207/43
f 107/212/47 325/213/39 231/214/48
f 231/214/48 227/215/49 107/212/47
f 227/215/49 232/216/50 107/212/47
f 107/212/47 324/217/41 200/218/40
f 172/219/51 182/197/34 108/220/52
f 108/220/52 311/196/33 170/221/53
f 170/221/53 174/222/54 108/220/52
f 174/222/54 172/219/51 108/220/52
f 109/223/55 308/224/56 173/225/57
f 109/223/55 309/226/58 206/227/59
f 206/227/59 203/228/60 109/223/55
f 203/228/60 207/229/61 109/223/55
f 198/210/45 232/230/50 110/231/62
f 110/231/62 341/232/63 228/233/64
f 228/233/64 233/234/65 110/231/62
f 110/231/62 323/211/46 198/210/45
f 111/235/66 322/199/36 230/236/67
f 230/236/67 229/237/68 111/235/66
f 111/235/66 340/238/69 231/239/48
f 231/239/48 199/193/30 111/235/66
f 112/240/70 307/241/71 171/242/72
f 112/240/70 306/243/73 177/244/24
f 112/245/70 312/246/74 180/247/75
f 112/245/70 313/248/76 172/249/51
f 113/250/77 308/224/56 170/251/53
f 170/252/53 181/200/37 113/253/77
f 181/200/37 179/254/27 113/253/77
f 113/250/77 309/226/58 173/225/57
f 185/255/78 187/256/79 114/257/80
f 187/258/79 186/259/81 114/260/80
f 114/260/80 314/261/82 184/262/83
f 184/263/83 185/255/78 114/257/80
f 191/264/84 189/265/85 115/266/86
f 189/265/85 188/267/87 115/266/86
f 115/268/86 318/269/88 190/270/89
f 190/270/89 191/271/84 115/268/86
f 116/272/90 335/273/91 219/274/92
f 116/275/90 321/276/93 190/270/89
f 116/275/90 318/269/88 192/277/94
f 116/272/90 334/278/95 225/279/96
f 224/280/97 192/281/94 117/282/98
f 117/282/98 318/283/88 188/284/87
f 117/282/98 319/285/99 194/286/100
f 117/282/98 336/287/101 224/280/97
f 118/288/102 337/289/103 221/290/104
f 118/288/102 320/291/105 191/292/84
f 118/288/102 321/293/93 219/294/92
f 219/294/92 223/295/106 118/288/102
f 222/296/107 194/297/100 119/298/108
f 119/298/108 319/299/99 189/265/85
f 119/298/108 320/300/105 221/301/104
f 221/301/104 222/296/107 119/298/108
f 215/302/109 205/303/110 120/304/111
f 120/304/111 326/305/112 214/306/113
f 120/304/111 330/307/114 213/308/115
f 213/308/115 215/302/109 120/304/111
f 206/309/59 175/188/25 121/310/116
f 121/310/116 306/311/73 208/312/117
f 208/312/117 205/303/110 121/310/116
f 121/310/116 328/313/118 206/309/59
f 208/314/117 171/242/72 122/315/119
f 171/242/72 209/316/120 122/315/119
f 122/315/119 327/317/121 202/318/122
f 122/315/119 326/319/112 208/314/117
f 123/320/123 307/321/71 174/222/54
f 174/222/54 207/322/61 123/320/123
f 123/320/123 329/323/124 204/324/125
f 204/324/125 209/325/120 123/320/123
f 124/326/126 332/327/127 213/308/115
f 213/308/115 285/328/128 124/326/126
f 124/326/126 363/329/129 276/330/130
f 276/330/130 284/331/131 124/326/126
f 125/332/132 329/333/124 203/228/60
f 125/332/132 328/334/118 215/335/109
f 125/332/132 332/336/127 211/337/133
f 125/332/132 333/338/134 216/339/135
f 126/340/136 327/341/121 204/324/125
f 204/324/125 216/342/135 126/340/136
f 216/342/135 212/343/137 126/340/136
f 126/340/136 331/344/138 217/345/139
f 214/346/113 202/318/122 127/347/140
f 202/318/122 217/348/139 127/347/140
f 217/348/139 210/349/141 127/347/140
f 210/349/141 214/346/113 127/347/140
f 128/350/142 316/351/143 220/352/144
f 128/353/142 336/354/101 222/296/107
f 128/353/142 337/355/103 195/356/145
f 128/350/142 317/357/146 185/255/78
f 129/358/147 317/359/146 195/360/145
f 195/360/145 223/295/106 129/358/147
f 129/358/147 335/361/91 193/362/148
f 129/358/147 315/363/149 187/364/79
f 130/365/150 314/366/82 218/367/151
f 130/365/150 334/368/95 224/280/97
f 224/280/97 220/369/144 130/365/150
f 130/365/150 316/370/143 184/371/83
f 131/372/152 315/373/149 193/374/148
f 193/374/148 225/279/96 131/372/152
f 225/279/96 218/375/151 131/372/152
f 131/372/152 314/261/82 186/259/81
f 239/376/153 229/237/68 132/377/154
f 132/377/154 338/378/155 238/379/156
f 238/379/156 237/380/157 132/377/154
f 132/377/154 344/381/158 239/376/153
f 133/382/159 345/383/160 235/384/161
f 133/382/159 344/385/158 246/386/162
f 133/382/159 348/387/163 243/388/164
f 133/382/159 349/389/165 247/390/166
f 134/391/167 341/392/63 227/215/49
f 134/391/167 340/393/69 239/394/153
f 239/394/153 235/384/161 134/391/167
f 235/384/161 240/395/168 134/391/167
f 135/396/169 339/397/170 228/233/64
f 228/233/64 240/398/168 135/396/169
f 135/396/169 345/399/160 236/400/171
f 236/400/171 241/401/172 135/396/169
f 238/402/156 226/403/173 136/404/174
f 226/403/173 241/405/172 136/404/174
f 136/404/174 343/406/175 234/407/176
f 136/404/174 342/408/177 238/402/156
f 255/409/178 244/410/179 137/411/180
f 137/411/180 349/412/165 254/413/181
f 137/411/180 353/414/182 252/415/183
f 252/415/183 255/409/178 137/411/180
f 248/416/184 236/400/171 138/417/185
f 138/417/185 345/399/160 247/418/166
f 247/418/166 244/410/179 138/417/185
f 138/417/185 347/419/186 248/416/184
f 139/420/187 342/408/177 234/407/176
f 139/420/187 343/406/175 248/421/184
f 248/421/184 242/422/188 139/420/187
f 242/422/188 249/423/189 139/420/187
f 140/424/190 344/381/158 237/380/157
f 237/380/157 249/425/189 140/424/190
f 140/424/190 346/426/191 245/427/192
f 245/427/192 246/428/162 140/424/190
f 141/429/193 346/430/191 242/422/188
f 141/429/193 347/431/186 255/432/178
f 141/433/193 351/434/194 250/435/195
f 141/433/193 350/436/196 256/437/197
f 142/438/198 348/439/163 245/427/192
f 245/427/192 256/440/197 142/438/198
f 256/440/197 253/441/199 142/438/198
f 142/438/198 352/442/200 257/443/201
f 254/444/181 243/388/164 143/445/202
f 243/388/164 257/446/201 143/445/202
f 257/447/201 251/448/203 143/449/202
f 251/448/203 254/450/181 143/449/202
f 201/451/204 233/452/65 144/453/205
f 144/453/205 339/454/170 226/403/173
f 144/453/205 338/455/155 230/456/67
f 230/456/67 201/451/204 144/453/205
f 145/457/206 312/246/74 176/458/43
f 176/458/43 201/459/204 145/457/206
f 201/459/204 196/460/35 145/457/206
f 145/457/206 313/248/76 180/247/75
f 146/461/207 350/462/196 264/463/208
f 146/461/207 354/464/209 261/465/210
f 261/465/210 265/466/211 146/461/207
f 265/466/211 253/441/199 146/461/207
f 250/435/195 263/467/212 147/468/213
f 263/467/212 258/469/214 147/468/213
f 258/469/214 264/470/208 147/468/213
f 264/470/208 250/435/195 147/468/213
f 252/415/183 262/471/215 148/472/216
f 262/471/215 260/473/217 148/472/216
f 148/472/216 355/474/218 263/475/212
f 148/472/216 351/476/194 252/415/183
f 149/477/219 354/478/209 258/469/214
f 149/477/219 355/479/218 270/480/220
f 149/481/219 359/482/221 266/483/222
f 149/481/219 358/484/223 271/485/224
f 279/486/225 269/487/226 150/488/227
f 150/488/227 358/489/223 278/490/228
f 278/490/228 277/491/229 150/488/227
f 150/488/227 364/492/230 279/486/225
f 151/493/231 356/494/232 261/465/210
f 261/465/210 271/495/224 151/493/231
f 271/495/224 269/487/226 151/493/231
f 151/493/231 360/496/233 272/497/234
f 273/498/235 259/499/236 152/500/237
f 259/499/236 272/501/234 152/500/237
f 272/502/234 267/503/238 152/504/237
f 267/505/238 273/498/235 152/500/237
f 270/506/220 260/473/217 153/507/239
f 153/507/239 357/508/240 273/509/235
f 153/507/239 361/510/241 268/511/242
f 268/511/242 270/506/220 153/507/239
f 154/512/243 333/513/134 283/514/244
f 283/514/244 277/491/229 154/512/243
f 154/512/243 362/515/245 282/516/246
f 282/516/246 212/343/137 154/512/243
f 155/517/247 361/518/241 267/503/238
f 155/517/247 360/519/233 279/520/225
f 279/520/225 275/521/248 155/517/247
f 275/521/248 280/522/249 155/517/247
f 156/523/250 359/524/221 268/511/242
f 268/511/242 280/525/249 156/523/250
f 156/523/250 365/526/251 276/330/130
f 276/330/130 281/527/252 156/523/250
f 278/528/228 266/483/222 157/529/253
f 266/483/222 281/530/252 157/529/253
f 157/529/253 363/531/129 274/532/254
f 157/529/253 362/533/245 278/528/228
f 211/337/133 284/534/131 158/535/255
f 158/535/255 365/536/251 275/521/248
f 158/535/255 364/537/230 283/538/244
f 283/538/244 211/337/133 158/535/255
f 159/539/256 330/540/114 210/349/141
f 159/539/256 331/541/138 282/542/246
f 282/542/246 274/532/254 159/539/256
f 274/532/254 285/543/128 159/539/256
f 305/544/257 293/545/258 160/546/259
f 160/546/259 372/547/260 294/548/261
f 160/546/259 371/549/262 298/550/263
f 160/546/259 374/551/264 305/544/257
f 161/552/265 376/553/266 292/554/267
f 161/552/265 370/555/268 295/556/269
f 161/552/265 373/557/270 299/558/271
f 299/558/271 304/559/272 161/552/265
f 162/560/273 375/561/274 299/562/271
f 162/560/273 373/563/270 296/564/275
f 162/560/273 372/565/260 293/566/258
f 162/560/273 377/567/276 303/568/277
f 302/569/278 298/570/263 163/571/279
f 163/571/279 371/572/262 297/573/280
f 163/571/279 370/574/268 292/575/267
f 292/575/267 302/569/278 163/571/279
f 294/576/261 296/577/275 164/578/281
f 296/577/275 295/579/269 164/578/281
f 164/580/281 370/574/268 297/573/280
f 164/580/281 371/572/262 294/581/261
f 165/582/282 366/583/283 290/584/284
f 290/584/284 302/569/278 165/582/282
f 302/569/278 300/585/285 165/582/282
f 165/582/282 367/586/286 286/587/287
f 287/588/288 291/589/289 166/590/290
f 166/590/290 375/561/274 303/568/277
f 166/590/290 377/567/276 301/591/291
f 301/591/291 287/588/288 166/590/290
f 289/592/292 300/593/285 167/594/293
f 167/594/293 376/553/266 304/559/272
f 304/559/272 291/595/289 167/594/293
f 167/594/293 368/596/294 289/592/292
f 168/597/295 369/598/296 301/599/291
f 301/599/291 305/544/257 168/597/295
f 168/597/295 374/551/264 290/600/284
f 290/600/284 288/601/297 168/597/295
f 169/602/298 352/603/200 265/604/211
f 169/602/298 356/605/232 259/499/236
f 169/602/298 357/606/240 262/607/215
f 169/602/298 353/608/182 251/448/203
f 379/609/3 380/610/3 378/611/3
f 382/612/5 381/613/5 383/614/5
f 379/615/299 383/616/299 380/617/299
f 380/618/20 381/619/20 378/620/20
f 378/621/21 382/622/21 379/623/21
f 385/624/5 386/625/5 384/626/5
f 388/627/3 387/628/3 389/629/3
f 385/185/23 389/630/23 386/631/23
f 386/617/19 387/632/19 384/633/19
f 384/634/21 388/635/21 385/636/21
f 391/637/5 390/638/5 392/639/5
f 394/640/3 395/641/3 393/642/3
f 395/643/299 391/622/299 392/644/299
f 393/645/20 392/646/20 390/647/20
f 394/183/21 390/648/21 391/181/21
f 396/649/300 484/650/301 452/651/302
f 452/651/302 446/652/303 396/649/300
f 396/649/300 478/653/304 431/654/305
f 431/654/305 445/655/306 396/649/300
f 426/656/307 431/654/305 397/657/308
f 397/657/308 478/653/304 429/658/309
f 397/657/308 479/659/310 432/660/311
f 432/660/311 426/656/307 397/657/308
f 398/661/312 488/662/313 460/663/314
f 460/663/314 454/664/315 398/661/312
f 420/665/316 455/666/317 472/667/318
f 398/661/312 475/668/319 424/669/320
f 399/670/321 486/671/322 447/672/323
f 447/672/323 439/673/324 399/670/321
f 399/670/321 483/674/325 448/675/326
f 448/675/326 451/676/327 399/670/321
f 439/673/324 434/677/328 400/678/329
f 434/677/328 440/679/330 400/678/329
f 400/678/329 482/680/331 437/681/332
f 400/678/329 483/674/325 439/673/324
f 401/682/333 490/683/334 455/666/317
f 473/684/335 401/682/333 420/665/316
f 472/685/318 415/686/336 419/687/337
f 456/688/338 459/689/339 401/682/333
f 429/690/309 442/691/340 402/692/341
f 442/691/340 437/693/332 402/692/341
f 437/693/332 441/694/342 402/692/341
f 441/694/342 429/690/309 402/692/341
f 427/695/343 450/696/344 403/697/345
f 450/696/344 435/698/346 403/697/345
f 410/699/347 469/700/348 438/701/349
f 403/697/345 470/702/350 423/703/351
f 425/704/352 458/705/353 404/706/354
f 458/705/353 433/707/355 404/706/354
f 404/706/354 480/708/356 444/709/357
f 404/706/354 477/710/358 425/704/352
f 474/711/359 403/697/345 423/703/351
f 405/712/360 435/713/346 412/714/361
f 406/715/362 485/716/363 449/717/364
f 406/715/362 487/718/365 448/719/326
f 448/719/326 442/720/340 406/715/362
f 442/720/340 446/721/303 406/715/362
f 407/722/366 489/723/367 457/724/368
f 407/722/366 491/725/369 456/726/338
f 422/727/370 454/728/315 407/722/366
f 408/729/371 477/730/358 444/731/357
f 408/729/371 480/732/356 434/733/328
f 408/729/371 481/734/372 443/735/373
f 408/729/371 476/736/374 426/737/307
f 430/738/375 409/739/376 410/699/347
f 424/669/320 453/740/377 398/661/312
f 410/699/347 487/718/365 449/717/364
f 410/699/347 485/716/363 430/738/375
f 411/741/378 476/742/374 443/743/373
f 411/741/378 481/744/372 447/745/323
f 447/745/323 450/696/344 411/741/378
f 450/696/344 445/746/306 411/741/378
f 412/714/361 486/671/322 451/676/327
f 451/676/327 438/747/349 412/714/361
f 412/714/361 469/748/348 405/712/360
f 421/749/379 427/750/343 474/751/359
f 430/752/375 452/651/302 413/753/380
f 413/753/380 484/650/301 427/750/343
f 428/754/381 441/755/342 414/756/382
f 441/755/342 436/757/383 414/756/382
f 414/756/382 491/725/369 457/724/368
f 414/756/382 489/723/367 428/754/381
f 407/722/366 473/758/335 422/727/370
f 415/686/336 471/759/384 419/687/337
f 455/760/317 458/705/353 415/686/336
f 458/705/353 453/761/377 415/686/336
f 440/679/330 433/762/355 416/763/385
f 416/763/385 490/683/334 459/689/339
f 459/689/339 436/764/383 416/763/385
f 416/763/385 482/680/331 440/679/330
f 425/765/352 432/660/311 417/766/386
f 417/766/386 479/659/310 428/767/381
f 428/767/381 460/663/314 417/766/386
f 417/766/386 488/662/313 425/765/352
f 467/768/387 492/769/388 499/770/389
f 494/771/390 461/772/391 467/773/387
f 495/774/392 418/775/393 462/776/394
f 464/777/395 497/778/396 465/779/397
f 469/748/348 497/778/396 405/712/360
f 405/712/360 463/780/398 470/781/350
f 421/749/379 461/772/391 493/782/399
f 468/783/400 493/782/399 418/784/393
f 473/684/335 498/785/401 464/777/395
f 422/786/370 464/787/395 495/774/392
f 475/788/319 495/774/392 462/776/394
f 475/668/319 494/771/390 424/669/320
f 423/789/351 463/790/398 492/769/388
f 474/791/359 492/769/388 461/792/391
f 471/759/384 499/793/389 419/687/337
f 424/669/320 467/773/387 471/794/384
f 409/795/376 418/775/393 496/796/402
f 469/797/348 496/796/402 465/798/397
f 419/687/337 466/799/403 472/685/318
f 420/665/316 466/800/403 498/785/401
f 466/801/403 492/769/388 463/790/398
f 498/785/401 463/780/398 497/778/396
f 495/774/392 465/798/397 496/796/402
f 462/802/394 493/782/399 494/771/390
f 468/783/400 413/753/380 421/749/379
f 508/803/1 551/804/2 543/805/1
f 545/806/3 583/807/3 585/808/3
f 555/809/4 591/810/5 593/811/5
f 589/812/3 540/813/6 592/814/3
f 581/815/5 546/816/5 584/817/5
f 505/818/1 571/819/7 562/820/1
f 507/821/7 567/822/8 571/823/7
f 506/824/8 572/825/6 567/822/8
f 513/826/9 573/827/10 563/828/9
f 515/829/10 568/830/11 573/827/10
f 514/831/11 566/832/2 568/833/11
f 559/834/12 525/835/13 552/836/13
f 574/837/14 526/838/13 564/839/13
f 575/840/15 527/841/14 574/842/14
f 576/843/4 529/844/15 575/840/15
f 577/845/16 534/846/17 565/847/17
f 578/848/18 535/849/16 577/845/16
f 579/850/12 537/851/18 578/852/18
f 536/853/19 518/854/19 519/855/19
f 509/856/19 528/857/19 511/858/19
f 580/859/20 534/860/20 513/861/20
f 510/862/19 525/863/19 508/864/19
f 515/865/20 537/866/20 514/867/20
f 529/868/20 504/869/20 506/870/20
f 589/871/19 530/872/19 509/856/19
f 508/864/19 538/873/19 517/874/19
f 526/875/20 507/876/20 505/877/20
f 538/873/19 519/855/19 517/874/19
f 532/878/19 516/879/19 518/854/19
f 581/880/19 522/881/19 503/882/19
f 514/867/20 539/883/20 512/884/20
f 544/885/21 501/886/21 547/887/21
f 511/858/19 524/888/19 510/862/19
f 561/889/21 502/890/21 560/891/21
f 513/861/20 535/892/20 515/865/20
f 527/893/20 506/870/20 507/876/20
f 588/894/20 520/895/20 500/896/20
f 539/883/20 505/877/20 512/884/20
f 532/897/16 556/898/17 533/899/17
f 522/900/21 546/901/21 503/902/21
f 569/903/21 547/887/21 570/904/21
f 538/905/12 558/906/18 536/907/18
f 530/908/4 554/909/15 528/910/15
f 536/911/18 557/912/16 532/897/16
f 528/910/15 553/913/14 524/914/14
f 524/915/14 552/836/13 525/835/13
f 550/916/11 517/917/2 519/918/11
f 549/919/10 519/920/11 518/921/10
f 548/922/9 518/921/10 516/923/9
f 541/924/8 509/925/6 511/926/8
f 542/927/7 511/926/8 510/928/7
f 543/805/1 510/929/7 508/803/1
f 560/891/21 623/930/21 546/901/21
f 592/814/3 572/825/6 595/931/3
f 561/932/3 585/808/3 586/933/3
f 543/805/1 566/832/2 562/820/1
f 562/820/1 512/934/2 505/818/1
f 523/935/3 586/933/3 582/936/3
f 531/937/4 594/938/5 590/939/5
f 595/931/3 504/940/6 588/941/3
f 587/942/5 502/943/5 580/944/5
f 539/945/12 564/839/13 526/838/13
f 520/946/21 570/904/21 500/947/21
f 545/948/21 560/891/21 546/901/21
f 586/949/21 593/950/21 594/951/21
f 568/833/11 551/804/2 550/916/11
f 573/827/10 550/952/11 549/919/10
f 563/828/9 549/919/10 548/922/9
f 567/822/8 540/813/6 541/924/8
f 571/823/7 541/924/8 542/927/7
f 562/820/1 542/953/7 543/805/1
f 563/828/9 580/944/5 513/826/9
f 582/936/3 565/847/17 534/846/17
f 565/954/20 586/955/20 576/956/20
f 548/922/9 587/942/5 563/828/9
f 533/957/19 581/880/19 516/879/19
f 523/958/20 580/859/20 502/959/20
f 516/923/9 584/817/5 548/922/9
f 585/808/3 533/899/17 556/898/17
f 570/960/3 588/941/3 500/961/3
f 590/939/5 569/962/5 520/963/5
f 594/938/5 544/964/5 569/962/5
f 595/965/404 626/966/404 592/967/404
f 531/968/20 588/894/20 504/869/20
f 521/969/19 589/871/19 501/970/19
f 501/971/3 592/814/3 547/972/3
f 593/811/5 521/973/5 544/964/5
f 558/974/19 559/975/19 553/976/19
f 597/977/3 596/978/3 598/979/3
f 600/980/5 601/981/5 599/982/5
f 598/983/23 600/984/23 597/985/23
f 599/986/19 598/987/19 596/988/19
f 600/989/21 596/990/21 597/991/21
f 603/992/3 604/993/3 602/994/3
f 606/995/5 605/996/5 607/997/5
f 603/998/299 607/999/299 604/1000/299
f 604/1001/20 605/1002/20 602/1003/20
f 602/1004/21 606/1005/21 603/1006/21
f 609/1007/5 610/1008/5 608/1009/5
f 612/1010/3 611/1011/3 613/1012/3
f 609/1013/23 613/1014/23 610/1015/23
f 610/1016/19 611/1017/19 608/1018/19
f 608/1019/21 612/1020/21 609/1021/21
f 615/1022/5 614/1023/5 616/1024/5
f 618/1025/3 619/1026/3 617/1027/3
f 619/1028/299 615/1029/299 616/1030/299
f 617/1031/20 616/1032/20 614/986/20
f 618/1033/21 614/1034/21 615/1035/21
f 622/1036/5 624/1037/5 625/1038/5
f 621/1039/3 627/1040/3 620/1041/3
f 570/1042/20 627/1043/20 595/1044/20
f 560/1045/20 625/1046/20 624/1047/20
f 584/1048/404 625/1049/404 587/1050/404
f 546/1051/19 622/1052/19 584/1053/19
f 592/1054/19 621/1055/19 547/1056/19
f 547/887/21 620/1057/21 570/904/21
f 636/1058/1 679/1059/2 671/1060/1
f 673/1061/3 711/1062/3 713/1063/3
f 683/1064/4 719/1065/5 721/1066/5
f 717/1067/3 668/1068/6 720/1069/3
f 709/1070/5 674/1071/5 712/1072/5
f 633/1073/1 699/1074/7 690/1075/1
f 635/1076/7 695/1077/8 699/1078/7
f 634/1079/8 700/1080/6 695/1077/8
f 641/1081/9 701/1082/10 691/1083/9
f 643/1084/10 696/1085/11 701/1082/10
f 642/1086/11 694/1087/2 696/1088/11
f 687/1089/12 653/1090/13 680/1091/13
f 702/1092/14 654/1093/13 692/1094/13
f 703/1095/15 655/1096/14 702/1097/14
f 704/1098/4 657/1099/15 703/1095/15
f 705/1100/16 662/1101/17 693/1102/17
f 706/1103/18 663/1104/16 705/1100/16
f 707/1105/12 665/1106/18 706/1107/18
f 664/1108/19 646/1109/19 647/1110/19
f 637/1111/19 656/1112/19 639/1113/19
f 708/1114/20 662/1115/20 641/1116/20
f 638/1117/19 653/1118/19 636/1119/19
f 643/1120/20 665/1121/20 642/1122/20
f 657/1123/20 632/1124/20 634/1125/20
f 717/1126/19 658/1127/19 637/1111/19
f 636/1119/19 666/1128/19 645/1129/19
f 654/1130/20 635/1131/20 633/1132/20
f 666/1128/19 647/1110/19 645/1129/19
f 660/1133/19 644/1134/19 646/1109/19
f 709/1135/19 650/1136/19 631/1137/19
f 642/1122/20 667/1138/20 640/1139/20
f 672/1140/21 629/1141/21 675/1142/21
f 639/1113/19 652/1143/19 638/1117/19
f 689/1144/21 630/1145/21 688/1146/21
f 641/1116/20 663/1147/20 643/1120/20
f 655/1148/20 634/1125/20 635/1131/20
f 716/1149/20 648/1150/20 628/1151/20
f 667/1138/20 633/1132/20 640/1139/20
f 660/1152/16 684/1153/22 661/1154/17
f 650/1155/21 674/1156/21 631/1157/21
f 697/1158/21 675/1142/21 698/1159/21
f 666/1160/12 686/1161/18 664/1162/18
f 658/1163/4 682/1164/15 656/1165/15
f 664/1166/18 685/1167/16 660/1152/16
f 656/1165/15 681/1168/14 652/1169/14
f 652/1170/14 680/1091/13 653/1090/13
f 678/1171/11 645/1172/2 647/1173/11
f 677/1174/10 647/1175/11 646/1176/10
f 676/1177/9 646/1176/10 644/1178/9
f 669/1179/8 637/1180/6 639/1181/8
f 670/1182/7 639/1181/8 638/1183/7
f 671/1060/1 638/1184/7 636/1058/1
f 712/1072/5 688/1185/5 715/1186/5
f 720/1069/3 700/1080/6 723/1187/3
f 689/1188/3 713/1063/3 714/1189/3
f 671/1060/1 694/1087/2 690/1075/1
f 690/1075/1 640/1190/2 633/1073/1
f 651/1191/3 714/1189/3 710/1192/3
f 659/1193/4 722/1194/5 718/1195/5
f 723/1187/3 632/1196/6 716/1197/3
f 715/1186/5 630/1198/5 708/1199/5
f 667/1200/12 692/1094/13 654/1093/13
f 648/1201/21 698/1159/21 628/1202/21
f 673/1203/21 688/1146/21 674/1156/21
f 714/1204/21 721/1205/21 722/1206/21
f 696/1088/11 679/1059/2 678/1171/11
f 701/1082/10 678/1207/11 677/1174/10
f 691/1083/9 677/1174/10 676/1177/9
f 695/1077/8 668/1068/6 669/1179/8
f 699/1078/7 669/1179/8 670/1182/7
f 690/1075/1 670/1208/7 671/1060/1
f 691/1083/9 708/1199/5 641/1081/9
f 710/1192/3 693/1102/17 662/1101/17
f 693/1209/20 714/1210/20 704/1211/20
f 676/1177/9 715/1186/5 691/1083/9
f 661/1212/19 709/1135/19 644/1134/19
f 651/1213/20 708/1114/20 630/1214/20
f 644/1178/9 712/1072/5 676/1177/9
f 713/1063/3 661/1154/17 684/1153/22
f 698/1215/3 716/1197/3 628/1216/3
f 718/1195/5 697/1217/5 648/1218/5
f 722/1194/5 672/1219/5 697/1217/5
f 675/1220/3 723/1187/3 698/1215/3
f 659/1221/20 716/1149/20 632/1124/20
f 649/1222/19 717/1126/19 629/1223/19
f 629/1224/3 720/1069/3 675/1220/3
f 721/1066/5 649/1225/5 672/1219/5
f 682/1226/20 681/1227/20 685/1228/20
f 740/1229/21 742/1230/21 741/1231/21
f 736/1232/21 738/1233/21 737/1234/21
f 736/1232/21 739/1235/21 738/1233/21
f 740/1229/21 743/1236/21 742/1230/21
f 739/1235/21 743/1236/21 740/1229/21
f 736/1232/21 732/1237/21 739/1235/21
f 732/1237/21 731/1238/21 739/1235/21
f 731/1238/21 730/1239/21 739/1235/21
f 730/1239/21 743/1236/21 739/1235/21
f 730/1239/21 729/1240/21 743/1236/21
f 729/1240/21 744/1241/21 743/1236/21
f 728/1242/21 744/1241/21 729/1240/21
f 727/1243/21 744/1241/21 728/1242/21
f 727/1243/21 745/1244/21 744/1241/21
f 736/1232/21 733/1245/21 732/1237/21
f 726/1246/21 745/1244/21 727/1243/21
f 726/1246/21 746/1247/21 745/1244/21
f 736/1232/21 734/1248/21 733/1245/21
f 725/1249/21 746/1247/21 726/1246/21
f 736/1232/21 751/1250/21 734/1248/21
f 751/1250/21 735/1251/21 734/1248/21
f 724/1252/21 746/1247/21 725/1249/21
f 724/1252/21 747/1253/21 746/1247/21
f 751/1250/21 724/1252/21 735/1251/21
f 751/1250/21 747/1253/21 724/1252/21
f 736/1232/21 752/1254/21 751/1250/21
f 751/1250/21 748/1255/21 747/1253/21
f 750/1256/21 748/1255/21 751/1250/21
f 750/1256/21 749/1257/21 748/1255/21
f 769/1258/21 771/1259/21 770/1260/21
f 768/1261/21 771/1259/21 769/1258/21
f 768/1261/21 772/1262/21 771/1259/21
f 768/1261/21 758/1263/21 772/1262/21
f 768/1261/21 759/1264/21 758/1263/21
f 757/1265/21 772/1262/21 758/1263/21
f 757/1265/21 773/1266/21 772/1262/21
f 767/1267/21 759/1264/21 768/1261/21
f 767/1267/21 760/1268/21 759/1264/21
f 767/1267/21 761/1269/21 760/1268/21
f 756/1270/21 773/1266/21 757/1265/21
f 766/1271/21 761/1269/21 767/1267/21
f 766/1271/21 762/1272/21 761/1269/21
f 755/1273/21 773/1266/21 756/1270/21
f 755/1273/21 774/1274/21 773/1266/21
f 754/1275/21 774/1274/21 755/1273/21
f 766/1271/21 763/1276/21 762/1272/21
f 765/1277/21 763/1276/21 766/1271/21
f 753/1278/21 774/1274/21 754/1275/21
f 753/1278/21 775/1279/21 774/1274/21
f 765/1277/21 753/1278/21 763/1276/21
f 765/1277/21 775/1279/21 753/1278/21
f 765/1277/21 776/1280/21 775/1279/21
f 764/1281/21 776/1280/21 765/1277/21
f 764/1281/21 777/1282/21 776/1280/21
f 786/1283/21 788/1284/21 787/1285/21
f 786/1283/21 789/1286/21 788/1284/21
f 790/1287/21 792/1288/21 791/1289/21
f 790/1287/21 793/1290/21 792/1288/21
f 789/1286/21 793/1290/21 790/1287/21
f 789/1286/21 794/1291/21 793/1290/21
f 786/1283/21 784/1292/21 789/1286/21
f 784/1292/21 783/1293/21 789/1286/21
f 783/1293/21 782/1294/21 789/1286/21
f 782/1294/21 781/1295/21 789/1286/21
f 781/1295/21 794/1291/21 789/1286/21
f 780/1296/21 794/1291/21 781/1295/21
f 780/1296/21 795/1297/21 794/1291/21
f 779/1298/21 795/1297/21 780/1296/21
f 779/1298/21 796/1299/21 795/1297/21
f 778/1300/21 796/1299/21 779/1298/21
f 786/1283/21 785/1301/21 784/1292/21
f 827/1302/21 829/1303/21 828/1304/21
f 826/1305/21 829/1303/21 827/1302/21
f 826/1305/21 830/1306/21 829/1303/21
f 825/1307/21 830/1306/21 826/1305/21
f 825/1307/21 800/1308/21 830/1306/21
f 799/1309/21 830/1306/21 800/1308/21
f 799/1309/21 831/1310/21 830/1306/21
f 825/1307/21 801/1311/21 800/1308/21
f 798/1312/21 831/1310/21 799/1309/21
f 825/1307/21 802/1313/21 801/1311/21
f 797/1314/21 831/1310/21 798/1312/21
f 824/1315/21 802/1313/21 825/1307/21
f 824/1315/21 803/1316/21 802/1313/21
f 824/1315/21 804/1317/21 803/1316/21
f 823/1318/21 804/1317/21 824/1315/21
f 823/1318/21 805/1319/21 804/1317/21
f 822/1320/21 805/1319/21 823/1318/21
f 821/1321/21 805/1319/21 822/1320/21
f 821/1321/21 806/1322/21 805/1319/21
f 820/1323/21 806/1322/21 821/1321/21
f 820/1323/21 807/1324/21 806/1322/21
f 814/1325/21 816/1326/21 815/1327/21
f 819/1328/21 807/1324/21 820/1323/21
f 813/1329/21 816/1326/21 814/1325/21
f 818/1330/21 807/1324/21 819/1328/21
f 813/1329/21 817/1331/21 816/1326/21
f 818/1330/21 808/1332/21 807/1324/21
f 817/1331/21 808/1332/21 818/1330/21
f 813/1329/21 808/1332/21 817/1331/21
f 812/1333/21 808/1332/21 813/1329/21
f 812/1333/21 809/1334/21 808/1332/21
f 811/1335/21 809/1334/21 812/1333/21
f 811/1335/21 810/1336/21 809/1334/21
f 836/1337/21 838/1338/21 837/1339/21
f 836/1337/21 839/1340/21 838/1338/21
f 839/1340/21 841/1341/21 840/1342/21
f 839/1340/21 842/1343/21 841/1341/21
f 839/1340/21 843/1344/21 842/1343/21
f 836/1337/21 834/1345/21 839/1340/21
f 834/1345/21 833/1346/21 839/1340/21
f 833/1346/21 843/1344/21 839/1340/21
f 832/1347/21 843/1344/21 833/1346/21
f 836/1337/21 835/1348/21 834/1345/21
f 861/1349/21 863/1350/21 862/1351/21
f 861/1349/21 864/1352/21 863/1350/21
f 861/1349/21 865/1353/21 864/1352/21
f 860/1354/21 865/1353/21 861/1349/21
f 860/1354/21 849/1355/21 865/1353/21
f 860/1354/21 850/1356/21 849/1355/21
f 848/1357/21 865/1353/21 849/1355/21
f 848/1357/21 866/1358/21 865/1353/21
f 860/1354/21 851/1359/21 850/1356/21
f 859/1360/21 851/1359/21 860/1354/21
f 859/1360/21 852/1361/21 851/1359/21
f 847/1362/21 866/1358/21 848/1357/21
f 858/1363/21 852/1361/21 859/1360/21
f 858/1363/21 853/1364/21 852/1361/21
f 846/1365/21 866/1358/21 847/1362/21
f 846/1365/21 867/1366/21 866/1358/21
f 845/1367/21 867/1366/21 846/1365/21
f 858/1363/21 854/1368/21 853/1364/21
f 857/1369/21 854/1368/21 858/1363/21
f 844/1370/21 867/1366/21 845/1367/21
f 844/1370/21 868/1371/21 867/1366/21
f 857/1369/21 844/1370/21 854/1368/21
f 857/1369/21 868/1371/21 844/1370/21
f 856/1372/21 868/1371/21 857/1369/21
f 856/1372/21 869/1373/21 868/1371/21
f 855/1374/21 869/1373/21 856/1372/21
f 855/1374/21 870/1375/21 869/1373/21
f 889/1376/21 891/1377/21 890/1378/21
f 888/1379/21 891/1377/21 889/1376/21
f 888/1379/21 892/1380/21 891/1377/21
f 887/1381/21 892/1380/21 888/1379/21
f 887/1381/21 876/1382/21 892/1380/21
f 887/1381/21 877/1383/21 876/1382/21
f 875/1384/21 892/1380/21 876/1382/21
f 875/1384/21 893/1385/21 892/1380/21
f 887/1381/21 878/1386/21 877/1383/21
f 886/1387/21 878/1386/21 887/1381/21
f 886/1387/21 879/1388/21 878/1386/21
f 874/1389/21 893/1385/21 875/1384/21
f 885/1390/21 879/1388/21 886/1387/21
f 885/1390/21 880/1391/21 879/1388/21
f 873/1392/21 893/1385/21 874/1389/21
f 873/1392/21 894/1393/21 893/1385/21
f 872/1394/21 894/1393/21 873/1392/21
f 885/1390/21 881/1395/21 880/1391/21
f 884/1396/21 881/1395/21 885/1390/21
f 871/1397/21 894/1393/21 872/1394/21
f 871/1397/21 895/1398/21 894/1393/21
f 884/1396/21 871/1397/21 881/1395/21
f 884/1396/21 895/1398/21 871/1397/21
f 883/1399/21 895/1398/21 884/1396/21
f 883/1399/21 896/1400/21 895/1398/21
f 882/1401/21 896/1400/21 883/1399/21
f 882/1401/21 897/1402/21 896/1400/21
f 912/1403/21 906/1404/21 913/1405/21
f 906/1404/21 914/1406/21 913/1405/21
f 906/1404/21 915/1407/21 914/1406/21
f 906/1404/21 916/1408/21 915/1407/21
f 906/1404/21 911/1409/21 916/1408/21
f 912/1403/21 907/1410/21 906/1404/21
f 911/1409/21 917/1411/21 916/1408/21
f 910/1412/21 917/1411/21 911/1409/21
f 909/1413/21 917/1411/21 910/1412/21
f 908/1414/21 917/1411/21 909/1413/21
f 908/1414/21 918/1415/21 917/1411/21
f 912/1403/21 904/1416/21 907/1410/21
f 904/1416/21 908/1414/21 907/1410/21
f 904/1416/21 918/1415/21 908/1414/21
f 904/1416/21 919/1417/21 918/1415/21
f 904/1416/21 920/1418/21 919/1417/21
f 904/1416/21 903/1419/21 920/1418/21
f 903/1419/21 921/1420/21 920/1418/21
f 912/1403/21 905/1421/21 904/1416/21
f 902/1422/21 921/1420/21 903/1419/21
f 901/1423/21 921/1420/21 902/1422/21
f 901/1423/21 922/1424/21 921/1420/21
f 900/1425/21 922/1424/21 901/1423/21
f 899/1426/21 922/1424/21 900/1425/21
f 898/1427/21 922/1424/21 899/1426/21
f 912/1403/21 898/1427/21 905/1421/21
f 912/1403/21 922/1424/21 898/1427/21
f 912/1403/21 923/1428/21 922/1424/21
f 912/1403/21 924/1429/21 923/1428/21
f 943/1430/404 1110/1431/404 944/1432/404
f 940/1433/404 1075/1434/404 1076/1435/404
f 940/1433/404 1076/1435/404 976/1436/404
f 943/1430/404 944/1432/404 1094/1437/404
f 976/1436/404 943/1430/404 1094/1437/404
f 940/1433/404 976/1436/404 949/1438/404
f 949/1438/404 976/1436/404 1083/1439/404
f 1083/1439/404 976/1436/404 975/1440/404
f 975/1440/404 976/1436/404 1094/1437/404
f 975/1440/404 1094/1437/404 946/1441/404
f 946/1441/404 1094/1437/404 947/1442/404
f 1097/1443/404 946/1441/404 947/1442/404
f 1101/1444/404 1097/1443/404 947/1442/404
f 1101/1444/404 947/1442/404 1061/1445/404
f 940/1433/404 949/1438/404 950/1446/404
f 1015/1447/404 1101/1444/404 1061/1445/404
f 1015/1447/404 1061/1445/404 1062/1448/404
f 940/1433/404 950/1446/404 939/1449/404
f 979/1450/404 1015/1447/404 1062/1448/404
f 940/1433/404 939/1449/404 1119/1451/404
f 1119/1451/404 939/1449/404 966/1452/404
f 965/1453/404 979/1450/404 1062/1448/404
f 965/1453/404 1062/1448/404 1077/1454/404
f 1119/1451/404 966/1452/404 965/1453/404
f 1119/1451/404 965/1453/404 1077/1454/404
f 940/1433/404 1119/1451/404 1122/1455/404
f 1119/1451/404 1077/1454/404 993/1456/404
f 1082/1457/404 1119/1451/404 993/1456/404
f 1082/1457/404 993/1456/404 994/1458/404
f 1028/1459/404 1043/1460/404 1029/1461/404
f 1068/1462/404 1028/1459/404 1029/1461/404
f 1068/1462/404 1029/1461/404 1067/1463/404
f 1068/1462/404 1067/1463/404 1081/1464/404
f 1068/1462/404 1081/1464/404 1074/1465/404
f 1066/1466/404 1081/1464/404 1067/1463/404
f 1066/1466/404 1067/1463/404 1088/1467/404
f 1016/1468/404 1068/1462/404 1074/1465/404
f 1016/1468/404 1074/1465/404 1053/1469/404
f 1016/1468/404 1053/1469/404 953/1470/404
f 1102/1471/404 1066/1466/404 1088/1467/404
f 954/1472/404 1016/1468/404 953/1470/404
f 954/1472/404 953/1470/404 1021/1473/404
f 1086/1474/404 1102/1471/404 1088/1467/404
f 1086/1474/404 1088/1467/404 1103/1475/404
f 1079/1476/404 1086/1474/404 1103/1475/404
f 954/1472/404 1021/1473/404 1049/1477/404
f 931/1478/404 954/1472/404 1049/1477/404
f 1078/1479/404 1079/1476/404 1103/1475/404
f 1078/1479/404 1103/1475/404 1034/1480/404
f 931/1478/404 1049/1477/404 1078/1479/404
f 931/1478/404 1078/1479/404 1034/1480/404
f 931/1478/404 1034/1480/404 932/1481/404
f 948/1482/404 931/1478/404 932/1481/404
f 948/1482/404 932/1481/404 973/1483/404
f 1096/1484/404 1099/1485/404 1108/1486/404
f 1096/1484/404 1108/1486/404 938/1487/404
f 970/1488/404 927/1489/404 928/1490/404
f 970/1488/404 928/1490/404 1117/1491/404
f 938/1487/404 970/1488/404 1117/1491/404
f 938/1487/404 1117/1491/404 1065/1492/404
f 1096/1484/404 938/1487/404 1095/1493/404
f 1095/1493/404 938/1487/404 1118/1494/404
f 1118/1494/404 938/1487/404 1036/1495/404
f 1036/1495/404 938/1487/404 937/1496/404
f 937/1496/404 938/1487/404 1065/1492/404
f 1114/1497/404 937/1496/404 1065/1492/404
f 1114/1497/404 1065/1492/404 1047/1498/404
f 1106/1499/404 1114/1497/404 1047/1498/404
f 1106/1499/404 1047/1498/404 1042/1500/404
f 1041/1501/404 1106/1499/404 1042/1500/404
f 1096/1484/404 1095/1493/404 1113/1502/404
f 955/1503/404 956/1504/404 1046/1505/404
f 974/1506/404 955/1503/404 1046/1505/404
f 974/1506/404 1046/1505/404 972/1507/404
f 1093/1508/404 974/1506/404 972/1507/404
f 1093/1508/404 972/1507/404 971/1509/404
f 1020/1510/404 971/1509/404 972/1507/404
f 1020/1510/404 972/1507/404 1085/1511/404
f 1093/1508/404 971/1509/404 1109/1512/404
f 998/1513/404 1020/1510/404 1085/1511/404
f 1093/1508/404 1109/1512/404 1089/1514/404
f 997/1515/404 998/1513/404 1085/1511/404
f 1057/1516/404 1093/1508/404 1089/1514/404
f 1057/1516/404 1089/1514/404 1121/1517/404
f 1057/1516/404 1121/1517/404 1080/1518/404
f 985/1519/404 1057/1516/404 1080/1518/404
f 985/1519/404 1080/1518/404 984/1520/404
f 991/1521/404 985/1519/404 984/1520/404
f 990/1522/404 991/1521/404 984/1520/404
f 990/1522/404 984/1520/404 1010/1523/404
f 1026/1524/404 990/1522/404 1010/1523/404
f 1026/1524/404 1010/1523/404 1058/1525/404
f 1092/1526/404 1100/1527/404 999/1528/404
f 1030/1529/404 1026/1524/404 1058/1525/404
f 1087/1530/404 1092/1526/404 999/1528/404
f 926/1531/404 1030/1529/404 1058/1525/404
f 1087/1530/404 999/1528/404 925/1532/404
f 926/1531/404 1058/1525/404 1006/1533/404
f 925/1532/404 926/1531/404 1006/1533/404
f 1087/1530/404 925/1532/404 1006/1533/404
f 1115/1534/404 1087/1530/404 1006/1533/404
f 1115/1534/404 1006/1533/404 995/1535/404
f 996/1536/404 1115/1534/404 995/1535/404
f 996/1536/404 995/1535/404 1125/1537/404
f 1018/1538/404 1004/1539/404 1005/1540/404
f 1018/1538/404 1005/1540/404 1120/1541/404
f 1120/1541/404 1123/1542/404 1124/1543/404
f 1120/1541/404 1124/1543/404 941/1544/404
f 1120/1541/404 941/1544/404 942/1545/404
f 1018/1538/404 1120/1541/404 1059/1546/404
f 1059/1546/404 1120/1541/404 1056/1547/404
f 1056/1547/404 1120/1541/404 942/1545/404
f 1055/1548/404 1056/1547/404 942/1545/404
f 1018/1538/404 1059/1546/404 1019/1549/404
f 951/1550/404 952/1551/404 992/1552/404
f 951/1550/404 992/1552/404 1064/1553/404
f 951/1550/404 1064/1553/404 933/1554/404
f 964/1555/404 951/1550/404 933/1554/404
f 964/1555/404 933/1554/404 963/1556/404
f 964/1555/404 963/1556/404 1017/1557/404
f 1054/1558/404 963/1556/404 933/1554/404
f 1054/1558/404 933/1554/404 934/1559/404
f 964/1555/404 1017/1557/404 1048/1560/404
f 1107/1561/404 964/1555/404 1048/1560/404
f 1107/1561/404 1048/1560/404 1112/1562/404
f 1003/1563/404 1054/1558/404 934/1559/404
f 988/1564/404 1107/1561/404 1112/1562/404
f 988/1564/404 1112/1562/404 987/1565/404
f 1002/1566/404 1003/1563/404 934/1559/404
f 1002/1566/404 934/1559/404 945/1567/404
f 930/1568/404 1002/1566/404 945/1567/404
f 988/1564/404 987/1565/404 1027/1569/404
f 982/1570/404 988/1564/404 1027/1569/404
f 929/1571/404 930/1568/404 945/1567/404
f 929/1571/404 945/1567/404 983/1572/404
f 982/1570/404 1027/1569/404 929/1571/404
f 982/1570/404 929/1571/404 983/1572/404
f 1072/1573/404 982/1570/404 983/1572/404
f 1072/1573/404 983/1572/404 1073/1574/404
f 1050/1575/404 1072/1573/404 1073/1574/404
f 1050/1575/404 1073/1574/404 1051/1576/404
f 1104/1577/404 1116/1578/404 1105/1579/404
f 977/1580/404 1104/1577/404 1105/1579/404
f 977/1580/404 1105/1579/404 978/1581/404
f 1014/1582/404 977/1580/404 978/1581/404
f 1014/1582/404 978/1581/404 986/1583/404
f 1014/1582/404 986/1583/404 1060/1584/404
f 1011/1585/404 986/1583/404 978/1581/404
f 1011/1585/404 978/1581/404 1012/1586/404
f 1014/1582/404 1060/1584/404 1090/1587/404
f 1013/1588/404 1014/1582/404 1090/1587/404
f 1013/1588/404 1090/1587/404 1091/1589/404
f 1035/1590/404 1011/1585/404 1012/1586/404
f 1098/1591/404 1013/1588/404 1091/1589/404
f 1098/1591/404 1091/1589/404 1070/1592/404
f 969/1593/404 1035/1590/404 1012/1586/404
f 969/1593/404 1012/1586/404 1038/1594/404
f 968/1595/404 969/1593/404 1038/1594/404
f 1098/1591/404 1070/1592/404 1071/1596/404
f 936/1597/404 1098/1591/404 1071/1596/404
f 1023/1598/404 968/1595/404 1038/1594/404
f 1023/1598/404 1038/1594/404 1024/1599/404
f 936/1597/404 1071/1596/404 1023/1598/404
f 936/1597/404 1023/1598/404 1024/1599/404
f 935/1600/404 936/1597/404 1024/1599/404
f 935/1600/404 1024/1599/404 1111/1601/404
f 967/1602/404 935/1600/404 1111/1601/404
f 967/1602/404 1111/1601/404 1044/1603/404
f 1009/1604/404 1031/1605/404 959/1606/404
f 959/1606/404 1031/1605/404 1037/1607/404
f 959/1606/404 1037/1607/404 960/1608/404
f 959/1606/404 960/1608/404 1084/1609/404
f 959/1606/404 1084/1609/404 1045/1610/404
f 1009/1604/404 959/1606/404 1008/1611/404
f 1045/1610/404 1084/1609/404 1007/1612/404
f 962/1613/404 1045/1610/404 1007/1612/404
f 961/1614/404 962/1613/404 1007/1612/404
f 1000/1615/404 961/1614/404 1007/1612/404
f 1000/1615/404 1007/1612/404 1001/1616/404
f 1009/1604/404 1008/1611/404 1025/1617/404
f 1025/1617/404 1008/1611/404 1000/1615/404
f 1025/1617/404 1000/1615/404 1001/1616/404
f 1025/1617/404 1001/1616/404 1069/1618/404
f 1025/1617/404 1069/1618/404 958/1619/404
f 1025/1617/404 958/1619/404 957/1620/404
f 957/1620/404 958/1619/404 1022/1621/404
f 1009/1604/404 1025/1617/404 1033/1622/404
f 1063/1623/404 957/1620/404 1022/1621/404
f 989/1624/404 1063/1623/404 1022/1621/404
f 989/1624/404 1022/1621/404 980/1625/404
f 1040/1626/404 989/1624/404 980/1625/404
f 1039/1627/404 1040/1626/404 980/1625/404
f 1032/1628/404 1039/1627/404 980/1625/404
f 1009/1604/404 1033/1622/404 1032/1628/404
f 1009/1604/404 1032/1628/404 980/1625/404
f 1009/1604/404 980/1625/404 981/1629/404
f 1009/1604/404 981/1629/404 1052/1630/404
f 977/1631/405 887/1632/406 888/1633/405
f 1121/1634/407 802/1635/408 803/1636/407
f 1030/1637/409 818/1638/410 819/1639/411
f 954/1640/412 765/1641/413 766/1642/412
f 1115/1643/414 811/1644/415 812/1645/416
f 1092/1646/417 813/1647/418 814/1648/417
f 1013/1649/419 885/1650/420 886/1651/419
f 1032/1652/421 905/1653/422 898/1654/421
f 1034/1655/423 774/1656/424 775/1657/423
f 978/1658/425 891/1659/426 892/1660/425
f 1024/1661/423 894/1662/424 895/1663/423
f 1102/1664/427 755/1665/428 756/1666/427
f 1099/1667/3 786/1668/3 787/1669/3
f 1058/1670/429 806/1671/430 807/1672/429
f 1100/1673/431 814/1674/432 815/1675/431
f 986/1676/433 875/1677/434 876/1678/435
f 772/1679/436 1029/1680/437 771/1681/437
f 1026/1682/438 819/1683/411 820/1684/439
f 1070/1685/440 879/1686/441 880/1687/440
f 885/1650/420 936/1688/442 884/1689/442
f 990/1690/443 820/1691/439 821/1692/443
f 1080/1693/444 803/1636/407 804/1694/444
f 1000/1695/445 907/1696/446 908/1697/445
f 983/1698/423 867/1699/424 868/1700/423
f 1101/1701/447 726/1702/448 727/1703/447
f 1040/1704/449 899/1705/450 900/1706/449
f 1118/1707/451 782/1708/452 783/1709/451
f 945/1710/424 866/1711/453 867/1699/424
f 1041/1712/20 796/1713/20 778/1714/20
f 770/1715/454 1028/1716/455 769/1717/455
f 967/1718/456 897/1719/457 882/1720/456
f 1106/1721/458 778/1722/459 779/1723/458
f 959/1724/460 911/1725/461 906/1726/460
f 1107/1727/462 858/1728/420 859/1729/462
f 1081/1730/433 757/1731/434 758/1732/435
f 1042/1733/463 795/1734/464 796/1735/463
f 931/1736/413 764/1737/465 765/1738/413
f 1016/1739/466 766/1642/412 767/1740/466
f 1103/1741/424 773/1742/453 774/1656/424
f 802/1743/408 1109/1744/467 801/1745/467
f 976/1746/468 738/1747/468 739/1748/468
f 1049/1749/469 762/1750/440 763/1751/469
f 988/1752/420 857/1753/442 858/1728/420
f 1050/1754/456 870/1755/457 855/1756/456
f 1011/1757/434 874/1758/427 875/1759/434
f 944/1760/470 741/1761/471 742/1762/472
f 946/1763/473 728/1764/474 729/1765/473
f 1037/1766/475 913/1767/476 914/1768/475
f 1012/1769/477 892/1770/425 893/1771/477
f 1045/1772/461 910/1773/478 911/1725/461
f 1009/1774/479 924/1775/480 912/1776/479
f 933/1777/436 864/1778/437 865/1779/436
f 953/1780/441 760/1781/481 761/1782/441
f 940/1783/20 752/1784/20 736/1785/20
f 1111/1786/482 895/1787/423 896/1788/482
f 1056/1789/483 832/1790/484 833/1791/483
f 993/1792/485 747/1793/486 748/1794/487
f 824/1795/488 985/1796/489 823/1797/489
f 1007/1798/490 916/1799/491 917/1800/490
f 974/1801/492 825/1802/493 826/1803/492
f 1112/1804/441 851/1805/481 852/1806/441
f 949/1807/494 731/1808/495 732/1809/494
f 1060/1810/496 876/1678/435 877/1811/496
f 1073/1812/482 868/1813/423 869/1814/482
f 1062/1815/497 745/1816/498 746/1817/497
f 926/1818/410 817/1819/499 818/1638/410
f 957/1820/500 902/1821/501 903/1822/500
f 928/1823/502 791/1824/503 792/1825/502
f 1083/1826/495 730/1827/504 731/1828/495
f 1046/1829/505 828/1830/506 829/1831/505
f 894/1662/424 1012/1769/477 893/1771/477
f 930/1832/507 844/1833/508 845/1834/507
f 1035/1835/427 873/1836/428 874/1758/427
f 757/1837/434 1102/1664/427 756/1666/427
f 948/1838/465 777/1839/509 764/1737/465
f 1019/1840/5 834/1841/510 835/1842/5
f 866/1711/453 933/1843/436 865/1844/436
f 1122/1845/511 751/1846/511 752/1847/511
f 1108/1848/19 787/1849/19 788/1850/19
f 936/1688/442 883/1851/512 884/1689/442
f 1036/1852/452 781/1853/513 782/1708/452
f 1047/1854/464 794/1855/514 795/1734/464
f 970/1856/515 789/1857/516 790/1858/515
f 963/1859/433 848/1860/434 849/1861/435
f 1077/1862/486 746/1817/497 747/1863/486
f 942/1864/517 842/1865/518 843/1866/517
f 1027/1867/469 853/1868/440 854/1869/469
f 1113/1870/519 784/1871/520 785/1872/519
f 958/1873/521 919/1874/522 920/1875/521
f 784/1871/520 1118/1876/451 783/1877/451
f 1039/1848/450 898/1654/421 899/1878/450
f 1093/1879/493 824/1795/488 825/1802/493
f 1071/1880/469 880/1881/440 881/1882/469
f 929/1883/508 854/1869/469 844/1833/508
f 937/1884/513 780/1885/523 781/1853/513
f 848/1886/434 1003/1887/427 847/1888/427
f 1031/1889/3 912/1890/3 913/1891/3
f 950/1892/524 732/1809/494 733/1893/524
f 1053/1894/481 759/1895/496 760/1896/481
f 862/1897/525 951/1898/526 861/1899/526
f 1076/1900/19 737/1901/19 738/1902/19
f 956/1903/506 827/1904/527 828/1830/506
f 1120/1905/5 838/1906/5 839/1907/5
f 997/1908/528 831/1909/529 797/1910/528
f 962/1911/478 909/1912/530 910/1913/478
f 754/1914/507 1078/1915/508 753/1916/508
f 1123/1917/531 839/1918/532 840/1919/531
f 965/1920/533 735/1921/534 724/1922/533
f 1072/1923/512 855/1756/456 856/1924/512
f 938/1925/535 788/1926/535 789/1927/535
f 935/1928/512 882/1720/456 883/1929/512
f 1094/1930/536 742/1762/472 743/1931/536
f 987/1932/440 852/1806/441 853/1933/440
f 873/1836/428 968/1934/507 872/1935/507
f 1114/1936/523 779/1723/458 780/1937/523
f 1105/1938/426 890/1939/537 891/1659/426
f 927/1940/503 790/1858/515 791/1824/503
f 1059/1941/538 833/1942/539 834/1841/510
f 1075/1943/3 736/1944/3 737/1945/3
f 951/1946/526 860/1947/540 861/1948/526
f 971/1949/541 799/1950/542 800/1951/543
f 973/1952/509 776/1953/482 777/1839/509
f 960/1954/544 914/1768/475 915/1955/544
f 827/1904/527 974/1956/492 826/1957/492
f 1097/1958/474 727/1703/447 728/1959/474
f 961/1960/545 908/1961/445 909/1912/530
f 984/1962/546 804/1694/444 805/1963/546
f 985/1964/489 822/1965/547 823/1966/489
f 979/1967/548 724/1922/533 725/1968/548
f 989/1969/549 900/1706/449 901/1970/549
f 981/1971/550 922/1972/551 923/1973/550
f 1124/1974/19 840/1975/531 841/1976/19
f 1090/1977/481 877/1811/496 878/1978/481
f 1064/1979/437 863/1980/552 864/1778/437
f 1087/1981/553 812/1645/416 813/1982/418
f 1055/1983/554 843/1984/20 832/1985/484
f 1082/1986/555 749/1987/556 750/1988/555
f 830/1989/557 1046/1990/505 829/1991/505
f 1065/1992/514 793/1993/558 794/1855/514
f 1069/1994/559 918/1995/560 919/1996/559
f 816/1997/561 1100/1998/431 815/1999/431
f 982/2000/442 856/2001/512 857/1753/442
f 1119/2002/562 750/1988/555 751/2003/562
f 822/1965/547 990/1690/443 821/1692/443
f 1017/2004/496 849/1861/435 850/2005/496
f 992/2006/552 862/1897/525 863/1980/552
f 1110/2007/471 740/2008/563 741/1761/471
f 943/2009/563 739/2010/564 740/2008/563
f 994/2011/556 748/1794/487 749/1987/556
f 1010/2012/430 805/1963/546 806/1671/430
f 1084/2013/491 915/2014/544 916/1799/491
f 998/2015/565 797/2016/528 798/2017/565
f 1028/1716/455 768/2018/566 769/1717/455
f 925/2019/499 816/2020/561 817/1819/499
f 968/2021/507 871/2022/508 872/2023/507
f 1052/2024/480 923/2025/550 924/1775/480
f 1116/2026/537 889/2027/567 890/1939/537
f 1086/2028/428 754/2029/507 755/1665/428
f 847/1888/427 1002/2030/428 846/2031/428
f 932/2032/482 775/2033/423 776/1953/482
f 1005/2034/19 837/2035/19 838/2036/19
f 966/2037/568 734/2038/569 735/1921/534
f 1033/2039/5 904/2040/5 905/2041/5
f 1088/2042/453 772/2043/436 773/1742/453
f 995/2044/570 808/2045/571 809/2046/570
f 1068/2047/566 767/1740/466 768/2048/566
f 1096/2049/20 785/2050/20 786/2051/20
f 1051/2052/457 869/1814/482 870/1755/457
f 1085/1675/572 830/1989/557 831/2053/572
f 1063/2054/501 901/1970/549 902/2055/501
f 980/2056/551 921/2057/573 922/1972/551
f 1025/2058/574 903/1822/500 904/2059/574
f 941/2060/518 841/2061/575 842/1865/518
f 1091/2062/441 878/2063/481 879/1686/441
f 1014/2064/406 886/1651/419 887/1632/406
f 1029/1680/437 770/1715/454 771/1681/437
f 1015/2065/448 725/2066/548 726/1702/448
f 1023/2067/508 881/1882/469 871/2022/508
f 964/2068/540 859/1729/462 860/1947/540
f 1021/2069/440 761/1782/441 762/2070/440
f 1074/2071/496 758/1732/435 759/1895/496
f 1104/2072/567 888/2073/405 889/2027/567
f 1109/2074/467 800/1951/543 801/2075/467
f 810/2076/576 995/2044/570 809/2046/570
f 1117/2077/558 792/1825/502 793/2078/558
f 1018/2079/20 835/2080/20 836/2081/20
f 1078/1915/508 763/1751/469 753/1916/508
f 1008/2082/5 906/2083/5 907/2084/5
f 1020/2085/542 798/2086/565 799/1950/542
f 1044/2087/457 896/1788/482 897/1719/457
f 1006/2088/571 807/1672/429 808/2089/571
f 918/2090/560 1007/1798/490 917/1800/490
f 947/2091/577 743/2092/536 744/2093/577
f 1022/2094/573 920/2095/521 921/2057/573
f 1048/2096/481 850/2005/496 851/2097/481
f 939/2098/569 733/1893/524 734/2099/569
f 975/2100/578 729/1765/473 730/1827/504
f 1004/2101/3 836/2102/3 837/2103/3
f 745/1816/498 947/2091/577 744/2093/577
f 996/2104/415 810/2076/576 811/1644/415
f 1002/2030/428 845/2105/507 846/2031/428
f 9/1/1 18/115/2 52/2/2
f 46/4/3 23/2106/3 84/5/3
f 56/7/4 31/106/4 92/8/5
f 90/10/3 10/123/6 41/11/6
f 82/13/5 4/2107/5 47/14/5
f 6/16/1 8/2108/7 72/17/7
f 8/19/7 7/22/8 68/20/8
f 7/22/8 5/139/6 73/23/6
f 14/24/9 16/27/10 74/25/10
f 16/27/10 15/2109/11 69/28/11
f 15/29/11 13/133/2 67/30/2
f 60/32/12 39/103/12 26/33/13
f 75/35/14 28/2110/14 27/36/13
f 76/38/15 30/42/15 28/39/14
f 77/41/4 32/136/4 30/42/15
f 78/43/16 36/47/16 35/44/17
f 79/46/18 38/2111/18 36/47/16
f 80/48/12 40/143/12 38/49/18
f 37/51/19 33/76/19 19/52/19
f 10/54/19 31/70/19 29/55/19
f 81/57/20 83/2112/20 35/58/20
f 11/60/19 25/86/19 26/61/19
f 16/63/20 36/90/20 38/64/20
f 30/66/20 32/164/20 5/67/20
f 90/69/19 92/2113/19 31/70/19
f 26/61/19 39/75/19 18/71/19
f 27/72/20 28/91/20 8/73/20
f 39/75/19 37/51/19 20/53/19
f 33/76/19 34/155/19 17/77/19
f 84/78/19 23/2114/19 4/79/19
f 15/65/20 38/64/20 40/81/20
f 45/83/21 22/2115/21 2/84/21
f 12/56/19 29/55/19 25/86/19
f 62/87/21 24/2116/21 3/88/21
f 14/59/20 35/58/20 36/90/20
f 28/91/20 30/66/20 7/68/20
f 89/92/20 91/2117/20 21/93/20
f 13/82/20 40/81/20 27/72/20
f 33/95/16 58/110/16 57/96/22
f 23/98/21 46/146/21 47/99/21
f 70/101/21 45/83/21 48/85/21
f 39/103/12 60/32/12 59/104/18
f 31/106/4 56/7/4 55/107/15
f 37/109/18 59/2118/18 58/110/16
f 29/108/15 55/107/15 54/111/14
f 25/113/14 54/2119/14 53/34/13
f 51/114/11 52/2/2 18/115/2
f 50/117/10 51/150/11 20/118/11
f 49/120/9 50/117/10 19/119/10
f 42/122/8 41/11/6 10/123/6
f 43/125/7 42/122/8 12/124/8
f 44/3/1 43/151/7 11/127/7
f 85/15/5 47/14/5 61/128/5
f 93/12/3 41/11/6 73/23/6
f 62/131/3 46/4/3 86/6/3
f 44/3/1 52/2/2 67/30/2
f 63/18/1 67/30/2 13/133/2
f 24/134/3 62/131/3 87/132/3
f 32/136/4 77/41/4 95/137/5
f 96/130/3 73/23/6 5/139/6
f 88/129/5 61/128/5 3/141/5
f 40/143/12 80/48/12 65/37/13
f 21/144/21 70/101/21 71/102/21
f 46/146/21 62/87/21 61/89/21
f 87/147/21 86/2120/21 94/148/21
f 51/114/11 69/31/11 67/30/2
f 74/25/10 69/28/11 51/150/11
f 64/26/9 74/25/10 50/117/10
f 68/20/8 73/23/6 41/11/6
f 72/21/7 68/20/8 42/122/8
f 63/18/1 72/17/7 43/151/7
f 64/26/9 88/129/5 81/142/5
f 83/135/3 87/132/3 66/45/17
f 87/2121/20 95/2122/20 77/152/20
f 77/152/20 76/2123/20 65/2124/20
f 76/2123/20 75/2125/20 65/2124/20
f 65/2124/20 80/153/20 77/152/20
f 80/153/20 79/2126/20 78/2127/20
f 78/2127/20 66/154/20 80/153/20
f 66/154/20 87/2121/20 77/152/20
f 49/120/9 85/15/5 88/129/5
f 34/155/19 84/78/19 82/80/19
f 24/156/20 83/2112/20 81/57/20
f 17/121/9 82/13/5 85/15/5
f 86/6/3 84/5/3 34/97/17
f 71/158/3 96/130/3 89/140/3
f 91/138/5 95/137/5 70/160/5
f 95/137/5 94/9/5 45/162/5
f 48/163/3 93/12/3 96/130/3
f 32/164/20 91/2117/20 89/92/20
f 22/165/19 92/2113/19 90/69/19
f 2/167/3 90/10/3 93/12/3
f 94/9/5 92/8/5 22/168/5
f 54/2128/20 53/2129/20 55/2130/20
f 53/2129/20 60/170/20 56/169/20
f 60/170/20 59/2131/20 58/2132/20
f 58/2132/20 57/171/20 60/170/20
f 57/171/20 86/2133/20 56/169/20
f 86/2133/20 94/2134/20 56/169/20
f 56/169/20 55/2130/20 53/2129/20
f 102/178/23 101/2135/23 98/179/23
f 100/181/19 102/2136/19 99/182/19
f 101/184/21 100/2137/21 97/185/21
f 177/187/24 306/311/73 175/188/25
f 175/188/25 309/2138/58 179/190/27
f 103/189/26 179/190/27 310/191/28
f 183/192/29 312/2139/74 177/187/24
f 199/193/30 325/2140/39 178/194/31
f 104/195/32 178/194/31 311/196/33
f 182/197/34 313/2141/76 196/198/35
f 104/195/32 196/198/35 322/199/36
f 181/200/37 311/2142/33 178/201/31
f 105/202/38 178/201/31 325/203/39
f 105/202/38 200/204/40 324/205/41
f 197/206/42 310/2143/28 181/200/37
f 176/207/43 312/2139/74 183/192/29
f 106/208/44 183/192/29 310/191/28
f 197/209/42 324/2144/41 198/210/45
f 106/208/44 198/210/45 323/211/46
f 107/212/47 200/218/40 325/213/39
f 231/214/48 340/393/69 227/215/49
f 227/215/49 341/392/63 232/216/50
f 107/212/47 232/216/50 324/217/41
f 172/219/51 313/2141/76 182/197/34
f 108/220/52 182/197/34 311/196/33
f 170/221/53 308/2145/56 174/222/54
f 174/222/54 307/321/71 172/219/51
f 109/223/55 207/229/61 308/224/56
f 109/223/55 173/225/57 309/226/58
f 206/227/59 328/334/118 203/228/60
f 203/228/60 329/333/124 207/229/61
f 198/210/45 324/2144/41 232/230/50
f 110/231/62 232/230/50 341/232/63
f 228/233/64 339/397/170 233/234/65
f 110/231/62 233/234/65 323/211/46
f 111/235/66 199/193/30 322/199/36
f 230/236/67 338/378/155 229/237/68
f 111/235/66 229/237/68 340/238/69
f 231/239/48 325/2140/39 199/193/30
f 112/240/70 172/2146/51 307/241/71
f 112/240/70 171/242/72 306/243/73
f 112/245/70 177/2147/24 312/246/74
f 112/245/70 180/247/75 313/248/76
f 113/250/77 173/225/57 308/224/56
f 170/252/53 311/2142/33 181/200/37
f 181/200/37 310/2143/28 179/254/27
f 113/250/77 179/2148/27 309/226/58
f 185/255/78 317/357/146 187/256/79
f 187/258/79 315/373/149 186/259/81
f 114/260/80 186/259/81 314/261/82
f 184/263/83 316/351/143 185/255/78
f 191/264/84 320/300/105 189/265/85
f 189/265/85 319/299/99 188/267/87
f 115/268/86 188/2149/87 318/269/88
f 190/270/89 321/276/93 191/271/84
f 116/272/90 225/279/96 335/273/91
f 116/275/90 219/2150/92 321/276/93
f 116/275/90 190/270/89 318/269/88
f 116/272/90 192/2151/94 334/278/95
f 224/280/97 334/368/95 192/281/94
f 117/282/98 192/281/94 318/283/88
f 117/282/98 188/284/87 319/285/99
f 117/282/98 194/286/100 336/287/101
f 118/288/102 223/295/106 337/289/103
f 118/288/102 221/290/104 320/291/105
f 118/288/102 191/292/84 321/293/93
f 219/294/92 335/361/91 223/295/106
f 222/296/107 336/354/101 194/297/100
f 119/298/108 194/297/100 319/299/99
f 119/298/108 189/265/85 320/300/105
f 221/301/104 337/355/103 222/296/107
f 215/302/109 328/313/118 205/303/110
f 120/304/111 205/303/110 326/305/112
f 120/304/111 214/306/113 330/307/114
f 213/308/115 332/327/127 215/302/109
f 206/309/59 309/2138/58 175/188/25
f 121/310/116 175/188/25 306/311/73
f 208/312/117 326/305/112 205/303/110
f 121/310/116 205/303/110 328/313/118
f 208/314/117 306/243/73 171/242/72
f 171/242/72 307/241/71 209/316/120
f 122/315/119 209/316/120 327/317/121
f 122/315/119 202/318/122 326/319/112
f 123/320/123 209/325/120 307/321/71
f 174/222/54 308/2145/56 207/322/61
f 123/320/123 207/322/61 329/323/124
f 204/324/125 327/341/121 209/325/120
f 124/326/126 284/331/131 332/327/127
f 213/308/115 330/307/114 285/328/128
f 124/326/126 285/328/128 363/329/129
f 276/330/130 365/526/251 284/331/131
f 125/332/132 216/339/135 329/333/124
f 125/332/132 203/228/60 328/334/118
f 125/332/132 215/335/109 332/336/127
f 125/332/132 211/337/133 333/338/134
f 126/340/136 217/345/139 327/341/121
f 204/324/125 329/323/124 216/342/135
f 216/342/135 333/513/134 212/343/137
f 126/340/136 212/343/137 331/344/138
f 214/346/113 326/319/112 202/318/122
f 202/318/122 327/317/121 217/348/139
f 217/348/139 331/541/138 210/349/141
f 210/349/141 330/540/114 214/346/113
f 128/350/142 185/255/78 316/351/143
f 128/353/142 220/2152/144 336/354/101
f 128/353/142 222/296/107 337/355/103
f 128/350/142 195/2153/145 317/357/146
f 129/358/147 187/364/79 317/359/146
f 195/360/145 337/289/103 223/295/106
f 129/358/147 223/295/106 335/361/91
f 129/358/147 193/362/148 315/363/149
f 130/365/150 184/371/83 314/366/82
f 130/365/150 218/367/151 334/368/95
f 224/280/97 336/287/101 220/369/144
f 130/365/150 220/369/144 316/370/143
f 131/372/152 186/259/81 315/373/149
f 193/374/148 335/273/91 225/279/96
f 225/279/96 334/278/95 218/375/151
f 131/372/152 218/375/151 314/261/82
f 239/376/153 340/238/69 229/237/68
f 132/377/154 229/237/68 338/378/155
f 238/379/156 342/2154/177 237/380/157
f 132/377/154 237/380/157 344/381/158
f 133/382/159 247/390/166 345/383/160
f 133/382/159 235/384/161 344/385/158
f 133/382/159 246/386/162 348/387/163
f 133/382/159 243/388/164 349/389/165
f 134/391/167 240/395/168 341/392/63
f 134/391/167 227/215/49 340/393/69
f 239/394/153 344/385/158 235/384/161
f 235/384/161 345/383/160 240/395/168
f 135/396/169 241/401/172 339/397/170
f 228/233/64 341/232/63 240/398/168
f 135/396/169 240/398/168 345/399/160
f 236/400/171 343/2155/175 241/401/172
f 238/402/156 338/455/155 226/403/173
f 226/403/173 339/454/170 241/405/172
f 136/404/174 241/405/172 343/406/175
f 136/404/174 234/407/176 342/408/177
f 255/409/178 347/419/186 244/410/179
f 137/411/180 244/410/179 349/412/165
f 137/411/180 254/413/181 353/414/182
f 252/415/183 351/476/194 255/409/178
f 248/416/184 343/2155/175 236/400/171
f 138/417/185 236/400/171 345/399/160
f 247/418/166 349/412/165 244/410/179
f 138/417/185 244/410/179 347/419/186
f 139/420/187 249/423/189 342/408/177
f 139/420/187 234/407/176 343/406/175
f 248/421/184 347/431/186 242/422/188
f 242/422/188 346/430/191 249/423/189
f 140/424/190 246/428/162 344/381/158
f 237/380/157 342/2154/177 249/425/189
f 140/424/190 249/425/189 346/426/191
f 245/427/192 348/439/163 246/428/162
f 141/429/193 256/2156/197 346/430/191
f 141/429/193 242/422/188 347/431/186
f 141/433/193 255/2157/178 351/434/194
f 141/433/193 250/435/195 350/436/196
f 142/438/198 257/443/201 348/439/163
f 245/427/192 346/426/191 256/440/197
f 256/440/197 350/462/196 253/441/199
f 142/438/198 253/441/199 352/442/200
f 254/444/181 349/389/165 243/388/164
f 243/388/164 348/387/163 257/446/201
f 257/447/201 352/603/200 251/448/203
f 251/448/203 353/608/182 254/450/181
f 201/451/204 323/2158/46 233/452/65
f 144/453/205 233/452/65 339/454/170
f 144/453/205 226/403/173 338/455/155
f 230/456/67 322/2159/36 201/451/204
f 145/457/206 180/247/75 312/246/74
f 176/458/43 323/2160/46 201/459/204
f 201/459/204 322/2161/36 196/460/35
f 145/457/206 196/460/35 313/248/76
f 146/461/207 253/441/199 350/462/196
f 146/461/207 264/463/208 354/464/209
f 261/465/210 356/494/232 265/466/211
f 265/466/211 352/442/200 253/441/199
f 250/435/195 351/434/194 263/467/212
f 263/467/212 355/479/218 258/469/214
f 258/469/214 354/478/209 264/470/208
f 264/470/208 350/436/196 250/435/195
f 252/415/183 353/414/182 262/471/215
f 262/471/215 357/508/240 260/473/217
f 148/472/216 260/473/217 355/474/218
f 148/472/216 263/475/212 351/476/194
f 149/477/219 271/2162/224 354/478/209
f 149/477/219 258/469/214 355/479/218
f 149/481/219 270/2163/220 359/482/221
f 149/481/219 266/483/222 358/484/223
f 279/486/225 360/496/233 269/487/226
f 150/488/227 269/487/226 358/489/223
f 278/490/228 362/515/245 277/491/229
f 150/488/227 277/491/229 364/492/230
f 151/493/231 272/497/234 356/494/232
f 261/465/210 354/464/209 271/495/224
f 271/495/224 358/489/223 269/487/226
f 151/493/231 269/487/226 360/496/233
f 273/498/235 357/606/240 259/499/236
f 259/499/236 356/605/232 272/501/234
f 272/502/234 360/519/233 267/503/238
f 267/505/238 361/2164/241 273/498/235
f 270/506/220 355/474/218 260/473/217
f 153/507/239 260/473/217 357/508/240
f 153/507/239 273/509/235 361/510/241
f 268/511/242 359/524/221 270/506/220
f 154/512/243 212/343/137 333/513/134
f 283/514/244 364/492/230 277/491/229
f 154/512/243 277/491/229 362/515/245
f 282/516/246 331/344/138 212/343/137
f 155/517/247 280/522/249 361/518/241
f 155/517/247 267/503/238 360/519/233
f 279/520/225 364/537/230 275/521/248
f 275/521/248 365/536/251 280/522/249
f 156/523/250 281/527/252 359/524/221
f 268/511/242 361/510/241 280/525/249
f 156/523/250 280/525/249 365/526/251
f 276/330/130 363/329/129 281/527/252
f 278/528/228 358/484/223 266/483/222
f 266/483/222 359/482/221 281/530/252
f 157/529/253 281/530/252 363/531/129
f 157/529/253 274/532/254 362/533/245
f 211/337/133 332/336/127 284/534/131
f 158/535/255 284/534/131 365/536/251
f 158/535/255 275/521/248 364/537/230
f 283/538/244 333/338/134 211/337/133
f 159/539/256 285/543/128 330/540/114
f 159/539/256 210/349/141 331/541/138
f 282/542/246 362/533/245 274/532/254
f 274/532/254 363/531/129 285/543/128
f 305/544/257 377/2165/276 293/545/258
f 160/546/259 293/545/258 372/547/260
f 160/546/259 294/548/261 371/549/262
f 160/546/259 298/550/263 374/551/264
f 161/552/265 304/559/272 376/553/266
f 161/552/265 292/554/267 370/555/268
f 161/552/265 295/556/269 373/557/270
f 299/558/271 375/2166/274 304/559/272
f 162/560/273 303/568/277 375/561/274
f 162/560/273 299/562/271 373/563/270
f 162/560/273 296/564/275 372/565/260
f 162/560/273 293/566/258 377/567/276
f 302/569/278 374/2167/264 298/570/263
f 163/571/279 298/570/263 371/572/262
f 163/571/279 297/573/280 370/574/268
f 292/575/267 376/2168/266 302/569/278
f 294/576/261 372/2169/260 296/577/275
f 296/577/275 373/2170/270 295/579/269
f 164/580/281 295/2171/269 370/574/268
f 164/580/281 297/573/280 371/572/262
f 165/582/282 286/587/287 366/583/283
f 290/584/284 374/2167/264 302/569/278
f 302/569/278 376/2168/266 300/585/285
f 165/582/282 300/585/285 367/586/286
f 287/588/288 368/2172/294 291/589/289
f 166/590/290 291/589/289 375/561/274
f 166/590/290 303/568/277 377/567/276
f 301/591/291 369/2173/296 287/588/288
f 289/592/292 367/2174/286 300/593/285
f 167/594/293 300/593/285 376/553/266
f 304/559/272 375/2166/274 291/595/289
f 167/594/293 291/595/289 368/596/294
f 168/597/295 288/601/297 369/598/296
f 301/599/291 377/2165/276 305/544/257
f 168/597/295 305/544/257 374/551/264
f 290/600/284 366/2175/283 288/601/297
f 169/602/298 251/448/203 352/603/200
f 169/602/298 265/604/211 356/605/232
f 169/602/298 259/499/236 357/606/240
f 169/602/298 262/607/215 353/608/182
f 379/615/299 382/2176/299 383/616/299
f 380/618/20 383/2177/20 381/619/20
f 378/621/21 381/2178/21 382/622/21
f 385/185/23 388/2179/23 389/630/23
f 386/617/19 389/2180/19 387/632/19
f 384/634/21 387/619/21 388/635/21
f 395/643/299 394/2181/299 391/622/299
f 393/645/20 395/2182/20 392/646/20
f 394/183/21 393/2183/21 390/648/21
f 396/649/300 445/655/306 484/650/301
f 452/651/302 485/2184/363 446/652/303
f 396/649/300 446/652/303 478/653/304
f 431/654/305 476/2185/374 445/655/306
f 426/656/307 476/2185/374 431/654/305
f 397/657/308 431/654/305 478/653/304
f 397/657/308 429/658/309 479/659/310
f 432/660/311 477/2186/358 426/656/307
f 398/661/312 453/740/377 488/662/313
f 460/663/314 489/2187/367 454/664/315
f 420/665/316 401/682/333 455/666/317
f 398/661/312 454/664/315 475/668/319
f 399/670/321 451/676/327 486/671/322
f 447/672/323 481/2188/372 439/673/324
f 399/670/321 439/673/324 483/674/325
f 448/675/326 487/2189/365 451/676/327
f 439/673/324 481/2188/372 434/677/328
f 434/677/328 480/2190/356 440/679/330
f 400/678/329 440/679/330 482/680/331
f 400/678/329 437/681/332 483/674/325
f 401/682/333 459/689/339 490/683/334
f 473/684/335 456/688/338 401/682/333
f 472/685/318 455/760/317 415/686/336
f 456/688/338 491/2191/369 459/689/339
f 429/690/309 478/2192/304 442/691/340
f 442/691/340 483/2193/325 437/693/332
f 437/693/332 482/2194/331 441/694/342
f 441/694/342 479/2195/310 429/690/309
f 427/695/343 484/2196/301 450/696/344
f 450/696/344 486/2197/322 435/698/346
f 410/699/347 409/739/376 469/700/348
f 403/697/345 435/698/346 470/702/350
f 425/704/352 488/2198/313 458/705/353
f 458/705/353 490/2199/334 433/707/355
f 404/706/354 433/707/355 480/708/356
f 404/706/354 444/709/357 477/710/358
f 474/711/359 427/695/343 403/697/345
f 405/712/360 470/781/350 435/713/346
f 406/715/362 446/721/303 485/716/363
f 406/715/362 449/717/364 487/718/365
f 448/719/326 483/2200/325 442/720/340
f 442/720/340 478/2201/304 446/721/303
f 407/722/366 454/728/315 489/723/367
f 407/722/366 457/724/368 491/725/369
f 422/727/370 475/2202/319 454/728/315
f 408/729/371 426/737/307 477/730/358
f 408/729/371 444/731/357 480/732/356
f 408/729/371 434/733/328 481/734/372
f 408/729/371 443/735/373 476/736/374
f 430/738/375 468/2203/400 409/739/376
f 424/669/320 471/794/384 453/740/377
f 410/699/347 438/701/349 487/718/365
f 410/699/347 449/717/364 485/716/363
f 411/741/378 445/746/306 476/742/374
f 411/741/378 443/743/373 481/744/372
f 447/745/323 486/2197/322 450/696/344
f 450/696/344 484/2196/301 445/746/306
f 412/714/361 435/713/346 486/671/322
f 451/676/327 487/2189/365 438/747/349
f 412/714/361 438/747/349 469/748/348
f 421/749/379 413/753/380 427/750/343
f 430/752/375 485/2184/363 452/651/302
f 413/753/380 452/651/302 484/650/301
f 428/754/381 479/2204/310 441/755/342
f 441/755/342 482/2205/331 436/757/383
f 414/756/382 436/757/383 491/725/369
f 414/756/382 457/724/368 489/723/367
f 407/722/366 456/726/338 473/758/335
f 415/686/336 453/761/377 471/759/384
f 455/760/317 490/2199/334 458/705/353
f 458/705/353 488/2198/313 453/761/377
f 440/679/330 480/2190/356 433/762/355
f 416/763/385 433/762/355 490/683/334
f 459/689/339 491/2191/369 436/764/383
f 416/763/385 436/764/383 482/680/331
f 425/765/352 477/2186/358 432/660/311
f 417/766/386 432/660/311 479/659/310
f 428/767/381 489/2187/367 460/663/314
f 417/766/386 460/663/314 488/662/313
f 467/768/387 461/792/391 492/769/388
f 494/771/390 493/782/399 461/772/391
f 495/774/392 496/796/402 418/775/393
f 464/777/395 498/785/401 497/778/396
f 469/748/348 465/779/397 497/778/396
f 405/712/360 497/778/396 463/780/398
f 421/749/379 474/751/359 461/772/391
f 468/783/400 421/749/379 493/782/399
f 473/684/335 420/665/316 498/785/401
f 422/786/370 473/2206/335 464/787/395
f 475/788/319 422/786/370 495/774/392
f 475/668/319 462/802/394 494/771/390
f 423/789/351 470/2207/350 463/790/398
f 474/791/359 423/789/351 492/769/388
f 471/759/384 467/2208/387 499/793/389
f 424/669/320 494/771/390 467/773/387
f 409/795/376 468/2209/400 418/775/393
f 469/797/348 409/795/376 496/796/402
f 419/687/337 499/793/389 466/799/403
f 420/665/316 472/667/318 466/800/403
f 466/801/403 499/770/389 492/769/388
f 498/785/401 466/800/403 463/780/398
f 495/774/392 464/787/395 465/798/397
f 462/802/394 418/784/393 493/782/399
f 468/783/400 430/752/375 413/753/380
f 508/803/1 517/917/2 551/804/2
f 545/806/3 522/2210/3 583/807/3
f 555/809/4 530/908/4 591/810/5
f 589/812/3 509/925/6 540/813/6
f 581/815/5 503/2211/5 546/816/5
f 505/818/1 507/2212/7 571/819/7
f 507/821/7 506/824/8 567/822/8
f 506/824/8 504/940/6 572/825/6
f 513/826/9 515/829/10 573/827/10
f 515/829/10 514/2213/11 568/830/11
f 514/831/11 512/934/2 566/832/2
f 559/834/12 538/905/12 525/835/13
f 574/837/14 527/2214/14 526/838/13
f 575/840/15 529/844/15 527/841/14
f 576/843/4 531/937/4 529/844/15
f 577/845/16 535/849/16 534/846/17
f 578/848/18 537/2215/18 535/849/16
f 579/850/12 539/945/12 537/851/18
f 536/853/19 532/878/19 518/854/19
f 509/856/19 530/872/19 528/857/19
f 580/859/20 582/2216/20 534/860/20
f 510/862/19 524/888/19 525/863/19
f 515/865/20 535/892/20 537/866/20
f 529/868/20 531/968/20 504/869/20
f 589/871/19 591/2217/19 530/872/19
f 508/864/19 525/863/19 538/873/19
f 526/875/20 527/893/20 507/876/20
f 538/873/19 536/853/19 519/855/19
f 532/878/19 533/957/19 516/879/19
f 581/880/19 583/2218/19 522/881/19
f 514/867/20 537/866/20 539/883/20
f 544/885/21 521/2219/21 501/886/21
f 511/858/19 528/857/19 524/888/19
f 561/889/21 523/2220/21 502/890/21
f 513/861/20 534/860/20 535/892/20
f 527/893/20 529/868/20 506/870/20
f 588/894/20 590/2221/20 520/895/20
f 539/883/20 526/875/20 505/877/20
f 532/897/16 557/912/16 556/898/17
f 522/900/21 545/948/21 546/901/21
f 569/903/21 544/885/21 547/887/21
f 538/905/12 559/834/12 558/906/18
f 530/908/4 555/809/4 554/909/15
f 536/911/18 558/2222/18 557/912/16
f 528/910/15 554/909/15 553/913/14
f 524/915/14 553/2223/14 552/836/13
f 550/916/11 551/804/2 517/917/2
f 549/919/10 550/952/11 519/920/11
f 548/922/9 549/919/10 518/921/10
f 541/924/8 540/813/6 509/925/6
f 542/927/7 541/924/8 511/926/8
f 543/805/1 542/953/7 510/929/7
f 560/891/21 624/2224/21 623/930/21
f 592/814/3 540/813/6 572/825/6
f 561/932/3 545/806/3 585/808/3
f 543/805/1 551/804/2 566/832/2
f 562/820/1 566/832/2 512/934/2
f 523/935/3 561/932/3 586/933/3
f 531/937/4 576/843/4 594/938/5
f 595/931/3 572/825/6 504/940/6
f 587/942/5 560/2225/5 502/943/5
f 539/945/12 579/850/12 564/839/13
f 520/946/21 569/903/21 570/904/21
f 545/948/21 561/889/21 560/891/21
f 586/949/21 585/2226/21 593/950/21
f 568/833/11 566/832/2 551/804/2
f 573/827/10 568/830/11 550/952/11
f 563/828/9 573/827/10 549/919/10
f 567/822/8 572/825/6 540/813/6
f 571/823/7 567/822/8 541/924/8
f 562/820/1 571/819/7 542/953/7
f 563/828/9 587/942/5 580/944/5
f 582/936/3 586/933/3 565/847/17
f 586/955/20 594/2227/20 576/956/20
f 576/956/20 575/2228/20 577/2229/20
f 575/2228/20 574/2230/20 577/2229/20
f 574/2230/20 564/2231/20 579/2232/20
f 579/2232/20 578/2233/20 574/2230/20
f 578/2233/20 577/2229/20 574/2230/20
f 577/2229/20 565/954/20 576/956/20
f 548/922/9 584/817/5 587/942/5
f 533/957/19 583/2218/19 581/880/19
f 523/958/20 582/2216/20 580/859/20
f 516/923/9 581/815/5 584/817/5
f 585/808/3 583/807/3 533/899/17
f 570/960/3 595/931/3 588/941/3
f 590/939/5 594/938/5 569/962/5
f 594/938/5 593/811/5 544/964/5
f 595/965/404 627/2234/404 626/966/404
f 531/968/20 590/2221/20 588/894/20
f 521/969/19 591/2217/19 589/871/19
f 501/971/3 589/812/3 592/814/3
f 593/811/5 591/810/5 521/973/5
f 559/975/19 552/2235/19 553/976/19
f 553/976/19 554/2236/19 557/2237/19
f 554/2236/19 555/2238/19 557/2237/19
f 555/2238/19 593/2239/19 585/2240/19
f 585/2240/19 556/2241/19 555/2238/19
f 556/2241/19 557/2237/19 555/2238/19
f 557/2237/19 558/974/19 553/976/19
f 598/983/23 601/2242/23 600/984/23
f 599/986/19 601/2243/19 598/987/19
f 600/989/21 599/2244/21 596/990/21
f 603/998/299 606/2245/299 607/999/299
f 604/1001/20 607/2246/20 605/1002/20
f 602/1004/21 605/2247/21 606/1005/21
f 609/1013/23 612/2248/23 613/1014/23
f 610/1016/19 613/2249/19 611/1017/19
f 608/1019/21 611/1013/21 612/1020/21
f 619/1028/299 618/2250/299 615/1029/299
f 617/1031/20 619/2251/20 616/1032/20
f 618/1033/21 617/2252/21 614/1034/21
f 622/1036/5 623/2253/5 624/1037/5
f 621/1039/3 626/2254/3 627/1040/3
f 570/1042/20 620/2255/20 627/1043/20
f 560/1045/20 587/2256/20 625/1046/20
f 584/1048/404 622/2257/404 625/1049/404
f 546/1051/19 623/1042/19 622/1052/19
f 592/1054/19 626/2258/19 621/1055/19
f 547/887/21 621/2259/21 620/1057/21
f 636/1058/1 645/1172/2 679/1059/2
f 673/1061/3 650/2260/3 711/1062/3
f 683/1064/4 658/1163/4 719/1065/5
f 717/1067/3 637/1180/6 668/1068/6
f 709/1070/5 631/2261/5 674/1071/5
f 633/1073/1 635/2262/7 699/1074/7
f 635/1076/7 634/1079/8 695/1077/8
f 634/1079/8 632/1196/6 700/1080/6
f 641/1081/9 643/1084/10 701/1082/10
f 643/1084/10 642/2263/11 696/1085/11
f 642/1086/11 640/1190/2 694/1087/2
f 687/1089/12 666/1160/12 653/1090/13
f 702/1092/14 655/2264/14 654/1093/13
f 703/1095/15 657/1099/15 655/1096/14
f 704/1098/4 659/1193/4 657/1099/15
f 705/1100/16 663/1104/16 662/1101/17
f 706/1103/18 665/2265/18 663/1104/16
f 707/1105/12 667/1200/12 665/1106/18
f 664/1108/19 660/1133/19 646/1109/19
f 637/1111/19 658/1127/19 656/1112/19
f 708/1114/20 710/2266/20 662/1115/20
f 638/1117/19 652/1143/19 653/1118/19
f 643/1120/20 663/1147/20 665/1121/20
f 657/1123/20 659/1221/20 632/1124/20
f 717/1126/19 719/2267/19 658/1127/19
f 636/1119/19 653/1118/19 666/1128/19
f 654/1130/20 655/1148/20 635/1131/20
f 666/1128/19 664/1108/19 647/1110/19
f 660/1133/19 661/1212/19 644/1134/19
f 709/1135/19 711/2268/19 650/1136/19
f 642/1122/20 665/1121/20 667/1138/20
f 672/1140/21 649/2269/21 629/1141/21
f 639/1113/19 656/1112/19 652/1143/19
f 689/1144/21 651/2270/21 630/1145/21
f 641/1116/20 662/1115/20 663/1147/20
f 655/1148/20 657/1123/20 634/1125/20
f 716/1149/20 718/2271/20 648/1150/20
f 667/1138/20 654/1130/20 633/1132/20
f 660/1152/16 685/1167/16 684/1153/22
f 650/1155/21 673/1203/21 674/1156/21
f 697/1158/21 672/1140/21 675/1142/21
f 666/1160/12 687/1089/12 686/1161/18
f 658/1163/4 683/1064/4 682/1164/15
f 664/1166/18 686/2272/18 685/1167/16
f 656/1165/15 682/1164/15 681/1168/14
f 652/1170/14 681/2273/14 680/1091/13
f 678/1171/11 679/1059/2 645/1172/2
f 677/1174/10 678/1207/11 647/1175/11
f 676/1177/9 677/1174/10 646/1176/10
f 669/1179/8 668/1068/6 637/1180/6
f 670/1182/7 669/1179/8 639/1181/8
f 671/1060/1 670/1208/7 638/1184/7
f 712/1072/5 674/1071/5 688/1185/5
f 720/1069/3 668/1068/6 700/1080/6
f 689/1188/3 673/1061/3 713/1063/3
f 671/1060/1 679/1059/2 694/1087/2
f 690/1075/1 694/1087/2 640/1190/2
f 651/1191/3 689/1188/3 714/1189/3
f 659/1193/4 704/1098/4 722/1194/5
f 723/1187/3 700/1080/6 632/1196/6
f 715/1186/5 688/1185/5 630/1198/5
f 667/1200/12 707/1105/12 692/1094/13
f 648/1201/21 697/1158/21 698/1159/21
f 673/1203/21 689/1144/21 688/1146/21
f 714/1204/21 713/2274/21 721/1205/21
f 696/1088/11 694/1087/2 679/1059/2
f 701/1082/10 696/1085/11 678/1207/11
f 691/1083/9 701/1082/10 677/1174/10
f 695/1077/8 700/1080/6 668/1068/6
f 699/1078/7 695/1077/8 669/1179/8
f 690/1075/1 699/1074/7 670/1208/7
f 691/1083/9 715/1186/5 708/1199/5
f 710/1192/3 714/1189/3 693/1102/17
f 714/1210/20 722/2275/20 704/1211/20
f 704/1211/20 703/2276/20 705/2277/20
f 703/2276/20 702/2278/20 705/2277/20
f 702/2278/20 692/2279/20 707/2280/20
f 707/2280/20 706/2281/20 702/2278/20
f 706/2281/20 705/2277/20 702/2278/20
f 705/2277/20 693/1209/20 704/1211/20
f 676/1177/9 712/1072/5 715/1186/5
f 661/1212/19 711/2268/19 709/1135/19
f 651/1213/20 710/2266/20 708/1114/20
f 644/1178/9 709/1070/5 712/1072/5
f 713/1063/3 711/1062/3 661/1154/17
f 698/1215/3 723/1187/3 716/1197/3
f 718/1195/5 722/1194/5 697/1217/5
f 722/1194/5 721/1066/5 672/1219/5
f 675/1220/3 720/1069/3 723/1187/3
f 659/1221/20 718/2271/20 716/1149/20
f 649/1222/19 719/2267/19 717/1126/19
f 629/1224/3 717/1067/3 720/1069/3
f 721/1066/5 719/1065/5 649/1225/5
f 681/1227/20 680/2282/20 687/2283/20
f 687/2283/20 686/2284/20 681/1227/20
f 686/2284/20 685/1228/20 681/1227/20
f 685/1228/20 684/2285/20 683/2286/20
f 684/2285/20 713/2287/20 683/2286/20
f 713/2287/20 721/2288/20 683/2286/20
f 683/2286/20 682/1226/20 685/1228/20
f 977/1631/405 1014/2064/406 887/1632/406
f 1121/1634/407 1089/2289/408 802/1635/408
f 1030/1637/409 926/1818/410 818/1638/410
f 954/1640/412 931/2290/413 765/1641/413
f 1115/1643/414 996/2104/415 811/1644/415
f 1092/1646/417 1087/2291/553 813/1647/418
f 1013/1649/419 1098/2292/420 885/1650/420
f 1032/1652/421 1033/2293/422 905/1653/422
f 1034/1655/423 1103/1741/424 774/1656/424
f 978/1658/425 1105/1938/426 891/1659/426
f 1024/1661/423 1038/2294/424 894/1662/424
f 1102/1664/427 1086/2028/428 755/1665/428
f 1099/1667/3 1096/2295/3 786/1668/3
f 1058/1670/429 1010/2012/430 806/1671/430
f 1100/1673/431 1092/2296/432 814/1674/432
f 986/1676/433 1011/2297/434 875/1677/434
f 772/1679/436 1067/2298/436 1029/1680/437
f 1026/1682/438 1030/2299/409 819/1683/411
f 1070/1685/440 1091/2062/441 879/1686/441
f 885/1650/420 1098/2292/420 936/1688/442
f 990/1690/443 1026/2300/438 820/1691/439
f 1080/1693/444 1121/1634/407 803/1636/407
f 1000/1695/445 1008/2301/446 907/1696/446
f 983/1698/423 945/1710/424 867/1699/424
f 1101/1701/447 1015/2065/448 726/1702/448
f 1040/1704/449 1039/2302/450 899/1705/450
f 1118/1707/451 1036/1852/452 782/1708/452
f 945/1710/424 934/2303/453 866/1711/453
f 1041/1712/20 1042/2304/20 796/1713/20
f 770/1715/454 1043/2305/454 1028/1716/455
f 967/1718/456 1044/2087/457 897/1719/457
f 1106/1721/458 1041/2306/459 778/1722/459
f 959/1724/460 1045/1772/461 911/1725/461
f 1107/1727/462 988/1752/420 858/1728/420
f 1081/1730/433 1066/2307/434 757/1731/434
f 1042/1733/463 1047/1854/464 795/1734/464
f 931/1736/413 948/1838/465 764/1737/465
f 1016/1739/466 954/1640/412 766/1642/412
f 1103/1741/424 1088/2042/453 773/1742/453
f 802/1743/408 1089/2308/408 1109/1744/467
f 976/1746/468 1076/2309/468 738/1747/468
f 1049/1749/469 1021/2310/440 762/1750/440
f 988/1752/420 982/2000/442 857/1753/442
f 1050/1754/456 1051/2052/457 870/1755/457
f 1011/1757/434 1035/1835/427 874/1758/427
f 944/1760/470 1110/2007/471 741/1761/471
f 946/1763/473 1097/2311/474 728/1764/474
f 1037/1766/475 1031/2312/476 913/1767/476
f 1012/1769/477 978/2313/425 892/1770/425
f 1045/1772/461 962/2314/478 910/1773/478
f 1009/1774/479 1052/2024/480 924/1775/480
f 933/1777/436 1064/1979/437 864/1778/437
f 953/1780/441 1053/2315/481 760/1781/481
f 940/1783/20 1122/2316/20 752/1784/20
f 1111/1786/482 1024/2317/423 895/1787/423
f 1056/1789/483 1055/2318/554 832/1790/484
f 993/1792/485 1077/2319/486 747/1793/486
f 824/1795/488 1057/2320/488 985/1796/489
f 1007/1798/490 1084/2013/491 916/1799/491
f 974/1801/492 1093/1879/493 825/1802/493
f 1112/1804/441 1048/2321/481 851/1805/481
f 949/1807/494 1083/2322/495 731/1808/495
f 1060/1810/496 986/1676/433 876/1678/435
f 1073/1812/482 983/2323/423 868/1813/423
f 1062/1815/497 1061/2324/498 745/1816/498
f 926/1818/410 925/2019/499 817/1819/499
f 957/1820/500 1063/1667/501 902/1821/501
f 928/1823/502 927/1940/503 791/1824/503
f 1083/1826/495 975/2100/578 730/1827/504
f 1046/1829/505 956/1903/506 828/1830/506
f 894/1662/424 1038/2294/424 1012/1769/477
f 930/1832/507 929/1883/508 844/1833/508
f 1035/1835/427 969/2325/428 873/1836/428
f 757/1837/434 1066/2326/434 1102/1664/427
f 948/1838/465 973/1952/509 777/1839/509
f 1019/1840/5 1059/1941/538 834/1841/510
f 866/1711/453 934/2303/453 933/1843/436
f 1122/1845/511 1119/2327/511 751/1846/511
f 1108/1848/19 1099/2328/19 787/1849/19
f 936/1688/442 935/2329/512 883/1851/512
f 1036/1852/452 937/1884/513 781/1853/513
f 1047/1854/464 1065/1992/514 794/1855/514
f 970/1856/515 938/2330/516 789/1857/516
f 963/1859/433 1054/2331/434 848/1860/434
f 1077/1862/486 1062/1815/497 746/1817/497
f 942/1864/517 941/2060/518 842/1865/518
f 1027/1867/469 987/2332/440 853/1868/440
f 1113/1870/519 1095/2333/520 784/1871/520
f 958/1873/521 1069/2334/522 919/1874/522
f 784/1871/520 1095/2333/520 1118/1876/451
f 1039/1848/450 1032/1652/421 898/1654/421
f 1093/1879/493 1057/2320/488 824/1795/488
f 1071/1880/469 1070/2335/440 880/1881/440
f 929/1883/508 1027/1867/469 854/1869/469
f 937/1884/513 1114/2336/523 780/1885/523
f 848/1886/434 1054/2337/434 1003/1887/427
f 1031/1889/3 1009/2338/3 912/1890/3
f 950/1892/524 949/1807/494 732/1809/494
f 1053/1894/481 1074/2071/496 759/1895/496
f 862/1897/525 952/2339/525 951/1898/526
f 1076/1900/19 1075/2340/19 737/1901/19
f 956/1903/506 955/2341/527 827/1904/527
f 1120/1905/5 1005/1925/5 838/1906/5
f 997/1908/528 1085/2342/529 831/1909/529
f 962/1911/478 961/1960/545 909/1912/530
f 754/1914/507 1079/2343/507 1078/1915/508
f 1123/1917/531 1120/2344/532 839/1918/532
f 965/1920/533 966/2037/568 735/1921/534
f 1072/1923/512 1050/1754/456 855/1756/456
f 938/1925/535 1108/2345/535 788/1926/535
f 935/1928/512 967/1718/456 882/1720/456
f 1094/1930/536 944/1760/470 742/1762/472
f 987/1932/440 1112/1804/441 852/1806/441
f 873/1836/428 969/2325/428 968/1934/507
f 1114/1936/523 1106/1721/458 779/1723/458
f 1105/1938/426 1116/2026/537 890/1939/537
f 927/1940/503 970/1856/515 790/1858/515
f 1059/1941/538 1056/2346/539 833/1942/539
f 1075/1943/3 940/2347/3 736/1944/3
f 951/1946/526 964/2068/540 860/1947/540
f 971/1949/541 1020/2085/542 799/1950/542
f 973/1952/509 932/2032/482 776/1953/482
f 960/1954/544 1037/1766/475 914/1768/475
f 827/1904/527 955/2341/527 974/1956/492
f 1097/1958/474 1101/1701/447 727/1703/447
f 961/1960/545 1000/2348/445 908/1961/445
f 984/1962/546 1080/1693/444 804/1694/444
f 985/1964/489 991/2349/547 822/1965/547
f 979/1967/548 965/1920/533 724/1922/533
f 989/1969/549 1040/1704/449 900/1706/449
f 981/1971/550 980/2056/551 922/1972/551
f 1124/1974/19 1123/2350/531 840/1975/531
f 1090/1977/481 1060/1810/496 877/1811/496
f 1064/1979/437 992/2006/552 863/1980/552
f 1087/1981/553 1115/1643/414 812/1645/416
f 1055/1983/554 942/2351/20 843/1984/20
f 1082/1986/555 994/2011/556 749/1987/556
f 830/1989/557 972/2352/557 1046/1990/505
f 1065/1992/514 1117/2353/558 793/1993/558
f 1069/1994/559 1001/2354/560 918/1995/560
f 816/1997/561 999/2355/561 1100/1998/431
f 982/2000/442 1072/2356/512 856/2001/512
f 1119/2002/562 1082/1986/555 750/1988/555
f 822/1965/547 991/2349/547 990/1690/443
f 1017/2004/496 963/1859/433 849/1861/435
f 992/2006/552 952/2339/525 862/1897/525
f 1110/2007/471 943/2009/563 740/2008/563
f 943/2009/563 976/2357/564 739/2010/564
f 994/2011/556 993/1792/485 748/1794/487
f 1010/2012/430 984/2358/546 805/1963/546
f 1084/2013/491 960/2359/544 915/2014/544
f 998/2015/565 997/2360/528 797/2016/528
f 1028/1716/455 1068/2361/566 768/2018/566
f 925/2019/499 999/2362/561 816/2020/561
f 968/2021/507 1023/2067/508 871/2022/508
f 1052/2024/480 981/2363/550 923/2025/550
f 1116/2026/537 1104/2072/567 889/2027/567
f 1086/2028/428 1079/2364/507 754/2029/507
f 847/1888/427 1003/1887/427 1002/2030/428
f 932/2032/482 1034/2365/423 775/2033/423
f 1005/2034/19 1004/2080/19 837/2035/19
f 966/2037/568 939/2366/569 734/2038/569
f 1033/2039/5 1025/2367/5 904/2040/5
f 1088/2042/453 1067/2368/436 772/2043/436
f 995/2044/570 1006/2369/571 808/2045/571
f 1068/2047/566 1016/1739/466 767/1740/466
f 1096/2049/20 1113/2370/20 785/2050/20
f 1051/2052/457 1073/1812/482 869/1814/482
f 1085/1675/572 972/2352/557 830/1989/557
f 1063/2054/501 989/1969/549 901/1970/549
f 980/2056/551 1022/2094/573 921/2057/573
f 1025/2058/574 957/1820/500 903/1822/500
f 941/2060/518 1124/2371/575 841/2061/575
f 1091/2062/441 1090/2372/481 878/2063/481
f 1014/2064/406 1013/1649/419 886/1651/419
f 1029/1680/437 1043/2305/454 770/1715/454
f 1015/2065/448 979/2373/548 725/2066/548
f 1023/2067/508 1071/1880/469 881/1882/469
f 964/2068/540 1107/1727/462 859/1729/462
f 1021/2069/440 953/1780/441 761/1782/441
f 1074/2071/496 1081/1730/433 758/1732/435
f 1104/2072/567 977/2374/405 888/2073/405
f 1109/2074/467 971/1949/541 800/1951/543
f 810/2076/576 1125/2375/576 995/2044/570
f 1117/2077/558 928/1823/502 792/1825/502
f 1018/2079/20 1019/2376/20 835/2080/20
f 1078/1915/508 1049/1749/469 763/1751/469
f 1008/2082/5 959/2377/5 906/2083/5
f 1020/2085/542 998/2378/565 798/2086/565
f 1044/2087/457 1111/1786/482 896/1788/482
f 1006/2088/571 1058/1670/429 807/1672/429
f 918/2090/560 1001/2379/560 1007/1798/490
f 947/2091/577 1094/2380/536 743/2092/536
f 1022/2094/573 958/2381/521 920/2095/521
f 1048/2096/481 1017/2004/496 850/2005/496
f 939/2098/569 950/1892/524 733/1893/524
f 975/2100/578 946/1763/473 729/1765/473
f 1004/2101/3 1018/2382/3 836/2102/3
f 745/1816/498 1061/2324/498 947/2091/577
f 996/2104/415 1125/2375/576 810/2076/576
f 1002/2030/428 930/2383/507 845/2105/507
