# Blender 5.1.0
# www.blender.org
mtllib SignBakery.mtl
o Sign_Bakery
v 0.777420 0.044693 0.053822
v 0.802317 0.054954 0.053822
v 0.840859 0.086846 0.053822
v 0.880066 0.155092 0.053822
v 0.919708 0.279525 0.053822
v 0.947332 0.317048 0.053822
v 0.972898 0.327396 0.053822
v 0.998410 0.325996 0.053822
v 1.008230 0.315314 0.053822
v 1.003743 0.293870 0.053822
v 0.966179 0.206865 0.053822
v 0.939253 0.085478 0.053822
v 0.909063 -0.016405 0.053822
v 0.872502 -0.100539 0.053822
v 0.925792 -0.106912 0.053822
v 0.985469 -0.096876 0.053822
v 1.051443 -0.061528 0.053822
v 1.072419 -0.062077 0.053822
v 1.090868 -0.078681 0.053822
v 1.081265 -0.096981 0.053822
v 1.029534 -0.120366 0.053822
v 0.921366 -0.136063 0.053822
v 0.857082 -0.128928 0.053822
v 0.789065 -0.201309 0.053822
v 0.715358 -0.238128 0.053822
v 0.638256 -0.241441 0.053822
v 0.603284 -0.225559 0.053822
v 0.579253 -0.199993 0.053822
v 0.565884 -0.163320 0.053822
v 0.571462 -0.124320 0.053822
v 0.599191 -0.089131 0.053822
v 0.661481 -0.068051 0.053822
v 0.720699 -0.069962 0.053822
v 0.804156 -0.085606 0.053822
v 0.836656 -0.016000 0.053822
v 0.850871 0.045015 0.053822
v 0.848993 0.063138 0.053822
v 0.805989 0.019558 0.053822
v 0.773173 -0.000482 0.053822
v 0.741100 0.002741 0.053822
v 0.719650 0.020075 0.053822
v 0.702968 0.064964 0.053822
v 0.715595 0.184498 0.053822
v 0.776507 0.301273 0.053822
v 0.791671 0.321765 0.053822
v 0.812022 0.324144 0.053822
v 0.841546 0.309395 0.053822
v 0.839155 0.290115 0.053822
v 0.789027 0.169969 0.053822
v 0.769292 0.076088 0.053822
v 0.737653 -0.099881 0.053822
v 0.641424 -0.104313 0.053822
v 0.602845 -0.120533 0.053822
v 0.593731 -0.154667 0.053822
v 0.622058 -0.186997 0.053822
v 0.663976 -0.193978 0.053822
v 0.721242 -0.175368 0.053822
v 0.760403 -0.147451 0.053822
v 0.789295 -0.115349 0.053822
v 0.688030 0.103143 0.053822
v 0.620490 0.016121 0.053822
v 0.583351 -0.008101 0.053822
v 0.549063 -0.009138 0.053822
v 0.516546 0.004064 0.053822
v 0.493995 0.038396 0.053822
v 0.490726 0.084722 0.053822
v 0.511301 0.134942 0.053822
v 0.542867 0.187373 0.053822
v 0.556118 0.221395 0.053822
v 0.540958 0.235691 0.053822
v 0.462022 0.263128 0.053822
v 0.427407 0.295523 0.053822
v 0.421087 0.338817 0.053822
v 0.449116 0.366999 0.053822
v 0.486188 0.366990 0.053822
v 0.517020 0.346512 0.053822
v 0.524736 0.314058 0.053822
v 0.520905 0.284581 0.053822
v 0.572189 0.261925 0.053822
v 0.615249 0.230314 0.053822
v 0.633371 0.193503 0.053822
v 0.621518 0.155555 0.053822
v 0.575364 0.088404 0.053822
v 0.567623 0.054152 0.053822
v 0.580428 0.038811 0.053822
v 0.633491 0.077813 0.053822
v 0.712552 0.186292 0.053822
v 0.726445 0.176873 0.053822
v 0.487570 0.331432 0.053822
v 0.473874 0.332943 0.053822
v 0.467696 0.317057 0.053822
v 0.475535 0.298534 0.053822
v 0.491632 0.297238 0.053822
v 0.493692 0.311504 0.053822
v 0.528497 0.223155 0.053822
v 0.530264 0.187176 0.053822
v 0.455183 0.068599 0.053822
v 0.391750 0.014919 0.053822
v 0.338013 -0.012941 0.053822
v 0.261487 -0.010017 0.053822
v 0.209580 0.024478 0.053822
v 0.187984 0.058920 0.053822
v 0.178904 0.103878 0.053822
v 0.187292 0.167782 0.053822
v 0.201692 0.209484 0.053822
v 0.234348 0.259497 0.053822
v 0.318042 0.315505 0.053822
v 0.388890 0.324916 0.053822
v 0.440848 0.301847 0.053822
v 0.450604 0.238555 0.053822
v 0.417122 0.182626 0.053822
v 0.377483 0.157942 0.053822
v 0.317776 0.148634 0.053822
v 0.275329 0.157291 0.053822
v 0.259616 0.115976 0.053822
v 0.261774 0.050035 0.053822
v 0.299247 0.020162 0.053822
v 0.343210 0.025866 0.053822
v 0.385806 0.048896 0.053822
v 0.452532 0.118485 0.053822
v 0.511011 0.210528 0.053822
v 0.399318 0.289073 0.053822
v 0.340711 0.260888 0.053822
v 0.294229 0.204704 0.053822
v 0.312504 0.184705 0.053822
v 0.347481 0.185025 0.053822
v 0.387450 0.214440 0.053822
v 0.415545 0.264255 0.053822
v 0.230203 0.182451 0.053822
v 0.180078 0.086204 0.053822
v 0.139629 0.027171 0.053822
v 0.086622 -0.013132 0.053822
v 0.038000 -0.008575 0.053822
v 0.000562 0.012410 0.053822
v -0.027326 0.041922 0.053822
v -0.059327 0.106541 0.053822
v -0.079398 -0.004186 0.053822
v -0.110015 -0.008591 0.053822
v -0.133009 0.017447 0.053822
v -0.138391 0.075181 0.053822
v -0.123752 0.147039 0.053822
v -0.107665 0.212734 0.053822
v -0.086308 0.278129 0.053822
v -0.013870 0.445110 0.053822
v 0.036196 0.526801 0.053822
v 0.077350 0.563544 0.053822
v 0.124201 0.567771 0.053822
v 0.156779 0.538840 0.053822
v 0.146828 0.463300 0.053822
v 0.094735 0.372795 0.053822
v 0.015828 0.275377 0.053822
v 0.060963 0.295936 0.053822
v 0.103103 0.288790 0.053822
v 0.134671 0.258134 0.053822
v 0.138412 0.216426 0.053822
v 0.120672 0.173965 0.053822
v 0.084272 0.141811 0.053822
v 0.018326 0.118386 0.053822
v 0.038820 0.057473 0.053822
v 0.062615 0.034354 0.053822
v 0.097642 0.043401 0.053822
v 0.146169 0.084883 0.053822
v 0.212420 0.194843 0.053822
v 0.226609 0.193737 0.053822
v 0.003309 0.311190 0.053822
v 0.074389 0.397600 0.053822
v 0.110764 0.461585 0.053822
v 0.121883 0.502768 0.053822
v 0.115409 0.529583 0.053822
v 0.099416 0.523770 0.053822
v 0.008275 0.166253 0.053822
v 0.039180 0.175424 0.053822
v 0.067203 0.206480 0.053822
v 0.072883 0.246732 0.053822
v 0.049606 0.256576 0.053822
v 0.014061 0.239444 0.053822
v -0.016499 0.206740 0.053822
v -0.032526 0.178553 0.053822
v -0.099549 0.201606 0.053822
v -0.086601 0.186315 0.053822
v -0.132812 0.092441 0.053822
v -0.189868 0.020155 0.053822
v -0.238719 -0.007093 0.053822
v -0.283565 -0.005453 0.053822
v -0.320560 0.037850 0.053822
v -0.374451 -0.001357 0.053822
v -0.420136 -0.013177 0.053822
v -0.453875 0.000894 0.053822
v -0.485253 0.048921 0.053822
v -0.484820 0.128165 0.053822
v -0.442283 0.212722 0.053822
v -0.378077 0.273831 0.053822
v -0.306003 0.291470 0.053822
v -0.249192 0.276224 0.053822
v -0.214054 0.303542 0.053822
v -0.184069 0.297407 0.053822
v -0.168570 0.282789 0.053822
v -0.166780 0.265518 0.053822
v -0.219466 0.152284 0.053822
v -0.247949 0.050204 0.053822
v -0.237495 0.030982 0.053822
v -0.215407 0.040888 0.053822
v -0.180608 0.075785 0.053822
v -0.306166 0.243297 0.053822
v -0.363945 0.189943 0.053822
v -0.414877 0.104310 0.053822
v -0.417941 0.050459 0.053822
v -0.397265 0.032998 0.053822
v -0.357626 0.055329 0.053822
v -0.321778 0.092520 0.053822
v -0.309260 0.143232 0.053822
v -0.265293 0.250551 0.053822
v -0.661700 0.472406 0.053822
v -0.586754 0.492979 0.053822
v -0.517360 0.470762 0.053822
v -0.491793 0.430673 0.053822
v -0.491313 0.389240 0.053822
v -0.509796 0.338413 0.053822
v -0.561777 0.288218 0.053822
v -0.607051 0.263747 0.053822
v -0.569089 0.226194 0.053822
v -0.539345 0.178050 0.053822
v -0.522009 0.086020 0.053822
v -0.542933 -0.013293 0.053822
v -0.576887 -0.070501 0.053822
v -0.633649 -0.123351 0.053822
v -0.714459 -0.157126 0.053822
v -0.825845 -0.167075 0.053822
v -0.931900 -0.138077 0.053822
v -0.994148 -0.102393 0.053822
v -1.060472 -0.034343 0.053822
v -1.090868 0.048658 0.053822
v -1.090674 0.111999 0.053822
v -1.072183 0.165850 0.053822
v -1.028845 0.213869 0.053822
v -0.980130 0.238348 0.053822
v -0.900925 0.252130 0.053822
v -0.854738 0.334264 0.053822
v -0.763552 0.447308 0.053822
v -0.738521 0.499554 0.053822
v -0.747308 0.521125 0.053822
v -0.765389 0.528540 0.053822
v -0.820334 0.526507 0.053822
v -0.881548 0.504551 0.053822
v -0.942879 0.456898 0.053822
v -0.963416 0.425140 0.053822
v -0.962749 0.403192 0.053822
v -0.944438 0.395748 0.053822
v -0.919309 0.400592 0.053822
v -0.873863 0.435802 0.053822
v -0.869337 0.418822 0.053822
v -0.901483 0.376101 0.053822
v -0.950990 0.363499 0.053822
v -0.979959 0.376383 0.053822
v -0.997330 0.408600 0.053822
v -0.974602 0.476565 0.053822
v -0.920053 0.525579 0.053822
v -0.853588 0.555545 0.053822
v -0.789143 0.570841 0.053822
v -0.729065 0.567359 0.053822
v -0.690548 0.540744 0.053822
v -0.917012 0.209308 0.053822
v -0.928853 0.210114 0.053822
v -0.929525 0.210114 0.053822
v -0.930203 0.210114 0.053822
v -0.930887 0.210114 0.053822
v -0.931577 0.210114 0.053822
v -0.932273 0.210114 0.053822
v -0.932975 0.210114 0.053822
v -0.933682 0.210114 0.053822
v -0.951676 0.208073 0.053822
v -1.019707 0.174769 0.053822
v -1.054665 0.119185 0.053822
v -1.053492 0.051727 0.053822
v -1.031101 0.000669 0.053822
v -0.966236 -0.062461 0.053822
v -0.864035 -0.101108 0.053822
v -0.796702 -0.100327 0.053822
v -0.715726 -0.076008 0.053822
v -0.648171 -0.028032 0.053822
v -0.609726 0.025507 0.053822
v -0.588595 0.126417 0.053822
v -0.606969 0.191677 0.053822
v -0.657471 0.237025 0.053822
v -0.729944 0.257978 0.053822
v -0.759152 0.274127 0.053822
v -0.704619 0.289061 0.053822
v -0.625093 0.318788 0.053822
v -0.572317 0.371092 0.053822
v -0.553942 0.435847 0.053822
v -0.586048 0.451702 0.053822
v -0.637109 0.440765 0.053822
v -0.693133 0.406695 0.053822
v -0.756076 0.335764 0.053822
v -0.824461 0.234986 0.053822
v -0.756257 0.180186 0.053822
v -0.730124 0.122022 0.053822
v -0.729725 0.036676 0.053822
v -0.748016 0.005013 0.053822
v -0.766486 -0.001228 0.053822
v -0.787832 0.010000 0.053822
v -0.780996 0.071777 0.053822
v -0.789457 0.132551 0.053822
v -0.818025 0.173209 0.053822
v -0.842712 0.188895 0.053822
v -0.865864 0.108464 0.053822
v -0.863634 0.024284 0.053822
v -0.876497 0.010555 0.053822
v -0.898572 0.021636 0.053822
v -0.919279 0.077239 0.053822
v -0.926936 0.143385 0.053822
v 0.440848 0.301847 -0.053822
v 0.415545 0.264255 -0.053822
v -0.944438 0.395748 -0.053822
v -0.901483 0.376101 -0.053822
v 0.146828 0.463300 -0.053822
v 0.094735 0.372795 -0.053822
v 0.777420 0.044693 -0.053822
v 0.802317 0.054954 -0.053822
v -0.586048 0.451702 -0.053822
v -0.637109 0.440765 -0.053822
v -0.027326 0.041922 -0.053822
v 0.038820 0.057473 -0.053822
v -0.219466 0.152284 -0.053822
v -0.309260 0.143232 -0.053822
v 0.715358 -0.238128 -0.053822
v 0.603284 -0.225559 -0.053822
v 0.062615 0.034354 -0.053822
v -0.756257 0.180186 -0.053822
v -0.789457 0.132551 -0.053822
v -0.086308 0.278129 -0.053822
v 0.003309 0.311190 -0.053822
v -0.980130 0.238348 -0.053822
v -0.824461 0.234986 -0.053822
v 1.051443 -0.061528 -0.053822
v 1.090868 -0.078681 -0.053822
v 0.156779 0.538840 -0.053822
v 1.008230 0.315314 -0.053822
v 1.003743 0.293870 -0.053822
v -0.842712 0.188895 -0.053822
v -0.865864 0.108464 -0.053822
v -0.542933 -0.013293 -0.053822
v -0.648171 -0.028032 -0.053822
v -0.553942 0.435847 -0.053822
v 0.234348 0.259497 -0.053822
v 0.340711 0.260888 -0.053822
v 0.517020 0.346512 -0.053822
v 0.487570 0.331432 -0.053822
v 0.139629 0.027171 -0.053822
v 0.524736 0.314058 -0.053822
v 0.791671 0.321765 -0.053822
v 0.812022 0.324144 -0.053822
v 0.015828 0.275377 -0.053822
v 0.103103 0.288790 -0.053822
v 0.520905 0.284581 -0.053822
v 0.789027 0.169969 -0.053822
v 0.769292 0.076088 -0.053822
v -0.606969 0.191677 -0.053822
v -0.657471 0.237025 -0.053822
v -0.729944 0.257978 -0.053822
v -0.763552 0.447308 -0.053822
v -0.693133 0.406695 -0.053822
v -0.517360 0.470762 -0.053822
v 0.540958 0.235691 -0.053822
v 0.462022 0.263128 -0.053822
v 0.720699 -0.069962 -0.053822
v 0.804156 -0.085606 -0.053822
v -0.997330 0.408600 -0.053822
v -0.306166 0.243297 -0.053822
v -0.363945 0.189943 -0.053822
v -0.942879 0.456898 -0.053822
v 0.421087 0.338817 -0.053822
v 0.467696 0.317057 -0.053822
v 0.391750 0.014919 -0.053822
v 0.261487 -0.010017 -0.053822
v 0.702968 0.064964 -0.053822
v -0.079398 -0.004186 -0.053822
v -0.133009 0.017447 -0.053822
v 0.018326 0.118386 -0.053822
v 0.615249 0.230314 -0.053822
v 0.115409 0.529583 -0.053822
v 0.399318 0.289073 -0.053822
v 0.530264 0.187176 -0.053822
v 0.455183 0.068599 -0.053822
v 0.049606 0.256576 -0.053822
v 0.014061 0.239444 -0.053822
v -1.028845 0.213869 -0.053822
v -0.522009 0.086020 -0.053822
v -0.013870 0.445110 -0.053822
v 0.473874 0.332943 -0.053822
v 0.385806 0.048896 -0.053822
v -0.569089 0.226194 -0.053822
v -0.633649 -0.123351 -0.053822
v -0.931900 -0.138077 -0.053822
v -0.561777 0.288218 -0.053822
v -0.625093 0.318788 -0.053822
v 0.622058 -0.186997 -0.053822
v 0.663976 -0.193978 -0.053822
v 0.872502 -0.100539 -0.053822
v 0.599191 -0.089131 -0.053822
v 0.493995 0.038396 -0.053822
v 0.567623 0.054152 -0.053822
v 0.572189 0.261925 -0.053822
v -0.123752 0.147039 -0.053822
v -0.107665 0.212734 -0.053822
v -0.730124 0.122022 -0.053822
v 0.925792 -0.106912 -0.053822
v 0.737653 -0.099881 -0.053822
v -0.919279 0.077239 -0.053822
v -0.926936 0.143385 -0.053822
v 0.840859 0.086846 -0.053822
v 0.966179 0.206865 -0.053822
v -0.994148 -0.102393 -0.053822
v 0.318042 0.315505 -0.053822
v 0.388890 0.324916 -0.053822
v 0.511011 0.210528 -0.053822
v 0.571462 -0.124320 -0.053822
v 0.593731 -0.154667 -0.053822
v 0.084272 0.141811 -0.053822
v -1.090674 0.111999 -0.053822
v -1.072183 0.165850 -0.053822
v -0.917012 0.209308 -0.053822
v 0.565884 -0.163320 -0.053822
v 0.490726 0.084722 -0.053822
v -0.576887 -0.070501 -0.053822
v 0.998410 0.325996 -0.053822
v -0.780996 0.071777 -0.053822
v -0.189868 0.020155 -0.053822
v -0.283565 -0.005453 -0.053822
v -1.053492 0.051727 -0.053822
v -1.031101 0.000669 -0.053822
v 1.029534 -0.120366 -0.053822
v 0.921366 -0.136063 -0.053822
v -0.854738 0.334264 -0.053822
v -0.249192 0.276224 -0.053822
v -0.214054 0.303542 -0.053822
v -0.453875 0.000894 -0.053822
v -0.485253 0.048921 -0.053822
v -0.863634 0.024284 -0.053822
v -0.898572 0.021636 -0.053822
v 0.583351 -0.008101 -0.053822
v 0.549063 -0.009138 -0.053822
v -0.265293 0.250551 -0.053822
v 0.638256 -0.241441 -0.053822
v 0.209580 0.024478 -0.053822
v 0.491632 0.297238 -0.053822
v 0.074389 0.397600 -0.053822
v -0.609726 0.025507 -0.053822
v -0.484820 0.128165 -0.053822
v -0.414877 0.104310 -0.053822
v -0.661700 0.472406 -0.053822
v -0.586754 0.492979 -0.053822
v -0.016499 0.206740 -0.053822
v -1.019707 0.174769 -0.053822
v -1.054665 0.119185 -0.053822
v 0.275329 0.157291 -0.053822
v 0.259616 0.115976 -0.053822
v -0.820334 0.526507 -0.053822
v -0.881548 0.504551 -0.053822
v 0.857082 -0.128928 -0.053822
v 0.789065 -0.201309 -0.053822
v 0.580428 0.038811 -0.053822
v 0.661481 -0.068051 -0.053822
v 0.097642 0.043401 -0.053822
v 0.475535 0.298534 -0.053822
v 0.187292 0.167782 -0.053822
v 0.721242 -0.175368 -0.053822
v -0.962749 0.403192 -0.053822
v -0.588595 0.126417 -0.053822
v 0.773173 -0.000482 -0.053822
v 0.741100 0.002741 -0.053822
v -0.138391 0.075181 -0.053822
v 0.776507 0.301273 -0.053822
v -0.747308 0.521125 -0.053822
v -0.247949 0.050204 -0.053822
v 0.180078 0.086204 -0.053822
v 0.212420 0.194843 -0.053822
v -0.059327 0.106541 -0.053822
v 0.008275 0.166253 -0.053822
v -0.378077 0.273831 -0.053822
v -0.166780 0.265518 -0.053822
v -0.539345 0.178050 -0.053822
v 0.261774 0.050035 -0.053822
v 0.134671 0.258134 -0.053822
v 0.067203 0.206480 -0.053822
v 0.719650 0.020075 -0.053822
v 0.579253 -0.199993 -0.053822
v -0.572317 0.371092 -0.053822
v 0.230203 0.182451 -0.053822
v -1.060472 -0.034343 -0.053822
v -1.090868 0.048658 -0.053822
v 0.124201 0.567771 -0.053822
v -0.704619 0.289061 -0.053822
v 0.000562 0.012410 -0.053822
v -0.180608 0.075785 -0.053822
v -0.099549 0.201606 -0.053822
v 0.985469 -0.096876 -0.053822
v -0.320560 0.037850 -0.053822
v -0.374451 -0.001357 -0.053822
v -0.509796 0.338413 -0.053822
v 0.450604 0.238555 -0.053822
v -0.933682 0.210114 -0.053822
v 0.575364 0.088404 -0.053822
v 0.178904 0.103878 -0.053822
v -0.966236 -0.062461 -0.053822
v -0.864035 -0.101108 -0.053822
v -0.237495 0.030982 -0.053822
v 0.486188 0.366990 -0.053822
v -0.032526 0.178553 -0.053822
v 0.726445 0.176873 -0.053822
v 0.633491 0.077813 -0.053822
v 0.417122 0.182626 -0.053822
v 0.347481 0.185025 -0.053822
v -0.951676 0.208073 -0.053822
v -0.789143 0.570841 -0.053822
v -0.729065 0.567359 -0.053822
v -0.417941 0.050459 -0.053822
v -0.715726 -0.076008 -0.053822
v -0.919309 0.400592 -0.053822
v -0.873863 0.435802 -0.053822
v -0.690548 0.540744 -0.053822
v 0.620490 0.016121 -0.053822
v 0.086622 -0.013132 -0.053822
v -0.979959 0.376383 -0.053822
v 0.688030 0.103143 -0.053822
v -0.132812 0.092441 -0.053822
v 0.146169 0.084883 -0.053822
v 0.072883 0.246732 -0.053822
v -0.397265 0.032998 -0.053822
v -0.357626 0.055329 -0.053822
v 1.081265 -0.096981 -0.053822
v 0.138412 0.216426 -0.053822
v 0.120672 0.173965 -0.053822
v 0.039180 0.175424 -0.053822
v -0.491313 0.389240 -0.053822
v 0.187984 0.058920 -0.053822
v -0.110015 -0.008591 -0.053822
v 0.789295 -0.115349 -0.053822
v -0.869337 0.418822 -0.053822
v 0.542867 0.187373 -0.053822
v 0.556118 0.221395 -0.053822
v 0.299247 0.020162 -0.053822
v 0.317776 0.148634 -0.053822
v 0.294229 0.204704 -0.053822
v -0.974602 0.476565 -0.053822
v -0.920053 0.525579 -0.053822
v 0.848993 0.063138 -0.053822
v 0.805989 0.019558 -0.053822
v -0.759152 0.274127 -0.053822
v -0.765389 0.528540 -0.053822
v -0.900925 0.252130 -0.053822
v 0.338013 -0.012941 -0.053822
v 0.377483 0.157942 -0.053822
v -0.714459 -0.157126 -0.053822
v 0.493692 0.311504 -0.053822
v 0.427407 0.295523 -0.053822
v 0.712552 0.186292 -0.053822
v -0.825845 -0.167075 -0.053822
v 0.641424 -0.104313 -0.053822
v 0.602845 -0.120533 -0.053822
v 0.939253 0.085478 -0.053822
v -0.928853 0.210114 -0.053822
v 0.121883 0.502768 -0.053822
v -0.932975 0.210114 -0.053822
v 0.760403 -0.147451 -0.053822
v -0.306003 0.291470 -0.053822
v 0.516546 0.004064 -0.053822
v 0.452532 0.118485 -0.053822
v -0.876497 0.010555 -0.053822
v -0.950990 0.363499 -0.053822
v 0.312504 0.184705 -0.053822
v -0.756076 0.335764 -0.053822
v 0.226609 0.193737 -0.053822
v 0.633371 0.193503 -0.053822
v 0.621518 0.155555 -0.053822
v -0.607051 0.263747 -0.053822
v 0.880066 0.155092 -0.053822
v -0.796702 -0.100327 -0.053822
v 0.715595 0.184498 -0.053822
v 0.387450 0.214440 -0.053822
v 1.072419 -0.062077 -0.053822
v 0.511301 0.134942 -0.053822
v -0.321778 0.092520 -0.053822
v 0.077350 0.563544 -0.053822
v -0.738521 0.499554 -0.053822
v -0.932273 0.210114 -0.053822
v -0.442283 0.212722 -0.053822
v 0.841546 0.309395 -0.053822
v 0.839155 0.290115 -0.053822
v 0.449116 0.366999 -0.053822
v -0.184069 0.297407 -0.053822
v 0.038000 -0.008575 -0.053822
v 0.909063 -0.016405 -0.053822
v -0.168570 0.282789 -0.053822
v -0.729725 0.036676 -0.053822
v 0.528497 0.223155 -0.053822
v 0.036196 0.526801 -0.053822
v 0.201692 0.209484 -0.053822
v -0.238719 -0.007093 -0.053822
v -0.963416 0.425140 -0.053822
v -0.215407 0.040888 -0.053822
v 0.099416 0.523770 -0.053822
v -0.931577 0.210114 -0.053822
v -0.930203 0.210114 -0.053822
v -0.930887 0.210114 -0.053822
v -0.929525 0.210114 -0.053822
v 0.836656 -0.016000 -0.053822
v 0.850871 0.045015 -0.053822
v 0.972898 0.327396 -0.053822
v 0.947332 0.317048 -0.053822
v -0.748016 0.005013 -0.053822
v -0.787832 0.010000 -0.053822
v 0.919708 0.279525 -0.053822
v 0.110764 0.461585 -0.053822
v -0.766486 -0.001228 -0.053822
v 0.060963 0.295936 -0.053822
v -0.491793 0.430673 -0.053822
v -0.853588 0.555545 -0.053822
v 0.343210 0.025866 -0.053822
v -0.086601 0.186315 -0.053822
v -0.420136 -0.013177 -0.053822
v -0.818025 0.173209 -0.053822
v -0.531070 -0.024893 0.022418
v 0.140932 -0.063855 0.016857
v -0.531070 -0.024894 -0.016362
v 0.132154 -0.070386 0.024327
v -0.529024 -0.063618 0.022418
v 0.132154 -0.070387 -0.018268
v -0.529024 -0.063619 -0.016361
v 0.140229 -0.028346 -0.018269
v -0.228434 -0.029335 0.012454
v -0.228434 -0.029335 -0.006398
v -0.229926 -0.048224 -0.006398
v -0.229926 -0.048223 0.012455
v 0.016373 -0.026003 0.012613
v 0.016373 -0.026003 -0.006556
v 0.012739 -0.044922 -0.006555
v 0.012739 -0.044922 0.012613
v 0.140229 -0.028345 0.024326
v 0.140932 -0.063856 -0.010799
v 0.146174 -0.036560 -0.010799
v 0.146174 -0.036559 0.016857
v 0.219444 -0.085946 0.029862
v 0.219444 -0.085947 -0.023803
v 0.229618 -0.032981 -0.023804
v 0.229617 -0.032979 0.029861
v 0.229636 -0.078581 0.021405
v 0.229636 -0.078582 -0.015347
v 0.236603 -0.042309 -0.015347
v 0.236603 -0.042308 0.021405
v 0.330000 -0.112882 0.036178
v 0.330000 -0.112883 -0.030118
v 0.352888 -0.048982 -0.030119
v 0.352887 -0.048981 0.036177
v 0.333159 -0.104063 0.027028
v 0.333159 -0.104064 -0.020968
v 0.349729 -0.057802 -0.020969
v 0.349729 -0.057801 0.027027
v 0.429624 -0.151131 0.034112
v 0.429624 -0.151133 -0.034441
v 0.473556 -0.089866 -0.034442
v 0.473555 -0.089865 0.034110
v 0.439301 -0.138727 0.019926
v 0.439301 -0.138728 -0.020255
v 0.468659 -0.103539 -0.020256
v 0.468658 -0.103538 0.019925
v 0.499781 -0.174815 0.026015
v 0.499781 -0.174816 -0.026343
v 0.537777 -0.129872 -0.026344
v 0.537776 -0.129871 0.026014
v 0.505564 -0.167974 0.018045
v 0.505564 -0.167975 -0.018373
v 0.531993 -0.136713 -0.018374
v 0.531993 -0.136712 0.018044
v 0.579732 -0.191654 -0.000164
vn -0.0000 -0.0000 1.0000
vn -0.0000 1.0000 -0.0000
vn -0.0000 -0.0000 -0.0000
vn -0.0000 -0.0000 -1.0000
vn 0.9986 0.0521 -0.0000
vn 0.8202 0.5720 -0.0000
vn 0.2994 -0.9541 -0.0000
vn 0.6775 -0.7355 -0.0000
vn 0.9681 0.2506 -0.0000
vn 0.9997 0.0231 -0.0000
vn 0.9862 -0.1654 -0.0000
vn 0.8965 0.4430 -0.0000
vn -0.9151 0.4031 -0.0000
vn -0.7645 0.6446 -0.0000
vn 0.8387 -0.5445 -0.0000
vn 0.9858 -0.1678 -0.0000
vn -0.9995 -0.0328 -0.0000
vn -0.7485 0.6631 -0.0000
vn 0.9889 0.1483 -0.0000
vn 0.7894 -0.6139 -0.0000
vn -0.6237 0.7816 -0.0000
vn 0.5854 0.8107 -0.0000
vn 0.6409 -0.7676 -0.0000
vn 0.3697 -0.9291 -0.0000
vn 0.1754 -0.9845 -0.0000
vn 0.9348 -0.3552 -0.0000
vn 0.1755 -0.9845 -0.0000
vn -0.3450 -0.9386 -0.0000
vn 0.6941 -0.7199 -0.0000
vn 0.2504 -0.9681 -0.0000
vn 0.5971 -0.8022 -0.0000
vn -0.1768 -0.9843 -0.0000
vn -0.1222 -0.9925 -0.0000
vn -0.2869 -0.9580 -0.0000
vn 0.4445 -0.8958 -0.0000
vn 0.1748 -0.9846 -0.0000
vn 0.9171 -0.3985 -0.0000
vn 0.9397 -0.3420 -0.0000
vn -0.9574 0.2888 -0.0000
vn -0.9922 -0.1250 -0.0000
vn -0.9350 0.3546 -0.0000
vn -0.9616 0.2743 -0.0000
vn -0.1905 -0.9817 -0.0000
vn -0.6149 -0.7886 -0.0000
vn -0.2976 -0.9547 -0.0000
vn -0.8463 -0.5327 -0.0000
vn -0.6126 -0.7904 -0.0000
vn 0.7911 0.6116 -0.0000
vn 0.7912 0.6116 -0.0000
vn 0.7786 -0.6275 -0.0000
vn 0.9317 -0.3631 -0.0000
vn 0.0111 0.9999 -0.0000
vn -0.4797 0.8774 -0.0000
vn -0.3836 -0.9235 -0.0000
vn 0.5076 -0.8616 -0.0000
vn 0.8130 -0.5823 -0.0000
vn -0.5681 0.8230 -0.0000
vn 0.3199 0.9475 -0.0000
vn -0.8862 -0.4633 -0.0000
vn -0.5170 -0.8560 -0.0000
vn 0.4755 -0.8797 -0.0000
vn 0.5905 -0.8070 -0.0000
vn -0.9755 -0.2199 -0.0000
vn -0.8975 0.4410 -0.0000
vn -0.9755 -0.2198 -0.0000
vn 0.2183 -0.9759 -0.0000
vn 0.5566 -0.8308 -0.0000
vn -0.9999 -0.0141 -0.0000
vn -0.8832 -0.4690 -0.0000
vn 0.9963 -0.0858 -0.0000
vn 0.6211 0.7837 -0.0000
vn -0.3224 0.9466 -0.0000
vn -0.5462 0.8377 -0.0000
vn 0.9843 0.1764 -0.0000
vn 0.3705 0.9289 -0.0000
vn 0.2686 0.9632 -0.0000
vn 0.8937 0.4486 -0.0000
vn 0.2687 0.9632 -0.0000
vn 0.1895 -0.9819 -0.0000
vn -0.1752 -0.9845 -0.0000
vn -0.6376 -0.7704 -0.0000
vn -0.9970 -0.0772 -0.0000
vn -0.9507 0.3102 -0.0000
vn -0.8754 0.4834 -0.0000
vn -0.8937 0.4488 -0.0000
vn -0.9874 0.1585 -0.0000
vn 0.4821 -0.8761 -0.0000
vn -0.0233 -0.9997 -0.0000
vn -0.6393 -0.7689 -0.0000
vn -0.0709 -0.9975 -0.0000
vn -0.6393 -0.7690 -0.0000
vn -0.6659 0.7461 -0.0000
vn -0.4500 0.8930 -0.0000
vn -0.6134 0.7898 -0.0000
vn -0.8909 0.4542 -0.0000
vn -0.6134 0.7897 -0.0000
vn 0.9997 0.0246 -0.0000
vn 0.6162 -0.7876 -0.0000
vn 0.0210 0.9998 -0.0000
vn 0.4365 0.8997 -0.0000
vn -0.8360 0.5487 -0.0000
vn 0.8055 -0.5926 -0.0000
vn 0.5925 -0.8056 -0.0000
vn 0.4866 0.8736 -0.0000
vn 0.9738 0.2273 -0.0000
vn 0.7943 0.6075 -0.0000
vn 0.1424 0.9898 -0.0000
vn -0.6061 0.7954 -0.0000
vn -0.8615 0.5077 -0.0000
vn 0.9632 -0.2687 -0.0000
vn 0.6686 -0.7436 -0.0000
vn 0.4609 0.8875 -0.0000
vn -0.6119 0.7910 -0.0000
vn -0.6905 -0.7233 -0.0000
vn -0.9304 -0.3667 -0.0000
vn 0.9864 -0.1646 -0.0000
vn -0.0238 0.9997 -0.0000
vn 0.1187 0.9929 -0.0000
vn 0.3128 0.9498 -0.0000
vn -0.3981 0.9174 -0.0000
vn -0.8119 -0.5838 -0.0000
vn -0.3801 -0.9249 -0.0000
vn -0.8119 -0.5839 -0.0000
vn 0.9381 -0.3465 -0.0000
vn -0.0000 -1.0000 -0.0000
vn 0.2747 -0.9615 -0.0000
vn 0.7243 -0.6894 -0.0000
vn 0.4816 -0.8764 -0.0000
vn 0.7370 -0.6759 -0.0000
vn 0.3457 -0.9383 -0.0000
vn 0.8245 -0.5659 -0.0000
vn 0.9471 -0.3209 -0.0000
vn -0.3163 0.9487 -0.0000
vn 0.3992 0.9169 -0.0000
vn -0.8515 -0.5244 -0.0000
vn -0.5821 -0.8131 -0.0000
vn -0.2684 -0.9633 -0.0000
vn 0.2562 0.9666 -0.0000
vn 0.8461 0.5330 -0.0000
vn -0.5151 0.8571 -0.0000
vn -0.3811 0.9246 -0.0000
vn 0.1204 0.9927 -0.0000
vn 0.9721 0.2344 -0.0000
vn -0.8490 -0.5285 -0.0000
vn -0.9994 -0.0340 -0.0000
vn -0.1235 -0.9923 -0.0000
vn 0.2339 -0.9723 -0.0000
vn 0.6486 -0.7612 -0.0000
vn -0.0845 -0.9964 -0.0000
vn 0.5543 -0.8323 -0.0000
vn -0.8032 0.5957 -0.0000
vn -0.1465 0.9892 -0.0000
vn -0.5768 0.8169 -0.0000
vn 0.7771 -0.6294 -0.0000
vn -0.2308 0.9730 -0.0000
vn -0.2307 0.9730 -0.0000
vn 0.9999 0.0147 -0.0000
vn 0.9666 -0.2564 -0.0000
vn 0.8814 0.4724 -0.0000
vn -0.0791 -0.9969 -0.0000
vn 0.6338 -0.7735 -0.0000
vn 0.7133 -0.7009 -0.0000
vn 0.9814 -0.1920 -0.0000
vn -0.3074 0.9516 -0.0000
vn -0.2641 0.9645 -0.0000
vn -0.0745 0.9972 -0.0000
vn 0.9112 -0.4120 -0.0000
vn 0.6797 -0.7335 -0.0000
vn -0.7079 -0.7063 -0.0000
vn 0.5368 0.8437 -0.0000
vn 0.8219 0.5697 -0.0000
vn 0.0564 -0.9984 -0.0000
vn -0.9153 0.4028 -0.0000
vn 0.2803 -0.9599 -0.0000
vn 0.9471 -0.3208 -0.0000
vn 0.9370 0.3493 -0.0000
vn -0.4618 0.8870 -0.0000
vn -0.9723 0.2336 -0.0000
vn 0.2222 -0.9750 -0.0000
vn 0.9533 -0.3021 -0.0000
vn 0.9641 0.2654 -0.0000
vn -0.9963 -0.0858 -0.0000
vn -0.3838 0.9234 -0.0000
vn -0.9496 0.3135 -0.0000
vn -0.5773 0.8165 -0.0000
vn -0.3136 0.9496 -0.0000
vn 0.9920 -0.1266 -0.0000
vn 0.9610 -0.2766 -0.0000
vn -0.9248 0.3805 -0.0000
vn -0.8238 0.5668 -0.0000
vn -0.7675 0.6411 -0.0000
vn -0.8872 0.4614 -0.0000
vn -0.5012 0.8653 -0.0000
vn -0.8478 0.5303 -0.0000
vn -0.5013 0.8653 -0.0000
vn -0.9140 -0.4057 -0.0000
vn -0.0888 -0.9961 -0.0000
vn -0.8205 -0.5716 -0.0000
vn -0.9178 -0.3969 -0.0000
vn 0.9936 0.1127 -0.0000
vn 0.2202 -0.9755 -0.0000
vn 0.6860 -0.7276 -0.0000
vn 0.6861 -0.7276 -0.0000
vn -0.6060 0.7955 -0.0000
vn -0.3073 0.9516 -0.0000
vn 0.9670 -0.2549 -0.0000
vn 0.9988 0.0491 -0.0000
vn -0.8961 -0.4438 -0.0000
vn -0.9060 0.4233 -0.0000
vn -0.5334 0.8459 -0.0000
vn -0.9060 0.4234 -0.0000
vn -0.3073 -0.9516 -0.0000
vn 0.1726 0.9850 -0.0000
vn -0.7053 0.7090 -0.0000
vn 0.9999 -0.0107 -0.0000
vn 0.9324 0.3614 -0.0000
vn 0.8714 0.4906 -0.0000
vn -0.9140 -0.4058 -0.0000
vn -0.8612 0.5083 -0.0000
vn 0.9550 -0.2967 -0.0000
vn -0.9288 -0.3706 -0.0000
vn -0.7164 -0.6977 -0.0000
vn 0.9681 -0.2505 -0.0000
vn -0.4852 -0.8744 -0.0000
vn 0.9162 -0.4006 -0.0000
vn 0.8994 -0.4372 -0.0000
vn -0.3832 -0.9237 -0.0000
vn -0.8458 0.5335 -0.0000
vn -0.8279 0.5609 -0.0000
vn 0.9696 0.2448 -0.0000
vn 0.5612 0.8277 -0.0000
vn -0.5391 0.8423 -0.0000
vn 0.2401 -0.9707 -0.0000
vn 0.5420 -0.8404 -0.0000
vn 0.8575 -0.5145 -0.0000
vn -0.9849 -0.1731 -0.0000
vn -0.9758 0.2188 -0.0000
vn -0.9985 0.0540 -0.0000
vn -0.5187 -0.8550 -0.0000
vn -0.9723 -0.2337 -0.0000
vn -0.7445 -0.6676 -0.0000
vn -0.7630 0.6464 -0.0000
vn 0.7541 -0.6567 -0.0000
vn -0.4567 0.8896 -0.0000
vn 0.1086 0.9941 -0.0000
vn -0.4568 0.8896 -0.0000
vn 0.9633 -0.2685 -0.0000
vn 0.9840 -0.1784 -0.0000
vn -0.7278 0.6858 -0.0000
vn -0.7868 0.6172 -0.0000
vn 0.7758 0.6310 -0.0000
vn 0.7770 -0.6295 -0.0000
vn 0.0245 -0.9997 -0.0000
vn -0.8702 -0.4928 -0.0000
vn -0.4839 -0.8751 -0.0000
vn -0.9999 0.0134 -0.0000
vn 0.7539 -0.6570 -0.0000
vn -0.5854 0.8107 -0.0000
vn 0.9027 0.4302 -0.0000
vn 0.4523 0.8919 -0.0000
vn 0.9027 0.4303 -0.0000
vn -0.8406 0.5416 -0.0000
vn -0.7787 0.6274 -0.0000
vn 0.8418 -0.5398 -0.0000
vn -0.3233 0.9463 -0.0000
vn -0.8081 0.5890 -0.0000
vn -0.7085 0.7057 -0.0000
vn 0.4269 -0.9043 -0.0000
vn -0.1171 -0.9931 -0.0000
vn 0.9478 0.3189 -0.0000
vn 0.3457 -0.9384 -0.0000
vn 0.0168 -0.9999 -0.0000
vn 0.7665 0.6423 -0.0000
vn 0.5009 0.8655 -0.0000
vn 0.7664 0.6423 -0.0000
vn -0.8701 -0.4928 -0.0000
vn 0.3483 -0.9374 -0.0000
vn -0.9721 -0.2347 -0.0000
vn -0.1294 0.9916 -0.0000
vn -0.4145 0.9100 -0.0000
vn 0.9563 -0.2924 -0.0000
vn -0.4121 0.9111 -0.0000
vn 0.0977 0.9952 -0.0000
vn 0.6103 0.7922 -0.0000
vn 0.7825 0.6226 -0.0000
vn -0.4351 -0.9004 -0.0000
vn 0.8211 0.5708 -0.0000
vn -0.5390 0.8423 -0.0000
vn 0.5925 -0.8055 -0.0000
vn 0.5184 -0.8551 -0.0000
vn -0.9733 0.2294 -0.0000
vn -0.9994 -0.0344 -0.0000
vn 0.3416 -0.9398 -0.0000
vn -0.9254 0.3791 -0.0000
vn -0.7433 0.6690 -0.0000
vn 0.1741 0.9847 -0.0000
vn -0.9192 0.3938 -0.0000
vn -0.9946 -0.1036 -0.0000
vn 0.9583 0.2856 -0.0000
vn -0.1980 0.9802 -0.0000
vn 0.3198 0.9475 -0.0000
vn -0.0875 0.9962 -0.0000
vn 0.8458 -0.5336 -0.0000
vn 0.9925 0.1222 -0.0000
vn 0.2891 0.9573 -0.0000
vn -0.9947 -0.1031 -0.0000
vn -0.9980 0.0628 -0.0000
vn 0.0940 0.9956 -0.0000
vn 0.9186 0.3952 -0.0000
vn 0.0022 1.0000 -0.0000
vn 0.2886 0.9574 -0.0000
vn -0.4391 0.8984 -0.0000
vn -0.1511 0.9885 -0.0000
vn 0.9816 -0.1911 -0.0000
vn -0.7111 0.7031 -0.0000
vn -0.8981 0.4399 -0.0000
vn -0.9474 -0.3201 -0.0000
vn -0.6347 -0.7727 -0.0000
vn 0.3253 0.9456 -0.0000
vn 0.3252 0.9456 -0.0000
vn 0.9925 0.1223 -0.0000
vn 0.7632 0.6462 -0.0000
vn 0.9186 0.3953 -0.0000
vn -0.9451 0.3268 -0.0000
vn 0.6211 -0.7837 -0.0000
vn 0.7118 -0.7024 -0.0000
vn -0.9999 0.0171 -0.0000
vn -0.0340 -0.9994 -0.0000
vn -0.0679 -0.9977 -0.0000
vn -0.6125 0.7905 -0.0000
vn -0.5363 -0.8440 -0.0000
vn 0.9665 -0.2567 -0.0000
vn 0.9773 0.2119 -0.0000
vn -0.9592 -0.2827 -0.0000
vn 0.9514 -0.3078 -0.0000
vn -0.3531 0.9356 -0.0000
vn -0.1641 0.9864 -0.0000
vn 0.9970 0.0773 -0.0000
vn -0.9861 0.1661 -0.0000
vn 0.3347 -0.9423 -0.0000
vn -0.6797 -0.7335 -0.0000
vn -0.9889 0.1489 -0.0000
vn 0.9769 0.2137 -0.0000
vn -0.4577 0.8891 -0.0000
vn 0.9663 0.2576 -0.0000
vn 0.4269 0.9043 -0.0000
vn -0.2275 0.9738 -0.0000
vn 0.7033 0.7109 -0.0000
vn 0.2805 -0.9599 -0.0000
vn 0.2805 -0.9598 -0.0000
vn 0.9883 -0.1525 -0.0000
vn -0.9996 0.0300 -0.0000
vn -0.7723 0.6353 -0.0000
vn 0.8693 -0.4943 -0.0000
vn 0.8101 0.5863 -0.0000
vn 0.5970 -0.8023 -0.0000
vn 0.6982 -0.1341 -0.7032
vn 0.6982 -0.1341 0.7032
vn -0.9986 -0.0528 -0.0000
vn -0.0938 0.0180 0.9954
vn 0.0332 0.0018 0.9994
vn 0.0514 -0.9987 -0.0000
vn 0.0332 0.0017 -0.9994
vn 0.0147 0.9999 -0.0000
vn -0.0007 0.0001 1.0000
vn 0.0136 -0.9999 -0.0000
vn -0.0007 -0.0000 -1.0000
vn -0.0136 0.9999 -0.0000
vn -0.0938 0.0180 -0.9954
vn -0.2086 -0.9780 -0.0000
vn 0.0189 0.9998 -0.0000
vn -0.1552 0.0298 -0.9874
vn -0.1552 0.0298 0.9874
vn -0.0429 0.9991 -0.0000
vn -0.2709 -0.9626 -0.0000
vn 0.6878 -0.1321 -0.7138
vn 0.6878 -0.1321 0.7138
vn 0.8004 0.5994 -0.0000
vn 0.5857 -0.8105 -0.0000
vn 0.0573 0.9984 -0.0000
vn -0.3234 -0.9463 -0.0000
vn -0.1368 0.0262 -0.9903
vn -0.1234 0.0442 0.9914
vn 0.9414 -0.3372 -0.0000
vn -0.1180 0.0422 -0.9921
vn -0.0482 0.0346 0.9982
vn 0.2507 0.9681 -0.0000
vn -0.4385 -0.8987 -0.0000
vn 0.7885 -0.6151 -0.0000
vn 0.8119 -0.5821 -0.0447
vn 0.7242 -0.6042 0.3324
vn -0.0670 0.0558 -0.9962
vn -0.0664 0.0561 0.9962
vn 0.3560 0.9345 -0.0000
vn -0.5124 -0.8587 -0.0000
vn 0.7637 -0.6456 -0.0000
vn 0.7548 0.6559 -0.0000
vn -0.3041 -0.9526 -0.0000
vn 0.1874 -0.1585 -0.9694
vn 0.1874 -0.1584 0.9694
vn 0.3705 0.9288 -0.0000
vn 0.5969 -0.8023 -0.0000
vn 0.0329 -0.0026 0.9995
vn 0.0329 -0.0026 -0.9995
vn -0.0006 0.0001 1.0000
vn -0.0006 0.0001 -1.0000
vn -0.1234 0.0442 -0.9914
vn -0.1368 0.0263 0.9903
vn -0.0912 0.0654 -0.9937
vn -0.0624 0.0224 0.9978
vn 0.7242 -0.6042 -0.3324
vn 0.8119 -0.5821 0.0448
vn -0.0664 0.0561 -0.9962
vn -0.0669 0.0559 0.9962
vt 0.074014 0.876550
vt 0.078283 0.876407
vt 0.076250 0.876951
vt 0.078894 0.875381
vt 0.061544 0.879560
vt 0.065356 0.877721
vt 0.063225 0.879408
vt 0.059975 0.878165
vt 0.078170 0.873729
vt 0.071152 0.873994
vt 0.064837 0.876208
vt 0.073670 0.867355
vt 0.058764 0.867376
vt 0.053090 0.869787
vt 0.065852 0.864639
vt 0.055586 0.860146
vt 0.061537 0.859803
vt 0.069447 0.858030
vt 0.050050 0.860370
vt 0.057891 0.857885
vt 0.061792 0.857756
vt 0.065290 0.850333
vt 0.061637 0.856264
vt 0.055710 0.857479
vt 0.057588 0.854972
vt 0.050636 0.856472
vt 0.059459 0.851589
vt 0.054604 0.853912
vt 0.052072 0.854713
vt 0.055662 0.846530
vt 0.076006 0.844292
vt 0.078894 0.842244
vt 0.077687 0.843893
vt 0.039078 0.849710
vt 0.049198 0.849201
vt 0.044456 0.850355
vt 0.070089 0.842559
vt 0.060920 0.844172
vt 0.077810 0.840931
vt 0.050059 0.846504
vt 0.042226 0.847773
vt 0.065108 0.842758
vt 0.073244 0.839922
vt 0.053961 0.844385
vt 0.036248 0.847343
vt 0.038842 0.847118
vt 0.051089 0.842287
vt 0.059196 0.842146
vt 0.064258 0.840485
vt 0.037530 0.844522
vt 0.035138 0.844296
vt 0.047460 0.840700
vt 0.052489 0.837464
vt 0.039267 0.841439
vt 0.035596 0.841115
vt 0.042528 0.840168
vt 0.037101 0.838650
vt 0.045924 0.835743
vt 0.039652 0.836779
vt 0.169440 0.894451
vt 0.171650 0.889046
vt 0.171362 0.892079
vt 0.166183 0.894784
vt 0.168544 0.891103
vt 0.169158 0.890149
vt 0.169973 0.886871
vt 0.167207 0.890675
vt 0.168200 0.888725
vt 0.163740 0.892136
vt 0.166428 0.889214
vt 0.167180 0.888117
vt 0.167887 0.885589
vt 0.163461 0.888244
vt 0.169096 0.881135
vt 0.169305 0.876743
vt 0.165797 0.881773
vt 0.165668 0.880063
vt 0.167889 0.873676
vt 0.162804 0.879148
vt 0.164845 0.872468
vt 0.157811 0.878450
vt 0.160489 0.867675
vt 0.171650 0.866861
vt 0.171532 0.868238
vt 0.164939 0.865498
vt 0.158154 0.871941
vt 0.153529 0.877164
vt 0.155560 0.870662
vt 0.150734 0.874555
vt 0.155242 0.869048
vt 0.155867 0.865310
vt 0.149705 0.871334
vt 0.152391 0.866430
vt 0.150546 0.868570
vt 0.106729 0.884145
vt 0.097644 0.879560
vt 0.102267 0.880308
vt 0.109980 0.891772
vt 0.099933 0.882309
vt 0.097696 0.883290
vt 0.102706 0.886890
vt 0.094121 0.883483
vt 0.097391 0.887988
vt 0.103382 0.892854
vt 0.109980 0.896689
vt 0.088692 0.882696
vt 0.086312 0.883439
vt 0.088055 0.881039
vt 0.093911 0.888845
vt 0.098823 0.891814
vt 0.101221 0.893410
vt 0.109095 0.900211
vt 0.088580 0.891672
vt 0.095534 0.892330
vt 0.102550 0.896972
vt 0.099233 0.895659
vt 0.106795 0.904993
vt 0.101773 0.900527
vt 0.086151 0.894991
vt 0.098655 0.904975
vt 0.104144 0.907683
vt 0.090049 0.899471
vt 0.101104 0.909085
vt 0.091949 0.902976
vt 0.094725 0.905347
vt 0.088108 0.901546
vt 0.095970 0.909127
vt 0.090560 0.905884
vt 0.146694 0.837597
vt 0.139882 0.836861
vt 0.143292 0.835743
vt 0.148600 0.841720
vt 0.142705 0.838915
vt 0.143723 0.839878
vt 0.141337 0.840728
vt 0.138158 0.842891
vt 0.149705 0.849529
vt 0.140827 0.844202
vt 0.144017 0.859079
vt 0.141478 0.850226
vt 0.139127 0.851432
vt 0.141897 0.861374
vt 0.149705 0.864512
vt 0.135741 0.857502
vt 0.139160 0.858343
vt 0.132350 0.858783
vt 0.138728 0.861687
vt 0.149175 0.870150
vt 0.136646 0.861668
vt 0.140852 0.864145
vt 0.135756 0.864894
vt 0.130700 0.861810
vt 0.142089 0.867616
vt 0.130649 0.865597
vt 0.124400 0.861015
vt 0.122650 0.861368
vt 0.123291 0.860634
vt 0.142377 0.870270
vt 0.136855 0.868157
vt 0.148237 0.875638
vt 0.138890 0.869862
vt 0.123283 0.870279
vt 0.132346 0.869218
vt 0.125802 0.871489
vt 0.136561 0.873147
vt 0.142041 0.876586
vt 0.137504 0.880417
vt 0.146988 0.881544
vt 0.139928 0.885605
vt 0.133016 0.877076
vt 0.124404 0.876062
vt 0.128109 0.876211
vt 0.144689 0.885727
vt 0.130459 0.878042
vt 0.134429 0.881732
vt 0.127088 0.880842
vt 0.130912 0.882090
vt 0.142097 0.886940
vt 0.037290 0.899607
vt 0.035726 0.905024
vt 0.035138 0.902574
vt 0.036973 0.906258
vt 0.037132 0.888998
vt 0.035878 0.894976
vt 0.038399 0.906358
vt 0.039360 0.898212
vt 0.039844 0.894830
vt 0.041985 0.883547
vt 0.044077 0.889929
vt 0.047576 0.901711
vt 0.048074 0.894299
vt 0.048829 0.879814
vt 0.053982 0.904697
vt 0.045141 0.912736
vt 0.043847 0.911713
vt 0.050986 0.885503
vt 0.052742 0.908675
vt 0.055902 0.899086
vt 0.052214 0.893129
vt 0.055352 0.879560
vt 0.055177 0.890077
vt 0.055412 0.885102
vt 0.058536 0.903782
vt 0.056759 0.901738
vt 0.056906 0.886755
vt 0.056718 0.893079
vt 0.060386 0.896003
vt 0.057513 0.899893
vt 0.059798 0.888537
vt 0.059393 0.882009
vt 0.060644 0.899688
vt 0.060644 0.884746
vt 0.073615 0.779346
vt 0.064123 0.775341
vt 0.068929 0.776552
vt 0.060438 0.776479
vt 0.078096 0.783341
vt 0.066017 0.779287
vt 0.070284 0.780804
vt 0.064413 0.779422
vt 0.056481 0.781132
vt 0.074551 0.784041
vt 0.063189 0.780899
vt 0.081170 0.788538
vt 0.078192 0.789298
vt 0.045099 0.777694
vt 0.051101 0.777665
vt 0.063864 0.785620
vt 0.050025 0.780888
vt 0.042099 0.780210
vt 0.081276 0.794436
vt 0.053767 0.783009
vt 0.047110 0.781340
vt 0.079020 0.792299
vt 0.057326 0.787068
vt 0.078425 0.794006
vt 0.074947 0.793137
vt 0.071471 0.790470
vt 0.072247 0.789249
vt 0.041036 0.783452
vt 0.046953 0.786878
vt 0.072941 0.794619
vt 0.076802 0.794138
vt 0.068233 0.796749
vt 0.079114 0.796536
vt 0.041232 0.787899
vt 0.060518 0.794193
vt 0.076519 0.796832
vt 0.049806 0.792289
vt 0.044075 0.793125
vt 0.063399 0.803796
vt 0.055320 0.796589
vt 0.069831 0.804339
vt 0.059235 0.799109
vt 0.047027 0.796165
vt 0.056541 0.799655
vt 0.043116 0.798176
vt 0.050328 0.799509
vt 0.075714 0.807379
vt 0.078937 0.810505
vt 0.045239 0.801822
vt 0.071366 0.808448
vt 0.070987 0.808328
vt 0.070036 0.808099
vt 0.056685 0.806413
vt 0.072730 0.809053
vt 0.035138 0.775341
vt 0.039588 0.801221
vt 0.081154 0.815346
vt 0.077252 0.813349
vt 0.069186 0.813521
vt 0.063694 0.807866
vt 0.061366 0.808488
vt 0.042181 0.806492
vt 0.063524 0.814753
vt 0.058116 0.810974
vt 0.078624 0.818577
vt 0.053193 0.810335
vt 0.035950 0.808019
vt 0.081276 0.820031
vt 0.066949 0.818525
vt 0.055948 0.815537
vt 0.051051 0.817026
vt 0.079725 0.825009
vt 0.076864 0.823845
vt 0.041346 0.814938
vt 0.061267 0.821308
vt 0.063947 0.822379
vt 0.073842 0.827300
vt 0.054957 0.820556
vt 0.035138 0.816334
vt 0.075284 0.830775
vt 0.061938 0.822704
vt 0.051706 0.819964
vt 0.053003 0.820911
vt 0.043043 0.820091
vt 0.067184 0.830655
vt 0.036392 0.821665
vt 0.047165 0.825528
vt 0.068389 0.834480
vt 0.058198 0.831164
vt 0.039545 0.827217
vt 0.052926 0.829438
vt 0.062616 0.835743
vt 0.045059 0.831866
vt 0.053565 0.835399
vt 0.117769 0.838754
vt 0.120006 0.838352
vt 0.122039 0.838896
vt 0.122650 0.839922
vt 0.105300 0.835743
vt 0.106981 0.835895
vt 0.109112 0.837583
vt 0.103731 0.837138
vt 0.121925 0.841574
vt 0.114908 0.841310
vt 0.108593 0.839095
vt 0.117426 0.847949
vt 0.102520 0.847928
vt 0.096845 0.845516
vt 0.109608 0.850664
vt 0.099341 0.855157
vt 0.105293 0.855500
vt 0.113202 0.857273
vt 0.093806 0.854933
vt 0.101646 0.857418
vt 0.105548 0.857547
vt 0.109046 0.864971
vt 0.105393 0.859039
vt 0.099466 0.857824
vt 0.101344 0.860332
vt 0.094392 0.858831
vt 0.103215 0.863715
vt 0.098359 0.861392
vt 0.095828 0.860590
vt 0.099418 0.868773
vt 0.119761 0.871012
vt 0.121443 0.871410
vt 0.122650 0.873060
vt 0.082834 0.865594
vt 0.088212 0.864948
vt 0.092954 0.866102
vt 0.113845 0.872745
vt 0.104675 0.871131
vt 0.121566 0.874372
vt 0.093815 0.868799
vt 0.085982 0.867530
vt 0.108864 0.872545
vt 0.117000 0.875382
vt 0.097717 0.870918
vt 0.080003 0.867960
vt 0.082597 0.868185
vt 0.094845 0.873016
vt 0.102952 0.873157
vt 0.108014 0.874818
vt 0.081285 0.870781
vt 0.078894 0.871008
vt 0.091215 0.874603
vt 0.096245 0.877839
vt 0.083022 0.873864
vt 0.079352 0.874188
vt 0.086284 0.875135
vt 0.080857 0.876654
vt 0.089680 0.879560
vt 0.083408 0.878524
vt 0.142385 0.887273
vt 0.144307 0.889645
vt 0.144594 0.892678
vt 0.139128 0.886940
vt 0.141489 0.890621
vt 0.142102 0.891576
vt 0.142917 0.894853
vt 0.140152 0.891049
vt 0.141144 0.893000
vt 0.136684 0.889588
vt 0.139372 0.892510
vt 0.140124 0.893607
vt 0.140832 0.896135
vt 0.136405 0.893480
vt 0.142041 0.900589
vt 0.142250 0.904981
vt 0.138742 0.899951
vt 0.138613 0.901661
vt 0.140833 0.908048
vt 0.135748 0.902576
vt 0.137789 0.909256
vt 0.130755 0.903274
vt 0.133434 0.914050
vt 0.144477 0.913486
vt 0.144594 0.914863
vt 0.137883 0.916226
vt 0.131098 0.909783
vt 0.126474 0.904560
vt 0.128504 0.911062
vt 0.123678 0.907169
vt 0.128186 0.912676
vt 0.128811 0.916414
vt 0.122650 0.910390
vt 0.125335 0.915294
vt 0.123491 0.913154
vt 0.170284 0.860725
vt 0.165821 0.864562
vt 0.161199 0.865310
vt 0.173534 0.853098
vt 0.163488 0.862560
vt 0.161251 0.861580
vt 0.166261 0.857980
vt 0.157675 0.861387
vt 0.160945 0.856882
vt 0.166937 0.852016
vt 0.173534 0.848181
vt 0.152247 0.862173
vt 0.151609 0.863831
vt 0.149867 0.861430
vt 0.157466 0.856025
vt 0.162377 0.853056
vt 0.164775 0.851460
vt 0.172650 0.844659
vt 0.152135 0.853198
vt 0.159088 0.852540
vt 0.166105 0.847898
vt 0.162787 0.849211
vt 0.170350 0.839877
vt 0.165328 0.844343
vt 0.149705 0.849879
vt 0.162209 0.839895
vt 0.167699 0.837187
vt 0.153603 0.845399
vt 0.164658 0.835785
vt 0.155504 0.841894
vt 0.158279 0.839523
vt 0.151663 0.843324
vt 0.159525 0.835743
vt 0.154115 0.838986
vt 0.151458 0.824684
vt 0.148056 0.826538
vt 0.144645 0.825421
vt 0.153363 0.820561
vt 0.147468 0.823366
vt 0.148486 0.822404
vt 0.146100 0.821554
vt 0.142921 0.819390
vt 0.154468 0.812752
vt 0.145590 0.818079
vt 0.148780 0.803202
vt 0.146241 0.812056
vt 0.143890 0.810849
vt 0.146660 0.800908
vt 0.154468 0.797770
vt 0.143923 0.803939
vt 0.140504 0.804780
vt 0.137114 0.803499
vt 0.143491 0.800595
vt 0.153939 0.792132
vt 0.141409 0.800614
vt 0.145615 0.798136
vt 0.140519 0.797388
vt 0.135463 0.800472
vt 0.146853 0.794666
vt 0.135412 0.796684
vt 0.129163 0.801266
vt 0.128055 0.801648
vt 0.127413 0.800913
vt 0.147140 0.792012
vt 0.141618 0.794125
vt 0.153001 0.786644
vt 0.143653 0.792420
vt 0.128046 0.792003
vt 0.137109 0.793064
vt 0.130565 0.790792
vt 0.141324 0.789134
vt 0.146804 0.785696
vt 0.142268 0.781864
vt 0.151751 0.780738
vt 0.144691 0.776677
vt 0.137779 0.785206
vt 0.129167 0.786220
vt 0.132872 0.786070
vt 0.149452 0.776554
vt 0.135223 0.784239
vt 0.139193 0.780550
vt 0.131852 0.781440
vt 0.135675 0.780191
vt 0.146860 0.775341
vt 0.062797 0.892688
vt 0.060644 0.889722
vt 0.061232 0.887272
vt 0.062479 0.886037
vt 0.062638 0.903298
vt 0.061385 0.897320
vt 0.063906 0.885938
vt 0.064866 0.894084
vt 0.065350 0.897466
vt 0.067492 0.908749
vt 0.069583 0.902367
vt 0.073082 0.890585
vt 0.073580 0.897997
vt 0.074336 0.912481
vt 0.079488 0.887599
vt 0.069353 0.880583
vt 0.070648 0.879560
vt 0.076493 0.906793
vt 0.078248 0.883621
vt 0.081408 0.893209
vt 0.077720 0.899167
vt 0.080858 0.912736
vt 0.080683 0.902218
vt 0.080918 0.907194
vt 0.084042 0.888514
vt 0.082265 0.890558
vt 0.082412 0.905541
vt 0.082225 0.899217
vt 0.085892 0.896293
vt 0.083019 0.892402
vt 0.085304 0.903759
vt 0.084899 0.910287
vt 0.086151 0.892608
vt 0.086151 0.907550
vt 0.119752 0.831739
vt 0.115067 0.834532
vt 0.110260 0.835743
vt 0.106575 0.834605
vt 0.124234 0.827743
vt 0.112154 0.831798
vt 0.116421 0.830280
vt 0.110550 0.831662
vt 0.102619 0.829952
vt 0.120688 0.827044
vt 0.109326 0.830186
vt 0.127308 0.822547
vt 0.124329 0.821786
vt 0.097238 0.833420
vt 0.091236 0.833390
vt 0.110001 0.825465
vt 0.096162 0.830196
vt 0.088236 0.830874
vt 0.127413 0.816649
vt 0.099904 0.828076
vt 0.093247 0.829745
vt 0.125157 0.818785
vt 0.103463 0.824016
vt 0.124562 0.817078
vt 0.121084 0.817948
vt 0.118384 0.821835
vt 0.117609 0.820614
vt 0.087174 0.827633
vt 0.093090 0.824206
vt 0.119078 0.816465
vt 0.122939 0.816947
vt 0.114371 0.814335
vt 0.125251 0.814548
vt 0.087369 0.823185
vt 0.106655 0.816891
vt 0.122657 0.814252
vt 0.095943 0.818795
vt 0.090212 0.817959
vt 0.109536 0.807288
vt 0.101457 0.814496
vt 0.115969 0.806745
vt 0.105373 0.811976
vt 0.093165 0.814919
vt 0.102678 0.811429
vt 0.089253 0.812909
vt 0.096466 0.811575
vt 0.121851 0.803706
vt 0.125074 0.800580
vt 0.091376 0.809262
vt 0.117504 0.802637
vt 0.117124 0.802756
vt 0.116174 0.802985
vt 0.102822 0.804671
vt 0.118867 0.802032
vt 0.085725 0.809863
vt 0.127292 0.795739
vt 0.123389 0.797736
vt 0.115323 0.797564
vt 0.109831 0.803218
vt 0.107503 0.802597
vt 0.088318 0.804592
vt 0.109661 0.796331
vt 0.104253 0.800110
vt 0.124761 0.792507
vt 0.099330 0.800750
vt 0.082087 0.803066
vt 0.127413 0.791053
vt 0.113086 0.792559
vt 0.102085 0.795547
vt 0.097189 0.794058
vt 0.125862 0.786075
vt 0.123001 0.787240
vt 0.087483 0.796147
vt 0.107404 0.789776
vt 0.110084 0.788705
vt 0.119979 0.783784
vt 0.101095 0.790528
vt 0.081276 0.794751
vt 0.121421 0.780309
vt 0.108075 0.788381
vt 0.097843 0.791120
vt 0.099140 0.790174
vt 0.089180 0.790993
vt 0.113321 0.780430
vt 0.082529 0.789420
vt 0.093302 0.785557
vt 0.114527 0.776605
vt 0.104335 0.779921
vt 0.085682 0.783867
vt 0.099063 0.781646
vt 0.108753 0.775341
vt 0.091197 0.779219
vt 0.099703 0.775685
vt 0.211236 0.844604
vt 0.213336 0.853465
vt 0.211236 0.853465
vt 0.200058 0.835743
vt 0.191191 0.838900
vt 0.191191 0.835743
vt 0.122650 0.910906
vt 0.113783 0.912912
vt 0.113783 0.910906
vt 0.131517 0.935248
vt 0.122650 0.936450
vt 0.122650 0.935248
vt 0.172203 0.818477
vt 0.181070 0.812001
vt 0.181070 0.818477
vt 0.191191 0.898160
vt 0.200058 0.893740
vt 0.200058 0.898160
vt 0.131977 0.936268
vt 0.136688 0.945129
vt 0.131977 0.945129
vt 0.112752 0.909127
vt 0.103885 0.919068
vt 0.103885 0.909127
vt 0.212280 0.801924
vt 0.211032 0.810784
vt 0.211032 0.801924
vt 0.112752 0.926615
vt 0.103885 0.931196
vt 0.103885 0.926615
vt 0.202313 0.820820
vt 0.193446 0.822306
vt 0.193446 0.820820
vt 0.147255 0.904662
vt 0.149477 0.913523
vt 0.147255 0.913523
vt 0.095018 0.932020
vt 0.086151 0.937459
vt 0.086151 0.932020
vt 0.155347 0.940844
vt 0.157952 0.949705
vt 0.155347 0.949705
vt 0.189937 0.831286
vt 0.181070 0.835710
vt 0.181070 0.831286
vt 0.209327 0.819645
vt 0.212253 0.828506
vt 0.209327 0.828506
vt 0.172203 0.775341
vt 0.163336 0.782880
vt 0.163336 0.775341
vt 0.095018 0.918279
vt 0.103885 0.918279
vt 0.154468 0.796049
vt 0.163336 0.790477
vt 0.163336 0.796049
vt 0.052873 0.939040
vt 0.061740 0.933218
vt 0.061740 0.939040
vt 0.193446 0.813430
vt 0.202313 0.809933
vt 0.202313 0.813430
vt 0.158573 0.894784
vt 0.149705 0.901894
vt 0.149705 0.894784
vt 0.035138 0.941261
vt 0.044006 0.934272
vt 0.044006 0.941261
vt 0.181070 0.786808
vt 0.172203 0.792271
vt 0.172203 0.786808
vt 0.200136 0.913278
vt 0.209003 0.908502
vt 0.209003 0.913278
vt 0.158573 0.901894
vt 0.149705 0.907732
vt 0.208926 0.846203
vt 0.200058 0.849916
vt 0.200058 0.846203
vt 0.200058 0.889131
vt 0.191191 0.890713
vt 0.191191 0.889131
vt 0.070607 0.933129
vt 0.061740 0.936748
vt 0.061740 0.933129
vt 0.191191 0.907254
vt 0.200058 0.903777
vt 0.200058 0.907254
vt 0.191269 0.940711
vt 0.200136 0.937728
vt 0.200136 0.940711
vt 0.181070 0.799755
vt 0.189937 0.795715
vt 0.189937 0.799755
vt 0.140354 0.826538
vt 0.145100 0.835399
vt 0.140354 0.835399
vt 0.061740 0.913432
vt 0.070607 0.912736
vt 0.070607 0.913432
vt 0.158573 0.940698
vt 0.167440 0.935929
vt 0.167440 0.940698
vt 0.113604 0.906142
vt 0.111651 0.897282
vt 0.113604 0.897282
vt 0.203226 0.943150
vt 0.207061 0.952011
vt 0.203226 0.952011
vt 0.122650 0.943532
vt 0.131517 0.939373
vt 0.131517 0.943532
vt 0.209936 0.793063
vt 0.211141 0.801924
vt 0.209936 0.801924
vt 0.044006 0.924162
vt 0.052873 0.919999
vt 0.052873 0.924162
vt 0.191269 0.932696
vt 0.200136 0.928254
vt 0.200136 0.932696
vt 0.210144 0.793063
vt 0.206626 0.784202
vt 0.210144 0.784202
vt 0.208926 0.880794
vt 0.200058 0.883802
vt 0.200058 0.880794
vt 0.205771 0.819645
vt 0.205771 0.828506
vt 0.172203 0.832839
vt 0.181070 0.829041
vt 0.181070 0.832839
vt 0.200058 0.876960
vt 0.208926 0.871108
vt 0.208926 0.876960
vt 0.122650 0.888807
vt 0.113783 0.893697
vt 0.113783 0.888807
vt 0.158573 0.935929
vt 0.167440 0.930245
vt 0.147767 0.826538
vt 0.151306 0.835399
vt 0.147767 0.835399
vt 0.200058 0.859853
vt 0.208926 0.856621
vt 0.208926 0.859853
vt 0.200058 0.906262
vt 0.208926 0.901583
vt 0.208926 0.906262
vt 0.086151 0.928342
vt 0.095018 0.923169
vt 0.095018 0.928342
vt 0.193446 0.795713
vt 0.202313 0.801094
vt 0.193446 0.801094
vt 0.213044 0.888908
vt 0.211380 0.880047
vt 0.213044 0.880047
vt 0.044006 0.919999
vt 0.052873 0.915903
vt 0.170841 0.942340
vt 0.167440 0.933479
vt 0.170841 0.933479
vt 0.203758 0.943150
vt 0.200136 0.934289
vt 0.203758 0.934289
vt 0.195474 0.949572
vt 0.195474 0.940711
vt 0.098375 0.953708
vt 0.095018 0.944847
vt 0.098375 0.944847
vt 0.204927 0.810784
vt 0.207090 0.819645
vt 0.204927 0.819645
vt 0.131517 0.924972
vt 0.122650 0.924972
vt 0.211240 0.810784
vt 0.211292 0.819645
vt 0.211240 0.819645
vt 0.070607 0.928202
vt 0.122650 0.947582
vt 0.131517 0.947582
vt 0.200058 0.841519
vt 0.208926 0.835743
vt 0.208926 0.841519
vt 0.095018 0.937459
vt 0.086151 0.945300
vt 0.163336 0.825439
vt 0.172203 0.816856
vt 0.172203 0.825439
vt 0.213587 0.844604
vt 0.210983 0.835743
vt 0.213587 0.835743
vt 0.052873 0.944800
vt 0.061740 0.942196
vt 0.061740 0.944800
vt 0.059757 0.944800
vt 0.061740 0.953661
vt 0.059757 0.953661
vt 0.146901 0.886940
vt 0.149479 0.895801
vt 0.146901 0.895801
vt 0.172203 0.808184
vt 0.181070 0.806467
vt 0.181070 0.808184
vt 0.211027 0.810784
vt 0.211081 0.819645
vt 0.211027 0.819645
vt 0.171650 0.883031
vt 0.173138 0.874171
vt 0.173138 0.883031
vt 0.182402 0.932144
vt 0.191269 0.928135
vt 0.191269 0.932144
vt 0.086151 0.931956
vt 0.082551 0.923096
vt 0.086151 0.923096
vt 0.131517 0.936268
vt 0.140384 0.932454
vt 0.140384 0.936268
vt 0.163472 0.940698
vt 0.166902 0.949559
vt 0.163472 0.949559
vt 0.052873 0.933218
vt 0.061740 0.926280
vt 0.113783 0.945510
vt 0.122650 0.941547
vt 0.122650 0.945510
vt 0.163336 0.835524
vt 0.172203 0.835524
vt 0.110063 0.906142
vt 0.110063 0.897282
vt 0.211141 0.793063
vt 0.212256 0.801924
vt 0.209805 0.801924
vt 0.113783 0.931232
vt 0.122650 0.932738
vt 0.113783 0.932738
vt 0.210238 0.917362
vt 0.210238 0.908502
vt 0.182402 0.935457
vt 0.173534 0.940808
vt 0.173534 0.935457
vt 0.110063 0.888421
vt 0.113625 0.897282
vt 0.200058 0.866863
vt 0.208926 0.863227
vt 0.208926 0.866863
vt 0.140384 0.935601
vt 0.149251 0.916414
vt 0.149251 0.935601
vt 0.122650 0.939373
vt 0.131517 0.937765
vt 0.167440 0.905246
vt 0.158573 0.898220
vt 0.167440 0.898220
vt 0.210972 0.810784
vt 0.210972 0.819645
vt 0.052873 0.942196
vt 0.172203 0.812001
vt 0.182402 0.928135
vt 0.191269 0.920000
vt 0.193446 0.806064
vt 0.163336 0.816856
vt 0.172203 0.810936
vt 0.144594 0.886940
vt 0.144594 0.895801
vt 0.052873 0.926280
vt 0.061740 0.918492
vt 0.207090 0.810784
vt 0.209650 0.819645
vt 0.163336 0.809193
vt 0.163336 0.810936
vt 0.158573 0.930245
vt 0.167440 0.924433
vt 0.167440 0.915757
vt 0.170579 0.924618
vt 0.167440 0.924618
vt 0.182402 0.953959
vt 0.176955 0.945098
vt 0.182402 0.945098
vt 0.202313 0.828410
vt 0.193446 0.835179
vt 0.193446 0.828410
vt 0.079475 0.917842
vt 0.070607 0.923900
vt 0.070607 0.917842
vt 0.154468 0.818852
vt 0.163336 0.810977
vt 0.163336 0.818852
vt 0.209650 0.810784
vt 0.095018 0.931196
vt 0.103885 0.929119
vt 0.103885 0.931196
vt 0.082551 0.931956
vt 0.079614 0.923096
vt 0.158573 0.907732
vt 0.149705 0.916736
vt 0.193446 0.816447
vt 0.202313 0.816447
vt 0.144716 0.913523
vt 0.131517 0.916414
vt 0.122650 0.916414
vt 0.189937 0.824028
vt 0.181070 0.824028
vt 0.210229 0.943150
vt 0.208527 0.934289
vt 0.210229 0.934289
vt 0.044006 0.930938
vt 0.035138 0.934272
vt 0.035138 0.930938
vt 0.181070 0.777920
vt 0.189937 0.775341
vt 0.189937 0.777920
vt 0.202313 0.820820
vt 0.082754 0.931956
vt 0.086101 0.940817
vt 0.082754 0.940817
vt 0.095018 0.937159
vt 0.103885 0.937159
vt 0.211643 0.871186
vt 0.213082 0.880047
vt 0.211643 0.880047
vt 0.191269 0.937728
vt 0.182402 0.920000
vt 0.191269 0.914619
vt 0.193446 0.809933
vt 0.202313 0.806064
vt 0.181070 0.800346
vt 0.172203 0.806467
vt 0.172203 0.800346
vt 0.208926 0.844604
vt 0.208926 0.853465
vt 0.200136 0.908502
vt 0.191269 0.913911
vt 0.191269 0.908502
vt 0.208527 0.943150
vt 0.122650 0.912912
vt 0.113783 0.920543
vt 0.103885 0.942168
vt 0.103885 0.944847
vt 0.172203 0.782880
vt 0.163336 0.791487
vt 0.103885 0.936419
vt 0.112752 0.931196
vt 0.112752 0.936419
vt 0.212211 0.917362
vt 0.212211 0.908502
vt 0.170579 0.915757
vt 0.173470 0.924618
vt 0.079475 0.935742
vt 0.070607 0.942389
vt 0.070607 0.935742
vt 0.103885 0.942605
vt 0.112752 0.942605
vt 0.189937 0.819264
vt 0.181070 0.807510
vt 0.189937 0.807510
vt 0.191191 0.903777
vt 0.213547 0.906630
vt 0.212182 0.897769
vt 0.213547 0.897769
vt 0.200136 0.913911
vt 0.191269 0.919763
vt 0.181070 0.775341
vt 0.172203 0.780819
vt 0.070607 0.922364
vt 0.086151 0.913950
vt 0.095018 0.909127
vt 0.095018 0.913950
vt 0.154468 0.785090
vt 0.163336 0.779312
vt 0.163336 0.785090
vt 0.070607 0.936748
vt 0.061740 0.943623
vt 0.049272 0.954064
vt 0.046031 0.945203
vt 0.049272 0.945203
vt 0.202313 0.785897
vt 0.193446 0.790799
vt 0.193446 0.785897
vt 0.181070 0.789418
vt 0.189937 0.789418
vt 0.140384 0.946868
vt 0.149251 0.940092
vt 0.149251 0.946868
vt 0.200058 0.844615
vt 0.208926 0.844615
vt 0.136280 0.826538
vt 0.127413 0.835420
vt 0.127413 0.826538
vt 0.095018 0.929119
vt 0.044006 0.914334
vt 0.035138 0.923288
vt 0.035138 0.914334
vt 0.122650 0.893697
vt 0.113783 0.898212
vt 0.158573 0.916736
vt 0.149705 0.924995
vt 0.101811 0.953708
vt 0.101811 0.944847
vt 0.200058 0.866896
vt 0.191191 0.872959
vt 0.191191 0.866896
vt 0.210337 0.775341
vt 0.212418 0.784202
vt 0.210337 0.784202
vt 0.103885 0.945327
vt 0.112752 0.945327
vt 0.079475 0.914425
vt 0.070607 0.914425
vt 0.170288 0.942340
vt 0.172913 0.951200
vt 0.170288 0.951200
vt 0.044006 0.912736
vt 0.035138 0.912736
vt 0.052873 0.944800
vt 0.056293 0.953661
vt 0.052873 0.953661
vt 0.189937 0.799755
vt 0.200058 0.872959
vt 0.191191 0.885243
vt 0.200058 0.847800
vt 0.191191 0.854643
vt 0.191191 0.847800
vt 0.061740 0.945211
vt 0.066884 0.954071
vt 0.061740 0.954071
vt 0.149705 0.940844
vt 0.158573 0.929895
vt 0.158573 0.940844
vt 0.182402 0.940808
vt 0.173534 0.945098
vt 0.154468 0.823123
vt 0.163336 0.823123
vt 0.149477 0.904662
vt 0.144594 0.904662
vt 0.113783 0.888421
vt 0.110063 0.879560
vt 0.113783 0.879560
vt 0.182402 0.937292
vt 0.208926 0.883802
vt 0.200058 0.886959
vt 0.044006 0.942578
vt 0.052873 0.938269
vt 0.052873 0.942578
vt 0.079614 0.931956
vt 0.079614 0.940817
vt 0.182402 0.932173
vt 0.173534 0.932173
vt 0.079475 0.912736
vt 0.200058 0.871108
vt 0.208926 0.897769
vt 0.212182 0.906630
vt 0.208926 0.906630
vt 0.200058 0.858714
vt 0.191191 0.858714
vt 0.212264 0.897769
vt 0.210552 0.888908
vt 0.212264 0.888908
vt 0.122650 0.882855
vt 0.113783 0.882855
vt 0.202313 0.775341
vt 0.206201 0.784202
vt 0.202313 0.784202
vt 0.206441 0.793063
vt 0.206441 0.801924
vt 0.210552 0.897769
vt 0.208926 0.888908
vt 0.200136 0.919763
vt 0.191269 0.925026
vt 0.151306 0.826538
vt 0.153885 0.835399
vt 0.206626 0.793063
vt 0.095018 0.932020
vt 0.213350 0.828506
vt 0.212253 0.819645
vt 0.213350 0.819645
vt 0.173534 0.916360
vt 0.182402 0.911403
vt 0.182402 0.916360
vt 0.212256 0.793063
vt 0.213312 0.801924
vt 0.181070 0.792271
vt 0.044006 0.933655
vt 0.052873 0.933655
vt 0.202313 0.819645
vt 0.202313 0.828506
vt 0.158573 0.914218
vt 0.167440 0.914218
vt 0.154468 0.810977
vt 0.136688 0.936268
vt 0.140384 0.945129
vt 0.113783 0.937914
vt 0.122650 0.934871
vt 0.122650 0.937914
vt 0.113783 0.941547
vt 0.213460 0.933887
vt 0.212063 0.925026
vt 0.213460 0.925026
vt 0.191191 0.893740
vt 0.200058 0.890713
vt 0.200136 0.918050
vt 0.209003 0.918050
vt 0.173096 0.891892
vt 0.173096 0.883031
vt 0.122650 0.906619
vt 0.113783 0.910906
vt 0.113783 0.906619
vt 0.202313 0.793063
vt 0.202313 0.801924
vt 0.131517 0.925027
vt 0.140384 0.916414
vt 0.140384 0.925027
vt 0.173225 0.933479
vt 0.170212 0.924618
vt 0.173225 0.924618
vt 0.154468 0.824362
vt 0.210144 0.784202
vt 0.212294 0.793063
vt 0.209055 0.943150
vt 0.212531 0.952011
vt 0.209055 0.952011
vt 0.061740 0.928202
vt 0.200058 0.863227
vt 0.158573 0.924433
vt 0.167440 0.919222
vt 0.167440 0.924433
vt 0.137393 0.953990
vt 0.133058 0.945129
vt 0.137393 0.945129
vt 0.173534 0.911403
vt 0.182402 0.908502
vt 0.173534 0.924843
vt 0.182402 0.919943
vt 0.182402 0.924843
vt 0.200058 0.885243
vt 0.152457 0.949705
vt 0.149705 0.949705
vt 0.044006 0.938269
vt 0.152457 0.940844
vt 0.122650 0.902009
vt 0.113783 0.902009
vt 0.173146 0.874171
vt 0.171650 0.865310
vt 0.173146 0.865310
vt 0.154468 0.790477
vt 0.199590 0.949572
vt 0.199590 0.940711
vt 0.200058 0.854643
vt 0.163336 0.829337
vt 0.154468 0.835650
vt 0.154468 0.829337
vt 0.044006 0.923288
vt 0.202313 0.822306
vt 0.202313 0.810784
vt 0.211081 0.810784
vt 0.211134 0.819645
vt 0.207114 0.801924
vt 0.182402 0.914619
vt 0.172203 0.829041
vt 0.208926 0.892122
vt 0.200058 0.896614
vt 0.200058 0.892122
vt 0.211343 0.810784
vt 0.212277 0.819645
vt 0.211343 0.819645
vt 0.208926 0.862326
vt 0.213256 0.871186
vt 0.208926 0.871186
vt 0.173204 0.942340
vt 0.173204 0.933479
vt 0.210983 0.844604
vt 0.113783 0.934871
vt 0.209003 0.928032
vt 0.200136 0.928032
vt 0.052873 0.918492
vt 0.061740 0.912736
vt 0.172203 0.801406
vt 0.163336 0.801406
vt 0.122650 0.898212
vt 0.200058 0.901583
vt 0.208926 0.896614
vt 0.172203 0.834588
vt 0.181070 0.834588
vt 0.044006 0.945203
vt 0.052873 0.945203
vt 0.154468 0.779312
vt 0.070607 0.943623
vt 0.211187 0.810784
vt 0.211187 0.819645
vt 0.086151 0.918545
vt 0.095018 0.918545
vt 0.167440 0.942340
vt 0.167440 0.951200
vt 0.213298 0.853465
vt 0.213298 0.862326
vt 0.208926 0.880047
vt 0.086151 0.923169
vt 0.160863 0.949559
vt 0.158573 0.949559
vt 0.181070 0.780819
vt 0.208926 0.886959
vt 0.200136 0.943150
vt 0.200136 0.952011
vt 0.211134 0.810784
vt 0.200058 0.838900
vt 0.122650 0.879560
vt 0.113783 0.879560
vt 0.173534 0.919943
vt 0.158573 0.919222
vt 0.046031 0.954064
vt 0.202313 0.790799
vt 0.131517 0.932454
vt 0.211292 0.810784
vt 0.160863 0.940698
vt 0.202313 0.775341
vt 0.193446 0.775341
vt 0.209806 0.810784
vt 0.209806 0.801924
vt 0.133058 0.953990
vt 0.079475 0.932938
vt 0.070607 0.932938
vt 0.209003 0.925026
vt 0.210107 0.933887
vt 0.209003 0.933887
vt 0.163336 0.824362
vt 0.095018 0.942168
vt 0.136280 0.835399
vt 0.211380 0.888908
vt 0.210107 0.925026
vt 0.212063 0.933887
vt 0.112752 0.919068
vt 0.044006 0.915903
vt 0.052873 0.912736
vt 0.035138 0.945222
vt 0.044006 0.945222
vt 0.206201 0.775341
vt 0.213310 0.917362
vt 0.213869 0.943150
vt 0.213869 0.934289
vt 0.140384 0.940092
vt 0.056293 0.944800
vt 0.059691 0.953661
vt 0.079475 0.942389
vt 0.070607 0.945617
vt 0.149705 0.929895
vt 0.158573 0.924995
vt 0.158573 0.894784
vt 0.167440 0.894784
vt 0.122650 0.920543
vt 0.208926 0.853694
vt 0.200058 0.853694
vt 0.170212 0.933479
vt 0.167440 0.924618
vt 0.191269 0.945133
vt 0.182402 0.945133
vt 0.200136 0.925026
vt 0.200058 0.856621
vt 0.191269 0.928254
vt 0.122650 0.937765
vt 0.131517 0.936450
vt 0.079475 0.923900
vt 0.207061 0.943150
vt 0.193293 0.835175
vt 0.189937 0.826314
vt 0.193293 0.826314
vt 0.172203 0.791487
vt 0.145100 0.826538
vt 0.190215 0.852346
vt 0.187321 0.851619
vt 0.189599 0.851619
vt 0.080504 0.916242
vt 0.079698 0.913351
vt 0.080504 0.912736
vt 0.173575 0.853318
vt 0.176492 0.853093
vt 0.177070 0.853783
vt 0.179673 0.890927
vt 0.182590 0.891152
vt 0.180320 0.891454
vt 0.066884 0.948403
vt 0.069611 0.945211
vt 0.069611 0.948403
vt 0.180064 0.880737
vt 0.183168 0.890462
vt 0.183053 0.860600
vt 0.182555 0.835743
vt 0.185730 0.836094
vt 0.192468 0.797853
vt 0.190094 0.775341
vt 0.193289 0.775341
vt 0.176457 0.908502
vt 0.176955 0.883645
vt 0.179632 0.908151
vt 0.187684 0.879860
vt 0.190057 0.902628
vt 0.186863 0.902628
vt 0.181637 0.880527
vt 0.181493 0.860634
vt 0.192481 0.816389
vt 0.190915 0.797853
vt 0.175395 0.883611
vt 0.175539 0.863718
vt 0.187671 0.861682
vt 0.189237 0.879860
vt 0.173966 0.863508
vt 0.190902 0.816389
vt 0.189250 0.861682
vt 0.186706 0.852346
vt 0.174222 0.852791
vt 0.177938 0.846536
vt 0.184036 0.897709
vt 0.179632 0.898295
vt 0.186250 0.845507
vt 0.190671 0.845507
vt 0.210446 0.828506
vt 0.207096 0.835190
vt 0.208168 0.828506
vt 0.173534 0.845950
vt 0.177285 0.845734
vt 0.183382 0.898511
vt 0.180366 0.898913
vt 0.186947 0.844663
vt 0.189974 0.844663
vt 0.113672 0.909127
vt 0.112752 0.912848
vt 0.112752 0.909823
vt 0.185730 0.835743
vt 0.183618 0.945133
vt 0.187863 0.953857
vt 0.182402 0.953857
vt 0.174269 0.845332
vt 0.179632 0.837323
vt 0.185730 0.906922
vt 0.180367 0.908502
vt 0.185730 0.908173
vt 0.190437 0.907407
vt 0.191191 0.908173
vt 0.185730 0.902628
vt 0.186484 0.907407
vt 0.190437 0.903393
vt 0.191191 0.902628
vt 0.186484 0.903393
vt 0.168393 0.905271
vt 0.173411 0.896488
vt 0.172441 0.905271
vt 0.172458 0.915757
vt 0.167440 0.906975
vt 0.173411 0.905271
vt 0.081614 0.912736
vt 0.080504 0.923096
vt 0.084992 0.940817
vt 0.080454 0.949620
vt 0.081038 0.940817
vt 0.200136 0.924181
vt 0.204615 0.922995
vt 0.205783 0.924181
vt 0.204615 0.919320
vt 0.201305 0.919320
vt 0.205783 0.918050
vt 0.201305 0.922995
vt 0.203368 0.834503
vt 0.207096 0.829296
vt 0.207096 0.835094
vt 0.206838 0.918641
vt 0.210566 0.923847
vt 0.205783 0.924638
vt 0.038950 0.951295
vt 0.039451 0.945222
vt 0.039953 0.945222
vt 0.043764 0.950936
vt 0.039451 0.950936
vt 0.090464 0.945300
vt 0.089807 0.949295
vt 0.089807 0.946017
vt 0.086151 0.950012
vt 0.086807 0.946017
vt 0.086807 0.949295
vt 0.090464 0.950012
vt 0.086151 0.945300
vt 0.049272 0.945996
vt 0.052165 0.945203
vt 0.052165 0.950869
vt 0.140314 0.951700
vt 0.137393 0.951016
vt 0.140314 0.945129
vt 0.191235 0.951052
vt 0.187863 0.951052
vt 0.188781 0.945133
vt 0.176906 0.951018
vt 0.173534 0.951018
vt 0.175988 0.945098
vt 0.213336 0.844604
vt 0.212280 0.810784
vt 0.112752 0.931196
vt 0.157952 0.940844
vt 0.189937 0.835710
vt 0.208926 0.849916
vt 0.181070 0.795715
vt 0.111651 0.906142
vt 0.202313 0.795713
vt 0.191269 0.949572
vt 0.095018 0.953708
vt 0.095018 0.945300
vt 0.061740 0.944800
vt 0.149479 0.886940
vt 0.171650 0.874171
vt 0.166902 0.940698
vt 0.209805 0.810784
vt 0.122650 0.931232
vt 0.209003 0.917362
vt 0.113625 0.888421
vt 0.158573 0.905246
vt 0.172203 0.809193
vt 0.158573 0.924433
vt 0.176955 0.953959
vt 0.202313 0.835179
vt 0.144716 0.904662
vt 0.181070 0.775341
vt 0.086101 0.931956
vt 0.213082 0.871186
vt 0.173470 0.915757
vt 0.181070 0.819264
vt 0.061740 0.922364
vt 0.086151 0.909127
vt 0.202313 0.790799
vt 0.136280 0.835420
vt 0.212418 0.775341
vt 0.172913 0.942340
vt 0.066884 0.945211
vt 0.149477 0.895801
vt 0.191269 0.937292
vt 0.153885 0.826538
vt 0.202313 0.793063
vt 0.213312 0.793063
vt 0.171650 0.891892
vt 0.122650 0.910906
vt 0.212294 0.784202
vt 0.212531 0.943150
vt 0.173534 0.908502
vt 0.163336 0.835650
vt 0.207114 0.810784
vt 0.212277 0.810784
vt 0.213256 0.862326
vt 0.209003 0.934289
vt 0.154468 0.775341
vt 0.070607 0.945211
vt 0.044006 0.954064
vt 0.131977 0.953990
vt 0.213310 0.908502
vt 0.059691 0.944800
vt 0.079475 0.945617
vt 0.167440 0.933479
vt 0.189937 0.835175
vt 0.079698 0.915627
vt 0.193446 0.826314
vt 0.211517 0.835190
vt 0.113672 0.913544
vt 0.186646 0.945133
vt 0.174269 0.835743
vt 0.167440 0.894784
vt 0.168410 0.915757
vt 0.085567 0.912736
vt 0.086101 0.949620
vt 0.210566 0.918050
vt 0.035640 0.951295
vt 0.043263 0.945222
s 1
usemtl Texture
f 6/1/1 8/2/1 7/3/1
f 6/1/1 9/4/1 8/2/1
f 45/5/1 47/6/1 46/7/1
f 44/8/1 47/6/1 45/5/1
f 6/1/1 10/9/1 9/4/1
f 5/10/1 10/9/1 6/1/1
f 44/8/1 48/11/1 47/6/1
f 5/10/1 11/12/1 10/9/1
f 44/8/1 49/13/1 48/11/1
f 43/14/1 49/13/1 44/8/1
f 4/15/1 11/12/1 5/10/1
f 43/14/1 50/16/1 49/13/1
f 3/17/1 11/12/1 4/15/1
f 3/17/1 12/18/1 11/12/1
f 42/19/1 50/16/1 43/14/1
f 2/20/1 12/18/1 3/17/1
f 2/20/1 37/21/1 12/18/1
f 37/21/1 13/22/1 12/18/1
f 36/23/1 13/22/1 37/21/1
f 42/19/1 1/24/1 50/16/1
f 1/24/1 37/21/1 2/20/1
f 1/24/1 38/25/1 37/21/1
f 42/19/1 38/25/1 1/24/1
f 41/26/1 38/25/1 42/19/1
f 35/27/1 13/22/1 36/23/1
f 41/26/1 39/28/1 38/25/1
f 40/29/1 39/28/1 41/26/1
f 34/30/1 13/22/1 35/27/1
f 17/31/1 19/32/1 18/33/1
f 31/34/1 33/35/1 32/36/1
f 16/37/1 19/32/1 17/31/1
f 34/30/1 14/38/1 13/22/1
f 31/34/1 34/30/1 33/35/1
f 31/34/1 14/38/1 34/30/1
f 16/37/1 20/39/1 19/32/1
f 51/40/1 14/38/1 31/34/1
f 31/34/1 52/41/1 51/40/1
f 51/40/1 15/42/1 14/38/1
f 16/37/1 21/43/1 20/39/1
f 15/42/1 21/43/1 16/37/1
f 51/40/1 21/43/1 15/42/1
f 59/44/1 21/43/1 51/40/1
f 30/45/1 52/41/1 31/34/1
f 30/45/1 53/46/1 52/41/1
f 58/47/1 23/48/1 59/44/1
f 23/48/1 21/43/1 59/44/1
f 23/48/1 22/49/1 21/43/1
f 30/45/1 54/50/1 53/46/1
f 29/51/1 54/50/1 30/45/1
f 57/52/1 23/48/1 58/47/1
f 57/52/1 24/53/1 23/48/1
f 29/51/1 55/54/1 54/50/1
f 28/55/1 55/54/1 29/51/1
f 56/56/1 24/53/1 57/52/1
f 28/55/1 56/56/1 55/54/1
f 28/55/1 24/53/1 56/56/1
f 27/57/1 24/53/1 28/55/1
f 27/57/1 25/58/1 24/53/1
f 26/59/1 25/58/1 27/57/1
f 74/60/1 76/61/1 75/62/1
f 73/63/1 76/61/1 74/60/1
f 90/64/1 76/61/1 73/63/1
f 89/65/1 76/61/1 90/64/1
f 89/65/1 77/66/1 76/61/1
f 73/63/1 91/67/1 90/64/1
f 94/68/1 77/66/1 89/65/1
f 72/69/1 91/67/1 73/63/1
f 72/69/1 92/70/1 91/67/1
f 93/71/1 77/66/1 94/68/1
f 93/71/1 78/72/1 77/66/1
f 72/69/1 93/71/1 92/70/1
f 72/69/1 78/72/1 93/71/1
f 71/73/1 78/72/1 72/69/1
f 71/73/1 79/74/1 78/72/1
f 71/73/1 80/75/1 79/74/1
f 70/76/1 80/75/1 71/73/1
f 69/77/1 80/75/1 70/76/1
f 69/77/1 81/78/1 80/75/1
f 68/79/1 81/78/1 69/77/1
f 68/79/1 82/80/1 81/78/1
f 67/81/1 82/80/1 68/79/1
f 86/82/1 88/83/1 87/84/1
f 86/82/1 60/85/1 88/83/1
f 67/81/1 83/86/1 82/80/1
f 66/87/1 83/86/1 67/81/1
f 66/87/1 84/88/1 83/86/1
f 65/89/1 84/88/1 66/87/1
f 85/90/1 60/85/1 86/82/1
f 85/90/1 61/91/1 60/85/1
f 65/89/1 85/90/1 84/88/1
f 65/89/1 61/91/1 85/90/1
f 64/92/1 61/91/1 65/89/1
f 64/92/1 62/93/1 61/91/1
f 63/94/1 62/93/1 64/92/1
f 107/95/1 109/96/1 108/97/1
f 106/98/1 122/99/1 107/95/1
f 122/99/1 109/96/1 107/95/1
f 128/100/1 109/96/1 122/99/1
f 106/98/1 123/101/1 122/99/1
f 128/100/1 110/102/1 109/96/1
f 127/103/1 110/102/1 128/100/1
f 106/98/1 124/104/1 123/101/1
f 105/105/1 124/104/1 106/98/1
f 121/106/1 96/107/1 95/108/1
f 127/103/1 111/109/1 110/102/1
f 126/110/1 111/109/1 127/103/1
f 105/105/1 125/111/1 124/104/1
f 104/112/1 125/111/1 105/105/1
f 120/113/1 96/107/1 121/106/1
f 104/112/1 126/110/1 125/111/1
f 104/112/1 111/109/1 126/110/1
f 104/112/1 112/114/1 111/109/1
f 104/112/1 114/115/1 112/114/1
f 113/116/1 112/114/1 114/115/1
f 103/117/1 114/115/1 104/112/1
f 103/117/1 115/118/1 114/115/1
f 120/113/1 97/119/1 96/107/1
f 103/117/1 116/120/1 115/118/1
f 102/121/1 116/120/1 103/117/1
f 119/122/1 97/119/1 120/113/1
f 101/123/1 116/120/1 102/121/1
f 118/124/1 97/119/1 119/122/1
f 101/123/1 117/125/1 116/120/1
f 118/124/1 98/126/1 97/119/1
f 117/125/1 98/126/1 118/124/1
f 101/123/1 98/126/1 117/125/1
f 100/127/1 98/126/1 101/123/1
f 100/127/1 99/128/1 98/126/1
f 146/129/1 148/130/1 147/131/1
f 145/132/1 148/130/1 146/129/1
f 145/132/1 169/133/1 148/130/1
f 145/132/1 170/134/1 169/133/1
f 168/135/1 148/130/1 169/133/1
f 168/135/1 149/136/1 148/130/1
f 144/137/1 170/134/1 145/132/1
f 167/138/1 149/136/1 168/135/1
f 144/137/1 165/139/1 170/134/1
f 166/140/1 149/136/1 167/138/1
f 166/140/1 150/141/1 149/136/1
f 165/139/1 150/141/1 166/140/1
f 165/139/1 151/142/1 150/141/1
f 143/143/1 165/139/1 144/137/1
f 143/143/1 151/142/1 165/139/1
f 151/142/1 153/144/1 152/145/1
f 151/142/1 154/146/1 153/144/1
f 143/143/1 154/146/1 151/142/1
f 143/143/1 175/147/1 154/146/1
f 142/148/1 175/147/1 143/143/1
f 174/149/1 154/146/1 175/147/1
f 142/148/1 176/150/1 175/147/1
f 173/151/1 154/146/1 174/149/1
f 173/151/1 155/152/1 154/146/1
f 142/148/1 177/153/1 176/150/1
f 173/151/1 156/154/1 155/152/1
f 163/155/1 129/156/1 164/157/1
f 142/148/1 178/158/1 177/153/1
f 172/159/1 156/154/1 173/151/1
f 141/160/1 178/158/1 142/148/1
f 141/160/1 171/161/1 178/158/1
f 171/161/1 156/154/1 172/159/1
f 141/160/1 156/154/1 171/161/1
f 163/155/1 130/162/1 129/156/1
f 141/160/1 157/163/1 156/154/1
f 162/164/1 130/162/1 163/155/1
f 141/160/1 158/165/1 157/163/1
f 141/160/1 136/166/1 158/165/1
f 135/167/1 158/165/1 136/166/1
f 140/168/1 136/166/1 141/160/1
f 140/168/1 137/169/1 136/166/1
f 135/167/1 159/170/1 158/165/1
f 162/164/1 131/171/1 130/162/1
f 161/172/1 131/171/1 162/164/1
f 139/173/1 137/169/1 140/168/1
f 135/167/1 160/174/1 159/170/1
f 160/174/1 131/171/1 161/172/1
f 135/167/1 131/171/1 160/174/1
f 134/175/1 131/171/1 135/167/1
f 134/175/1 132/176/1 131/171/1
f 133/177/1 132/176/1 134/175/1
f 138/178/1 137/169/1 139/173/1
f 194/179/1 196/180/1 195/181/1
f 194/179/1 197/182/1 196/180/1
f 192/183/1 194/179/1 193/184/1
f 194/179/1 198/185/1 197/182/1
f 192/183/1 198/185/1 194/179/1
f 212/186/1 198/185/1 192/183/1
f 192/183/1 204/187/1 212/186/1
f 191/188/1 204/187/1 192/183/1
f 191/188/1 205/189/1 204/187/1
f 212/186/1 199/190/1 198/185/1
f 211/191/1 199/190/1 212/186/1
f 190/192/1 205/189/1 191/188/1
f 203/193/1 180/194/1 179/195/1
f 190/192/1 206/196/1 205/189/1
f 203/193/1 181/197/1 180/194/1
f 211/191/1 200/198/1 199/190/1
f 210/199/1 200/198/1 211/191/1
f 189/200/1 206/196/1 190/192/1
f 209/201/1 200/198/1 210/199/1
f 189/200/1 207/202/1 206/196/1
f 203/193/1 182/203/1 181/197/1
f 202/204/1 182/203/1 203/193/1
f 189/200/1 208/205/1 207/202/1
f 209/201/1 185/206/1 200/198/1
f 184/207/1 200/198/1 185/206/1
f 208/205/1 185/206/1 209/201/1
f 184/207/1 201/208/1 200/198/1
f 201/208/1 182/203/1 202/204/1
f 208/205/1 186/209/1 185/206/1
f 189/200/1 186/209/1 208/205/1
f 184/207/1 182/203/1 201/208/1
f 188/210/1 186/209/1 189/200/1
f 184/207/1 183/211/1 182/203/1
f 187/212/1 186/209/1 188/210/1
f 258/213/1 260/214/1 259/215/1
f 258/213/1 261/216/1 260/214/1
f 257/217/1 261/216/1 258/213/1
f 257/217/1 242/218/1 261/216/1
f 257/217/1 243/219/1 242/218/1
f 241/220/1 261/216/1 242/218/1
f 241/220/1 213/221/1 261/216/1
f 257/217/1 244/222/1 243/219/1
f 240/223/1 213/221/1 241/220/1
f 256/224/1 244/222/1 257/217/1
f 256/224/1 245/225/1 244/222/1
f 213/221/1 215/226/1 214/227/1
f 239/228/1 213/221/1 240/223/1
f 239/228/1 215/226/1 213/221/1
f 239/228/1 291/229/1 215/226/1
f 291/229/1 216/230/1 215/226/1
f 255/231/1 245/225/1 256/224/1
f 239/228/1 292/232/1 291/229/1
f 290/233/1 216/230/1 291/229/1
f 255/231/1 246/234/1 245/225/1
f 239/228/1 293/235/1 292/232/1
f 255/231/1 247/236/1 246/234/1
f 249/237/1 251/238/1 250/239/1
f 290/233/1 217/240/1 216/230/1
f 289/241/1 217/240/1 290/233/1
f 249/237/1 252/242/1 251/238/1
f 255/231/1 248/243/1 247/236/1
f 248/243/1 252/242/1 249/237/1
f 255/231/1 252/242/1 248/243/1
f 238/244/1 293/235/1 239/228/1
f 254/245/1 252/242/1 255/231/1
f 289/241/1 218/246/1 217/240/1
f 238/244/1 294/247/1 293/235/1
f 253/248/1 252/242/1 254/245/1
f 288/249/1 218/246/1 289/241/1
f 288/249/1 219/250/1 218/246/1
f 238/244/1 295/251/1 294/247/1
f 287/252/1 219/250/1 288/249/1
f 237/253/1 295/251/1 238/244/1
f 286/254/1 219/250/1 287/252/1
f 286/254/1 220/255/1 219/250/1
f 285/256/1 220/255/1 286/254/1
f 285/256/1 221/257/1 220/255/1
f 284/258/1 221/257/1 285/256/1
f 236/259/1 295/251/1 237/253/1
f 235/260/1 295/251/1 236/259/1
f 283/261/1 221/257/1 284/258/1
f 235/260/1 270/262/1 295/251/1
f 270/262/1 263/263/1 295/251/1
f 263/263/1 262/264/1 295/251/1
f 262/264/1 296/265/1 295/251/1
f 235/260/1 271/266/1 270/262/1
f 269/267/2 263/267/3 270/267/2
f 268/267/2 263/267/3 269/267/2
f 267/267/2 263/267/3 268/267/2
f 266/267/2 263/267/3 267/267/2
f 265/267/2 263/267/3 266/267/2
f 264/267/2 263/267/3 265/267/2
f 283/261/1 222/268/1 221/257/1
f 234/269/1 271/266/1 235/260/1
f 234/269/1 272/270/1 271/266/1
f 311/271/1 305/272/1 262/264/1
f 305/272/1 296/265/1 262/264/1
f 304/273/1 296/265/1 305/272/1
f 282/274/1 222/268/1 283/261/1
f 311/271/1 306/275/1 305/272/1
f 303/276/1 296/265/1 304/273/1
f 234/269/1 273/277/1 272/270/1
f 303/276/1 297/278/1 296/265/1
f 282/274/1 223/279/1 222/268/1
f 233/280/1 273/277/1 234/269/1
f 310/281/1 306/275/1 311/271/1
f 302/282/1 297/278/1 303/276/1
f 302/282/1 298/283/1 297/278/1
f 232/284/1 273/277/1 233/280/1
f 232/284/1 274/285/1 273/277/1
f 281/286/1 223/279/1 282/274/1
f 310/281/1 307/287/1 306/275/1
f 309/288/1 307/287/1 310/281/1
f 232/284/1 275/289/1 274/285/1
f 301/290/1 298/283/1 302/282/1
f 281/286/1 224/291/1 223/279/1
f 231/292/1 275/289/1 232/284/1
f 309/288/1 308/293/1 307/287/1
f 301/290/1 299/294/1 298/283/1
f 301/290/1 300/295/1 299/294/1
f 280/296/1 224/291/1 281/286/1
f 231/292/1 276/297/1 275/289/1
f 280/296/1 225/298/1 224/291/1
f 279/299/1 225/298/1 280/296/1
f 230/300/1 276/297/1 231/292/1
f 230/300/1 277/301/1 276/297/1
f 279/299/1 226/302/1 225/298/1
f 278/303/1 226/302/1 279/299/1
f 277/301/1 226/302/1 278/303/1
f 230/300/1 226/302/1 277/301/1
f 229/304/1 226/302/1 230/300/1
f 229/304/1 227/305/1 226/302/1
f 228/306/1 227/305/1 229/304/1
f 610/307/4 609/308/4 426/309/4
f 610/307/4 426/309/4 338/310/4
f 351/311/4 352/312/4 588/313/4
f 473/314/4 351/311/4 588/313/4
f 610/307/4 338/310/4 339/315/4
f 613/316/4 610/307/4 339/315/4
f 473/314/4 588/313/4 589/317/4
f 613/316/4 339/315/4 412/318/4
f 473/314/4 589/317/4 356/319/4
f 579/320/4 473/314/4 356/319/4
f 577/321/4 613/316/4 412/318/4
f 579/320/4 356/319/4 357/322/4
f 411/323/4 577/321/4 412/318/4
f 411/323/4 412/318/4 561/324/4
f 376/325/4 579/320/4 357/322/4
f 319/326/4 411/323/4 561/324/4
f 319/326/4 561/324/4 547/327/4
f 547/327/4 561/324/4 593/328/4
f 608/329/4 547/327/4 593/328/4
f 376/325/4 357/322/4 318/330/4
f 318/330/4 319/326/4 547/327/4
f 318/330/4 547/327/4 548/331/4
f 376/325/4 318/330/4 548/331/4
f 486/332/4 376/325/4 548/331/4
f 607/333/4 608/329/4 593/328/4
f 486/332/4 548/331/4 470/334/4
f 471/335/4 486/332/4 470/334/4
f 367/336/4 607/333/4 593/328/4
f 335/337/4 581/338/4 336/339/4
f 400/340/4 463/341/4 366/342/4
f 497/343/4 335/337/4 336/339/4
f 367/336/4 593/328/4 399/344/4
f 400/340/4 366/342/4 367/336/4
f 400/340/4 367/336/4 399/344/4
f 497/343/4 336/339/4 531/345/4
f 408/346/4 400/340/4 399/344/4
f 400/340/4 408/346/4 559/347/4
f 408/346/4 399/344/4 407/348/4
f 497/343/4 531/345/4 432/349/4
f 407/348/4 497/343/4 432/349/4
f 408/346/4 407/348/4 432/349/4
f 538/350/4 408/346/4 432/349/4
f 417/351/4 400/340/4 559/347/4
f 417/351/4 559/347/4 560/352/4
f 565/353/4 538/350/4 460/354/4
f 460/354/4 538/350/4 432/349/4
f 460/354/4 432/349/4 433/355/4
f 417/351/4 560/352/4 418/356/4
f 423/357/4 417/351/4 418/356/4
f 467/358/4 565/353/4 460/354/4
f 467/358/4 460/354/4 461/359/4
f 423/357/4 418/356/4 397/360/4
f 487/361/4 423/357/4 397/360/4
f 398/362/4 467/358/4 461/359/4
f 487/361/4 397/360/4 398/362/4
f 487/361/4 398/362/4 461/359/4
f 327/363/4 487/361/4 461/359/4
f 327/363/4 461/359/4 326/364/4
f 444/365/4 327/363/4 326/364/4
f 590/366/4 508/367/4 347/368/4
f 372/369/4 590/366/4 347/368/4
f 390/370/4 372/369/4 347/368/4
f 348/371/4 390/370/4 347/368/4
f 348/371/4 347/368/4 350/372/4
f 372/369/4 390/370/4 373/373/4
f 555/374/4 348/371/4 350/372/4
f 556/375/4 372/369/4 373/373/4
f 556/375/4 373/373/4 465/376/4
f 446/377/4 555/374/4 350/372/4
f 446/377/4 350/372/4 355/378/4
f 556/375/4 465/376/4 446/377/4
f 556/375/4 446/377/4 355/378/4
f 365/379/4 556/375/4 355/378/4
f 365/379/4 355/378/4 403/380/4
f 365/379/4 403/380/4 380/381/4
f 364/382/4 365/379/4 380/381/4
f 541/383/4 364/382/4 380/381/4
f 541/383/4 380/381/4 574/384/4
f 540/385/4 541/383/4 574/384/4
f 540/385/4 574/384/4 575/386/4
f 582/387/4 540/385/4 575/386/4
f 511/388/4 557/389/4 510/390/4
f 511/388/4 510/390/4 525/391/4
f 582/387/4 575/386/4 503/392/4
f 424/393/4 582/387/4 503/392/4
f 424/393/4 503/392/4 402/394/4
f 401/395/4 424/393/4 402/394/4
f 462/396/4 511/388/4 525/391/4
f 462/396/4 525/391/4 522/397/4
f 401/395/4 402/394/4 462/396/4
f 401/395/4 462/396/4 522/397/4
f 567/398/4 401/395/4 522/397/4
f 567/398/4 522/397/4 441/399/4
f 442/400/4 567/398/4 441/399/4
f 414/401/4 415/402/4 312/403/4
f 345/404/4 414/401/4 382/405/4
f 382/405/4 414/401/4 312/403/4
f 313/406/4 382/405/4 312/403/4
f 345/404/4 382/405/4 346/407/4
f 313/406/4 312/403/4 501/408/4
f 580/409/4 313/406/4 501/408/4
f 345/404/4 346/407/4 544/410/4
f 598/411/4 345/404/4 544/410/4
f 416/412/4 596/413/4 383/414/4
f 580/409/4 501/408/4 512/415/4
f 513/416/4 580/409/4 512/415/4
f 598/411/4 544/410/4 571/417/4
f 466/418/4 598/411/4 571/417/4
f 568/419/4 416/412/4 383/414/4
f 466/418/4 571/417/4 513/416/4
f 466/418/4 513/416/4 512/415/4
f 466/418/4 512/415/4 553/420/4
f 466/418/4 553/420/4 456/421/4
f 543/422/4 456/421/4 553/420/4
f 504/423/4 466/418/4 456/421/4
f 504/423/4 456/421/4 457/424/4
f 568/419/4 383/414/4 384/425/4
f 504/423/4 457/424/4 483/426/4
f 536/427/4 504/423/4 483/426/4
f 391/428/4 568/419/4 384/425/4
f 445/429/4 536/427/4 483/426/4
f 619/430/4 391/428/4 384/425/4
f 445/429/4 483/426/4 542/431/4
f 619/430/4 384/425/4 374/432/4
f 542/431/4 619/430/4 374/432/4
f 445/429/4 542/431/4 374/432/4
f 375/433/4 445/429/4 374/432/4
f 375/433/4 374/432/4 552/434/4
f 584/435/4 492/436/4 337/437/4
f 597/438/4 584/435/4 337/437/4
f 597/438/4 337/437/4 381/439/4
f 597/438/4 381/439/4 602/440/4
f 563/441/4 381/439/4 337/437/4
f 563/441/4 337/437/4 316/442/4
f 389/443/4 597/438/4 602/440/4
f 614/444/4 563/441/4 316/442/4
f 389/443/4 602/440/4 332/445/4
f 447/446/4 614/444/4 316/442/4
f 447/446/4 316/442/4 317/447/4
f 332/445/4 447/446/4 317/447/4
f 332/445/4 317/447/4 353/448/4
f 331/449/4 389/443/4 332/445/4
f 331/449/4 332/445/4 353/448/4
f 353/448/4 616/450/4 354/451/4
f 353/448/4 354/451/4 484/452/4
f 331/449/4 353/448/4 484/452/4
f 331/449/4 484/452/4 385/453/4
f 405/454/4 331/449/4 385/453/4
f 528/455/4 385/453/4 484/452/4
f 405/454/4 385/453/4 386/456/4
f 485/457/4 528/455/4 484/452/4
f 485/457/4 484/452/4 532/458/4
f 405/454/4 386/456/4 453/459/4
f 485/457/4 532/458/4 533/460/4
f 477/461/4 573/462/4 489/463/4
f 405/454/4 453/459/4 509/464/4
f 534/465/4 485/457/4 533/460/4
f 404/466/4 405/454/4 509/464/4
f 404/466/4 509/464/4 479/467/4
f 479/467/4 534/465/4 533/460/4
f 404/466/4 479/467/4 533/460/4
f 477/461/4 489/463/4 476/468/4
f 404/466/4 533/460/4 419/469/4
f 527/470/4 477/461/4 476/468/4
f 404/466/4 419/469/4 379/471/4
f 404/466/4 379/471/4 478/472/4
f 322/473/4 478/472/4 379/471/4
f 472/474/4 404/466/4 478/472/4
f 472/474/4 478/472/4 377/475/4
f 322/473/4 379/471/4 323/476/4
f 527/470/4 476/468/4 349/477/4
f 464/478/4 527/470/4 349/477/4
f 378/479/4 472/474/4 377/475/4
f 322/473/4 323/476/4 328/480/4
f 328/480/4 464/478/4 349/477/4
f 322/473/4 328/480/4 349/477/4
f 494/481/4 322/473/4 349/477/4
f 494/481/4 349/477/4 523/482/4
f 592/483/4 494/481/4 523/482/4
f 537/484/4 378/479/4 377/475/4
f 435/485/4 436/486/4 591/487/4
f 435/485/4 591/487/4 594/488/4
f 480/489/4 566/490/4 435/485/4
f 435/485/4 594/488/4 481/491/4
f 480/489/4 435/485/4 481/491/4
f 443/492/4 480/489/4 481/491/4
f 480/489/4 443/492/4 369/493/4
f 587/494/4 480/489/4 369/493/4
f 587/494/4 369/493/4 370/495/4
f 443/492/4 481/491/4 324/496/4
f 325/497/4 443/492/4 324/496/4
f 449/498/4 587/494/4 370/495/4
f 495/499/4 496/500/4 620/501/4
f 449/498/4 370/495/4 450/502/4
f 495/499/4 620/501/4 526/503/4
f 325/497/4 324/496/4 475/504/4
f 583/505/4 325/497/4 475/504/4
f 438/506/4 449/498/4 450/502/4
f 530/507/4 583/505/4 475/504/4
f 438/506/4 450/502/4 517/508/4
f 495/499/4 526/503/4 428/509/4
f 601/510/4 495/499/4 428/509/4
f 438/506/4 517/508/4 529/511/4
f 530/507/4 475/504/4 498/512/4
f 429/513/4 498/512/4 475/504/4
f 529/511/4 530/507/4 498/512/4
f 429/513/4 475/504/4 507/514/4
f 507/514/4 601/510/4 428/509/4
f 529/511/4 498/512/4 499/515/4
f 438/506/4 529/511/4 499/515/4
f 429/513/4 507/514/4 428/509/4
f 437/516/4 438/506/4 499/515/4
f 429/513/4 428/509/4 599/517/4
f 621/518/4 437/516/4 499/515/4
f 618/519/4 515/520/4 516/521/4
f 618/519/4 516/521/4 521/522/4
f 546/523/4 618/519/4 521/522/4
f 546/523/4 521/522/4 550/524/4
f 546/523/4 550/524/4 458/525/4
f 474/526/4 550/524/4 521/522/4
f 474/526/4 521/522/4 451/527/4
f 546/523/4 458/525/4 459/528/4
f 585/529/4 474/526/4 451/527/4
f 545/530/4 546/523/4 459/528/4
f 545/530/4 459/528/4 371/531/4
f 451/527/4 452/532/4 363/533/4
f 361/534/4 585/529/4 451/527/4
f 361/534/4 451/527/4 363/533/4
f 361/534/4 363/533/4 320/535/4
f 320/535/4 363/533/4 617/536/4
f 368/537/4 545/530/4 371/531/4
f 361/534/4 320/535/4 321/538/4
f 344/539/4 320/535/4 617/536/4
f 368/537/4 371/531/4 600/540/4
f 361/534/4 321/538/4 362/541/4
f 368/537/4 600/540/4 468/542/4
f 519/543/4 520/544/4 539/545/4
f 344/539/4 617/536/4 535/546/4
f 488/547/4 344/539/4 535/546/4
f 519/543/4 539/545/4 315/548/4
f 368/537/4 468/542/4 314/549/4
f 314/549/4 519/543/4 315/548/4
f 368/537/4 314/549/4 315/548/4
f 434/550/4 361/534/4 362/541/4
f 524/551/4 368/537/4 315/548/4
f 488/547/4 535/546/4 500/552/4
f 434/550/4 362/541/4 572/553/4
f 570/554/4 524/551/4 315/548/4
f 396/555/4 488/547/4 500/552/4
f 396/555/4 500/552/4 395/556/4
f 434/550/4 572/553/4 334/557/4
f 493/558/4 396/555/4 395/556/4
f 551/559/4 434/550/4 334/557/4
f 549/560/4 493/558/4 395/556/4
f 549/560/4 395/556/4 576/561/4
f 360/562/4 549/560/4 576/561/4
f 360/562/4 576/561/4 392/563/4
f 359/564/4 360/562/4 392/563/4
f 333/565/4 551/559/4 334/557/4
f 387/566/4 333/565/4 334/557/4
f 358/567/4 359/564/4 392/563/4
f 387/566/4 334/557/4 502/568/4
f 502/568/4 334/557/4 562/569/4
f 562/569/4 334/557/4 422/570/4
f 422/570/4 334/557/4 329/571/4
f 387/566/4 502/568/4 514/572/4
f 564/267/2 502/267/2 562/267/3
f 586/267/2 564/267/2 562/267/3
f 603/267/2 586/267/2 562/267/3
f 605/267/2 603/267/2 562/267/3
f 604/267/2 605/267/2 562/267/3
f 606/267/2 604/267/2 562/267/3
f 358/567/4 392/563/4 482/573/4
f 421/574/4 387/566/4 514/572/4
f 421/574/4 514/572/4 454/575/4
f 410/576/4 422/570/4 340/577/4
f 340/577/4 422/570/4 329/571/4
f 622/578/4 340/577/4 329/571/4
f 469/579/4 358/567/4 482/573/4
f 410/576/4 340/577/4 341/580/4
f 330/581/4 622/578/4 329/571/4
f 421/574/4 454/575/4 455/582/4
f 330/581/4 329/571/4 406/583/4
f 469/579/4 482/573/4 388/584/4
f 420/585/4 421/574/4 455/582/4
f 409/586/4 410/576/4 341/580/4
f 427/587/4 330/581/4 406/583/4
f 427/587/4 406/583/4 595/588/4
f 491/589/4 420/585/4 455/582/4
f 491/589/4 455/582/4 430/590/4
f 448/591/4 469/579/4 388/584/4
f 409/586/4 341/580/4 439/592/4
f 440/593/4 409/586/4 439/592/4
f 491/589/4 430/590/4 431/594/4
f 612/595/4 427/587/4 595/588/4
f 448/591/4 388/584/4 342/596/4
f 490/597/4 491/589/4 431/594/4
f 440/593/4 439/592/4 569/598/4
f 612/595/4 595/588/4 611/599/4
f 612/595/4 611/599/4 615/600/4
f 343/601/4 448/591/4 342/596/4
f 490/597/4 431/594/4 505/602/4
f 343/601/4 342/596/4 425/603/4
f 518/604/4 343/601/4 425/603/4
f 413/605/4 490/597/4 505/602/4
f 413/605/4 505/602/4 506/606/4
f 518/604/4 425/603/4 393/607/4
f 578/608/4 518/604/4 393/607/4
f 506/606/4 578/608/4 393/607/4
f 413/605/4 506/606/4 393/607/4
f 394/609/4 413/605/4 393/607/4
f 394/609/4 393/607/4 554/610/4
f 558/611/4 394/609/4 554/610/4
f 350/612/5 76/613/6 77/614/5
f 441/615/7 61/616/8 62/617/7
f 318/618/9 50/619/10 1/620/9
f 481/621/11 197/622/12 198/623/11
f 577/624/13 3/625/14 4/626/13
f 500/627/15 217/628/16 218/629/15
f 313/630/17 127/631/18 128/632/17
f 334/633/19 294/634/20 295/635/19
f 93/636/21 465/637/22 92/638/22
f 362/639/23 292/640/24 293/641/23
f 569/642/25 307/643/26 308/644/27
f 537/645/28 137/646/29 138/647/28
f 326/648/30 24/649/31 25/650/30
f 442/651/32 62/652/7 63/653/32
f 408/654/33 59/655/34 51/656/33
f 369/657/35 212/658/36 204/659/35
f 399/660/37 13/661/38 14/662/37
f 579/663/39 42/635/40 43/664/39
f 331/665/41 142/666/42 143/667/41
f 444/668/43 25/669/30 26/670/43
f 494/671/44 133/672/45 134/673/44
f 490/674/46 230/675/47 231/676/46
f 329/677/48 295/678/19 296/679/49
f 425/680/50 224/681/51 225/682/50
f 566/683/52 192/684/53 193/685/52
f 413/686/47 229/687/54 230/675/47
f 419/688/55 156/689/56 157/690/55
f 601/691/57 201/692/58 202/693/57
f 556/694/59 71/695/60 72/696/59
f 576/697/61 219/698/62 220/699/61
f 541/700/63 68/701/64 69/702/65
f 552/703/66 98/704/67 99/705/66
f 427/706/68 301/707/69 302/708/68
f 489/709/70 164/710/71 129/711/70
f 618/712/72 257/713/73 258/714/72
f 336/715/74 18/716/75 19/717/74
f 542/718/76 116/719/77 117/720/78
f 458/721/79 242/722/80 243/723/79
f 348/724/81 94/725/82 89/726/81
f 325/727/83 210/728/84 211/729/83
f 582/730/85 66/731/86 67/732/85
f 456/733/87 113/734/88 114/735/87
f 437/736/89 187/737/90 188/738/91
f 565/739/92 57/659/93 58/740/92
f 610/741/94 5/742/95 6/743/96
f 544/744/97 123/745/98 124/746/97
f 452/747/99 213/748/100 214/749/99
f 546/750/73 256/751/101 257/713/73
f 453/752/102 176/753/103 177/754/102
f 397/755/104 54/756/105 55/757/104
f 312/758/106 108/759/107 109/760/106
f 387/761/108 234/762/109 235/763/108
f 273/764/110 454/765/111 272/766/111
f 594/767/12 196/768/112 197/769/12
f 583/770/84 209/771/113 210/728/84
f 622/772/114 303/773/115 304/774/114
f 457/775/116 114/776/87 115/777/116
f 407/778/117 14/700/118 15/779/117
f 492/780/119 146/781/120 147/782/119
f 486/783/121 40/784/122 41/785/123
f 324/786/124 198/623/11 199/787/124
f 604/788/125 264/789/125 265/790/125
f 523/696/126 131/791/127 132/694/126
f 459/792/128 243/723/79 244/793/128
f 371/794/129 244/795/128 245/796/129
f 461/797/31 23/798/130 24/649/31
f 317/799/131 149/800/132 150/801/131
f 513/802/133 125/803/134 126/804/133
f 487/805/135 27/806/136 28/807/135
f 382/808/137 128/809/17 122/810/137
f 328/811/138 159/812/139 160/813/138
f 319/814/140 1/815/141 2/816/140
f 564/817/125 268/818/125 269/819/125
f 85/820/142 402/821/143 84/822/143
f 358/823/144 282/824/145 283/825/144
f 321/826/24 291/827/146 292/828/24
f 599/829/147 182/830/148 183/831/147
f 570/832/149 252/833/150 253/834/149
f 480/835/53 191/836/151 192/669/53
f 463/837/152 31/838/153 32/839/152
f 353/840/154 150/801/131 151/841/154
f 18/716/75 335/842/155 17/843/156
f 555/844/82 93/845/21 94/725/82
f 465/637/22 91/846/157 92/638/22
f 48/847/158 588/848/159 47/849/159
f 615/850/160 299/684/161 300/851/160
f 512/852/162 110/853/163 111/854/162
f 493/855/164 286/856/165 287/843/164
f 467/857/93 56/858/166 57/859/93
f 332/860/167 170/861/168 165/862/167
f 550/863/80 241/864/169 242/722/80
f 276/865/170 431/866/171 275/867/171
f 502/868/172 269/819/125 270/869/172
f 327/870/136 26/670/43 27/806/136
f 411/871/14 2/816/140 3/625/14
f 469/872/145 281/873/173 282/824/145
f 454/765/111 271/874/174 272/766/111
f 316/875/175 148/876/176 149/800/132
f 464/877/177 160/813/138 161/878/177
f 587/879/151 190/880/178 191/836/151
f 471/881/122 39/882/179 40/784/122
f 10/883/180 338/876/181 9/884/181
f 545/885/101 255/886/182 256/751/101
f 590/887/183 73/888/184 74/889/183
f 551/890/185 236/891/186 237/892/185
f 341/893/187 305/894/188 306/895/187
f 614/896/189 166/897/190 167/898/189
f 597/899/191 144/900/192 145/901/191
f 514/902/174 270/869/172 271/882/174
f 351/903/193 44/904/194 45/905/195
f 320/906/146 290/907/196 291/827/146
f 394/908/54 228/909/197 229/687/54
f 322/910/198 134/673/44 135/911/198
f 139/912/199 537/645/28 138/647/28
f 475/913/200 199/787/124 200/914/200
f 559/915/201 51/656/33 52/916/201
f 531/917/202 19/918/74 20/919/203
f 391/920/204 118/921/205 119/922/204
f 383/923/206 95/924/207 96/925/206
f 478/644/208 135/911/198 136/926/208
f 485/927/209 172/928/210 173/929/211
f 375/930/212 99/905/66 100/931/212
f 352/932/213 45/933/195 46/934/213
f 540/935/64 67/732/85 68/701/64
f 448/936/173 280/937/214 281/873/173
f 592/938/45 132/939/126 133/672/45
f 388/940/215 222/941/216 223/942/215
f 355/943/217 77/614/5 78/944/217
f 344/945/218 289/946/219 290/947/196
f 483/948/77 115/777/116 116/918/77
f 357/949/10 49/950/220 50/619/10
f 536/781/221 101/951/222 102/952/221
f 593/953/38 12/954/223 13/661/38
f 359/955/224 283/956/144 284/957/224
f 612/958/69 300/851/160 301/959/69
f 372/960/184 72/961/59 73/888/184
f 503/962/225 82/963/226 83/964/225
f 360/965/227 284/957/224 285/966/227
f 239/967/228 434/968/229 238/969/229
f 395/970/62 218/629/15 219/698/62
f 510/971/230 87/972/231 88/973/230
f 488/974/219 288/975/232 289/946/219
f 554/976/233 226/977/234 227/660/233
f 130/978/235 489/709/70 129/711/70
f 491/979/236 231/980/46 232/981/236
f 404/982/237 140/983/238 141/984/237
f 365/985/60 70/986/239 71/695/60
f 409/987/240 309/988/241 310/989/240
f 527/990/242 161/991/177 162/992/242
f 98/704/67 384/993/243 97/994/243
f 367/995/244 33/996/245 34/997/246
f 600/998/247 245/796/129 246/999/247
f 377/1000/29 136/1001/248 137/1002/29
f 473/1003/194 43/664/39 44/904/194
f 416/1004/249 120/1005/250 121/1006/249
f 451/1007/100 261/1008/251 213/748/100
f 558/1009/197 227/1010/233 228/909/197
f 337/1011/176 147/782/119 148/1012/176
f 370/1013/252 204/1014/35 205/1015/252
f 385/1016/253 174/1017/254 175/1018/253
f 549/1019/255 285/966/227 286/1020/255
f 563/1021/256 167/898/189 168/1022/256
f 560/1023/257 52/1024/201 53/1025/257
f 596/1026/258 121/1006/249 95/1027/258
f 484/1028/259 153/1029/260 154/1030/261
f 434/968/229 237/1031/185 238/969/229
f 496/1032/262 203/1033/263 179/1014/262
f 525/1034/264 88/1035/230 60/1036/264
f 335/1037/155 16/1038/265 17/1039/156
f 557/1040/266 86/1041/267 87/1042/266
f 501/1043/163 109/1044/106 110/853/163
f 584/1045/120 145/901/191 146/1046/120
f 499/878/268 185/1047/269 186/1048/268
f 323/1049/139 158/1050/270 159/1051/139
f 460/825/271 22/1052/272 23/823/130
f 621/1053/90 186/1054/268 187/737/90
f 380/1055/273 79/1056/274 80/1057/275
f 528/1058/276 173/929/211 174/1059/254
f 553/1060/277 111/854/162 112/1061/277
f 381/1062/278 168/1022/256 169/710/278
f 346/1063/98 122/859/137 123/745/98
f 616/1064/279 151/1065/280 152/1066/279
f 450/1067/281 205/1015/252 206/1068/281
f 519/1069/282 248/1070/283 249/1071/282
f 363/1072/284 214/749/99 215/1073/284
f 482/1074/216 221/1075/285 222/1076/216
f 384/993/243 96/925/206 97/994/243
f 429/1077/286 183/726/147 184/1078/286
f 314/1079/283 247/1080/287 248/1070/283
f 396/1081/288 287/1082/164 288/975/232
f 386/1083/289 175/1084/253 176/753/103
f 543/1085/88 112/1076/277 113/734/88
f 333/650/186 235/763/108 236/1086/186
f 390/1087/290 89/1088/81 90/1089/290
f 466/1090/291 103/1091/292 104/1092/291
f 602/1093/168 169/1094/293 170/845/168
f 342/1095/51 223/942/215 224/681/51
f 443/1096/294 211/729/83 212/1097/294
f 468/690/287 246/999/247 247/688/287
f 538/1098/295 58/740/92 59/1099/295
f 506/1100/296 276/865/170 277/1101/296
f 389/1102/192 143/667/41 144/900/192
f 580/1103/18 126/1104/133 127/631/18
f 417/1105/297 29/1106/298 30/1107/297
f 400/1108/153 30/1107/297 31/838/153
f 373/1109/157 90/1110/290 91/1111/157
f 535/1112/16 216/1113/299 217/628/16
f 435/1114/300 193/685/52 194/1115/300
f 507/1116/301 200/820/200 201/1117/58
f 515/1118/302 258/1119/72 259/1120/302
f 498/1121/269 184/1078/286 185/1122/269
f 526/1123/303 180/1124/304 181/1125/303
f 347/1126/6 75/1127/305 76/1128/6
f 547/1046/306 36/1129/307 37/1045/306
f 529/1130/308 207/1131/309 208/733/308
f 479/1132/310 178/1133/311 171/1134/310
f 349/1135/127 130/978/235 131/791/127
f 398/1136/166 55/757/104 56/858/166
f 518/1137/312 278/1138/313 279/1139/312
f 315/1140/150 251/1141/314 252/1142/150
f 504/1143/292 102/1144/221 103/1091/292
f 345/1145/315 105/1146/316 106/1147/315
f 495/1148/263 202/693/57 203/1033/263
f 401/1040/317 64/1149/318 65/1150/317
f 403/1151/274 78/1097/217 79/1056/274
f 567/1152/318 63/653/32 64/1149/318
f 516/1153/319 259/1120/302 260/1154/320
f 620/1155/321 179/1156/322 180/1157/304
f 405/1158/42 141/984/237 142/666/42
f 497/1159/265 15/779/117 16/1160/265
f 517/1161/323 206/1068/281 207/1035/309
f 607/1162/324 34/1163/246 35/1164/324
f 568/1165/250 119/922/204 120/1005/250
f 439/1166/26 306/895/187 307/643/26
f 376/1167/40 41/785/123 42/1098/40
f 586/1168/125 267/1169/125 268/818/125
f 38/1170/325 547/1167/326 37/1122/326
f 343/1171/214 279/947/312 280/937/214
f 613/1172/95 4/626/13 5/742/95
f 410/1173/327 310/1174/240 311/1175/327
f 562/1176/328 262/1177/329 263/1178/328
f 520/1179/330 249/1180/282 250/1181/330
f 340/1182/331 304/774/114 305/1183/331
f 571/1184/134 124/795/97 125/803/134
f 423/1185/298 28/848/135 29/1106/298
f 595/1186/332 297/776/333 298/1187/332
f 449/1188/178 189/1189/334 190/880/178
f 412/1190/335 10/883/180 11/1191/335
f 521/1192/251 260/1154/320 261/1008/251
f 415/1193/107 107/1194/336 108/759/107
f 609/1195/337 6/743/96 7/1196/337
f 574/1197/338 80/1057/275 81/1198/338
f 472/1199/238 139/662/199 140/983/238
f 364/1200/239 69/1037/65 70/986/239
f 605/1201/125 265/790/125 266/1202/125
f 420/1203/339 232/981/236 233/1204/339
f 418/1205/105 53/1025/257 54/1206/105
f 158/1179/340 419/1207/55 157/1208/55
f 588/1181/159 46/934/213 47/1209/159
f 421/1210/109 233/1204/339 234/762/109
f 368/712/182 254/1211/341 255/1212/182
f 393/1213/234 225/682/50 226/977/234
f 422/1214/342 311/1175/327 262/1054/342
f 619/1215/205 117/720/78 118/1216/205
f 603/1217/125 266/1202/125 267/1169/125
f 522/1218/8 60/1036/264 61/616/8
f 617/1219/299 215/1073/284 216/1220/299
f 598/1221/316 104/1092/291 105/1146/316
f 578/1222/313 277/1101/296 278/1138/313
f 440/1223/241 308/1197/27 309/988/241
f 430/1224/343 273/764/110 274/991/343
f 428/1225/148 181/1125/303 182/830/148
f 606/1226/125 263/1178/328 264/789/125
f 524/1227/341 253/834/149 254/1211/341
f 477/1228/344 162/992/242 163/1229/344
f 470/1230/179 38/1170/325 39/1231/179
f 414/1061/336 106/1147/315 107/1060/336
f 539/1232/314 250/632/345 251/1141/314
f 402/1233/143 83/964/225 84/1234/143
f 338/1235/181 8/1236/346 9/1237/181
f 608/1238/307 35/1164/324 36/1129/307
f 445/1239/222 100/931/212 101/951/222
f 330/1000/115 302/708/68 303/1240/115
f 591/1241/112 195/1209/347 196/768/112
f 426/1242/346 7/1243/337 8/1236/346
f 572/1244/20 293/641/23 294/634/20
f 530/1245/113 208/1246/308 209/771/113
f 406/1247/333 296/679/49 297/1248/333
f 392/1249/285 220/1018/348 221/1075/285
f 573/959/71 163/1250/344 164/958/71
f 432/1251/349 20/919/203 21/1252/350
f 366/1253/245 32/862/152 33/996/245
f 354/1254/260 152/1255/279 153/1029/260
f 575/1256/226 81/1257/338 82/963/226
f 511/1258/267 85/1259/142 86/1041/267
f 275/867/171 430/1260/343 274/1261/343
f 356/1262/220 48/847/158 49/950/220
f 156/689/56 532/1263/351 155/1264/351
f 508/1265/305 74/1266/183 75/1127/305
f 22/1052/272 432/1267/349 21/1268/350
f 611/1235/161 298/1187/332 299/1269/161
f 532/1263/351 154/1270/261 155/1264/351
f 424/1271/86 65/1269/317 66/731/86
f 474/1272/169 240/1273/352 241/864/169
f 447/1274/190 165/1234/353 166/897/190
f 534/1275/210 171/1134/310 172/719/210
f 436/1276/347 194/1277/300 195/1278/347
f 585/916/352 239/967/228 240/915/352
f 561/1279/223 11/1191/335 12/954/223
f 438/746/334 188/738/91 189/744/334
f 509/1280/354 177/754/102 178/707/354
f 630/1281/355 642/1282/355 641/1283/355
f 628/1284/356 624/1285/356 626/1286/356
f 630/1287/357 640/1288/357 628/1289/357
f 639/1290/358 624/1291/358 642/1292/358
f 629/1293/359 623/1294/359 625/1295/359
f 635/1296/360 626/1297/360 639/1290/360
f 634/1298/361 623/1299/361 627/1300/361
f 633/1301/362 627/1302/362 629/1303/362
f 625/1304/363 633/1305/363 629/1306/363
f 631/1307/364 625/1308/364 623/1309/364
f 638/1310/365 631/1311/365 634/1298/365
f 637/1312/366 634/1313/366 633/1301/366
f 632/1314/367 637/1315/367 633/1305/367
f 635/1316/368 632/1317/368 631/1307/368
f 636/1318/369 628/1289/369 637/1315/369
f 637/1312/370 626/1277/370 638/1319/370
f 636/1320/371 639/1321/371 630/1281/371
f 641/1322/372 644/1323/372 640/1288/372
f 642/1292/373 643/1324/373 646/1325/373
f 641/1283/374 646/1326/374 645/1327/374
f 640/1328/375 643/1329/375 624/1330/375
f 645/1331/376 648/1332/376 644/1323/376
f 646/1325/377 647/1333/377 650/1334/377
f 645/1327/378 650/1335/378 649/1336/378
f 643/1337/379 648/1338/379 647/1339/379
f 649/1336/380 654/1340/380 653/617/380
f 647/1341/381 652/1342/381 651/1343/381
f 649/1344/382 652/1345/382 648/1332/382
f 650/1334/383 651/1346/383 654/1347/383
f 652/1348/384 655/1349/384 651/1350/384
f 653/1351/384 656/1352/384 652/1348/384
f 651/1350/384 658/1353/384 654/1354/384
f 654/1354/384 657/1355/384 653/1351/384
f 657/1356/385 660/1357/385 656/1358/385
f 658/1359/386 659/1360/386 662/1361/386
f 657/1362/387 662/828/387 661/1363/387
f 656/1364/388 659/1365/388 655/1366/388
f 662/1367/384 665/1368/384 661/1369/384
f 659/1114/389 664/1370/389 663/1371/389
f 661/1369/390 664/1370/390 660/1372/390
f 662/1367/391 663/1371/391 666/1373/391
f 665/1374/392 668/1375/392 664/1376/392
f 666/1377/393 667/1378/393 670/1379/393
f 665/1380/394 670/1247/394 669/1381/394
f 663/1382/395 668/1383/395 667/1384/395
f 668/1385/396 673/1386/396 672/1387/396
f 670/1388/396 671/1389/396 674/1390/396
f 669/1391/396 674/1390/396 673/1386/396
f 668/1385/396 671/1389/396 667/1392/396
f 673/1393/397 674/1394/397 675/1395/397
f 671/1396/398 672/1397/398 675/1398/398
f 672/1399/399 673/1400/399 675/1401/399
f 674/1402/400 671/1403/400 675/1404/400
f 350/612/5 347/1405/6 76/613/6
f 441/615/7 522/1218/8 61/616/8
f 318/618/9 357/949/10 50/619/10
f 481/621/11 594/1273/12 197/622/12
f 577/624/13 411/871/14 3/625/14
f 500/627/15 535/1112/16 217/628/16
f 313/630/17 580/1103/18 127/631/18
f 334/633/19 572/1244/20 294/634/20
f 93/636/21 446/1406/21 465/637/22
f 362/639/23 321/1407/24 292/640/24
f 569/642/25 439/1166/26 307/643/26
f 537/645/28 377/1047/29 137/646/29
f 326/648/30 461/797/31 24/649/31
f 442/651/32 441/1408/7 62/652/7
f 408/654/33 538/1409/34 59/655/34
f 369/657/35 443/1088/36 212/658/36
f 399/660/37 593/953/38 13/661/38
f 579/663/39 376/980/40 42/635/40
f 331/665/41 405/1158/42 142/666/42
f 444/668/43 326/835/30 25/669/30
f 494/671/44 592/938/45 133/672/45
f 490/674/46 413/686/47 230/675/47
f 329/677/48 334/921/19 295/678/19
f 425/680/50 342/1095/51 224/681/51
f 566/683/52 480/945/53 192/684/53
f 413/686/47 394/908/54 229/687/54
f 419/688/55 533/1410/56 156/689/56
f 601/691/57 507/1113/301 201/692/58
f 556/694/59 365/985/60 71/695/60
f 576/697/61 395/970/62 219/698/62
f 541/700/63 540/935/64 68/701/64
f 552/703/66 374/1411/67 98/704/67
f 427/706/68 612/1280/69 301/707/69
f 489/709/70 573/1189/71 164/710/71
f 618/712/72 546/750/73 257/713/73
f 336/715/74 581/1412/401 18/716/75
f 542/718/76 483/1275/77 116/719/77
f 458/721/79 550/863/80 242/722/80
f 348/724/81 555/844/82 94/725/82
f 325/727/83 583/770/84 210/728/84
f 582/730/85 424/1271/86 66/731/86
f 456/733/87 543/1085/88 113/734/88
f 437/736/89 621/1053/90 187/737/90
f 565/739/92 467/657/93 57/659/93
f 610/741/94 613/1172/95 5/742/95
f 544/744/97 346/1063/98 123/745/98
f 452/747/99 451/1007/100 213/748/100
f 546/750/73 545/885/101 256/751/101
f 453/752/102 386/1083/289 176/753/103
f 397/755/104 418/1270/105 54/756/105
f 312/758/106 415/1193/107 108/759/107
f 387/761/108 421/1210/109 234/762/109
f 273/764/110 455/1413/110 454/765/111
f 594/767/12 591/1241/112 196/768/112
f 583/770/84 530/1245/113 209/771/113
f 622/772/114 330/1205/115 303/773/115
f 457/775/116 456/1215/87 114/776/87
f 407/778/117 399/1414/118 14/700/118
f 492/780/119 584/1415/120 146/781/120
f 486/783/121 471/881/122 40/784/122
f 324/786/124 481/621/11 198/623/11
f 604/788/125 606/1226/125 264/789/125
f 523/696/126 349/1135/127 131/791/127
f 459/792/128 458/721/79 243/723/79
f 371/794/129 459/615/128 244/795/128
f 461/797/31 460/1416/271 23/798/130
f 317/799/131 316/875/175 149/800/132
f 513/802/133 571/1184/134 125/803/134
f 487/805/135 327/870/136 27/806/136
f 382/808/137 313/1417/17 128/809/17
f 328/811/138 323/1418/139 159/812/139
f 319/814/140 318/941/141 1/815/141
f 564/817/125 586/1168/125 268/818/125
f 85/820/142 462/1419/142 402/821/143
f 358/823/144 469/872/145 282/824/145
f 321/826/24 320/906/146 291/827/146
f 599/829/147 428/1225/148 182/830/148
f 570/832/149 315/1420/150 252/833/150
f 480/835/53 587/879/151 191/836/151
f 463/837/152 400/1108/153 31/838/153
f 353/840/154 317/799/131 150/801/131
f 18/716/75 581/1412/401 335/842/155
f 555/844/82 446/1093/21 93/845/21
f 465/637/22 373/1421/157 91/846/157
f 48/847/158 589/1422/158 588/848/159
f 615/850/160 611/1423/161 299/684/161
f 512/852/162 501/1043/163 110/853/163
f 493/855/164 549/1424/165 286/856/165
f 467/857/93 398/1136/166 56/858/166
f 332/860/167 602/1124/168 170/861/168
f 550/863/80 474/1272/169 241/864/169
f 276/865/170 505/1425/170 431/866/171
f 502/868/172 564/817/125 269/819/125
f 327/870/136 444/668/43 26/670/43
f 411/871/14 319/814/140 2/816/140
f 469/872/145 448/936/173 281/873/173
f 454/765/111 514/939/174 271/874/174
f 316/875/175 337/884/176 148/876/176
f 464/877/177 328/811/138 160/813/138
f 587/879/151 449/1188/178 190/880/178
f 471/881/122 470/902/179 39/882/179
f 10/883/180 339/1426/180 338/876/181
f 545/885/101 368/1427/182 255/886/182
f 590/887/183 372/960/184 73/888/184
f 551/890/185 333/1428/186 236/891/186
f 341/893/187 340/1429/188 305/894/188
f 614/896/189 447/1274/190 166/897/190
f 597/899/191 389/1102/192 144/900/192
f 514/902/174 502/868/172 270/869/172
f 351/903/193 473/1003/194 44/904/194
f 320/906/146 344/1058/218 290/907/196
f 394/908/54 558/1009/197 228/909/197
f 322/910/198 494/671/44 134/673/44
f 139/912/199 378/1430/199 537/645/28
f 475/913/200 324/786/124 199/787/124
f 559/915/201 408/654/33 51/656/33
f 531/917/202 336/948/74 19/918/74
f 391/920/204 619/678/205 118/921/205
f 383/923/206 596/1431/207 95/924/207
f 478/644/208 322/910/198 135/911/198
f 485/927/209 534/1432/210 172/928/210
f 375/930/212 552/903/66 99/905/66
f 352/932/213 351/1433/193 45/933/195
f 540/935/64 582/730/85 67/732/85
f 448/936/173 343/1171/214 280/937/214
f 592/938/45 523/874/126 132/939/126
f 388/940/215 482/815/216 222/941/216
f 355/943/217 350/612/5 77/614/5
f 344/945/218 488/974/219 289/946/219
f 483/948/77 457/775/116 115/777/116
f 357/949/10 356/1262/220 49/950/220
f 536/781/221 445/1239/222 101/951/222
f 593/953/38 561/1279/223 12/954/223
f 359/955/224 358/905/144 283/956/144
f 612/958/69 615/850/160 300/851/160
f 372/960/184 556/1434/59 72/961/59
f 503/962/225 575/1256/226 82/963/226
f 360/965/227 359/955/224 284/957/224
f 239/967/228 361/1435/228 434/968/229
f 395/970/62 500/627/15 218/629/15
f 510/971/230 557/1065/231 87/972/231
f 488/974/219 396/1081/288 288/975/232
f 554/976/233 393/1213/234 226/977/234
f 130/978/235 476/1436/235 489/709/70
f 491/979/236 490/1437/46 231/980/46
f 404/982/237 472/1199/238 140/983/238
f 365/985/60 364/1200/239 70/986/239
f 409/987/240 440/1223/241 309/988/241
f 527/990/242 464/1438/177 161/991/177
f 98/704/67 374/1411/67 384/993/243
f 367/995/244 366/1253/245 33/996/245
f 600/998/247 371/794/129 245/796/129
f 377/1000/29 478/1439/248 136/1001/248
f 473/1003/194 579/663/39 43/664/39
f 416/1004/249 568/1165/250 120/1005/250
f 451/1007/100 521/1192/251 261/1008/251
f 558/1009/197 554/1259/233 227/1010/233
f 337/1011/176 492/780/119 147/782/119
f 370/1013/252 369/1032/35 204/1014/35
f 385/1016/253 528/1440/276 174/1017/254
f 549/1019/255 360/965/227 285/966/227
f 563/1021/256 614/896/189 167/898/189
f 560/1023/257 559/1441/201 52/1024/201
f 596/1026/258 416/1004/249 121/1006/249
f 484/1028/259 354/1254/260 153/1029/260
f 434/968/229 551/703/185 237/1031/185
f 496/1032/262 495/1148/263 203/1033/263
f 525/1034/264 510/1161/230 88/1035/230
f 335/1037/155 497/1442/265 16/1038/265
f 557/1040/266 511/1258/267 86/1041/267
f 501/1043/163 312/892/106 109/1044/106
f 584/1045/120 597/899/191 145/901/191
f 499/878/268 498/1443/269 185/1047/269
f 323/1049/139 379/855/270 158/1050/270
f 460/825/271 433/1444/272 22/1052/272
f 621/1053/90 499/1214/268 186/1054/268
f 380/1055/273 403/1151/274 79/1056/274
f 528/1058/276 485/927/209 173/929/211
f 553/1060/277 512/852/162 111/854/162
f 381/1062/278 563/1021/256 168/1022/256
f 346/1063/98 382/857/137 122/859/137
f 616/1064/279 353/972/280 151/1065/280
f 450/1067/281 370/1013/252 205/1015/252
f 519/1069/282 314/1079/283 248/1070/283
f 363/1072/284 452/747/99 214/749/99
f 482/1074/216 392/1249/285 221/1075/285
f 384/993/243 383/923/206 96/925/206
f 429/1077/286 599/724/147 183/726/147
f 314/1079/283 468/1064/287 247/1080/287
f 396/1081/288 493/1269/164 287/1082/164
f 386/1083/289 385/1445/253 175/1084/253
f 543/1085/88 553/1446/277 112/1076/277
f 333/650/186 387/761/108 235/763/108
f 390/1087/290 348/658/81 89/1088/81
f 466/1090/291 504/1143/292 103/1091/292
f 602/1093/168 381/1447/293 169/1094/293
f 342/1095/51 388/940/215 223/942/215
f 443/1096/294 325/727/83 211/729/83
f 468/690/287 600/998/247 246/999/247
f 538/1098/295 565/739/92 58/740/92
f 506/1100/296 505/1425/170 276/865/170
f 389/1102/192 331/665/41 143/667/41
f 580/1103/18 513/831/133 126/1104/133
f 417/1105/297 423/1185/298 29/1106/298
f 400/1108/153 417/1105/297 30/1107/297
f 373/1109/157 390/1243/290 90/1110/290
f 535/1112/16 617/692/299 216/1113/299
f 435/1114/300 566/683/52 193/685/52
f 507/1116/301 475/1448/200 200/820/200
f 515/1118/302 618/1449/72 258/1119/72
f 498/1121/269 429/1077/286 184/1078/286
f 526/1123/303 620/913/321 180/1124/304
f 347/1126/6 508/1265/305 75/1127/305
f 547/1046/306 608/1238/307 36/1129/307
f 529/1130/308 517/1450/323 207/1131/309
f 479/1132/310 509/1451/311 178/1133/311
f 349/1135/127 476/1436/235 130/978/235
f 398/1136/166 397/755/104 55/757/104
f 518/1137/312 578/1222/313 278/1138/313
f 315/1140/150 539/1232/314 251/1141/314
f 504/1143/292 536/1452/221 102/1144/221
f 345/1145/315 598/1221/316 105/1146/316
f 495/1148/263 601/691/57 202/693/57
f 401/1040/317 567/1152/318 64/1149/318
f 403/1151/274 355/1096/217 78/1097/217
f 567/1152/318 442/651/32 63/653/32
f 516/1153/319 515/1118/302 259/1120/302
f 620/1155/321 496/1419/322 179/1156/322
f 405/1158/42 404/982/237 141/984/237
f 497/1159/265 407/778/117 15/779/117
f 517/1161/323 450/1067/281 206/1068/281
f 607/1162/324 367/1453/244 34/1163/246
f 568/1165/250 391/920/204 119/922/204
f 439/1166/26 341/893/187 306/895/187
f 376/1167/40 486/783/121 41/785/123
f 586/1168/125 603/1217/125 267/1169/125
f 38/1170/325 548/1454/325 547/1167/326
f 343/1171/214 518/1144/312 279/947/312
f 613/1172/95 577/624/13 4/626/13
f 410/1173/327 409/1194/240 310/1174/240
f 562/1176/328 422/1455/329 262/1177/329
f 520/1179/330 519/1456/282 249/1180/282
f 340/1182/331 622/772/114 304/774/114
f 571/1184/134 544/943/97 124/795/97
f 423/1185/298 487/849/135 28/848/135
f 595/1186/332 406/1457/333 297/776/333
f 449/1188/178 438/1246/334 189/1189/334
f 412/1190/335 339/1426/180 10/883/180
f 521/1192/251 516/1153/319 260/1154/320
f 415/1193/107 414/1174/336 107/1194/336
f 609/1195/337 610/741/94 6/743/96
f 574/1197/338 380/1055/273 80/1057/275
f 472/1199/238 378/1458/199 139/662/199
f 364/1200/239 541/1459/63 69/1037/65
f 605/1201/125 604/788/125 265/790/125
f 420/1203/339 491/979/236 232/981/236
f 418/1205/105 560/1023/257 53/1025/257
f 158/1179/340 379/944/340 419/1207/55
f 588/1181/159 352/932/213 46/934/213
f 421/1210/109 420/1203/339 233/1204/339
f 368/712/182 524/1227/341 254/1211/341
f 393/1213/234 425/680/50 225/682/50
f 422/1214/342 410/1173/327 311/1175/327
f 619/1215/205 542/718/76 117/720/78
f 603/1217/125 605/1201/125 266/1202/125
f 522/1218/8 525/1034/264 60/1036/264
f 617/1219/299 363/1072/284 215/1073/284
f 598/1221/316 466/1090/291 104/1092/291
f 578/1222/313 506/1100/296 277/1101/296
f 440/1223/241 569/1460/25 308/1197/27
f 430/1224/343 455/1413/110 273/764/110
f 428/1225/148 526/1123/303 181/1125/303
f 606/1226/125 562/1176/328 263/1178/328
f 524/1227/341 570/832/149 253/834/149
f 477/1228/344 527/990/242 162/992/242
f 470/1230/179 548/1454/325 38/1170/325
f 414/1061/336 345/1145/315 106/1147/315
f 539/1232/314 520/1461/345 250/632/345
f 402/1233/143 503/962/225 83/964/225
f 338/1235/181 426/1242/346 8/1236/346
f 608/1238/307 607/1162/324 35/1164/324
f 445/1239/222 375/930/212 100/931/212
f 330/1000/115 427/706/68 302/708/68
f 591/1241/112 436/1080/347 195/1209/347
f 426/1242/346 609/1110/337 7/1243/337
f 572/1244/20 362/639/23 293/641/23
f 530/1245/113 529/1026/308 208/1246/308
f 406/1247/333 329/677/48 296/679/49
f 392/1249/285 576/1016/348 220/1018/348
f 573/959/71 477/1462/344 163/1250/344
f 432/1251/349 531/917/202 20/919/203
f 366/1253/245 463/860/152 32/862/152
f 354/1254/260 616/1463/279 152/1255/279
f 575/1256/226 574/1464/338 81/1257/338
f 511/1258/267 462/1010/142 85/1259/142
f 275/867/171 431/866/171 430/1260/343
f 356/1262/220 589/1422/158 48/847/158
f 156/689/56 533/1410/56 532/1263/351
f 508/1265/305 590/1465/183 74/1266/183
f 22/1052/272 433/1444/272 432/1267/349
f 611/1235/161 595/1186/332 298/1187/332
f 532/1263/351 484/756/259 154/1270/261
f 424/1271/86 401/1082/317 65/1269/317
f 474/1272/169 585/622/352 240/1273/352
f 447/1274/190 332/1233/353 165/1234/353
f 534/1275/210 479/1132/310 171/1134/310
f 436/1276/347 435/1466/300 194/1277/300
f 585/916/352 361/1435/228 239/967/228
f 561/1279/223 412/1190/335 11/1191/335
f 438/746/334 437/736/89 188/738/91
f 509/1280/354 453/752/102 177/754/102
f 630/1281/355 639/1321/355 642/1282/355
f 628/1284/402 640/1467/402 624/1285/402
f 630/1287/357 641/1322/357 640/1288/357
f 639/1290/358 626/1297/358 624/1291/358
f 629/1293/359 627/1442/359 623/1294/359
f 635/1296/360 638/1310/360 626/1297/360
f 634/1298/403 631/1311/403 623/1299/403
f 633/1301/362 634/1313/362 627/1302/362
f 625/1304/404 632/1314/404 633/1305/404
f 631/1307/364 632/1317/364 625/1308/364
f 638/1310/405 635/1296/405 631/1311/405
f 637/1312/366 638/1319/366 634/1313/366
f 632/1314/406 636/1318/406 637/1315/406
f 635/1316/368 636/1320/368 632/1317/368
f 636/1318/369 630/1287/369 628/1289/369
f 637/1312/370 628/1468/370 626/1277/370
f 636/1320/371 635/1316/371 639/1321/371
f 641/1322/372 645/1331/372 644/1323/372
f 642/1292/373 624/1291/373 643/1324/373
f 641/1283/374 642/1282/374 646/1326/374
f 640/1328/375 644/1469/375 643/1329/375
f 645/1331/376 649/1344/376 648/1332/376
f 646/1325/377 643/1324/377 647/1333/377
f 645/1327/378 646/1326/378 650/1335/378
f 643/1337/379 644/1470/379 648/1338/379
f 649/1336/380 650/1335/380 654/1340/380
f 647/1341/381 648/1471/381 652/1342/381
f 649/1344/407 653/1472/407 652/1345/407
f 650/1334/408 647/1333/408 651/1346/408
f 652/1348/384 656/1352/384 655/1349/384
f 653/1351/384 657/1355/384 656/1352/384
f 651/1350/384 655/1349/384 658/1353/384
f 654/1354/384 658/1353/384 657/1355/384
f 657/1356/409 661/1473/409 660/1357/409
f 658/1359/410 655/1474/410 659/1360/410
f 657/1362/387 658/1475/387 662/828/387
f 656/1364/388 660/1476/388 659/1365/388
f 662/1367/384 666/1373/384 665/1368/384
f 659/1114/389 660/1372/389 664/1370/389
f 661/1369/411 665/1368/411 664/1370/411
f 662/1367/412 659/1114/412 663/1371/412
f 665/1374/413 669/1099/413 668/1375/413
f 666/1377/414 663/1477/414 667/1378/414
f 665/1380/394 666/1478/394 670/1247/394
f 663/1382/395 664/1479/395 668/1383/395
f 668/1385/396 669/1391/396 673/1386/396
f 670/1388/396 667/1392/396 671/1389/396
f 669/1391/396 670/1388/396 674/1390/396
f 668/1385/396 672/1387/396 671/1389/396
