# Blender 5.1.0
# www.blender.org
mtllib ThreeStoryBalcony.mtl
o 3Story_Balcony
v 1.016168 0.568107 1.009521
v 1.016168 0.708389 1.009521
v 0.875887 0.568107 1.009521
v 0.875887 0.708389 1.009521
v 1.016168 0.568107 0.764012
v 1.016168 0.708389 0.764012
v 0.875887 0.568107 0.764012
v 0.875887 0.708389 0.764012
v 0.769726 2.712570 1.006537
v 0.769726 2.852851 1.006537
v 0.769726 2.712570 0.866255
v 0.769726 2.852851 0.866255
v 1.015235 2.712570 1.006537
v 1.015235 2.852851 1.006537
v 1.015235 2.712570 0.866255
v 1.015235 2.852851 0.866255
v 1.016168 0.681610 0.529003
v 1.016168 0.821892 0.529003
v 0.875887 0.681610 0.529003
v 0.875887 0.821892 0.529003
v 1.016168 0.681610 0.283494
v 1.016168 0.821892 0.283494
v 0.875887 0.681610 0.283494
v 0.875887 0.821892 0.283494
v 1.016168 3.376653 -0.140260
v 1.016168 3.516935 -0.140260
v 0.875887 3.376653 -0.140260
v 0.875887 3.516935 -0.140260
v 1.016168 3.376653 -0.351058
v 1.016168 3.516935 -0.351058
v 0.875887 3.376653 -0.351058
v 0.875887 3.516935 -0.351058
v 1.016168 3.533728 -0.010268
v 1.016168 3.674009 -0.010268
v 0.875887 3.533728 -0.010268
v 0.875887 3.674009 -0.010268
v 1.016168 3.533728 -0.255777
v 1.016168 3.674009 -0.255777
v 0.875887 3.533728 -0.255777
v 0.875887 3.674009 -0.255777
v 1.016168 2.804386 -0.382650
v 1.016168 2.944668 -0.382650
v 0.875887 2.804386 -0.382650
v 0.875887 2.944668 -0.382650
v 1.016168 2.804386 -0.628159
v 1.016168 2.944668 -0.628159
v 0.875887 2.804386 -0.628159
v 0.875887 2.944668 -0.628159
v 1.016168 0.515269 0.117730
v 1.016168 0.655551 0.117730
v 0.875887 0.515269 0.117730
v 0.875887 0.655551 0.117730
v 1.016168 0.515269 -0.127779
v 1.016168 0.655551 -0.127779
v 0.875887 0.515269 -0.127779
v 0.875887 0.655551 -0.127779
v 1.016168 1.252479 -0.508140
v 1.016168 1.392760 -0.508140
v 0.875887 1.252479 -0.508140
v 0.875887 1.392760 -0.508140
v 1.016168 1.252479 -0.753649
v 1.016168 1.392760 -0.753649
v 0.875887 1.252479 -0.753649
v 0.875887 1.392760 -0.753649
v 1.016168 2.858802 1.009521
v 1.016168 2.999083 1.009521
v 0.875887 2.858802 1.009521
v 0.875887 2.999083 1.009521
v 1.016168 2.858802 0.764012
v 1.016168 2.999083 0.764012
v 0.875887 2.858802 0.764012
v 0.875887 2.999083 0.764012
v -0.095273 0.621906 -1.016168
v -0.095273 0.762187 -1.016168
v -0.095273 0.621906 -0.875887
v -0.095273 0.762187 -0.875887
v -0.340782 0.621906 -1.016168
v -0.340782 0.762187 -1.016168
v -0.340782 0.621906 -0.875887
v -0.340782 0.762187 -0.875887
v 1.006537 0.778116 -0.769726
v 1.006537 0.918397 -0.769726
v 0.866255 0.778116 -0.769726
v 0.866255 0.918397 -0.769726
v 1.006537 0.778116 -1.015235
v 1.006537 0.918397 -1.015235
v 0.866255 0.778116 -1.015235
v 0.866255 0.918397 -1.015235
v -0.599135 1.150001 -1.016168
v -0.599135 1.290282 -1.016168
v -0.599135 1.150001 -0.875887
v -0.599135 1.290282 -0.875887
v -0.844644 1.150001 -1.016168
v -0.844644 1.290282 -1.016168
v -0.844644 1.150001 -0.875887
v -0.844644 1.290282 -0.875887
v 0.543460 2.894452 -0.875887
v 0.543460 2.754170 -0.875887
v 0.543460 2.894452 -1.016168
v 0.543460 2.754170 -1.016168
v 0.788969 2.894452 -0.875887
v 0.788969 2.754170 -0.875887
v 0.788969 2.894452 -1.016168
v 0.788969 2.754170 -1.016168
v -0.231905 3.468869 -1.016168
v -0.231905 3.609151 -1.016168
v -0.231905 3.468869 -0.875887
v -0.231905 3.609151 -0.875887
v -0.477414 3.468869 -1.016168
v -0.477414 3.609151 -1.016168
v -0.477414 3.468869 -0.875887
v -0.477414 3.609151 -0.875887
v 1.009521 2.923663 -1.016168
v 1.009521 3.063944 -1.016168
v 1.009521 2.923663 -0.875887
v 1.009521 3.063944 -0.875887
v 0.764012 2.923663 -1.016168
v 0.764012 3.063944 -1.016168
v 0.764012 2.923663 -0.875887
v 0.764012 3.063944 -0.875887
v -1.016168 0.779815 -1.009521
v -1.016168 0.920096 -1.009521
v -0.875887 0.779815 -1.009521
v -0.875887 0.920096 -1.009521
v -1.016168 0.779815 -0.764012
v -1.016168 0.920096 -0.764012
v -0.875887 0.779815 -0.764012
v -0.875887 0.920096 -0.764012
v -1.016168 0.967347 -0.529003
v -1.016168 1.107628 -0.529003
v -0.875887 0.967347 -0.529003
v -0.875887 1.107628 -0.529003
v -1.016168 0.967347 -0.283494
v -1.016168 1.107628 -0.283494
v -0.875887 0.967347 -0.283494
v -0.875887 1.107628 -0.283494
v -1.016168 3.298638 -0.387037
v -1.016168 3.438920 -0.387037
v -0.875887 3.298638 -0.387037
v -0.875887 3.438920 -0.387037
v -1.016168 3.298638 -0.176239
v -1.016168 3.438920 -0.176239
v -0.875887 3.298638 -0.176239
v -0.875887 3.438920 -0.176239
v -1.016168 3.103795 0.468332
v -1.016168 3.244076 0.468332
v -0.875887 3.103795 0.468332
v -0.875887 3.244076 0.468332
v -1.016168 3.103795 0.713841
v -1.016168 3.244076 0.713841
v -0.875887 3.103795 0.713841
v -0.875887 3.244076 0.713841
v -1.016168 0.515269 -0.117730
v -1.016168 0.655551 -0.117730
v -0.875887 0.515269 -0.117730
v -0.875887 0.655551 -0.117730
v -1.016168 0.515269 0.127779
v -1.016168 0.655551 0.127779
v -0.875887 0.515269 0.127779
v -0.875887 0.655551 0.127779
v -1.016168 2.770074 -1.009521
v -1.016168 2.910355 -1.009521
v -0.875887 2.770074 -1.009521
v -0.875887 2.910355 -1.009521
v -1.016168 2.770074 -0.764012
v -1.016168 2.910355 -0.764012
v -0.875887 2.770074 -0.764012
v -0.875887 2.910355 -0.764012
v -1.016168 2.807726 -0.387037
v -1.016168 2.948008 -0.387037
v -0.875887 2.807726 -0.387037
v -0.875887 2.948008 -0.387037
v -1.016168 2.807726 -0.141528
v -1.016168 2.948008 -0.141528
v -0.875887 2.807726 -0.141528
v -0.875887 2.948008 -0.141528
v -1.009521 3.392481 1.016168
v -1.009521 3.532763 1.016168
v -1.009521 3.392481 0.875887
v -1.009521 3.532763 0.875887
v -0.764012 3.392481 1.016168
v -0.764012 3.532763 1.016168
v -0.764012 3.392481 0.875887
v -0.764012 3.532763 0.875887
v -1.006537 3.548692 0.769726
v -1.006537 3.688973 0.769726
v -0.866255 3.548692 0.769726
v -0.866255 3.688973 0.769726
v -1.006537 3.548692 1.015235
v -1.006537 3.688973 1.015235
v -0.866255 3.548692 1.015235
v -0.866255 3.688973 1.015235
v 0.593532 3.537495 1.016168
v 0.593532 3.677776 1.016168
v 0.593532 3.537495 0.875887
v 0.593532 3.677776 0.875887
v 0.839041 3.537495 1.016168
v 0.839041 3.677776 1.016168
v 0.839041 3.537495 0.875887
v 0.839041 3.677776 0.875887
v -1.009521 0.946639 1.016168
v -1.009521 1.086920 1.016168
v -1.009521 0.946639 0.875887
v -1.009521 1.086920 0.875887
v -0.764012 0.946639 1.016168
v -0.764012 1.086920 1.016168
v -0.764012 0.946639 0.875887
v -0.764012 1.086920 0.875887
v -1.029682 4.046619 0.985434
v -0.985434 4.046619 1.029682
v -0.985434 4.046619 -1.029682
v -1.029682 4.046619 -0.985434
v 1.029682 4.046619 -0.985434
v 0.985434 4.046619 -1.029682
v 0.985434 4.046619 1.029682
v 1.029682 4.046619 0.985434
v -0.975641 0.392432 1.019449
v -1.019449 0.392432 0.975641
v -1.019449 0.392432 -0.975641
v -0.975641 0.392432 -1.019449
v 1.019449 0.392432 0.975641
v 0.975641 0.392432 1.019449
v 0.975641 0.392432 -1.019449
v 1.019449 0.392432 -0.975641
v -0.975641 -0.003245 1.019449
v -1.019449 -0.003245 0.975641
v -1.019449 -0.003245 -0.975641
v -0.975641 -0.003245 -1.019449
v 1.019449 -0.003245 0.975641
v 0.975641 -0.003245 1.019449
v 0.975641 -0.003245 -1.019449
v 1.019449 -0.003245 -0.975641
v -0.922901 0.392432 0.964341
v -0.964341 0.392432 0.922901
v -0.964341 0.392432 -0.922901
v -0.922901 0.392432 -0.964341
v 0.964341 0.392432 0.922901
v 0.922901 0.392432 0.964341
v 0.922901 0.392432 -0.964341
v 0.964341 0.392432 -0.922901
v -0.264138 0.392432 1.019449
v -0.264138 -0.003245 1.019449
v -0.264138 0.392432 0.964341
v 0.254261 0.392432 1.019449
v 0.254261 -0.003245 1.019449
v 0.254261 0.392432 0.964341
v -0.264138 -0.003245 0.964341
v 0.254261 -0.003245 0.964341
v 1.027389 -0.003245 -1.024176
v 1.027389 0.126212 -1.024176
v 1.027389 -0.003245 -0.966601
v 1.027389 0.126212 -0.966601
v 0.788629 -0.003245 -1.024176
v 0.788629 0.126212 -1.024176
v 0.788629 -0.003245 -0.966602
v 0.788629 0.126212 -0.966602
v 0.909267 0.137814 -1.051325
v 0.909267 0.274894 -1.051325
v 0.909267 0.140461 -0.887751
v 0.909267 0.282010 -0.887751
v 0.670507 0.135392 -1.051325
v 0.670507 0.270372 -1.051325
v 0.670507 0.133946 -0.887751
v 0.670507 0.282447 -0.887751
v 1.027389 0.273858 -1.024176
v 1.027389 0.415954 -1.024176
v 1.027389 0.281671 -0.966601
v 1.027389 0.413242 -0.966601
v 0.788629 0.282827 -1.024176
v 0.788629 0.410284 -1.024176
v 0.788629 0.290556 -0.966602
v 0.788629 0.410559 -0.966602
v 0.777572 -0.003245 -1.033535
v 0.777572 0.126212 -1.033535
v 0.777571 -0.003245 -0.887751
v 0.777571 0.126728 -0.887751
v 0.538811 -0.003245 -1.033535
v 0.538811 0.126212 -1.033535
v 0.538811 -0.003245 -0.887751
v 0.538811 0.126212 -0.887751
v 0.659449 0.137271 -1.024176
v 0.659449 0.270372 -1.024176
v 0.659449 0.136085 -0.887751
v 0.659449 0.270372 -0.887751
v 0.420689 0.135935 -1.024176
v 0.420689 0.275938 -1.024176
v 0.420689 0.150421 -0.887751
v 0.420689 0.270372 -0.887751
v 0.777571 0.273858 -1.024176
v 0.777571 0.417489 -1.024176
v 0.777571 0.279869 -0.887751
v 0.777571 0.411950 -0.887751
v 0.538811 0.273858 -1.024176
v 0.538811 0.413630 -1.024176
v 0.538811 0.273858 -0.887751
v 0.538811 0.421593 -0.887751
v 0.527754 -0.003245 -1.024176
v 0.527754 0.130534 -1.024176
v 0.527754 -0.003245 -0.887751
v 0.527754 0.128924 -0.887751
v 0.288993 -0.003245 -1.024176
v 0.288993 0.126212 -1.024176
v 0.288993 -0.003245 -0.887751
v 0.288993 0.137605 -0.887751
v 0.409632 0.133946 -1.051325
v 0.409632 0.272660 -1.051325
v 0.409632 0.133946 -0.887751
v 0.409632 0.276263 -0.887751
v 0.170871 0.133946 -1.051325
v 0.170871 0.270372 -1.051325
v 0.170871 0.143941 -0.887751
v 0.170871 0.270372 -0.887751
v 0.527754 0.273858 -1.024176
v 0.527754 0.416138 -1.024176
v 0.527754 0.282320 -0.887751
v 0.527754 0.410284 -0.887751
v 0.288993 0.273858 -1.024176
v 0.288993 0.410284 -1.024176
v 0.288993 0.273858 -0.887751
v 0.288993 0.417088 -0.887751
v 0.277936 -0.003245 -1.033535
v 0.277936 0.133028 -1.033535
v 0.277936 -0.003245 -0.887751
v 0.277936 0.126212 -0.887751
v 0.039175 -0.003245 -1.033535
v 0.039175 0.132925 -1.033535
v 0.039175 -0.003245 -0.887751
v 0.039175 0.126212 -0.887751
v 0.159814 0.133946 -1.024176
v 0.159814 0.270372 -1.024176
v 0.159814 0.136132 -0.887751
v 0.159814 0.270372 -0.887751
v -0.078947 0.133946 -1.024176
v -0.078947 0.272182 -1.024176
v -0.078947 0.144411 -0.887751
v -0.078947 0.283457 -0.887751
v 0.277936 0.273858 -1.033535
v 0.277936 0.410284 -1.033535
v 0.277936 0.273858 -0.887751
v 0.277936 0.410284 -0.887751
v 0.039175 0.281415 -1.033535
v 0.039175 0.415743 -1.033535
v 0.039175 0.273858 -0.887751
v 0.039175 0.410284 -0.887751
v 0.028118 -0.003245 -1.024176
v 0.028118 0.132056 -1.024176
v 0.028118 -0.003245 -0.887751
v 0.028118 0.135746 -0.887751
v -0.210643 -0.003245 -1.024177
v -0.210643 0.126212 -1.024177
v -0.210643 -0.003245 -0.887751
v -0.210643 0.126212 -0.887751
v -0.090004 0.146542 -1.024176
v -0.090004 0.270372 -1.024176
v -0.090004 0.142764 -0.887751
v -0.090004 0.282038 -0.887751
v -0.328765 0.138234 -1.024177
v -0.328765 0.270372 -1.024177
v -0.328765 0.133946 -0.887751
v -0.328765 0.279741 -0.887751
v 0.028118 0.273858 -1.051325
v 0.028118 0.412416 -1.051325
v 0.028118 0.273858 -0.887751
v 0.028118 0.418846 -0.887751
v -0.210643 0.273858 -1.051325
v -0.210643 0.410284 -1.051325
v -0.210643 0.287172 -0.887751
v -0.210643 0.414834 -0.887751
v -0.221700 -0.003245 -1.051325
v -0.221700 0.126394 -1.051325
v -0.221700 -0.003245 -0.887751
v -0.221700 0.144377 -0.887751
v -0.460461 -0.003245 -1.051325
v -0.460461 0.126212 -1.051325
v -0.460461 -0.003245 -0.887751
v -0.460461 0.133827 -0.887751
v -0.339822 0.133946 -1.033535
v -0.339822 0.270372 -1.033535
v -0.339822 0.137288 -0.887751
v -0.339822 0.270372 -0.887751
v -0.578583 0.136690 -1.033535
v -0.578583 0.270372 -1.033535
v -0.578583 0.133946 -0.887751
v -0.578583 0.270372 -0.887751
v -0.221700 0.283679 -1.024177
v -0.221700 0.410284 -1.024177
v -0.221700 0.273858 -0.887751
v -0.221700 0.410284 -0.887751
v -0.460461 0.273858 -1.024177
v -0.460461 0.410284 -1.024177
v -0.460461 0.273858 -0.887751
v -0.460461 0.410284 -0.887751
v -0.471518 -0.003245 -1.024177
v -0.471518 0.134835 -1.024177
v -0.471518 -0.003245 -0.887751
v -0.471518 0.126212 -0.887751
v -0.710279 -0.003245 -1.024177
v -0.710279 0.129287 -1.024177
v -0.710279 -0.003245 -0.887751
v -0.710279 0.126212 -0.887751
v -0.589640 0.133946 -1.024177
v -0.589640 0.270372 -1.024177
v -0.589640 0.133946 -0.887751
v -0.589640 0.284380 -0.887751
v -0.828401 0.143358 -1.024177
v -0.828401 0.270920 -1.024177
v -0.828401 0.139835 -0.887751
v -0.828401 0.273477 -0.887751
v -0.471518 0.276366 -1.024177
v -0.471518 0.416114 -1.024177
v -0.471518 0.281991 -0.887751
v -0.471518 0.414363 -0.887751
v -0.710279 0.285746 -1.024177
v -0.710279 0.410284 -1.024177
v -0.710279 0.281773 -0.887751
v -0.710279 0.410284 -0.887751
v -0.721336 -0.003245 -1.024177
v -0.721336 0.131842 -1.024177
v -0.721336 -0.003245 -0.887751
v -0.721336 0.130355 -0.887751
v -0.960096 -0.003245 -1.024177
v -0.960096 0.130618 -1.024177
v -0.960096 -0.003245 -0.887751
v -0.960096 0.132411 -0.887751
v -0.839458 0.133946 -1.024177
v -0.839458 0.270372 -1.024177
v -0.839458 0.133946 -0.926153
v -0.839458 0.270372 -0.926153
v -1.024022 0.135332 -1.024177
v -1.024022 0.270372 -1.024177
v -1.024022 0.135063 -0.926153
v -1.024022 0.272305 -0.926153
v -0.721336 0.273858 -1.024177
v -0.721336 0.410284 -1.024177
v -0.721336 0.279508 -0.887751
v -0.721336 0.415936 -0.887751
v -0.960096 0.273858 -1.024177
v -0.960096 0.410284 -1.024177
v -0.960096 0.273858 -0.887751
v -0.960096 0.413318 -0.887751
v -1.024176 -0.003245 -1.027389
v -1.024176 0.126212 -1.027389
v -0.968304 -0.003245 -1.027389
v -0.968304 0.126212 -1.027389
v -1.024176 -0.003245 -0.788628
v -1.024176 0.126212 -0.788628
v -0.968304 -0.003245 -0.788628
v -0.968304 0.126212 -0.788628
v -1.045928 0.137814 -0.909267
v -1.045928 0.274894 -0.909267
v -0.887751 0.140461 -0.909267
v -0.887751 0.282010 -0.909267
v -1.045928 0.135392 -0.670506
v -1.045928 0.270372 -0.670506
v -0.887751 0.133946 -0.670506
v -0.887751 0.282447 -0.670506
v -1.024176 0.273858 -1.027389
v -1.024176 0.415954 -1.027389
v -0.968304 0.281671 -1.027389
v -0.968304 0.413242 -1.027389
v -1.024176 0.282827 -0.788628
v -1.024176 0.410284 -0.788628
v -0.968304 0.290556 -0.788628
v -0.968304 0.410559 -0.788628
v -1.024176 -0.003245 -0.777571
v -1.024176 0.126212 -0.777571
v -0.887751 -0.003245 -0.777571
v -0.887751 0.126728 -0.777571
v -1.024176 -0.003245 -0.538810
v -1.024176 0.126212 -0.538810
v -0.887751 -0.003245 -0.538811
v -0.887751 0.126212 -0.538811
v -1.024176 0.137271 -0.659449
v -1.024176 0.270372 -0.659449
v -0.887751 0.136085 -0.659449
v -0.887751 0.270372 -0.659449
v -1.024176 0.135935 -0.420689
v -1.024176 0.275938 -0.420689
v -0.887751 0.150421 -0.420689
v -0.887751 0.270372 -0.420689
v -1.028351 0.273858 -0.777571
v -1.028351 0.417489 -0.777571
v -0.887751 0.279869 -0.777571
v -0.887751 0.411950 -0.777571
v -1.028351 0.273858 -0.538811
v -1.028351 0.413630 -0.538811
v -0.887751 0.273858 -0.538811
v -0.887751 0.421593 -0.538811
v -1.028351 -0.003245 -0.527753
v -1.028351 0.130534 -0.527753
v -0.887751 -0.003245 -0.527753
v -0.887751 0.128924 -0.527753
v -1.028351 -0.003245 -0.288993
v -1.028351 0.126212 -0.288993
v -0.887751 -0.003245 -0.288993
v -0.887751 0.137605 -0.288993
v -1.024176 0.133946 -0.409631
v -1.024176 0.272660 -0.409631
v -0.887751 0.133946 -0.409631
v -0.887751 0.276263 -0.409631
v -1.024176 0.133946 -0.170871
v -1.024176 0.270372 -0.170871
v -0.887751 0.143941 -0.170871
v -0.887751 0.270372 -0.170871
v -1.024176 0.273858 -0.527753
v -1.024176 0.416138 -0.527753
v -0.887751 0.282320 -0.527753
v -0.887751 0.410284 -0.527753
v -1.024176 0.273858 -0.288993
v -1.024176 0.410284 -0.288993
v -0.887751 0.273858 -0.288993
v -0.887751 0.417088 -0.288993
v -1.024176 -0.003245 -0.277936
v -1.024176 0.133028 -0.277936
v -0.887751 -0.003245 -0.277935
v -0.887751 0.126212 -0.277935
v -1.024176 -0.003245 -0.039175
v -1.024176 0.132925 -0.039175
v -0.887751 -0.003245 -0.039175
v -0.887751 0.126212 -0.039175
v -1.024176 0.133946 -0.159813
v -1.024176 0.270372 -0.159813
v -0.887751 0.136132 -0.159813
v -0.887751 0.270372 -0.159813
v -1.024176 0.133946 0.078947
v -1.024176 0.272182 0.078947
v -0.887751 0.144411 0.078947
v -0.887751 0.283457 0.078947
v -1.045928 0.273858 -0.277936
v -1.045928 0.410284 -0.277936
v -0.887751 0.273858 -0.277935
v -0.887751 0.410284 -0.277935
v -1.045928 0.281415 -0.039175
v -1.045928 0.415743 -0.039175
v -0.887751 0.273858 -0.039175
v -0.887751 0.410284 -0.039175
v -1.024176 -0.003245 -0.028118
v -1.024176 0.132056 -0.028118
v -0.887751 -0.003245 -0.028118
v -0.887751 0.135746 -0.028118
v -1.024176 -0.003245 0.210643
v -1.024176 0.126212 0.210643
v -0.887751 -0.003245 0.210643
v -0.887751 0.126212 0.210643
v -1.024176 0.146542 0.090004
v -1.024176 0.270372 0.090004
v -0.887751 0.142764 0.090004
v -0.887751 0.282038 0.090004
v -1.024176 0.138234 0.328765
v -1.024176 0.270372 0.328765
v -0.887751 0.133946 0.328765
v -0.887751 0.279741 0.328765
v -1.024176 0.273858 -0.028118
v -1.024176 0.412416 -0.028118
v -0.887751 0.273858 -0.028118
v -0.887751 0.418846 -0.028118
v -1.024176 0.273858 0.210643
v -1.024176 0.410284 0.210643
v -0.887751 0.287172 0.210643
v -0.887751 0.414834 0.210643
v -1.045928 -0.003245 0.221700
v -1.045928 0.126394 0.221700
v -0.887751 -0.003245 0.221700
v -0.887751 0.144377 0.221700
v -1.045928 -0.003245 0.460461
v -1.045928 0.126212 0.460461
v -0.887751 -0.003245 0.460461
v -0.887751 0.133827 0.460461
v -1.028351 0.133946 0.339822
v -1.028351 0.270372 0.339822
v -0.887751 0.137288 0.339822
v -0.887751 0.270372 0.339822
v -1.028351 0.136690 0.578583
v -1.028351 0.270372 0.578583
v -0.887751 0.133946 0.578583
v -0.887751 0.270372 0.578583
v -1.024176 0.283679 0.221700
v -1.024176 0.410284 0.221700
v -0.887751 0.273858 0.221700
v -0.887751 0.410284 0.221700
v -1.024176 0.273858 0.460461
v -1.024176 0.410284 0.460461
v -0.887751 0.273858 0.460461
v -0.887751 0.410284 0.460461
v -1.024176 -0.003245 0.471518
v -1.024176 0.134835 0.471518
v -0.887751 -0.003245 0.471518
v -0.887751 0.126212 0.471518
v -1.024176 -0.003245 0.710279
v -1.024176 0.129287 0.710279
v -0.887751 -0.003245 0.710279
v -0.887751 0.126212 0.710279
v -1.024177 0.133946 0.589640
v -1.024177 0.270372 0.589640
v -0.887751 0.133946 0.589640
v -0.887751 0.284380 0.589640
v -1.024176 0.143358 0.828401
v -1.024176 0.270920 0.828401
v -0.887751 0.139835 0.828401
v -0.887751 0.273477 0.828401
v -1.024176 0.276366 0.471518
v -1.024176 0.416114 0.471518
v -0.887751 0.281991 0.471518
v -0.887751 0.414363 0.471518
v -1.024176 0.285746 0.710279
v -1.024176 0.410284 0.710279
v -0.887751 0.281773 0.710279
v -0.887751 0.410284 0.710279
v -1.024176 -0.003245 0.721336
v -1.024176 0.131842 0.721336
v -0.887751 -0.003245 0.721336
v -0.887751 0.130355 0.721336
v -1.024177 -0.003245 0.960097
v -1.024177 0.130618 0.960097
v -0.887751 -0.003245 0.960097
v -0.887751 0.132411 0.960097
v -1.024176 0.133946 0.839458
v -1.024176 0.270372 0.839458
v -0.916432 0.133946 0.839458
v -0.916432 0.270372 0.839458
v -1.024176 0.135332 1.034633
v -1.024176 0.270372 1.034633
v -0.916432 0.135063 1.034633
v -0.916432 0.272305 1.034633
v -1.024176 0.273858 0.721336
v -1.024176 0.410284 0.721336
v -0.887751 0.279508 0.721336
v -0.887751 0.415936 0.721336
v -1.024177 0.273858 0.960097
v -1.024177 0.410284 0.960097
v -0.887751 0.273858 0.960097
v -0.887751 0.413318 0.960097
v 1.024176 -0.003245 1.027389
v 1.024176 0.126212 1.027389
v 0.963433 -0.003245 1.027389
v 0.963433 0.126212 1.027389
v 1.024177 -0.003245 0.788628
v 1.024177 0.126212 0.788628
v 0.963433 -0.003245 0.788628
v 0.963433 0.126809 0.788628
v 1.024177 0.137814 0.909267
v 1.024177 0.274894 0.909267
v 0.887751 0.140461 0.909267
v 0.887751 0.282010 0.909267
v 1.024176 0.135392 0.670506
v 1.024176 0.270372 0.670506
v 0.887751 0.133946 0.670506
v 0.887751 0.282447 0.670506
v 1.024176 0.273858 1.027389
v 1.024176 0.415954 1.027389
v 0.963433 0.273858 1.027389
v 0.963433 0.413125 1.027389
v 1.024177 0.282827 0.788628
v 1.024177 0.410284 0.788628
v 0.963433 0.290632 0.788628
v 0.963433 0.417499 0.788628
v 1.024176 -0.003245 0.777571
v 1.024176 0.126212 0.777571
v 0.963433 -0.003245 0.777571
v 0.963433 0.126212 0.777571
v 1.024177 -0.003245 0.538810
v 1.024177 0.126212 0.538810
v 0.963433 -0.003245 0.538810
v 0.963433 0.129996 0.538810
v 1.048177 0.137271 0.659449
v 1.048177 0.270372 0.659449
v 0.887751 0.136085 0.659449
v 0.887751 0.270372 0.659449
v 1.048177 0.135935 0.420688
v 1.048177 0.275938 0.420688
v 0.887751 0.150421 0.420688
v 0.887751 0.270372 0.420688
v 1.024176 0.273858 0.777571
v 1.024176 0.417489 0.777571
v 0.963433 0.273858 0.777571
v 0.963433 0.410284 0.777571
v 1.024177 0.273858 0.538810
v 1.024177 0.413630 0.538810
v 0.963433 0.279466 0.538810
v 0.963433 0.410284 0.538810
v 1.024177 -0.003245 0.527753
v 1.024177 0.130534 0.527753
v 0.963433 -0.003245 0.527753
v 0.963433 0.126212 0.527753
v 1.024176 -0.003245 0.288993
v 1.024176 0.126212 0.288993
v 0.963433 -0.003245 0.288993
v 0.963433 0.129294 0.288993
v 1.020056 0.133946 0.409631
v 1.020056 0.272660 0.409631
v 0.887751 0.133946 0.409631
v 0.887751 0.276263 0.409631
v 1.020057 0.133946 0.170871
v 1.020057 0.270372 0.170871
v 0.887751 0.143941 0.170871
v 0.887751 0.270372 0.170871
v 1.024177 0.273858 0.527753
v 1.024177 0.416138 0.527753
v 0.963433 0.273858 0.527753
v 0.963433 0.421326 0.527753
v 1.024176 0.273858 0.288993
v 1.024176 0.410284 0.288993
v 0.963433 0.283571 0.288993
v 0.963433 0.410728 0.288993
v 1.024176 -0.003245 0.277935
v 1.024176 0.133028 0.277935
v 0.963433 -0.003245 0.277935
v 0.963433 0.126212 0.277935
v 1.024176 -0.003245 0.039175
v 1.024176 0.132925 0.039175
v 0.963433 -0.003245 0.039175
v 0.963433 0.133386 0.039175
v 1.024177 0.133946 0.159813
v 1.024177 0.270372 0.159813
v 0.887751 0.136132 0.159813
v 0.887751 0.270372 0.159813
v 1.024176 0.133946 -0.078947
v 1.024176 0.272182 -0.078947
v 0.887751 0.144411 -0.078947
v 0.887751 0.283457 -0.078947
v 1.024176 0.273858 0.277935
v 1.024176 0.410284 0.277935
v 0.963433 0.273858 0.277935
v 0.963433 0.410284 0.277935
v 1.024176 0.281415 0.039175
v 1.024176 0.415743 0.039175
v 0.963433 0.273858 0.039175
v 0.963433 0.413267 0.039175
v 1.048177 -0.003245 0.028118
v 1.048177 0.132056 0.028118
v 0.963433 -0.003245 0.028118
v 0.963433 0.131654 0.028118
v 1.048177 -0.003245 -0.210643
v 1.048177 0.126212 -0.210643
v 0.963433 -0.003245 -0.210643
v 0.963433 0.126212 -0.210643
v 1.024176 0.146542 -0.090004
v 1.024176 0.270372 -0.090004
v 0.887751 0.142764 -0.090004
v 0.887751 0.282038 -0.090004
v 1.024176 0.138234 -0.328765
v 1.024176 0.270372 -0.328765
v 0.887751 0.133946 -0.328765
v 0.887751 0.279741 -0.328765
v 1.024176 0.273858 0.028118
v 1.024176 0.412416 0.028118
v 0.963433 0.279495 0.028118
v 0.963433 0.410284 0.028118
v 1.024176 0.273858 -0.210643
v 1.024176 0.410284 -0.210643
v 0.963433 0.273858 -0.210643
v 0.963433 0.410284 -0.210643
v 1.024176 -0.003245 -0.221700
v 1.024176 0.126394 -0.221700
v 0.963433 -0.003245 -0.221700
v 0.963433 0.144896 -0.221700
v 1.024176 -0.003245 -0.460461
v 1.024176 0.126212 -0.460461
v 0.963433 -0.003245 -0.460461
v 0.963433 0.128666 -0.460461
v 1.024176 0.133946 -0.339822
v 1.024176 0.270372 -0.339822
v 0.887751 0.137288 -0.339822
v 0.887751 0.270372 -0.339822
v 1.024176 0.136690 -0.578583
v 1.024176 0.270372 -0.578583
v 0.887751 0.133946 -0.578583
v 0.887751 0.270372 -0.578583
v 1.024176 0.283679 -0.221700
v 1.024176 0.410284 -0.221700
v 0.963433 0.273858 -0.221700
v 0.963433 0.421682 -0.221700
v 1.024176 0.273858 -0.460461
v 1.024176 0.410284 -0.460461
v 0.963433 0.283900 -0.460461
v 0.963433 0.410284 -0.460461
v 1.024176 -0.003245 -0.471518
v 1.024176 0.134835 -0.471518
v 0.963433 -0.003245 -0.471518
v 0.963433 0.131227 -0.471518
v 1.024176 -0.003245 -0.710279
v 1.024176 0.129287 -0.710279
v 0.963433 -0.003245 -0.710279
v 0.963433 0.126212 -0.710279
v 1.024176 0.133946 -0.589640
v 1.024176 0.270372 -0.589640
v 0.887751 0.133946 -0.589640
v 0.887751 0.284380 -0.589640
v 1.024176 0.143358 -0.828401
v 1.024176 0.270920 -0.828401
v 0.887751 0.139835 -0.828401
v 0.887751 0.273477 -0.828401
v 1.025963 0.276366 -0.471518
v 1.025963 0.416114 -0.471518
v 0.963433 0.273858 -0.471518
v 0.963433 0.410284 -0.471518
v 1.025963 0.285746 -0.710279
v 1.025963 0.410284 -0.710279
v 0.963433 0.273858 -0.710279
v 0.963433 0.410284 -0.710279
v 1.024176 -0.003245 -0.721336
v 1.024176 0.131842 -0.721336
v 0.963433 -0.003245 -0.721336
v 0.963433 0.126212 -0.721336
v 1.024176 -0.003245 -0.960097
v 1.024176 0.130618 -0.960097
v 0.963433 -0.003245 -0.960097
v 0.963433 0.126526 -0.960097
v 1.024176 0.133946 -0.839458
v 1.024176 0.270372 -0.839458
v 0.916927 0.133946 -0.839458
v 0.916927 0.270372 -0.839458
v 1.024176 0.135332 -1.032251
v 1.024176 0.270372 -1.032251
v 0.916927 0.135063 -1.032251
v 0.916927 0.272305 -1.032251
v 1.024176 0.273858 -0.721336
v 1.024176 0.410284 -0.721336
v 0.963433 0.273858 -0.721336
v 0.963433 0.413718 -0.721336
v 1.024176 0.273858 -0.960097
v 1.024176 0.410284 -0.960097
v 0.963433 0.283638 -0.960097
v 0.963433 0.410284 -0.960097
v -1.027389 -0.003245 1.024176
v -1.027389 0.126212 1.024176
v -1.027389 -0.003245 0.963222
v -1.027389 0.126212 0.963222
v -0.788628 -0.003245 1.024176
v -0.788628 0.126212 1.024176
v -0.788628 -0.003245 0.963222
v -0.788628 0.126212 0.963222
v -0.909267 0.137814 1.043556
v -0.909267 0.274894 1.043556
v -0.909267 0.140461 0.887751
v -0.909267 0.282010 0.887751
v -0.670506 0.135392 1.043556
v -0.670506 0.270372 1.043556
v -0.670506 0.133946 0.887751
v -0.670506 0.282447 0.887751
v -1.027389 0.273858 1.024176
v -1.027389 0.415954 1.024176
v -1.027389 0.281671 0.963222
v -1.027389 0.413242 0.963222
v -0.788628 0.282827 1.024176
v -0.788628 0.410284 1.024176
v -0.788628 0.290556 0.963222
v -0.788628 0.410559 0.963222
v -0.777571 -0.003245 1.026717
v -0.777571 0.126212 1.026717
v -0.777571 -0.003245 0.887751
v -0.777571 0.126728 0.887751
v -0.538810 -0.003245 1.026717
v -0.538810 0.126212 1.026717
v -0.538810 -0.003245 0.887751
v -0.538810 0.126212 0.887751
v -0.659449 0.137271 1.024176
v -0.659449 0.270372 1.024176
v -0.659449 0.136085 0.887751
v -0.659449 0.270372 0.887751
v -0.420688 0.135935 1.024176
v -0.420688 0.275938 1.024176
v -0.420688 0.150421 0.887751
v -0.420688 0.270372 0.887751
v -0.777571 0.273858 1.024176
v -0.777571 0.417489 1.024176
v -0.777571 0.279869 0.887751
v -0.777571 0.411950 0.887751
v -0.538810 0.273858 1.024177
v -0.538810 0.413630 1.024177
v -0.538810 0.273858 0.887751
v -0.538810 0.421593 0.887751
v -0.527753 -0.003245 1.024176
v -0.527753 0.130534 1.024176
v -0.527753 -0.003245 0.887751
v -0.527753 0.128924 0.887751
v -0.240228 -0.003245 1.024176
v -0.240228 0.126212 1.024176
v -0.240228 -0.003245 0.887751
v -0.240228 0.137605 0.887751
v -0.409631 0.133946 1.024176
v -0.409631 0.272660 1.024176
v -0.409631 0.133946 0.887751
v -0.409631 0.276263 0.887751
v -0.235866 0.133946 1.024176
v -0.235866 0.270372 1.024176
v -0.235866 0.143941 0.887751
v -0.235866 0.270372 0.887751
v -0.527753 0.273858 1.024176
v -0.527753 0.416138 1.024176
v -0.527753 0.282320 0.887751
v -0.527753 0.410284 0.887751
v -0.240228 0.273858 1.024176
v -0.240228 0.410284 1.024176
v -0.240228 0.273858 0.887751
v -0.240228 0.417088 0.887751
v 0.221067 0.146542 1.024176
v 0.221067 0.270372 1.024176
v 0.221067 0.142764 0.887751
v 0.221067 0.282038 0.887751
v 0.328765 0.138234 1.024176
v 0.328765 0.270372 1.024176
v 0.328765 0.133946 0.887751
v 0.328765 0.279741 0.887751
v 0.239003 -0.003245 1.024176
v 0.239003 0.126394 1.024176
v 0.239003 -0.003245 0.887751
v 0.239003 0.144377 0.887751
v 0.460461 -0.003245 1.024176
v 0.460461 0.126212 1.024176
v 0.460461 -0.003245 0.887751
v 0.460461 0.133827 0.887751
v 0.339822 0.133946 1.024176
v 0.339822 0.270372 1.024176
v 0.339822 0.137288 0.887751
v 0.339822 0.270372 0.887751
v 0.578583 0.136690 1.024176
v 0.578583 0.270372 1.024176
v 0.578583 0.133946 0.887751
v 0.578583 0.270372 0.887751
v 0.239003 0.283679 1.024176
v 0.239003 0.410284 1.024176
v 0.239003 0.273858 0.887751
v 0.239003 0.410284 0.887751
v 0.460461 0.273858 1.024176
v 0.460461 0.410284 1.024176
v 0.460461 0.273858 0.887751
v 0.460461 0.410284 0.887751
v 0.471518 -0.003245 1.038589
v 0.471518 0.134835 1.038589
v 0.471518 -0.003245 0.887751
v 0.471518 0.126212 0.887751
v 0.710279 -0.003245 1.038589
v 0.710279 0.129287 1.038589
v 0.710279 -0.003245 0.887751
v 0.710279 0.126212 0.887751
v 0.589640 0.133946 1.024176
v 0.589640 0.270372 1.024176
v 0.589640 0.133946 0.887751
v 0.589640 0.284380 0.887751
v 0.828401 0.143358 1.024176
v 0.828401 0.270920 1.024176
v 0.828401 0.139835 0.887751
v 0.828401 0.273477 0.887751
v 0.471518 0.276366 1.026937
v 0.471518 0.416114 1.026937
v 0.471518 0.281991 0.887751
v 0.471518 0.414363 0.887751
v 0.710279 0.285746 1.026937
v 0.710279 0.410284 1.026937
v 0.710279 0.281773 0.887751
v 0.710279 0.410284 0.887751
v 0.721336 -0.003245 1.034086
v 0.721336 0.131842 1.034086
v 0.721336 -0.003245 0.887751
v 0.721336 0.130355 0.887751
v 0.960097 -0.003245 1.034086
v 0.960097 0.130618 1.034086
v 0.960097 -0.003245 0.887751
v 0.960097 0.132411 0.887751
v 0.839458 0.133946 1.024176
v 0.839458 0.270372 1.024176
v 0.839458 0.133946 0.927237
v 0.839458 0.270372 0.927237
v 1.033548 0.135332 1.024176
v 1.033548 0.270372 1.024176
v 1.033548 0.135063 0.927237
v 1.033548 0.272305 0.927237
v 0.721336 0.273858 1.024176
v 0.721336 0.410284 1.024176
v 0.721336 0.279508 0.887751
v 0.721336 0.415936 0.887751
v 0.960097 0.273858 1.024176
v 0.960097 0.410284 1.024176
v 0.960097 0.273858 0.887751
v 0.960097 0.413318 0.887751
v -0.957028 -0.003245 1.000000
v -1.000000 -0.003245 0.957028
v -1.000000 -0.003245 -0.957028
v -0.957028 -0.003245 -1.000000
v -1.000000 3.965666 0.957028
v -0.957028 3.965666 1.000000
v -0.957028 3.965666 -1.000000
v -1.000000 3.965666 -0.957028
v -0.248509 -0.003245 1.000000
v -0.248509 3.965666 1.000000
v -1.000000 1.109901 -0.957028
v -1.000000 1.109901 0.957028
v -0.957028 1.109901 1.000000
v -0.957028 1.109901 -1.000000
v -0.248509 1.109901 1.000000
v -0.248509 -0.003245 0.957895
v -0.248509 1.109901 0.957895
v -0.484682 -0.003245 1.000000
v -0.720855 -0.003245 1.000000
v -0.484682 3.965666 1.000000
v -0.720855 3.965666 1.000000
v -0.484682 1.109901 1.000000
v -0.720855 1.109901 1.000000
v 0.957028 -0.003245 1.000000
v 1.000000 -0.003245 0.957028
v 1.000000 -0.003245 -0.957028
v 0.957028 -0.003245 -1.000000
v 1.000000 3.965666 0.957028
v 0.957028 3.965666 1.000000
v 0.957028 3.965666 -1.000000
v 1.000000 3.965666 -0.957028
v 0.000000 3.965666 1.000000
v 0.248509 -0.003245 1.000000
v 0.248509 3.965666 1.000000
v -0.000000 -0.003245 -1.000000
v 0.000000 3.965666 -1.000000
v 1.000000 1.109901 -0.957028
v 1.000000 1.109901 0.957028
v 0.957028 1.109901 1.000000
v 0.957028 1.109901 -1.000000
v 0.000000 1.109901 1.000000
v 0.248509 1.109901 1.000000
v 0.000000 1.109901 -1.000000
v 0.000000 1.109901 0.957895
v 0.000000 -0.003245 0.957895
v 0.248509 -0.003245 0.957895
v 0.248509 1.109901 0.957895
v 0.484682 -0.003245 1.000000
v 0.720855 -0.003245 1.000000
v 0.484682 3.965666 1.000000
v 0.720855 3.965666 1.000000
v 0.484682 1.109901 1.000000
v 0.720855 1.109901 1.000000
v -0.599160 0.846842 1.018398
v -0.599160 0.538790 1.018398
v -0.599160 0.726372 1.018398
v -0.599160 0.726372 1.003754
v -0.714908 0.726372 1.018398
v -0.599160 0.741853 1.018398
v -0.599160 0.741853 1.003754
v -0.714908 0.741853 1.003754
v -0.714908 0.741853 1.018398
v -0.714908 0.726372 1.003754
v -0.599160 0.538790 1.003754
v -0.714908 0.550899 1.003754
v -0.714908 0.834733 1.003754
v -0.599160 0.846842 1.003754
v -0.586340 0.537449 1.018398
v -0.586340 0.848183 1.018398
v -0.573521 0.846842 1.018398
v -0.573520 0.538790 1.018398
v -0.573520 0.726372 1.018398
v -0.586340 0.726372 1.018398
v -0.573520 0.726372 1.003754
v -0.457773 0.726372 1.018398
v -0.573520 0.741853 1.018398
v -0.573520 0.741853 1.003754
v -0.586340 0.741853 1.018398
v -0.457773 0.741853 1.003754
v -0.457773 0.741853 1.018398
v -0.457773 0.726372 1.003754
v -0.573520 0.538790 1.003754
v -0.457773 0.550899 1.003754
v -0.457773 0.834733 1.003754
v -0.573521 0.846842 1.003754
v -0.710128 0.556039 1.023237
v -0.710128 0.834092 1.023237
v -0.598684 0.846029 1.023237
v -0.598684 0.544103 1.023237
v -0.710128 0.727272 1.023237
v -0.710128 0.742533 1.023237
v -0.737707 0.536089 1.023237
v -0.737707 0.854043 1.023237
v -0.615172 0.867167 1.023237
v -0.615172 0.522965 1.023237
v -0.737707 0.736591 1.023237
v -0.737707 0.753371 1.023237
v -0.737707 0.536089 0.966803
v -0.737707 0.854043 0.966803
v -0.615172 0.867167 0.966803
v -0.615172 0.522965 0.966803
v -0.737707 0.736591 0.966803
v -0.737707 0.753371 0.966803
v -0.710128 0.556039 1.004074
v -0.710128 0.834092 1.004074
v -0.598684 0.846029 1.004074
v -0.598684 0.544103 1.004074
v -0.710128 0.727272 1.004074
v -0.710128 0.742533 1.004074
v -0.462553 0.556039 1.023237
v -0.462553 0.834092 1.023237
v -0.586341 0.542781 1.023237
v -0.586341 0.847351 1.023237
v -0.573997 0.846029 1.023237
v -0.573997 0.544103 1.023237
v -0.462553 0.727272 1.023237
v -0.462553 0.742533 1.023237
v -0.434974 0.536089 1.023237
v -0.434974 0.854043 1.023237
v -0.586341 0.521511 1.023237
v -0.586341 0.868621 1.023237
v -0.557509 0.867167 1.023237
v -0.557509 0.522965 1.023237
v -0.434974 0.736591 1.023237
v -0.434974 0.753371 1.023237
v -0.434974 0.536089 0.966803
v -0.434974 0.854043 0.966803
v -0.586341 0.521511 0.966803
v -0.586341 0.868621 0.966803
v -0.557509 0.867167 0.966803
v -0.557509 0.522965 0.966803
v -0.434974 0.736591 0.966803
v -0.434974 0.753371 0.966803
v -0.462553 0.556039 1.004074
v -0.462553 0.834092 1.004074
v -0.586341 0.542781 1.004074
v -0.586341 0.847351 1.004074
v -0.573997 0.846029 1.004074
v -0.573997 0.544103 1.004074
v -0.462553 0.727272 1.004074
v -0.462553 0.742533 1.004074
v -0.710128 3.002262 1.023237
v -0.710128 3.403182 1.023237
v -0.598684 3.415119 1.023237
v -0.598684 2.990325 1.023237
v -0.710128 3.296362 1.023237
v -0.710128 3.311622 1.023237
v -0.710128 3.128097 1.023237
v -0.710128 3.112410 1.023237
v -0.737707 2.982312 1.023237
v -0.737707 3.423133 1.023237
v -0.615172 3.436257 1.023237
v -0.615172 2.969187 1.023237
v -0.737707 3.305681 1.023237
v -0.737707 3.322461 1.023237
v -0.737707 3.120670 1.023237
v -0.737707 3.103422 1.023237
v -0.737707 2.982312 0.966803
v -0.737707 3.423133 0.966803
v -0.615172 3.436257 0.966803
v -0.615172 2.969187 0.966803
v -0.737707 3.305681 0.966803
v -0.737707 3.322461 0.966803
v -0.737707 3.120670 0.966803
v -0.737707 3.103422 0.966803
v -0.710128 3.002262 1.004074
v -0.710128 3.403182 1.004074
v -0.598684 3.415119 1.004074
v -0.598684 2.990325 1.004074
v -0.710128 3.296362 1.004074
v -0.710128 3.311622 1.004074
v -0.710128 3.128097 1.004074
v -0.710128 3.112410 1.004074
v -0.462553 3.002262 1.023237
v -0.462553 3.403182 1.023237
v -0.586341 2.989003 1.023237
v -0.586341 3.416441 1.023237
v -0.573997 3.415119 1.023237
v -0.573997 2.990325 1.023237
v -0.462553 3.296362 1.023237
v -0.462553 3.311622 1.023237
v -0.462553 3.128097 1.023237
v -0.462553 3.112410 1.023237
v -0.434974 2.982312 1.023237
v -0.434974 3.423133 1.023237
v -0.586341 2.967734 1.023237
v -0.586341 3.437711 1.023237
v -0.557509 3.436257 1.023237
v -0.557509 2.969187 1.023237
v -0.434974 3.305681 1.023237
v -0.434974 3.322461 1.023237
v -0.434974 3.120670 1.023237
v -0.434974 3.103422 1.023237
v -0.434974 2.982312 0.966803
v -0.434974 3.423133 0.966803
v -0.586341 2.967734 0.966803
v -0.586341 3.437711 0.966803
v -0.557509 3.436257 0.966803
v -0.557509 2.969187 0.966803
v -0.434974 3.305681 0.966803
v -0.434974 3.322461 0.966803
v -0.434974 3.120670 0.966803
v -0.434974 3.103422 0.966803
v -0.462553 3.002262 1.004074
v -0.462553 3.403182 1.004074
v -0.586341 2.989003 1.004074
v -0.586341 3.416441 1.004074
v -0.573997 3.415119 1.004074
v -0.573997 2.990325 1.004074
v -0.462553 3.296362 1.004074
v -0.462553 3.311622 1.004074
v -0.462553 3.128097 1.004074
v -0.462553 3.112410 1.004074
v -0.599160 3.412991 1.018343
v -0.599160 2.982072 1.018343
v -0.599160 3.292521 1.018343
v -0.714908 3.105917 1.003699
v -0.599160 3.121830 1.003699
v -0.599160 3.292521 1.003699
v -0.714908 3.292521 1.018343
v -0.599160 3.308002 1.018343
v -0.599160 3.105917 1.003699
v -0.599160 3.308002 1.003699
v -0.714908 3.308002 1.003699
v -0.714908 3.308002 1.018343
v -0.714908 3.121830 1.018343
v -0.714908 3.292521 1.003699
v -0.714908 3.121830 1.003699
v -0.599160 2.982072 1.003699
v -0.599160 3.121830 1.018343
v -0.714908 2.994180 1.003699
v -0.714908 3.400882 1.003699
v -0.599160 3.412991 1.003699
v -0.599160 3.105917 1.018343
v -0.714908 3.105917 1.018343
v -0.586340 2.980731 1.018343
v -0.586340 3.414331 1.018343
v -0.573520 3.412991 1.018343
v -0.573521 2.982072 1.018343
v -0.573520 3.292521 1.018343
v -0.457773 3.105917 1.003699
v -0.573520 3.121830 1.003699
v -0.586340 3.292521 1.018343
v -0.573520 3.292521 1.003699
v -0.457773 3.292521 1.018343
v -0.573520 3.308002 1.018343
v -0.573520 3.105917 1.003699
v -0.573520 3.308002 1.003699
v -0.586340 3.308002 1.018343
v -0.457773 3.308002 1.003699
v -0.457773 3.308002 1.018343
v -0.457773 3.121830 1.018343
v -0.457773 3.292521 1.003699
v -0.586340 3.121830 1.018343
v -0.457773 3.121830 1.003699
v -0.573521 2.982072 1.003699
v -0.573520 3.121830 1.018343
v -0.457773 2.994180 1.003699
v -0.586340 3.105917 1.018343
v -0.457773 3.400882 1.003699
v -0.573520 3.412991 1.003699
v -0.573520 3.105917 1.018343
v -0.457773 3.105917 1.018343
v 0.599160 0.846842 1.018398
v 0.599160 0.538790 1.018398
v 0.599160 0.726372 1.018398
v 0.599160 0.726372 1.003754
v 0.714908 0.726372 1.018398
v 0.599160 0.741853 1.018398
v 0.599160 0.741853 1.003754
v 0.714908 0.741853 1.003754
v 0.714908 0.741853 1.018398
v 0.714908 0.726372 1.003754
v 0.599160 0.538790 1.003754
v 0.714908 0.550899 1.003754
v 0.714908 0.834733 1.003754
v 0.599160 0.846842 1.003754
v 0.586340 0.537449 1.018398
v 0.586340 0.848183 1.018398
v 0.573520 0.846842 1.018398
v 0.573520 0.538790 1.018398
v 0.573520 0.726372 1.018398
v 0.586340 0.726372 1.018398
v 0.573520 0.726372 1.003754
v 0.457773 0.726372 1.018398
v 0.573520 0.741853 1.018398
v 0.573520 0.741853 1.003754
v 0.586340 0.741853 1.018398
v 0.457773 0.741853 1.003754
v 0.457773 0.741853 1.018398
v 0.457773 0.726372 1.003754
v 0.573520 0.538790 1.003754
v 0.457773 0.550899 1.003754
v 0.457773 0.834733 1.003754
v 0.573520 0.846842 1.003754
v 0.710128 0.556039 1.023237
v 0.710128 0.834092 1.023237
v 0.598684 0.846029 1.023237
v 0.598684 0.544103 1.023237
v 0.710128 0.727272 1.023237
v 0.710128 0.742533 1.023237
v 0.737707 0.536089 1.023237
v 0.737707 0.854043 1.023237
v 0.615172 0.867167 1.023237
v 0.615172 0.522965 1.023237
v 0.737707 0.736591 1.023237
v 0.737707 0.753371 1.023237
v 0.737707 0.536089 0.966803
v 0.737707 0.854043 0.966803
v 0.615172 0.867167 0.966803
v 0.615172 0.522965 0.966803
v 0.737707 0.736591 0.966803
v 0.737707 0.753371 0.966803
v 0.710128 0.556039 1.004074
v 0.710128 0.834092 1.004074
v 0.598684 0.846029 1.004074
v 0.598684 0.544103 1.004074
v 0.710128 0.727272 1.004074
v 0.710128 0.742533 1.004074
v 0.462553 0.556039 1.023237
v 0.462553 0.834092 1.023237
v 0.586341 0.542781 1.023237
v 0.586340 0.847351 1.023237
v 0.573997 0.846029 1.023237
v 0.573997 0.544103 1.023237
v 0.462553 0.727272 1.023237
v 0.462553 0.742533 1.023237
v 0.434974 0.536089 1.023237
v 0.434974 0.854043 1.023237
v 0.586341 0.521511 1.023237
v 0.586340 0.868621 1.023237
v 0.557509 0.867167 1.023237
v 0.557509 0.522965 1.023237
v 0.434974 0.736591 1.023237
v 0.434974 0.753371 1.023237
v 0.434974 0.536089 0.966803
v 0.434974 0.854043 0.966803
v 0.586341 0.521511 0.966803
v 0.586340 0.868621 0.966803
v 0.557509 0.867167 0.966803
v 0.557509 0.522965 0.966803
v 0.434974 0.736591 0.966803
v 0.434974 0.753371 0.966803
v 0.462553 0.556039 1.004074
v 0.462553 0.834092 1.004074
v 0.586341 0.542781 1.004074
v 0.586340 0.847351 1.004074
v 0.573997 0.846029 1.004074
v 0.573997 0.544103 1.004074
v 0.462553 0.727272 1.004074
v 0.462553 0.742533 1.004074
v 0.710128 2.997580 1.023237
v 0.710128 3.398501 1.023237
v 0.598684 3.410438 1.023237
v 0.598684 2.985644 1.023237
v 0.710128 3.291681 1.023237
v 0.710128 3.306941 1.023237
v 0.710128 3.123415 1.023237
v 0.710128 3.107729 1.023237
v 0.737707 2.977630 1.023237
v 0.737707 3.418451 1.023237
v 0.615172 3.431575 1.023237
v 0.615172 2.964506 1.023237
v 0.737707 3.300999 1.023237
v 0.737707 3.317780 1.023237
v 0.737707 3.115988 1.023237
v 0.737707 3.098741 1.023237
v 0.737707 2.977630 0.966803
v 0.737707 3.418451 0.966803
v 0.615172 3.431575 0.966803
v 0.615172 2.964506 0.966803
v 0.737707 3.300999 0.966803
v 0.737707 3.317780 0.966803
v 0.737707 3.115988 0.966803
v 0.737707 3.098741 0.966803
v 0.710128 2.997580 1.004074
v 0.710128 3.398501 1.004074
v 0.598684 3.410438 1.004074
v 0.598684 2.985644 1.004074
v 0.710128 3.291681 1.004074
v 0.710128 3.306941 1.004074
v 0.710128 3.123415 1.004074
v 0.710128 3.107729 1.004074
v 0.462553 2.997580 1.023237
v 0.462553 3.398501 1.023237
v 0.586340 2.984322 1.023237
v 0.586341 3.411759 1.023237
v 0.573997 3.410438 1.023237
v 0.573997 2.985644 1.023237
v 0.462553 3.291681 1.023237
v 0.462553 3.306941 1.023237
v 0.462553 3.123415 1.023237
v 0.462553 3.107729 1.023237
v 0.434974 2.977630 1.023237
v 0.434974 3.418451 1.023237
v 0.586340 2.963053 1.023237
v 0.586341 3.433029 1.023237
v 0.557509 3.431575 1.023237
v 0.557509 2.964506 1.023237
v 0.434974 3.300999 1.023237
v 0.434974 3.317780 1.023237
v 0.434974 3.115988 1.023237
v 0.434974 3.098741 1.023237
v 0.434974 2.977630 0.966803
v 0.434974 3.418451 0.966803
v 0.586340 2.963053 0.966803
v 0.586341 3.433029 0.966803
v 0.557509 3.431575 0.966803
v 0.557509 2.964506 0.966803
v 0.434974 3.300999 0.966803
v 0.434974 3.317780 0.966803
v 0.434974 3.115988 0.966803
v 0.434974 3.098741 0.966803
v 0.462553 2.997580 1.004074
v 0.462553 3.398501 1.004074
v 0.586340 2.984322 1.004074
v 0.586341 3.411759 1.004074
v 0.573997 3.410438 1.004074
v 0.573997 2.985644 1.004074
v 0.462553 3.291681 1.004074
v 0.462553 3.306941 1.004074
v 0.462553 3.123415 1.004074
v 0.462553 3.107729 1.004074
v 0.599160 3.412991 1.018343
v 0.599160 2.982072 1.018343
v 0.599160 3.292521 1.018343
v 0.714908 3.105917 1.003699
v 0.599160 3.121830 1.003699
v 0.599160 3.292521 1.003699
v 0.714908 3.292521 1.018343
v 0.599160 3.308002 1.018343
v 0.599160 3.105917 1.003699
v 0.599160 3.308002 1.003699
v 0.714908 3.308002 1.003699
v 0.714908 3.308002 1.018343
v 0.714908 3.121830 1.018343
v 0.714908 3.292521 1.003699
v 0.714908 3.121830 1.003699
v 0.599160 2.982072 1.003699
v 0.599160 3.121830 1.018343
v 0.714908 2.994180 1.003699
v 0.714908 3.400882 1.003699
v 0.599160 3.412991 1.003699
v 0.599160 3.105917 1.018343
v 0.714908 3.105917 1.018343
v 0.586340 2.980731 1.018343
v 0.586340 3.414331 1.018343
v 0.573520 3.412991 1.018343
v 0.573520 2.982072 1.018343
v 0.573520 3.292521 1.018343
v 0.457773 3.105917 1.003699
v 0.573520 3.121830 1.003699
v 0.586340 3.292521 1.018343
v 0.573520 3.292521 1.003699
v 0.457773 3.292521 1.018343
v 0.573520 3.308002 1.018343
v 0.573520 3.105917 1.003699
v 0.573520 3.308002 1.003699
v 0.586340 3.308002 1.018343
v 0.457773 3.308002 1.003699
v 0.457773 3.308002 1.018343
v 0.457773 3.121830 1.018343
v 0.457773 3.292521 1.003699
v 0.586340 3.121830 1.018343
v 0.457773 3.121830 1.003699
v 0.573520 2.982072 1.003699
v 0.573520 3.121830 1.018343
v 0.457773 2.994180 1.003699
v 0.586340 3.105917 1.018343
v 0.457773 3.400882 1.003699
v 0.573520 3.412991 1.003699
v 0.573520 3.105917 1.018343
v 0.457773 3.105917 1.018343
v 0.288402 0.177151 0.959575
v 0.288402 -0.003245 0.959575
v 0.288402 0.177151 1.115057
v 0.288402 -0.003245 1.115057
v 0.288402 0.128017 1.112648
v 0.288402 -0.003245 1.112648
v 0.288402 0.128017 1.268130
v 0.288402 -0.003245 1.268130
v 0.288402 0.079827 1.265722
v 0.288402 -0.003245 1.265722
v 0.288402 0.079827 1.421203
v 0.288402 -0.003245 1.421203
v -0.288402 0.177151 0.959575
v -0.288402 -0.003245 0.959575
v -0.288402 0.177151 1.115057
v -0.288402 -0.003245 1.115057
v -0.288402 0.128017 1.112648
v -0.288402 -0.003245 1.112648
v -0.288402 0.128017 1.268130
v -0.288402 -0.003245 1.268130
v -0.288402 0.079827 1.265722
v -0.288402 -0.003245 1.265722
v -0.288402 0.079827 1.421203
v -0.288402 -0.003245 1.421203
v -0.327206 1.083631 1.097556
v -0.340341 1.145462 1.094240
v -0.327206 1.083631 0.958843
v -0.327206 1.140967 0.958843
v -0.203976 0.179066 1.026923
v -0.277960 0.179066 1.024055
v -0.203976 0.179066 0.906934
v -0.274072 0.179066 0.906934
v -0.213737 1.118937 1.026923
v -0.274072 1.118937 1.026923
v -0.203976 1.118937 0.906934
v -0.267868 1.118937 0.906934
v 0.327206 1.083631 1.097556
v 0.340341 1.145462 1.094240
v 0.327206 1.083631 0.958843
v 0.327206 1.140967 0.958843
v 0.000000 1.094915 1.097556
v 0.000000 1.140967 1.097556
v 0.000000 1.083631 0.958843
v 0.000000 1.133796 0.958843
v 0.203976 0.179066 1.026923
v 0.277960 0.179066 1.024055
v 0.203976 0.179066 0.906934
v 0.274072 0.179066 0.906934
v 0.213737 1.118937 1.026923
v 0.274072 1.118937 1.026923
v 0.203976 1.118937 0.906934
v 0.267868 1.118937 0.906934
v -1.079323 1.304356 1.031008
v -1.032942 1.304356 1.077302
v -1.032942 1.304356 -1.077302
v -1.079323 1.304356 -1.031008
v 1.079323 1.304356 -1.031008
v 1.032942 1.304356 -1.077302
v 1.032942 1.304356 1.077302
v 1.079323 1.304356 1.031008
v -1.079323 1.392152 1.031008
v -1.032942 1.392152 1.077302
v -1.032942 1.392152 -1.077302
v -1.079323 1.392152 -1.031008
v 1.079323 1.392152 -1.031008
v 1.032942 1.392152 -1.077302
v 1.032942 1.392152 1.077302
v 1.079323 1.392152 1.031008
v -0.981126 1.390403 0.937207
v -0.938965 1.390403 0.979289
v -0.938965 1.390403 -0.979289
v -0.981126 1.390403 -0.937207
v 0.981126 1.390403 -0.937207
v 0.938965 1.390403 -0.979289
v 0.938965 1.390403 0.979289
v 0.981126 1.390403 0.937207
v -1.077080 3.950081 1.030796
v -1.030796 3.950081 1.077080
v -1.030796 3.950081 -1.077080
v -1.077080 3.950081 -1.030796
v 1.077080 3.950081 -1.030796
v 1.030796 3.950081 -1.077080
v 1.030796 3.950081 1.077080
v 1.077080 3.950081 1.030796
v -1.077080 4.079475 1.030796
v -1.030796 4.079475 1.077080
v -1.030796 4.079475 -1.077080
v -1.077080 4.079475 -1.030796
v 1.077080 4.079475 -1.030796
v 1.030796 4.079475 -1.077080
v 1.030796 4.079475 1.077080
v 1.077080 4.079475 1.030796
v -1.029682 4.079475 0.985434
v -0.985434 4.079475 1.029682
v -0.985434 4.079475 -1.029682
v -1.029682 4.079475 -0.985434
v 1.029682 4.079475 -0.985434
v 0.985434 4.079475 -1.029682
v 0.985434 4.079475 1.029682
v 1.029682 4.079475 0.985434
v -1.029682 4.046619 0.985434
v -0.985434 4.046619 1.029682
v -0.985434 4.046619 -1.029682
v -1.029682 4.046619 -0.985434
v 1.029682 4.046619 -0.985434
v 0.985434 4.046619 -1.029682
v 0.985434 4.046619 1.029682
v 1.029682 4.046619 0.985434
v 0.913562 3.959085 -1.070461
v 0.913562 3.959085 -0.981014
v 0.811082 3.959085 -1.070461
v 0.811082 3.959085 -0.981014
v 0.913562 3.797771 -1.012229
v 0.913562 3.797771 -0.981014
v 0.811082 3.797771 -0.981014
v 0.811082 3.797771 -1.012229
v 0.811082 3.903358 -1.070461
v 0.913562 3.903358 -1.070461
v 0.913562 3.903358 -0.981014
v 0.811082 3.903358 -0.981014
v 0.811082 3.860885 -1.024016
v 0.913562 3.860885 -0.981014
v 0.913562 3.860885 -1.024016
v 0.811082 3.860885 -0.981014
v 0.626617 3.959085 -1.070461
v 0.626617 3.959085 -0.981014
v 0.524137 3.959085 -1.070461
v 0.524137 3.959085 -0.981014
v 0.626617 3.797771 -1.012229
v 0.626617 3.797771 -0.981014
v 0.524137 3.797771 -0.981014
v 0.524137 3.797771 -1.012229
v 0.524137 3.903358 -1.070461
v 0.626617 3.903358 -1.070461
v 0.626617 3.903358 -0.981014
v 0.524137 3.903358 -0.981014
v 0.524137 3.860885 -1.024016
v 0.626617 3.860885 -0.981014
v 0.626617 3.860885 -1.024016
v 0.524137 3.860885 -0.981014
v 0.339673 3.959085 -1.070461
v 0.339673 3.959085 -0.981014
v 0.237193 3.959085 -1.070461
v 0.237193 3.959085 -0.981014
v 0.339673 3.797771 -1.012229
v 0.339673 3.797771 -0.981014
v 0.237193 3.797771 -0.981014
v 0.237193 3.797771 -1.012229
v 0.237193 3.903358 -1.070461
v 0.339673 3.903358 -1.070461
v 0.339673 3.903358 -0.981014
v 0.237193 3.903358 -0.981014
v 0.237193 3.860885 -1.024016
v 0.339673 3.860885 -0.981014
v 0.339673 3.860885 -1.024016
v 0.237193 3.860885 -0.981014
v 0.052729 3.959085 -1.070461
v 0.052729 3.959085 -0.981014
v -0.049751 3.959085 -1.070461
v -0.049751 3.959085 -0.981014
v 0.052729 3.797771 -1.012229
v 0.052729 3.797771 -0.981014
v -0.049751 3.797771 -0.981014
v -0.049751 3.797771 -1.012229
v -0.049751 3.903358 -1.070461
v 0.052729 3.903358 -1.070461
v 0.052729 3.903358 -0.981014
v -0.049751 3.903358 -0.981014
v -0.049751 3.860885 -1.024016
v 0.052729 3.860885 -0.981014
v 0.052729 3.860885 -1.024016
v -0.049751 3.860885 -0.981014
v -0.234215 3.959085 -1.070461
v -0.234215 3.959085 -0.981014
v -0.336695 3.959085 -1.070461
v -0.336695 3.959085 -0.981014
v -0.234215 3.797771 -1.012229
v -0.234215 3.797771 -0.981014
v -0.336695 3.797771 -0.981014
v -0.336695 3.797771 -1.012229
v -0.336695 3.903358 -1.070461
v -0.234215 3.903358 -1.070461
v -0.234215 3.903358 -0.981014
v -0.336695 3.903358 -0.981014
v -0.336695 3.860885 -1.024016
v -0.234215 3.860885 -0.981014
v -0.234215 3.860885 -1.024016
v -0.336695 3.860885 -0.981014
v -0.521159 3.959085 -1.070461
v -0.521159 3.959085 -0.981014
v -0.623639 3.959085 -1.070461
v -0.623639 3.959085 -0.981014
v -0.521159 3.797771 -1.012229
v -0.521159 3.797771 -0.981014
v -0.623639 3.797771 -0.981014
v -0.623639 3.797771 -1.012229
v -0.623639 3.903358 -1.070461
v -0.521159 3.903358 -1.070461
v -0.521159 3.903358 -0.981014
v -0.623639 3.903358 -0.981014
v -0.623639 3.860885 -1.024016
v -0.521159 3.860885 -0.981014
v -0.521159 3.860885 -1.024016
v -0.623639 3.860885 -0.981014
v -0.808103 3.959085 -1.070461
v -0.808103 3.959085 -0.981014
v -0.910583 3.959085 -1.070461
v -0.910583 3.959085 -0.981014
v -0.808103 3.797771 -1.012229
v -0.808103 3.797771 -0.981014
v -0.910583 3.797771 -0.981014
v -0.910583 3.797771 -1.012229
v -0.910583 3.903358 -1.070461
v -0.808103 3.903358 -1.070461
v -0.808103 3.903358 -0.981014
v -0.910583 3.903358 -0.981014
v -0.910583 3.860885 -1.024016
v -0.808103 3.860885 -0.981014
v -0.808103 3.860885 -1.024016
v -0.910583 3.860885 -0.981014
v 1.077017 3.959085 0.935583
v 0.987570 3.959085 0.935583
v 1.077017 3.959085 0.833102
v 0.987570 3.959085 0.833102
v 1.018786 3.797771 0.935583
v 0.987570 3.797771 0.935583
v 0.987570 3.797771 0.833102
v 1.018786 3.797771 0.833102
v 1.077017 3.903358 0.833102
v 1.077017 3.903358 0.935583
v 0.987570 3.903358 0.935583
v 0.987570 3.903358 0.833102
v 1.030573 3.860885 0.833102
v 0.987570 3.860885 0.935583
v 1.030573 3.860885 0.935583
v 0.987570 3.860885 0.833102
v 1.077017 3.959085 0.648638
v 0.987570 3.959085 0.648638
v 1.077017 3.959085 0.546158
v 0.987570 3.959085 0.546158
v 1.018786 3.797771 0.648638
v 0.987570 3.797771 0.648638
v 0.987570 3.797771 0.546158
v 1.018786 3.797771 0.546158
v 1.077017 3.903358 0.546158
v 1.077017 3.903358 0.648638
v 0.987570 3.903358 0.648638
v 0.987570 3.903358 0.546158
v 1.030573 3.860885 0.546158
v 0.987570 3.860885 0.648638
v 1.030573 3.860885 0.648638
v 0.987570 3.860885 0.546158
v 1.077017 3.959085 0.361694
v 0.987570 3.959085 0.361694
v 1.077017 3.959085 0.259214
v 0.987570 3.959085 0.259214
v 1.018786 3.797771 0.361694
v 0.987570 3.797771 0.361694
v 0.987570 3.797771 0.259214
v 1.018786 3.797771 0.259214
v 1.077017 3.903358 0.259214
v 1.077017 3.903358 0.361694
v 0.987570 3.903358 0.361694
v 0.987570 3.903358 0.259214
v 1.030573 3.860885 0.259214
v 0.987570 3.860885 0.361694
v 1.030573 3.860885 0.361694
v 0.987570 3.860885 0.259214
v 1.077017 3.959085 0.074750
v 0.987570 3.959085 0.074750
v 1.077017 3.959085 -0.027730
v 0.987570 3.959085 -0.027730
v 1.018786 3.797771 0.074750
v 0.987570 3.797771 0.074750
v 0.987570 3.797771 -0.027730
v 1.018786 3.797771 -0.027730
v 1.077017 3.903358 -0.027730
v 1.077017 3.903358 0.074750
v 0.987570 3.903358 0.074750
v 0.987570 3.903358 -0.027730
v 1.030573 3.860885 -0.027730
v 0.987570 3.860885 0.074750
v 1.030573 3.860885 0.074750
v 0.987570 3.860885 -0.027730
v 1.077017 3.959085 -0.212194
v 0.987570 3.959085 -0.212194
v 1.077017 3.959085 -0.314674
v 0.987570 3.959085 -0.314674
v 1.018786 3.797771 -0.212194
v 0.987570 3.797771 -0.212194
v 0.987570 3.797771 -0.314674
v 1.018786 3.797771 -0.314674
v 1.077017 3.903358 -0.314674
v 1.077017 3.903358 -0.212194
v 0.987570 3.903358 -0.212194
v 0.987570 3.903358 -0.314674
v 1.030573 3.860885 -0.314674
v 0.987570 3.860885 -0.212194
v 1.030573 3.860885 -0.212194
v 0.987570 3.860885 -0.314674
v 1.077017 3.959085 -0.499138
v 0.987570 3.959085 -0.499138
v 1.077017 3.959085 -0.601618
v 0.987570 3.959085 -0.601618
v 1.018786 3.797771 -0.499138
v 0.987570 3.797771 -0.499138
v 0.987570 3.797771 -0.601618
v 1.018786 3.797771 -0.601618
v 1.077017 3.903358 -0.601618
v 1.077017 3.903358 -0.499138
v 0.987570 3.903358 -0.499138
v 0.987570 3.903358 -0.601618
v 1.030573 3.860885 -0.601618
v 0.987570 3.860885 -0.499138
v 1.030573 3.860885 -0.499138
v 0.987570 3.860885 -0.601618
v 1.077017 3.959085 -0.786082
v 0.987570 3.959085 -0.786082
v 1.077017 3.959085 -0.888562
v 0.987570 3.959085 -0.888562
v 1.018786 3.797771 -0.786082
v 0.987570 3.797771 -0.786082
v 0.987570 3.797771 -0.888562
v 1.018786 3.797771 -0.888562
v 1.077017 3.903358 -0.888562
v 1.077017 3.903358 -0.786082
v 0.987570 3.903358 -0.786082
v 0.987570 3.903358 -0.888562
v 1.030573 3.860885 -0.888562
v 0.987570 3.860885 -0.786082
v 1.030573 3.860885 -0.786082
v 0.987570 3.860885 -0.888562
v -1.077017 3.959084 -0.935583
v -0.987570 3.959084 -0.935583
v -1.077017 3.959084 -0.833102
v -0.987570 3.959084 -0.833102
v -1.018786 3.797771 -0.935583
v -0.987570 3.797771 -0.935583
v -0.987570 3.797771 -0.833102
v -1.018786 3.797771 -0.833102
v -1.077017 3.903358 -0.833102
v -1.077017 3.903358 -0.935583
v -0.987570 3.903358 -0.935583
v -0.987570 3.903358 -0.833102
v -1.030573 3.860885 -0.833102
v -0.987570 3.860885 -0.935583
v -1.030573 3.860885 -0.935583
v -0.987570 3.860885 -0.833102
v -1.077017 3.959084 -0.648638
v -0.987570 3.959084 -0.648638
v -1.077017 3.959084 -0.546158
v -0.987570 3.959084 -0.546158
v -1.018786 3.797771 -0.648638
v -0.987570 3.797771 -0.648638
v -0.987570 3.797771 -0.546158
v -1.018786 3.797771 -0.546158
v -1.077017 3.903358 -0.546158
v -1.077017 3.903358 -0.648638
v -0.987570 3.903358 -0.648638
v -0.987570 3.903358 -0.546158
v -1.030573 3.860885 -0.546158
v -0.987570 3.860885 -0.648638
v -1.030573 3.860885 -0.648638
v -0.987570 3.860885 -0.546158
v -1.077017 3.959084 -0.361694
v -0.987570 3.959084 -0.361694
v -1.077017 3.959084 -0.259214
v -0.987570 3.959084 -0.259214
v -1.018786 3.797771 -0.361694
v -0.987570 3.797771 -0.361694
v -0.987570 3.797771 -0.259214
v -1.018786 3.797771 -0.259214
v -1.077017 3.903358 -0.259214
v -1.077017 3.903358 -0.361694
v -0.987570 3.903358 -0.361694
v -0.987570 3.903358 -0.259214
v -1.030573 3.860885 -0.259214
v -0.987570 3.860885 -0.361694
v -1.030573 3.860885 -0.361694
v -0.987570 3.860885 -0.259214
v -1.077017 3.959084 -0.074750
v -0.987570 3.959084 -0.074750
v -1.077017 3.959084 0.027730
v -0.987570 3.959084 0.027730
v -1.018786 3.797771 -0.074750
v -0.987570 3.797771 -0.074750
v -0.987570 3.797771 0.027730
v -1.018786 3.797771 0.027730
v -1.077017 3.903358 0.027730
v -1.077017 3.903358 -0.074750
v -0.987570 3.903358 -0.074750
v -0.987570 3.903358 0.027730
v -1.030573 3.860885 0.027730
v -0.987570 3.860885 -0.074750
v -1.030573 3.860885 -0.074750
v -0.987570 3.860885 0.027730
v -1.077017 3.959084 0.212194
v -0.987570 3.959084 0.212194
v -1.077017 3.959084 0.314674
v -0.987570 3.959084 0.314674
v -1.018786 3.797771 0.212194
v -0.987570 3.797771 0.212194
v -0.987570 3.797771 0.314674
v -1.018786 3.797771 0.314674
v -1.077017 3.903358 0.314674
v -1.077017 3.903358 0.212194
v -0.987570 3.903358 0.212194
v -0.987570 3.903358 0.314674
v -1.030573 3.860885 0.314674
v -0.987570 3.860885 0.212194
v -1.030573 3.860885 0.212194
v -0.987570 3.860885 0.314674
v -1.077017 3.959084 0.499138
v -0.987570 3.959084 0.499138
v -1.077017 3.959084 0.601618
v -0.987570 3.959084 0.601618
v -1.018786 3.797771 0.499138
v -0.987570 3.797771 0.499138
v -0.987570 3.797771 0.601618
v -1.018786 3.797771 0.601618
v -1.077017 3.903358 0.601618
v -1.077017 3.903358 0.499138
v -0.987570 3.903358 0.499138
v -0.987570 3.903358 0.601618
v -1.030573 3.860885 0.601618
v -0.987570 3.860885 0.499138
v -1.030573 3.860885 0.499138
v -0.987570 3.860885 0.601618
v -1.077017 3.959084 0.786082
v -0.987570 3.959084 0.786082
v -1.077017 3.959084 0.888562
v -0.987570 3.959084 0.888562
v -1.018786 3.797771 0.786082
v -0.987570 3.797771 0.786082
v -0.987570 3.797771 0.888562
v -1.018786 3.797771 0.888562
v -1.077017 3.903358 0.888562
v -1.077017 3.903358 0.786082
v -0.987570 3.903358 0.786082
v -0.987570 3.903358 0.888562
v -1.030573 3.860885 0.888562
v -0.987570 3.860885 0.786082
v -1.030573 3.860885 0.786082
v -0.987570 3.860885 0.888562
v -0.913562 3.959084 1.070461
v -0.913562 3.959084 0.981014
v -0.811082 3.959084 1.070461
v -0.811082 3.959084 0.981014
v -0.913562 3.797771 1.012229
v -0.913562 3.797771 0.981014
v -0.811082 3.797771 0.981014
v -0.811082 3.797771 1.012229
v -0.811082 3.903358 1.070461
v -0.913562 3.903358 1.070461
v -0.913562 3.903358 0.981014
v -0.811082 3.903358 0.981014
v -0.811082 3.860885 1.024016
v -0.913562 3.860885 0.981014
v -0.913562 3.860885 1.024016
v -0.811082 3.860885 0.981014
v -0.626618 3.959084 1.070461
v -0.626618 3.959084 0.981014
v -0.524137 3.959084 1.070461
v -0.524137 3.959084 0.981014
v -0.626618 3.797771 1.012229
v -0.626618 3.797771 0.981014
v -0.524137 3.797771 0.981014
v -0.524137 3.797771 1.012229
v -0.524137 3.903358 1.070461
v -0.626618 3.903358 1.070461
v -0.626618 3.903358 0.981014
v -0.524137 3.903358 0.981014
v -0.524137 3.860885 1.024016
v -0.626618 3.860885 0.981014
v -0.626618 3.860885 1.024016
v -0.524137 3.860885 0.981014
v -0.339673 3.959084 1.070461
v -0.339673 3.959084 0.981014
v -0.237193 3.959084 1.070461
v -0.237193 3.959084 0.981014
v -0.339673 3.797771 1.012229
v -0.339673 3.797771 0.981014
v -0.237193 3.797771 0.981014
v -0.237193 3.797771 1.012229
v -0.237193 3.903358 1.070461
v -0.339673 3.903358 1.070461
v -0.339673 3.903358 0.981014
v -0.237193 3.903358 0.981014
v -0.237193 3.860885 1.024016
v -0.339673 3.860885 0.981014
v -0.339673 3.860885 1.024016
v -0.237193 3.860885 0.981014
v -0.052729 3.959084 1.070461
v -0.052729 3.959084 0.981014
v 0.049751 3.959084 1.070461
v 0.049751 3.959084 0.981014
v -0.052729 3.797771 1.012229
v -0.052729 3.797771 0.981014
v 0.049751 3.797771 0.981014
v 0.049751 3.797771 1.012229
v 0.049751 3.903358 1.070461
v -0.052729 3.903358 1.070461
v -0.052729 3.903358 0.981014
v 0.049751 3.903358 0.981014
v 0.049751 3.860885 1.024016
v -0.052729 3.860885 0.981014
v -0.052729 3.860885 1.024016
v 0.049751 3.860885 0.981014
v 0.234215 3.959084 1.070461
v 0.234215 3.959084 0.981014
v 0.336695 3.959084 1.070461
v 0.336695 3.959084 0.981014
v 0.234215 3.797771 1.012229
v 0.234215 3.797771 0.981014
v 0.336695 3.797771 0.981014
v 0.336695 3.797771 1.012229
v 0.336695 3.903358 1.070461
v 0.234215 3.903358 1.070461
v 0.234215 3.903358 0.981014
v 0.336695 3.903358 0.981014
v 0.336695 3.860885 1.024016
v 0.234215 3.860885 0.981014
v 0.234215 3.860885 1.024016
v 0.336695 3.860885 0.981014
v 0.521159 3.959084 1.070461
v 0.521159 3.959084 0.981014
v 0.623639 3.959084 1.070461
v 0.623639 3.959084 0.981014
v 0.521159 3.797771 1.012229
v 0.521159 3.797771 0.981014
v 0.623639 3.797771 0.981014
v 0.623639 3.797771 1.012229
v 0.623639 3.903358 1.070461
v 0.521159 3.903358 1.070461
v 0.521159 3.903358 0.981014
v 0.623639 3.903358 0.981014
v 0.623639 3.860885 1.024016
v 0.521159 3.860885 0.981014
v 0.521159 3.860885 1.024016
v 0.623639 3.860885 0.981014
v 0.808103 3.959084 1.070461
v 0.808103 3.959084 0.981014
v 0.910583 3.959084 1.070461
v 0.910583 3.959084 0.981014
v 0.808103 3.797771 1.012229
v 0.808103 3.797771 0.981014
v 0.910583 3.797771 0.981014
v 0.910583 3.797771 1.012229
v 0.910583 3.903358 1.070461
v 0.808103 3.903358 1.070461
v 0.808103 3.903358 0.981014
v 0.910583 3.903358 0.981014
v 0.910583 3.860885 1.024016
v 0.808103 3.860885 0.981014
v 0.808103 3.860885 1.024016
v 0.910583 3.860885 0.981014
v 0.981126 2.625170 0.937207
v 0.938965 2.625170 0.979289
v 0.938965 2.625170 -0.979289
v 0.981126 2.625170 -0.937207
v -0.981126 2.625170 -0.937207
v -0.938965 2.625170 -0.979289
v -0.938965 2.625170 0.979289
v -0.981126 2.625170 0.937207
v 1.079323 2.626920 1.031008
v 1.032942 2.626920 1.077302
v 1.032942 2.626920 -1.077302
v 1.079323 2.626920 -1.031008
v -1.079323 2.626920 -1.031008
v -1.032942 2.626920 -1.077302
v -1.032942 2.626920 1.077302
v -1.079323 2.626920 1.031008
v 1.079323 2.539124 1.031008
v 1.032942 2.539124 1.077302
v 1.032942 2.539124 -1.077302
v 1.079323 2.539124 -1.031008
v -1.079323 2.539124 -1.031008
v -1.032942 2.539124 -1.077302
v -1.032942 2.539124 1.077302
v -1.079323 2.539124 1.031008
v -1.016168 0.474818 -1.009521
v -1.016168 0.615099 -1.009521
v -0.875887 0.474818 -1.009521
v -0.875887 0.615099 -1.009521
v -1.016168 0.474818 -0.764012
v -1.016168 0.615099 -0.764012
v -0.875887 0.474818 -0.764012
v -0.875887 0.615099 -0.764012
v -1.000000 2.732573 -0.957028
v -0.957028 2.732573 1.000000
v -1.000000 2.732573 0.957028
v -0.957028 2.732573 -1.000000
v 0.000000 2.732573 1.000000
v -0.248509 2.732573 1.000000
v 0.000000 2.732573 -1.000000
v -0.484682 2.732573 1.000000
v -0.720855 2.732573 1.000000
v 1.000000 2.732573 -0.957028
v 0.957028 2.732573 1.000000
v 1.000000 2.732573 0.957028
v 0.957028 2.732573 -1.000000
v 0.248509 2.732573 1.000000
v 0.484682 2.732573 1.000000
v 0.720855 2.732573 1.000000
v -1.000000 3.685754 -0.957028
v -0.957028 3.685754 1.000000
v 1.000000 3.685754 -0.957028
v 0.957028 3.685754 1.000000
v -1.000000 3.685754 0.957028
v -0.957028 3.685754 -1.000000
v 0.000000 3.685754 1.000000
v -0.248509 3.685754 1.000000
v 0.000000 3.685754 -1.000000
v -0.484682 3.685754 1.000000
v -0.720855 3.685754 1.000000
v 1.000000 3.685754 0.957028
v 0.957028 3.685754 -1.000000
v 0.248509 3.685754 1.000000
v 0.484682 3.685754 1.000000
v 0.720855 3.685754 1.000000
v 0.000000 3.685754 0.970450
v 0.000000 2.732573 0.970450
v -0.248509 3.685754 0.970450
v -0.248509 2.732573 0.970450
v 0.248509 3.685754 0.970450
v 0.248509 2.732573 0.970450
v 0.543460 3.436779 -0.875887
v 0.543460 3.296497 -0.875887
v 0.543460 3.436779 -1.016168
v 0.543460 3.296497 -1.016168
v 0.788970 3.436779 -0.875887
v 0.788970 3.296497 -0.875887
v 0.788970 3.436779 -1.016168
v 0.788970 3.296497 -1.016168
v -0.417191 2.954607 1.430427
v -0.417191 2.954607 1.354402
v -0.417191 2.909398 1.430427
v -0.417191 2.909398 1.354402
v -0.412035 2.684361 0.972521
v -0.412035 2.755655 0.972521
v -0.412035 2.684361 1.430142
v 0.031879 2.755655 0.972521
v 0.031879 2.684361 0.972521
v -0.412035 2.755655 1.430142
v 0.031878 2.684361 1.430142
v 0.031878 2.755655 1.430142
v -0.338721 2.950151 0.955679
v -0.338721 2.950151 1.379676
v -0.414746 2.950151 0.955679
v -0.414746 2.950151 1.379676
v -0.338721 2.913853 1.379676
v -0.414746 2.913853 1.379676
v -0.414746 2.913853 0.955679
v -0.338721 2.913853 0.955679
v 0.000000 2.954607 1.430427
v 0.417191 2.954607 1.430427
v 0.000000 2.954607 1.354402
v 0.417191 2.954607 1.354402
v 0.417191 2.909398 1.430427
v 0.417191 2.909398 1.354402
v 0.000000 2.909398 1.354402
v 0.000000 2.909398 1.430427
v 0.412035 2.684361 0.972521
v 0.412035 2.755655 0.972521
v 0.412035 2.684361 1.430142
v -0.031878 2.755655 0.972521
v -0.031878 2.684361 0.972521
v 0.412035 2.755655 1.430142
v -0.031878 2.684361 1.430142
v -0.031878 2.755655 1.430142
v 0.338721 2.950151 0.955679
v 0.338721 2.950151 1.379676
v 0.414746 2.950151 0.955679
v 0.414746 2.950151 1.379676
v 0.338721 2.913853 1.379676
v 0.414746 2.913853 1.379676
v 0.414746 2.913853 0.955679
v 0.338721 2.913853 0.955679
v 0.396059 2.932318 1.248137
v 0.396059 2.932318 1.272401
v 0.372257 2.932318 1.248137
v 0.372257 2.932318 1.272401
v 0.372257 2.749151 1.272401
v 0.372257 2.749151 1.248137
v 0.396059 2.749151 1.272401
v 0.396059 2.749151 1.248137
v -0.277799 2.749151 1.380514
v -0.253535 2.749151 1.380514
v -0.277799 2.749151 1.404315
v -0.253535 2.749151 1.404315
v -0.253535 2.932318 1.404315
v -0.277799 2.932318 1.404315
v -0.253535 2.932318 1.380514
v -0.277799 2.932318 1.380514
v -0.144346 2.749151 1.380514
v -0.120082 2.749151 1.380514
v -0.144346 2.749151 1.404315
v -0.120082 2.749151 1.404315
v -0.120082 2.932318 1.404315
v -0.144346 2.932318 1.404315
v -0.120082 2.932318 1.380514
v -0.144346 2.932318 1.380514
v -0.010893 2.749151 1.380514
v 0.013372 2.749151 1.380514
v -0.010893 2.749151 1.404315
v 0.013372 2.749151 1.404315
v 0.013372 2.932318 1.404315
v -0.010893 2.932318 1.404315
v 0.013372 2.932318 1.380514
v -0.010893 2.932318 1.380514
v 0.122561 2.749151 1.380514
v 0.146825 2.749151 1.380514
v 0.122561 2.749151 1.404315
v 0.146825 2.749151 1.404315
v 0.146825 2.932318 1.404315
v 0.122561 2.932318 1.404315
v 0.146825 2.932318 1.380514
v 0.122561 2.932318 1.380514
v 0.256014 2.749151 1.380514
v 0.280278 2.749151 1.380514
v 0.256014 2.749151 1.404315
v 0.280278 2.749151 1.404315
v 0.280278 2.932318 1.404315
v 0.256014 2.932318 1.404315
v 0.280278 2.932318 1.380514
v 0.256014 2.932318 1.380514
v 0.396059 2.932318 1.114683
v 0.396059 2.932318 1.138947
v 0.372257 2.932318 1.114683
v 0.372257 2.932318 1.138947
v 0.372257 2.749151 1.138947
v 0.372257 2.749151 1.114683
v 0.396059 2.749151 1.138947
v 0.396059 2.749151 1.114683
v -0.368338 2.749151 1.114683
v -0.368338 2.749151 1.138947
v -0.392140 2.749151 1.114683
v -0.392140 2.749151 1.138947
v -0.392140 2.932318 1.138947
v -0.392140 2.932318 1.114683
v -0.368338 2.932318 1.138947
v -0.368338 2.932318 1.114683
v -0.368338 2.749151 1.248137
v -0.368338 2.749151 1.272401
v -0.392140 2.749151 1.248137
v -0.392140 2.749151 1.272401
v -0.392140 2.932318 1.272401
v -0.392140 2.932318 1.248137
v -0.368338 2.932318 1.272401
v -0.368338 2.932318 1.248137
v -0.368338 2.749151 1.381590
v -0.368338 2.749151 1.405854
v -0.392140 2.749151 1.381590
v -0.392140 2.749151 1.405854
v -0.392140 2.932318 1.405854
v -0.392140 2.932318 1.381590
v -0.368338 2.932318 1.405854
v -0.368338 2.932318 1.381590
v 0.396059 2.749151 1.381590
v 0.396059 2.749151 1.405854
v 0.372257 2.749151 1.381590
v 0.372257 2.749151 1.405854
v 0.372257 2.932318 1.405854
v 0.372257 2.932318 1.381590
v 0.396059 2.932318 1.405854
v 0.396059 2.932318 1.381590
v -0.417191 1.690640 1.430427
v -0.417191 1.690640 1.354402
v -0.417191 1.645430 1.430427
v -0.417191 1.645430 1.354402
v -0.412035 1.420394 0.972521
v -0.412035 1.491688 0.972521
v -0.412035 1.420394 1.430142
v 0.031879 1.491688 0.972521
v 0.031879 1.420394 0.972521
v -0.412035 1.491688 1.430142
v 0.031878 1.420394 1.430142
v 0.031878 1.491688 1.430142
v -0.338721 1.686184 0.955679
v -0.338721 1.686184 1.379676
v -0.414746 1.686184 0.955679
v -0.414746 1.686184 1.379676
v -0.338721 1.649886 1.379676
v -0.414746 1.649886 1.379676
v -0.414746 1.649886 0.955679
v -0.338721 1.649886 0.955679
v 0.000000 1.690640 1.430427
v 0.417191 1.690640 1.430427
v 0.000000 1.690640 1.354402
v 0.417191 1.690640 1.354402
v 0.417191 1.645430 1.430427
v 0.417191 1.645430 1.354402
v 0.000000 1.645430 1.354402
v 0.000000 1.645430 1.430427
v 0.412035 1.420394 0.972521
v 0.412035 1.491688 0.972521
v 0.412035 1.420394 1.430142
v -0.031878 1.491688 0.972521
v -0.031878 1.420394 0.972521
v 0.412035 1.491688 1.430142
v -0.031878 1.420394 1.430142
v -0.031878 1.491688 1.430142
v 0.338721 1.686184 0.955679
v 0.338721 1.686184 1.379676
v 0.414746 1.686184 0.955679
v 0.414746 1.686184 1.379676
v 0.338721 1.649886 1.379676
v 0.414746 1.649886 1.379676
v 0.414746 1.649886 0.955679
v 0.338721 1.649886 0.955679
v 0.396059 1.668351 1.248137
v 0.396059 1.668351 1.272401
v 0.372257 1.668351 1.248137
v 0.372257 1.668351 1.272401
v 0.372257 1.485184 1.272401
v 0.372257 1.485184 1.248137
v 0.396059 1.485184 1.272401
v 0.396059 1.485184 1.248137
v -0.277799 1.485184 1.380514
v -0.253535 1.485184 1.380514
v -0.277799 1.485184 1.404315
v -0.253535 1.485184 1.404315
v -0.253535 1.668351 1.404315
v -0.277799 1.668351 1.404315
v -0.253535 1.668351 1.380514
v -0.277799 1.668351 1.380514
v -0.144346 1.485184 1.380514
v -0.120082 1.485184 1.380514
v -0.144346 1.485184 1.404315
v -0.120082 1.485184 1.404315
v -0.120082 1.668351 1.404315
v -0.144346 1.668351 1.404315
v -0.120082 1.668351 1.380514
v -0.144346 1.668351 1.380514
v -0.010893 1.485184 1.380514
v 0.013372 1.485184 1.380514
v -0.010893 1.485184 1.404315
v 0.013372 1.485184 1.404315
v 0.013372 1.668351 1.404315
v -0.010893 1.668351 1.404315
v 0.013372 1.668351 1.380514
v -0.010893 1.668351 1.380514
v 0.122561 1.485184 1.380514
v 0.146825 1.485184 1.380514
v 0.122561 1.485184 1.404315
v 0.146825 1.485184 1.404315
v 0.146825 1.668351 1.404315
v 0.122561 1.668351 1.404315
v 0.146825 1.668351 1.380514
v 0.122561 1.668351 1.380514
v 0.256014 1.485184 1.380514
v 0.280278 1.485184 1.380514
v 0.256014 1.485184 1.404315
v 0.280278 1.485184 1.404315
v 0.280278 1.668351 1.404315
v 0.256014 1.668351 1.404315
v 0.280278 1.668351 1.380514
v 0.256014 1.668351 1.380514
v 0.396059 1.668351 1.114683
v 0.396059 1.668351 1.138947
v 0.372257 1.668351 1.114683
v 0.372257 1.668351 1.138947
v 0.372257 1.485184 1.138947
v 0.372257 1.485184 1.114683
v 0.396059 1.485184 1.138947
v 0.396059 1.485184 1.114683
v -0.368338 1.485184 1.114683
v -0.368338 1.485184 1.138947
v -0.392140 1.485184 1.114683
v -0.392140 1.485184 1.138947
v -0.392140 1.668351 1.138947
v -0.392140 1.668351 1.114683
v -0.368338 1.668351 1.138947
v -0.368338 1.668351 1.114683
v -0.368338 1.485184 1.248137
v -0.368338 1.485184 1.272401
v -0.392140 1.485184 1.248137
v -0.392140 1.485184 1.272401
v -0.392140 1.668351 1.272401
v -0.392140 1.668351 1.248137
v -0.368338 1.668351 1.272401
v -0.368338 1.668351 1.248137
v -0.368338 1.485184 1.381590
v -0.368338 1.485184 1.405854
v -0.392140 1.485184 1.381590
v -0.392140 1.485184 1.405854
v -0.392140 1.668351 1.405854
v -0.392140 1.668351 1.381590
v -0.368338 1.668351 1.405854
v -0.368338 1.668351 1.381590
v 0.396059 1.485184 1.381590
v 0.396059 1.485184 1.405854
v 0.372257 1.485184 1.381590
v 0.372257 1.485184 1.405854
v 0.372257 1.668351 1.405854
v 0.372257 1.668351 1.381590
v 0.396059 1.668351 1.405854
v 0.396059 1.668351 1.381590
v -1.000000 2.426500 0.957028
v -0.957028 2.426500 -1.000000
v 0.000000 2.426500 1.000000
v -0.248509 2.426500 1.000000
v 0.000000 2.426500 -1.000000
v -0.484682 2.426500 1.000000
v -0.720855 2.426500 1.000000
v 1.000000 2.426500 0.957028
v 0.957028 2.426500 -1.000000
v 0.248509 2.426500 1.000000
v 0.484682 2.426500 1.000000
v 0.720855 2.426500 1.000000
v -1.000000 2.426500 -0.957028
v -0.957028 2.426500 1.000000
v 1.000000 2.426500 -0.957028
v 0.957028 2.426500 1.000000
v -1.000000 1.458030 0.957028
v -0.957028 1.458030 -1.000000
v 0.000000 1.458030 1.000000
v -0.248509 1.458030 1.000000
v 0.000000 1.458030 -1.000000
v -0.484682 1.458030 1.000000
v -0.720855 1.458030 1.000000
v 1.000000 1.458030 0.957028
v 0.957028 1.458030 -1.000000
v 0.248509 1.458030 1.000000
v 0.484682 1.458030 1.000000
v 0.720855 1.458030 1.000000
v -1.000000 1.458030 -0.957028
v -0.957028 1.458030 1.000000
v 1.000000 1.458030 -0.957028
v 0.957028 1.458030 1.000000
v 0.000000 2.426500 0.961085
v -0.248509 2.426500 0.961085
v 0.248509 2.426500 0.961085
v 0.000000 1.458030 0.961085
v -0.248509 1.458030 0.961085
v 0.248509 1.458030 0.961085
v -0.710128 1.735154 1.023237
v -0.710128 2.136075 1.023237
v -0.598684 2.148012 1.023237
v -0.598684 1.723218 1.023237
v -0.710128 2.029254 1.023237
v -0.710128 2.044515 1.023237
v -0.710128 1.860989 1.023237
v -0.710128 1.845303 1.023237
v -0.737707 1.715204 1.023237
v -0.737707 2.156025 1.023237
v -0.615172 2.169149 1.023237
v -0.615172 1.702080 1.023237
v -0.737707 2.038573 1.023237
v -0.737707 2.055354 1.023237
v -0.737707 1.853562 1.023237
v -0.737707 1.836315 1.023237
v -0.737707 1.715204 0.966803
v -0.737707 2.156025 0.966803
v -0.615172 2.169149 0.966803
v -0.615172 1.702080 0.966803
v -0.737707 2.038573 0.966803
v -0.737707 2.055354 0.966803
v -0.737707 1.853562 0.966803
v -0.737707 1.836315 0.966803
v -0.710128 1.735154 1.004074
v -0.710128 2.136075 1.004074
v -0.598684 2.148012 1.004074
v -0.598684 1.723218 1.004074
v -0.710128 2.029254 1.004074
v -0.710128 2.044515 1.004074
v -0.710128 1.860989 1.004074
v -0.710128 1.845303 1.004074
v -0.462553 1.735154 1.023237
v -0.462553 2.136075 1.023237
v -0.586341 1.721896 1.023237
v -0.586341 2.149333 1.023237
v -0.573997 2.148012 1.023237
v -0.573997 1.723218 1.023237
v -0.462553 2.029254 1.023237
v -0.462553 2.044515 1.023237
v -0.462553 1.860989 1.023237
v -0.462553 1.845303 1.023237
v -0.434974 1.715204 1.023237
v -0.434974 2.156025 1.023237
v -0.586341 1.700626 1.023237
v -0.586341 2.170603 1.023237
v -0.557509 2.169149 1.023237
v -0.557509 1.702080 1.023237
v -0.434974 2.038573 1.023237
v -0.434974 2.055354 1.023237
v -0.434974 1.853562 1.023237
v -0.434974 1.836315 1.023237
v -0.434974 1.715204 0.966803
v -0.434974 2.156025 0.966803
v -0.586341 1.700626 0.966803
v -0.586341 2.170603 0.966803
v -0.557509 2.169149 0.966803
v -0.557509 1.702080 0.966803
v -0.434974 2.038573 0.966803
v -0.434974 2.055354 0.966803
v -0.434974 1.853562 0.966803
v -0.434974 1.836315 0.966803
v -0.462553 1.735154 1.004074
v -0.462553 2.136075 1.004074
v -0.586341 1.721896 1.004074
v -0.586341 2.149333 1.004074
v -0.573997 2.148012 1.004074
v -0.573997 1.723218 1.004074
v -0.462553 2.029254 1.004074
v -0.462553 2.044515 1.004074
v -0.462553 1.860989 1.004074
v -0.462553 1.845303 1.004074
v -0.599160 2.150565 1.018343
v -0.599160 1.719646 1.018343
v -0.599160 2.030095 1.018343
v -0.714908 1.843491 1.003699
v -0.599160 1.859403 1.003699
v -0.599160 2.030095 1.003699
v -0.714908 2.030095 1.018343
v -0.599160 2.045576 1.018343
v -0.599160 1.843491 1.003699
v -0.599160 2.045576 1.003699
v -0.714908 2.045576 1.003699
v -0.714908 2.045576 1.018343
v -0.714908 1.859403 1.018343
v -0.714908 2.030095 1.003699
v -0.714908 1.859403 1.003699
v -0.599160 1.719646 1.003699
v -0.599160 1.859403 1.018343
v -0.714908 1.731754 1.003699
v -0.714908 2.138456 1.003699
v -0.599160 2.150565 1.003699
v -0.599160 1.843491 1.018343
v -0.714908 1.843491 1.018343
v -0.586340 1.718305 1.018343
v -0.586340 2.151906 1.018343
v -0.573520 2.150565 1.018343
v -0.573520 1.719646 1.018343
v -0.573520 2.030095 1.018343
v -0.457773 1.843491 1.003699
v -0.573520 1.859403 1.003699
v -0.586340 2.030095 1.018343
v -0.573520 2.030095 1.003699
v -0.457773 2.030095 1.018343
v -0.573520 2.045576 1.018343
v -0.573520 1.843491 1.003699
v -0.573520 2.045576 1.003699
v -0.586340 2.045576 1.018343
v -0.457773 2.045576 1.003699
v -0.457773 2.045576 1.018343
v -0.457773 1.859403 1.018343
v -0.457773 2.030095 1.003699
v -0.586340 1.859403 1.018343
v -0.457773 1.859403 1.003699
v -0.573520 1.719646 1.003699
v -0.573520 1.859403 1.018343
v -0.457773 1.731754 1.003699
v -0.586340 1.843491 1.018343
v -0.457773 2.138456 1.003699
v -0.573520 2.150565 1.003699
v -0.573520 1.843491 1.018343
v -0.457773 1.843491 1.018343
v 0.710128 1.735154 1.023237
v 0.710128 2.136075 1.023237
v 0.598684 2.148012 1.023237
v 0.598684 1.723218 1.023237
v 0.710128 2.029254 1.023237
v 0.710128 2.044515 1.023237
v 0.710128 1.860989 1.023237
v 0.710128 1.845303 1.023237
v 0.737707 1.715204 1.023237
v 0.737707 2.156025 1.023237
v 0.615172 2.169149 1.023237
v 0.615172 1.702080 1.023237
v 0.737707 2.038573 1.023237
v 0.737707 2.055354 1.023237
v 0.737707 1.853562 1.023237
v 0.737707 1.836315 1.023237
v 0.737707 1.715204 0.966803
v 0.737707 2.156025 0.966803
v 0.615172 2.169149 0.966803
v 0.615172 1.702080 0.966803
v 0.737707 2.038573 0.966803
v 0.737707 2.055354 0.966803
v 0.737707 1.853562 0.966803
v 0.737707 1.836315 0.966803
v 0.710128 1.735154 1.004074
v 0.710128 2.136075 1.004074
v 0.598684 2.148012 1.004074
v 0.598684 1.723218 1.004074
v 0.710128 2.029254 1.004074
v 0.710128 2.044515 1.004074
v 0.710128 1.860989 1.004074
v 0.710128 1.845303 1.004074
v 0.462553 1.735154 1.023237
v 0.462553 2.136075 1.023237
v 0.586341 1.721896 1.023237
v 0.586341 2.149333 1.023237
v 0.573997 2.148012 1.023237
v 0.573997 1.723218 1.023237
v 0.462553 2.029254 1.023237
v 0.462553 2.044515 1.023237
v 0.462553 1.860989 1.023237
v 0.462553 1.845303 1.023237
v 0.434974 1.715204 1.023237
v 0.434974 2.156025 1.023237
v 0.586341 1.700626 1.023237
v 0.586341 2.170603 1.023237
v 0.557509 2.169149 1.023237
v 0.557509 1.702080 1.023237
v 0.434974 2.038573 1.023237
v 0.434974 2.055354 1.023237
v 0.434974 1.853562 1.023237
v 0.434974 1.836315 1.023237
v 0.434974 1.715204 0.966803
v 0.434974 2.156025 0.966803
v 0.586341 1.700626 0.966803
v 0.586341 2.170603 0.966803
v 0.557509 2.169149 0.966803
v 0.557509 1.702080 0.966803
v 0.434974 2.038573 0.966803
v 0.434974 2.055354 0.966803
v 0.434974 1.853562 0.966803
v 0.434974 1.836315 0.966803
v 0.462553 1.735154 1.004074
v 0.462553 2.136075 1.004074
v 0.586341 1.721896 1.004074
v 0.586341 2.149333 1.004074
v 0.573997 2.148012 1.004074
v 0.573997 1.723218 1.004074
v 0.462553 2.029254 1.004074
v 0.462553 2.044515 1.004074
v 0.462553 1.860989 1.004074
v 0.462553 1.845303 1.004074
v 0.599160 2.150565 1.018343
v 0.599160 1.719646 1.018343
v 0.599160 2.030095 1.018343
v 0.714908 1.843491 1.003699
v 0.599160 1.859403 1.003699
v 0.599160 2.030095 1.003699
v 0.714908 2.030095 1.018343
v 0.599160 2.045576 1.018343
v 0.599160 1.843491 1.003699
v 0.599160 2.045576 1.003699
v 0.714908 2.045576 1.003699
v 0.714908 2.045576 1.018343
v 0.714908 1.859403 1.018343
v 0.714908 2.030095 1.003699
v 0.714908 1.859403 1.003699
v 0.599160 1.719646 1.003699
v 0.599160 1.859403 1.018343
v 0.714908 1.731754 1.003699
v 0.714908 2.138456 1.003699
v 0.599160 2.150565 1.003699
v 0.599160 1.843491 1.018343
v 0.714908 1.843491 1.018343
v 0.586340 1.718305 1.018343
v 0.586340 2.151906 1.018343
v 0.573520 2.150565 1.018343
v 0.573520 1.719646 1.018343
v 0.573520 2.030095 1.018343
v 0.457773 1.843491 1.003699
v 0.573520 1.859403 1.003699
v 0.586340 2.030095 1.018343
v 0.573520 2.030095 1.003699
v 0.457773 2.030095 1.018343
v 0.573520 2.045576 1.018343
v 0.573520 1.843491 1.003699
v 0.573520 2.045576 1.003699
v 0.586340 2.045576 1.018343
v 0.457773 2.045576 1.003699
v 0.457773 2.045576 1.018343
v 0.457773 1.859403 1.018343
v 0.457773 2.030095 1.003699
v 0.586340 1.859403 1.018343
v 0.457773 1.859403 1.003699
v 0.573520 1.719646 1.003699
v 0.573520 1.859403 1.018343
v 0.457773 1.731754 1.003699
v 0.586340 1.843491 1.018343
v 0.457773 2.138456 1.003699
v 0.573520 2.150565 1.003699
v 0.573520 1.843491 1.018343
v 0.457773 1.843491 1.018343
v 0.769726 1.513912 1.006537
v 0.769726 1.654193 1.006537
v 0.769726 1.513912 0.866255
v 0.769726 1.654193 0.866255
v 1.015235 1.513912 1.006537
v 1.015235 1.654193 1.006537
v 1.015235 1.513912 0.866255
v 1.015235 1.654193 0.866255
v 1.016168 2.177995 -0.140260
v 1.016168 2.318277 -0.140260
v 0.875887 2.177995 -0.140260
v 0.875887 2.318277 -0.140260
v 1.016168 2.177995 -0.351058
v 1.016168 2.318277 -0.351058
v 0.875887 2.177995 -0.351058
v 0.875887 2.318277 -0.351058
v 1.016168 2.335070 -0.010268
v 1.016168 2.475351 -0.010268
v 0.875887 2.335070 -0.010268
v 0.875887 2.475351 -0.010268
v 1.016168 2.335070 -0.255777
v 1.016168 2.475351 -0.255777
v 0.875887 2.335070 -0.255777
v 0.875887 2.475351 -0.255777
v 1.016168 1.605728 -0.382650
v 1.016168 1.746010 -0.382650
v 0.875887 1.605728 -0.382650
v 0.875887 1.746010 -0.382650
v 1.016168 1.605728 -0.628159
v 1.016168 1.746010 -0.628159
v 0.875887 1.605728 -0.628159
v 0.875887 1.746010 -0.628159
v 1.016168 1.660144 1.009521
v 1.016168 1.800425 1.009521
v 0.875887 1.660144 1.009521
v 0.875887 1.800425 1.009521
v 1.016168 1.660144 0.764012
v 1.016168 1.800425 0.764012
v 0.875887 1.660144 0.764012
v 0.875887 1.800425 0.764012
v -0.231905 2.270211 -1.016168
v -0.231905 2.410493 -1.016168
v -0.231905 2.270211 -0.875887
v -0.231905 2.410493 -0.875887
v -0.477414 2.270211 -1.016168
v -0.477414 2.410493 -1.016168
v -0.477414 2.270211 -0.875887
v -0.477414 2.410493 -0.875887
v 1.009521 1.415788 -1.016168
v 1.009521 1.556069 -1.016168
v 1.009521 1.415788 -0.875887
v 1.009521 1.556069 -0.875887
v 0.764012 1.415788 -1.016168
v 0.764012 1.556069 -1.016168
v 0.764012 1.415788 -0.875887
v 0.764012 1.556069 -0.875887
v -1.016168 1.899858 -0.387037
v -1.016168 2.040139 -0.387037
v -0.875887 1.899858 -0.387037
v -0.875887 2.040139 -0.387037
v -1.016168 1.899858 -0.176239
v -1.016168 2.040139 -0.176239
v -0.875887 1.899858 -0.176239
v -0.875887 2.040139 -0.176239
v -1.016168 1.730030 0.468332
v -1.016168 1.870311 0.468332
v -0.875887 1.730030 0.468332
v -0.875887 1.870311 0.468332
v -1.016168 1.730030 0.713841
v -1.016168 1.870311 0.713841
v -0.875887 1.730030 0.713841
v -0.875887 1.870311 0.713841
v -1.016168 2.118859 -1.009521
v -1.016168 2.259140 -1.009521
v -0.875887 2.118859 -1.009521
v -0.875887 2.259140 -1.009521
v -1.016168 2.118859 -0.764012
v -1.016168 2.259140 -0.764012
v -0.875887 2.118859 -0.764012
v -0.875887 2.259140 -0.764012
v -0.875887 2.186062 -0.283302
v -0.875887 2.045780 -0.283302
v -1.016168 2.186062 -0.283302
v -1.016168 2.045780 -0.283302
v -0.875887 2.186062 -0.494099
v -0.875887 2.045780 -0.494099
v -1.016168 2.186062 -0.494099
v -1.016168 2.045780 -0.494099
v -1.009521 2.193823 1.016168
v -1.009521 2.334105 1.016168
v -1.009521 2.193823 0.875887
v -1.009521 2.334105 0.875887
v -0.764012 2.193823 1.016168
v -0.764012 2.334105 1.016168
v -0.764012 2.193823 0.875887
v -0.764012 2.334105 0.875887
v -1.006537 2.350034 0.769726
v -1.006537 2.490315 0.769726
v -0.866255 2.350034 0.769726
v -0.866255 2.490315 0.769726
v -1.006537 2.350034 1.015235
v -1.006537 2.490315 1.015235
v -0.866255 2.350034 1.015235
v -0.866255 2.490315 1.015235
v 0.593532 2.338837 1.016168
v 0.593532 2.479118 1.016168
v 0.593532 2.338837 0.875887
v 0.593532 2.479118 0.875887
v 0.839041 2.338837 1.016168
v 0.839041 2.479118 1.016168
v 0.839041 2.338837 0.875887
v 0.839041 2.479118 0.875887
v 0.543460 2.238121 -0.875887
v 0.543460 2.097839 -0.875887
v 0.543460 2.238121 -1.016168
v 0.543460 2.097839 -1.016168
v 0.788970 2.238121 -0.875887
v 0.788970 2.097839 -0.875887
v 0.788970 2.238121 -1.016168
v 0.788970 2.097839 -1.016168
v -1.009521 1.419261 1.016168
v -1.009521 1.559543 1.016168
v -1.009521 1.419261 0.875887
v -1.009521 1.559543 0.875887
v -0.764012 1.419261 1.016168
v -0.764012 1.559543 1.016168
v -0.764012 1.419261 0.875887
v -0.764012 1.559543 0.875887
v -1.006537 1.575472 0.769726
v -1.006537 1.715753 0.769726
v -0.866255 1.575472 0.769726
v -0.866255 1.715753 0.769726
v -1.006537 1.575472 1.015235
v -1.006537 1.715753 1.015235
v -0.866255 1.575472 1.015235
v -0.866255 1.715753 1.015235
v -1.016168 1.410642 -1.009521
v -1.016168 1.550924 -1.009521
v -0.875887 1.410642 -1.009521
v -0.875887 1.550924 -1.009521
v -1.016168 1.410642 -0.764012
v -1.016168 1.550924 -0.764012
v -0.875887 1.410642 -0.764012
v -0.875887 1.550924 -0.764012
v 0.237435 4.032553 -0.688819
v 0.873888 4.032553 -0.846661
v 0.237435 4.032553 -0.846661
v 0.873888 4.032553 -0.688819
v 0.522670 4.032553 -0.688819
v 0.588653 4.032553 -0.846661
v 0.522670 4.032553 -0.846661
v 0.588653 4.032553 -0.688819
v 0.396111 4.120917 -0.709792
v 0.396111 4.120917 -0.669506
v 0.374381 4.068454 -0.709792
v 0.374381 4.068454 -0.669506
v 0.321918 4.046724 -0.709792
v 0.321918 4.046724 -0.669506
v 0.269456 4.068454 -0.709792
v 0.269456 4.068454 -0.669506
v 0.247725 4.120917 -0.709792
v 0.247725 4.120917 -0.669506
v 0.269456 4.173378 -0.709792
v 0.269456 4.173378 -0.669506
v 0.321918 4.195110 -0.709792
v 0.321918 4.195110 -0.669506
v 0.374381 4.173378 -0.709792
v 0.374381 4.173378 -0.669506
v 0.261307 4.209280 -0.688819
v 0.237435 4.194489 -0.688819
v 0.237435 4.194489 -0.846661
v 0.261307 4.209280 -0.846661
v 0.522670 4.194489 -0.688819
v 0.498798 4.209280 -0.688819
v 0.498798 4.209280 -0.846661
v 0.522670 4.194489 -0.846661
v 0.747329 4.120917 -0.709792
v 0.747329 4.120917 -0.669506
v 0.725599 4.068454 -0.709792
v 0.725599 4.068454 -0.669506
v 0.673136 4.046724 -0.709792
v 0.673136 4.046724 -0.669506
v 0.620674 4.068454 -0.709792
v 0.620674 4.068454 -0.669506
v 0.598943 4.120917 -0.709792
v 0.598943 4.120917 -0.669506
v 0.620674 4.173378 -0.709792
v 0.620674 4.173378 -0.669506
v 0.673136 4.195110 -0.709792
v 0.673136 4.195110 -0.669506
v 0.725599 4.173378 -0.709792
v 0.725599 4.173378 -0.669506
v 0.612526 4.209280 -0.688819
v 0.588654 4.194489 -0.688819
v 0.588654 4.194489 -0.846661
v 0.612526 4.209280 -0.846661
v 0.873888 4.194489 -0.688819
v 0.850016 4.209280 -0.688819
v 0.850016 4.209280 -0.846661
v 0.873888 4.194489 -0.846661
v -0.776965 4.069052 -0.929540
v -0.776965 4.085540 -0.958098
v -0.776965 4.118515 -0.958098
v -0.776965 4.135004 -0.929540
v -0.776965 4.118515 -0.900982
v -0.776965 4.085540 -0.900982
v -0.802728 4.055320 -0.929540
v -0.812194 4.068820 -0.958098
v -0.831127 4.095819 -0.958098
v -0.840593 4.109319 -0.929540
v -0.831127 4.095819 -0.900982
v -0.812194 4.068820 -0.900982
v -0.810959 4.039040 -0.929540
v -0.825488 4.039040 -0.958098
v -0.854544 4.039040 -0.958098
v -0.869072 4.039040 -0.929540
v -0.854544 4.039040 -0.900982
v -0.825488 4.039040 -0.900982
v 0.951924 4.069052 -0.742231
v 0.882506 4.069052 -0.929540
v 0.980481 4.085540 -0.742395
v 0.882506 4.085540 -0.958098
v 0.980481 4.118515 -0.742395
v 0.882506 4.118516 -0.958098
v 0.951924 4.135004 -0.742231
v 0.882506 4.135004 -0.929540
v 0.923366 4.118515 -0.742066
v 0.882506 4.118515 -0.900982
v 0.923366 4.085540 -0.742066
v 0.882506 4.085540 -0.900982
v 0.952072 4.055320 -0.716468
v 0.980684 4.068820 -0.707166
v 0.980793 4.095819 -0.688234
v 0.952290 4.109319 -0.678603
v 0.923678 4.095819 -0.687905
v 0.923569 4.068820 -0.706837
v 0.952119 4.039041 -0.708237
v 0.980760 4.039041 -0.693873
v 0.980928 4.039041 -0.664817
v 0.952454 4.039041 -0.650125
v 0.923813 4.039041 -0.664488
v 0.923646 4.039041 -0.693544
v 0.923509 4.069052 -0.917415
v 0.938599 4.085540 -0.941660
v 0.938599 4.118515 -0.941660
v 0.923509 4.135004 -0.917415
v 0.908419 4.118515 -0.893169
v 0.908419 4.085540 -0.893169
v 0.977300 4.085540 -0.867691
v 0.977300 4.118515 -0.867691
v 0.948743 4.135004 -0.867527
v 0.920185 4.118515 -0.867362
v 0.920185 4.085540 -0.867362
v 0.948743 4.069052 -0.867527
v -0.780976 4.069052 -0.814765
v -0.780976 4.085540 -0.786207
v -0.780976 4.118515 -0.786207
v -0.780976 4.135004 -0.814765
v -0.780976 4.118515 -0.843323
v -0.780976 4.085540 -0.843323
v -0.806739 4.055320 -0.814765
v -0.816206 4.068820 -0.786207
v -0.835138 4.095819 -0.786207
v -0.844604 4.109319 -0.814765
v -0.835138 4.095819 -0.843323
v -0.816206 4.068820 -0.843323
v -0.814970 4.039040 -0.814765
v -0.829498 4.039040 -0.786207
v -0.858555 4.039040 -0.786207
v -0.873083 4.039040 -0.814765
v -0.858555 4.039040 -0.843323
v -0.829498 4.039040 -0.843323
v 0.066551 4.069052 -0.814765
v -0.567288 4.069052 -0.814765
v 0.066551 4.085540 -0.786207
v -0.567288 4.085540 -0.786207
v 0.066551 4.118515 -0.786207
v -0.567288 4.118515 -0.786207
v 0.066551 4.135004 -0.814765
v -0.567288 4.135004 -0.814765
v 0.066551 4.118515 -0.843323
v -0.567288 4.118515 -0.843323
v 0.066551 4.085540 -0.843323
v -0.567288 4.085540 -0.843323
v 0.092314 4.055320 -0.814765
v 0.101780 4.068820 -0.786207
v 0.120713 4.095819 -0.786207
v 0.130179 4.109319 -0.814765
v 0.120713 4.095819 -0.843323
v 0.101780 4.068820 -0.843323
v 0.100545 4.039040 -0.814765
v 0.115073 4.039040 -0.786207
v 0.144130 4.039040 -0.786207
v 0.158658 4.039040 -0.814765
v 0.144130 4.039040 -0.843323
v 0.115073 4.039040 -0.843323
v -0.780976 4.069052 -0.688639
v -0.780976 4.085540 -0.660081
v -0.780976 4.118515 -0.660081
v -0.780976 4.135004 -0.688639
v -0.780976 4.118515 -0.717197
v -0.780976 4.085540 -0.717197
v -0.806739 4.055320 -0.688639
v -0.816206 4.068820 -0.660081
v -0.835138 4.095819 -0.660081
v -0.844604 4.109319 -0.688639
v -0.835138 4.095819 -0.717197
v -0.816206 4.068820 -0.717197
v -0.814970 4.039040 -0.688639
v -0.829498 4.039040 -0.660081
v -0.858555 4.039040 -0.660081
v -0.873083 4.039040 -0.688639
v -0.858555 4.039040 -0.717197
v -0.829498 4.039040 -0.717197
v 0.066551 4.069052 -0.688639
v -0.567288 4.069052 -0.688639
v 0.066551 4.085540 -0.660081
v -0.567288 4.085540 -0.660081
v 0.066551 4.118515 -0.660081
v -0.567288 4.118515 -0.660081
v 0.066551 4.135004 -0.688639
v -0.567288 4.135004 -0.688639
v 0.066551 4.118515 -0.717197
v -0.567288 4.118515 -0.717197
v 0.066551 4.085540 -0.717197
v -0.567288 4.085540 -0.717197
v 0.092314 4.055320 -0.688639
v 0.101780 4.068820 -0.660081
v 0.120713 4.095819 -0.660081
v 0.130179 4.109319 -0.688639
v 0.120713 4.095819 -0.717197
v 0.101780 4.068820 -0.717197
v 0.100545 4.039040 -0.688639
v 0.115073 4.039040 -0.660081
v 0.144130 4.039040 -0.660081
v 0.158658 4.039040 -0.688639
v 0.144130 4.039040 -0.717197
v 0.115073 4.039040 -0.717197
v 0.237435 4.032553 -0.460575
v 0.873888 4.032553 -0.618417
v 0.237435 4.032553 -0.618417
v 0.873888 4.032553 -0.460575
v 0.522670 4.032553 -0.460575
v 0.588653 4.032553 -0.618417
v 0.522670 4.032553 -0.618417
v 0.588653 4.032553 -0.460575
v 0.396111 4.120917 -0.481548
v 0.396111 4.120917 -0.441261
v 0.374381 4.068454 -0.481548
v 0.374381 4.068454 -0.441261
v 0.321918 4.046724 -0.481548
v 0.321918 4.046724 -0.441261
v 0.269456 4.068454 -0.481548
v 0.269456 4.068454 -0.441261
v 0.247725 4.120917 -0.481548
v 0.247725 4.120917 -0.441261
v 0.269456 4.173378 -0.481548
v 0.269456 4.173378 -0.441261
v 0.321918 4.195110 -0.481548
v 0.321918 4.195110 -0.441261
v 0.374381 4.173378 -0.481548
v 0.374381 4.173378 -0.441261
v 0.261307 4.209280 -0.460575
v 0.237435 4.194489 -0.460575
v 0.237435 4.194489 -0.618417
v 0.261307 4.209280 -0.618417
v 0.522670 4.194489 -0.460575
v 0.498798 4.209280 -0.460575
v 0.498798 4.209280 -0.618417
v 0.522670 4.194489 -0.618417
v 0.747329 4.120917 -0.481548
v 0.747329 4.120917 -0.441261
v 0.725599 4.068454 -0.481548
v 0.725599 4.068454 -0.441261
v 0.673136 4.046724 -0.481548
v 0.673136 4.046724 -0.441261
v 0.620674 4.068454 -0.481548
v 0.620674 4.068454 -0.441261
v 0.598943 4.120917 -0.481548
v 0.598943 4.120917 -0.441261
v 0.620674 4.173378 -0.481548
v 0.620674 4.173378 -0.441261
v 0.673136 4.195110 -0.481548
v 0.673136 4.195110 -0.441261
v 0.725599 4.173378 -0.481548
v 0.725599 4.173378 -0.441261
v 0.612526 4.209280 -0.460575
v 0.588654 4.194489 -0.460575
v 0.588654 4.194489 -0.618417
v 0.612526 4.209280 -0.618417
v 0.873888 4.194489 -0.460575
v 0.850016 4.209280 -0.460575
v 0.850016 4.209280 -0.618417
v 0.873888 4.194489 -0.618417
v -0.780976 4.069052 -0.586521
v -0.780976 4.085540 -0.557963
v -0.780976 4.118515 -0.557963
v -0.780976 4.135004 -0.586521
v -0.780976 4.118515 -0.615079
v -0.780976 4.085540 -0.615079
v -0.806739 4.055320 -0.586521
v -0.816206 4.068820 -0.557963
v -0.835138 4.095819 -0.557963
v -0.844604 4.109319 -0.586521
v -0.835138 4.095819 -0.615079
v -0.816206 4.068820 -0.615079
v -0.814970 4.039040 -0.586521
v -0.829498 4.039040 -0.557963
v -0.858555 4.039040 -0.557963
v -0.873083 4.039040 -0.586521
v -0.858555 4.039040 -0.615079
v -0.829498 4.039040 -0.615079
v -0.264941 4.069052 -0.586521
v -0.567288 4.069052 -0.586521
v -0.264941 4.085540 -0.557963
v -0.567288 4.085540 -0.557963
v -0.264941 4.118515 -0.557963
v -0.567288 4.118515 -0.557963
v -0.264941 4.135004 -0.586521
v -0.567288 4.135004 -0.586521
v -0.264941 4.118515 -0.615079
v -0.567288 4.118515 -0.615079
v -0.264941 4.085540 -0.615079
v -0.567288 4.085540 -0.615079
v -0.239177 4.055320 -0.586521
v -0.229711 4.068820 -0.557963
v -0.210779 4.095819 -0.557963
v -0.201313 4.109319 -0.586521
v -0.210779 4.095819 -0.615078
v -0.229711 4.068820 -0.615078
v -0.230946 4.039040 -0.586521
v -0.216418 4.039040 -0.557963
v -0.187361 4.039040 -0.557963
v -0.172833 4.039040 -0.586521
v -0.187361 4.039040 -0.615078
v -0.216418 4.039040 -0.615078
v -0.219323 0.164903 0.984272
v -0.219323 1.081828 0.984272
v -0.219323 0.956692 0.984272
v -0.219323 0.713189 0.984272
v -0.219323 0.533048 0.984272
v -0.093866 0.164903 0.941335
v 0.048471 0.956692 0.984272
v 0.070023 0.780633 0.998537
v 0.043242 0.726324 0.998537
v 0.043242 0.943557 0.998537
v 0.000000 0.962792 0.998537
v -0.219323 0.774065 0.984272
v -0.219323 0.834941 0.984272
v 0.000000 0.691628 0.984272
v 0.000000 0.978253 0.984272
v 0.070023 0.889249 0.998537
v -0.070023 0.889249 0.998537
v 0.078491 0.774065 0.984272
v 0.087118 0.834941 0.984272
v -0.048471 0.956692 0.998537
v 0.048471 0.713189 0.998537
v 0.070023 0.889249 0.982158
v 0.000000 0.834941 0.982158
v 0.219323 0.774065 0.984272
v 0.219323 0.834941 0.984272
v -0.087118 0.834941 0.998537
v -0.078491 0.895816 0.998537
v 0.000000 0.707089 0.982158
v -0.043242 0.726324 0.982158
v -0.219323 0.164903 0.941335
v -0.219323 1.081828 0.941335
v -0.219323 0.956692 0.941335
v -0.219323 0.713189 0.941335
v -0.219323 0.533048 0.941335
v 0.093866 1.081828 0.984272
v -0.093866 1.081828 0.984272
v 0.219323 0.164903 0.984272
v 0.219323 1.081828 0.984272
v -0.093866 0.533048 0.984272
v 0.219323 0.895816 0.941335
v 0.000000 0.962792 0.982158
v 0.219323 0.956692 0.984272
v 0.219323 0.713189 0.984272
v 0.219323 0.533048 0.984272
v -0.048471 0.956692 0.984272
v 0.048471 0.713189 0.984272
v -0.048471 0.713189 0.984272
v 0.093866 0.533048 0.984272
v 0.000000 1.081828 0.941335
v 0.000000 1.081828 0.984272
v 0.219323 0.774065 0.941335
v 0.219323 0.834941 0.941335
v -0.043242 0.726324 0.998537
v -0.070023 0.780633 0.998537
v 0.078491 0.895816 0.998537
v 0.048471 0.956692 0.998537
v 0.000000 0.889249 0.982158
v 0.043242 0.726324 0.982158
v -0.219323 0.895816 0.984272
v 0.093866 1.081828 0.941335
v -0.093866 1.081828 0.941335
v 0.093866 0.164903 0.941335
v 0.000000 0.164903 0.941335
v 0.000000 0.533048 0.984272
v 0.000000 0.164903 0.984272
v 0.000000 0.707089 0.998537
v -0.077719 0.834941 0.998537
v 0.078491 0.895816 0.984272
v -0.078491 0.774065 0.984272
v -0.087118 0.834941 0.984272
v -0.078491 0.895816 0.984272
v 0.078491 0.774065 0.998537
v -0.078491 0.774065 0.998537
v 0.000000 0.691628 0.998537
v -0.048471 0.713189 0.998537
v 0.077719 0.834941 0.982158
v 0.043242 0.943557 0.982158
v 0.077719 0.834941 0.998537
v -0.043242 0.943557 0.998537
v 0.219323 0.895816 0.984272
v -0.219323 0.774065 0.941335
v -0.219323 0.834941 0.941335
v -0.219323 0.895816 0.941335
v 0.000000 0.780633 0.982158
v 0.087118 0.834941 0.998537
v 0.070023 0.780633 0.982158
v 0.000000 0.978253 0.998537
v -0.070023 0.780633 0.982158
v -0.043242 0.943557 0.982158
v -0.077719 0.834941 0.982158
v -0.070023 0.889249 0.982158
v 0.093866 0.164903 0.984272
v -0.093866 0.164903 0.984272
v 0.219323 0.164903 0.941335
v 0.219323 1.081828 0.941335
v 0.219323 0.956692 0.941335
v 0.219323 0.713189 0.941335
v 0.219323 0.533048 0.941335
v -0.219323 0.607860 0.979004
v -0.093866 0.607860 0.979004
v 0.219323 0.607860 0.979004
v 0.093866 0.607860 0.979004
v 0.000000 0.607860 0.979004
v -0.219323 0.594258 0.979004
v -0.093866 0.594258 0.979004
v 0.219323 0.594258 0.979004
v 0.093866 0.594258 0.979004
v 0.000000 0.594258 0.979004
v -0.093866 0.607860 0.992997
v 0.000000 0.607860 0.992997
v 0.093866 0.607860 0.992997
v -0.219323 0.607860 0.992997
v 0.219323 0.607860 0.992997
v -0.093866 0.594258 0.992997
v 0.000000 0.594258 0.992997
v 0.093866 0.594258 0.992997
v -0.219323 0.594258 0.992997
v 0.219323 0.594258 0.992997
v -0.219323 0.377985 0.979004
v -0.093866 0.377985 0.979004
v 0.219323 0.377985 0.979004
v 0.093866 0.377985 0.979004
v 0.000000 0.377985 0.979004
v -0.219323 0.364382 0.979004
v -0.093866 0.364382 0.979004
v 0.219323 0.364382 0.979004
v 0.093866 0.364382 0.979004
v 0.000000 0.364382 0.979004
v -0.093866 0.377985 0.992997
v 0.000000 0.377985 0.992997
v 0.093866 0.377985 0.992997
v -0.219323 0.377985 0.992997
v 0.219323 0.377985 0.992997
v -0.093866 0.364382 0.992997
v 0.000000 0.364382 0.992997
v 0.093866 0.364382 0.992997
v -0.219323 0.364382 0.992997
v 0.219323 0.364382 0.992997
v -0.219323 0.164903 0.975421
v -0.219323 1.081828 0.975421
v -0.219323 0.956692 0.975421
v -0.219323 0.713189 0.975421
v -0.219323 0.533048 0.975421
v -0.219323 0.774065 0.975421
v -0.219323 0.834941 0.975421
v 0.219323 0.774065 0.975421
v 0.219323 0.834941 0.975421
v 0.093866 1.081828 0.975421
v -0.093866 1.081828 0.975421
v 0.219323 0.164903 0.975421
v 0.219323 1.081828 0.975421
v 0.219323 0.956692 0.975421
v 0.219323 0.713189 0.975421
v 0.219323 0.533048 0.975421
v 0.000000 1.081828 0.975421
v -0.219323 0.895816 0.975421
v 0.000000 0.164903 0.975421
v 0.219323 0.895816 0.975421
v 0.093866 0.164903 0.975421
v -0.093866 0.164903 0.975421
v -0.203915 0.181929 0.975421
v -0.203915 1.064801 0.975421
v -0.203915 0.944313 0.975421
v -0.203915 0.709853 0.975421
v -0.203915 0.536403 0.975421
v -0.203915 0.768468 0.975421
v -0.203915 0.827083 0.975421
v 0.203915 0.768468 0.975421
v 0.203915 0.827083 0.975421
v 0.087272 1.064801 0.975421
v -0.087272 1.064801 0.975421
v 0.203915 0.181929 0.975421
v 0.203915 1.064801 0.975421
v 0.203915 0.944313 0.975421
v 0.203915 0.709853 0.975421
v 0.203915 0.536403 0.975421
v 0.000000 1.064801 0.975421
v -0.203915 0.885698 0.975421
v 0.000000 0.181929 0.975421
v 0.203915 0.885698 0.975421
v 0.087272 0.181929 0.975421
v -0.087272 0.181929 0.975421
v -0.219323 1.081828 0.996019
v -0.093866 1.081828 0.996019
v -0.219323 0.533048 0.996019
v -0.219323 0.164903 0.996019
v 0.000000 1.081828 0.996019
v 0.093866 1.081828 0.996019
v -0.219323 0.956692 0.996019
v -0.219323 0.774065 0.996019
v -0.219323 0.713189 0.996019
v -0.093866 0.164903 0.996019
v 0.000000 0.164903 0.996019
v -0.219323 0.834941 0.996019
v -0.219323 0.895816 0.996019
v 0.219323 0.834941 0.996019
v 0.219323 0.774065 0.996019
v 0.219323 0.895816 0.996019
v 0.219323 0.956692 0.996019
v 0.093866 0.164903 0.996019
v 0.219323 0.164903 0.996019
v 0.219323 0.533048 0.996019
v 0.219323 1.081828 0.996019
v 0.219323 0.713189 0.996019
v -0.203915 1.064801 0.996019
v -0.087272 1.064801 0.996019
v -0.203915 0.536403 0.996019
v -0.203915 0.181929 0.996019
v 0.000000 1.064801 0.996019
v 0.087272 1.064801 0.996019
v -0.203915 0.944313 0.996019
v -0.203915 0.768468 0.996019
v -0.203915 0.709853 0.996019
v -0.087272 0.181929 0.996019
v 0.000000 0.181929 0.996019
v -0.203915 0.827083 0.996019
v -0.203915 0.885698 0.996019
v 0.203915 0.827083 0.996019
v 0.203915 0.768468 0.996019
v 0.203915 0.885698 0.996019
v 0.203915 0.944313 0.996019
v 0.087272 0.181929 0.996019
v 0.203915 0.181929 0.996019
v 0.203915 0.536403 0.996019
v 0.203915 1.064801 0.996019
v 0.203915 0.709853 0.996019
v -0.222168 1.478710 0.982433
v -0.222168 2.395635 0.982433
v -0.222168 2.270499 0.982433
v -0.222168 2.026997 0.982433
v -0.222168 1.846856 0.982433
v -0.096711 1.478710 0.939496
v 0.045626 2.270499 0.982433
v 0.067178 2.094440 0.996697
v 0.040397 2.040132 0.996697
v 0.040397 2.257365 0.996697
v -0.002844 2.276599 0.996697
v -0.222168 2.087873 0.982433
v -0.222168 2.148748 0.982433
v -0.002844 2.005436 0.982433
v -0.002844 2.292060 0.982433
v 0.067178 2.203056 0.996697
v -0.072867 2.203056 0.996697
v 0.075646 2.087873 0.982433
v 0.084274 2.148748 0.982433
v -0.051315 2.270499 0.996697
v 0.045626 2.026997 0.996697
v 0.067178 2.203056 0.980319
v -0.002844 2.148748 0.980319
v 0.216479 2.087873 0.982433
v 0.216479 2.148748 0.982433
v -0.089962 2.148748 0.996697
v -0.081335 2.209624 0.996697
v -0.002844 2.020897 0.980319
v -0.046086 2.040132 0.980319
v -0.222168 1.478710 0.939496
v -0.222168 2.395635 0.939496
v -0.222168 2.270499 0.939496
v -0.222168 2.026997 0.939496
v -0.222168 1.846856 0.939496
v 0.091022 2.395635 0.982433
v -0.096711 2.395635 0.982433
v 0.216479 1.478710 0.982433
v 0.216479 2.395635 0.982433
v -0.096711 1.846856 0.982433
v 0.216479 2.209624 0.939496
v -0.002844 2.276599 0.980319
v 0.216479 2.270499 0.982433
v 0.216479 2.026997 0.982433
v 0.216479 1.846856 0.982433
v -0.051315 2.270499 0.982433
v 0.045626 2.026997 0.982433
v -0.051315 2.026997 0.982433
v 0.091022 1.846856 0.982433
v -0.002844 2.395635 0.939496
v -0.002844 2.395635 0.982433
v 0.216479 2.087873 0.939496
v 0.216479 2.148748 0.939496
v -0.046086 2.040132 0.996697
v -0.072867 2.094440 0.996697
v 0.075646 2.209624 0.996697
v 0.045626 2.270499 0.996697
v -0.002844 2.203056 0.980319
v 0.040397 2.040132 0.980319
v -0.222168 2.209624 0.982433
v 0.091022 2.395635 0.939496
v -0.096711 2.395635 0.939496
v 0.091022 1.478710 0.939496
v -0.002844 1.478710 0.939496
v -0.002844 1.846856 0.982433
v -0.002844 1.478710 0.982433
v -0.002844 2.020897 0.996697
v -0.080564 2.148748 0.996697
v 0.075646 2.209624 0.982433
v -0.081335 2.087873 0.982433
v -0.089962 2.148748 0.982433
v -0.081335 2.209624 0.982433
v 0.075646 2.087873 0.996697
v -0.081335 2.087873 0.996697
v -0.002844 2.005436 0.996697
v -0.051315 2.026997 0.996697
v 0.074875 2.148748 0.980319
v 0.040397 2.257365 0.980319
v 0.074875 2.148748 0.996697
v -0.046086 2.257365 0.996697
v 0.216479 2.209624 0.982433
v -0.222168 2.087873 0.939496
v -0.222168 2.148748 0.939496
v -0.222168 2.209624 0.939496
v -0.002844 2.094440 0.980319
v 0.084274 2.148748 0.996697
v 0.067178 2.094440 0.980319
v -0.002844 2.292060 0.996697
v -0.072867 2.094440 0.980319
v -0.046086 2.257365 0.980319
v -0.080564 2.148748 0.980319
v -0.072867 2.203056 0.980319
v 0.091022 1.478710 0.982433
v -0.096711 1.478710 0.982433
v 0.216479 1.478710 0.939496
v 0.216479 2.395635 0.939496
v 0.216479 2.270499 0.939496
v 0.216479 2.026997 0.939496
v 0.216479 1.846856 0.939496
v -0.222168 1.921667 0.977165
v -0.096711 1.921667 0.977165
v 0.216479 1.921667 0.977165
v 0.091022 1.921667 0.977165
v -0.002844 1.921667 0.977165
v -0.222168 1.908065 0.977165
v -0.096711 1.908065 0.977165
v 0.216479 1.908065 0.977165
v 0.091022 1.908065 0.977165
v -0.002844 1.908065 0.977165
v -0.096711 1.921667 0.991158
v -0.002844 1.921667 0.991158
v 0.091022 1.921667 0.991158
v -0.222168 1.921667 0.991158
v 0.216479 1.921667 0.991158
v -0.096711 1.908065 0.991158
v -0.002844 1.908065 0.991158
v 0.091022 1.908065 0.991158
v -0.222168 1.908065 0.991158
v 0.216479 1.908065 0.991158
v -0.222168 1.691792 0.977165
v -0.096711 1.691792 0.977165
v 0.216479 1.691792 0.977165
v 0.091022 1.691792 0.977165
v -0.002844 1.691792 0.977165
v -0.222168 1.678190 0.977165
v -0.096711 1.678190 0.977165
v 0.216479 1.678190 0.977165
v 0.091022 1.678190 0.977165
v -0.002844 1.678190 0.977165
v -0.096711 1.691792 0.991158
v -0.002844 1.691792 0.991158
v 0.091022 1.691792 0.991158
v -0.222168 1.691792 0.991158
v 0.216479 1.691792 0.991158
v -0.096711 1.678190 0.991158
v -0.002844 1.678190 0.991158
v 0.091022 1.678190 0.991158
v -0.222168 1.678190 0.991158
v 0.216479 1.678190 0.991158
v -0.222168 2.745420 0.982433
v -0.222168 3.662345 0.982433
v -0.222168 3.537209 0.982433
v -0.222168 3.293706 0.982433
v -0.222168 3.113565 0.982433
v -0.096711 2.745420 0.939496
v 0.045626 3.537209 0.982433
v 0.067178 3.361150 0.996697
v 0.040397 3.306841 0.996697
v 0.040397 3.524074 0.996697
v -0.002844 3.543309 0.996697
v -0.222168 3.354582 0.982433
v -0.222168 3.415458 0.982433
v -0.002844 3.272145 0.982433
v -0.002844 3.558770 0.982433
v 0.067178 3.469766 0.996697
v -0.072867 3.469766 0.996697
v 0.075646 3.354582 0.982433
v 0.084274 3.415458 0.982433
v -0.051315 3.537209 0.996697
v 0.045626 3.293706 0.996697
v 0.067178 3.469766 0.980319
v -0.002844 3.415458 0.980319
v 0.216479 3.354582 0.982433
v 0.216479 3.415458 0.982433
v -0.089962 3.415458 0.996697
v -0.081335 3.476333 0.996697
v -0.002844 3.287606 0.980319
v -0.046086 3.306841 0.980319
v -0.222168 2.745420 0.939496
v -0.222168 3.662345 0.939496
v -0.222168 3.537209 0.939496
v -0.222168 3.293706 0.939496
v -0.222168 3.113565 0.939496
v 0.091022 3.662345 0.982433
v -0.096711 3.662345 0.982433
v 0.216479 2.745420 0.982433
v 0.216479 3.662345 0.982433
v -0.096711 3.113565 0.982433
v 0.216479 3.476333 0.939496
v -0.002844 3.543309 0.980319
v 0.216479 3.537209 0.982433
v 0.216479 3.293706 0.982433
v 0.216479 3.113565 0.982433
v -0.051315 3.537209 0.982433
v 0.045626 3.293706 0.982433
v -0.051315 3.293706 0.982433
v 0.091022 3.113565 0.982433
v -0.002844 3.662345 0.939496
v -0.002844 3.662345 0.982433
v 0.216479 3.354582 0.939496
v 0.216479 3.415458 0.939496
v -0.046086 3.306841 0.996697
v -0.072867 3.361150 0.996697
v 0.075646 3.476333 0.996697
v 0.045626 3.537209 0.996697
v -0.002844 3.469766 0.980319
v 0.040397 3.306841 0.980319
v -0.222168 3.476333 0.982433
v 0.091022 3.662345 0.939496
v -0.096711 3.662345 0.939496
v 0.091022 2.745420 0.939496
v -0.002844 2.745420 0.939496
v -0.002844 3.113565 0.982433
v -0.002844 2.745420 0.982433
v -0.002844 3.287606 0.996697
v -0.080564 3.415458 0.996697
v 0.075646 3.476333 0.982433
v -0.081335 3.354582 0.982433
v -0.089962 3.415458 0.982433
v -0.081335 3.476333 0.982433
v 0.075646 3.354582 0.996697
v -0.081335 3.354582 0.996697
v -0.002844 3.272145 0.996697
v -0.051315 3.293706 0.996697
v 0.074875 3.415458 0.980319
v 0.040397 3.524074 0.980319
v 0.074875 3.415458 0.996697
v -0.046086 3.524074 0.996697
v 0.216479 3.476333 0.982433
v -0.222168 3.354582 0.939496
v -0.222168 3.415458 0.939496
v -0.222168 3.476333 0.939496
v -0.002844 3.361150 0.980319
v 0.084274 3.415458 0.996697
v 0.067178 3.361150 0.980319
v -0.002844 3.558770 0.996697
v -0.072867 3.361150 0.980319
v -0.046086 3.524074 0.980319
v -0.080564 3.415458 0.980319
v -0.072867 3.469766 0.980319
v 0.091022 2.745420 0.982433
v -0.096711 2.745420 0.982433
v 0.216479 2.745420 0.939496
v 0.216479 3.662345 0.939496
v 0.216479 3.537209 0.939496
v 0.216479 3.293706 0.939496
v 0.216479 3.113565 0.939496
v -0.222168 3.188377 0.977165
v -0.096711 3.188377 0.977165
v 0.216479 3.188377 0.977165
v 0.091022 3.188377 0.977165
v -0.002844 3.188377 0.977165
v -0.222168 3.174775 0.977165
v -0.096711 3.174775 0.977165
v 0.216479 3.174775 0.977165
v 0.091022 3.174775 0.977165
v -0.002844 3.174775 0.977165
v -0.096711 3.188377 0.991158
v -0.002844 3.188377 0.991158
v 0.091022 3.188377 0.991158
v -0.222168 3.188377 0.991158
v 0.216479 3.188377 0.991158
v -0.096711 3.174775 0.991158
v -0.002844 3.174775 0.991158
v 0.091022 3.174775 0.991158
v -0.222168 3.174775 0.991158
v 0.216479 3.174775 0.991158
v -0.222168 2.958501 0.977165
v -0.096711 2.958501 0.977165
v 0.216479 2.958501 0.977165
v 0.091022 2.958501 0.977165
v -0.002844 2.958501 0.977165
v -0.222168 2.944899 0.977165
v -0.096711 2.944899 0.977165
v 0.216479 2.944899 0.977165
v 0.091022 2.944899 0.977165
v -0.002844 2.944899 0.977165
v -0.096711 2.958501 0.991158
v -0.002844 2.958501 0.991158
v 0.091022 2.958501 0.991158
v -0.222168 2.958501 0.991158
v 0.216479 2.958501 0.991158
v -0.096711 2.944899 0.991158
v -0.002844 2.944899 0.991158
v 0.091022 2.944899 0.991158
v -0.222168 2.944899 0.991158
v 0.216479 2.944899 0.991158
vn -0.0000 -0.0000 1.0000
vn -0.0000 -0.0000 -1.0000
vn 1.0000 -0.0000 -0.0000
vn -0.0000 -1.0000 -0.0000
vn -0.0000 1.0000 -0.0000
vn -1.0000 -0.0000 -0.0000
vn -0.7071 -0.0000 0.7071
vn 0.7071 -0.0000 0.7071
vn -0.7071 -0.0000 -0.7071
vn 0.7071 -0.0000 -0.7071
vn 0.0273 -0.9995 0.0162
vn -0.0189 0.9971 -0.0736
vn -0.0372 -0.9902 0.1344
vn -0.0112 0.9999 -0.0048
vn 0.0056 -0.9999 -0.0087
vn 0.0233 0.9989 0.0408
vn 0.0251 -0.9987 0.0440
vn 0.0403 0.9975 -0.0582
vn 0.0362 0.9959 -0.0832
vn -0.0096 1.0000 -0.0000
vn 0.0354 -0.9975 0.0619
vn 0.0284 0.9984 -0.0498
vn -0.0000 0.9989 0.0460
vn -0.0000 -0.9999 0.0160
vn 0.0545 0.9951 -0.0822
vn 0.0228 0.9990 0.0374
vn -0.0245 0.9997 -0.0000
vn 0.0348 -0.9990 -0.0277
vn -0.0000 0.9977 -0.0685
vn -0.0089 0.9996 -0.0278
vn -0.0008 0.9989 -0.0465
vn 0.0140 -0.9996 0.0229
vn 0.0410 -0.9966 -0.0717
vn -0.0000 0.9997 0.0225
vn -0.0247 -0.9997 -0.0000
vn 0.0023 0.9998 -0.0187
vn -0.0392 -0.9984 0.0412
vn -0.0171 0.9999 -0.0000
vn 0.0086 0.9999 -0.0131
vn -0.0060 -1.0000 -0.0000
vn 0.0105 0.9998 -0.0197
vn 0.0236 -0.9989 0.0414
vn -0.0000 0.9998 -0.0222
vn 0.0167 -0.9995 -0.0273
vn -0.0761 0.9969 0.0189
vn 0.1384 -0.9897 0.0372
vn -0.0049 0.9999 0.0112
vn -0.0087 -0.9999 -0.0056
vn 0.0408 0.9989 -0.0233
vn 0.0427 -0.9988 -0.0251
vn -0.0565 0.9976 -0.0403
vn -0.0807 0.9961 -0.0362
vn -0.0000 1.0000 0.0096
vn 0.0619 -0.9975 -0.0354
vn -0.0498 0.9984 -0.0284
vn 0.0491 0.9988 -0.0000
vn 0.0160 -0.9999 -0.0000
vn -0.0822 0.9951 -0.0545
vn 0.0345 0.9991 -0.0228
vn -0.0000 0.9997 0.0245
vn -0.0277 -0.9990 -0.0348
vn -0.0685 0.9977 -0.0000
vn -0.0333 0.9994 0.0089
vn -0.0481 0.9988 0.0008
vn 0.0238 -0.9996 -0.0140
vn -0.0717 -0.9966 -0.0410
vn 0.0225 0.9997 -0.0000
vn -0.0000 -0.9997 0.0247
vn -0.0187 0.9998 -0.0023
vn 0.0412 -0.9984 0.0392
vn -0.0000 0.9999 0.0171
vn -0.0131 0.9999 -0.0086
vn -0.0000 -1.0000 0.0057
vn -0.0179 0.9998 -0.0099
vn 0.0414 -0.9989 -0.0236
vn -0.0222 0.9998 -0.0000
vn 0.0098 0.9999 0.0025
vn -0.0194 -0.9994 0.0273
vn 0.0881 0.9959 -0.0189
vn -0.0000 -0.9993 -0.0375
vn 0.1179 0.9927 -0.0236
vn 0.0622 0.9979 0.0158
vn 0.0074 -1.0000 0.0056
vn -0.0347 0.9991 0.0233
vn -0.0550 0.9985 -0.0000
vn 0.0507 0.9986 0.0129
vn -0.0000 1.0000 -0.0096
vn 0.0073 0.9997 -0.0245
vn 0.0076 1.0000 -0.0004
vn -0.0160 -0.9999 -0.0000
vn 0.0822 0.9951 0.0545
vn -0.0407 0.9989 0.0228
vn -0.0000 0.9997 -0.0228
vn 0.0277 -0.9990 0.0348
vn 0.0685 0.9977 -0.0000
vn -0.0924 -0.9954 0.0235
vn 0.0404 0.9992 -0.0008
vn -0.0245 -0.9996 0.0140
vn 0.1595 -0.9864 0.0406
vn -0.0505 0.9985 -0.0210
vn -0.0000 -0.9997 -0.0247
vn 0.0187 0.9998 0.0023
vn 0.0401 -0.9992 -0.0000
vn -0.0672 0.9977 0.0013
vn -0.0000 -1.0000 -0.0058
vn 0.0180 0.9998 0.0100
vn -0.0273 -0.9995 -0.0170
vn 0.0189 0.9968 0.0773
vn 0.0372 -0.9912 -0.1270
vn 0.0112 0.9999 0.0045
vn -0.0056 -0.9999 0.0087
vn -0.0233 0.9989 -0.0408
vn -0.0251 -0.9987 -0.0440
vn -0.0403 0.9975 0.0582
vn -0.0301 0.9961 0.0832
vn 0.0132 0.9999 -0.0000
vn -0.0294 -0.9977 -0.0619
vn -0.0236 0.9985 0.0498
vn -0.0769 -0.9967 0.0276
vn -0.0000 0.9977 0.0685
vn 0.0008 0.9984 0.0557
vn -0.0140 -0.9996 -0.0245
vn -0.0442 -0.9964 0.0717
vn -0.0000 0.9998 -0.0204
vn 0.0247 -0.9997 -0.0000
vn -0.0023 0.9998 0.0187
vn 0.0392 -0.9984 -0.0403
vn 0.0171 0.9999 -0.0000
vn -0.0086 0.9999 0.0123
vn 0.0058 -1.0000 -0.0000
vn -0.0100 0.9998 0.0199
vn -0.0236 -0.9989 -0.0414
vn -0.0000 0.9998 0.0222
vn -0.1065 0.9943 -0.0000
vn -0.0504 -0.9987 -0.0000
vn -0.0504 0.9987 -0.0000
vn -0.1065 -0.9943 -0.0000
vn 0.1065 0.9943 -0.0000
vn 0.1065 -0.9943 -0.0000
vn 0.0504 -0.9987 -0.0000
vn 0.0504 0.9987 -0.0000
vn -0.0503 -0.9987 -0.0000
vn 0.0503 -0.9987 -0.0000
vn -0.9782 -0.2078 -0.0000
vn 0.0219 0.9984 -0.0516
vn -0.0387 -0.0004 0.9992
vn -0.9987 0.0043 -0.0516
vn 0.9782 -0.2078 -0.0000
vn -0.0219 0.9984 -0.0516
vn -0.0000 -0.0031 1.0000
vn 0.9994 0.0066 -0.0332
vn -0.0178 0.9998 -0.0000
vn 0.7064 -0.0000 0.7078
vn -0.7064 -0.0000 -0.7078
vn 0.7064 -0.0000 -0.7078
vn -0.7064 -0.0000 0.7078
vn 0.0178 0.9998 -0.0000
vn -0.0091 0.9999 0.0091
vn 0.0091 0.9999 -0.0091
vn -0.0000 0.9998 -0.0178
vn -0.0000 0.9998 0.0178
vn -0.0091 0.9999 -0.0091
vn 0.0091 0.9999 0.0091
vn -0.0000 -0.1836 -0.9830
vn -0.0000 -0.7380 -0.6748
vn 0.9830 -0.1836 -0.0000
vn 0.6748 -0.7380 -0.0000
vn -0.9830 -0.1836 -0.0000
vn -0.6748 -0.7380 -0.0000
vn -0.0000 -0.1836 0.9830
vn -0.0000 -0.7380 0.6748
vn 0.9239 -0.3827 -0.0000
vn 0.3827 -0.9239 -0.0000
vn -0.3827 -0.9239 -0.0000
vn -0.9239 -0.3827 -0.0000
vn -0.9239 0.3827 -0.0000
vn -0.3827 0.9239 -0.0000
vn 0.3827 0.9239 -0.0000
vn 0.9239 0.3827 -0.0000
vn -0.5267 0.8501 -0.0000
vn 0.5267 0.8501 -0.0000
vn -0.0000 -0.8660 -0.5000
vn -0.0000 0.8660 -0.5000
vn -0.0000 0.8660 0.5000
vn -0.0000 -0.8660 0.5000
vn -0.3300 0.8175 0.4720
vn 0.3802 -0.8010 -0.4625
vn -0.3300 0.8175 -0.4720
vn 0.3802 -0.8010 0.4625
vn 0.8126 -0.4108 0.4134
vn -0.8340 0.3379 -0.4362
vn -0.8366 0.3450 0.4256
vn 0.8183 -0.3653 -0.4439
vn 0.1457 -0.8579 -0.4927
vn 0.2812 -0.0000 -0.9596
vn 0.1457 0.8579 -0.4927
vn -0.1482 0.8582 0.4914
vn -0.2887 -0.0000 0.9574
vn -0.1482 -0.8582 0.4914
vn -0.4701 0.8175 0.3327
vn 1.0000 -0.0000 -0.0058
vn -1.0000 -0.0000 0.0058
vn 0.4949 -0.7657 -0.4110
vn 0.4933 0.8033 0.3338
vn -0.4646 -0.8010 -0.3775
vn -0.4486 -0.3653 -0.8157
vn 0.4410 0.3380 0.8314
vn -0.4314 0.3380 0.8365
vn 0.4392 -0.3653 -0.8208
vn -0.4866 -0.8450 0.2219
vn -0.9099 -0.0000 0.4148
vn -0.4866 0.8450 0.2219
vn 0.4838 0.8403 -0.2447
vn 0.8860 -0.0000 -0.4636
vn 0.4838 -0.8403 -0.2447
vn 0.4999 -0.8660 -0.0127
vn 0.9997 -0.0000 -0.0254
vn 0.4999 0.8660 -0.0127
vn -0.4999 0.8660 0.0127
vn -0.9997 -0.0000 0.0254
vn -0.4999 -0.8660 0.0127
vn 0.4081 -0.7657 0.4972
vn -0.3366 0.8033 0.4913
vn -0.8340 0.3380 0.4362
vn -0.8340 0.3380 -0.4362
vn 0.8183 -0.3653 0.4439
vn 0.3300 0.8175 -0.4720
vn -0.3802 -0.8010 0.4625
vn 0.3300 0.8175 0.4720
vn -0.3802 -0.8010 -0.4625
vn -0.8126 -0.4109 -0.4134
vn 0.8340 0.3380 0.4362
vn 0.8366 0.3450 -0.4256
vn -0.8183 -0.3653 0.4439
vn 0.8183 -0.3652 0.4439
vn 0.8183 -0.3652 -0.4439
vn -0.8126 -0.4108 -0.4134
vn 0.8969 0.4423 -0.0000
vn 0.4064 0.9137 -0.0000
vn -0.9901 0.1403 -0.0000
vn -0.4064 0.9137 -0.0000
vn -0.8969 0.4423 -0.0000
vn 0.8969 -0.4423 -0.0000
vn -0.4064 -0.9137 -0.0000
vn -0.9901 -0.1403 -0.0000
vn 0.9901 -0.1403 -0.0000
vn 0.9901 0.1403 -0.0000
vn -0.8969 -0.4423 -0.0000
vn 0.4064 -0.9137 -0.0000
vn 0.0101 -0.9999 -0.0088
vn 0.0018 0.9991 -0.0435
vn -0.0369 -0.9904 0.1330
vn -0.0237 0.9986 0.0470
vn -0.0022 1.0000 -0.0035
vn -0.0596 -0.9926 0.1054
vn -0.0161 0.9990 0.0406
vn -0.0181 0.9998 0.0118
vn -0.0417 -0.9973 0.0609
vn -0.0247 0.9995 -0.0220
vn -0.0245 0.9988 0.0429
vn -0.0004 0.9989 0.0467
vn -0.0346 -0.9965 0.0764
vn 0.0076 1.0000 -0.0000
vn -0.0316 -0.9982 -0.0517
vn -0.0399 0.9988 -0.0270
vn 0.0369 -0.9988 -0.0314
vn -0.0096 0.9963 -0.0852
vn -0.0555 -0.9952 0.0810
vn -0.0168 0.9991 -0.0393
vn -0.0439 0.9931 -0.1092
vn -0.0115 -0.9998 -0.0188
vn -0.0232 0.9977 0.0631
vn -0.0394 -0.9989 -0.0258
vn -0.0454 0.9937 -0.1020
vn 0.0009 -0.9996 -0.0291
vn -0.0244 0.9996 0.0128
vn -0.0051 0.9999 0.0109
vn -0.0075 -1.0000 -0.0027
vn -0.0110 0.9991 -0.0414
vn -0.0091 -0.9999 -0.0101
vn -0.0449 0.9990 -0.0018
vn 0.1369 -0.9899 0.0368
vn 0.0485 0.9985 0.0237
vn -0.0038 1.0000 0.0022
vn 0.1054 -0.9926 0.0596
vn 0.0394 0.9991 0.0161
vn 0.0115 0.9998 0.0181
vn 0.0730 -0.9965 0.0417
vn -0.0264 0.9993 0.0247
vn 0.0429 0.9988 0.0245
vn 0.0499 0.9988 0.0004
vn 0.0764 -0.9965 0.0346
vn -0.0000 1.0000 -0.0076
vn -0.0477 -0.9984 0.0316
vn -0.0270 0.9988 0.0399
vn -0.0314 -0.9988 -0.0369
vn -0.0852 0.9963 0.0096
vn 0.0970 -0.9937 0.0554
vn -0.0471 0.9988 0.0168
vn -0.1129 0.9926 0.0439
vn -0.0195 -0.9997 0.0115
vn 0.0631 0.9977 0.0232
vn -0.0258 -0.9989 0.0394
vn -0.1020 0.9937 0.0454
vn -0.0291 -0.9996 -0.0009
vn 0.0128 0.9996 0.0244
vn 0.0109 0.9999 0.0051
vn -0.0025 -1.0000 0.0071
vn -0.0414 0.9991 0.0110
vn 0.0106 -0.9999 0.0101
vn 0.0521 0.9986 0.0018
vn -0.1271 -0.9894 -0.0695
vn -0.0465 0.9987 0.0183
vn -0.0898 -0.9942 -0.0597
vn -0.0919 -0.9955 -0.0234
vn -0.1178 0.9929 -0.0160
vn -0.0710 0.9973 -0.0181
vn -0.0753 -0.9963 -0.0417
vn 0.0272 0.9993 -0.0247
vn -0.1578 -0.9867 -0.0401
vn 0.0850 0.9954 -0.0442
vn -0.1115 0.9933 0.0298
vn -0.0764 -0.9965 -0.0346
vn -0.0000 1.0000 0.0076
vn 0.1234 -0.9919 -0.0314
vn -0.0000 0.9999 0.0125
vn -0.0047 0.9997 -0.0245
vn 0.0314 -0.9988 0.0369
vn 0.0852 0.9963 -0.0096
vn -0.0351 0.9993 -0.0089
vn 0.2908 0.9546 -0.0649
vn 0.0201 -0.9997 -0.0115
vn -0.1630 -0.9858 -0.0415
vn 0.1842 0.9818 -0.0469
vn -0.0593 0.9980 -0.0232
vn 0.0258 -0.9989 -0.0394
vn 0.1020 0.9937 -0.0454
vn 0.1866 -0.9817 -0.0386
vn -0.0928 0.9954 -0.0243
vn -0.0923 0.9957 -0.0051
vn 0.0025 -1.0000 -0.0072
vn -0.1588 -0.9865 -0.0404
vn 0.0564 0.9983 -0.0144
vn -0.0101 -0.9999 0.0093
vn -0.0018 0.9990 0.0456
vn 0.0369 -0.9914 -0.1257
vn 0.0237 0.9987 -0.0444
vn 0.0022 1.0000 0.0037
vn 0.0596 -0.9926 -0.1054
vn 0.0161 0.9990 -0.0406
vn 0.0150 0.9998 -0.0118
vn 0.0573 -0.9957 -0.0729
vn 0.0339 0.9991 0.0264
vn 0.0203 0.9989 -0.0429
vn -0.0816 -0.9962 0.0313
vn 0.0212 0.9961 0.0852
vn 0.0472 0.9903 0.1305
vn 0.0115 -0.9997 0.0201
vn 0.0232 0.9981 -0.0571
vn 0.0394 -0.9989 0.0258
vn 0.0454 0.9937 0.1020
vn -0.0009 -0.9996 0.0285
vn 0.0244 0.9996 -0.0126
vn 0.0051 0.9999 -0.0102
vn 0.0071 -1.0000 0.0028
vn 0.0110 0.9991 0.0414
vn -0.9953 -0.0000 -0.0966
vn -0.0090 0.0516 0.9986
vn 0.0344 -0.9961 0.0810
vn 0.0135 0.9994 -0.0319
vn 0.9967 0.0104 0.0811
vn -0.9994 0.0066 -0.0332
vn 0.9953 -0.0000 -0.0966
vn 0.0090 0.0516 0.9986
vn -0.0344 -0.9961 0.0810
vn -0.0135 0.9994 -0.0319
vn 0.0387 -0.0004 0.9992
vn -0.9967 0.0104 0.0811
vn 0.9987 0.0043 -0.0516
vn 0.4081 -0.7657 -0.4972
vn -0.3366 0.8033 -0.4913
vn -0.8366 0.3450 -0.4256
vn -0.8340 0.3379 0.4362
vn 0.8126 -0.4108 -0.4134
vn 0.1450 -0.8569 -0.4947
vn 0.1450 0.8569 -0.4947
vn -0.1463 0.8567 0.4946
vn -0.1463 -0.8567 0.4946
vn -0.4894 0.8033 0.3394
vn 0.4603 -0.8010 -0.3828
vn 0.4739 0.8175 0.3273
vn -0.4996 -0.7656 -0.4052
vn -0.4181 -0.4109 -0.8102
vn 0.4304 0.3450 0.8341
vn -0.4208 0.3450 0.8390
vn 0.4087 -0.4109 -0.8150
vn -0.4995 -0.8287 0.2526
vn -0.4995 0.8287 0.2527
vn 0.4932 0.8308 -0.2580
vn 0.8861 -0.0000 -0.4636
vn 0.4932 -0.8308 -0.2580
vn 0.3366 0.8033 -0.4913
vn -0.4081 -0.7657 0.4972
vn 0.3366 0.8033 0.4913
vn -0.4081 -0.7657 -0.4972
vn -0.8183 -0.3653 -0.4439
vn 0.8366 0.3450 0.4256
vn 0.8340 0.3380 -0.4362
vn -0.8126 -0.4109 0.4134
vn 0.8126 -0.4109 0.4134
vn 0.8126 -0.4109 -0.4134
vn -0.8126 -0.4108 0.4134
vt 0.477991 0.765088
vt 0.480916 0.762158
vt 0.480916 0.765088
vt 0.478593 0.888432
vt 0.481519 0.885502
vt 0.481519 0.888432
vt 0.406501 0.953737
vt 0.403575 0.958864
vt 0.403575 0.953737
vt 0.309425 0.957736
vt 0.306500 0.952609
vt 0.309425 0.952609
vt 0.320692 0.953186
vt 0.317766 0.948058
vt 0.320692 0.948059
vt 0.409347 0.971922
vt 0.406421 0.974851
vt 0.406421 0.971922
vt 0.462905 0.829943
vt 0.465831 0.824816
vt 0.465831 0.829943
vt 0.429716 0.974532
vt 0.426790 0.971602
vt 0.429716 0.971602
vt 0.464160 0.805667
vt 0.461234 0.810795
vt 0.461234 0.805667
vt 0.389983 0.943435
vt 0.392909 0.948562
vt 0.389983 0.948562
vt 0.317766 0.942931
vt 0.320692 0.942931
vt 0.480708 0.966802
vt 0.477782 0.963872
vt 0.480708 0.963872
vt 0.481519 0.900150
vt 0.478593 0.897221
vt 0.481519 0.897221
vt 0.337204 0.953667
vt 0.334278 0.958794
vt 0.334278 0.953667
vt 0.425945 0.952978
vt 0.423019 0.947851
vt 0.425945 0.947851
vt 0.358831 0.951177
vt 0.355905 0.946050
vt 0.358831 0.946050
vt 0.477782 0.940435
vt 0.480708 0.943365
vt 0.477782 0.943365
vt 0.324771 0.974741
vt 0.321845 0.971811
vt 0.324771 0.971811
vt 0.287147 0.971249
vt 0.290073 0.966847
vt 0.290073 0.971249
vt 0.355756 0.969962
vt 0.352831 0.965560
vt 0.355756 0.965560
vt 0.464391 0.881070
vt 0.467317 0.885472
vt 0.464391 0.885472
vt 0.374367 0.973432
vt 0.371441 0.970503
vt 0.374367 0.970503
vt 0.416709 0.953019
vt 0.413783 0.947892
vt 0.416709 0.947892
vt 0.417087 0.974636
vt 0.420013 0.971707
vt 0.420013 0.974636
vt 0.284221 0.958261
vt 0.287147 0.953134
vt 0.287147 0.958261
vt 0.381642 0.950417
vt 0.384568 0.955544
vt 0.381642 0.955544
vt 0.313734 0.949906
vt 0.316660 0.955033
vt 0.313734 0.955033
vt 0.361757 0.970386
vt 0.358831 0.973315
vt 0.358831 0.970386
vt 0.395835 0.948562
vt 0.392909 0.943435
vt 0.395835 0.943435
vt 0.478593 0.894291
vt 0.481519 0.891361
vt 0.481519 0.894291
vt 0.416709 0.953019
vt 0.413783 0.958147
vt 0.413783 0.953019
vt 0.403575 0.943483
vt 0.406501 0.948610
vt 0.403575 0.948610
vt 0.280086 0.942628
vt 0.283012 0.947755
vt 0.280086 0.947755
vt 0.480708 0.937506
vt 0.480708 0.940435
vt 0.464391 0.850676
vt 0.467317 0.845549
vt 0.467317 0.850676
vt 0.481519 0.923587
vt 0.478593 0.920657
vt 0.481519 0.920657
vt 0.317766 0.958313
vt 0.320691 0.953186
vt 0.320691 0.958313
vt 0.364726 0.950417
vt 0.367652 0.955544
vt 0.364726 0.955544
vt 0.381642 0.945290
vt 0.384568 0.950417
vt 0.337204 0.972182
vt 0.334278 0.975112
vt 0.334278 0.972182
vt 0.477832 0.760463
vt 0.480758 0.757533
vt 0.480758 0.760463
vt 0.364726 0.970503
vt 0.367652 0.973432
vt 0.364726 0.973432
vt 0.478626 0.853606
vt 0.481552 0.850676
vt 0.481552 0.853606
vt 0.396779 0.958864
vt 0.399705 0.953737
vt 0.399705 0.958864
vt 0.299609 0.952579
vt 0.296683 0.947452
vt 0.299609 0.947452
vt 0.340890 0.948540
vt 0.337964 0.943413
vt 0.340890 0.943413
vt 0.413783 0.971422
vt 0.416709 0.974352
vt 0.413783 0.974352
vt 0.481248 0.825548
vt 0.478323 0.828478
vt 0.478323 0.825548
vt 0.467086 0.800540
vt 0.464160 0.805667
vt 0.464160 0.800540
vt 0.358831 0.956305
vt 0.355905 0.951177
vt 0.364682 0.955286
vt 0.361757 0.950159
vt 0.364682 0.950159
vt 0.477782 0.963872
vt 0.480708 0.960943
vt 0.480708 0.963872
vt 0.325138 0.958445
vt 0.328064 0.953318
vt 0.328064 0.958445
vt 0.399705 0.971987
vt 0.396779 0.974916
vt 0.396779 0.971987
vt 0.389983 0.958816
vt 0.392909 0.953689
vt 0.392909 0.958816
vt 0.426917 0.947851
vt 0.423991 0.942724
vt 0.426917 0.942724
vt 0.279769 0.952882
vt 0.276843 0.947755
vt 0.279769 0.947755
vt 0.303940 0.974020
vt 0.306866 0.971090
vt 0.306866 0.974020
vt 0.478319 0.832591
vt 0.481245 0.829661
vt 0.481245 0.832591
vt 0.264571 0.960179
vt 0.267497 0.955052
vt 0.267497 0.960179
vt 0.364682 0.945032
vt 0.361757 0.945032
vt 0.417168 0.942724
vt 0.420094 0.947851
vt 0.417168 0.947851
vt 0.300281 0.947482
vt 0.303207 0.952609
vt 0.300281 0.952609
vt 0.380149 0.955544
vt 0.377223 0.950417
vt 0.380149 0.950417
vt 0.270357 0.974399
vt 0.273283 0.971470
vt 0.273283 0.974399
vt 0.464391 0.845549
vt 0.467317 0.840422
vt 0.313734 0.944778
vt 0.316660 0.949906
vt 0.477991 0.794406
vt 0.480916 0.797336
vt 0.477991 0.797336
vt 0.481249 0.797691
vt 0.478323 0.800620
vt 0.478323 0.797691
vt 0.433142 0.959892
vt 0.436068 0.954765
vt 0.436068 0.959892
vt 0.433142 0.972909
vt 0.436068 0.975839
vt 0.433142 0.975839
vt 0.328873 0.958521
vt 0.331799 0.953393
vt 0.331799 0.958521
vt 0.384892 0.945290
vt 0.387818 0.950417
vt 0.384892 0.950417
vt 0.371372 0.950417
vt 0.368446 0.945290
vt 0.371372 0.945290
vt 0.464394 0.972934
vt 0.467320 0.975864
vt 0.464394 0.975864
vt 0.482212 0.855803
vt 0.479287 0.858733
vt 0.479287 0.855803
vt 0.478382 0.871917
vt 0.481308 0.868987
vt 0.481308 0.871917
vt 0.477974 0.785152
vt 0.480899 0.782223
vt 0.480899 0.785152
vt 0.462905 0.835070
vt 0.287147 0.951747
vt 0.290073 0.956874
vt 0.287147 0.956874
vt 0.282695 0.952882
vt 0.282695 0.947755
vt 0.481519 0.903080
vt 0.478593 0.906009
vt 0.478593 0.903080
vt 0.477782 0.949224
vt 0.480708 0.946295
vt 0.480708 0.949224
vt 0.337204 0.958794
vt 0.340130 0.953667
vt 0.340130 0.958794
vt 0.384892 0.955544
vt 0.387818 0.955544
vt 0.284221 0.948007
vt 0.287147 0.948007
vt 0.481519 0.908939
vt 0.478593 0.906009
vt 0.481519 0.906009
vt 0.477782 0.943365
vt 0.477519 0.860205
vt 0.474593 0.864608
vt 0.474593 0.860205
vt 0.474593 0.855803
vt 0.477519 0.860205
vt 0.474593 0.840422
vt 0.477519 0.844824
vt 0.474593 0.844824
vt 0.420094 0.952978
vt 0.417168 0.952978
vt 0.481466 0.972779
vt 0.478540 0.975708
vt 0.478540 0.972779
vt 0.461234 0.800540
vt 0.296683 0.973990
vt 0.299609 0.971060
vt 0.299609 0.973990
vt 0.464391 0.855803
vt 0.467317 0.855803
vt 0.355756 0.950460
vt 0.352831 0.955587
vt 0.352831 0.950460
vt 0.377223 0.945290
vt 0.328064 0.974700
vt 0.325138 0.971771
vt 0.328064 0.971771
vt 0.361757 0.955286
vt 0.358831 0.960413
vt 0.358831 0.955286
vt 0.355898 0.970679
vt 0.358824 0.973609
vt 0.355898 0.973609
vt 0.409427 0.953737
vt 0.406501 0.958864
vt 0.367652 0.950417
vt 0.364726 0.945290
vt 0.367652 0.945290
vt 0.410372 0.947450
vt 0.413297 0.952577
vt 0.410372 0.952577
vt 0.478323 0.822618
vt 0.328873 0.971843
vt 0.331799 0.974773
vt 0.328873 0.974773
vt 0.481519 0.926516
vt 0.478593 0.923587
vt 0.303207 0.974020
vt 0.300281 0.971090
vt 0.303207 0.971090
vt 0.403535 0.954903
vt 0.400609 0.960030
vt 0.400609 0.954903
vt 0.267497 0.955052
vt 0.264571 0.949925
vt 0.267497 0.949925
vt 0.413297 0.957705
vt 0.478593 0.900150
vt 0.284095 0.974580
vt 0.287021 0.971650
vt 0.287021 0.974579
vt 0.270357 0.957868
vt 0.273283 0.952741
vt 0.273283 0.957868
vt 0.433142 0.954765
vt 0.436068 0.949638
vt 0.436068 0.954765
vt 0.328873 0.948266
vt 0.328873 0.953393
vt 0.422983 0.974311
vt 0.425909 0.971381
vt 0.425909 0.974311
vt 0.417168 0.958106
vt 0.420094 0.958106
vt 0.477782 0.934576
vt 0.477782 0.937506
vt 0.300281 0.957736
vt 0.303207 0.957736
vt 0.270357 0.947614
vt 0.270357 0.952741
vt 0.406501 0.948610
vt 0.409427 0.953737
vt 0.406501 0.953737
vt 0.358831 0.945032
vt 0.292177 0.949726
vt 0.295103 0.954853
vt 0.292177 0.954853
vt 0.425945 0.952978
vt 0.423019 0.958106
vt 0.423019 0.952978
vt 0.478021 0.774396
vt 0.480947 0.777326
vt 0.478021 0.777326
vt 0.478593 0.917728
vt 0.480916 0.781109
vt 0.477991 0.778180
vt 0.480916 0.778180
vt 0.334278 0.953667
vt 0.337204 0.948540
vt 0.325138 0.948191
vt 0.328064 0.948191
vt 0.264571 0.944797
vt 0.267497 0.944797
vt 0.481519 0.897221
vt 0.960674 0.805934
vt 0.923429 0.806753
vt 0.922611 0.769461
vt 0.067139 0.083291
vt 0.058883 0.082375
vt 0.067136 0.082375
vt 0.050628 0.140021
vt 0.058881 0.124956
vt 0.058881 0.140021
vt 0.067143 0.124039
vt 0.075396 0.083290
vt 0.075396 0.124039
vt 0.050627 0.124042
vt 0.058879 0.124042
vt 0.067139 0.082375
vt 0.075392 0.082376
vt 0.058880 0.082375
vt 0.050627 0.123125
vt 0.050627 0.082375
vt 0.058886 0.124041
vt 0.067139 0.124041
vt 0.058883 0.124042
vt 0.050630 0.124042
vt 0.177185 0.169121
vt 0.179199 0.168885
vt 0.178099 0.170036
vt 0.177185 0.143436
vt 0.178335 0.129473
vt 0.178335 0.143436
vt 0.219711 0.169121
vt 0.218561 0.129473
vt 0.219711 0.128371
vt 0.178099 0.127456
vt 0.177185 0.128371
vt 0.218797 0.170036
vt 0.218561 0.168020
vt 0.218797 0.127456
vt 0.179199 0.128607
vt 0.217697 0.168885
vt 0.217697 0.128607
vt 0.177185 0.154262
vt 0.178335 0.168020
vt 0.058879 0.140021
vt 0.050627 0.154880
vt 0.050627 0.140021
vt 0.218350 0.116275
vt 0.219499 0.108011
vt 0.219499 0.116275
vt 0.129514 0.212761
vt 0.130664 0.204498
vt 0.130664 0.212761
vt 0.911216 0.963301
vt 0.910152 0.965696
vt 0.910152 0.963301
vt 0.912622 0.965696
vt 0.911558 0.963301
vt 0.912622 0.963301
vt 0.869976 0.957365
vt 0.872369 0.952947
vt 0.872369 0.957365
vt 0.915772 0.958245
vt 0.918305 0.955259
vt 0.918305 0.958286
vt 0.788393 0.958033
vt 0.785871 0.955006
vt 0.788366 0.955006
vt 0.972956 0.854540
vt 0.974020 0.850122
vt 0.974020 0.854540
vt 0.957487 0.815814
vt 0.959981 0.811421
vt 0.959981 0.815840
vt 0.850271 0.930376
vt 0.853294 0.934794
vt 0.850271 0.934794
vt 0.901077 0.964851
vt 0.900013 0.962366
vt 0.901077 0.962221
vt 0.783055 0.965563
vt 0.784119 0.963348
vt 0.784119 0.965706
vt 0.922221 0.928330
vt 0.919198 0.932749
vt 0.919198 0.928330
vt 0.955163 0.864811
vt 0.957624 0.869229
vt 0.954998 0.869229
vt 0.973712 0.919774
vt 0.972648 0.924192
vt 0.972648 0.919774
vt 0.973937 0.914961
vt 0.972872 0.910543
vt 0.973937 0.910543
vt 0.842348 0.961540
vt 0.844740 0.958842
vt 0.844740 0.961540
vt 0.968965 0.815084
vt 0.971357 0.812386
vt 0.971357 0.815084
vt 0.869073 0.952947
vt 0.866680 0.957365
vt 0.866680 0.952947
vt 0.969691 0.783585
vt 0.972151 0.786110
vt 0.969669 0.786110
vt 0.971292 0.860411
vt 0.968771 0.862734
vt 0.968771 0.860143
vt 0.812267 0.932547
vt 0.809573 0.936965
vt 0.809573 0.932547
vt 0.958861 0.841645
vt 0.956377 0.837227
vt 0.958837 0.837227
vt 0.957591 0.855599
vt 0.960112 0.851181
vt 0.960112 0.855599
vt 0.783043 0.961789
vt 0.780522 0.959242
vt 0.783043 0.959131
vt 0.960043 0.956786
vt 0.957522 0.959372
vt 0.957522 0.956786
vt 0.963195 0.777479
vt 0.960674 0.781898
vt 0.960674 0.777479
vt 0.866752 0.948528
vt 0.869335 0.944110
vt 0.869335 0.948528
vt 0.958861 0.823721
vt 0.961383 0.828140
vt 0.958861 0.828140
vt 0.842292 0.946989
vt 0.844813 0.951408
vt 0.842292 0.951408
vt 0.918305 0.960740
vt 0.920748 0.963264
vt 0.918305 0.963264
vt 0.856139 0.962190
vt 0.858660 0.959794
vt 0.858660 0.962190
vt 0.895164 0.955888
vt 0.897556 0.951470
vt 0.897556 0.955888
vt 0.797793 0.955354
vt 0.795229 0.958381
vt 0.795229 0.955354
vt 0.839884 0.955826
vt 0.842220 0.958853
vt 0.839699 0.958853
vt 0.834120 0.951099
vt 0.831599 0.946680
vt 0.834120 0.946680
vt 0.783098 0.950588
vt 0.785619 0.946169
vt 0.785619 0.950588
vt 0.916175 0.932749
vt 0.949880 0.959553
vt 0.952402 0.962029
vt 0.949880 0.962186
vt 0.967536 0.959484
vt 0.965014 0.962009
vt 0.965014 0.959484
vt 0.821494 0.934569
vt 0.824517 0.930151
vt 0.824517 0.934569
vt 0.875394 0.948528
vt 0.877915 0.944110
vt 0.877915 0.948528
vt 0.842220 0.951408
vt 0.839699 0.946989
vt 0.842220 0.946989
vt 0.901106 0.947051
vt 0.903628 0.951470
vt 0.901106 0.951470
vt 0.824012 0.959734
vt 0.821620 0.957037
vt 0.824012 0.957037
vt 0.875409 0.959743
vt 0.877802 0.957045
vt 0.877802 0.959743
vt 0.910154 0.955253
vt 0.912671 0.950834
vt 0.912671 0.955253
vt 0.969627 0.779974
vt 0.972148 0.782458
vt 0.969627 0.782498
vt 0.947359 0.959359
vt 0.949880 0.956995
vt 0.788623 0.937082
vt 0.785929 0.932664
vt 0.788623 0.932664
vt 0.918305 0.946379
vt 0.920826 0.950798
vt 0.918305 0.950798
vt 0.957596 0.878114
vt 0.960118 0.873696
vt 0.960118 0.878114
vt 0.855816 0.956886
vt 0.853294 0.959584
vt 0.853294 0.956886
vt 0.783041 0.956431
vt 0.780561 0.959038
vt 0.780522 0.956336
vt 0.957624 0.864811
vt 0.960146 0.869229
vt 0.780573 0.938634
vt 0.783055 0.942997
vt 0.780534 0.943055
vt 0.927036 0.937000
vt 0.924342 0.932581
vt 0.927036 0.932581
vt 0.785750 0.932664
vt 0.783055 0.937082
vt 0.783055 0.932664
vt 0.866570 0.962361
vt 0.864049 0.959857
vt 0.866570 0.959857
vt 0.972381 0.870695
vt 0.969989 0.873220
vt 0.969989 0.870695
vt 0.831707 0.955517
vt 0.834100 0.951099
vt 0.834100 0.955517
vt 0.881670 0.959969
vt 0.884192 0.962330
vt 0.881670 0.962260
vt 0.929828 0.956799
vt 0.927307 0.959324
vt 0.927307 0.956879
vt 0.821494 0.952618
vt 0.824015 0.948200
vt 0.824015 0.952618
vt 0.782964 0.951918
vt 0.780675 0.956336
vt 0.780522 0.951918
vt 0.961383 0.832559
vt 0.963904 0.828140
vt 0.963904 0.832558
vt 0.791514 0.958158
vt 0.794075 0.955131
vt 0.794075 0.958158
vt 0.828843 0.955492
vt 0.831202 0.958454
vt 0.828681 0.958524
vt 0.957590 0.864686
vt 0.960112 0.860268
vt 0.960112 0.864686
vt 0.791435 0.950713
vt 0.793956 0.946294
vt 0.793956 0.950713
vt 0.913151 0.932749
vt 0.916175 0.928330
vt 0.916175 0.932749
vt 0.834909 0.933117
vt 0.837932 0.928698
vt 0.837932 0.933117
vt 0.788928 0.958158
vt 0.791324 0.955131
vt 0.791324 0.958158
vt 0.967612 0.854208
vt 0.965219 0.851181
vt 0.967612 0.851181
vt 0.963868 0.820258
vt 0.966261 0.815840
vt 0.966261 0.820258
vt 0.898478 0.959620
vt 0.900937 0.956922
vt 0.900999 0.959620
vt 0.856139 0.959583
vt 0.858610 0.956886
vt 0.858660 0.959583
vt 0.907129 0.932519
vt 0.910152 0.928100
vt 0.910152 0.932519
vt 0.918356 0.950798
vt 0.920826 0.955216
vt 0.918305 0.955216
vt 0.806384 0.932520
vt 0.809079 0.936938
vt 0.806384 0.936938
vt 0.808906 0.960637
vt 0.806384 0.962980
vt 0.806384 0.960455
vt 0.812094 0.960482
vt 0.809573 0.963006
vt 0.809573 0.960482
vt 0.812490 0.932547
vt 0.815184 0.936965
vt 0.812490 0.936965
vt 0.785577 0.950588
vt 0.783237 0.955006
vt 0.783055 0.950588
vt 0.963195 0.786316
vt 0.960674 0.790735
vt 0.960674 0.786316
vt 0.960146 0.864811
vt 0.962667 0.869229
vt 0.969004 0.922329
vt 0.971525 0.919933
vt 0.971525 0.922329
vt 0.969990 0.837751
vt 0.972382 0.835226
vt 0.972382 0.837751
vt 0.957489 0.820258
vt 0.959938 0.815840
vt 0.959938 0.820258
vt 0.937464 0.959311
vt 0.934942 0.956786
vt 0.937464 0.956786
vt 0.912557 0.960776
vt 0.912622 0.963301
vt 0.961383 0.832559
vt 0.963904 0.836977
vt 0.961383 0.836977
vt 0.957754 0.846643
vt 0.960112 0.851056
vt 0.957590 0.851062
vt 0.887071 0.952947
vt 0.884550 0.948528
vt 0.887071 0.948528
vt 0.971298 0.879441
vt 0.968777 0.876959
vt 0.971298 0.876855
vt 0.827441 0.960905
vt 0.825140 0.963430
vt 0.825066 0.960905
vt 0.957591 0.860143
vt 0.960112 0.855724
vt 0.960112 0.860143
vt 0.814575 0.950470
vt 0.812165 0.946052
vt 0.814748 0.946052
vt 0.891583 0.947009
vt 0.889061 0.951427
vt 0.889061 0.947009
vt 0.962633 0.855599
vt 0.962633 0.851181
vt 0.969642 0.798721
vt 0.972111 0.801246
vt 0.969642 0.801246
vt 0.972149 0.789463
vt 0.969675 0.786938
vt 0.972149 0.786938
vt 0.839721 0.955826
vt 0.842196 0.951408
vt 0.842196 0.955826
vt 0.938745 0.964726
vt 0.936933 0.962201
vt 0.938745 0.962201
vt 0.889061 0.939802
vt 0.887250 0.942306
vt 0.887250 0.939807
vt 0.960093 0.869229
vt 0.962614 0.873648
vt 0.960093 0.873648
vt 0.921775 0.954924
vt 0.924270 0.958339
vt 0.921749 0.958339
vt 0.839371 0.962229
vt 0.837559 0.958814
vt 0.839371 0.958814
vt 0.937464 0.962097
vt 0.939983 0.959674
vt 0.939983 0.962201
vt 0.824015 0.959734
vt 0.821494 0.962259
vt 0.821494 0.959734
vt 0.889061 0.962189
vt 0.887250 0.958773
vt 0.889061 0.958773
vt 0.812155 0.954889
vt 0.814677 0.950470
vt 0.814677 0.954889
vt 0.802391 0.948041
vt 0.804912 0.952459
vt 0.802391 0.952459
vt 0.903699 0.951470
vt 0.906221 0.947051
vt 0.906221 0.951470
vt 0.964528 0.802137
vt 0.967049 0.798737
vt 0.967049 0.802152
vt 0.963904 0.841395
vt 0.966297 0.836977
vt 0.966297 0.841395
vt 0.804822 0.952459
vt 0.802555 0.956878
vt 0.974745 0.922170
vt 0.973712 0.922170
vt 0.906096 0.953262
vt 0.907129 0.955658
vt 0.906096 0.955658
vt 0.963985 0.873648
vt 0.966377 0.869229
vt 0.966377 0.873648
vt 0.831681 0.958446
vt 0.834215 0.955561
vt 0.834215 0.958489
vt 0.921049 0.958143
vt 0.918528 0.955216
vt 0.921023 0.955216
vt 0.973069 0.855724
vt 0.974101 0.860143
vt 0.973069 0.860143
vt 0.825105 0.950982
vt 0.827600 0.946589
vt 0.827600 0.951007
vt 0.884263 0.935023
vt 0.881339 0.930604
vt 0.884263 0.930604
vt 0.853244 0.965064
vt 0.852212 0.962579
vt 0.853244 0.962435
vt 0.785152 0.963486
vt 0.784119 0.965701
vt 0.784119 0.963343
vt 0.875492 0.935023
vt 0.878416 0.930604
vt 0.878416 0.935023
vt 0.858599 0.948566
vt 0.856139 0.944148
vt 0.858765 0.944148
vt 0.973010 0.815371
vt 0.974043 0.810952
vt 0.974043 0.815371
vt 0.973094 0.815840
vt 0.974127 0.820258
vt 0.973094 0.820258
vt 0.969946 0.806753
vt 0.972339 0.804228
vt 0.972339 0.806753
vt 0.969936 0.811945
vt 0.972329 0.809420
vt 0.972329 0.811945
vt 0.861456 0.957261
vt 0.863849 0.952843
vt 0.863849 0.957261
vt 0.785670 0.960629
vt 0.788130 0.963154
vt 0.785648 0.963154
vt 0.880328 0.959920
vt 0.877807 0.962242
vt 0.877807 0.959652
vt 0.858857 0.953620
vt 0.861379 0.949202
vt 0.861379 0.953620
vt 0.958861 0.832683
vt 0.956377 0.828265
vt 0.958837 0.828265
vt 0.837430 0.946747
vt 0.834909 0.951165
vt 0.834909 0.946747
vt 0.955001 0.959444
vt 0.952402 0.956897
vt 0.955001 0.956786
vt 0.903628 0.958622
vt 0.906226 0.956036
vt 0.906226 0.958622
vt 0.877807 0.948528
vt 0.875285 0.952947
vt 0.875285 0.948528
vt 0.872702 0.948528
vt 0.875285 0.944110
vt 0.847417 0.945232
vt 0.850015 0.949650
vt 0.847417 0.949650
vt 0.957596 0.878114
vt 0.954998 0.873696
vt 0.957596 0.873696
vt 0.875103 0.962563
vt 0.872661 0.959961
vt 0.875103 0.959961
vt 0.880406 0.957045
vt 0.877807 0.959441
vt 0.877807 0.957045
vt 0.891734 0.955846
vt 0.894127 0.951427
vt 0.894127 0.955846
vt 0.884550 0.959612
vt 0.887071 0.962179
vt 0.884550 0.962179
vt 0.969457 0.949147
vt 0.971979 0.946808
vt 0.971979 0.949332
vt 0.818397 0.944503
vt 0.820995 0.948922
vt 0.818397 0.948922
vt 0.785690 0.950588
vt 0.788212 0.946169
vt 0.788212 0.950588
vt 0.850271 0.952843
vt 0.852793 0.948424
vt 0.852793 0.952843
vt 0.932421 0.962203
vt 0.929900 0.959726
vt 0.932421 0.959570
vt 0.968614 0.847403
vt 0.971135 0.844878
vt 0.971135 0.847403
vt 0.960674 0.795153
vt 0.963195 0.790735
vt 0.963195 0.795153
vt 0.880437 0.944110
vt 0.797933 0.949706
vt 0.800455 0.954125
vt 0.797933 0.954125
vt 0.866680 0.948528
vt 0.869202 0.952947
vt 0.972146 0.798166
vt 0.969753 0.795641
vt 0.972146 0.795641
vt 0.969766 0.775265
vt 0.972159 0.772741
vt 0.972159 0.775265
vt 0.795343 0.955354
vt 0.797859 0.950936
vt 0.797859 0.955354
vt 0.926843 0.963041
vt 0.924321 0.960557
vt 0.926843 0.960516
vt 0.944837 0.959359
vt 0.947359 0.956994
vt 0.947359 0.959553
vt 0.855816 0.952985
vt 0.853294 0.948566
vt 0.855816 0.948566
vt 0.900232 0.942258
vt 0.897710 0.937840
vt 0.900232 0.937840
vt 0.866570 0.948424
vt 0.864049 0.952843
vt 0.864049 0.948424
vt 0.891654 0.958773
vt 0.894176 0.955846
vt 0.894176 0.958773
vt 0.844740 0.955913
vt 0.842259 0.958757
vt 0.842220 0.955826
vt 0.847406 0.951223
vt 0.844884 0.946804
vt 0.847406 0.946804
vt 0.844923 0.937959
vt 0.847405 0.942322
vt 0.844884 0.942380
vt 0.869645 0.930604
vt 0.872569 0.935023
vt 0.869645 0.935023
vt 0.881339 0.930604
vt 0.861456 0.959926
vt 0.863977 0.962430
vt 0.861456 0.962430
vt 0.969936 0.809420
vt 0.972329 0.806895
vt 0.828789 0.955426
vt 0.831182 0.951007
vt 0.831182 0.955426
vt 0.850271 0.960073
vt 0.852793 0.962435
vt 0.850271 0.962365
vt 0.967536 0.956786
vt 0.965014 0.959311
vt 0.965014 0.956865
vt 0.913151 0.955216
vt 0.915673 0.950798
vt 0.915673 0.955216
vt 0.965637 0.803368
vt 0.963349 0.807787
vt 0.963195 0.803368
vt 0.817198 0.950470
vt 0.817198 0.954889
vt 0.777928 0.957172
vt 0.780449 0.959737
vt 0.777928 0.959737
vt 0.802552 0.959655
vt 0.804911 0.962102
vt 0.802391 0.962186
vt 0.929828 0.947962
vt 0.927307 0.952381
vt 0.927307 0.947962
vt 0.915783 0.950798
vt 0.918305 0.946379
vt 0.918305 0.950798
vt 0.891654 0.951427
vt 0.894176 0.947009
vt 0.894176 0.951427
vt 0.962633 0.846518
vt 0.960112 0.850937
vt 0.960112 0.846518
vt 0.910484 0.958180
vt 0.912881 0.955253
vt 0.912881 0.958180
vt 0.891595 0.958773
vt 0.889202 0.955846
vt 0.891595 0.955846
vt 0.963908 0.828140
vt 0.966300 0.823721
vt 0.966300 0.828140
vt 0.898540 0.962221
vt 0.855816 0.959584
vt 0.853345 0.962186
vt 0.875492 0.930604
vt 0.872569 0.935023
vt 0.872569 0.930604
vt 0.921800 0.950505
vt 0.924270 0.954924
vt 0.921749 0.954924
vt 0.861456 0.949202
vt 0.858857 0.944783
vt 0.861456 0.944783
vt 0.969627 0.795460
vt 0.972148 0.793117
vt 0.972148 0.795641
vt 0.969457 0.949332
vt 0.971979 0.951857
vt 0.969457 0.951857
vt 0.800532 0.949706
vt 0.797933 0.945288
vt 0.800532 0.945288
vt 0.791395 0.955131
vt 0.793735 0.950713
vt 0.793917 0.955131
vt 0.962460 0.815840
vt 0.960674 0.768642
vt 0.963195 0.773061
vt 0.960674 0.773061
vt 0.820918 0.959949
vt 0.818397 0.962345
vt 0.818397 0.959949
vt 0.969990 0.840275
vt 0.972382 0.840275
vt 0.957489 0.811171
vt 0.959938 0.806753
vt 0.959938 0.811171
vt 0.934942 0.959311
vt 0.932421 0.956786
vt 0.793865 0.960754
vt 0.791461 0.963279
vt 0.791395 0.960754
vt 0.962633 0.864686
vt 0.960112 0.860268
vt 0.962633 0.860268
vt 0.957754 0.842099
vt 0.960112 0.846512
vt 0.957590 0.846518
vt 0.897605 0.951470
vt 0.895084 0.947051
vt 0.897605 0.947051
vt 0.971298 0.876282
vt 0.968777 0.873800
vt 0.971298 0.873696
vt 0.918064 0.960882
vt 0.915762 0.963407
vt 0.915689 0.960882
vt 0.858660 0.948566
vt 0.856139 0.952985
vt 0.856139 0.948566
vt 0.808794 0.950444
vt 0.806384 0.946025
vt 0.808967 0.946025
vt 0.961383 0.828140
vt 0.958861 0.832559
vt 0.958861 0.828140
vt 0.788169 0.955006
vt 0.785648 0.950588
vt 0.788169 0.950588
vt 0.972139 0.803842
vt 0.969669 0.801317
vt 0.972139 0.801317
vt 0.972149 0.778892
vt 0.969675 0.776367
vt 0.972149 0.776367
vt 0.842218 0.955826
vt 0.844692 0.951408
vt 0.844692 0.955826
vt 0.972168 0.918052
vt 0.970176 0.915528
vt 0.972168 0.915528
vt 0.962157 0.959520
vt 0.960166 0.962024
vt 0.960166 0.959525
vt 0.959981 0.811395
vt 0.962503 0.815814
vt 0.959981 0.815814
vt 0.964538 0.779974
vt 0.967034 0.783585
vt 0.964513 0.783585
vt 0.837559 0.955202
vt 0.839551 0.958814
vt 0.932421 0.962097
vt 0.934940 0.959674
vt 0.934940 0.962201
vt 0.968777 0.881966
vt 0.968777 0.879441
vt 0.968252 0.819452
vt 0.966261 0.819452
vt 0.907129 0.954861
vt 0.909650 0.950442
vt 0.909650 0.954861
vt 0.849938 0.954069
vt 0.849938 0.949650
vt 0.962460 0.806753
vt 0.959938 0.806753
vt 0.964528 0.776353
vt 0.967049 0.772755
vt 0.967049 0.776367
vt 0.963985 0.864811
vt 0.963985 0.869229
vt 0.898478 0.956922
vt 0.900745 0.952503
vt 0.900910 0.956922
vt 0.790898 0.965675
vt 0.789775 0.963279
vt 0.790898 0.963279
vt 0.850193 0.963090
vt 0.849070 0.965486
vt 0.849070 0.963090
vt 0.852664 0.952843
vt 0.850271 0.957261
vt 0.850271 0.952843
vt 0.901106 0.958989
vt 0.903628 0.961477
vt 0.901106 0.961526
vt 0.960674 0.806738
vt 0.963195 0.804214
vt 0.963195 0.806712
vt 0.973272 0.780786
vt 0.973272 0.776367
vt 0.828720 0.950982
vt 0.831215 0.946589
vt 0.831215 0.951007
vt 0.869976 0.948528
vt 0.872498 0.952947
vt 0.869976 0.952947
vt 0.974224 0.942389
vt 0.973101 0.944967
vt 0.973101 0.942389
vt 0.973274 0.785933
vt 0.974397 0.783719
vt 0.974397 0.786078
vt 0.898478 0.952503
vt 0.900999 0.948085
vt 0.900999 0.952503
vt 0.855755 0.948566
vt 0.853294 0.944148
vt 0.855921 0.944148
vt 0.973261 0.798721
vt 0.972139 0.803140
vt 0.972139 0.798721
vt 0.973114 0.926525
vt 0.971991 0.930943
vt 0.971991 0.926524
vt 0.792518 0.965675
vt 0.791395 0.963279
vt 0.792518 0.963279
vt 0.909905 0.962978
vt 0.908782 0.965374
vt 0.908782 0.962978
vt 0.866370 0.952843
vt 0.863977 0.957261
vt 0.863977 0.952843
vt 0.901128 0.955888
vt 0.903588 0.958857
vt 0.901106 0.958857
vt 0.837229 0.958553
vt 0.834909 0.955584
vt 0.837497 0.955584
vt 0.972151 0.783585
vt 0.973274 0.788004
vt 0.972151 0.788004
vt 0.958861 0.837227
vt 0.956377 0.832808
vt 0.958837 0.832808
vt 0.864421 0.930376
vt 0.861456 0.934794
vt 0.861456 0.930376
vt 0.856070 0.962186
vt 0.854948 0.964710
vt 0.854948 0.962186
vt 0.973114 0.931596
vt 0.974236 0.929113
vt 0.974236 0.931699
vt 0.866680 0.935023
vt 0.869645 0.930604
vt 0.870047 0.948528
vt 0.872631 0.944110
vt 0.872631 0.948528
vt 0.973101 0.946808
vt 0.971946 0.855724
vt 0.974404 0.773324
vt 0.973281 0.775720
vt 0.973281 0.773324
vt 0.809160 0.962980
vt 0.808037 0.965375
vt 0.808037 0.962980
vt 0.901186 0.955888
vt 0.903579 0.951470
vt 0.903579 0.955888
vt 0.866680 0.960028
vt 0.869126 0.962595
vt 0.866680 0.962595
vt 0.969936 0.826061
vt 0.972381 0.823721
vt 0.972381 0.826246
vt 0.971971 0.815840
vt 0.971971 0.820258
vt 0.788845 0.950713
vt 0.791366 0.946294
vt 0.791366 0.950713
vt 0.903628 0.955888
vt 0.906073 0.951470
vt 0.906073 0.955888
vt 0.830335 0.961216
vt 0.831457 0.963849
vt 0.830335 0.963849
vt 0.973114 0.937045
vt 0.974236 0.934700
vt 0.974236 0.937225
vt 0.965079 0.851181
vt 0.881778 0.948528
vt 0.884300 0.944110
vt 0.884300 0.948528
vt 0.972956 0.850122
vt 0.971834 0.854540
vt 0.971834 0.850122
vt 0.971525 0.924192
vt 0.971525 0.919774
vt 0.974395 0.776367
vt 0.973272 0.778763
vt 0.974320 0.864811
vt 0.973198 0.867331
vt 0.973198 0.864811
vt 0.825068 0.955426
vt 0.827585 0.951007
vt 0.827585 0.955426
vt 0.969457 0.944324
vt 0.971979 0.944283
vt 0.952402 0.956979
vt 0.949880 0.959344
vt 0.949880 0.956786
vt 0.973114 0.935362
vt 0.971991 0.939780
vt 0.971991 0.935362
vt 0.900232 0.937840
vt 0.897710 0.933421
vt 0.900232 0.933421
vt 0.880328 0.948528
vt 0.877807 0.952947
vt 0.877807 0.948528
vt 0.973198 0.867339
vt 0.974320 0.869864
vt 0.973198 0.869864
vt 0.974224 0.949388
vt 0.973101 0.946948
vt 0.974224 0.946808
vt 0.963904 0.828140
vt 0.961383 0.823721
vt 0.963904 0.823721
vt 0.780573 0.934157
vt 0.783055 0.938520
vt 0.780534 0.938577
vt 0.973281 0.775265
vt 0.972159 0.770847
vt 0.973281 0.770847
vt 0.973271 0.790521
vt 0.972148 0.794939
vt 0.972148 0.790521
vt 0.973557 0.939780
vt 0.971991 0.942276
vt 0.845808 0.935399
vt 0.847374 0.937794
vt 0.845808 0.937794
vt 0.835017 0.955584
vt 0.837410 0.951166
vt 0.837410 0.955584
vt 0.875285 0.959959
vt 0.877807 0.962320
vt 0.875285 0.962250
vt 0.804912 0.956878
vt 0.802391 0.959403
vt 0.802391 0.956957
vt 0.968198 0.860143
vt 0.966631 0.855724
vt 0.968198 0.855724
vt 0.927307 0.956799
vt 0.929596 0.952381
vt 0.929749 0.956799
vt 0.777928 0.952635
vt 0.780449 0.948216
vt 0.780449 0.952635
vt 0.974236 0.934263
vt 0.973114 0.931804
vt 0.974394 0.795570
vt 0.973271 0.793045
vt 0.974394 0.793045
vt 0.863977 0.948424
vt 0.861456 0.952843
vt 0.861456 0.948424
vt 0.913191 0.950798
vt 0.915712 0.946379
vt 0.915712 0.950798
vt 0.971403 0.882778
vt 0.972526 0.887196
vt 0.971403 0.887197
vt 0.973198 0.869229
vt 0.972075 0.864811
vt 0.827441 0.961248
vt 0.828564 0.963647
vt 0.827441 0.963647
vt 0.927097 0.963041
vt 0.925975 0.965437
vt 0.925975 0.963041
vt 0.963908 0.832558
vt 0.966300 0.828140
vt 0.966300 0.832558
vt 0.969519 0.954382
vt 0.815407 0.960482
vt 0.812936 0.963006
vt 0.812886 0.960482
vt 0.972415 0.860143
vt 0.971292 0.864561
vt 0.971292 0.860143
vt 0.809623 0.950470
vt 0.812094 0.954889
vt 0.809573 0.954889
vt 0.820918 0.953340
vt 0.818397 0.953340
vt 0.794075 0.961226
vt 0.795198 0.963751
vt 0.794075 0.963569
vt 0.973271 0.792860
vt 0.974394 0.790521
vt 0.960674 0.777479
vt 0.915744 0.955216
vt 0.918084 0.950798
vt 0.918265 0.955216
vt 0.971219 0.911976
vt 0.972342 0.907557
vt 0.972342 0.911976
vt 0.972526 0.878359
vt 0.972526 0.882778
vt 0.973114 0.939713
vt 0.973114 0.937225
vt 0.818183 0.965402
vt 0.817060 0.963006
vt 0.818183 0.963006
vt 0.797790 0.946517
vt 0.795341 0.950936
vt 0.795341 0.946517
vt 0.929900 0.957045
vt 0.929900 0.959570
vt 0.972403 0.832559
vt 0.969998 0.835083
vt 0.969933 0.832559
vt 0.973101 0.951226
vt 0.973101 0.946808
vt 0.957735 0.869235
vt 0.957571 0.873654
vt 0.926843 0.954924
vt 0.924321 0.950505
vt 0.926843 0.950505
vt 0.940657 0.841992
vt 0.941812 0.839514
vt 0.941812 0.842039
vt 0.974257 0.954525
vt 0.973101 0.952220
vt 0.974257 0.952001
vt 0.783043 0.947499
vt 0.780522 0.951918
vt 0.780522 0.947499
vt 0.811982 0.950470
vt 0.809573 0.946052
vt 0.812155 0.946052
vt 0.972375 0.903139
vt 0.971219 0.898720
vt 0.972375 0.898720
vt 0.970790 0.855724
vt 0.971946 0.860143
vt 0.970790 0.860143
vt 0.974384 0.801246
vt 0.973261 0.803642
vt 0.973261 0.801246
vt 0.973281 0.770922
vt 0.889084 0.955846
vt 0.891558 0.951427
vt 0.891558 0.955846
vt 0.915062 0.963553
vt 0.913080 0.961028
vt 0.915062 0.961028
vt 0.944489 0.959663
vt 0.942507 0.962167
vt 0.942507 0.959668
vt 0.964538 0.795153
vt 0.967034 0.798721
vt 0.964513 0.798721
vt 0.966631 0.845662
vt 0.968614 0.849230
vt 0.966631 0.849230
vt 0.973114 0.926588
vt 0.973114 0.929113
vt 0.973261 0.801065
vt 0.974384 0.798721
vt 0.968614 0.845662
vt 0.966631 0.842094
vt 0.968614 0.842094
vt 0.961383 0.841396
vt 0.963904 0.836977
vt 0.963904 0.841395
vt 0.972421 0.873696
vt 0.971298 0.878114
vt 0.971298 0.873696
vt 0.973101 0.951857
vt 0.971979 0.956276
vt 0.957571 0.869277
vt 0.955227 0.873653
vt 0.777939 0.957053
vt 0.780331 0.952635
vt 0.780331 0.957053
vt 0.964528 0.790506
vt 0.967049 0.786953
vt 0.967049 0.790521
vt 0.788428 0.965550
vt 0.787301 0.963154
vt 0.788428 0.963154
vt 0.974684 0.942176
vt 0.974684 0.939780
vt 0.963908 0.812386
vt 0.966301 0.807967
vt 0.966301 0.812386
vt 0.844848 0.958526
vt 0.847381 0.955686
vt 0.847381 0.958569
vt 0.827811 0.958309
vt 0.825289 0.955426
vt 0.827784 0.955426
vt 0.972346 0.894302
vt 0.971219 0.894302
vt 0.780561 0.947474
vt 0.783055 0.943081
vt 0.783055 0.947499
vt 0.884263 0.930604
vt 0.887143 0.935023
vt 0.884263 0.935023
vt 0.939871 0.964831
vt 0.938745 0.962346
vt 0.939871 0.962201
vt 0.793645 0.963422
vt 0.792518 0.965638
vt 0.800813 0.931783
vt 0.797933 0.936201
vt 0.797933 0.931783
vt 0.884716 0.944110
vt 0.887176 0.948528
vt 0.971219 0.907557
vt 0.972346 0.903139
vt 0.972346 0.907557
vt 0.970845 0.815840
vt 0.970845 0.820258
vt 0.952605 0.882015
vt 0.954998 0.879444
vt 0.954998 0.882015
vt 0.969936 0.828818
vt 0.972329 0.826246
vt 0.972329 0.828818
vt 0.963904 0.836977
vt 0.966297 0.832559
vt 0.797955 0.960622
vt 0.800415 0.963147
vt 0.797933 0.963147
vt 0.942507 0.959931
vt 0.939985 0.962254
vt 0.939985 0.959663
vt 0.924342 0.950505
vt 0.926910 0.946086
vt 0.926910 0.950505
vt 0.956377 0.823721
vt 0.958837 0.823721
vt 0.962633 0.842094
vt 0.962633 0.846512
vt 0.971135 0.844752
vt 0.968614 0.842205
vt 0.971135 0.842094
vt 0.957522 0.956786
vt 0.955001 0.959372
vt 0.958861 0.836977
vt 0.954865 0.815840
vt 0.957448 0.811421
vt 0.957448 0.815840
vt 0.962633 0.860143
vt 0.962633 0.855724
vt 0.961383 0.841645
vt 0.961383 0.837227
vt 0.791068 0.963279
vt 0.788625 0.960754
vt 0.791068 0.960754
vt 0.962493 0.962184
vt 0.965014 0.959788
vt 0.965014 0.962184
vt 0.859063 0.935697
vt 0.861456 0.935697
vt 0.944837 0.959619
vt 0.947359 0.962186
vt 0.944837 0.962186
vt 0.972023 0.768827
vt 0.969501 0.771167
vt 0.969501 0.768642
vt 0.903628 0.933421
vt 0.901106 0.928100
vt 0.903628 0.928100
vt 0.964555 0.786801
vt 0.967076 0.783585
vt 0.967076 0.786801
vt 0.913151 0.958432
vt 0.915673 0.958432
vt 0.947359 0.959709
vt 0.968614 0.850053
vt 0.971135 0.847528
vt 0.971135 0.850053
vt 0.783055 0.958222
vt 0.785577 0.955006
vt 0.785577 0.958222
vt 0.895192 0.933421
vt 0.897713 0.928100
vt 0.897713 0.933421
vt 0.906149 0.933421
vt 0.903628 0.933421
vt 0.900235 0.933421
vt 0.897714 0.928100
vt 0.900235 0.928100
vt 0.971399 0.822620
vt 0.968878 0.820258
vt 0.971399 0.820328
vt 0.887071 0.956848
vt 0.884550 0.959372
vt 0.884550 0.956927
vt 0.936933 0.964646
vt 0.934942 0.962355
vt 0.921678 0.960935
vt 0.923668 0.963460
vt 0.921678 0.963460
vt 0.797220 0.963502
vt 0.795229 0.960978
vt 0.797220 0.960978
vt 0.962565 0.959185
vt 0.962565 0.956786
vt 0.969457 0.944283
vt 0.971979 0.941887
vt 0.964516 0.772741
vt 0.966909 0.768642
vt 0.966909 0.772741
vt 0.969627 0.790521
vt 0.972148 0.792984
vt 0.969627 0.793045
vt 0.849938 0.963090
vt 0.847417 0.960616
vt 0.849938 0.960566
vt 0.880328 0.952947
vt 0.880328 0.957045
vt 0.963144 0.803990
vt 0.960674 0.799572
vt 0.963195 0.799572
vt 0.881670 0.948528
vt 0.884192 0.952947
vt 0.881670 0.952947
vt 0.815407 0.962825
vt 0.817929 0.960482
vt 0.817929 0.963006
vt 0.907129 0.962978
vt 0.909650 0.960454
vt 0.909650 0.962978
vt 0.963195 0.781898
vt 0.960674 0.786316
vt 0.881852 0.957045
vt 0.817718 0.932664
vt 0.815197 0.936762
vt 0.815197 0.932664
vt 0.875285 0.957045
vt 0.897636 0.958680
vt 0.895243 0.955888
vt 0.897636 0.955888
vt 0.962622 0.959577
vt 0.965014 0.956786
vt 0.965014 0.959577
vt 0.910255 0.950834
vt 0.912704 0.946415
vt 0.912704 0.950834
vt 0.939985 0.959311
vt 0.937464 0.956786
vt 0.939985 0.956786
vt 0.783055 0.963343
vt 0.785460 0.960818
vt 0.785525 0.963343
vt 0.907129 0.932519
vt 0.909917 0.936937
vt 0.907129 0.936937
vt 0.845048 0.942385
vt 0.847406 0.946798
vt 0.875152 0.952947
vt 0.872631 0.948528
vt 0.875152 0.948528
vt 0.960166 0.962106
vt 0.957593 0.959624
vt 0.960166 0.959520
vt 0.969936 0.831394
vt 0.972238 0.828818
vt 0.972311 0.831394
vt 0.806384 0.954862
vt 0.808906 0.950444
vt 0.808906 0.954862
vt 0.907302 0.946024
vt 0.909712 0.950442
vt 0.907129 0.950442
vt 0.817331 0.946052
vt 0.814758 0.950470
vt 0.814758 0.946052
vt 0.921749 0.946086
vt 0.924321 0.946086
vt 0.820893 0.959949
vt 0.818424 0.957241
vt 0.820893 0.957241
vt 0.884177 0.959753
vt 0.881703 0.957045
vt 0.884177 0.957045
vt 0.844907 0.955641
vt 0.847381 0.951223
vt 0.847381 0.955641
vt 0.931691 0.964727
vt 0.929900 0.962203
vt 0.931691 0.962203
vt 0.934213 0.962201
vt 0.932421 0.964705
vt 0.932421 0.962206
vt 0.850121 0.936145
vt 0.847417 0.931726
vt 0.850121 0.931726
vt 0.964538 0.790521
vt 0.967034 0.794113
vt 0.964513 0.794113
vt 0.969457 0.922933
vt 0.971249 0.926524
vt 0.969457 0.926524
vt 0.934943 0.962097
vt 0.937462 0.959674
vt 0.937462 0.962201
vt 0.780449 0.959737
vt 0.777928 0.962261
vt 0.802344 0.961568
vt 0.800552 0.957976
vt 0.802344 0.957976
vt 0.962639 0.878114
vt 0.960118 0.878114
vt 0.788803 0.955131
vt 0.791324 0.950713
vt 0.964528 0.779959
vt 0.967049 0.776382
vt 0.967049 0.779974
vt 0.872631 0.957365
vt 0.875023 0.952947
vt 0.875023 0.957365
vt 0.821494 0.957037
vt 0.823761 0.952618
vt 0.823925 0.957037
vt 0.228304 0.977600
vt 0.223378 0.977600
vt 0.218195 0.935833
vt 0.106581 0.848172
vt 0.066660 0.842327
vt 0.106581 0.842327
vt 0.184187 0.765284
vt 0.189113 0.771130
vt 0.184187 0.771130
vt 0.148296 0.848169
vt 0.147400 0.842327
vt 0.148296 0.842323
vt 0.107479 0.848169
vt 0.107479 0.842323
vt 0.169152 0.771130
vt 0.174336 0.765284
vt 0.174336 0.771130
vt 0.147400 0.848173
vt 0.127439 0.842327
vt 0.147400 0.788534
vt 0.127439 0.765288
vt 0.147400 0.765288
vt 0.218061 0.808291
vt 0.218939 0.831538
vt 0.218061 0.831538
vt 0.107479 0.788531
vt 0.106581 0.765288
vt 0.107479 0.765284
vt 0.148296 0.788530
vt 0.148296 0.765284
vt 0.184187 0.848169
vt 0.189113 0.824923
vt 0.189113 0.848169
vt 0.106581 0.788534
vt 0.066660 0.765287
vt 0.844292 0.862693
vt 0.839699 0.842094
vt 0.844292 0.842094
vt 0.170763 0.945229
vt 0.171641 0.950419
vt 0.170763 0.950419
vt 0.174336 0.824923
vt 0.179261 0.848169
vt 0.174336 0.848169
vt 0.179261 0.771130
vt 0.179261 0.765284
vt 0.184187 0.824923
vt 0.179261 0.824923
vt 0.208086 0.977600
vt 0.197338 0.936730
vt 0.065762 0.842327
vt 0.025841 0.848172
vt 0.025841 0.842327
vt 0.149192 0.771130
vt 0.154117 0.765284
vt 0.154117 0.771130
vt 0.066660 0.842323
vt 0.065762 0.848172
vt 0.148296 0.771131
vt 0.149192 0.765284
vt 0.163969 0.771130
vt 0.169152 0.765284
vt 0.107479 0.848173
vt 0.107479 0.842327
vt 0.107479 0.788535
vt 0.107479 0.765288
vt 0.219817 0.808291
vt 0.218939 0.808291
vt 0.148296 0.848171
vt 0.149192 0.824923
vt 0.149192 0.848169
vt 0.066660 0.765284
vt 0.065762 0.788534
vt 0.065762 0.765288
vt 0.154117 0.824923
vt 0.154118 0.848169
vt 0.025841 0.788534
vt 0.025841 0.765287
vt 0.848885 0.842094
vt 0.170763 0.955608
vt 0.159043 0.848169
vt 0.163969 0.824923
vt 0.163969 0.848169
vt 0.159043 0.771130
vt 0.163969 0.765284
vt 0.159043 0.765284
vt 0.159043 0.824923
vt 0.784049 0.666949
vt 0.782043 0.668334
vt 0.783832 0.666710
vt 0.890397 0.703476
vt 0.890702 0.705894
vt 0.890397 0.705894
vt 0.784247 0.666769
vt 0.785520 0.668573
vt 0.843371 0.706306
vt 0.843677 0.708723
vt 0.843371 0.708723
vt 0.858738 0.702183
vt 0.858432 0.698266
vt 0.858738 0.698266
vt 0.784030 0.666530
vt 0.966713 0.613936
vt 0.967018 0.617854
vt 0.966713 0.617854
vt 0.781203 0.663808
vt 0.781382 0.663607
vt 0.335829 0.716366
vt 0.333414 0.720030
vt 0.333414 0.716113
vt 0.363226 0.728187
vt 0.365164 0.730604
vt 0.363226 0.730604
vt 0.976170 0.588664
vt 0.975865 0.586472
vt 0.976170 0.586472
vt 0.784228 0.666350
vt 0.786233 0.664965
vt 0.784445 0.666589
vt 0.781599 0.663448
vt 0.946893 0.705962
vt 0.946588 0.708379
vt 0.946588 0.705962
vt 0.785916 0.668213
vt 0.785737 0.668414
vt 0.803908 0.706374
vt 0.804214 0.703957
vt 0.804214 0.706374
vt 0.366141 0.695932
vt 0.363727 0.692267
vt 0.366141 0.692014
vt 0.385382 0.728075
vt 0.383445 0.730492
vt 0.383192 0.728075
vt 0.914088 0.710187
vt 0.913782 0.712379
vt 0.913782 0.710187
vt 0.918113 0.669883
vt 0.917538 0.668197
vt 0.918113 0.667971
vt 0.918113 0.664076
vt 0.920094 0.663385
vt 0.920438 0.663827
vt 0.920094 0.670574
vt 0.917538 0.670299
vt 0.917538 0.667847
vt 0.918113 0.667652
vt 0.920695 0.663355
vt 0.920695 0.663799
vt 0.920438 0.670132
vt 0.920695 0.670604
vt 0.976541 0.602687
vt 0.977718 0.605246
vt 0.976541 0.605246
vt 0.778026 0.703301
vt 0.776849 0.707488
vt 0.776849 0.703301
vt 0.778026 0.702950
vt 0.776849 0.702950
vt 0.976752 0.653597
vt 0.975575 0.652995
vt 0.976752 0.652995
vt 0.976541 0.602085
vt 0.977718 0.602687
vt 0.778026 0.700848
vt 0.776849 0.700848
vt 0.976753 0.656156
vt 0.975575 0.653597
vt 0.800922 0.673300
vt 0.801322 0.675212
vt 0.800922 0.675212
vt 0.822593 0.701137
vt 0.822193 0.698809
vt 0.822593 0.698809
vt 0.785744 0.695267
vt 0.786144 0.697594
vt 0.785744 0.697594
vt 0.800922 0.669405
vt 0.801322 0.672981
vt 0.800922 0.672981
vt 0.801322 0.673300
vt 0.822593 0.701394
vt 0.822193 0.701137
vt 0.786144 0.697852
vt 0.785744 0.697852
vt 0.923277 0.669883
vt 0.923852 0.668197
vt 0.923852 0.670299
vt 0.921296 0.663385
vt 0.923277 0.664076
vt 0.920952 0.663827
vt 0.921296 0.670574
vt 0.920952 0.670132
vt 0.923852 0.667847
vt 0.923277 0.667652
vt 0.923277 0.667971
vt 0.920695 0.670160
vt 0.977718 0.598923
vt 0.976541 0.601482
vt 0.976541 0.598923
vt 0.789252 0.701160
vt 0.790429 0.705347
vt 0.789252 0.705347
vt 0.790429 0.705698
vt 0.789252 0.705698
vt 0.976752 0.652393
vt 0.977718 0.601482
vt 0.790429 0.707800
vt 0.789252 0.707800
vt 0.975575 0.652393
vt 0.976753 0.649834
vt 0.801721 0.673300
vt 0.801721 0.675212
vt 0.822193 0.703979
vt 0.822593 0.701652
vt 0.822593 0.703979
vt 0.786144 0.698110
vt 0.785744 0.700437
vt 0.785744 0.698110
vt 0.801721 0.669405
vt 0.801721 0.672981
vt 0.801322 0.673300
vt 0.822193 0.701652
vt 0.878300 0.672449
vt 0.877725 0.670763
vt 0.878300 0.670537
vt 0.878300 0.664076
vt 0.880281 0.663385
vt 0.880624 0.663827
vt 0.880281 0.673140
vt 0.877725 0.672865
vt 0.877725 0.666549
vt 0.878300 0.666376
vt 0.878300 0.666704
vt 0.877725 0.670412
vt 0.878300 0.670218
vt 0.880882 0.663355
vt 0.880882 0.663799
vt 0.877725 0.666189
vt 0.880624 0.672698
vt 0.880882 0.673170
vt 0.976268 0.586110
vt 0.977446 0.588669
vt 0.976269 0.588669
vt 0.815858 0.697495
vt 0.814681 0.697855
vt 0.814681 0.697495
vt 0.815858 0.693281
vt 0.814681 0.693632
vt 0.814681 0.693281
vt 0.976752 0.640953
vt 0.975575 0.640351
vt 0.976752 0.640351
vt 0.815858 0.697855
vt 0.814681 0.700385
vt 0.815858 0.693632
vt 0.976268 0.585508
vt 0.977445 0.586110
vt 0.815858 0.691179
vt 0.814681 0.691179
vt 0.976753 0.643512
vt 0.975575 0.640953
vt 0.807258 0.690318
vt 0.807658 0.692230
vt 0.807258 0.692230
vt 0.882394 0.697903
vt 0.881995 0.695576
vt 0.882394 0.695576
vt 0.822193 0.693639
vt 0.822593 0.695966
vt 0.822193 0.695966
vt 0.807258 0.686157
vt 0.807658 0.686485
vt 0.807258 0.686485
vt 0.807258 0.689999
vt 0.807658 0.690318
vt 0.882394 0.698161
vt 0.881994 0.697903
vt 0.807258 0.683857
vt 0.807658 0.686157
vt 0.807658 0.689999
vt 0.822593 0.696224
vt 0.822193 0.696224
vt 0.883464 0.672449
vt 0.884039 0.670763
vt 0.884039 0.672865
vt 0.881483 0.663385
vt 0.883464 0.664076
vt 0.881139 0.663827
vt 0.881483 0.673140
vt 0.881139 0.672698
vt 0.883464 0.666376
vt 0.884039 0.666549
vt 0.883464 0.666704
vt 0.883464 0.670537
vt 0.884039 0.670412
vt 0.884039 0.666189
vt 0.883464 0.670218
vt 0.880882 0.672726
vt 0.977446 0.582347
vt 0.976268 0.584906
vt 0.976269 0.582347
vt 0.971198 0.565057
vt 0.972375 0.565417
vt 0.971198 0.565417
vt 0.971198 0.569280
vt 0.972375 0.569631
vt 0.971198 0.569631
vt 0.976752 0.639749
vt 0.971198 0.562527
vt 0.972375 0.565057
vt 0.972375 0.569280
vt 0.977445 0.584906
vt 0.972375 0.571733
vt 0.971198 0.571733
vt 0.975575 0.639749
vt 0.976753 0.637190
vt 0.843277 0.686271
vt 0.843677 0.684359
vt 0.843677 0.686271
vt 0.881995 0.700746
vt 0.882394 0.698419
vt 0.882394 0.700746
vt 0.822593 0.696482
vt 0.822193 0.696482
vt 0.843277 0.680526
vt 0.843677 0.680198
vt 0.843677 0.680526
vt 0.843277 0.684359
vt 0.843677 0.684040
vt 0.881994 0.698419
vt 0.843277 0.680198
vt 0.843677 0.677898
vt 0.843277 0.684040
vt 0.892990 0.665006
vt 0.894974 0.663591
vt 0.893210 0.665242
vt 0.819194 0.705440
vt 0.818888 0.702853
vt 0.819194 0.702853
vt 0.790429 0.704725
vt 0.790735 0.707142
vt 0.790429 0.707142
vt 0.892794 0.665188
vt 0.891494 0.663404
vt 0.926755 0.703995
vt 0.927061 0.706413
vt 0.926755 0.706413
vt 0.874184 0.705949
vt 0.874489 0.708366
vt 0.874184 0.708366
vt 0.893015 0.665425
vt 0.895641 0.667846
vt 0.895446 0.668029
vt 0.952546 0.711226
vt 0.952241 0.708809
vt 0.952546 0.708809
vt 0.895868 0.668089
vt 0.895672 0.668272
vt 0.897631 0.666438
vt 0.843371 0.702742
vt 0.843677 0.706306
vt 0.298007 0.730498
vt 0.295593 0.728165
vt 0.298007 0.727912
vt 0.378177 0.730480
vt 0.376240 0.728063
vt 0.378177 0.728063
vt 0.481490 0.631617
vt 0.479076 0.628053
vt 0.481490 0.628053
vt 0.981075 0.555925
vt 0.980770 0.553732
vt 0.981075 0.553732
vt 0.897631 0.669978
vt 0.897455 0.670182
vt 0.891056 0.667258
vt 0.892599 0.665371
vt 0.892819 0.665607
vt 0.927178 0.697920
vt 0.926872 0.700506
vt 0.926872 0.697920
vt 0.780898 0.712310
vt 0.781203 0.709893
vt 0.781203 0.712310
vt 0.891104 0.663769
vt 0.891280 0.663566
vt 0.910838 0.706990
vt 0.911143 0.704573
vt 0.911143 0.706990
vt 0.776363 0.712460
vt 0.776669 0.710042
vt 0.776669 0.712460
vt 0.895250 0.668212
vt 0.773456 0.712028
vt 0.773761 0.709611
vt 0.773761 0.712028
vt 0.895477 0.668454
vt 0.893713 0.670105
vt 0.878849 0.702557
vt 0.878544 0.706122
vt 0.878544 0.702557
vt 0.356795 0.728169
vt 0.354381 0.730503
vt 0.354381 0.727916
vt 0.451190 0.727989
vt 0.449252 0.730406
vt 0.449000 0.727989
vt 0.479332 0.683615
vt 0.481746 0.680051
vt 0.481746 0.683615
vt 0.917028 0.710187
vt 0.916722 0.712379
vt 0.916722 0.710187
vt 0.897241 0.670344
vt 0.932544 0.614846
vt 0.934115 0.616710
vt 0.932327 0.615086
vt 0.966526 0.708218
vt 0.966831 0.705800
vt 0.966831 0.708218
vt 0.932129 0.614906
vt 0.930856 0.616710
vt 0.930639 0.616551
vt 0.919965 0.706665
vt 0.920271 0.704247
vt 0.920271 0.706665
vt 0.952279 0.572835
vt 0.952584 0.568918
vt 0.952584 0.572835
vt 0.932346 0.614667
vt 0.926893 0.679318
vt 0.927198 0.675401
vt 0.927198 0.679318
vt 0.935172 0.611945
vt 0.934993 0.611744
vt 0.286976 0.698261
vt 0.284562 0.694597
vt 0.286976 0.694597
vt 0.360381 0.730604
vt 0.362318 0.728187
vt 0.362571 0.730604
vt 0.973746 0.581340
vt 0.973441 0.583533
vt 0.973441 0.581340
vt 0.931931 0.614726
vt 0.930359 0.612863
vt 0.932148 0.614487
vt 0.934776 0.611585
vt 0.770265 0.704123
vt 0.770570 0.706540
vt 0.770265 0.706540
vt 0.930459 0.616350
vt 0.770570 0.708957
vt 0.474207 0.633039
vt 0.471793 0.636703
vt 0.471793 0.633039
vt 0.349949 0.730610
vt 0.348012 0.728193
vt 0.349949 0.728193
vt 0.843270 0.700458
vt 0.842965 0.698266
vt 0.843270 0.698266
vt 0.911799 0.664076
vt 0.911224 0.665762
vt 0.911224 0.663660
vt 0.913779 0.670574
vt 0.911799 0.669883
vt 0.914123 0.670132
vt 0.913779 0.663385
vt 0.914123 0.663827
vt 0.911224 0.666112
vt 0.911799 0.666307
vt 0.911799 0.665988
vt 0.914381 0.670604
vt 0.914381 0.670160
vt 0.914381 0.663355
vt 0.914381 0.663799
vt 0.977876 0.702715
vt 0.976699 0.705274
vt 0.976699 0.702715
vt 0.976541 0.605563
vt 0.975364 0.601376
vt 0.976541 0.601376
vt 0.975364 0.601026
vt 0.976541 0.601026
vt 0.975575 0.646673
vt 0.976752 0.646071
vt 0.976752 0.646673
vt 0.977876 0.705274
vt 0.976699 0.705876
vt 0.975364 0.598923
vt 0.976541 0.598923
vt 0.975575 0.646071
vt 0.938858 0.617392
vt 0.939258 0.615480
vt 0.939258 0.617392
vt 0.843677 0.695431
vt 0.843277 0.697758
vt 0.843277 0.695431
vt 0.819194 0.696961
vt 0.818794 0.699289
vt 0.818794 0.696961
vt 0.938858 0.615161
vt 0.939258 0.611585
vt 0.939258 0.615161
vt 0.938858 0.615480
vt 0.843677 0.697758
vt 0.843277 0.698016
vt 0.819194 0.696704
vt 0.818794 0.696704
vt 0.916963 0.664076
vt 0.917538 0.665762
vt 0.916963 0.665988
vt 0.916963 0.669883
vt 0.914982 0.670574
vt 0.914638 0.670132
vt 0.914982 0.663385
vt 0.917538 0.663659
vt 0.917538 0.666112
vt 0.916963 0.666307
vt 0.914638 0.663827
vt 0.976699 0.706478
vt 0.977876 0.709037
vt 0.976699 0.709037
vt 0.976752 0.626680
vt 0.975575 0.630867
vt 0.975575 0.626680
vt 0.976752 0.626330
vt 0.975575 0.626330
vt 0.976752 0.647275
vt 0.977876 0.706478
vt 0.976752 0.624227
vt 0.975575 0.624227
vt 0.975575 0.647275
vt 0.927215 0.679295
vt 0.927615 0.681207
vt 0.927215 0.681207
vt 0.843277 0.698274
vt 0.843677 0.700602
vt 0.843277 0.700602
vt 0.818794 0.694118
vt 0.819194 0.696446
vt 0.818794 0.696446
vt 0.927215 0.675401
vt 0.927615 0.678977
vt 0.927215 0.678977
vt 0.927615 0.679295
vt 0.843677 0.698274
vt 0.877150 0.672449
vt 0.877725 0.670763
vt 0.875169 0.663385
vt 0.877150 0.664076
vt 0.874825 0.663827
vt 0.875169 0.673140
vt 0.874825 0.672698
vt 0.877150 0.666376
vt 0.877150 0.666704
vt 0.877150 0.670537
vt 0.874568 0.663355
vt 0.874568 0.663799
vt 0.877150 0.670218
vt 0.874568 0.673170
vt 0.874568 0.672726
vt 0.875692 0.702908
vt 0.874515 0.705466
vt 0.874515 0.702908
vt 0.784158 0.697382
vt 0.785335 0.697742
vt 0.784158 0.697742
vt 0.784158 0.701606
vt 0.785335 0.701956
vt 0.784158 0.701956
vt 0.976753 0.634028
vt 0.975575 0.634631
vt 0.975575 0.634028
vt 0.784158 0.694853
vt 0.785335 0.697382
vt 0.785335 0.701606
vt 0.875692 0.705466
vt 0.874515 0.706069
vt 0.785335 0.704059
vt 0.784158 0.704059
vt 0.976753 0.634631
vt 0.975575 0.637190
vt 0.815147 0.675797
vt 0.814748 0.677710
vt 0.814748 0.675797
vt 0.910765 0.697691
vt 0.911165 0.695364
vt 0.911165 0.697691
vt 0.862502 0.689854
vt 0.862102 0.692181
vt 0.862102 0.689854
vt 0.815147 0.681542
vt 0.814748 0.681870
vt 0.814748 0.681542
vt 0.815147 0.677710
vt 0.814748 0.678028
vt 0.910765 0.695364
vt 0.911165 0.695106
vt 0.815147 0.681870
vt 0.814748 0.684170
vt 0.815147 0.678028
vt 0.862502 0.689596
vt 0.862102 0.689596
vt 0.871986 0.672449
vt 0.871411 0.670763
vt 0.871986 0.670537
vt 0.871986 0.664076
vt 0.873966 0.663385
vt 0.874310 0.663827
vt 0.873966 0.673140
vt 0.871411 0.672865
vt 0.871411 0.666549
vt 0.871986 0.666376
vt 0.871986 0.666704
vt 0.871411 0.670412
vt 0.871986 0.670218
vt 0.871411 0.666189
vt 0.874310 0.672698
vt 0.874515 0.706671
vt 0.875692 0.709230
vt 0.874515 0.709230
vt 0.875692 0.694029
vt 0.874515 0.694390
vt 0.874515 0.694029
vt 0.875692 0.689815
vt 0.874515 0.690166
vt 0.874515 0.689815
vt 0.975575 0.633426
vt 0.875692 0.694390
vt 0.874515 0.696919
vt 0.875692 0.690166
vt 0.875692 0.706671
vt 0.875692 0.687713
vt 0.874515 0.687713
vt 0.976753 0.633426
vt 0.907353 0.686777
vt 0.907753 0.688689
vt 0.907353 0.688689
vt 0.911165 0.694848
vt 0.910765 0.692521
vt 0.911165 0.692521
vt 0.862102 0.687011
vt 0.862502 0.689338
vt 0.862102 0.689338
vt 0.907353 0.682617
vt 0.907753 0.682944
vt 0.907353 0.682944
vt 0.907353 0.686458
vt 0.907753 0.686777
vt 0.910765 0.694848
vt 0.907353 0.680316
vt 0.907753 0.682617
vt 0.907753 0.686458
vt 0.908566 0.670108
vt 0.906582 0.668693
vt 0.906803 0.668457
vt 0.874184 0.695983
vt 0.874489 0.693397
vt 0.874489 0.695983
vt 0.773456 0.709611
vt 0.773761 0.707193
vt 0.906387 0.668511
vt 0.905087 0.670295
vt 0.904872 0.670133
vt 0.862301 0.710124
vt 0.861996 0.712541
vt 0.861996 0.710124
vt 0.977484 0.700002
vt 0.977178 0.702420
vt 0.977178 0.700002
vt 0.909233 0.665853
vt 0.906607 0.668274
vt 0.909038 0.665670
vt 0.840195 0.706981
vt 0.839889 0.709398
vt 0.839889 0.706981
vt 0.909460 0.665610
vt 0.909265 0.665427
vt 0.911224 0.667261
vt 0.894150 0.699762
vt 0.893845 0.703327
vt 0.893845 0.699762
vt 0.389119 0.730248
vt 0.391533 0.727915
vt 0.391533 0.730501
vt 0.378833 0.730393
vt 0.380770 0.727975
vt 0.381022 0.730393
vt 0.468491 0.567890
vt 0.466076 0.571455
vt 0.466076 0.567890
vt 0.784453 0.685853
vt 0.784758 0.683660
vt 0.784758 0.685853
vt 0.911224 0.663721
vt 0.911048 0.663517
vt 0.906191 0.668328
vt 0.904648 0.666441
vt 0.906412 0.668092
vt 0.907637 0.700436
vt 0.907332 0.697849
vt 0.907637 0.697849
vt 0.878849 0.708539
vt 0.878849 0.706122
vt 0.904696 0.669930
vt 0.804214 0.708791
vt 0.793872 0.709705
vt 0.794177 0.712122
vt 0.793872 0.712122
vt 0.908843 0.665487
vt 0.907659 0.706342
vt 0.907353 0.703925
vt 0.907659 0.703925
vt 0.909069 0.665245
vt 0.907306 0.663594
vt 0.883734 0.700580
vt 0.884039 0.704144
vt 0.883734 0.704144
vt 0.484672 0.721691
vt 0.482258 0.719358
vt 0.484672 0.719105
vt 0.483016 0.728140
vt 0.484953 0.730557
vt 0.483016 0.730557
vt 0.481490 0.636019
vt 0.479076 0.632455
vt 0.481490 0.632455
vt 0.961272 0.713063
vt 0.960967 0.710870
vt 0.961272 0.710870
vt 0.910833 0.663355
vt 0.093905 0.945904
vt 0.090143 0.933858
vt 0.093905 0.933858
vt 0.034870 0.950379
vt 0.038113 0.938333
vt 0.038113 0.950379
vt 0.044093 0.950379
vt 0.046831 0.938333
vt 0.046831 0.950379
vt 0.231599 0.827299
vt 0.228356 0.823532
vt 0.231599 0.823532
vt 0.041356 0.938333
vt 0.044093 0.938333
vt 0.034870 0.938333
vt 0.031627 0.950379
vt 0.031627 0.938333
vt 0.086407 0.950815
vt 0.088140 0.938769
vt 0.088140 0.950815
vt 0.208719 0.977600
vt 0.211457 0.980847
vt 0.208719 0.980847
vt 0.070744 0.950379
vt 0.069011 0.938333
vt 0.070744 0.938333
vt 0.041356 0.950379
vt 0.213298 0.986960
vt 0.211565 0.983713
vt 0.213298 0.983713
vt 0.238909 0.823532
vt 0.235667 0.827299
vt 0.235667 0.823532
vt 0.211457 0.980847
vt 0.214195 0.977600
vt 0.214195 0.980847
vt 0.161879 0.986981
vt 0.163612 0.983734
vt 0.163612 0.986981
vt 0.191066 0.950286
vt 0.194828 0.938240
vt 0.194828 0.950286
vt 0.218876 0.674231
vt 0.219973 0.671827
vt 0.219973 0.674290
vt 0.195830 0.567910
vt 0.194940 0.562100
vt 0.195830 0.562100
vt 0.097219 0.652316
vt 0.098236 0.646506
vt 0.098036 0.652316
vt 0.034060 0.651304
vt 0.036520 0.657114
vt 0.034060 0.657114
vt 0.034060 0.657347
vt 0.031600 0.651537
vt 0.034060 0.651537
vt 0.073330 0.684420
vt 0.072018 0.686500
vt 0.072018 0.684369
vt 0.090872 0.658376
vt 0.089738 0.641686
vt 0.090872 0.641686
vt 0.042968 0.685171
vt 0.041899 0.687249
vt 0.041836 0.685112
vt 0.099876 0.568831
vt 0.101016 0.585520
vt 0.099704 0.585520
vt 0.190981 0.551609
vt 0.188853 0.534920
vt 0.190981 0.534920
vt 0.190981 0.551610
vt 0.188904 0.568298
vt 0.188853 0.551609
vt 0.119445 0.686919
vt 0.118347 0.684514
vt 0.119445 0.684456
vt 0.195830 0.556290
vt 0.194813 0.556290
vt 0.087935 0.683110
vt 0.088750 0.685535
vt 0.087862 0.685581
vt 0.098236 0.658127
vt 0.036520 0.645493
vt 0.034060 0.645493
vt 0.034060 0.645727
vt 0.076577 0.686318
vt 0.075265 0.684238
vt 0.076577 0.684187
vt 0.193800 0.551609
vt 0.194933 0.534920
vt 0.195043 0.551609
vt 0.219214 0.647701
vt 0.220283 0.649779
vt 0.219151 0.649838
vt 0.100826 0.621221
vt 0.099686 0.637911
vt 0.099756 0.621221
vt 0.075053 0.630480
vt 0.072925 0.647170
vt 0.072925 0.630480
vt 0.100872 0.654836
vt 0.098795 0.638147
vt 0.100872 0.638147
vt 0.516668 0.933683
vt 0.557719 0.931632
vt 0.559676 0.933683
vt 0.709105 0.887634
vt 0.707274 0.844491
vt 0.709105 0.844491
vt 0.703601 0.887635
vt 0.701770 0.844492
vt 0.703601 0.844492
vt 0.709107 0.888603
vt 0.707274 0.887634
vt 0.703605 0.888603
vt 0.701770 0.887635
vt 0.562473 0.959089
vt 0.560641 0.916026
vt 0.562473 0.916026
vt 0.710938 0.886585
vt 0.709107 0.843522
vt 0.710938 0.843522
vt 0.701774 0.843522
vt 0.703605 0.843522
vt 0.707275 0.843522
vt 0.559676 0.888602
vt 0.518625 0.890653
vt 0.516668 0.888602
vt 0.515703 0.932714
vt 0.518625 0.931632
vt 0.560641 0.889571
vt 0.557719 0.890653
vt 0.560641 0.932714
vt 0.558597 0.891533
vt 0.515703 0.889571
vt 0.517747 0.930751
vt 0.558597 0.930752
vt 0.517747 0.891533
vt 0.560641 0.844490
vt 0.560641 0.887634
vt 0.515703 0.844490
vt 0.598306 0.888603
vt 0.642270 0.889569
vt 0.641305 0.933589
vt 0.687200 0.932623
vt 0.686211 0.890517
vt 0.687200 0.889569
vt 0.701768 0.886576
vt 0.699071 0.843522
vt 0.701770 0.843522
vt 0.585406 0.928240
vt 0.582711 0.885186
vt 0.585410 0.885186
vt 0.701770 0.887542
vt 0.699069 0.886576
vt 0.585410 0.929205
vt 0.582707 0.928239
vt 0.582704 0.928239
vt 0.580009 0.885186
vt 0.582707 0.885186
vt 0.699066 0.886576
vt 0.696371 0.843522
vt 0.699069 0.843522
vt 0.582707 0.929208
vt 0.580005 0.928239
vt 0.699069 0.887544
vt 0.696367 0.886576
vt 0.715521 0.884681
vt 0.714837 0.843522
vt 0.715522 0.843522
vt 0.643259 0.931675
vt 0.642270 0.932623
vt 0.685288 0.932599
vt 0.686211 0.931675
vt 0.643236 0.888603
vt 0.643259 0.890517
vt 0.686234 0.888603
vt 0.644182 0.889592
vt 0.643236 0.933589
vt 0.686234 0.933589
vt 0.685288 0.889592
vt 0.644182 0.932599
vt 0.713458 0.885604
vt 0.712769 0.884681
vt 0.713454 0.884681
vt 0.715522 0.885605
vt 0.714836 0.884681
vt 0.714832 0.884681
vt 0.714150 0.843522
vt 0.714836 0.843522
vt 0.714143 0.884681
vt 0.713461 0.843522
vt 0.714147 0.843522
vt 0.714836 0.885606
vt 0.714147 0.884681
vt 0.714147 0.885607
vt 0.713458 0.884681
vt 0.712773 0.843522
vt 0.713458 0.843522
vt 0.732931 0.868954
vt 0.731065 0.866814
vt 0.732931 0.866814
vt 0.580656 0.983382
vt 0.581307 0.981242
vt 0.581307 0.983382
vt 0.537862 0.980529
vt 0.536544 0.982669
vt 0.536544 0.980529
vt 0.736392 0.863890
vt 0.737043 0.865208
vt 0.736146 0.865208
vt 0.541234 0.979664
vt 0.541885 0.978346
vt 0.542131 0.979664
vt 0.541234 0.980551
vt 0.543100 0.981715
vt 0.541234 0.981715
vt 0.735177 0.866095
vt 0.737043 0.867259
vt 0.735177 0.867259
vt 0.736871 0.896602
vt 0.738033 0.894462
vt 0.738033 0.896602
vt 0.656573 0.979462
vt 0.655676 0.980349
vt 0.654707 0.979462
vt 0.737043 0.866095
vt 0.622411 0.981536
vt 0.621443 0.979396
vt 0.622411 0.979396
vt 0.621443 0.981536
vt 0.619577 0.979396
vt 0.621443 0.979396
vt 0.726815 0.981181
vt 0.726164 0.983321
vt 0.726164 0.981181
vt 0.571532 0.980447
vt 0.570215 0.982588
vt 0.570215 0.980447
vt 0.736125 0.846560
vt 0.736776 0.847878
vt 0.735879 0.847878
vt 0.656573 0.980349
vt 0.655922 0.981667
vt 0.654707 0.978298
vt 0.656573 0.978298
vt 0.734910 0.848764
vt 0.736776 0.849928
vt 0.734910 0.849928
vt 0.738151 0.854722
vt 0.736989 0.856862
vt 0.736989 0.854722
vt 0.590254 0.979479
vt 0.589357 0.980366
vt 0.588388 0.979479
vt 0.736776 0.848764
vt 0.634964 0.979207
vt 0.635932 0.981347
vt 0.634964 0.981347
vt 0.594120 0.980064
vt 0.595985 0.982204
vt 0.594120 0.982204
vt 0.577432 0.983310
vt 0.578083 0.981169
vt 0.578083 0.983310
vt 0.669537 0.980586
vt 0.668219 0.982726
vt 0.668219 0.980586
vt 0.735791 0.822789
vt 0.735140 0.821471
vt 0.736037 0.821471
vt 0.590254 0.980366
vt 0.589603 0.981684
vt 0.588388 0.978315
vt 0.590254 0.978315
vt 0.737005 0.820584
vt 0.735140 0.819420
vt 0.737005 0.819420
vt 0.737980 0.975090
vt 0.736817 0.977230
vt 0.736817 0.975090
vt 0.518630 0.980800
vt 0.519527 0.979913
vt 0.520496 0.980800
vt 0.735140 0.820584
vt 0.608896 0.979572
vt 0.609864 0.981712
vt 0.608896 0.981712
vt 0.547815 0.979939
vt 0.549681 0.982079
vt 0.547815 0.982079
vt 0.738115 0.780309
vt 0.737464 0.782449
vt 0.737464 0.780309
vt 0.568897 0.982588
vt 0.570215 0.980447
vt 0.570215 0.982587
vt 0.735746 0.920765
vt 0.735095 0.919447
vt 0.735992 0.919447
vt 0.518630 0.979913
vt 0.519281 0.978595
vt 0.520496 0.981964
vt 0.518630 0.981964
vt 0.736961 0.918560
vt 0.735095 0.917396
vt 0.736961 0.917396
vt 0.738160 0.907424
vt 0.736998 0.909564
vt 0.736998 0.907424
vt 0.645906 0.980327
vt 0.646803 0.979440
vt 0.647772 0.980327
vt 0.735095 0.918560
vt 0.718360 0.981105
vt 0.717391 0.978965
vt 0.718360 0.978964
vt 0.663369 0.982078
vt 0.661503 0.979938
vt 0.663369 0.979938
vt 0.657553 0.983461
vt 0.658204 0.981320
vt 0.658204 0.983461
vt 0.727805 0.800589
vt 0.729122 0.798449
vt 0.729122 0.800589
vt 0.735783 0.910793
vt 0.735132 0.909475
vt 0.736029 0.909475
vt 0.645906 0.979440
vt 0.646557 0.978122
vt 0.647772 0.981491
vt 0.645906 0.981491
vt 0.736998 0.908588
vt 0.735132 0.907424
vt 0.576269 0.983310
vt 0.577432 0.981169
vt 0.645906 0.979286
vt 0.645009 0.980173
vt 0.644041 0.979286
vt 0.735132 0.908588
vt 0.725846 0.979041
vt 0.725846 0.981181
vt 0.555152 0.979970
vt 0.557018 0.982110
vt 0.555152 0.982110
vt 0.737461 0.774337
vt 0.738112 0.772197
vt 0.738112 0.774337
vt 0.732941 0.856706
vt 0.731623 0.858846
vt 0.731623 0.856706
vt 0.735712 0.831909
vt 0.735061 0.830591
vt 0.735957 0.830591
vt 0.645906 0.980173
vt 0.645255 0.981491
vt 0.644041 0.978122
vt 0.645906 0.978122
vt 0.736926 0.829704
vt 0.735061 0.828540
vt 0.736926 0.828540
vt 0.738160 0.909564
vt 0.736998 0.911704
vt 0.736739 0.792265
vt 0.735842 0.793152
vt 0.734873 0.792265
vt 0.735061 0.829704
vt 0.624439 0.979469
vt 0.625407 0.981609
vt 0.624439 0.981609
vt 0.561371 0.979403
vt 0.563237 0.981543
vt 0.561371 0.981543
vt 0.660720 0.981320
vt 0.660069 0.983461
vt 0.660069 0.981320
vt 0.737270 0.970398
vt 0.735952 0.972539
vt 0.735952 0.970399
vt 0.736314 0.912410
vt 0.736965 0.913728
vt 0.736068 0.913728
vt 0.736739 0.793152
vt 0.736088 0.794470
vt 0.734873 0.791102
vt 0.736739 0.791102
vt 0.735099 0.914615
vt 0.736965 0.915779
vt 0.735099 0.915779
vt 0.738057 0.922905
vt 0.736895 0.925046
vt 0.736895 0.922905
vt 0.733828 0.924588
vt 0.734725 0.923701
vt 0.735694 0.924588
vt 0.736965 0.914615
vt 0.728703 0.978986
vt 0.729672 0.981126
vt 0.728703 0.981126
vt 0.736817 0.981827
vt 0.734952 0.979687
vt 0.736817 0.979687
vt 0.735732 0.807170
vt 0.735081 0.809310
vt 0.735081 0.807170
vt 0.737240 0.850087
vt 0.735923 0.852227
vt 0.735923 0.850087
vt 0.736517 0.886065
vt 0.737168 0.887383
vt 0.736271 0.887383
vt 0.733828 0.923701
vt 0.734479 0.922383
vt 0.735694 0.925751
vt 0.733828 0.925751
vt 0.735302 0.888270
vt 0.737168 0.889433
vt 0.735302 0.889433
vt 0.738057 0.920765
vt 0.736895 0.920765
vt 0.733984 0.812202
vt 0.734881 0.811315
vt 0.735849 0.812202
vt 0.737168 0.888270
vt 0.520507 0.978595
vt 0.521475 0.980736
vt 0.520507 0.980735
vt 0.538279 0.980128
vt 0.540144 0.982268
vt 0.538279 0.982268
vt 0.717391 0.983245
vt 0.718042 0.981105
vt 0.718042 0.983245
vt 0.677922 0.982621
vt 0.679239 0.980482
vt 0.679239 0.982622
vt 0.736355 0.835772
vt 0.737006 0.837090
vt 0.736109 0.837090
vt 0.733984 0.811315
vt 0.734635 0.809997
vt 0.735849 0.813366
vt 0.733984 0.813366
vt 0.735141 0.837977
vt 0.737006 0.839141
vt 0.735141 0.839141
vt 0.736871 0.898742
vt 0.738033 0.896602
vt 0.738033 0.898742
vt 0.578135 0.978965
vt 0.577238 0.979851
vt 0.576269 0.978965
vt 0.737006 0.837977
vt 0.714459 0.978879
vt 0.715427 0.981019
vt 0.714459 0.981019
vt 0.607030 0.979572
vt 0.608896 0.981712
vt 0.607030 0.981712
vt 0.600101 0.972976
vt 0.600752 0.970836
vt 0.600752 0.972976
vt 0.672481 0.980422
vt 0.671163 0.982561
vt 0.671163 0.980421
vt 0.713244 0.982247
vt 0.712593 0.980929
vt 0.713490 0.980929
vt 0.578135 0.979851
vt 0.577484 0.981169
vt 0.576269 0.977801
vt 0.578135 0.977801
vt 0.714459 0.980042
vt 0.712593 0.978879
vt 0.714459 0.978879
vt 0.736776 0.849611
vt 0.737938 0.847471
vt 0.737938 0.849611
vt 0.572977 0.980046
vt 0.573874 0.979159
vt 0.574843 0.980046
vt 0.712593 0.980042
vt 0.587276 0.978212
vt 0.588244 0.980353
vt 0.587276 0.980353
vt 0.736745 0.784623
vt 0.734880 0.782483
vt 0.736745 0.782483
vt 0.728703 0.983266
vt 0.729354 0.981126
vt 0.729354 0.983266
vt 0.680556 0.980482
vt 0.679239 0.982621
vt 0.679239 0.980481
vt 0.735791 0.826158
vt 0.735140 0.824840
vt 0.736037 0.824840
vt 0.572977 0.979159
vt 0.573628 0.977841
vt 0.574843 0.981210
vt 0.572977 0.981210
vt 0.737005 0.823953
vt 0.735140 0.822789
vt 0.737005 0.822789
vt 0.737980 0.977230
vt 0.736817 0.979370
vt 0.659418 0.979115
vt 0.658521 0.980002
vt 0.657553 0.979115
vt 0.735140 0.823953
vt 0.656584 0.978298
vt 0.657553 0.980439
vt 0.656584 0.980438
vt 0.615858 0.979505
vt 0.617724 0.981645
vt 0.615858 0.981645
vt 0.720317 0.983234
vt 0.720968 0.981094
vt 0.720968 0.983234
vt 0.673798 0.980422
vt 0.672481 0.982561
vt 0.672481 0.980421
vt 0.736166 0.972950
vt 0.736817 0.974268
vt 0.735920 0.974268
vt 0.659418 0.980002
vt 0.658767 0.981320
vt 0.657553 0.977952
vt 0.659418 0.977952
vt 0.734952 0.975155
vt 0.736817 0.976318
vt 0.734952 0.976318
vt 0.737980 0.972950
vt 0.592993 0.979056
vt 0.592096 0.979943
vt 0.591128 0.979056
vt 0.736817 0.975155
vt 0.687108 0.981079
vt 0.686139 0.978939
vt 0.687108 0.978939
vt 0.553279 0.982110
vt 0.551413 0.979969
vt 0.553279 0.979969
vt 0.579920 0.974214
vt 0.579269 0.976354
vt 0.579269 0.974214
vt 0.737464 0.780309
vt 0.736147 0.782449
vt 0.736147 0.780309
vt 0.730886 0.978809
vt 0.731537 0.980127
vt 0.730640 0.980127
vt 0.592993 0.979943
vt 0.592342 0.981261
vt 0.591128 0.977892
vt 0.592993 0.977892
vt 0.729672 0.981014
vt 0.731537 0.982177
vt 0.729672 0.982177
vt 0.736871 0.900882
vt 0.578135 0.980006
vt 0.579032 0.979119
vt 0.580001 0.980006
vt 0.731537 0.981014
vt 0.720317 0.978953
vt 0.721286 0.981094
vt 0.720317 0.981093
vt 0.555144 0.982110
vt 0.555144 0.979969
vt 0.579297 0.983310
vt 0.579948 0.981169
vt 0.579948 0.983310
vt 0.535227 0.982669
vt 0.536544 0.980529
vt 0.536544 0.982669
vt 0.736220 0.897831
vt 0.736871 0.899149
vt 0.735974 0.899149
vt 0.578135 0.979119
vt 0.578786 0.977801
vt 0.580001 0.981169
vt 0.578135 0.981169
vt 0.735005 0.900036
vt 0.736871 0.901199
vt 0.735005 0.901199
vt 0.679726 0.955227
vt 0.680889 0.953086
vt 0.680889 0.955227
vt 0.735164 0.834447
vt 0.736061 0.833560
vt 0.737029 0.834447
vt 0.736871 0.900036
vt 0.731537 0.978809
vt 0.732506 0.980949
vt 0.731537 0.980949
vt 0.682771 0.982149
vt 0.680905 0.980008
vt 0.682771 0.980008
vt 0.680819 0.977632
vt 0.680168 0.979772
vt 0.680168 0.977632
vt 0.533874 0.982949
vt 0.535192 0.980810
vt 0.535192 0.982950
vt 0.581219 0.977873
vt 0.581870 0.979191
vt 0.580974 0.979191
vt 0.735164 0.833560
vt 0.735815 0.832242
vt 0.737029 0.835611
vt 0.735164 0.835611
vt 0.580005 0.980078
vt 0.581870 0.981242
vt 0.580005 0.981242
vt 0.738151 0.852581
vt 0.726826 0.981191
vt 0.727723 0.980304
vt 0.728692 0.981191
vt 0.581870 0.980078
vt 0.735000 0.821789
vt 0.734031 0.819650
vt 0.735000 0.819649
vt 0.675981 0.982400
vt 0.674115 0.980260
vt 0.675981 0.980260
vt 0.592022 0.948653
vt 0.592673 0.946513
vt 0.592673 0.948653
vt 0.572895 0.980692
vt 0.571578 0.982832
vt 0.571578 0.980692
vt 0.649125 0.978016
vt 0.649777 0.979334
vt 0.648880 0.979334
vt 0.726826 0.980304
vt 0.727477 0.978985
vt 0.728692 0.982354
vt 0.726826 0.982354
vt 0.647911 0.980222
vt 0.649777 0.981385
vt 0.647911 0.981385
vt 0.738127 0.914550
vt 0.736965 0.916691
vt 0.736965 0.914550
vt 0.717391 0.980128
vt 0.716494 0.981015
vt 0.715526 0.980128
vt 0.649777 0.980222
vt 0.661503 0.975957
vt 0.660534 0.973817
vt 0.661503 0.973817
vt 0.559863 0.982110
vt 0.557998 0.979969
vt 0.559863 0.979969
vt 0.737256 0.966573
vt 0.737907 0.964433
vt 0.737907 0.966573
vt 0.737918 0.760634
vt 0.736601 0.762774
vt 0.736601 0.760634
vt 0.642329 0.978122
vt 0.642980 0.979440
vt 0.642083 0.979440
vt 0.717391 0.981015
vt 0.716740 0.982333
vt 0.715526 0.978964
vt 0.717391 0.978964
vt 0.641115 0.980327
vt 0.642980 0.981491
vt 0.641115 0.981491
vt 0.738127 0.904578
vt 0.736965 0.906718
vt 0.736965 0.904578
vt 0.735100 0.904643
vt 0.735996 0.903756
vt 0.736965 0.904643
vt 0.642980 0.980327
vt 0.733899 0.868954
vt 0.732931 0.866814
vt 0.733899 0.866814
vt 0.677847 0.982400
vt 0.677847 0.980260
vt 0.737240 0.852227
vt 0.737891 0.850087
vt 0.737891 0.852227
vt 0.669537 0.982726
vt 0.670854 0.980586
vt 0.670854 0.982726
vt 0.650991 0.978016
vt 0.651642 0.979334
vt 0.650745 0.979334
vt 0.735100 0.903756
vt 0.735751 0.902438
vt 0.736965 0.905807
vt 0.735100 0.905807
vt 0.651642 0.981385
vt 0.572977 0.983350
vt 0.574140 0.981210
vt 0.574140 0.983350
vt 0.600752 0.981248
vt 0.601649 0.980361
vt 0.602618 0.981248
vt 0.651642 0.980222
vt 0.643072 0.978122
vt 0.644041 0.980262
vt 0.643072 0.980262
vt 0.526281 0.982276
vt 0.524415 0.980136
vt 0.526281 0.980136
vt 0.737921 0.970398
vt 0.737270 0.972539
vt 0.738056 0.791102
vt 0.736739 0.793242
vt 0.660633 0.977952
vt 0.661284 0.979270
vt 0.660387 0.979270
vt 0.600752 0.980361
vt 0.601403 0.979043
vt 0.602618 0.982412
vt 0.600752 0.982412
vt 0.659418 0.980157
vt 0.661284 0.981320
vt 0.659418 0.981320
vt 0.738108 0.826400
vt 0.736946 0.828540
vt 0.736946 0.826400
vt 0.737168 0.883860
vt 0.736271 0.884747
vt 0.735302 0.883860
vt 0.661284 0.980157
vt 0.676906 0.977412
vt 0.677874 0.979551
vt 0.676906 0.979552
vt 0.734735 0.760634
vt 0.670494 0.979877
vt 0.671145 0.977737
vt 0.671145 0.979877
vt 0.737959 0.933886
vt 0.736641 0.936026
vt 0.736641 0.933886
vt 0.736113 0.926390
vt 0.736764 0.927709
vt 0.735867 0.927709
vt 0.737168 0.884747
vt 0.735302 0.882696
vt 0.737168 0.882696
vt 0.734898 0.928596
vt 0.736764 0.929759
vt 0.734898 0.929759
vt 0.738127 0.912410
vt 0.736965 0.912410
vt 0.735141 0.841346
vt 0.736038 0.840459
vt 0.737006 0.841346
vt 0.736764 0.928596
vt 0.593962 0.980032
vt 0.592993 0.977892
vt 0.593962 0.977892
vt 0.735080 0.826400
vt 0.735080 0.828540
vt 0.537473 0.979820
vt 0.538124 0.977680
vt 0.538124 0.979820
vt 0.576160 0.980921
vt 0.574843 0.983061
vt 0.574843 0.980921
vt 0.586625 0.978212
vt 0.587276 0.979530
vt 0.586379 0.979530
vt 0.735141 0.840459
vt 0.735792 0.839141
vt 0.737006 0.842509
vt 0.735141 0.842509
vt 0.585410 0.980417
vt 0.587276 0.981581
vt 0.585410 0.981581
vt 0.579297 0.981169
vt 0.578135 0.983310
vt 0.734910 0.845396
vt 0.735807 0.844509
vt 0.736776 0.845396
vt 0.587276 0.980417
vt 0.731940 0.790393
vt 0.730971 0.788253
vt 0.731940 0.788253
vt 0.736743 0.776477
vt 0.734878 0.774337
vt 0.736743 0.774337
vt 0.737979 0.872983
vt 0.737328 0.875123
vt 0.737328 0.872983
vt 0.738081 0.926390
vt 0.736764 0.928531
vt 0.736764 0.926391
vt 0.735954 0.892802
vt 0.735302 0.891484
vt 0.736199 0.891484
vt 0.734910 0.844509
vt 0.735561 0.843191
vt 0.736776 0.846560
vt 0.734910 0.846560
vt 0.737168 0.890597
vt 0.736817 0.981510
vt 0.737980 0.979370
vt 0.737980 0.981510
vt 0.737005 0.876962
vt 0.736108 0.877849
vt 0.735140 0.876962
vt 0.735302 0.890597
vt 0.650763 0.967856
vt 0.651732 0.969996
vt 0.650763 0.969996
vt 0.697383 0.841119
vt 0.699248 0.843259
vt 0.697383 0.843259
vt 0.659418 0.983461
vt 0.737461 0.772197
vt 0.736145 0.774337
vt 0.736145 0.772197
vt 0.722569 0.978901
vt 0.723220 0.980219
vt 0.722323 0.980219
vt 0.737005 0.877849
vt 0.736354 0.879167
vt 0.735140 0.875798
vt 0.737005 0.875798
vt 0.721355 0.981106
vt 0.723220 0.982270
vt 0.721355 0.982270
vt 0.736926 0.830681
vt 0.738088 0.828540
vt 0.738088 0.830681
vt 0.736871 0.895626
vt 0.735974 0.896513
vt 0.735005 0.895626
vt 0.723220 0.981106
vt 0.674154 0.945825
vt 0.675123 0.947965
vt 0.674154 0.947965
vt 0.632768 0.981604
vt 0.630902 0.979464
vt 0.632768 0.979464
vt 0.574791 0.983350
vt 0.738081 0.928531
vt 0.736764 0.930671
vt 0.736764 0.928531
vt 0.719666 0.978953
vt 0.720317 0.980271
vt 0.719420 0.980271
vt 0.736871 0.896513
vt 0.735005 0.894462
vt 0.736871 0.894462
vt 0.718452 0.981158
vt 0.720317 0.982322
vt 0.718452 0.982322
vt 0.738109 0.803801
vt 0.736946 0.805942
vt 0.736946 0.803801
vt 0.736946 0.804965
vt 0.736049 0.805852
vt 0.735081 0.804965
vt 0.720317 0.981158
vt 0.572964 0.973555
vt 0.571995 0.971415
vt 0.572964 0.971415
vt 0.624439 0.981609
vt 0.622573 0.979469
vt 0.591779 0.981261
vt 0.591128 0.983401
vt 0.591128 0.981261
vt 0.738093 0.845331
vt 0.736776 0.847471
vt 0.736776 0.845331
vt 0.543960 0.982413
vt 0.543309 0.981094
vt 0.544205 0.981094
vt 0.736946 0.805852
vt 0.736295 0.807170
vt 0.735081 0.803801
vt 0.545174 0.980208
vt 0.543309 0.979044
vt 0.545174 0.979044
vt 0.738123 0.917396
vt 0.736961 0.919537
vt 0.737050 0.880348
vt 0.736153 0.881235
vt 0.735184 0.880348
vt 0.543309 0.980208
vt 0.572964 0.975695
vt 0.571995 0.973555
vt 0.572964 0.973555
vt 0.730516 0.851575
vt 0.728651 0.853715
vt 0.728651 0.851575
vt 0.592430 0.983401
vt 0.592430 0.981261
vt 0.738093 0.843191
vt 0.736776 0.845331
vt 0.736776 0.843191
vt 0.685488 0.978939
vt 0.686139 0.980257
vt 0.685242 0.980257
vt 0.737050 0.881235
vt 0.736398 0.882553
vt 0.735184 0.879184
vt 0.737050 0.879184
vt 0.684274 0.981144
vt 0.686139 0.982308
vt 0.684274 0.982308
vt 0.738127 0.902438
vt 0.736957 0.801435
vt 0.736060 0.802322
vt 0.735091 0.801435
vt 0.686139 0.981144
vt 0.675123 0.950105
vt 0.674154 0.947965
vt 0.675123 0.947965
vt 0.731623 0.858846
vt 0.729758 0.856706
vt 0.731623 0.856706
vt 0.580656 0.981242
vt 0.580005 0.983382
vt 0.738060 0.774337
vt 0.736743 0.776477
vt 0.736743 0.774337
vt 0.637238 0.979036
vt 0.637889 0.980354
vt 0.636992 0.980354
vt 0.736957 0.802322
vt 0.736306 0.803640
vt 0.735091 0.800272
vt 0.736957 0.800272
vt 0.636024 0.981241
vt 0.637889 0.982405
vt 0.636024 0.982405
vt 0.736957 0.802412
vt 0.738119 0.800272
vt 0.738119 0.802412
vt 0.734952 0.978523
vt 0.735849 0.977636
vt 0.736817 0.978523
vt 0.637889 0.981241
vt 0.661503 0.973817
vt 0.660534 0.971677
vt 0.661503 0.971677
vt 0.729105 0.788253
vt 0.730971 0.790393
vt 0.729105 0.790393
vt 0.659418 0.981320
vt 0.658767 0.983461
vt 0.738062 0.782483
vt 0.736745 0.784623
vt 0.736745 0.782483
vt 0.725195 0.979041
vt 0.725846 0.980359
vt 0.724949 0.980359
vt 0.734952 0.977636
vt 0.735603 0.976318
vt 0.723981 0.981246
vt 0.725846 0.982410
vt 0.723981 0.982410
vt 0.736946 0.808082
vt 0.738109 0.805942
vt 0.738109 0.808082
vt 0.725846 0.981246
vt 0.651732 0.967856
vt 0.650763 0.965716
vt 0.651732 0.965716
vt 0.642279 0.887634
vt 0.645201 0.886552
vt 0.643245 0.888603
vt 0.597341 0.887634
vt 0.597341 0.844491
vt 0.687218 0.887634
vt 0.684296 0.886552
vt 0.685174 0.885671
vt 0.642279 0.844491
vt 0.645201 0.845573
vt 0.644324 0.846453
vt 0.686253 0.843522
vt 0.643245 0.843522
vt 0.685174 0.846453
vt 0.687218 0.844491
vt 0.644324 0.885671
vt 0.686253 0.888603
vt 0.712769 0.886585
vt 0.705441 0.888603
vt 0.703605 0.887635
vt 0.705436 0.887635
vt 0.707274 0.888603
vt 0.705441 0.887634
vt 0.707272 0.887634
vt 0.564304 0.959089
vt 0.684296 0.845573
vt 0.705436 0.844492
vt 0.703609 0.843522
vt 0.705441 0.843522
vt 0.707272 0.844491
vt 0.705442 0.843522
vt 0.707274 0.843522
vt 0.543100 0.980551
vt 0.703605 0.844492
vt 0.705441 0.844491
vt 0.478540 0.969849
vt 0.481466 0.969849
vt 0.432699 0.974059
vt 0.429773 0.971129
vt 0.432699 0.971129
vt 0.462905 0.824816
vt 0.465831 0.819689
vt 0.465831 0.824816
vt 0.358831 0.950159
vt 0.361757 0.955286
vt 0.358831 0.955286
vt 0.154117 0.797428
vt 0.159043 0.791036
vt 0.159043 0.797428
vt 0.163969 0.791036
vt 0.163969 0.797428
vt 0.127439 0.816030
vt 0.107479 0.822422
vt 0.107479 0.816030
vt 0.169152 0.791036
vt 0.169152 0.797428
vt 0.148296 0.797429
vt 0.149192 0.791036
vt 0.149192 0.797428
vt 0.066660 0.816026
vt 0.065762 0.822421
vt 0.065762 0.816029
vt 0.154117 0.791036
vt 0.025841 0.822421
vt 0.025841 0.816029
vt 0.179261 0.791036
vt 0.184187 0.797427
vt 0.179261 0.797427
vt 0.174336 0.791036
vt 0.174336 0.797427
vt 0.147400 0.822421
vt 0.147400 0.816029
vt 0.107479 0.822418
vt 0.106581 0.816029
vt 0.107479 0.816026
vt 0.148296 0.822417
vt 0.148296 0.816026
vt 0.184187 0.791036
vt 0.189113 0.797427
vt 0.106581 0.822421
vt 0.066660 0.816029
vt 0.127439 0.822421
vt 0.150636 0.953245
vt 0.151253 0.958434
vt 0.150636 0.958434
vt 0.148296 0.791037
vt 0.066660 0.822418
vt 0.082499 0.944726
vt 0.083115 0.964631
vt 0.082499 0.964631
vt 0.189113 0.791036
vt 0.066660 0.822421
vt 0.839699 0.914333
vt 0.844292 0.896694
vt 0.844292 0.914333
vt 0.848885 0.914333
vt 0.150636 0.948055
vt 0.151253 0.953245
vt 0.060879 0.955203
vt 0.061495 0.960393
vt 0.060879 0.960393
vt 0.090143 0.909742
vt 0.089527 0.889836
vt 0.090143 0.889836
vt 0.061495 0.965582
vt 0.060879 0.965582
vt 0.337204 0.943413
vt 0.334278 0.948540
vt 0.334278 0.943413
vt 0.273283 0.974186
vt 0.276209 0.971257
vt 0.276209 0.974186
vt 0.462905 0.840197
vt 0.465831 0.835070
vt 0.465831 0.840197
vt 0.292177 0.944599
vt 0.295103 0.949726
vt 0.292177 0.949726
vt 0.342988 0.971185
vt 0.345914 0.974115
vt 0.342988 0.974115
vt 0.703146 0.833293
vt 0.704731 0.842005
vt 0.703146 0.842005
vt 0.686276 0.933589
vt 0.684690 0.942302
vt 0.684690 0.933589
vt 0.654667 0.949291
vt 0.653724 0.958003
vt 0.653724 0.949291
vt 0.705674 0.824580
vt 0.704731 0.833293
vt 0.704731 0.824580
vt 0.688124 0.843491
vt 0.689067 0.841903
vt 0.689067 0.843491
vt 0.615858 0.933589
vt 0.606599 0.943146
vt 0.606599 0.933589
vt 0.568897 0.934118
vt 0.578156 0.924562
vt 0.578156 0.934118
vt 0.546328 0.952854
vt 0.547815 0.962124
vt 0.546328 0.962124
vt 0.638949 0.952961
vt 0.640436 0.943404
vt 0.640436 0.952961
vt 0.726260 0.760634
vt 0.724773 0.769904
vt 0.724773 0.760634
vt 0.725732 0.888039
vt 0.724146 0.879184
vt 0.725732 0.879184
vt 0.725725 0.858904
vt 0.724139 0.867758
vt 0.724139 0.858904
vt 0.619577 0.948390
vt 0.618820 0.957245
vt 0.618820 0.948390
vt 0.646966 0.973711
vt 0.647723 0.964856
vt 0.647723 0.973711
vt 0.690941 0.888532
vt 0.691698 0.886944
vt 0.691698 0.888532
vt 0.703146 0.824580
vt 0.686276 0.951014
vt 0.684690 0.951014
vt 0.653724 0.940578
vt 0.705674 0.842005
vt 0.704731 0.842005
vt 0.688161 0.886944
vt 0.689104 0.888532
vt 0.688161 0.888532
vt 0.697383 0.841903
vt 0.688124 0.832346
vt 0.697383 0.832346
vt 0.688124 0.813197
vt 0.697383 0.822754
vt 0.688124 0.822754
vt 0.546328 0.971395
vt 0.547815 0.971395
vt 0.535313 0.960412
vt 0.533826 0.950856
vt 0.535313 0.950856
vt 0.726260 0.799821
vt 0.724773 0.790551
vt 0.726260 0.790551
vt 0.725529 0.813895
vt 0.723943 0.822750
vt 0.723943 0.813895
vt 0.541234 0.956232
vt 0.542820 0.965087
vt 0.541234 0.965087
vt 0.661503 0.968973
vt 0.660746 0.960118
vt 0.661503 0.960118
vt 0.579952 0.955019
vt 0.579195 0.946164
vt 0.579952 0.946164
vt 0.690767 0.841903
vt 0.691524 0.843491
vt 0.690767 0.843491
vt 0.738476 0.977230
vt 0.737980 0.981055
vt 0.696166 0.888025
vt 0.696663 0.888532
vt 0.696166 0.888532
vt 0.738008 0.875341
vt 0.737511 0.879167
vt 0.737511 0.875341
vt 0.694880 0.842083
vt 0.694384 0.842589
vt 0.694384 0.842083
vt 0.518042 0.983017
vt 0.518548 0.979192
vt 0.518548 0.983017
vt 0.737512 0.835772
vt 0.737006 0.839597
vt 0.737006 0.835772
vt 0.693887 0.842589
vt 0.693391 0.843096
vt 0.693391 0.842589
vt 0.597341 0.904371
vt 0.596844 0.903864
vt 0.597341 0.903864
vt 0.737739 0.952290
vt 0.738235 0.948465
vt 0.738235 0.952290
vt 0.651226 0.973822
vt 0.651226 0.969996
vt 0.738222 0.960529
vt 0.737725 0.964354
vt 0.737725 0.960529
vt 0.677368 0.977411
vt 0.677874 0.973586
vt 0.677874 0.977411
vt 0.695376 0.842589
vt 0.695873 0.842083
vt 0.695873 0.842589
vt 0.592007 0.904561
vt 0.592504 0.905067
vt 0.592007 0.905067
vt 0.737959 0.936026
vt 0.738455 0.932201
vt 0.738455 0.936026
vt 0.709354 0.839152
vt 0.708848 0.842978
vt 0.708848 0.839152
vt 0.738530 0.898287
vt 0.738033 0.902112
vt 0.738033 0.898287
vt 0.737043 0.867715
vt 0.737549 0.863890
vt 0.737549 0.867715
vt 0.695670 0.888532
vt 0.593497 0.905067
vt 0.593000 0.904561
vt 0.593497 0.904561
vt 0.738222 0.956703
vt 0.737725 0.956703
vt 0.618955 0.976311
vt 0.619461 0.972485
vt 0.619461 0.976311
vt 0.738045 0.863890
vt 0.692888 0.979061
vt 0.692382 0.982886
vt 0.692382 0.979061
vt 0.694880 0.843096
vt 0.695376 0.843096
vt 0.591511 0.904561
vt 0.738234 0.952637
vt 0.737738 0.956462
vt 0.737738 0.952637
vt 0.583923 0.941253
vt 0.583417 0.945079
vt 0.583417 0.941253
vt 0.738103 0.936214
vt 0.737607 0.940039
vt 0.737607 0.936214
vt 0.606883 0.979048
vt 0.606376 0.982873
vt 0.606376 0.979048
vt 0.696866 0.843096
vt 0.697362 0.842589
vt 0.697362 0.843096
vt 0.693391 0.842083
vt 0.738171 0.890346
vt 0.737674 0.894171
vt 0.737674 0.890346
vt 0.732683 0.856706
vt 0.733190 0.852881
vt 0.733190 0.856706
vt 0.738017 0.808380
vt 0.737521 0.812205
vt 0.737521 0.808380
vt 0.637889 0.982861
vt 0.638395 0.979036
vt 0.638395 0.982861
vt 0.737919 0.770772
vt 0.738415 0.766946
vt 0.738415 0.770772
vt 0.691698 0.887958
vt 0.692195 0.887451
vt 0.692195 0.887958
vt 0.737414 0.780309
vt 0.737910 0.776484
vt 0.737910 0.780309
vt 0.693887 0.842083
vt 0.737587 0.858904
vt 0.737081 0.862729
vt 0.737081 0.858904
vt 0.651732 0.973822
vt 0.651226 0.977647
vt 0.692195 0.888025
vt 0.691698 0.888025
vt 0.597341 0.904877
vt 0.596844 0.904371
vt 0.737511 0.823246
vt 0.738008 0.819420
vt 0.738008 0.823246
vt 0.667702 0.981277
vt 0.668209 0.977452
vt 0.668209 0.981277
vt 0.738530 0.894462
vt 0.737005 0.879167
vt 0.737005 0.875341
vt 0.694181 0.888025
vt 0.694677 0.888532
vt 0.694181 0.888532
vt 0.693684 0.888532
vt 0.693684 0.888025
vt 0.737422 0.766946
vt 0.737919 0.763121
vt 0.737919 0.766946
vt 0.701277 0.979120
vt 0.700771 0.982946
vt 0.700771 0.979120
vt 0.738032 0.835611
vt 0.738528 0.831786
vt 0.738528 0.835611
vt 0.647472 0.973711
vt 0.646966 0.977536
vt 0.693188 0.888025
vt 0.692691 0.888532
vt 0.692691 0.888025
vt 0.694384 0.843096
vt 0.737512 0.839597
vt 0.738009 0.835772
vt 0.738009 0.839597
vt 0.737739 0.944640
vt 0.737233 0.948465
vt 0.737233 0.944640
vt 0.737907 0.789148
vt 0.738403 0.785323
vt 0.738403 0.789148
vt 0.737762 0.966573
vt 0.737256 0.970398
vt 0.594490 0.905067
vt 0.594986 0.904561
vt 0.594986 0.905067
vt 0.593993 0.904561
vt 0.593993 0.905067
vt 0.737422 0.770772
vt 0.737005 0.823246
vt 0.737511 0.819420
vt 0.737511 0.823246
vt 0.738434 0.847471
vt 0.737938 0.851296
vt 0.551247 0.974161
vt 0.550741 0.977986
vt 0.550741 0.974161
vt 0.578046 0.914125
vt 0.579632 0.922838
vt 0.578046 0.922838
vt 0.538279 0.933683
vt 0.536693 0.942395
vt 0.536693 0.933683
vt 0.712413 0.831502
vt 0.711470 0.840214
vt 0.711470 0.831502
vt 0.542820 0.938807
vt 0.541877 0.947520
vt 0.541877 0.938807
vt 0.687218 0.888532
vt 0.594669 0.925043
vt 0.585410 0.934599
vt 0.585410 0.925043
vt 0.697383 0.803641
vt 0.688124 0.803641
vt 0.535313 0.969683
vt 0.533826 0.960412
vt 0.631281 0.957947
vt 0.632768 0.948390
vt 0.632768 0.957947
vt 0.724773 0.779175
vt 0.726260 0.769904
vt 0.726260 0.779175
vt 0.725578 0.813866
vt 0.723992 0.805011
vt 0.725578 0.805011
vt 0.583824 0.967245
vt 0.585410 0.958390
vt 0.585410 0.967245
vt 0.579195 0.963873
vt 0.579195 0.955019
vt 0.582931 0.965474
vt 0.583688 0.956619
vt 0.583688 0.965474
vt 0.690010 0.843491
vt 0.690010 0.841903
vt 0.579632 0.905413
vt 0.578046 0.905413
vt 0.538279 0.951108
vt 0.536693 0.951108
vt 0.711470 0.822789
vt 0.542820 0.956232
vt 0.541877 0.956232
vt 0.597341 0.933589
vt 0.688124 0.822789
vt 0.724177 0.878428
vt 0.725664 0.869158
vt 0.725664 0.878428
vt 0.583923 0.948833
vt 0.585410 0.948833
vt 0.724773 0.781280
vt 0.726260 0.781280
vt 0.724139 0.852377
vt 0.725725 0.843522
vt 0.725725 0.852377
vt 0.639529 0.956789
vt 0.641115 0.965644
vt 0.639529 0.965644
vt 0.618704 0.963631
vt 0.618704 0.972485
vt 0.568137 0.954324
vt 0.568894 0.963178
vt 0.568137 0.963178
vt 0.690184 0.886944
vt 0.690941 0.886944
vt 0.738392 0.794577
vt 0.737896 0.798402
vt 0.737896 0.794577
vt 0.697159 0.888532
vt 0.696663 0.888025
vt 0.697159 0.888025
vt 0.628255 0.979195
vt 0.627759 0.983020
vt 0.627759 0.979195
vt 0.696866 0.842589
vt 0.696369 0.843096
vt 0.696369 0.842589
vt 0.737109 0.817720
vt 0.737615 0.813895
vt 0.737615 0.817720
vt 0.737535 0.831786
vt 0.737029 0.831786
vt 0.694880 0.842589
vt 0.695376 0.842083
vt 0.591015 0.904561
vt 0.591511 0.905067
vt 0.591015 0.905067
vt 0.738171 0.882696
vt 0.737674 0.886521
vt 0.737674 0.882696
vt 0.550907 0.949391
vt 0.551413 0.945566
vt 0.551413 0.949391
vt 0.738235 0.944640
vt 0.737739 0.948465
vt 0.723220 0.978901
vt 0.723726 0.982726
vt 0.723220 0.982726
vt 0.595483 0.904561
vt 0.691698 0.887451
vt 0.738083 0.858904
vt 0.737587 0.862729
vt 0.638964 0.974806
vt 0.639470 0.970981
vt 0.639470 0.974806
vt 0.738406 0.776484
vt 0.737219 0.960529
vt 0.737219 0.956703
vt 0.695873 0.843096
vt 0.580005 0.924426
vt 0.579508 0.923919
vt 0.580005 0.923919
vt 0.738112 0.813895
vt 0.564334 0.975450
vt 0.564840 0.971625
vt 0.564840 0.975450
vt 0.738415 0.763121
vt 0.737168 0.886521
vt 0.737168 0.882696
vt 0.697362 0.842083
vt 0.696866 0.842083
vt 0.737824 0.872983
vt 0.738320 0.869158
vt 0.738320 0.872983
vt 0.677973 0.969273
vt 0.677467 0.973098
vt 0.677467 0.969273
vt 0.738008 0.823246
vt 0.738504 0.819420
vt 0.738504 0.823246
vt 0.703160 0.982888
vt 0.703666 0.979063
vt 0.703666 0.982888
vt 0.697656 0.888025
vt 0.697656 0.888532
vt 0.696369 0.842083
vt 0.738259 0.966573
vt 0.737762 0.970398
vt 0.737762 0.966573
vt 0.728035 0.800982
vt 0.727529 0.804807
vt 0.727529 0.800982
vt 0.738032 0.831786
vt 0.737535 0.835611
vt 0.737739 0.940815
vt 0.738504 0.875341
vt 0.738008 0.879167
vt 0.695670 0.888025
vt 0.695174 0.888532
vt 0.695174 0.888025
vt 0.612152 0.983144
vt 0.612649 0.979318
vt 0.612649 0.983144
vt 0.595979 0.905067
vt 0.595483 0.905067
vt 0.737168 0.890346
vt 0.737168 0.894171
vt 0.694677 0.888025
vt 0.737411 0.789148
vt 0.737907 0.785323
vt 0.737907 0.789148
vt 0.619577 0.976533
vt 0.619071 0.980358
vt 0.619071 0.976533
vt 0.738505 0.835772
vt 0.738505 0.839597
vt 0.554566 0.978016
vt 0.555072 0.974191
vt 0.555072 0.978016
vt 0.579508 0.923413
vt 0.593000 0.905067
vt 0.614998 0.983144
vt 0.615494 0.979318
vt 0.615494 0.983144
vt 0.737233 0.952290
vt 0.738514 0.808380
vt 0.738017 0.812205
vt 0.564334 0.979275
vt 0.692195 0.888532
vt 0.737824 0.869158
vt 0.737219 0.964354
vt 0.738235 0.940815
vt 0.737521 0.808380
vt 0.737015 0.812205
vt 0.737015 0.808380
vt 0.694880 0.842589
vt 0.737400 0.798402
vt 0.737400 0.794577
vt 0.590760 0.978315
vt 0.590254 0.982140
vt 0.590254 0.978315
vt 0.737980 0.976775
vt 0.738476 0.972950
vt 0.738476 0.976775
vt 0.689222 0.982888
vt 0.689728 0.979062
vt 0.689728 0.982888
vt 0.066660 0.795804
vt 0.106581 0.795804
vt 0.189113 0.817653
vt 0.184187 0.817653
vt 0.147400 0.795805
vt 0.148296 0.795801
vt 0.107479 0.795801
vt 0.093069 0.956080
vt 0.093880 0.961270
vt 0.093069 0.961270
vt 0.127439 0.795805
vt 0.179261 0.817653
vt 0.174336 0.817653
vt 0.065762 0.795804
vt 0.025841 0.795804
vt 0.149192 0.817653
vt 0.154117 0.817653
vt 0.066660 0.795801
vt 0.148296 0.817654
vt 0.223363 0.847665
vt 0.222551 0.827440
vt 0.223363 0.827440
vt 0.107479 0.795805
vt 0.159043 0.817653
vt 0.163969 0.817653
vt 0.127439 0.788535
vt 0.169152 0.817653
vt 0.169152 0.824923
vt 0.148296 0.824925
vt 0.066660 0.788531
vt 0.066660 0.788534
vt 0.829659 0.896938
vt 0.825066 0.879016
vt 0.829659 0.879016
vt 0.834252 0.879016
vt 0.218986 0.838613
vt 0.219798 0.843803
vt 0.218986 0.843803
vt 0.224175 0.847665
vt 0.224175 0.827440
vt 0.093069 0.950890
vt 0.093880 0.956080
vt 0.218986 0.833423
vt 0.219798 0.838613
vt 0.865672 0.672449
vt 0.865097 0.670763
vt 0.865672 0.670537
vt 0.865672 0.664076
vt 0.867652 0.663385
vt 0.867996 0.663827
vt 0.867652 0.673140
vt 0.865097 0.672865
vt 0.865097 0.666549
vt 0.865672 0.666376
vt 0.865672 0.666704
vt 0.865097 0.670412
vt 0.865672 0.670218
vt 0.868254 0.663355
vt 0.868254 0.663799
vt 0.865097 0.666189
vt 0.867996 0.672698
vt 0.868254 0.673170
vt 0.977929 0.626786
vt 0.977929 0.624227
vt 0.811813 0.699342
vt 0.810636 0.699702
vt 0.810636 0.699342
vt 0.811813 0.695128
vt 0.810636 0.695479
vt 0.810636 0.695128
vt 0.976699 0.706478
vt 0.975522 0.705876
vt 0.976699 0.705876
vt 0.811813 0.699702
vt 0.810636 0.702232
vt 0.811813 0.695479
vt 0.977929 0.627388
vt 0.976752 0.626786
vt 0.811813 0.693026
vt 0.810636 0.693026
vt 0.976699 0.709037
vt 0.975522 0.706478
vt 0.910765 0.690609
vt 0.911165 0.692521
vt 0.910765 0.692521
vt 0.884039 0.697737
vt 0.883639 0.695410
vt 0.884039 0.695410
vt 0.814748 0.684170
vt 0.815147 0.686497
vt 0.814748 0.686497
vt 0.910765 0.686448
vt 0.911165 0.686776
vt 0.910765 0.686776
vt 0.910765 0.690290
vt 0.911165 0.690609
vt 0.884039 0.697995
vt 0.883639 0.697737
vt 0.910765 0.684148
vt 0.911165 0.686448
vt 0.911165 0.690290
vt 0.815147 0.686755
vt 0.814748 0.686755
vt 0.870835 0.672449
vt 0.868855 0.663385
vt 0.870835 0.664076
vt 0.868511 0.663827
vt 0.868855 0.673140
vt 0.868511 0.672698
vt 0.870835 0.666376
vt 0.870835 0.666704
vt 0.870835 0.670537
vt 0.870835 0.670218
vt 0.868254 0.672726
vt 0.976752 0.630550
vt 0.977929 0.627991
vt 0.977929 0.630550
vt 0.972379 0.537234
vt 0.971202 0.536873
vt 0.972379 0.536873
vt 0.972379 0.533010
vt 0.971202 0.532659
vt 0.972379 0.532659
vt 0.976699 0.705274
vt 0.972379 0.539763
vt 0.971202 0.537234
vt 0.971202 0.533010
vt 0.976752 0.627991
vt 0.971202 0.530557
vt 0.972379 0.530557
vt 0.975522 0.705274
vt 0.976699 0.702715
vt 0.927178 0.680387
vt 0.926778 0.682299
vt 0.926778 0.680387
vt 0.883639 0.700580
vt 0.884039 0.698252
vt 0.884039 0.700580
vt 0.815147 0.687013
vt 0.814748 0.689340
vt 0.814748 0.687013
vt 0.927178 0.686132
vt 0.926778 0.686459
vt 0.926778 0.686132
vt 0.927178 0.682299
vt 0.926778 0.682618
vt 0.883639 0.698252
vt 0.927178 0.686459
vt 0.926778 0.688760
vt 0.927178 0.682618
vt 0.885803 0.668328
vt 0.884259 0.666441
vt 0.886023 0.668092
vt 0.894150 0.705913
vt 0.894150 0.703327
vt 0.833684 0.708080
vt 0.833990 0.710498
vt 0.833684 0.710498
vt 0.885998 0.668511
vt 0.884308 0.669930
vt 0.949701 0.711227
vt 0.949395 0.708810
vt 0.949701 0.708810
vt 0.946981 0.711227
vt 0.946676 0.708810
vt 0.946981 0.708810
vt 0.886219 0.668274
vt 0.888454 0.665487
vt 0.888649 0.665670
vt 0.934991 0.708826
vt 0.935297 0.711243
vt 0.934991 0.711243
vt 0.888681 0.665245
vt 0.888876 0.665427
vt 0.886917 0.663594
vt 0.790735 0.704725
vt 0.790429 0.701160
vt 0.790735 0.701160
vt 0.459735 0.730498
vt 0.457321 0.728164
vt 0.459735 0.727911
vt 0.268311 0.730477
vt 0.266374 0.728060
vt 0.268311 0.728060
vt 0.474293 0.571314
vt 0.471879 0.567749
vt 0.474293 0.567749
vt 0.963892 0.710859
vt 0.964198 0.713052
vt 0.963892 0.713052
vt 0.890445 0.663355
vt 0.890659 0.663517
vt 0.888178 0.670108
vt 0.886193 0.668693
vt 0.886414 0.668457
vt 0.794032 0.703131
vt 0.794337 0.700544
vt 0.794337 0.703131
vt 0.767085 0.710114
vt 0.766779 0.712532
vt 0.766779 0.710114
vt 0.884698 0.670295
vt 0.884484 0.670133
vt 0.797488 0.706886
vt 0.797183 0.709303
vt 0.797183 0.706886
vt 0.926755 0.708830
vt 0.927061 0.708830
vt 0.888845 0.665853
vt 0.923829 0.709774
vt 0.923524 0.712191
vt 0.923524 0.709774
vt 0.889071 0.665610
vt 0.890835 0.667261
vt 0.911224 0.700944
vt 0.910918 0.704508
vt 0.910918 0.700944
vt 0.460166 0.730245
vt 0.462580 0.727911
vt 0.462580 0.730498
vt 0.335604 0.727960
vt 0.333667 0.730378
vt 0.333414 0.727960
vt 0.479190 0.571314
vt 0.481604 0.567749
vt 0.481604 0.571314
vt 0.980598 0.620112
vt 0.980904 0.617919
vt 0.980904 0.620112
vt 0.890835 0.663721
vt 0.864521 0.672449
vt 0.862541 0.663385
vt 0.864521 0.664076
vt 0.862197 0.663827
vt 0.862541 0.673140
vt 0.862197 0.672698
vt 0.864521 0.666376
vt 0.864521 0.666704
vt 0.864521 0.670537
vt 0.861939 0.663355
vt 0.861939 0.663799
vt 0.864521 0.670218
vt 0.861939 0.673170
vt 0.861939 0.672726
vt 0.977834 0.572956
vt 0.976657 0.575515
vt 0.976657 0.572956
vt 0.971202 0.555084
vt 0.972379 0.555444
vt 0.971202 0.555444
vt 0.971202 0.559308
vt 0.972379 0.559658
vt 0.971202 0.559658
vt 0.810636 0.705393
vt 0.811813 0.704791
vt 0.811813 0.705393
vt 0.971202 0.552555
vt 0.972379 0.555084
vt 0.972379 0.559308
vt 0.977834 0.575515
vt 0.976657 0.576117
vt 0.972379 0.561761
vt 0.971202 0.561761
vt 0.810636 0.704791
vt 0.811813 0.702232
vt 0.785744 0.686106
vt 0.786144 0.684194
vt 0.786144 0.686106
vt 0.785336 0.700023
vt 0.785735 0.697696
vt 0.785735 0.700023
vt 0.770665 0.696823
vt 0.770265 0.699150
vt 0.770265 0.696823
vt 0.785744 0.680361
vt 0.786144 0.680034
vt 0.786144 0.680361
vt 0.785744 0.684194
vt 0.786144 0.683876
vt 0.785335 0.697696
vt 0.785735 0.697438
vt 0.785744 0.680034
vt 0.786144 0.677734
vt 0.785744 0.683876
vt 0.770665 0.696565
vt 0.770265 0.696565
vt 0.859358 0.672449
vt 0.858782 0.670763
vt 0.859358 0.670537
vt 0.859358 0.664076
vt 0.861338 0.663385
vt 0.861682 0.663827
vt 0.861338 0.673140
vt 0.858782 0.672865
vt 0.858782 0.666549
vt 0.859358 0.666376
vt 0.859358 0.666704
vt 0.858782 0.670412
vt 0.859358 0.670218
vt 0.858782 0.666189
vt 0.861682 0.672698
vt 0.976657 0.576719
vt 0.977834 0.579278
vt 0.976657 0.579278
vt 0.803092 0.693492
vt 0.804269 0.693131
vt 0.804269 0.693492
vt 0.803092 0.697706
vt 0.804269 0.697355
vt 0.804269 0.697706
vt 0.811813 0.705995
vt 0.803092 0.693131
vt 0.804269 0.690602
vt 0.803092 0.697355
vt 0.977834 0.576719
vt 0.803092 0.699808
vt 0.804269 0.699808
vt 0.811813 0.708554
vt 0.810636 0.705995
vt 0.770265 0.692068
vt 0.770665 0.693980
vt 0.770265 0.693980
vt 0.785735 0.697180
vt 0.785336 0.694853
vt 0.785735 0.694853
vt 0.770265 0.693980
vt 0.770665 0.696307
vt 0.770265 0.696307
vt 0.770265 0.687908
vt 0.770665 0.688235
vt 0.770265 0.688235
vt 0.770265 0.691749
vt 0.770665 0.692068
vt 0.785335 0.697180
vt 0.770265 0.685607
vt 0.770665 0.687908
vt 0.770665 0.691749
vt 0.897852 0.667258
vt 0.899395 0.665371
vt 0.899616 0.665607
vt 0.910860 0.700277
vt 0.911165 0.697691
vt 0.911165 0.700277
vt 0.846887 0.705872
vt 0.846581 0.708290
vt 0.846581 0.705872
vt 0.899590 0.665188
vt 0.897900 0.663769
vt 0.898076 0.663566
vt 0.909346 0.710067
vt 0.909040 0.712484
vt 0.909040 0.710067
vt 0.955086 0.711226
vt 0.955392 0.708809
vt 0.955392 0.711226
vt 0.902046 0.668212
vt 0.899811 0.665425
vt 0.902242 0.668029
vt 0.827965 0.707421
vt 0.828270 0.705003
vt 0.828270 0.707421
vt 0.902273 0.668454
vt 0.902468 0.668272
vt 0.900509 0.670105
vt 0.839027 0.592915
vt 0.838722 0.596480
vt 0.838722 0.592915
vt 0.454475 0.730246
vt 0.456889 0.727912
vt 0.456889 0.730499
vt 0.484151 0.601372
vt 0.486089 0.598955
vt 0.486341 0.601372
vt 0.481702 0.558865
vt 0.479288 0.562430
vt 0.479288 0.558865
vt 0.833684 0.712690
vt 0.833990 0.712690
vt 0.904037 0.670344
vt 0.904251 0.670182
vt 0.899786 0.665006
vt 0.901770 0.663591
vt 0.900006 0.665242
vt 0.846828 0.705414
vt 0.846522 0.702828
vt 0.846828 0.702828
vt 0.932969 0.711245
vt 0.932664 0.708828
vt 0.932969 0.708828
vt 0.898291 0.663404
vt 0.861847 0.708716
vt 0.861542 0.706299
vt 0.861847 0.706299
vt 0.858418 0.709084
vt 0.858724 0.711501
vt 0.858418 0.711501
vt 0.902437 0.667846
vt 0.907353 0.706342
vt 0.907659 0.708759
vt 0.907353 0.708759
vt 0.902664 0.668089
vt 0.904428 0.666438
vt 0.818888 0.699289
vt 0.484280 0.685082
vt 0.486694 0.687416
vt 0.484280 0.687669
vt 0.315284 0.728058
vt 0.317222 0.730475
vt 0.315284 0.730475
vt 0.481483 0.616323
vt 0.479069 0.612758
vt 0.481483 0.612758
vt 0.972279 0.710891
vt 0.972584 0.713084
vt 0.972279 0.713084
vt 0.904428 0.669978
vt 0.478382 0.866057
vt 0.481308 0.868987
vt 0.478382 0.868987
vt 0.464391 0.866057
vt 0.467317 0.860930
vt 0.467317 0.866057
vt 0.481519 0.911869
vt 0.478593 0.914798
vt 0.478593 0.911869
vt 0.276843 0.958009
vt 0.279769 0.958009
vt 0.306500 0.947482
vt 0.395835 0.953689
vt 0.477782 0.931647
vt 0.480708 0.934576
vt 0.279769 0.974327
vt 0.282695 0.971398
vt 0.282695 0.974327
vt 0.474600 0.880486
vt 0.477526 0.876084
vt 0.477526 0.880486
vt 0.467317 0.881070
vt 0.470242 0.885472
vt 0.387818 0.969919
vt 0.384892 0.965517
vt 0.387818 0.965517
vt 0.480708 0.952154
vt 0.477782 0.952154
vt 0.306133 0.957736
vt 0.352831 0.945333
vt 0.374297 0.955544
vt 0.374297 0.950417
vt 0.371371 0.973433
vt 0.368446 0.970503
vt 0.371371 0.970503
vt 0.377223 0.955544
vt 0.481245 0.835521
vt 0.290073 0.951747
vt 0.287147 0.946620
vt 0.290073 0.946620
vt 0.406501 0.943483
vt 0.409427 0.948610
vt 0.295103 0.954853
vt 0.292177 0.959981
vt 0.292177 0.954854
vt 0.479348 0.813724
vt 0.482274 0.810795
vt 0.482274 0.813724
vt 0.276610 0.974327
vt 0.279535 0.971398
vt 0.279535 0.974327
vt 0.342988 0.951683
vt 0.345914 0.956810
vt 0.342988 0.956810
vt 0.429796 0.957775
vt 0.426870 0.952648
vt 0.429796 0.952648
vt 0.309792 0.974020
vt 0.309792 0.971090
vt 0.464391 0.860930
vt 0.477782 0.955083
vt 0.480708 0.955083
vt 0.313734 0.960160
vt 0.316660 0.955033
vt 0.316660 0.960160
vt 0.325138 0.943064
vt 0.346209 0.945032
vt 0.349135 0.950159
vt 0.346209 0.950159
vt 0.392909 0.972092
vt 0.395835 0.975021
vt 0.392909 0.975021
vt 0.339996 0.974792
vt 0.342922 0.971862
vt 0.342922 0.974792
vt 0.481249 0.803550
vt 0.478323 0.806480
vt 0.478323 0.803550
vt 0.480916 0.769180
vt 0.477991 0.766250
vt 0.480916 0.766250
vt 0.345914 0.971185
vt 0.342988 0.966783
vt 0.345914 0.966783
vt 0.358824 0.970679
vt 0.355898 0.966277
vt 0.358824 0.966277
vt 0.313165 0.970363
vt 0.310239 0.965961
vt 0.313165 0.965961
vt 0.328873 0.943139
vt 0.331799 0.948266
vt 0.478593 0.908939
vt 0.349135 0.955286
vt 0.346209 0.955286
vt 0.477974 0.773250
vt 0.480899 0.770320
vt 0.480899 0.773250
vt 0.467086 0.810795
vt 0.464160 0.815922
vt 0.464160 0.810795
vt 0.432722 0.947521
vt 0.432722 0.952648
vt 0.303574 0.947482
vt 0.303574 0.952609
vt 0.349135 0.955286
vt 0.346209 0.960413
vt 0.290073 0.974178
vt 0.287147 0.974178
vt 0.317766 0.974498
vt 0.320691 0.971568
vt 0.320691 0.974498
vt 0.477519 0.849226
vt 0.477519 0.844824
vt 0.392909 0.975021
vt 0.389983 0.972092
vt 0.392909 0.972092
vt 0.474600 0.884888
vt 0.477526 0.880486
vt 0.477526 0.884888
vt 0.352546 0.969962
vt 0.349621 0.965560
vt 0.352546 0.965560
vt 0.481308 0.874846
vt 0.481308 0.871917
vt 0.481519 0.917728
vt 0.481519 0.914798
vt 0.481248 0.822618
vt 0.478323 0.819689
vt 0.481248 0.819689
vt 0.340130 0.948540
vt 0.371371 0.950417
vt 0.368446 0.955544
vt 0.368446 0.950417
vt 0.399705 0.953737
vt 0.396779 0.948610
vt 0.399705 0.948610
vt 0.480708 0.969731
vt 0.477782 0.966802
vt 0.296683 0.957706
vt 0.296683 0.952579
vt 0.349135 0.973315
vt 0.346209 0.970386
vt 0.349135 0.970386
vt 0.282695 0.958009
vt 0.276526 0.952741
vt 0.273600 0.947614
vt 0.276526 0.947614
vt 0.389983 0.953689
vt 0.481249 0.800620
vt 0.480708 0.958013
vt 0.429796 0.957775
vt 0.432722 0.957775
vt 0.396779 0.943483
vt 0.399705 0.943483
vt 0.324771 0.948059
vt 0.321845 0.942931
vt 0.324771 0.942931
vt 0.374297 0.945290
vt 0.410372 0.973988
vt 0.413297 0.971059
vt 0.413297 0.973988
vt 0.321845 0.958313
vt 0.324771 0.953186
vt 0.324771 0.958313
vt 0.477991 0.791477
vt 0.480916 0.794406
vt 0.477991 0.794406
vt 0.478319 0.838450
vt 0.478319 0.835521
vt 0.420032 0.974472
vt 0.422957 0.971542
vt 0.422957 0.974472
vt 0.349621 0.950460
vt 0.352546 0.945333
vt 0.352546 0.950460
vt 0.349621 0.955587
vt 0.352546 0.955587
vt 0.321845 0.948059
vt 0.324771 0.953186
vt 0.321845 0.953186
vt 0.477974 0.787450
vt 0.480899 0.790380
vt 0.477974 0.790380
vt 0.276209 0.952741
vt 0.276209 0.957868
vt 0.364682 0.970386
vt 0.361757 0.973315
vt 0.461234 0.815922
vt 0.423019 0.942724
vt 0.276843 0.942628
vt 0.345914 0.946556
vt 0.345914 0.951683
vt 0.413783 0.942765
vt 0.416709 0.942765
vt 0.361757 0.960413
vt 0.364682 0.955286
vt 0.364682 0.960413
vt 0.477782 0.960943
vt 0.464387 0.975778
vt 0.461461 0.972849
vt 0.464387 0.972849
vt 0.041399 0.178992
vt 0.044691 0.183951
vt 0.041399 0.183951
vt 0.041399 0.209663
vt 0.044691 0.213044
vt 0.041399 0.213044
vt 0.044691 0.178992
vt 0.047983 0.183951
vt 0.044691 0.183951
vt 0.170890 0.209702
vt 0.174183 0.213084
vt 0.170890 0.213084
vt 0.137684 0.185389
vt 0.134392 0.179432
vt 0.137684 0.179432
vt 0.079082 0.178911
vt 0.078773 0.179410
vt 0.075396 0.179410
vt 0.308416 0.729931
vt 0.307575 0.731029
vt 0.307576 0.729931
vt 0.488264 0.572835
vt 0.487424 0.573931
vt 0.487424 0.572835
vt 0.488264 0.573931
vt 0.487424 0.575026
vt 0.394331 0.729130
vt 0.393490 0.730228
vt 0.393491 0.729130
vt 0.394330 0.730228
vt 0.393491 0.731322
vt 0.487468 0.630244
vt 0.488308 0.629148
vt 0.488308 0.630244
vt 0.482258 0.692556
vt 0.482258 0.691370
vt 0.483096 0.690531
vt 0.487468 0.629148
vt 0.488308 0.628053
vt 0.308415 0.728838
vt 0.307575 0.728838
vt 0.482258 0.694233
vt 0.484280 0.693394
vt 0.485117 0.695419
vt 0.044691 0.178493
vt 0.044691 0.178992
vt 0.041399 0.184450
vt 0.058883 0.173471
vt 0.059191 0.172972
vt 0.062569 0.172972
vt 0.041093 0.213014
vt 0.037801 0.209632
vt 0.041093 0.209633
vt 0.205644 0.061258
vt 0.202351 0.057876
vt 0.205644 0.057876
vt 0.078688 0.185367
vt 0.075396 0.185367
vt 0.079082 0.173952
vt 0.079390 0.173453
vt 0.082768 0.173453
vt 0.344252 0.729995
vt 0.343412 0.731092
vt 0.343412 0.729995
vt 0.271054 0.731795
vt 0.271894 0.730700
vt 0.271894 0.731795
vt 0.271054 0.730700
vt 0.271894 0.729604
vt 0.337694 0.731412
vt 0.338535 0.730315
vt 0.338534 0.731412
vt 0.337695 0.730315
vt 0.338534 0.729221
vt 0.464877 0.732079
vt 0.465717 0.730983
vt 0.465718 0.732079
vt 0.357448 0.727602
vt 0.357448 0.726416
vt 0.358286 0.725578
vt 0.464877 0.730983
vt 0.465718 0.729887
vt 0.344252 0.728901
vt 0.343412 0.728901
vt 0.485117 0.697096
vt 0.484280 0.699120
vt 0.482258 0.698282
vt 0.047983 0.178493
vt 0.047983 0.178992
vt 0.044691 0.184450
vt 0.048859 0.177995
vt 0.048550 0.178493
vt 0.045173 0.178493
vt 0.343730 0.900729
vt 0.340475 0.866222
vt 0.344322 0.900663
vt 0.446251 0.836355
vt 0.447849 0.801730
vt 0.446939 0.836373
vt 0.339152 0.864987
vt 0.334278 0.899302
vt 0.338561 0.864913
vt 0.335460 0.899450
vt 0.334869 0.899376
vt 0.448569 0.802186
vt 0.448810 0.836848
vt 0.447881 0.802204
vt 0.341067 0.866156
vt 0.344914 0.900597
vt 0.339316 0.863668
vt 0.339743 0.865060
vt 0.446695 0.837499
vt 0.448324 0.801061
vt 0.343812 0.901460
vt 0.344996 0.901328
vt 0.436463 0.839707
vt 0.436804 0.839112
vt 0.436803 0.839708
vt 0.449495 0.800540
vt 0.448898 0.801441
vt 0.431417 0.840022
vt 0.432012 0.838839
vt 0.432012 0.840304
vt 0.432608 0.840022
vt 0.432608 0.838838
vt 0.447268 0.837118
vt 0.447866 0.838019
vt 0.436804 0.840305
vt 0.436182 0.840304
vt 0.340093 0.865086
vt 0.340631 0.865343
vt 0.447194 0.800540
vt 0.447881 0.800558
vt 0.334474 0.900507
vt 0.335015 0.900257
vt 0.335555 0.900007
vt 0.449511 0.837370
vt 0.448824 0.837389
vt 0.341169 0.865600
vt 0.338644 0.900707
vt 0.339883 0.901471
vt 0.338567 0.901299
vt 0.380869 0.965824
vt 0.380450 0.964751
vt 0.381076 0.965036
vt 0.482189 0.889563
vt 0.481724 0.890616
vt 0.481519 0.889407
vt 0.344196 0.864346
vt 0.344856 0.863668
vt 0.344730 0.864283
vt 0.338490 0.901890
vt 0.339610 0.902036
vt 0.344996 0.864853
vt 0.344266 0.864939
vt 0.345359 0.901359
vt 0.345017 0.900765
vt 0.345640 0.900764
vt 0.482362 0.890359
vt 0.482766 0.891361
vt 0.327512 0.919739
vt 0.328106 0.920922
vt 0.327512 0.921206
vt 0.326915 0.920925
vt 0.381525 0.964053
vt 0.437972 0.885038
vt 0.437972 0.884368
vt 0.438512 0.884093
vt 0.345017 0.901958
vt 0.345640 0.901956
vt 0.341606 0.864703
vt 0.341676 0.865295
vt 0.482234 0.886333
vt 0.482782 0.887015
vt 0.482113 0.886858
vt 0.335982 0.900909
vt 0.336059 0.900318
vt 0.335905 0.901500
vt 0.381636 0.969915
vt 0.380673 0.968522
vt 0.381349 0.968396
vt 0.341537 0.864111
vt 0.344127 0.863754
vt 0.380193 0.965950
vt 0.296088 0.935781
vt 0.295492 0.931318
vt 0.296088 0.931318
vt 0.327712 0.927544
vt 0.327024 0.923081
vt 0.327712 0.923081
vt 0.345017 0.894972
vt 0.345613 0.899435
vt 0.345017 0.899435
vt 0.346209 0.894972
vt 0.346209 0.899435
vt 0.452014 0.815397
vt 0.452702 0.819860
vt 0.452014 0.819860
vt 0.296683 0.935781
vt 0.296683 0.931318
vt 0.345613 0.900764
vt 0.327498 0.921950
vt 0.328061 0.922346
vt 0.452487 0.820991
vt 0.295492 0.930582
vt 0.296088 0.930780
vt 0.345018 0.900566
vt 0.296683 0.930582
vt 0.313943 0.933151
vt 0.313601 0.932554
vt 0.314224 0.932554
vt 0.453050 0.820596
vt 0.453672 0.821480
vt 0.433204 0.838839
vt 0.433800 0.840022
vt 0.433204 0.840305
vt 0.432608 0.840022
vt 0.328682 0.921461
vt 0.313601 0.933747
vt 0.314224 0.933747
vt 0.295492 0.949017
vt 0.296088 0.949017
vt 0.327024 0.940781
vt 0.327712 0.940781
vt 0.345613 0.881735
vt 0.345017 0.881735
vt 0.346209 0.881735
vt 0.345613 0.894972
vt 0.452702 0.802160
vt 0.452014 0.802160
vt 0.296683 0.949017
vt 0.345613 0.880406
vt 0.327498 0.941912
vt 0.452487 0.801029
vt 0.295492 0.949753
vt 0.296683 0.949753
vt 0.441295 0.839399
vt 0.441637 0.838803
vt 0.441635 0.839399
vt 0.453672 0.800540
vt 0.453050 0.801425
vt 0.430226 0.840022
vt 0.430821 0.838839
vt 0.430821 0.840305
vt 0.431417 0.840022
vt 0.431417 0.838838
vt 0.328061 0.941516
vt 0.328682 0.942401
vt 0.441637 0.839996
vt 0.441014 0.839995
vt 0.455925 0.820904
vt 0.455329 0.825366
vt 0.455329 0.820904
vt 0.316362 0.919009
vt 0.315675 0.914546
vt 0.316362 0.914546
vt 0.345017 0.874615
vt 0.345613 0.879078
vt 0.345017 0.879078
vt 0.346209 0.874615
vt 0.346209 0.879078
vt 0.455329 0.806623
vt 0.454641 0.802160
vt 0.455329 0.802160
vt 0.456520 0.825366
vt 0.456520 0.820904
vt 0.316148 0.913415
vt 0.316711 0.913810
vt 0.454856 0.801029
vt 0.455329 0.820168
vt 0.455925 0.820366
vt 0.345018 0.880209
vt 0.456521 0.820168
vt 0.315127 0.933150
vt 0.315468 0.933747
vt 0.314846 0.933747
vt 0.454293 0.801425
vt 0.434396 0.840303
vt 0.433800 0.839120
vt 0.434396 0.838838
vt 0.434991 0.839121
vt 0.317332 0.912926
vt 0.315468 0.932554
vt 0.314846 0.932554
vt 0.455329 0.838603
vt 0.455925 0.825366
vt 0.455925 0.838603
vt 0.315675 0.932245
vt 0.316363 0.932245
vt 0.345613 0.861378
vt 0.345017 0.861378
vt 0.346209 0.861378
vt 0.345613 0.874615
vt 0.454641 0.819860
vt 0.455329 0.819860
vt 0.456520 0.838603
vt 0.345613 0.860049
vt 0.316148 0.933377
vt 0.454856 0.820991
vt 0.455329 0.839339
vt 0.456521 0.839339
vt 0.441917 0.839399
vt 0.442259 0.838803
vt 0.442258 0.839399
vt 0.454293 0.820596
vt 0.427843 0.840022
vt 0.428439 0.838839
vt 0.428439 0.840305
vt 0.429035 0.840022
vt 0.429035 0.838839
vt 0.316711 0.932981
vt 0.317332 0.933866
vt 0.442259 0.839996
vt 0.441637 0.839995
vt 0.062963 0.179427
vt 0.066255 0.184387
vt 0.062963 0.184387
vt 0.051275 0.213044
vt 0.047983 0.209663
vt 0.051275 0.209663
vt 0.062175 0.184387
vt 0.058883 0.179427
vt 0.062175 0.179427
vt 0.218855 0.052233
vt 0.215563 0.048851
vt 0.218855 0.048851
vt 0.079082 0.179410
vt 0.082374 0.185367
vt 0.079082 0.185367
vt 0.062569 0.173470
vt 0.062877 0.172972
vt 0.066255 0.172972
vt 0.461889 0.590180
vt 0.462730 0.589082
vt 0.462729 0.590180
vt 0.488265 0.589186
vt 0.487425 0.590282
vt 0.487425 0.589186
vt 0.488265 0.590282
vt 0.487425 0.591378
vt 0.291498 0.728996
vt 0.290657 0.730093
vt 0.290658 0.728996
vt 0.291498 0.730093
vt 0.290658 0.731187
vt 0.436558 0.732139
vt 0.437398 0.731043
vt 0.437398 0.732139
vt 0.485117 0.689693
vt 0.484280 0.690531
vt 0.483096 0.690531
vt 0.436558 0.731043
vt 0.437398 0.729948
vt 0.461890 0.591274
vt 0.462730 0.591274
vt 0.483096 0.701983
vt 0.482258 0.699959
vt 0.484280 0.699120
vt 0.066255 0.178929
vt 0.066255 0.179427
vt 0.062963 0.184886
vt 0.041487 0.173035
vt 0.041795 0.172536
vt 0.045173 0.172536
vt 0.047983 0.213044
vt 0.044691 0.209663
vt 0.151489 0.209631
vt 0.154781 0.213013
vt 0.151489 0.213013
vt 0.131100 0.179432
vt 0.134392 0.185389
vt 0.131100 0.185389
vt 0.182233 0.121172
vt 0.182542 0.120673
vt 0.185919 0.120673
vt 0.292886 0.720828
vt 0.293727 0.719730
vt 0.293726 0.720828
vt 0.332289 0.731888
vt 0.333129 0.730792
vt 0.333129 0.731888
vt 0.332289 0.730792
vt 0.333129 0.729696
vt 0.407971 0.729307
vt 0.407130 0.730404
vt 0.407131 0.729307
vt 0.407970 0.730404
vt 0.407131 0.731498
vt 0.481956 0.732009
vt 0.482796 0.730913
vt 0.482796 0.732009
vt 0.369996 0.727426
vt 0.369996 0.726240
vt 0.370833 0.725401
vt 0.481956 0.730913
vt 0.482796 0.729817
vt 0.292887 0.721922
vt 0.293727 0.721922
vt 0.485117 0.702822
vt 0.484280 0.704846
vt 0.482258 0.704008
vt 0.058883 0.184886
vt 0.058883 0.184387
vt 0.062175 0.178929
vt 0.037801 0.173035
vt 0.038109 0.172536
vt 0.041487 0.172536
vt 0.429190 0.944788
vt 0.429786 0.949250
vt 0.429190 0.949250
vt 0.293147 0.938517
vt 0.293834 0.942979
vt 0.293147 0.942979
vt 0.427403 0.945381
vt 0.427999 0.949843
vt 0.427403 0.949843
vt 0.428594 0.945381
vt 0.428594 0.949843
vt 0.295492 0.936665
vt 0.294804 0.932202
vt 0.295492 0.932202
vt 0.428595 0.944788
vt 0.428595 0.949250
vt 0.427999 0.951172
vt 0.293361 0.944110
vt 0.292798 0.943715
vt 0.295019 0.931071
vt 0.429786 0.949986
vt 0.429190 0.949788
vt 0.427403 0.950974
vt 0.428594 0.949986
vt 0.314504 0.933150
vt 0.314846 0.933747
vt 0.314224 0.933747
vt 0.294455 0.931467
vt 0.293834 0.930582
vt 0.435587 0.840303
vt 0.434991 0.839120
vt 0.435587 0.838838
vt 0.436182 0.839121
vt 0.314846 0.932554
vt 0.314224 0.932554
vt 0.429786 0.938474
vt 0.429190 0.938474
vt 0.293834 0.932202
vt 0.293147 0.932202
vt 0.427999 0.939067
vt 0.427403 0.939067
vt 0.428594 0.939067
vt 0.427999 0.945381
vt 0.294804 0.942979
vt 0.295492 0.942979
vt 0.428595 0.938474
vt 0.427999 0.937738
vt 0.293361 0.931071
vt 0.295019 0.944110
vt 0.429786 0.937738
vt 0.428594 0.937738
vt 0.440734 0.839399
vt 0.440392 0.839995
vt 0.440393 0.839399
vt 0.293834 0.944599
vt 0.294455 0.943715
vt 0.429035 0.840022
vt 0.429630 0.838839
vt 0.429630 0.840305
vt 0.430226 0.840022
vt 0.430226 0.838838
vt 0.292798 0.931467
vt 0.292177 0.930582
vt 0.440392 0.838803
vt 0.441014 0.838803
vt 0.398280 0.709144
vt 0.397385 0.711104
vt 0.397385 0.709144
vt 0.339097 0.699918
vt 0.338755 0.698786
vt 0.339096 0.698786
vt 0.281618 0.699682
vt 0.281319 0.698413
vt 0.281617 0.698413
vt 0.317728 0.686138
vt 0.316709 0.686154
vt 0.316664 0.685834
vt 0.429394 0.552509
vt 0.432010 0.560197
vt 0.429394 0.560197
vt 0.398280 0.704564
vt 0.397385 0.707184
vt 0.397385 0.704564
vt 0.352935 0.695781
vt 0.353987 0.696777
vt 0.353150 0.697302
vt 0.432010 0.571658
vt 0.433968 0.569495
vt 0.433968 0.571658
vt 0.432010 0.552509
vt 0.433968 0.560197
vt 0.461889 0.583108
vt 0.460993 0.584379
vt 0.460993 0.583108
vt 0.315284 0.689053
vt 0.315796 0.690126
vt 0.315641 0.690286
vt 0.318502 0.702187
vt 0.318844 0.703090
vt 0.318502 0.703090
vt 0.438543 0.565230
vt 0.435785 0.566502
vt 0.435605 0.565230
vt 0.351489 0.695986
vt 0.352776 0.694658
vt 0.438543 0.567773
vt 0.438543 0.566502
vt 0.318845 0.699013
vt 0.318503 0.697879
vt 0.318844 0.697879
vt 0.354063 0.693330
vt 0.354381 0.694430
vt 0.315726 0.686422
vt 0.315873 0.686678
vt 0.397385 0.698023
vt 0.398280 0.699984
vt 0.397385 0.699984
vt 0.352201 0.697031
vt 0.398280 0.707184
vt 0.397385 0.701944
vt 0.480837 0.610701
vt 0.481134 0.611714
vt 0.480837 0.611714
vt 0.481134 0.612726
vt 0.480837 0.612726
vt 0.352617 0.693535
vt 0.353351 0.692285
vt 0.318883 0.688542
vt 0.318371 0.687469
vt 0.318526 0.687309
vt 0.318688 0.689715
vt 0.318688 0.688570
vt 0.316439 0.691457
vt 0.317458 0.691441
vt 0.317503 0.691761
vt 0.432331 0.565230
vt 0.429394 0.563959
vt 0.432957 0.563959
vt 0.460098 0.557665
vt 0.460993 0.558936
vt 0.460098 0.558936
vt 0.318502 0.696747
vt 0.318844 0.696747
vt 0.339096 0.696517
vt 0.338755 0.695381
vt 0.339097 0.695381
vt 0.458412 0.576738
vt 0.458754 0.577641
vt 0.458413 0.577641
vt 0.318509 0.709719
vt 0.318211 0.708447
vt 0.318509 0.708447
vt 0.435926 0.560197
vt 0.433968 0.563509
vt 0.460098 0.563969
vt 0.460993 0.571657
vt 0.460098 0.571657
vt 0.460098 0.560207
vt 0.460993 0.563969
vt 0.460098 0.552509
vt 0.460993 0.555122
vt 0.460098 0.555122
vt 0.397385 0.695403
vt 0.398280 0.698023
vt 0.438543 0.563959
vt 0.438543 0.560197
vt 0.460993 0.556393
vt 0.460098 0.556393
vt 0.435926 0.571658
vt 0.438543 0.569044
vt 0.438543 0.571658
vt 0.435926 0.552509
vt 0.339096 0.697652
vt 0.338755 0.696517
vt 0.318509 0.707176
vt 0.318210 0.705908
vt 0.318508 0.705908
vt 0.398280 0.701944
vt 0.318211 0.707176
vt 0.398280 0.711104
vt 0.397385 0.713724
vt 0.318441 0.691173
vt 0.318294 0.690917
vt 0.432331 0.567773
vt 0.429394 0.569044
vt 0.429394 0.567773
vt 0.460993 0.557665
vt 0.338754 0.697652
vt 0.461889 0.584379
vt 0.460993 0.585650
vt 0.354381 0.695576
vt 0.461889 0.585650
vt 0.460993 0.586922
vt 0.351171 0.693740
vt 0.351171 0.694886
vt 0.317659 0.686425
vt 0.318508 0.710993
vt 0.318211 0.709719
vt 0.429394 0.571658
vt 0.315478 0.687880
vt 0.315478 0.689025
vt 0.281319 0.697142
vt 0.281617 0.697142
vt 0.433968 0.552509
vt 0.318502 0.701284
vt 0.318844 0.702187
vt 0.432151 0.566502
vt 0.429394 0.565230
vt 0.318844 0.701284
vt 0.318503 0.700147
vt 0.318844 0.700147
vt 0.429394 0.566502
vt 0.351565 0.692539
vt 0.318883 0.689826
vt 0.316508 0.691170
vt 0.315284 0.687769
vt 0.434979 0.563959
vt 0.460993 0.560207
vt 0.458413 0.575835
vt 0.458754 0.576738
vt 0.281319 0.695870
vt 0.281617 0.695870
vt 0.475489 0.529055
vt 0.475787 0.530067
vt 0.475489 0.530067
vt 0.281320 0.694597
vt 0.281618 0.694597
vt 0.475489 0.528043
vt 0.475787 0.529055
vt 0.318503 0.699013
vt 0.461889 0.571657
vt 0.460993 0.579346
vt 0.461889 0.579346
vt 0.461889 0.588193
vt 0.460993 0.590806
vt 0.460993 0.588193
vt 0.435605 0.567773
vt 0.461889 0.586922
vt 0.330087 0.715362
vt 0.330371 0.712742
vt 0.330371 0.715362
vt 0.330087 0.717322
vt 0.330371 0.717322
vt 0.330087 0.721902
vt 0.330371 0.719282
vt 0.330371 0.721902
vt 0.330087 0.719282
vt 0.301159 0.709800
vt 0.301443 0.712420
vt 0.301159 0.712420
vt 0.301443 0.714380
vt 0.301159 0.714380
vt 0.301159 0.716340
vt 0.301443 0.718960
vt 0.301159 0.718960
vt 0.301443 0.716340
vt 0.330131 0.669661
vt 0.330423 0.672281
vt 0.330131 0.672281
vt 0.293530 0.707829
vt 0.293238 0.705209
vt 0.293530 0.705209
vt 0.293530 0.711749
vt 0.293238 0.709789
vt 0.293530 0.709789
vt 0.330131 0.663120
vt 0.330423 0.665740
vt 0.330131 0.665740
vt 0.330131 0.667701
vt 0.330423 0.669661
vt 0.443928 0.592359
vt 0.444212 0.592067
vt 0.444212 0.592359
vt 0.293238 0.707829
vt 0.330423 0.667701
vt 0.293530 0.714369
vt 0.293238 0.711749
vt 0.442226 0.592067
vt 0.441942 0.592359
vt 0.441942 0.592067
vt 0.315036 0.717873
vt 0.314752 0.720493
vt 0.314752 0.717873
vt 0.315036 0.715913
vt 0.314752 0.715913
vt 0.315036 0.711332
vt 0.314752 0.713952
vt 0.314752 0.711332
vt 0.315036 0.713952
vt 0.347472 0.707685
vt 0.347756 0.710305
vt 0.347472 0.710305
vt 0.347756 0.712266
vt 0.347472 0.712266
vt 0.347472 0.714226
vt 0.347756 0.716846
vt 0.347472 0.716846
vt 0.347756 0.714226
vt 0.330131 0.660500
vt 0.330423 0.663120
vt 0.339514 0.692044
vt 0.339223 0.689424
vt 0.339514 0.689424
vt 0.339514 0.695965
vt 0.339223 0.694005
vt 0.339514 0.694005
vt 0.330131 0.653960
vt 0.330423 0.656580
vt 0.330131 0.656580
vt 0.330131 0.658540
vt 0.330423 0.660500
vt 0.443928 0.592067
vt 0.443645 0.592359
vt 0.443645 0.592067
vt 0.339223 0.692044
vt 0.330423 0.658540
vt 0.339514 0.698585
vt 0.339223 0.695965
vt 0.444496 0.592067
vt 0.440391 0.630332
vt 0.442211 0.630688
vt 0.440253 0.630688
vt 0.437958 0.630332
vt 0.437637 0.630688
vt 0.437637 0.624261
vt 0.437958 0.625368
vt 0.437637 0.625532
vt 0.446785 0.628074
vt 0.446464 0.630332
vt 0.446464 0.627816
vt 0.437637 0.628075
vt 0.437958 0.626592
vt 0.437637 0.626803
vt 0.446785 0.622989
vt 0.446464 0.624144
vt 0.446464 0.622920
vt 0.437637 0.622989
vt 0.437958 0.624144
vt 0.437958 0.627816
vt 0.446464 0.619297
vt 0.446785 0.619227
vt 0.437958 0.619297
vt 0.437637 0.619227
vt 0.444169 0.611539
vt 0.446464 0.611895
vt 0.444031 0.611895
vt 0.442211 0.611539
vt 0.442211 0.611895
vt 0.444031 0.630332
vt 0.444169 0.630688
vt 0.440391 0.611895
vt 0.440253 0.611539
vt 0.446785 0.624261
vt 0.446464 0.625368
vt 0.446785 0.630688
vt 0.437958 0.611895
vt 0.437637 0.611539
vt 0.446785 0.625532
vt 0.446464 0.626592
vt 0.446785 0.611539
vt 0.446785 0.626803
vt 0.442211 0.611539
vt 0.444031 0.611184
vt 0.444169 0.611539
vt 0.446464 0.611184
vt 0.446785 0.605112
vt 0.446464 0.606219
vt 0.446464 0.604995
vt 0.437637 0.608926
vt 0.437958 0.611184
vt 0.437637 0.611539
vt 0.446785 0.608926
vt 0.446464 0.608667
vt 0.446785 0.606383
vt 0.446464 0.607443
vt 0.437637 0.603841
vt 0.437958 0.604995
vt 0.437637 0.605112
vt 0.446785 0.603841
vt 0.446464 0.603771
vt 0.446785 0.607655
vt 0.437958 0.600149
vt 0.437637 0.600079
vt 0.446464 0.600149
vt 0.446785 0.600079
vt 0.440253 0.592390
vt 0.437958 0.592746
vt 0.437637 0.592390
vt 0.442211 0.592390
vt 0.440391 0.592746
vt 0.440391 0.611184
vt 0.442211 0.611184
vt 0.444031 0.592746
vt 0.444169 0.592390
vt 0.437958 0.606219
vt 0.437637 0.606383
vt 0.440253 0.611539
vt 0.446464 0.592746
vt 0.446785 0.592390
vt 0.437958 0.607443
vt 0.437637 0.607655
vt 0.437958 0.608667
vt 0.318883 0.672593
vt 0.319312 0.671322
vt 0.319312 0.672593
vt 0.314722 0.700444
vt 0.315152 0.699219
vt 0.315152 0.700444
vt 0.319312 0.703192
vt 0.318883 0.700578
vt 0.319312 0.700578
vt 0.318883 0.676355
vt 0.319312 0.676355
vt 0.456522 0.579637
vt 0.456093 0.578413
vt 0.456522 0.578413
vt 0.319312 0.696765
vt 0.318883 0.695493
vt 0.319312 0.695493
vt 0.344658 0.688048
vt 0.345087 0.686088
vt 0.345087 0.688048
vt 0.456093 0.577189
vt 0.456522 0.577189
vt 0.318883 0.691731
vt 0.319312 0.691731
vt 0.318883 0.671322
vt 0.319312 0.670050
vt 0.456093 0.575965
vt 0.456522 0.575965
vt 0.293668 0.694216
vt 0.293238 0.692256
vt 0.293668 0.692256
vt 0.318883 0.670050
vt 0.319312 0.668779
vt 0.418689 0.694734
vt 0.418259 0.697170
vt 0.418259 0.694734
vt 0.428467 0.700774
vt 0.428897 0.703210
vt 0.428467 0.703210
vt 0.318883 0.668779
vt 0.319312 0.667508
vt 0.418689 0.698992
vt 0.418259 0.700815
vt 0.418259 0.698992
vt 0.314722 0.691925
vt 0.315152 0.684522
vt 0.315152 0.691925
vt 0.319312 0.698036
vt 0.318883 0.696765
vt 0.418689 0.700815
vt 0.418259 0.703251
vt 0.428467 0.697129
vt 0.428897 0.698951
vt 0.428467 0.698951
vt 0.319312 0.699307
vt 0.318883 0.698036
vt 0.456522 0.591886
vt 0.456093 0.584483
vt 0.456522 0.584483
vt 0.314722 0.702960
vt 0.315152 0.702960
vt 0.318883 0.699307
vt 0.428467 0.694693
vt 0.428897 0.697129
vt 0.314722 0.696771
vt 0.315152 0.695547
vt 0.315152 0.696771
vt 0.344658 0.686088
vt 0.345087 0.683468
vt 0.456093 0.573449
vt 0.456522 0.573449
vt 0.293668 0.696836
vt 0.293238 0.694216
vt 0.314722 0.695547
vt 0.344658 0.690008
vt 0.345087 0.690008
vt 0.456522 0.580861
vt 0.456093 0.579637
vt 0.318883 0.684043
vt 0.319312 0.684043
vt 0.418689 0.697170
vt 0.344658 0.692628
vt 0.345087 0.692628
vt 0.456093 0.580861
vt 0.293238 0.690296
vt 0.293668 0.690296
vt 0.314722 0.697995
vt 0.315152 0.697995
vt 0.428897 0.700774
vt 0.318883 0.667508
vt 0.319312 0.664895
vt 0.314722 0.699219
vt 0.293238 0.687676
vt 0.293668 0.687676
vt 0.428391 0.713561
vt 0.427496 0.715521
vt 0.427496 0.713561
vt 0.343200 0.693961
vt 0.342858 0.692829
vt 0.343200 0.692829
vt 0.274852 0.699583
vt 0.275150 0.700852
vt 0.274853 0.700852
vt 0.289139 0.693014
vt 0.290122 0.693283
vt 0.290077 0.693602
vt 0.429394 0.579346
vt 0.432010 0.571658
vt 0.432010 0.579346
vt 0.428391 0.708980
vt 0.427496 0.711600
vt 0.427496 0.708980
vt 0.356145 0.693535
vt 0.355411 0.692285
vt 0.356360 0.692014
vt 0.432010 0.590806
vt 0.433968 0.588643
vt 0.433968 0.590806
vt 0.433968 0.579346
vt 0.462784 0.563959
vt 0.461889 0.565230
vt 0.461889 0.563959
vt 0.292295 0.690894
vt 0.292101 0.689721
vt 0.292295 0.689610
vt 0.459096 0.576738
vt 0.458754 0.575835
vt 0.459096 0.575835
vt 0.438543 0.584379
vt 0.435785 0.585650
vt 0.435605 0.584379
vt 0.357591 0.693740
vt 0.355986 0.694658
vt 0.438543 0.586922
vt 0.438543 0.585650
vt 0.304781 0.701722
vt 0.305123 0.702855
vt 0.304782 0.702855
vt 0.291141 0.693298
vt 0.291071 0.693012
vt 0.411026 0.702446
vt 0.411922 0.704406
vt 0.411026 0.704406
vt 0.357197 0.692539
vt 0.428391 0.711600
vt 0.411026 0.706367
vt 0.411922 0.708987
vt 0.411026 0.708987
vt 0.481196 0.567717
vt 0.480898 0.566705
vt 0.481196 0.566705
vt 0.480898 0.565693
vt 0.481196 0.565693
vt 0.355827 0.695781
vt 0.354775 0.696777
vt 0.288697 0.690384
vt 0.288891 0.691557
vt 0.288697 0.691668
vt 0.289209 0.689311
vt 0.288891 0.690411
vt 0.291854 0.688264
vt 0.290870 0.687995
vt 0.290916 0.687676
vt 0.432331 0.584379
vt 0.429394 0.583108
vt 0.432957 0.583108
vt 0.460098 0.584379
vt 0.305124 0.703987
vt 0.304782 0.703987
vt 0.343200 0.690561
vt 0.342859 0.689424
vt 0.343200 0.689424
vt 0.458071 0.576738
vt 0.458412 0.577641
vt 0.458071 0.577641
vt 0.278076 0.700857
vt 0.278374 0.702129
vt 0.278076 0.702129
vt 0.435926 0.579346
vt 0.433968 0.582658
vt 0.460098 0.579346
vt 0.460993 0.590806
vt 0.460098 0.588193
vt 0.411026 0.699826
vt 0.411922 0.702446
vt 0.438543 0.583108
vt 0.438543 0.579346
vt 0.460098 0.586922
vt 0.435926 0.590806
vt 0.438543 0.588193
vt 0.438543 0.590806
vt 0.343199 0.691695
vt 0.342858 0.690561
vt 0.278076 0.703399
vt 0.278375 0.704668
vt 0.278077 0.704668
vt 0.411922 0.706367
vt 0.278374 0.703399
vt 0.428391 0.715521
vt 0.427496 0.718141
vt 0.289852 0.687979
vt 0.289921 0.688266
vt 0.432331 0.586922
vt 0.429394 0.588193
vt 0.429394 0.586922
vt 0.460098 0.585650
vt 0.342858 0.691695
vt 0.462784 0.565230
vt 0.461889 0.566502
vt 0.354699 0.693330
vt 0.462784 0.566502
vt 0.461889 0.567773
vt 0.357273 0.695986
vt 0.357591 0.694886
vt 0.289285 0.692758
vt 0.278077 0.699583
vt 0.278374 0.700857
vt 0.429394 0.590806
vt 0.291783 0.691967
vt 0.292101 0.690867
vt 0.275150 0.702122
vt 0.274853 0.702122
vt 0.433968 0.571658
vt 0.459096 0.577641
vt 0.458754 0.576738
vt 0.432151 0.585650
vt 0.429394 0.584379
vt 0.304782 0.699451
vt 0.305123 0.700587
vt 0.304782 0.700587
vt 0.429394 0.585650
vt 0.356561 0.697031
vt 0.289054 0.689150
vt 0.291707 0.688520
vt 0.291939 0.692128
vt 0.434979 0.583108
vt 0.460098 0.583108
vt 0.458071 0.575835
vt 0.458412 0.576738
vt 0.275150 0.703394
vt 0.274853 0.703394
vt 0.475787 0.529055
vt 0.476084 0.530067
vt 0.475787 0.530067
vt 0.275149 0.704668
vt 0.274852 0.704668
vt 0.475787 0.528043
vt 0.476084 0.529055
vt 0.305123 0.701722
vt 0.462784 0.552509
vt 0.461889 0.560197
vt 0.461889 0.552509
vt 0.462784 0.560197
vt 0.462784 0.569044
vt 0.461889 0.569044
vt 0.435605 0.586922
vt 0.462784 0.567773
vt 0.301492 0.712420
vt 0.301776 0.709800
vt 0.301776 0.712420
vt 0.301492 0.714380
vt 0.301776 0.714380
vt 0.301492 0.718960
vt 0.301776 0.716340
vt 0.301776 0.718960
vt 0.301492 0.716340
vt 0.386038 0.712499
vt 0.386321 0.715119
vt 0.386038 0.715119
vt 0.386321 0.717079
vt 0.386038 0.717079
vt 0.386038 0.719040
vt 0.386321 0.721660
vt 0.386038 0.721660
vt 0.386321 0.719040
vt 0.326688 0.697520
vt 0.326396 0.694900
vt 0.326688 0.694900
vt 0.318502 0.699367
vt 0.318210 0.696747
vt 0.318502 0.703288
vt 0.318210 0.701327
vt 0.318502 0.701327
vt 0.326688 0.704061
vt 0.326396 0.701441
vt 0.326688 0.701441
vt 0.326688 0.699480
vt 0.326396 0.697520
vt 0.442794 0.592067
vt 0.442510 0.592359
vt 0.442510 0.592067
vt 0.318210 0.699367
vt 0.326396 0.699480
vt 0.318502 0.705908
vt 0.318210 0.703288
vt 0.443077 0.592067
vt 0.442794 0.592359
vt 0.434388 0.710482
vt 0.434672 0.707862
vt 0.434672 0.710482
vt 0.434388 0.712443
vt 0.434672 0.712443
vt 0.434388 0.717023
vt 0.434672 0.714403
vt 0.434672 0.717023
vt 0.434388 0.714403
vt 0.414848 0.707792
vt 0.415131 0.710412
vt 0.414848 0.710412
vt 0.415131 0.712372
vt 0.414848 0.712372
vt 0.414848 0.714332
vt 0.415131 0.716952
vt 0.414848 0.716952
vt 0.415131 0.714332
vt 0.326688 0.706681
vt 0.326396 0.704061
vt 0.386442 0.699879
vt 0.386150 0.697259
vt 0.386442 0.697259
vt 0.386442 0.703799
vt 0.386150 0.701839
vt 0.386442 0.701839
vt 0.326688 0.713221
vt 0.326396 0.710601
vt 0.326688 0.710601
vt 0.326688 0.708641
vt 0.326396 0.706681
vt 0.442226 0.592359
vt 0.386150 0.699879
vt 0.326396 0.708641
vt 0.386442 0.706419
vt 0.386150 0.703799
vt 0.329940 0.671706
vt 0.329656 0.671998
vt 0.329656 0.671706
vt 0.401255 0.710004
vt 0.402151 0.708044
vt 0.402151 0.710004
vt 0.296995 0.701104
vt 0.296653 0.699972
vt 0.296995 0.699972
vt 0.291922 0.703674
vt 0.291623 0.702405
vt 0.291921 0.702405
vt 0.301390 0.689095
vt 0.300407 0.688827
vt 0.300452 0.688508
vt 0.319316 0.661969
vt 0.321933 0.654281
vt 0.321933 0.661969
vt 0.401255 0.714584
vt 0.402151 0.711964
vt 0.402151 0.714584
vt 0.417097 0.693213
vt 0.418149 0.694209
vt 0.417313 0.694734
vt 0.321933 0.673430
vt 0.323890 0.671267
vt 0.323890 0.673430
vt 0.323890 0.661969
vt 0.437618 0.693908
vt 0.436723 0.695179
vt 0.436723 0.693908
vt 0.298234 0.691216
vt 0.298428 0.692389
vt 0.298234 0.692500
vt 0.459096 0.576738
vt 0.459438 0.577641
vt 0.328465 0.667003
vt 0.325707 0.668274
vt 0.325527 0.667003
vt 0.415651 0.693418
vt 0.416938 0.692090
vt 0.328465 0.669545
vt 0.328465 0.668274
vt 0.307707 0.706849
vt 0.308049 0.707982
vt 0.307708 0.707982
vt 0.418226 0.690762
vt 0.418543 0.691862
vt 0.299388 0.688811
vt 0.299457 0.689098
vt 0.427496 0.702440
vt 0.428391 0.704400
vt 0.427496 0.704400
vt 0.416363 0.694463
vt 0.401255 0.711964
vt 0.427496 0.706360
vt 0.476084 0.528043
vt 0.476382 0.529055
vt 0.476085 0.529055
vt 0.476382 0.530067
vt 0.416780 0.690967
vt 0.417514 0.689718
vt 0.301832 0.691726
vt 0.301638 0.690553
vt 0.301832 0.690442
vt 0.301320 0.692799
vt 0.301638 0.691699
vt 0.298675 0.693846
vt 0.299658 0.694115
vt 0.299613 0.694434
vt 0.322253 0.667003
vt 0.319316 0.665731
vt 0.322879 0.665731
vt 0.460993 0.565230
vt 0.308050 0.709114
vt 0.307708 0.709114
vt 0.296995 0.697704
vt 0.296654 0.696568
vt 0.296995 0.696568
vt 0.339173 0.699488
vt 0.339514 0.700391
vt 0.339173 0.700391
vt 0.369298 0.707387
vt 0.369595 0.708659
vt 0.369298 0.708659
vt 0.325848 0.661969
vt 0.323890 0.665281
vt 0.460993 0.552509
vt 0.460993 0.560197
vt 0.460993 0.569044
vt 0.427496 0.699820
vt 0.428391 0.702440
vt 0.328465 0.665731
vt 0.328465 0.661969
vt 0.460993 0.567773
vt 0.325848 0.673430
vt 0.328465 0.670816
vt 0.328465 0.673430
vt 0.325848 0.654281
vt 0.296994 0.698839
vt 0.296653 0.697704
vt 0.369298 0.709930
vt 0.369596 0.711198
vt 0.369299 0.711198
vt 0.428391 0.706360
vt 0.369595 0.709930
vt 0.401255 0.708044
vt 0.402151 0.705424
vt 0.300677 0.694130
vt 0.300608 0.693843
vt 0.322253 0.669545
vt 0.319316 0.670816
vt 0.319316 0.669545
vt 0.460993 0.566502
vt 0.296653 0.698839
vt 0.437618 0.695179
vt 0.436723 0.696450
vt 0.418543 0.693008
vt 0.437618 0.696450
vt 0.436723 0.697722
vt 0.415334 0.691172
vt 0.415334 0.692318
vt 0.301243 0.689352
vt 0.369299 0.706113
vt 0.369595 0.707387
vt 0.319316 0.673430
vt 0.298746 0.690143
vt 0.298428 0.691243
vt 0.291623 0.701134
vt 0.291921 0.701134
vt 0.323890 0.654281
vt 0.459438 0.576738
vt 0.322073 0.668274
vt 0.319316 0.667003
vt 0.307708 0.704578
vt 0.308049 0.705714
vt 0.307708 0.705714
vt 0.319316 0.668274
vt 0.415728 0.689971
vt 0.301475 0.692960
vt 0.298822 0.693590
vt 0.298590 0.689982
vt 0.324901 0.665731
vt 0.460993 0.563959
vt 0.339173 0.698585
vt 0.339514 0.699488
vt 0.291623 0.699862
vt 0.291921 0.699862
vt 0.475191 0.529055
vt 0.475489 0.530067
vt 0.475192 0.530067
vt 0.291624 0.698588
vt 0.291922 0.698588
vt 0.475192 0.528043
vt 0.475489 0.529055
vt 0.308049 0.706849
vt 0.437618 0.682458
vt 0.436723 0.690146
vt 0.436723 0.682458
vt 0.437618 0.690146
vt 0.437618 0.698993
vt 0.436723 0.701606
vt 0.436723 0.698993
vt 0.325527 0.669545
vt 0.437618 0.697722
vt 0.354381 0.703842
vt 0.354097 0.706462
vt 0.354097 0.703842
vt 0.354381 0.701882
vt 0.354097 0.701882
vt 0.354381 0.697302
vt 0.354097 0.699922
vt 0.354097 0.697302
vt 0.354381 0.699922
vt 0.354381 0.721703
vt 0.354097 0.719083
vt 0.354381 0.719083
vt 0.354097 0.717122
vt 0.354381 0.717122
vt 0.354381 0.715162
vt 0.354097 0.712542
vt 0.354381 0.712542
vt 0.354097 0.715162
vt 0.456814 0.585229
vt 0.456522 0.582609
vt 0.456814 0.582609
vt 0.456814 0.576069
vt 0.456814 0.573449
vt 0.456814 0.579989
vt 0.456522 0.578029
vt 0.456814 0.578029
vt 0.456814 0.591770
vt 0.456522 0.589150
vt 0.456814 0.589150
vt 0.456814 0.587189
vt 0.456522 0.585229
vt 0.443361 0.592359
vt 0.456522 0.576069
vt 0.456522 0.587189
vt 0.456522 0.579989
vt 0.330091 0.653960
vt 0.329807 0.654252
vt 0.329807 0.653960
vt 0.389772 0.712059
vt 0.389489 0.714679
vt 0.389489 0.712059
vt 0.389772 0.710098
vt 0.389489 0.710098
vt 0.389772 0.705518
vt 0.389489 0.708138
vt 0.389489 0.705518
vt 0.389772 0.708138
vt 0.350887 0.705373
vt 0.351171 0.707993
vt 0.350887 0.707993
vt 0.351171 0.709953
vt 0.350887 0.709953
vt 0.350887 0.711914
vt 0.351171 0.714534
vt 0.350887 0.714534
vt 0.351171 0.711914
vt 0.292239 0.696222
vt 0.291947 0.693602
vt 0.292239 0.693602
vt 0.347756 0.701145
vt 0.347464 0.698525
vt 0.347756 0.698525
vt 0.347756 0.705065
vt 0.347464 0.703105
vt 0.347756 0.703105
vt 0.292239 0.702763
vt 0.291947 0.700143
vt 0.292239 0.700143
vt 0.292239 0.698183
vt 0.291947 0.696222
vt 0.443077 0.592359
vt 0.443361 0.592067
vt 0.347464 0.701145
vt 0.291947 0.698183
vt 0.347756 0.707685
vt 0.347464 0.705065
vt 0.444780 0.592067
vt 0.444496 0.592359
vt 0.477991 0.762158
vt 0.478593 0.885502
vt 0.406501 0.958864
vt 0.306500 0.957736
vt 0.317766 0.953186
vt 0.409347 0.974851
vt 0.426790 0.974532
vt 0.317766 0.948059
vt 0.321845 0.974741
vt 0.287147 0.966847
vt 0.352831 0.969962
vt 0.371441 0.973432
vt 0.417087 0.971707
vt 0.284221 0.953134
vt 0.361757 0.973315
vt 0.478593 0.891361
vt 0.416709 0.958147
vt 0.406501 0.943483
vt 0.283012 0.942628
vt 0.478593 0.923587
vt 0.384568 0.945290
vt 0.337204 0.975112
vt 0.477832 0.757533
vt 0.367652 0.970503
vt 0.478626 0.850676
vt 0.396779 0.953737
vt 0.296683 0.952579
vt 0.337964 0.948540
vt 0.416709 0.971422
vt 0.481248 0.828478
vt 0.467086 0.805667
vt 0.355905 0.956305
vt 0.325138 0.953318
vt 0.399705 0.974916
vt 0.423991 0.947851
vt 0.276843 0.952882
vt 0.303940 0.971090
vt 0.478319 0.829661
vt 0.264571 0.955052
vt 0.420094 0.942724
vt 0.303207 0.947482
vt 0.270357 0.971470
vt 0.464391 0.840422
vt 0.316660 0.944778
vt 0.436068 0.972909
vt 0.387818 0.945290
vt 0.467320 0.972934
vt 0.482212 0.858733
vt 0.478382 0.868987
vt 0.477974 0.782223
vt 0.481519 0.906009
vt 0.477782 0.946295
vt 0.337204 0.953667
vt 0.284221 0.953134
vt 0.477519 0.864608
vt 0.477519 0.855803
vt 0.477519 0.840422
vt 0.481466 0.975708
vt 0.296683 0.971060
vt 0.355756 0.955587
vt 0.380149 0.945290
vt 0.325138 0.974700
vt 0.361757 0.960413
vt 0.409427 0.958864
vt 0.413297 0.947450
vt 0.331799 0.971843
vt 0.478593 0.926516
vt 0.300281 0.974020
vt 0.403535 0.960030
vt 0.410372 0.957705
vt 0.284095 0.971650
vt 0.433142 0.949638
vt 0.422983 0.971381
vt 0.273283 0.947614
vt 0.295103 0.949726
vt 0.425945 0.958106
vt 0.480947 0.774396
vt 0.477991 0.781109
vt 0.959856 0.806753
vt 0.922611 0.805934
vt 0.923429 0.768642
vt 0.959856 0.768642
vt 0.960674 0.769461
vt 0.058886 0.083291
vt 0.050628 0.124956
vt 0.067143 0.083290
vt 0.058879 0.123125
vt 0.178335 0.154262
vt 0.058879 0.154880
vt 0.218350 0.108011
vt 0.129514 0.204498
vt 0.911216 0.965696
vt 0.911558 0.965696
vt 0.915689 0.955216
vt 0.785648 0.958033
vt 0.957448 0.811395
vt 0.853294 0.930376
vt 0.900013 0.964801
vt 0.922221 0.932749
vt 0.957519 0.864811
vt 0.973712 0.924192
vt 0.972872 0.914961
vt 0.842338 0.958842
vt 0.968965 0.812386
vt 0.869073 0.957365
vt 0.971292 0.862630
vt 0.812267 0.936965
vt 0.956274 0.841645
vt 0.957590 0.851181
vt 0.780522 0.961686
vt 0.960043 0.959520
vt 0.866680 0.944110
vt 0.844813 0.946989
vt 0.920777 0.960740
vt 0.856139 0.959584
vt 0.895084 0.951470
vt 0.797859 0.958381
vt 0.831599 0.951099
vt 0.783055 0.946169
vt 0.952402 0.959661
vt 0.967536 0.962135
vt 0.821494 0.930151
vt 0.839699 0.951408
vt 0.903628 0.947051
vt 0.910152 0.950834
vt 0.972148 0.779974
vt 0.947359 0.956786
vt 0.785929 0.937082
vt 0.920860 0.946379
vt 0.855816 0.959584
vt 0.783041 0.959131
vt 0.783055 0.938577
vt 0.924342 0.937000
vt 0.785750 0.937082
vt 0.864049 0.962430
vt 0.972381 0.873220
vt 0.884192 0.959753
vt 0.929828 0.959497
vt 0.821494 0.948200
vt 0.782964 0.956336
vt 0.831202 0.955426
vt 0.957590 0.860268
vt 0.791395 0.946294
vt 0.913151 0.928330
vt 0.834909 0.928698
vt 0.788596 0.955131
vt 0.965079 0.854208
vt 0.963865 0.815840
vt 0.856139 0.956886
vt 0.907129 0.928100
vt 0.920826 0.950798
vt 0.809079 0.932520
vt 0.808906 0.962980
vt 0.812094 0.963006
vt 0.815184 0.932547
vt 0.962667 0.864811
vt 0.969004 0.919774
vt 0.969933 0.835226
vt 0.957386 0.815840
vt 0.934942 0.959570
vt 0.910199 0.960776
vt 0.963904 0.832559
vt 0.960112 0.846637
vt 0.884550 0.952947
vt 0.968777 0.879408
vt 0.827441 0.963430
vt 0.957590 0.855724
vt 0.812273 0.950470
vt 0.891583 0.951427
vt 0.969642 0.789463
vt 0.936933 0.964726
vt 0.889061 0.942342
vt 0.962614 0.869229
vt 0.837559 0.962229
vt 0.937464 0.959570
vt 0.824015 0.962315
vt 0.887250 0.962189
vt 0.812155 0.950470
vt 0.804912 0.948041
vt 0.903699 0.947051
vt 0.804773 0.956878
vt 0.974745 0.919774
vt 0.907129 0.953262
vt 0.831599 0.955517
vt 0.918305 0.958143
vt 0.974101 0.855724
vt 0.825066 0.946563
vt 0.881339 0.935023
vt 0.852212 0.965014
vt 0.785152 0.965706
vt 0.875492 0.930604
vt 0.856244 0.948566
vt 0.973010 0.810952
vt 0.974127 0.815840
vt 0.969936 0.804228
vt 0.788130 0.960629
vt 0.880328 0.962139
vt 0.858857 0.949202
vt 0.956274 0.832683
vt 0.837430 0.951166
vt 0.952402 0.959341
vt 0.903628 0.955888
vt 0.877807 0.952947
vt 0.850015 0.945232
vt 0.954998 0.878114
vt 0.872631 0.962563
vt 0.880406 0.959652
vt 0.887071 0.959546
vt 0.969457 0.946808
vt 0.820995 0.944503
vt 0.785648 0.946169
vt 0.850271 0.948424
vt 0.929900 0.962094
vt 0.968614 0.844752
vt 0.880545 0.948528
vt 0.800455 0.949706
vt 0.869202 0.948528
vt 0.969627 0.798166
vt 0.969642 0.772741
vt 0.924321 0.963041
vt 0.944837 0.956786
vt 0.853294 0.952985
vt 0.897677 0.942258
vt 0.866570 0.952843
vt 0.891654 0.955846
vt 0.844884 0.951223
vt 0.847405 0.937902
vt 0.872569 0.930604
vt 0.863977 0.959857
vt 0.969936 0.806895
vt 0.828681 0.951007
vt 0.852793 0.959857
vt 0.913151 0.950798
vt 0.965637 0.807787
vt 0.780449 0.957053
vt 0.804911 0.959576
vt 0.929828 0.952381
vt 0.915744 0.946379
vt 0.891654 0.947009
vt 0.962633 0.850937
vt 0.910152 0.955253
vt 0.963904 0.823721
vt 0.900999 0.962221
vt 0.855816 0.962186
vt 0.924270 0.950505
vt 0.969627 0.793117
vt 0.791395 0.950713
vt 0.962460 0.820258
vt 0.963195 0.768642
vt 0.820918 0.962505
vt 0.969933 0.837751
vt 0.957386 0.806753
vt 0.793818 0.963279
vt 0.960112 0.842094
vt 0.968777 0.876250
vt 0.918064 0.963407
vt 0.858660 0.952985
vt 0.806492 0.950444
vt 0.961383 0.832559
vt 0.785648 0.955006
vt 0.969642 0.803842
vt 0.969642 0.778892
vt 0.970176 0.918052
vt 0.962157 0.962060
vt 0.962503 0.811395
vt 0.967034 0.779974
vt 0.839551 0.955202
vt 0.971298 0.882022
vt 0.968252 0.815840
vt 0.847417 0.954069
vt 0.962460 0.811171
vt 0.964513 0.772741
vt 0.966377 0.864811
vt 0.898527 0.952503
vt 0.789775 0.965675
vt 0.850193 0.965497
vt 0.852664 0.957261
vt 0.903628 0.958857
vt 0.960674 0.803990
vt 0.972149 0.780786
vt 0.828681 0.946563
vt 0.872498 0.948528
vt 0.974224 0.945019
vt 0.973274 0.783585
vt 0.898478 0.948085
vt 0.853399 0.948566
vt 0.973261 0.803140
vt 0.973114 0.930943
vt 0.791395 0.965675
vt 0.909905 0.965444
vt 0.866370 0.957261
vt 0.903588 0.955888
vt 0.835012 0.958553
vt 0.956274 0.837227
vt 0.864421 0.934794
vt 0.856070 0.964844
vt 0.973114 0.929175
vt 0.866680 0.930604
vt 0.869976 0.944110
vt 0.971979 0.942389
vt 0.974404 0.775800
vt 0.809160 0.965432
vt 0.869126 0.959961
vt 0.969936 0.823721
vt 0.788803 0.946294
vt 0.903628 0.951470
vt 0.831457 0.961120
vt 0.973114 0.934692
vt 0.965079 0.855599
vt 0.881670 0.944110
vt 0.972956 0.854540
vt 0.974395 0.778889
vt 0.974320 0.867339
vt 0.825066 0.951007
vt 0.952402 0.959553
vt 0.973114 0.939780
vt 0.897677 0.937840
vt 0.880328 0.952947
vt 0.974320 0.867339
vt 0.973101 0.949433
vt 0.961383 0.828140
vt 0.783055 0.934100
vt 0.973271 0.794939
vt 0.973557 0.942284
vt 0.847374 0.935399
vt 0.834909 0.951166
vt 0.877807 0.959743
vt 0.804912 0.959576
vt 0.966631 0.860143
vt 0.777928 0.948216
vt 0.973114 0.934224
vt 0.973271 0.795570
vt 0.913151 0.946379
vt 0.972075 0.869229
vt 0.828564 0.960905
vt 0.927097 0.965482
vt 0.971979 0.954382
vt 0.815407 0.963006
vt 0.972415 0.864561
vt 0.812094 0.950470
vt 0.820918 0.948922
vt 0.795198 0.961015
vt 0.973271 0.790521
vt 0.915744 0.950798
vt 0.971219 0.907557
vt 0.971403 0.878359
vt 0.974236 0.939780
vt 0.817060 0.965459
vt 0.797893 0.950936
vt 0.972356 0.835083
vt 0.971979 0.951226
vt 0.960093 0.869229
vt 0.924322 0.954923
vt 0.940657 0.839406
vt 0.973101 0.954525
vt 0.783043 0.951918
vt 0.809680 0.950470
vt 0.971219 0.903139
vt 0.974384 0.803746
vt 0.974404 0.770847
vt 0.913080 0.963553
vt 0.944489 0.962203
vt 0.973114 0.930943
vt 0.967034 0.795153
vt 0.974236 0.926524
vt 0.973261 0.798721
vt 0.972421 0.878114
vt 0.973101 0.956276
vt 0.957571 0.873696
vt 0.777928 0.952635
vt 0.964513 0.786938
vt 0.787301 0.965550
vt 0.973557 0.942176
vt 0.963908 0.807967
vt 0.844765 0.955641
vt 0.825066 0.958309
vt 0.972346 0.898720
vt 0.780522 0.943055
vt 0.887143 0.930604
vt 0.938745 0.964780
vt 0.793645 0.965643
vt 0.800813 0.936201
vt 0.887071 0.944110
vt 0.971219 0.903139
vt 0.952595 0.879444
vt 0.969936 0.826246
vt 0.963904 0.832559
vt 0.800415 0.960622
vt 0.942507 0.962151
vt 0.924342 0.946086
vt 0.956274 0.828140
vt 0.960112 0.842094
vt 0.968614 0.844649
vt 0.957522 0.959520
vt 0.954793 0.811421
vt 0.788596 0.963279
vt 0.962493 0.959577
vt 0.858983 0.930376
vt 0.947359 0.959553
vt 0.972023 0.771167
vt 0.901106 0.933421
vt 0.913151 0.955216
vt 0.947359 0.962077
vt 0.783055 0.955006
vt 0.895084 0.928100
vt 0.906149 0.928100
vt 0.897714 0.933421
vt 0.968878 0.822836
vt 0.934942 0.964646
vt 0.923668 0.960935
vt 0.795229 0.963502
vt 0.960043 0.959518
vt 0.969457 0.941746
vt 0.964513 0.768642
vt 0.847417 0.963090
vt 0.877807 0.952947
vt 0.884192 0.948528
vt 0.907129 0.960454
vt 0.884192 0.957045
vt 0.817718 0.936762
vt 0.895084 0.958680
vt 0.910152 0.946415
vt 0.783103 0.960818
vt 0.909917 0.932519
vt 0.847406 0.942380
vt 0.872631 0.952947
vt 0.957593 0.962074
vt 0.806384 0.950444
vt 0.909604 0.946024
vt 0.817331 0.950470
vt 0.921749 0.950505
vt 0.881670 0.959753
vt 0.929900 0.964727
vt 0.934213 0.964741
vt 0.847417 0.936145
vt 0.967034 0.790521
vt 0.971249 0.922933
vt 0.780449 0.962317
vt 0.800552 0.961568
vt 0.962639 0.873696
vt 0.788803 0.950713
vt 0.964513 0.776367
vt 0.821543 0.952618
vt 0.238156 0.935833
vt 0.239052 0.936730
vt 0.239052 0.976703
vt 0.233230 0.977600
vt 0.238156 0.977600
vt 0.218195 0.977600
vt 0.066660 0.848172
vt 0.189113 0.765284
vt 0.127439 0.848173
vt 0.218939 0.808291
vt 0.839699 0.862693
vt 0.171641 0.945229
vt 0.197338 0.976703
vt 0.203160 0.977600
vt 0.198234 0.935833
vt 0.213012 0.977600
vt 0.198234 0.977600
vt 0.066660 0.848169
vt 0.148296 0.765286
vt 0.219817 0.831538
vt 0.848885 0.862693
vt 0.171641 0.955608
vt 0.782260 0.668573
vt 0.890702 0.703476
vt 0.858432 0.702183
vt 0.967018 0.613936
vt 0.335829 0.720030
vt 0.365416 0.728187
vt 0.975865 0.588664
vt 0.786016 0.664726
vt 0.946893 0.708379
vt 0.803908 0.703956
vt 0.363727 0.695932
vt 0.385382 0.730492
vt 0.914088 0.712379
vt 0.917538 0.663660
vt 0.778026 0.707488
vt 0.977718 0.602085
vt 0.975575 0.656156
vt 0.786144 0.695267
vt 0.801322 0.669405
vt 0.822193 0.701394
vt 0.923852 0.663660
vt 0.975575 0.649834
vt 0.786144 0.700437
vt 0.877725 0.663659
vt 0.815858 0.700385
vt 0.977445 0.585508
vt 0.975575 0.643512
vt 0.822593 0.693639
vt 0.881994 0.698161
vt 0.807658 0.683857
vt 0.884039 0.663659
vt 0.972375 0.562527
vt 0.975575 0.637190
vt 0.843277 0.677898
vt 0.894753 0.663355
vt 0.818888 0.705440
vt 0.927061 0.703995
vt 0.874489 0.705949
vt 0.952241 0.711226
vt 0.897405 0.666196
vt 0.843677 0.702742
vt 0.295593 0.730498
vt 0.375987 0.730480
vt 0.479076 0.631617
vt 0.980770 0.555925
vt 0.890835 0.667022
vt 0.927178 0.700506
vt 0.780898 0.709893
vt 0.910838 0.704573
vt 0.776363 0.710042
vt 0.893487 0.669862
vt 0.356795 0.730503
vt 0.451190 0.730406
vt 0.479332 0.680051
vt 0.917028 0.712379
vt 0.934332 0.616471
vt 0.966526 0.705800
vt 0.919965 0.704247
vt 0.952279 0.568918
vt 0.926893 0.675401
vt 0.284562 0.698514
vt 0.360381 0.728187
vt 0.973746 0.583533
vt 0.930142 0.613102
vt 0.770570 0.704123
vt 0.770265 0.708957
vt 0.474207 0.636956
vt 0.347759 0.730610
vt 0.842965 0.700458
vt 0.911224 0.670299
vt 0.975364 0.605563
vt 0.977876 0.705876
vt 0.819194 0.699289
vt 0.938858 0.611585
vt 0.843677 0.698016
vt 0.976752 0.630867
vt 0.819194 0.694118
vt 0.927615 0.675401
vt 0.785335 0.694853
vt 0.875692 0.706069
vt 0.976752 0.637190
vt 0.862502 0.692181
vt 0.910765 0.695106
vt 0.815147 0.684170
vt 0.871411 0.663659
vt 0.875692 0.696919
vt 0.862502 0.687011
vt 0.907753 0.680316
vt 0.908346 0.670344
vt 0.874184 0.693397
vt 0.773456 0.707193
vt 0.862301 0.712541
vt 0.977484 0.702420
vt 0.840195 0.709398
vt 0.910997 0.667504
vt 0.389119 0.727915
vt 0.378833 0.727975
vt 0.468491 0.571455
vt 0.784453 0.683660
vt 0.904428 0.666677
vt 0.907332 0.700436
vt 0.878544 0.708539
vt 0.803908 0.708791
vt 0.794177 0.709705
vt 0.907079 0.663837
vt 0.482258 0.721691
vt 0.485206 0.728140
vt 0.479076 0.636019
vt 0.960967 0.713063
vt 0.090143 0.945904
vt 0.228356 0.827299
vt 0.086407 0.938769
vt 0.211457 0.977600
vt 0.069011 0.950379
vt 0.211565 0.986960
vt 0.238909 0.827299
vt 0.161879 0.983734
vt 0.191066 0.938240
vt 0.218956 0.671827
vt 0.194813 0.567910
vt 0.097140 0.646273
vt 0.036520 0.651304
vt 0.031659 0.657580
vt 0.073261 0.686500
vt 0.089628 0.658376
vt 0.042968 0.687304
vt 0.100946 0.568831
vt 0.188853 0.551609
vt 0.190981 0.568299
vt 0.118428 0.686919
vt 0.088750 0.683068
vt 0.097140 0.658360
vt 0.031659 0.645493
vt 0.075334 0.686318
vt 0.193800 0.534920
vt 0.220283 0.647646
vt 0.100998 0.637911
vt 0.075053 0.647169
vt 0.098744 0.654836
vt 0.707275 0.888603
vt 0.701774 0.888603
vt 0.560641 0.959089
vt 0.709107 0.886585
vt 0.515703 0.887634
vt 0.516668 0.843522
vt 0.559676 0.843522
vt 0.598306 0.933589
vt 0.597341 0.932623
vt 0.597341 0.889569
vt 0.641305 0.888603
vt 0.699071 0.887542
vt 0.582711 0.929205
vt 0.580009 0.929207
vt 0.696371 0.887543
vt 0.712773 0.885604
vt 0.714837 0.885605
vt 0.714150 0.885606
vt 0.713461 0.885607
vt 0.731065 0.868954
vt 0.537862 0.982669
vt 0.737043 0.863890
vt 0.541234 0.978346
vt 0.621443 0.981536
vt 0.619577 0.981536
vt 0.726815 0.983321
vt 0.571532 0.982587
vt 0.656573 0.981667
vt 0.738151 0.856862
vt 0.635932 0.979207
vt 0.595985 0.980064
vt 0.669537 0.982726
vt 0.590254 0.981684
vt 0.609864 0.979572
vt 0.549681 0.979939
vt 0.738115 0.782449
vt 0.568897 0.980448
vt 0.735095 0.920765
vt 0.518630 0.978595
vt 0.717391 0.981105
vt 0.661503 0.982078
vt 0.657553 0.981320
vt 0.727805 0.798449
vt 0.735132 0.910793
vt 0.576269 0.981169
vt 0.726815 0.979041
vt 0.557018 0.979970
vt 0.732941 0.858846
vt 0.735061 0.831909
vt 0.738160 0.911704
vt 0.625407 0.979469
vt 0.563237 0.979403
vt 0.660720 0.983461
vt 0.736739 0.794470
vt 0.738057 0.925046
vt 0.729672 0.978985
vt 0.734952 0.981827
vt 0.735732 0.809310
vt 0.737240 0.852227
vt 0.737168 0.886065
vt 0.733828 0.922383
vt 0.521475 0.978595
vt 0.540144 0.980128
vt 0.677922 0.980481
vt 0.733984 0.809997
vt 0.715427 0.978879
vt 0.608896 0.979572
vt 0.600101 0.970836
vt 0.672481 0.982562
vt 0.712593 0.982247
vt 0.588244 0.978213
vt 0.734880 0.784623
vt 0.680556 0.982622
vt 0.735140 0.826158
vt 0.572977 0.977841
vt 0.657553 0.978299
vt 0.617724 0.979505
vt 0.720317 0.981094
vt 0.673798 0.982562
vt 0.736817 0.972950
vt 0.686139 0.981079
vt 0.551413 0.982110
vt 0.579920 0.976354
vt 0.737464 0.782450
vt 0.592993 0.981261
vt 0.738033 0.900882
vt 0.721286 0.978954
vt 0.535227 0.980529
vt 0.736871 0.897831
vt 0.679726 0.953086
vt 0.732506 0.978809
vt 0.680905 0.982149
vt 0.680819 0.979772
vt 0.533874 0.980809
vt 0.581870 0.977873
vt 0.735164 0.832242
vt 0.736989 0.852581
vt 0.734031 0.821790
vt 0.674115 0.982400
vt 0.592022 0.946513
vt 0.572895 0.982832
vt 0.649777 0.978016
vt 0.726826 0.978985
vt 0.738127 0.916691
vt 0.660534 0.975957
vt 0.557998 0.982110
vt 0.737256 0.964433
vt 0.737918 0.762774
vt 0.642980 0.978122
vt 0.717391 0.982333
vt 0.738127 0.906718
vt 0.732931 0.868954
vt 0.737240 0.850087
vt 0.651642 0.978016
vt 0.735100 0.902438
vt 0.644041 0.978122
vt 0.524415 0.982276
vt 0.737921 0.972539
vt 0.738056 0.793242
vt 0.661284 0.977952
vt 0.600752 0.979043
vt 0.738108 0.828540
vt 0.734735 0.762774
vt 0.670494 0.977737
vt 0.736764 0.926390
vt 0.592993 0.980032
vt 0.537473 0.977680
vt 0.576160 0.983061
vt 0.735141 0.839141
vt 0.730971 0.790393
vt 0.734878 0.776477
vt 0.737979 0.875123
vt 0.738081 0.928531
vt 0.735302 0.892802
vt 0.734910 0.843191
vt 0.651732 0.967856
vt 0.699248 0.841119
vt 0.675123 0.945825
vt 0.630902 0.981604
vt 0.574791 0.981210
vt 0.738081 0.930671
vt 0.571995 0.973555
vt 0.622573 0.981609
vt 0.591779 0.983401
vt 0.738093 0.847471
vt 0.543309 0.982413
vt 0.736946 0.807170
vt 0.738123 0.919537
vt 0.571995 0.975695
vt 0.730516 0.853715
vt 0.738093 0.845331
vt 0.737050 0.882553
vt 0.736965 0.902438
vt 0.674154 0.950105
vt 0.729758 0.858846
vt 0.738060 0.776477
vt 0.637889 0.979036
vt 0.736957 0.803640
vt 0.660534 0.973817
vt 0.730971 0.788253
vt 0.659418 0.983461
vt 0.738062 0.784623
vt 0.650763 0.967856
vt 0.598306 0.843522
vt 0.641314 0.843522
vt 0.641314 0.888603
vt 0.598306 0.888603
vt 0.712769 0.843522
vt 0.703609 0.888603
vt 0.705442 0.888603
vt 0.564304 0.916026
vt 0.429773 0.974059
vt 0.462905 0.819689
vt 0.083115 0.944726
vt 0.839699 0.896694
vt 0.848885 0.896694
vt 0.151253 0.948055
vt 0.061495 0.955203
vt 0.089527 0.909742
vt 0.273283 0.971257
vt 0.295103 0.944599
vt 0.345914 0.971185
vt 0.686276 0.942302
vt 0.654667 0.958003
vt 0.705674 0.833293
vt 0.688124 0.841903
vt 0.615858 0.943146
vt 0.568897 0.924562
vt 0.547815 0.952854
vt 0.638949 0.943404
vt 0.724146 0.888039
vt 0.725725 0.867758
vt 0.619577 0.957245
vt 0.646966 0.964856
vt 0.654667 0.940578
vt 0.689104 0.886944
vt 0.697383 0.813197
vt 0.546328 0.962124
vt 0.724773 0.799821
vt 0.725529 0.822750
vt 0.660746 0.968973
vt 0.691524 0.841903
vt 0.738476 0.981055
vt 0.738008 0.879167
vt 0.518042 0.979192
vt 0.693887 0.843096
vt 0.738222 0.964354
vt 0.677368 0.973586
vt 0.695376 0.842083
vt 0.592504 0.904561
vt 0.737959 0.932201
vt 0.709354 0.842978
vt 0.738530 0.902112
vt 0.618955 0.972485
vt 0.738045 0.867715
vt 0.692888 0.982886
vt 0.738234 0.956462
vt 0.583923 0.945079
vt 0.738103 0.940039
vt 0.606883 0.982873
vt 0.738171 0.894171
vt 0.732683 0.852881
vt 0.737414 0.776484
vt 0.651732 0.977647
vt 0.596844 0.904877
vt 0.667702 0.977452
vt 0.737422 0.763121
vt 0.701277 0.982946
vt 0.647472 0.977536
vt 0.693188 0.888532
vt 0.737907 0.785323
vt 0.737762 0.970398
vt 0.594490 0.904561
vt 0.738434 0.851296
vt 0.551247 0.977986
vt 0.579632 0.914125
vt 0.538279 0.942395
vt 0.712413 0.840214
vt 0.542820 0.947520
vt 0.687218 0.886944
vt 0.594669 0.934599
vt 0.533826 0.969683
vt 0.631281 0.948390
vt 0.723992 0.813866
vt 0.583824 0.958390
vt 0.579952 0.963873
vt 0.582931 0.956619
vt 0.712413 0.822789
vt 0.597341 0.943146
vt 0.697383 0.822789
vt 0.724177 0.869158
vt 0.583923 0.958390
vt 0.724139 0.843522
vt 0.641115 0.956789
vt 0.619461 0.963631
vt 0.568894 0.954324
vt 0.690184 0.888532
vt 0.738392 0.798402
vt 0.628255 0.983020
vt 0.737109 0.813895
vt 0.738171 0.886521
vt 0.550907 0.945566
vt 0.723726 0.978901
vt 0.692195 0.886944
vt 0.738083 0.862729
vt 0.638964 0.970981
vt 0.738406 0.780309
vt 0.579508 0.924426
vt 0.738112 0.817720
vt 0.564334 0.971625
vt 0.695376 0.843096
vt 0.677973 0.973098
vt 0.703160 0.979063
vt 0.738259 0.970398
vt 0.728035 0.804807
vt 0.737233 0.940815
vt 0.738504 0.879167
vt 0.612152 0.979318
vt 0.595979 0.904561
vt 0.737411 0.785323
vt 0.619577 0.980358
vt 0.554566 0.974191
vt 0.580005 0.923413
vt 0.614998 0.979318
vt 0.738514 0.812205
vt 0.564840 0.979275
vt 0.737328 0.869158
vt 0.590760 0.982140
vt 0.689222 0.979062
vt 0.222551 0.847665
vt 0.825066 0.896938
vt 0.834252 0.896938
vt 0.093880 0.950890
vt 0.219798 0.833423
vt 0.865097 0.663659
vt 0.811813 0.702232
vt 0.976753 0.627388
vt 0.975522 0.709037
vt 0.815147 0.684170
vt 0.883639 0.697995
vt 0.911165 0.684148
vt 0.971202 0.539763
vt 0.975522 0.702715
vt 0.815147 0.689340
vt 0.927178 0.688760
vt 0.884039 0.666677
vt 0.893845 0.705913
vt 0.833990 0.708080
vt 0.949395 0.711227
vt 0.946676 0.711227
vt 0.935297 0.708826
vt 0.886690 0.663837
vt 0.457321 0.730498
vt 0.266121 0.730477
vt 0.471879 0.571314
vt 0.964198 0.710859
vt 0.887957 0.670344
vt 0.794032 0.700544
vt 0.767085 0.712532
vt 0.797488 0.709303
vt 0.926755 0.706413
vt 0.923829 0.712191
vt 0.890609 0.667504
vt 0.911224 0.704508
vt 0.460166 0.727911
vt 0.335604 0.730378
vt 0.479190 0.567749
vt 0.980598 0.617919
vt 0.972379 0.552555
vt 0.977834 0.576117
vt 0.810636 0.702232
vt 0.770665 0.699150
vt 0.785335 0.697438
vt 0.785744 0.677734
vt 0.858782 0.663659
vt 0.803092 0.690602
vt 0.810636 0.708554
vt 0.770665 0.693980
vt 0.770665 0.685607
vt 0.897631 0.667022
vt 0.910860 0.697691
vt 0.846887 0.708290
vt 0.909346 0.712484
vt 0.955086 0.708809
vt 0.827965 0.705003
vt 0.900283 0.669862
vt 0.839027 0.596480
vt 0.454475 0.727912
vt 0.484151 0.598955
vt 0.481702 0.562430
vt 0.901550 0.663355
vt 0.846522 0.705414
vt 0.932664 0.711245
vt 0.861542 0.708716
vt 0.858724 0.709084
vt 0.904201 0.666196
vt 0.486694 0.685082
vt 0.317474 0.728058
vt 0.479069 0.616323
vt 0.972584 0.710891
vt 0.481308 0.866057
vt 0.309425 0.947482
vt 0.480708 0.931647
vt 0.279769 0.971398
vt 0.474600 0.876084
vt 0.470242 0.881070
vt 0.384892 0.969919
vt 0.480708 0.949224
vt 0.306133 0.952609
vt 0.355756 0.945333
vt 0.371372 0.955544
vt 0.368446 0.973433
vt 0.395835 0.958816
vt 0.409427 0.943483
vt 0.295103 0.959981
vt 0.479348 0.810795
vt 0.276610 0.971398
vt 0.426870 0.957775
vt 0.328064 0.943064
vt 0.349135 0.945032
vt 0.395835 0.972092
vt 0.339996 0.971862
vt 0.481249 0.806480
vt 0.477991 0.769180
vt 0.310239 0.970363
vt 0.331799 0.943139
vt 0.481519 0.911868
vt 0.477974 0.770320
vt 0.467086 0.815922
vt 0.429796 0.947521
vt 0.349135 0.960413
vt 0.290073 0.971249
vt 0.317766 0.971568
vt 0.474593 0.849226
vt 0.389983 0.975021
vt 0.349621 0.969962
vt 0.478382 0.874846
vt 0.478323 0.822618
vt 0.371371 0.955544
vt 0.477782 0.969731
vt 0.299609 0.957706
vt 0.346209 0.973315
vt 0.279769 0.952882
vt 0.273600 0.952741
vt 0.477782 0.958013
vt 0.410372 0.971059
vt 0.480916 0.791477
vt 0.481245 0.838450
vt 0.420032 0.971542
vt 0.349621 0.945333
vt 0.480899 0.787450
vt 0.273283 0.952741
vt 0.364682 0.973315
vt 0.279769 0.942628
vt 0.342988 0.946556
vt 0.477782 0.958013
vt 0.461461 0.975778
vt 0.174183 0.209702
vt 0.075396 0.173453
vt 0.079082 0.173952
vt 0.078773 0.173453
vt 0.308415 0.731029
vt 0.488264 0.575026
vt 0.394331 0.731322
vt 0.485117 0.691370
vt 0.485117 0.692556
vt 0.483096 0.693394
vt 0.487468 0.628053
vt 0.484280 0.696257
vt 0.483096 0.696257
vt 0.482258 0.695419
vt 0.485117 0.694233
vt 0.041399 0.178493
vt 0.044691 0.184450
vt 0.062569 0.178929
vt 0.058883 0.178430
vt 0.059191 0.178929
vt 0.037801 0.213014
vt 0.202351 0.061258
vt 0.078688 0.179410
vt 0.082768 0.179410
vt 0.079390 0.179410
vt 0.344252 0.731092
vt 0.271054 0.729604
vt 0.337694 0.729221
vt 0.359470 0.725578
vt 0.360308 0.726416
vt 0.360308 0.727602
vt 0.359470 0.728440
vt 0.358286 0.728440
vt 0.464877 0.729887
vt 0.482258 0.697096
vt 0.483096 0.696257
vt 0.484280 0.696257
vt 0.485117 0.698282
vt 0.483096 0.699120
vt 0.044691 0.178493
vt 0.047983 0.184450
vt 0.048859 0.173035
vt 0.048550 0.172536
vt 0.339883 0.866288
vt 0.447162 0.801711
vt 0.449497 0.836829
vt 0.339883 0.863938
vt 0.344382 0.901197
vt 0.338701 0.863790
vt 0.436182 0.839111
vt 0.449511 0.801147
vt 0.431417 0.838838
vt 0.447881 0.837412
vt 0.339764 0.900854
vt 0.345019 0.901360
vt 0.482904 0.890770
vt 0.328106 0.919737
vt 0.326915 0.919740
vt 0.381636 0.964649
vt 0.439053 0.884487
vt 0.439053 0.885157
vt 0.438512 0.885432
vt 0.482904 0.886489
vt 0.380960 0.970042
vt 0.295492 0.935781
vt 0.327024 0.927544
vt 0.452702 0.815397
vt 0.346209 0.900566
vt 0.313603 0.933151
vt 0.453672 0.820873
vt 0.433800 0.838838
vt 0.432608 0.838838
vt 0.328682 0.922068
vt 0.346209 0.880604
vt 0.296088 0.949556
vt 0.345018 0.880604
vt 0.441014 0.838803
vt 0.453672 0.801147
vt 0.430226 0.838838
vt 0.328682 0.941794
vt 0.315675 0.919009
vt 0.454641 0.806623
vt 0.346209 0.880209
vt 0.315467 0.933150
vt 0.453672 0.801147
vt 0.433800 0.840304
vt 0.434991 0.840305
vt 0.317332 0.913533
vt 0.346209 0.860247
vt 0.455925 0.839141
vt 0.345018 0.860247
vt 0.441637 0.838803
vt 0.427843 0.838838
vt 0.317332 0.933259
vt 0.215563 0.052233
vt 0.082374 0.179410
vt 0.066255 0.178929
vt 0.062569 0.178430
vt 0.062877 0.178929
vt 0.461890 0.589082
vt 0.488265 0.591378
vt 0.291498 0.731187
vt 0.482258 0.689693
vt 0.482258 0.688507
vt 0.483096 0.687669
vt 0.484280 0.687669
vt 0.485117 0.688507
vt 0.436558 0.729948
vt 0.485117 0.699959
vt 0.485117 0.701145
vt 0.484280 0.701983
vt 0.482258 0.701145
vt 0.483096 0.699120
vt 0.062963 0.178929
vt 0.066255 0.184886
vt 0.041487 0.177995
vt 0.041795 0.178493
vt 0.154781 0.209631
vt 0.185919 0.126630
vt 0.182233 0.126131
vt 0.182542 0.126630
vt 0.292887 0.719730
vt 0.332289 0.729696
vt 0.407971 0.731498
vt 0.372018 0.725401
vt 0.372855 0.726240
vt 0.372855 0.727426
vt 0.372018 0.728264
vt 0.370833 0.728264
vt 0.481956 0.729817
vt 0.482258 0.702822
vt 0.485117 0.704008
vt 0.483096 0.704846
vt 0.062175 0.184886
vt 0.058883 0.178929
vt 0.041487 0.178493
vt 0.037801 0.177995
vt 0.038109 0.178493
vt 0.429786 0.944788
vt 0.293834 0.938517
vt 0.294804 0.936665
vt 0.428594 0.950974
vt 0.314845 0.933150
vt 0.293834 0.931189
vt 0.434991 0.840304
vt 0.436182 0.840305
vt 0.292177 0.943992
vt 0.428594 0.937936
vt 0.429190 0.937936
vt 0.427403 0.937936
vt 0.441014 0.839996
vt 0.293834 0.943992
vt 0.429035 0.838838
vt 0.292177 0.931189
vt 0.338755 0.699918
vt 0.281320 0.699682
vt 0.432957 0.569044
vt 0.481134 0.610701
vt 0.352402 0.692014
vt 0.398280 0.695403
vt 0.434979 0.569044
vt 0.438543 0.552509
vt 0.398280 0.713724
vt 0.318210 0.710993
vt 0.458754 0.575835
vt 0.475787 0.528043
vt 0.461889 0.590806
vt 0.330087 0.712741
vt 0.301443 0.709800
vt 0.293238 0.714369
vt 0.315036 0.720493
vt 0.330423 0.653960
vt 0.339223 0.698585
vt 0.442211 0.630332
vt 0.437958 0.622920
vt 0.437958 0.603771
vt 0.442211 0.592746
vt 0.318883 0.703192
vt 0.314722 0.684522
vt 0.418689 0.703251
vt 0.456093 0.591886
vt 0.428897 0.694693
vt 0.344658 0.683468
vt 0.293238 0.696836
vt 0.318883 0.664895
vt 0.342859 0.693961
vt 0.275149 0.699583
vt 0.429394 0.571658
vt 0.432957 0.588193
vt 0.480898 0.567717
vt 0.355611 0.697302
vt 0.460098 0.590806
vt 0.411922 0.699826
vt 0.434979 0.588193
vt 0.428391 0.718141
vt 0.278375 0.699583
vt 0.458754 0.577641
vt 0.305124 0.699451
vt 0.458412 0.575835
vt 0.462784 0.571657
vt 0.301492 0.709800
vt 0.386321 0.712499
vt 0.434388 0.707862
vt 0.415131 0.707792
vt 0.326396 0.713221
vt 0.386150 0.706419
vt 0.329940 0.671998
vt 0.296654 0.701104
vt 0.291624 0.703674
vt 0.319316 0.654281
vt 0.322879 0.670816
vt 0.476382 0.528043
vt 0.416564 0.689447
vt 0.428391 0.699820
vt 0.324901 0.670816
vt 0.328465 0.654281
vt 0.401255 0.705424
vt 0.369596 0.706113
vt 0.459438 0.575835
vt 0.308050 0.704578
vt 0.475489 0.528043
vt 0.437618 0.701606
vt 0.354381 0.706462
vt 0.354097 0.721703
vt 0.456522 0.591770
vt 0.330091 0.654252
vt 0.389772 0.714679
vt 0.351171 0.705373
vt 0.291947 0.702763
vt 0.347464 0.707685
vt 0.444780 0.592359
s 0
usemtl Texture
f 2/1/1 3/2/1 1/3/1
f 8/4/2 5/5/2 7/6/2
f 6/7/3 1/8/3 5/9/3
f 7/10/4 1/11/4 3/12/4
f 4/13/5 6/14/5 8/15/5
f 10/16/6 11/17/6 9/18/6
f 12/19/2 15/20/2 11/21/2
f 16/22/3 13/23/3 15/24/3
f 14/25/1 9/26/1 13/27/1
f 15/28/4 9/29/4 11/30/4
f 12/15/5 14/31/5 16/32/5
f 18/33/1 19/34/1 17/35/1
f 23/36/2 22/37/2 21/38/2
f 22/39/3 17/40/3 21/41/3
f 23/42/4 17/43/4 19/44/4
f 20/45/5 22/46/5 24/47/5
f 26/48/1 27/49/1 25/50/1
f 32/51/2 29/52/2 31/53/2
f 30/54/3 25/55/3 29/56/3
f 31/57/4 25/58/4 27/59/4
f 28/60/5 30/61/5 32/62/5
f 34/63/1 35/64/1 33/65/1
f 68/66/5 70/67/5 72/68/5
f 40/69/2 37/70/2 39/71/2
f 38/72/3 33/73/3 37/74/3
f 39/75/4 33/76/4 35/77/4
f 36/78/5 38/79/5 40/80/5
f 42/81/1 43/82/1 41/83/1
f 71/84/4 65/85/4 67/86/4
f 48/87/2 45/88/2 47/89/2
f 46/90/3 41/91/3 45/92/3
f 47/93/4 41/94/4 43/95/4
f 44/96/5 46/97/5 48/98/5
f 50/48/1 51/99/1 49/100/1
f 70/101/3 65/102/3 69/103/3
f 56/104/2 53/105/2 55/106/2
f 54/107/3 49/108/3 53/109/3
f 55/110/4 49/111/4 51/112/4
f 52/113/5 54/114/5 56/75/5
f 72/115/2 69/116/2 71/117/2
f 58/118/1 59/119/1 57/120/1
f 66/121/1 67/122/1 65/123/1
f 64/124/2 61/125/2 63/126/2
f 62/127/3 57/128/3 61/129/3
f 63/130/4 57/131/4 59/132/4
f 60/133/5 62/134/5 64/135/5
f 74/136/3 75/137/3 73/138/3
f 80/139/6 77/140/6 79/141/6
f 78/142/2 73/143/2 77/144/2
f 79/145/4 73/146/4 75/45/4
f 76/147/5 78/148/5 80/149/5
f 82/150/1 83/151/1 81/152/1
f 84/153/6 87/154/6 83/155/6
f 88/156/2 85/157/2 87/158/2
f 86/159/3 81/160/3 85/161/3
f 87/162/4 81/163/4 83/164/4
f 84/165/5 86/166/5 88/167/5
f 90/168/3 91/169/3 89/170/3
f 96/171/6 93/172/6 95/173/6
f 94/174/2 89/175/2 93/176/2
f 91/177/4 93/148/4 89/178/4
f 92/179/5 94/180/5 96/181/5
f 116/182/5 118/183/5 120/184/5
f 102/94/4 100/9/4 104/95/4
f 119/185/4 113/186/4 115/187/4
f 103/188/3 102/189/3 104/190/3
f 99/191/2 104/192/2 100/102/2
f 101/193/5 99/194/5 97/78/5
f 97/195/6 100/196/6 98/197/6
f 106/198/3 107/199/3 105/200/3
f 118/201/2 113/202/2 117/203/2
f 112/204/6 109/205/6 111/206/6
f 110/207/2 105/208/2 109/209/2
f 111/210/4 105/211/4 107/212/4
f 108/213/5 110/214/5 112/215/5
f 120/216/6 117/217/6 119/218/6
f 114/219/3 115/220/3 113/221/3
f 122/222/2 123/223/2 121/224/2
f 128/225/1 125/226/1 127/227/1
f 126/21/6 121/228/6 125/19/6
f 127/229/4 121/230/4 123/231/4
f 124/232/5 126/167/5 128/233/5
f 130/234/2 131/235/2 129/236/2
f 136/237/1 133/238/1 135/239/1
f 134/240/6 129/241/6 133/242/6
f 131/243/4 133/211/4 129/244/4
f 132/73/5 134/245/5 136/246/5
f 138/247/2 139/248/2 137/249/2
f 144/238/1 141/250/1 143/49/1
f 142/251/6 137/252/6 141/253/6
f 143/254/4 137/255/4 139/253/4
f 140/256/5 142/257/5 144/258/5
f 164/181/5 166/259/5 168/260/5
f 145/261/2 148/262/2 147/263/2
f 163/144/4 165/27/4 161/264/4
f 152/265/1 149/266/1 151/267/1
f 150/268/6 145/103/6 149/269/6
f 147/270/4 149/271/4 145/272/4
f 148/273/5 150/187/5 152/186/5
f 154/274/2 155/275/2 153/276/2
f 166/277/6 161/278/6 165/279/6
f 160/280/1 157/281/1 159/282/1
f 158/283/6 153/284/6 157/7/6
f 159/285/4 153/286/4 155/287/4
f 156/288/5 158/289/5 160/290/5
f 168/291/1 165/139/1 167/141/1
f 162/292/2 163/293/2 161/294/2
f 170/295/2 171/296/2 169/104/2
f 176/297/1 173/298/1 175/299/1
f 174/300/6 169/301/6 173/302/6
f 175/303/4 169/304/4 171/305/4
f 172/306/5 174/290/5 176/289/5
f 178/234/6 179/307/6 177/36/6
f 184/308/3 181/309/3 183/310/3
f 182/311/1 177/312/1 181/313/1
f 179/314/4 181/315/4 177/316/4
f 180/317/5 182/208/5 184/318/5
f 186/319/2 187/320/2 185/321/2
f 188/322/3 191/259/3 187/323/3
f 192/324/1 189/99/1 191/325/1
f 190/326/6 185/183/6 189/327/6
f 191/328/4 185/312/4 187/329/4
f 188/330/5 190/331/5 192/332/5
f 204/148/5 206/333/5 208/178/5
f 207/334/4 201/335/4 203/336/4
f 206/337/1 201/338/1 205/339/1
f 194/340/6 195/341/6 193/342/6
f 208/343/3 205/106/3 207/105/3
f 200/344/3 197/345/3 199/346/3
f 198/347/1 193/348/1 197/39/1
f 199/154/4 193/349/4 195/350/4
f 196/305/5 198/351/5 200/352/5
f 202/87/6 203/353/6 201/37/6
f 211/354/5 209/355/5 215/356/5
f 218/357/7 225/358/7 217/359/7
f 245/360/1 222/361/1 244/362/1
f 231/363/2 220/364/2 223/365/2
f 222/361/8 229/366/8 221/367/8
f 220/364/9 227/368/9 219/369/9
f 229/370/3 224/371/3 221/372/3
f 227/373/6 218/357/6 219/374/6
f 224/371/10 231/375/10 223/376/10
f 217/377/5 234/378/5 218/379/5
f 244/380/5 238/381/5 246/382/5
f 220/383/5 239/384/5 223/385/5
f 221/386/5 238/381/5 222/387/5
f 219/388/5 236/389/5 220/383/5
f 224/390/5 237/391/5 221/386/5
f 218/379/5 235/392/5 219/388/5
f 223/385/5 240/393/5 224/390/5
f 241/394/5 233/395/5 217/377/5
f 225/396/1 241/397/1 217/398/1
f 246/399/6 245/400/6 244/401/6
f 241/402/3 247/403/3 243/404/3
f 249/405/3 252/406/3 251/407/3
f 256/408/6 253/409/6 255/410/6
f 254/411/2 249/412/2 253/413/2
f 258/414/3 259/415/3 257/416/3
f 263/417/6 262/418/6 261/419/6
f 256/420/5 250/421/5 254/422/5
f 262/423/2 257/424/2 261/425/2
f 263/426/11 257/427/11 259/428/11
f 266/429/3 267/430/3 265/431/3
f 271/432/6 270/433/6 269/434/6
f 264/435/12 258/436/12 262/437/12
f 269/438/2 266/439/2 265/440/2
f 267/441/13 269/442/13 265/443/13
f 268/444/14 270/445/14 272/446/14
f 274/447/3 275/448/3 273/449/3
f 280/450/6 277/451/6 279/452/6
f 278/453/2 273/454/2 277/455/2
f 281/456/3 284/457/3 283/458/3
f 287/459/6 286/460/6 285/461/6
f 280/462/5 274/463/5 278/464/5
f 285/465/2 282/466/2 281/467/2
f 283/468/15 285/469/15 281/470/15
f 290/471/3 291/472/3 289/473/3
f 295/474/6 294/475/6 293/476/6
f 288/477/16 282/478/16 286/479/16
f 294/480/2 289/481/2 293/482/2
f 295/483/17 289/484/17 291/485/17
f 292/486/18 294/487/18 296/488/18
f 297/489/3 300/490/3 299/491/3
f 303/492/6 302/493/6 301/494/6
f 302/495/2 297/496/2 301/497/2
f 306/498/3 307/499/3 305/500/3
f 311/501/6 310/502/6 309/503/6
f 300/504/19 302/505/19 304/506/19
f 310/507/2 305/508/2 309/509/2
f 307/510/4 309/437/4 305/436/4
f 314/511/3 315/512/3 313/513/3
f 319/514/6 318/515/6 317/516/6
f 312/517/20 306/518/20 310/519/20
f 318/520/2 313/521/2 317/522/2
f 319/523/21 313/524/21 315/525/21
f 316/526/22 318/527/22 320/528/22
f 321/529/3 324/530/3 323/531/3
f 328/532/6 325/533/6 327/534/6
f 326/535/2 321/536/2 325/537/2
f 330/538/3 331/539/3 329/540/3
f 335/541/6 334/542/6 333/511/6
f 324/543/23 326/544/23 328/545/23
f 333/546/2 330/547/2 329/548/2
f 331/549/24 333/550/24 329/551/24
f 338/552/3 339/553/3 337/554/3
f 344/555/6 341/556/6 343/557/6
f 332/558/25 334/559/25 336/439/25
f 341/560/2 338/561/2 337/562/2
f 343/563/4 337/564/4 339/565/4
f 344/566/26 338/567/26 342/568/26
f 346/569/3 347/570/3 345/571/3
f 352/572/6 349/573/6 351/574/6
f 350/575/2 345/576/2 349/577/2
f 354/578/3 355/579/3 353/580/3
f 359/581/6 358/582/6 357/583/6
f 352/584/27 346/585/27 350/586/27
f 358/587/2 353/588/2 357/589/2
f 355/590/28 357/591/28 353/592/28
f 362/593/3 363/594/3 361/595/3
f 367/596/6 366/597/6 365/598/6
f 360/599/29 354/600/29 358/601/29
f 366/602/2 361/603/2 365/604/2
f 363/605/4 365/606/4 361/607/4
f 368/608/30 362/609/30 366/610/30
f 370/611/3 371/612/3 369/613/3
f 375/614/6 374/615/6 373/616/6
f 374/617/2 369/618/2 373/619/2
f 378/620/3 379/621/3 377/622/3
f 384/623/6 381/624/6 383/625/6
f 376/626/31 370/627/31 374/628/31
f 381/629/2 378/630/2 377/631/2
f 383/632/32 377/633/32 379/634/32
f 385/635/3 388/636/3 387/637/3
f 392/638/6 389/639/6 391/640/6
f 380/641/5 382/642/5 384/643/5
f 390/644/2 385/645/2 389/646/2
f 387/647/33 389/648/33 385/649/33
f 388/650/5 390/651/5 392/559/5
f 393/652/3 396/653/3 395/654/3
f 400/655/6 397/656/6 399/657/6
f 398/658/2 393/659/2 397/660/2
f 402/661/3 403/662/3 401/663/3
f 408/407/6 405/664/6 407/665/6
f 396/666/34 398/667/34 400/668/34
f 405/669/2 402/670/2 401/671/2
f 407/672/35 401/673/35 403/674/35
f 410/675/3 411/676/3 409/677/3
f 416/678/6 413/679/6 415/680/6
f 408/681/36 402/682/36 406/683/36
f 413/684/2 410/685/2 409/686/2
f 411/687/37 413/688/37 409/689/37
f 412/690/38 414/469/38 416/691/38
f 417/692/3 420/693/3 419/694/3
f 423/695/6 422/696/6 421/697/6
f 422/698/2 417/699/2 421/700/2
f 426/701/3 427/702/3 425/703/3
f 431/704/6 430/705/6 429/706/6
f 420/707/39 422/708/39 424/709/39
f 429/710/2 426/711/2 425/712/2
f 431/713/40 425/714/40 427/715/40
f 434/716/3 435/717/3 433/718/3
f 439/719/6 438/720/6 437/721/6
f 428/722/41 430/723/41 432/724/41
f 438/725/2 433/726/2 437/727/2
f 439/728/42 433/729/42 435/730/42
f 440/731/43 434/732/43 438/733/43
f 428/734/1 431/735/1 427/736/1
f 252/737/1 255/738/1 251/739/1
f 268/740/1 271/741/1 267/730/1
f 442/441/2 443/742/2 441/743/2
f 448/744/1 445/745/1 447/746/1
f 446/747/6 441/748/6 445/749/6
f 450/750/2 451/751/2 449/752/2
f 455/753/1 454/754/1 453/755/1
f 444/756/5 446/757/5 448/758/5
f 454/759/6 449/760/6 453/761/6
f 455/762/44 449/763/44 451/764/44
f 458/765/2 459/766/2 457/767/2
f 463/768/1 462/769/1 461/770/1
f 456/771/45 450/772/45 454/773/45
f 461/774/6 458/775/6 457/776/6
f 459/777/46 461/778/46 457/779/46
f 460/780/47 462/781/47 464/782/47
f 466/783/2 467/784/2 465/785/2
f 472/786/1 469/787/1 471/788/1
f 470/789/6 465/790/6 469/791/6
f 473/792/2 476/793/2 475/794/2
f 479/795/1 478/796/1 477/797/1
f 472/798/5 466/799/5 470/800/5
f 477/801/6 474/802/6 473/803/6
f 475/804/48 477/805/48 473/806/48
f 482/807/2 483/808/2 481/809/2
f 487/810/1 486/811/1 485/812/1
f 480/813/49 474/814/49 478/815/49
f 486/816/6 481/817/6 485/815/6
f 487/818/50 481/819/50 483/820/50
f 484/821/51 486/822/51 488/823/51
f 489/824/2 492/825/2 491/826/2
f 495/827/1 494/828/1 493/829/1
f 494/830/6 489/831/6 493/832/6
f 498/833/2 499/834/2 497/835/2
f 503/836/1 502/837/1 501/838/1
f 492/839/52 494/840/52 496/841/52
f 502/842/6 497/843/6 501/844/6
f 499/845/4 501/846/4 497/847/4
f 506/848/2 507/849/2 505/850/2
f 511/851/1 510/852/1 509/853/1
f 504/854/53 498/855/53 502/856/53
f 510/857/6 505/522/6 509/521/6
f 511/858/54 505/859/54 507/860/54
f 508/861/55 510/862/55 512/455/55
f 513/863/2 516/864/2 515/865/2
f 520/866/1 517/867/1 519/868/1
f 518/869/6 513/870/6 517/871/6
f 522/872/2 523/873/2 521/874/2
f 527/875/1 526/876/1 525/877/1
f 516/878/56 518/879/56 520/880/56
f 525/881/6 522/882/6 521/883/6
f 523/884/57 525/885/57 521/886/57
f 530/887/2 531/888/2 529/889/2
f 536/890/1 533/891/1 535/892/1
f 524/893/58 526/894/58 528/895/58
f 533/896/6 530/897/6 529/898/6
f 535/899/4 529/900/4 531/901/4
f 536/902/59 530/773/59 534/772/59
f 538/903/2 539/904/2 537/905/2
f 544/906/1 541/907/1 543/787/1
f 542/908/6 537/909/6 541/910/6
f 546/911/2 547/912/2 545/913/2
f 551/914/1 550/915/1 549/916/1
f 544/917/60 538/918/60 542/919/60
f 550/920/6 545/921/6 549/922/6
f 547/727/61 549/923/61 545/924/61
f 554/925/2 555/926/2 553/927/2
f 559/928/1 558/929/1 557/930/1
f 552/931/62 546/932/62 550/933/62
f 558/934/6 553/935/6 557/936/6
f 555/937/4 557/938/4 553/939/4
f 560/940/63 554/941/63 558/942/63
f 562/943/2 563/944/2 561/945/2
f 567/946/1 566/947/1 565/948/1
f 566/949/6 561/950/6 565/951/6
f 570/622/2 571/952/2 569/620/2
f 576/953/1 573/954/1 575/553/1
f 568/955/64 562/956/64 566/957/64
f 573/958/6 570/959/6 569/960/6
f 575/961/65 569/962/65 571/963/65
f 577/964/2 580/965/2 579/966/2
f 584/967/1 581/968/1 583/969/1
f 572/970/5 574/971/5 576/972/5
f 582/973/6 577/974/6 581/975/6
f 579/976/66 581/660/66 577/659/66
f 580/977/5 582/978/5 584/979/5
f 585/980/2 588/981/2 587/982/2
f 592/983/1 589/657/1 591/984/1
f 590/985/6 585/986/6 589/987/6
f 594/988/2 595/989/2 593/662/2
f 600/990/1 597/991/1 599/992/1
f 588/993/67 590/994/67 592/995/67
f 597/996/6 594/997/6 593/998/6
f 599/999/68 593/1000/68 595/1001/68
f 602/1002/2 603/1003/2 601/1004/2
f 608/1005/1 605/1006/1 607/1007/1
f 600/1008/69 594/1009/69 598/1010/69
f 605/1011/6 602/1012/6 601/1013/6
f 603/1014/70 605/1015/70 601/1016/70
f 604/1017/71 606/1018/71 608/1019/71
f 609/1020/2 612/1021/2 611/1022/2
f 615/1023/1 614/1024/1 613/1025/1
f 614/1026/6 609/1027/6 613/1028/6
f 618/1029/2 619/1030/2 617/1031/2
f 623/1032/1 622/1033/1 621/1034/1
f 612/1035/72 614/1036/72 616/1037/72
f 621/1038/6 618/1039/6 617/1040/6
f 623/1041/73 617/1042/73 619/714/73
f 626/1043/2 627/1044/2 625/1045/2
f 631/675/1 630/1046/1 629/1047/1
f 620/618/74 622/1048/74 624/1049/74
f 630/1050/6 625/1051/6 629/1052/6
f 631/1053/75 625/820/75 627/1054/75
f 632/1055/76 626/987/76 630/1056/76
f 620/1057/3 623/1058/3 619/1059/3
f 443/1060/3 448/748/3 447/1061/3
f 460/1062/3 463/1063/3 459/1064/3
f 634/1065/1 635/1066/1 633/1067/1
f 639/1068/2 638/1069/2 637/1070/2
f 638/1071/3 633/1072/3 637/1073/3
f 642/1074/1 643/1075/1 641/1076/1
f 647/1077/2 646/1078/2 645/1079/2
f 636/1080/77 638/1025/77 640/1081/77
f 646/1082/3 641/1083/3 645/1084/3
f 647/1085/78 641/1086/78 643/1087/78
f 649/1088/1 652/1089/1 651/1090/1
f 655/1091/2 654/1092/2 653/1093/2
f 648/1094/79 642/1095/79 646/1096/79
f 653/1097/3 650/1098/3 649/1099/3
f 651/1100/80 653/1101/80 649/1102/80
f 656/1103/81 650/1104/81 654/1105/81
f 658/1106/1 659/1107/1 657/1108/1
f 663/1109/2 662/1110/2 661/1111/2
f 662/1112/3 657/1113/3 661/1114/3
f 665/1115/1 668/1116/1 667/1117/1
f 671/1118/2 670/1119/2 669/1120/2
f 660/1121/82 662/1122/82 664/1123/82
f 669/1124/3 666/1125/3 665/1126/3
f 667/1127/83 669/1128/83 665/1129/83
f 673/1130/1 676/1131/1 675/1132/1
f 679/1133/2 678/1134/2 677/1135/2
f 672/1136/84 666/1137/84 670/901/84
f 678/1138/3 673/1139/3 677/1140/3
f 675/837/4 677/1090/4 673/1141/4
f 676/758/85 678/1142/85 680/756/85
f 681/1143/1 684/1144/1 683/1145/1
f 687/1146/2 686/1147/2 685/1148/2
f 686/1149/3 681/1150/3 685/1151/3
f 690/1152/1 691/1153/1 689/1154/1
f 695/1155/2 694/1156/2 693/1157/2
f 684/1158/86 686/782/86 688/1159/86
f 694/1160/3 689/1161/3 693/1162/3
f 691/1163/4 693/1164/4 689/1165/4
f 698/1166/1 699/1167/1 697/1168/1
f 703/1169/2 702/1170/2 701/1171/2
f 696/1172/87 690/690/87 694/691/87
f 702/1173/3 697/1174/3 701/1175/3
f 699/1176/4 701/1177/4 697/1178/4
f 704/443/88 698/1179/88 702/1180/88
f 705/1181/1 708/1182/1 707/1081/1
f 711/1183/2 710/1184/2 709/1185/2
f 710/1186/3 705/1187/3 709/1188/3
f 714/837/1 715/1189/1 713/1190/1
f 719/1191/2 718/1192/2 717/1193/2
f 712/1194/89 706/1195/89 710/1196/89
f 717/1197/3 714/1198/3 713/1199/3
f 715/1200/90 717/1201/90 713/1202/90
f 722/1203/1 723/1204/1 721/1205/1
f 728/1206/2 725/1207/2 727/1208/2
f 716/1209/91 718/1210/91 720/1211/91
f 725/1212/3 722/1213/3 721/1214/3
f 727/1215/4 721/1216/4 723/1217/4
f 728/1218/92 722/1219/92 726/1220/92
f 729/1221/1 732/1222/1 731/1195/1
f 736/1223/2 733/1224/2 735/1225/2
f 734/1226/3 729/1227/3 733/1228/3
f 738/1229/1 739/1230/1 737/1231/1
f 743/1232/2 742/1233/2 741/1234/2
f 732/1235/93 734/1236/93 736/1237/93
f 742/1238/3 737/1239/3 741/1240/3
f 739/1241/94 741/1242/94 737/1243/94
f 746/1244/1 747/1245/1 745/1135/1
f 752/1246/2 749/1247/2 751/1248/2
f 744/1249/95 738/1250/95 742/1251/95
f 750/1252/3 745/1253/3 749/1254/3
f 751/1255/96 745/1256/96 747/1257/96
f 748/1258/5 750/1259/5 752/1185/5
f 754/1260/1 755/1261/1 753/1262/1
f 759/1263/2 758/1264/2 757/1265/2
f 758/1266/3 753/1267/3 757/1268/3
f 762/968/1 763/1269/1 761/969/1
f 768/1270/2 765/1271/2 767/1272/2
f 760/1273/97 754/1274/97 758/1275/97
f 765/1276/3 762/1277/3 761/1278/3
f 767/841/98 761/1279/98 763/1280/98
f 770/1281/1 771/1282/1 769/1283/1
f 775/1284/2 774/1285/2 773/1248/2
f 764/979/5 766/477/5 768/1286/5
f 774/1287/3 769/1288/3 773/1289/3
f 771/1290/99 773/1291/99 769/1292/99
f 776/1255/5 770/1293/5 774/1294/5
f 777/1171/1 780/1295/1 779/1296/1
f 784/1297/2 781/1298/2 783/1299/2
f 782/1300/3 777/1301/3 781/1302/3
f 786/1303/1 787/850/1 785/1304/1
f 792/1305/2 789/1306/2 791/1307/2
f 780/1308/100 782/837/100 784/1309/100
f 789/1310/3 786/709/3 785/1311/3
f 791/1312/101 785/1313/101 787/1314/101
f 793/1315/1 796/1316/1 795/1317/1
f 800/1318/2 797/1319/2 799/1320/2
f 792/1321/102 786/1322/102 790/1323/102
f 797/1324/3 794/1325/3 793/1326/3
f 799/1327/103 793/1328/103 795/1329/103
f 796/1330/5 798/1331/5 800/1332/5
f 801/1333/1 804/1334/1 803/1335/1
f 808/1336/2 805/1143/2 807/1145/2
f 806/1337/3 801/1338/3 805/1339/3
f 810/1340/1 811/1341/1 809/1342/1
f 815/1343/2 814/1344/2 813/1345/2
f 804/1104/104 806/1194/104 808/1196/104
f 813/1346/3 810/1347/3 809/1348/3
f 815/1349/105 809/1350/105 811/1351/105
f 818/1352/1 819/1134/1 817/1353/1
f 823/1354/2 822/1355/2 821/1333/2
f 812/1356/106 814/1357/106 816/1358/106
f 822/1359/3 817/1360/3 821/1361/3
f 819/1362/4 821/1363/4 817/1364/4
f 824/1365/5 818/1366/5 822/968/5
f 652/1367/6 655/1368/6 651/440/6
f 636/1369/6 639/1370/6 635/1371/6
f 812/1372/6 815/1373/6 811/1374/6
f 826/1375/6 827/1376/6 825/1377/6
f 832/1378/3 829/1221/3 831/1379/3
f 830/1380/1 825/1381/1 829/1382/1
f 834/1383/6 835/1384/6 833/1385/6
f 839/1386/3 838/1387/3 837/1388/3
f 832/1389/5 826/1328/5 830/1390/5
f 838/1391/1 833/1392/1 837/1393/1
f 839/1394/107 833/1395/107 835/1396/107
f 842/1397/6 843/1398/6 841/1399/6
f 847/1400/3 846/1401/3 845/1108/3
f 840/1402/108 834/1403/108 838/1404/108
f 845/1405/1 842/1406/1 841/673/1
f 843/1407/109 845/1408/109 841/1409/109
f 844/1410/110 846/1159/110 848/1411/110
f 850/1412/6 851/1413/6 849/1414/6
f 856/1415/3 853/1416/3 855/1417/3
f 854/1418/1 849/1419/1 853/738/1
f 857/1420/6 860/1421/6 859/1422/6
f 863/1423/3 862/1424/3 861/1425/3
f 856/1426/5 850/1427/5 854/1428/5
f 861/1016/1 858/1429/1 857/1430/1
f 859/997/111 861/1431/111 857/1432/111
f 866/1433/6 867/1434/6 865/1435/6
f 871/1436/3 870/1437/3 869/809/3
f 864/666/112 858/1438/112 862/1015/112
f 870/1439/1 865/1440/1 869/1441/1
f 871/1442/113 865/682/113 867/1443/113
f 868/1444/114 870/1124/114 872/1445/114
f 873/1446/6 876/1447/6 875/1448/6
f 879/1449/3 878/1450/3 877/1451/3
f 878/1452/1 873/1129/1 877/1453/1
f 882/1454/6 883/1455/6 881/1456/6
f 887/1457/3 886/1458/3 885/1459/3
f 876/1460/115 878/1461/115 880/1462/115
f 886/1463/1 881/1464/1 885/1465/1
f 883/1466/4 885/919/4 881/1467/4
f 890/513/6 891/1468/6 889/511/6
f 895/1469/3 894/1470/3 893/1471/3
f 888/1472/116 882/1473/116 886/1474/116
f 894/1475/1 889/1476/1 893/1477/1
f 895/1462/117 889/1478/117 891/1479/117
f 892/1480/118 894/1481/118 896/1482/118
f 898/1483/6 899/1484/6 897/1485/6
f 903/1486/3 902/1487/3 901/1488/3
f 902/1489/1 897/1490/1 901/702/1
f 899/1491/119 901/1492/119 897/1493/119
f 904/1494/120 898/1495/120 902/1496/120
f 906/1497/6 907/474/6 905/1498/6
f 911/1499/3 910/1500/3 909/1190/3
f 910/1501/1 905/1502/1 909/1503/1
f 914/1504/6 915/1505/6 913/1506/6
f 920/1507/3 917/1508/3 919/1509/3
f 912/829/121 906/1510/121 910/1511/121
f 917/1512/1 914/1513/1 913/1514/1
f 919/1515/122 913/1516/122 915/1517/122
f 921/1518/6 924/1519/6 923/1520/6
f 928/1521/3 925/1522/3 927/1523/3
f 920/1524/5 914/1525/5 918/478/5
f 926/1516/1 921/1526/1 925/1517/1
f 923/1527/123 925/1528/123 921/1529/123
f 924/814/5 926/829/5 928/1530/5
f 929/1531/6 932/1532/6 931/1533/6
f 936/1534/3 933/1535/3 935/1536/3
f 934/1537/1 929/1538/1 933/1539/1
f 938/1540/6 939/1541/6 937/1542/6
f 944/1543/3 941/1544/3 943/1545/3
f 932/1546/124 934/1547/124 936/1548/124
f 941/1549/1 938/1550/1 937/894/1
f 943/1551/125 937/1552/125 939/1553/125
f 946/1554/6 947/1555/6 945/1556/6
f 952/1557/3 949/1558/3 951/1559/3
f 944/1560/126 938/1561/126 942/1562/126
f 949/1563/1 946/1564/1 945/1565/1
f 947/1566/127 949/1567/127 945/1568/127
f 948/1313/128 950/1569/128 952/1570/128
f 953/1571/6 956/1572/6 955/1573/6
f 959/1574/3 958/1575/3 957/1576/3
f 958/1577/1 953/1578/1 957/1579/1
f 962/1580/6 963/1581/6 961/1582/6
f 967/1583/3 966/1584/3 965/1585/3
f 956/1586/129 958/1587/129 960/1588/129
f 965/1589/1 962/1590/1 961/1591/1
f 967/1592/130 961/1593/130 963/1594/130
f 970/1595/6 971/1596/6 969/1597/6
f 975/1598/3 974/1599/3 973/927/3
f 964/1600/131 966/1601/131 968/1602/131
f 974/856/1 969/1513/1 973/854/1
f 975/550/132 969/1603/132 971/1604/132
f 976/1605/133 970/1606/133 974/612/133
f 964/1607/2 967/1608/2 963/1609/2
f 828/1610/2 831/1611/2 827/1612/2
f 844/1613/2 847/1614/2 843/1615/2
f 996/1616/5 986/1617/5 1012/1618/5
f 981/1619/6 2054/1620/6 2058/1621/6
f 997/1622/1 2055/1623/1 2064/1624/1
f 984/1625/9 2059/1626/9 2054/1627/9
f 982/1628/7 2058/1621/7 2055/1629/7
f 2060/1630/1 986/1631/1 2061/1632/1
f 983/1633/2 2062/1634/2 2059/1626/2
f 990/1635/2 1011/1636/2 980/1637/2
f 985/1638/3 993/1639/3 991/1640/3
f 989/1641/7 978/1642/7 977/1643/7
f 987/1644/9 980/1637/9 979/1645/9
f 995/1646/1 989/1647/1 977/1648/1
f 988/1649/6 979/1650/6 978/1642/6
f 1020/1651/1 992/1652/1 1021/1653/1
f 991/1654/4 1020/1655/4 1017/1656/4
f 991/1657/1 994/1658/1 985/1659/1
f 986/1631/1 2063/1660/1 2061/1632/1
f 996/1661/1 2064/1624/1 2063/1660/1
f 999/1662/1 994/1658/1 998/1663/1
f 1026/1664/5 1007/1665/5 1012/1618/5
f 2056/1666/3 1004/1667/3 2065/1668/3
f 2057/1669/1 1027/1670/1 2069/1671/1
f 2066/1672/10 1007/1673/10 2056/1666/10
f 2065/1674/8 1005/1675/8 2057/1669/8
f 2067/1676/1 1008/1677/1 2060/1630/1
f 2062/1634/2 1006/1678/2 2066/1679/2
f 1011/1636/2 1016/1680/2 1003/1681/2
f 1023/1682/6 1009/1639/6 1018/1683/6
f 1001/1684/8 1015/1685/8 1000/1686/8
f 1003/1687/10 1013/1688/10 1002/1689/10
f 1000/1686/1 1029/1690/1 1025/1691/1
f 1002/1689/3 1014/1692/3 1001/1693/3
f 1022/1694/1 1020/1651/1 1021/1653/1
f 1020/1655/4 1018/1695/4 1017/1656/4
f 1024/1696/1 1018/1697/1 1009/1698/1
f 2068/1699/1 1010/1700/1 2067/1676/1
f 2069/1671/1 1026/1701/1 2068/1699/1
f 1024/1696/1 1029/1690/1 1028/1702/1
f 1035/1703/1 1034/1704/1 1032/1705/1
f 1035/1706/5 1037/1707/5 1038/1708/5
f 1054/1709/1 1030/1710/1 1035/1703/1
f 1034/1711/4 1033/1712/4 1032/1713/4
f 1050/1714/3 1047/1715/3 1058/1716/3
f 1054/1709/1 1032/1705/1 1049/1717/1
f 1032/1718/6 1040/1719/6 1031/1720/6
f 1049/1717/1 1031/1721/1 1044/1722/1
f 1059/1723/1 1050/1724/1 1058/1725/1
f 1036/1726/1 1042/1727/1 1037/1728/1
f 1030/1729/6 1036/1730/6 1035/1731/6
f 1048/1732/1 1056/1733/1 1052/1734/1
f 1047/1735/1 1049/1717/1 1044/1722/1
f 1055/1736/5 1052/1737/5 1056/1738/5
f 1054/1709/1 1046/1739/1 1045/1740/1
f 1050/1741/4 1051/1742/4 1048/1743/4
f 1033/1744/1 1041/1745/1 1040/1746/1
f 1049/1717/1 1052/1734/1 1054/1709/1
f 1053/1747/1 1060/1748/1 1061/1749/1
f 1053/1750/3 1046/1751/3 1052/1752/3
f 1063/1753/1 1073/1754/1 1067/1755/1
f 1062/1756/1 1071/1757/1 1065/1758/1
f 1063/1753/1 1070/1759/1 1069/1760/1
f 1072/1761/1 1062/1756/1 1066/1762/1
f 1067/1755/1 1072/1761/1 1066/1762/1
f 1065/1758/1 1096/1763/1 1088/1764/1
f 1064/1765/1 1097/1766/1 1070/1759/1
f 1070/1767/134 1075/1768/134 1069/1769/134
f 1078/1770/6 1068/1771/6 1072/1772/6
f 1079/1773/6 1072/1772/6 1073/1774/6
f 1071/1775/135 1104/1776/135 1096/1777/135
f 1097/1778/136 1076/1779/136 1070/1767/136
f 1075/1780/6 1073/1774/6 1069/1781/6
f 1068/1782/137 1077/1783/137 1071/1775/137
f 1067/1784/3 1081/1785/3 1063/1786/3
f 1065/1787/138 1080/1788/138 1062/1789/138
f 1063/1790/139 1082/1791/139 1064/1792/139
f 1062/1793/3 1084/1794/3 1066/1795/3
f 1066/1795/3 1085/1796/3 1067/1784/3
f 1088/1797/138 1083/1798/138 1065/1787/138
f 1064/1792/139 1113/1799/139 1089/1800/139
f 1087/1801/1 1101/1802/1 1095/1803/1
f 1099/1804/1 1086/1805/1 1091/1806/1
f 1087/1801/1 1098/1807/1 1090/1808/1
f 1086/1805/1 1100/1809/1 1092/1810/1
f 1093/1811/1 1100/1809/1 1101/1802/1
f 1096/1763/1 1091/1806/1 1088/1764/1
f 1090/1808/1 1097/1766/1 1089/1812/1
f 1103/1813/138 1098/1814/138 1095/1815/138
f 1094/1816/3 1108/1817/3 1100/1818/3
f 1100/1818/3 1109/1819/3 1101/1820/3
f 1104/1776/140 1099/1821/140 1096/1777/140
f 1106/1822/141 1097/1778/141 1098/1814/141
f 1101/1820/3 1103/1823/3 1095/1824/3
f 1107/1825/139 1094/1826/139 1099/1821/139
f 1111/1785/6 1093/1827/6 1087/1828/6
f 1110/1829/134 1091/1830/134 1086/1831/134
f 1114/1832/137 1087/1833/137 1090/1834/137
f 1116/1794/6 1086/1835/6 1092/1836/6
f 1117/1837/6 1092/1836/6 1093/1827/6
f 1115/1838/134 1088/1797/134 1091/1830/134
f 1113/1799/137 1090/1834/137 1089/1800/137
f 1119/1839/1 1131/1840/1 1123/1841/1
f 1118/1842/1 1129/1843/1 1121/1844/1
f 1119/1839/1 1128/1845/1 1127/1846/1
f 1132/1847/1 1125/1848/1 1124/1849/1
f 1123/1841/1 1130/1850/1 1122/1851/1
f 1121/1844/1 1162/1852/1 1152/1853/1
f 1133/1854/1 1118/1842/1 1125/1848/1
f 1122/1851/1 1132/1847/1 1124/1849/1
f 1120/1855/1 1163/1856/1 1128/1845/1
f 1128/1857/134 1135/1858/134 1127/1859/134
f 1140/1860/6 1133/1861/6 1132/1862/6
f 1139/1863/6 1130/1864/6 1131/1865/6
f 1129/1866/142 1172/1867/142 1162/1868/142
f 1141/1869/6 1126/1870/6 1133/1861/6
f 1138/1871/6 1132/1862/6 1130/1864/6
f 1163/1872/136 1136/1873/136 1128/1857/136
f 1135/1874/6 1131/1865/6 1127/1875/6
f 1126/1876/137 1137/1877/137 1129/1866/137
f 1123/1878/3 1143/1879/3 1119/1880/3
f 1121/1881/138 1142/1882/138 1118/1883/138
f 1119/1884/139 1144/1885/139 1120/1886/139
f 1125/1887/3 1148/1888/3 1124/1889/3
f 1122/1890/3 1147/1891/3 1123/1878/3
f 1152/1892/138 1145/1893/138 1121/1881/138
f 1118/1894/3 1149/1895/3 1125/1887/3
f 1124/1889/3 1146/1896/3 1122/1890/3
f 1120/1886/139 1183/1897/139 1153/1898/139
f 1151/1899/1 1167/1900/1 1161/1901/1
f 1165/1902/1 1150/1903/1 1155/1904/1
f 1151/1899/1 1164/1905/1 1154/1906/1
f 1159/1907/1 1168/1908/1 1158/1909/1
f 1157/1910/1 1166/1911/1 1167/1900/1
f 1162/1852/1 1155/1904/1 1152/1853/1
f 1150/1903/1 1169/1912/1 1159/1907/1
f 1156/1913/1 1168/1908/1 1166/1911/1
f 1154/1906/1 1163/1856/1 1153/1914/1
f 1171/1915/138 1164/1916/138 1161/1917/138
f 1169/1918/3 1178/1919/3 1168/1920/3
f 1166/1921/3 1177/1922/3 1167/1923/3
f 1172/1867/143 1165/1924/143 1162/1868/143
f 1160/1925/3 1179/1926/3 1169/1918/3
f 1168/1920/3 1176/1927/3 1166/1921/3
f 1174/1928/141 1163/1872/141 1164/1916/141
f 1167/1923/3 1171/1929/3 1161/1930/3
f 1175/1931/139 1160/1932/139 1165/1924/139
f 1181/1933/6 1157/1934/6 1151/1935/6
f 1180/1936/134 1155/1937/134 1150/1938/134
f 1184/1939/137 1151/1788/137 1154/1940/137
f 1188/1941/6 1159/1942/6 1158/1943/6
f 1187/1944/6 1156/1945/6 1157/1934/6
f 1185/1946/134 1152/1892/134 1155/1937/134
f 1189/1947/6 1150/1948/6 1159/1942/6
f 1186/1949/6 1158/1943/6 1156/1945/6
f 1183/1897/137 1154/1940/137 1153/1898/137
f 1197/1950/1 1196/1951/1 1192/1952/1
f 1210/1953/6 1205/1954/6 1191/1955/6
f 1197/1956/5 1200/1957/5 1201/1958/5
f 1225/1959/1 1190/1960/1 1197/1950/1
f 1196/1961/4 1195/1962/4 1192/1963/4
f 1211/1964/4 1198/1965/4 1210/1966/4
f 1219/1967/1 1206/1968/1 1230/1969/1
f 1206/1970/5 1204/1971/5 1202/1972/5
f 1225/1959/1 1192/1952/1 1219/1967/1
f 1230/1969/1 1210/1973/1 1235/1974/1
f 1206/1968/1 1211/1975/1 1210/1973/1
f 1192/1976/6 1194/1977/6 1206/1711/6
f 1198/1978/1 1207/1979/1 1205/1980/1
f 1199/1981/1 1208/1982/1 1200/1983/1
f 1195/1984/1 1204/1985/1 1194/1986/1
f 1190/1987/6 1199/1988/6 1197/1989/6
f 1235/1974/1 1191/1990/1 1212/1991/1
f 1221/1992/1 1222/1993/1 1216/1994/1
f 1232/1995/3 1238/1996/3 1215/1997/3
f 1226/1998/5 1222/1999/5 1227/2000/5
f 1225/1959/1 1214/2001/1 1213/2002/1
f 1220/2003/4 1221/2004/4 1216/2005/4
f 1223/2006/4 1239/2007/4 1238/2008/4
f 1233/2009/1 1219/1967/1 1230/1969/1
f 1231/2010/5 1233/2011/5 1228/2012/5
f 1216/1994/1 1225/1959/1 1219/1967/1
f 1238/2013/1 1230/1969/1 1235/1974/1
f 1239/2014/1 1233/2009/1 1238/2013/1
f 1218/2015/3 1216/2016/3 1233/2017/3
f 1234/2018/1 1223/2019/1 1232/2020/1
f 1224/2021/1 1236/2022/1 1237/2023/1
f 1231/2024/1 1220/2025/1 1218/2026/1
f 1224/2027/3 1214/2028/3 1222/2029/3
f 1215/2030/1 1235/1974/1 1212/1991/1
f 1242/2031/1 1248/2032/1 1245/2033/1
f 1247/2034/5 1245/2035/5 1248/2036/5
f 1264/2037/1 1240/2038/1 1255/2039/1
f 1243/2040/4 1244/2041/4 1242/2042/4
f 1257/2043/6 1260/2044/6 1268/2045/6
f 1259/2046/1 1245/2033/1 1264/2037/1
f 1250/2047/3 1242/2048/3 1241/2049/3
f 1241/2050/1 1259/2046/1 1254/2051/1
f 1269/2052/1 1260/2053/1 1267/2054/1
f 1246/2055/1 1252/2056/1 1253/2057/1
f 1246/2058/3 1240/2059/3 1245/2060/3
f 1262/2061/1 1261/2062/1 1258/2063/1
f 1259/2046/1 1257/2064/1 1254/2051/1
f 1262/2065/5 1265/2066/5 1266/2067/5
f 1264/2037/1 1256/2068/1 1262/2061/1
f 1261/2069/4 1260/2067/4 1258/2066/4
f 1243/2070/1 1251/2071/1 1249/2072/1
f 1264/2037/1 1258/2063/1 1259/2046/1
f 1263/2073/1 1270/2074/1 1265/2075/1
f 1256/2076/6 1263/2077/6 1262/2078/6
f 1273/2079/1 1283/2080/1 1279/2081/1
f 1281/2082/1 1272/2083/1 1275/2084/1
f 1273/2079/1 1280/2085/1 1274/2086/1
f 1272/2083/1 1282/2087/1 1276/2088/1
f 1277/2089/1 1282/2087/1 1283/2080/1
f 1306/2090/1 1275/2084/1 1298/2091/1
f 1274/2086/1 1307/2092/1 1299/2093/1
f 1285/2094/138 1280/2095/138 1279/2096/138
f 1278/2097/3 1288/2098/3 1282/2099/3
f 1282/2099/3 1289/2100/3 1283/2101/3
f 1314/2102/140 1281/2103/140 1306/2104/140
f 1286/2105/141 1307/2106/141 1280/2095/141
f 1283/2101/3 1285/2107/3 1279/2108/3
f 1287/2109/139 1278/1876/139 1281/2103/139
f 1291/2110/6 1277/2111/6 1273/2112/6
f 1290/2113/134 1275/2114/134 1272/2115/134
f 1292/2116/137 1273/2117/137 1274/2118/137
f 1294/2119/6 1272/2120/6 1276/2121/6
f 1295/2122/6 1276/2121/6 1277/2111/6
f 1293/2123/134 1298/2124/134 1275/2114/134
f 1323/2125/137 1274/2118/137 1299/2126/137
f 1297/2127/1 1311/2128/1 1303/2129/1
f 1296/2130/1 1309/2131/1 1301/2132/1
f 1297/2127/1 1308/2133/1 1305/2134/1
f 1310/2135/1 1296/2130/1 1302/2136/1
f 1303/2129/1 1310/2135/1 1302/2136/1
f 1301/2132/1 1306/2090/1 1298/2091/1
f 1300/2137/1 1307/2092/1 1308/2133/1
f 1308/2138/134 1313/2139/134 1305/2140/134
f 1318/2141/6 1304/2142/6 1310/2143/6
f 1319/2144/6 1310/2143/6 1311/2145/6
f 1309/2146/135 1314/2102/135 1306/2104/135
f 1307/2106/136 1316/2147/136 1308/2138/136
f 1313/2148/6 1311/2145/6 1305/2149/6
f 1304/1826/137 1317/2150/137 1309/2146/137
f 1303/2151/3 1321/2152/3 1297/2153/3
f 1301/2154/138 1320/2155/138 1296/2156/138
f 1297/2157/139 1324/2158/139 1300/2159/139
f 1296/2160/3 1326/2161/3 1302/2162/3
f 1302/2162/3 1327/2163/3 1303/2151/3
f 1298/2124/138 1325/2164/138 1301/2154/138
f 1300/2159/139 1323/2125/139 1299/2126/139
f 1329/2165/1 1341/2166/1 1337/1846/1
f 1339/2167/1 1328/2168/1 1331/2169/1
f 1329/2165/1 1338/2170/1 1330/2171/1
f 1335/2172/1 1342/1847/1 1334/2173/1
f 1333/2174/1 1340/1850/1 1341/2166/1
f 1372/2175/1 1331/2169/1 1362/2176/1
f 1328/2168/1 1343/1854/1 1335/2172/1
f 1332/2177/1 1342/1847/1 1340/1850/1
f 1330/2171/1 1373/2178/1 1363/2179/1
f 1345/2180/138 1338/2181/138 1337/2182/138
f 1343/2183/3 1350/2184/3 1342/2185/3
f 1340/2186/3 1349/2187/3 1341/2188/3
f 1382/2189/140 1339/2190/140 1372/2191/140
f 1336/2192/3 1351/2193/3 1343/2183/3
f 1342/2185/3 1348/2194/3 1340/2186/3
f 1346/2195/141 1373/2196/141 1338/2181/141
f 1341/2188/3 1345/2197/3 1337/2198/3
f 1347/2199/139 1336/2200/139 1339/2190/139
f 1353/2201/6 1333/2202/6 1329/2203/6
f 1352/2204/134 1331/2205/134 1328/2206/134
f 1354/2207/137 1329/2208/137 1330/2209/137
f 1358/2210/6 1335/2211/6 1334/2212/6
f 1357/2213/6 1332/2214/6 1333/2202/6
f 1355/2215/134 1362/2216/134 1331/2205/134
f 1359/2217/6 1328/2218/6 1335/2211/6
f 1356/2219/6 1334/2212/6 1332/2214/6
f 1393/2220/137 1330/2209/137 1363/2221/137
f 1361/2222/1 1377/2223/1 1367/2224/1
f 1360/2225/1 1375/2226/1 1365/2227/1
f 1361/2222/1 1374/2228/1 1371/2229/1
f 1378/2230/1 1369/2231/1 1368/2232/1
f 1367/2224/1 1376/2233/1 1366/2234/1
f 1365/2227/1 1372/2175/1 1362/2176/1
f 1379/2235/1 1360/2225/1 1369/2231/1
f 1366/2234/1 1378/2230/1 1368/2232/1
f 1364/2236/1 1373/2178/1 1374/2228/1
f 1374/2237/134 1381/2238/134 1371/2239/134
f 1388/2240/6 1379/2241/6 1378/2242/6
f 1387/2243/6 1376/2244/6 1377/2245/6
f 1375/2246/135 1382/2189/135 1372/2191/135
f 1389/2247/6 1370/2248/6 1379/2241/6
f 1386/2249/6 1378/2242/6 1376/2244/6
f 1373/2196/136 1384/2250/136 1374/2237/136
f 1381/2251/6 1377/2245/6 1371/2252/6
f 1370/2142/137 1385/2253/137 1375/2246/137
f 1367/2254/3 1391/2255/3 1361/2256/3
f 1365/2257/138 1390/2258/138 1360/2259/138
f 1361/2260/139 1394/2261/139 1364/2262/139
f 1369/2263/3 1398/2264/3 1368/2265/3
f 1366/2266/3 1397/2267/3 1367/2254/3
f 1362/2216/138 1395/2268/138 1365/2257/138
f 1360/2269/3 1399/2270/3 1369/2263/3
f 1368/2265/3 1396/2271/3 1366/2266/3
f 1364/2262/139 1393/2220/139 1363/2221/139
f 1406/2272/1 1407/2273/1 1402/2274/1
f 1415/2275/3 1420/2276/3 1401/2277/3
f 1410/2278/5 1407/2279/5 1411/2011/5
f 1435/2280/1 1400/2281/1 1423/2282/1
f 1405/2283/4 1406/2284/4 1402/2285/4
f 1408/2286/4 1421/2287/4 1420/2288/4
f 1416/2289/1 1429/2290/1 1440/2291/1
f 1414/2292/5 1416/2293/5 1412/2294/5
f 1402/2274/1 1435/2280/1 1429/2290/1
f 1420/2295/1 1440/2291/1 1445/2296/1
f 1421/2297/1 1416/2289/1 1420/2295/1
f 1404/2298/3 1402/2299/3 1416/2300/3
f 1417/2301/1 1408/2302/1 1415/2303/1
f 1409/2304/1 1418/2305/1 1419/2306/1
f 1414/2307/1 1405/2308/1 1404/2309/1
f 1409/2310/3 1400/2311/3 1407/2312/3
f 1401/2313/1 1445/2296/1 1422/2314/1
f 1432/2315/1 1431/2316/1 1426/2317/1
f 1448/2318/6 1442/2319/6 1425/2320/6
f 1432/2321/5 1436/2016/5 1437/2322/5
f 1435/2280/1 1424/2323/1 1432/2315/1
f 1431/2324/4 1430/1741/4 1426/1743/4
f 1449/2325/4 1433/2326/4 1448/2327/4
f 1429/2290/1 1443/2328/1 1440/2291/1
f 1443/2329/5 1441/2330/5 1438/2331/5
f 1435/2280/1 1426/2317/1 1429/2290/1
f 1440/2291/1 1448/2332/1 1445/2296/1
f 1443/2328/1 1449/2333/1 1448/2332/1
f 1426/2334/6 1428/2335/6 1443/2336/6
f 1433/2337/1 1444/2338/1 1442/2339/1
f 1434/2340/1 1446/2341/1 1436/2342/1
f 1430/2343/1 1441/2344/1 1428/2345/1
f 1424/2346/6 1434/2347/6 1432/2348/6
f 1445/2296/1 1425/2349/1 1422/2314/1
f 1453/2350/1 1464/2351/1 1465/2352/1
f 1464/2353/5 1450/2354/5 1462/2355/5
f 1466/2356/2 1455/2357/2 1467/2358/2
f 1450/2359/3 1453/2360/3 1451/2361/3
f 1457/2356/1 1468/2362/1 1469/2363/1
f 1468/2364/5 1454/2365/5 1466/2366/5
f 1470/2367/2 1459/2368/2 1471/2369/2
f 1455/2370/3 1456/2371/3 1457/2372/3
f 1461/2373/1 1472/2374/1 1473/2375/1
f 1472/2355/5 1458/2362/5 1470/2376/5
f 1459/2377/3 1460/2378/3 1461/2379/3
f 1465/2380/6 1462/2381/6 1463/2382/6
f 1467/2383/6 1468/2384/6 1466/2385/6
f 1471/2386/6 1472/2387/6 1470/2388/6
f 1462/2389/2 1451/2390/2 1463/2391/2
f 1475/2392/144 1476/2393/144 1474/2394/144
f 1476/2395/2 1493/2396/2 1492/2397/2
f 1491/2398/1 1474/2399/1 1490/2400/1
f 1492/2401/4 1474/2402/4 1476/2403/4
f 1477/2404/145 1491/2405/145 1493/2406/145
f 1479/2407/4 1480/2408/4 1478/2409/4
f 1480/2410/2 1485/2411/2 1484/2412/2
f 1485/2413/5 1482/2414/5 1484/2415/5
f 1482/2416/146 1479/2417/146 1478/2418/146
f 1484/2419/3 1478/2420/3 1480/2421/3
f 1485/2422/147 1479/2423/147 1483/2424/147
f 1488/2425/148 1487/2426/148 1486/2427/148
f 1488/2428/2 1493/2396/2 1489/2429/2
f 1490/2430/6 1493/2431/6 1492/2432/6
f 1486/2433/1 1491/2398/1 1490/2400/1
f 1486/2434/4 1492/2401/4 1488/2435/4
f 1491/2405/149 1489/2436/149 1493/2406/149
f 1496/2437/4 1495/2438/4 1494/2439/4
f 1496/2440/2 1501/2441/2 1497/2442/2
f 1498/2443/5 1501/2444/5 1500/2445/5
f 1498/2446/150 1495/2447/150 1499/2448/150
f 1494/2449/6 1500/2450/6 1496/2451/6
f 1501/2452/151 1495/2453/151 1497/2454/151
f 1514/2455/152 1525/2456/152 1517/2457/152
f 1508/2458/1 1511/2459/1 1503/2460/1
f 1504/2461/2 1515/2462/2 1507/2463/2
f 1509/2464/153 1516/2465/153 1508/2458/153
f 1505/2466/154 1512/2467/154 1504/2461/154
f 1506/2468/3 1517/2469/3 1509/2470/3
f 1502/2471/6 1513/2472/6 1505/2473/6
f 1507/2463/155 1514/2474/155 1506/2475/155
f 1503/2460/156 1510/2476/156 1502/2472/156
f 1510/2477/157 1521/2478/157 1513/2479/157
f 1515/2480/158 1522/2481/158 1514/2455/158
f 1511/2482/159 1518/2483/159 1510/2477/159
f 1516/2484/160 1519/2485/160 1511/2482/160
f 1512/2486/161 1523/2487/161 1515/2480/161
f 1516/2484/162 1525/2456/162 1524/2488/162
f 1512/2486/163 1521/2478/163 1520/2489/163
f 1508/2490/4 1503/2491/4 1507/2492/4
f 1530/2493/4 1532/2494/4 1526/2495/4
f 1538/2496/5 1549/2497/5 1541/2498/5
f 1532/2499/1 1535/2500/1 1527/2501/1
f 1528/2502/2 1539/2503/2 1531/2504/2
f 1533/2505/8 1540/2506/8 1532/2499/8
f 1529/2507/9 1536/2508/9 1528/2502/9
f 1530/2509/3 1541/2510/3 1533/2511/3
f 1526/2512/6 1537/2513/6 1529/2514/6
f 1531/2515/10 1538/2516/10 1530/2509/10
f 1527/2517/7 1534/2518/7 1526/2512/7
f 1544/2519/1 1555/2520/1 1547/2521/1
f 1534/2494/5 1545/2522/5 1537/2523/5
f 1538/2496/5 1547/2524/5 1546/2525/5
f 1535/2526/5 1542/2527/5 1534/2494/5
f 1540/2528/5 1543/2529/5 1535/2526/5
f 1536/2530/5 1547/2524/5 1539/2531/5
f 1540/2528/5 1549/2497/5 1548/2532/5
f 1537/2523/5 1544/2533/5 1536/2530/5
f 1549/2534/9 1556/2535/9 1548/2536/9
f 1545/2537/8 1552/2538/8 1544/2519/8
f 1546/2539/6 1557/2540/6 1549/2541/6
f 1542/2542/3 1553/2543/3 1545/2544/3
f 1547/2545/7 1554/2546/7 1546/2539/7
f 1543/2547/10 1550/2548/10 1542/2542/10
f 1548/2536/2 1551/2549/2 1543/2550/2
f 1559/2551/5 1560/2552/5 1561/2553/5
f 1565/2554/4 1563/2555/4 1564/2556/4
f 1562/2557/164 1570/2558/164 1572/2559/164
f 1565/2560/6 1573/2561/6 1570/2562/6
f 1571/2563/3 1562/2564/3 1572/2565/3
f 1568/2566/3 1558/2567/3 1559/2568/3
f 1566/2569/6 1561/2570/6 1560/2571/6
f 1567/2572/2 1560/2573/2 1558/2574/2
f 1584/2575/3 1588/2576/3 1583/2577/3
f 1569/2578/6 1570/2562/6 1573/2561/6
f 1567/2579/165 1570/2580/165 1566/2581/165
f 1575/2582/5 1576/2583/5 1577/2584/5
f 1581/2585/4 1579/2586/4 1580/2587/4
f 1578/2588/164 1586/2589/164 1588/2590/164
f 1581/2591/6 1589/2592/6 1586/2593/6
f 1587/2594/3 1578/2595/3 1588/2576/3
f 1584/2575/3 1574/2596/3 1575/2597/3
f 1582/2598/6 1577/2599/6 1576/2600/6
f 1583/2601/2 1576/2602/2 1574/2603/2
f 1600/2604/3 1604/2605/3 1599/2606/3
f 1585/2607/6 1586/2593/6 1589/2592/6
f 1583/2608/165 1586/2609/165 1582/2610/165
f 1591/2611/5 1592/2612/5 1593/2613/5
f 1597/2614/4 1595/2615/4 1596/2616/4
f 1594/2617/164 1602/2618/164 1604/2619/164
f 1597/2620/6 1605/2621/6 1602/2622/6
f 1603/2623/3 1594/2624/3 1604/2605/3
f 1600/2604/3 1590/2625/3 1591/2626/3
f 1598/2627/6 1593/2628/6 1592/2629/6
f 1599/2630/2 1592/2631/2 1590/2632/2
f 1616/2633/3 1620/2634/3 1615/2635/3
f 1601/2636/6 1602/2622/6 1605/2621/6
f 1599/2637/165 1602/2638/165 1598/2639/165
f 1607/2640/5 1608/2641/5 1609/2642/5
f 1613/2643/4 1611/2644/4 1612/2645/4
f 1610/2646/164 1618/2647/164 1620/2648/164
f 1613/2649/6 1621/2650/6 1618/2651/6
f 1619/2652/3 1610/2653/3 1620/2634/3
f 1616/2633/3 1606/2654/3 1607/2655/3
f 1614/2656/6 1609/2657/6 1608/2658/6
f 1615/2659/2 1608/2660/2 1606/2661/2
f 1632/2662/3 1636/2663/3 1631/2664/3
f 1617/2665/6 1618/2651/6 1621/2650/6
f 1615/2666/165 1618/2667/165 1614/2668/165
f 1623/2669/5 1624/2670/5 1625/2671/5
f 1629/2672/4 1627/2673/4 1628/2674/4
f 1626/2675/164 1634/2676/164 1636/2677/164
f 1629/2678/6 1637/2679/6 1634/2680/6
f 1635/2681/3 1626/2682/3 1636/2663/3
f 1632/2662/3 1622/2683/3 1623/2684/3
f 1630/2685/6 1625/2686/6 1624/2661/6
f 1631/2687/2 1624/2688/2 1622/2614/2
f 1648/2689/3 1652/2690/3 1647/2691/3
f 1633/2692/6 1634/2680/6 1637/2679/6
f 1631/2693/165 1634/2585/165 1630/2694/165
f 1639/2695/5 1640/2696/5 1641/2697/5
f 1645/2698/4 1643/2699/4 1644/2700/4
f 1642/2701/164 1650/2702/164 1652/2703/164
f 1645/2704/6 1653/2705/6 1650/2706/6
f 1651/2707/3 1642/2708/3 1652/2690/3
f 1648/2689/3 1638/2709/3 1639/2710/3
f 1646/2711/6 1641/2712/6 1640/2713/6
f 1647/2714/2 1640/2715/2 1638/2660/2
f 1664/2716/3 1668/2717/3 1663/2718/3
f 1649/2719/6 1650/2706/6 1653/2705/6
f 1647/2720/165 1650/2721/165 1646/2722/165
f 1655/2723/5 1656/2724/5 1657/2725/5
f 1661/2726/4 1659/2727/4 1660/2728/4
f 1658/2729/164 1666/2730/164 1668/2731/164
f 1661/2732/6 1669/2733/6 1666/2734/6
f 1667/2735/3 1658/2736/3 1668/2717/3
f 1664/2716/3 1654/2737/3 1655/2738/3
f 1662/2739/6 1657/2740/6 1656/2741/6
f 1663/2742/2 1656/2743/2 1654/2744/2
f 1680/2745/1 1684/2746/1 1679/2747/1
f 1665/2748/6 1666/2734/6 1669/2733/6
f 1663/2749/165 1666/2750/165 1662/2751/165
f 1671/2752/5 1672/2753/5 1673/2754/5
f 1677/2755/4 1675/2756/4 1676/2757/4
f 1674/2758/166 1682/2759/166 1684/2760/166
f 1677/2761/2 1685/2762/2 1682/2763/2
f 1683/2764/1 1674/2765/1 1684/2746/1
f 1680/2745/1 1670/2766/1 1671/2767/1
f 1678/2768/2 1673/2769/2 1672/2770/2
f 1679/2771/3 1672/2744/3 1670/2772/3
f 1696/2773/1 1700/2774/1 1695/2775/1
f 1681/2776/2 1682/2763/2 1685/2762/2
f 1679/2777/167 1682/2778/167 1678/2779/167
f 1687/2780/5 1688/2781/5 1689/2782/5
f 1693/2783/4 1691/2784/4 1692/2785/4
f 1690/2786/166 1698/2787/166 1700/2788/166
f 1693/2789/2 1701/2790/2 1698/2791/2
f 1699/2792/1 1690/2793/1 1700/2774/1
f 1696/2773/1 1686/2794/1 1687/2795/1
f 1694/2796/2 1689/2797/2 1688/2798/2
f 1695/2799/3 1688/2800/3 1686/2801/3
f 1712/2802/1 1716/2803/1 1711/2804/1
f 1697/2805/2 1698/2791/2 1701/2790/2
f 1695/2806/167 1698/2807/167 1694/2808/167
f 1703/2809/5 1704/2810/5 1705/2811/5
f 1709/2812/4 1707/2813/4 1708/2814/4
f 1706/2815/166 1714/2816/166 1716/2817/166
f 1709/2818/2 1717/2819/2 1714/2820/2
f 1715/2821/1 1706/2822/1 1716/2803/1
f 1712/2802/1 1702/2823/1 1703/2824/1
f 1710/2825/2 1705/2826/2 1704/2827/2
f 1711/2828/3 1704/2829/3 1702/2830/3
f 1728/2831/1 1732/2832/1 1727/2833/1
f 1713/2834/2 1714/2820/2 1717/2819/2
f 1711/2835/167 1714/2836/167 1710/2837/167
f 1719/2838/5 1720/2839/5 1721/2840/5
f 1725/2841/4 1723/2842/4 1724/2843/4
f 1722/2844/166 1730/2845/166 1732/2846/166
f 1725/2847/2 1733/2848/2 1730/2849/2
f 1731/2850/1 1722/2851/1 1732/2832/1
f 1728/2831/1 1718/2852/1 1719/2853/1
f 1726/2854/2 1721/2855/2 1720/2856/2
f 1727/2857/3 1720/2858/3 1718/2631/3
f 1744/2859/1 1748/2860/1 1743/2861/1
f 1729/2862/2 1730/2849/2 1733/2848/2
f 1727/2863/167 1730/2864/167 1726/2865/167
f 1735/2866/5 1736/2867/5 1737/2868/5
f 1741/2869/4 1739/2870/4 1740/2871/4
f 1738/2872/166 1746/2873/166 1748/2874/166
f 1741/2875/2 1749/2876/2 1746/2877/2
f 1747/2878/1 1738/2879/1 1748/2860/1
f 1744/2859/1 1734/2880/1 1735/2881/1
f 1742/2882/2 1737/2883/2 1736/2884/2
f 1743/2632/3 1736/2885/3 1734/2630/3
f 1760/2886/1 1764/2887/1 1759/2888/1
f 1745/2889/2 1746/2877/2 1749/2876/2
f 1743/2890/167 1746/2891/167 1742/2892/167
f 1751/2893/5 1752/2894/5 1753/2895/5
f 1757/2896/4 1755/2897/4 1756/2898/4
f 1754/2899/166 1762/2900/166 1764/2901/166
f 1757/2902/2 1765/2903/2 1762/2904/2
f 1763/2905/1 1754/2906/1 1764/2887/1
f 1760/2886/1 1750/2907/1 1751/2908/1
f 1758/2909/2 1753/2910/2 1752/2911/2
f 1759/2801/3 1752/2912/3 1750/2799/3
f 1776/2913/1 1780/2914/1 1775/2915/1
f 1761/2916/2 1762/2904/2 1765/2903/2
f 1759/2917/167 1762/2918/167 1758/2919/167
f 1767/2920/5 1768/2895/5 1769/2921/5
f 1773/2922/4 1771/2923/4 1772/2924/4
f 1770/2925/166 1778/2926/166 1780/2927/166
f 1773/2928/2 1781/2929/2 1778/2930/2
f 1779/2931/1 1770/2932/1 1780/2914/1
f 1776/2913/1 1766/2933/1 1767/2934/1
f 1774/2935/2 1769/2936/2 1768/2937/2
f 1775/2938/3 1768/2939/3 1766/2940/3
f 1792/2941/2 1796/2942/2 1791/2943/2
f 1777/2944/2 1778/2930/2 1781/2929/2
f 1775/2945/167 1778/2946/167 1774/2947/167
f 1783/2948/5 1784/2949/5 1785/2950/5
f 1789/2951/4 1787/2952/4 1788/2953/4
f 1786/2954/168 1794/2955/168 1796/2956/168
f 1789/2957/1 1797/2958/1 1794/2959/1
f 1795/2960/2 1786/2961/2 1796/2942/2
f 1792/2941/2 1782/2962/2 1783/2963/2
f 1790/2964/1 1785/2965/1 1784/2966/1
f 1791/2603/6 1784/2967/6 1782/2601/6
f 1808/2968/2 1812/2969/2 1807/2970/2
f 1793/2971/1 1794/2959/1 1797/2958/1
f 1791/2972/169 1794/2973/169 1790/2974/169
f 1799/2975/5 1800/2976/5 1801/2977/5
f 1805/2978/4 1803/2979/4 1804/2980/4
f 1802/2981/168 1810/2982/168 1812/2983/168
f 1805/2984/1 1813/2985/1 1810/2986/1
f 1811/2987/2 1802/2988/2 1812/2969/2
f 1808/2968/2 1798/2989/2 1799/2990/2
f 1806/2991/1 1801/2992/1 1800/2993/1
f 1807/2994/6 1800/2995/6 1798/2996/6
f 1824/2997/2 1828/2998/2 1823/2999/2
f 1809/3000/1 1810/2986/1 1813/2985/1
f 1807/3001/169 1810/3002/169 1806/3003/169
f 1815/3004/5 1816/3005/5 1817/3006/5
f 1821/3007/4 1819/3008/4 1820/3009/4
f 1818/3010/168 1826/3011/168 1828/3012/168
f 1821/3013/1 1829/3014/1 1826/3015/1
f 1827/3016/2 1818/3017/2 1828/2998/2
f 1824/2997/2 1814/3018/2 1815/3019/2
f 1822/3020/1 1817/3021/1 1816/3022/1
f 1823/3023/6 1816/3024/6 1814/3025/6
f 1840/3026/2 1844/3027/2 1839/3028/2
f 1825/3029/1 1826/3015/1 1829/3014/1
f 1823/3030/169 1826/3031/169 1822/3032/169
f 1831/3033/5 1832/2977/5 1833/3034/5
f 1837/3035/4 1835/3036/4 1836/3037/4
f 1834/3038/168 1842/3039/168 1844/3040/168
f 1837/3041/1 1845/3042/1 1842/3043/1
f 1843/3044/2 1834/3045/2 1844/3027/2
f 1840/3026/2 1830/3046/2 1831/3047/2
f 1838/3000/1 1833/3048/1 1832/2992/1
f 1839/3049/6 1832/3050/6 1830/3051/6
f 1856/3052/2 1860/3053/2 1855/3054/2
f 1841/3055/1 1842/3043/1 1845/3042/1
f 1839/3056/169 1842/3057/169 1838/3058/169
f 1847/3059/5 1848/3060/5 1849/3061/5
f 1853/3062/4 1851/3063/4 1852/2729/4
f 1850/3064/168 1858/3065/168 1860/2738/168
f 1853/3066/1 1861/3067/1 1858/3068/1
f 1859/3069/2 1850/3070/2 1860/3053/2
f 1856/3052/2 1846/3071/2 1847/3072/2
f 1854/3073/1 1849/3074/1 1848/3075/1
f 1855/3076/6 1848/3077/6 1846/3078/6
f 1872/3079/2 1876/3080/2 1871/3081/2
f 1857/3082/1 1858/3068/1 1861/3067/1
f 1855/3083/169 1858/3084/169 1854/3085/169
f 1863/3011/5 1864/3086/5 1865/3012/5
f 1869/3087/4 1867/3088/4 1868/3089/4
f 1866/3090/168 1874/3091/168 1876/3092/168
f 1869/3093/1 1877/3094/1 1874/3095/1
f 1875/3096/2 1866/2761/2 1876/3080/2
f 1872/3079/2 1862/3097/2 1863/3098/2
f 1870/3099/1 1865/3100/1 1864/3101/1
f 1871/3102/6 1864/2996/6 1862/3103/6
f 1888/3104/2 1892/3105/2 1887/3106/2
f 1873/3107/1 1874/3095/1 1877/3094/1
f 1871/3108/169 1874/3109/169 1870/3110/169
f 1879/3111/5 1880/3077/5 1881/3112/5
f 1885/3113/4 1883/3114/4 1884/3115/4
f 1882/3116/168 1890/3117/168 1892/3118/168
f 1885/3119/1 1893/3120/1 1890/3121/1
f 1891/3122/2 1882/3123/2 1892/3105/2
f 1888/3104/2 1878/3124/2 1879/3125/2
f 1886/3126/1 1881/3127/1 1880/3128/1
f 1887/3129/6 1880/3130/6 1878/2934/6
f 1904/3131/6 1908/3132/6 1903/3133/6
f 1889/3134/1 1890/3121/1 1893/3120/1
f 1887/3135/169 1890/3136/169 1886/3137/169
f 1895/3138/5 1896/3139/5 1897/3140/5
f 1901/3141/4 1899/3142/4 1900/3143/4
f 1898/3144/170 1906/3145/170 1908/3146/170
f 1901/3147/3 1909/3148/3 1906/3149/3
f 1907/3150/6 1898/3151/6 1908/3132/6
f 1904/3131/6 1894/3152/6 1895/3153/6
f 1902/3154/3 1897/2770/3 1896/2769/3
f 1903/3155/1 1896/3156/1 1894/3157/1
f 1920/3158/6 1924/3159/6 1919/3160/6
f 1905/3161/3 1906/3149/3 1909/3148/3
f 1903/3162/171 1906/3163/171 1902/3164/171
f 1911/3165/5 1912/3166/5 1913/3167/5
f 1917/3168/4 1915/2728/4 1916/2727/4
f 1914/3169/170 1922/3170/170 1924/3171/170
f 1917/3172/3 1925/3173/3 1922/3174/3
f 1923/3175/6 1914/3176/6 1924/3159/6
f 1920/3158/6 1910/3177/6 1911/3178/6
f 1918/3179/3 1913/3180/3 1912/3181/3
f 1919/3182/1 1912/3183/1 1910/3184/1
f 1936/3185/6 1940/3186/6 1935/3187/6
f 1921/3188/3 1922/3174/3 1925/3173/3
f 1919/3189/171 1922/3190/171 1918/3191/171
f 1927/3192/5 1928/3193/5 1929/3194/5
f 1932/3050/4 1930/3195/4 1931/3051/4
f 1930/3196/170 1938/3197/170 1940/3198/170
f 1933/3199/3 1941/3200/3 1938/3201/3
f 1939/3202/6 1930/2928/6 1940/3186/6
f 1936/3185/6 1926/3203/6 1927/3204/6
f 1934/3205/3 1929/3206/3 1928/3207/3
f 1935/3208/1 1928/3209/1 1926/3210/1
f 1952/3211/6 1956/3212/6 1951/3213/6
f 1937/3214/3 1938/3201/3 1941/3200/3
f 1935/3215/171 1938/3216/171 1934/3217/171
f 1943/3218/5 1944/3219/5 1945/2720/5
f 1949/3220/4 1947/3221/4 1948/3222/4
f 1946/3223/170 1954/3224/170 1956/3225/170
f 1949/3226/3 1957/3227/3 1954/3228/3
f 1955/3229/6 1946/3230/6 1956/3212/6
f 1952/3211/6 1942/3231/6 1943/3210/6
f 1950/3232/3 1945/3233/3 1944/3234/3
f 1951/3235/1 1944/3236/1 1942/2658/1
f 1968/3237/6 1972/3238/6 1967/3239/6
f 1953/3240/3 1954/3228/3 1957/3227/3
f 1951/3241/171 1954/3242/171 1950/3243/171
f 1961/3244/5 1958/3245/5 1960/3246/5
f 1964/3247/4 1962/3220/4 1963/3248/4
f 1962/3249/170 1970/3250/170 1972/3251/170
f 1965/3252/3 1973/3253/3 1970/3254/3
f 1971/3255/6 1962/3256/6 1972/3238/6
f 1968/3237/6 1958/3257/6 1959/3258/6
f 1966/3259/3 1961/3260/3 1960/3261/3
f 1967/3025/1 1960/3262/1 1958/3023/1
f 1984/3263/6 1988/3264/6 1983/3265/6
f 1969/3266/3 1970/3254/3 1973/3253/3
f 1967/3267/171 1970/3268/171 1966/3269/171
f 1975/3270/5 1976/3271/5 1977/3272/5
f 1981/3273/4 1979/3274/4 1980/2966/4
f 1978/3275/170 1986/3276/170 1988/3277/170
f 1981/3278/3 1989/3279/3 1986/3280/3
f 1987/3281/6 1978/3282/6 1988/3264/6
f 1984/3263/6 1974/3283/6 1975/3284/6
f 1982/3285/3 1977/3286/3 1976/3287/3
f 1983/3288/1 1976/3289/1 1974/3290/1
f 2000/3291/6 2004/3292/6 1999/3293/6
f 1985/3294/3 1986/3280/3 1989/3279/3
f 1983/3295/171 1986/3296/171 1982/3297/171
f 1991/3298/5 1992/3299/5 1993/3300/5
f 1997/3301/4 1995/3302/4 1996/2879/4
f 1994/3303/170 2002/3304/170 2004/3305/170
f 1997/3306/3 2005/3307/3 2002/3308/3
f 2003/3309/6 1994/3310/6 2004/3292/6
f 2000/3291/6 1990/2754/6 1991/2753/6
f 1998/3311/3 1993/3312/3 1992/3313/3
f 1999/3314/1 1992/3315/1 1990/3316/1
f 2001/3317/3 2002/3308/3 2005/3307/3
f 1999/3318/171 2002/3319/171 1998/3320/171
f 2020/3321/159 2013/3322/159 2021/3323/159
f 2023/3324/4 2028/3325/4 2024/3321/4
f 2019/3326/163 2010/3327/163 2011/3328/163
f 2015/3329/162 2006/3330/162 2007/3331/162
f 2017/3332/152 2006/3330/152 2014/3333/152
f 2019/3326/161 2008/3334/161 2016/3335/161
f 2020/3321/160 2007/3331/160 2012/3336/160
f 2021/3323/157 2010/3327/157 2018/3337/157
f 2025/2473/3 2014/3338/3 2022/2471/3
f 2026/3339/154 2019/3340/154 2027/3341/154
f 2022/3342/153 2015/3343/153 2023/3344/153
f 2029/2470/6 2018/3345/6 2026/2468/6
f 2016/3335/158 2009/3346/158 2017/3332/158
f 2024/3347/155 2017/3348/155 2025/3349/155
f 2028/3350/156 2021/3351/156 2029/3352/156
f 1568/2566/3 1572/2565/3 1567/3353/3
f 2027/3341/2 2016/3354/2 2024/3347/2
f 2023/3344/1 2020/3355/1 2028/3350/1
f 2031/261/2 2032/3356/2 2030/3357/2
f 2037/3358/1 2034/3359/1 2036/3360/1
f 2035/3361/6 2030/3362/6 2034/3363/6
f 2036/3364/4 2030/3365/4 2032/3366/4
f 2033/180/5 2035/339/5 2037/259/5
f 2359/3367/1 2052/3368/1 2358/3369/1
f 2358/3369/1 2051/3370/1 2357/3371/1
f 2352/3372/2 2050/3373/2 2356/3374/2
f 2357/3371/1 2042/3375/1 2350/3376/1
f 2355/3377/8 2048/3378/8 2363/3379/8
f 2356/3380/10 2047/3381/10 2362/3382/10
f 2363/3379/1 2053/3383/1 2359/3367/1
f 2362/3382/3 2049/3384/3 2355/3385/3
f 2045/3386/1 2354/3387/1 2353/3388/1
f 2043/3389/1 2353/3388/1 2351/3390/1
f 2041/3391/2 2352/3372/2 2349/3392/2
f 2042/3375/1 2351/3390/1 2350/3376/1
f 2039/3393/7 2348/3394/7 2361/3395/7
f 2038/3396/9 2349/3392/9 2360/3397/9
f 2046/3398/1 2361/3399/1 2354/3387/1
f 2040/3400/6 2360/3401/6 2348/3394/6
f 2053/3383/1 2068/1699/1 2052/3368/1
f 2052/3368/1 2067/1676/1 2051/3370/1
f 2044/3402/2 2066/1679/2 2050/3373/2
f 2042/3403/5 2073/3404/5 2043/3405/5
f 2049/3406/8 2057/1669/8 2048/3378/8
f 2050/3407/10 2056/1666/10 2047/3381/10
f 2048/3378/1 2069/1671/1 2053/3383/1
f 2047/3381/3 2065/1668/3 2049/3384/3
f 2063/1660/1 2046/3398/1 2045/3386/1
f 2061/1632/1 2045/3386/1 2043/3389/1
f 2059/1626/2 2044/3402/2 2041/3391/2
f 2043/3408/3 2072/3409/3 2061/3410/3
f 2055/1629/7 2040/3400/7 2039/3393/7
f 2054/1627/9 2041/3391/9 2038/3396/9
f 2064/1624/1 2039/3411/1 2046/3398/1
f 2058/1621/6 2038/3412/6 2040/3400/6
f 2075/3413/1 2070/3414/1 2071/3415/1
f 2070/3414/1 2073/3416/1 2071/3415/1
f 2051/3417/5 2071/3418/5 2042/3403/5
f 2061/3419/4 2070/3420/4 2060/3421/4
f 2067/3422/6 2075/3423/6 2051/3424/6
f 2060/3421/4 2074/3425/4 2067/3426/4
f 2081/3427/4 2079/3428/4 2083/3429/4
f 2082/3430/3 2081/3431/3 2083/3432/3
f 2078/3433/2 2083/3434/2 2079/3435/2
f 2080/3436/5 2078/3437/5 2076/3438/5
f 2076/3439/6 2079/3440/6 2077/3441/6
f 2104/3442/5 2085/3443/5 2084/3444/5
f 2087/3445/4 2111/3446/4 2086/3447/4
f 2110/3448/2 2085/3449/2 2106/3450/2
f 2086/3451/1 2104/3452/1 2084/3453/1
f 2087/3454/6 2084/3455/6 2085/3456/6
f 2089/3457/5 2095/3458/5 2091/3459/5
f 2092/3460/4 2090/3461/4 2088/3462/4
f 2094/3463/1 2093/3464/1 2090/3465/1
f 2093/3466/6 2088/3467/6 2090/3468/6
f 2089/3469/2 2092/3470/2 2088/3471/2
f 2096/3472/5 2099/3473/5 2097/3474/5
f 2101/3475/4 2103/3476/4 2100/3477/4
f 2102/3478/6 2099/3479/6 2098/3480/6
f 2100/3481/3 2096/3482/3 2097/3483/3
f 2101/3484/1 2097/3485/1 2099/3486/1
f 2107/3453/5 2104/3442/5 2105/3487/5
f 2111/3446/4 2109/3488/4 2108/3489/4
f 2107/3490/2 2110/3448/2 2106/3450/2
f 2104/3452/1 2108/3491/1 2105/3492/1
f 2105/3493/3 2109/3494/3 2107/3495/3
f 2119/3496/5 2113/3497/5 2115/3498/5
f 2114/3499/4 2116/3500/4 2112/3501/4
f 2117/3502/1 2118/3464/1 2114/3503/1
f 2112/3504/3 2117/3505/3 2114/3506/3
f 2116/3507/2 2113/3508/2 2112/3509/2
f 2123/3510/5 2120/3511/5 2121/3512/5
f 2127/3513/4 2125/3514/4 2124/3515/4
f 2123/3516/3 2126/3517/3 2122/3518/3
f 2120/3519/6 2124/3520/6 2121/3521/6
f 2121/3522/1 2125/3523/1 2123/3524/1
f 2133/3525/2 2128/3526/2 2135/2857/2
f 2133/3527/4 2134/3528/4 2132/3529/4
f 2134/3530/1 2131/3531/1 2132/3532/1
f 2130/3533/5 2129/3534/5 2128/3535/5
f 2132/3536/6 2130/3537/6 2133/3538/6
f 2135/3539/3 2129/3540/3 2134/3541/3
f 2136/3542/4 2139/3543/4 2138/3544/4
f 2140/3545/5 2143/3546/5 2141/3547/5
f 2137/3548/3 2140/3549/3 2139/3550/3
f 2139/3163/1 2141/3551/1 2138/3552/1
f 2138/3553/6 2143/3554/6 2136/3555/6
f 2136/3556/2 2142/3557/2 2137/3558/2
f 2144/3559/4 2147/3560/4 2146/3561/4
f 2148/3562/5 2151/3563/5 2149/3564/5
f 2145/3565/3 2148/3566/3 2147/3567/3
f 2147/3568/1 2149/3569/1 2146/3570/1
f 2146/3571/6 2151/3572/6 2144/3573/6
f 2144/3574/2 2150/3575/2 2145/3576/2
f 2152/3577/4 2155/3527/4 2154/3529/4
f 2156/3578/5 2159/3579/5 2157/3580/5
f 2153/3581/3 2156/3555/3 2155/3582/3
f 2155/3583/1 2157/3584/1 2154/3585/1
f 2154/3586/6 2159/3576/6 2152/3575/6
f 2152/3587/2 2158/3588/2 2153/3589/2
f 2160/3590/4 2163/3559/4 2162/3591/4
f 2164/3564/5 2167/3592/5 2165/3562/5
f 2161/3593/3 2164/3594/3 2163/3595/3
f 2163/3596/1 2165/3597/1 2162/3598/1
f 2162/3599/6 2167/3600/6 2160/3601/6
f 2160/3602/2 2166/3603/2 2161/3604/2
f 2168/3605/4 2171/3606/4 2170/3607/4
f 2172/3608/5 2175/3542/5 2173/3544/5
f 2169/3609/3 2172/3610/3 2171/3611/3
f 2171/3612/1 2173/3613/1 2170/3614/1
f 2170/3615/6 2175/3616/6 2168/3617/6
f 2168/3618/2 2174/3619/2 2169/3620/2
f 2181/3621/2 2176/3622/2 2183/3623/2
f 2183/3624/4 2180/3625/4 2181/3626/4
f 2182/3627/1 2179/3628/1 2180/3629/1
f 2179/3630/5 2176/3534/5 2178/3542/5
f 2180/3631/6 2178/3632/6 2181/3633/6
f 2183/3634/3 2177/3635/3 2182/3551/3
f 2184/3636/4 2187/3486/4 2186/3637/4
f 2188/3638/5 2191/3639/5 2189/3545/5
f 2185/3640/1 2188/3641/1 2187/3642/1
f 2187/3643/6 2189/3644/6 2186/3645/6
f 2186/3573/2 2191/3646/2 2184/3571/2
f 2184/3532/3 2190/3647/3 2185/3648/3
f 2194/3649/4 2193/3650/4 2195/3651/4
f 2197/3649/5 2198/3652/5 2199/3653/5
f 2193/3654/1 2196/3655/1 2195/3656/1
f 2195/3657/6 2197/3658/6 2194/3659/6
f 2194/3660/2 2199/3661/2 2192/3662/2
f 2192/3663/3 2198/3664/3 2193/3481/3
f 2200/3665/4 2203/3666/4 2202/3667/4
f 2204/3668/5 2207/3542/5 2205/3534/5
f 2201/3669/1 2204/3670/1 2203/3671/1
f 2203/3672/6 2205/3673/6 2202/3674/6
f 2202/3675/2 2207/3676/2 2200/3677/2
f 2200/3678/3 2206/3679/3 2201/3007/3
f 2208/3680/4 2211/3681/4 2210/3682/4
f 2212/3683/5 2215/3680/5 2213/3684/5
f 2209/3685/1 2212/3656/1 2211/3621/1
f 2211/3686/6 2213/3687/6 2210/3688/6
f 2210/3689/2 2215/3690/2 2208/2829/2
f 2208/3691/3 2214/3692/3 2209/3693/3
f 2236/3694/5 2217/3695/5 2216/3696/5
f 2219/3697/4 2243/3698/4 2218/3699/4
f 2242/3700/2 2217/3701/2 2238/3702/2
f 2218/3703/1 2236/3704/1 2216/3705/1
f 2219/3706/6 2216/3493/6 2217/3495/6
f 2221/3707/5 2227/3708/5 2223/3709/5
f 2224/3710/4 2222/3499/4 2220/3711/4
f 2226/3712/1 2225/3713/1 2222/3504/1
f 2225/3714/6 2220/3715/6 2222/3716/6
f 2221/3717/2 2224/3718/2 2220/3719/2
f 2228/3720/5 2231/3721/5 2229/3722/5
f 2233/3723/4 2235/3724/4 2232/3725/4
f 2234/3519/6 2231/3726/6 2230/3727/6
f 2232/3728/3 2228/3729/3 2229/3730/3
f 2233/3522/1 2229/3731/1 2231/3732/1
f 2239/3733/5 2236/3694/5 2237/3734/5
f 2243/3698/4 2241/3735/4 2240/3736/4
f 2239/3737/2 2242/3700/2 2238/3702/2
f 2236/3704/1 2240/3738/1 2237/3739/1
f 2237/3455/3 2241/3731/3 2239/3456/3
f 2251/3458/5 2245/3740/5 2247/3459/5
f 2246/3741/4 2248/3498/4 2244/3497/4
f 2249/3742/1 2250/3743/1 2246/3744/1
f 2244/3724/3 2249/3745/3 2246/3746/3
f 2248/3509/2 2245/3747/2 2244/3748/2
f 2255/3749/5 2252/3750/5 2253/3751/5
f 2259/3752/4 2257/3753/4 2256/3754/4
f 2255/3755/3 2258/3584/3 2254/3756/3
f 2252/3757/6 2256/3758/6 2253/3759/6
f 2253/3484/1 2257/3760/1 2255/3761/1
f 2265/3762/2 2260/3763/2 2267/3764/2
f 2265/3765/4 2266/3766/4 2264/3767/4
f 2266/3768/1 2263/3769/1 2264/3770/1
f 2262/3771/5 2261/3772/5 2260/3773/5
f 2264/3774/6 2262/3775/6 2265/3776/6
f 2267/3777/3 2261/2962/3 2266/3778/3
f 2268/3779/4 2271/3780/4 2270/3559/4
f 2272/3781/5 2275/3782/5 2273/3783/5
f 2269/3784/3 2272/3785/3 2271/3786/3
f 2271/3787/1 2273/3788/1 2270/3789/1
f 2270/3790/6 2275/3791/6 2268/3672/6
f 2269/3792/2 2275/3793/2 2274/3794/2
f 2276/3795/4 2279/3682/4 2278/3681/4
f 2280/3485/5 2283/3625/5 2281/3796/5
f 2277/3797/3 2280/3798/3 2279/3631/3
f 2279/3799/1 2281/3800/1 2278/3801/1
f 2278/3802/6 2283/3629/6 2276/3628/6
f 2276/3582/2 2282/3803/2 2277/3804/2
f 2284/3773/4 2287/3805/4 2286/3561/4
f 2288/3806/5 2291/3807/5 2289/3808/5
f 2285/3809/3 2288/3776/3 2287/3775/3
f 2287/3810/1 2289/3811/1 2286/3812/1
f 2286/3813/6 2291/3656/6 2284/3655/6
f 2284/3786/2 2290/3814/2 2285/3815/2
f 2292/3816/4 2295/3771/4 2294/3817/4
f 2296/3805/5 2299/3559/5 2297/3561/5
f 2293/3818/3 2296/3819/3 2295/3820/3
f 2295/3821/1 2297/3822/1 2294/3823/1
f 2294/3824/6 2299/3825/6 2292/3826/6
f 2292/3827/2 2298/3828/2 2293/3829/2
f 2300/3765/4 2303/3830/4 2302/3831/4
f 2304/3832/5 2307/3771/5 2305/3773/5
f 2301/3833/3 2304/3834/3 2303/3835/3
f 2303/3836/1 2305/3837/1 2302/3838/1
f 2302/3839/6 2307/3840/6 2300/3777/6
f 2300/3674/2 2306/3841/2 2301/3672/2
f 2313/3842/2 2308/3843/2 2315/3530/2
f 2315/3844/4 2312/3845/4 2313/3846/4
f 2314/3847/1 2311/3848/1 2312/3849/1
f 2311/3795/5 2308/3850/5 2310/3851/5
f 2312/3785/6 2310/3852/6 2313/3814/6
f 2315/3611/3 2309/3853/3 2314/3852/3
f 2316/3561/4 2319/3832/4 2318/3773/4
f 2320/3845/5 2323/3854/5 2321/3846/5
f 2317/3855/1 2320/3856/1 2319/3857/1
f 2319/3858/6 2321/3859/6 2318/3860/6
f 2318/3671/2 2323/3861/2 2316/3862/2
f 2316/3863/3 2322/3864/3 2317/3865/3
f 2326/3866/4 2325/3808/4 2327/3807/4
f 2329/3563/5 2330/3579/5 2331/3867/5
f 2325/3868/1 2328/3869/1 2327/3870/1
f 2327/3791/6 2329/3871/6 2326/3673/6
f 2326/3872/2 2331/3873/2 2324/3615/2
f 2324/3812/3 2330/3874/3 2325/3810/3
f 2332/3578/4 2335/3683/4 2334/3684/4
f 2336/3636/5 2339/3666/5 2337/3875/5
f 2333/3143/1 2336/3876/1 2335/3818/1
f 2335/3877/6 2337/3555/6 2334/3554/6
f 2334/3672/2 2339/3878/2 2332/3790/2
f 2332/3879/3 2338/3880/3 2333/3881/3
f 2340/3882/4 2343/3668/4 2342/3534/4
f 2344/3652/5 2347/3665/5 2345/3653/5
f 2341/3764/1 2344/3883/1 2343/3884/1
f 2343/3885/6 2345/3886/6 2342/3887/6
f 2342/3888/2 2347/3889/2 2340/3890/2
f 2340/3891/3 2346/3892/3 2341/3893/3
f 2348/3394/6 2376/3894/6 2364/3895/6
f 2354/3387/1 2377/3896/1 2370/3897/1
f 2360/3397/9 2365/3898/9 2376/3899/9
f 2361/3395/7 2364/3895/7 2377/3900/7
f 2350/3901/4 2382/3902/4 2357/3903/4
f 2349/3392/2 2368/3904/2 2365/3898/2
f 2351/3390/1 2369/3905/1 2367/3906/1
f 2353/3388/1 2370/3897/1 2369/3905/1
f 2378/3907/3 2355/3385/3 2371/3908/3
f 2379/3909/1 2359/3367/1 2375/3910/1
f 2372/3911/10 2362/3382/10 2378/3907/10
f 2371/3912/8 2363/3379/8 2379/3909/8
f 2357/3913/6 2385/3914/6 2373/3915/6
f 2368/3904/2 2356/3374/2 2372/3916/2
f 2374/3917/1 2357/3371/1 2373/3918/1
f 2375/3910/1 2358/3369/1 2374/3917/1
f 1029/1690/1 2374/3917/1 1028/1702/1
f 1028/1702/1 2373/3918/1 1018/1697/1
f 1019/3919/2 2372/3916/2 1016/1680/2
f 1018/1697/1 2366/3920/1 1017/3921/1
f 1014/3922/8 2379/3909/8 1015/1685/8
f 1016/3923/10 2378/3907/10 1013/1688/10
f 1015/1685/1 2375/3910/1 1029/1690/1
f 1013/1688/3 2371/3908/3 1014/1692/3
f 2369/3905/1 999/1662/1 998/1663/1
f 2367/3906/1 998/1663/1 991/1657/1
f 2365/3898/2 1019/3919/2 990/1635/2
f 2366/3920/1 991/1657/1 1017/3921/1
f 2377/3900/7 988/1649/7 989/1641/7
f 2376/3899/9 990/1635/9 987/1644/9
f 2370/3897/1 989/1647/1 999/1662/1
f 2364/3895/6 987/3924/6 988/1649/6
f 2380/3925/1 2384/3926/1 2383/3927/1
f 2385/3928/1 2380/3925/1 2383/3927/1
f 2366/3929/5 2384/3930/5 2367/3931/5
f 2367/3932/3 2381/3915/3 2351/3933/3
f 2351/3934/4 2380/3935/4 2350/3901/4
f 2373/3936/5 2383/3937/5 2366/3929/5
f 2387/3938/1 2399/3939/1 2391/3940/1
f 2386/3941/1 2397/3942/1 2389/3943/1
f 2387/3938/1 2396/3944/1 2395/3945/1
f 2400/3946/1 2393/3947/1 2392/3948/1
f 2391/3940/1 2398/3949/1 2390/3950/1
f 2389/3943/1 2430/3951/1 2420/3952/1
f 2401/3953/1 2386/3941/1 2393/3947/1
f 2390/3950/1 2400/3946/1 2392/3948/1
f 2388/3954/1 2431/3955/1 2396/3944/1
f 2396/3956/134 2403/2148/134 2395/3957/134
f 2408/3958/6 2401/3959/6 2400/3960/6
f 2407/3961/6 2398/3962/6 2399/3963/6
f 2397/3964/135 2440/3965/135 2430/3966/135
f 2409/3967/6 2394/3968/6 2401/3959/6
f 2406/3969/6 2400/3960/6 2398/3962/6
f 2431/3970/136 2404/3971/136 2396/3956/136
f 2403/3972/6 2399/3963/6 2395/3973/6
f 2394/3974/137 2405/3975/137 2397/3964/137
f 2391/3976/3 2411/3977/3 2387/3978/3
f 2389/3979/138 2410/3980/138 2386/3981/138
f 2387/3982/139 2412/3983/139 2388/3984/139
f 2393/3985/3 2416/3986/3 2392/3987/3
f 2390/3988/3 2415/3989/3 2391/3976/3
f 2420/3990/138 2413/3991/138 2389/3979/138
f 2386/3992/3 2417/3993/3 2393/3985/3
f 2392/3987/3 2414/3994/3 2390/3988/3
f 2388/3984/139 2451/3995/139 2421/3996/139
f 2419/3997/1 2435/2223/1 2429/2229/1
f 2433/3998/1 2418/3999/1 2423/4000/1
f 2419/3997/1 2432/4001/1 2422/4002/1
f 2427/4003/1 2436/2230/1 2426/4004/1
f 2425/4005/1 2434/2233/1 2435/2223/1
f 2430/3951/1 2423/4000/1 2420/3952/1
f 2418/3999/1 2437/2235/1 2427/4003/1
f 2424/4006/1 2436/2230/1 2434/2233/1
f 2422/4002/1 2431/3955/1 2421/4007/1
f 2439/4008/138 2432/4009/138 2429/4010/138
f 2437/4011/3 2446/4012/3 2436/4013/3
f 2434/4014/3 2445/4015/3 2435/4016/3
f 2440/3965/140 2433/4017/140 2430/3966/140
f 2428/4018/3 2447/4019/3 2437/4011/3
f 2436/4013/3 2444/4020/3 2434/4014/3
f 2442/4021/141 2431/3970/141 2432/4009/141
f 2435/4016/3 2439/4022/3 2429/4023/3
f 2443/4024/139 2428/4025/139 2433/4017/139
f 2449/4026/6 2425/4027/6 2419/4028/6
f 2448/4029/134 2423/4030/134 2418/4031/134
f 2452/4032/137 2419/4033/137 2422/4034/137
f 2456/4035/6 2427/4036/6 2426/4037/6
f 2455/4038/6 2424/4039/6 2425/4027/6
f 2453/4040/134 2420/3990/134 2423/4030/134
f 2457/4041/6 2418/4042/6 2427/4036/6
f 2454/4043/6 2426/4037/6 2424/4039/6
f 2451/3995/137 2422/4034/137 2421/3996/137
f 2465/4044/1 2464/4045/1 2460/4046/1
f 2478/4047/6 2473/2299/6 2459/4048/6
f 2465/4049/5 2468/4050/5 2469/4051/5
f 2493/4052/1 2458/4053/1 2465/4044/1
f 2464/4054/4 2463/4055/4 2460/4056/4
f 2479/4057/4 2466/4058/4 2478/4059/4
f 2487/4060/1 2474/4061/1 2498/4062/1
f 2474/4063/5 2472/4064/5 2470/4065/5
f 2493/4052/1 2460/4046/1 2487/4060/1
f 2498/4062/1 2478/4066/1 2503/4067/1
f 2474/4061/1 2479/4068/1 2478/4066/1
f 2460/4069/6 2462/4070/6 2474/4071/6
f 2466/4072/1 2475/4073/1 2473/4074/1
f 2467/4075/1 2476/4076/1 2468/4077/1
f 2463/4078/1 2472/4079/1 2462/4080/1
f 2458/4081/6 2467/4082/6 2465/4083/6
f 2503/4067/1 2459/4084/1 2480/4085/1
f 2489/4086/1 2490/4087/1 2484/4088/1
f 2500/4089/3 2506/4090/3 2483/4091/3
f 2494/4092/5 2490/4093/5 2495/4094/5
f 2493/4052/1 2482/4095/1 2481/4096/1
f 2488/4097/4 2489/4098/4 2484/4099/4
f 2491/4100/4 2507/1962/4 2506/4101/4
f 2501/4102/1 2487/4060/1 2498/4062/1
f 2499/4103/5 2501/4104/5 2496/4105/5
f 2484/4088/1 2493/4052/1 2487/4060/1
f 2506/4106/1 2498/4062/1 2503/4067/1
f 2507/4107/1 2501/4102/1 2506/4106/1
f 2486/4108/3 2484/4109/3 2501/4110/3
f 2502/4111/1 2491/4112/1 2500/4113/1
f 2492/4114/1 2504/4115/1 2505/4116/1
f 2499/4117/1 2488/4118/1 2486/4119/1
f 2492/4120/3 2482/4121/3 2490/4122/3
f 2483/4123/1 2503/4067/1 2480/4085/1
f 2509/4124/1 2521/3939/1 2517/3945/1
f 2519/4125/1 2508/4126/1 2511/4127/1
f 2509/4124/1 2518/4128/1 2510/4129/1
f 2515/4130/1 2522/3946/1 2514/4131/1
f 2513/4132/1 2520/3949/1 2521/3939/1
f 2552/4133/1 2511/4127/1 2542/4134/1
f 2508/4126/1 2523/3953/1 2515/4130/1
f 2512/4135/1 2522/3946/1 2520/3949/1
f 2510/4129/1 2553/4136/1 2543/4137/1
f 2525/4138/138 2518/4139/138 2517/4140/138
f 2523/4141/3 2530/4142/3 2522/4143/3
f 2520/4144/3 2529/4145/3 2521/4146/3
f 2562/4147/140 2519/4148/140 2552/4149/140
f 2516/4150/3 2531/4151/3 2523/4141/3
f 2522/4143/3 2528/4152/3 2520/4144/3
f 2526/4153/141 2553/4154/141 2518/4139/141
f 2521/4146/3 2525/4155/3 2517/4156/3
f 2527/4157/139 2516/4158/139 2519/4148/139
f 2533/4159/6 2513/4160/6 2509/4161/6
f 2532/4162/134 2511/4163/134 2508/4164/134
f 2534/4165/137 2509/4166/137 2510/4167/137
f 2538/4168/6 2515/4169/6 2514/4170/6
f 2537/4171/6 2512/4172/6 2513/4160/6
f 2535/4173/134 2542/4174/134 2511/4163/134
f 2539/4175/6 2508/4176/6 2515/4169/6
f 2536/4177/6 2514/4170/6 2512/4172/6
f 2573/4178/137 2510/4167/137 2543/4179/137
f 2541/4180/1 2557/4181/1 2547/4182/1
f 2540/4183/1 2555/4184/1 2545/4185/1
f 2541/4180/1 2554/4186/1 2551/4187/1
f 2558/4188/1 2549/4189/1 2548/4190/1
f 2547/4182/1 2556/4191/1 2546/4192/1
f 2545/4185/1 2552/4133/1 2542/4134/1
f 2559/4193/1 2540/4183/1 2549/4189/1
f 2546/4192/1 2558/4188/1 2548/4190/1
f 2544/4194/1 2553/4136/1 2554/4186/1
f 2554/4195/134 2561/4196/134 2551/4197/134
f 2568/4198/6 2559/4199/6 2558/4200/6
f 2567/4201/6 2556/4202/6 2557/4203/6
f 2555/4204/135 2562/4147/135 2552/4149/135
f 2569/4205/6 2550/4206/6 2559/4199/6
f 2566/4207/6 2558/4200/6 2556/4202/6
f 2553/4154/136 2564/4208/136 2554/4195/136
f 2561/4209/6 2557/4203/6 2551/4210/6
f 2550/4211/137 2565/4212/137 2555/4204/137
f 2547/4213/3 2571/4214/3 2541/4215/3
f 2545/4216/138 2570/4217/138 2540/4218/138
f 2541/4219/139 2574/4220/139 2544/4221/139
f 2549/4222/3 2578/4223/3 2548/4224/3
f 2546/4225/3 2577/4226/3 2547/4213/3
f 2542/4174/138 2575/4227/138 2545/4216/138
f 2540/4228/3 2579/4229/3 2549/4222/3
f 2548/4224/3 2576/4230/3 2546/4225/3
f 2544/4221/139 2573/4178/139 2543/4179/139
f 2586/4231/1 2587/4232/1 2582/4233/1
f 2595/4234/3 2600/4235/3 2581/4236/3
f 2590/4237/5 2587/4238/5 2591/4239/5
f 2615/4240/1 2580/4241/1 2603/4242/1
f 2585/4243/4 2586/4244/4 2582/4245/4
f 2588/4246/4 2601/4247/4 2600/4248/4
f 2596/4249/1 2609/4250/1 2620/4251/1
f 2594/4252/5 2596/4253/5 2592/4254/5
f 2582/4233/1 2615/4240/1 2609/4250/1
f 2600/4255/1 2620/4251/1 2625/4256/1
f 2601/4257/1 2596/4249/1 2600/4255/1
f 2584/4258/3 2582/4259/3 2596/4260/3
f 2597/4261/1 2588/4262/1 2595/4263/1
f 2589/4264/1 2598/4265/1 2599/4266/1
f 2594/4267/1 2585/4268/1 2584/4269/1
f 2589/4270/3 2580/4050/3 2587/4271/3
f 2581/4272/1 2625/4256/1 2602/4273/1
f 2612/4274/1 2611/4275/1 2606/4276/1
f 2628/4277/6 2622/4278/6 2605/4279/6
f 2612/4280/5 2616/4281/5 2617/4282/5
f 2615/4240/1 2604/4283/1 2612/4274/1
f 2611/4284/4 2610/4285/4 2606/4286/4
f 2629/4287/4 2613/4288/4 2628/4289/4
f 2609/4250/1 2623/4290/1 2620/4251/1
f 2623/4291/5 2621/4292/5 2618/4293/5
f 2615/4240/1 2606/4276/1 2609/4250/1
f 2620/4251/1 2628/4294/1 2625/4256/1
f 2623/4290/1 2629/4295/1 2628/4294/1
f 2606/4296/6 2608/1955/6 2623/1954/6
f 2613/4297/1 2624/4298/1 2622/4299/1
f 2614/4300/1 2626/4301/1 2616/4302/1
f 2610/4303/1 2621/4304/1 2608/4305/1
f 2604/4306/6 2614/4307/6 2612/4308/6
f 2625/4256/1 2605/4309/1 2602/4273/1
f 2631/4310/6 2632/4311/6 2630/4312/6
f 2633/4313/2 2636/4314/2 2632/4315/2
f 2637/4316/3 2634/4317/3 2636/4318/3
f 2635/4319/1 2630/165/1 2634/4320/1
f 2636/4321/4 2630/12/4 2632/11/4
f 2633/4322/5 2635/29/5 2637/84/5
f 2639/4323/1 2640/4324/1 2638/324/1
f 2645/4325/2 2642/4326/2 2644/4327/2
f 2643/4328/3 2638/4329/3 2642/4330/3
f 2644/4331/4 2638/4332/4 2640/61/4
f 2641/4333/5 2643/4334/5 2645/4335/5
f 2647/237/1 2648/4336/1 2646/4337/1
f 2665/183/5 2667/4338/5 2669/327/5
f 2653/88/2 2650/4/2 2652/6/2
f 2651/323/3 2646/339/3 2650/338/3
f 2652/4339/4 2646/270/4 2648/272/4
f 2649/4340/5 2651/213/5 2653/4341/5
f 2655/4342/1 2656/4343/1 2654/4344/1
f 2668/4341/4 2662/4345/4 2664/4340/4
f 2661/4346/2 2658/171/2 2660/173/2
f 2659/4322/3 2654/161/3 2658/160/3
f 2660/4347/4 2654/4348/4 2656/4349/4
f 2657/4350/5 2659/4351/5 2661/330/5
f 2667/4352/3 2662/4353/3 2666/4354/3
f 2669/4355/2 2666/4356/2 2668/4357/2
f 2663/4358/1 2664/4359/1 2662/4360/1
f 2681/4361/5 2683/4362/5 2685/4363/5
f 2684/4364/4 2678/4365/4 2680/4366/4
f 2671/4367/3 2672/169/3 2670/4368/3
f 2683/269/2 2678/4369/2 2682/268/2
f 2677/4370/6 2674/4336/6 2676/4371/6
f 2675/4372/2 2670/4373/2 2674/4374/2
f 2676/4375/4 2670/350/4 2672/349/4
f 2673/4376/5 2675/4377/5 2677/4378/5
f 2685/4379/6 2682/4380/6 2684/4381/6
f 2679/4382/3 2680/4383/3 2678/4384/3
f 2687/4385/2 2688/4386/2 2686/4387/2
f 2692/4388/1 2691/4389/1 2690/4390/1
f 2690/4391/6 2687/4392/6 2686/4393/6
f 2692/4394/4 2686/4395/4 2688/4396/4
f 2689/4397/5 2691/4398/5 2693/4399/5
f 2705/4400/5 2707/4401/5 2709/317/5
f 2694/247/2 2697/4318/2 2696/4402/2
f 2708/4378/4 2702/4403/4 2704/4404/4
f 2701/4405/1 2698/4406/1 2700/4407/1
f 2699/4408/6 2694/4409/6 2698/4410/6
f 2696/4366/4 2698/4411/4 2694/4412/4
f 2697/4413/5 2699/11/5 2701/4414/5
f 2707/4415/6 2702/4416/6 2706/4404/6
f 2709/54/1 2706/4417/1 2708/4418/1
f 2703/4419/2 2704/4420/2 2702/4421/2
f 2711/4422/4 2717/258/4 2715/4423/4
f 2716/4424/2 2715/4425/2 2717/4426/2
f 2712/4427/6 2717/4428/6 2713/4429/6
f 2714/4430/5 2712/4431/5 2710/4432/5
f 2710/4433/1 2713/222/1 2711/4434/1
f 2719/4435/6 2720/4317/6 2718/4436/6
f 2725/4437/3 2722/4438/3 2724/4439/3
f 2723/39/1 2718/4440/1 2722/241/1
f 2720/4441/4 2722/4442/4 2718/4443/4
f 2721/4444/5 2723/4445/5 2725/4446/5
f 2727/4447/2 2728/4448/2 2726/33/2
f 2729/130/3 2732/4449/3 2728/4450/3
f 2733/4451/1 2730/4452/1 2732/4453/1
f 2731/4320/6 2726/232/6 2730/4454/6
f 2732/4455/4 2726/4456/4 2728/4457/4
f 2729/30/5 2731/160/5 2733/4458/5
f 2735/4385/6 2736/199/6 2734/4459/6
f 2741/4460/3 2738/4370/3 2740/4371/3
f 2739/4461/1 2734/4412/1 2738/4462/1
f 2740/4446/4 2734/4463/4 2736/4464/4
f 2737/4465/5 2739/4466/5 2741/4467/5
f 2747/4468/4 2745/213/4 2749/215/4
f 2748/4469/3 2747/4470/3 2749/4471/3
f 2744/4472/2 2749/4473/2 2745/4474/2
f 2746/186/5 2744/4468/5 2742/273/5
f 2742/4475/6 2745/4476/6 2743/4477/6
f 2751/4346/6 2752/4478/6 2750/4479/6
f 2757/4480/3 2754/4481/3 2756/4482/3
f 2755/4483/1 2750/4484/1 2754/4485/1
f 2752/4486/4 2754/4485/4 2750/4487/4
f 2753/4488/5 2755/4489/5 2757/4490/5
f 2759/4491/2 2760/4492/2 2758/4493/2
f 2761/313/3 2764/4494/3 2760/4495/3
f 2765/4496/1 2762/4497/1 2764/81/1
f 2763/4498/6 2758/4410/6 2762/4409/6
f 2760/180/4 2762/4499/4 2758/43/4
f 2761/4500/5 2763/167/5 2765/166/5
f 2773/4361/5 2767/4501/5 2771/4502/5
f 2772/68/4 2766/4503/4 2768/4504/4
f 2771/4505/6 2766/4506/6 2770/4507/6
f 2773/4508/1 2770/4460/1 2772/151/1
f 2767/4509/2 2768/4510/2 2766/4511/2
f 2801/4512/5 2803/4513/5 2804/4514/5
f 2805/4515/3 2778/4516/3 2780/4517/3
f 2825/4518/5 2827/4519/5 2828/4520/5
f 2799/4521/6 2776/4522/6 2774/4523/6
f 2780/4524/4 2774/4525/4 2776/4526/4
f 2804/4527/2 2805/4528/2 2780/4529/2
f 2783/4530/172 2784/4531/172 2782/4532/172
f 2785/4533/173 2786/4534/173 2784/4535/173
f 2787/4536/174 2788/4537/174 2786/4534/174
f 2789/4538/175 2790/4539/175 2788/4540/175
f 2791/4541/176 2792/4542/176 2790/4539/176
f 2793/4543/177 2794/4544/177 2792/4545/177
f 2791/4546/1 2789/4547/1 2787/4548/1
f 2795/4549/178 2796/4550/178 2794/4544/178
f 2797/4551/179 2782/4532/179 2796/4552/179
f 2788/4553/2 2792/4554/2 2796/4555/2
f 2801/4512/180 2799/4556/180 2798/4557/180
f 2803/4513/181 2805/4558/181 2804/4514/181
f 2798/4559/1 2799/4560/1 2774/4561/1
f 2829/4562/3 2777/4563/3 2775/4564/3
f 2823/4565/6 2779/4566/6 2781/4567/6
f 2775/4529/4 2781/4568/4 2779/4569/4
f 2828/4570/2 2829/4571/2 2775/4572/2
f 2807/4573/172 2808/4574/172 2806/4575/172
f 2809/4576/173 2810/4577/173 2808/4578/173
f 2811/4579/174 2812/4580/174 2810/4577/174
f 2813/4581/175 2814/4582/175 2812/4583/175
f 2815/4584/176 2816/4585/176 2814/4582/176
f 2817/4586/177 2818/4587/177 2816/4588/177
f 2815/4589/1 2813/4590/1 2811/4591/1
f 2819/4592/178 2820/4593/178 2818/4587/178
f 2821/4594/179 2806/4575/179 2820/4595/179
f 2812/4596/2 2816/4597/2 2820/4598/2
f 2825/4518/180 2823/4599/180 2822/4600/180
f 2827/4519/181 2829/4601/181 2828/4520/181
f 2822/4602/1 2823/4603/1 2781/4604/1
f 2831/4605/182 2849/4606/182 2830/4607/182
f 2832/4608/2 2851/4609/2 2831/4610/2
f 2833/4611/183 2853/4612/183 2832/4613/183
f 2833/4611/184 2857/4614/184 2855/4615/184
f 2835/4616/1 2857/4617/1 2834/4618/1
f 2830/4607/185 2859/4619/185 2835/4620/185
f 2839/4621/186 2834/4622/186 2833/4611/186
f 2831/4610/2 2838/4623/2 2832/4608/2
f 2840/4624/1 2835/4616/1 2834/4618/1
f 2830/4607/187 2837/4625/187 2831/4605/187
f 2832/4613/188 2839/4621/188 2833/4611/188
f 2841/4626/189 2830/4607/189 2835/4620/189
f 2836/4627/190 2847/4628/190 2842/4629/190
f 2846/4630/1 2841/4631/1 2840/4624/1
f 2838/4632/191 2845/4633/191 2839/4634/191
f 2840/4635/192 2845/4633/192 2846/4636/192
f 2837/4637/2 2844/4638/2 2838/4623/2
f 2836/4627/193 2843/4639/193 2837/4640/193
f 2849/4606/194 2873/4641/194 2872/4642/194
f 2851/4609/195 2874/4643/195 2873/4644/195
f 2874/4645/196 2855/4615/196 2875/4646/196
f 2875/4646/197 2857/4614/197 2876/4647/197
f 2857/4617/198 2877/4648/198 2876/4649/198
f 2859/4619/199 2872/4642/199 2877/4650/199
f 2856/4651/200 2863/4652/200 2854/4653/200
f 2850/4654/201 2862/4655/201 2861/4656/201
f 2858/4657/202 2864/4658/202 2856/4659/202
f 2848/4660/203 2861/4661/203 2860/4662/203
f 2852/4663/204 2863/4652/204 2862/4664/204
f 2848/4660/205 2865/4665/205 2858/4666/205
f 2860/4667/206 2871/4668/206 2865/4669/206
f 2865/4670/202 2870/4671/202 2864/4658/202
f 2869/4672/207 2862/4673/207 2863/4674/207
f 2864/4675/208 2869/4672/208 2863/4674/208
f 2868/4676/201 2861/4656/201 2862/4655/201
f 2869/4677/4 2870/4678/4 2871/4679/4
f 2867/4680/209 2860/4667/209 2861/4681/209
f 2877/4650/210 2883/4682/210 2882/4683/210
f 2876/4684/211 2882/4685/211 2881/4686/211
f 2880/4687/212 2876/4647/212 2881/4688/212
f 2879/4689/213 2875/4646/213 2880/4687/213
f 2873/4690/214 2879/4691/214 2878/4692/214
f 2872/4642/215 2878/4693/215 2883/4682/215
f 2848/4660/216 2878/4693/216 2850/4694/216
f 2878/4692/217 2852/4695/217 2850/4654/217
f 2879/4689/218 2854/4653/218 2852/4663/218
f 2880/4687/219 2856/4651/219 2854/4653/219
f 2881/4686/220 2858/4657/220 2856/4659/220
f 2858/4666/221 2883/4682/221 2848/4660/221
f 2903/4696/185 2885/4697/185 2884/4698/185
f 2905/4699/1 2886/4700/1 2885/4701/1
f 2907/4702/184 2887/4703/184 2886/4704/184
f 2887/4703/183 2911/4705/183 2888/4706/183
f 2911/4707/2 2889/4708/2 2888/4709/2
f 2913/4710/182 2884/4698/182 2889/4711/182
f 2888/4706/188 2893/4712/188 2887/4703/188
f 2885/4701/1 2892/4713/1 2891/4714/1
f 2889/4708/2 2894/4715/2 2888/4709/2
f 2884/4698/222 2891/4716/222 2890/4717/222
f 2886/4704/223 2893/4712/223 2892/4718/223
f 2884/4698/187 2895/4719/187 2889/4711/187
f 2890/4720/193 2901/4721/193 2895/4722/193
f 2895/4723/2 2900/4724/2 2894/4715/2
f 2899/4725/224 2892/4726/224 2893/4727/224
f 2894/4728/225 2899/4725/225 2893/4727/225
f 2898/4729/1 2891/4714/1 2892/4713/1
f 2897/4730/226 2890/4720/226 2891/4731/226
f 2904/4732/185 2903/4696/185 2902/4733/185
f 2906/4734/1 2905/4699/1 2904/4735/1
f 2908/4736/184 2907/4702/184 2906/4737/184
f 2910/4738/183 2909/4739/183 2908/4736/183
f 2912/4740/2 2911/4707/2 2910/4741/2
f 2902/4733/182 2913/4710/182 2912/4742/182
f 2917/4743/227 2910/4738/227 2908/4736/227
f 2904/4735/1 2916/4744/1 2906/4734/1
f 2918/4745/2 2912/4740/2 2910/4741/2
f 2902/4733/228 2915/4746/228 2904/4732/228
f 2906/4737/229 2917/4743/229 2908/4736/229
f 2919/4747/230 2902/4733/230 2912/4742/230
f 2914/4748/231 2925/4749/231 2920/4750/231
f 2924/4751/2 2919/4752/2 2918/4745/2
f 2916/4753/232 2923/4754/232 2917/4755/232
f 2918/4756/233 2923/4754/233 2924/4757/233
f 2915/4758/1 2922/4759/1 2916/4744/1
f 2914/4748/234 2921/4760/234 2915/4761/234
f 2926/4762/185 2947/4763/185 2927/4764/185
f 2947/4765/1 2928/4766/1 2927/4767/1
f 2949/4768/184 2929/4769/184 2928/4770/184
f 2929/4769/183 2953/4771/183 2930/4772/183
f 2953/4773/2 2931/4774/2 2930/4775/2
f 2955/4776/182 2926/4762/182 2931/4777/182
f 2930/4772/188 2935/4743/188 2929/4769/188
f 2927/4767/1 2934/4778/1 2933/4779/1
f 2931/4774/2 2936/4780/2 2930/4775/2
f 2926/4762/222 2933/4781/222 2932/4782/222
f 2928/4770/223 2935/4743/223 2934/4783/223
f 2926/4762/187 2937/4784/187 2931/4777/187
f 2932/4785/193 2943/4786/193 2937/4787/193
f 2937/4788/2 2942/4751/2 2936/4780/2
f 2941/4789/224 2934/4790/224 2935/4791/224
f 2936/4792/191 2941/4789/191 2935/4791/191
f 2940/4793/1 2933/4779/1 2934/4778/1
f 2939/4794/235 2932/4785/235 2933/4795/235
f 2946/4796/185 2945/4797/185 2944/4798/185
f 2948/4799/1 2947/4765/1 2946/4800/1
f 2950/4801/184 2949/4768/184 2948/4802/184
f 2952/4803/183 2951/4804/183 2950/4801/183
f 2954/4805/2 2953/4773/2 2952/4806/2
f 2944/4798/182 2955/4776/182 2954/4807/182
f 2959/4808/227 2952/4803/227 2950/4801/227
f 2946/4800/1 2958/4809/1 2948/4799/1
f 2960/4810/2 2954/4805/2 2952/4806/2
f 2944/4798/228 2957/4811/228 2946/4796/228
f 2948/4802/229 2959/4808/229 2950/4801/229
f 2961/4812/230 2944/4798/230 2954/4807/230
f 2956/4813/231 2967/4814/231 2962/4815/231
f 2966/4724/2 2961/4816/2 2960/4810/2
f 2958/4817/232 2965/4818/232 2959/4819/232
f 2960/4820/233 2965/4818/233 2966/4821/233
f 2957/4822/1 2964/4823/1 2958/4809/1
f 2956/4813/234 2963/4824/234 2957/4825/234
f 2995/4826/5 2997/4827/5 2998/4828/5
f 2999/4829/3 2972/4830/3 2974/4831/3
f 3019/4832/5 3021/4833/5 3022/4834/5
f 2993/4835/6 2970/4836/6 2968/4837/6
f 2974/4838/4 2968/4839/4 2970/4840/4
f 2998/4841/2 2999/4842/2 2974/4843/2
f 2977/4844/172 2978/4845/172 2976/4846/172
f 2979/4847/173 2980/4848/173 2978/4849/173
f 2981/4850/174 2982/4851/174 2980/4848/174
f 2983/4852/175 2984/4853/175 2982/4854/175
f 2985/4855/176 2986/4856/176 2984/4853/176
f 2987/4857/177 2988/4858/177 2986/4859/177
f 2985/4860/1 2983/4861/1 2981/4862/1
f 2989/4863/178 2990/4864/178 2988/4858/178
f 2991/4865/179 2976/4846/179 2990/4866/179
f 2982/4867/2 2986/4868/2 2990/4869/2
f 2995/4826/180 2993/4870/180 2992/4871/180
f 2997/4827/181 2999/4872/181 2998/4828/181
f 2992/4873/1 2993/4874/1 2968/4875/1
f 3023/4876/3 2971/4877/3 2969/4830/3
f 3017/4878/6 2973/4879/6 2975/4880/6
f 2969/4881/4 2975/4882/4 2973/4883/4
f 3022/4884/2 3023/4885/2 2969/4886/2
f 3001/4887/172 3002/4888/172 3000/4889/172
f 3003/4890/173 3004/4891/173 3002/4892/173
f 3005/4893/174 3006/4894/174 3004/4891/174
f 3007/4895/175 3008/4896/175 3006/4897/175
f 3009/4898/176 3010/4899/176 3008/4896/176
f 3011/4900/177 3012/4901/177 3010/4902/177
f 3009/4903/1 3007/4904/1 3005/4905/1
f 3013/4906/178 3014/4907/178 3012/4901/178
f 3015/4908/179 3000/4889/179 3014/4909/179
f 3006/4910/2 3010/4911/2 3014/4912/2
f 3019/4832/180 3017/4913/180 3016/4914/180
f 3021/4833/181 3023/4915/181 3022/4834/181
f 3016/4916/1 3017/4917/1 2975/4918/1
f 3043/4919/185 3025/4920/185 3024/4921/185
f 3045/4922/1 3026/4923/1 3025/4924/1
f 3047/4925/184 3027/4926/184 3026/4927/184
f 3027/4926/183 3051/4928/183 3028/4929/183
f 3051/4930/2 3029/4931/2 3028/4932/2
f 3053/4933/182 3024/4921/182 3029/4934/182
f 3028/4929/188 3033/4935/188 3027/4926/188
f 3025/4924/1 3032/4936/1 3031/4937/1
f 3029/4931/2 3034/4938/2 3028/4932/2
f 3024/4921/222 3031/4939/222 3030/4940/222
f 3026/4927/223 3033/4935/223 3032/4941/223
f 3024/4921/187 3035/4942/187 3029/4934/187
f 3030/4943/236 3041/4944/236 3035/4945/236
f 3035/4946/2 3040/4947/2 3034/4938/2
f 3039/4948/224 3032/4949/224 3033/4950/224
f 3034/4951/225 3039/4948/225 3033/4950/225
f 3038/3436/1 3031/4937/1 3032/4936/1
f 3037/4952/226 3030/4943/226 3031/4953/226
f 3044/4954/185 3043/4919/185 3042/4955/185
f 3046/4956/1 3045/4922/1 3044/4957/1
f 3048/4958/184 3047/4925/184 3046/4959/184
f 3050/4960/183 3049/4961/183 3048/4958/183
f 3052/4962/2 3051/4930/2 3050/4963/2
f 3042/4955/182 3053/4933/182 3052/4964/182
f 3057/4965/227 3050/4960/227 3048/4958/227
f 3044/4957/1 3056/4966/1 3046/4956/1
f 3058/4967/2 3052/4962/2 3050/4963/2
f 3042/4955/228 3055/4968/228 3044/4954/228
f 3046/4959/229 3057/4965/229 3048/4958/229
f 3059/4969/230 3042/4955/230 3052/4964/230
f 3054/4970/237 3065/4971/237 3060/4972/237
f 3064/4973/2 3059/4974/2 3058/4967/2
f 3056/4975/232 3063/4976/232 3057/4977/232
f 3058/4978/233 3063/4976/233 3064/4979/233
f 3055/4980/1 3062/4981/1 3056/4966/1
f 3054/4970/234 3061/4982/234 3055/4983/234
f 3114/4984/5 3101/4985/5 3115/4986/5
f 3118/4987/238 3153/4988/238 3119/4989/238
f 3072/4990/238 3120/4991/238 3133/4992/238
f 3086/4993/1 3131/4994/1 3139/4995/1
f 3066/4996/1 3104/4997/1 3070/4998/1
f 3160/4999/5 3100/5000/5 3103/5001/5
f 3149/5002/1 3094/5003/1 3093/5004/1
f 3101/5005/1 3080/5006/1 3115/5007/1
f 3158/5008/1 3129/5009/1 3104/4997/1
f 3162/5010/3 3089/5011/3 3108/5012/3
f 3091/5013/1 3082/5014/1 3092/5015/1
f 3131/5016/239 3094/5017/239 3118/5018/239
f 3089/5019/1 3084/5020/1 3083/5021/1
f 3151/5022/1 3088/5023/1 3149/5002/1
f 3145/5024/1 3084/5020/1 3090/5025/1
f 3143/5026/240 3151/5027/240 3073/5028/240
f 3088/5023/1 3156/5029/1 3155/5030/1
f 3140/5031/1 3131/4994/1 3118/5032/1
f 3127/5033/4 3130/5034/4 3128/5035/4
f 3123/5036/1 3149/5002/1 3093/5004/1
f 3125/5037/5 3115/4986/5 3100/5000/5
f 3071/5038/4 3066/4999/4 3095/5001/4
f 3110/5039/241 3152/5040/241 3080/5041/241
f 3080/5041/239 3121/5042/239 3072/5043/239
f 3122/5044/1 3154/5045/1 3156/5029/1
f 3150/5046/1 3073/5047/1 3137/5048/1
f 3150/5046/1 3081/5049/1 3143/5050/1
f 3085/5051/1 3076/5052/1 3152/5053/1
f 3134/5054/1 3069/5055/1 3112/5056/1
f 3078/5057/6 3146/5058/6 3077/5059/6
f 3073/5028/242 3123/5060/242 3074/5061/242
f 3082/5062/243 3154/5063/243 3144/5064/243
f 3076/5065/244 3142/5066/244 3075/5067/244
f 3134/5068/245 3091/5069/245 3135/5070/245
f 3113/5071/1 3079/5072/1 3129/5009/1
f 3070/5073/6 3095/5074/6 3066/5075/6
f 3069/5076/6 3099/5077/6 3070/5073/6
f 3067/5078/6 3097/5079/6 3068/5080/6
f 3159/5081/4 3157/5082/4 3127/5033/4
f 3108/5083/1 3113/5071/1 3109/5084/1
f 3068/5080/6 3148/5085/6 3124/5086/6
f 3100/5087/1 3107/5088/1 3103/5089/1
f 3157/5090/1 3109/5084/1 3113/5071/1
f 3132/5091/246 3156/5092/246 3082/5062/246
f 3136/5093/242 3085/5094/242 3110/5095/242
f 3128/5035/4 3158/5096/4 3071/5038/4
f 3135/5070/240 3092/5097/240 3136/5093/240
f 3126/5098/5 3067/5099/5 3101/4985/5
f 3121/5100/1 3076/5052/1 3075/5101/1
f 3136/5102/1 3068/5103/1 3124/5104/1
f 3124/5086/6 3147/5105/6 3078/5057/6
f 3080/5006/1 3100/5087/1 3115/5007/1
f 3119/4989/247 3155/5106/247 3132/5091/247
f 3104/4997/1 3069/5055/1 3070/4998/1
f 3116/5107/3 3090/5108/3 3089/5011/3
f 3088/5023/1 3153/5109/1 3149/5002/1
f 3117/5110/3 3145/5111/3 3090/5108/3
f 3087/5112/1 3088/5023/1 3141/5113/1
f 3137/5048/1 3074/5114/1 3086/4993/1
f 3112/5115/248 3138/5116/248 3134/5068/248
f 3068/5103/1 3101/5005/1 3067/5117/1
f 3091/5013/1 3119/5118/1 3132/5119/1
f 3133/4992/247 3150/5120/247 3084/5121/247
f 3130/5122/1 3113/5071/1 3129/5009/1
f 3074/5123/241 3093/5124/241 3131/5016/241
f 3135/5125/1 3077/5126/1 3134/5054/1
f 3075/5127/248 3087/5128/248 3081/5129/248
f 3135/5125/1 3124/5104/1 3078/5130/1
f 3142/5131/1 3122/5044/1 3087/5112/1
f 3120/5132/1 3075/5101/1 3081/5049/1
f 3092/5015/1 3144/5133/1 3085/5051/1
f 3138/5134/1 3118/5032/1 3119/5118/1
f 3108/5083/1 3083/5021/1 3111/5135/1
f 3077/5059/6 3098/5136/6 3069/5076/6
f 3144/5137/249 3106/5138/249 3076/5065/249
f 3084/5121/246 3137/5139/246 3083/5140/246
f 3079/5141/244 3140/5142/244 3112/5143/244
f 3083/5140/243 3086/5144/243 3111/5145/243
f 3111/5146/249 3139/5147/249 3079/5141/249
f 3081/5129/245 3141/5148/245 3143/5026/245
f 3159/5149/3 3109/5150/3 3102/5074/3
f 3163/5151/3 3108/5012/3 3109/5150/3
f 3161/5152/3 3103/5153/3 3107/5154/3
f 3107/5088/1 3133/5155/1 3145/5024/1
f 3079/5072/1 3104/4997/1 3129/5009/1
f 3105/5156/3 3107/5154/3 3145/5111/3
f 3170/5157/2 3164/5158/2 3165/5159/2
f 3173/5160/2 3165/5159/2 3168/5161/2
f 3171/5162/2 3167/5163/2 3166/5164/2
f 3172/5165/2 3168/5161/2 3167/5163/2
f 3177/5166/1 3179/5167/1 3174/5168/1
f 3174/5168/1 3180/5169/1 3175/5170/1
f 3176/5171/1 3183/5172/1 3178/5173/1
f 3175/5170/1 3181/5174/1 3176/5171/1
f 3170/5175/4 3182/5176/4 3169/5177/4
f 3167/5178/5 3178/5179/5 3166/5180/5
f 3165/5181/5 3175/5182/5 3168/5183/5
f 3171/5184/4 3181/5185/4 3172/5186/4
f 3173/5187/4 3179/5188/4 3170/5175/4
f 3166/5189/3 3183/5190/3 3171/5191/3
f 3168/5183/5 3176/5192/5 3167/5178/5
f 3172/5186/4 3180/5193/4 3173/5187/4
f 3164/5194/5 3174/5195/5 3165/5181/5
f 3169/5196/6 3177/5197/6 3164/5198/6
f 3190/5199/2 3184/5200/2 3185/5201/2
f 3193/5202/2 3185/5201/2 3188/5203/2
f 3191/5204/2 3187/5205/2 3186/5206/2
f 3192/5207/2 3188/5203/2 3187/5205/2
f 3197/5208/1 3199/5209/1 3194/5210/1
f 3194/5210/1 3200/5211/1 3195/5212/1
f 3196/5213/1 3203/5214/1 3198/5215/1
f 3195/5212/1 3201/5216/1 3196/5213/1
f 3190/5217/4 3202/5218/4 3189/5184/4
f 3187/5219/5 3198/5220/5 3186/5221/5
f 3185/5222/5 3195/5223/5 3188/5224/5
f 3191/5225/4 3201/5226/4 3192/5227/4
f 3193/5228/4 3199/5229/4 3190/5217/4
f 3186/5230/3 3203/5231/3 3191/5232/3
f 3188/5224/5 3196/5233/5 3187/5219/5
f 3192/5227/4 3200/5234/4 3193/5228/4
f 3184/5235/5 3194/5236/5 3185/5222/5
f 3189/5237/6 3197/5191/6 3184/5190/6
f 3235/5238/2 3220/5239/2 3213/5240/2
f 3238/5241/2 3213/5240/2 3216/5242/2
f 3211/5243/2 3234/5244/2 3212/5245/2
f 3206/5246/2 3227/5247/2 3228/5248/2
f 3217/5249/2 3238/5241/2 3216/5242/2
f 3212/5245/2 3245/5250/2 3223/5251/2
f 3207/5252/2 3231/5253/2 3229/5254/2
f 3218/5255/2 3233/5256/2 3211/5243/2
f 3223/5251/2 3239/5257/2 3217/5249/2
f 3207/5252/2 3230/5258/2 3208/5259/2
f 3241/5260/2 3218/5255/2 3219/5261/2
f 3225/5262/2 3226/5263/2 3247/5264/2
f 3222/5265/2 3247/5264/2 3244/5266/2
f 3220/5239/2 3236/5267/2 3214/5268/2
f 3222/5265/2 3246/5269/2 3224/5270/2
f 3209/5271/2 3232/5272/2 3231/5253/2
f 3214/5268/2 3227/5247/2 3205/5273/2
f 3224/5270/2 3237/5274/2 3215/5275/2
f 3210/5276/2 3243/5277/2 3232/5272/2
f 3208/5259/2 3226/5263/2 3204/5278/2
f 3237/5274/2 3219/5261/2 3215/5275/2
f 3221/5279/2 3228/5248/2 3243/5277/2
f 3252/5280/1 3275/5281/1 3253/5282/1
f 3253/5282/1 3290/5283/1 3268/5278/1
f 3262/5284/1 3283/5285/1 3284/5286/1
f 3254/5287/1 3270/5288/1 3248/5289/1
f 3264/5290/1 3290/5283/1 3286/5291/1
f 3261/5292/1 3285/5293/1 3283/5285/1
f 3256/5294/1 3277/5295/1 3255/5296/1
f 3269/5297/1 3284/5286/1 3291/5298/1
f 3263/5299/1 3286/5291/1 3285/5293/1
f 3272/5300/1 3256/5294/1 3250/5301/1
f 3269/5297/1 3289/5302/1 3267/5303/1
f 3257/5304/1 3273/5305/1 3251/5306/1
f 3258/5307/1 3279/5308/1 3257/5304/1
f 3252/5280/1 3271/5309/1 3274/5310/1
f 3287/5311/1 3258/5307/1 3265/5312/1
f 3255/5296/1 3281/5313/1 3259/5314/1
f 3249/5315/1 3270/5288/1 3271/5309/1
f 3288/5316/1 3265/5312/1 3266/5317/1
f 3259/5314/1 3282/5318/1 3260/5319/1
f 3273/5305/1 3250/5301/1 3251/5306/1
f 3267/5303/1 3288/5316/1 3266/5317/1
f 3260/5319/1 3276/5320/1 3254/5287/1
f 3256/5321/6 3209/5322/6 3207/5323/6
f 3276/5324/3 3243/5325/3 3228/5326/3
f 3216/5327/3 3264/5328/3 3217/5329/3
f 3250/5330/6 3207/5323/6 3208/5331/6
f 3233/5332/6 3283/5333/6 3234/5334/6
f 3211/5335/3 3269/5336/3 3218/5337/3
f 3258/5338/4 3225/5339/4 3222/5340/4
f 3234/5334/6 3285/5341/6 3245/5342/6
f 3218/5337/3 3267/5343/3 3219/5344/3
f 3255/5345/6 3210/5346/6 3209/5322/6
f 3245/5342/6 3286/5347/6 3239/5348/6
f 3214/5349/5 3252/5350/5 3220/5351/5
f 3259/5352/6 3221/5353/6 3210/5346/6
f 3273/5354/5 3247/5355/5 3226/5356/5
f 3236/5357/4 3270/5358/4 3227/5359/4
f 3260/5360/6 3206/5361/6 3221/5353/6
f 3280/5362/5 3246/5363/5 3244/5364/5
f 3272/5365/3 3226/5366/3 3230/5367/3
f 3212/5368/3 3262/5369/3 3211/5335/3
f 3287/5370/5 3237/5371/5 3246/5363/5
f 3235/5372/4 3274/5373/4 3242/5374/4
f 3223/5375/3 3261/5376/3 3212/5368/3
f 3237/5377/6 3289/5378/6 3241/5379/6
f 3270/5380/3 3228/5326/3 3227/5381/3
f 3217/5329/3 3263/5382/3 3223/5375/3
f 3238/5383/4 3275/5384/4 3235/5372/4
f 3277/5385/3 3229/5386/3 3231/5387/3
f 3257/5388/4 3204/5389/4 3225/5339/4
f 3239/5348/6 3290/5390/6 3238/5391/6
f 3205/5392/5 3249/5393/5 3214/5349/5
f 3278/5394/3 3230/5367/3 3229/5386/3
f 3265/5395/4 3222/5340/4 3224/5396/4
f 3240/5397/6 3284/5398/6 3233/5332/6
f 3251/5399/6 3208/5331/6 3204/5400/6
f 3279/5401/5 3244/5364/5 3247/5355/5
f 3266/5402/4 3224/5396/4 3215/5403/4
f 3241/5379/6 3291/5404/6 3240/5397/6
f 3220/5351/5 3253/5405/5 3213/5406/5
f 3281/5407/3 3231/5387/3 3232/5408/3
f 3219/5344/3 3266/5399/3 3215/5400/3
f 3242/5374/4 3271/5409/4 3236/5357/4
f 3254/5410/6 3205/5411/6 3206/5361/6
f 3282/5412/3 3232/5408/3 3243/5325/3
f 3213/5406/5 3268/5413/5 3216/5414/5
f 3340/5415/5 3327/5416/5 3341/5417/5
f 3344/5418/238 3379/5419/238 3345/5420/238
f 3298/5421/238 3346/5422/238 3359/5423/238
f 3312/5424/1 3357/5425/1 3365/5426/1
f 3296/5427/1 3384/5428/1 3330/5429/1
f 3386/5430/5 3326/5431/5 3329/5432/5
f 3375/5433/1 3320/5434/1 3319/5435/1
f 3327/5436/1 3306/5437/1 3341/5438/1
f 3384/5428/1 3355/5439/1 3330/5429/1
f 3388/5440/3 3315/5441/3 3334/5442/3
f 3317/5443/1 3308/5444/1 3318/5445/1
f 3357/5446/239 3320/5447/239 3344/5448/239
f 3315/5449/1 3310/5450/1 3309/5451/1
f 3377/5452/1 3314/5453/1 3375/5433/1
f 3371/5454/1 3310/5450/1 3316/5455/1
f 3369/5456/240 3377/5457/240 3299/5458/240
f 3314/5453/1 3382/5109/1 3381/5030/1
f 3366/5459/1 3357/5425/1 3344/5460/1
f 3353/5461/4 3356/5462/4 3354/5463/4
f 3349/5464/1 3375/5433/1 3319/5435/1
f 3351/5465/5 3341/5417/5 3326/5431/5
f 3297/5466/4 3292/5467/4 3321/5468/4
f 3336/5469/241 3378/5470/241 3306/5471/241
f 3306/5471/239 3347/5472/239 3298/5473/239
f 3348/5474/1 3380/5475/1 3382/5109/1
f 3376/5476/1 3299/5477/1 3363/5478/1
f 3376/5476/1 3307/5479/1 3369/5480/1
f 3311/5481/1 3302/5482/1 3378/5483/1
f 3360/5484/1 3295/5485/1 3338/5486/1
f 3304/5108/6 3372/5487/6 3303/5011/6
f 3299/5458/242 3349/5488/242 3300/5489/242
f 3308/5490/243 3380/5491/243 3370/5492/243
f 3302/5493/244 3368/5494/244 3301/5495/244
f 3360/5496/245 3317/5497/245 3361/5498/245
f 3339/5499/1 3305/5500/1 3355/5439/1
f 3296/5150/6 3321/5075/6 3292/5074/6
f 3295/5012/6 3325/5501/6 3296/5150/6
f 3293/5502/6 3323/5503/6 3294/5154/6
f 3385/5504/4 3383/5505/4 3353/5461/4
f 3334/5506/1 3339/5499/1 3335/5507/1
f 3294/5154/6 3374/5508/6 3350/5111/6
f 3326/5509/1 3333/5510/1 3329/5511/1
f 3383/5087/1 3335/5507/1 3339/5499/1
f 3358/5512/246 3382/5513/246 3308/5490/246
f 3362/5514/242 3311/5515/242 3336/5516/242
f 3354/5463/4 3384/5517/4 3297/5466/4
f 3361/5498/240 3318/5518/240 3362/5514/240
f 3352/5519/5 3293/5520/5 3327/5416/5
f 3347/5521/1 3302/5482/1 3301/5522/1
f 3362/5523/1 3294/5524/1 3350/5525/1
f 3350/5111/6 3373/5526/6 3304/5108/6
f 3306/5437/1 3326/5509/1 3341/5438/1
f 3345/5420/247 3381/5527/247 3358/5512/247
f 3330/5429/1 3295/5485/1 3296/5427/1
f 3342/5528/3 3316/5529/3 3315/5441/3
f 3314/5453/1 3379/5530/1 3375/5433/1
f 3343/5531/3 3371/5532/3 3316/5529/3
f 3313/5533/1 3314/5453/1 3367/5534/1
f 3363/5478/1 3300/5535/1 3312/5424/1
f 3338/5536/248 3364/5537/248 3360/5496/248
f 3294/5524/1 3327/5436/1 3293/5538/1
f 3317/5443/1 3345/5539/1 3358/5540/1
f 3359/5423/247 3376/5541/247 3310/5542/247
f 3356/5543/1 3339/5499/1 3355/5439/1
f 3300/5544/241 3319/5545/241 3357/5446/241
f 3361/5546/1 3303/5547/1 3360/5484/1
f 3301/5548/248 3313/5549/248 3307/5550/248
f 3361/5546/1 3350/5525/1 3304/5551/1
f 3368/5552/1 3348/5474/1 3313/5533/1
f 3346/5553/1 3301/5522/1 3307/5479/1
f 3318/5445/1 3370/5554/1 3311/5481/1
f 3364/5555/1 3344/5460/1 3345/5539/1
f 3334/5506/1 3309/5451/1 3337/5556/1
f 3303/5011/6 3324/5557/6 3295/5012/6
f 3370/5558/249 3332/5559/249 3302/5493/249
f 3310/5542/246 3363/5560/246 3309/5561/246
f 3305/5562/244 3366/5563/244 3338/5564/244
f 3309/5561/243 3312/5565/243 3337/5566/243
f 3337/5567/249 3365/5568/249 3305/5562/249
f 3307/5550/245 3367/5569/245 3369/5456/245
f 3385/5570/3 3335/5571/3 3328/5572/3
f 3389/5573/3 3334/5442/3 3335/5571/3
f 3387/5574/3 3329/5149/3 3333/5575/3
f 3333/5510/1 3359/5576/1 3371/5454/1
f 3305/5500/1 3330/5429/1 3355/5439/1
f 3331/5577/3 3333/5575/3 3371/5532/3
f 3396/5578/2 3390/5579/2 3391/5580/2
f 3399/5581/2 3391/5580/2 3394/5582/2
f 3397/5583/2 3393/5584/2 3392/5585/2
f 3398/5586/2 3394/5582/2 3393/5584/2
f 3403/5587/1 3405/5588/1 3400/5589/1
f 3400/5589/1 3406/5590/1 3401/5591/1
f 3402/5592/1 3409/5593/1 3404/5594/1
f 3401/5591/1 3407/5595/1 3402/5592/1
f 3396/5596/4 3408/5597/4 3395/5598/4
f 3393/5599/5 3404/5600/5 3392/5060/5
f 3391/5601/5 3401/5602/5 3394/5603/5
f 3397/5604/4 3407/5605/4 3398/5606/4
f 3399/5607/4 3405/5608/4 3396/5596/4
f 3392/5609/3 3409/5610/3 3397/5611/3
f 3394/5603/5 3402/5612/5 3393/5599/5
f 3398/5606/4 3406/5613/4 3399/5607/4
f 3390/5614/5 3400/5615/5 3391/5601/5
f 3395/5616/6 3403/5617/6 3390/5609/6
f 3416/5618/2 3410/5619/2 3411/5620/2
f 3419/5621/2 3411/5620/2 3414/5622/2
f 3417/5623/2 3413/5624/2 3412/5625/2
f 3418/5626/2 3414/5622/2 3413/5624/2
f 3423/5627/1 3425/5628/1 3420/5629/1
f 3420/5629/1 3426/5630/1 3421/5631/1
f 3422/5632/1 3429/5633/1 3424/5634/1
f 3421/5631/1 3427/5635/1 3422/5632/1
f 3416/5636/4 3428/5637/4 3415/5604/4
f 3413/5638/5 3424/5639/5 3412/5640/5
f 3411/5641/5 3421/5642/5 3414/5643/5
f 3417/5644/4 3427/5645/4 3418/5646/4
f 3419/5647/4 3425/5648/4 3416/5636/4
f 3412/5649/3 3429/5611/3 3417/5610/3
f 3414/5643/5 3422/5650/5 3413/5638/5
f 3418/5646/4 3426/5651/4 3419/5647/4
f 3410/5652/5 3420/5653/5 3411/5641/5
f 3415/5654/6 3423/5655/6 3410/5656/6
f 3478/5657/5 3465/5658/5 3479/5659/5
f 3482/5660/238 3517/5661/238 3483/5662/238
f 3436/5663/238 3484/5664/238 3497/5665/238
f 3450/5666/1 3495/5667/1 3503/5668/1
f 3434/5669/1 3522/5670/1 3468/5671/1
f 3524/5672/5 3464/5673/5 3467/5674/5
f 3513/5675/1 3458/5676/1 3457/5677/1
f 3465/5678/1 3444/5679/1 3479/5680/1
f 3522/5670/1 3493/5681/1 3468/5671/1
f 3526/5682/3 3453/5683/3 3472/5684/3
f 3455/5685/1 3446/5686/1 3456/5687/1
f 3495/5688/239 3458/5689/239 3482/5544/239
f 3453/5690/1 3448/5691/1 3447/5692/1
f 3515/5693/1 3452/5694/1 3513/5675/1
f 3509/5695/1 3448/5691/1 3454/5696/1
f 3507/5697/240 3515/5698/240 3437/5699/240
f 3452/5694/1 3520/5700/1 3519/5701/1
f 3504/5702/1 3495/5667/1 3482/5703/1
f 3491/5704/4 3494/5705/4 3492/5706/4
f 3487/5707/1 3513/5675/1 3457/5677/1
f 3489/5708/5 3479/5659/5 3464/5673/5
f 3435/5709/4 3430/5430/4 3459/5432/4
f 3474/5710/241 3516/5711/241 3444/5712/241
f 3444/5712/239 3485/5713/239 3436/5563/239
f 3486/5714/1 3518/5715/1 3520/5700/1
f 3514/5716/1 3437/5717/1 3501/5718/1
f 3514/5716/1 3445/5719/1 3507/5720/1
f 3449/5721/1 3440/5722/1 3516/5723/1
f 3498/5724/1 3433/5725/1 3476/5726/1
f 3442/5529/6 3510/5727/6 3441/5441/6
f 3437/5699/242 3487/5728/242 3438/5729/242
f 3446/5730/243 3518/5731/243 3508/5732/243
f 3440/5733/244 3506/5734/244 3439/5735/244
f 3498/5736/245 3455/5737/245 3499/5738/245
f 3477/5739/1 3443/5740/1 3493/5681/1
f 3434/5571/6 3459/5741/6 3430/5572/6
f 3433/5442/6 3463/5742/6 3434/5571/6
f 3431/5149/6 3461/5743/6 3432/5575/6
f 3523/5744/4 3521/5745/4 3491/5704/4
f 3472/5746/1 3477/5739/1 3473/5747/1
f 3432/5575/6 3512/5748/6 3488/5532/6
f 3464/5749/1 3471/5750/1 3467/5751/1
f 3521/5752/1 3473/5747/1 3477/5739/1
f 3496/5753/246 3520/5754/246 3446/5730/246
f 3500/5755/242 3449/5756/242 3474/5757/242
f 3492/5706/4 3522/5758/4 3435/5709/4
f 3499/5738/240 3456/5759/240 3500/5755/240
f 3490/5760/5 3431/5761/5 3465/5658/5
f 3485/5762/1 3440/5722/1 3439/5763/1
f 3500/5764/1 3432/5765/1 3488/5766/1
f 3488/5532/6 3511/5767/6 3442/5529/6
f 3444/5679/1 3464/5749/1 3479/5680/1
f 3483/5662/247 3519/5768/247 3496/5753/247
f 3468/5671/1 3433/5725/1 3434/5669/1
f 3480/5769/3 3454/5770/3 3453/5683/3
f 3452/5694/1 3517/5771/1 3513/5675/1
f 3481/5772/3 3509/5773/3 3454/5770/3
f 3451/5774/1 3452/5694/1 3505/5775/1
f 3501/5718/1 3438/5776/1 3450/5666/1
f 3476/5777/248 3502/5778/248 3498/5736/248
f 3432/5765/1 3465/5678/1 3431/5779/1
f 3455/5685/1 3483/5780/1 3496/5781/1
f 3497/5665/247 3514/5782/247 3448/5783/247
f 3494/5784/1 3477/5739/1 3493/5681/1
f 3438/5448/241 3457/5785/241 3495/5688/241
f 3499/5786/1 3441/5787/1 3498/5724/1
f 3439/5788/248 3451/5789/248 3445/5790/248
f 3499/5786/1 3488/5766/1 3442/5791/1
f 3506/5792/1 3486/5714/1 3451/5774/1
f 3484/5793/1 3439/5763/1 3445/5719/1
f 3456/5687/1 3508/5794/1 3449/5721/1
f 3502/5795/1 3482/5703/1 3483/5780/1
f 3472/5746/1 3447/5692/1 3475/5796/1
f 3441/5441/6 3462/5797/6 3433/5442/6
f 3508/5798/249 3470/5799/249 3440/5733/249
f 3448/5783/246 3501/5800/246 3447/5801/246
f 3443/5802/244 3504/5803/244 3476/5804/244
f 3447/5801/243 3450/5805/243 3475/5806/243
f 3475/5807/249 3503/5808/249 3443/5802/249
f 3445/5790/245 3505/5809/245 3507/5697/245
f 3523/5810/3 3473/5811/3 3466/5812/3
f 3527/5813/3 3472/5684/3 3473/5811/3
f 3525/5814/3 3467/5815/3 3471/5816/3
f 3471/5750/1 3497/5817/1 3509/5695/1
f 3443/5740/1 3468/5671/1 3493/5681/1
f 3469/5818/3 3471/5816/3 3509/5773/3
f 3534/5819/2 3528/5820/2 3529/5821/2
f 3537/5822/2 3529/5821/2 3532/5823/2
f 3535/5824/2 3531/5825/2 3530/5826/2
f 3536/5827/2 3532/5823/2 3531/5825/2
f 3541/5828/1 3543/5829/1 3538/5830/1
f 3538/5830/1 3544/5831/1 3539/5832/1
f 3540/5833/1 3547/5834/1 3542/5835/1
f 3539/5832/1 3545/5836/1 3540/5833/1
f 3534/5837/4 3546/5838/4 3533/5839/4
f 3531/5840/5 3542/5391/5 3530/5841/5
f 3529/5842/5 3539/5843/5 3532/5844/5
f 3535/5845/4 3545/5846/4 3536/5847/4
f 3537/5848/4 3543/5849/4 3534/5837/4
f 3530/5850/3 3547/5232/3 3535/5231/3
f 3532/5844/5 3540/5851/5 3531/5840/5
f 3536/5847/4 3544/5852/4 3537/5848/4
f 3528/5839/5 3538/5853/5 3529/5842/5
f 3533/5854/6 3541/5855/6 3528/5856/6
f 3554/5857/2 3548/5858/2 3549/5859/2
f 3557/5860/2 3549/5859/2 3552/5861/2
f 3555/5862/2 3551/5863/2 3550/5864/2
f 3556/5865/2 3552/5861/2 3551/5863/2
f 3561/5866/1 3563/5867/1 3558/5868/1
f 3558/5868/1 3564/5869/1 3559/5870/1
f 3560/5871/1 3567/5872/1 3562/5873/1
f 3559/5870/1 3565/5874/1 3560/5871/1
f 3554/5875/4 3566/5876/4 3553/5877/4
f 3551/5878/5 3562/5879/5 3550/5880/5
f 3549/5881/5 3559/5882/5 3552/5883/5
f 3555/5884/4 3565/5885/4 3556/5886/4
f 3557/5887/4 3563/5888/4 3554/5875/4
f 3550/5889/3 3567/5890/3 3555/5850/3
f 3552/5883/5 3560/5891/5 3551/5878/5
f 3556/5886/4 3564/5892/4 3557/5887/4
f 3548/5893/5 3558/5894/5 3549/5881/5
f 3553/5895/6 3561/5896/6 3548/5237/6
f 2/1/1 4/5897/1 3/2/1
f 8/4/2 6/5898/2 5/5/2
f 6/7/3 2/5899/3 1/8/3
f 7/10/4 5/5900/4 1/11/4
f 4/13/5 2/5901/5 6/14/5
f 10/16/6 12/5902/6 11/17/6
f 12/19/2 16/3361/2 15/20/2
f 16/22/3 14/5903/3 13/23/3
f 14/25/1 10/4410/1 9/26/1
f 15/28/4 13/85/4 9/29/4
f 12/15/5 10/5904/5 14/31/5
f 18/33/1 20/4448/1 19/34/1
f 23/36/2 24/307/2 22/37/2
f 22/39/3 18/240/3 17/40/3
f 23/42/4 21/339/4 17/43/4
f 20/45/5 18/146/5 22/46/5
f 26/48/1 28/100/1 27/49/1
f 32/51/2 30/5905/2 29/52/2
f 30/54/3 26/5906/3 25/55/3
f 31/57/4 29/5907/4 25/58/4
f 28/60/5 26/4331/5 30/61/5
f 34/63/1 36/5908/1 35/64/1
f 68/66/5 66/92/5 70/67/5
f 40/69/2 38/5909/2 37/70/2
f 38/72/3 34/5910/3 33/73/3
f 39/75/4 37/114/4 33/76/4
f 36/78/5 34/194/5 38/79/5
f 42/81/1 44/5911/1 43/82/1
f 71/84/4 69/29/4 65/85/4
f 48/87/2 46/5912/2 45/88/2
f 46/90/3 42/5913/3 41/91/3
f 47/93/4 45/5914/4 41/94/4
f 44/96/5 42/5915/5 46/97/5
f 50/48/1 52/325/1 51/99/1
f 70/101/3 66/191/3 65/102/3
f 56/104/2 54/5916/2 53/105/2
f 54/107/3 50/5901/3 49/108/3
f 55/110/4 53/285/4 49/111/4
f 52/113/5 50/5917/5 54/114/5
f 72/115/2 70/5918/2 69/116/2
f 58/118/1 60/5919/1 59/119/1
f 66/121/1 68/5920/1 67/122/1
f 64/124/2 62/5921/2 61/125/2
f 62/127/3 58/5922/3 57/128/3
f 63/130/4 61/5923/4 57/131/4
f 60/133/5 58/5924/5 62/134/5
f 74/136/3 76/5925/3 75/137/3
f 80/139/6 78/5926/6 77/140/6
f 78/142/2 74/5927/2 73/143/2
f 79/145/4 77/5928/4 73/146/4
f 76/147/5 74/3365/5 78/148/5
f 82/150/1 84/4508/1 83/151/1
f 84/153/6 88/5929/6 87/154/6
f 88/156/2 86/5930/2 85/157/2
f 86/159/3 82/4458/3 81/160/3
f 87/162/4 85/5931/4 81/163/4
f 84/165/5 82/5932/5 86/166/5
f 90/168/3 92/5933/3 91/169/3
f 96/171/6 94/5934/6 93/172/6
f 94/174/2 90/5935/2 89/175/2
f 91/177/4 95/149/4 93/148/4
f 92/179/5 90/5936/5 94/180/5
f 116/182/5 114/5937/5 118/183/5
f 102/94/4 98/7/4 100/9/4
f 119/185/4 117/4345/4 113/186/4
f 103/188/3 101/5938/3 102/189/3
f 99/191/2 103/5939/2 104/192/2
f 101/193/5 103/5940/5 99/194/5
f 97/195/6 99/4476/6 100/196/6
f 106/198/3 108/4459/3 107/199/3
f 118/201/2 114/314/2 113/202/2
f 112/204/6 110/5941/6 109/205/6
f 110/207/2 106/318/2 105/208/2
f 111/210/4 109/5942/4 105/211/4
f 108/213/5 106/4443/5 110/214/5
f 120/216/6 118/5943/6 117/217/6
f 114/219/3 116/5944/3 115/220/3
f 122/222/2 124/5945/2 123/223/2
f 128/225/1 126/5946/1 125/226/1
f 126/21/6 122/3434/6 121/228/6
f 127/229/4 125/4347/4 121/230/4
f 124/232/5 122/165/5 126/167/5
f 130/234/2 132/5947/2 131/235/2
f 136/237/1 134/5948/1 133/238/1
f 134/240/6 130/5949/6 129/241/6
f 131/243/4 135/212/4 133/211/4
f 132/73/5 130/5950/5 134/245/5
f 138/247/2 140/4402/2 139/248/2
f 144/238/1 142/5948/1 141/250/1
f 142/251/6 138/5951/6 137/252/6
f 143/254/4 141/5952/4 137/255/4
f 140/256/5 138/5953/5 142/257/5
f 164/181/5 162/180/5 166/259/5
f 145/261/2 146/5954/2 148/262/2
f 163/144/4 167/143/4 165/27/4
f 152/265/1 150/5955/1 149/266/1
f 150/268/6 146/101/6 145/103/6
f 147/270/4 151/5956/4 149/271/4
f 148/273/5 146/5957/5 150/187/5
f 154/274/2 156/5958/2 155/275/2
f 166/277/6 162/5959/6 161/278/6
f 160/280/1 158/4394/1 157/281/1
f 158/283/6 154/5960/6 153/284/6
f 159/285/4 157/110/4 153/286/4
f 156/288/5 154/5961/5 158/289/5
f 168/291/1 166/4437/1 165/139/1
f 162/292/2 164/5962/2 163/293/2
f 170/295/2 172/5963/2 171/296/2
f 176/297/1 174/5964/1 173/298/1
f 174/300/6 170/5965/6 169/301/6
f 175/303/4 173/5935/4 169/304/4
f 172/306/5 170/5966/5 174/290/5
f 178/234/6 180/236/6 179/307/6
f 184/308/3 182/5967/3 181/309/3
f 182/311/1 178/329/1 177/312/1
f 179/314/4 183/5968/4 181/315/4
f 180/317/5 178/4401/5 182/208/5
f 186/319/2 188/5969/2 187/320/2
f 188/322/3 192/260/3 191/259/3
f 192/324/1 190/4324/1 189/99/1
f 190/326/6 186/184/6 185/183/6
f 191/328/4 189/5970/4 185/312/4
f 188/330/5 186/4351/5 190/331/5
f 204/148/5 202/3364/5 206/333/5
f 207/334/4 205/5971/4 201/335/4
f 206/337/1 202/5972/1 201/338/1
f 194/340/6 196/5973/6 195/341/6
f 208/343/3 206/4435/3 205/106/3
f 200/344/3 198/5974/3 197/345/3
f 198/347/1 194/3428/1 193/348/1
f 199/154/4 197/5929/4 193/349/4
f 196/305/5 194/304/5 198/351/5
f 202/87/6 204/89/6 203/353/6
f 211/354/5 212/5975/5 209/355/5
f 209/355/5 210/5976/5 215/356/5
f 215/356/5 216/5977/5 211/354/5
f 216/5977/5 213/5978/5 211/354/5
f 213/5978/5 214/5979/5 211/354/5
f 218/357/7 226/5980/7 225/358/7
f 245/360/1 230/5981/1 222/361/1
f 231/363/2 228/5982/2 220/364/2
f 222/361/8 230/5981/8 229/366/8
f 220/364/9 228/5982/9 227/368/9
f 229/370/3 232/5983/3 224/371/3
f 227/373/6 226/5980/6 218/357/6
f 224/371/10 232/5983/10 231/375/10
f 217/377/5 233/395/5 234/378/5
f 244/380/5 222/387/5 238/381/5
f 220/383/5 236/389/5 239/384/5
f 221/386/5 237/391/5 238/381/5
f 219/388/5 235/392/5 236/389/5
f 224/390/5 240/393/5 237/391/5
f 218/379/5 234/378/5 235/392/5
f 223/385/5 239/384/5 240/393/5
f 241/394/5 243/5984/5 233/395/5
f 225/396/1 242/5985/1 241/397/1
f 246/399/6 248/5986/6 245/400/6
f 241/402/3 242/5987/3 247/403/3
f 249/405/3 250/5988/3 252/406/3
f 256/408/6 254/5989/6 253/409/6
f 254/411/2 250/1087/2 249/412/2
f 258/414/3 260/5990/3 259/415/3
f 263/417/6 264/5991/6 262/418/6
f 256/420/5 252/1176/5 250/421/5
f 262/423/2 258/5992/2 257/424/2
f 263/426/250 261/5993/250 257/427/250
f 266/429/3 268/5994/3 267/430/3
f 271/432/6 272/1543/6 270/433/6
f 264/435/251 260/5995/251 258/436/251
f 269/438/2 270/5996/2 266/439/2
f 267/441/252 271/5997/252 269/442/252
f 268/444/253 266/5998/253 270/445/253
f 274/447/3 276/5999/3 275/448/3
f 280/450/6 278/6000/6 277/451/6
f 278/453/2 274/6001/2 273/454/2
f 281/456/3 282/1121/3 284/457/3
f 287/459/6 288/6002/6 286/460/6
f 280/462/254 276/6003/254 274/463/254
f 285/465/2 286/6004/2 282/466/2
f 283/468/255 287/6005/255 285/469/255
f 290/471/3 292/6006/3 291/472/3
f 295/474/6 296/6007/6 294/475/6
f 288/477/5 284/1524/5 282/478/5
f 294/480/2 290/6008/2 289/481/2
f 295/483/4 293/1210/4 289/484/4
f 292/486/256 290/6009/256 294/487/256
f 297/489/3 298/6010/3 300/490/3
f 303/492/6 304/6011/6 302/493/6
f 302/495/2 298/6012/2 297/496/2
f 306/498/3 308/6013/3 307/499/3
f 311/501/6 312/892/6 310/502/6
f 300/504/257 298/6014/257 302/505/257
f 310/507/2 306/6015/2 305/508/2
f 307/510/258 311/606/258 309/437/258
f 314/511/3 316/6016/3 315/512/3
f 319/514/6 320/6017/6 318/515/6
f 312/517/259 308/6018/259 306/518/259
f 318/520/2 314/817/2 313/521/2
f 319/523/4 317/6019/4 313/524/4
f 316/526/260 314/6020/260 318/527/260
f 321/529/3 322/721/3 324/530/3
f 328/532/6 326/1530/6 325/533/6
f 326/535/2 322/6021/2 321/536/2
f 330/538/3 332/6022/3 331/539/3
f 335/541/6 336/6023/6 334/542/6
f 324/543/261 322/6024/261 326/544/261
f 333/546/2 334/6025/2 330/547/2
f 331/549/262 335/823/262 333/550/262
f 338/552/3 340/6026/3 339/553/3
f 344/555/6 342/6027/6 341/556/6
f 332/558/263 330/650/263 334/559/263
f 341/560/2 342/6028/2 338/561/2
f 343/563/264 341/6029/264 337/564/264
f 344/566/5 340/6030/5 338/567/5
f 346/569/3 348/6031/3 347/570/3
f 352/572/6 350/6032/6 349/573/6
f 350/575/2 346/6014/2 345/576/2
f 354/578/3 356/6033/3 355/579/3
f 359/581/6 360/6034/6 358/582/6
f 352/584/265 348/6035/265 346/585/265
f 358/587/2 354/6036/2 353/588/2
f 355/590/266 359/484/266 357/591/266
f 362/593/3 364/973/3 363/594/3
f 367/596/6 368/6037/6 366/597/6
f 360/599/267 356/6038/267 354/600/267
f 366/602/2 362/6039/2 361/603/2
f 363/605/268 367/6040/268 365/606/268
f 368/608/269 364/6041/269 362/609/269
f 370/611/3 372/6042/3 371/612/3
f 375/614/6 376/6043/6 374/615/6
f 374/617/2 370/6044/2 369/618/2
f 378/620/3 380/1062/3 379/621/3
f 384/623/6 382/6045/6 381/624/6
f 376/626/270 372/6046/270 370/627/270
f 381/629/2 382/6047/2 378/630/2
f 383/632/271 381/6048/271 377/633/271
f 385/635/3 386/6049/3 388/636/3
f 392/638/6 390/6050/6 389/639/6
f 380/641/5 378/6051/5 382/642/5
f 390/644/2 386/1473/2 385/645/2
f 387/647/4 391/855/4 389/648/4
f 388/650/5 386/6052/5 390/651/5
f 393/652/3 394/6053/3 396/653/3
f 400/655/6 398/6054/6 397/656/6
f 398/658/2 394/6055/2 393/659/2
f 402/661/3 404/6056/3 403/662/3
f 408/407/6 406/6057/6 405/664/6
f 396/666/272 394/6058/272 398/667/272
f 405/669/2 406/6059/2 402/670/2
f 407/672/273 405/6060/273 401/673/273
f 410/675/3 412/6061/3 411/676/3
f 416/678/6 414/6062/6 413/679/6
f 408/681/274 404/6063/274 402/682/274
f 413/684/2 414/6064/2 410/685/2
f 411/687/275 415/6065/275 413/688/275
f 412/690/276 410/470/276 414/469/276
f 417/692/3 418/1102/3 420/693/3
f 423/695/6 424/6066/6 422/696/6
f 422/698/2 418/6019/2 417/699/2
f 426/701/3 428/6067/3 427/702/3
f 431/704/6 432/6068/6 430/705/6
f 420/707/277 418/6069/277 422/708/277
f 429/710/2 430/959/2 426/711/2
f 431/713/278 429/6070/278 425/714/278
f 434/716/3 436/6071/3 435/717/3
f 439/719/6 440/6072/6 438/720/6
f 428/722/5 426/6073/5 430/723/5
f 438/725/2 434/6074/2 433/726/2
f 439/728/4 437/6075/4 433/729/4
f 440/731/279 436/6076/279 434/732/279
f 428/734/1 432/1348/1 431/735/1
f 252/737/1 256/667/1 255/738/1
f 268/740/1 272/6077/1 271/741/1
f 442/441/2 444/6078/2 443/742/2
f 448/744/1 446/6079/1 445/745/1
f 446/747/6 442/1061/6 441/748/6
f 450/750/2 452/6080/2 451/751/2
f 455/753/1 456/6081/1 454/754/1
f 444/756/5 442/6082/5 446/757/5
f 454/759/6 450/6083/6 449/760/6
f 455/762/280 453/6084/280 449/763/280
f 458/765/2 460/6085/2 459/766/2
f 463/768/1 464/6086/1 462/769/1
f 456/771/281 452/6087/281 450/772/281
f 461/774/6 462/6088/6 458/775/6
f 459/777/282 463/6089/282 461/778/282
f 460/780/283 458/6090/283 462/781/283
f 466/783/2 468/6091/2 467/784/2
f 472/786/1 470/906/1 469/787/1
f 470/789/6 466/1250/6 465/790/6
f 473/792/2 474/6092/2 476/793/2
f 479/795/1 480/6093/1 478/796/1
f 472/798/284 468/6094/284 466/799/284
f 477/801/6 478/6095/6 474/802/6
f 475/804/285 479/6096/285 477/805/285
f 482/807/2 484/6097/2 483/808/2
f 487/810/1 488/6098/1 486/811/1
f 480/813/5 476/6099/5 474/814/5
f 486/816/6 482/1139/6 481/817/6
f 487/818/4 485/6100/4 481/819/4
f 484/821/286 482/6101/286 486/822/286
f 489/824/2 490/6102/2 492/825/2
f 495/827/1 496/6103/1 494/828/1
f 494/830/6 490/937/6 489/831/6
f 498/833/2 500/6104/2 499/834/2
f 503/836/1 504/6105/1 502/837/1
f 492/839/287 490/6106/287 494/840/287
f 502/842/6 498/6107/6 497/843/6
f 499/845/288 503/6108/288 501/846/288
f 506/848/2 508/6109/2 507/849/2
f 511/851/1 512/6110/1 510/852/1
f 504/854/289 500/648/289 498/855/289
f 510/857/6 506/6111/6 505/522/6
f 511/858/4 509/6112/4 505/859/4
f 508/861/290 506/6113/290 510/862/290
f 513/863/2 514/6114/2 516/864/2
f 520/866/1 518/6115/1 517/867/1
f 518/869/6 514/1301/6 513/870/6
f 522/872/2 524/6116/2 523/873/2
f 527/875/1 528/6117/1 526/876/1
f 516/878/291 514/6118/291 518/879/291
f 525/881/6 526/6119/6 522/882/6
f 523/884/292 527/6120/292 525/885/292
f 530/887/2 532/6121/2 531/888/2
f 536/890/1 534/448/1 533/891/1
f 524/893/293 522/6122/293 526/894/293
f 533/896/6 534/6123/6 530/897/6
f 535/899/294 533/6124/294 529/900/294
f 536/902/5 532/6084/5 530/773/5
f 538/903/2 540/6125/2 539/904/2
f 544/906/1 542/6126/1 541/907/1
f 542/908/6 538/6127/6 537/909/6
f 546/911/2 548/6128/2 547/912/2
f 551/914/1 552/514/1 550/915/1
f 544/917/295 540/6129/295 538/918/295
f 550/920/6 546/6130/6 545/921/6
f 547/727/296 551/726/296 549/923/296
f 554/925/2 556/6131/2 555/926/2
f 559/928/1 560/6132/1 558/929/1
f 552/931/297 548/6133/297 546/932/297
f 558/934/6 554/6134/6 553/935/6
f 555/937/298 559/6135/298 557/938/298
f 560/940/299 556/6136/299 554/941/299
f 562/943/2 564/6137/2 563/944/2
f 567/946/1 568/724/1 566/947/1
f 566/949/6 562/6138/6 561/950/6
f 570/622/2 572/6139/2 571/952/2
f 576/953/1 574/6140/1 573/954/1
f 568/955/300 564/771/300 562/956/300
f 573/958/6 574/6141/6 570/959/6
f 575/961/301 573/6094/301 569/962/301
f 577/964/2 578/6142/2 580/965/2
f 584/967/1 582/838/1 581/968/1
f 572/970/5 570/858/5 574/971/5
f 582/973/6 578/6143/6 577/974/6
f 579/976/4 583/6144/4 581/660/4
f 580/977/5 578/6145/5 582/978/5
f 585/980/2 586/6146/2 588/981/2
f 592/983/1 590/6147/1 589/657/1
f 590/985/6 586/6148/6 585/986/6
f 594/988/2 596/850/2 595/989/2
f 600/990/1 598/6149/1 597/991/1
f 588/993/302 586/601/302 590/994/302
f 597/996/6 598/6150/6 594/997/6
f 599/999/303 597/6012/303 593/1000/303
f 602/1002/2 604/6151/2 603/1003/2
f 608/1005/1 606/6152/1 605/1006/1
f 600/1008/304 596/6153/304 594/1009/304
f 605/1011/6 606/6154/6 602/1012/6
f 603/1014/305 607/6155/305 605/1015/305
f 604/1017/306 602/6156/306 606/1018/306
f 609/1020/2 610/6157/2 612/1021/2
f 615/1023/1 616/6158/1 614/1024/1
f 614/1026/6 610/699/6 609/1027/6
f 618/1029/2 620/6159/2 619/1030/2
f 623/1032/1 624/6160/1 622/1033/1
f 612/1035/307 610/6161/307 614/1036/307
f 621/1038/6 622/6162/6 618/1039/6
f 623/1041/308 621/6163/308 617/1042/308
f 626/1043/2 628/850/2 627/1044/2
f 631/675/1 632/6164/1 630/1046/1
f 620/618/5 618/6165/5 622/1048/5
f 630/1050/6 626/1565/6 625/1051/6
f 631/1053/4 629/6166/4 625/820/4
f 632/1055/309 628/6167/309 626/987/309
f 620/1057/3 624/6168/3 623/1058/3
f 443/1060/3 444/6169/3 448/748/3
f 460/1062/3 464/6170/3 463/1063/3
f 634/1065/1 636/6171/1 635/1066/1
f 639/1068/2 640/6172/2 638/1069/2
f 638/1071/3 634/6173/3 633/1072/3
f 642/1074/1 644/6174/1 643/1075/1
f 647/1077/2 648/6175/2 646/1078/2
f 636/1080/5 634/6176/5 638/1025/5
f 646/1082/3 642/6177/3 641/1083/3
f 647/1085/310 645/6178/310 641/1086/310
f 649/1088/1 650/6179/1 652/1089/1
f 655/1091/2 656/6180/2 654/1092/2
f 648/1094/311 644/6181/311 642/1095/311
f 653/1097/3 654/6182/3 650/1098/3
f 651/1100/312 655/6183/312 653/1101/312
f 656/1103/313 652/6184/313 650/1104/313
f 658/1106/1 660/6185/1 659/1107/1
f 663/1109/2 664/6186/2 662/1110/2
f 662/1112/3 658/6187/3 657/1113/3
f 665/1115/1 666/6188/1 668/1116/1
f 671/1118/2 672/6189/2 670/1119/2
f 660/1121/5 658/6180/5 662/1122/5
f 669/1124/3 670/6190/3 666/1125/3
f 667/1127/314 671/6191/314 669/1128/314
f 673/1130/1 674/6192/1 676/1131/1
f 679/1133/2 680/6193/2 678/1134/2
f 672/1136/5 668/6194/5 666/1137/5
f 678/1138/3 674/6195/3 673/1139/3
f 675/837/315 679/6196/315 677/1090/315
f 676/758/316 674/1331/316 678/1142/316
f 681/1143/1 682/6197/1 684/1144/1
f 687/1146/2 688/6198/2 686/1147/2
f 686/1149/3 682/528/3 681/1150/3
f 690/1152/1 692/6199/1 691/1153/1
f 695/1155/2 696/6200/2 694/1156/2
f 684/1158/317 682/780/317 686/782/317
f 694/1160/3 690/6201/3 689/1161/3
f 691/1163/318 695/6202/318 693/1164/318
f 698/1166/1 700/6203/1 699/1167/1
f 703/1169/2 704/6204/2 702/1170/2
f 696/1172/319 692/6205/319 690/690/319
f 702/1173/3 698/6206/3 697/1174/3
f 699/1176/320 703/6207/320 701/1177/320
f 704/443/321 700/442/321 698/1179/321
f 705/1181/1 706/6208/1 708/1182/1
f 711/1183/2 712/6209/2 710/1184/2
f 710/1186/3 706/6210/3 705/1187/3
f 714/837/1 716/6105/1 715/1189/1
f 719/1191/2 720/6211/2 718/1192/2
f 712/1194/322 708/6212/322 706/1195/322
f 717/1197/3 718/6213/3 714/1198/3
f 715/1200/323 719/6214/323 717/1201/323
f 722/1203/1 724/6215/1 723/1204/1
f 728/1206/2 726/6216/2 725/1207/2
f 716/1209/324 714/6217/324 718/1210/324
f 725/1212/3 726/6218/3 722/1213/3
f 727/1215/325 725/868/325 721/1216/325
f 728/1218/326 724/6219/326 722/1219/326
f 729/1221/1 730/6220/1 732/1222/1
f 736/1223/2 734/6221/2 733/1224/2
f 734/1226/3 730/6222/3 729/1227/3
f 738/1229/1 740/6223/1 739/1230/1
f 743/1232/2 744/6224/2 742/1233/2
f 732/1235/327 730/6225/327 734/1236/327
f 742/1238/3 738/932/3 737/1239/3
f 739/1241/328 743/6226/328 741/1242/328
f 746/1244/1 748/6227/1 747/1245/1
f 752/1246/2 750/6228/2 749/1247/2
f 744/1249/329 740/1114/329 738/1250/329
f 750/1252/3 746/6229/3 745/1253/3
f 751/1255/4 749/1294/4 745/1256/4
f 748/1258/330 746/6230/330 750/1259/330
f 754/1260/1 756/6231/1 755/1261/1
f 759/1263/2 760/6232/2 758/1264/2
f 758/1266/3 754/591/3 753/1267/3
f 762/968/1 764/6233/1 763/1269/1
f 768/1270/2 766/6234/2 765/1271/2
f 760/1273/331 756/6235/331 754/1274/331
f 765/1276/3 766/6236/3 762/1277/3
f 767/841/332 765/6237/332 761/1279/332
f 770/1281/1 772/6238/1 771/1282/1
f 775/1284/2 776/6239/2 774/1285/2
f 764/979/5 762/978/5 766/477/5
f 774/1287/3 770/6240/3 769/1288/3
f 771/1290/333 775/6241/333 773/1291/333
f 776/1255/334 772/6242/334 770/1293/334
f 777/1171/1 778/6243/1 780/1295/1
f 784/1297/2 782/6244/2 781/1298/2
f 782/1300/3 778/6245/3 777/1301/3
f 786/1303/1 788/989/1 787/850/1
f 792/1305/2 790/6246/2 789/1306/2
f 780/1308/335 778/6247/335 782/837/335
f 789/1310/3 790/6248/3 786/709/3
f 791/1312/336 789/6249/336 785/1313/336
f 793/1315/1 794/6250/1 796/1316/1
f 800/1318/2 798/6251/2 797/1319/2
f 792/1321/337 788/6252/337 786/1322/337
f 797/1324/3 798/6253/3 794/1325/3
f 799/1327/338 797/6254/338 793/1328/338
f 796/1330/339 794/1142/339 798/1331/339
f 801/1333/1 802/6255/1 804/1334/1
f 808/1336/2 806/6256/2 805/1143/2
f 806/1337/3 802/688/3 801/1338/3
f 810/1340/1 812/6257/1 811/1341/1
f 815/1343/2 816/6258/2 814/1344/2
f 804/1104/340 802/6259/340 806/1194/340
f 813/1346/3 814/6260/3 810/1347/3
f 815/1349/341 813/1356/341 809/1350/341
f 818/1352/1 820/6261/1 819/1134/1
f 823/1354/2 824/6262/2 822/1355/2
f 812/1356/5 810/1349/5 814/1357/5
f 822/1359/3 818/668/3 817/1360/3
f 819/1362/342 823/6263/342 821/1363/342
f 824/1365/343 820/6264/343 818/1366/343
f 652/1367/6 656/6265/6 655/1368/6
f 636/1369/6 640/6266/6 639/1370/6
f 812/1372/6 816/6267/6 815/1373/6
f 826/1375/6 828/6268/6 827/1376/6
f 832/1378/3 830/6269/3 829/1221/3
f 830/1380/1 826/6270/1 825/1381/1
f 834/1383/6 836/6271/6 835/1384/6
f 839/1386/3 840/6272/3 838/1387/3
f 832/1389/5 828/6273/5 826/1328/5
f 838/1391/1 834/6274/1 833/1392/1
f 839/1394/344 837/6275/344 833/1395/344
f 842/1397/6 844/6276/6 843/1398/6
f 847/1400/3 848/6277/3 846/1401/3
f 840/1402/345 836/6278/345 834/1403/345
f 845/1405/1 846/6279/1 842/1406/1
f 843/1407/346 847/6280/346 845/1408/346
f 844/1410/347 842/1158/347 846/1159/347
f 850/1412/6 852/6281/6 851/1413/6
f 856/1415/3 854/6282/3 853/1416/3
f 854/1418/1 850/6283/1 849/1419/1
f 857/1420/6 858/6284/6 860/1421/6
f 863/1423/3 864/6285/3 862/1424/3
f 856/1426/348 852/6286/348 850/1427/348
f 861/1016/1 862/6287/1 858/1429/1
f 859/997/349 863/6288/349 861/1431/349
f 866/1433/6 868/6289/6 867/1434/6
f 871/1436/3 872/6290/3 870/1437/3
f 864/666/5 860/668/5 858/1438/5
f 870/1439/1 866/6291/1 865/1440/1
f 871/1442/4 869/683/4 865/682/4
f 868/1444/350 866/465/350 870/1124/350
f 873/1446/6 874/6292/6 876/1447/6
f 879/1449/3 880/6293/3 878/1450/3
f 878/1452/1 874/6294/1 873/1129/1
f 882/1454/6 884/6295/6 883/1455/6
f 887/1457/3 888/6296/3 886/1458/3
f 876/1460/351 874/6297/351 878/1461/351
f 886/1463/1 882/1040/1 881/1464/1
f 883/1466/352 887/6298/352 885/919/352
f 890/513/6 892/6299/6 891/1468/6
f 895/1469/3 896/851/3 894/1470/3
f 888/1472/353 884/6300/353 882/1473/353
f 894/1475/1 890/6301/1 889/1476/1
f 895/1462/4 893/6302/4 889/1478/4
f 892/1480/354 890/6303/354 894/1481/354
f 898/1483/6 900/6304/6 899/1484/6
f 903/1486/3 904/6104/3 902/1487/3
f 902/1489/1 898/6305/1 897/1490/1
f 899/1491/355 903/6306/355 901/1492/355
f 904/1494/356 900/6307/356 898/1495/356
f 906/1497/6 908/6308/6 907/474/6
f 911/1499/3 912/6309/3 910/1500/3
f 910/1501/1 906/6310/1 905/1502/1
f 914/1504/6 916/1220/6 915/1505/6
f 920/1507/3 918/6311/3 917/1508/3
f 912/829/357 908/6312/357 906/1510/357
f 917/1512/1 918/6175/1 914/1513/1
f 919/1515/358 917/6313/358 913/1516/358
f 921/1518/6 922/1270/6 924/1519/6
f 928/1521/3 926/6314/3 925/1522/3
f 920/1524/5 916/647/5 914/1525/5
f 926/1516/1 922/6315/1 921/1526/1
f 923/1527/4 927/6316/4 925/1528/4
f 924/814/5 922/6099/5 926/829/5
f 929/1531/6 930/6317/6 932/1532/6
f 936/1534/3 934/1498/3 933/1535/3
f 934/1537/1 930/6318/1 929/1538/1
f 938/1540/6 940/6071/6 939/1541/6
f 944/1543/3 942/6319/3 941/1544/3
f 932/1546/359 930/6320/359 934/1547/359
f 941/1549/1 942/6321/1 938/1550/1
f 943/1551/360 941/6322/360 937/1552/360
f 946/1554/6 948/6323/6 947/1555/6
f 952/1557/3 950/1415/3 949/1558/3
f 944/1560/361 940/6324/361 938/1561/361
f 949/1563/1 950/6325/1 946/1564/1
f 947/1566/362 951/6326/362 949/1567/362
f 948/1313/363 946/6327/363 950/1569/363
f 953/1571/6 954/982/6 956/1572/6
f 959/1574/3 960/6328/3 958/1575/3
f 958/1577/1 954/6122/1 953/1578/1
f 962/1580/6 964/6329/6 963/1581/6
f 967/1583/3 968/6330/3 966/1584/3
f 956/1586/364 954/6331/364 958/1587/364
f 965/1589/1 966/6332/1 962/1590/1
f 967/1592/365 965/6333/365 961/1593/365
f 970/1595/6 972/6056/6 971/1596/6
f 975/1598/3 976/6334/3 974/1599/3
f 964/1600/5 962/6335/5 966/1601/5
f 974/856/1 970/1514/1 969/1513/1
f 975/550/4 973/6336/4 969/1603/4
f 976/1605/366 972/6337/366 970/1606/366
f 964/1607/2 968/6338/2 967/1608/2
f 828/1610/2 832/6322/2 831/1611/2
f 844/1613/2 848/6339/2 847/1614/2
f 983/6340/5 984/6341/5 1012/1618/5
f 984/6341/5 981/6342/5 997/6343/5
f 981/6342/5 982/6344/5 997/6343/5
f 997/6343/5 996/1616/5 984/6341/5
f 984/6341/5 996/1616/5 1012/1618/5
f 986/1617/5 1008/6345/5 1012/1618/5
f 981/1619/6 984/6346/6 2054/1620/6
f 997/1622/1 982/6347/1 2055/1623/1
f 984/1625/9 983/1633/9 2059/1626/9
f 982/1628/7 981/1619/7 2058/1621/7
f 2060/1630/1 1008/1677/1 986/1631/1
f 983/1633/2 1012/6348/2 2062/1634/2
f 990/1635/2 1019/3919/2 1011/1636/2
f 985/1638/3 992/6349/3 993/1639/3
f 989/1641/7 988/1649/7 978/1642/7
f 987/1644/9 990/1635/9 980/1637/9
f 995/1646/1 999/1662/1 989/1647/1
f 988/1649/6 987/3924/6 979/1650/6
f 1020/1651/1 993/6350/1 992/1652/1
f 991/1654/4 993/6351/4 1020/1655/4
f 991/1657/1 998/1663/1 994/1658/1
f 986/1631/1 996/1661/1 2063/1660/1
f 996/1661/1 997/1622/1 2064/1624/1
f 999/1662/1 995/1646/1 994/1658/1
f 1004/6352/5 1007/1665/5 1027/6353/5
f 1007/1665/5 1006/6354/5 1012/1618/5
f 1027/6353/5 1007/1665/5 1026/1664/5
f 1012/1618/5 1008/6345/5 1010/6355/5
f 1012/1618/5 1010/6355/5 1026/1664/5
f 1005/6356/5 1004/6352/5 1027/6353/5
f 2056/1666/3 1007/1673/3 1004/1667/3
f 2057/1669/1 1005/1675/1 1027/1670/1
f 2066/1672/10 1006/6357/10 1007/1673/10
f 2065/1674/8 1004/6358/8 1005/1675/8
f 2067/1676/1 1010/1700/1 1008/1677/1
f 2062/1634/2 1012/6348/2 1006/1678/2
f 1011/1636/2 1019/3919/2 1016/1680/2
f 1023/1682/6 1022/6359/6 1009/1639/6
f 1001/1684/8 1014/3922/8 1015/1685/8
f 1003/1687/10 1016/3923/10 1013/1688/10
f 1000/1686/1 1015/1685/1 1029/1690/1
f 1002/1689/3 1013/1688/3 1014/1692/3
f 1022/1694/1 1023/6360/1 1020/1651/1
f 1020/1655/4 1023/6361/4 1018/1695/4
f 1024/1696/1 1028/1702/1 1018/1697/1
f 2068/1699/1 1026/1701/1 1010/1700/1
f 2069/1671/1 1027/1670/1 1026/1701/1
f 1024/1696/1 1025/1691/1 1029/1690/1
f 1035/1703/1 1038/6362/1 1034/1704/1
f 1035/1706/5 1036/6363/5 1037/1707/5
f 1054/1709/1 1045/1740/1 1030/1710/1
f 1034/1711/4 1039/1977/4 1033/1712/4
f 1050/1714/3 1048/6364/3 1047/1715/3
f 1054/1709/1 1035/1703/1 1032/1705/1
f 1032/1718/6 1033/6365/6 1040/1719/6
f 1049/1717/1 1032/1705/1 1031/1721/1
f 1059/1723/1 1057/6366/1 1050/1724/1
f 1036/1726/1 1043/6367/1 1042/1727/1
f 1030/1729/6 1043/6368/6 1036/1730/6
f 1048/1732/1 1051/6369/1 1056/1733/1
f 1047/1735/1 1048/1732/1 1049/1717/1
f 1055/1736/5 1053/6370/5 1052/1737/5
f 1054/1709/1 1052/1734/1 1046/1739/1
f 1050/1741/4 1057/6371/4 1051/1742/4
f 1033/1744/1 1039/6372/1 1041/1745/1
f 1049/1717/1 1048/1732/1 1052/1734/1
f 1053/1747/1 1055/6373/1 1060/1748/1
f 1053/1750/3 1061/6374/3 1046/1751/3
f 1063/1753/1 1069/1760/1 1073/1754/1
f 1062/1756/1 1068/6375/1 1071/1757/1
f 1063/1753/1 1064/1765/1 1070/1759/1
f 1072/1761/1 1068/6375/1 1062/1756/1
f 1067/1755/1 1073/1754/1 1072/1761/1
f 1065/1758/1 1071/1757/1 1096/1763/1
f 1064/1765/1 1089/1812/1 1097/1766/1
f 1070/1767/134 1076/1779/134 1075/1768/134
f 1078/1770/6 1074/6376/6 1068/1771/6
f 1079/1773/6 1078/1770/6 1072/1772/6
f 1071/1775/135 1077/1783/135 1104/1776/135
f 1097/1778/136 1105/6377/136 1076/1779/136
f 1075/1780/6 1079/1773/6 1073/1774/6
f 1068/1782/137 1074/6378/137 1077/1783/137
f 1067/1784/3 1085/1796/3 1081/1785/3
f 1065/1787/138 1083/1798/138 1080/1788/138
f 1063/1790/139 1081/6379/139 1082/1791/139
f 1062/1793/3 1080/6380/3 1084/1794/3
f 1066/1795/3 1084/1794/3 1085/1796/3
f 1088/1797/138 1112/6381/138 1083/1798/138
f 1064/1792/139 1082/1791/139 1113/1799/139
f 1087/1801/1 1093/1811/1 1101/1802/1
f 1099/1804/1 1094/6382/1 1086/1805/1
f 1087/1801/1 1095/1803/1 1098/1807/1
f 1086/1805/1 1094/6382/1 1100/1809/1
f 1093/1811/1 1092/1810/1 1100/1809/1
f 1096/1763/1 1099/1804/1 1091/1806/1
f 1090/1808/1 1098/1807/1 1097/1766/1
f 1103/1813/138 1106/1822/138 1098/1814/138
f 1094/1816/3 1102/4070/3 1108/1817/3
f 1100/1818/3 1108/1817/3 1109/1819/3
f 1104/1776/140 1107/1825/140 1099/1821/140
f 1106/1822/141 1105/6377/141 1097/1778/141
f 1101/1820/3 1109/1819/3 1103/1823/3
f 1107/1825/139 1102/6383/139 1094/1826/139
f 1111/1785/6 1117/1837/6 1093/1827/6
f 1110/1829/134 1115/1838/134 1091/1830/134
f 1114/1832/137 1111/6384/137 1087/1833/137
f 1116/1794/6 1110/6380/6 1086/1835/6
f 1117/1837/6 1116/1794/6 1092/1836/6
f 1115/1838/134 1112/6381/134 1088/1797/134
f 1113/1799/137 1114/1832/137 1090/1834/137
f 1119/1839/1 1127/1846/1 1131/1840/1
f 1118/1842/1 1126/6385/1 1129/1843/1
f 1119/1839/1 1120/1855/1 1128/1845/1
f 1132/1847/1 1133/1854/1 1125/1848/1
f 1123/1841/1 1131/1840/1 1130/1850/1
f 1121/1844/1 1129/1843/1 1162/1852/1
f 1133/1854/1 1126/6385/1 1118/1842/1
f 1122/1851/1 1130/1850/1 1132/1847/1
f 1120/1855/1 1153/1914/1 1163/1856/1
f 1128/1857/134 1136/1873/134 1135/1858/134
f 1140/1860/6 1141/1869/6 1133/1861/6
f 1139/1863/6 1138/1871/6 1130/1864/6
f 1129/1866/135 1137/1877/135 1172/1867/135
f 1141/1869/6 1134/6386/6 1126/1870/6
f 1138/1871/6 1140/1860/6 1132/1862/6
f 1163/1872/136 1173/6387/136 1136/1873/136
f 1135/1874/6 1139/1863/6 1131/1865/6
f 1126/1876/137 1134/6388/137 1137/1877/137
f 1123/1878/3 1147/1891/3 1143/1879/3
f 1121/1881/138 1145/1893/138 1142/1882/138
f 1119/1884/139 1143/6389/139 1144/1885/139
f 1125/1887/3 1149/1895/3 1148/1888/3
f 1122/1890/3 1146/1896/3 1147/1891/3
f 1152/1892/138 1182/6390/138 1145/1893/138
f 1118/1894/3 1142/6391/3 1149/1895/3
f 1124/1889/3 1148/1888/3 1146/1896/3
f 1120/1886/139 1144/1885/139 1183/1897/139
f 1151/1899/1 1157/1910/1 1167/1900/1
f 1165/1902/1 1160/6392/1 1150/1903/1
f 1151/1899/1 1161/1901/1 1164/1905/1
f 1159/1907/1 1169/1912/1 1168/1908/1
f 1157/1910/1 1156/1913/1 1166/1911/1
f 1162/1852/1 1165/1902/1 1155/1904/1
f 1150/1903/1 1160/6392/1 1169/1912/1
f 1156/1913/1 1158/1909/1 1168/1908/1
f 1154/1906/1 1164/1905/1 1163/1856/1
f 1171/1915/138 1174/1928/138 1164/1916/138
f 1169/1918/3 1179/1926/3 1178/1919/3
f 1166/1921/3 1176/1927/3 1177/1922/3
f 1172/1867/140 1175/1931/140 1165/1924/140
f 1160/1925/3 1170/6393/3 1179/1926/3
f 1168/1920/3 1178/1919/3 1176/1927/3
f 1174/1928/141 1173/6387/141 1163/1872/141
f 1167/1923/3 1177/1922/3 1171/1929/3
f 1175/1931/139 1170/6394/139 1160/1932/139
f 1181/1933/6 1187/1944/6 1157/1934/6
f 1180/1936/134 1185/1946/134 1155/1937/134
f 1184/1939/137 1181/1789/137 1151/1788/137
f 1188/1941/6 1189/1947/6 1159/1942/6
f 1187/1944/6 1186/1949/6 1156/1945/6
f 1185/1946/134 1182/6390/134 1152/1892/134
f 1189/1947/6 1180/6395/6 1150/1948/6
f 1186/1949/6 1188/1941/6 1158/1943/6
f 1183/1897/137 1184/1939/137 1154/1940/137
f 1197/1950/1 1201/6396/1 1196/1951/1
f 1210/1953/6 1198/6397/6 1205/1954/6
f 1197/1956/5 1199/4069/5 1200/1957/5
f 1225/1959/1 1213/2002/1 1190/1960/1
f 1196/1961/4 1203/6398/4 1195/1962/4
f 1211/1964/4 1193/6399/4 1198/1965/4
f 1219/1967/1 1192/1952/1 1206/1968/1
f 1206/1970/5 1194/6400/5 1204/1971/5
f 1225/1959/1 1197/1950/1 1192/1952/1
f 1230/1969/1 1206/1968/1 1210/1973/1
f 1206/1968/1 1202/6401/1 1211/1975/1
f 1192/1976/6 1195/6402/6 1194/1977/6
f 1198/1978/1 1193/6403/1 1207/1979/1
f 1199/1981/1 1209/6404/1 1208/1982/1
f 1195/1984/1 1203/6405/1 1204/1985/1
f 1190/1987/6 1209/6406/6 1199/1988/6
f 1235/1974/1 1210/1973/1 1191/1990/1
f 1221/1992/1 1227/6407/1 1222/1993/1
f 1232/1995/3 1223/6408/3 1238/1996/3
f 1226/1998/5 1224/6409/5 1222/1999/5
f 1225/1959/1 1222/1993/1 1214/2001/1
f 1220/2003/4 1229/6410/4 1221/2004/4
f 1223/2006/4 1217/6411/4 1239/2007/4
f 1233/2009/1 1216/1994/1 1219/1967/1
f 1231/2010/5 1218/2278/5 1233/2011/5
f 1216/1994/1 1222/1993/1 1225/1959/1
f 1238/2013/1 1233/2009/1 1230/1969/1
f 1239/2014/1 1228/6412/1 1233/2009/1
f 1218/2015/3 1220/2322/3 1216/2016/3
f 1234/2018/1 1217/6413/1 1223/2019/1
f 1224/2021/1 1226/6414/1 1236/2022/1
f 1231/2024/1 1229/6415/1 1220/2025/1
f 1224/2027/3 1237/6416/3 1214/2028/3
f 1215/2030/1 1238/2013/1 1235/1974/1
f 1242/2031/1 1244/6417/1 1248/2032/1
f 1247/2034/5 1246/6418/5 1245/2035/5
f 1264/2037/1 1245/2033/1 1240/2038/1
f 1243/2040/4 1249/6419/4 1244/2041/4
f 1257/2043/6 1258/6420/6 1260/2044/6
f 1259/2046/1 1242/2031/1 1245/2033/1
f 1250/2047/3 1243/6421/3 1242/2048/3
f 1241/2050/1 1242/2031/1 1259/2046/1
f 1269/2052/1 1268/6422/1 1260/2053/1
f 1246/2055/1 1247/6423/1 1252/2056/1
f 1246/2058/3 1253/6424/3 1240/2059/3
f 1262/2061/1 1266/6425/1 1261/2062/1
f 1259/2046/1 1258/2063/1 1257/2064/1
f 1262/2065/5 1263/6426/5 1265/2066/5
f 1264/2037/1 1255/2039/1 1256/2068/1
f 1261/2069/4 1267/6427/4 1260/2067/4
f 1243/2070/1 1250/6428/1 1251/2071/1
f 1264/2037/1 1262/2061/1 1258/2063/1
f 1263/2073/1 1271/6429/1 1270/2074/1
f 1256/2076/6 1271/6430/6 1263/2077/6
f 1273/2079/1 1277/2089/1 1283/2080/1
f 1281/2082/1 1278/6431/1 1272/2083/1
f 1273/2079/1 1279/2081/1 1280/2085/1
f 1272/2083/1 1278/6431/1 1282/2087/1
f 1277/2089/1 1276/2088/1 1282/2087/1
f 1306/2090/1 1281/2082/1 1275/2084/1
f 1274/2086/1 1280/2085/1 1307/2092/1
f 1285/2094/138 1286/2105/138 1280/2095/138
f 1278/2097/3 1284/6432/3 1288/2098/3
f 1282/2099/3 1288/2098/3 1289/2100/3
f 1314/2102/140 1287/2109/140 1281/2103/140
f 1286/2105/141 1315/6433/141 1307/2106/141
f 1283/2101/3 1289/2100/3 1285/2107/3
f 1287/2109/139 1284/6388/139 1278/1876/139
f 1291/2110/6 1295/2122/6 1277/2111/6
f 1290/2113/134 1293/2123/134 1275/2114/134
f 1292/2116/137 1291/6434/137 1273/2117/137
f 1294/2119/6 1290/6435/6 1272/2120/6
f 1295/2122/6 1294/2119/6 1276/2121/6
f 1293/2123/134 1322/6436/134 1298/2124/134
f 1323/2125/137 1292/2116/137 1274/2118/137
f 1297/2127/1 1305/2134/1 1311/2128/1
f 1296/2130/1 1304/1760/1 1309/2131/1
f 1297/2127/1 1300/2137/1 1308/2133/1
f 1310/2135/1 1304/1760/1 1296/2130/1
f 1303/2129/1 1311/2128/1 1310/2135/1
f 1301/2132/1 1309/2131/1 1306/2090/1
f 1300/2137/1 1299/2093/1 1307/2092/1
f 1308/2138/134 1316/2147/134 1313/2139/134
f 1318/2141/6 1312/6437/6 1304/2142/6
f 1319/2144/6 1318/2141/6 1310/2143/6
f 1309/2146/135 1317/2150/135 1314/2102/135
f 1307/2106/136 1315/6433/136 1316/2147/136
f 1313/2148/6 1319/2144/6 1311/2145/6
f 1304/1826/137 1312/6383/137 1317/2150/137
f 1303/2151/3 1327/2163/3 1321/2152/3
f 1301/2154/138 1325/2164/138 1320/2155/138
f 1297/2157/139 1321/6438/139 1324/2158/139
f 1296/2160/3 1320/6439/3 1326/2161/3
f 1302/2162/3 1326/2161/3 1327/2163/3
f 1298/2124/138 1322/6436/138 1325/2164/138
f 1300/2159/139 1324/2158/139 1323/2125/139
f 1329/2165/1 1333/2174/1 1341/2166/1
f 1339/2167/1 1336/6385/1 1328/2168/1
f 1329/2165/1 1337/1846/1 1338/2170/1
f 1335/2172/1 1343/1854/1 1342/1847/1
f 1333/2174/1 1332/2177/1 1340/1850/1
f 1372/2175/1 1339/2167/1 1331/2169/1
f 1328/2168/1 1336/6385/1 1343/1854/1
f 1332/2177/1 1334/2173/1 1342/1847/1
f 1330/2171/1 1338/2170/1 1373/2178/1
f 1345/2180/138 1346/2195/138 1338/2181/138
f 1343/2183/3 1351/2193/3 1350/2184/3
f 1340/2186/3 1348/2194/3 1349/2187/3
f 1382/2189/143 1347/2199/143 1339/2190/143
f 1336/2192/3 1344/6440/3 1351/2193/3
f 1342/2185/3 1350/2184/3 1348/2194/3
f 1346/2195/141 1383/6441/141 1373/2196/141
f 1341/2188/3 1349/2187/3 1345/2197/3
f 1347/2199/139 1344/6442/139 1336/2200/139
f 1353/2201/6 1357/2213/6 1333/2202/6
f 1352/2204/134 1355/2215/134 1331/2205/134
f 1354/2207/137 1353/6443/137 1329/2208/137
f 1358/2210/6 1359/2217/6 1335/2211/6
f 1357/2213/6 1356/2219/6 1332/2214/6
f 1355/2215/134 1392/6444/134 1362/2216/134
f 1359/2217/6 1352/6445/6 1328/2218/6
f 1356/2219/6 1358/2210/6 1334/2212/6
f 1393/2220/137 1354/2207/137 1330/2209/137
f 1361/2222/1 1371/2229/1 1377/2223/1
f 1360/2225/1 1370/6446/1 1375/2226/1
f 1361/2222/1 1364/2236/1 1374/2228/1
f 1378/2230/1 1379/2235/1 1369/2231/1
f 1367/2224/1 1377/2223/1 1376/2233/1
f 1365/2227/1 1375/2226/1 1372/2175/1
f 1379/2235/1 1370/6446/1 1360/2225/1
f 1366/2234/1 1376/2233/1 1378/2230/1
f 1364/2236/1 1363/2179/1 1373/2178/1
f 1374/2237/134 1384/2250/134 1381/2238/134
f 1388/2240/6 1389/2247/6 1379/2241/6
f 1387/2243/6 1386/2249/6 1376/2244/6
f 1375/2246/142 1385/2253/142 1382/2189/142
f 1389/2247/6 1380/6447/6 1370/2248/6
f 1386/2249/6 1388/2240/6 1378/2242/6
f 1373/2196/136 1383/6441/136 1384/2250/136
f 1381/2251/6 1387/2243/6 1377/2245/6
f 1370/2142/137 1380/6437/137 1385/2253/137
f 1367/2254/3 1397/2267/3 1391/2255/3
f 1365/2257/138 1395/2268/138 1390/2258/138
f 1361/2260/139 1391/6448/139 1394/2261/139
f 1369/2263/3 1399/2270/3 1398/2264/3
f 1366/2266/3 1396/2271/3 1397/2267/3
f 1362/2216/138 1392/6444/138 1395/2268/138
f 1360/2269/3 1390/6449/3 1399/2270/3
f 1368/2265/3 1398/2264/3 1396/2271/3
f 1364/2262/139 1394/2261/139 1393/2220/139
f 1406/2272/1 1411/6450/1 1407/2273/1
f 1415/2275/3 1408/6451/3 1420/2276/3
f 1410/2278/5 1409/6452/5 1407/2279/5
f 1435/2280/1 1407/2273/1 1400/2281/1
f 1405/2283/4 1413/6453/4 1406/2284/4
f 1408/2286/4 1403/6454/4 1421/2287/4
f 1416/2289/1 1402/2274/1 1429/2290/1
f 1414/2292/5 1404/6455/5 1416/2293/5
f 1402/2274/1 1407/2273/1 1435/2280/1
f 1420/2295/1 1416/2289/1 1440/2291/1
f 1421/2297/1 1412/6456/1 1416/2289/1
f 1404/2298/3 1405/4048/3 1402/2299/3
f 1417/2301/1 1403/6457/1 1408/2302/1
f 1409/2304/1 1410/6458/1 1418/2305/1
f 1414/2307/1 1413/6459/1 1405/2308/1
f 1409/2310/3 1419/6460/3 1400/2311/3
f 1401/2313/1 1420/2295/1 1445/2296/1
f 1432/2315/1 1437/6461/1 1431/2316/1
f 1448/2318/6 1433/6462/6 1442/2319/6
f 1432/2321/5 1434/6463/5 1436/2016/5
f 1435/2280/1 1423/2282/1 1424/2323/1
f 1431/2324/4 1439/6464/4 1430/1741/4
f 1449/2325/4 1427/6465/4 1433/2326/4
f 1429/2290/1 1426/2317/1 1443/2328/1
f 1443/2329/5 1428/4291/5 1441/2330/5
f 1435/2280/1 1432/2315/1 1426/2317/1
f 1440/2291/1 1443/2328/1 1448/2332/1
f 1443/2328/1 1438/6466/1 1449/2333/1
f 1426/2334/6 1430/4031/6 1428/2335/6
f 1433/2337/1 1427/6467/1 1444/2338/1
f 1434/2340/1 1447/6468/1 1446/2341/1
f 1430/2343/1 1439/6469/1 1441/2344/1
f 1424/2346/6 1447/6470/6 1434/2347/6
f 1445/2296/1 1448/2332/1 1425/2349/1
f 1453/2350/1 1452/6471/1 1464/2351/1
f 1464/2353/5 1452/2364/5 1450/2354/5
f 1466/2356/2 1454/2363/2 1455/2357/2
f 1450/2359/3 1452/6472/3 1453/2360/3
f 1457/2356/1 1456/2376/1 1468/2362/1
f 1468/2364/5 1456/2353/5 1454/2365/5
f 1470/2367/2 1458/6473/2 1459/2368/2
f 1455/2370/3 1454/6474/3 1456/2371/3
f 1461/2373/1 1460/6475/1 1472/2374/1
f 1472/2355/5 1460/2354/5 1458/2362/5
f 1459/2377/3 1458/6476/3 1460/2378/3
f 1465/2380/6 1464/6477/6 1462/2381/6
f 1467/2383/6 1469/6474/6 1468/2384/6
f 1471/2386/6 1473/6478/6 1472/2387/6
f 1462/2389/2 1450/6479/2 1451/2390/2
f 1475/2392/367 1477/6480/367 1476/2393/367
f 1476/2395/2 1477/6481/2 1493/2396/2
f 1491/2398/368 1475/6482/368 1474/2399/368
f 1492/2401/369 1490/6483/369 1474/2402/369
f 1477/2404/370 1475/6484/370 1491/2405/370
f 1479/2407/4 1481/6485/4 1480/2408/4
f 1480/2410/2 1481/6486/2 1485/2411/2
f 1485/2413/5 1483/6487/5 1482/2414/5
f 1482/2416/150 1483/6488/150 1479/2417/150
f 1484/2419/371 1482/6489/371 1478/2420/371
f 1485/2422/372 1481/6490/372 1479/2423/372
f 1488/2425/373 1489/6491/373 1487/2426/373
f 1488/2428/2 1492/2397/2 1493/2396/2
f 1490/2430/6 1491/6492/6 1493/2431/6
f 1486/2433/374 1487/6493/374 1491/2398/374
f 1486/2434/375 1490/6483/375 1492/2401/375
f 1491/2405/376 1487/6494/376 1489/2436/376
f 1496/2437/4 1497/6495/4 1495/2438/4
f 1496/2440/2 1500/6496/2 1501/2441/2
f 1498/2443/5 1499/6497/5 1501/2444/5
f 1498/2446/377 1494/6498/377 1495/2447/377
f 1494/2449/378 1498/6499/378 1500/2450/378
f 1501/2452/379 1499/6500/379 1495/2453/379
f 1514/2455/152 1522/2481/152 1525/2456/152
f 1508/2458/1 1516/2465/1 1511/2459/1
f 1504/2461/2 1512/2467/2 1515/2462/2
f 1509/2464/153 1517/6501/153 1516/2465/153
f 1505/2466/154 1513/6502/154 1512/2467/154
f 1506/2468/3 1514/6503/3 1517/2469/3
f 1502/2471/6 1510/6504/6 1513/2472/6
f 1507/2463/155 1515/2462/155 1514/2474/155
f 1503/2460/156 1511/2459/156 1510/2476/156
f 1510/2477/157 1518/2483/157 1521/2478/157
f 1515/2480/158 1523/2487/158 1522/2481/158
f 1511/2482/159 1519/2485/159 1518/2483/159
f 1516/2484/160 1524/2488/160 1519/2485/160
f 1512/2486/161 1520/2489/161 1523/2487/161
f 1516/2484/162 1517/2457/162 1525/2456/162
f 1512/2486/163 1513/2479/163 1521/2478/163
f 1503/2491/4 1502/2477/4 1505/2479/4
f 1505/2479/4 1504/6505/4 1503/2491/4
f 1504/6505/4 1507/2492/4 1503/2491/4
f 1507/2492/4 1506/6506/4 1509/6507/4
f 1509/6507/4 1508/2490/4 1507/2492/4
f 1526/2495/4 1529/6508/4 1528/6509/4
f 1528/6509/4 1531/6510/4 1530/2493/4
f 1530/2493/4 1533/6511/4 1532/2494/4
f 1532/2494/4 1527/2523/4 1526/2495/4
f 1526/2495/4 1528/6509/4 1530/2493/4
f 1538/2496/5 1546/2525/5 1549/2497/5
f 1532/2499/1 1540/2506/1 1535/2500/1
f 1528/2502/2 1536/2508/2 1539/2503/2
f 1533/2505/8 1541/6512/8 1540/2506/8
f 1529/2507/9 1537/6513/9 1536/2508/9
f 1530/2509/3 1538/2516/3 1541/2510/3
f 1526/2512/6 1534/2518/6 1537/2513/6
f 1531/2515/10 1539/6514/10 1538/2516/10
f 1527/2517/7 1535/6515/7 1534/2518/7
f 1544/2519/1 1552/2538/1 1555/2520/1
f 1534/2494/5 1542/2527/5 1545/2522/5
f 1538/2496/5 1539/2531/5 1547/2524/5
f 1535/2526/5 1543/2529/5 1542/2527/5
f 1540/2528/5 1548/2532/5 1543/2529/5
f 1536/2530/5 1544/2533/5 1547/2524/5
f 1540/2528/5 1541/2498/5 1549/2497/5
f 1537/2523/5 1545/2522/5 1544/2533/5
f 1549/2534/9 1557/6516/9 1556/2535/9
f 1545/2537/8 1553/6517/8 1552/2538/8
f 1546/2539/6 1554/2546/6 1557/2540/6
f 1542/2542/3 1550/2548/3 1553/2543/3
f 1547/2545/7 1555/6518/7 1554/2546/7
f 1543/2547/10 1551/6519/10 1550/2548/10
f 1548/2536/2 1556/2535/2 1551/2549/2
f 1559/2551/5 1558/6520/5 1560/2552/5
f 1565/2554/4 1562/3273/4 1563/2555/4
f 1562/2557/164 1565/6521/164 1570/2558/164
f 1565/2560/6 1564/6522/6 1573/2561/6
f 1571/2563/3 1563/6523/3 1562/2564/3
f 1568/2566/3 1567/3353/3 1558/2567/3
f 1566/2569/6 1569/2578/6 1561/2570/6
f 1567/2572/2 1566/3204/2 1560/2573/2
f 1584/2575/3 1587/2594/3 1588/2576/3
f 1569/2578/6 1566/2569/6 1570/2562/6
f 1567/2579/165 1572/6524/165 1570/2580/165
f 1575/2582/5 1574/6525/5 1576/2583/5
f 1581/2585/4 1578/6526/4 1579/2586/4
f 1578/2588/164 1581/6527/164 1586/2589/164
f 1581/2591/6 1580/3152/6 1589/2592/6
f 1587/2594/3 1579/6528/3 1578/2595/3
f 1584/2575/3 1583/2577/3 1574/2596/3
f 1582/2598/6 1585/2607/6 1577/2599/6
f 1583/2601/2 1582/6529/2 1576/2602/2
f 1600/2604/3 1603/2623/3 1604/2605/3
f 1585/2607/6 1582/2598/6 1586/2593/6
f 1583/2608/165 1588/6530/165 1586/2609/165
f 1591/2611/5 1590/6531/5 1592/2612/5
f 1597/2614/4 1594/2688/4 1595/2615/4
f 1594/2617/164 1597/6532/164 1602/2618/164
f 1597/2620/6 1596/2855/6 1605/2621/6
f 1603/2623/3 1595/6533/3 1594/2624/3
f 1600/2604/3 1599/2606/3 1590/2625/3
f 1598/2627/6 1601/2636/6 1593/2628/6
f 1599/2630/2 1598/2857/2 1592/2631/2
f 1616/2633/3 1619/2652/3 1620/2634/3
f 1601/2636/6 1598/2627/6 1602/2622/6
f 1599/2637/165 1604/6534/165 1602/2638/165
f 1607/2640/5 1606/6535/5 1608/2641/5
f 1613/2643/4 1610/6536/4 1611/2644/4
f 1610/2646/164 1613/6537/164 1618/2647/164
f 1613/2649/6 1612/6538/6 1621/2650/6
f 1619/2652/3 1611/6539/3 1610/2653/3
f 1616/2633/3 1615/2635/3 1606/2654/3
f 1614/2656/6 1617/2665/6 1609/2657/6
f 1615/2659/2 1614/2714/2 1608/2660/2
f 1632/2662/3 1635/2681/3 1636/2663/3
f 1617/2665/6 1614/2656/6 1618/2651/6
f 1615/2666/165 1620/6540/165 1618/2667/165
f 1623/2669/5 1622/6541/5 1624/2670/5
f 1629/2672/4 1626/6542/4 1627/2673/4
f 1626/2675/164 1629/6543/164 1634/2676/164
f 1629/2678/6 1628/6544/6 1637/2679/6
f 1635/2681/3 1627/2710/3 1626/2682/3
f 1632/2662/3 1631/2664/3 1622/2683/3
f 1630/2685/6 1633/2692/6 1625/2686/6
f 1631/2687/2 1630/6545/2 1624/2688/2
f 1648/2689/3 1651/2707/3 1652/2690/3
f 1633/2692/6 1630/2685/6 1634/2680/6
f 1631/2693/165 1636/6546/165 1634/2585/165
f 1639/2695/5 1638/6547/5 1640/2696/5
f 1645/2698/4 1642/3169/4 1643/2699/4
f 1642/2701/164 1645/6548/164 1650/2702/164
f 1645/2704/6 1644/6549/6 1653/2705/6
f 1651/2707/3 1643/2684/3 1642/2708/3
f 1648/2689/3 1647/2691/3 1638/2709/3
f 1646/2711/6 1649/2719/6 1641/2712/6
f 1647/2714/2 1646/6550/2 1640/2715/2
f 1664/2716/3 1667/2735/3 1668/2717/3
f 1649/2719/6 1646/2711/6 1650/2706/6
f 1647/2720/165 1652/6551/165 1650/2721/165
f 1655/2723/5 1654/6552/5 1656/2724/5
f 1661/2726/4 1658/6553/4 1659/2727/4
f 1658/2729/164 1661/3063/164 1666/2730/164
f 1661/2732/6 1660/3103/6 1669/2733/6
f 1667/2735/3 1659/6554/3 1658/2736/3
f 1664/2716/3 1663/2718/3 1654/2737/3
f 1662/2739/6 1665/2748/6 1657/2740/6
f 1663/2742/2 1662/6555/2 1656/2743/2
f 1680/2745/1 1683/2764/1 1684/2746/1
f 1665/2748/6 1662/2739/6 1666/2734/6
f 1663/2749/165 1668/6556/165 1666/2750/165
f 1671/2752/5 1670/6557/5 1672/2753/5
f 1677/2755/4 1674/6558/4 1675/2756/4
f 1674/2758/166 1677/6559/166 1682/2759/166
f 1677/2761/2 1676/6560/2 1685/2762/2
f 1683/2764/1 1675/6561/1 1674/2765/1
f 1680/2745/1 1679/2747/1 1670/2766/1
f 1678/2768/2 1681/2776/2 1673/2769/2
f 1679/2771/3 1678/2742/3 1672/2744/3
f 1696/2773/1 1699/2792/1 1700/2774/1
f 1681/2776/2 1678/2768/2 1682/2763/2
f 1679/2777/167 1684/6562/167 1682/2778/167
f 1687/2780/5 1686/6563/5 1688/2781/5
f 1693/2783/4 1690/6540/4 1691/2784/4
f 1690/2786/166 1693/6564/166 1698/2787/166
f 1693/2789/2 1692/3541/2 1701/2790/2
f 1699/2792/1 1691/6565/1 1690/2793/1
f 1696/2773/1 1695/2775/1 1686/2794/1
f 1694/2796/2 1697/2805/2 1689/2797/2
f 1695/2799/3 1694/2572/3 1688/2800/3
f 1712/2802/1 1715/2821/1 1716/2803/1
f 1697/2805/2 1694/2796/2 1698/2791/2
f 1695/2806/167 1700/6566/167 1698/2807/167
f 1703/2809/5 1702/6567/5 1704/2810/5
f 1709/2812/4 1706/6568/4 1707/2813/4
f 1706/2815/166 1709/6569/166 1714/2816/166
f 1709/2818/2 1708/6570/2 1717/2819/2
f 1715/2821/1 1707/2934/1 1706/2822/1
f 1712/2802/1 1711/2804/1 1702/2823/1
f 1710/2825/2 1713/2834/2 1705/2826/2
f 1711/2828/3 1710/3224/3 1704/2829/3
f 1728/2831/1 1731/2850/1 1732/2832/1
f 1713/2834/2 1710/2825/2 1714/2820/2
f 1711/2835/167 1716/6571/167 1714/2836/167
f 1719/2838/5 1718/6572/5 1720/2839/5
f 1725/2841/4 1722/2751/4 1723/2842/4
f 1722/2844/166 1725/6573/166 1730/2845/166
f 1725/2847/2 1724/6574/2 1733/2848/2
f 1731/2850/1 1723/6575/1 1722/2851/1
f 1728/2831/1 1727/2833/1 1718/2852/1
f 1726/2854/2 1729/2862/2 1721/2855/2
f 1727/2857/3 1726/3156/3 1720/2858/3
f 1744/2859/1 1747/2878/1 1748/2860/1
f 1729/2862/2 1726/2854/2 1730/2849/2
f 1727/2863/167 1732/6576/167 1730/2864/167
f 1735/2866/5 1734/6577/5 1736/2867/5
f 1741/2869/4 1738/6578/4 1739/2870/4
f 1738/2872/166 1741/6579/166 1746/2873/166
f 1741/2875/2 1740/6580/2 1749/2876/2
f 1747/2878/1 1739/3301/1 1738/2879/1
f 1744/2859/1 1743/2861/1 1734/2880/1
f 1742/2882/2 1745/2889/2 1737/2883/2
f 1743/2632/3 1742/6580/3 1736/2885/3
f 1760/2886/1 1763/2905/1 1764/2887/1
f 1745/2889/2 1742/2882/2 1746/2877/2
f 1743/2890/167 1748/6581/167 1746/2891/167
f 1751/2893/5 1750/6582/5 1752/2894/5
f 1757/2896/4 1754/6583/4 1755/2897/4
f 1754/2899/166 1757/6584/166 1762/2900/166
f 1757/2902/2 1756/2945/2 1765/2903/2
f 1763/2905/1 1755/6585/1 1754/2906/1
f 1760/2886/1 1759/2888/1 1750/2907/1
f 1758/2909/2 1761/2916/2 1753/2910/2
f 1759/2801/3 1758/6586/3 1752/2912/3
f 1776/2913/1 1779/2931/1 1780/2914/1
f 1761/2916/2 1758/2909/2 1762/2904/2
f 1759/2917/167 1764/6587/167 1762/2918/167
f 1767/2920/5 1766/2893/5 1768/2895/5
f 1773/2922/4 1770/3129/4 1771/2923/4
f 1770/2925/166 1773/6588/166 1778/2926/166
f 1773/2928/2 1772/6589/2 1781/2929/2
f 1779/2931/1 1771/2824/1 1770/2932/1
f 1776/2913/1 1775/2915/1 1766/2933/1
f 1774/2935/2 1777/2944/2 1769/2936/2
f 1775/2938/3 1774/6590/3 1768/2939/3
f 1792/2941/2 1795/2960/2 1796/2942/2
f 1777/2944/2 1774/2935/2 1778/2930/2
f 1775/2945/167 1780/6591/167 1778/2946/167
f 1783/2948/5 1782/6592/5 1784/2949/5
f 1789/2951/4 1786/6593/4 1787/2952/4
f 1786/2954/168 1789/6594/168 1794/2955/168
f 1789/2957/1 1788/6595/1 1797/2958/1
f 1795/2960/2 1787/6596/2 1786/2961/2
f 1792/2941/2 1791/2943/2 1782/2962/2
f 1790/2964/1 1793/2971/1 1785/2965/1
f 1791/2603/6 1790/6597/6 1784/2967/6
f 1808/2968/2 1811/2987/2 1812/2969/2
f 1793/2971/1 1790/2964/1 1794/2959/1
f 1791/2972/169 1796/6598/169 1794/2973/169
f 1799/2975/5 1798/6599/5 1800/2976/5
f 1805/2978/4 1802/6600/4 1803/2979/4
f 1802/2981/168 1805/6601/168 1810/2982/168
f 1805/2984/1 1804/6602/1 1813/2985/1
f 1811/2987/2 1803/6603/2 1802/2988/2
f 1808/2968/2 1807/2970/2 1798/2989/2
f 1806/2991/1 1809/3000/1 1801/2992/1
f 1807/2994/6 1806/6604/6 1800/2995/6
f 1824/2997/2 1827/3016/2 1828/2998/2
f 1809/3000/1 1806/2991/1 1810/2986/1
f 1807/3001/169 1812/6605/169 1810/3002/169
f 1815/3004/5 1814/6606/5 1816/3005/5
f 1821/3007/4 1818/6607/4 1819/3008/4
f 1818/3010/168 1821/6608/168 1826/3011/168
f 1821/3013/1 1820/6609/1 1829/3014/1
f 1827/3016/2 1819/6610/2 1818/3017/2
f 1824/2997/2 1823/2999/2 1814/3018/2
f 1822/3020/1 1825/3029/1 1817/3021/1
f 1823/3023/6 1822/6611/6 1816/3024/6
f 1840/3026/2 1843/3044/2 1844/3027/2
f 1825/3029/1 1822/3020/1 1826/3015/1
f 1823/3030/169 1828/6612/169 1826/3031/169
f 1831/3033/5 1830/2975/5 1832/2977/5
f 1837/3035/4 1834/6613/4 1835/3036/4
f 1834/3038/168 1837/2617/168 1842/3039/168
f 1837/3041/1 1836/6614/1 1845/3042/1
f 1843/3044/2 1835/6615/2 1834/3045/2
f 1840/3026/2 1839/3028/2 1830/3046/2
f 1838/3000/1 1841/3055/1 1833/3048/1
f 1839/3049/6 1838/2853/6 1832/3050/6
f 1856/3052/2 1859/3069/2 1860/3053/2
f 1841/3055/1 1838/3000/1 1842/3043/1
f 1839/3056/169 1844/6616/169 1842/3057/169
f 1847/3059/5 1846/6617/5 1848/3060/5
f 1853/3062/4 1850/6618/4 1851/3063/4
f 1850/3064/168 1853/6619/168 1858/3065/168
f 1853/3066/1 1852/6620/1 1861/3067/1
f 1859/3069/2 1851/6621/2 1850/3070/2
f 1856/3052/2 1855/3054/2 1846/3071/2
f 1854/3073/1 1857/3082/1 1849/3074/1
f 1855/3076/6 1854/6622/6 1848/3077/6
f 1872/3079/2 1875/3096/2 1876/3080/2
f 1857/3082/1 1854/3073/1 1858/3068/1
f 1855/3083/169 1860/3558/169 1858/3084/169
f 1863/3011/5 1862/6623/5 1864/3086/5
f 1869/3087/4 1866/6624/4 1867/3088/4
f 1866/3090/168 1869/3565/168 1874/3091/168
f 1869/3093/1 1868/6625/1 1877/3094/1
f 1875/3096/2 1867/6560/2 1866/2761/2
f 1872/3079/2 1871/3081/2 1862/3097/2
f 1870/3099/1 1873/3107/1 1865/3100/1
f 1871/3102/6 1870/2994/6 1864/2996/6
f 1888/3104/2 1891/3122/2 1892/3105/2
f 1873/3107/1 1870/3099/1 1874/3095/1
f 1871/3108/169 1876/6626/169 1874/3109/169
f 1879/3111/5 1878/3078/5 1880/3077/5
f 1885/3113/4 1882/6627/4 1883/3114/4
f 1882/3116/168 1885/6628/168 1890/3117/168
f 1885/3119/1 1884/2835/1 1893/3120/1
f 1891/3122/2 1883/6629/2 1882/3123/2
f 1888/3104/2 1887/3106/2 1878/3124/2
f 1886/3126/1 1889/3134/1 1881/3127/1
f 1887/3129/6 1886/2922/6 1880/3130/6
f 1904/3131/6 1907/3150/6 1908/3132/6
f 1889/3134/1 1886/3126/1 1890/3121/1
f 1887/3135/169 1892/6630/169 1890/3136/169
f 1895/3138/5 1894/6631/5 1896/3139/5
f 1901/3141/4 1898/6632/4 1899/3142/4
f 1898/3144/170 1901/6633/170 1906/3145/170
f 1901/3147/3 1900/6634/3 1909/3148/3
f 1907/3150/6 1899/6635/6 1898/3151/6
f 1904/3131/6 1903/3133/6 1894/3152/6
f 1902/3154/3 1905/3161/3 1897/2770/3
f 1903/3155/1 1902/2858/1 1896/3156/1
f 1920/3158/6 1923/3175/6 1924/3159/6
f 1905/3161/3 1902/3154/3 1906/3149/3
f 1903/3162/171 1908/6636/171 1906/3163/171
f 1911/3165/5 1910/6637/5 1912/3166/5
f 1917/3168/4 1914/3075/4 1915/2728/4
f 1914/3169/170 1917/2698/170 1922/3170/170
f 1917/3172/3 1916/3792/3 1925/3173/3
f 1923/3175/6 1915/3647/6 1914/3176/6
f 1920/3158/6 1919/3160/6 1910/3177/6
f 1918/3179/3 1921/3188/3 1913/3180/3
f 1919/3182/1 1918/2713/1 1912/3183/1
f 1936/3185/6 1939/3202/6 1940/3186/6
f 1921/3188/3 1918/3179/3 1922/3174/3
f 1919/3189/171 1924/6638/171 1922/3190/171
f 1927/3192/5 1926/6639/5 1928/3193/5
f 1932/3050/4 1933/6640/4 1930/3195/4
f 1930/3196/170 1933/6641/170 1938/3197/170
f 1933/3199/3 1932/2917/3 1941/3200/3
f 1939/3202/6 1931/6589/6 1930/2928/6
f 1936/3185/6 1935/3187/6 1926/3203/6
f 1934/3205/3 1937/3214/3 1929/3206/3
f 1935/3208/1 1934/3315/1 1928/3209/1
f 1952/3211/6 1955/3229/6 1956/3212/6
f 1937/3214/3 1934/3205/3 1938/3201/3
f 1935/3215/171 1940/6642/171 1938/3216/171
f 1943/3218/5 1942/6643/5 1944/3219/5
f 1949/3220/4 1946/6644/4 1947/3221/4
f 1946/3223/170 1949/6645/170 1954/3224/170
f 1949/3226/3 1948/6646/3 1957/3227/3
f 1955/3229/6 1947/6647/6 1946/3230/6
f 1952/3211/6 1951/3213/6 1942/3231/6
f 1950/3232/3 1953/3240/3 1945/3233/3
f 1951/3235/1 1950/6648/1 1944/3236/1
f 1968/3237/6 1971/3255/6 1972/3238/6
f 1953/3240/3 1950/3232/3 1954/3228/3
f 1951/3241/171 1956/6649/171 1954/3242/171
f 1961/3244/5 1959/6650/5 1958/3245/5
f 1964/3247/4 1965/6644/4 1962/3220/4
f 1962/3249/170 1965/6651/170 1970/3250/170
f 1965/3252/3 1964/2891/3 1973/3253/3
f 1971/3255/6 1963/6652/6 1962/3256/6
f 1968/3237/6 1967/3239/6 1958/3257/6
f 1966/3259/3 1969/3266/3 1961/3260/3
f 1967/3025/1 1966/6653/1 1960/3262/1
f 1984/3263/6 1987/3281/6 1988/3264/6
f 1969/3266/3 1966/3259/3 1970/3254/3
f 1967/3267/171 1972/6654/171 1970/3268/171
f 1975/3270/5 1974/6655/5 1976/3271/5
f 1981/3273/4 1978/2554/4 1979/3274/4
f 1978/3275/170 1981/6656/170 1986/3276/170
f 1981/3278/3 1980/6657/3 1989/3279/3
f 1987/3281/6 1979/6658/6 1978/3282/6
f 1984/3263/6 1983/3265/6 1974/3283/6
f 1982/3285/3 1985/3294/3 1977/3286/3
f 1983/3288/1 1982/3284/1 1976/3289/1
f 2000/3291/6 2003/3309/6 2004/3292/6
f 1985/3294/3 1982/3285/3 1986/3280/3
f 1983/3295/171 1988/6659/171 1986/3296/171
f 1991/3298/5 1990/6660/5 1992/3299/5
f 1997/3301/4 1994/6661/4 1995/3302/4
f 1994/3303/170 1997/6662/170 2002/3304/170
f 1997/3306/3 1996/2693/3 2005/3307/3
f 2003/3309/6 1995/2884/6 1994/3310/6
f 2000/3291/6 1999/3293/6 1990/2754/6
f 1998/3311/3 2001/3317/3 1993/3312/3
f 1999/3314/1 1998/3209/1 1992/3315/1
f 2001/3317/3 1998/3311/3 2002/3308/3
f 1999/3318/171 2004/6663/171 2002/3319/171
f 2020/3321/159 2012/3336/159 2013/3322/159
f 2028/3325/4 2029/6664/4 2026/6665/4
f 2026/6665/4 2027/3329/4 2028/3325/4
f 2027/3329/4 2024/3321/4 2028/3325/4
f 2024/3321/4 2025/6666/4 2022/6667/4
f 2022/6667/4 2023/3324/4 2024/3321/4
f 2019/3326/163 2018/3337/163 2010/3327/163
f 2015/3329/162 2014/3333/162 2006/3330/162
f 2017/3332/152 2009/3346/152 2006/3330/152
f 2019/3326/161 2011/3328/161 2008/3334/161
f 2020/3321/160 2015/3329/160 2007/3331/160
f 2021/3323/157 2013/3322/157 2010/3327/157
f 2025/2473/3 2017/6668/3 2014/3338/3
f 2026/3339/154 2018/6669/154 2019/3340/154
f 2022/3342/153 2014/6670/153 2015/3343/153
f 2029/2470/6 2021/6671/6 2018/3345/6
f 2016/3335/158 2008/3334/158 2009/3346/158
f 2024/3347/155 2016/3354/155 2017/3348/155
f 2028/3350/156 2020/3355/156 2021/3351/156
f 1568/2566/3 1571/2563/3 1572/2565/3
f 2027/3341/2 2019/3340/2 2016/3354/2
f 2023/3344/1 2015/3343/1 2020/3355/1
f 2031/261/2 2033/263/2 2032/3356/2
f 2037/3358/1 2035/6672/1 2034/3359/1
f 2035/3361/6 2031/6673/6 2030/3362/6
f 2036/3364/4 2034/148/4 2030/3365/4
f 2033/180/5 2031/43/5 2035/339/5
f 2359/3367/1 2053/3383/1 2052/3368/1
f 2358/3369/1 2052/3368/1 2051/3370/1
f 2352/3372/2 2044/3402/2 2050/3373/2
f 2357/3371/1 2051/3370/1 2042/3375/1
f 2355/3377/8 2049/3406/8 2048/3378/8
f 2356/3380/10 2050/3407/10 2047/3381/10
f 2363/3379/1 2048/3378/1 2053/3383/1
f 2362/3382/3 2047/3381/3 2049/3384/3
f 2045/3386/1 2046/3398/1 2354/3387/1
f 2043/3389/1 2045/3386/1 2353/3388/1
f 2041/3391/2 2044/3402/2 2352/3372/2
f 2042/3375/1 2043/3389/1 2351/3390/1
f 2039/3393/7 2040/3400/7 2348/3394/7
f 2038/3396/9 2041/3391/9 2349/3392/9
f 2046/3398/1 2039/3411/1 2361/3399/1
f 2040/3400/6 2038/3412/6 2360/3401/6
f 2053/3383/1 2069/1671/1 2068/1699/1
f 2052/3368/1 2068/1699/1 2067/1676/1
f 2044/3402/2 2062/1634/2 2066/1679/2
f 2042/3403/5 2071/3418/5 2073/3404/5
f 2049/3406/8 2065/1674/8 2057/1669/8
f 2050/3407/10 2066/1672/10 2056/1666/10
f 2048/3378/1 2057/1669/1 2069/1671/1
f 2047/3381/3 2056/1666/3 2065/1668/3
f 2063/1660/1 2064/1624/1 2046/3398/1
f 2061/1632/1 2063/1660/1 2045/3386/1
f 2059/1626/2 2062/1634/2 2044/3402/2
f 2043/3408/3 2073/6674/3 2072/3409/3
f 2055/1629/7 2058/1621/7 2040/3400/7
f 2054/1627/9 2059/1626/9 2041/3391/9
f 2064/1624/1 2055/1623/1 2039/3411/1
f 2058/1621/6 2054/1620/6 2038/3412/6
f 2075/3413/1 2074/6675/1 2070/3414/1
f 2070/3414/1 2072/6676/1 2073/3416/1
f 2051/3417/5 2075/6677/5 2071/3418/5
f 2061/3419/4 2072/6678/4 2070/3420/4
f 2067/3422/6 2074/6679/6 2075/3423/6
f 2060/3421/4 2070/3420/4 2074/3425/4
f 2081/3427/4 2077/348/4 2079/3428/4
f 2082/3430/3 2080/6680/3 2081/3431/3
f 2078/3433/2 2082/228/2 2083/3434/2
f 2080/3436/5 2082/6681/5 2078/3437/5
f 2076/3439/6 2078/6682/6 2079/3440/6
f 2104/3442/5 2106/3452/5 2085/3443/5
f 2087/3445/4 2110/6683/4 2111/3446/4
f 2110/3448/2 2087/6684/2 2085/3449/2
f 2086/3451/1 2111/6685/1 2104/3452/1
f 2087/3454/6 2086/6686/6 2084/3455/6
f 2089/3457/5 2093/6687/5 2095/3458/5
f 2092/3460/4 2094/6688/4 2090/3461/4
f 2094/3463/1 2095/6689/1 2093/3464/1
f 2093/3466/6 2089/6690/6 2088/3467/6
f 2089/3469/2 2091/3718/2 2092/3470/2
f 2096/3472/5 2098/6691/5 2099/3473/5
f 2101/3475/4 2102/6692/4 2103/3476/4
f 2102/3478/6 2101/6693/6 2099/3479/6
f 2100/3481/3 2103/6694/3 2096/3482/3
f 2101/3484/1 2100/3761/1 2097/3485/1
f 2107/3453/5 2106/3452/5 2104/3442/5
f 2111/3446/4 2110/6683/4 2109/3488/4
f 2107/3490/2 2109/6695/2 2110/3448/2
f 2104/3452/1 2111/6685/1 2108/3491/1
f 2105/3493/3 2108/6696/3 2109/3494/3
f 2119/3496/5 2117/6686/5 2113/3497/5
f 2114/3499/4 2118/6697/4 2116/3500/4
f 2117/3502/1 2119/6698/1 2118/3464/1
f 2112/3504/3 2113/3713/3 2117/3505/3
f 2116/3507/2 2115/6699/2 2113/3508/2
f 2123/3510/5 2122/6700/5 2120/3511/5
f 2127/3513/4 2126/3738/4 2125/3514/4
f 2123/3516/3 2125/6701/3 2126/3517/3
f 2120/3519/6 2127/3727/6 2124/3520/6
f 2121/3522/1 2124/6702/1 2125/3523/1
f 2133/3525/2 2130/6703/2 2128/3526/2
f 2133/3527/4 2135/3766/4 2134/3528/4
f 2134/3530/1 2129/6704/1 2131/3531/1
f 2130/3533/5 2131/3779/5 2129/3534/5
f 2132/3536/6 2131/6705/6 2130/3537/6
f 2135/3539/3 2128/3669/3 2129/3540/3
f 2136/3542/4 2137/6706/4 2139/3543/4
f 2140/3545/5 2142/3639/5 2143/3546/5
f 2137/3548/3 2142/3791/3 2140/3549/3
f 2139/3163/1 2140/3634/1 2141/3551/1
f 2138/3553/6 2141/6707/6 2143/3554/6
f 2136/3556/2 2143/6708/2 2142/3557/2
f 2144/3559/4 2145/6709/4 2147/3560/4
f 2148/3562/5 2150/6710/5 2151/3563/5
f 2145/3565/3 2150/6711/3 2148/3566/3
f 2147/3568/1 2148/6712/1 2149/3569/1
f 2146/3571/6 2149/6713/6 2151/3572/6
f 2144/3574/2 2151/6522/2 2150/3575/2
f 2152/3577/4 2153/3844/4 2155/3527/4
f 2156/3578/5 2158/3867/5 2159/3579/5
f 2153/3581/3 2158/3553/3 2156/3555/3
f 2155/3583/1 2156/6714/1 2157/3584/1
f 2154/3586/6 2157/6715/6 2159/3576/6
f 2152/3587/2 2159/6716/2 2158/3588/2
f 2160/3590/4 2161/3779/4 2163/3559/4
f 2164/3564/5 2166/3782/5 2167/3592/5
f 2161/3593/3 2166/6717/3 2164/3594/3
f 2163/3596/1 2164/6718/1 2165/3597/1
f 2162/3599/6 2165/6719/6 2167/3600/6
f 2160/3602/2 2167/6720/2 2166/3603/2
f 2168/3605/4 2169/3771/4 2171/3606/4
f 2172/3608/5 2174/3630/5 2175/3542/5
f 2169/3609/3 2174/6721/3 2172/3610/3
f 2171/3612/1 2172/6722/1 2173/3613/1
f 2170/3615/6 2173/3873/6 2175/3616/6
f 2168/3618/2 2175/6657/2 2174/3619/2
f 2181/3621/2 2178/3656/2 2176/3622/2
f 2183/3624/4 2182/3796/4 2180/3625/4
f 2182/3627/1 2177/6723/1 2179/3628/1
f 2179/3630/5 2177/3535/5 2176/3534/5
f 2180/3631/6 2179/3798/6 2178/3632/6
f 2183/3634/3 2176/6724/3 2177/3635/3
f 2184/3636/4 2185/3875/4 2187/3486/4
f 2188/3638/5 2190/6725/5 2191/3639/5
f 2185/3640/1 2190/3687/1 2188/3641/1
f 2187/3643/6 2188/6726/6 2189/3644/6
f 2186/3573/2 2189/2573/2 2191/3646/2
f 2184/3532/3 2191/3531/3 2190/3647/3
f 2194/3649/4 2192/3854/4 2193/3650/4
f 2197/3649/5 2196/3651/5 2198/3652/5
f 2193/3654/1 2198/6727/1 2196/3655/1
f 2195/3657/6 2196/6728/6 2197/3658/6
f 2194/3660/2 2197/3839/2 2199/3661/2
f 2192/3663/3 2199/6729/3 2198/3664/3
f 2200/3665/4 2201/6730/4 2203/3666/4
f 2204/3668/5 2206/6706/5 2207/3542/5
f 2201/3669/1 2206/3539/1 2204/3670/1
f 2203/3672/6 2204/3791/6 2205/3673/6
f 2202/3675/2 2205/6731/2 2207/3676/2
f 2200/3678/3 2207/6732/3 2206/3679/3
f 2208/3680/4 2209/6733/4 2211/3681/4
f 2212/3683/5 2214/6733/5 2215/3680/5
f 2209/3685/1 2214/3654/1 2212/3656/1
f 2211/3686/6 2212/2629/6 2213/3687/6
f 2210/3689/2 2213/6734/2 2215/3690/2
f 2208/3691/3 2215/6735/3 2214/3692/3
f 2236/3694/5 2238/6736/5 2217/3695/5
f 2219/3697/4 2242/6737/4 2243/3698/4
f 2242/3700/2 2219/6738/2 2217/3701/2
f 2218/3703/1 2243/6739/1 2236/3704/1
f 2219/3706/6 2218/6740/6 2216/3493/6
f 2221/3707/5 2225/6741/5 2227/3708/5
f 2224/3710/4 2226/6697/4 2222/3499/4
f 2226/3712/1 2227/6742/1 2225/3713/1
f 2225/3714/6 2221/6743/6 2220/3715/6
f 2221/3717/2 2223/3470/2 2224/3718/2
f 2228/3720/5 2230/6744/5 2231/3721/5
f 2233/3723/4 2234/6745/4 2235/3724/4
f 2234/3519/6 2233/6746/6 2231/3726/6
f 2232/3728/3 2235/6747/3 2228/3729/3
f 2233/3522/1 2232/3524/1 2229/3731/1
f 2239/3733/5 2238/6736/5 2236/3694/5
f 2243/3698/4 2242/6737/4 2241/3735/4
f 2239/3737/2 2241/6748/2 2242/3700/2
f 2236/3704/1 2243/6739/1 2240/3738/1
f 2237/3455/3 2240/3732/3 2241/3731/3
f 2251/3458/5 2249/6749/5 2245/3740/5
f 2246/3741/4 2250/6750/4 2248/3498/4
f 2249/3742/1 2251/6751/1 2250/3743/1
f 2244/3724/3 2245/6752/3 2249/3745/3
f 2248/3509/2 2247/3508/2 2245/3747/2
f 2255/3749/5 2254/6753/5 2252/3750/5
f 2259/3752/4 2258/6754/4 2257/3753/4
f 2255/3755/3 2257/6755/3 2258/3584/3
f 2252/3757/6 2259/6756/6 2256/3758/6
f 2253/3484/1 2256/6757/1 2257/3760/1
f 2265/3762/2 2262/6758/2 2260/3763/2
f 2265/3765/4 2267/3528/4 2266/3766/4
f 2266/3768/1 2261/6759/1 2263/3769/1
f 2262/3771/5 2263/3605/5 2261/3772/5
f 2264/3774/6 2263/6760/6 2262/3775/6
f 2267/3777/3 2260/3840/3 2261/2962/3
f 2268/3779/4 2269/3533/4 2271/3780/4
f 2272/3781/5 2274/3592/5 2275/3782/5
f 2269/3784/3 2274/6761/3 2272/3785/3
f 2271/3787/1 2272/6762/1 2273/3788/1
f 2270/3790/6 2273/3549/6 2275/3791/6
f 2269/3792/2 2268/6763/2 2275/3793/2
f 2276/3795/4 2277/3851/4 2279/3682/4
f 2280/3485/5 2282/6764/5 2283/3625/5
f 2277/3797/3 2282/6765/3 2280/3798/3
f 2279/3799/1 2280/6766/1 2281/3800/1
f 2278/3802/6 2281/6767/6 2283/3629/6
f 2276/3582/2 2283/3555/2 2282/3803/2
f 2284/3773/4 2285/3772/4 2287/3805/4
f 2288/3806/5 2290/6768/5 2291/3807/5
f 2285/3809/3 2290/6769/3 2288/3776/3
f 2287/3810/1 2288/6770/1 2289/3811/1
f 2286/3813/6 2289/3622/6 2291/3656/6
f 2284/3786/2 2291/3785/2 2290/3814/2
f 2292/3816/4 2293/3606/4 2295/3771/4
f 2296/3805/5 2298/6771/5 2299/3559/5
f 2293/3818/3 2298/3876/3 2296/3819/3
f 2295/3821/1 2296/6772/1 2297/3822/1
f 2294/3824/6 2297/3641/6 2299/3825/6
f 2292/3827/2 2299/6773/2 2298/3828/2
f 2300/3765/4 2301/3767/4 2303/3830/4
f 2304/3832/5 2306/3817/5 2307/3771/5
f 2301/3833/3 2306/6774/3 2304/3834/3
f 2303/3836/1 2304/6775/1 2305/3837/1
f 2302/3839/6 2305/3660/6 2307/3840/6
f 2300/3674/2 2307/6776/2 2306/3841/2
f 2313/3842/2 2310/6777/2 2308/3843/2
f 2315/3844/4 2314/3577/4 2312/3845/4
f 2314/3847/1 2309/6778/1 2311/3848/1
f 2311/3795/5 2309/6779/5 2308/3850/5
f 2312/3785/6 2311/3611/6 2310/3852/6
f 2315/3611/3 2308/3610/3 2309/3853/3
f 2316/3561/4 2317/3560/4 2319/3832/4
f 2320/3845/5 2322/3650/5 2323/3854/5
f 2317/3855/1 2322/6780/1 2320/3856/1
f 2319/3858/6 2320/6781/6 2321/3859/6
f 2318/3671/2 2321/3670/2 2323/3861/2
f 2316/3863/3 2323/6782/3 2322/3864/3
f 2326/3866/4 2324/6783/4 2325/3808/4
f 2329/3563/5 2328/6710/5 2330/3579/5
f 2325/3868/1 2330/6784/1 2328/3869/1
f 2327/3791/6 2328/3548/6 2329/3871/6
f 2326/3872/2 2329/6785/2 2331/3873/2
f 2324/3812/3 2331/6786/3 2330/3874/3
f 2332/3578/4 2333/3580/4 2335/3683/4
f 2336/3636/5 2338/3667/5 2339/3666/5
f 2333/3143/1 2338/6787/1 2336/3876/1
f 2335/3877/6 2336/3803/6 2337/3555/6
f 2334/3672/2 2337/3841/2 2339/3878/2
f 2332/3879/3 2339/3616/3 2338/3880/3
f 2340/3882/4 2341/3590/4 2343/3668/4
f 2344/3652/5 2346/6730/5 2347/3665/5
f 2341/3764/1 2346/3763/1 2344/3883/1
f 2343/3885/6 2344/6788/6 2345/3886/6
f 2342/3888/2 2345/2885/2 2347/3889/2
f 2340/3891/3 2347/6789/3 2346/3892/3
f 2348/3394/6 2360/3401/6 2376/3894/6
f 2354/3387/1 2361/3399/1 2377/3896/1
f 2360/3397/9 2349/3392/9 2365/3898/9
f 2361/3395/7 2348/3394/7 2364/3895/7
f 2350/3901/4 2380/3935/4 2382/3902/4
f 2349/3392/2 2352/3372/2 2368/3904/2
f 2351/3390/1 2353/3388/1 2369/3905/1
f 2353/3388/1 2354/3387/1 2370/3897/1
f 2378/3907/3 2362/3382/3 2355/3385/3
f 2379/3909/1 2363/3379/1 2359/3367/1
f 2372/3911/10 2356/3380/10 2362/3382/10
f 2371/3912/8 2355/3377/8 2363/3379/8
f 2357/3913/6 2382/6790/6 2385/3914/6
f 2368/3904/2 2352/3372/2 2356/3374/2
f 2374/3917/1 2358/3369/1 2357/3371/1
f 2375/3910/1 2359/3367/1 2358/3369/1
f 1029/1690/1 2375/3910/1 2374/3917/1
f 1028/1702/1 2374/3917/1 2373/3918/1
f 1019/3919/2 2368/3904/2 2372/3916/2
f 1018/1697/1 2373/3918/1 2366/3920/1
f 1014/3922/8 2371/3912/8 2379/3909/8
f 1016/3923/10 2372/3911/10 2378/3907/10
f 1015/1685/1 2379/3909/1 2375/3910/1
f 1013/1688/3 2378/3907/3 2371/3908/3
f 2369/3905/1 2370/3897/1 999/1662/1
f 2367/3906/1 2369/3905/1 998/1663/1
f 2365/3898/2 2368/3904/2 1019/3919/2
f 2366/3920/1 2367/3906/1 991/1657/1
f 2377/3900/7 2364/3895/7 988/1649/7
f 2376/3899/9 2365/3898/9 990/1635/9
f 2370/3897/1 2377/3896/1 989/1647/1
f 2364/3895/6 2376/3894/6 987/3924/6
f 2380/3925/1 2381/6791/1 2384/3926/1
f 2385/3928/1 2382/6792/1 2380/3925/1
f 2366/3929/5 2383/3937/5 2384/3930/5
f 2367/3932/3 2384/3913/3 2381/3915/3
f 2351/3934/4 2381/6793/4 2380/3935/4
f 2373/3936/5 2385/6794/5 2383/3937/5
f 2387/3938/1 2395/3945/1 2399/3939/1
f 2386/3941/1 2394/6795/1 2397/3942/1
f 2387/3938/1 2388/3954/1 2396/3944/1
f 2400/3946/1 2401/3953/1 2393/3947/1
f 2391/3940/1 2399/3939/1 2398/3949/1
f 2389/3943/1 2397/3942/1 2430/3951/1
f 2401/3953/1 2394/6795/1 2386/3941/1
f 2390/3950/1 2398/3949/1 2400/3946/1
f 2388/3954/1 2421/4007/1 2431/3955/1
f 2396/3956/134 2404/3971/134 2403/2148/134
f 2408/3958/6 2409/3967/6 2401/3959/6
f 2407/3961/6 2406/3969/6 2398/3962/6
f 2397/3964/135 2405/3975/135 2440/3965/135
f 2409/3967/6 2402/6796/6 2394/3968/6
f 2406/3969/6 2408/3958/6 2400/3960/6
f 2431/3970/136 2441/6797/136 2404/3971/136
f 2403/3972/6 2407/3961/6 2399/3963/6
f 2394/3974/137 2402/6798/137 2405/3975/137
f 2391/3976/3 2415/3989/3 2411/3977/3
f 2389/3979/138 2413/3991/138 2410/3980/138
f 2387/3982/139 2411/6799/139 2412/3983/139
f 2393/3985/3 2417/3993/3 2416/3986/3
f 2390/3988/3 2414/3994/3 2415/3989/3
f 2420/3990/138 2450/6800/138 2413/3991/138
f 2386/3992/3 2410/6801/3 2417/3993/3
f 2392/3987/3 2416/3986/3 2414/3994/3
f 2388/3984/139 2412/3983/139 2451/3995/139
f 2419/3997/1 2425/4005/1 2435/2223/1
f 2433/3998/1 2428/6446/1 2418/3999/1
f 2419/3997/1 2429/2229/1 2432/4001/1
f 2427/4003/1 2437/2235/1 2436/2230/1
f 2425/4005/1 2424/4006/1 2434/2233/1
f 2430/3951/1 2433/3998/1 2423/4000/1
f 2418/3999/1 2428/6446/1 2437/2235/1
f 2424/4006/1 2426/4004/1 2436/2230/1
f 2422/4002/1 2432/4001/1 2431/3955/1
f 2439/4008/138 2442/4021/138 2432/4009/138
f 2437/4011/3 2447/4019/3 2446/4012/3
f 2434/4014/3 2444/4020/3 2445/4015/3
f 2440/3965/140 2443/4024/140 2433/4017/140
f 2428/4018/3 2438/6802/3 2447/4019/3
f 2436/4013/3 2446/4012/3 2444/4020/3
f 2442/4021/141 2441/6797/141 2431/3970/141
f 2435/4016/3 2445/4015/3 2439/4022/3
f 2443/4024/139 2438/6803/139 2428/4025/139
f 2449/4026/6 2455/4038/6 2425/4027/6
f 2448/4029/134 2453/4040/134 2423/4030/134
f 2452/4032/137 2449/6804/137 2419/4033/137
f 2456/4035/6 2457/4041/6 2427/4036/6
f 2455/4038/6 2454/4043/6 2424/4039/6
f 2453/4040/134 2450/6800/134 2420/3990/134
f 2457/4041/6 2448/6805/6 2418/4042/6
f 2454/4043/6 2456/4035/6 2426/4037/6
f 2451/3995/137 2452/4032/137 2422/4034/137
f 2465/4044/1 2469/6806/1 2464/4045/1
f 2478/4047/6 2466/6807/6 2473/2299/6
f 2465/4049/5 2467/6808/5 2468/4050/5
f 2493/4052/1 2481/4096/1 2458/4053/1
f 2464/4054/4 2471/6809/4 2463/4055/4
f 2479/4057/4 2461/6810/4 2466/4058/4
f 2487/4060/1 2460/4046/1 2474/4061/1
f 2474/4063/5 2462/6811/5 2472/4064/5
f 2493/4052/1 2465/4044/1 2460/4046/1
f 2498/4062/1 2474/4061/1 2478/4066/1
f 2474/4061/1 2470/6812/1 2479/4068/1
f 2460/4069/6 2463/1956/6 2462/4070/6
f 2466/4072/1 2461/6813/1 2475/4073/1
f 2467/4075/1 2477/6814/1 2476/4076/1
f 2463/4078/1 2471/6815/1 2472/4079/1
f 2458/4081/6 2477/6816/6 2467/4082/6
f 2503/4067/1 2478/4066/1 2459/4084/1
f 2489/4086/1 2495/6817/1 2490/4087/1
f 2500/4089/3 2491/6818/3 2506/4090/3
f 2494/4092/5 2492/6819/5 2490/4093/5
f 2493/4052/1 2490/4087/1 2482/4095/1
f 2488/4097/4 2497/6820/4 2489/4098/4
f 2491/4100/4 2485/6821/4 2507/1962/4
f 2501/4102/1 2484/4088/1 2487/4060/1
f 2499/4103/5 2486/6822/5 2501/4104/5
f 2484/4088/1 2490/4087/1 2493/4052/1
f 2506/4106/1 2501/4102/1 2498/4062/1
f 2507/4107/1 2496/6823/1 2501/4102/1
f 2486/4108/3 2488/6824/3 2484/4109/3
f 2502/4111/1 2485/6825/1 2491/4112/1
f 2492/4114/1 2494/6826/1 2504/4115/1
f 2499/4117/1 2497/6827/1 2488/4118/1
f 2492/4120/3 2505/6828/3 2482/4121/3
f 2483/4123/1 2506/4106/1 2503/4067/1
f 2509/4124/1 2513/4132/1 2521/3939/1
f 2519/4125/1 2516/6795/1 2508/4126/1
f 2509/4124/1 2517/3945/1 2518/4128/1
f 2515/4130/1 2523/3953/1 2522/3946/1
f 2513/4132/1 2512/4135/1 2520/3949/1
f 2552/4133/1 2519/4125/1 2511/4127/1
f 2508/4126/1 2516/6795/1 2523/3953/1
f 2512/4135/1 2514/4131/1 2522/3946/1
f 2510/4129/1 2518/4128/1 2553/4136/1
f 2525/4138/138 2526/4153/138 2518/4139/138
f 2523/4141/3 2531/4151/3 2530/4142/3
f 2520/4144/3 2528/4152/3 2529/4145/3
f 2562/4147/140 2527/4157/140 2519/4148/140
f 2516/4150/3 2524/6829/3 2531/4151/3
f 2522/4143/3 2530/4142/3 2528/4152/3
f 2526/4153/141 2563/6830/141 2553/4154/141
f 2521/4146/3 2529/4145/3 2525/4155/3
f 2527/4157/139 2524/6831/139 2516/4158/139
f 2533/4159/6 2537/4171/6 2513/4160/6
f 2532/4162/134 2535/4173/134 2511/4163/134
f 2534/4165/137 2533/6832/137 2509/4166/137
f 2538/4168/6 2539/4175/6 2515/4169/6
f 2537/4171/6 2536/4177/6 2512/4172/6
f 2535/4173/134 2572/6833/134 2542/4174/134
f 2539/4175/6 2532/6834/6 2508/4176/6
f 2536/4177/6 2538/4168/6 2514/4170/6
f 2573/4178/137 2534/4165/137 2510/4167/137
f 2541/4180/1 2551/4187/1 2557/4181/1
f 2540/4183/1 2550/6835/1 2555/4184/1
f 2541/4180/1 2544/4194/1 2554/4186/1
f 2558/4188/1 2559/4193/1 2549/4189/1
f 2547/4182/1 2557/4181/1 2556/4191/1
f 2545/4185/1 2555/4184/1 2552/4133/1
f 2559/4193/1 2550/6835/1 2540/4183/1
f 2546/4192/1 2556/4191/1 2558/4188/1
f 2544/4194/1 2543/4137/1 2553/4136/1
f 2554/4195/134 2564/4208/134 2561/4196/134
f 2568/4198/6 2569/4205/6 2559/4199/6
f 2567/4201/6 2566/4207/6 2556/4202/6
f 2555/4204/135 2565/4212/135 2562/4147/135
f 2569/4205/6 2560/6836/6 2550/4206/6
f 2566/4207/6 2568/4198/6 2558/4200/6
f 2553/4154/136 2563/6830/136 2564/4208/136
f 2561/4209/6 2567/4201/6 2557/4203/6
f 2550/4211/137 2560/6837/137 2565/4212/137
f 2547/4213/3 2577/4226/3 2571/4214/3
f 2545/4216/138 2575/4227/138 2570/4217/138
f 2541/4219/139 2571/6838/139 2574/4220/139
f 2549/4222/3 2579/4229/3 2578/4223/3
f 2546/4225/3 2576/4230/3 2577/4226/3
f 2542/4174/138 2572/6833/138 2575/4227/138
f 2540/4228/3 2570/6839/3 2579/4229/3
f 2548/4224/3 2578/4223/3 2576/4230/3
f 2544/4221/139 2574/4220/139 2573/4178/139
f 2586/4231/1 2591/6840/1 2587/4232/1
f 2595/4234/3 2588/6841/3 2600/4235/3
f 2590/4237/5 2589/6842/5 2587/4238/5
f 2615/4240/1 2587/4232/1 2580/4241/1
f 2585/4243/4 2593/6843/4 2586/4244/4
f 2588/4246/4 2583/6844/4 2601/4247/4
f 2596/4249/1 2582/4233/1 2609/4250/1
f 2594/4252/5 2584/6845/5 2596/4253/5
f 2582/4233/1 2587/4232/1 2615/4240/1
f 2600/4255/1 2596/4249/1 2620/4251/1
f 2601/4257/1 2592/6846/1 2596/4249/1
f 2584/4258/3 2585/6847/3 2582/4259/3
f 2597/4261/1 2583/6848/1 2588/4262/1
f 2589/4264/1 2590/6849/1 2598/4265/1
f 2594/4267/1 2593/6850/1 2585/4268/1
f 2589/4270/3 2599/4051/3 2580/4050/3
f 2581/4272/1 2600/4255/1 2625/4256/1
f 2612/4274/1 2617/6851/1 2611/4275/1
f 2628/4277/6 2613/6852/6 2622/4278/6
f 2612/4280/5 2614/6853/5 2616/4281/5
f 2615/4240/1 2603/4242/1 2604/4283/1
f 2611/4284/4 2619/6854/4 2610/4285/4
f 2629/4287/4 2607/6855/4 2613/4288/4
f 2609/4250/1 2606/4276/1 2623/4290/1
f 2623/4291/5 2608/2329/5 2621/4292/5
f 2615/4240/1 2612/4274/1 2606/4276/1
f 2620/4251/1 2623/4290/1 2628/4294/1
f 2623/4290/1 2618/6856/1 2629/4295/1
f 2606/4296/6 2610/6434/6 2608/1955/6
f 2613/4297/1 2607/6857/1 2624/4298/1
f 2614/4300/1 2627/6858/1 2626/4301/1
f 2610/4303/1 2619/6859/1 2621/4304/1
f 2604/4306/6 2627/6860/6 2614/4307/6
f 2625/4256/1 2628/4294/1 2605/4309/1
f 2631/4310/6 2633/6861/6 2632/4311/6
f 2633/4313/2 2637/4369/2 2636/4314/2
f 2637/4316/3 2635/4436/3 2634/4317/3
f 2635/4319/1 2631/5932/1 2630/165/1
f 2636/4321/4 2634/6862/4 2630/12/4
f 2633/4322/5 2631/160/5 2635/29/5
f 2639/4323/1 2641/6863/1 2640/4324/1
f 2645/4325/2 2643/6864/2 2642/4326/2
f 2643/4328/3 2639/6865/3 2638/4329/3
f 2644/4331/4 2642/6866/4 2638/4332/4
f 2641/4333/5 2639/6867/5 2643/4334/5
f 2647/237/1 2649/6868/1 2648/4336/1
f 2665/183/5 2663/6869/5 2667/4338/5
f 2653/88/2 2651/5912/2 2650/4/2
f 2651/323/3 2647/259/3 2646/339/3
f 2652/4339/4 2650/6870/4 2646/270/4
f 2649/4340/5 2647/6871/5 2651/213/5
f 2655/4342/1 2657/6872/1 2656/4343/1
f 2668/4341/4 2666/186/4 2662/4345/4
f 2661/4346/2 2659/4479/2 2658/171/2
f 2659/4322/3 2655/6873/3 2654/161/3
f 2660/4347/4 2658/229/4 2654/4348/4
f 2657/4350/5 2655/6874/5 2659/4351/5
f 2667/4352/3 2663/6875/3 2662/4353/3
f 2669/4355/2 2667/6876/2 2666/4356/2
f 2663/4358/1 2665/6877/1 2664/4359/1
f 2681/4361/5 2679/4502/5 2683/4362/5
f 2684/4364/4 2682/6878/4 2678/4365/4
f 2671/4367/3 2673/170/3 2672/169/3
f 2683/269/2 2679/4314/2 2678/4369/2
f 2677/4370/6 2675/4337/6 2674/4336/6
f 2675/4372/2 2671/80/2 2670/4373/2
f 2676/4375/4 2674/6879/4 2670/350/4
f 2673/4376/5 2671/6880/5 2675/4377/5
f 2685/4379/6 2683/6881/6 2682/4380/6
f 2679/4382/3 2681/6882/3 2680/4383/3
f 2687/4385/2 2689/6883/2 2688/4386/2
f 2692/4388/1 2693/6884/1 2691/4389/1
f 2690/4391/6 2691/3439/6 2687/4392/6
f 2692/4394/4 2690/280/4 2686/4395/4
f 2689/4397/5 2687/6885/5 2691/4398/5
f 2705/4400/5 2703/6886/5 2707/4401/5
f 2694/247/2 2695/6887/2 2697/4318/2
f 2708/4378/4 2706/4377/4 2702/4403/4
f 2701/4405/1 2699/6888/1 2698/4406/1
f 2699/4408/6 2695/6889/6 2694/4409/6
f 2696/4366/4 2700/6890/4 2698/4411/4
f 2697/4413/5 2695/4321/5 2699/11/5
f 2707/4415/6 2703/6891/6 2702/4416/6
f 2709/54/1 2707/6892/1 2706/4417/1
f 2703/4419/2 2705/6893/2 2704/4420/2
f 2711/4422/4 2713/6894/4 2717/258/4
f 2716/4424/2 2714/6895/2 2715/4425/2
f 2712/4427/6 2716/4328/6 2717/4428/6
f 2714/4430/5 2716/6896/5 2712/4431/5
f 2710/4433/1 2712/6897/1 2713/222/1
f 2719/4435/6 2721/343/6 2720/4317/6
f 2725/4437/3 2723/6898/3 2722/4438/3
f 2723/39/1 2719/348/1 2718/4440/1
f 2720/4441/4 2724/6899/4 2722/4442/4
f 2721/4444/5 2719/5922/5 2723/4445/5
f 2727/4447/2 2729/6900/2 2728/4448/2
f 2729/130/3 2733/6901/3 2732/4449/3
f 2733/4451/1 2731/6902/1 2730/4452/1
f 2731/4320/6 2727/6903/6 2726/232/6
f 2732/4455/4 2730/6904/4 2726/4456/4
f 2729/30/5 2727/29/5 2731/160/5
f 2735/4385/6 2737/4387/6 2736/199/6
f 2741/4460/3 2739/6905/3 2738/4370/3
f 2739/4461/1 2735/4366/1 2734/4412/1
f 2740/4446/4 2738/4445/4 2734/4463/4
f 2737/4465/5 2735/4488/5 2739/4466/5
f 2747/4468/4 2743/4341/4 2745/213/4
f 2748/4469/3 2746/6906/3 2747/4470/3
f 2744/4472/2 2748/4490/2 2749/4473/2
f 2746/186/5 2748/4341/5 2744/4468/5
f 2742/4475/6 2744/6907/6 2745/4476/6
f 2751/4346/6 2753/6908/6 2752/4478/6
f 2757/4480/3 2755/6909/3 2754/4481/3
f 2755/4483/1 2751/6910/1 2750/4484/1
f 2752/4486/4 2756/4483/4 2754/4485/4
f 2753/4488/5 2751/4465/5 2755/4489/5
f 2759/4491/2 2761/6911/2 2760/4492/2
f 2761/313/3 2765/6912/3 2764/4494/3
f 2765/4496/1 2763/6913/1 2762/4497/1
f 2763/4498/6 2759/26/6 2758/4410/6
f 2760/180/4 2764/5936/4 2762/4499/4
f 2761/4500/5 2759/6914/5 2763/167/5
f 2773/4361/5 2769/6915/5 2767/4501/5
f 2772/68/4 2770/67/4 2766/4503/4
f 2771/4505/6 2767/3365/6 2766/4506/6
f 2773/4508/1 2771/6916/1 2770/4460/1
f 2767/4509/2 2769/6917/2 2768/4510/2
f 2801/4512/5 2798/4557/5 2803/4513/5
f 2805/4515/3 2802/4877/3 2778/4516/3
f 2825/4518/5 2822/4600/5 2827/4519/5
f 2799/4521/6 2800/6918/6 2776/4522/6
f 2780/4524/4 2778/4882/4 2774/4525/4
f 2780/4529/2 2776/6919/2 2801/6920/2
f 2776/6919/2 2800/6921/2 2801/6920/2
f 2801/6920/2 2804/4527/2 2780/4529/2
f 2783/4530/172 2785/6922/172 2784/4531/172
f 2785/4533/173 2787/4536/173 2786/4534/173
f 2787/4536/174 2789/6923/174 2788/4537/174
f 2789/4538/175 2791/4541/175 2790/4539/175
f 2791/4541/176 2793/6924/176 2792/4542/176
f 2793/4543/177 2795/4549/177 2794/4544/177
f 2787/4548/1 2785/4861/1 2783/6925/1
f 2783/6925/1 2797/6926/1 2787/4548/1
f 2797/6926/1 2795/4554/1 2787/4548/1
f 2795/4554/1 2793/6927/1 2787/4548/1
f 2793/6927/1 2791/4546/1 2787/4548/1
f 2795/4549/178 2797/6928/178 2796/4550/178
f 2797/4551/179 2783/4530/179 2782/4532/179
f 2796/4555/2 2782/6929/2 2784/6930/2
f 2784/6930/2 2786/6931/2 2796/4555/2
f 2786/6931/2 2788/4553/2 2796/4555/2
f 2788/4553/2 2790/6927/2 2792/4554/2
f 2792/4554/2 2794/6932/2 2796/4555/2
f 2801/4512/180 2800/6933/180 2799/4556/180
f 2803/4513/181 2802/6934/181 2805/4558/181
f 2774/4561/1 2778/6935/1 2803/6936/1
f 2778/6935/1 2802/6937/1 2803/6936/1
f 2803/6936/1 2798/4559/1 2774/4561/1
f 2829/4562/3 2826/6938/3 2777/4563/3
f 2823/4565/6 2824/6939/6 2779/4566/6
f 2775/4529/4 2777/6940/4 2781/4568/4
f 2775/4572/2 2779/6941/2 2825/4527/2
f 2779/6941/2 2824/6942/2 2825/4527/2
f 2825/4527/2 2828/4570/2 2775/4572/2
f 2807/4573/172 2809/6943/172 2808/4574/172
f 2809/4576/173 2811/4579/173 2810/4577/173
f 2811/4579/174 2813/6944/174 2812/4580/174
f 2813/4581/175 2815/4584/175 2814/4582/175
f 2815/4584/176 2817/6945/176 2816/4585/176
f 2817/4586/177 2819/4592/177 2818/4587/177
f 2811/4591/1 2809/6946/1 2807/6947/1
f 2807/6947/1 2821/6948/1 2811/4591/1
f 2821/6948/1 2819/6949/1 2811/4591/1
f 2819/6949/1 2817/6950/1 2811/4591/1
f 2817/6950/1 2815/4589/1 2811/4591/1
f 2819/4592/178 2821/6951/178 2820/4593/178
f 2821/4594/179 2807/4573/179 2806/4575/179
f 2820/4598/2 2806/6952/2 2808/6953/2
f 2808/6953/2 2810/6954/2 2820/4598/2
f 2810/6954/2 2812/4596/2 2820/4598/2
f 2812/4596/2 2814/6955/2 2816/4597/2
f 2816/4597/2 2818/6956/2 2820/4598/2
f 2825/4518/180 2824/6957/180 2823/4599/180
f 2827/4519/181 2826/6958/181 2829/4601/181
f 2781/4604/1 2777/4875/1 2827/6959/1
f 2777/4875/1 2826/6960/1 2827/6959/1
f 2827/6959/1 2822/4602/1 2781/4604/1
f 2831/4605/182 2851/6961/182 2849/4606/182
f 2832/4608/2 2853/6962/2 2851/4609/2
f 2833/4611/183 2855/4615/183 2853/4612/183
f 2833/4611/184 2834/4622/184 2857/4614/184
f 2835/4616/1 2859/6963/1 2857/4617/1
f 2830/4607/185 2849/4606/185 2859/4619/185
f 2839/4621/223 2840/6964/223 2834/4622/223
f 2831/4610/2 2837/4637/2 2838/4623/2
f 2840/4624/1 2841/4631/1 2835/4616/1
f 2830/4607/380 2836/6965/380 2837/4625/380
f 2832/4613/381 2838/6966/381 2839/4621/381
f 2841/4626/222 2836/6965/222 2830/4607/222
f 2836/4627/226 2841/6967/226 2847/4628/226
f 2846/4630/1 2847/6968/1 2841/4631/1
f 2838/4632/382 2844/6969/382 2845/4633/382
f 2840/4635/383 2839/4634/383 2845/4633/383
f 2837/4637/2 2843/6970/2 2844/4638/2
f 2836/4627/384 2842/4629/384 2843/4639/384
f 2849/4606/385 2851/6961/385 2873/4641/385
f 2851/4609/195 2853/6962/195 2874/4643/195
f 2874/4645/386 2853/4612/386 2855/4615/386
f 2875/4646/387 2855/4615/387 2857/4614/387
f 2857/4617/198 2859/6963/198 2877/4648/198
f 2859/4619/388 2849/4606/388 2872/4642/388
f 2856/4651/389 2864/6971/389 2863/4652/389
f 2850/4654/201 2852/4695/201 2862/4655/201
f 2858/4657/202 2865/4670/202 2864/4658/202
f 2848/4660/390 2850/4694/390 2861/4661/390
f 2852/4663/391 2854/4653/391 2863/4652/391
f 2848/4660/392 2860/4662/392 2865/4665/392
f 2860/4667/393 2866/6972/393 2871/4668/393
f 2865/4670/202 2871/6973/202 2870/4671/202
f 2869/4672/394 2868/6974/394 2862/4673/394
f 2864/4675/395 2870/6975/395 2869/4672/395
f 2868/4676/201 2867/6976/201 2861/4656/201
f 2871/4679/4 2866/6977/4 2869/4677/4
f 2866/6977/4 2867/6978/4 2869/4677/4
f 2867/6978/4 2868/6979/4 2869/4677/4
f 2867/4680/396 2866/6972/396 2860/4667/396
f 2877/4650/397 2872/4642/397 2883/4682/397
f 2876/4684/211 2877/6980/211 2882/4685/211
f 2880/4687/398 2875/4646/398 2876/4647/398
f 2879/4689/399 2874/4645/399 2875/4646/399
f 2873/4690/400 2874/6981/400 2879/4691/400
f 2872/4642/401 2873/4641/401 2878/4693/401
f 2848/4660/216 2883/4682/216 2878/4693/216
f 2878/4692/217 2879/4691/217 2852/4695/217
f 2879/4689/218 2880/4687/218 2854/4653/218
f 2880/4687/219 2881/4688/219 2856/4651/219
f 2881/4686/220 2882/4685/220 2858/4657/220
f 2858/4666/221 2882/4683/221 2883/4682/221
f 2903/4696/185 2905/6982/185 2885/4697/185
f 2905/4699/1 2907/6983/1 2886/4700/1
f 2907/4702/184 2909/4739/184 2887/4703/184
f 2887/4703/183 2909/4739/183 2911/4705/183
f 2911/4707/2 2913/6984/2 2889/4708/2
f 2913/4710/182 2903/4696/182 2884/4698/182
f 2888/4706/381 2894/6985/381 2893/4712/381
f 2885/4701/1 2886/4700/1 2892/4713/1
f 2889/4708/2 2895/4723/2 2894/4715/2
f 2884/4698/189 2885/4697/189 2891/4716/189
f 2886/4704/186 2887/4703/186 2893/4712/186
f 2884/4698/380 2890/4717/380 2895/4719/380
f 2890/4720/384 2896/6986/384 2901/4721/384
f 2895/4723/2 2901/6987/2 2900/4724/2
f 2899/4725/192 2898/6988/192 2892/4726/192
f 2894/4728/382 2900/6989/382 2899/4725/382
f 2898/4729/1 2897/6990/1 2891/4714/1
f 2897/4730/190 2896/6986/190 2890/4720/190
f 2904/4732/185 2905/6982/185 2903/4696/185
f 2906/4734/1 2907/6983/1 2905/4699/1
f 2908/4736/184 2909/4739/184 2907/4702/184
f 2910/4738/183 2911/4705/183 2909/4739/183
f 2912/4740/2 2913/6984/2 2911/4707/2
f 2902/4733/182 2903/4696/182 2913/4710/182
f 2917/4743/402 2918/6991/402 2910/4738/402
f 2904/4735/1 2915/4758/1 2916/4744/1
f 2918/4745/2 2919/4752/2 2912/4740/2
f 2902/4733/403 2914/6992/403 2915/4746/403
f 2906/4737/404 2916/6993/404 2917/4743/404
f 2919/4747/405 2914/6992/405 2902/4733/405
f 2914/4748/406 2919/6994/406 2925/4749/406
f 2924/4751/2 2925/6995/2 2919/4752/2
f 2916/4753/407 2922/6996/407 2923/4754/407
f 2918/4756/408 2917/4755/408 2923/4754/408
f 2915/4758/1 2921/6997/1 2922/4759/1
f 2914/4748/409 2920/4750/409 2921/4760/409
f 2926/4762/185 2945/4797/185 2947/4763/185
f 2947/4765/1 2949/6998/1 2928/4766/1
f 2949/4768/184 2951/4804/184 2929/4769/184
f 2929/4769/183 2951/4804/183 2953/4771/183
f 2953/4773/2 2955/6999/2 2931/4774/2
f 2955/4776/182 2945/4797/182 2926/4762/182
f 2930/4772/381 2936/7000/381 2935/4743/381
f 2927/4767/1 2928/4766/1 2934/4778/1
f 2931/4774/2 2937/4788/2 2936/4780/2
f 2926/4762/189 2927/4764/189 2933/4781/189
f 2928/4770/186 2929/4769/186 2935/4743/186
f 2926/4762/380 2932/4782/380 2937/4784/380
f 2932/4785/384 2938/7001/384 2943/4786/384
f 2937/4788/2 2943/7002/2 2942/4751/2
f 2941/4789/192 2940/7003/192 2934/4790/192
f 2936/4792/382 2942/7004/382 2941/4789/382
f 2940/4793/1 2939/7005/1 2933/4779/1
f 2939/4794/410 2938/7001/410 2932/4785/410
f 2946/4796/185 2947/4763/185 2945/4797/185
f 2948/4799/1 2949/6998/1 2947/4765/1
f 2950/4801/184 2951/4804/184 2949/4768/184
f 2952/4803/183 2953/4771/183 2951/4804/183
f 2954/4805/2 2955/6999/2 2953/4773/2
f 2944/4798/182 2945/4797/182 2955/4776/182
f 2959/4808/402 2960/7006/402 2952/4803/402
f 2946/4800/1 2957/4822/1 2958/4809/1
f 2960/4810/2 2961/4816/2 2954/4805/2
f 2944/4798/403 2956/7007/403 2957/4811/403
f 2948/4802/404 2958/7008/404 2959/4808/404
f 2961/4812/405 2956/7007/405 2944/4798/405
f 2956/4813/406 2961/7009/406 2967/4814/406
f 2966/4724/2 2967/6987/2 2961/4816/2
f 2958/4817/407 2964/7010/407 2965/4818/407
f 2960/4820/408 2959/4819/408 2965/4818/408
f 2957/4822/1 2963/7011/1 2964/4823/1
f 2956/4813/409 2962/4815/409 2963/4824/409
f 2995/4826/5 2992/4871/5 2997/4827/5
f 2999/4829/3 2996/4876/3 2972/4830/3
f 3019/4832/5 3016/4914/5 3021/4833/5
f 2993/4835/6 2994/7012/6 2970/4836/6
f 2974/4838/4 2972/7013/4 2968/4839/4
f 2974/4843/2 2970/7014/2 2995/7015/2
f 2970/7014/2 2994/7016/2 2995/7015/2
f 2995/7015/2 2998/4841/2 2974/4843/2
f 2977/4844/172 2979/7017/172 2978/4845/172
f 2979/4847/173 2981/4850/173 2980/4848/173
f 2981/4850/174 2983/7018/174 2982/4851/174
f 2983/4852/175 2985/4855/175 2984/4853/175
f 2985/4855/176 2987/7019/176 2986/4856/176
f 2987/4857/177 2989/4863/177 2988/4858/177
f 2981/4862/1 2979/7020/1 2977/7021/1
f 2977/7021/1 2991/7022/1 2981/4862/1
f 2991/7022/1 2989/7023/1 2981/4862/1
f 2989/7023/1 2987/7024/1 2981/4862/1
f 2987/7024/1 2985/4860/1 2981/4862/1
f 2989/4863/178 2991/7025/178 2990/4864/178
f 2991/4865/179 2977/4844/179 2976/4846/179
f 2990/4869/2 2976/7026/2 2978/7027/2
f 2978/7027/2 2980/7028/2 2990/4869/2
f 2980/7028/2 2982/4867/2 2990/4869/2
f 2982/4867/2 2984/7029/2 2986/4868/2
f 2986/4868/2 2988/7030/2 2990/4869/2
f 2995/4826/180 2994/7031/180 2993/4870/180
f 2997/4827/181 2996/7032/181 2999/4872/181
f 2968/4875/1 2972/4604/1 2997/7033/1
f 2972/4604/1 2996/7034/1 2997/7033/1
f 2997/7033/1 2992/4873/1 2968/4875/1
f 3023/4876/3 3020/4516/3 2971/4877/3
f 3017/4878/6 3018/7035/6 2973/4879/6
f 2969/4881/4 2971/4525/4 2975/4882/4
f 2969/4886/2 2973/7036/2 3019/7037/2
f 2973/7036/2 3018/7038/2 3019/7037/2
f 3019/7037/2 3022/4884/2 2969/4886/2
f 3001/4887/172 3003/7039/172 3002/4888/172
f 3003/4890/173 3005/4893/173 3004/4891/173
f 3005/4893/174 3007/7040/174 3006/4894/174
f 3007/4895/175 3009/4898/175 3008/4896/175
f 3009/4898/176 3011/7041/176 3010/4899/176
f 3011/4900/177 3013/4906/177 3012/4901/177
f 3005/4905/1 3003/7042/1 3001/7043/1
f 3001/7043/1 3015/7044/1 3005/4905/1
f 3015/7044/1 3013/7045/1 3005/4905/1
f 3013/7045/1 3011/7046/1 3005/4905/1
f 3011/7046/1 3009/4903/1 3005/4905/1
f 3013/4906/178 3015/7047/178 3014/4907/178
f 3015/4908/179 3001/4887/179 3000/4889/179
f 3014/4912/2 3000/7048/2 3002/4867/2
f 3002/4867/2 3004/7028/2 3014/4912/2
f 3004/7028/2 3006/4910/2 3014/4912/2
f 3006/4910/2 3008/7049/2 3010/4911/2
f 3010/4911/2 3012/7050/2 3014/4912/2
f 3019/4832/180 3018/7051/180 3017/4913/180
f 3021/4833/181 3020/7052/181 3023/4915/181
f 2975/4918/1 2971/7053/1 3021/7054/1
f 2971/7053/1 3020/7055/1 3021/7054/1
f 3021/7054/1 3016/4916/1 2975/4918/1
f 3043/4919/185 3045/7056/185 3025/4920/185
f 3045/4922/1 3047/7057/1 3026/4923/1
f 3047/4925/184 3049/4961/184 3027/4926/184
f 3027/4926/183 3049/4961/183 3051/4928/183
f 3051/4930/2 3053/7058/2 3029/4931/2
f 3053/4933/182 3043/4919/182 3024/4921/182
f 3028/4929/381 3034/7059/381 3033/4935/381
f 3025/4924/1 3026/4923/1 3032/4936/1
f 3029/4931/2 3035/4946/2 3034/4938/2
f 3024/4921/189 3025/4920/189 3031/4939/189
f 3026/4927/186 3027/4926/186 3033/4935/186
f 3024/4921/380 3030/4940/380 3035/4942/380
f 3030/4943/411 3036/7060/411 3041/4944/411
f 3035/4946/2 3041/7061/2 3040/4947/2
f 3039/4948/192 3038/7062/192 3032/4949/192
f 3034/4951/382 3040/7063/382 3039/4948/382
f 3038/3436/1 3037/7064/1 3031/4937/1
f 3037/4952/190 3036/7060/190 3030/4943/190
f 3044/4954/185 3045/7056/185 3043/4919/185
f 3046/4956/1 3047/7057/1 3045/4922/1
f 3048/4958/184 3049/4961/184 3047/4925/184
f 3050/4960/183 3051/4928/183 3049/4961/183
f 3052/4962/2 3053/7058/2 3051/4930/2
f 3042/4955/182 3043/4919/182 3053/4933/182
f 3057/4965/402 3058/7065/402 3050/4960/402
f 3044/4957/1 3055/4980/1 3056/4966/1
f 3058/4967/2 3059/4974/2 3052/4962/2
f 3042/4955/403 3054/7066/403 3055/4968/403
f 3046/4959/404 3056/7067/404 3057/4965/404
f 3059/4969/405 3054/7066/405 3042/4955/405
f 3054/4970/406 3059/7068/406 3065/4971/406
f 3064/4973/2 3065/7069/2 3059/4974/2
f 3056/4975/407 3062/7070/407 3063/4976/407
f 3058/4978/408 3057/4977/408 3063/4976/408
f 3055/4980/1 3061/7071/1 3062/4981/1
f 3054/4970/412 3060/4972/412 3061/4982/412
f 3114/4984/5 3126/5098/5 3101/4985/5
f 3118/4987/238 3094/7072/238 3153/4988/238
f 3072/4990/238 3121/7073/238 3120/4991/238
f 3086/4993/1 3074/5114/1 3131/4994/1
f 3066/4996/1 3158/5008/1 3104/4997/1
f 3160/4999/5 3125/5037/5 3100/5000/5
f 3149/5002/1 3153/5109/1 3094/5003/1
f 3101/5005/1 3110/7074/1 3080/5006/1
f 3158/5008/1 3130/5122/1 3129/5009/1
f 3162/5010/3 3116/5107/3 3089/5011/3
f 3091/5013/1 3132/5119/1 3082/5014/1
f 3131/5016/239 3093/5124/239 3094/5017/239
f 3089/5019/1 3090/5025/1 3084/5020/1
f 3151/5022/1 3141/5113/1 3088/5023/1
f 3145/5024/1 3133/5155/1 3084/5020/1
f 3143/5026/240 3141/5148/240 3151/5027/240
f 3088/5023/1 3122/5044/1 3156/5029/1
f 3140/5031/1 3139/4995/1 3131/4994/1
f 3127/5033/4 3157/5082/4 3130/5034/4
f 3123/5036/1 3151/5022/1 3149/5002/1
f 3125/5037/5 3114/4984/5 3115/4986/5
f 3071/5038/4 3158/5096/4 3066/4999/4
f 3110/5039/241 3085/7075/241 3152/5040/241
f 3080/5041/239 3152/5040/239 3121/5042/239
f 3122/5044/1 3106/7076/1 3154/5045/1
f 3150/5046/1 3143/5050/1 3073/5047/1
f 3150/5046/1 3120/5132/1 3081/5049/1
f 3085/5051/1 3144/5133/1 3076/5052/1
f 3134/5054/1 3077/5126/1 3069/5055/1
f 3078/5057/6 3147/5105/6 3146/5058/6
f 3073/5028/242 3151/5027/242 3123/5060/242
f 3082/5062/243 3156/5092/243 3154/5063/243
f 3076/5065/244 3106/5138/244 3142/5066/244
f 3134/5068/245 3138/5116/245 3091/5069/245
f 3113/5071/1 3111/5135/1 3079/5072/1
f 3070/5073/6 3099/5077/6 3095/5074/6
f 3069/5076/6 3098/5136/6 3099/5077/6
f 3067/5078/6 3096/5741/6 3097/5079/6
f 3159/5081/4 3102/7077/4 3157/5082/4
f 3108/5083/1 3111/5135/1 3113/5071/1
f 3068/5080/6 3097/5079/6 3148/5085/6
f 3100/5087/1 3072/7078/1 3107/5088/1
f 3157/5090/1 3102/7079/1 3109/5084/1
f 3132/5091/246 3155/5106/246 3156/5092/246
f 3136/5093/242 3092/5097/242 3085/5094/242
f 3128/5035/4 3130/5034/4 3158/5096/4
f 3135/5070/240 3091/5069/240 3092/5097/240
f 3126/5098/5 3096/7080/5 3067/5099/5
f 3121/5100/1 3152/5053/1 3076/5052/1
f 3136/5102/1 3110/7074/1 3068/5103/1
f 3124/5086/6 3148/5085/6 3147/5105/6
f 3080/5006/1 3072/7078/1 3100/5087/1
f 3119/4989/247 3153/4988/247 3155/5106/247
f 3104/4997/1 3112/5056/1 3069/5055/1
f 3116/5107/3 3117/5110/3 3090/5108/3
f 3088/5023/1 3155/5030/1 3153/5109/1
f 3117/5110/3 3105/5156/3 3145/5111/3
f 3087/5112/1 3122/5044/1 3088/5023/1
f 3137/5048/1 3073/5047/1 3074/5114/1
f 3112/5115/248 3140/7081/248 3138/5116/248
f 3068/5103/1 3110/7074/1 3101/5005/1
f 3091/5013/1 3138/5134/1 3119/5118/1
f 3133/4992/247 3120/4991/247 3150/5120/247
f 3130/5122/1 3157/5090/1 3113/5071/1
f 3074/5123/241 3123/5127/241 3093/5124/241
f 3135/5125/1 3078/5130/1 3077/5126/1
f 3075/5127/248 3142/5123/248 3087/5128/248
f 3135/5125/1 3136/5102/1 3124/5104/1
f 3142/5131/1 3106/7076/1 3122/5044/1
f 3120/5132/1 3121/5100/1 3075/5101/1
f 3092/5015/1 3082/5014/1 3144/5133/1
f 3138/5134/1 3140/5031/1 3118/5032/1
f 3108/5083/1 3089/5019/1 3083/5021/1
f 3077/5059/6 3146/5058/6 3098/5136/6
f 3144/5137/249 3154/7082/249 3106/5138/249
f 3084/5121/246 3150/5120/246 3137/5139/246
f 3079/5141/244 3139/5147/244 3140/5142/244
f 3083/5140/243 3137/5139/243 3086/5144/243
f 3111/5146/249 3086/7083/249 3139/5147/249
f 3081/5129/245 3087/5128/245 3141/5148/245
f 3159/5149/3 3163/5151/3 3109/5150/3
f 3163/5151/3 3162/5010/3 3108/5012/3
f 3161/5152/3 3160/7084/3 3103/5153/3
f 3107/5088/1 3072/7078/1 3133/5155/1
f 3079/5072/1 3112/5056/1 3104/4997/1
f 3105/5156/3 3161/5152/3 3107/5154/3
f 3170/5157/2 3169/7085/2 3164/5158/2
f 3173/5160/2 3170/5157/2 3165/5159/2
f 3171/5162/2 3172/5165/2 3167/5163/2
f 3172/5165/2 3173/5160/2 3168/5161/2
f 3177/5166/1 3182/7086/1 3179/5167/1
f 3174/5168/1 3179/5167/1 3180/5169/1
f 3176/5171/1 3181/5174/1 3183/5172/1
f 3175/5170/1 3180/5169/1 3181/5174/1
f 3170/5175/4 3179/5188/4 3182/5176/4
f 3167/5178/5 3176/5192/5 3178/5179/5
f 3165/5181/5 3174/5195/5 3175/5182/5
f 3171/5184/4 3183/5218/4 3181/5185/4
f 3173/5187/4 3180/5193/4 3179/5188/4
f 3166/5189/3 3178/5230/3 3183/5190/3
f 3168/5183/5 3175/5182/5 3176/5192/5
f 3172/5186/4 3181/5185/4 3180/5193/4
f 3164/5194/5 3177/7087/5 3174/5195/5
f 3169/5196/6 3182/5649/6 3177/5197/6
f 3190/5199/2 3189/7088/2 3184/5200/2
f 3193/5202/2 3190/5199/2 3185/5201/2
f 3191/5204/2 3192/5207/2 3187/5205/2
f 3192/5207/2 3193/5202/2 3188/5203/2
f 3197/5208/1 3202/5893/1 3199/5209/1
f 3194/5210/1 3199/5209/1 3200/5211/1
f 3196/5213/1 3201/5216/1 3203/5214/1
f 3195/5212/1 3200/5211/1 3201/5216/1
f 3190/5217/4 3199/5229/4 3202/5218/4
f 3187/5219/5 3196/5233/5 3198/5220/5
f 3185/5222/5 3194/5236/5 3195/5223/5
f 3191/5225/4 3203/7089/4 3201/5226/4
f 3193/5228/4 3200/5234/4 3199/5229/4
f 3186/5230/3 3198/5189/3 3203/5231/3
f 3188/5224/5 3195/5223/5 3196/5233/5
f 3192/5227/4 3201/5226/4 3200/5234/4
f 3184/5235/5 3197/7090/5 3194/5236/5
f 3189/5237/6 3202/5896/6 3197/5191/6
f 3235/5238/2 3242/7091/2 3220/5239/2
f 3238/5241/2 3235/5238/2 3213/5240/2
f 3211/5243/2 3233/5256/2 3234/5244/2
f 3206/5246/2 3205/5273/2 3227/5247/2
f 3217/5249/2 3239/5257/2 3238/5241/2
f 3212/5245/2 3234/5244/2 3245/5250/2
f 3207/5252/2 3209/5271/2 3231/5253/2
f 3218/5255/2 3240/7092/2 3233/5256/2
f 3223/5251/2 3245/5250/2 3239/5257/2
f 3207/5252/2 3229/5254/2 3230/5258/2
f 3241/5260/2 3240/7092/2 3218/5255/2
f 3225/5262/2 3204/5278/2 3226/5263/2
f 3222/5265/2 3225/5262/2 3247/5264/2
f 3220/5239/2 3242/7091/2 3236/5267/2
f 3222/5265/2 3244/5266/2 3246/5269/2
f 3209/5271/2 3210/5276/2 3232/5272/2
f 3214/5268/2 3236/5267/2 3227/5247/2
f 3224/5270/2 3246/5269/2 3237/5274/2
f 3210/5276/2 3221/5279/2 3243/5277/2
f 3208/5259/2 3230/5258/2 3226/5263/2
f 3237/5274/2 3241/5260/2 3219/5261/2
f 3221/5279/2 3206/5246/2 3228/5248/2
f 3252/5280/1 3274/5310/1 3275/5281/1
f 3253/5282/1 3275/5281/1 3290/5283/1
f 3262/5284/1 3261/5292/1 3283/5285/1
f 3254/5287/1 3276/5320/1 3270/5288/1
f 3264/5290/1 3268/5278/1 3290/5283/1
f 3261/5292/1 3263/5299/1 3285/5293/1
f 3256/5294/1 3278/7093/1 3277/5295/1
f 3269/5297/1 3262/5284/1 3284/5286/1
f 3263/5299/1 3264/5290/1 3286/5291/1
f 3272/5300/1 3278/7093/1 3256/5294/1
f 3269/5297/1 3291/5298/1 3289/5302/1
f 3257/5304/1 3279/5308/1 3273/5305/1
f 3258/5307/1 3280/7094/1 3279/5308/1
f 3252/5280/1 3249/5315/1 3271/5309/1
f 3287/5311/1 3280/7094/1 3258/5307/1
f 3255/5296/1 3277/5295/1 3281/5313/1
f 3249/5315/1 3248/5289/1 3270/5288/1
f 3288/5316/1 3287/5311/1 3265/5312/1
f 3259/5314/1 3281/5313/1 3282/5318/1
f 3273/5305/1 3272/5300/1 3250/5301/1
f 3267/5303/1 3289/5302/1 3288/5316/1
f 3260/5319/1 3282/5318/1 3276/5320/1
f 3256/5321/6 3255/5345/6 3209/5322/6
f 3276/5324/3 3282/5412/3 3243/5325/3
f 3216/5327/3 3268/7095/3 3264/5328/3
f 3250/5330/6 3256/5321/6 3207/5323/6
f 3233/5332/6 3284/5398/6 3283/5333/6
f 3211/5335/3 3262/5369/3 3269/5336/3
f 3258/5338/4 3257/5388/4 3225/5339/4
f 3234/5334/6 3283/5333/6 3285/5341/6
f 3218/5337/3 3269/5336/3 3267/5343/3
f 3255/5345/6 3259/5352/6 3210/5346/6
f 3245/5342/6 3285/5341/6 3286/5347/6
f 3214/5349/5 3249/5393/5 3252/5350/5
f 3259/5352/6 3260/5360/6 3221/5353/6
f 3273/5354/5 3279/5401/5 3247/5355/5
f 3236/5357/4 3271/5409/4 3270/5358/4
f 3260/5360/6 3254/5410/6 3206/5361/6
f 3280/5362/5 3287/5370/5 3246/5363/5
f 3272/5365/3 3273/7096/3 3226/5366/3
f 3212/5368/3 3261/5376/3 3262/5369/3
f 3287/5370/5 3288/7097/5 3237/5371/5
f 3235/5372/4 3275/5384/4 3274/5373/4
f 3223/5375/3 3263/5382/3 3261/5376/3
f 3237/5377/6 3288/7098/6 3289/5378/6
f 3270/5380/3 3276/5324/3 3228/5326/3
f 3217/5329/3 3264/5328/3 3263/5382/3
f 3238/5383/4 3290/7099/4 3275/5384/4
f 3277/5385/3 3278/5394/3 3229/5386/3
f 3257/5388/4 3251/7100/4 3204/5389/4
f 3239/5348/6 3286/5347/6 3290/5390/6
f 3205/5392/5 3248/7101/5 3249/5393/5
f 3278/5394/3 3272/5365/3 3230/5367/3
f 3265/5395/4 3258/5338/4 3222/5340/4
f 3240/5397/6 3291/5404/6 3284/5398/6
f 3251/5399/6 3250/5330/6 3208/5331/6
f 3279/5401/5 3280/5362/5 3244/5364/5
f 3266/5402/4 3265/5395/4 3224/5396/4
f 3241/5379/6 3289/5378/6 3291/5404/6
f 3220/5351/5 3252/5350/5 3253/5405/5
f 3281/5407/3 3277/5385/3 3231/5387/3
f 3219/5344/3 3267/5343/3 3266/5399/3
f 3242/5374/4 3274/5373/4 3271/5409/4
f 3254/5410/6 3248/7102/6 3205/5411/6
f 3282/5412/3 3281/5407/3 3232/5408/3
f 3213/5406/5 3253/5405/5 3268/5413/5
f 3340/5415/5 3352/5519/5 3327/5416/5
f 3344/5418/238 3320/7103/238 3379/5419/238
f 3298/5421/238 3347/7104/238 3346/5422/238
f 3312/5424/1 3300/5535/1 3357/5425/1
f 3296/5427/1 3292/7105/1 3384/5428/1
f 3386/5430/5 3351/5465/5 3326/5431/5
f 3375/5433/1 3379/5530/1 3320/5434/1
f 3327/5436/1 3336/7106/1 3306/5437/1
f 3384/5428/1 3356/5543/1 3355/5439/1
f 3388/5440/3 3342/5528/3 3315/5441/3
f 3317/5443/1 3358/5540/1 3308/5444/1
f 3357/5446/239 3319/5545/239 3320/5447/239
f 3315/5449/1 3316/5455/1 3310/5450/1
f 3377/5452/1 3367/5534/1 3314/5453/1
f 3371/5454/1 3359/5576/1 3310/5450/1
f 3369/5456/240 3367/5569/240 3377/5457/240
f 3314/5453/1 3348/5474/1 3382/5109/1
f 3366/5459/1 3365/5426/1 3357/5425/1
f 3353/5461/4 3383/5505/4 3356/5462/4
f 3349/5464/1 3377/5452/1 3375/5433/1
f 3351/5465/5 3340/5415/5 3341/5417/5
f 3297/5466/4 3384/5517/4 3292/5467/4
f 3336/5469/241 3311/7107/241 3378/5470/241
f 3306/5471/239 3378/5470/239 3347/5472/239
f 3348/5474/1 3332/7108/1 3380/5475/1
f 3376/5476/1 3369/5480/1 3299/5477/1
f 3376/5476/1 3346/5553/1 3307/5479/1
f 3311/5481/1 3370/5554/1 3302/5482/1
f 3360/5484/1 3303/5547/1 3295/5485/1
f 3304/5108/6 3373/5526/6 3372/5487/6
f 3299/5458/242 3377/5457/242 3349/5488/242
f 3308/5490/243 3382/5513/243 3380/5491/243
f 3302/5493/244 3332/5559/244 3368/5494/244
f 3360/5496/245 3364/5537/245 3317/5497/245
f 3339/5499/1 3337/5556/1 3305/5500/1
f 3296/5150/6 3325/5501/6 3321/5075/6
f 3295/5012/6 3324/5557/6 3325/5501/6
f 3293/5502/6 3322/7109/6 3323/5503/6
f 3385/5504/4 3328/7110/4 3383/5505/4
f 3334/5506/1 3337/5556/1 3339/5499/1
f 3294/5154/6 3323/5503/6 3374/5508/6
f 3326/5509/1 3298/7111/1 3333/5510/1
f 3383/5087/1 3328/5089/1 3335/5507/1
f 3358/5512/246 3381/5527/246 3382/5513/246
f 3362/5514/242 3318/5518/242 3311/5515/242
f 3354/5463/4 3356/5462/4 3384/5517/4
f 3361/5498/240 3317/5497/240 3318/5518/240
f 3352/5519/5 3322/7112/5 3293/5520/5
f 3347/5521/1 3378/5483/1 3302/5482/1
f 3362/5523/1 3336/7106/1 3294/5524/1
f 3350/5111/6 3374/5508/6 3373/5526/6
f 3306/5437/1 3298/7111/1 3326/5509/1
f 3345/5420/247 3379/5419/247 3381/5527/247
f 3330/5429/1 3338/5486/1 3295/5485/1
f 3342/5528/3 3343/5531/3 3316/5529/3
f 3314/5453/1 3381/5030/1 3379/5530/1
f 3343/5531/3 3331/5577/3 3371/5532/3
f 3313/5533/1 3348/5474/1 3314/5453/1
f 3363/5478/1 3299/5477/1 3300/5535/1
f 3338/5536/248 3366/7113/248 3364/5537/248
f 3294/5524/1 3336/7106/1 3327/5436/1
f 3317/5443/1 3364/5555/1 3345/5539/1
f 3359/5423/247 3346/5422/247 3376/5541/247
f 3356/5543/1 3383/5087/1 3339/5499/1
f 3300/5544/241 3349/7114/241 3319/5545/241
f 3361/5546/1 3304/5551/1 3303/5547/1
f 3301/5548/248 3368/7115/248 3313/5549/248
f 3361/5546/1 3362/5523/1 3350/5525/1
f 3368/5552/1 3332/7108/1 3348/5474/1
f 3346/5553/1 3347/5521/1 3301/5522/1
f 3318/5445/1 3308/5444/1 3370/5554/1
f 3364/5555/1 3366/5459/1 3344/5460/1
f 3334/5506/1 3315/5449/1 3309/5451/1
f 3303/5011/6 3372/5487/6 3324/5557/6
f 3370/5558/249 3380/7116/249 3332/5559/249
f 3310/5542/246 3376/5541/246 3363/5560/246
f 3305/5562/244 3365/5568/244 3366/5563/244
f 3309/5561/243 3363/5560/243 3312/5565/243
f 3337/5567/249 3312/5710/249 3365/5568/249
f 3307/5550/245 3313/5549/245 3367/5569/245
f 3385/5570/3 3389/5573/3 3335/5571/3
f 3389/5573/3 3388/5440/3 3334/5442/3
f 3387/5574/3 3386/7117/3 3329/5149/3
f 3333/5510/1 3298/7111/1 3359/5576/1
f 3305/5500/1 3338/5486/1 3330/5429/1
f 3331/5577/3 3387/5574/3 3333/5575/3
f 3396/5578/2 3395/7118/2 3390/5579/2
f 3399/5581/2 3396/5578/2 3391/5580/2
f 3397/5583/2 3398/5586/2 3393/5584/2
f 3398/5586/2 3399/5581/2 3394/5582/2
f 3403/5587/1 3408/7119/1 3405/5588/1
f 3400/5589/1 3405/5588/1 3406/5590/1
f 3402/5592/1 3407/5595/1 3409/5593/1
f 3401/5591/1 3406/5590/1 3407/5595/1
f 3396/5596/4 3405/5608/4 3408/5597/4
f 3393/5599/5 3402/5612/5 3404/5600/5
f 3391/5601/5 3400/5615/5 3401/5602/5
f 3397/5604/4 3409/5637/4 3407/5605/4
f 3399/5607/4 3406/5613/4 3405/5608/4
f 3392/5609/3 3404/5617/3 3409/5610/3
f 3394/5603/5 3401/5602/5 3402/5612/5
f 3398/5606/4 3407/5605/4 3406/5613/4
f 3390/5614/5 3403/5094/5 3400/5615/5
f 3395/5616/6 3408/5889/6 3403/5617/6
f 3416/5618/2 3415/7120/2 3410/5619/2
f 3419/5621/2 3416/5618/2 3411/5620/2
f 3417/5623/2 3418/5626/2 3413/5624/2
f 3418/5626/2 3419/5621/2 3414/5622/2
f 3423/5627/1 3428/7121/1 3425/5628/1
f 3420/5629/1 3425/5628/1 3426/5630/1
f 3422/5632/1 3427/5635/1 3429/5633/1
f 3421/5631/1 3426/5630/1 3427/5635/1
f 3416/5636/4 3425/5648/4 3428/5637/4
f 3413/5638/5 3422/5650/5 3424/5639/5
f 3411/5641/5 3420/5653/5 3421/5642/5
f 3417/5644/4 3429/7122/4 3427/5645/4
f 3419/5647/4 3426/5651/4 3425/5648/4
f 3412/5649/3 3424/5196/3 3429/5611/3
f 3414/5643/5 3421/5642/5 3422/5650/5
f 3418/5646/4 3427/5645/4 3426/5651/4
f 3410/5652/5 3423/7123/5 3420/5653/5
f 3415/5654/6 3428/7124/6 3423/5655/6
f 3478/5657/5 3490/5760/5 3465/5658/5
f 3482/5660/238 3458/7125/238 3517/5661/238
f 3436/5663/238 3485/7126/238 3484/5664/238
f 3450/5666/1 3438/5776/1 3495/5667/1
f 3434/5669/1 3430/7127/1 3522/5670/1
f 3524/5672/5 3489/5708/5 3464/5673/5
f 3513/5675/1 3517/5771/1 3458/5676/1
f 3465/5678/1 3474/7128/1 3444/5679/1
f 3522/5670/1 3494/5784/1 3493/5681/1
f 3526/5682/3 3480/5769/3 3453/5683/3
f 3455/5685/1 3496/5781/1 3446/5686/1
f 3495/5688/239 3457/5785/239 3458/5689/239
f 3453/5690/1 3454/5696/1 3448/5691/1
f 3515/5693/1 3505/5775/1 3452/5694/1
f 3509/5695/1 3497/5817/1 3448/5691/1
f 3507/5697/240 3505/5809/240 3515/5698/240
f 3452/5694/1 3486/5714/1 3520/5700/1
f 3504/5702/1 3503/5668/1 3495/5667/1
f 3491/5704/4 3521/5745/4 3494/5705/4
f 3487/5707/1 3515/5693/1 3513/5675/1
f 3489/5708/5 3478/5657/5 3479/5659/5
f 3435/5709/4 3522/5758/4 3430/5430/4
f 3474/5710/241 3449/7129/241 3516/5711/241
f 3444/5712/239 3516/5711/239 3485/5713/239
f 3486/5714/1 3470/7130/1 3518/5715/1
f 3514/5716/1 3507/5720/1 3437/5717/1
f 3514/5716/1 3484/5793/1 3445/5719/1
f 3449/5721/1 3508/5794/1 3440/5722/1
f 3498/5724/1 3441/5787/1 3433/5725/1
f 3442/5529/6 3511/5767/6 3510/5727/6
f 3437/5699/242 3515/5698/242 3487/5728/242
f 3446/5730/243 3520/5754/243 3518/5731/243
f 3440/5733/244 3470/5799/244 3506/5734/244
f 3498/5736/245 3502/5778/245 3455/5737/245
f 3477/5739/1 3475/5796/1 3443/5740/1
f 3434/5571/6 3463/5742/6 3459/5741/6
f 3433/5442/6 3462/5797/6 3463/5742/6
f 3431/5149/6 3460/5074/6 3461/5743/6
f 3523/5744/4 3466/7131/4 3521/5745/4
f 3472/5746/1 3475/5796/1 3477/5739/1
f 3432/5575/6 3461/5743/6 3512/5748/6
f 3464/5749/1 3436/7132/1 3471/5750/1
f 3521/5752/1 3466/7133/1 3473/5747/1
f 3496/5753/246 3519/5768/246 3520/5754/246
f 3500/5755/242 3456/5759/242 3449/5756/242
f 3492/5706/4 3494/5705/4 3522/5758/4
f 3499/5738/240 3455/5737/240 3456/5759/240
f 3490/5760/5 3460/7134/5 3431/5761/5
f 3485/5762/1 3516/5723/1 3440/5722/1
f 3500/5764/1 3474/7128/1 3432/5765/1
f 3488/5532/6 3512/5748/6 3511/5767/6
f 3444/5679/1 3436/7132/1 3464/5749/1
f 3483/5662/247 3517/5661/247 3519/5768/247
f 3468/5671/1 3476/5726/1 3433/5725/1
f 3480/5769/3 3481/5772/3 3454/5770/3
f 3452/5694/1 3519/5701/1 3517/5771/1
f 3481/5772/3 3469/5818/3 3509/5773/3
f 3451/5774/1 3486/5714/1 3452/5694/1
f 3501/5718/1 3437/5717/1 3438/5776/1
f 3476/5777/248 3504/7135/248 3502/5778/248
f 3432/5765/1 3474/7128/1 3465/5678/1
f 3455/5685/1 3502/5795/1 3483/5780/1
f 3497/5665/247 3484/5664/247 3514/5782/247
f 3494/5784/1 3521/5752/1 3477/5739/1
f 3438/5448/241 3487/7136/241 3457/5785/241
f 3499/5786/1 3442/5791/1 3441/5787/1
f 3439/5788/248 3506/7137/248 3451/5789/248
f 3499/5786/1 3500/5764/1 3488/5766/1
f 3506/5792/1 3470/7130/1 3486/5714/1
f 3484/5793/1 3485/5762/1 3439/5763/1
f 3456/5687/1 3446/5686/1 3508/5794/1
f 3502/5795/1 3504/5702/1 3482/5703/1
f 3472/5746/1 3453/5690/1 3447/5692/1
f 3441/5441/6 3510/5727/6 3462/5797/6
f 3508/5798/249 3518/5235/249 3470/5799/249
f 3448/5783/246 3514/5782/246 3501/5800/246
f 3443/5802/244 3503/5808/244 3504/5803/244
f 3447/5801/243 3501/5800/243 3450/5805/243
f 3475/5807/249 3450/7138/249 3503/5808/249
f 3445/5790/245 3451/5789/245 3505/5809/245
f 3523/5810/3 3527/5813/3 3473/5811/3
f 3527/5813/3 3526/5682/3 3472/5684/3
f 3525/5814/3 3524/7139/3 3467/5815/3
f 3471/5750/1 3436/7132/1 3497/5817/1
f 3443/5740/1 3476/5726/1 3468/5671/1
f 3469/5818/3 3525/5814/3 3471/5816/3
f 3534/5819/2 3533/7140/2 3528/5820/2
f 3537/5822/2 3534/5819/2 3529/5821/2
f 3535/5824/2 3536/5827/2 3531/5825/2
f 3536/5827/2 3537/5822/2 3532/5823/2
f 3541/5828/1 3546/7141/1 3543/5829/1
f 3538/5830/1 3543/5829/1 3544/5831/1
f 3540/5833/1 3545/5836/1 3547/5834/1
f 3539/5832/1 3544/5831/1 3545/5836/1
f 3534/5837/4 3543/5849/4 3546/5838/4
f 3531/5840/5 3540/5851/5 3542/5391/5
f 3529/5842/5 3538/5853/5 3539/5843/5
f 3535/5845/4 3547/7142/4 3545/5846/4
f 3537/5848/4 3544/5852/4 3543/5849/4
f 3530/5850/3 3542/5890/3 3547/5232/3
f 3532/5844/5 3539/5843/5 3540/5851/5
f 3536/5847/4 3545/5846/4 3544/5852/4
f 3528/5839/5 3541/5838/5 3538/5853/5
f 3533/5854/6 3546/7143/6 3541/5855/6
f 3554/5857/2 3553/7144/2 3548/5858/2
f 3557/5860/2 3554/5857/2 3549/5859/2
f 3555/5862/2 3556/5865/2 3551/5863/2
f 3556/5865/2 3557/5860/2 3552/5861/2
f 3561/5866/1 3566/7145/1 3563/5867/1
f 3558/5868/1 3563/5867/1 3564/5869/1
f 3560/5871/1 3565/5874/1 3567/5872/1
f 3559/5870/1 3564/5869/1 3565/5874/1
f 3554/5875/4 3563/5888/4 3566/5876/4
f 3551/5878/5 3560/5891/5 3562/5879/5
f 3549/5881/5 3558/5894/5 3559/5882/5
f 3555/5884/4 3567/7146/4 3565/5885/4
f 3557/5887/4 3564/5892/4 3563/5888/4
f 3550/5889/3 3562/5616/3 3567/5890/3
f 3552/5883/5 3559/5882/5 3560/5891/5
f 3556/5886/4 3565/5885/4 3564/5892/4
f 3548/5893/5 3561/7147/5 3558/5894/5
f 3553/5895/6 3566/7148/6 3561/5896/6
