# Blender 5.1.0
# www.blender.org
mtllib TwoStoryBalcony.mtl
o 2Story_Balcony
v -1.016168 0.568107 1.009521
v -1.016168 0.708389 1.009521
v -0.875887 0.568107 1.009521
v -0.875887 0.708389 1.009521
v -1.016168 0.568107 0.764012
v -1.016168 0.708389 0.764012
v -0.875887 0.568107 0.764012
v -0.875887 0.708389 0.764012
v -0.769726 1.454505 1.006537
v -0.769726 1.594786 1.006537
v -0.769726 1.454505 0.866255
v -0.769726 1.594786 0.866255
v -1.015235 1.454505 1.006537
v -1.015235 1.594786 1.006537
v -1.015235 1.454505 0.866255
v -1.015235 1.594786 0.866255
v -1.016168 0.681610 0.529003
v -1.016168 0.821892 0.529003
v -0.875887 0.681610 0.529003
v -0.875887 0.821892 0.529003
v -1.016168 0.681610 0.283494
v -1.016168 0.821892 0.283494
v -0.875887 0.681610 0.283494
v -0.875887 0.821892 0.283494
v -1.016168 2.118588 -0.140260
v -1.016168 2.258870 -0.140260
v -0.875887 2.118588 -0.140260
v -0.875887 2.258870 -0.140260
v -1.016168 2.118588 -0.351058
v -1.016168 2.258870 -0.351058
v -0.875887 2.118588 -0.351058
v -0.875887 2.258870 -0.351058
v -1.016168 2.275663 -0.010268
v -1.016168 2.415944 -0.010268
v -0.875887 2.275663 -0.010268
v -0.875887 2.415944 -0.010268
v -1.016168 2.275663 -0.255777
v -1.016168 2.415944 -0.255777
v -0.875887 2.275663 -0.255777
v -0.875887 2.415944 -0.255777
v -1.016168 1.546321 -0.382650
v -1.016168 1.686603 -0.382650
v -0.875887 1.546321 -0.382650
v -0.875887 1.686603 -0.382650
v -1.016168 1.546321 -0.628159
v -1.016168 1.686603 -0.628159
v -0.875887 1.546321 -0.628159
v -0.875887 1.686603 -0.628159
v -1.016168 0.515269 0.117730
v -1.016168 0.655551 0.117730
v -0.875887 0.515269 0.117730
v -0.875887 0.655551 0.117730
v -1.016168 0.515269 -0.127779
v -1.016168 0.655551 -0.127779
v -0.875887 0.515269 -0.127779
v -0.875887 0.655551 -0.127779
v -1.016168 1.252479 -0.508140
v -1.016168 1.392760 -0.508140
v -0.875887 1.252479 -0.508140
v -0.875887 1.392760 -0.508140
v -1.016168 1.252479 -0.753649
v -1.016168 1.392760 -0.753649
v -0.875887 1.252479 -0.753649
v -0.875887 1.392760 -0.753649
v -1.016168 1.600737 1.009521
v -1.016168 1.741018 1.009521
v -0.875887 1.600737 1.009521
v -0.875887 1.741018 1.009521
v -1.016168 1.600737 0.764012
v -1.016168 1.741018 0.764012
v -0.875887 1.600737 0.764012
v -0.875887 1.741018 0.764012
v 0.095273 0.621906 -1.016168
v 0.095273 0.762187 -1.016168
v 0.095273 0.621906 -0.875887
v 0.095273 0.762187 -0.875887
v 0.340782 0.621906 -1.016168
v 0.340782 0.762187 -1.016168
v 0.340782 0.621906 -0.875887
v 0.340782 0.762187 -0.875887
v -1.006537 0.778116 -0.769726
v -1.006537 0.918397 -0.769726
v -0.866255 0.778116 -0.769726
v -0.866255 0.918397 -0.769726
v -1.006537 0.778116 -1.015235
v -1.006537 0.918397 -1.015235
v -0.866255 0.778116 -1.015235
v -0.866255 0.918397 -1.015235
v 0.599135 1.150001 -1.016168
v 0.599135 1.290282 -1.016168
v 0.599135 1.150001 -0.875887
v 0.599135 1.290282 -0.875887
v 0.844644 1.150001 -1.016168
v 0.844644 1.290282 -1.016168
v 0.844644 1.150001 -0.875887
v 0.844644 1.290282 -0.875887
v -0.543460 1.636387 -0.875887
v -0.543460 1.496105 -0.875887
v -0.543460 1.636387 -1.016168
v -0.543460 1.496105 -1.016168
v -0.788970 1.636387 -0.875887
v -0.788970 1.496105 -0.875887
v -0.788970 1.636387 -1.016168
v -0.788970 1.496105 -1.016168
v 0.231905 2.210804 -1.016168
v 0.231905 2.351086 -1.016168
v 0.231905 2.210804 -0.875887
v 0.231905 2.351086 -0.875887
v 0.477414 2.210804 -1.016168
v 0.477414 2.351086 -1.016168
v 0.477414 2.210804 -0.875887
v 0.477414 2.351086 -0.875887
v -1.009521 1.665598 -1.016168
v -1.009521 1.805879 -1.016168
v -1.009521 1.665598 -0.875887
v -1.009521 1.805879 -0.875887
v -0.764012 1.665598 -1.016168
v -0.764012 1.805879 -1.016168
v -0.764012 1.665598 -0.875887
v -0.764012 1.805879 -0.875887
v 1.016168 0.779815 -1.009521
v 1.016168 0.920096 -1.009521
v 0.875887 0.779815 -1.009521
v 0.875887 0.920096 -1.009521
v 1.016168 0.779815 -0.764012
v 1.016168 0.920096 -0.764012
v 0.875887 0.779815 -0.764012
v 0.875887 0.920096 -0.764012
v 1.016168 0.967347 -0.529003
v 1.016168 1.107628 -0.529003
v 0.875887 0.967347 -0.529003
v 0.875887 1.107628 -0.529003
v 1.016168 0.967347 -0.283494
v 1.016168 1.107628 -0.283494
v 0.875887 0.967347 -0.283494
v 0.875887 1.107628 -0.283494
v 1.016168 2.040573 -0.387037
v 1.016168 2.180855 -0.387037
v 0.875887 2.040573 -0.387037
v 0.875887 2.180855 -0.387037
v 1.016168 2.040573 -0.176239
v 1.016168 2.180855 -0.176239
v 0.875887 2.040573 -0.176239
v 0.875887 2.180855 -0.176239
v 1.016168 1.385004 -0.517030
v 1.016168 1.525285 -0.517030
v 0.875887 1.385004 -0.517030
v 0.875887 1.525285 -0.517030
v 1.016168 1.385004 -0.271521
v 1.016168 1.525285 -0.271521
v 0.875887 1.385004 -0.271521
v 0.875887 1.525285 -0.271521
v 1.016168 1.845729 0.468332
v 1.016168 1.986011 0.468332
v 0.875887 1.845729 0.468332
v 0.875887 1.986011 0.468332
v 1.016168 1.845729 0.713841
v 1.016168 1.986011 0.713841
v 0.875887 1.845729 0.713841
v 0.875887 1.986011 0.713841
v 1.016168 0.515269 -0.117730
v 1.016168 0.655551 -0.117730
v 0.875887 0.515269 -0.117730
v 0.875887 0.655551 -0.117730
v 1.016168 0.515269 0.127779
v 1.016168 0.655551 0.127779
v 0.875887 0.515269 0.127779
v 0.875887 0.655551 0.127779
v 1.016168 1.512009 -1.009521
v 1.016168 1.652290 -1.009521
v 0.875887 1.512009 -1.009521
v 0.875887 1.652290 -1.009521
v 1.016168 1.512009 -0.764012
v 1.016168 1.652290 -0.764012
v 0.875887 1.512009 -0.764012
v 0.875887 1.652290 -0.764012
v 1.016168 1.549661 -0.387037
v 1.016168 1.689943 -0.387037
v 0.875887 1.549661 -0.387037
v 0.875887 1.689943 -0.387037
v 1.016168 1.549661 -0.141528
v 1.016168 1.689943 -0.141528
v 0.875887 1.549661 -0.141528
v 0.875887 1.689943 -0.141528
v 1.006537 2.290627 0.769726
v 1.006537 2.430908 0.769726
v 0.866255 2.290627 0.769726
v 0.866255 2.430908 0.769726
v 1.006537 2.290627 1.015235
v 1.006537 2.430908 1.015235
v 0.866255 2.290627 1.015235
v 0.866255 2.430908 1.015235
v -0.469142 1.307076 1.016168
v -0.469142 1.447357 1.016168
v -0.469142 1.307076 0.875887
v -0.469142 1.447357 0.875887
v -0.714651 1.307076 1.016168
v -0.714651 1.447357 1.016168
v -0.714651 1.307076 0.875887
v -0.714651 1.447357 0.875887
v 1.009521 0.946639 1.016168
v 1.009521 1.086920 1.016168
v 1.009521 0.946639 0.875887
v 1.009521 1.086920 0.875887
v 0.764012 0.946639 1.016168
v 0.764012 1.086920 1.016168
v 0.764012 0.946639 0.875887
v 0.764012 1.086920 0.875887
v 1.029682 2.788554 0.985434
v 0.985434 2.788554 1.029682
v 0.985434 2.788554 -1.029682
v 1.029682 2.788554 -0.985434
v -1.029682 2.788554 -0.985434
v -0.985434 2.788554 -1.029682
v -0.985434 2.788554 1.029682
v -1.029682 2.788554 0.985434
v 0.975641 0.392432 1.019449
v 1.019449 0.392432 0.975641
v 1.019449 0.392432 -0.975641
v 0.975641 0.392432 -1.019449
v -1.019449 0.392432 0.975641
v -0.975641 0.392432 1.019449
v -0.975641 0.392432 -1.019449
v -1.019449 0.392432 -0.975641
v 0.975641 -0.003245 1.019449
v 1.019449 -0.003245 0.975641
v 1.019449 -0.003245 -0.975641
v 0.975641 -0.003245 -1.019449
v -1.019449 -0.003245 0.975641
v -0.975641 -0.003245 1.019449
v -0.975641 -0.003245 -1.019449
v -1.019449 -0.003245 -0.975641
v 0.922901 0.392432 0.964341
v 0.964341 0.392432 0.922901
v 0.964341 0.392432 -0.922901
v 0.922901 0.392432 -0.964341
v -0.964341 0.392432 0.922901
v -0.922901 0.392432 0.964341
v -0.922901 0.392432 -0.964341
v -0.964341 0.392432 -0.922901
v 0.264138 0.392432 1.019449
v 0.264138 -0.003245 1.019449
v 0.264138 0.392432 0.964341
v -0.254261 0.392432 1.019449
v -0.254261 -0.003245 1.019449
v -0.254261 0.392432 0.964341
v 0.264138 -0.003245 0.964341
v -0.254261 -0.003245 0.964341
v -1.027389 -0.003245 -1.024176
v -1.027389 0.126212 -1.024176
v -1.027389 -0.003245 -0.966601
v -1.027389 0.126212 -0.966601
v -0.788629 -0.003245 -1.024176
v -0.788629 0.126212 -1.024176
v -0.788629 -0.003245 -0.966602
v -0.788629 0.126212 -0.966602
v -0.909267 0.137814 -1.051325
v -0.909267 0.274894 -1.051325
v -0.909267 0.140461 -0.887751
v -0.909267 0.282010 -0.887751
v -0.670507 0.135392 -1.051325
v -0.670507 0.270372 -1.051325
v -0.670507 0.133946 -0.887751
v -0.670507 0.282447 -0.887751
v -1.027389 0.273858 -1.024176
v -1.027389 0.415954 -1.024176
v -1.027389 0.281671 -0.966601
v -1.027389 0.413242 -0.966601
v -0.788629 0.282827 -1.024176
v -0.788629 0.410284 -1.024176
v -0.788629 0.290556 -0.966602
v -0.788629 0.410559 -0.966602
v -0.777572 -0.003245 -1.033535
v -0.777572 0.126212 -1.033535
v -0.777571 -0.003245 -0.887751
v -0.777571 0.126728 -0.887751
v -0.538811 -0.003245 -1.033535
v -0.538811 0.126212 -1.033535
v -0.538811 -0.003245 -0.887751
v -0.538811 0.126212 -0.887751
v -0.659449 0.137271 -1.024176
v -0.659449 0.270372 -1.024176
v -0.659449 0.136085 -0.887751
v -0.659449 0.270372 -0.887751
v -0.420689 0.135935 -1.024176
v -0.420689 0.275938 -1.024176
v -0.420689 0.150421 -0.887751
v -0.420689 0.270372 -0.887751
v -0.777571 0.273858 -1.024176
v -0.777571 0.417489 -1.024176
v -0.777571 0.279869 -0.887751
v -0.777571 0.411950 -0.887751
v -0.538811 0.273858 -1.024176
v -0.538811 0.413630 -1.024176
v -0.538811 0.273858 -0.887751
v -0.538811 0.421593 -0.887751
v -0.527754 -0.003245 -1.024176
v -0.527754 0.130534 -1.024176
v -0.527754 -0.003245 -0.887751
v -0.527754 0.128924 -0.887751
v -0.288993 -0.003245 -1.024176
v -0.288993 0.126212 -1.024176
v -0.288993 -0.003245 -0.887751
v -0.288993 0.137605 -0.887751
v -0.409632 0.133946 -1.051325
v -0.409632 0.272660 -1.051325
v -0.409632 0.133946 -0.887751
v -0.409632 0.276263 -0.887751
v -0.170871 0.133946 -1.051325
v -0.170871 0.270372 -1.051325
v -0.170871 0.143941 -0.887751
v -0.170871 0.270372 -0.887751
v -0.527754 0.273858 -1.024176
v -0.527754 0.416138 -1.024176
v -0.527754 0.282320 -0.887751
v -0.527754 0.410284 -0.887751
v -0.288993 0.273858 -1.024176
v -0.288993 0.410284 -1.024176
v -0.288993 0.273858 -0.887751
v -0.288993 0.417088 -0.887751
v -0.277936 -0.003245 -1.033535
v -0.277936 0.133028 -1.033535
v -0.277936 -0.003245 -0.887751
v -0.277936 0.126212 -0.887751
v -0.039175 -0.003245 -1.033535
v -0.039175 0.132925 -1.033535
v -0.039175 -0.003245 -0.887751
v -0.039175 0.126212 -0.887751
v -0.159814 0.133946 -1.024176
v -0.159814 0.270372 -1.024176
v -0.159814 0.136132 -0.887751
v -0.159814 0.270372 -0.887751
v 0.078947 0.133946 -1.024176
v 0.078947 0.272182 -1.024176
v 0.078947 0.144411 -0.887751
v 0.078947 0.283457 -0.887751
v -0.277936 0.273858 -1.033535
v -0.277936 0.410284 -1.033535
v -0.277936 0.273858 -0.887751
v -0.277936 0.410284 -0.887751
v -0.039175 0.281415 -1.033535
v -0.039175 0.415743 -1.033535
v -0.039175 0.273858 -0.887751
v -0.039175 0.410284 -0.887751
v -0.028118 -0.003245 -1.024176
v -0.028118 0.132056 -1.024176
v -0.028118 -0.003245 -0.887751
v -0.028118 0.135746 -0.887751
v 0.210643 -0.003245 -1.024177
v 0.210643 0.126212 -1.024177
v 0.210643 -0.003245 -0.887751
v 0.210643 0.126212 -0.887751
v 0.090004 0.146542 -1.024176
v 0.090004 0.270372 -1.024176
v 0.090004 0.142764 -0.887751
v 0.090004 0.282038 -0.887751
v 0.328765 0.138234 -1.024177
v 0.328765 0.270372 -1.024177
v 0.328765 0.133946 -0.887751
v 0.328765 0.279741 -0.887751
v -0.028118 0.273858 -1.051325
v -0.028118 0.412416 -1.051325
v -0.028118 0.273858 -0.887751
v -0.028118 0.418846 -0.887751
v 0.210643 0.273858 -1.051325
v 0.210643 0.410284 -1.051325
v 0.210643 0.287172 -0.887751
v 0.210643 0.414834 -0.887751
v 0.221700 -0.003245 -1.051325
v 0.221700 0.126394 -1.051325
v 0.221700 -0.003245 -0.887751
v 0.221700 0.144377 -0.887751
v 0.460461 -0.003245 -1.051325
v 0.460461 0.126212 -1.051325
v 0.460461 -0.003245 -0.887751
v 0.460461 0.133827 -0.887751
v 0.339822 0.133946 -1.033535
v 0.339822 0.270372 -1.033535
v 0.339822 0.137288 -0.887751
v 0.339822 0.270372 -0.887751
v 0.578583 0.136690 -1.033535
v 0.578583 0.270372 -1.033535
v 0.578583 0.133946 -0.887751
v 0.578583 0.270372 -0.887751
v 0.221700 0.283679 -1.024177
v 0.221700 0.410284 -1.024177
v 0.221700 0.273858 -0.887751
v 0.221700 0.410284 -0.887751
v 0.460461 0.273858 -1.024177
v 0.460461 0.410284 -1.024177
v 0.460461 0.273858 -0.887751
v 0.460461 0.410284 -0.887751
v 0.471518 -0.003245 -1.024177
v 0.471518 0.134835 -1.024177
v 0.471518 -0.003245 -0.887751
v 0.471518 0.126212 -0.887751
v 0.710279 -0.003245 -1.024177
v 0.710279 0.129287 -1.024177
v 0.710279 -0.003245 -0.887751
v 0.710279 0.126212 -0.887751
v 0.589640 0.133946 -1.024177
v 0.589640 0.270372 -1.024177
v 0.589640 0.133946 -0.887751
v 0.589640 0.284380 -0.887751
v 0.828401 0.143358 -1.024177
v 0.828401 0.270920 -1.024177
v 0.828401 0.139835 -0.887751
v 0.828401 0.273477 -0.887751
v 0.471518 0.276366 -1.024177
v 0.471518 0.416114 -1.024177
v 0.471518 0.281991 -0.887751
v 0.471518 0.414363 -0.887751
v 0.710279 0.285746 -1.024177
v 0.710279 0.410284 -1.024177
v 0.710279 0.281773 -0.887751
v 0.710279 0.410284 -0.887751
v 0.721336 -0.003245 -1.024177
v 0.721336 0.131842 -1.024177
v 0.721336 -0.003245 -0.887751
v 0.721336 0.130355 -0.887751
v 0.960096 -0.003245 -1.024177
v 0.960096 0.130618 -1.024177
v 0.960096 -0.003245 -0.887751
v 0.960096 0.132411 -0.887751
v 0.839458 0.133946 -1.024177
v 0.839458 0.270372 -1.024177
v 0.839458 0.133946 -0.926153
v 0.839458 0.270372 -0.926153
v 1.024022 0.135332 -1.024177
v 1.024022 0.270372 -1.024177
v 1.024022 0.135063 -0.926153
v 1.024022 0.272305 -0.926153
v 0.721336 0.273858 -1.024177
v 0.721336 0.410284 -1.024177
v 0.721336 0.279508 -0.887751
v 0.721336 0.415936 -0.887751
v 0.960096 0.273858 -1.024177
v 0.960096 0.410284 -1.024177
v 0.960096 0.273858 -0.887751
v 0.960096 0.413318 -0.887751
v 1.024176 -0.003245 -1.027389
v 1.024176 0.126212 -1.027389
v 0.968304 -0.003245 -1.027389
v 0.968304 0.126212 -1.027389
v 1.024176 -0.003245 -0.788628
v 1.024176 0.126212 -0.788628
v 0.968304 -0.003245 -0.788628
v 0.968304 0.126212 -0.788628
v 1.045928 0.137814 -0.909267
v 1.045928 0.274894 -0.909267
v 0.887751 0.140461 -0.909267
v 0.887751 0.282010 -0.909267
v 1.045928 0.135392 -0.670506
v 1.045928 0.270372 -0.670506
v 0.887751 0.133946 -0.670506
v 0.887751 0.282447 -0.670506
v 1.024176 0.273858 -1.027389
v 1.024176 0.415954 -1.027389
v 0.968304 0.281671 -1.027389
v 0.968304 0.413242 -1.027389
v 1.024176 0.282827 -0.788628
v 1.024176 0.410284 -0.788628
v 0.968304 0.290556 -0.788628
v 0.968304 0.410559 -0.788628
v 1.024176 -0.003245 -0.777571
v 1.024176 0.126212 -0.777571
v 0.887751 -0.003245 -0.777571
v 0.887751 0.126728 -0.777571
v 1.024176 -0.003245 -0.538810
v 1.024176 0.126212 -0.538810
v 0.887751 -0.003245 -0.538811
v 0.887751 0.126212 -0.538811
v 1.024176 0.137271 -0.659449
v 1.024176 0.270372 -0.659449
v 0.887751 0.136085 -0.659449
v 0.887751 0.270372 -0.659449
v 1.024176 0.135935 -0.420689
v 1.024176 0.275938 -0.420689
v 0.887751 0.150421 -0.420689
v 0.887751 0.270372 -0.420689
v 1.028351 0.273858 -0.777571
v 1.028351 0.417489 -0.777571
v 0.887751 0.279869 -0.777571
v 0.887751 0.411950 -0.777571
v 1.028351 0.273858 -0.538811
v 1.028351 0.413630 -0.538811
v 0.887751 0.273858 -0.538811
v 0.887751 0.421593 -0.538811
v 1.028351 -0.003245 -0.527753
v 1.028351 0.130534 -0.527753
v 0.887751 -0.003245 -0.527753
v 0.887751 0.128924 -0.527753
v 1.028351 -0.003245 -0.288993
v 1.028351 0.126212 -0.288993
v 0.887751 -0.003245 -0.288993
v 0.887751 0.137605 -0.288993
v 1.024176 0.133946 -0.409631
v 1.024176 0.272660 -0.409631
v 0.887751 0.133946 -0.409631
v 0.887751 0.276263 -0.409631
v 1.024176 0.133946 -0.170871
v 1.024176 0.270372 -0.170871
v 0.887751 0.143941 -0.170871
v 0.887751 0.270372 -0.170871
v 1.024176 0.273858 -0.527753
v 1.024176 0.416138 -0.527753
v 0.887751 0.282320 -0.527753
v 0.887751 0.410284 -0.527753
v 1.024176 0.273858 -0.288993
v 1.024176 0.410284 -0.288993
v 0.887751 0.273858 -0.288993
v 0.887751 0.417088 -0.288993
v 1.024176 -0.003245 -0.277936
v 1.024176 0.133028 -0.277936
v 0.887751 -0.003245 -0.277935
v 0.887751 0.126212 -0.277935
v 1.024176 -0.003245 -0.039175
v 1.024176 0.132925 -0.039175
v 0.887751 -0.003245 -0.039175
v 0.887751 0.126212 -0.039175
v 1.024176 0.133946 -0.159813
v 1.024176 0.270372 -0.159813
v 0.887751 0.136132 -0.159813
v 0.887751 0.270372 -0.159813
v 1.024176 0.133946 0.078947
v 1.024176 0.272182 0.078947
v 0.887751 0.144411 0.078947
v 0.887751 0.283457 0.078947
v 1.045928 0.273858 -0.277936
v 1.045928 0.410284 -0.277936
v 0.887751 0.273858 -0.277935
v 0.887751 0.410284 -0.277935
v 1.045928 0.281415 -0.039175
v 1.045928 0.415743 -0.039175
v 0.887751 0.273858 -0.039175
v 0.887751 0.410284 -0.039175
v 1.024176 -0.003245 -0.028118
v 1.024176 0.132056 -0.028118
v 0.887751 -0.003245 -0.028118
v 0.887751 0.135746 -0.028118
v 1.024176 -0.003245 0.210643
v 1.024176 0.126212 0.210643
v 0.887751 -0.003245 0.210643
v 0.887751 0.126212 0.210643
v 1.024176 0.146542 0.090004
v 1.024176 0.270372 0.090004
v 0.887751 0.142764 0.090004
v 0.887751 0.282038 0.090004
v 1.024176 0.138234 0.328765
v 1.024176 0.270372 0.328765
v 0.887751 0.133946 0.328765
v 0.887751 0.279741 0.328765
v 1.024176 0.273858 -0.028118
v 1.024176 0.412416 -0.028118
v 0.887751 0.273858 -0.028118
v 0.887751 0.418846 -0.028118
v 1.024176 0.273858 0.210643
v 1.024176 0.410284 0.210643
v 0.887751 0.287172 0.210643
v 0.887751 0.414834 0.210643
v 1.045928 -0.003245 0.221700
v 1.045928 0.126394 0.221700
v 0.887751 -0.003245 0.221700
v 0.887751 0.144377 0.221700
v 1.045928 -0.003245 0.460461
v 1.045928 0.126212 0.460461
v 0.887751 -0.003245 0.460461
v 0.887751 0.133827 0.460461
v 1.028351 0.133946 0.339822
v 1.028351 0.270372 0.339822
v 0.887751 0.137288 0.339822
v 0.887751 0.270372 0.339822
v 1.028351 0.136690 0.578583
v 1.028351 0.270372 0.578583
v 0.887751 0.133946 0.578583
v 0.887751 0.270372 0.578583
v 1.024176 0.283679 0.221700
v 1.024176 0.410284 0.221700
v 0.887751 0.273858 0.221700
v 0.887751 0.410284 0.221700
v 1.024176 0.273858 0.460461
v 1.024176 0.410284 0.460461
v 0.887751 0.273858 0.460461
v 0.887751 0.410284 0.460461
v 1.024176 -0.003245 0.471518
v 1.024176 0.134835 0.471518
v 0.887751 -0.003245 0.471518
v 0.887751 0.126212 0.471518
v 1.024176 -0.003245 0.710279
v 1.024176 0.129287 0.710279
v 0.887751 -0.003245 0.710279
v 0.887751 0.126212 0.710279
v 1.024177 0.133946 0.589640
v 1.024177 0.270372 0.589640
v 0.887751 0.133946 0.589640
v 0.887751 0.284380 0.589640
v 1.024176 0.143358 0.828401
v 1.024176 0.270920 0.828401
v 0.887751 0.139835 0.828401
v 0.887751 0.273477 0.828401
v 1.024176 0.276366 0.471518
v 1.024176 0.416114 0.471518
v 0.887751 0.281991 0.471518
v 0.887751 0.414363 0.471518
v 1.024176 0.285746 0.710279
v 1.024176 0.410284 0.710279
v 0.887751 0.281773 0.710279
v 0.887751 0.410284 0.710279
v 1.024176 -0.003245 0.721336
v 1.024176 0.131842 0.721336
v 0.887751 -0.003245 0.721336
v 0.887751 0.130355 0.721336
v 1.024177 -0.003245 0.960097
v 1.024177 0.130618 0.960097
v 0.887751 -0.003245 0.960097
v 0.887751 0.132411 0.960097
v 1.024176 0.133946 0.839458
v 1.024176 0.270372 0.839458
v 0.916432 0.133946 0.839458
v 0.916432 0.270372 0.839458
v 1.024176 0.135332 1.034633
v 1.024176 0.270372 1.034633
v 0.916432 0.135063 1.034633
v 0.916432 0.272305 1.034633
v 1.024176 0.273858 0.721336
v 1.024176 0.410284 0.721336
v 0.887751 0.279508 0.721336
v 0.887751 0.415936 0.721336
v 1.024177 0.273858 0.960097
v 1.024177 0.410284 0.960097
v 0.887751 0.273858 0.960097
v 0.887751 0.413318 0.960097
v -1.024176 -0.003245 1.027389
v -1.024176 0.126212 1.027389
v -0.963433 -0.003245 1.027389
v -0.963433 0.126212 1.027389
v -1.024177 -0.003245 0.788628
v -1.024177 0.126212 0.788628
v -0.963433 -0.003245 0.788628
v -0.963433 0.126809 0.788628
v -1.024177 0.137814 0.909267
v -1.024177 0.274894 0.909267
v -0.887751 0.140461 0.909267
v -0.887751 0.282010 0.909267
v -1.024176 0.135392 0.670506
v -1.024176 0.270372 0.670506
v -0.887751 0.133946 0.670506
v -0.887751 0.282447 0.670506
v -1.024176 0.273858 1.027389
v -1.024176 0.415954 1.027389
v -0.963433 0.273858 1.027389
v -0.963433 0.413125 1.027389
v -1.024177 0.282827 0.788628
v -1.024177 0.410284 0.788628
v -0.963433 0.290632 0.788628
v -0.963433 0.417499 0.788628
v -1.024176 -0.003245 0.777571
v -1.024176 0.126212 0.777571
v -0.963433 -0.003245 0.777571
v -0.963433 0.126212 0.777571
v -1.024177 -0.003245 0.538810
v -1.024177 0.126212 0.538810
v -0.963433 -0.003245 0.538810
v -0.963433 0.129996 0.538810
v -1.048177 0.137271 0.659449
v -1.048177 0.270372 0.659449
v -0.887751 0.136085 0.659449
v -0.887751 0.270372 0.659449
v -1.048177 0.135935 0.420688
v -1.048177 0.275938 0.420688
v -0.887751 0.150421 0.420688
v -0.887751 0.270372 0.420688
v -1.024176 0.273858 0.777571
v -1.024176 0.417489 0.777571
v -0.963433 0.273858 0.777571
v -0.963433 0.410284 0.777571
v -1.024177 0.273858 0.538810
v -1.024177 0.413630 0.538810
v -0.963433 0.279466 0.538810
v -0.963433 0.410284 0.538810
v -1.024177 -0.003245 0.527753
v -1.024177 0.130534 0.527753
v -0.963433 -0.003245 0.527753
v -0.963433 0.126212 0.527753
v -1.024176 -0.003245 0.288993
v -1.024176 0.126212 0.288993
v -0.963433 -0.003245 0.288993
v -0.963433 0.129294 0.288993
v -1.020056 0.133946 0.409631
v -1.020056 0.272660 0.409631
v -0.887751 0.133946 0.409631
v -0.887751 0.276263 0.409631
v -1.020057 0.133946 0.170871
v -1.020057 0.270372 0.170871
v -0.887751 0.143941 0.170871
v -0.887751 0.270372 0.170871
v -1.024177 0.273858 0.527753
v -1.024177 0.416138 0.527753
v -0.963433 0.273858 0.527753
v -0.963433 0.421326 0.527753
v -1.024176 0.273858 0.288993
v -1.024176 0.410284 0.288993
v -0.963433 0.283571 0.288993
v -0.963433 0.410728 0.288993
v -1.024176 -0.003245 0.277935
v -1.024176 0.133028 0.277935
v -0.963433 -0.003245 0.277935
v -0.963433 0.126212 0.277935
v -1.024176 -0.003245 0.039175
v -1.024176 0.132925 0.039175
v -0.963433 -0.003245 0.039175
v -0.963433 0.133386 0.039175
v -1.024177 0.133946 0.159813
v -1.024177 0.270372 0.159813
v -0.887751 0.136132 0.159813
v -0.887751 0.270372 0.159813
v -1.024176 0.133946 -0.078947
v -1.024176 0.272182 -0.078947
v -0.887751 0.144411 -0.078947
v -0.887751 0.283457 -0.078947
v -1.024176 0.273858 0.277935
v -1.024176 0.410284 0.277935
v -0.963433 0.273858 0.277935
v -0.963433 0.410284 0.277935
v -1.024176 0.281415 0.039175
v -1.024176 0.415743 0.039175
v -0.963433 0.273858 0.039175
v -0.963433 0.413267 0.039175
v -1.048177 -0.003245 0.028118
v -1.048177 0.132056 0.028118
v -0.963433 -0.003245 0.028118
v -0.963433 0.131654 0.028118
v -1.048177 -0.003245 -0.210643
v -1.048177 0.126212 -0.210643
v -0.963433 -0.003245 -0.210643
v -0.963433 0.126212 -0.210643
v -1.024176 0.146542 -0.090004
v -1.024176 0.270372 -0.090004
v -0.887751 0.142764 -0.090004
v -0.887751 0.282038 -0.090004
v -1.024176 0.138234 -0.328765
v -1.024176 0.270372 -0.328765
v -0.887751 0.133946 -0.328765
v -0.887751 0.279741 -0.328765
v -1.024176 0.273858 0.028118
v -1.024176 0.412416 0.028118
v -0.963433 0.279495 0.028118
v -0.963433 0.410284 0.028118
v -1.024176 0.273858 -0.210643
v -1.024176 0.410284 -0.210643
v -0.963433 0.273858 -0.210643
v -0.963433 0.410284 -0.210643
v -1.024176 -0.003245 -0.221700
v -1.024176 0.126394 -0.221700
v -0.963433 -0.003245 -0.221700
v -0.963433 0.144896 -0.221700
v -1.024176 -0.003245 -0.460461
v -1.024176 0.126212 -0.460461
v -0.963433 -0.003245 -0.460461
v -0.963433 0.128666 -0.460461
v -1.024176 0.133946 -0.339822
v -1.024176 0.270372 -0.339822
v -0.887751 0.137288 -0.339822
v -0.887751 0.270372 -0.339822
v -1.024176 0.136690 -0.578583
v -1.024176 0.270372 -0.578583
v -0.887751 0.133946 -0.578583
v -0.887751 0.270372 -0.578583
v -1.024176 0.283679 -0.221700
v -1.024176 0.410284 -0.221700
v -0.963433 0.273858 -0.221700
v -0.963433 0.421682 -0.221700
v -1.024176 0.273858 -0.460461
v -1.024176 0.410284 -0.460461
v -0.963433 0.283900 -0.460461
v -0.963433 0.410284 -0.460461
v -1.024176 -0.003245 -0.471518
v -1.024176 0.134835 -0.471518
v -0.963433 -0.003245 -0.471518
v -0.963433 0.131227 -0.471518
v -1.024176 -0.003245 -0.710279
v -1.024176 0.129287 -0.710279
v -0.963433 -0.003245 -0.710279
v -0.963433 0.126212 -0.710279
v -1.024176 0.133946 -0.589640
v -1.024176 0.270372 -0.589640
v -0.887751 0.133946 -0.589640
v -0.887751 0.284380 -0.589640
v -1.024176 0.143358 -0.828401
v -1.024176 0.270920 -0.828401
v -0.887751 0.139835 -0.828401
v -0.887751 0.273477 -0.828401
v -1.025963 0.276366 -0.471518
v -1.025963 0.416114 -0.471518
v -0.963433 0.273858 -0.471518
v -0.963433 0.410284 -0.471518
v -1.025963 0.285746 -0.710279
v -1.025963 0.410284 -0.710279
v -0.963433 0.273858 -0.710279
v -0.963433 0.410284 -0.710279
v -1.024176 -0.003245 -0.721336
v -1.024176 0.131842 -0.721336
v -0.963433 -0.003245 -0.721336
v -0.963433 0.126212 -0.721336
v -1.024176 -0.003245 -0.960097
v -1.024176 0.130618 -0.960097
v -0.963433 -0.003245 -0.960097
v -0.963433 0.126526 -0.960097
v -1.024176 0.133946 -0.839458
v -1.024176 0.270372 -0.839458
v -0.916927 0.133946 -0.839458
v -0.916927 0.270372 -0.839458
v -1.024176 0.135332 -1.032251
v -1.024176 0.270372 -1.032251
v -0.916927 0.135063 -1.032251
v -0.916927 0.272305 -1.032251
v -1.024176 0.273858 -0.721336
v -1.024176 0.410284 -0.721336
v -0.963433 0.273858 -0.721336
v -0.963433 0.413718 -0.721336
v -1.024176 0.273858 -0.960097
v -1.024176 0.410284 -0.960097
v -0.963433 0.283638 -0.960097
v -0.963433 0.410284 -0.960097
v 1.027389 -0.003245 1.024176
v 1.027389 0.126212 1.024176
v 1.027389 -0.003245 0.963222
v 1.027389 0.126212 0.963222
v 0.788628 -0.003245 1.024176
v 0.788628 0.126212 1.024176
v 0.788628 -0.003245 0.963222
v 0.788628 0.126212 0.963222
v 0.909267 0.137814 1.043556
v 0.909267 0.274894 1.043556
v 0.909267 0.140461 0.887751
v 0.909267 0.282010 0.887751
v 0.670506 0.135392 1.043556
v 0.670506 0.270372 1.043556
v 0.670506 0.133946 0.887751
v 0.670506 0.282447 0.887751
v 1.027389 0.273858 1.024176
v 1.027389 0.415954 1.024176
v 1.027389 0.281671 0.963222
v 1.027389 0.413242 0.963222
v 0.788628 0.282827 1.024176
v 0.788628 0.410284 1.024176
v 0.788628 0.290556 0.963222
v 0.788628 0.410559 0.963222
v 0.777571 -0.003245 1.026717
v 0.777571 0.126212 1.026717
v 0.777571 -0.003245 0.887751
v 0.777571 0.126728 0.887751
v 0.538810 -0.003245 1.026717
v 0.538810 0.126212 1.026717
v 0.538810 -0.003245 0.887751
v 0.538810 0.126212 0.887751
v 0.659449 0.137271 1.024176
v 0.659449 0.270372 1.024176
v 0.659449 0.136085 0.887751
v 0.659449 0.270372 0.887751
v 0.420688 0.135935 1.024176
v 0.420688 0.275938 1.024176
v 0.420688 0.150421 0.887751
v 0.420688 0.270372 0.887751
v 0.777571 0.273858 1.024176
v 0.777571 0.417489 1.024176
v 0.777571 0.279869 0.887751
v 0.777571 0.411950 0.887751
v 0.538810 0.273858 1.024177
v 0.538810 0.413630 1.024177
v 0.538810 0.273858 0.887751
v 0.538810 0.421593 0.887751
v 0.527753 -0.003245 1.024176
v 0.527753 0.130534 1.024176
v 0.527753 -0.003245 0.887751
v 0.527753 0.128924 0.887751
v 0.240228 -0.003245 1.024176
v 0.240228 0.126212 1.024176
v 0.240228 -0.003245 0.887751
v 0.240228 0.137605 0.887751
v 0.409631 0.133946 1.024176
v 0.409631 0.272660 1.024176
v 0.409631 0.133946 0.887751
v 0.409631 0.276263 0.887751
v 0.235866 0.133946 1.024176
v 0.235866 0.270372 1.024176
v 0.235866 0.143941 0.887751
v 0.235866 0.270372 0.887751
v 0.527753 0.273858 1.024176
v 0.527753 0.416138 1.024176
v 0.527753 0.282320 0.887751
v 0.527753 0.410284 0.887751
v 0.240228 0.273858 1.024176
v 0.240228 0.410284 1.024176
v 0.240228 0.273858 0.887751
v 0.240228 0.417088 0.887751
v -0.221067 0.146542 1.024176
v -0.221067 0.270372 1.024176
v -0.221067 0.142764 0.887751
v -0.221067 0.282038 0.887751
v -0.328765 0.138234 1.024176
v -0.328765 0.270372 1.024176
v -0.328765 0.133946 0.887751
v -0.328765 0.279741 0.887751
v -0.239003 -0.003245 1.024176
v -0.239003 0.126394 1.024176
v -0.239003 -0.003245 0.887751
v -0.239003 0.144377 0.887751
v -0.460461 -0.003245 1.024176
v -0.460461 0.126212 1.024176
v -0.460461 -0.003245 0.887751
v -0.460461 0.133827 0.887751
v -0.339822 0.133946 1.024176
v -0.339822 0.270372 1.024176
v -0.339822 0.137288 0.887751
v -0.339822 0.270372 0.887751
v -0.578583 0.136690 1.024176
v -0.578583 0.270372 1.024176
v -0.578583 0.133946 0.887751
v -0.578583 0.270372 0.887751
v -0.239003 0.283679 1.024176
v -0.239003 0.410284 1.024176
v -0.239003 0.273858 0.887751
v -0.239003 0.410284 0.887751
v -0.460461 0.273858 1.024176
v -0.460461 0.410284 1.024176
v -0.460461 0.273858 0.887751
v -0.460461 0.410284 0.887751
v -0.471518 -0.003245 1.038589
v -0.471518 0.134835 1.038589
v -0.471518 -0.003245 0.887751
v -0.471518 0.126212 0.887751
v -0.710279 -0.003245 1.038589
v -0.710279 0.129287 1.038589
v -0.710279 -0.003245 0.887751
v -0.710279 0.126212 0.887751
v -0.589640 0.133946 1.024176
v -0.589640 0.270372 1.024176
v -0.589640 0.133946 0.887751
v -0.589640 0.284380 0.887751
v -0.828401 0.143358 1.024176
v -0.828401 0.270920 1.024176
v -0.828401 0.139835 0.887751
v -0.828401 0.273477 0.887751
v -0.471518 0.276366 1.026937
v -0.471518 0.416114 1.026937
v -0.471518 0.281991 0.887751
v -0.471518 0.414363 0.887751
v -0.710279 0.285746 1.026937
v -0.710279 0.410284 1.026937
v -0.710279 0.281773 0.887751
v -0.710279 0.410284 0.887751
v -0.721336 -0.003245 1.034086
v -0.721336 0.131842 1.034086
v -0.721336 -0.003245 0.887751
v -0.721336 0.130355 0.887751
v -0.960097 -0.003245 1.034086
v -0.960097 0.130618 1.034086
v -0.960097 -0.003245 0.887751
v -0.960097 0.132411 0.887751
v -0.839458 0.133946 1.024176
v -0.839458 0.270372 1.024176
v -0.839458 0.133946 0.927237
v -0.839458 0.270372 0.927237
v -1.033548 0.135332 1.024176
v -1.033548 0.270372 1.024176
v -1.033548 0.135063 0.927237
v -1.033548 0.272305 0.927237
v -0.721336 0.273858 1.024176
v -0.721336 0.410284 1.024176
v -0.721336 0.279508 0.887751
v -0.721336 0.415936 0.887751
v -0.960097 0.273858 1.024176
v -0.960097 0.410284 1.024176
v -0.960097 0.273858 0.887751
v -0.960097 0.413318 0.887751
v 0.957028 -0.003245 1.000000
v 1.000000 -0.003245 0.957028
v 1.000000 -0.003245 -0.957028
v 0.957028 -0.003245 -1.000000
v 1.000000 2.707601 0.957028
v 0.957028 2.707601 1.000000
v 0.957028 2.707601 -1.000000
v 1.000000 2.707601 -0.957028
v 0.248509 -0.003245 1.000000
v 0.248509 2.707601 1.000000
v 1.000000 1.109901 -0.957028
v 1.000000 1.109901 0.957028
v 0.957028 1.109901 1.000000
v 0.957028 1.109901 -1.000000
v 0.248509 1.109901 1.000000
v 0.248509 -0.003245 0.957895
v 0.248509 1.109901 0.957895
v 0.484682 -0.003245 1.000000
v 0.720855 -0.003245 1.000000
v 0.484682 2.707601 1.000000
v 0.720855 2.707601 1.000000
v 0.484682 1.109901 1.000000
v 0.720855 1.109901 1.000000
v -0.957028 -0.003245 1.000000
v -1.000000 -0.003245 0.957028
v -1.000000 -0.003245 -0.957028
v -0.957028 -0.003245 -1.000000
v -1.000000 2.707601 0.957028
v -0.957028 2.707601 1.000000
v -0.957028 2.707601 -1.000000
v -1.000000 2.707601 -0.957028
v 0.000000 2.707601 1.000000
v -0.248509 -0.003245 1.000000
v -0.248509 2.707601 1.000000
v 0.000000 -0.003245 -1.000000
v 0.000000 2.707601 -1.000000
v -1.000000 1.109901 -0.957028
v -1.000000 1.109901 0.957028
v -0.957028 1.109901 1.000000
v -0.957028 1.109901 -1.000000
v 0.000000 1.109901 1.000000
v -0.248509 1.109901 1.000000
v 0.000000 1.109901 -1.000000
v 0.000000 1.109901 0.957895
v -0.000000 -0.003245 0.957895
v -0.248509 -0.003245 0.957895
v -0.248509 1.109901 0.957895
v -0.484682 -0.003245 1.000000
v -0.720855 -0.003245 1.000000
v -0.484682 2.707601 1.000000
v -0.720855 2.707601 1.000000
v -0.484682 1.109901 1.000000
v -0.720855 1.109901 1.000000
v 0.599160 0.846842 1.018398
v 0.599160 0.538790 1.018398
v 0.599160 0.726372 1.018398
v 0.599160 0.726372 1.003754
v 0.714908 0.726372 1.018398
v 0.599160 0.741853 1.018398
v 0.599160 0.741853 1.003754
v 0.714908 0.741853 1.003754
v 0.714908 0.741853 1.018398
v 0.714908 0.726372 1.003754
v 0.599160 0.538790 1.003754
v 0.714908 0.550899 1.003754
v 0.714908 0.834733 1.003754
v 0.599160 0.846842 1.003754
v 0.586340 0.537449 1.018398
v 0.586340 0.848183 1.018398
v 0.573521 0.846842 1.018398
v 0.573520 0.538790 1.018398
v 0.573520 0.726372 1.018398
v 0.586340 0.726372 1.018398
v 0.573520 0.726372 1.003754
v 0.457773 0.726372 1.018398
v 0.573520 0.741853 1.018398
v 0.573520 0.741853 1.003754
v 0.586340 0.741853 1.018398
v 0.457773 0.741853 1.003754
v 0.457773 0.741853 1.018398
v 0.457773 0.726372 1.003754
v 0.573520 0.538790 1.003754
v 0.457773 0.550899 1.003754
v 0.457773 0.834733 1.003754
v 0.573521 0.846842 1.003754
v 0.710128 0.556039 1.023237
v 0.710128 0.834092 1.023237
v 0.598684 0.846029 1.023237
v 0.598684 0.544103 1.023237
v 0.710128 0.727272 1.023237
v 0.710128 0.742533 1.023237
v 0.737707 0.536089 1.023237
v 0.737707 0.854043 1.023237
v 0.615172 0.867167 1.023237
v 0.615172 0.522965 1.023237
v 0.737707 0.736591 1.023237
v 0.737707 0.753371 1.023237
v 0.737707 0.536089 0.966803
v 0.737707 0.854043 0.966803
v 0.615172 0.867167 0.966803
v 0.615172 0.522965 0.966803
v 0.737707 0.736591 0.966803
v 0.737707 0.753371 0.966803
v 0.710128 0.556039 1.004074
v 0.710128 0.834092 1.004074
v 0.598684 0.846029 1.004074
v 0.598684 0.544103 1.004074
v 0.710128 0.727272 1.004074
v 0.710128 0.742533 1.004074
v 0.462553 0.556039 1.023237
v 0.462553 0.834092 1.023237
v 0.586341 0.542781 1.023237
v 0.586341 0.847351 1.023237
v 0.573997 0.846029 1.023237
v 0.573997 0.544103 1.023237
v 0.462553 0.727272 1.023237
v 0.462553 0.742533 1.023237
v 0.434974 0.536089 1.023237
v 0.434974 0.854043 1.023237
v 0.586341 0.521511 1.023237
v 0.586341 0.868621 1.023237
v 0.557509 0.867167 1.023237
v 0.557509 0.522965 1.023237
v 0.434974 0.736591 1.023237
v 0.434974 0.753371 1.023237
v 0.434974 0.536089 0.966803
v 0.434974 0.854043 0.966803
v 0.586341 0.521511 0.966803
v 0.586341 0.868621 0.966803
v 0.557509 0.867167 0.966803
v 0.557509 0.522965 0.966803
v 0.434974 0.736591 0.966803
v 0.434974 0.753371 0.966803
v 0.462553 0.556039 1.004074
v 0.462553 0.834092 1.004074
v 0.586341 0.542781 1.004074
v 0.586341 0.847351 1.004074
v 0.573997 0.846029 1.004074
v 0.573997 0.544103 1.004074
v 0.462553 0.727272 1.004074
v 0.462553 0.742533 1.004074
v 0.710128 1.813247 1.023237
v 0.710128 2.214168 1.023237
v 0.598684 2.226104 1.023237
v 0.598684 1.801311 1.023237
v 0.710128 2.107347 1.023237
v 0.710128 2.122608 1.023237
v 0.710128 1.939082 1.023237
v 0.710128 1.923395 1.023237
v 0.737707 1.793297 1.023237
v 0.737707 2.234118 1.023237
v 0.615172 2.247242 1.023237
v 0.615172 1.780173 1.023237
v 0.737707 2.116666 1.023237
v 0.737707 2.133446 1.023237
v 0.737707 1.931655 1.023237
v 0.737707 1.914407 1.023237
v 0.737707 1.793297 0.966803
v 0.737707 2.234118 0.966803
v 0.615172 2.247242 0.966803
v 0.615172 1.780173 0.966803
v 0.737707 2.116666 0.966803
v 0.737707 2.133446 0.966803
v 0.737707 1.931655 0.966803
v 0.737707 1.914407 0.966803
v 0.710128 1.813247 1.004074
v 0.710128 2.214168 1.004074
v 0.598684 2.226104 1.004074
v 0.598684 1.801311 1.004074
v 0.710128 2.107347 1.004074
v 0.710128 2.122608 1.004074
v 0.710128 1.939082 1.004074
v 0.710128 1.923395 1.004074
v 0.462553 1.813247 1.023237
v 0.462553 2.214168 1.023237
v 0.586341 1.799989 1.023237
v 0.586341 2.227426 1.023237
v 0.573997 2.226104 1.023237
v 0.573997 1.801311 1.023237
v 0.462553 2.107347 1.023237
v 0.462553 2.122608 1.023237
v 0.462553 1.939082 1.023237
v 0.462553 1.923395 1.023237
v 0.434974 1.793297 1.023237
v 0.434974 2.234118 1.023237
v 0.586341 1.778719 1.023237
v 0.586341 2.248696 1.023237
v 0.557509 2.247242 1.023237
v 0.557509 1.780173 1.023237
v 0.434974 2.116666 1.023237
v 0.434974 2.133446 1.023237
v 0.434974 1.931655 1.023237
v 0.434974 1.914407 1.023237
v 0.434974 1.793297 0.966803
v 0.434974 2.234118 0.966803
v 0.586341 1.778719 0.966803
v 0.586341 2.248696 0.966803
v 0.557509 2.247242 0.966803
v 0.557509 1.780173 0.966803
v 0.434974 2.116666 0.966803
v 0.434974 2.133446 0.966803
v 0.434974 1.931655 0.966803
v 0.434974 1.914407 0.966803
v 0.462553 1.813247 1.004074
v 0.462553 2.214168 1.004074
v 0.586341 1.799989 1.004074
v 0.586341 2.227426 1.004074
v 0.573997 2.226104 1.004074
v 0.573997 1.801311 1.004074
v 0.462553 2.107347 1.004074
v 0.462553 2.122608 1.004074
v 0.462553 1.939082 1.004074
v 0.462553 1.923395 1.004074
v 0.599160 2.228657 1.018343
v 0.599160 1.797739 1.018343
v 0.599160 2.108188 1.018343
v 0.714908 1.921584 1.003699
v 0.599160 1.937496 1.003699
v 0.599160 2.108188 1.003699
v 0.714908 2.108188 1.018343
v 0.599160 2.123669 1.018343
v 0.599160 1.921584 1.003699
v 0.599160 2.123669 1.003699
v 0.714908 2.123669 1.003699
v 0.714908 2.123669 1.018343
v 0.714908 1.937496 1.018343
v 0.714908 2.108188 1.003699
v 0.714908 1.937496 1.003699
v 0.599160 1.797739 1.003699
v 0.599160 1.937496 1.018343
v 0.714908 1.809847 1.003699
v 0.714908 2.216548 1.003699
v 0.599160 2.228657 1.003699
v 0.599160 1.921584 1.018343
v 0.714908 1.921584 1.018343
v 0.586340 1.796397 1.018343
v 0.586340 2.229998 1.018343
v 0.573520 2.228657 1.018343
v 0.573520 1.797739 1.018343
v 0.573520 2.108188 1.018343
v 0.457773 1.921584 1.003699
v 0.573520 1.937496 1.003699
v 0.586340 2.108188 1.018343
v 0.573520 2.108188 1.003699
v 0.457773 2.108188 1.018343
v 0.573520 2.123669 1.018343
v 0.573520 1.921584 1.003699
v 0.573520 2.123669 1.003699
v 0.586340 2.123669 1.018343
v 0.457773 2.123669 1.003699
v 0.457773 2.123669 1.018343
v 0.457773 1.937496 1.018343
v 0.457773 2.108188 1.003699
v 0.586340 1.937496 1.018343
v 0.457773 1.937496 1.003699
v 0.573520 1.797739 1.003699
v 0.573520 1.937496 1.018343
v 0.457773 1.809847 1.003699
v 0.586340 1.921584 1.018343
v 0.457773 2.216548 1.003699
v 0.573520 2.228657 1.003699
v 0.573520 1.921584 1.018343
v 0.457773 1.921584 1.018343
v -0.599160 0.846842 1.018398
v -0.599160 0.538790 1.018398
v -0.599160 0.726372 1.018398
v -0.599160 0.726372 1.003754
v -0.714908 0.726372 1.018398
v -0.599160 0.741853 1.018398
v -0.599160 0.741853 1.003754
v -0.714908 0.741853 1.003754
v -0.714908 0.741853 1.018398
v -0.714908 0.726372 1.003754
v -0.599160 0.538790 1.003754
v -0.714908 0.550899 1.003754
v -0.714908 0.834733 1.003754
v -0.599160 0.846842 1.003754
v -0.586340 0.537449 1.018398
v -0.586340 0.848183 1.018398
v -0.573520 0.846842 1.018398
v -0.573520 0.538790 1.018398
v -0.573520 0.726372 1.018398
v -0.586340 0.726372 1.018398
v -0.573520 0.726372 1.003754
v -0.457773 0.726372 1.018398
v -0.573520 0.741853 1.018398
v -0.573520 0.741853 1.003754
v -0.586340 0.741853 1.018398
v -0.457773 0.741853 1.003754
v -0.457773 0.741853 1.018398
v -0.457773 0.726372 1.003754
v -0.573520 0.538790 1.003754
v -0.457773 0.550899 1.003754
v -0.457773 0.834733 1.003754
v -0.573520 0.846842 1.003754
v -0.710128 0.556039 1.023237
v -0.710128 0.834092 1.023237
v -0.598684 0.846029 1.023237
v -0.598684 0.544103 1.023237
v -0.710128 0.727272 1.023237
v -0.710128 0.742533 1.023237
v -0.737707 0.536089 1.023237
v -0.737707 0.854043 1.023237
v -0.615172 0.867167 1.023237
v -0.615172 0.522965 1.023237
v -0.737707 0.736591 1.023237
v -0.737707 0.753371 1.023237
v -0.737707 0.536089 0.966803
v -0.737707 0.854043 0.966803
v -0.615172 0.867167 0.966803
v -0.615172 0.522965 0.966803
v -0.737707 0.736591 0.966803
v -0.737707 0.753371 0.966803
v -0.710128 0.556039 1.004074
v -0.710128 0.834092 1.004074
v -0.598684 0.846029 1.004074
v -0.598684 0.544103 1.004074
v -0.710128 0.727272 1.004074
v -0.710128 0.742533 1.004074
v -0.462553 0.556039 1.023237
v -0.462553 0.834092 1.023237
v -0.586341 0.542781 1.023237
v -0.586340 0.847351 1.023237
v -0.573997 0.846029 1.023237
v -0.573997 0.544103 1.023237
v -0.462553 0.727272 1.023237
v -0.462553 0.742533 1.023237
v -0.434974 0.536089 1.023237
v -0.434974 0.854043 1.023237
v -0.586341 0.521511 1.023237
v -0.586340 0.868621 1.023237
v -0.557509 0.867167 1.023237
v -0.557509 0.522965 1.023237
v -0.434974 0.736591 1.023237
v -0.434974 0.753371 1.023237
v -0.434974 0.536089 0.966803
v -0.434974 0.854043 0.966803
v -0.586341 0.521511 0.966803
v -0.586340 0.868621 0.966803
v -0.557509 0.867167 0.966803
v -0.557509 0.522965 0.966803
v -0.434974 0.736591 0.966803
v -0.434974 0.753371 0.966803
v -0.462553 0.556039 1.004074
v -0.462553 0.834092 1.004074
v -0.586341 0.542781 1.004074
v -0.586340 0.847351 1.004074
v -0.573997 0.846029 1.004074
v -0.573997 0.544103 1.004074
v -0.462553 0.727272 1.004074
v -0.462553 0.742533 1.004074
v -0.710128 1.813247 1.023237
v -0.710128 2.214168 1.023237
v -0.598684 2.226104 1.023237
v -0.598684 1.801311 1.023237
v -0.710128 2.107347 1.023237
v -0.710128 2.122608 1.023237
v -0.710128 1.939082 1.023237
v -0.710128 1.923395 1.023237
v -0.737707 1.793297 1.023237
v -0.737707 2.234118 1.023237
v -0.615172 2.247242 1.023237
v -0.615172 1.780173 1.023237
v -0.737707 2.116666 1.023237
v -0.737707 2.133446 1.023237
v -0.737707 1.931655 1.023237
v -0.737707 1.914407 1.023237
v -0.737707 1.793297 0.966803
v -0.737707 2.234118 0.966803
v -0.615172 2.247242 0.966803
v -0.615172 1.780173 0.966803
v -0.737707 2.116666 0.966803
v -0.737707 2.133446 0.966803
v -0.737707 1.931655 0.966803
v -0.737707 1.914407 0.966803
v -0.710128 1.813247 1.004074
v -0.710128 2.214168 1.004074
v -0.598684 2.226104 1.004074
v -0.598684 1.801311 1.004074
v -0.710128 2.107347 1.004074
v -0.710128 2.122608 1.004074
v -0.710128 1.939082 1.004074
v -0.710128 1.923395 1.004074
v -0.462553 1.813247 1.023237
v -0.462553 2.214168 1.023237
v -0.586341 1.799989 1.023237
v -0.586341 2.227426 1.023237
v -0.573997 2.226104 1.023237
v -0.573997 1.801311 1.023237
v -0.462553 2.107347 1.023237
v -0.462553 2.122608 1.023237
v -0.462553 1.939082 1.023237
v -0.462553 1.923395 1.023237
v -0.434974 1.793297 1.023237
v -0.434974 2.234118 1.023237
v -0.586341 1.778719 1.023237
v -0.586341 2.248696 1.023237
v -0.557509 2.247242 1.023237
v -0.557509 1.780173 1.023237
v -0.434974 2.116666 1.023237
v -0.434974 2.133446 1.023237
v -0.434974 1.931655 1.023237
v -0.434974 1.914407 1.023237
v -0.434974 1.793297 0.966803
v -0.434974 2.234118 0.966803
v -0.586341 1.778719 0.966803
v -0.586341 2.248696 0.966803
v -0.557509 2.247242 0.966803
v -0.557509 1.780173 0.966803
v -0.434974 2.116666 0.966803
v -0.434974 2.133446 0.966803
v -0.434974 1.931655 0.966803
v -0.434974 1.914407 0.966803
v -0.462553 1.813247 1.004074
v -0.462553 2.214168 1.004074
v -0.586341 1.799989 1.004074
v -0.586341 2.227426 1.004074
v -0.573997 2.226104 1.004074
v -0.573997 1.801311 1.004074
v -0.462553 2.107347 1.004074
v -0.462553 2.122608 1.004074
v -0.462553 1.939082 1.004074
v -0.462553 1.923395 1.004074
v -0.599160 2.228657 1.018343
v -0.599160 1.797739 1.018343
v -0.599160 2.108188 1.018343
v -0.714908 1.921584 1.003699
v -0.599160 1.937496 1.003699
v -0.599160 2.108188 1.003699
v -0.714908 2.108188 1.018343
v -0.599160 2.123669 1.018343
v -0.599160 1.921584 1.003699
v -0.599160 2.123669 1.003699
v -0.714908 2.123669 1.003699
v -0.714908 2.123669 1.018343
v -0.714908 1.937496 1.018343
v -0.714908 2.108188 1.003699
v -0.714908 1.937496 1.003699
v -0.599160 1.797739 1.003699
v -0.599160 1.937496 1.018343
v -0.714908 1.809847 1.003699
v -0.714908 2.216548 1.003699
v -0.599160 2.228657 1.003699
v -0.599160 1.921584 1.018343
v -0.714908 1.921584 1.018343
v -0.586340 1.796397 1.018343
v -0.586340 2.229998 1.018343
v -0.573520 2.228657 1.018343
v -0.573520 1.797739 1.018343
v -0.573520 2.108188 1.018343
v -0.457773 1.921584 1.003699
v -0.573520 1.937496 1.003699
v -0.586340 2.108188 1.018343
v -0.573520 2.108188 1.003699
v -0.457773 2.108188 1.018343
v -0.573520 2.123669 1.018343
v -0.573520 1.921584 1.003699
v -0.573520 2.123669 1.003699
v -0.586340 2.123669 1.018343
v -0.457773 2.123669 1.003699
v -0.457773 2.123669 1.018343
v -0.457773 1.937496 1.018343
v -0.457773 2.108188 1.003699
v -0.586340 1.937496 1.018343
v -0.457773 1.937496 1.003699
v -0.573520 1.797739 1.003699
v -0.573520 1.937496 1.018343
v -0.457773 1.809847 1.003699
v -0.586340 1.921584 1.018343
v -0.457773 2.216548 1.003699
v -0.573520 2.228657 1.003699
v -0.573520 1.921584 1.018343
v -0.457773 1.921584 1.018343
v -0.288829 -0.003245 1.101482
v -0.279426 0.327422 1.101482
v -0.288829 -0.003245 1.000194
v -0.279426 0.327422 1.000194
v -0.356845 -0.003245 1.101482
v -0.366248 0.327422 1.101482
v -0.356845 -0.003245 1.000194
v -0.366248 0.327422 1.000194
v -0.288829 -0.003245 1.349045
v -0.279426 0.186632 1.349045
v -0.366248 0.186632 1.349045
v -0.356845 -0.003245 1.349045
v -0.288829 -0.003245 1.442366
v -0.279426 0.186632 1.454873
v -0.366248 0.186632 1.454873
v -0.356845 -0.003245 1.442366
v -0.288402 0.177151 0.959575
v -0.288402 -0.003245 0.959575
v -0.288402 0.177151 1.115057
v -0.288402 -0.003245 1.115057
v -0.288402 0.128017 1.112648
v -0.288402 -0.003245 1.112648
v -0.288402 0.128017 1.268130
v -0.288402 -0.003245 1.268130
v -0.288402 0.079827 1.265722
v -0.288402 -0.003245 1.265722
v -0.288402 0.079827 1.421203
v -0.288402 -0.003245 1.421203
v -0.279426 0.261589 1.101482
v -0.279426 0.261589 1.000194
v -0.366248 0.261589 1.000194
v -0.366248 0.261589 1.101482
v -0.279426 0.120799 1.349045
v -0.366248 0.120799 1.349045
v -0.279426 0.120799 1.454873
v -0.366248 0.120799 1.454873
v -0.288829 0.261589 1.000194
v -0.356845 0.261589 1.000194
v -0.356845 0.261589 1.101482
v -0.356845 0.120799 1.349045
v -0.356845 0.120799 1.442366
v -0.288829 0.261589 1.101482
v -0.288829 0.120799 1.349045
v -0.288829 0.120799 1.442366
v 0.288829 -0.003245 1.101482
v 0.279426 0.327422 1.101482
v 0.288829 -0.003245 1.000194
v 0.279426 0.327422 1.000194
v 0.356845 -0.003245 1.101482
v 0.366248 0.327422 1.101482
v 0.356845 -0.003245 1.000194
v 0.366248 0.327422 1.000194
v 0.288829 -0.003245 1.349045
v 0.279426 0.186632 1.349045
v 0.366248 0.186632 1.349045
v 0.356845 -0.003245 1.349045
v 0.288829 -0.003245 1.442366
v 0.279426 0.186632 1.454873
v 0.366248 0.186632 1.454873
v 0.356845 -0.003245 1.442366
v 0.288402 0.177151 0.959575
v 0.288402 -0.003245 0.959575
v 0.288402 0.177151 1.115057
v 0.288402 -0.003245 1.115057
v 0.288402 0.128017 1.112648
v 0.288402 -0.003245 1.112648
v 0.288402 0.128017 1.268130
v 0.288402 -0.003245 1.268130
v 0.288402 0.079827 1.265722
v 0.288402 -0.003245 1.265722
v 0.288402 0.079827 1.421203
v 0.288402 -0.003245 1.421203
v 0.279426 0.261589 1.101482
v 0.279426 0.261589 1.000194
v 0.366248 0.261589 1.000194
v 0.366248 0.261589 1.101482
v 0.279426 0.120799 1.349045
v 0.366248 0.120799 1.349045
v 0.279426 0.120799 1.454873
v 0.366248 0.120799 1.454873
v 0.288829 0.261589 1.000194
v 0.356845 0.261589 1.000194
v 0.356845 0.261589 1.101482
v 0.356845 0.120799 1.349045
v 0.356845 0.120799 1.442366
v 0.288829 0.261589 1.101482
v 0.288829 0.120799 1.349045
v 0.288829 0.120799 1.442366
v 0.327206 1.083631 1.097556
v 0.340341 1.145462 1.094240
v 0.327206 1.083631 0.958843
v 0.327206 1.140967 0.958843
v 0.203976 0.179066 1.026923
v 0.277960 0.179066 1.024055
v 0.203976 0.179066 0.906934
v 0.274072 0.179066 0.906934
v 0.213737 1.118937 1.026923
v 0.274072 1.118937 1.026923
v 0.203976 1.118937 0.906934
v 0.267868 1.118937 0.906934
v -0.327206 1.083631 1.097556
v -0.340341 1.145462 1.094240
v -0.327206 1.083631 0.958843
v -0.327206 1.140967 0.958843
v -0.000000 1.094915 1.097556
v -0.000000 1.140967 1.097556
v -0.000000 1.083631 0.958843
v -0.000000 1.133796 0.958843
v -0.203976 0.179066 1.026923
v -0.277960 0.179066 1.024055
v -0.203976 0.179066 0.906934
v -0.274072 0.179066 0.906934
v -0.213737 1.118937 1.026923
v -0.274072 1.118937 1.026923
v -0.203976 1.118937 0.906934
v -0.267868 1.118937 0.906934
v 0.219323 0.163660 0.978978
v 0.219323 1.080585 0.978978
v -0.000000 0.622123 0.978978
v 0.219323 0.163660 0.936041
v 0.219323 1.080585 0.936041
v -0.219323 0.622123 0.978978
v 0.000000 1.080585 0.978978
v 0.000000 0.163660 0.978978
v -0.219323 0.163660 0.978978
v -0.219323 1.080585 0.978978
v 0.219323 0.622123 0.936041
v 0.000000 1.080585 0.936041
v 0.000000 0.163660 0.936041
v -0.219323 0.163660 0.936041
v -0.219323 1.080585 0.936041
v 0.219323 0.622123 0.978978
v 1.079323 1.304356 1.031008
v 1.032942 1.304356 1.077302
v 1.032942 1.304356 -1.077302
v 1.079323 1.304356 -1.031008
v -1.079323 1.304356 -1.031008
v -1.032942 1.304356 -1.077302
v -1.032942 1.304356 1.077302
v -1.079323 1.304356 1.031008
v 1.079323 1.392152 1.031008
v 1.032942 1.392152 1.077302
v 1.032942 1.392152 -1.077302
v 1.079323 1.392152 -1.031008
v -1.079323 1.392152 -1.031008
v -1.032942 1.392152 -1.077302
v -1.032942 1.392152 1.077302
v -1.079323 1.392152 1.031008
v 0.981126 1.390403 0.937207
v 0.938965 1.390403 0.979289
v 0.938965 1.390403 -0.979289
v 0.981126 1.390403 -0.937207
v -0.981126 1.390403 -0.937207
v -0.938965 1.390403 -0.979289
v -0.938965 1.390403 0.979289
v -0.981126 1.390403 0.937207
v 1.077080 2.692016 1.030796
v 1.030796 2.692016 1.077080
v 1.030796 2.692016 -1.077080
v 1.077080 2.692016 -1.030796
v -1.077080 2.692016 -1.030796
v -1.030796 2.692016 -1.077080
v -1.030796 2.692016 1.077080
v -1.077080 2.692016 1.030796
v 1.077080 2.821410 1.030796
v 1.030796 2.821410 1.077080
v 1.030796 2.821410 -1.077080
v 1.077080 2.821410 -1.030796
v -1.077080 2.821410 -1.030796
v -1.030796 2.821410 -1.077080
v -1.030796 2.821410 1.077080
v -1.077080 2.821410 1.030796
v 1.029682 2.821410 0.985434
v 0.985434 2.821410 1.029682
v 0.985434 2.821410 -1.029682
v 1.029682 2.821410 -0.985434
v -1.029682 2.821410 -0.985434
v -0.985434 2.821410 -1.029682
v -0.985434 2.821410 1.029682
v -1.029682 2.821410 0.985434
v 1.029682 2.788554 0.985434
v 0.985434 2.788554 1.029682
v 0.985434 2.788554 -1.029682
v 1.029682 2.788554 -0.985434
v -1.029682 2.788554 -0.985434
v -0.985434 2.788554 -1.029682
v -0.985434 2.788554 1.029682
v -1.029682 2.788554 0.985434
v -1.077017 1.312004 0.935583
v -0.987570 1.312004 0.935583
v -1.077017 1.312004 0.833102
v -0.987570 1.312004 0.833102
v -1.018786 1.150690 0.935583
v -0.987570 1.150690 0.935583
v -0.987570 1.150690 0.833102
v -1.018786 1.150690 0.833102
v -1.077017 1.256277 0.833102
v -1.077017 1.256277 0.935583
v -0.987570 1.256277 0.935583
v -0.987570 1.256277 0.833102
v -1.030573 1.213804 0.833102
v -0.987570 1.213804 0.935583
v -1.030573 1.213804 0.935583
v -0.987570 1.213804 0.833102
v -1.077017 1.312004 0.648638
v -0.987570 1.312004 0.648638
v -1.077017 1.312004 0.546158
v -0.987570 1.312004 0.546158
v -1.018786 1.150690 0.648638
v -0.987570 1.150690 0.648638
v -0.987570 1.150690 0.546158
v -1.018786 1.150690 0.546158
v -1.077017 1.256277 0.546158
v -1.077017 1.256277 0.648638
v -0.987570 1.256277 0.648638
v -0.987570 1.256277 0.546158
v -1.030573 1.213804 0.546158
v -0.987570 1.213804 0.648638
v -1.030573 1.213804 0.648638
v -0.987570 1.213804 0.546158
v -1.077017 1.312004 0.361694
v -0.987570 1.312004 0.361694
v -1.077017 1.312004 0.259214
v -0.987570 1.312004 0.259214
v -1.018786 1.150690 0.361694
v -0.987570 1.150690 0.361694
v -0.987570 1.150690 0.259214
v -1.018786 1.150690 0.259214
v -1.077017 1.256277 0.259214
v -1.077017 1.256277 0.361694
v -0.987570 1.256277 0.361694
v -0.987570 1.256277 0.259214
v -1.030573 1.213804 0.259214
v -0.987570 1.213804 0.361694
v -1.030573 1.213804 0.361694
v -0.987570 1.213804 0.259214
v -1.077017 1.312004 0.074750
v -0.987570 1.312004 0.074750
v -1.077017 1.312004 -0.027730
v -0.987570 1.312004 -0.027730
v -1.018786 1.150690 0.074750
v -0.987570 1.150690 0.074750
v -0.987570 1.150690 -0.027730
v -1.018786 1.150690 -0.027730
v -1.077017 1.256277 -0.027730
v -1.077017 1.256277 0.074750
v -0.987570 1.256277 0.074750
v -0.987570 1.256277 -0.027730
v -1.030573 1.213804 -0.027730
v -0.987570 1.213804 0.074750
v -1.030573 1.213804 0.074750
v -0.987570 1.213804 -0.027730
v -1.077017 1.312004 -0.212194
v -0.987570 1.312004 -0.212194
v -1.077017 1.312004 -0.314674
v -0.987570 1.312004 -0.314674
v -1.018786 1.150690 -0.212194
v -0.987570 1.150690 -0.212194
v -0.987570 1.150690 -0.314674
v -1.018786 1.150690 -0.314674
v -1.077017 1.256277 -0.314674
v -1.077017 1.256277 -0.212194
v -0.987570 1.256277 -0.212194
v -0.987570 1.256277 -0.314674
v -1.030573 1.213804 -0.314674
v -0.987570 1.213804 -0.212194
v -1.030573 1.213804 -0.212194
v -0.987570 1.213804 -0.314674
v -1.077017 1.312004 -0.499138
v -0.987570 1.312004 -0.499138
v -1.077017 1.312004 -0.601618
v -0.987570 1.312004 -0.601618
v -1.018786 1.150690 -0.499138
v -0.987570 1.150690 -0.499138
v -0.987570 1.150690 -0.601618
v -1.018786 1.150690 -0.601618
v -1.077017 1.256277 -0.601618
v -1.077017 1.256277 -0.499138
v -0.987570 1.256277 -0.499138
v -0.987570 1.256277 -0.601618
v -1.030573 1.213804 -0.601618
v -0.987570 1.213804 -0.499138
v -1.030573 1.213804 -0.499138
v -0.987570 1.213804 -0.601618
v -1.077017 1.312004 -0.786082
v -0.987570 1.312004 -0.786082
v -1.077017 1.312004 -0.888562
v -0.987570 1.312004 -0.888562
v -1.018786 1.150690 -0.786082
v -0.987570 1.150690 -0.786082
v -0.987570 1.150690 -0.888562
v -1.018786 1.150690 -0.888562
v -1.077017 1.256277 -0.888562
v -1.077017 1.256277 -0.786082
v -0.987570 1.256277 -0.786082
v -0.987570 1.256277 -0.888562
v -1.030573 1.213804 -0.888562
v -0.987570 1.213804 -0.786082
v -1.030573 1.213804 -0.786082
v -0.987570 1.213804 -0.888562
v -0.913562 1.312004 -1.070461
v -0.913562 1.312004 -0.981014
v -0.811082 1.312004 -1.070461
v -0.811082 1.312004 -0.981014
v -0.913562 1.150690 -1.012229
v -0.913562 1.150690 -0.981014
v -0.811082 1.150690 -0.981014
v -0.811082 1.150690 -1.012229
v -0.811082 1.256277 -1.070461
v -0.913562 1.256277 -1.070461
v -0.913562 1.256277 -0.981014
v -0.811082 1.256277 -0.981014
v -0.811082 1.213804 -1.024016
v -0.913562 1.213804 -0.981014
v -0.913562 1.213804 -1.024016
v -0.811082 1.213804 -0.981014
v -0.626617 1.312004 -1.070461
v -0.626617 1.312004 -0.981014
v -0.524137 1.312004 -1.070461
v -0.524137 1.312004 -0.981014
v -0.626617 1.150690 -1.012229
v -0.626617 1.150690 -0.981014
v -0.524137 1.150690 -0.981014
v -0.524137 1.150690 -1.012229
v -0.524137 1.256277 -1.070461
v -0.626617 1.256277 -1.070461
v -0.626617 1.256277 -0.981014
v -0.524137 1.256277 -0.981014
v -0.524137 1.213804 -1.024016
v -0.626617 1.213804 -0.981014
v -0.626617 1.213804 -1.024016
v -0.524137 1.213804 -0.981014
v -0.339673 1.312004 -1.070461
v -0.339673 1.312004 -0.981014
v -0.237193 1.312004 -1.070461
v -0.237193 1.312004 -0.981014
v -0.339673 1.150690 -1.012229
v -0.339673 1.150690 -0.981014
v -0.237193 1.150690 -0.981014
v -0.237193 1.150690 -1.012229
v -0.237193 1.256277 -1.070461
v -0.339673 1.256277 -1.070461
v -0.339673 1.256277 -0.981014
v -0.237193 1.256277 -0.981014
v -0.237193 1.213804 -1.024016
v -0.339673 1.213804 -0.981014
v -0.339673 1.213804 -1.024016
v -0.237193 1.213804 -0.981014
v -0.052729 1.312004 -1.070461
v -0.052729 1.312004 -0.981014
v 0.049751 1.312004 -1.070461
v 0.049751 1.312004 -0.981014
v -0.052729 1.150690 -1.012229
v -0.052729 1.150690 -0.981014
v 0.049751 1.150690 -0.981014
v 0.049751 1.150690 -1.012229
v 0.049751 1.256277 -1.070461
v -0.052729 1.256277 -1.070461
v -0.052729 1.256277 -0.981014
v 0.049751 1.256277 -0.981014
v 0.049751 1.213804 -1.024016
v -0.052729 1.213804 -0.981014
v -0.052729 1.213804 -1.024016
v 0.049751 1.213804 -0.981014
v 0.234215 1.312004 -1.070461
v 0.234215 1.312004 -0.981014
v 0.336695 1.312004 -1.070461
v 0.336695 1.312004 -0.981014
v 0.234215 1.150690 -1.012229
v 0.234215 1.150690 -0.981014
v 0.336695 1.150690 -0.981014
v 0.336695 1.150690 -1.012229
v 0.336695 1.256277 -1.070461
v 0.234215 1.256277 -1.070461
v 0.234215 1.256277 -0.981014
v 0.336695 1.256277 -0.981014
v 0.336695 1.213804 -1.024016
v 0.234215 1.213804 -0.981014
v 0.234215 1.213804 -1.024016
v 0.336695 1.213804 -0.981014
v 0.521159 1.312004 -1.070461
v 0.521159 1.312004 -0.981014
v 0.623639 1.312004 -1.070461
v 0.623639 1.312004 -0.981014
v 0.521159 1.150690 -1.012229
v 0.521159 1.150690 -0.981014
v 0.623639 1.150690 -0.981014
v 0.623639 1.150690 -1.012229
v 0.623639 1.256277 -1.070461
v 0.521159 1.256277 -1.070461
v 0.521159 1.256277 -0.981014
v 0.623639 1.256277 -0.981014
v 0.623639 1.213804 -1.024016
v 0.521159 1.213804 -0.981014
v 0.521159 1.213804 -1.024016
v 0.623639 1.213804 -0.981014
v 0.808103 1.312004 -1.070461
v 0.808103 1.312004 -0.981014
v 0.910583 1.312004 -1.070461
v 0.910583 1.312004 -0.981014
v 0.808103 1.150690 -1.012229
v 0.808103 1.150690 -0.981014
v 0.910583 1.150690 -0.981014
v 0.910583 1.150690 -1.012229
v 0.910583 1.256277 -1.070461
v 0.808103 1.256277 -1.070461
v 0.808103 1.256277 -0.981014
v 0.910583 1.256277 -0.981014
v 0.910583 1.213804 -1.024016
v 0.808103 1.213804 -0.981014
v 0.808103 1.213804 -1.024016
v 0.910583 1.213804 -0.981014
v -0.913562 2.701019 -1.070461
v -0.913562 2.701019 -0.981014
v -0.811082 2.701019 -1.070461
v -0.811082 2.701019 -0.981014
v -0.913562 2.539706 -1.012229
v -0.913562 2.539706 -0.981014
v -0.811082 2.539706 -0.981014
v -0.811082 2.539706 -1.012229
v -0.811082 2.645293 -1.070461
v -0.913562 2.645293 -1.070461
v -0.913562 2.645293 -0.981014
v -0.811082 2.645293 -0.981014
v -0.811082 2.602820 -1.024016
v -0.913562 2.602820 -0.981014
v -0.913562 2.602820 -1.024016
v -0.811082 2.602820 -0.981014
v -0.626617 2.701019 -1.070461
v -0.626617 2.701019 -0.981014
v -0.524137 2.701019 -1.070461
v -0.524137 2.701019 -0.981014
v -0.626617 2.539706 -1.012229
v -0.626617 2.539706 -0.981014
v -0.524137 2.539706 -0.981014
v -0.524137 2.539706 -1.012229
v -0.524137 2.645293 -1.070461
v -0.626617 2.645293 -1.070461
v -0.626617 2.645293 -0.981014
v -0.524137 2.645293 -0.981014
v -0.524137 2.602820 -1.024016
v -0.626617 2.602820 -0.981014
v -0.626617 2.602820 -1.024016
v -0.524137 2.602820 -0.981014
v -0.339673 2.701019 -1.070461
v -0.339673 2.701019 -0.981014
v -0.237193 2.701019 -1.070461
v -0.237193 2.701019 -0.981014
v -0.339673 2.539706 -1.012229
v -0.339673 2.539706 -0.981014
v -0.237193 2.539706 -0.981014
v -0.237193 2.539706 -1.012229
v -0.237193 2.645293 -1.070461
v -0.339673 2.645293 -1.070461
v -0.339673 2.645293 -0.981014
v -0.237193 2.645293 -0.981014
v -0.237193 2.602820 -1.024016
v -0.339673 2.602820 -0.981014
v -0.339673 2.602820 -1.024016
v -0.237193 2.602820 -0.981014
v -0.052729 2.701019 -1.070461
v -0.052729 2.701019 -0.981014
v 0.049751 2.701019 -1.070461
v 0.049751 2.701019 -0.981014
v -0.052729 2.539706 -1.012229
v -0.052729 2.539706 -0.981014
v 0.049751 2.539706 -0.981014
v 0.049751 2.539706 -1.012229
v 0.049751 2.645293 -1.070461
v -0.052729 2.645293 -1.070461
v -0.052729 2.645293 -0.981014
v 0.049751 2.645293 -0.981014
v 0.049751 2.602820 -1.024016
v -0.052729 2.602820 -0.981014
v -0.052729 2.602820 -1.024016
v 0.049751 2.602820 -0.981014
v 0.234215 2.701019 -1.070461
v 0.234215 2.701019 -0.981014
v 0.336695 2.701019 -1.070461
v 0.336695 2.701019 -0.981014
v 0.234215 2.539706 -1.012229
v 0.234215 2.539706 -0.981014
v 0.336695 2.539706 -0.981014
v 0.336695 2.539706 -1.012229
v 0.336695 2.645293 -1.070461
v 0.234215 2.645293 -1.070461
v 0.234215 2.645293 -0.981014
v 0.336695 2.645293 -0.981014
v 0.336695 2.602820 -1.024016
v 0.234215 2.602820 -0.981014
v 0.234215 2.602820 -1.024016
v 0.336695 2.602820 -0.981014
v 0.521159 2.701019 -1.070461
v 0.521159 2.701019 -0.981014
v 0.623639 2.701019 -1.070461
v 0.623639 2.701019 -0.981014
v 0.521159 2.539706 -1.012229
v 0.521159 2.539706 -0.981014
v 0.623639 2.539706 -0.981014
v 0.623639 2.539706 -1.012229
v 0.623639 2.645293 -1.070461
v 0.521159 2.645293 -1.070461
v 0.521159 2.645293 -0.981014
v 0.623639 2.645293 -0.981014
v 0.623639 2.602820 -1.024016
v 0.521159 2.602820 -0.981014
v 0.521159 2.602820 -1.024016
v 0.623639 2.602820 -0.981014
v 0.808103 2.701019 -1.070461
v 0.808103 2.701019 -0.981014
v 0.910583 2.701019 -1.070461
v 0.910583 2.701019 -0.981014
v 0.808103 2.539706 -1.012229
v 0.808103 2.539706 -0.981014
v 0.910583 2.539706 -0.981014
v 0.910583 2.539706 -1.012229
v 0.910583 2.645293 -1.070461
v 0.808103 2.645293 -1.070461
v 0.808103 2.645293 -0.981014
v 0.910583 2.645293 -0.981014
v 0.910583 2.602820 -1.024016
v 0.808103 2.602820 -0.981014
v 0.808103 2.602820 -1.024016
v 0.910583 2.602820 -0.981014
v -1.077017 2.701019 0.935583
v -0.987570 2.701019 0.935583
v -1.077017 2.701019 0.833102
v -0.987570 2.701019 0.833102
v -1.018786 2.539706 0.935583
v -0.987570 2.539706 0.935583
v -0.987570 2.539706 0.833102
v -1.018786 2.539706 0.833102
v -1.077017 2.645293 0.833102
v -1.077017 2.645293 0.935583
v -0.987570 2.645293 0.935583
v -0.987570 2.645293 0.833102
v -1.030573 2.602820 0.833102
v -0.987570 2.602820 0.935583
v -1.030573 2.602820 0.935583
v -0.987570 2.602820 0.833102
v -1.077017 2.701019 0.648638
v -0.987570 2.701019 0.648638
v -1.077017 2.701019 0.546158
v -0.987570 2.701019 0.546158
v -1.018786 2.539706 0.648638
v -0.987570 2.539706 0.648638
v -0.987570 2.539706 0.546158
v -1.018786 2.539706 0.546158
v -1.077017 2.645293 0.546158
v -1.077017 2.645293 0.648638
v -0.987570 2.645293 0.648638
v -0.987570 2.645293 0.546158
v -1.030573 2.602820 0.546158
v -0.987570 2.602820 0.648638
v -1.030573 2.602820 0.648638
v -0.987570 2.602820 0.546158
v -1.077017 2.701019 0.361694
v -0.987570 2.701019 0.361694
v -1.077017 2.701019 0.259214
v -0.987570 2.701019 0.259214
v -1.018786 2.539706 0.361694
v -0.987570 2.539706 0.361694
v -0.987570 2.539706 0.259214
v -1.018786 2.539706 0.259214
v -1.077017 2.645293 0.259214
v -1.077017 2.645293 0.361694
v -0.987570 2.645293 0.361694
v -0.987570 2.645293 0.259214
v -1.030573 2.602820 0.259214
v -0.987570 2.602820 0.361694
v -1.030573 2.602820 0.361694
v -0.987570 2.602820 0.259214
v -1.077017 2.701019 0.074750
v -0.987570 2.701019 0.074750
v -1.077017 2.701019 -0.027730
v -0.987570 2.701019 -0.027730
v -1.018786 2.539706 0.074750
v -0.987570 2.539706 0.074750
v -0.987570 2.539706 -0.027730
v -1.018786 2.539706 -0.027730
v -1.077017 2.645293 -0.027730
v -1.077017 2.645293 0.074750
v -0.987570 2.645293 0.074750
v -0.987570 2.645293 -0.027730
v -1.030573 2.602820 -0.027730
v -0.987570 2.602820 0.074750
v -1.030573 2.602820 0.074750
v -0.987570 2.602820 -0.027730
v -1.077017 2.701019 -0.212194
v -0.987570 2.701019 -0.212194
v -1.077017 2.701019 -0.314674
v -0.987570 2.701019 -0.314674
v -1.018786 2.539706 -0.212194
v -0.987570 2.539706 -0.212194
v -0.987570 2.539706 -0.314674
v -1.018786 2.539706 -0.314674
v -1.077017 2.645293 -0.314674
v -1.077017 2.645293 -0.212194
v -0.987570 2.645293 -0.212194
v -0.987570 2.645293 -0.314674
v -1.030573 2.602820 -0.314674
v -0.987570 2.602820 -0.212194
v -1.030573 2.602820 -0.212194
v -0.987570 2.602820 -0.314674
v -1.077017 2.701019 -0.499138
v -0.987570 2.701019 -0.499138
v -1.077017 2.701019 -0.601618
v -0.987570 2.701019 -0.601618
v -1.018786 2.539706 -0.499138
v -0.987570 2.539706 -0.499138
v -0.987570 2.539706 -0.601618
v -1.018786 2.539706 -0.601618
v -1.077017 2.645293 -0.601618
v -1.077017 2.645293 -0.499138
v -0.987570 2.645293 -0.499138
v -0.987570 2.645293 -0.601618
v -1.030573 2.602820 -0.601618
v -0.987570 2.602820 -0.499138
v -1.030573 2.602820 -0.499138
v -0.987570 2.602820 -0.601618
v -1.077017 2.701019 -0.786082
v -0.987570 2.701019 -0.786082
v -1.077017 2.701019 -0.888562
v -0.987570 2.701019 -0.888562
v -1.018786 2.539706 -0.786082
v -0.987570 2.539706 -0.786082
v -0.987570 2.539706 -0.888562
v -1.018786 2.539706 -0.888562
v -1.077017 2.645293 -0.888562
v -1.077017 2.645293 -0.786082
v -0.987570 2.645293 -0.786082
v -0.987570 2.645293 -0.888562
v -1.030573 2.602820 -0.888562
v -0.987570 2.602820 -0.786082
v -1.030573 2.602820 -0.786082
v -0.987570 2.602820 -0.888562
v 1.077017 2.701019 -0.935583
v 0.987570 2.701019 -0.935583
v 1.077017 2.701019 -0.833102
v 0.987570 2.701019 -0.833102
v 1.018786 2.539705 -0.935583
v 0.987570 2.539705 -0.935583
v 0.987570 2.539705 -0.833102
v 1.018786 2.539705 -0.833102
v 1.077017 2.645292 -0.833102
v 1.077017 2.645292 -0.935583
v 0.987570 2.645292 -0.935583
v 0.987570 2.645292 -0.833102
v 1.030573 2.602819 -0.833102
v 0.987570 2.602819 -0.935583
v 1.030573 2.602819 -0.935583
v 0.987570 2.602819 -0.833102
v 1.077017 2.701019 -0.648638
v 0.987570 2.701019 -0.648638
v 1.077017 2.701019 -0.546158
v 0.987570 2.701019 -0.546158
v 1.018786 2.539705 -0.648638
v 0.987570 2.539705 -0.648638
v 0.987570 2.539705 -0.546158
v 1.018786 2.539705 -0.546158
v 1.077017 2.645292 -0.546158
v 1.077017 2.645292 -0.648638
v 0.987570 2.645292 -0.648638
v 0.987570 2.645292 -0.546158
v 1.030573 2.602819 -0.546158
v 0.987570 2.602819 -0.648638
v 1.030573 2.602819 -0.648638
v 0.987570 2.602819 -0.546158
v 1.077017 2.701019 -0.361694
v 0.987570 2.701019 -0.361694
v 1.077017 2.701019 -0.259214
v 0.987570 2.701019 -0.259214
v 1.018786 2.539705 -0.361694
v 0.987570 2.539705 -0.361694
v 0.987570 2.539705 -0.259214
v 1.018786 2.539705 -0.259214
v 1.077017 2.645292 -0.259214
v 1.077017 2.645292 -0.361694
v 0.987570 2.645292 -0.361694
v 0.987570 2.645292 -0.259214
v 1.030573 2.602819 -0.259214
v 0.987570 2.602819 -0.361694
v 1.030573 2.602819 -0.361694
v 0.987570 2.602819 -0.259214
v 1.077017 2.701019 -0.074750
v 0.987570 2.701019 -0.074750
v 1.077017 2.701019 0.027730
v 0.987570 2.701019 0.027730
v 1.018786 2.539705 -0.074750
v 0.987570 2.539705 -0.074750
v 0.987570 2.539705 0.027730
v 1.018786 2.539705 0.027730
v 1.077017 2.645292 0.027730
v 1.077017 2.645292 -0.074750
v 0.987570 2.645292 -0.074750
v 0.987570 2.645292 0.027730
v 1.030573 2.602819 0.027730
v 0.987570 2.602819 -0.074750
v 1.030573 2.602819 -0.074750
v 0.987570 2.602819 0.027730
v 1.077017 2.701019 0.212194
v 0.987570 2.701019 0.212194
v 1.077017 2.701019 0.314674
v 0.987570 2.701019 0.314674
v 1.018786 2.539705 0.212194
v 0.987570 2.539705 0.212194
v 0.987570 2.539705 0.314674
v 1.018786 2.539705 0.314674
v 1.077017 2.645292 0.314674
v 1.077017 2.645292 0.212194
v 0.987570 2.645292 0.212194
v 0.987570 2.645292 0.314674
v 1.030573 2.602819 0.314674
v 0.987570 2.602819 0.212194
v 1.030573 2.602819 0.212194
v 0.987570 2.602819 0.314674
v 1.077017 2.701019 0.499138
v 0.987570 2.701019 0.499138
v 1.077017 2.701019 0.601618
v 0.987570 2.701019 0.601618
v 1.018786 2.539705 0.499138
v 0.987570 2.539705 0.499138
v 0.987570 2.539705 0.601618
v 1.018786 2.539705 0.601618
v 1.077017 2.645292 0.601618
v 1.077017 2.645292 0.499138
v 0.987570 2.645292 0.499138
v 0.987570 2.645292 0.601618
v 1.030573 2.602819 0.601618
v 0.987570 2.602819 0.499138
v 1.030573 2.602819 0.499138
v 0.987570 2.602819 0.601618
v 1.077017 2.701019 0.786082
v 0.987570 2.701019 0.786082
v 1.077017 2.701019 0.888562
v 0.987570 2.701019 0.888562
v 1.018786 2.539705 0.786082
v 0.987570 2.539705 0.786082
v 0.987570 2.539705 0.888562
v 1.018786 2.539705 0.888562
v 1.077017 2.645292 0.888562
v 1.077017 2.645292 0.786082
v 0.987570 2.645292 0.786082
v 0.987570 2.645292 0.888562
v 1.030573 2.602819 0.888562
v 0.987570 2.602819 0.786082
v 1.030573 2.602819 0.786082
v 0.987570 2.602819 0.888562
v 0.913562 2.701019 1.070461
v 0.913562 2.701019 0.981014
v 0.811082 2.701019 1.070461
v 0.811082 2.701019 0.981014
v 0.913562 2.539705 1.012229
v 0.913562 2.539705 0.981014
v 0.811082 2.539705 0.981014
v 0.811082 2.539705 1.012229
v 0.811082 2.645292 1.070461
v 0.913562 2.645292 1.070461
v 0.913562 2.645292 0.981014
v 0.811082 2.645292 0.981014
v 0.811082 2.602819 1.024016
v 0.913562 2.602819 0.981014
v 0.913562 2.602819 1.024016
v 0.811082 2.602819 0.981014
v 0.626618 2.701019 1.070461
v 0.626618 2.701019 0.981014
v 0.524137 2.701019 1.070461
v 0.524137 2.701019 0.981014
v 0.626618 2.539705 1.012229
v 0.626618 2.539705 0.981014
v 0.524137 2.539705 0.981014
v 0.524137 2.539705 1.012229
v 0.524137 2.645292 1.070461
v 0.626618 2.645292 1.070461
v 0.626618 2.645292 0.981014
v 0.524137 2.645292 0.981014
v 0.524137 2.602819 1.024016
v 0.626618 2.602819 0.981014
v 0.626618 2.602819 1.024016
v 0.524137 2.602819 0.981014
v 0.339673 2.701019 1.070461
v 0.339673 2.701019 0.981014
v 0.237193 2.701019 1.070461
v 0.237193 2.701019 0.981014
v 0.339673 2.539705 1.012229
v 0.339673 2.539705 0.981014
v 0.237193 2.539705 0.981014
v 0.237193 2.539705 1.012229
v 0.237193 2.645292 1.070461
v 0.339673 2.645292 1.070461
v 0.339673 2.645292 0.981014
v 0.237193 2.645292 0.981014
v 0.237193 2.602819 1.024016
v 0.339673 2.602819 0.981014
v 0.339673 2.602819 1.024016
v 0.237193 2.602819 0.981014
v 0.052729 2.701019 1.070461
v 0.052729 2.701019 0.981014
v -0.049751 2.701019 1.070461
v -0.049751 2.701019 0.981014
v 0.052729 2.539705 1.012229
v 0.052729 2.539705 0.981014
v -0.049751 2.539705 0.981014
v -0.049751 2.539705 1.012229
v -0.049751 2.645292 1.070461
v 0.052729 2.645292 1.070461
v 0.052729 2.645292 0.981014
v -0.049751 2.645292 0.981014
v -0.049751 2.602819 1.024016
v 0.052729 2.602819 0.981014
v 0.052729 2.602819 1.024016
v -0.049751 2.602819 0.981014
v -0.234215 2.701019 1.070461
v -0.234215 2.701019 0.981014
v -0.336695 2.701019 1.070461
v -0.336695 2.701019 0.981014
v -0.234215 2.539705 1.012229
v -0.234215 2.539705 0.981014
v -0.336695 2.539705 0.981014
v -0.336695 2.539705 1.012229
v -0.336695 2.645292 1.070461
v -0.234215 2.645292 1.070461
v -0.234215 2.645292 0.981014
v -0.336695 2.645292 0.981014
v -0.336695 2.602819 1.024016
v -0.234215 2.602819 0.981014
v -0.234215 2.602819 1.024016
v -0.336695 2.602819 0.981014
v -0.521159 2.701019 1.070461
v -0.521159 2.701019 0.981014
v -0.623639 2.701019 1.070461
v -0.623639 2.701019 0.981014
v -0.521159 2.539705 1.012229
v -0.521159 2.539705 0.981014
v -0.623639 2.539705 0.981014
v -0.623639 2.539705 1.012229
v -0.623639 2.645292 1.070461
v -0.521159 2.645292 1.070461
v -0.521159 2.645292 0.981014
v -0.623639 2.645292 0.981014
v -0.623639 2.602819 1.024016
v -0.521159 2.602819 0.981014
v -0.521159 2.602819 1.024016
v -0.623639 2.602819 0.981014
v -0.808103 2.701019 1.070461
v -0.808103 2.701019 0.981014
v -0.910583 2.701019 1.070461
v -0.910583 2.701019 0.981014
v -0.808103 2.539705 1.012229
v -0.808103 2.539705 0.981014
v -0.910583 2.539705 0.981014
v -0.910583 2.539705 1.012229
v -0.910583 2.645292 1.070461
v -0.808103 2.645292 1.070461
v -0.808103 2.645292 0.981014
v -0.910583 2.645292 0.981014
v -0.910583 2.602819 1.024016
v -0.808103 2.602819 0.981014
v -0.808103 2.602819 1.024016
v -0.910583 2.602819 0.981014
v 1.077017 1.312004 -0.935583
v 0.987570 1.312004 -0.935583
v 1.077017 1.312004 -0.833102
v 0.987570 1.312004 -0.833102
v 1.018786 1.150690 -0.935583
v 0.987570 1.150690 -0.935583
v 0.987570 1.150690 -0.833102
v 1.018786 1.150690 -0.833102
v 1.077017 1.256277 -0.833102
v 1.077017 1.256277 -0.935583
v 0.987570 1.256277 -0.935583
v 0.987570 1.256277 -0.833102
v 1.030573 1.213804 -0.833102
v 0.987570 1.213804 -0.935583
v 1.030573 1.213804 -0.935583
v 0.987570 1.213804 -0.833102
v 1.077017 1.312004 -0.648638
v 0.987570 1.312004 -0.648638
v 1.077017 1.312004 -0.546158
v 0.987570 1.312004 -0.546158
v 1.018786 1.150690 -0.648638
v 0.987570 1.150690 -0.648638
v 0.987570 1.150690 -0.546158
v 1.018786 1.150690 -0.546158
v 1.077017 1.256277 -0.546158
v 1.077017 1.256277 -0.648638
v 0.987570 1.256277 -0.648638
v 0.987570 1.256277 -0.546158
v 1.030573 1.213804 -0.546158
v 0.987570 1.213804 -0.648638
v 1.030573 1.213804 -0.648638
v 0.987570 1.213804 -0.546158
v 1.077017 1.312004 -0.361694
v 0.987570 1.312004 -0.361694
v 1.077017 1.312004 -0.259214
v 0.987570 1.312004 -0.259214
v 1.018786 1.150690 -0.361694
v 0.987570 1.150690 -0.361694
v 0.987570 1.150690 -0.259214
v 1.018786 1.150690 -0.259214
v 1.077017 1.256277 -0.259214
v 1.077017 1.256277 -0.361694
v 0.987570 1.256277 -0.361694
v 0.987570 1.256277 -0.259214
v 1.030573 1.213804 -0.259214
v 0.987570 1.213804 -0.361694
v 1.030573 1.213804 -0.361694
v 0.987570 1.213804 -0.259214
v 1.077017 1.312004 -0.074750
v 0.987570 1.312004 -0.074750
v 1.077017 1.312004 0.027730
v 0.987570 1.312004 0.027730
v 1.018786 1.150690 -0.074750
v 0.987570 1.150690 -0.074750
v 0.987570 1.150690 0.027730
v 1.018786 1.150690 0.027730
v 1.077017 1.256277 0.027730
v 1.077017 1.256277 -0.074750
v 0.987570 1.256277 -0.074750
v 0.987570 1.256277 0.027730
v 1.030573 1.213804 0.027730
v 0.987570 1.213804 -0.074750
v 1.030573 1.213804 -0.074750
v 0.987570 1.213804 0.027730
v 1.077017 1.312004 0.212194
v 0.987570 1.312004 0.212194
v 1.077017 1.312004 0.314674
v 0.987570 1.312004 0.314674
v 1.018786 1.150690 0.212194
v 0.987570 1.150690 0.212194
v 0.987570 1.150690 0.314674
v 1.018786 1.150690 0.314674
v 1.077017 1.256277 0.314674
v 1.077017 1.256277 0.212194
v 0.987570 1.256277 0.212194
v 0.987570 1.256277 0.314674
v 1.030573 1.213804 0.314674
v 0.987570 1.213804 0.212194
v 1.030573 1.213804 0.212194
v 0.987570 1.213804 0.314674
v 1.077017 1.312004 0.499138
v 0.987570 1.312004 0.499138
v 1.077017 1.312004 0.601618
v 0.987570 1.312004 0.601618
v 1.018786 1.150690 0.499138
v 0.987570 1.150690 0.499138
v 0.987570 1.150690 0.601618
v 1.018786 1.150690 0.601618
v 1.077017 1.256277 0.601618
v 1.077017 1.256277 0.499138
v 0.987570 1.256277 0.499138
v 0.987570 1.256277 0.601618
v 1.030573 1.213804 0.601618
v 0.987570 1.213804 0.499138
v 1.030573 1.213804 0.499138
v 0.987570 1.213804 0.601618
v 1.077017 1.312004 0.786082
v 0.987570 1.312004 0.786082
v 1.077017 1.312004 0.888562
v 0.987570 1.312004 0.888562
v 1.018786 1.150690 0.786082
v 0.987570 1.150690 0.786082
v 0.987570 1.150690 0.888562
v 1.018786 1.150690 0.888562
v 1.077017 1.256277 0.888562
v 1.077017 1.256277 0.786082
v 0.987570 1.256277 0.786082
v 0.987570 1.256277 0.888562
v 1.030573 1.213804 0.888562
v 0.987570 1.213804 0.786082
v 1.030573 1.213804 0.786082
v 0.987570 1.213804 0.888562
v 0.913562 1.312004 1.070461
v 0.913562 1.312004 0.981014
v 0.811082 1.312004 1.070461
v 0.811082 1.312004 0.981014
v 0.913562 1.150690 1.012229
v 0.913562 1.150690 0.981014
v 0.811082 1.150690 0.981014
v 0.811082 1.150690 1.012229
v 0.811082 1.256277 1.070461
v 0.913562 1.256277 1.070461
v 0.913562 1.256277 0.981014
v 0.811082 1.256277 0.981014
v 0.811082 1.213804 1.024016
v 0.913562 1.213804 0.981014
v 0.913562 1.213804 1.024016
v 0.811082 1.213804 0.981014
v 0.626618 1.312004 1.070461
v 0.626618 1.312004 0.981014
v 0.524137 1.312004 1.070461
v 0.524137 1.312004 0.981014
v 0.626618 1.150690 1.012229
v 0.626618 1.150690 0.981014
v 0.524137 1.150690 0.981014
v 0.524137 1.150690 1.012229
v 0.524137 1.256277 1.070461
v 0.626618 1.256277 1.070461
v 0.626618 1.256277 0.981014
v 0.524137 1.256277 0.981014
v 0.524137 1.213804 1.024016
v 0.626618 1.213804 0.981014
v 0.626618 1.213804 1.024016
v 0.524137 1.213804 0.981014
v 0.339673 1.312004 1.070461
v 0.339673 1.312004 0.981014
v 0.237193 1.312004 1.070461
v 0.237193 1.312004 0.981014
v 0.339673 1.150690 1.012229
v 0.339673 1.150690 0.981014
v 0.237193 1.150690 0.981014
v 0.237193 1.150690 1.012229
v 0.237193 1.256277 1.070461
v 0.339673 1.256277 1.070461
v 0.339673 1.256277 0.981014
v 0.237193 1.256277 0.981014
v 0.237193 1.213804 1.024016
v 0.339673 1.213804 0.981014
v 0.339673 1.213804 1.024016
v 0.237193 1.213804 0.981014
v 0.052729 1.312004 1.070461
v 0.052729 1.312004 0.981014
v -0.049751 1.312004 1.070461
v -0.049751 1.312004 0.981014
v 0.052729 1.150690 1.012229
v 0.052729 1.150690 0.981014
v -0.049751 1.150690 0.981014
v -0.049751 1.150690 1.012229
v -0.049751 1.256277 1.070461
v 0.052729 1.256277 1.070461
v 0.052729 1.256277 0.981014
v -0.049751 1.256277 0.981014
v -0.049751 1.213804 1.024016
v 0.052729 1.213804 0.981014
v 0.052729 1.213804 1.024016
v -0.049751 1.213804 0.981014
v -0.234215 1.312004 1.070461
v -0.234215 1.312004 0.981014
v -0.336695 1.312004 1.070461
v -0.336695 1.312004 0.981014
v -0.234215 1.150690 1.012229
v -0.234215 1.150690 0.981014
v -0.336695 1.150690 0.981014
v -0.336695 1.150690 1.012229
v -0.336695 1.256277 1.070461
v -0.234215 1.256277 1.070461
v -0.234215 1.256277 0.981014
v -0.336695 1.256277 0.981014
v -0.336695 1.213804 1.024016
v -0.234215 1.213804 0.981014
v -0.234215 1.213804 1.024016
v -0.336695 1.213804 0.981014
v -0.521159 1.312004 1.070461
v -0.521159 1.312004 0.981014
v -0.623639 1.312004 1.070461
v -0.623639 1.312004 0.981014
v -0.521159 1.150690 1.012229
v -0.521159 1.150690 0.981014
v -0.623639 1.150690 0.981014
v -0.623639 1.150690 1.012229
v -0.623639 1.256277 1.070461
v -0.521159 1.256277 1.070461
v -0.521159 1.256277 0.981014
v -0.623639 1.256277 0.981014
v -0.623639 1.213804 1.024016
v -0.521159 1.213804 0.981014
v -0.521159 1.213804 1.024016
v -0.623639 1.213804 0.981014
v -0.808103 1.312004 1.070461
v -0.808103 1.312004 0.981014
v -0.910583 1.312004 1.070461
v -0.910583 1.312004 0.981014
v -0.808103 1.150690 1.012229
v -0.808103 1.150690 0.981014
v -0.910583 1.150690 0.981014
v -0.910583 1.150690 1.012229
v -0.910583 1.256277 1.070461
v -0.808103 1.256277 1.070461
v -0.808103 1.256277 0.981014
v -0.910583 1.256277 0.981014
v -0.910583 1.213804 1.024016
v -0.808103 1.213804 0.981014
v -0.808103 1.213804 1.024016
v -0.910583 1.213804 0.981014
v 1.016168 0.474818 -1.009521
v 1.016168 0.615099 -1.009521
v 0.875887 0.474818 -1.009521
v 0.875887 0.615099 -1.009521
v 1.016168 0.474818 -0.764012
v 1.016168 0.615099 -0.764012
v 0.875887 0.474818 -0.764012
v 0.875887 0.615099 -0.764012
v -0.219323 0.622123 0.936041
v 0.076763 1.020580 0.978978
v 0.142560 1.020580 0.978978
v 0.142560 0.682128 0.978978
v 0.076763 0.682128 0.978978
v -0.142560 1.020580 0.978978
v -0.142560 0.682128 0.978978
v -0.076763 1.020580 0.978978
v -0.076763 0.682128 0.978978
v 0.076763 0.223666 0.978978
v 0.142560 0.223666 0.978978
v 0.142560 0.562117 0.978978
v 0.076763 0.562117 0.978978
v -0.076763 0.223666 0.978978
v -0.142560 0.223666 0.978978
v -0.142560 0.562117 0.978978
v -0.076763 0.562117 0.978978
v 0.076763 1.020580 0.963688
v 0.142560 1.020580 0.963688
v 0.142560 0.682128 0.963688
v 0.076763 0.682128 0.963688
v -0.142560 1.020580 0.963688
v -0.142560 0.682128 0.963688
v -0.076763 1.020580 0.963688
v -0.076763 0.682128 0.963688
v 0.076763 0.223666 0.963688
v 0.142560 0.223666 0.963688
v 0.142560 0.562117 0.963688
v 0.076763 0.562117 0.963688
v -0.076763 0.223666 0.963688
v -0.142560 0.223666 0.963688
v -0.142560 0.562117 0.963688
v -0.076763 0.562117 0.963688
v 0.085262 1.008588 0.963688
v 0.134061 1.008588 0.963688
v 0.134061 0.694120 0.963688
v 0.085262 0.694120 0.963688
v -0.134061 1.008588 0.963688
v -0.134061 0.694120 0.963688
v -0.085262 1.008588 0.963688
v -0.085262 0.694120 0.963688
v 0.085262 0.235657 0.963688
v 0.134061 0.235657 0.963688
v 0.134061 0.550126 0.963688
v 0.085262 0.550126 0.963688
v -0.085262 0.235657 0.963688
v -0.134061 0.235657 0.963688
v -0.134061 0.550126 0.963688
v -0.085262 0.550126 0.963688
v 0.085262 1.008588 0.959178
v 0.134061 1.008588 0.959178
v 0.134061 0.694120 0.959178
v 0.085262 0.694120 0.959178
v -0.134061 1.008588 0.959178
v -0.134061 0.694120 0.959178
v -0.085262 1.008588 0.959178
v -0.085262 0.694120 0.959178
v 0.085262 0.235657 0.959178
v 0.134061 0.235657 0.959178
v 0.134061 0.550126 0.959178
v 0.085262 0.550126 0.959178
v -0.085262 0.235657 0.959178
v -0.134061 0.235657 0.959178
v -0.134061 0.550126 0.959178
v -0.085262 0.550126 0.959178
v 1.000000 1.474507 -0.957028
v 0.957028 1.474507 1.000000
v 1.000000 1.474507 0.957028
v 0.957028 1.474507 -1.000000
v -0.000000 1.474507 1.000000
v 0.248509 1.474507 1.000000
v 0.000000 1.474507 -1.000000
v 0.484682 1.474507 1.000000
v 0.720855 1.474507 1.000000
v -1.000000 1.474507 -0.957028
v -0.957028 1.474507 1.000000
v -1.000000 1.474507 0.957028
v -0.957028 1.474507 -1.000000
v -0.248509 1.474507 1.000000
v -0.484682 1.474507 1.000000
v -0.720855 1.474507 1.000000
v 0.219323 1.496663 0.997481
v 0.219323 2.413588 0.997481
v 0.000000 1.955125 0.997481
v 0.219323 1.496663 0.954544
v 0.219323 2.413588 0.954544
v -0.219323 1.955125 0.997481
v 0.000000 2.413588 0.997481
v 0.000000 1.496663 0.997481
v -0.219323 1.496663 0.997481
v -0.219323 2.413588 0.997481
v 0.219323 1.955125 0.954544
v 0.000000 2.413588 0.954544
v 0.000000 1.496663 0.954544
v -0.219323 1.496663 0.954544
v -0.219323 2.413588 0.954544
v 0.219323 1.955125 0.997481
v -0.219323 1.955125 0.954544
v 0.076763 2.353582 0.997481
v 0.142560 2.353582 0.997481
v 0.142560 2.015131 0.997481
v 0.076763 2.015131 0.997481
v -0.142560 2.353582 0.997481
v -0.142560 2.015131 0.997481
v -0.076763 2.353582 0.997481
v -0.076763 2.015131 0.997481
v 0.076763 1.556669 0.997481
v 0.142560 1.556669 0.997481
v 0.142560 1.895120 0.997481
v 0.076763 1.895120 0.997481
v -0.076763 1.556669 0.997481
v -0.142560 1.556669 0.997481
v -0.142560 1.895120 0.997481
v -0.076763 1.895120 0.997481
v 0.076763 2.353582 0.982191
v 0.142560 2.353582 0.982191
v 0.142560 2.015131 0.982191
v 0.076763 2.015131 0.982191
v -0.142560 2.353582 0.982191
v -0.142560 2.015131 0.982191
v -0.076763 2.353582 0.982191
v -0.076763 2.015131 0.982191
v 0.076763 1.556669 0.982191
v 0.142560 1.556669 0.982191
v 0.142560 1.895120 0.982191
v 0.076763 1.895120 0.982191
v -0.076763 1.556669 0.982191
v -0.142560 1.556669 0.982191
v -0.142560 1.895120 0.982191
v -0.076763 1.895120 0.982191
v 0.085262 2.341590 0.982191
v 0.134061 2.341590 0.982191
v 0.134061 2.027122 0.982191
v 0.085262 2.027122 0.982191
v -0.134061 2.341590 0.982191
v -0.134061 2.027122 0.982191
v -0.085262 2.341590 0.982191
v -0.085262 2.027122 0.982191
v 0.085262 1.568660 0.982191
v 0.134061 1.568660 0.982191
v 0.134061 1.883128 0.982191
v 0.085262 1.883128 0.982191
v -0.085262 1.568660 0.982191
v -0.134061 1.568660 0.982191
v -0.134061 1.883128 0.982191
v -0.085262 1.883128 0.982191
v 0.085262 2.341590 0.977681
v 0.134061 2.341590 0.977681
v 0.134061 2.027122 0.977681
v 0.085262 2.027122 0.977681
v -0.134061 2.341590 0.977681
v -0.134061 2.027122 0.977681
v -0.085262 2.341590 0.977681
v -0.085262 2.027122 0.977681
v 0.085262 1.568660 0.977681
v 0.134061 1.568660 0.977681
v 0.134061 1.883128 0.977681
v 0.085262 1.883128 0.977681
v -0.085262 1.568660 0.977681
v -0.134061 1.568660 0.977681
v -0.134061 1.883128 0.977681
v -0.085262 1.883128 0.977681
v 1.000000 2.427689 -0.957028
v 0.957028 2.427689 1.000000
v -1.000000 2.427689 -0.957028
v -0.957028 2.427689 1.000000
v 1.000000 2.427689 0.957028
v 0.957028 2.427689 -1.000000
v 0.000000 2.427689 1.000000
v 0.248509 2.427689 1.000000
v 0.000000 2.427689 -1.000000
v 0.484682 2.427689 1.000000
v 0.720855 2.427689 1.000000
v -1.000000 2.427689 0.957028
v -0.957028 2.427689 -1.000000
v -0.248509 2.427689 1.000000
v -0.484682 2.427689 1.000000
v -0.720855 2.427689 1.000000
v 0.000000 2.427689 0.970450
v -0.000000 1.474507 0.970450
v 0.248509 2.427689 0.970450
v 0.248509 1.474507 0.970450
v -0.248509 2.427689 0.970450
v -0.248509 1.474507 0.970450
v 0.280681 2.411704 1.097556
v 0.280681 2.467463 1.094240
v 0.280681 2.411704 0.958843
v 0.280681 2.467463 0.958843
v 0.203976 1.505258 1.026923
v 0.277960 1.505258 1.024055
v 0.203976 1.505258 0.906934
v 0.274072 1.505258 0.906934
v 0.213737 2.445130 1.026923
v 0.274072 2.445130 1.026923
v 0.203976 2.445130 0.906934
v 0.267868 2.445130 0.906934
v -0.279486 2.411704 1.097556
v -0.279486 2.467463 1.094240
v -0.279486 2.411704 0.958843
v -0.279486 2.467463 0.958843
v -0.000000 2.411704 1.097556
v -0.000000 2.467463 1.097556
v -0.000000 2.411704 0.958843
v -0.000000 2.467463 0.958843
v -0.203976 1.505258 1.026923
v -0.277960 1.505258 1.024055
v -0.203976 1.505258 0.906934
v -0.274072 1.505258 0.906934
v -0.213737 2.445130 1.026923
v -0.274072 2.445130 1.026923
v -0.203976 2.445130 0.906934
v -0.267868 2.445130 0.906934
v -0.543460 2.178714 -0.875887
v -0.543460 2.038432 -0.875887
v -0.543460 2.178714 -1.016168
v -0.543460 2.038432 -1.016168
v -0.788970 2.178714 -0.875887
v -0.788970 2.038432 -0.875887
v -0.788970 2.178714 -1.016168
v -0.788970 2.038432 -1.016168
v 0.417191 1.696542 1.430427
v 0.417191 1.696542 1.354402
v 0.417191 1.651333 1.430427
v 0.417191 1.651333 1.354402
v 0.412035 1.426296 0.972521
v 0.412035 1.497590 0.972521
v 0.412035 1.426296 1.430142
v -0.031879 1.497590 0.972521
v -0.031879 1.426296 0.972521
v 0.412035 1.497590 1.430142
v -0.031878 1.426296 1.430142
v -0.031878 1.497590 1.430142
v 0.338721 1.692086 0.955679
v 0.338721 1.692086 1.379676
v 0.414746 1.692086 0.955679
v 0.414746 1.692086 1.379676
v 0.338721 1.655788 1.379676
v 0.414746 1.655788 1.379676
v 0.414746 1.655788 0.955679
v 0.338721 1.655788 0.955679
v -0.000000 1.696542 1.430427
v -0.417191 1.696542 1.430427
v -0.000000 1.696542 1.354402
v -0.417191 1.696542 1.354402
v -0.417191 1.651333 1.430427
v -0.417191 1.651333 1.354402
v -0.000000 1.651333 1.354402
v -0.000000 1.651333 1.430427
v -0.412035 1.426296 0.972521
v -0.412035 1.497590 0.972521
v -0.412035 1.426296 1.430142
v 0.031878 1.497590 0.972521
v 0.031878 1.426296 0.972521
v -0.412035 1.497590 1.430142
v 0.031878 1.426296 1.430142
v 0.031878 1.497590 1.430142
v -0.338721 1.692086 0.955679
v -0.338721 1.692086 1.379676
v -0.414746 1.692086 0.955679
v -0.414746 1.692086 1.379676
v -0.338721 1.655788 1.379676
v -0.414746 1.655788 1.379676
v -0.414746 1.655788 0.955679
v -0.338721 1.655788 0.955679
v -0.396059 1.674253 1.248137
v -0.396059 1.674253 1.272401
v -0.372257 1.674253 1.248137
v -0.372257 1.674253 1.272401
v -0.372257 1.491086 1.272401
v -0.372257 1.491086 1.248137
v -0.396059 1.491086 1.272401
v -0.396059 1.491086 1.248137
v 0.277799 1.491086 1.380514
v 0.253535 1.491086 1.380514
v 0.277799 1.491086 1.404315
v 0.253535 1.491086 1.404315
v 0.253535 1.674253 1.404315
v 0.277799 1.674253 1.404315
v 0.253535 1.674253 1.380514
v 0.277799 1.674253 1.380514
v 0.144346 1.491086 1.380514
v 0.120082 1.491086 1.380514
v 0.144346 1.491086 1.404315
v 0.120082 1.491086 1.404315
v 0.120082 1.674253 1.404315
v 0.144346 1.674253 1.404315
v 0.120082 1.674253 1.380514
v 0.144346 1.674253 1.380514
v 0.010893 1.491086 1.380514
v -0.013372 1.491086 1.380514
v 0.010893 1.491086 1.404315
v -0.013372 1.491086 1.404315
v -0.013372 1.674253 1.404315
v 0.010893 1.674253 1.404315
v -0.013372 1.674253 1.380514
v 0.010893 1.674253 1.380514
v -0.122561 1.491086 1.380514
v -0.146825 1.491086 1.380514
v -0.122561 1.491086 1.404315
v -0.146825 1.491086 1.404315
v -0.146825 1.674253 1.404315
v -0.122561 1.674253 1.404315
v -0.146825 1.674253 1.380514
v -0.122561 1.674253 1.380514
v -0.256014 1.491086 1.380514
v -0.280278 1.491086 1.380514
v -0.256014 1.491086 1.404315
v -0.280278 1.491086 1.404315
v -0.280278 1.674253 1.404315
v -0.256014 1.674253 1.404315
v -0.280278 1.674253 1.380514
v -0.256014 1.674253 1.380514
v -0.396059 1.674253 1.114683
v -0.396059 1.674253 1.138947
v -0.372257 1.674253 1.114683
v -0.372257 1.674253 1.138947
v -0.372257 1.491086 1.138947
v -0.372257 1.491086 1.114683
v -0.396059 1.491086 1.138947
v -0.396059 1.491086 1.114683
v 0.368338 1.491086 1.114683
v 0.368338 1.491086 1.138947
v 0.392140 1.491086 1.114683
v 0.392140 1.491086 1.138947
v 0.392140 1.674253 1.138947
v 0.392140 1.674253 1.114683
v 0.368338 1.674253 1.138947
v 0.368338 1.674253 1.114683
v 0.368338 1.491086 1.248137
v 0.368338 1.491086 1.272401
v 0.392140 1.491086 1.248137
v 0.392140 1.491086 1.272401
v 0.392140 1.674253 1.272401
v 0.392140 1.674253 1.248137
v 0.368338 1.674253 1.272401
v 0.368338 1.674253 1.248137
v 0.368338 1.491086 1.381590
v 0.368338 1.491086 1.405854
v 0.392140 1.491086 1.381590
v 0.392140 1.491086 1.405854
v 0.392140 1.674253 1.405854
v 0.392140 1.674253 1.381590
v 0.368338 1.674253 1.405854
v 0.368338 1.674253 1.381590
v -0.396059 1.491086 1.381590
v -0.396059 1.491086 1.405854
v -0.372257 1.491086 1.381590
v -0.372257 1.491086 1.405854
v -0.372257 1.674253 1.405854
v -0.372257 1.674253 1.381590
v -0.396059 1.674253 1.405854
v -0.396059 1.674253 1.381590
v 0.904012 2.764099 0.745424
v 0.746170 2.764099 0.745424
v 0.904012 2.764099 0.460190
v 0.746170 2.764099 0.460190
v 0.767143 2.852462 0.618866
v 0.726856 2.852462 0.618866
v 0.767143 2.800000 0.597135
v 0.726856 2.800000 0.597135
v 0.767143 2.778269 0.544673
v 0.726856 2.778269 0.544673
v 0.767143 2.800000 0.492210
v 0.726856 2.800000 0.492210
v 0.767143 2.852462 0.470480
v 0.726856 2.852462 0.470480
v 0.767143 2.904924 0.492210
v 0.726856 2.904924 0.492210
v 0.767143 2.926655 0.544673
v 0.726856 2.926655 0.544673
v 0.767143 2.904924 0.597135
v 0.726856 2.904924 0.597135
v 0.746170 2.940825 0.484062
v 0.746170 2.926035 0.460190
v 0.904012 2.926035 0.460190
v 0.904012 2.940825 0.484062
v 0.746170 2.926035 0.745424
v 0.746170 2.940825 0.721552
v 0.904012 2.940825 0.721552
v 0.904012 2.926035 0.745424
v 0.872116 2.800598 -0.743471
v 0.843558 2.817086 -0.743471
v 0.843558 2.850061 -0.743471
v 0.872116 2.866549 -0.743471
v 0.900674 2.850061 -0.743471
v 0.900674 2.817086 -0.743471
v 0.872116 2.786866 -0.769234
v 0.843558 2.800365 -0.778701
v 0.843558 2.827365 -0.797633
v 0.872116 2.840865 -0.807100
v 0.900674 2.827365 -0.797633
v 0.900674 2.800365 -0.778701
v 0.872116 2.770586 -0.777466
v 0.843558 2.770586 -0.791994
v 0.843558 2.770586 -0.821050
v 0.872116 2.770586 -0.835579
v 0.900674 2.770586 -0.821050
v 0.900674 2.770586 -0.791994
v 0.872116 2.800598 0.305844
v 0.872116 2.800598 -0.529784
v 0.843558 2.817086 0.305844
v 0.843558 2.817086 -0.529784
v 0.843558 2.850061 0.305844
v 0.843558 2.850061 -0.529784
v 0.872116 2.866549 0.305844
v 0.872116 2.866549 -0.529784
v 0.900674 2.850061 0.305844
v 0.900674 2.850061 -0.529784
v 0.900674 2.817086 0.305844
v 0.900674 2.817086 -0.529784
v 0.872116 2.786866 0.331607
v 0.843558 2.800365 0.341073
v 0.843558 2.827365 0.360006
v 0.872116 2.840865 0.369472
v 0.900674 2.827365 0.360006
v 0.900674 2.800365 0.341073
v 0.872116 2.770586 0.339838
v 0.843558 2.770586 0.354367
v 0.843558 2.770586 0.383423
v 0.872116 2.770586 0.397952
v 0.900674 2.770586 0.383423
v 0.900674 2.770586 0.354367
v 0.745990 2.800598 -0.743471
v 0.717432 2.817086 -0.743471
v 0.717432 2.850061 -0.743471
v 0.745990 2.866549 -0.743471
v 0.774548 2.850061 -0.743471
v 0.774548 2.817086 -0.743471
v 0.745990 2.786866 -0.769234
v 0.717432 2.800365 -0.778701
v 0.717432 2.827365 -0.797633
v 0.745990 2.840865 -0.807100
v 0.774548 2.827365 -0.797633
v 0.774548 2.800365 -0.778701
v 0.745990 2.770586 -0.777466
v 0.717432 2.770586 -0.791994
v 0.717432 2.770586 -0.821050
v 0.745990 2.770586 -0.835579
v 0.774548 2.770586 -0.821050
v 0.774548 2.770586 -0.791994
v 0.745990 2.800598 0.305844
v 0.745990 2.800598 -0.529784
v 0.717432 2.817086 0.305844
v 0.717432 2.817086 -0.529784
v 0.717432 2.850061 0.305844
v 0.717432 2.850061 -0.529784
v 0.745990 2.866549 0.305844
v 0.745990 2.866549 -0.529784
v 0.774547 2.850061 0.305844
v 0.774547 2.850061 -0.529784
v 0.774547 2.817086 0.305844
v 0.774547 2.817086 -0.529784
v 0.745989 2.786866 0.331607
v 0.717432 2.800365 0.341073
v 0.717432 2.827365 0.360006
v 0.745989 2.840865 0.369472
v 0.774547 2.827365 0.360006
v 0.774547 2.800365 0.341073
v 0.745989 2.770586 0.339838
v 0.717432 2.770586 0.354367
v 0.717432 2.770586 0.383423
v 0.745989 2.770586 0.397952
v 0.774547 2.770586 0.383423
v 0.774547 2.770586 0.354367
vn -0.0000 -0.0000 1.0000
vn -0.0000 -0.0000 -1.0000
vn -1.0000 -0.0000 -0.0000
vn -0.0000 -1.0000 -0.0000
vn -0.0000 1.0000 -0.0000
vn 1.0000 -0.0000 -0.0000
vn 0.7071 -0.0000 0.7071
vn -0.7071 -0.0000 0.7071
vn 0.7071 -0.0000 -0.7071
vn -0.7071 -0.0000 -0.7071
vn -0.0273 -0.9995 0.0162
vn -0.0018 0.9991 -0.0435
vn 0.0369 -0.9904 0.1330
vn 0.0112 0.9999 -0.0048
vn 0.0022 1.0000 -0.0035
vn 0.0596 -0.9926 0.1054
vn -0.0251 -0.9987 0.0440
vn -0.0403 0.9975 -0.0582
vn -0.0362 0.9959 -0.0832
vn 0.0417 -0.9973 0.0609
vn 0.0247 0.9995 -0.0220
vn -0.0354 -0.9975 0.0619
vn -0.0284 0.9984 -0.0498
vn -0.0000 0.9989 0.0460
vn 0.0346 -0.9965 0.0764
vn -0.0545 0.9951 -0.0822
vn 0.0399 0.9988 -0.0270
vn -0.0369 -0.9988 -0.0314
vn 0.0096 0.9963 -0.0852
vn 0.0555 -0.9952 0.0810
vn 0.0168 0.9991 -0.0393
vn 0.0439 0.9931 -0.1092
vn -0.0140 -0.9996 0.0229
vn -0.0000 0.9997 0.0225
vn 0.0247 -0.9997 -0.0000
vn 0.0454 0.9937 -0.1020
vn -0.0009 -0.9996 -0.0291
vn 0.0171 0.9999 -0.0000
vn -0.0086 0.9999 -0.0131
vn 0.0060 -1.0000 -0.0000
vn -0.0105 0.9998 -0.0197
vn -0.0236 -0.9989 0.0414
vn 0.0110 0.9991 -0.0414
vn -0.0167 -0.9995 -0.0273
vn 0.0449 0.9990 -0.0018
vn -0.1369 -0.9899 0.0368
vn 0.0049 0.9999 0.0112
vn 0.0038 1.0000 0.0022
vn -0.1054 -0.9926 0.0596
vn -0.0427 -0.9988 -0.0251
vn 0.0565 0.9976 -0.0403
vn 0.0807 0.9961 -0.0362
vn -0.0730 -0.9965 0.0417
vn 0.0264 0.9993 0.0247
vn -0.0619 -0.9975 -0.0354
vn 0.0498 0.9984 -0.0284
vn -0.0491 0.9988 -0.0000
vn -0.0764 -0.9965 0.0346
vn 0.0822 0.9951 -0.0545
vn 0.0270 0.9988 0.0399
vn 0.0314 -0.9988 -0.0369
vn 0.0852 0.9963 0.0096
vn -0.0970 -0.9937 0.0554
vn 0.0471 0.9988 0.0168
vn 0.1129 0.9926 0.0439
vn -0.0238 -0.9996 -0.0140
vn -0.0225 0.9997 -0.0000
vn -0.0000 -0.9997 0.0247
vn 0.1020 0.9937 0.0454
vn 0.0291 -0.9996 -0.0009
vn -0.0000 0.9999 0.0171
vn 0.0131 0.9999 -0.0086
vn -0.0000 -1.0000 0.0057
vn 0.0179 0.9998 -0.0099
vn -0.0414 -0.9989 -0.0236
vn 0.0414 0.9991 0.0110
vn -0.0098 0.9999 0.0025
vn 0.0194 -0.9994 0.0273
vn -0.0521 0.9986 0.0018
vn 0.1271 -0.9894 -0.0695
vn 0.0465 0.9987 0.0183
vn -0.0622 0.9979 0.0158
vn 0.0898 -0.9942 -0.0597
vn 0.0919 -0.9955 -0.0234
vn 0.0550 0.9985 -0.0000
vn -0.0507 0.9986 0.0129
vn 0.0753 -0.9963 -0.0417
vn -0.0272 0.9993 -0.0247
vn 0.1578 -0.9867 -0.0401
vn -0.0850 0.9954 -0.0442
vn 0.1115 0.9933 0.0298
vn 0.0764 -0.9965 -0.0346
vn -0.0822 0.9951 0.0545
vn -0.0000 0.9999 0.0125
vn -0.0000 0.9997 -0.0228
vn -0.0314 -0.9988 0.0369
vn -0.0852 0.9963 -0.0096
vn 0.0924 -0.9954 0.0235
vn -0.2908 0.9546 -0.0649
vn 0.0245 -0.9996 0.0140
vn 0.1630 -0.9858 -0.0415
vn -0.1842 0.9818 -0.0469
vn 0.0505 0.9985 -0.0210
vn -0.0000 -0.9997 -0.0247
vn -0.1020 0.9937 -0.0454
vn -0.0401 -0.9992 -0.0000
vn 0.0672 0.9977 0.0013
vn -0.0000 -1.0000 -0.0058
vn -0.0180 0.9998 0.0100
vn 0.1588 -0.9865 -0.0404
vn -0.0564 0.9983 -0.0144
vn 0.0273 -0.9995 -0.0170
vn 0.0018 0.9990 0.0456
vn -0.0369 -0.9914 -0.1257
vn -0.0112 0.9999 0.0045
vn -0.0022 1.0000 0.0037
vn -0.0596 -0.9926 -0.1054
vn 0.0251 -0.9987 -0.0440
vn 0.0403 0.9975 0.0582
vn 0.0301 0.9961 0.0832
vn -0.0573 -0.9957 -0.0729
vn -0.0339 0.9991 0.0264
vn 0.0294 -0.9977 -0.0619
vn 0.0236 0.9985 0.0498
vn 0.0816 -0.9962 0.0313
vn -0.0212 0.9961 0.0852
vn -0.0472 0.9903 0.1305
vn 0.0140 -0.9996 -0.0245
vn -0.0000 0.9998 -0.0204
vn -0.0247 -0.9997 -0.0000
vn -0.0454 0.9937 0.1020
vn 0.0009 -0.9996 0.0285
vn -0.0171 0.9999 -0.0000
vn 0.0086 0.9999 0.0123
vn -0.0058 -1.0000 -0.0000
vn 0.0100 0.9998 0.0199
vn 0.0236 -0.9989 -0.0414
vn -0.0110 0.9991 0.0414
vn 0.1065 0.9943 -0.0000
vn 0.0504 -0.9987 -0.0000
vn 0.0504 0.9987 -0.0000
vn 0.1065 -0.9943 -0.0000
vn -0.1065 0.9943 -0.0000
vn -0.1065 -0.9943 -0.0000
vn -0.0504 -0.9987 -0.0000
vn -0.0504 0.9987 -0.0000
vn -0.0000 0.8693 0.4944
vn -0.0000 -0.8693 -0.4944
vn 0.9782 -0.2078 -0.0000
vn -0.0219 0.9984 -0.0516
vn -0.0000 -0.0031 1.0000
vn 0.9994 0.0066 -0.0332
vn -0.9782 -0.2078 -0.0000
vn 0.0219 0.9984 -0.0516
vn -0.0387 -0.0004 0.9992
vn -0.9987 0.0043 -0.0516
vn 0.0178 0.9998 -0.0000
vn -0.7064 -0.0000 0.7078
vn 0.7064 -0.0000 -0.7078
vn -0.7064 -0.0000 -0.7078
vn 0.7064 -0.0000 0.7078
vn -0.0178 0.9998 -0.0000
vn 0.0091 0.9999 0.0091
vn -0.0091 0.9999 -0.0091
vn -0.0000 0.9998 -0.0178
vn -0.0000 0.9998 0.0178
vn 0.0091 0.9999 -0.0091
vn -0.0091 0.9999 0.0091
vn -0.9830 -0.1836 -0.0000
vn -0.6749 -0.7380 -0.0000
vn -0.6748 -0.7380 -0.0000
vn -0.0000 -0.1836 -0.9830
vn -0.0000 -0.7380 -0.6748
vn 0.9830 -0.1836 -0.0000
vn 0.6748 -0.7380 -0.0000
vn -0.0000 -0.1836 0.9830
vn -0.0000 -0.7380 0.6748
vn -0.0000 -0.3827 0.9239
vn -0.0000 -0.9239 0.3827
vn -0.0000 -0.9239 -0.3827
vn -0.0000 -0.3827 -0.9239
vn -0.0000 0.3827 -0.9239
vn -0.0000 0.9239 -0.3827
vn -0.0000 0.9239 0.3827
vn -0.0000 0.3827 0.9239
vn -0.0000 0.8501 -0.5267
vn -0.0000 0.8501 0.5267
vn -0.5000 -0.8660 -0.0000
vn -0.5000 0.8660 -0.0000
vn 0.5000 0.8660 -0.0000
vn 0.5000 -0.8660 -0.0000
vn 0.4720 0.8175 -0.3300
vn -0.4972 -0.7657 0.4081
vn -0.4913 0.8033 -0.3366
vn 0.4625 -0.8010 0.3802
vn 0.4439 -0.3653 0.8183
vn -0.4362 0.3380 -0.8340
vn 0.4362 0.3380 -0.8340
vn -0.4439 -0.3653 0.8183
vn 0.4720 0.8175 0.3300
vn -0.4625 -0.8010 -0.3802
vn -0.4720 0.8175 0.3300
vn 0.4625 -0.8010 -0.3802
vn 0.4134 -0.4108 -0.8126
vn -0.4362 0.3380 0.8340
vn 0.4256 0.3450 0.8366
vn -0.4439 -0.3653 -0.8183
vn -0.0101 -0.9999 -0.0088
vn 0.0189 0.9971 -0.0736
vn 0.0372 -0.9902 0.1344
vn 0.0237 0.9986 0.0470
vn -0.0056 -0.9999 -0.0087
vn -0.0233 0.9989 0.0408
vn 0.0161 0.9990 0.0406
vn 0.0181 0.9998 0.0118
vn 0.0096 1.0000 -0.0000
vn 0.0245 0.9988 0.0429
vn 0.0004 0.9989 0.0467
vn -0.0000 -0.9999 0.0160
vn -0.0076 1.0000 -0.0000
vn 0.0316 -0.9982 -0.0517
vn -0.0228 0.9990 0.0374
vn 0.0245 0.9997 -0.0000
vn -0.0348 -0.9990 -0.0277
vn -0.0000 0.9977 -0.0685
vn 0.0089 0.9996 -0.0278
vn 0.0008 0.9989 -0.0465
vn 0.0115 -0.9998 -0.0188
vn -0.0410 -0.9966 -0.0717
vn 0.0232 0.9977 0.0631
vn 0.0394 -0.9989 -0.0258
vn -0.0023 0.9998 -0.0187
vn 0.0392 -0.9984 0.0412
vn 0.0244 0.9996 0.0128
vn 0.0051 0.9999 0.0109
vn 0.0075 -1.0000 -0.0027
vn -0.0000 0.9998 -0.0222
vn 0.0091 -0.9999 -0.0101
vn 0.0761 0.9969 0.0189
vn -0.1384 -0.9897 0.0372
vn -0.0485 0.9985 0.0237
vn 0.0087 -0.9999 -0.0056
vn -0.0408 0.9989 -0.0233
vn -0.0394 0.9991 0.0161
vn -0.0115 0.9998 0.0181
vn -0.0000 1.0000 0.0096
vn -0.0429 0.9988 0.0245
vn -0.0499 0.9988 0.0004
vn -0.0160 -0.9999 -0.0000
vn -0.0000 1.0000 -0.0076
vn 0.0477 -0.9984 0.0316
vn -0.0345 0.9991 -0.0228
vn -0.0000 0.9997 0.0245
vn 0.0277 -0.9990 -0.0348
vn 0.0685 0.9977 -0.0000
vn 0.0333 0.9994 0.0089
vn 0.0481 0.9988 0.0008
vn 0.0195 -0.9997 0.0115
vn 0.0717 -0.9966 -0.0410
vn -0.0631 0.9977 0.0232
vn 0.0258 -0.9989 0.0394
vn 0.0187 0.9998 -0.0023
vn -0.0412 -0.9984 0.0392
vn -0.0128 0.9996 0.0244
vn -0.0109 0.9999 0.0051
vn 0.0025 -1.0000 0.0071
vn 0.0222 0.9998 -0.0000
vn -0.0106 -0.9999 0.0101
vn -0.0881 0.9959 -0.0189
vn -0.0000 -0.9993 -0.0375
vn -0.1179 0.9927 -0.0236
vn -0.0074 -1.0000 0.0056
vn 0.0347 0.9991 0.0233
vn 0.1178 0.9929 -0.0160
vn 0.0710 0.9973 -0.0181
vn -0.0000 1.0000 -0.0096
vn -0.0073 0.9997 -0.0245
vn -0.0076 1.0000 -0.0004
vn 0.0160 -0.9999 -0.0000
vn -0.0000 1.0000 0.0076
vn -0.1234 -0.9919 -0.0314
vn 0.0407 0.9989 0.0228
vn 0.0047 0.9997 -0.0245
vn -0.0277 -0.9990 0.0348
vn -0.0685 0.9977 -0.0000
vn 0.0351 0.9993 -0.0089
vn -0.0404 0.9992 -0.0008
vn -0.0201 -0.9997 -0.0115
vn -0.1595 -0.9864 0.0406
vn 0.0593 0.9980 -0.0232
vn -0.0258 -0.9989 -0.0394
vn -0.0187 0.9998 0.0023
vn -0.1866 -0.9817 -0.0386
vn 0.0928 0.9954 -0.0243
vn 0.0923 0.9957 -0.0051
vn -0.0025 -1.0000 -0.0072
vn 0.0101 -0.9999 0.0093
vn -0.0189 0.9968 0.0773
vn -0.0372 -0.9912 -0.1270
vn -0.0237 0.9987 -0.0444
vn 0.0056 -0.9999 0.0087
vn 0.0233 0.9989 -0.0408
vn -0.0161 0.9990 -0.0406
vn -0.0150 0.9998 -0.0118
vn -0.0132 0.9999 -0.0000
vn -0.0203 0.9989 -0.0429
vn 0.0769 -0.9967 0.0276
vn -0.0000 0.9977 0.0685
vn -0.0008 0.9984 0.0557
vn -0.0115 -0.9997 0.0201
vn 0.0442 -0.9964 0.0717
vn -0.0232 0.9981 -0.0571
vn -0.0394 -0.9989 0.0258
vn 0.0023 0.9998 0.0187
vn -0.0392 -0.9984 -0.0403
vn -0.0244 0.9996 -0.0126
vn -0.0051 0.9999 -0.0102
vn -0.0071 -1.0000 0.0028
vn -0.0000 0.9998 0.0222
vn 0.9953 -0.0000 -0.0966
vn 0.0090 0.0516 0.9986
vn -0.0344 -0.9961 0.0810
vn -0.0135 0.9994 -0.0319
vn 0.0387 -0.0004 0.9992
vn -0.9967 0.0104 0.0811
vn 0.9987 0.0043 -0.0516
vn -0.9953 -0.0000 -0.0966
vn -0.0090 0.0516 0.9986
vn 0.0344 -0.9961 0.0810
vn 0.0135 0.9994 -0.0319
vn 0.9967 0.0104 0.0811
vn -0.9994 0.0066 -0.0332
vn 0.6749 -0.7380 -0.0000
vn 0.0118 0.0594 0.9982
vn -0.0118 0.0594 0.9982
vn 0.4913 0.8033 -0.3366
vn -0.4625 -0.8010 0.3802
vn -0.4720 0.8175 -0.3300
vn 0.4972 -0.7657 0.4081
vn 0.4134 -0.4109 0.8126
vn -0.4256 0.3450 -0.8366
vn 0.4256 0.3450 -0.8366
vn -0.4134 -0.4108 0.8126
vn 0.4913 0.8033 0.3366
vn -0.4972 -0.7657 -0.4081
vn -0.4913 0.8033 0.3366
vn 0.4972 -0.7657 -0.4081
vn 0.4439 -0.3653 -0.8183
vn -0.4256 0.3450 0.8366
vn 0.4362 0.3380 0.8340
vn -0.4134 -0.4108 -0.8126
vt 0.455622 0.874249
vt 0.458448 0.871422
vt 0.458448 0.874249
vt 0.456183 0.877498
vt 0.459009 0.874671
vt 0.459009 0.877498
vt 0.367999 0.950518
vt 0.370825 0.955465
vt 0.367999 0.955465
vt 0.294534 0.953451
vt 0.297360 0.948504
vt 0.297360 0.953451
vt 0.439451 0.832559
vt 0.442277 0.827612
vt 0.442277 0.832559
vt 0.455921 0.787925
vt 0.458748 0.790752
vt 0.455921 0.790752
vt 0.309844 0.952333
vt 0.312671 0.957280
vt 0.309844 0.957280
vt 0.419410 0.964471
vt 0.416584 0.967297
vt 0.416584 0.964471
vt 0.324381 0.951493
vt 0.321555 0.946546
vt 0.324381 0.946546
vt 0.404794 0.952957
vt 0.407620 0.948010
vt 0.407620 0.952957
vt 0.439451 0.837506
vt 0.455625 0.856988
vt 0.458451 0.854162
vt 0.458451 0.856988
vt 0.459242 0.949187
vt 0.456415 0.946360
vt 0.459242 0.946360
vt 0.447299 0.831596
vt 0.444473 0.826649
vt 0.447299 0.826649
vt 0.278308 0.953405
vt 0.281135 0.948458
vt 0.281135 0.953405
vt 0.367999 0.950518
vt 0.370825 0.945571
vt 0.370825 0.950518
vt 0.439177 0.966804
vt 0.442004 0.963978
vt 0.442004 0.966804
vt 0.456526 0.821999
vt 0.459352 0.819172
vt 0.459352 0.821999
vt 0.455790 0.868380
vt 0.452963 0.864133
vt 0.455790 0.864133
vt 0.442004 0.959730
vt 0.439177 0.963978
vt 0.439177 0.959730
vt 0.450447 0.946024
vt 0.447620 0.950272
vt 0.447620 0.946024
vt 0.355423 0.967014
vt 0.358250 0.964187
vt 0.358250 0.967014
vt 0.375220 0.949946
vt 0.378047 0.944999
vt 0.378047 0.949946
vt 0.456526 0.819172
vt 0.459352 0.816346
vt 0.325116 0.950986
vt 0.327942 0.955933
vt 0.325116 0.955933
vt 0.437783 0.948993
vt 0.434956 0.953940
vt 0.434956 0.948993
vt 0.300187 0.943557
vt 0.300187 0.948504
vt 0.327942 0.966868
vt 0.330769 0.964041
vt 0.330769 0.966868
vt 0.281731 0.953269
vt 0.284558 0.948322
vt 0.284558 0.953269
vt 0.459009 0.883151
vt 0.456183 0.880324
vt 0.459009 0.880324
vt 0.380874 0.954893
vt 0.378047 0.954893
vt 0.351880 0.949255
vt 0.349053 0.954202
vt 0.349053 0.949255
vt 0.427257 0.949703
vt 0.430083 0.944756
vt 0.430083 0.949703
vt 0.358328 0.966840
vt 0.361154 0.964013
vt 0.361154 0.966840
vt 0.321555 0.951493
vt 0.324381 0.956440
vt 0.321555 0.956440
vt 0.291035 0.967761
vt 0.293861 0.964935
vt 0.293861 0.967761
vt 0.443017 0.950432
vt 0.445843 0.955379
vt 0.443017 0.955379
vt 0.401733 0.948010
vt 0.398907 0.952957
vt 0.398907 0.948010
vt 0.351880 0.944308
vt 0.349053 0.944308
vt 0.456415 0.960493
vt 0.459242 0.957667
vt 0.459242 0.960493
vt 0.339101 0.966892
vt 0.341928 0.964066
vt 0.341928 0.966892
vt 0.383700 0.964167
vt 0.380874 0.966994
vt 0.380874 0.964167
vt 0.456060 0.794173
vt 0.458887 0.791347
vt 0.458887 0.794174
vt 0.439177 0.949971
vt 0.442003 0.954919
vt 0.439177 0.954919
vt 0.305609 0.947386
vt 0.302783 0.952333
vt 0.302783 0.947386
vt 0.294534 0.948504
vt 0.297360 0.943557
vt 0.455921 0.794721
vt 0.458748 0.797547
vt 0.455921 0.797547
vt 0.455921 0.785099
vt 0.458748 0.787925
vt 0.312671 0.952333
vt 0.315497 0.957280
vt 0.401967 0.952957
vt 0.404794 0.948010
vt 0.330769 0.946039
vt 0.327942 0.950986
vt 0.327942 0.946039
vt 0.454262 0.966809
vt 0.451435 0.963982
vt 0.454262 0.963982
vt 0.341928 0.955006
vt 0.339101 0.950059
vt 0.341928 0.950059
vt 0.321555 0.967375
vt 0.324381 0.964548
vt 0.324381 0.967375
vt 0.393973 0.955144
vt 0.391147 0.950197
vt 0.393973 0.950197
vt 0.290362 0.946946
vt 0.287536 0.951893
vt 0.287536 0.946946
vt 0.419816 0.949901
vt 0.422643 0.944954
vt 0.422643 0.949901
vt 0.430083 0.964274
vt 0.427257 0.967100
vt 0.427257 0.964274
vt 0.458727 0.934361
vt 0.455900 0.931534
vt 0.458727 0.931534
vt 0.291035 0.951880
vt 0.293861 0.956828
vt 0.291035 0.956828
vt 0.430083 0.954650
vt 0.430083 0.949703
vt 0.380874 0.944999
vt 0.327942 0.946039
vt 0.325116 0.946039
vt 0.315497 0.952333
vt 0.312671 0.947386
vt 0.315497 0.947386
vt 0.416584 0.954847
vt 0.419410 0.949900
vt 0.419410 0.954847
vt 0.419816 0.967297
vt 0.422643 0.964470
vt 0.422643 0.967297
vt 0.287536 0.951893
vt 0.290362 0.956840
vt 0.287536 0.956840
vt 0.362346 0.950518
vt 0.365172 0.945571
vt 0.365172 0.950518
vt 0.455740 0.939172
vt 0.458566 0.936346
vt 0.458566 0.939172
vt 0.458566 0.941185
vt 0.455740 0.944012
vt 0.455740 0.941185
vt 0.305609 0.957280
vt 0.302783 0.957280
vt 0.458616 0.864133
vt 0.455790 0.866959
vt 0.445843 0.950432
vt 0.448670 0.955379
vt 0.284669 0.953452
vt 0.287495 0.948504
vt 0.287495 0.953452
vt 0.388352 0.944915
vt 0.385525 0.949862
vt 0.385525 0.944915
vt 0.375215 0.964501
vt 0.372388 0.967328
vt 0.372388 0.964501
vt 0.458865 0.835385
vt 0.456039 0.838212
vt 0.456039 0.835385
vt 0.459009 0.880324
vt 0.390964 0.966986
vt 0.388137 0.964159
vt 0.390964 0.964159
vt 0.358328 0.950518
vt 0.361154 0.955465
vt 0.358328 0.955465
vt 0.352331 0.953215
vt 0.355158 0.948268
vt 0.355158 0.953215
vt 0.432129 0.948608
vt 0.434956 0.943661
vt 0.434956 0.948608
vt 0.456415 0.954840
vt 0.459242 0.952013
vt 0.459242 0.954840
vt 0.458448 0.886052
vt 0.455621 0.883226
vt 0.458448 0.883226
vt 0.427257 0.955630
vt 0.424430 0.950683
vt 0.427257 0.950683
vt 0.434956 0.953555
vt 0.393973 0.945250
vt 0.393973 0.950197
vt 0.456415 0.957667
vt 0.455621 0.847366
vt 0.458448 0.844540
vt 0.458448 0.847366
vt 0.393973 0.964203
vt 0.391147 0.959955
vt 0.393973 0.959955
vt 0.339101 0.964066
vt 0.341928 0.959818
vt 0.453274 0.946024
vt 0.450447 0.950272
vt 0.459040 0.922159
vt 0.456213 0.919333
vt 0.459040 0.919333
vt 0.278308 0.943511
vt 0.278308 0.948458
vt 0.442939 0.966949
vt 0.445766 0.964123
vt 0.445766 0.966949
vt 0.330769 0.955933
vt 0.327942 0.950986
vt 0.330769 0.950986
vt 0.445104 0.832559
vt 0.442277 0.837506
vt 0.383700 0.944999
vt 0.380874 0.949946
vt 0.380873 0.964516
vt 0.378047 0.967342
vt 0.378047 0.964516
vt 0.385525 0.954809
vt 0.388352 0.949862
vt 0.388352 0.954809
vt 0.424398 0.966770
vt 0.427225 0.963943
vt 0.427225 0.966770
vt 0.367999 0.955465
vt 0.365172 0.950518
vt 0.367999 0.950518
vt 0.410683 0.948010
vt 0.413510 0.952957
vt 0.410683 0.952957
vt 0.284669 0.948504
vt 0.287496 0.943557
vt 0.287496 0.948504
vt 0.459040 0.916506
vt 0.447930 0.837506
vt 0.447930 0.832559
vt 0.445843 0.966918
vt 0.448670 0.964091
vt 0.448670 0.966918
vt 0.358328 0.955465
vt 0.355501 0.950518
vt 0.358328 0.950518
vt 0.342662 0.954202
vt 0.345489 0.949255
vt 0.345489 0.954202
vt 0.341928 0.945112
vt 0.339101 0.945112
vt 0.370825 0.964161
vt 0.367999 0.966988
vt 0.367999 0.964161
vt 0.456534 0.804738
vt 0.459360 0.801912
vt 0.459360 0.804738
vt 0.456415 0.952013
vt 0.455622 0.871422
vt 0.458448 0.868595
vt 0.362346 0.950518
vt 0.365172 0.955465
vt 0.362346 0.955465
vt 0.316122 0.952333
vt 0.318949 0.947386
vt 0.318949 0.952333
vt 0.419411 0.944953
vt 0.416584 0.949900
vt 0.416584 0.944953
vt 0.456452 0.900550
vt 0.459279 0.897723
vt 0.459279 0.900550
vt 0.422643 0.954848
vt 0.422643 0.949901
vt 0.365172 0.966823
vt 0.367999 0.963996
vt 0.367999 0.966823
vt 0.378047 0.954893
vt 0.378047 0.949946
vt 0.309844 0.952333
vt 0.312671 0.952333
vt 0.361154 0.945571
vt 0.361154 0.950518
vt 0.458587 0.926723
vt 0.455760 0.929550
vt 0.455760 0.926723
vt 0.367999 0.945571
vt 0.325116 0.967072
vt 0.327942 0.964246
vt 0.327942 0.967072
vt 0.375220 0.951510
vt 0.372394 0.946563
vt 0.375220 0.946563
vt 0.309061 0.952333
vt 0.306235 0.947386
vt 0.309061 0.947386
vt 0.345489 0.944308
vt 0.342662 0.949255
vt 0.342662 0.944308
vt 0.413621 0.952957
vt 0.416447 0.948010
vt 0.416447 0.952957
vt 0.291035 0.946933
vt 0.293861 0.951880
vt 0.458865 0.832559
vt 0.456039 0.832559
vt 0.458748 0.800374
vt 0.906712 0.863073
vt 0.947316 0.863965
vt 0.946425 0.904570
vt 0.181402 0.159311
vt 0.173434 0.160194
vt 0.173429 0.159311
vt 0.173429 0.159510
vt 0.165457 0.144974
vt 0.173429 0.144974
vt 0.080438 0.114601
vt 0.088410 0.153920
vt 0.080438 0.153920
vt 0.165452 0.160393
vt 0.173425 0.160393
vt 0.096382 0.153920
vt 0.088417 0.154803
vt 0.104369 0.153920
vt 0.096397 0.114601
vt 0.104369 0.114601
vt 0.088410 0.114601
vt 0.096390 0.154803
vt 0.104362 0.154803
vt 0.148894 0.099119
vt 0.148667 0.101064
vt 0.147784 0.100181
vt 0.173449 0.101064
vt 0.186922 0.099954
vt 0.187984 0.101064
vt 0.186922 0.061090
vt 0.148667 0.059980
vt 0.187984 0.059980
vt 0.188867 0.100181
vt 0.149729 0.061090
vt 0.147784 0.060862
vt 0.187757 0.099119
vt 0.188867 0.060862
vt 0.148894 0.061925
vt 0.187757 0.061925
vt 0.149729 0.099954
vt 0.163003 0.101064
vt 0.204173 0.166612
vt 0.205283 0.174584
vt 0.204173 0.174584
vt 0.204173 0.174584
vt 0.205283 0.182557
vt 0.204173 0.182557
vt 0.898014 0.952191
vt 0.896854 0.949582
vt 0.898014 0.949582
vt 0.971903 0.942153
vt 0.970743 0.944762
vt 0.970743 0.942153
vt 0.962953 0.817217
vt 0.960344 0.812406
vt 0.962953 0.812406
vt 0.962498 0.906470
vt 0.959736 0.903219
vt 0.962498 0.903174
vt 0.959646 0.903174
vt 0.956897 0.906470
vt 0.956654 0.903174
vt 0.796620 0.947609
vt 0.797780 0.952421
vt 0.796620 0.952421
vt 0.855165 0.938861
vt 0.852445 0.934077
vt 0.855165 0.934049
vt 0.812993 0.917611
vt 0.809697 0.922422
vt 0.809697 0.917611
vt 0.923498 0.948464
vt 0.922337 0.951170
vt 0.922337 0.948307
vt 0.970743 0.950371
vt 0.971903 0.952783
vt 0.970743 0.952789
vt 0.852872 0.924155
vt 0.849577 0.919344
vt 0.852872 0.919344
vt 0.923217 0.932804
vt 0.920535 0.937616
vt 0.920649 0.932804
vt 0.971319 0.795497
vt 0.970160 0.790686
vt 0.971319 0.790686
vt 0.800119 0.952420
vt 0.801279 0.947609
vt 0.801279 0.952420
vt 0.806900 0.945859
vt 0.804291 0.942921
vt 0.806900 0.942921
vt 0.804281 0.945859
vt 0.806889 0.948796
vt 0.804281 0.948796
vt 0.923498 0.939507
vt 0.926106 0.944318
vt 0.923498 0.944318
vt 0.877595 0.946835
vt 0.874913 0.949584
vt 0.874913 0.946835
vt 0.822213 0.948400
vt 0.819464 0.945871
vt 0.822213 0.945983
vt 0.923473 0.927857
vt 0.920535 0.923046
vt 0.923473 0.923046
vt 0.785222 0.938064
vt 0.787931 0.933253
vt 0.788043 0.938064
vt 0.957133 0.881549
vt 0.959882 0.886360
vt 0.957135 0.886360
vt 0.963448 0.787359
vt 0.966197 0.784586
vt 0.966197 0.787480
vt 0.806929 0.942922
vt 0.809678 0.945739
vt 0.806929 0.945899
vt 0.834779 0.940592
vt 0.832030 0.935781
vt 0.834779 0.935781
vt 0.842790 0.937266
vt 0.839974 0.932454
vt 0.842790 0.932454
vt 0.842645 0.937266
vt 0.839896 0.942077
vt 0.839897 0.937266
vt 0.959025 0.856527
vt 0.956276 0.861338
vt 0.956277 0.856527
vt 0.968176 0.916193
vt 0.965513 0.918942
vt 0.965481 0.916193
vt 0.861994 0.948536
vt 0.859245 0.945927
vt 0.861994 0.945698
vt 0.959836 0.872695
vt 0.962444 0.877507
vt 0.959836 0.877507
vt 0.831336 0.944395
vt 0.828541 0.941099
vt 0.831336 0.941099
vt 0.798150 0.944782
vt 0.800698 0.941486
vt 0.800698 0.944782
vt 0.957167 0.896111
vt 0.959916 0.891299
vt 0.959915 0.896111
vt 0.954336 0.829198
vt 0.957084 0.834009
vt 0.954336 0.834009
vt 0.819585 0.917611
vt 0.822881 0.922422
vt 0.819586 0.922422
vt 0.893440 0.945626
vt 0.890691 0.948322
vt 0.890691 0.945455
vt 0.962219 0.945091
vt 0.964968 0.947840
vt 0.962219 0.947977
vt 0.816289 0.922422
vt 0.812993 0.922422
vt 0.917597 0.932804
vt 0.920346 0.937615
vt 0.917597 0.937615
vt 0.845539 0.937266
vt 0.842790 0.942077
vt 0.842791 0.937266
vt 0.874913 0.940124
vt 0.877662 0.935313
vt 0.877662 0.940124
vt 0.965231 0.867884
vt 0.962623 0.870822
vt 0.962485 0.867884
vt 0.855147 0.946638
vt 0.852538 0.943700
vt 0.855147 0.943700
vt 0.944616 0.943410
vt 0.941872 0.938599
vt 0.944616 0.938599
vt 0.848765 0.946784
vt 0.846016 0.949489
vt 0.846016 0.946740
vt 0.859245 0.942896
vt 0.861994 0.945470
vt 0.859245 0.945698
vt 0.911708 0.927857
vt 0.914646 0.923046
vt 0.914646 0.927857
vt 0.954339 0.872695
vt 0.957088 0.867884
vt 0.957124 0.872695
vt 0.794332 0.942921
vt 0.791583 0.938110
vt 0.794330 0.938110
vt 0.965212 0.812372
vt 0.962463 0.809434
vt 0.965212 0.809434
vt 0.929673 0.805348
vt 0.932378 0.808186
vt 0.929631 0.808289
vt 0.800698 0.936675
vt 0.797949 0.941486
vt 0.797950 0.936675
vt 0.954427 0.891237
vt 0.957133 0.886487
vt 0.957133 0.891299
vt 0.908771 0.927857
vt 0.911708 0.923046
vt 0.920535 0.927857
vt 0.917598 0.923046
vt 0.920535 0.923046
vt 0.967614 0.881549
vt 0.964865 0.884275
vt 0.964865 0.881549
vt 0.881911 0.949924
vt 0.879302 0.947175
vt 0.881911 0.947175
vt 0.962114 0.805815
vt 0.959506 0.801004
vt 0.962114 0.801004
vt 0.967609 0.891299
vt 0.964860 0.893871
vt 0.964860 0.891375
vt 0.869034 0.943421
vt 0.871783 0.946169
vt 0.869034 0.946358
vt 0.957136 0.824387
vt 0.959885 0.829198
vt 0.957136 0.829198
vt 0.960044 0.838821
vt 0.962539 0.843632
vt 0.959876 0.843632
vt 0.892439 0.934657
vt 0.895189 0.939467
vt 0.892439 0.939468
vt 0.837778 0.943888
vt 0.834986 0.940592
vt 0.837778 0.940592
vt 0.960403 0.774497
vt 0.962975 0.771271
vt 0.962975 0.774568
vt 0.941792 0.943025
vt 0.939044 0.938213
vt 0.941792 0.938213
vt 0.954336 0.843631
vt 0.957084 0.848443
vt 0.954336 0.848443
vt 0.819585 0.922422
vt 0.816289 0.917611
vt 0.819583 0.917611
vt 0.822881 0.917611
vt 0.826176 0.922422
vt 0.822881 0.922422
vt 0.872009 0.943421
vt 0.869397 0.940125
vt 0.872009 0.940125
vt 0.963367 0.877571
vt 0.960758 0.880867
vt 0.960605 0.877571
vt 0.962485 0.872695
vt 0.959877 0.867884
vt 0.852258 0.946638
vt 0.849577 0.943700
vt 0.852325 0.943700
vt 0.962519 0.806496
vt 0.859263 0.924155
vt 0.855967 0.919344
vt 0.859262 0.919344
vt 0.785277 0.942875
vt 0.787971 0.938064
vt 0.787971 0.942875
vt 0.914660 0.927857
vt 0.917597 0.923046
vt 0.917597 0.927857
vt 0.946289 0.949401
vt 0.948840 0.946652
vt 0.948840 0.949401
vt 0.967996 0.903174
vt 0.965247 0.905923
vt 0.965247 0.903174
vt 0.791583 0.923359
vt 0.788646 0.928170
vt 0.788646 0.923359
vt 0.788844 0.937928
vt 0.791394 0.942739
vt 0.788646 0.942739
vt 0.898016 0.939196
vt 0.895267 0.934384
vt 0.898016 0.934384
vt 0.960227 0.769757
vt 0.957478 0.774568
vt 0.957478 0.769757
vt 0.964968 0.944954
vt 0.967717 0.947562
vt 0.964968 0.947736
vt 0.936841 0.949697
vt 0.934233 0.946948
vt 0.936841 0.946948
vt 0.954534 0.911382
vt 0.957205 0.916193
vt 0.954534 0.916193
vt 0.920346 0.942426
vt 0.917597 0.945175
vt 0.917597 0.942426
vt 0.864959 0.949610
vt 0.862338 0.946861
vt 0.865030 0.946861
vt 0.955584 0.939902
vt 0.958333 0.935091
vt 0.958333 0.939902
vt 0.954908 0.779392
vt 0.957478 0.774587
vt 0.957478 0.779398
vt 0.946092 0.939577
vt 0.948840 0.934766
vt 0.948840 0.939578
vt 0.794332 0.946011
vt 0.791583 0.948714
vt 0.791583 0.945898
vt 0.828549 0.947222
vt 0.831058 0.949971
vt 0.828469 0.949971
vt 0.804197 0.942921
vt 0.801448 0.938110
vt 0.804196 0.938110
vt 0.941670 0.933402
vt 0.939161 0.933402
vt 0.898061 0.934992
vt 0.900810 0.939803
vt 0.898061 0.939803
vt 0.957128 0.843632
vt 0.959876 0.838821
vt 0.959876 0.843632
vt 0.952575 0.946797
vt 0.949883 0.949546
vt 0.949853 0.946797
vt 0.955491 0.946765
vt 0.952794 0.949515
vt 0.952757 0.946765
vt 0.849577 0.938889
vt 0.852274 0.943700
vt 0.969144 0.833568
vt 0.971120 0.830819
vt 0.971120 0.833568
vt 0.968560 0.787836
vt 0.970535 0.790563
vt 0.968560 0.790601
vt 0.960045 0.916193
vt 0.957296 0.921004
vt 0.957297 0.916193
vt 0.874807 0.940124
vt 0.872086 0.943843
vt 0.872086 0.940124
vt 0.942670 0.819502
vt 0.944645 0.815783
vt 0.944645 0.819502
vt 0.917393 0.948311
vt 0.914646 0.945673
vt 0.917393 0.945560
vt 0.939044 0.945999
vt 0.941793 0.948748
vt 0.939044 0.948809
vt 0.967616 0.911382
vt 0.965641 0.915101
vt 0.965641 0.911382
vt 0.859245 0.937874
vt 0.861994 0.942685
vt 0.859245 0.942685
vt 0.904696 0.937225
vt 0.901947 0.942036
vt 0.901948 0.937225
vt 0.804264 0.938110
vt 0.807012 0.942921
vt 0.804264 0.942921
vt 0.868007 0.943844
vt 0.865258 0.940141
vt 0.868007 0.940124
vt 0.962654 0.921004
vt 0.960045 0.916193
vt 0.962654 0.916193
vt 0.960061 0.886424
vt 0.962533 0.891235
vt 0.959882 0.891235
vt 0.790448 0.951193
vt 0.791574 0.948585
vt 0.791574 0.951193
vt 0.916448 0.951033
vt 0.917574 0.948425
vt 0.917574 0.951033
vt 0.926731 0.939506
vt 0.929339 0.944318
vt 0.926731 0.944318
vt 0.960368 0.856452
vt 0.957606 0.853311
vt 0.960368 0.853264
vt 0.906695 0.808434
vt 0.909444 0.805247
vt 0.909687 0.808434
vt 0.845573 0.947924
vt 0.844447 0.952735
vt 0.844447 0.947924
vt 0.957296 0.925844
vt 0.954577 0.921060
vt 0.957296 0.921032
vt 0.846016 0.924959
vt 0.849203 0.920147
vt 0.849203 0.924959
vt 0.966156 0.941114
vt 0.967282 0.938408
vt 0.967282 0.941271
vt 0.970900 0.939036
vt 0.972026 0.941449
vt 0.970900 0.941455
vt 0.831656 0.926393
vt 0.828469 0.921582
vt 0.831656 0.921582
vt 0.914427 0.932805
vt 0.911745 0.937616
vt 0.911859 0.932805
vt 0.971488 0.787836
vt 0.970362 0.783025
vt 0.971488 0.783026
vt 0.971322 0.804935
vt 0.970196 0.809747
vt 0.970196 0.804935
vt 0.968420 0.773943
vt 0.965812 0.771194
vt 0.968420 0.771194
vt 0.929339 0.949893
vt 0.926731 0.947144
vt 0.929339 0.947144
vt 0.962835 0.779379
vt 0.960227 0.774568
vt 0.962835 0.774568
vt 0.968162 0.921032
vt 0.965480 0.923781
vt 0.965480 0.921032
vt 0.801448 0.946107
vt 0.804197 0.948636
vt 0.801448 0.948524
vt 0.797199 0.941499
vt 0.794450 0.936688
vt 0.797199 0.936688
vt 0.953818 0.801004
vt 0.956527 0.796193
vt 0.956639 0.801004
vt 0.960045 0.925843
vt 0.957296 0.921032
vt 0.960045 0.921034
vt 0.801448 0.945694
vt 0.804281 0.942921
vt 0.804281 0.945815
vt 0.929631 0.808223
vt 0.926798 0.805407
vt 0.929631 0.805247
vt 0.813149 0.936992
vt 0.815898 0.941803
vt 0.813149 0.941803
vt 0.825931 0.936992
vt 0.823114 0.932181
vt 0.825931 0.932181
vt 0.953474 0.903173
vt 0.956307 0.898362
vt 0.956307 0.903174
vt 0.956651 0.781759
vt 0.953818 0.786570
vt 0.953818 0.781760
vt 0.965225 0.832380
vt 0.967888 0.829547
vt 0.967920 0.832380
vt 0.828469 0.946577
vt 0.825636 0.943968
vt 0.828469 0.943739
vt 0.855099 0.943700
vt 0.852490 0.938889
vt 0.855099 0.938889
vt 0.923284 0.945439
vt 0.920535 0.948234
vt 0.920535 0.945439
vt 0.849577 0.946839
vt 0.852325 0.949387
vt 0.849577 0.949387
vt 0.791479 0.933117
vt 0.788646 0.937928
vt 0.788646 0.933117
vt 0.898061 0.929573
vt 0.895312 0.924762
vt 0.898061 0.924762
vt 0.917597 0.937616
vt 0.917597 0.942425
vt 0.917597 0.948154
vt 0.920346 0.945458
vt 0.920346 0.948325
vt 0.963448 0.790374
vt 0.966197 0.793123
vt 0.963448 0.793260
vt 0.959836 0.877507
vt 0.957087 0.872696
vt 0.845657 0.937266
vt 0.842908 0.932454
vt 0.845657 0.932454
vt 0.955584 0.935090
vt 0.958333 0.930279
vt 0.958333 0.935091
vt 0.959768 0.806496
vt 0.957019 0.811307
vt 0.957019 0.806497
vt 0.965362 0.853940
vt 0.967971 0.851191
vt 0.968108 0.853940
vt 0.968109 0.836758
vt 0.965501 0.834009
vt 0.968109 0.834009
vt 0.961771 0.861338
vt 0.959027 0.856527
vt 0.961771 0.856527
vt 0.965362 0.851147
vt 0.968111 0.848443
vt 0.968111 0.851191
vt 0.920535 0.942638
vt 0.923284 0.945212
vt 0.882057 0.936305
vt 0.879308 0.941116
vt 0.879308 0.936305
vt 0.957124 0.863073
vt 0.954375 0.867884
vt 0.954339 0.863073
vt 0.957133 0.886424
vt 0.959882 0.891235
vt 0.957133 0.891234
vt 0.921267 0.805247
vt 0.924016 0.808434
vt 0.921267 0.808434
vt 0.794492 0.941592
vt 0.797197 0.944688
vt 0.794450 0.944783
vt 0.809697 0.941939
vt 0.812446 0.937128
vt 0.812446 0.941938
vt 0.954427 0.886362
vt 0.957133 0.881612
vt 0.816398 0.927233
vt 0.819585 0.927233
vt 0.822772 0.927233
vt 0.822772 0.922422
vt 0.967717 0.942228
vt 0.967717 0.944954
vt 0.923498 0.947145
vt 0.926107 0.949894
vt 0.923498 0.949894
vt 0.962114 0.801004
vt 0.959506 0.796193
vt 0.962114 0.796193
vt 0.967614 0.886424
vt 0.964865 0.888995
vt 0.964865 0.886500
vt 0.944619 0.946348
vt 0.941870 0.943599
vt 0.944619 0.943410
vt 0.959056 0.903174
vt 0.956307 0.903174
vt 0.960041 0.863073
vt 0.962536 0.867884
vt 0.959873 0.867884
vt 0.936920 0.939309
vt 0.934171 0.934498
vt 0.936920 0.934497
vt 0.962498 0.905966
vt 0.813325 0.948339
vt 0.815896 0.945674
vt 0.815896 0.948425
vt 0.874835 0.940124
vt 0.872086 0.935313
vt 0.874835 0.935313
vt 0.957127 0.838820
vt 0.954379 0.834009
vt 0.957127 0.834009
vt 0.905821 0.937616
vt 0.908570 0.942426
vt 0.905821 0.942424
vt 0.956639 0.791382
vt 0.959388 0.796193
vt 0.956639 0.796193
vt 0.909687 0.805247
vt 0.912299 0.808434
vt 0.918505 0.808434
vt 0.921114 0.805247
vt 0.962528 0.896111
vt 0.959920 0.891299
vt 0.962528 0.891299
vt 0.791327 0.948585
vt 0.788646 0.945752
vt 0.791394 0.945752
vt 0.809752 0.945718
vt 0.812446 0.948552
vt 0.809697 0.948552
vt 0.926731 0.919989
vt 0.929918 0.924800
vt 0.926731 0.924801
vt 0.961027 0.935091
vt 0.862078 0.933063
vt 0.859245 0.933062
vt 0.965560 0.865822
vt 0.968111 0.863073
vt 0.968111 0.865822
vt 0.965231 0.822325
vt 0.967980 0.819576
vt 0.967980 0.822325
vt 0.953818 0.791381
vt 0.956651 0.786570
vt 0.956651 0.791381
vt 0.920733 0.937616
vt 0.923284 0.942427
vt 0.920535 0.942427
vt 0.884883 0.939552
vt 0.882135 0.934741
vt 0.884883 0.934741
vt 0.960227 0.764946
vt 0.944619 0.949130
vt 0.941870 0.946521
vt 0.834700 0.949669
vt 0.832092 0.946920
vt 0.834700 0.946920
vt 0.944652 0.938599
vt 0.941982 0.933788
vt 0.944652 0.933788
vt 0.908882 0.945458
vt 0.911630 0.942709
vt 0.911630 0.945458
vt 0.965572 0.906571
vt 0.968194 0.909320
vt 0.965501 0.909320
vt 0.956639 0.805815
vt 0.959388 0.801004
vt 0.959388 0.805815
vt 0.954908 0.774575
vt 0.957478 0.769770
vt 0.957478 0.774581
vt 0.959873 0.867885
vt 0.957124 0.872695
vt 0.957124 0.867885
vt 0.806929 0.948602
vt 0.809678 0.945899
vt 0.809678 0.948715
vt 0.885041 0.947190
vt 0.887551 0.949939
vt 0.884961 0.949939
vt 0.952757 0.935226
vt 0.955506 0.940037
vt 0.952757 0.940038
vt 0.794210 0.933299
vt 0.791701 0.933299
vt 0.960066 0.916193
vt 0.957317 0.911382
vt 0.960066 0.911382
vt 0.957124 0.867885
vt 0.959873 0.863073
vt 0.959873 0.867885
vt 0.895051 0.949582
vt 0.897743 0.946833
vt 0.897773 0.949582
vt 0.965366 0.841570
vt 0.968063 0.838821
vt 0.968099 0.841570
vt 0.962122 0.791381
vt 0.959425 0.786570
vt 0.962122 0.786570
vt 0.966274 0.784508
vt 0.968445 0.781759
vt 0.968445 0.784508
vt 0.939012 0.949713
vt 0.936841 0.946987
vt 0.939012 0.946948
vt 0.960066 0.906571
vt 0.957317 0.911382
vt 0.957317 0.906571
vt 0.952652 0.940037
vt 0.949931 0.943970
vt 0.949931 0.940037
vt 0.821635 0.941939
vt 0.821635 0.945871
vt 0.914491 0.948311
vt 0.911745 0.945673
vt 0.914491 0.945560
vt 0.904696 0.948731
vt 0.901947 0.945982
vt 0.904696 0.945921
vt 0.949191 0.812406
vt 0.951362 0.808473
vt 0.951362 0.812406
vt 0.908882 0.937616
vt 0.911630 0.942427
vt 0.908882 0.942427
vt 0.869260 0.940124
vt 0.872009 0.935313
vt 0.957121 0.848443
vt 0.959870 0.853254
vt 0.957121 0.853254
vt 0.958349 0.943835
vt 0.955600 0.939918
vt 0.958349 0.939902
vt 0.962835 0.764946
vt 0.962354 0.886360
vt 0.959882 0.881549
vt 0.962533 0.881549
vt 0.970640 0.889033
vt 0.971864 0.886424
vt 0.971864 0.889033
vt 0.971435 0.916161
vt 0.970211 0.913552
vt 0.971435 0.913540
vt 0.936779 0.944121
vt 0.934171 0.939310
vt 0.936779 0.939310
vt 0.955600 0.946703
vt 0.958349 0.943994
vt 0.958349 0.946757
vt 0.787971 0.945867
vt 0.785222 0.943118
vt 0.787971 0.942875
vt 0.968074 0.901164
vt 0.969298 0.896353
vt 0.969298 0.901164
vt 0.852338 0.938861
vt 0.849619 0.934077
vt 0.852338 0.934049
vt 0.959388 0.796193
vt 0.959388 0.801003
vt 0.822859 0.944802
vt 0.821635 0.941996
vt 0.822859 0.941939
vt 0.970385 0.878992
vt 0.971609 0.881403
vt 0.970385 0.881548
vt 0.959400 0.786571
vt 0.959400 0.781759
vt 0.917328 0.932804
vt 0.914646 0.937616
vt 0.914760 0.932804
vt 0.967336 0.784586
vt 0.968560 0.789398
vt 0.967336 0.789399
vt 0.967616 0.910290
vt 0.968840 0.915101
vt 0.967616 0.915101
vt 0.970643 0.912898
vt 0.971867 0.910290
vt 0.971867 0.912898
vt 0.966192 0.953170
vt 0.964968 0.950561
vt 0.966192 0.950485
vt 0.895048 0.944279
vt 0.895048 0.939468
vt 0.819440 0.941939
vt 0.816758 0.945171
vt 0.816758 0.941939
vt 0.879600 0.944349
vt 0.882129 0.941116
vt 0.882017 0.944349
vt 0.969144 0.827569
vt 0.967920 0.827569
vt 0.953930 0.805815
vt 0.937403 0.924603
vt 0.934171 0.919792
vt 0.937403 0.919790
vt 0.827009 0.939886
vt 0.825786 0.937137
vt 0.827009 0.936992
vt 0.847818 0.949602
vt 0.849042 0.952305
vt 0.847818 0.952238
vt 0.923498 0.919989
vt 0.926731 0.924800
vt 0.923498 0.924800
vt 0.904841 0.937225
vt 0.902025 0.932413
vt 0.904841 0.932413
vt 0.968833 0.896111
vt 0.967609 0.891300
vt 0.968833 0.891299
vt 0.968941 0.942153
vt 0.967717 0.946965
vt 0.967717 0.942153
vt 0.971759 0.790532
vt 0.970535 0.787923
vt 0.971759 0.787836
vt 0.967416 0.953156
vt 0.966192 0.950547
vt 0.967416 0.950485
vt 0.962463 0.811307
vt 0.959855 0.806496
vt 0.962463 0.806496
vt 0.869034 0.949226
vt 0.871700 0.946431
vt 0.871700 0.949226
vt 0.965662 0.767974
vt 0.968328 0.770522
vt 0.965662 0.770522
vt 0.969204 0.819576
vt 0.967980 0.824387
vt 0.898061 0.934384
vt 0.895312 0.929573
vt 0.809678 0.942922
vt 0.807012 0.938111
vt 0.809678 0.938110
vt 0.869231 0.937153
vt 0.868007 0.940020
vt 0.868007 0.937153
vt 0.830271 0.950167
vt 0.831495 0.952720
vt 0.830271 0.952729
vt 0.959870 0.848443
vt 0.962536 0.853254
vt 0.959870 0.853253
vt 0.908688 0.937615
vt 0.905939 0.932804
vt 0.908688 0.932804
vt 0.837943 0.945310
vt 0.839167 0.950121
vt 0.837943 0.950123
vt 0.969335 0.853253
vt 0.968111 0.853253
vt 0.795674 0.953105
vt 0.794450 0.950496
vt 0.795674 0.950359
vt 0.971354 0.770526
vt 0.970130 0.767782
vt 0.971354 0.767773
vt 0.961802 0.903173
vt 0.959058 0.898362
vt 0.961802 0.898362
vt 0.965231 0.870589
vt 0.967980 0.867884
vt 0.967980 0.870633
vt 0.788646 0.942950
vt 0.791395 0.945524
vt 0.967613 0.870690
vt 0.968837 0.875501
vt 0.967613 0.875502
vt 0.957121 0.848443
vt 0.954372 0.853254
vt 0.923498 0.934695
vt 0.926247 0.939506
vt 0.967717 0.952964
vt 0.968941 0.950215
vt 0.968941 0.952964
vt 0.907623 0.951031
vt 0.908847 0.948374
vt 0.908847 0.951183
vt 0.867991 0.935313
vt 0.865242 0.940124
vt 0.865242 0.935313
vt 0.954381 0.877509
vt 0.957087 0.872758
vt 0.957087 0.877571
vt 0.967534 0.805819
vt 0.968758 0.801008
vt 0.968758 0.805819
vt 0.967614 0.881549
vt 0.968838 0.886360
vt 0.967614 0.886360
vt 0.967904 0.796177
vt 0.966197 0.793459
vt 0.967904 0.793451
vt 0.970385 0.878835
vt 0.968677 0.881443
vt 0.968677 0.878835
vt 0.962114 0.796193
vt 0.959506 0.791381
vt 0.962114 0.791381
vt 0.967534 0.803013
vt 0.964785 0.805584
vt 0.964785 0.803089
vt 0.858716 0.946616
vt 0.855967 0.943867
vt 0.858716 0.943678
vt 0.892398 0.940645
vt 0.892398 0.945455
vt 0.962371 0.838820
vt 0.959876 0.834009
vt 0.962539 0.834009
vt 0.956651 0.786571
vt 0.959400 0.791381
vt 0.956651 0.791380
vt 0.925300 0.952572
vt 0.926524 0.949894
vt 0.926524 0.952686
vt 0.797949 0.953107
vt 0.799173 0.950358
vt 0.799173 0.953107
vt 0.837605 0.940592
vt 0.834856 0.935781
vt 0.837605 0.935781
vt 0.957127 0.843631
vt 0.954379 0.838820
vt 0.969204 0.865822
vt 0.967980 0.865823
vt 0.969333 0.834009
vt 0.968109 0.838820
vt 0.809696 0.934977
vt 0.808472 0.937590
vt 0.808472 0.934977
vt 0.971814 0.773852
vt 0.970590 0.771244
vt 0.971814 0.771194
vt 0.897878 0.944007
vt 0.895270 0.939196
vt 0.897878 0.939196
vt 0.852403 0.949319
vt 0.855152 0.946638
vt 0.855152 0.949387
vt 0.965362 0.827081
vt 0.968111 0.824387
vt 0.968111 0.827136
vt 0.968055 0.812406
vt 0.969279 0.817217
vt 0.968055 0.817216
vt 0.914701 0.942427
vt 0.917395 0.937616
vt 0.917395 0.942427
vt 0.957127 0.838821
vt 0.959876 0.834010
vt 0.959876 0.838820
vt 0.961592 0.853264
vt 0.960368 0.856013
vt 0.960368 0.853462
vt 0.970431 0.796395
vt 0.971655 0.798942
vt 0.970431 0.798942
vt 0.957478 0.779379
vt 0.958531 0.930279
vt 0.961082 0.935090
vt 0.958333 0.935090
vt 0.968629 0.801006
vt 0.967405 0.796195
vt 0.968629 0.796193
vt 0.969298 0.905976
vt 0.969298 0.901165
vt 0.971305 0.935491
vt 0.970081 0.932781
vt 0.971305 0.932709
vt 0.970560 0.803678
vt 0.971784 0.801069
vt 0.971784 0.803678
vt 0.957317 0.911382
vt 0.954646 0.906571
vt 0.957317 0.906571
vt 0.845394 0.942077
vt 0.842645 0.944826
vt 0.842645 0.942077
vt 0.965602 0.843980
vt 0.968223 0.846729
vt 0.965531 0.846729
vt 0.969335 0.861011
vt 0.968111 0.861011
vt 0.954908 0.769758
vt 0.957478 0.764952
vt 0.957478 0.769763
vt 0.848765 0.934853
vt 0.846016 0.939665
vt 0.846016 0.934853
vt 0.952132 0.860232
vt 0.953392 0.862930
vt 0.952132 0.863048
vt 0.859030 0.949618
vt 0.857770 0.952127
vt 0.857770 0.949378
vt 0.957140 0.819576
vt 0.959889 0.824387
vt 0.957140 0.824386
vt 0.806901 0.933299
vt 0.804274 0.938110
vt 0.804392 0.933299
vt 0.966193 0.880397
vt 0.967453 0.875586
vt 0.967453 0.880397
vt 0.931178 0.919989
vt 0.929918 0.919989
vt 0.970479 0.875584
vt 0.971703 0.878193
vt 0.970479 0.878307
vt 0.970531 0.860466
vt 0.971755 0.857851
vt 0.971755 0.860466
vt 0.858689 0.943678
vt 0.855992 0.938867
vt 0.858689 0.938867
vt 0.967129 0.947736
vt 0.964968 0.950485
vt 0.968358 0.793451
vt 0.966197 0.790725
vt 0.968358 0.790686
vt 0.967614 0.891236
vt 0.968838 0.886424
vt 0.968838 0.891235
vt 0.874941 0.944009
vt 0.877662 0.944009
vt 0.901947 0.945921
vt 0.904108 0.942036
vt 0.904108 0.945921
vt 0.872061 0.949226
vt 0.870837 0.951975
vt 0.870837 0.949226
vt 0.969519 0.950412
vt 0.970743 0.952964
vt 0.969519 0.952964
vt 0.842057 0.942077
vt 0.839896 0.945962
vt 0.914494 0.942427
vt 0.914494 0.937616
vt 0.968677 0.880397
vt 0.967453 0.875586
vt 0.968677 0.875584
vt 0.968099 0.838821
vt 0.969323 0.843632
vt 0.968099 0.843632
vt 0.953720 0.856574
vt 0.956276 0.861339
vt 0.953470 0.861391
vt 0.962510 0.824387
vt 0.959901 0.819576
vt 0.962510 0.819576
vt 0.955523 0.943923
vt 0.952774 0.940054
vt 0.955523 0.940038
vt 0.970611 0.938568
vt 0.971839 0.935959
vt 0.971839 0.938568
vt 0.970613 0.767554
vt 0.971841 0.764946
vt 0.971841 0.767554
vt 0.960045 0.921032
vt 0.962654 0.925843
vt 0.960045 0.925843
vt 0.918505 0.808387
vt 0.915744 0.805293
vt 0.918505 0.805247
vt 0.915654 0.805247
vt 0.912905 0.808386
vt 0.912661 0.805247
vt 0.967166 0.806496
vt 0.968394 0.811307
vt 0.967166 0.811307
vt 0.957296 0.921004
vt 0.954577 0.916221
vt 0.957296 0.916193
vt 0.826176 0.922423
vt 0.823037 0.927233
vt 0.823037 0.922422
vt 0.816709 0.941960
vt 0.815481 0.944666
vt 0.815481 0.941803
vt 0.971954 0.812165
vt 0.970726 0.809752
vt 0.971954 0.809747
vt 0.813149 0.922422
vt 0.816289 0.927233
vt 0.813149 0.927233
vt 0.909062 0.937616
vt 0.911745 0.932805
vt 0.911630 0.937616
vt 0.895048 0.949090
vt 0.893818 0.944279
vt 0.944794 0.949354
vt 0.946023 0.944543
vt 0.946023 0.949354
vt 0.968281 0.767746
vt 0.965672 0.764946
vt 0.968281 0.764946
vt 0.968270 0.777368
vt 0.965662 0.774568
vt 0.968270 0.774568
vt 0.960066 0.906571
vt 0.962674 0.911382
vt 0.960066 0.911382
vt 0.890470 0.946841
vt 0.887788 0.949590
vt 0.887788 0.946841
vt 0.785222 0.946159
vt 0.787971 0.948688
vt 0.785222 0.948576
vt 0.954336 0.824387
vt 0.957136 0.829198
vt 0.953818 0.796193
vt 0.956527 0.791381
vt 0.956639 0.796193
vt 0.957593 0.817217
vt 0.954845 0.812406
vt 0.957596 0.812406
vt 0.966197 0.787601
vt 0.963448 0.787480
vt 0.791583 0.942921
vt 0.794332 0.945738
vt 0.823037 0.936992
vt 0.825786 0.941803
vt 0.823037 0.941803
vt 0.816043 0.936992
vt 0.813227 0.932181
vt 0.816043 0.932181
vt 0.929480 0.934695
vt 0.926732 0.939506
vt 0.926731 0.934695
vt 0.952680 0.935226
vt 0.952680 0.940037
vt 0.884830 0.946842
vt 0.882167 0.949591
vt 0.882135 0.946842
vt 0.822620 0.945583
vt 0.825369 0.948191
vt 0.822620 0.948421
vt 0.934171 0.925584
vt 0.931562 0.919790
vt 0.934171 0.919790
vt 0.819464 0.945171
vt 0.816715 0.947966
vt 0.816715 0.945171
vt 0.961098 0.949204
vt 0.958349 0.946656
vt 0.961098 0.946656
vt 0.804198 0.923405
vt 0.806947 0.917611
vt 0.806948 0.923405
vt 0.931344 0.940289
vt 0.934093 0.943790
vt 0.931344 0.943790
vt 0.832031 0.940592
vt 0.834780 0.944093
vt 0.832030 0.944093
vt 0.908570 0.945628
vt 0.905821 0.948325
vt 0.905821 0.945458
vt 0.966197 0.796009
vt 0.963448 0.796146
vt 0.960066 0.911382
vt 0.962815 0.914883
vt 0.960066 0.914883
vt 0.794450 0.923405
vt 0.791701 0.917611
vt 0.794450 0.917611
vt 0.804198 0.917611
vt 0.801449 0.923405
vt 0.801448 0.917611
vt 0.809696 0.917611
vt 0.809697 0.923405
vt 0.964864 0.875502
vt 0.967613 0.872931
vt 0.967613 0.875426
vt 0.962219 0.942153
vt 0.964968 0.944902
vt 0.968420 0.773690
vt 0.970590 0.771194
vt 0.970590 0.773857
vt 0.794450 0.950359
vt 0.796620 0.950358
vt 0.800119 0.947609
vt 0.797949 0.950358
vt 0.797949 0.947609
vt 0.941793 0.943025
vt 0.939044 0.945637
vt 0.939044 0.943025
vt 0.931313 0.946617
vt 0.934062 0.949226
vt 0.931313 0.949379
vt 0.962492 0.834009
vt 0.959883 0.829547
vt 0.962492 0.829547
vt 0.865309 0.946687
vt 0.867991 0.949436
vt 0.865242 0.949436
vt 0.837605 0.946770
vt 0.834856 0.949464
vt 0.834856 0.946715
vt 0.957128 0.843980
vt 0.959877 0.848443
vt 0.957127 0.848443
vt 0.822278 0.937128
vt 0.819585 0.941939
vt 0.819585 0.937128
vt 0.862415 0.940124
vt 0.865164 0.935313
vt 0.865165 0.940124
vt 0.955798 0.949506
vt 0.958349 0.946757
vt 0.958349 0.949506
vt 0.874835 0.949419
vt 0.872086 0.946670
vt 0.874835 0.946670
vt 0.960344 0.817217
vt 0.957596 0.817217
vt 0.887986 0.939552
vt 0.890537 0.944014
vt 0.887788 0.944014
vt 0.884883 0.944016
vt 0.882135 0.939553
vt 0.884883 0.939553
vt 0.959880 0.829547
vt 0.957131 0.834009
vt 0.957131 0.829547
vt 0.926798 0.805247
vt 0.924190 0.808286
vt 0.924016 0.805247
vt 0.964785 0.806052
vt 0.962176 0.803013
vt 0.964785 0.803013
vt 0.957167 0.896111
vt 0.954496 0.891299
vt 0.957167 0.891299
vt 0.905821 0.945175
vt 0.905821 0.942426
vt 0.900683 0.949626
vt 0.898061 0.946877
vt 0.900754 0.946877
vt 0.809697 0.927234
vt 0.812736 0.922422
vt 0.812736 0.927234
vt 0.856146 0.938861
vt 0.858716 0.934056
vt 0.858716 0.938867
vt 0.828469 0.941099
vt 0.831218 0.936288
vt 0.831218 0.941099
vt 0.845449 0.945221
vt 0.842645 0.947924
vt 0.842645 0.945108
vt 0.968171 0.780200
vt 0.965662 0.777395
vt 0.968251 0.777395
vt 0.887788 0.934741
vt 0.890537 0.939552
vt 0.887788 0.939552
vt 0.804075 0.933299
vt 0.801448 0.938110
vt 0.801565 0.933299
vt 0.954214 0.806496
vt 0.957018 0.811307
vt 0.954214 0.811307
vt 0.954336 0.824387
vt 0.957140 0.824387
vt 0.965231 0.819576
vt 0.962540 0.822524
vt 0.965225 0.829547
vt 0.962528 0.832495
vt 0.959400 0.781759
vt 0.962097 0.786570
vt 0.959400 0.786570
vt 0.839167 0.950123
vt 0.837213 0.952872
vt 0.837213 0.950123
vt 0.971289 0.854458
vt 0.969335 0.851732
vt 0.971289 0.851693
vt 0.905821 0.927857
vt 0.908769 0.923046
vt 0.908770 0.927857
vt 0.862443 0.944035
vt 0.865164 0.940124
vt 0.865164 0.944035
vt 0.965212 0.810407
vt 0.967166 0.810407
vt 0.911628 0.948209
vt 0.908882 0.945572
vt 0.911628 0.945458
vt 0.842057 0.948772
vt 0.839308 0.946023
vt 0.842057 0.945962
vt 0.839896 0.941399
vt 0.837943 0.945310
vt 0.837943 0.941399
vt 0.816758 0.937128
vt 0.819507 0.941939
vt 0.887711 0.934741
vt 0.884962 0.939552
vt 0.884961 0.934741
vt 0.934093 0.940289
vt 0.931344 0.935478
vt 0.934093 0.935478
vt 0.961114 0.943813
vt 0.958366 0.939918
vt 0.961114 0.939902
vt 0.887569 0.944363
vt 0.884961 0.939552
vt 0.887569 0.939552
vt 0.960064 0.824387
vt 0.962536 0.829198
vt 0.959885 0.829198
vt 0.186936 0.811447
vt 0.176552 0.772013
vt 0.196702 0.771147
vt 0.091973 0.874765
vt 0.053406 0.880405
vt 0.053406 0.874765
vt 0.054272 0.776787
vt 0.059031 0.771147
vt 0.059031 0.776787
vt 0.092840 0.874758
vt 0.091973 0.880405
vt 0.053406 0.776791
vt 0.054272 0.771147
vt 0.068548 0.776787
vt 0.073556 0.771147
vt 0.073556 0.776787
vt 0.112989 0.831417
vt 0.132273 0.825777
vt 0.132273 0.831417
vt 0.112989 0.880398
vt 0.132273 0.857969
vt 0.132273 0.880398
vt 0.218775 0.934179
vt 0.219624 0.911749
vt 0.219624 0.934179
vt 0.053406 0.825775
vt 0.054272 0.803340
vt 0.054272 0.825770
vt 0.092839 0.825775
vt 0.091973 0.848212
vt 0.091973 0.825782
vt 0.059031 0.825770
vt 0.059031 0.803340
vt 0.053406 0.848212
vt 0.053406 0.825782
vt 0.828469 0.896628
vt 0.833476 0.874198
vt 0.833476 0.896628
vt 0.092840 0.872279
vt 0.093688 0.867272
vt 0.093688 0.872279
vt 0.063789 0.825770
vt 0.068548 0.803340
vt 0.068548 0.825770
vt 0.063789 0.776787
vt 0.068548 0.771147
vt 0.063789 0.771147
vt 0.063789 0.803340
vt 0.206468 0.811447
vt 0.201709 0.811447
vt 0.133139 0.825776
vt 0.094571 0.820136
vt 0.133139 0.820136
vt 0.088081 0.771147
vt 0.092839 0.776787
vt 0.088081 0.776787
vt 0.094571 0.825777
vt 0.093705 0.820129
vt 0.092839 0.771147
vt 0.093705 0.776791
vt 0.078563 0.776787
vt 0.093705 0.825777
vt 0.093705 0.831417
vt 0.093705 0.857969
vt 0.093705 0.880398
vt 0.174830 0.912681
vt 0.175678 0.935111
vt 0.174830 0.935111
vt 0.092839 0.803340
vt 0.093705 0.825775
vt 0.092839 0.825770
vt 0.094571 0.793583
vt 0.093705 0.771147
vt 0.094571 0.771154
vt 0.088081 0.803340
vt 0.088081 0.825770
vt 0.133139 0.793583
vt 0.133139 0.771154
vt 0.838484 0.896628
vt 0.093688 0.877287
vt 0.078563 0.803340
vt 0.083322 0.825770
vt 0.078563 0.825770
vt 0.078563 0.771147
vt 0.083322 0.776787
vt 0.083322 0.771147
vt 0.083322 0.803340
vt 0.848215 0.647448
vt 0.846697 0.649246
vt 0.846488 0.649015
vt 0.833255 0.670042
vt 0.833550 0.667710
vt 0.833550 0.670042
vt 0.846506 0.649420
vt 0.848119 0.650813
vt 0.847946 0.651007
vt 0.819111 0.670583
vt 0.818816 0.672915
vt 0.818816 0.670583
vt 0.837175 0.651963
vt 0.836880 0.655743
vt 0.836880 0.651963
vt 0.846297 0.649189
vt 0.919071 0.651805
vt 0.918776 0.655585
vt 0.918776 0.651805
vt 0.843949 0.646216
vt 0.843739 0.646369
vt 0.309766 0.219983
vt 0.307433 0.216447
vt 0.309766 0.216447
vt 0.416259 0.137501
vt 0.418130 0.135168
vt 0.418374 0.137501
vt 0.927463 0.549169
vt 0.927168 0.551285
vt 0.927168 0.549169
vt 0.846105 0.649362
vt 0.844587 0.651160
vt 0.844378 0.650929
vt 0.843566 0.646563
vt 0.878508 0.671417
vt 0.878213 0.669085
vt 0.878508 0.669085
vt 0.847736 0.651160
vt 0.846315 0.649593
vt 0.859382 0.675237
vt 0.859677 0.677569
vt 0.859382 0.677569
vt 0.323105 0.216311
vt 0.320773 0.219847
vt 0.320773 0.216311
vt 0.414144 0.135168
vt 0.416015 0.137501
vt 0.414144 0.137501
vt 0.849979 0.661970
vt 0.849684 0.659855
vt 0.849979 0.659855
vt 0.891714 0.644595
vt 0.892269 0.642968
vt 0.892269 0.644997
vt 0.889800 0.638326
vt 0.891714 0.638992
vt 0.889468 0.638752
vt 0.889800 0.645261
vt 0.889468 0.644835
vt 0.892269 0.642630
vt 0.891714 0.642442
vt 0.891714 0.642750
vt 0.889219 0.638296
vt 0.889219 0.638725
vt 0.889219 0.645291
vt 0.889219 0.644862
vt 0.771148 0.681431
vt 0.772284 0.678962
vt 0.772285 0.681431
vt 0.889812 0.656914
vt 0.890949 0.660954
vt 0.889812 0.660954
vt 0.890949 0.661292
vt 0.889812 0.661292
vt 0.954891 0.667174
vt 0.953754 0.667755
vt 0.953754 0.667174
vt 0.771147 0.678962
vt 0.772284 0.678381
vt 0.890949 0.663320
vt 0.889812 0.663320
vt 0.954892 0.667755
vt 0.953756 0.670224
vt 0.913923 0.662219
vt 0.914309 0.660374
vt 0.914309 0.662219
vt 0.866870 0.665778
vt 0.866483 0.668024
vt 0.866484 0.665778
vt 0.836441 0.667564
vt 0.836829 0.665319
vt 0.836827 0.667564
vt 0.913923 0.660067
vt 0.914309 0.656616
vt 0.914309 0.660067
vt 0.913923 0.660374
vt 0.866869 0.668024
vt 0.866483 0.668272
vt 0.836441 0.667813
vt 0.836827 0.667813
vt 0.886725 0.644595
vt 0.886169 0.642968
vt 0.886725 0.642750
vt 0.886725 0.638992
vt 0.888638 0.638326
vt 0.888971 0.638752
vt 0.888638 0.645261
vt 0.886169 0.644997
vt 0.886169 0.642630
vt 0.886725 0.642442
vt 0.888971 0.644835
vt 0.772284 0.677800
vt 0.771148 0.675331
vt 0.772285 0.675331
vt 0.953378 0.548262
vt 0.954515 0.544222
vt 0.954515 0.548262
vt 0.953378 0.548601
vt 0.954515 0.548601
vt 0.953754 0.666593
vt 0.771147 0.677800
vt 0.953378 0.550629
vt 0.954515 0.550629
vt 0.953756 0.664124
vt 0.954892 0.666593
vt 0.840471 0.654918
vt 0.840857 0.656763
vt 0.840471 0.656763
vt 0.866483 0.668521
vt 0.866870 0.670767
vt 0.866484 0.670767
vt 0.836829 0.670308
vt 0.836441 0.668062
vt 0.836827 0.668062
vt 0.840471 0.651160
vt 0.840857 0.654611
vt 0.840471 0.654611
vt 0.840857 0.654918
vt 0.866869 0.668521
vt 0.898303 0.549034
vt 0.898859 0.547407
vt 0.898859 0.549436
vt 0.896390 0.540289
vt 0.898303 0.540955
vt 0.896057 0.540715
vt 0.896390 0.549700
vt 0.896057 0.549274
vt 0.898303 0.543175
vt 0.898859 0.543341
vt 0.898303 0.543491
vt 0.898303 0.547189
vt 0.898859 0.547069
vt 0.895809 0.540259
vt 0.895809 0.540688
vt 0.898859 0.542994
vt 0.898303 0.546881
vt 0.895809 0.549730
vt 0.895809 0.549301
vt 0.954516 0.550323
vt 0.955652 0.547853
vt 0.955653 0.550323
vt 0.865338 0.668218
vt 0.866475 0.668566
vt 0.865338 0.668566
vt 0.865338 0.672294
vt 0.866475 0.672632
vt 0.865338 0.672632
vt 0.918293 0.677093
vt 0.917156 0.677674
vt 0.917156 0.677093
vt 0.865338 0.665778
vt 0.866475 0.668218
vt 0.866475 0.672294
vt 0.954515 0.547853
vt 0.955652 0.547272
vt 0.866475 0.674660
vt 0.865338 0.674660
vt 0.918293 0.677674
vt 0.917158 0.680143
vt 0.846393 0.664050
vt 0.846779 0.662205
vt 0.846779 0.664050
vt 0.785547 0.665429
vt 0.785161 0.667675
vt 0.785161 0.665429
vt 0.918300 0.667406
vt 0.918688 0.665161
vt 0.918686 0.667406
vt 0.846393 0.658507
vt 0.846779 0.658191
vt 0.846779 0.658507
vt 0.846393 0.662205
vt 0.846779 0.661898
vt 0.785547 0.667675
vt 0.785161 0.667924
vt 0.846393 0.658191
vt 0.846779 0.655972
vt 0.846393 0.661898
vt 0.918299 0.667655
vt 0.918686 0.667655
vt 0.893314 0.549034
vt 0.892759 0.547407
vt 0.893314 0.547189
vt 0.893314 0.540955
vt 0.895228 0.540289
vt 0.895560 0.540715
vt 0.895228 0.549700
vt 0.892759 0.549436
vt 0.892759 0.543341
vt 0.893314 0.543175
vt 0.893314 0.543491
vt 0.892759 0.547069
vt 0.893314 0.546881
vt 0.892759 0.542994
vt 0.895560 0.549274
vt 0.955652 0.546691
vt 0.954516 0.544222
vt 0.955653 0.544222
vt 0.948680 0.660812
vt 0.949817 0.660464
vt 0.949817 0.660812
vt 0.948680 0.664878
vt 0.949817 0.664540
vt 0.949817 0.664878
vt 0.917156 0.676512
vt 0.948680 0.660464
vt 0.949817 0.658024
vt 0.948680 0.664540
vt 0.954515 0.546691
vt 0.948680 0.666906
vt 0.949817 0.666906
vt 0.917158 0.674043
vt 0.918293 0.676512
vt 0.800721 0.656083
vt 0.800334 0.654238
vt 0.800721 0.654238
vt 0.785161 0.668172
vt 0.785547 0.670418
vt 0.785161 0.670418
vt 0.918688 0.670150
vt 0.918300 0.667904
vt 0.918686 0.667904
vt 0.800721 0.660097
vt 0.800334 0.659781
vt 0.800721 0.659781
vt 0.800721 0.656391
vt 0.800334 0.656083
vt 0.785547 0.668172
vt 0.800721 0.662317
vt 0.800334 0.660097
vt 0.800334 0.656391
vt 0.870936 0.644812
vt 0.869019 0.643447
vt 0.869232 0.643219
vt 0.813951 0.666180
vt 0.813655 0.668675
vt 0.813655 0.666180
vt 0.896168 0.671764
vt 0.896463 0.669432
vt 0.896463 0.671764
vt 0.868831 0.643271
vt 0.867575 0.644993
vt 0.867368 0.644836
vt 0.849641 0.678183
vt 0.849936 0.675851
vt 0.849936 0.678183
vt 0.914329 0.676134
vt 0.914034 0.678466
vt 0.914034 0.676134
vt 0.871581 0.640707
vt 0.869044 0.643043
vt 0.871392 0.640530
vt 0.813384 0.674034
vt 0.813679 0.671702
vt 0.813679 0.674034
vt 0.871800 0.640472
vt 0.871611 0.640296
vt 0.873504 0.642065
vt 0.837124 0.665319
vt 0.836829 0.668758
vt 0.466015 0.212719
vt 0.468347 0.210467
vt 0.468347 0.212963
vt 0.407797 0.137501
vt 0.409669 0.135168
vt 0.409913 0.137501
vt 0.460264 0.169247
vt 0.462597 0.165808
vt 0.462597 0.169247
vt 0.918890 0.677531
vt 0.918595 0.679646
vt 0.918595 0.677531
vt 0.873504 0.638649
vt 0.873333 0.638453
vt 0.868642 0.643095
vt 0.867151 0.641274
vt 0.868855 0.642867
vt 0.833572 0.661467
vt 0.833276 0.658972
vt 0.833572 0.658972
vt 0.849719 0.671334
vt 0.850014 0.673666
vt 0.849719 0.673666
vt 0.867197 0.644640
vt 0.896463 0.678761
vt 0.896168 0.676429
vt 0.896463 0.676429
vt 0.866778 0.677764
vt 0.866483 0.675431
vt 0.866778 0.675431
vt 0.871203 0.640354
vt 0.896463 0.674096
vt 0.896168 0.674096
vt 0.871422 0.640120
vt 0.869718 0.638527
vt 0.803592 0.659050
vt 0.803887 0.662489
vt 0.803592 0.662489
vt 0.468349 0.041950
vt 0.466017 0.039698
vt 0.468349 0.039454
vt 0.409913 0.135168
vt 0.411784 0.137501
vt 0.460269 0.160932
vt 0.462601 0.164372
vt 0.460269 0.164372
vt 0.850014 0.675781
vt 0.873126 0.638296
vt 0.839714 0.649362
vt 0.838196 0.651160
vt 0.837987 0.650929
vt 0.850014 0.671334
vt 0.849719 0.669001
vt 0.850014 0.669001
vt 0.840115 0.649420
vt 0.841345 0.651160
vt 0.839924 0.649593
vt 0.948570 0.660020
vt 0.948275 0.657688
vt 0.948570 0.657688
vt 0.892269 0.638296
vt 0.892564 0.642076
vt 0.892269 0.642076
vt 0.839906 0.649189
vt 0.819550 0.657178
vt 0.819254 0.653398
vt 0.819550 0.653398
vt 0.837175 0.646563
vt 0.837348 0.646369
vt 0.313217 0.216555
vt 0.310885 0.220091
vt 0.310885 0.216311
vt 0.412028 0.135168
vt 0.413900 0.137501
vt 0.412028 0.137501
vt 0.918299 0.677531
vt 0.918299 0.679646
vt 0.841824 0.647448
vt 0.840307 0.649246
vt 0.840097 0.649015
vt 0.837558 0.646216
vt 0.866483 0.673099
vt 0.866778 0.670767
vt 0.866778 0.673099
vt 0.841728 0.650813
vt 0.841555 0.651007
vt 0.833255 0.672375
vt 0.833550 0.672375
vt 0.326205 0.218247
vt 0.323873 0.214711
vt 0.326205 0.214467
vt 0.420490 0.135168
vt 0.418618 0.137501
vt 0.418374 0.135168
vt 0.914309 0.669039
vt 0.914014 0.671154
vt 0.914014 0.669039
vt 0.885614 0.638992
vt 0.886169 0.640619
vt 0.885614 0.640837
vt 0.885614 0.644595
vt 0.883700 0.645261
vt 0.883368 0.644835
vt 0.883700 0.638326
vt 0.886169 0.638590
vt 0.886169 0.640957
vt 0.885614 0.641145
vt 0.883119 0.645291
vt 0.883119 0.644862
vt 0.883368 0.638752
vt 0.883119 0.638296
vt 0.955002 0.530478
vt 0.953866 0.528009
vt 0.955003 0.528009
vt 0.953552 0.632210
vt 0.954690 0.628169
vt 0.954690 0.632210
vt 0.953552 0.632548
vt 0.954690 0.632548
vt 0.954934 0.520033
vt 0.953797 0.519452
vt 0.954934 0.519452
vt 0.955002 0.531059
vt 0.953865 0.530478
vt 0.953552 0.634576
vt 0.954690 0.634576
vt 0.954932 0.522502
vt 0.953797 0.520033
vt 0.934273 0.659350
vt 0.934659 0.661195
vt 0.934273 0.661195
vt 0.810397 0.668115
vt 0.810010 0.665869
vt 0.810396 0.665869
vt 0.776035 0.670179
vt 0.775647 0.667933
vt 0.776034 0.667933
vt 0.934273 0.655593
vt 0.934659 0.659043
vt 0.934273 0.659043
vt 0.934659 0.659350
vt 0.810397 0.668363
vt 0.810010 0.668115
vt 0.775647 0.667684
vt 0.776033 0.667684
vt 0.880625 0.638992
vt 0.880069 0.640619
vt 0.880069 0.638590
vt 0.882538 0.645261
vt 0.880625 0.644595
vt 0.882871 0.644835
vt 0.882538 0.638326
vt 0.882871 0.638752
vt 0.880069 0.640957
vt 0.880625 0.641145
vt 0.880625 0.640837
vt 0.883119 0.638725
vt 0.953866 0.534109
vt 0.955002 0.531640
vt 0.955003 0.534109
vt 0.953522 0.586335
vt 0.954659 0.590375
vt 0.953522 0.590375
vt 0.954659 0.590713
vt 0.953522 0.590713
vt 0.954934 0.518871
vt 0.953865 0.531640
vt 0.954659 0.592741
vt 0.953522 0.592741
vt 0.953797 0.518871
vt 0.954932 0.516402
vt 0.878213 0.662265
vt 0.878599 0.660421
vt 0.878599 0.662265
vt 0.810010 0.670858
vt 0.810397 0.668612
vt 0.810396 0.670858
vt 0.775647 0.667435
vt 0.776035 0.665190
vt 0.776034 0.667435
vt 0.878213 0.660113
vt 0.878599 0.656663
vt 0.878599 0.660113
vt 0.878213 0.660421
vt 0.810010 0.668612
vt 0.887214 0.549034
vt 0.886659 0.547407
vt 0.887214 0.547189
vt 0.887214 0.540955
vt 0.889128 0.540289
vt 0.889460 0.540715
vt 0.889128 0.549700
vt 0.886659 0.549436
vt 0.886659 0.543341
vt 0.887214 0.543175
vt 0.887214 0.543491
vt 0.886659 0.547069
vt 0.887214 0.546881
vt 0.889709 0.540259
vt 0.889709 0.540688
vt 0.886659 0.542994
vt 0.889460 0.549274
vt 0.889709 0.549730
vt 0.954660 0.589966
vt 0.955796 0.592435
vt 0.954659 0.592435
vt 0.918293 0.671255
vt 0.917156 0.671603
vt 0.917156 0.671255
vt 0.918293 0.667189
vt 0.917156 0.667527
vt 0.917156 0.667189
vt 0.953754 0.660493
vt 0.954891 0.661074
vt 0.953754 0.661074
vt 0.918293 0.671603
vt 0.917156 0.674043
vt 0.918293 0.667527
vt 0.954660 0.589385
vt 0.955797 0.589966
vt 0.918293 0.665161
vt 0.917156 0.665161
vt 0.953756 0.658024
vt 0.954892 0.660493
vt 0.826079 0.649495
vt 0.825693 0.647650
vt 0.826079 0.647650
vt 0.803970 0.668612
vt 0.804357 0.670858
vt 0.803970 0.670858
vt 0.924984 0.669486
vt 0.924596 0.667241
vt 0.924982 0.667241
vt 0.826079 0.653509
vt 0.825693 0.653193
vt 0.826079 0.653193
vt 0.826079 0.649803
vt 0.825693 0.649495
vt 0.803970 0.668363
vt 0.804356 0.668612
vt 0.826079 0.655729
vt 0.825693 0.653509
vt 0.825693 0.649803
vt 0.924596 0.666992
vt 0.924982 0.666992
vt 0.892203 0.549034
vt 0.892759 0.547407
vt 0.892759 0.549436
vt 0.890290 0.540289
vt 0.892203 0.540955
vt 0.889957 0.540715
vt 0.890290 0.549700
vt 0.889957 0.549274
vt 0.892203 0.543175
vt 0.892759 0.543341
vt 0.892203 0.543491
vt 0.892203 0.547189
vt 0.892759 0.547069
vt 0.892759 0.542994
vt 0.892203 0.546881
vt 0.889709 0.549301
vt 0.955796 0.586335
vt 0.954660 0.588804
vt 0.954659 0.586335
vt 0.933432 0.667099
vt 0.932295 0.666751
vt 0.933432 0.666751
vt 0.933432 0.663023
vt 0.932295 0.662685
vt 0.933432 0.662685
vt 0.953754 0.661655
vt 0.933432 0.669539
vt 0.932295 0.667099
vt 0.932295 0.663023
vt 0.955797 0.588804
vt 0.932295 0.660657
vt 0.933432 0.660657
vt 0.954892 0.661655
vt 0.924596 0.664497
vt 0.924982 0.662653
vt 0.924982 0.664497
vt 0.804357 0.665869
vt 0.803970 0.668115
vt 0.803970 0.665869
vt 0.924596 0.666743
vt 0.924984 0.664497
vt 0.924982 0.666743
vt 0.924596 0.658955
vt 0.924982 0.658639
vt 0.924982 0.658955
vt 0.924596 0.662653
vt 0.924982 0.662345
vt 0.804356 0.668115
vt 0.924596 0.658639
vt 0.924982 0.656419
vt 0.924596 0.662345
vt 0.875585 0.639889
vt 0.877502 0.638524
vt 0.875798 0.640117
vt 0.892564 0.644572
vt 0.833550 0.674707
vt 0.875396 0.640065
vt 0.874141 0.638343
vt 0.905184 0.676575
vt 0.904889 0.674243
vt 0.905184 0.674243
vt 0.803828 0.678814
vt 0.803533 0.676482
vt 0.803828 0.676482
vt 0.875609 0.640293
vt 0.878146 0.642630
vt 0.877958 0.642806
vt 0.772812 0.674660
vt 0.772517 0.672327
vt 0.772812 0.672327
vt 0.878365 0.642864
vt 0.878177 0.643040
vt 0.880069 0.641271
vt 0.813655 0.662741
vt 0.468267 0.134773
vt 0.465935 0.132521
vt 0.468267 0.132277
vt 0.405682 0.135168
vt 0.407553 0.137501
vt 0.405682 0.137501
vt 0.460268 0.147204
vt 0.462600 0.150643
vt 0.460268 0.150643
vt 0.809923 0.677399
vt 0.810218 0.679514
vt 0.809923 0.679514
vt 0.880069 0.644687
vt 0.879899 0.644883
vt 0.873717 0.642062
vt 0.875208 0.640242
vt 0.875421 0.640470
vt 0.825499 0.667597
vt 0.825204 0.670092
vt 0.825204 0.667597
vt 0.873763 0.638696
vt 0.873933 0.638500
vt 0.866778 0.673099
vt 0.866778 0.675431
vt 0.881122 0.678428
vt 0.881417 0.676095
vt 0.881417 0.678428
vt 0.877769 0.642982
vt 0.772812 0.669995
vt 0.772517 0.669995
vt 0.877988 0.643217
vt 0.876284 0.644809
vt 0.833550 0.664271
vt 0.833255 0.667710
vt 0.833255 0.664271
vt 0.468462 0.084499
vt 0.466130 0.086750
vt 0.466130 0.084255
vt 0.403810 0.137501
vt 0.403566 0.135168
vt 0.460269 0.159497
vt 0.462602 0.156057
vt 0.462602 0.159497
vt 0.859382 0.679685
vt 0.859677 0.679685
vt 0.879692 0.645040
vt 0.834085 0.916325
vt 0.836073 0.917730
vt 0.834840 0.918221
vt 0.867261 0.817826
vt 0.868587 0.819576
vt 0.867261 0.819576
vt 0.943459 0.813396
vt 0.943936 0.815783
vt 0.942703 0.815292
vt 0.919433 0.810324
vt 0.921933 0.815312
vt 0.916596 0.815312
vt 0.797949 0.924740
vt 0.799698 0.926781
vt 0.797949 0.926781
vt 0.797949 0.919744
vt 0.799698 0.924740
vt 0.943902 0.808203
vt 0.944691 0.813887
vt 0.863281 0.817826
vt 0.864608 0.819576
vt 0.863281 0.819576
vt 0.919433 0.808443
vt 0.921933 0.810324
vt 0.797949 0.917611
vt 0.799698 0.919744
vt 0.943459 0.805731
vt 0.942669 0.807712
vt 0.202462 0.823554
vt 0.206097 0.811931
vt 0.206097 0.823554
vt 0.161391 0.931047
vt 0.158258 0.919425
vt 0.161391 0.919425
vt 0.170563 0.919675
vt 0.173208 0.931298
vt 0.170563 0.931298
vt 0.227329 0.883771
vt 0.224196 0.887406
vt 0.224196 0.883771
vt 0.167918 0.931298
vt 0.167918 0.919675
vt 0.151992 0.919425
vt 0.155125 0.931047
vt 0.151992 0.931047
vt 0.053406 0.923812
vt 0.055080 0.935435
vt 0.053406 0.935435
vt 0.187148 0.948628
vt 0.184504 0.951761
vt 0.184504 0.948628
vt 0.214548 0.823554
vt 0.216222 0.811931
vt 0.216222 0.823554
vt 0.155125 0.919425
vt 0.158258 0.931047
vt 0.125737 0.955587
vt 0.124063 0.958720
vt 0.124063 0.955587
vt 0.794639 0.926542
vt 0.794450 0.924661
vt 0.794639 0.924661
vt 0.836073 0.925396
vt 0.834051 0.923905
vt 0.835283 0.923414
vt 0.796010 0.926542
vt 0.794450 0.926794
vt 0.794450 0.919652
vt 0.794640 0.919652
vt 0.794450 0.917611
vt 0.794639 0.917611
vt 0.783548 0.764946
vt 0.796010 0.917611
vt 0.796199 0.919652
vt 0.796010 0.919652
vt 0.921933 0.817353
vt 0.807101 0.937962
vt 0.808472 0.932626
vt 0.808472 0.937962
vt 0.927269 0.810484
vt 0.921933 0.808443
vt 0.927269 0.808443
vt 0.924769 0.815473
vt 0.921933 0.810484
vt 0.968840 0.916040
vt 0.970211 0.913540
vt 0.970211 0.916040
vt 0.927269 0.817353
vt 0.927269 0.815473
vt 0.796199 0.924661
vt 0.796010 0.924661
vt 0.838094 0.923990
vt 0.836106 0.925396
vt 0.836862 0.923499
vt 0.865934 0.819576
vt 0.865934 0.817826
vt 0.833296 0.915834
vt 0.832819 0.918221
vt 0.832064 0.916325
vt 0.932605 0.810484
vt 0.930105 0.815473
vt 0.799698 0.919652
vt 0.799698 0.917611
vt 0.801448 0.919652
vt 0.799698 0.924648
vt 0.833262 0.923414
vt 0.832030 0.923905
vt 0.864608 0.817826
vt 0.932605 0.815473
vt 0.930105 0.817353
vt 0.801448 0.924648
vt 0.799698 0.926781
vt 0.832819 0.925886
vt 0.230462 0.887406
vt 0.230462 0.883771
vt 0.184247 0.951761
vt 0.181602 0.948628
vt 0.184247 0.948628
vt 0.086482 0.957758
vt 0.084809 0.954625
vt 0.086482 0.954625
vt 0.797949 0.924661
vt 0.797759 0.926542
vt 0.797759 0.924661
vt 0.836073 0.917815
vt 0.838094 0.916325
vt 0.837305 0.918306
vt 0.797949 0.926794
vt 0.796389 0.926542
vt 0.797949 0.919652
vt 0.797760 0.919652
vt 0.797949 0.917611
vt 0.797759 0.917611
vt 0.796389 0.917611
vt 0.796200 0.919652
vt 0.796389 0.919652
vt 0.932605 0.808443
vt 0.783548 0.938179
vt 0.784919 0.943515
vt 0.783548 0.943515
vt 0.911260 0.817353
vt 0.916596 0.817353
vt 0.914097 0.810324
vt 0.916596 0.810324
vt 0.783548 0.949615
vt 0.784919 0.952115
vt 0.783548 0.952115
vt 0.916596 0.808443
vt 0.796199 0.924661
vt 0.796200 0.926794
vt 0.209732 0.823554
vt 0.315600 0.677103
vt 0.314352 0.674374
vt 0.315600 0.674307
vt 0.346366 0.658146
vt 0.347377 0.651553
vt 0.347521 0.658146
vt 0.355158 0.653466
vt 0.354003 0.646873
vt 0.354931 0.646873
vt 0.372425 0.652026
vt 0.375220 0.645432
vt 0.375220 0.652026
vt 0.432960 0.538204
vt 0.435755 0.531610
vt 0.435755 0.538204
vt 0.335687 0.676805
vt 0.334196 0.674445
vt 0.335687 0.674387
vt 0.337219 0.639132
vt 0.335932 0.658070
vt 0.335807 0.639132
vt 0.463798 0.607227
vt 0.465012 0.609585
vt 0.463726 0.609652
vt 0.321362 0.637691
vt 0.320064 0.656629
vt 0.320146 0.637690
vt 0.367590 0.651034
vt 0.370008 0.632096
vt 0.370008 0.651034
vt 0.362754 0.651033
vt 0.360395 0.632096
vt 0.362754 0.632096
vt 0.355382 0.674218
vt 0.354134 0.676946
vt 0.354134 0.674151
vt 0.346366 0.644960
vt 0.346366 0.651553
vt 0.442086 0.665241
vt 0.443013 0.667992
vt 0.442004 0.668044
vt 0.355158 0.640279
vt 0.372425 0.638839
vt 0.375220 0.638839
vt 0.435755 0.544797
vt 0.461272 0.649454
vt 0.459781 0.651814
vt 0.459781 0.649397
vt 0.334394 0.658070
vt 0.333107 0.639132
vt 0.334394 0.639132
vt 0.465007 0.619469
vt 0.463793 0.621827
vt 0.463721 0.619402
vt 0.320257 0.618752
vt 0.321555 0.637690
vt 0.320064 0.637690
vt 0.365172 0.651034
vt 0.365172 0.632096
vt 0.434956 0.630186
vt 0.432596 0.649123
vt 0.432538 0.630185
vt 0.452072 0.600872
vt 0.451207 0.591634
vt 0.452072 0.591634
vt 0.446654 0.699637
vt 0.447519 0.695217
vt 0.447519 0.699637
vt 0.399489 0.699157
vt 0.398624 0.703576
vt 0.398624 0.699157
vt 0.390135 0.676044
vt 0.389270 0.685282
vt 0.389270 0.676044
vt 0.410849 0.668599
vt 0.407977 0.667390
vt 0.412396 0.667390
vt 0.405104 0.677837
vt 0.403557 0.685866
vt 0.403557 0.676628
vt 0.446654 0.690798
vt 0.447519 0.690798
vt 0.398624 0.694737
vt 0.651875 0.833956
vt 0.612216 0.831977
vt 0.653765 0.831977
vt 0.700573 0.876409
vt 0.698804 0.918038
vt 0.698804 0.876409
vt 0.700255 0.778282
vt 0.698486 0.819910
vt 0.698486 0.778282
vt 0.700573 0.918038
vt 0.698799 0.918972
vt 0.700255 0.819910
vt 0.698477 0.820845
vt 0.700573 0.917025
vt 0.702342 0.875475
vt 0.702342 0.917025
vt 0.700255 0.818898
vt 0.702024 0.777348
vt 0.702024 0.818898
vt 0.700246 0.777348
vt 0.698477 0.777348
vt 0.700568 0.875475
vt 0.698799 0.875475
vt 0.614107 0.873496
vt 0.653765 0.875475
vt 0.612216 0.875475
vt 0.614107 0.833956
vt 0.611284 0.832912
vt 0.651875 0.873496
vt 0.654698 0.874540
vt 0.652723 0.872647
vt 0.654698 0.832912
vt 0.613259 0.834806
vt 0.611284 0.874540
vt 0.612150 0.778282
vt 0.613082 0.777348
vt 0.655563 0.778282
vt 0.575821 0.929080
vt 0.533349 0.930013
vt 0.532417 0.887538
vt 0.652842 0.876430
vt 0.612216 0.875475
vt 0.653756 0.875475
vt 0.698393 0.832910
vt 0.695786 0.874452
vt 0.695786 0.832910
vt 0.698393 0.873519
vt 0.701000 0.831977
vt 0.701000 0.873519
vt 0.698393 0.874452
vt 0.695781 0.875384
vt 0.696192 0.917949
vt 0.698792 0.917017
vt 0.698799 0.917950
vt 0.695870 0.819823
vt 0.698470 0.778280
vt 0.698477 0.819822
vt 0.696185 0.917017
vt 0.698799 0.875475
vt 0.695862 0.778281
vt 0.698388 0.831977
vt 0.695781 0.831977
vt 0.572517 0.832867
vt 0.571855 0.872581
vt 0.571855 0.832867
vt 0.613130 0.917927
vt 0.653756 0.918882
vt 0.612216 0.918882
vt 0.613130 0.876430
vt 0.611284 0.876407
vt 0.652842 0.917927
vt 0.654689 0.917949
vt 0.653734 0.917035
vt 0.654689 0.876407
vt 0.612239 0.877321
vt 0.611284 0.917949
vt 0.653734 0.877321
vt 0.612239 0.917035
vt 0.701677 0.872583
vt 0.702332 0.871691
vt 0.702339 0.872583
vt 0.572517 0.872581
vt 0.571850 0.873473
vt 0.701670 0.871691
vt 0.702339 0.831977
vt 0.701007 0.872583
vt 0.701662 0.832869
vt 0.701670 0.872583
vt 0.572512 0.831976
vt 0.571850 0.831976
vt 0.701000 0.832869
vt 0.701670 0.831977
vt 0.702024 0.817061
vt 0.702686 0.777348
vt 0.702686 0.817061
vt 0.677029 0.875127
vt 0.678831 0.873062
vt 0.678831 0.875127
vt 0.721721 0.916135
vt 0.721092 0.914070
vt 0.721721 0.914070
vt 0.571408 0.965954
vt 0.570135 0.963889
vt 0.571408 0.963889
vt 0.650534 0.964006
vt 0.649905 0.965278
vt 0.649667 0.964006
vt 0.717044 0.930573
vt 0.717673 0.931845
vt 0.717044 0.931845
vt 0.718847 0.928595
vt 0.717044 0.929717
vt 0.717044 0.928595
vt 0.650534 0.962028
vt 0.648731 0.963151
vt 0.648731 0.962028
vt 0.555798 0.964367
vt 0.556921 0.966432
vt 0.555798 0.966432
vt 0.566450 0.962419
vt 0.565583 0.961563
vt 0.567386 0.961563
vt 0.650534 0.963151
vt 0.613944 0.962018
vt 0.613008 0.964077
vt 0.613008 0.962012
vt 0.680633 0.875127
vt 0.682436 0.873062
vt 0.682436 0.875127
vt 0.720709 0.777348
vt 0.721338 0.779413
vt 0.720709 0.779413
vt 0.719507 0.885579
vt 0.720781 0.887644
vt 0.719507 0.887644
vt 0.648731 0.964006
vt 0.648103 0.965278
vt 0.647865 0.964006
vt 0.565583 0.962419
vt 0.566212 0.963691
vt 0.565583 0.963691
vt 0.567386 0.960440
vt 0.565583 0.960440
vt 0.646929 0.963151
vt 0.646929 0.962028
vt 0.541574 0.966431
vt 0.540451 0.964366
vt 0.541574 0.964366
vt 0.717030 0.953261
vt 0.716163 0.952405
vt 0.717966 0.952405
vt 0.700524 0.966083
vt 0.701459 0.964025
vt 0.701459 0.966090
vt 0.681756 0.831820
vt 0.683559 0.829755
vt 0.683559 0.831820
vt 0.721523 0.953347
vt 0.720894 0.951282
vt 0.721523 0.951282
vt 0.563819 0.963959
vt 0.565093 0.966024
vt 0.563819 0.966024
vt 0.632805 0.963972
vt 0.632176 0.965243
vt 0.631939 0.963972
vt 0.716163 0.953261
vt 0.716792 0.954533
vt 0.716163 0.954533
vt 0.717966 0.951282
vt 0.716163 0.951282
vt 0.632805 0.961993
vt 0.631003 0.963116
vt 0.631003 0.961993
vt 0.650815 0.964383
vt 0.651938 0.966448
vt 0.650815 0.966448
vt 0.718062 0.782153
vt 0.717196 0.781297
vt 0.718998 0.781297
vt 0.632805 0.963116
vt 0.582700 0.964135
vt 0.583636 0.962077
vt 0.583636 0.964142
vt 0.685361 0.829755
vt 0.721757 0.875478
vt 0.721128 0.873413
vt 0.721757 0.873413
vt 0.657236 0.966042
vt 0.655963 0.963977
vt 0.657236 0.963977
vt 0.582700 0.964049
vt 0.582071 0.965321
vt 0.581834 0.964049
vt 0.717196 0.782153
vt 0.717825 0.783425
vt 0.717196 0.783425
vt 0.718998 0.780174
vt 0.717196 0.780174
vt 0.582700 0.962070
vt 0.580898 0.963193
vt 0.580898 0.962070
vt 0.652618 0.964383
vt 0.653741 0.966448
vt 0.652618 0.966448
vt 0.711954 0.962357
vt 0.711087 0.961501
vt 0.712889 0.961501
vt 0.582700 0.963193
vt 0.635632 0.964405
vt 0.636567 0.962347
vt 0.636567 0.964412
vt 0.594804 0.942731
vt 0.593001 0.944796
vt 0.593001 0.942731
vt 0.721127 0.848476
vt 0.721756 0.850541
vt 0.721127 0.850541
vt 0.721089 0.842035
vt 0.719815 0.839970
vt 0.721089 0.839970
vt 0.684841 0.964077
vt 0.684212 0.965349
vt 0.683975 0.964077
vt 0.711087 0.962357
vt 0.711716 0.963629
vt 0.711087 0.963629
vt 0.712889 0.960379
vt 0.711087 0.960379
vt 0.684841 0.962098
vt 0.683039 0.963221
vt 0.683039 0.962098
vt 0.550316 0.964288
vt 0.551439 0.966353
vt 0.550316 0.966353
vt 0.718013 0.947089
vt 0.717147 0.946233
vt 0.718949 0.946233
vt 0.684841 0.963221
vt 0.601183 0.963866
vt 0.600247 0.965924
vt 0.600247 0.963859
vt 0.713206 0.839615
vt 0.711404 0.841680
vt 0.711404 0.839615
vt 0.720794 0.893951
vt 0.721423 0.896016
vt 0.720794 0.896016
vt 0.670677 0.966024
vt 0.669403 0.963959
vt 0.670677 0.963959
vt 0.720659 0.935413
vt 0.720030 0.936684
vt 0.719792 0.935413
vt 0.717147 0.947089
vt 0.717776 0.948361
vt 0.717147 0.948361
vt 0.718949 0.945110
vt 0.717147 0.945110
vt 0.720659 0.933434
vt 0.718857 0.934557
vt 0.718857 0.933434
vt 0.568332 0.964344
vt 0.569455 0.966409
vt 0.568332 0.966409
vt 0.717933 0.868899
vt 0.717067 0.868043
vt 0.718869 0.868043
vt 0.720659 0.934557
vt 0.630908 0.962332
vt 0.629973 0.964391
vt 0.629973 0.962326
vt 0.695315 0.829839
vt 0.693513 0.831904
vt 0.693513 0.829839
vt 0.721146 0.918972
vt 0.721775 0.921037
vt 0.721146 0.921037
vt 0.720885 0.959228
vt 0.719611 0.957163
vt 0.720885 0.957163
vt 0.613008 0.963991
vt 0.612379 0.965262
vt 0.612142 0.963991
vt 0.717067 0.868899
vt 0.717696 0.870171
vt 0.717067 0.870171
vt 0.718869 0.866920
vt 0.717067 0.866920
vt 0.611206 0.963135
vt 0.611206 0.962012
vt 0.720222 0.780174
vt 0.721345 0.782239
vt 0.720222 0.782239
vt 0.535026 0.962361
vt 0.535893 0.963217
vt 0.534090 0.963217
vt 0.613008 0.963135
vt 0.682919 0.963858
vt 0.681983 0.965917
vt 0.681983 0.963852
vt 0.700722 0.831904
vt 0.702524 0.829839
vt 0.702524 0.831904
vt 0.721717 0.842035
vt 0.721717 0.839970
vt 0.715006 0.889968
vt 0.713732 0.887903
vt 0.715006 0.887903
vt 0.689714 0.963189
vt 0.689085 0.964461
vt 0.688848 0.963189
vt 0.535893 0.962361
vt 0.535264 0.961090
vt 0.535893 0.961090
vt 0.534090 0.964340
vt 0.535893 0.964340
vt 0.689714 0.961211
vt 0.687912 0.962334
vt 0.687912 0.961211
vt 0.721746 0.872236
vt 0.720623 0.870171
vt 0.721746 0.870171
vt 0.718948 0.841242
vt 0.719815 0.842098
vt 0.718013 0.842098
vt 0.689714 0.962334
vt 0.580868 0.959624
vt 0.579926 0.961689
vt 0.579926 0.959624
vt 0.687843 0.875127
vt 0.689645 0.873062
vt 0.689645 0.875127
vt 0.721148 0.831977
vt 0.721777 0.834042
vt 0.721148 0.834042
vt 0.715007 0.898816
vt 0.713733 0.896751
vt 0.715007 0.896751
vt 0.719969 0.910734
vt 0.719340 0.912005
vt 0.719102 0.910734
vt 0.719815 0.841242
vt 0.719186 0.839970
vt 0.718013 0.843221
vt 0.719815 0.843221
vt 0.719969 0.908755
vt 0.718166 0.909878
vt 0.718166 0.908755
vt 0.721750 0.802303
vt 0.720627 0.800238
vt 0.721750 0.800238
vt 0.651682 0.963111
vt 0.650815 0.962255
vt 0.652618 0.962255
vt 0.719969 0.909878
vt 0.617818 0.952526
vt 0.616875 0.954591
vt 0.616875 0.952526
vt 0.685361 0.831820
vt 0.687163 0.829755
vt 0.687163 0.831820
vt 0.721422 0.885157
vt 0.720793 0.883092
vt 0.721422 0.883092
vt 0.716283 0.841680
vt 0.715009 0.839615
vt 0.716283 0.839615
vt 0.719511 0.924670
vt 0.718882 0.925942
vt 0.718644 0.924670
vt 0.650815 0.963111
vt 0.651444 0.964383
vt 0.652618 0.961132
vt 0.650815 0.961132
vt 0.719511 0.922691
vt 0.717708 0.923814
vt 0.717708 0.922691
vt 0.721772 0.930660
vt 0.720649 0.928595
vt 0.721772 0.928595
vt 0.718939 0.880203
vt 0.718072 0.879347
vt 0.719874 0.879347
vt 0.719511 0.923814
vt 0.663359 0.960827
vt 0.662417 0.962891
vt 0.662417 0.960826
vt 0.700722 0.829839
vt 0.698920 0.831904
vt 0.698920 0.829839
vt 0.720822 0.822148
vt 0.721451 0.824213
vt 0.720822 0.824213
vt 0.716066 0.875400
vt 0.714792 0.873335
vt 0.716066 0.873335
vt 0.550316 0.962310
vt 0.550945 0.961038
vt 0.551183 0.962310
vt 0.718072 0.880203
vt 0.718701 0.881474
vt 0.718072 0.881474
vt 0.719874 0.878224
vt 0.718072 0.878224
vt 0.552118 0.963165
vt 0.552118 0.964288
vt 0.721627 0.795427
vt 0.720505 0.793362
vt 0.721627 0.793362
vt 0.718745 0.955827
vt 0.719611 0.956682
vt 0.717809 0.956682
vt 0.550316 0.963165
vt 0.713831 0.960379
vt 0.712889 0.962444
vt 0.713209 0.856114
vt 0.715012 0.854049
vt 0.715012 0.856114
vt 0.721380 0.944365
vt 0.720751 0.942300
vt 0.721380 0.942300
vt 0.715623 0.933409
vt 0.714349 0.931344
vt 0.715623 0.931344
vt 0.717706 0.900097
vt 0.718335 0.898826
vt 0.718573 0.900097
vt 0.719611 0.955827
vt 0.718982 0.954555
vt 0.719611 0.954555
vt 0.717809 0.957805
vt 0.719611 0.957805
vt 0.717706 0.902076
vt 0.719509 0.900953
vt 0.719509 0.902076
vt 0.720477 0.891237
vt 0.721600 0.893302
vt 0.720477 0.893302
vt 0.708084 0.963785
vt 0.707217 0.962929
vt 0.709020 0.962929
vt 0.717706 0.900953
vt 0.698650 0.959054
vt 0.697708 0.961118
vt 0.697708 0.959053
vt 0.707931 0.829839
vt 0.706129 0.831904
vt 0.706129 0.829839
vt 0.550273 0.959249
vt 0.549644 0.957184
vt 0.550273 0.957184
vt 0.688437 0.831820
vt 0.688437 0.829755
vt 0.717545 0.889258
vt 0.718174 0.887986
vt 0.718412 0.889258
vt 0.707217 0.963785
vt 0.707846 0.965057
vt 0.707217 0.965057
vt 0.709020 0.961807
vt 0.707217 0.961807
vt 0.717545 0.891237
vt 0.719348 0.890114
vt 0.719348 0.891237
vt 0.646882 0.966658
vt 0.645759 0.964593
vt 0.646882 0.964593
vt 0.605772 0.963051
vt 0.606638 0.963907
vt 0.604836 0.963907
vt 0.717545 0.890114
vt 0.698728 0.949218
vt 0.697786 0.951283
vt 0.697786 0.949218
vt 0.713206 0.841680
vt 0.721187 0.947279
vt 0.721816 0.949344
vt 0.721187 0.949344
vt 0.716281 0.898816
vt 0.716281 0.896751
vt 0.652618 0.962404
vt 0.653247 0.961132
vt 0.653484 0.962404
vt 0.606638 0.963051
vt 0.606009 0.961780
vt 0.606638 0.961780
vt 0.604836 0.965030
vt 0.606638 0.965030
vt 0.654420 0.963260
vt 0.654420 0.964383
vt 0.690158 0.966526
vt 0.689035 0.964461
vt 0.690158 0.964461
vt 0.629037 0.964305
vt 0.628170 0.963449
vt 0.629973 0.963449
vt 0.652618 0.963260
vt 0.716473 0.906507
vt 0.715531 0.908572
vt 0.715531 0.906507
vt 0.708660 0.908512
vt 0.706858 0.910577
vt 0.706858 0.908512
vt 0.721400 0.966747
vt 0.720771 0.964682
vt 0.721400 0.964682
vt 0.561641 0.965436
vt 0.560367 0.963371
vt 0.561641 0.963371
vt 0.717706 0.895222
vt 0.718335 0.893951
vt 0.718573 0.895222
vt 0.696762 0.963074
vt 0.696133 0.961802
vt 0.696762 0.961802
vt 0.694959 0.965053
vt 0.696762 0.963930
vt 0.696762 0.965053
vt 0.717706 0.897201
vt 0.719509 0.896078
vt 0.719509 0.897201
vt 0.607761 0.966594
vt 0.606638 0.964529
vt 0.607761 0.964529
vt 0.584660 0.963137
vt 0.585527 0.963993
vt 0.583725 0.963993
vt 0.717706 0.896078
vt 0.660494 0.960725
vt 0.659552 0.962790
vt 0.659552 0.960725
vt 0.674547 0.829755
vt 0.672745 0.831820
vt 0.672745 0.829755
vt 0.721740 0.845286
vt 0.721111 0.843221
vt 0.721740 0.843221
vt 0.718047 0.808579
vt 0.716773 0.806514
vt 0.718047 0.806514
vt 0.717701 0.904973
vt 0.718330 0.903701
vt 0.718568 0.904973
vt 0.585527 0.963137
vt 0.584898 0.961866
vt 0.585527 0.961866
vt 0.583725 0.965116
vt 0.585527 0.965116
vt 0.717701 0.906951
vt 0.719504 0.905829
vt 0.719504 0.906951
vt 0.721646 0.810660
vt 0.720523 0.808595
vt 0.721646 0.808595
vt 0.559501 0.962225
vt 0.560367 0.963081
vt 0.558565 0.963081
vt 0.717701 0.905829
vt 0.561839 0.954340
vt 0.560897 0.956405
vt 0.560897 0.954340
vt 0.663733 0.829755
vt 0.661931 0.831820
vt 0.661931 0.829755
vt 0.720771 0.962617
vt 0.721400 0.962617
vt 0.718900 0.818724
vt 0.717626 0.816659
vt 0.718900 0.816659
vt 0.539316 0.962965
vt 0.538687 0.964237
vt 0.538450 0.962965
vt 0.560367 0.962225
vt 0.559738 0.960953
vt 0.560367 0.960953
vt 0.558565 0.964204
vt 0.560367 0.964204
vt 0.539316 0.960986
vt 0.537514 0.962109
vt 0.537514 0.960986
vt 0.689035 0.966526
vt 0.687912 0.964461
vt 0.541387 0.962387
vt 0.542254 0.963243
vt 0.540451 0.963243
vt 0.539316 0.962109
vt 0.716478 0.901632
vt 0.715536 0.903697
vt 0.715536 0.901632
vt 0.675226 0.875127
vt 0.677029 0.873062
vt 0.721780 0.868545
vt 0.721151 0.866480
vt 0.721780 0.866480
vt 0.716897 0.933409
vt 0.716897 0.931344
vt 0.588176 0.962445
vt 0.588805 0.961173
vt 0.589043 0.962445
vt 0.542254 0.962387
vt 0.541625 0.961115
vt 0.542254 0.961115
vt 0.542254 0.964366
vt 0.588176 0.964424
vt 0.589979 0.963301
vt 0.589979 0.964424
vt 0.533539 0.966581
vt 0.532417 0.964516
vt 0.533539 0.964516
vt 0.719008 0.833249
vt 0.719875 0.834105
vt 0.718073 0.834105
vt 0.588176 0.963301
vt 0.616960 0.957887
vt 0.617903 0.955822
vt 0.617903 0.957887
vt 0.660128 0.831820
vt 0.660128 0.829755
vt 0.721756 0.848476
vt 0.721127 0.846411
vt 0.721756 0.846411
vt 0.716286 0.856114
vt 0.716286 0.854049
vt 0.717705 0.884364
vt 0.718334 0.883092
vt 0.718571 0.884364
vt 0.719875 0.833249
vt 0.719246 0.831977
vt 0.719875 0.831977
vt 0.718073 0.835228
vt 0.719875 0.835228
vt 0.717705 0.886342
vt 0.719507 0.885219
vt 0.719507 0.886342
vt 0.720573 0.811343
vt 0.721696 0.813408
vt 0.720573 0.813408
vt 0.709956 0.963078
vt 0.710822 0.963934
vt 0.709020 0.963934
vt 0.717705 0.885219
vt 0.717921 0.836789
vt 0.716980 0.838854
vt 0.716980 0.836789
vt 0.679954 0.831820
vt 0.681756 0.829755
vt 0.681756 0.831820
vt 0.721745 0.855352
vt 0.721116 0.853287
vt 0.721745 0.853287
vt 0.719441 0.918881
vt 0.718166 0.916816
vt 0.719441 0.916816
vt 0.719299 0.810573
vt 0.718670 0.811845
vt 0.718433 0.810573
vt 0.710822 0.963078
vt 0.710193 0.961807
vt 0.710822 0.961807
vt 0.709020 0.965057
vt 0.710822 0.965057
vt 0.719299 0.808595
vt 0.717497 0.809718
vt 0.717497 0.808595
vt 0.721694 0.890051
vt 0.720572 0.887986
vt 0.721694 0.887986
vt 0.602138 0.963767
vt 0.601271 0.962911
vt 0.603074 0.962911
vt 0.719299 0.809718
vt 0.617903 0.957887
vt 0.616960 0.959952
vt 0.616960 0.957887
vt 0.704327 0.829839
vt 0.704327 0.831904
vt 0.721129 0.860844
vt 0.721758 0.862909
vt 0.721129 0.862909
vt 0.720505 0.795427
vt 0.719231 0.793362
vt 0.718147 0.826080
vt 0.718776 0.824808
vt 0.719013 0.826080
vt 0.601271 0.963767
vt 0.601900 0.965039
vt 0.601271 0.965039
vt 0.603074 0.961788
vt 0.601271 0.961788
vt 0.718147 0.828058
vt 0.719949 0.826935
vt 0.719949 0.828058
vt 0.721772 0.932725
vt 0.720649 0.930660
vt 0.718092 0.805066
vt 0.717226 0.804210
vt 0.719028 0.804210
vt 0.718147 0.826935
vt 0.567386 0.962505
vt 0.568328 0.960441
vt 0.568328 0.962506
vt 0.695052 0.873062
vt 0.693250 0.875127
vt 0.693250 0.873062
vt 0.721805 0.860512
vt 0.721176 0.858447
vt 0.721805 0.858447
vt 0.591252 0.965656
vt 0.589979 0.963591
vt 0.591252 0.963591
vt 0.720672 0.868899
vt 0.720042 0.870170
vt 0.719805 0.868899
vt 0.717226 0.805066
vt 0.717855 0.806338
vt 0.717226 0.806338
vt 0.719028 0.803087
vt 0.717226 0.803087
vt 0.720672 0.866920
vt 0.718869 0.868043
vt 0.559245 0.964204
vt 0.560367 0.966269
vt 0.559245 0.966269
vt 0.670270 0.962687
vt 0.669403 0.961831
vt 0.671206 0.961831
vt 0.720672 0.868043
vt 0.623703 0.963898
vt 0.622767 0.965957
vt 0.622767 0.963892
vt 0.709734 0.829839
vt 0.707931 0.831904
vt 0.641361 0.960724
vt 0.641990 0.962789
vt 0.641361 0.962789
vt 0.720782 0.903499
vt 0.719509 0.901434
vt 0.720782 0.901434
vt 0.625584 0.963965
vt 0.624955 0.965236
vt 0.624717 0.963965
vt 0.669403 0.962687
vt 0.670032 0.963959
vt 0.671206 0.960708
vt 0.669403 0.960708
vt 0.625584 0.961986
vt 0.623781 0.963109
vt 0.623781 0.961986
vt 0.720173 0.945110
vt 0.721296 0.947175
vt 0.720173 0.947175
vt 0.718128 0.820877
vt 0.717262 0.820021
vt 0.719064 0.820021
vt 0.625584 0.963109
vt 0.703428 0.966052
vt 0.704364 0.963994
vt 0.704364 0.966059
vt 0.710807 0.791800
vt 0.709004 0.793865
vt 0.709004 0.791800
vt 0.538687 0.964237
vt 0.539316 0.966302
vt 0.538687 0.966302
vt 0.719299 0.811344
vt 0.719299 0.813409
vt 0.645722 0.963963
vt 0.645093 0.965234
vt 0.644855 0.963963
vt 0.717262 0.820877
vt 0.717891 0.822148
vt 0.717262 0.822148
vt 0.719064 0.818898
vt 0.717262 0.818898
vt 0.645722 0.961984
vt 0.643920 0.963107
vt 0.643920 0.961984
vt 0.608793 0.964188
vt 0.609916 0.966253
vt 0.608793 0.966253
vt 0.718180 0.795638
vt 0.717314 0.794782
vt 0.719116 0.794782
vt 0.645722 0.963107
vt 0.706281 0.966043
vt 0.707217 0.963985
vt 0.707217 0.966050
vt 0.684238 0.873062
vt 0.684238 0.875127
vt 0.721353 0.793047
vt 0.720724 0.790982
vt 0.721353 0.790982
vt 0.591513 0.963576
vt 0.592787 0.965641
vt 0.591513 0.965641
vt 0.700524 0.963926
vt 0.699895 0.965198
vt 0.699657 0.963926
vt 0.717314 0.795638
vt 0.717943 0.796910
vt 0.717314 0.796910
vt 0.719116 0.793659
vt 0.717314 0.793659
vt 0.700524 0.961947
vt 0.698721 0.963070
vt 0.698721 0.961947
vt 0.620828 0.966511
vt 0.619705 0.964446
vt 0.620828 0.964446
vt 0.572355 0.962801
vt 0.571488 0.961945
vt 0.573290 0.961945
vt 0.700524 0.963070
vt 0.577266 0.963818
vt 0.576330 0.965877
vt 0.576330 0.963812
vt 0.713733 0.903697
vt 0.721777 0.836107
vt 0.721148 0.836107
vt 0.719441 0.916817
vt 0.720714 0.918881
vt 0.719441 0.918882
vt 0.703428 0.963895
vt 0.702799 0.965166
vt 0.702561 0.963895
vt 0.571488 0.962801
vt 0.572117 0.964073
vt 0.571488 0.964073
vt 0.573290 0.960822
vt 0.571488 0.960822
vt 0.703428 0.961916
vt 0.701626 0.963039
vt 0.701626 0.961916
vt 0.720356 0.795427
vt 0.721479 0.797492
vt 0.720356 0.797492
vt 0.661479 0.962805
vt 0.660613 0.961949
vt 0.662415 0.961949
vt 0.703428 0.963039
vt 0.548977 0.962766
vt 0.548041 0.964825
vt 0.548041 0.962760
vt 0.713324 0.938326
vt 0.715127 0.936261
vt 0.715127 0.938326
vt 0.721147 0.880289
vt 0.721776 0.882354
vt 0.721147 0.882354
vt 0.712361 0.965694
vt 0.712361 0.963629
vt 0.635632 0.964319
vt 0.635003 0.965591
vt 0.634765 0.964319
vt 0.660613 0.962805
vt 0.661242 0.964077
vt 0.660613 0.964077
vt 0.662415 0.960826
vt 0.660613 0.960826
vt 0.635632 0.962340
vt 0.633829 0.963463
vt 0.633829 0.962340
vt 0.589299 0.966489
vt 0.588176 0.966489
vt 0.664450 0.962098
vt 0.665316 0.962954
vt 0.663514 0.962954
vt 0.635632 0.963463
vt 0.678337 0.962301
vt 0.677401 0.964360
vt 0.677401 0.962295
vt 0.707202 0.793865
vt 0.535213 0.964340
vt 0.535842 0.966405
vt 0.535213 0.966405
vt 0.537383 0.965572
vt 0.536110 0.963507
vt 0.537383 0.963507
vt 0.706271 0.963886
vt 0.705642 0.965158
vt 0.705404 0.963886
vt 0.665316 0.962098
vt 0.664688 0.960826
vt 0.665316 0.960826
vt 0.663514 0.964077
vt 0.665316 0.964077
vt 0.706271 0.961907
vt 0.704468 0.963030
vt 0.704468 0.961907
vt 0.535213 0.966405
vt 0.534090 0.966405
vt 0.578203 0.964351
vt 0.577337 0.963495
vt 0.579139 0.963495
vt 0.706271 0.963030
vt 0.544542 0.964826
vt 0.545478 0.962767
vt 0.545478 0.964832
vt 0.667338 0.829755
vt 0.665535 0.831820
vt 0.665535 0.829755
vt 0.608793 0.966253
vt 0.608164 0.964188
vt 0.713634 0.965694
vt 0.718857 0.935413
vt 0.718228 0.936684
vt 0.717990 0.935413
vt 0.577337 0.964351
vt 0.577966 0.965623
vt 0.577337 0.965623
vt 0.579139 0.962373
vt 0.577337 0.962373
vt 0.717054 0.934557
vt 0.717054 0.933434
vt 0.556921 0.964367
vt 0.558043 0.966432
vt 0.719760 0.858360
vt 0.718894 0.857505
vt 0.720696 0.857505
vt 0.718857 0.934557
vt 0.690650 0.961211
vt 0.689714 0.963282
vt 0.689714 0.961217
vt 0.697117 0.831904
vt 0.695233 0.817796
vt 0.695862 0.819861
vt 0.695233 0.819861
vt 0.609916 0.963732
vt 0.611190 0.965797
vt 0.609916 0.965797
vt 0.563819 0.962805
vt 0.563190 0.964077
vt 0.562953 0.962805
vt 0.718894 0.858360
vt 0.719523 0.859632
vt 0.718894 0.859632
vt 0.720696 0.856382
vt 0.718894 0.856382
vt 0.563819 0.960826
vt 0.562017 0.961949
vt 0.562017 0.960826
vt 0.553149 0.964448
vt 0.554272 0.966513
vt 0.553149 0.966513
vt 0.719807 0.788498
vt 0.718941 0.787642
vt 0.720743 0.787642
vt 0.563819 0.961949
vt 0.633741 0.961993
vt 0.632805 0.964064
vt 0.632805 0.961999
vt 0.679954 0.829755
vt 0.678152 0.831820
vt 0.678152 0.829755
vt 0.721514 0.959228
vt 0.720885 0.959228
vt 0.566857 0.965756
vt 0.566857 0.963691
vt 0.718894 0.858360
vt 0.718265 0.859632
vt 0.718027 0.858360
vt 0.718941 0.788498
vt 0.719570 0.789770
vt 0.718941 0.789770
vt 0.720743 0.786519
vt 0.718941 0.786519
vt 0.717091 0.857505
vt 0.717091 0.856382
vt 0.720190 0.959366
vt 0.721312 0.961431
vt 0.720190 0.961431
vt 0.626519 0.963258
vt 0.627386 0.964113
vt 0.625584 0.964113
vt 0.552118 0.963109
vt 0.553054 0.961038
vt 0.553054 0.963103
vt 0.687843 0.873062
vt 0.686040 0.875127
vt 0.686040 0.873062
vt 0.721400 0.956620
vt 0.720771 0.954555
vt 0.721400 0.954555
vt 0.671951 0.966024
vt 0.718922 0.791775
vt 0.718293 0.793047
vt 0.718055 0.791775
vt 0.627386 0.963258
vt 0.626757 0.961986
vt 0.627386 0.961986
vt 0.625584 0.965236
vt 0.627386 0.965236
vt 0.718922 0.789796
vt 0.717119 0.790919
vt 0.717119 0.789796
vt 0.554272 0.964448
vt 0.555395 0.966513
vt 0.719815 0.940588
vt 0.718949 0.939732
vt 0.720751 0.939732
vt 0.718922 0.790919
vt 0.700524 0.964018
vt 0.701460 0.961947
vt 0.701460 0.964012
vt 0.695315 0.831904
vt 0.697117 0.829839
vt 0.652567 0.966448
vt 0.651938 0.964383
vt 0.652567 0.964383
vt 0.568131 0.965756
vt 0.568131 0.963691
vt 0.718949 0.943838
vt 0.718320 0.945110
vt 0.718082 0.943838
vt 0.718949 0.940588
vt 0.719578 0.941860
vt 0.718949 0.941860
vt 0.720751 0.938609
vt 0.718949 0.938609
vt 0.718949 0.941860
vt 0.717147 0.942983
vt 0.717147 0.941860
vt 0.721479 0.799557
vt 0.720356 0.799557
vt 0.719788 0.791775
vt 0.718922 0.790919
vt 0.720724 0.790919
vt 0.718949 0.942983
vt 0.600247 0.963859
vt 0.601183 0.961788
vt 0.601183 0.963853
vt 0.676349 0.831820
vt 0.720735 0.922691
vt 0.721364 0.924756
vt 0.720735 0.924756
vt 0.657750 0.963975
vt 0.659023 0.966040
vt 0.657750 0.966040
vt 0.718387 0.961345
vt 0.717758 0.962617
vt 0.717521 0.961345
vt 0.718922 0.791775
vt 0.719551 0.793047
vt 0.718922 0.793047
vt 0.720724 0.789796
vt 0.718387 0.959366
vt 0.716585 0.960489
vt 0.716585 0.959366
vt 0.721310 0.807217
vt 0.720187 0.805152
vt 0.721310 0.805152
vt 0.719815 0.943838
vt 0.718949 0.942983
vt 0.720751 0.942983
vt 0.718387 0.960489
vt 0.704364 0.961916
vt 0.703428 0.963987
vt 0.703428 0.961922
vt 0.673424 0.875127
vt 0.675226 0.873062
vt 0.537514 0.960218
vt 0.536885 0.958153
vt 0.537514 0.958153
vt 0.720782 0.898503
vt 0.719509 0.896438
vt 0.720782 0.896438
vt 0.641361 0.962703
vt 0.640732 0.963974
vt 0.640495 0.962703
vt 0.718949 0.943838
vt 0.719578 0.945110
vt 0.718949 0.945110
vt 0.720751 0.941860
vt 0.639559 0.961847
vt 0.639559 0.960724
vt 0.542697 0.966431
vt 0.719068 0.848390
vt 0.718201 0.847534
vt 0.720004 0.847534
vt 0.641361 0.961847
vt 0.577266 0.961741
vt 0.576330 0.961747
vt 0.716066 0.873335
vt 0.716695 0.875400
vt 0.721222 0.831003
vt 0.719949 0.828938
vt 0.721222 0.828938
vt 0.718387 0.960638
vt 0.719016 0.959366
vt 0.719254 0.960638
vt 0.718201 0.848390
vt 0.718830 0.849661
vt 0.718201 0.849661
vt 0.720004 0.846411
vt 0.718201 0.846411
vt 0.718387 0.962617
vt 0.720190 0.961494
vt 0.720190 0.962617
vt 0.721280 0.866160
vt 0.720157 0.864095
vt 0.721280 0.864095
vt 0.719058 0.853201
vt 0.718191 0.852345
vt 0.719993 0.852345
vt 0.718387 0.961494
vt 0.638458 0.966128
vt 0.639388 0.964063
vt 0.639388 0.966128
vt 0.711407 0.856114
vt 0.713209 0.854049
vt 0.721116 0.851222
vt 0.721745 0.851222
vt 0.572761 0.966138
vt 0.572761 0.964073
vt 0.717966 0.952554
vt 0.718595 0.951282
vt 0.718832 0.952554
vt 0.718191 0.853201
vt 0.718820 0.854473
vt 0.718191 0.854473
vt 0.719993 0.851222
vt 0.718191 0.851222
vt 0.717966 0.954533
vt 0.719768 0.953410
vt 0.719768 0.954533
vt 0.721092 0.916135
vt 0.719969 0.914070
vt 0.554085 0.962470
vt 0.554951 0.963326
vt 0.553149 0.963326
vt 0.717966 0.953410
vt 0.720652 0.815474
vt 0.721581 0.813409
vt 0.721581 0.815474
vt 0.686001 0.956776
vt 0.687804 0.958841
vt 0.686001 0.958841
vt 0.589928 0.964424
vt 0.589299 0.964424
vt 0.719949 0.826873
vt 0.721222 0.826873
vt 0.608114 0.962209
vt 0.608743 0.960937
vt 0.608980 0.962209
vt 0.554951 0.962470
vt 0.554322 0.961198
vt 0.554951 0.961198
vt 0.554951 0.964448
vt 0.608114 0.964188
vt 0.609916 0.963065
vt 0.609916 0.964188
vt 0.720006 0.873413
vt 0.721128 0.875478
vt 0.720006 0.875478
vt 0.718562 0.814680
vt 0.719428 0.815536
vt 0.717626 0.815536
vt 0.608114 0.963065
vt 0.665717 0.964077
vt 0.664787 0.966142
vt 0.664787 0.964077
vt 0.711522 0.938326
vt 0.713324 0.936261
vt 0.721148 0.878224
vt 0.721777 0.880289
vt 0.721148 0.880289
vt 0.563290 0.966142
vt 0.562017 0.964077
vt 0.563290 0.964077
vt 0.718073 0.836499
vt 0.718702 0.835228
vt 0.718939 0.836499
vt 0.719428 0.814680
vt 0.718799 0.813409
vt 0.719428 0.813409
vt 0.719428 0.816659
vt 0.718073 0.838478
vt 0.719875 0.837355
vt 0.719875 0.838478
vt 0.669391 0.965586
vt 0.668268 0.963521
vt 0.669391 0.963521
vt 0.719102 0.914838
vt 0.719969 0.915694
vt 0.718166 0.915694
vt 0.718073 0.837355
vt 0.720659 0.937564
vt 0.721589 0.935499
vt 0.721589 0.937564
vt 0.705400 0.791800
vt 0.707202 0.791800
vt 0.721162 0.784628
vt 0.721791 0.782563
vt 0.721791 0.784628
vt 0.719875 0.834042
vt 0.721148 0.836107
vt 0.719875 0.836107
vt 0.717428 0.798259
vt 0.718057 0.796987
vt 0.718295 0.798259
vt 0.719969 0.914838
vt 0.719340 0.913566
vt 0.719969 0.913566
vt 0.719969 0.916816
vt 0.717428 0.800238
vt 0.719231 0.799115
vt 0.719231 0.800238
vt 0.719969 0.912005
vt 0.721092 0.912005
vt 0.679314 0.963052
vt 0.680181 0.963908
vt 0.678378 0.963908
vt 0.717428 0.799115
vt 0.613008 0.966148
vt 0.613938 0.964083
vt 0.613938 0.966148
vt 0.703597 0.793865
vt 0.705400 0.793865
vt 0.555580 0.963263
vt 0.554951 0.963263
vt 0.721148 0.838172
vt 0.690738 0.962803
vt 0.691368 0.961532
vt 0.691605 0.962803
vt 0.680181 0.963052
vt 0.679552 0.961781
vt 0.680181 0.961781
vt 0.678378 0.965031
vt 0.680181 0.965031
vt 0.690738 0.964782
vt 0.692541 0.963659
vt 0.692541 0.964782
vt 0.721116 0.855352
vt 0.719993 0.853287
vt 0.556733 0.962388
vt 0.557600 0.963244
vt 0.555798 0.963244
vt 0.690738 0.963659
vt 0.697786 0.956895
vt 0.698715 0.954830
vt 0.698715 0.956895
vt 0.703253 0.910577
vt 0.705055 0.908512
vt 0.705055 0.910577
vt 0.571276 0.952139
vt 0.571905 0.954204
vt 0.571276 0.954204
vt 0.664787 0.966142
vt 0.664787 0.964077
vt 0.568332 0.962366
vt 0.568961 0.961094
vt 0.569199 0.962366
vt 0.557600 0.962388
vt 0.556971 0.961117
vt 0.557600 0.961117
vt 0.555798 0.964367
vt 0.557600 0.964367
vt 0.570135 0.963221
vt 0.570135 0.964344
vt 0.721111 0.845286
vt 0.719988 0.843221
vt 0.568332 0.963221
vt 0.654670 0.964383
vt 0.653741 0.966448
vt 0.653741 0.964383
vt 0.691447 0.873062
vt 0.716915 0.856114
vt 0.654689 0.963977
vt 0.655963 0.966042
vt 0.654689 0.966042
vt 0.593315 0.962304
vt 0.592686 0.963576
vt 0.592449 0.962304
vt 0.628170 0.964305
vt 0.628799 0.965576
vt 0.628170 0.965576
vt 0.628170 0.962326
vt 0.593315 0.960325
vt 0.591513 0.961448
vt 0.591513 0.960325
vt 0.721313 0.819402
vt 0.720190 0.817337
vt 0.721313 0.817337
vt 0.637522 0.963970
vt 0.636656 0.963115
vt 0.638458 0.963115
vt 0.593315 0.961448
vt 0.558536 0.961117
vt 0.557600 0.963188
vt 0.557600 0.961123
vt 0.674547 0.831820
vt 0.676349 0.829755
vt 0.603304 0.943614
vt 0.603933 0.945679
vt 0.603304 0.945679
vt 0.721148 0.880289
vt 0.719874 0.880289
vt 0.668268 0.962705
vt 0.667639 0.963977
vt 0.667401 0.962705
vt 0.636656 0.963970
vt 0.637285 0.965242
vt 0.636656 0.965242
vt 0.638458 0.961992
vt 0.636656 0.961992
vt 0.668268 0.960726
vt 0.666466 0.961849
vt 0.666466 0.960726
vt 0.558122 0.964204
vt 0.719730 0.920951
vt 0.718864 0.920095
vt 0.720666 0.920095
vt 0.668268 0.961849
vt 0.623703 0.961821
vt 0.623703 0.963886
vt 0.680633 0.873062
vt 0.721721 0.914070
vt 0.721721 0.912005
vt 0.666994 0.966042
vt 0.665721 0.963977
vt 0.666994 0.963977
vt 0.717147 0.939881
vt 0.717776 0.938609
vt 0.718013 0.939881
vt 0.718864 0.920951
vt 0.719493 0.922223
vt 0.718864 0.922223
vt 0.720666 0.918972
vt 0.718864 0.918972
vt 0.718949 0.940737
vt 0.720303 0.925942
vt 0.721426 0.928007
vt 0.720303 0.928007
vt 0.676465 0.964273
vt 0.675599 0.963418
vt 0.677401 0.963418
vt 0.717147 0.940737
vt 0.682919 0.961781
vt 0.681983 0.961787
vt 0.691447 0.875127
vt 0.604743 0.961604
vt 0.604114 0.959539
vt 0.604743 0.959539
vt 0.668268 0.966042
vt 0.668268 0.963977
vt 0.718941 0.788498
vt 0.718312 0.789770
vt 0.718074 0.788498
vt 0.675599 0.964273
vt 0.676228 0.965545
vt 0.675599 0.965545
vt 0.675599 0.962295
vt 0.717138 0.787642
vt 0.717138 0.786519
vt 0.538637 0.966302
vt 0.537514 0.964237
vt 0.538637 0.964237
vt 0.686576 0.964094
vt 0.685709 0.963238
vt 0.687512 0.963238
vt 0.718941 0.787642
vt 0.639394 0.961992
vt 0.638458 0.964063
vt 0.638458 0.961998
vt 0.720781 0.885579
vt 0.721410 0.887644
vt 0.720781 0.887644
vt 0.639559 0.963974
vt 0.640833 0.966039
vt 0.639559 0.966039
vt 0.656491 0.962705
vt 0.655862 0.963977
vt 0.655625 0.962705
vt 0.685709 0.964094
vt 0.686338 0.965365
vt 0.685709 0.965365
vt 0.687512 0.962115
vt 0.685709 0.962115
vt 0.656491 0.960726
vt 0.654689 0.961849
vt 0.654689 0.960726
vt 0.551439 0.964288
vt 0.552562 0.966353
vt 0.673233 0.964274
vt 0.672366 0.963418
vt 0.674169 0.963418
vt 0.656491 0.961849
vt 0.542254 0.963187
vt 0.543190 0.961115
vt 0.543190 0.963180
vt 0.713729 0.908572
vt 0.715531 0.906507
vt 0.715531 0.908572
vt 0.721343 0.918881
vt 0.720714 0.916816
vt 0.721343 0.916816
vt 0.642106 0.966039
vt 0.640833 0.963974
vt 0.642106 0.963974
vt 0.659552 0.962703
vt 0.658923 0.963975
vt 0.658686 0.962703
vt 0.672366 0.964274
vt 0.672995 0.965546
vt 0.672366 0.965546
vt 0.674169 0.962295
vt 0.672366 0.962295
vt 0.657750 0.961847
vt 0.657750 0.960725
vt 0.721313 0.821467
vt 0.720190 0.819402
vt 0.719713 0.930573
vt 0.718847 0.929717
vt 0.720649 0.929717
vt 0.659552 0.961847
vt 0.707217 0.961907
vt 0.706281 0.963978
vt 0.706281 0.961914
vt 0.708660 0.910577
vt 0.710462 0.908512
vt 0.710462 0.910577
vt 0.580898 0.958749
vt 0.580269 0.956684
vt 0.580898 0.956684
vt 0.660297 0.966040
vt 0.659023 0.963975
vt 0.660297 0.963975
vt 0.718864 0.920951
vt 0.718235 0.922223
vt 0.717998 0.920951
vt 0.718847 0.930573
vt 0.719476 0.931845
vt 0.718847 0.931845
vt 0.717062 0.920095
vt 0.717062 0.918972
vt 0.720187 0.803087
vt 0.719139 0.874685
vt 0.720006 0.875540
vt 0.718203 0.875540
vt 0.718864 0.920095
vt 0.718982 0.806514
vt 0.718047 0.808585
vt 0.718047 0.806520
vt 0.663733 0.831820
vt 0.721777 0.838172
vt 0.661886 0.966142
vt 0.661886 0.964077
vt 0.698564 0.963781
vt 0.697935 0.965053
vt 0.697698 0.963781
vt 0.720006 0.874685
vt 0.719376 0.873413
vt 0.718203 0.876663
vt 0.720006 0.876663
vt 0.698564 0.961802
vt 0.696762 0.962925
vt 0.720006 0.860844
vt 0.719083 0.829330
vt 0.719949 0.830186
vt 0.718147 0.830186
vt 0.698564 0.962925
vt 0.697786 0.958960
vt 0.698715 0.956895
vt 0.698715 0.958960
vt 0.669140 0.831820
vt 0.670942 0.829755
vt 0.670942 0.831820
vt 0.569455 0.964344
vt 0.570084 0.966409
vt 0.721147 0.882354
vt 0.693089 0.963027
vt 0.693717 0.961756
vt 0.693955 0.963027
vt 0.719949 0.829330
vt 0.719320 0.828058
vt 0.718147 0.831309
vt 0.719949 0.831309
vt 0.693089 0.965006
vt 0.694891 0.963883
vt 0.694891 0.965006
vt 0.540439 0.965660
vt 0.539316 0.963595
vt 0.540439 0.963595
vt 0.595750 0.963869
vt 0.594884 0.963013
vt 0.596686 0.963013
vt 0.693089 0.963883
vt 0.720659 0.935499
vt 0.721589 0.933434
vt 0.721589 0.935499
vt 0.671622 0.873062
vt 0.671622 0.875127
vt 0.695052 0.875127
vt 0.695681 0.873062
vt 0.695681 0.875127
vt 0.719949 0.824808
vt 0.721222 0.824808
vt 0.718204 0.862116
vt 0.718832 0.860844
vt 0.719070 0.862116
vt 0.594884 0.963869
vt 0.595513 0.965141
vt 0.594884 0.965141
vt 0.596686 0.961890
vt 0.594884 0.961890
vt 0.718204 0.864095
vt 0.720006 0.862972
vt 0.720006 0.864095
vt 0.721128 0.877543
vt 0.720006 0.877543
vt 0.681117 0.963052
vt 0.681983 0.963908
vt 0.680181 0.963908
vt 0.718204 0.862972
vt 0.582700 0.966207
vt 0.583630 0.964142
vt 0.583630 0.966207
vt 0.721757 0.877543
vt 0.721757 0.875478
vt 0.574034 0.966138
vt 0.574034 0.964073
vt 0.574504 0.963013
vt 0.575133 0.961741
vt 0.575370 0.963013
vt 0.681983 0.963052
vt 0.681354 0.961781
vt 0.681983 0.961781
vt 0.681983 0.965031
vt 0.574504 0.964991
vt 0.576306 0.963868
vt 0.576306 0.964991
vt 0.721127 0.850541
vt 0.720004 0.848476
vt 0.616848 0.963109
vt 0.617715 0.963965
vt 0.615912 0.963965
vt 0.574504 0.963868
vt 0.635638 0.966477
vt 0.635638 0.964412
vt 0.667338 0.831820
vt 0.721805 0.856382
vt 0.721176 0.858447
vt 0.721176 0.856382
vt 0.663159 0.966142
vt 0.663159 0.964077
vt 0.620955 0.963092
vt 0.621584 0.961821
vt 0.621821 0.963092
vt 0.617715 0.963109
vt 0.617086 0.961838
vt 0.617715 0.961838
vt 0.615912 0.965088
vt 0.617715 0.965088
vt 0.620955 0.965071
vt 0.622757 0.963948
vt 0.622757 0.965071
vt 0.718046 0.831684
vt 0.716923 0.829619
vt 0.718046 0.829619
vt 0.599311 0.963767
vt 0.598445 0.962911
vt 0.600247 0.962911
vt 0.620955 0.963948
vt 0.677407 0.966431
vt 0.678337 0.964366
vt 0.678337 0.966431
vt 0.721411 0.903499
vt 0.721242 0.910820
vt 0.721242 0.908755
vt 0.617903 0.962899
vt 0.618531 0.961628
vt 0.618769 0.962899
vt 0.598445 0.963767
vt 0.599074 0.965039
vt 0.598445 0.965039
vt 0.600247 0.961788
vt 0.598445 0.961788
vt 0.617903 0.964878
vt 0.619705 0.963755
vt 0.619705 0.964878
vt 0.721116 0.851222
vt 0.614977 0.963816
vt 0.614110 0.962960
vt 0.615912 0.962960
vt 0.617903 0.963755
vt 0.629973 0.966462
vt 0.630902 0.964397
vt 0.630902 0.966462
vt 0.709734 0.831904
vt 0.711536 0.829839
vt 0.711536 0.831904
vt 0.685726 0.953763
vt 0.686355 0.955828
vt 0.685726 0.955828
vt 0.642114 0.962764
vt 0.642743 0.961492
vt 0.642980 0.962764
vt 0.614110 0.963816
vt 0.614739 0.965088
vt 0.614110 0.965088
vt 0.615912 0.961838
vt 0.614110 0.961838
vt 0.642114 0.964743
vt 0.643916 0.963620
vt 0.643916 0.964743
vt 0.695895 0.963074
vt 0.694959 0.963930
vt 0.642114 0.963620
vt 0.632805 0.966129
vt 0.633735 0.964064
vt 0.633735 0.966129
vt 0.717911 0.930573
vt 0.718847 0.929717
vt 0.287536 0.967762
vt 0.290362 0.964935
vt 0.290362 0.967762
vt 0.455625 0.861800
vt 0.458451 0.858973
vt 0.458451 0.861800
vt 0.383700 0.954893
vt 0.380874 0.949946
vt 0.383700 0.949946
vt 0.300187 0.953451
vt 0.358328 0.945571
vt 0.406430 0.668599
vt 0.403557 0.667390
vt 0.390135 0.685282
vt 0.389270 0.694520
vt 0.409523 0.677837
vt 0.407977 0.685866
vt 0.407977 0.676628
vt 0.451207 0.582396
vt 0.452072 0.582396
vt 0.343401 0.683156
vt 0.343710 0.676337
vt 0.343710 0.683156
vt 0.405104 0.675419
vt 0.406430 0.675419
vt 0.360152 0.693186
vt 0.359844 0.700005
vt 0.359844 0.693186
vt 0.410849 0.675419
vt 0.412396 0.676628
vt 0.409523 0.675419
vt 0.378777 0.580648
vt 0.378469 0.581973
vt 0.378469 0.580648
vt 0.406430 0.677837
vt 0.406430 0.684657
vt 0.405104 0.684657
vt 0.379393 0.581973
vt 0.379701 0.580648
vt 0.379701 0.581973
vt 0.409523 0.684657
vt 0.412396 0.685866
vt 0.410849 0.677837
vt 0.410849 0.684657
vt 0.443588 0.700785
vt 0.442433 0.700543
vt 0.443759 0.700543
vt 0.461005 0.559255
vt 0.459851 0.559013
vt 0.461176 0.559013
vt 0.459709 0.665752
vt 0.460864 0.665993
vt 0.459538 0.665993
vt 0.442605 0.700785
vt 0.442433 0.707363
vt 0.424447 0.693223
vt 0.424139 0.700043
vt 0.424139 0.693223
vt 0.359809 0.684039
vt 0.360117 0.677219
vt 0.360117 0.684039
vt 0.377236 0.581973
vt 0.377544 0.580648
vt 0.377544 0.581973
vt 0.320456 0.696873
vt 0.320764 0.690053
vt 0.320764 0.696873
vt 0.378160 0.581973
vt 0.310472 0.700141
vt 0.310780 0.693321
vt 0.310780 0.700141
vt 0.380009 0.581973
vt 0.380317 0.580648
vt 0.380317 0.581973
vt 0.381241 0.581973
vt 0.381549 0.580648
vt 0.381549 0.581973
vt 0.379085 0.581973
vt 0.379393 0.580648
vt 0.295013 0.696433
vt 0.295321 0.689614
vt 0.295321 0.696433
vt 0.388737 0.694486
vt 0.389045 0.687667
vt 0.389045 0.694486
vt 0.377852 0.580648
vt 0.314134 0.685242
vt 0.314043 0.691579
vt 0.314043 0.685242
vt 0.321476 0.588731
vt 0.321385 0.595067
vt 0.321385 0.588731
vt 0.384972 0.581484
vt 0.385063 0.580501
vt 0.385063 0.581484
vt 0.321476 0.622379
vt 0.321567 0.621396
vt 0.321567 0.622379
vt 0.459679 0.623917
vt 0.460833 0.624158
vt 0.459508 0.624158
vt 0.460022 0.559255
vt 0.459851 0.565833
vt 0.459679 0.617580
vt 0.459508 0.617339
vt 0.461176 0.565833
vt 0.460662 0.617580
vt 0.460833 0.617339
vt 0.461005 0.565591
vt 0.460692 0.665752
vt 0.460864 0.659173
vt 0.442605 0.707121
vt 0.443759 0.707363
vt 0.459709 0.659415
vt 0.459538 0.659173
vt 0.443588 0.707121
vt 0.459955 0.710583
vt 0.458972 0.704247
vt 0.459955 0.704247
vt 0.464827 0.659173
vt 0.465811 0.665510
vt 0.464827 0.665510
vt 0.403557 0.706905
vt 0.402574 0.700569
vt 0.403557 0.700569
vt 0.459955 0.697910
vt 0.321476 0.601404
vt 0.321385 0.607740
vt 0.321385 0.601404
vt 0.321385 0.622379
vt 0.321476 0.621396
vt 0.385154 0.580501
vt 0.385154 0.581484
vt 0.385336 0.580501
vt 0.385245 0.581484
vt 0.385245 0.580501
vt 0.321476 0.623363
vt 0.321567 0.623363
vt 0.321385 0.620413
vt 0.321476 0.614076
vt 0.321476 0.620413
vt 0.321567 0.607740
vt 0.321567 0.614076
vt 0.321567 0.588731
vt 0.321476 0.595067
vt 0.321567 0.582394
vt 0.321476 0.582394
vt 0.384609 0.580501
vt 0.384518 0.581484
vt 0.384518 0.580501
vt 0.384427 0.581484
vt 0.402611 0.681912
vt 0.402702 0.675575
vt 0.402702 0.681912
vt 0.083322 0.795994
vt 0.078563 0.795994
vt 0.093705 0.850623
vt 0.112989 0.857969
vt 0.073556 0.795994
vt 0.073556 0.803340
vt 0.092839 0.795994
vt 0.093705 0.803345
vt 0.094571 0.800930
vt 0.093705 0.793576
vt 0.088081 0.795994
vt 0.133139 0.800930
vt 0.063789 0.795994
vt 0.068548 0.795994
vt 0.132273 0.850623
vt 0.053406 0.803345
vt 0.054272 0.795994
vt 0.092839 0.848205
vt 0.091973 0.855558
vt 0.059031 0.795994
vt 0.053406 0.855558
vt 0.451210 0.625893
vt 0.452075 0.635131
vt 0.451210 0.635131
vt 0.402692 0.700569
vt 0.403557 0.696149
vt 0.351005 0.692450
vt 0.350140 0.696869
vt 0.350140 0.692450
vt 0.451207 0.619347
vt 0.452072 0.610109
vt 0.452072 0.619347
vt 0.419688 0.668599
vt 0.416815 0.667390
vt 0.421234 0.667390
vt 0.413943 0.684657
vt 0.402692 0.691730
vt 0.403557 0.691730
vt 0.350140 0.688031
vt 0.415268 0.668599
vt 0.451207 0.610109
vt 0.416815 0.676628
vt 0.418362 0.684657
vt 0.416815 0.685866
vt 0.452075 0.644369
vt 0.451210 0.644369
vt 0.295377 0.696433
vt 0.295685 0.689614
vt 0.295685 0.696433
vt 0.415268 0.675419
vt 0.413943 0.675419
vt 0.388351 0.700089
vt 0.388659 0.693269
vt 0.388659 0.700089
vt 0.419688 0.675419
vt 0.421234 0.676628
vt 0.418362 0.675419
vt 0.378160 0.580648
vt 0.377852 0.581973
vt 0.415268 0.677837
vt 0.415268 0.684657
vt 0.381241 0.580648
vt 0.380933 0.581973
vt 0.380933 0.580648
vt 0.421234 0.685866
vt 0.419688 0.677837
vt 0.419688 0.684657
vt 0.399778 0.688159
vt 0.398624 0.687917
vt 0.399950 0.687917
vt 0.461013 0.544821
vt 0.459858 0.544579
vt 0.461184 0.544579
vt 0.435517 0.706953
vt 0.436672 0.707194
vt 0.435346 0.707194
vt 0.398795 0.688159
vt 0.314087 0.695001
vt 0.313779 0.701820
vt 0.313779 0.695001
vt 0.356917 0.695054
vt 0.356609 0.701873
vt 0.356609 0.695054
vt 0.378777 0.581973
vt 0.379085 0.580648
vt 0.320148 0.696873
vt 0.320456 0.690053
vt 0.377236 0.580648
vt 0.376928 0.581973
vt 0.376928 0.580648
vt 0.359809 0.690859
vt 0.360117 0.690859
vt 0.380625 0.580648
vt 0.380009 0.580648
vt 0.379701 0.580648
vt 0.380625 0.581973
vt 0.314495 0.690053
vt 0.314186 0.696873
vt 0.314186 0.690053
vt 0.343401 0.689976
vt 0.343710 0.689976
vt 0.376620 0.581973
vt 0.321385 0.614076
vt 0.321476 0.607740
vt 0.321567 0.601404
vt 0.321385 0.623363
vt 0.384790 0.581484
vt 0.384881 0.580501
vt 0.384881 0.581484
vt 0.460030 0.557977
vt 0.461184 0.558219
vt 0.459858 0.558219
vt 0.460030 0.544821
vt 0.459858 0.551399
vt 0.460030 0.551641
vt 0.461184 0.551399
vt 0.461013 0.551641
vt 0.461013 0.551157
vt 0.436500 0.700616
vt 0.436672 0.700375
vt 0.398795 0.694496
vt 0.399950 0.694737
vt 0.435517 0.700616
vt 0.435346 0.700375
vt 0.465032 0.695364
vt 0.466015 0.701701
vt 0.465032 0.701701
vt 0.466015 0.695364
vt 0.465032 0.689028
vt 0.466015 0.689028
vt 0.399684 0.711192
vt 0.398700 0.704856
vt 0.399684 0.704856
vt 0.376613 0.712001
vt 0.375630 0.705664
vt 0.376613 0.705664
vt 0.321567 0.595067
vt 0.321567 0.620413
vt 0.384972 0.580501
vt 0.384700 0.580501
vt 0.384609 0.581484
vt 0.324003 0.686768
vt 0.324094 0.680431
vt 0.324094 0.686768
vt 0.321385 0.582394
vt 0.321385 0.621396
vt 0.384790 0.580501
vt 0.384700 0.581484
vt 0.402611 0.688248
vt 0.402702 0.688248
vt 0.112989 0.850623
vt 0.058502 0.929559
vt 0.057906 0.934567
vt 0.057906 0.929559
vt 0.093705 0.795998
vt 0.093705 0.800923
vt 0.216532 0.929977
vt 0.217127 0.910771
vt 0.217127 0.929977
vt 0.053406 0.795998
vt 0.092840 0.855551
vt 0.838484 0.915834
vt 0.833476 0.915834
vt 0.828469 0.915834
vt 0.058502 0.934567
vt 0.057906 0.939574
vt 0.070633 0.937989
vt 0.071229 0.932982
vt 0.071229 0.937989
vt 0.096810 0.923812
vt 0.096215 0.943018
vt 0.096215 0.923812
vt 0.070633 0.942997
vt 0.071229 0.942997
vt 0.413609 0.676735
vt 0.412486 0.674007
vt 0.413609 0.673940
vt 0.361154 0.656665
vt 0.362278 0.662321
vt 0.361154 0.662321
vt 0.301623 0.649020
vt 0.302747 0.654676
vt 0.301623 0.654676
vt 0.391147 0.650378
vt 0.388352 0.644722
vt 0.391147 0.644722
vt 0.388352 0.644746
vt 0.385624 0.639090
vt 0.388352 0.639090
vt 0.281601 0.676721
vt 0.280110 0.674361
vt 0.281601 0.674303
vt 0.335682 0.639132
vt 0.335807 0.658070
vt 0.463796 0.596368
vt 0.465010 0.598727
vt 0.463725 0.598793
vt 0.397734 0.639090
vt 0.396436 0.658029
vt 0.396518 0.639090
vt 0.367590 0.632096
vt 0.357919 0.651033
vt 0.355559 0.632096
vt 0.357919 0.632096
vt 0.317508 0.676764
vt 0.318632 0.674036
vt 0.318632 0.676831
vt 0.362278 0.651034
vt 0.361154 0.651034
vt 0.397783 0.672496
vt 0.398907 0.669701
vt 0.398907 0.672496
vt 0.301623 0.660308
vt 0.388352 0.639090
vt 0.391147 0.639090
vt 0.385624 0.650378
vt 0.385557 0.644746
vt 0.306076 0.674225
vt 0.304585 0.676585
vt 0.304585 0.674167
vt 0.332982 0.658070
vt 0.331694 0.639132
vt 0.332982 0.639132
vt 0.465007 0.616981
vt 0.463793 0.619339
vt 0.463721 0.616915
vt 0.320257 0.599813
vt 0.321555 0.618752
vt 0.320064 0.618752
vt 0.372425 0.651034
vt 0.372425 0.632096
vt 0.360337 0.632097
vt 0.357977 0.651033
vt 0.410558 0.952957
vt 0.407732 0.948010
vt 0.410558 0.948010
vt 0.375220 0.964168
vt 0.378047 0.966995
vt 0.375220 0.966995
vt 0.372394 0.951510
vt 0.375220 0.956457
vt 0.372394 0.956457
vt 0.427257 0.945736
vt 0.427257 0.950683
vt 0.391147 0.967030
vt 0.393973 0.964203
vt 0.393973 0.967030
vt 0.593001 0.942731
vt 0.594533 0.934325
vt 0.594533 0.942731
vt 0.603304 0.935208
vt 0.604836 0.943614
vt 0.703597 0.794161
vt 0.702686 0.785754
vt 0.703597 0.785754
vt 0.703253 0.902357
vt 0.702342 0.893951
vt 0.703253 0.893951
vt 0.622970 0.830229
vt 0.623881 0.831761
vt 0.622970 0.831761
vt 0.621094 0.820845
vt 0.630039 0.830066
vt 0.621094 0.830066
vt 0.647928 0.830066
vt 0.638984 0.820845
vt 0.647928 0.820845
vt 0.533853 0.941635
vt 0.532417 0.950580
vt 0.532417 0.941635
vt 0.557406 0.945028
vt 0.555969 0.935806
vt 0.557406 0.935806
vt 0.639830 0.944101
vt 0.641267 0.953046
vt 0.639830 0.953046
vt 0.609663 0.931746
vt 0.608131 0.940290
vt 0.608131 0.931746
vt 0.687804 0.949956
vt 0.686272 0.941413
vt 0.687804 0.941413
vt 0.604104 0.943614
vt 0.604836 0.952158
vt 0.604104 0.952158
vt 0.598442 0.945904
vt 0.597710 0.937361
vt 0.598442 0.937361
vt 0.624612 0.831761
vt 0.623881 0.830229
vt 0.624612 0.830229
vt 0.593001 0.925918
vt 0.594533 0.925918
vt 0.604836 0.926801
vt 0.603304 0.926801
vt 0.703597 0.777348
vt 0.702342 0.910764
vt 0.703253 0.910764
vt 0.622059 0.831761
vt 0.622059 0.830229
vt 0.612150 0.830066
vt 0.630039 0.830066
vt 0.630039 0.820845
vt 0.575900 0.943415
vt 0.577337 0.952361
vt 0.575900 0.952361
vt 0.687708 0.932192
vt 0.686272 0.932192
vt 0.588764 0.944856
vt 0.587328 0.953801
vt 0.587328 0.944856
vt 0.679957 0.945746
vt 0.678425 0.937203
vt 0.679957 0.937203
vt 0.628140 0.937820
vt 0.626608 0.946364
vt 0.626608 0.937820
vt 0.580164 0.947339
vt 0.580895 0.938795
vt 0.580895 0.947339
vt 0.587282 0.938288
vt 0.586551 0.946832
vt 0.586551 0.938288
vt 0.625344 0.830229
vt 0.625344 0.831761
vt 0.721223 0.790210
vt 0.720743 0.790210
vt 0.635079 0.831066
vt 0.634600 0.831555
vt 0.634600 0.831066
vt 0.561360 0.956405
vt 0.561839 0.960096
vt 0.561360 0.960096
vt 0.626303 0.831380
vt 0.626782 0.831869
vt 0.626303 0.831869
vt 0.550239 0.956579
vt 0.549750 0.952888
vt 0.550239 0.952888
vt 0.604593 0.955849
vt 0.604593 0.952158
vt 0.635559 0.831066
vt 0.635079 0.830577
vt 0.635559 0.830577
vt 0.633640 0.831066
vt 0.634120 0.830577
vt 0.634120 0.831066
vt 0.627866 0.965677
vt 0.627866 0.961986
vt 0.574731 0.939635
vt 0.575220 0.943326
vt 0.574731 0.943326
vt 0.586007 0.965556
vt 0.585527 0.965556
vt 0.590925 0.954478
vt 0.591414 0.958169
vt 0.590925 0.958169
vt 0.635079 0.830088
vt 0.632681 0.830718
vt 0.633161 0.830229
vt 0.633161 0.830718
vt 0.721162 0.786254
vt 0.720682 0.782563
vt 0.721162 0.782563
vt 0.688197 0.935882
vt 0.687708 0.935882
vt 0.598445 0.962730
vt 0.597965 0.959039
vt 0.598445 0.959039
vt 0.652977 0.954437
vt 0.653465 0.958128
vt 0.652977 0.958128
vt 0.634600 0.830577
vt 0.633161 0.831066
vt 0.633640 0.830577
vt 0.721151 0.870170
vt 0.720672 0.866480
vt 0.586794 0.946832
vt 0.587282 0.950523
vt 0.586794 0.950523
vt 0.692541 0.961532
vt 0.693020 0.965222
vt 0.692541 0.965222
vt 0.679569 0.954426
vt 0.680058 0.958117
vt 0.679569 0.958117
vt 0.634600 0.831555
vt 0.634120 0.831066
vt 0.634600 0.831066
vt 0.633640 0.830088
vt 0.633161 0.830577
vt 0.633161 0.830088
vt 0.685321 0.965789
vt 0.684841 0.965789
vt 0.549750 0.949197
vt 0.580868 0.965379
vt 0.580389 0.961689
vt 0.580868 0.961689
vt 0.597710 0.954584
vt 0.598199 0.958274
vt 0.597710 0.958274
vt 0.634600 0.830088
vt 0.633161 0.831555
vt 0.633640 0.831555
vt 0.721146 0.922663
vt 0.720666 0.922663
vt 0.580652 0.951030
vt 0.580164 0.951030
vt 0.608078 0.959017
vt 0.607598 0.955326
vt 0.608078 0.955326
vt 0.536917 0.954455
vt 0.537406 0.958145
vt 0.536917 0.958145
vt 0.720789 0.903701
vt 0.721269 0.907392
vt 0.720789 0.907392
vt 0.635559 0.831555
vt 0.635079 0.831555
vt 0.565098 0.957067
vt 0.565578 0.960758
vt 0.565098 0.960758
vt 0.625823 0.831380
vt 0.625344 0.831869
vt 0.625344 0.831380
vt 0.561912 0.953413
vt 0.561423 0.949722
vt 0.561912 0.949722
vt 0.598199 0.954584
vt 0.597710 0.950893
vt 0.598199 0.950893
vt 0.634120 0.830577
vt 0.634120 0.830088
vt 0.625823 0.831869
vt 0.604114 0.955849
vt 0.604593 0.959539
vt 0.546328 0.951004
vt 0.546817 0.954694
vt 0.546328 0.954694
vt 0.720707 0.947279
vt 0.721187 0.950969
vt 0.720707 0.950969
vt 0.686355 0.953763
vt 0.685866 0.950072
vt 0.686355 0.950072
vt 0.632681 0.831066
vt 0.632681 0.831555
vt 0.594404 0.956315
vt 0.594884 0.960005
vt 0.594404 0.960005
vt 0.680058 0.954426
vt 0.679569 0.950735
vt 0.680058 0.950735
vt 0.720782 0.896438
vt 0.721262 0.900129
vt 0.720782 0.900129
vt 0.709545 0.941964
vt 0.709056 0.938273
vt 0.709545 0.938273
vt 0.634120 0.831555
vt 0.627262 0.831380
vt 0.626782 0.831380
vt 0.546808 0.958385
vt 0.546328 0.958385
vt 0.537406 0.954455
vt 0.536917 0.950764
vt 0.537406 0.950764
vt 0.721231 0.942300
vt 0.608048 0.955146
vt 0.607560 0.951455
vt 0.608048 0.951455
vt 0.634600 0.830577
vt 0.627742 0.831380
vt 0.627262 0.831869
vt 0.533554 0.955917
vt 0.534034 0.959608
vt 0.533554 0.959608
vt 0.675464 0.955599
vt 0.674975 0.951909
vt 0.675464 0.951909
vt 0.721176 0.860072
vt 0.720696 0.860072
vt 0.580409 0.952993
vt 0.580898 0.952993
vt 0.030357 0.163282
vt 0.027176 0.158497
vt 0.030357 0.158497
vt 0.195428 0.143578
vt 0.198608 0.146841
vt 0.195428 0.146841
vt 0.196290 0.093668
vt 0.199470 0.096931
vt 0.196290 0.096931
vt 0.030357 0.158015
vt 0.033537 0.163762
vt 0.030357 0.163762
vt 0.091531 0.160070
vt 0.091233 0.160551
vt 0.087970 0.160551
vt 0.582635 0.708554
vt 0.581823 0.709613
vt 0.581823 0.708554
vt 0.567236 0.642221
vt 0.568048 0.641167
vt 0.568048 0.642221
vt 0.567236 0.641167
vt 0.568048 0.640107
vt 0.706156 0.550533
vt 0.706968 0.549472
vt 0.706968 0.550533
vt 0.706156 0.549472
vt 0.706968 0.548419
vt 0.560164 0.710177
vt 0.560976 0.709121
vt 0.560976 0.710177
vt 0.569853 0.716407
vt 0.570662 0.715598
vt 0.571807 0.718360
vt 0.560164 0.709121
vt 0.560976 0.708063
vt 0.582635 0.707499
vt 0.581823 0.707499
vt 0.600994 0.718399
vt 0.600185 0.716446
vt 0.602138 0.715636
vt 0.027176 0.163763
vt 0.027176 0.163282
vt 0.073984 0.161505
vt 0.073686 0.161986
vt 0.070423 0.161986
vt 0.447045 0.944271
vt 0.447620 0.948579
vt 0.447045 0.948577
vt 0.437494 0.943124
vt 0.438159 0.947430
vt 0.437494 0.947430
vt 0.444168 0.944844
vt 0.444743 0.949151
vt 0.444168 0.949150
vt 0.444743 0.944845
vt 0.445318 0.949150
vt 0.434956 0.943124
vt 0.435620 0.947430
vt 0.434956 0.947430
vt 0.446469 0.944273
vt 0.446469 0.948579
vt 0.444743 0.950432
vt 0.437701 0.948521
vt 0.437157 0.948140
vt 0.435413 0.948521
vt 0.447620 0.949287
vt 0.447045 0.949094
vt 0.444168 0.950240
vt 0.446469 0.949287
vt 0.371639 0.838556
vt 0.371969 0.839131
vt 0.371368 0.839131
vt 0.435957 0.948140
vt 0.436557 0.948993
vt 0.365701 0.839391
vt 0.365126 0.838254
vt 0.365701 0.837980
vt 0.366277 0.838254
vt 0.371969 0.837980
vt 0.371368 0.837980
vt 0.447620 0.927436
vt 0.447045 0.927433
vt 0.438159 0.926286
vt 0.437494 0.926286
vt 0.444743 0.928007
vt 0.444168 0.928006
vt 0.445318 0.944844
vt 0.435620 0.926286
vt 0.434956 0.926286
vt 0.446469 0.927436
vt 0.444743 0.926723
vt 0.445318 0.928006
vt 0.437701 0.925195
vt 0.435413 0.925195
vt 0.447620 0.926723
vt 0.446469 0.926723
vt 0.369894 0.838556
vt 0.369561 0.839131
vt 0.369564 0.838556
vt 0.436557 0.924723
vt 0.435957 0.925576
vt 0.362824 0.838252
vt 0.362248 0.839392
vt 0.362248 0.837979
vt 0.361673 0.838252
vt 0.361673 0.839393
vt 0.437157 0.925576
vt 0.369561 0.837980
vt 0.370164 0.837980
vt 0.445894 0.931739
vt 0.445319 0.927431
vt 0.445894 0.927433
vt 0.441339 0.944102
vt 0.442003 0.948408
vt 0.441339 0.948408
vt 0.443017 0.944844
vt 0.443592 0.949151
vt 0.443017 0.949150
vt 0.443592 0.944845
vt 0.444168 0.949150
vt 0.439760 0.930592
vt 0.439096 0.926286
vt 0.439760 0.926286
vt 0.446469 0.927431
vt 0.443592 0.950432
vt 0.441546 0.949500
vt 0.441002 0.949118
vt 0.439303 0.925195
vt 0.445318 0.926723
vt 0.445894 0.926916
vt 0.443017 0.950240
vt 0.446469 0.926723
vt 0.371097 0.838556
vt 0.370767 0.837980
vt 0.438759 0.925576
vt 0.438159 0.924723
vt 0.364550 0.839391
vt 0.363975 0.838254
vt 0.364550 0.837980
vt 0.440402 0.949971
vt 0.370767 0.839131
vt 0.445319 0.948574
vt 0.445894 0.948577
vt 0.442003 0.927264
vt 0.441339 0.927264
vt 0.443592 0.928007
vt 0.443017 0.928006
vt 0.439096 0.947430
vt 0.439760 0.947430
vt 0.446469 0.931736
vt 0.446469 0.948574
vt 0.443592 0.926723
vt 0.441546 0.926173
vt 0.439303 0.948521
vt 0.445318 0.949287
vt 0.446469 0.949287
vt 0.370496 0.838556
vt 0.370164 0.839131
vt 0.370167 0.838556
vt 0.438159 0.948993
vt 0.438759 0.948140
vt 0.363975 0.838252
vt 0.363399 0.839392
vt 0.363399 0.837979
vt 0.362824 0.839393
vt 0.441002 0.926554
vt 0.440402 0.925701
vt 0.456183 0.874671
vt 0.370825 0.950518
vt 0.439451 0.827612
vt 0.419410 0.967297
vt 0.442277 0.837506
vt 0.455625 0.854162
vt 0.456415 0.949187
vt 0.444473 0.831596
vt 0.278308 0.948458
vt 0.452963 0.868380
vt 0.355423 0.964187
vt 0.375220 0.944999
vt 0.456526 0.816346
vt 0.327942 0.950986
vt 0.437783 0.953940
vt 0.327942 0.964041
vt 0.281731 0.948322
vt 0.456183 0.883151
vt 0.351880 0.954202
vt 0.427257 0.944756
vt 0.358328 0.964013
vt 0.324381 0.951493
vt 0.291035 0.964935
vt 0.401733 0.952957
vt 0.383700 0.966994
vt 0.456060 0.791347
vt 0.442003 0.949971
vt 0.305609 0.952333
vt 0.294534 0.943557
vt 0.458748 0.794721
vt 0.458748 0.785098
vt 0.315497 0.952333
vt 0.401967 0.948010
vt 0.330769 0.950986
vt 0.451435 0.966809
vt 0.339101 0.955006
vt 0.321555 0.964548
vt 0.391147 0.955144
vt 0.290362 0.951893
vt 0.419816 0.944954
vt 0.430083 0.967100
vt 0.455900 0.934361
vt 0.293861 0.951880
vt 0.427257 0.954650
vt 0.416584 0.949900
vt 0.419816 0.964470
vt 0.290362 0.951893
vt 0.362346 0.945571
vt 0.455740 0.936346
vt 0.458566 0.944012
vt 0.305609 0.952333
vt 0.458616 0.866959
vt 0.448670 0.950432
vt 0.388352 0.949862
vt 0.375215 0.967328
vt 0.458865 0.838212
vt 0.388137 0.966986
vt 0.361154 0.950518
vt 0.352331 0.948268
vt 0.432129 0.943661
vt 0.455621 0.886052
vt 0.424430 0.955630
vt 0.432129 0.953555
vt 0.391147 0.945250
vt 0.455621 0.844540
vt 0.391147 0.964203
vt 0.339101 0.959818
vt 0.453274 0.950272
vt 0.456213 0.922159
vt 0.281135 0.943511
vt 0.442939 0.964123
vt 0.327942 0.955933
vt 0.445104 0.837506
vt 0.383700 0.949946
vt 0.380873 0.967342
vt 0.424398 0.963943
vt 0.413510 0.948010
vt 0.284669 0.943557
vt 0.456213 0.916506
vt 0.445104 0.837506
vt 0.445843 0.964091
vt 0.355501 0.955465
vt 0.341928 0.950059
vt 0.370825 0.966988
vt 0.456534 0.801912
vt 0.455622 0.868595
vt 0.316122 0.947386
vt 0.419411 0.949900
vt 0.456452 0.897723
vt 0.419816 0.954848
vt 0.365172 0.963996
vt 0.375220 0.954893
vt 0.309844 0.947386
vt 0.458587 0.929550
vt 0.325116 0.964246
vt 0.306235 0.952333
vt 0.413621 0.948010
vt 0.293861 0.946933
vt 0.455921 0.800374
vt 0.906712 0.904570
vt 0.905821 0.903679
vt 0.905821 0.863965
vt 0.946425 0.863073
vt 0.947316 0.903679
vt 0.181407 0.160194
vt 0.165457 0.159510
vt 0.088410 0.114601
vt 0.096397 0.153920
vt 0.096382 0.114601
vt 0.173449 0.099954
vt 0.163003 0.099954
vt 0.181402 0.144974
vt 0.205283 0.166612
vt 0.205283 0.174584
vt 0.896854 0.952191
vt 0.971903 0.944762
vt 0.959646 0.906517
vt 0.959617 0.906470
vt 0.797780 0.947609
vt 0.852403 0.938889
vt 0.812993 0.922422
vt 0.923498 0.951115
vt 0.971903 0.950215
vt 0.849577 0.924155
vt 0.923398 0.937616
vt 0.970160 0.795497
vt 0.800119 0.947609
vt 0.806889 0.945859
vt 0.926106 0.939507
vt 0.877619 0.949584
vt 0.819464 0.948692
vt 0.785249 0.933253
vt 0.959882 0.881549
vt 0.963448 0.784697
vt 0.809678 0.942922
vt 0.832030 0.940592
vt 0.839896 0.937266
vt 0.959025 0.861338
vt 0.968176 0.918942
vt 0.859245 0.948536
vt 0.962531 0.872695
vt 0.828469 0.944395
vt 0.797949 0.941486
vt 0.957131 0.829198
vt 0.893440 0.948204
vt 0.964968 0.945091
vt 0.920464 0.932804
vt 0.845539 0.942077
vt 0.874913 0.935313
vt 0.965231 0.870822
vt 0.852403 0.946638
vt 0.941870 0.943410
vt 0.848765 0.949489
vt 0.861994 0.942685
vt 0.911708 0.923046
vt 0.954339 0.867884
vt 0.791583 0.942921
vt 0.962463 0.812372
vt 0.932378 0.805247
vt 0.800698 0.941486
vt 0.954385 0.886424
vt 0.908770 0.923046
vt 0.917597 0.927857
vt 0.967614 0.884350
vt 0.879302 0.949924
vt 0.959388 0.805815
vt 0.967609 0.894106
vt 0.871783 0.943507
vt 0.959885 0.824387
vt 0.962539 0.838821
vt 0.895189 0.934656
vt 0.834856 0.943888
vt 0.960227 0.771194
vt 0.957127 0.843631
vt 0.816289 0.922422
vt 0.826176 0.917611
vt 0.963367 0.880867
vt 0.959873 0.872695
vt 0.849577 0.946638
vt 0.965212 0.806496
vt 0.855967 0.924155
vt 0.785222 0.938064
vt 0.914660 0.923046
vt 0.946091 0.946652
vt 0.967996 0.905923
vt 0.791583 0.928170
vt 0.791394 0.937928
vt 0.895266 0.939196
vt 0.934171 0.949697
vt 0.957317 0.911382
vt 0.862389 0.949610
vt 0.955584 0.935091
vt 0.954729 0.774581
vt 0.946091 0.934766
vt 0.794332 0.948679
vt 0.831058 0.947222
vt 0.801448 0.942921
vt 0.941859 0.938213
vt 0.900809 0.934992
vt 0.952575 0.949546
vt 0.955491 0.949515
vt 0.852298 0.938889
vt 0.969144 0.830819
vt 0.970535 0.787841
vt 0.960045 0.921004
vt 0.874835 0.943843
vt 0.942669 0.815783
vt 0.914646 0.948425
vt 0.941793 0.945999
vt 0.861994 0.937874
vt 0.904696 0.942036
vt 0.807012 0.938110
vt 0.865242 0.943860
vt 0.962479 0.886424
vt 0.790448 0.948585
vt 0.916448 0.948425
vt 0.929339 0.939506
vt 0.957516 0.856500
vt 0.906724 0.805247
vt 0.845573 0.952735
vt 0.954534 0.925872
vt 0.846016 0.920147
vt 0.966156 0.938463
vt 0.972026 0.938881
vt 0.828469 0.926394
vt 0.914608 0.937616
vt 0.970362 0.787835
vt 0.971322 0.809747
vt 0.965801 0.773943
vt 0.926731 0.949893
vt 0.960227 0.779379
vt 0.968186 0.923781
vt 0.804197 0.945815
vt 0.794450 0.941499
vt 0.953845 0.796193
vt 0.957296 0.925843
vt 0.801448 0.943033
vt 0.926798 0.808223
vt 0.815898 0.936992
vt 0.953474 0.898362
vt 0.825636 0.946577
vt 0.852403 0.943700
vt 0.923284 0.948307
vt 0.852325 0.946638
vt 0.791479 0.937928
vt 0.895266 0.929573
vt 0.920346 0.937616
vt 0.917597 0.945576
vt 0.966197 0.790374
vt 0.957087 0.877507
vt 0.955584 0.930279
vt 0.959768 0.811308
vt 0.965362 0.851191
vt 0.965365 0.836758
vt 0.965362 0.848443
vt 0.923284 0.942427
vt 0.882057 0.941116
vt 0.957124 0.867884
vt 0.959882 0.886424
vt 0.797197 0.941499
vt 0.809697 0.937128
vt 0.954385 0.881549
vt 0.816398 0.922423
vt 0.819585 0.927233
vt 0.964968 0.942153
vt 0.926107 0.947145
vt 0.967614 0.889230
vt 0.941870 0.946261
vt 0.959056 0.898362
vt 0.962536 0.863073
vt 0.965247 0.906095
vt 0.813149 0.945583
vt 0.954336 0.838820
vt 0.908570 0.937616
vt 0.959388 0.791381
vt 0.959916 0.896111
vt 0.788646 0.948585
vt 0.812446 0.945718
vt 0.961082 0.939902
vt 0.862078 0.937873
vt 0.965362 0.863073
vt 0.953818 0.786570
vt 0.923284 0.937616
vt 0.957478 0.764946
vt 0.941870 0.949130
vt 0.832030 0.949669
vt 0.941870 0.938599
vt 0.908882 0.942427
vt 0.968142 0.906571
vt 0.956639 0.801004
vt 0.954729 0.769763
vt 0.959873 0.872695
vt 0.806929 0.945935
vt 0.887551 0.947190
vt 0.955506 0.935226
vt 0.794399 0.938110
vt 0.957317 0.916192
vt 0.895051 0.946833
vt 0.965366 0.838821
vt 0.959400 0.791381
vt 0.966274 0.781759
vt 0.936841 0.949708
vt 0.952680 0.943970
vt 0.819464 0.941939
vt 0.911745 0.948425
vt 0.901947 0.948731
vt 0.949191 0.808473
vt 0.911630 0.937616
vt 0.869260 0.935313
vt 0.955584 0.943851
vt 0.962835 0.769757
vt 0.959936 0.886360
vt 0.970640 0.886424
vt 0.970211 0.916161
vt 0.934171 0.944121
vt 0.955600 0.943851
vt 0.785222 0.945838
vt 0.968074 0.896353
vt 0.956639 0.796193
vt 0.821635 0.944802
vt 0.971609 0.878835
vt 0.956651 0.786570
vt 0.917509 0.937616
vt 0.968560 0.784586
vt 0.968840 0.910290
vt 0.970643 0.910290
vt 0.964968 0.953170
vt 0.892439 0.944279
vt 0.819464 0.945171
vt 0.879308 0.941116
vt 0.969144 0.832380
vt 0.956612 0.805815
vt 0.934171 0.924603
vt 0.825786 0.939886
vt 0.849042 0.949489
vt 0.926731 0.919989
vt 0.901947 0.937225
vt 0.967609 0.896111
vt 0.968941 0.946964
vt 0.970535 0.790532
vt 0.966192 0.953156
vt 0.959768 0.811307
vt 0.968328 0.767773
vt 0.969204 0.824387
vt 0.895266 0.934384
vt 0.807012 0.942922
vt 0.869231 0.940124
vt 0.831495 0.949971
vt 0.962536 0.848443
vt 0.839167 0.945310
vt 0.969335 0.848443
vt 0.794450 0.953105
vt 0.970130 0.770526
vt 0.959056 0.903173
vt 0.791395 0.942739
vt 0.968837 0.870690
vt 0.957121 0.853254
vt 0.926247 0.934695
vt 0.967717 0.950215
vt 0.907623 0.948325
vt 0.867991 0.940124
vt 0.967534 0.801007
vt 0.968838 0.881549
vt 0.966197 0.796177
vt 0.970385 0.881443
vt 0.959388 0.796193
vt 0.855967 0.946529
vt 0.890691 0.940645
vt 0.959876 0.838820
vt 0.959400 0.786571
vt 0.925300 0.949937
vt 0.834856 0.940592
vt 0.969204 0.870633
vt 0.969333 0.838820
vt 0.809696 0.937962
vt 0.970590 0.773852
vt 0.895266 0.944007
vt 0.965362 0.824387
vt 0.969279 0.812406
vt 0.961592 0.856243
vt 0.971655 0.796193
vt 0.960227 0.779379
vt 0.961082 0.930279
vt 0.967405 0.801004
vt 0.968074 0.905976
vt 0.970081 0.935491
vt 0.970560 0.801007
vt 0.845394 0.945108
vt 0.968172 0.843980
vt 0.969335 0.865822
vt 0.954729 0.764946
vt 0.848765 0.939666
vt 0.953392 0.860181
vt 0.859030 0.952127
vt 0.959889 0.819576
vt 0.807090 0.938110
vt 0.966193 0.875584
vt 0.931178 0.924800
vt 0.971703 0.875584
vt 0.970531 0.857769
vt 0.855967 0.943678
vt 0.967129 0.950485
vt 0.966197 0.793446
vt 0.967614 0.886424
vt 0.874913 0.940124
vt 0.872061 0.952044
vt 0.970743 0.950215
vt 0.911745 0.942427
vt 0.967453 0.880397
vt 0.969323 0.838821
vt 0.956276 0.856527
vt 0.959889 0.824387
vt 0.952757 0.943939
vt 0.970611 0.935959
vt 0.970613 0.764946
vt 0.962654 0.921032
vt 0.915654 0.808435
vt 0.915624 0.808386
vt 0.968394 0.806496
vt 0.954534 0.921032
vt 0.826176 0.927234
vt 0.816709 0.944611
vt 0.970726 0.812321
vt 0.908882 0.932805
vt 0.893818 0.949091
vt 0.944795 0.944543
vt 0.965662 0.767746
vt 0.965662 0.777368
vt 0.962674 0.906571
vt 0.890493 0.949590
vt 0.953845 0.791381
vt 0.954845 0.817217
vt 0.966197 0.790262
vt 0.794332 0.942921
vt 0.825785 0.936992
vt 0.929480 0.939506
vt 0.949931 0.935226
vt 0.884830 0.949591
vt 0.825369 0.945583
vt 0.931475 0.925584
vt 0.819464 0.948039
vt 0.958349 0.949405
vt 0.804198 0.917611
vt 0.934139 0.940289
vt 0.834780 0.940592
vt 0.908570 0.948207
vt 0.966197 0.793260
vt 0.962815 0.911382
vt 0.791583 0.923405
vt 0.804198 0.923405
vt 0.806948 0.917611
vt 0.964864 0.872695
vt 0.964968 0.942240
vt 0.794450 0.947611
vt 0.800119 0.950358
vt 0.934062 0.946617
vt 0.959880 0.834009
vt 0.867991 0.946687
vt 0.837605 0.949464
vt 0.959877 0.843980
vt 0.822334 0.941939
vt 0.862416 0.935313
vt 0.955600 0.946757
vt 0.872086 0.949419
vt 0.890537 0.939552
vt 0.882136 0.944016
vt 0.926798 0.808286
vt 0.962114 0.806052
vt 0.954385 0.896111
vt 0.908570 0.945458
vt 0.898112 0.949626
vt 0.809697 0.922422
vt 0.855967 0.934049
vt 0.828469 0.936288
vt 0.845449 0.947888
vt 0.965662 0.780200
vt 0.890537 0.934741
vt 0.957019 0.806496
vt 0.954336 0.819576
vt 0.965231 0.822524
vt 0.965225 0.832495
vt 0.962122 0.781759
vt 0.839167 0.952872
vt 0.969335 0.854453
vt 0.905821 0.923046
vt 0.965212 0.806496
vt 0.908882 0.948323
vt 0.839308 0.948772
vt 0.839896 0.945310
vt 0.819507 0.937128
vt 0.887711 0.939552
vt 0.958349 0.943829
vt 0.884961 0.944363
vt 0.962482 0.824387
vt 0.176552 0.810581
vt 0.182177 0.811447
vt 0.177418 0.771147
vt 0.196702 0.811447
vt 0.191695 0.811447
vt 0.177418 0.811447
vt 0.092840 0.880398
vt 0.053406 0.771151
vt 0.112989 0.825777
vt 0.218775 0.911749
vt 0.828469 0.874198
vt 0.092840 0.867272
vt 0.215986 0.771147
vt 0.216852 0.772013
vt 0.216852 0.810581
vt 0.211227 0.811447
vt 0.215986 0.811447
vt 0.093705 0.825769
vt 0.093705 0.771151
vt 0.175678 0.912681
vt 0.838484 0.874198
vt 0.092840 0.877287
vt 0.848425 0.647679
vt 0.819111 0.672915
vt 0.837175 0.655743
vt 0.919071 0.655585
vt 0.307433 0.220227
vt 0.416259 0.135168
vt 0.927463 0.551285
vt 0.878213 0.671417
vt 0.859677 0.675237
vt 0.323105 0.220091
vt 0.849684 0.661970
vt 0.892269 0.638590
vt 0.890949 0.656914
vt 0.771147 0.678381
vt 0.954894 0.670224
vt 0.836443 0.665319
vt 0.913923 0.656616
vt 0.866869 0.668272
vt 0.953378 0.544222
vt 0.954894 0.664124
vt 0.836443 0.670308
vt 0.840857 0.651160
vt 0.898859 0.540553
vt 0.866475 0.665778
vt 0.954515 0.547272
vt 0.918295 0.680143
vt 0.918301 0.665161
vt 0.785547 0.667924
vt 0.846393 0.655972
vt 0.892759 0.540553
vt 0.948680 0.658024
vt 0.918295 0.674043
vt 0.918301 0.670150
vt 0.800334 0.662317
vt 0.870723 0.645040
vt 0.813951 0.668675
vt 0.896168 0.669432
vt 0.849641 0.675851
vt 0.914329 0.678466
vt 0.813384 0.671702
vt 0.873285 0.642299
vt 0.837124 0.668758
vt 0.466015 0.210467
vt 0.407797 0.135168
vt 0.460264 0.165808
vt 0.918890 0.679646
vt 0.866938 0.641502
vt 0.833276 0.661467
vt 0.896168 0.678761
vt 0.866483 0.677764
vt 0.869499 0.638761
vt 0.803887 0.659050
vt 0.466017 0.041950
vt 0.462601 0.160932
vt 0.849719 0.675781
vt 0.948275 0.660020
vt 0.892564 0.638296
vt 0.819254 0.657178
vt 0.313217 0.220091
vt 0.842034 0.647679
vt 0.866483 0.670767
vt 0.323873 0.218247
vt 0.420490 0.137501
vt 0.914309 0.671154
vt 0.953552 0.628169
vt 0.953865 0.531059
vt 0.953795 0.522502
vt 0.775649 0.670179
vt 0.934659 0.655593
vt 0.810010 0.668363
vt 0.880069 0.644997
vt 0.953795 0.516402
vt 0.775649 0.665190
vt 0.878213 0.656663
vt 0.886659 0.540553
vt 0.918293 0.674043
vt 0.955797 0.589385
vt 0.954894 0.658024
vt 0.924598 0.669486
vt 0.804356 0.668363
vt 0.825693 0.655729
vt 0.892759 0.540553
vt 0.932295 0.669539
vt 0.924598 0.664497
vt 0.924596 0.656419
vt 0.877289 0.638296
vt 0.892269 0.644572
vt 0.833255 0.674707
vt 0.904889 0.676575
vt 0.803533 0.678814
vt 0.772517 0.674660
vt 0.879850 0.641037
vt 0.813951 0.662741
vt 0.465935 0.134773
vt 0.462600 0.147204
vt 0.810218 0.677399
vt 0.873504 0.641834
vt 0.825499 0.670092
vt 0.866483 0.673099
vt 0.881122 0.676095
vt 0.876065 0.644575
vt 0.468462 0.086750
vt 0.460269 0.156057
vt 0.835317 0.915834
vt 0.868587 0.817826
vt 0.864608 0.817826
vt 0.944691 0.806222
vt 0.202462 0.811931
vt 0.173208 0.919675
vt 0.227329 0.887406
vt 0.055080 0.923812
vt 0.187148 0.951761
vt 0.214548 0.811931
vt 0.125737 0.958720
vt 0.834840 0.925886
vt 0.796199 0.926794
vt 0.796199 0.917611
vt 0.807101 0.932626
vt 0.968840 0.913540
vt 0.924769 0.817353
vt 0.837339 0.925886
vt 0.834051 0.917730
vt 0.932605 0.817353
vt 0.801448 0.926781
vt 0.834051 0.925396
vt 0.181602 0.951761
vt 0.084809 0.957758
vt 0.836862 0.915834
vt 0.796199 0.917611
vt 0.784919 0.938179
vt 0.911260 0.815312
vt 0.784919 0.949615
vt 0.914097 0.808443
vt 0.796389 0.924661
vt 0.209732 0.811931
vt 0.314445 0.677103
vt 0.353912 0.653731
vt 0.372427 0.645432
vt 0.433027 0.531346
vt 0.334275 0.676805
vt 0.337219 0.658070
vt 0.465012 0.607164
vt 0.321555 0.656629
vt 0.367590 0.632097
vt 0.360337 0.651034
vt 0.355289 0.676946
vt 0.347521 0.644960
vt 0.443013 0.665193
vt 0.353912 0.640015
vt 0.433027 0.545062
vt 0.461194 0.651814
vt 0.465007 0.621890
vt 0.321472 0.618752
vt 0.362754 0.651032
vt 0.434956 0.649124
vt 0.451207 0.600872
vt 0.446654 0.695217
vt 0.399489 0.703576
vt 0.409523 0.668599
vt 0.399489 0.694737
vt 0.700568 0.918972
vt 0.700246 0.820845
vt 0.700573 0.875475
vt 0.700255 0.777348
vt 0.652723 0.834806
vt 0.613259 0.872647
vt 0.654630 0.777348
vt 0.655563 0.819910
vt 0.612150 0.819910
vt 0.654630 0.820845
vt 0.613082 0.820845
vt 0.533349 0.886606
vt 0.574888 0.886606
vt 0.575821 0.887538
vt 0.574888 0.930013
vt 0.532417 0.929080
vt 0.698393 0.831977
vt 0.698388 0.875384
vt 0.696192 0.875475
vt 0.695870 0.777348
vt 0.572512 0.873473
vt 0.701677 0.831977
vt 0.701007 0.831977
vt 0.721092 0.916135
vt 0.570135 0.965954
vt 0.650534 0.965278
vt 0.613944 0.964083
vt 0.721338 0.777348
vt 0.648731 0.965278
vt 0.540451 0.966431
vt 0.700524 0.964019
vt 0.720894 0.953347
vt 0.565093 0.963959
vt 0.632805 0.965243
vt 0.685361 0.831820
vt 0.721128 0.875478
vt 0.582700 0.965321
vt 0.653741 0.964383
vt 0.594804 0.944796
vt 0.719815 0.842035
vt 0.684841 0.965349
vt 0.601183 0.965931
vt 0.721423 0.893951
vt 0.669403 0.966024
vt 0.720659 0.936684
vt 0.630908 0.964397
vt 0.721775 0.918972
vt 0.719611 0.959228
vt 0.613008 0.965262
vt 0.721345 0.780174
vt 0.682919 0.965923
vt 0.713732 0.889968
vt 0.689714 0.964461
vt 0.720623 0.872236
vt 0.721777 0.831977
vt 0.713733 0.898816
vt 0.720627 0.802303
vt 0.617818 0.954591
vt 0.720793 0.885157
vt 0.715009 0.841680
vt 0.719511 0.925942
vt 0.663359 0.962892
vt 0.721451 0.822148
vt 0.714792 0.875400
vt 0.550316 0.961038
vt 0.713831 0.962444
vt 0.720751 0.944365
vt 0.714349 0.933409
vt 0.717706 0.898826
vt 0.721600 0.891237
vt 0.698650 0.961119
vt 0.549644 0.959249
vt 0.717545 0.887986
vt 0.645759 0.966658
vt 0.698728 0.951283
vt 0.721816 0.947279
vt 0.716473 0.908572
vt 0.720771 0.966747
vt 0.560367 0.965436
vt 0.717706 0.893951
vt 0.606638 0.966594
vt 0.660494 0.962790
vt 0.674547 0.831820
vt 0.716773 0.808579
vt 0.717701 0.903701
vt 0.720523 0.810660
vt 0.561839 0.956405
vt 0.717626 0.818724
vt 0.539316 0.964237
vt 0.687912 0.966526
vt 0.716478 0.903697
vt 0.721151 0.868545
vt 0.588176 0.961173
vt 0.532417 0.966581
vt 0.616960 0.955822
vt 0.717705 0.883092
vt 0.721696 0.811343
vt 0.717921 0.838854
vt 0.718166 0.918881
vt 0.719299 0.811845
vt 0.720572 0.890051
vt 0.617903 0.959952
vt 0.721758 0.860844
vt 0.719231 0.795427
vt 0.718147 0.824808
vt 0.720649 0.932725
vt 0.721176 0.860512
vt 0.589979 0.965656
vt 0.720672 0.870170
vt 0.623703 0.965963
vt 0.641990 0.960724
vt 0.719509 0.903499
vt 0.721296 0.945110
vt 0.710807 0.793865
vt 0.539316 0.964237
vt 0.645722 0.965234
vt 0.706281 0.963978
vt 0.720724 0.793047
vt 0.592787 0.963576
vt 0.700524 0.965198
vt 0.619705 0.966511
vt 0.577266 0.965883
vt 0.713733 0.901632
vt 0.703428 0.965166
vt 0.721479 0.795427
vt 0.548977 0.964831
vt 0.721776 0.880289
vt 0.711087 0.965694
vt 0.635632 0.965591
vt 0.535842 0.964340
vt 0.536110 0.965572
vt 0.706271 0.965158
vt 0.544542 0.962761
vt 0.667338 0.831820
vt 0.608164 0.966253
vt 0.713634 0.963629
vt 0.718857 0.936684
vt 0.558043 0.964367
vt 0.690650 0.963276
vt 0.695862 0.817796
vt 0.611190 0.963732
vt 0.563819 0.964077
vt 0.633741 0.964058
vt 0.679954 0.831820
vt 0.721514 0.957163
vt 0.565583 0.965756
vt 0.718894 0.859632
vt 0.721312 0.959366
vt 0.552118 0.961044
vt 0.720771 0.956620
vt 0.671951 0.963959
vt 0.718922 0.793047
vt 0.555395 0.964448
vt 0.700524 0.961954
vt 0.718949 0.945110
vt 0.600247 0.961794
vt 0.721364 0.922691
vt 0.720187 0.807217
vt 0.704364 0.963981
vt 0.673424 0.873062
vt 0.536885 0.960218
vt 0.719509 0.898503
vt 0.641361 0.963974
vt 0.542697 0.964366
vt 0.577266 0.963806
vt 0.716695 0.873335
vt 0.719949 0.831003
vt 0.720157 0.866160
vt 0.638458 0.964063
vt 0.711407 0.854049
vt 0.571488 0.966138
vt 0.719969 0.916135
vt 0.720652 0.813409
vt 0.687804 0.956776
vt 0.589928 0.966489
vt 0.608114 0.960937
vt 0.665717 0.966142
vt 0.711522 0.936261
vt 0.721777 0.878224
vt 0.562017 0.966142
vt 0.668268 0.965586
vt 0.720659 0.935499
vt 0.717428 0.796987
vt 0.613008 0.964083
vt 0.703597 0.791800
vt 0.555580 0.961198
vt 0.719875 0.838172
vt 0.690738 0.961532
vt 0.719993 0.855352
vt 0.697786 0.954830
vt 0.703253 0.908512
vt 0.571905 0.952139
vt 0.663514 0.966142
vt 0.568332 0.961094
vt 0.719988 0.845286
vt 0.654670 0.966448
vt 0.716915 0.854049
vt 0.593315 0.963576
vt 0.558536 0.963182
vt 0.603933 0.943614
vt 0.721148 0.878224
vt 0.558122 0.966269
vt 0.622767 0.961827
vt 0.721092 0.914070
vt 0.665721 0.966042
vt 0.717147 0.938609
vt 0.721426 0.925942
vt 0.682919 0.963846
vt 0.604114 0.961604
vt 0.718941 0.789770
vt 0.537514 0.966302
vt 0.639394 0.964057
vt 0.721410 0.885579
vt 0.656491 0.963977
vt 0.552562 0.964288
vt 0.542254 0.961122
vt 0.713729 0.906507
vt 0.720714 0.918881
vt 0.659552 0.963975
vt 0.720190 0.821467
vt 0.707217 0.963972
vt 0.580269 0.958749
vt 0.659023 0.966040
vt 0.718864 0.922223
vt 0.721310 0.803087
vt 0.718982 0.808579
vt 0.665535 0.831820
vt 0.721148 0.838172
vt 0.660613 0.966142
vt 0.698564 0.965053
vt 0.720006 0.862909
vt 0.697786 0.956895
vt 0.669140 0.829755
vt 0.570084 0.964344
vt 0.719874 0.882354
vt 0.693089 0.961756
vt 0.539316 0.965660
vt 0.720659 0.933434
vt 0.718204 0.860844
vt 0.582700 0.964142
vt 0.574504 0.961741
vt 0.720004 0.850541
vt 0.636567 0.966477
vt 0.721805 0.858447
vt 0.620955 0.961821
vt 0.716923 0.831684
vt 0.677407 0.964366
vt 0.721411 0.901434
vt 0.719969 0.910820
vt 0.617903 0.961628
vt 0.629973 0.964397
vt 0.642114 0.961492
vt 0.632805 0.964064
vt 0.287536 0.964935
vt 0.455625 0.858973
vt 0.355501 0.945571
vt 0.405104 0.668599
vt 0.390135 0.694520
vt 0.343401 0.676337
vt 0.360152 0.700005
vt 0.379393 0.580648
vt 0.424447 0.700043
vt 0.359809 0.677219
vt 0.310472 0.693321
vt 0.379085 0.580648
vt 0.295013 0.689614
vt 0.388737 0.687667
vt 0.314134 0.691579
vt 0.460662 0.623917
vt 0.460022 0.565591
vt 0.460692 0.659415
vt 0.458972 0.710583
vt 0.465811 0.659173
vt 0.402574 0.706905
vt 0.458972 0.697910
vt 0.385336 0.581484
vt 0.384427 0.580501
vt 0.402611 0.675575
vt 0.452075 0.625893
vt 0.402692 0.696149
vt 0.351005 0.696869
vt 0.418362 0.668599
vt 0.413943 0.677837
vt 0.351005 0.688031
vt 0.413943 0.668599
vt 0.418362 0.677837
vt 0.295377 0.689614
vt 0.388351 0.693269
vt 0.436500 0.706953
vt 0.314087 0.701820
vt 0.356917 0.701874
vt 0.320148 0.690053
vt 0.314495 0.696873
vt 0.376620 0.580648
vt 0.461013 0.557977
vt 0.460030 0.551157
vt 0.399778 0.694496
vt 0.398700 0.711192
vt 0.375630 0.712001
vt 0.384700 0.581484
vt 0.324003 0.680431
vt 0.216532 0.910771
vt 0.058502 0.939574
vt 0.070633 0.932982
vt 0.096810 0.943018
vt 0.412486 0.676735
vt 0.362278 0.656665
vt 0.302747 0.649020
vt 0.388352 0.650378
vt 0.280189 0.676721
vt 0.465010 0.596306
vt 0.397927 0.658029
vt 0.365172 0.632097
vt 0.355501 0.651034
vt 0.317508 0.674036
vt 0.397783 0.669701
vt 0.302747 0.660308
vt 0.305997 0.676585
vt 0.331569 0.658070
vt 0.465007 0.619402
vt 0.321472 0.599813
vt 0.370008 0.651032
vt 0.407732 0.952957
vt 0.378047 0.964168
vt 0.375220 0.951510
vt 0.424430 0.945736
vt 0.593001 0.934325
vt 0.604836 0.935208
vt 0.702686 0.794161
vt 0.702342 0.902357
vt 0.638984 0.830066
vt 0.533853 0.950580
vt 0.555969 0.945028
vt 0.641267 0.944101
vt 0.609663 0.940290
vt 0.686272 0.949956
vt 0.597710 0.945904
vt 0.623881 0.831761
vt 0.612150 0.820845
vt 0.638984 0.830066
vt 0.577337 0.943415
vt 0.687708 0.941413
vt 0.588764 0.953801
vt 0.678425 0.945746
vt 0.628140 0.946364
vt 0.580164 0.938795
vt 0.587282 0.946832
vt 0.721223 0.786519
vt 0.549750 0.956579
vt 0.604104 0.955849
vt 0.627386 0.965677
vt 0.575220 0.939635
vt 0.586007 0.961866
vt 0.591414 0.954478
vt 0.635559 0.830088
vt 0.632681 0.830229
vt 0.720682 0.786254
vt 0.688197 0.932192
vt 0.597965 0.962730
vt 0.653465 0.954437
vt 0.693020 0.961532
vt 0.634120 0.831555
vt 0.685321 0.962098
vt 0.550239 0.949197
vt 0.580389 0.965379
vt 0.580652 0.947339
vt 0.607598 0.959017
vt 0.721269 0.903701
vt 0.565578 0.957067
vt 0.561423 0.953413
vt 0.604593 0.955849
vt 0.546817 0.951004
vt 0.721187 0.947279
vt 0.685866 0.953763
vt 0.594884 0.956315
vt 0.721262 0.896438
vt 0.709056 0.941964
vt 0.546808 0.954694
vt 0.721231 0.938609
vt 0.607560 0.955146
vt 0.627742 0.831869
vt 0.534034 0.955917
vt 0.674975 0.955599
vt 0.580409 0.956684
vt 0.198608 0.143578
vt 0.199470 0.093668
vt 0.033537 0.158015
vt 0.087970 0.154803
vt 0.091531 0.155284
vt 0.091233 0.154803
vt 0.582635 0.709613
vt 0.567236 0.640107
vt 0.706156 0.548419
vt 0.571807 0.715598
vt 0.572616 0.716407
vt 0.572616 0.717551
vt 0.570662 0.718360
vt 0.569853 0.717551
vt 0.560164 0.708063
vt 0.600185 0.717590
vt 0.600994 0.715636
vt 0.602947 0.716446
vt 0.602947 0.717590
vt 0.602138 0.718399
vt 0.030357 0.163763
vt 0.027176 0.158015
vt 0.070423 0.156238
vt 0.073984 0.156719
vt 0.073686 0.156238
vt 0.447620 0.944273
vt 0.438159 0.943124
vt 0.435620 0.943124
vt 0.445318 0.950240
vt 0.371968 0.838556
vt 0.436557 0.948408
vt 0.365126 0.839393
vt 0.366277 0.839393
vt 0.445318 0.926913
vt 0.447045 0.926912
vt 0.444168 0.926913
vt 0.436557 0.925308
vt 0.445319 0.931736
vt 0.442003 0.944102
vt 0.439096 0.930592
vt 0.370768 0.838556
vt 0.438159 0.925308
vt 0.363975 0.839393
vt 0.440402 0.949386
vt 0.445894 0.949098
vt 0.443017 0.926913
vt 0.438159 0.948408
vt 0.440402 0.926286
s 0
usemtl Texture
f 3/1/1 2/2/1 1/3/1
f 5/4/2 8/5/2 7/6/2
f 1/7/3 6/8/3 5/9/3
f 1/10/4 7/11/4 3/12/4
f 6/13/5 4/14/5 8/15/5
f 11/16/6 10/17/6 9/18/6
f 15/19/2 12/20/2 11/21/2
f 13/22/3 16/23/3 15/24/3
f 9/25/1 14/26/1 13/27/1
f 9/28/4 15/29/4 11/30/4
f 14/15/5 12/31/5 16/13/5
f 19/32/1 18/33/1 17/34/1
f 23/35/2 22/36/2 24/37/2
f 17/38/3 22/39/3 21/40/3
f 17/41/4 23/42/4 19/43/4
f 22/44/5 20/45/5 24/46/5
f 27/47/1 26/48/1 25/49/1
f 29/50/2 32/51/2 31/52/2
f 25/53/3 30/54/3 29/55/3
f 25/56/4 31/57/4 27/58/4
f 30/59/5 28/60/5 32/61/5
f 35/62/1 34/63/1 33/64/1
f 70/65/5 68/66/5 72/67/5
f 37/68/2 40/69/2 39/51/2
f 33/70/3 38/71/3 37/72/3
f 33/73/4 39/74/4 35/75/4
f 38/11/5 36/76/5 40/77/5
f 43/78/1 42/79/1 41/80/1
f 65/81/4 71/82/4 67/83/4
f 45/84/2 48/85/2 47/86/2
f 41/67/3 46/87/3 45/88/3
f 41/89/4 47/90/4 43/91/4
f 46/92/5 44/93/5 48/94/5
f 51/95/1 50/96/1 49/97/1
f 65/98/3 70/99/3 69/100/3
f 53/101/2 56/102/2 55/103/2
f 49/104/3 54/105/3 53/106/3
f 49/107/4 55/108/4 51/109/4
f 54/110/5 52/91/5 56/111/5
f 69/112/2 72/113/2 71/114/2
f 59/115/1 58/116/1 57/117/1
f 67/118/1 66/119/1 65/120/1
f 61/121/2 64/122/2 63/123/2
f 57/124/3 62/125/3 61/126/3
f 57/127/4 63/128/4 59/129/4
f 62/130/5 60/131/5 64/11/5
f 75/132/3 74/133/3 73/134/3
f 77/135/6 80/136/6 79/16/6
f 73/137/2 78/138/2 77/20/2
f 73/139/4 79/140/4 75/28/4
f 78/141/5 76/142/5 80/143/5
f 83/144/1 82/145/1 81/146/1
f 87/147/6 84/148/6 83/149/6
f 85/150/2 88/151/2 87/152/2
f 81/153/3 86/154/3 85/155/3
f 81/156/4 87/157/4 83/158/4
f 86/159/5 84/160/5 88/161/5
f 91/162/3 90/163/3 89/164/3
f 93/165/6 96/166/6 95/167/6
f 89/168/2 94/169/2 93/170/2
f 91/171/4 93/92/4 95/172/4
f 94/173/5 92/67/5 96/66/5
f 118/174/5 116/70/5 120/175/5
f 102/176/4 100/177/4 98/178/4
f 113/179/4 119/180/4 115/181/4
f 102/182/3 103/183/3 104/184/3
f 104/185/2 99/186/2 100/187/2
f 99/188/5 101/189/5 97/190/5
f 100/191/6 97/192/6 98/193/6
f 107/194/3 106/195/3 105/196/3
f 113/128/2 118/197/2 117/198/2
f 109/199/6 112/200/6 111/55/6
f 105/201/2 110/202/2 109/105/2
f 105/203/4 111/204/4 107/205/4
f 110/206/5 108/207/5 112/208/5
f 117/209/6 120/210/6 119/211/6
f 115/212/3 114/213/3 113/214/3
f 123/85/2 122/6/2 121/215/2
f 125/216/1 128/217/1 127/218/1
f 121/219/6 126/220/6 125/221/6
f 121/222/4 127/223/4 123/224/4
f 126/225/5 124/226/5 128/227/5
f 131/228/2 130/229/2 129/230/2
f 133/231/1 136/232/1 135/233/1
f 129/234/6 134/235/6 133/236/6
f 131/237/4 133/225/4 135/227/4
f 134/154/5 132/238/5 136/239/5
f 139/240/2 138/230/2 137/113/2
f 141/241/1 144/242/1 143/243/1
f 137/244/6 142/245/6 141/246/6
f 137/247/4 143/248/4 139/116/4
f 142/249/5 140/250/5 144/59/5
f 145/251/2 148/252/2 146/253/2
f 176/254/5 170/42/5 172/255/5
f 149/256/1 152/257/1 151/258/1
f 145/259/6 150/260/6 149/261/6
f 145/262/4 151/263/4 147/15/4
f 150/264/5 148/265/5 152/173/5
f 153/266/2 156/267/2 154/268/2
f 169/269/4 175/270/4 171/271/4
f 157/272/1 160/273/1 159/274/1
f 153/275/6 158/276/6 157/277/6
f 155/278/4 157/279/4 159/280/4
f 158/281/5 156/282/5 160/283/5
f 163/252/2 162/284/2 161/253/2
f 169/285/6 174/262/6 173/286/6
f 165/287/1 168/288/1 167/289/1
f 161/290/6 166/291/6 165/292/6
f 161/293/4 167/294/4 163/295/4
f 166/296/5 164/148/5 168/297/5
f 173/298/1 176/299/1 175/300/1
f 171/301/2 170/302/2 169/303/2
f 179/304/2 178/35/2 177/229/2
f 181/305/1 184/306/1 183/2/1
f 177/307/6 182/308/6 181/309/6
f 177/310/4 183/311/4 179/312/4
f 182/313/5 180/314/5 184/315/5
f 187/316/2 186/317/2 185/318/2
f 191/319/3 188/159/3 187/320/3
f 189/321/1 192/322/1 191/323/1
f 185/324/6 190/65/6 189/325/6
f 185/326/4 191/177/4 187/327/4
f 190/219/5 188/328/5 192/329/5
f 195/330/6 194/331/6 193/332/6
f 206/333/5 204/190/5 208/189/5
f 197/334/3 200/335/3 199/336/3
f 193/337/1 198/338/1 197/339/1
f 195/340/4 197/341/4 199/342/4
f 198/343/5 196/344/5 200/345/5
f 201/346/4 207/347/4 203/348/4
f 201/349/1 206/350/1 205/168/1
f 205/351/3 208/214/3 207/352/3
f 203/353/6 202/134/6 201/133/6
f 213/354/5 215/355/5 209/356/5
f 225/357/7 218/358/7 217/359/7
f 222/360/1 245/361/1 244/362/1
f 220/363/2 231/364/2 223/365/2
f 229/366/8 222/360/8 221/367/8
f 227/368/9 220/369/9 219/364/9
f 224/370/3 229/371/3 221/372/3
f 218/373/6 227/368/6 219/364/6
f 231/374/10 224/370/10 223/375/10
f 234/376/5 217/377/5 218/378/5
f 244/379/5 238/380/5 222/381/5
f 239/382/5 220/383/5 223/384/5
f 238/380/5 221/385/5 222/381/5
f 236/386/5 219/387/5 220/383/5
f 237/388/5 224/389/5 221/385/5
f 235/390/5 218/378/5 219/387/5
f 240/391/5 223/384/5 224/389/5
f 233/392/5 241/393/5 217/377/5
f 241/362/1 225/357/1 217/359/1
f 245/394/6 246/395/6 244/396/6
f 247/397/3 241/398/3 243/399/3
f 249/400/3 252/401/3 250/402/3
f 253/403/6 256/404/6 255/405/6
f 249/406/2 254/407/2 253/408/2
f 259/409/3 258/410/3 257/411/3
f 263/412/6 262/413/6 264/414/6
f 256/415/5 250/416/5 252/417/5
f 257/418/2 262/419/2 261/420/2
f 257/421/11 263/422/11 259/423/11
f 267/424/3 266/425/3 265/426/3
f 271/427/6 270/428/6 272/429/6
f 264/430/12 258/431/12 260/432/12
f 269/433/2 266/434/2 270/435/2
f 267/436/13 269/437/13 271/438/13
f 270/439/14 268/440/14 272/441/14
f 275/442/3 274/443/3 273/444/3
f 277/445/6 280/446/6 279/447/6
f 273/448/2 278/449/2 277/450/2
f 281/451/3 284/452/3 282/453/3
f 287/454/6 286/455/6 288/456/6
f 280/457/15 274/458/15 276/459/15
f 285/460/2 282/461/2 286/462/2
f 283/463/16 285/464/16 287/465/16
f 291/466/3 290/467/3 289/468/3
f 295/469/6 294/470/6 296/471/6
f 288/472/5 282/473/5 284/474/5
f 289/475/2 294/476/2 293/477/2
f 289/478/17 295/479/17 291/480/17
f 294/481/18 292/482/18 296/483/18
f 297/484/3 300/485/3 298/486/3
f 303/487/6 302/488/6 304/489/6
f 297/490/2 302/491/2 301/492/2
f 307/493/3 306/494/3 305/495/3
f 311/496/6 310/497/6 312/498/6
f 302/499/19 300/500/19 304/501/19
f 305/502/2 310/503/2 309/504/2
f 307/505/20 309/506/20 311/507/20
f 315/508/3 314/509/3 313/510/3
f 319/511/6 318/512/6 320/513/6
f 312/421/21 306/514/21 308/515/21
f 313/516/2 318/517/2 317/518/2
f 313/519/22 319/520/22 315/521/22
f 318/522/23 316/523/23 320/524/23
f 321/525/3 324/526/3 322/527/3
f 325/528/6 328/529/6 327/530/6
f 321/531/2 326/532/2 325/533/2
f 331/534/3 330/535/3 329/536/3
f 335/537/6 334/538/6 336/539/6
f 326/540/24 324/541/24 328/542/24
f 333/543/2 330/544/2 334/545/2
f 331/546/25 333/547/25 335/548/25
f 339/549/3 338/550/3 337/551/3
f 341/552/6 344/553/6 343/554/6
f 334/555/26 332/556/26 336/557/26
f 341/558/2 338/559/2 342/560/2
f 337/561/4 343/562/4 339/540/4
f 344/563/5 338/564/5 340/565/5
f 347/566/3 346/567/3 345/568/3
f 349/569/6 352/570/6 351/571/6
f 345/572/2 350/573/2 349/574/2
f 355/575/3 354/576/3 353/577/3
f 359/578/6 358/579/6 360/580/6
f 352/581/27 346/582/27 348/583/27
f 353/584/2 358/585/2 357/586/2
f 355/587/28 357/588/28 359/589/28
f 363/590/3 362/591/3 361/592/3
f 367/593/6 366/594/6 368/595/6
f 360/596/29 354/597/29 356/598/29
f 361/599/2 366/600/2 365/601/2
f 363/602/30 365/603/30 367/604/30
f 368/605/31 362/606/31 364/607/31
f 371/608/3 370/609/3 369/610/3
f 375/611/6 374/612/6 376/613/6
f 369/614/2 374/615/2 373/527/2
f 379/616/3 378/617/3 377/618/3
f 381/619/6 384/551/6 383/550/6
f 376/620/32 370/621/32 372/622/32
f 381/623/2 378/624/2 382/625/2
f 377/626/33 383/627/33 379/628/33
f 385/629/3 388/630/3 386/631/3
f 389/632/6 392/633/6 391/634/6
f 382/635/5 380/636/5 384/637/5
f 385/638/2 390/639/2 389/640/2
f 387/641/4 389/642/4 391/643/4
f 390/644/5 388/645/5 392/646/5
f 393/647/3 396/648/3 394/649/3
f 397/650/6 400/651/6 399/652/6
f 393/653/2 398/654/2 397/655/2
f 403/656/3 402/657/3 401/658/3
f 405/659/6 408/660/6 407/661/6
f 398/662/34 396/663/34 400/664/34
f 405/665/2 402/666/2 406/667/2
f 401/668/35 407/669/35 403/670/35
f 411/671/3 410/672/3 409/673/3
f 413/674/6 416/675/6 415/676/6
f 408/677/36 402/678/36 404/679/36
f 413/680/2 410/597/2 414/681/2
f 411/682/37 413/683/37 415/684/37
f 414/685/38 412/686/38 416/687/38
f 417/688/3 420/689/3 418/690/3
f 423/691/6 422/692/6 424/693/6
f 417/694/2 422/695/2 421/617/2
f 427/696/3 426/697/3 425/698/3
f 431/699/6 430/700/6 432/701/6
f 422/702/39 420/703/39 424/704/39
f 429/705/2 426/706/2 430/707/2
f 425/708/40 431/709/40 427/710/40
f 435/711/3 434/712/3 433/713/3
f 439/714/6 438/715/6 440/716/6
f 430/717/41 428/718/41 432/719/41
f 433/720/2 438/721/2 437/722/2
f 433/723/42 439/724/42 435/725/42
f 440/726/43 434/727/43 436/728/43
f 431/729/1 428/730/1 427/731/1
f 255/732/1 252/733/1 251/734/1
f 271/735/1 268/736/1 267/737/1
f 443/738/2 442/739/2 441/740/2
f 445/741/1 448/742/1 447/743/1
f 441/744/6 446/745/6 445/746/6
f 451/747/2 450/748/2 449/749/2
f 455/750/1 454/751/1 456/752/1
f 446/753/5 444/754/5 448/755/5
f 449/756/6 454/757/6 453/758/6
f 449/759/44 455/760/44 451/761/44
f 459/762/2 458/763/2 457/764/2
f 463/765/1 462/766/1 464/767/1
f 456/768/45 450/769/45 452/770/45
f 461/771/6 458/772/6 462/773/6
f 459/774/46 461/775/46 463/776/46
f 462/777/47 460/778/47 464/779/47
f 467/780/2 466/781/2 465/782/2
f 469/783/1 472/784/1 471/785/1
f 465/786/6 470/787/6 469/788/6
f 473/789/2 476/790/2 474/791/2
f 479/792/1 478/793/1 480/794/1
f 472/795/48 466/796/48 468/797/48
f 477/798/6 474/799/6 478/800/6
f 475/801/49 477/802/49 479/803/49
f 483/804/2 482/805/2 481/806/2
f 487/807/1 486/808/1 488/809/1
f 480/810/5 474/811/5 476/812/5
f 481/813/6 486/814/6 485/815/6
f 481/816/50 487/817/50 483/818/50
f 486/819/51 484/820/51 488/821/51
f 489/822/2 492/823/2 490/824/2
f 495/825/1 494/826/1 496/827/1
f 489/828/6 494/829/6 493/830/6
f 499/831/2 498/832/2 497/833/2
f 503/834/1 502/835/1 504/836/1
f 494/837/52 492/838/52 496/839/52
f 497/840/6 502/841/6 501/842/6
f 499/843/53 501/656/53 503/844/53
f 507/845/2 506/846/2 505/847/2
f 511/848/1 510/849/1 512/850/1
f 504/851/54 498/852/54 500/490/54
f 505/853/6 510/854/6 509/855/6
f 505/856/55 511/857/55 507/858/55
f 510/859/56 508/860/56 512/861/56
f 513/862/2 516/863/2 514/864/2
f 517/865/1 520/866/1 519/867/1
f 513/868/6 518/869/6 517/870/6
f 523/871/2 522/872/2 521/873/2
f 527/874/1 526/875/1 528/833/1
f 518/876/57 516/877/57 520/878/57
f 525/879/6 522/880/6 526/881/6
f 523/882/58 525/883/58 527/884/58
f 531/885/2 530/886/2 529/887/2
f 533/888/1 536/889/1 535/890/1
f 526/891/59 524/892/59 528/893/59
f 533/894/6 530/895/6 534/882/6
f 529/896/4 535/602/4 531/897/4
f 536/898/5 530/602/5 532/899/5
f 539/647/2 538/900/2 537/901/2
f 541/902/1 544/903/1 543/904/1
f 537/905/6 542/906/6 541/907/6
f 547/908/2 546/909/2 545/910/2
f 551/911/1 550/912/1 552/913/1
f 544/817/60 538/914/60 540/915/60
f 545/916/6 550/917/6 549/918/6
f 547/919/61 549/920/61 551/921/61
f 555/634/2 554/922/2 553/411/2
f 559/923/1 558/924/1 560/925/1
f 552/926/62 546/927/62 548/928/62
f 553/929/6 558/930/6 557/931/6
f 555/932/63 557/933/63 559/934/63
f 560/935/64 554/936/64 556/937/64
f 563/938/2 562/939/2 561/752/2
f 567/940/1 566/941/1 568/887/1
f 561/942/6 566/943/6 565/944/6
f 571/945/2 570/946/2 569/947/2
f 573/948/1 576/949/1 575/950/1
f 568/951/65 562/952/65 564/953/65
f 573/954/6 570/664/6 574/663/6
f 569/955/66 575/720/66 571/956/66
f 577/957/2 580/958/2 578/959/2
f 581/960/1 584/961/1 583/962/1
f 574/963/5 572/964/5 576/965/5
f 577/966/6 582/967/6 581/968/6
f 579/969/4 581/970/4 583/971/4
f 582/646/5 580/972/5 584/644/5
f 585/973/2 588/974/2 586/911/2
f 589/975/1 592/976/1 591/977/1
f 585/978/6 590/979/6 589/980/6
f 595/981/2 594/982/2 593/983/2
f 597/984/1 600/985/1 599/986/1
f 590/987/67 588/988/67 592/989/67
f 597/990/6 594/991/6 598/992/6
f 593/993/68 599/994/68 595/995/68
f 603/996/2 602/997/2 601/998/2
f 605/999/1 608/1000/1 607/1001/1
f 600/1002/69 594/1003/69 596/1004/69
f 605/1005/6 602/547/6 606/1006/6
f 603/1007/70 605/1008/70 607/1009/70
f 606/1010/71 604/1011/71 608/1012/71
f 609/1013/2 612/1014/2 610/1015/2
f 615/1016/1 614/1017/1 616/1018/1
f 609/1019/6 614/1020/6 613/1021/6
f 619/1022/2 618/1023/2 617/1024/2
f 623/1025/1 622/1026/1 624/1027/1
f 614/1028/72 612/1029/72 616/1030/72
f 621/1031/6 618/1032/6 622/1033/6
f 617/455/73 623/1034/73 619/1035/73
f 627/1036/2 626/1037/2 625/1038/2
f 631/1039/1 630/1040/1 632/1041/1
f 622/1042/74 620/1043/74 624/1044/74
f 625/1045/6 630/1046/6 629/1047/6
f 625/1048/75 631/1049/75 627/610/75
f 632/1050/76 626/1051/76 628/1052/76
f 623/1053/3 620/1054/3 619/1055/3
f 443/1056/3 448/644/3 444/972/3
f 463/1057/3 460/1058/3 459/1059/3
f 635/1060/1 634/1061/1 633/1062/1
f 639/1063/2 638/1064/2 640/1065/2
f 633/1066/3 638/1067/3 637/1068/3
f 643/1069/1 642/1070/1 641/1071/1
f 647/1072/2 646/1073/2 648/1074/2
f 638/1075/77 636/1076/77 640/1077/77
f 641/1078/3 646/1079/3 645/1080/3
f 641/800/78 647/1081/78 643/1082/78
f 649/1083/1 652/1084/1 650/1085/1
f 655/1086/2 654/1087/2 656/1088/2
f 648/1089/79 642/819/79 644/1090/79
f 653/1091/3 650/1092/3 654/1093/3
f 651/1094/80 653/1095/80 655/1096/80
f 656/1097/81 650/1098/81 652/1099/81
f 659/1100/1 658/1101/1 657/1102/1
f 663/1103/2 662/1104/2 664/1105/2
f 657/1106/3 662/589/3 661/1107/3
f 665/1108/1 668/1109/1 666/1110/1
f 671/1111/2 670/1112/2 672/1113/2
f 662/1114/82 660/824/82 664/1115/82
f 669/800/3 666/1116/3 670/798/3
f 667/1117/83 669/1118/83 671/1119/83
f 673/1120/1 676/1121/1 674/1122/1
f 679/1123/2 678/1124/2 680/1125/2
f 672/1126/5 666/1127/5 668/1128/5
f 673/1129/3 678/1130/3 677/1131/3
f 675/1132/84 677/1133/84 679/1134/84
f 678/1135/85 676/1136/85 680/1137/85
f 681/1138/1 684/1139/1 682/1140/1
f 687/1141/2 686/1142/2 688/1143/2
f 681/1144/3 686/1145/3 685/1146/3
f 691/1147/1 690/1148/1 689/1149/1
f 695/1150/2 694/1151/2 696/1152/2
f 686/1153/86 684/1154/86 688/961/86
f 689/1155/3 694/1156/3 693/840/3
f 691/1157/87 693/1158/87 695/1159/87
f 699/1160/1 698/1161/1 697/1162/1
f 703/1163/2 702/1164/2 704/1165/2
f 696/1166/88 690/1167/88 692/1168/88
f 697/1169/3 702/1170/3 701/1171/3
f 699/1172/89 701/1173/89 703/1174/89
f 704/872/90 698/1175/90 700/1176/90
f 705/1177/1 708/1178/1 706/1179/1
f 711/1180/2 710/1181/2 712/1182/2
f 705/1183/3 710/1184/3 709/1185/3
f 715/1186/1 714/1187/1 713/1188/1
f 719/1189/2 718/1190/2 720/946/2
f 712/1191/91 706/1192/91 708/1193/91
f 717/1194/3 714/1195/3 718/601/3
f 715/1196/92 717/1197/92 719/448/92
f 723/1198/1 722/1199/1 721/1200/1
f 725/1201/2 728/1202/2 727/1203/2
f 718/1204/93 716/1205/93 720/1206/93
f 725/1207/3 722/1208/3 726/1209/3
f 721/1210/4 727/1211/4 723/1212/4
f 728/1213/94 722/1214/94 724/1215/94
f 729/1216/1 732/1217/1 730/1218/1
f 733/1219/2 736/1220/2 735/1221/2
f 729/1222/3 734/1223/3 733/1224/3
f 739/1225/1 738/1226/1 737/1227/1
f 743/1228/2 742/1229/2 744/1230/2
f 734/510/95 732/1231/95 736/1232/95
f 737/1233/3 742/1234/3 741/1235/3
f 739/1236/96 741/1237/96 743/1238/96
f 747/1239/1 746/1240/1 745/1241/1
f 749/1242/2 752/1243/2 751/1244/2
f 744/1245/97 738/1246/97 740/1247/97
f 745/1248/3 750/1249/3 749/929/3
f 745/1250/98 751/1188/98 747/1251/98
f 750/1252/5 748/1253/5 752/867/5
f 755/1254/1 754/1255/1 753/1256/1
f 759/1257/2 758/1258/2 760/1259/2
f 753/1260/3 758/1261/3 757/1262/3
f 763/1263/1 762/1264/1 761/1265/1
f 765/1266/2 768/1267/2 767/1268/2
f 760/1269/99 754/1270/99 756/1271/99
f 765/1272/3 762/1273/3 766/1274/3
f 761/1275/100 767/1276/100 763/1277/100
f 771/1278/1 770/1279/1 769/1280/1
f 775/1281/2 774/1282/2 776/1283/2
f 766/787/5 764/1284/5 768/645/5
f 769/1285/3 774/1286/3 773/1287/3
f 771/1288/101 773/1289/101 775/1290/101
f 776/1291/102 770/1075/102 772/1292/102
f 777/1293/1 780/1294/1 778/1295/1
f 781/1296/2 784/1297/2 783/1298/2
f 777/1299/3 782/1300/3 781/1301/3
f 787/1302/1 786/1303/1 785/1304/1
f 789/1305/2 792/1306/2 791/1307/2
f 782/1308/103 780/959/103 784/1309/103
f 789/1310/3 786/1311/3 790/1312/3
f 785/1313/104 791/1314/104 787/1315/104
f 793/1316/1 796/1317/1 794/1318/1
f 797/1319/2 800/1320/2 799/1321/2
f 792/1322/105 786/1323/105 788/1324/105
f 797/1325/3 794/1326/3 798/1327/3
f 793/1328/106 799/1329/106 795/1330/106
f 798/1331/5 796/952/5 800/1332/5
f 801/1333/1 804/1334/1 802/1335/1
f 805/1336/2 808/1337/2 807/1338/2
f 801/1339/3 806/1340/3 805/1341/3
f 811/1342/1 810/1343/1 809/649/1
f 815/1344/2 814/1345/2 816/1346/2
f 806/1347/107 804/1348/107 808/1349/107
f 813/1350/3 810/524/3 814/1351/3
f 809/1352/108 815/1353/108 811/1354/108
f 819/1355/1 818/1356/1 817/1357/1
f 823/1358/2 822/1359/2 824/1360/2
f 814/1361/109 812/1362/109 816/479/109
f 817/1363/3 822/772/3 821/1364/3
f 819/1365/110 821/1366/110 823/1367/110
f 824/1368/111 818/1369/111 820/1370/111
f 655/1371/6 652/1372/6 651/1373/6
f 639/1374/6 636/1375/6 635/1376/6
f 815/1377/6 812/1378/6 811/1379/6
f 827/1380/6 826/1381/6 825/1382/6
f 829/1383/3 832/1384/3 831/1385/3
f 825/1386/1 830/1387/1 829/1388/1
f 835/1389/6 834/1390/6 833/1391/6
f 839/1392/3 838/1393/3 840/1394/3
f 832/1395/5 826/1396/5 828/1397/5
f 833/1398/1 838/1399/1 837/1400/1
f 833/1401/112 839/1402/112 835/1403/112
f 843/1404/6 842/1405/6 841/1406/6
f 847/1407/3 846/1408/3 848/1409/3
f 840/1410/113 834/1411/113 836/1412/113
f 845/1413/1 842/1414/1 846/1415/1
f 843/1416/114 845/1417/114 847/1106/114
f 846/1418/115 844/1419/115 848/1420/115
f 851/1421/6 850/1422/6 849/1423/6
f 853/1424/3 856/1425/3 855/1426/3
f 849/1427/1 854/1428/1 853/1429/1
f 857/1430/6 860/1431/6 858/1432/6
f 863/1433/3 862/1434/3 864/1435/3
f 856/1436/116 850/1437/116 852/502/116
f 861/1438/1 858/1439/1 862/1440/1
f 859/1441/117 861/1442/117 863/1443/117
f 867/1444/6 866/848/6 865/1445/6
f 871/1446/3 870/1447/3 872/673/3
f 864/1448/5 858/1449/5 860/1450/5
f 865/1451/1 870/1452/1 869/1453/1
f 865/1454/118 871/1455/118 867/1456/118
f 870/1033/119 868/1457/119 872/1458/119
f 873/1459/6 876/1460/6 874/1461/6
f 879/1462/3 878/1463/3 880/1464/3
f 873/1465/1 878/1466/1 877/1467/1
f 883/1468/6 882/1469/6 881/1470/6
f 887/1471/3 886/1472/3 888/1473/3
f 878/1474/120 876/1475/120 880/1476/120
f 881/1477/1 886/1478/1 885/1479/1
f 883/1480/121 885/1481/121 887/1482/121
f 891/1483/6 890/1484/6 889/1485/6
f 895/850/3 894/1486/3 896/1487/3
f 888/1488/122 882/1489/122 884/1490/122
f 889/1491/1 894/1492/1 893/1493/1
f 889/1494/123 895/1495/123 891/1496/123
f 894/1476/124 892/1497/124 896/1498/124
f 899/1499/6 898/1500/6 897/1501/6
f 903/1502/3 902/1503/3 904/511/3
f 897/1504/1 902/1505/1 901/1506/1
f 899/1507/125 901/415/125 903/1508/125
f 904/1509/126 898/1510/126 900/1511/126
f 907/1512/6 906/1513/6 905/1514/6
f 911/1515/3 910/1516/3 912/1517/3
f 905/1518/1 910/1519/1 909/1520/1
f 915/1521/6 914/1522/6 913/1523/6
f 917/1524/3 920/1525/3 919/1526/3
f 912/1527/127 906/1528/127 908/1529/127
f 917/1530/1 914/1531/1 918/1532/1
f 913/1533/128 919/1534/128 915/1535/128
f 921/1536/6 924/1537/6 922/1538/6
f 925/1539/3 928/1540/3 927/1541/3
f 920/1443/5 914/1542/5 916/1543/5
f 921/1544/1 926/1545/1 925/1546/1
f 923/1547/4 925/1548/4 927/1549/4
f 926/1550/5 924/1551/5 928/1552/5
f 929/1553/6 932/1554/6 930/1555/6
f 933/1556/3 936/1557/3 935/1558/3
f 929/1559/1 934/1560/1 933/1561/1
f 939/933/6 938/1562/6 937/1563/6
f 941/1564/3 944/1565/3 943/1566/3
f 934/1567/129 932/1568/129 936/1569/129
f 941/1570/1 938/1571/1 942/1572/1
f 937/1573/130 943/1574/130 939/1575/130
f 947/1576/6 946/1577/6 945/1578/6
f 949/1579/3 952/1580/3 951/1581/3
f 944/1582/131 938/1583/131 940/1584/131
f 949/1585/1 946/1586/1 950/1587/1
f 947/1588/132 949/1589/132 951/1590/132
f 950/1591/133 948/1322/133 952/1592/133
f 953/1593/6 956/1594/6 954/1376/6
f 959/1595/3 958/1596/3 960/1520/3
f 953/1597/1 958/1598/1 957/1599/1
f 963/1600/6 962/1601/6 961/1602/6
f 967/1603/3 966/1604/3 968/1605/3
f 958/1606/134 956/1607/134 960/1608/134
f 965/1609/1 962/1610/1 966/1611/1
f 961/1612/135 967/1395/135 963/1613/135
f 971/1614/6 970/1615/6 969/1616/6
f 975/1617/3 974/1618/3 976/1619/3
f 966/1620/136 964/1621/136 968/1622/136
f 969/1623/1 974/1624/1 973/1110/1
f 969/1625/137 975/1626/137 971/1627/137
f 976/1628/138 970/1629/138 972/1630/138
f 967/1631/2 964/1632/2 963/1633/2
f 831/1634/2 828/1635/2 827/1636/2
f 847/1637/2 844/1638/2 843/1639/2
f 996/1640/5 984/1641/5 1012/1642/5
f 2704/1643/6 981/1644/6 2708/1645/6
f 2705/1646/1 997/1647/1 2714/1648/1
f 2709/1649/9 984/1650/9 2704/1643/9
f 2708/1651/7 982/1652/7 2705/1646/7
f 2711/1653/1 1008/1654/1 2710/1655/1
f 2712/1656/2 983/1657/2 2709/1658/2
f 1011/1659/2 990/1660/2 980/1661/2
f 993/1662/3 985/1663/3 991/1664/3
f 978/1665/7 989/1666/7 977/1667/7
f 980/1668/9 987/1669/9 979/1670/9
f 995/1671/1 989/1666/1 999/1672/1
f 979/1670/6 988/1673/6 978/1674/6
f 992/1675/1 1020/1676/1 1021/1677/1
f 1020/1678/4 991/1679/4 1017/1680/4
f 994/1681/1 991/1682/1 985/1683/1
f 2713/1684/1 986/1685/1 2711/1653/1
f 2714/1648/1 996/1686/1 2713/1684/1
f 994/1681/1 999/1672/1 998/1687/1
f 1026/1688/5 1010/1689/5 1012/1642/5
f 1004/1690/3 2706/1691/3 2715/1692/3
f 1027/1693/1 2707/1694/1 2719/1695/1
f 1007/1696/10 2716/1697/10 2706/1691/10
f 1005/1698/8 2715/1699/8 2707/1694/8
f 1008/1654/1 2717/1700/1 2710/1655/1
f 1006/1701/2 2712/1656/2 2716/1702/2
f 1016/1703/2 1011/1659/2 1003/1704/2
f 1009/1705/6 1023/1706/6 1018/1707/6
f 1015/1708/8 1001/1709/8 1000/1710/8
f 1013/1711/10 1003/1712/10 1002/1713/10
f 1029/1714/1 1000/1710/1 1025/1715/1
f 1014/1716/3 1002/1713/3 1001/1717/3
f 1020/1676/1 1022/1718/1 1021/1677/1
f 1018/1719/4 1020/1678/4 1017/1680/4
f 1018/1720/1 1024/1721/1 1009/1722/1
f 1010/1723/1 2718/1724/1 2717/1700/1
f 1026/1725/1 2719/1695/1 2718/1724/1
f 1029/1714/1 1024/1721/1 1028/1726/1
f 1034/1727/1 1035/1728/1 1032/1729/1
f 1037/1730/5 1035/1731/5 1038/1732/5
f 1054/1733/1 1030/1734/1 1045/1735/1
f 1033/1736/4 1034/1737/4 1032/1738/4
f 1047/1739/3 1050/1740/3 1058/1741/3
f 1032/1729/1 1054/1733/1 1049/1742/1
f 1040/1743/6 1032/1744/6 1031/1745/6
f 1031/1746/1 1049/1742/1 1044/1747/1
f 1059/1748/1 1050/1749/1 1057/1750/1
f 1036/1751/1 1042/1752/1 1043/1753/1
f 1036/1754/6 1030/1755/6 1035/1756/6
f 1048/1757/1 1056/1758/1 1051/1759/1
f 1049/1742/1 1047/1760/1 1044/1747/1
f 1052/1761/5 1055/1762/5 1056/1763/5
f 1054/1733/1 1046/1764/1 1052/1765/1
f 1051/1766/4 1050/1767/4 1048/1768/4
f 1033/1769/1 1041/1770/1 1039/1771/1
f 1049/1742/1 1052/1765/1 1048/1757/1
f 1053/1772/1 1060/1773/1 1055/1774/1
f 1046/1775/3 1053/1776/3 1052/1777/3
f 1063/1778/1 1073/1779/1 1069/1780/1
f 1071/1781/1 1062/1782/1 1065/1783/1
f 1063/1778/1 1070/1784/1 1064/1785/1
f 1062/1782/1 1072/1786/1 1066/1787/1
f 1067/1788/1 1072/1786/1 1073/1779/1
f 1096/1789/1 1065/1783/1 1088/1790/1
f 1064/1785/1 1097/1791/1 1089/1792/1
f 1075/1793/139 1070/1794/139 1069/1795/139
f 1068/1796/6 1078/1797/6 1072/1798/6
f 1072/1798/6 1079/1799/6 1073/1800/6
f 1104/1801/140 1071/1802/140 1096/1803/140
f 1076/1804/141 1097/1805/141 1070/1794/141
f 1073/1800/6 1075/1806/6 1069/1807/6
f 1077/1808/142 1068/1809/142 1071/1802/142
f 1081/1810/3 1067/1811/3 1063/1812/3
f 1080/1813/143 1065/1814/143 1062/1815/143
f 1082/1816/144 1063/1817/144 1064/1818/144
f 1084/1819/3 1062/1820/3 1066/1821/3
f 1085/1822/3 1066/1821/3 1067/1811/3
f 1083/1823/143 1088/1824/143 1065/1814/143
f 1113/1825/144 1064/1818/144 1089/1826/144
f 1087/1827/1 1101/1828/1 1093/1829/1
f 1086/1830/1 1099/1831/1 1091/1832/1
f 1087/1827/1 1098/1833/1 1095/1834/1
f 1100/1835/1 1086/1830/1 1092/1836/1
f 1093/1829/1 1100/1835/1 1092/1836/1
f 1091/1832/1 1096/1789/1 1088/1790/1
f 1090/1837/1 1097/1791/1 1098/1833/1
f 1098/1838/143 1103/1839/143 1095/1840/143
f 1108/1841/3 1094/1842/3 1100/1843/3
f 1109/1844/3 1100/1843/3 1101/1845/3
f 1099/1846/145 1104/1801/145 1096/1803/145
f 1097/1805/146 1106/1847/146 1098/1838/146
f 1103/1848/3 1101/1845/3 1095/1849/3
f 1094/1850/144 1107/1851/144 1099/1846/144
f 1093/1852/6 1111/1853/6 1087/1854/6
f 1091/1855/139 1110/1856/139 1086/1857/139
f 1087/1858/142 1114/1859/142 1090/1860/142
f 1086/1861/6 1116/1862/6 1092/1863/6
f 1092/1863/6 1117/1864/6 1093/1852/6
f 1088/1824/139 1115/1865/139 1091/1855/139
f 1090/1860/142 1113/1825/142 1089/1826/142
f 1119/1866/1 1131/1867/1 1127/1868/1
f 1129/1869/1 1118/1870/1 1121/1871/1
f 1119/1866/1 1128/1872/1 1120/1873/1
f 1125/1874/1 1132/1875/1 1124/1876/1
f 1123/1877/1 1130/1878/1 1131/1867/1
f 1162/1879/1 1121/1871/1 1152/1880/1
f 1118/1870/1 1133/1881/1 1125/1874/1
f 1122/1882/1 1132/1875/1 1130/1878/1
f 1120/1873/1 1163/1883/1 1153/1884/1
f 1135/1885/139 1128/1886/139 1127/1887/139
f 1133/1888/6 1140/1889/6 1132/1890/6
f 1130/1891/6 1139/1892/6 1131/1893/6
f 1172/1894/140 1129/1895/140 1162/1896/140
f 1126/1897/6 1141/1898/6 1133/1888/6
f 1132/1890/6 1138/1899/6 1130/1891/6
f 1136/1900/141 1163/1901/141 1128/1886/141
f 1131/1893/6 1135/1902/6 1127/1903/6
f 1137/1904/142 1126/1905/142 1129/1895/142
f 1143/1906/3 1123/1907/3 1119/1908/3
f 1142/1909/143 1121/1910/143 1118/1911/143
f 1144/1912/144 1119/1913/144 1120/1914/144
f 1148/1915/3 1125/1916/3 1124/1917/3
f 1147/1918/3 1122/1919/3 1123/1907/3
f 1145/1920/143 1152/1921/143 1121/1910/143
f 1149/1922/3 1118/1923/3 1125/1916/3
f 1146/1924/3 1124/1917/3 1122/1919/3
f 1183/1925/144 1120/1914/144 1153/1926/144
f 1151/1927/1 1167/1928/1 1157/1929/1
f 1150/1930/1 1165/1931/1 1155/1932/1
f 1151/1927/1 1164/1933/1 1161/1934/1
f 1168/1935/1 1159/1936/1 1158/1937/1
f 1157/1929/1 1166/1938/1 1156/1939/1
f 1155/1932/1 1162/1879/1 1152/1880/1
f 1169/1940/1 1150/1930/1 1159/1936/1
f 1156/1939/1 1168/1935/1 1158/1937/1
f 1154/1941/1 1163/1883/1 1164/1933/1
f 1164/1942/143 1171/1943/143 1161/1944/143
f 1178/1945/3 1169/1946/3 1168/1947/3
f 1177/1948/3 1166/1949/3 1167/1950/3
f 1165/1951/145 1172/1894/145 1162/1896/145
f 1179/1952/3 1160/1953/3 1169/1946/3
f 1176/1954/3 1168/1947/3 1166/1949/3
f 1163/1901/146 1174/1955/146 1164/1942/146
f 1171/1956/3 1167/1950/3 1161/1957/3
f 1160/1958/144 1175/1959/144 1165/1951/144
f 1157/1960/6 1181/1961/6 1151/1962/6
f 1155/1963/139 1180/1964/139 1150/1965/139
f 1151/1966/142 1184/1967/142 1154/1968/142
f 1159/1969/6 1188/1970/6 1158/1971/6
f 1156/1972/6 1187/1973/6 1157/1960/6
f 1152/1921/139 1185/1974/139 1155/1963/139
f 1150/1975/6 1189/1976/6 1159/1969/6
f 1158/1971/6 1186/1977/6 1156/1972/6
f 1154/1968/142 1183/1925/142 1153/1926/142
f 1196/1978/1 1197/1979/1 1192/1980/1
f 1205/1981/6 1210/1982/6 1191/1983/6
f 1200/1984/5 1197/1985/5 1201/1986/5
f 1225/1987/1 1190/1988/1 1213/1989/1
f 1195/1990/4 1196/1991/4 1192/1992/4
f 1198/1993/4 1211/1994/4 1210/1995/4
f 1206/1996/1 1219/1997/1 1230/1998/1
f 1204/1999/5 1206/2000/5 1202/2001/5
f 1192/1980/1 1225/1987/1 1219/1997/1
f 1210/2002/1 1230/1998/1 1235/2003/1
f 1211/2004/1 1206/1996/1 1210/2002/1
f 1194/2005/6 1192/2006/6 1206/1817/6
f 1207/2007/1 1198/2008/1 1205/2009/1
f 1199/2010/1 1208/2011/1 1209/2012/1
f 1204/2013/1 1195/2014/1 1194/2015/1
f 1199/2016/6 1190/2017/6 1197/2018/6
f 1191/2019/1 1235/2003/1 1212/2020/1
f 1222/2021/1 1221/2022/1 1216/2023/1
f 1238/2024/3 1232/2025/3 1215/2026/3
f 1222/2027/5 1226/2028/5 1227/2029/5
f 1225/1987/1 1214/2030/1 1222/2021/1
f 1221/2031/4 1220/2032/4 1216/2033/4
f 1239/2034/4 1223/2035/4 1238/2036/4
f 1219/1997/1 1233/2037/1 1230/1998/1
f 1233/1984/5 1231/2038/5 1228/2039/5
f 1225/1987/1 1216/2023/1 1219/1997/1
f 1230/1998/1 1238/2040/1 1235/2003/1
f 1233/2037/1 1239/2041/1 1238/2040/1
f 1216/2042/3 1218/2043/3 1233/2044/3
f 1223/2045/1 1234/2046/1 1232/2047/1
f 1224/2048/1 1236/2049/1 1226/2012/1
f 1220/2050/1 1231/2051/1 1218/2052/1
f 1214/2053/3 1224/2029/3 1222/2028/3
f 1235/2003/1 1215/2054/1 1212/2020/1
f 1242/2055/1 1248/2056/1 1244/2057/1
f 1245/2058/5 1247/2059/5 1248/2060/5
f 1264/2061/1 1240/2062/1 1245/2063/1
f 1244/2064/4 1243/2065/4 1242/2066/4
f 1260/2067/6 1257/2068/6 1268/2069/6
f 1259/2070/1 1245/2063/1 1242/2055/1
f 1242/2071/3 1250/2072/3 1241/2073/3
f 1259/2070/1 1241/2074/1 1254/2075/1
f 1269/2076/1 1260/2077/1 1268/2078/1
f 1246/2079/1 1252/2080/1 1247/2081/1
f 1240/2082/3 1246/2017/3 1245/2083/3
f 1261/2084/1 1262/2085/1 1258/2086/1
f 1257/2087/1 1259/2070/1 1254/2075/1
f 1265/2088/5 1262/2089/5 1266/2090/5
f 1264/2061/1 1256/2091/1 1255/2092/1
f 1260/2093/4 1261/1732/4 1258/2094/4
f 1243/2095/1 1251/2096/1 1250/2097/1
f 1258/2086/1 1264/2061/1 1259/2070/1
f 1263/2098/1 1270/2099/1 1271/2100/1
f 1263/2101/6 1256/2102/6 1262/2103/6
f 1273/2104/1 1283/2105/1 1277/2106/1
f 1272/2107/1 1281/2108/1 1275/2109/1
f 1273/2104/1 1280/2110/1 1279/2111/1
f 1282/2112/1 1272/2107/1 1276/2113/1
f 1277/2106/1 1282/2112/1 1276/2113/1
f 1275/2109/1 1306/2114/1 1298/2115/1
f 1274/2116/1 1307/2117/1 1280/2110/1
f 1280/2118/143 1285/2119/143 1279/2120/143
f 1288/2121/3 1278/2122/3 1282/2123/3
f 1289/2124/3 1282/2123/3 1283/2125/3
f 1281/2126/145 1314/2127/145 1306/2128/145
f 1307/2129/146 1286/2130/146 1280/2118/146
f 1285/2131/3 1283/2125/3 1279/2132/3
f 1278/2133/144 1287/2134/144 1281/2126/144
f 1277/2135/6 1291/2136/6 1273/2137/6
f 1275/2138/139 1290/2139/139 1272/2140/139
f 1273/2141/142 1292/2142/142 1274/2143/142
f 1272/2144/6 1294/2145/6 1276/2146/6
f 1276/2146/6 1295/2147/6 1277/2135/6
f 1298/2148/139 1293/2149/139 1275/2138/139
f 1274/2143/142 1323/2150/142 1299/2151/142
f 1297/2152/1 1311/2153/1 1305/2154/1
f 1309/2155/1 1296/2156/1 1301/2157/1
f 1297/2152/1 1308/2158/1 1300/2159/1
f 1296/2156/1 1310/2160/1 1302/2161/1
f 1303/2162/1 1310/2160/1 1311/2153/1
f 1306/2114/1 1301/2157/1 1298/2115/1
f 1300/2159/1 1307/2117/1 1299/2163/1
f 1313/2164/139 1308/2165/139 1305/2166/139
f 1304/2167/6 1318/2168/6 1310/2169/6
f 1310/2169/6 1319/2170/6 1311/2171/6
f 1314/2127/140 1309/2172/140 1306/2128/140
f 1316/2173/141 1307/2129/141 1308/2165/141
f 1311/2171/6 1313/2174/6 1305/2175/6
f 1317/2176/142 1304/2177/142 1309/2172/142
f 1321/2178/3 1303/2179/3 1297/2180/3
f 1320/2181/143 1301/2182/143 1296/2183/143
f 1324/2184/144 1297/2185/144 1300/2186/144
f 1326/2187/3 1296/2188/3 1302/2189/3
f 1327/2190/3 1302/2189/3 1303/2179/3
f 1325/2191/143 1298/2148/143 1301/2182/143
f 1323/2150/144 1300/2186/144 1299/2151/144
f 1329/2192/1 1341/2193/1 1333/2194/1
f 1328/2195/1 1339/2196/1 1331/2197/1
f 1329/2192/1 1338/2198/1 1337/2199/1
f 1342/2200/1 1335/2201/1 1334/2202/1
f 1333/2194/1 1340/2203/1 1332/2204/1
f 1331/2197/1 1372/2205/1 1362/2206/1
f 1343/2207/1 1328/2195/1 1335/2201/1
f 1332/2204/1 1342/2200/1 1334/2202/1
f 1330/2208/1 1373/2209/1 1338/2198/1
f 1338/2210/143 1345/2211/143 1337/2212/143
f 1350/2213/3 1343/2214/3 1342/2215/3
f 1349/2216/3 1340/2217/3 1341/2218/3
f 1339/2219/145 1382/2220/145 1372/2221/145
f 1351/2222/3 1336/2223/3 1343/2214/3
f 1348/2224/3 1342/2215/3 1340/2217/3
f 1373/2225/146 1346/2226/146 1338/2210/146
f 1345/2227/3 1341/2218/3 1337/2228/3
f 1336/2229/144 1347/2230/144 1339/2219/144
f 1333/2231/6 1353/2232/6 1329/2233/6
f 1331/2234/139 1352/2235/139 1328/2236/139
f 1329/2237/142 1354/2238/142 1330/2239/142
f 1335/2240/6 1358/2241/6 1334/2242/6
f 1332/2243/6 1357/2244/6 1333/2231/6
f 1362/2245/139 1355/2246/139 1331/2234/139
f 1328/2247/6 1359/2248/6 1335/2240/6
f 1334/2242/6 1356/2249/6 1332/2243/6
f 1330/2239/142 1393/2250/142 1363/2251/142
f 1361/2252/1 1377/2253/1 1371/2254/1
f 1375/2255/1 1360/2256/1 1365/2257/1
f 1361/2252/1 1374/2258/1 1364/2259/1
f 1369/2260/1 1378/2261/1 1368/2262/1
f 1367/2263/1 1376/2264/1 1377/2253/1
f 1372/2205/1 1365/2257/1 1362/2206/1
f 1360/2256/1 1379/2265/1 1369/2260/1
f 1366/2266/1 1378/2261/1 1376/2264/1
f 1364/2259/1 1373/2209/1 1363/2267/1
f 1381/2268/139 1374/2269/139 1371/2270/139
f 1379/2271/6 1388/2272/6 1378/2273/6
f 1376/2274/6 1387/2275/6 1377/2276/6
f 1382/2220/140 1375/2277/140 1372/2221/140
f 1370/2278/6 1389/2279/6 1379/2271/6
f 1378/2273/6 1386/2280/6 1376/2274/6
f 1384/2281/141 1373/2225/141 1374/2269/141
f 1377/2276/6 1381/2282/6 1371/2283/6
f 1385/2284/142 1370/1850/142 1375/2277/142
f 1391/2285/3 1367/2286/3 1361/2287/3
f 1390/2288/143 1365/2289/143 1360/2290/143
f 1394/2291/144 1361/2292/144 1364/2293/144
f 1398/2294/3 1369/2295/3 1368/2296/3
f 1397/2297/3 1366/2298/3 1367/2286/3
f 1395/2299/143 1362/2245/143 1365/2289/143
f 1399/2300/3 1360/2301/3 1369/2295/3
f 1396/2302/3 1368/2296/3 1366/2298/3
f 1393/2250/144 1364/2293/144 1363/2251/144
f 1407/2303/1 1406/2304/1 1402/2305/1
f 1420/2306/3 1415/2069/3 1401/2068/3
f 1407/2307/5 1410/2093/5 1411/2094/5
f 1435/2308/1 1400/2309/1 1407/2303/1
f 1406/2310/4 1405/2311/4 1402/2312/4
f 1421/2313/4 1408/2314/4 1420/2315/4
f 1429/2316/1 1416/2317/1 1440/2318/1
f 1416/2319/5 1414/2320/5 1412/2321/5
f 1435/2308/1 1402/2305/1 1429/2316/1
f 1440/2318/1 1420/2322/1 1445/2323/1
f 1416/2317/1 1421/2324/1 1420/2322/1
f 1402/2325/3 1404/1981/3 1416/1983/3
f 1408/2326/1 1417/2327/1 1415/2328/1
f 1409/2329/1 1418/2330/1 1410/2331/1
f 1405/2332/1 1414/2333/1 1404/2334/1
f 1400/2335/3 1409/2336/3 1407/2337/3
f 1445/2323/1 1401/2338/1 1422/2339/1
f 1431/2340/1 1432/2341/1 1426/2342/1
f 1442/2343/6 1448/2344/6 1425/2345/6
f 1436/2032/5 1432/2038/5 1437/2033/5
f 1435/2308/1 1424/2346/1 1423/2347/1
f 1430/2035/4 1431/2348/4 1426/2349/4
f 1433/2350/4 1449/2351/4 1448/2352/4
f 1443/2353/1 1429/2316/1 1440/2318/1
f 1441/2354/5 1443/2320/5 1438/2355/5
f 1426/2342/1 1435/2308/1 1429/2316/1
f 1448/2356/1 1440/2318/1 1445/2323/1
f 1449/2357/1 1443/2353/1 1448/2356/1
f 1428/2358/6 1426/2359/6 1443/2360/6
f 1444/2361/1 1433/2362/1 1442/2363/1
f 1434/2329/1 1446/2364/1 1447/2365/1
f 1441/2366/1 1430/2367/1 1428/2368/1
f 1434/2369/6 1424/1767/6 1432/2370/6
f 1425/2371/1 1445/2323/1 1422/2339/1
f 1479/2372/6 1451/2373/6 1478/2374/6
f 1480/2375/2 1453/2376/2 1479/2377/2
f 1481/2378/3 1457/2379/3 1480/2380/3
f 1492/2381/6 1450/2382/6 1491/2383/6
f 1455/2384/5 1453/2385/5 1457/2386/5
f 1460/2387/147 1451/2388/147 1455/2384/147
f 1481/2378/3 1460/2389/3 1455/2390/3
f 1484/2391/1 1464/2392/1 1485/2393/1
f 1493/2394/6 1458/2395/6 1492/2381/6
f 1464/2396/5 1459/2397/5 1460/2387/5
f 1485/2398/3 1460/2389/3 1483/2399/3
f 1512/2400/1 1469/2401/1 1513/2402/1
f 1466/2403/5 1512/2404/5 1510/2405/5
f 1471/2406/2 1514/2407/2 1515/2408/2
f 1469/2409/3 1466/2410/3 1467/2411/3
f 1516/2406/1 1473/2412/1 1517/2413/1
f 1470/2414/5 1516/2415/5 1514/2416/5
f 1475/2417/2 1518/2418/2 1519/2419/2
f 1471/2420/3 1472/2421/3 1470/2422/3
f 1520/2423/1 1477/2424/1 1521/2425/1
f 1474/2426/5 1520/2427/5 1518/2415/5
f 1475/2428/3 1476/2429/3 1474/2430/3
f 1490/2431/4 1483/2432/4 1489/2433/4
f 1463/2434/6 1482/2435/6 1459/2436/6
f 1493/2437/4 1485/2438/4 1490/2431/4
f 1489/2433/148 1481/2439/148 1488/2440/148
f 1459/2436/6 1478/2374/6 1451/2373/6
f 1488/2440/4 1480/2441/4 1487/2442/4
f 1486/2443/5 1480/2443/5 1479/2443/5
f 1486/2444/4 1478/2445/4 1491/2446/4
f 1452/2447/6 1491/2383/6 1450/2382/6
f 1456/2448/2 1486/2449/2 1452/2450/2
f 1454/2451/3 1487/2452/3 1456/2453/3
f 1454/2451/3 1489/2454/3 1488/2455/3
f 1462/2456/1 1490/2457/1 1465/2458/1
f 1465/2459/3 1489/2454/3 1461/2460/3
f 1482/2461/4 1493/2437/4 1492/2462/4
f 1482/2461/148 1491/2446/148 1478/2445/148
f 1495/2463/3 1523/2464/3 1522/2465/3
f 1497/2375/2 1524/2466/2 1523/2467/2
f 1501/2468/6 1525/2469/6 1524/2470/6
f 1494/2471/3 1536/2472/3 1535/2451/3
f 1497/1496/5 1499/2473/5 1501/2474/5
f 1495/2475/147 1504/2476/147 1499/2473/147
f 1525/2469/6 1504/2477/6 1527/2478/6
f 1508/2467/1 1528/2392/1 1529/2479/1
f 1502/2480/3 1537/2481/3 1536/2472/3
f 1503/2482/5 1508/2483/5 1504/2476/5
f 1504/2477/6 1529/2484/6 1527/2478/6
f 1510/2485/6 1513/2409/6 1511/2486/6
f 1515/2487/6 1516/2488/6 1517/2489/6
f 1519/2490/6 1520/2491/6 1521/2492/6
f 1527/2493/4 1534/2494/4 1533/2495/4
f 1526/2496/3 1507/2497/3 1503/2498/3
f 1529/2499/4 1537/2500/4 1534/2494/4
f 1525/2501/148 1533/2495/148 1532/2502/148
f 1522/2465/3 1503/2498/3 1495/2463/3
f 1524/2503/4 1532/2502/4 1531/2504/4
f 1530/2505/5 1524/2503/5 1531/2504/5
f 1522/2506/4 1530/2505/4 1535/2507/4
f 1535/2451/3 1496/2508/3 1494/2471/3
f 1530/2509/2 1500/2510/2 1496/2511/2
f 1531/2512/6 1498/2383/6 1500/2513/6
f 1498/2383/6 1533/2514/6 1505/2515/6
f 1534/2516/1 1506/2517/1 1509/2518/1
f 1533/2514/6 1509/2519/6 1505/2515/6
f 1526/2520/4 1537/2500/4 1528/2521/4
f 1535/2507/148 1526/2520/148 1522/2506/148
f 1467/2401/2 1510/2522/2 1511/2402/2
f 1540/2523/149 1539/2524/149 1538/2525/149
f 1540/2526/2 1557/2527/2 1541/2528/2
f 1538/2529/1 1555/2530/1 1554/2531/1
f 1538/2532/4 1556/2533/4 1540/2534/4
f 1555/2535/150 1541/2536/150 1557/2537/150
f 1544/2538/4 1543/2539/4 1542/2540/4
f 1544/2541/2 1549/2542/2 1545/2543/2
f 1546/2544/5 1549/2545/5 1548/2546/5
f 1546/2547/151 1543/2548/151 1547/2549/151
f 1542/2550/3 1548/2551/3 1544/2552/3
f 1549/2553/152 1543/2554/152 1545/2555/152
f 1551/2556/153 1552/2557/153 1550/2558/153
f 1552/2559/2 1557/2527/2 1556/2560/2
f 1554/2561/3 1557/2562/3 1556/2563/3
f 1555/2530/1 1550/2564/1 1554/2531/1
f 1556/2533/4 1550/2565/4 1552/2566/4
f 1553/2567/154 1555/2535/154 1557/2537/154
f 1559/2568/4 1560/2569/4 1558/2570/4
f 1560/2571/2 1565/2572/2 1564/2573/2
f 1565/2574/5 1562/2575/5 1564/2576/5
f 1562/2577/155 1559/2578/155 1558/2579/155
f 1564/2580/6 1558/2555/6 1560/2581/6
f 1565/2582/156 1559/2583/156 1563/2584/156
f 1579/2585/3 1571/2586/3 2542/2587/3
f 1570/2588/5 1572/2589/5 1567/2590/5
f 1578/2591/4 1566/2592/4 1573/2593/4
f 1569/2594/6 1581/2595/6 1566/2596/6
f 2547/2597/1 1572/2598/1 1575/2599/1
f 2553/2600/1 1566/2601/1 1581/2602/1
f 1572/2589/5 1580/2603/5 1575/2604/5
f 1574/2605/4 1578/2591/4 1573/2593/4
f 1605/2606/157 1594/2607/157 1597/2608/157
f 1591/2609/1 1588/2610/1 1583/2611/1
f 1595/2612/2 1584/2613/2 1587/2614/2
f 1596/2615/158 1589/2616/158 1588/2610/158
f 1592/2617/159 1585/2618/159 1584/2613/159
f 1597/2619/3 1586/2620/3 1589/2621/3
f 1593/2622/6 1582/2623/6 1585/2624/6
f 1594/2625/160 1587/2614/160 1586/2626/160
f 1590/2627/161 1583/2611/161 1582/2628/161
f 1601/2629/162 1590/2630/162 1593/2631/162
f 1602/2632/163 1595/2633/163 1594/2607/163
f 1598/2634/164 1591/2635/164 1590/2630/164
f 1599/2636/165 1596/2637/165 1591/2635/165
f 1603/2638/166 1592/2639/166 1595/2633/166
f 1596/2637/167 1605/2606/167 1597/2608/167
f 1592/2639/168 1601/2629/168 1593/2631/168
f 1584/2640/4 1585/2641/4 1583/2642/4
f 1612/2643/4 1610/2644/4 1608/2645/4
f 1629/2646/5 1618/2647/5 1621/2648/5
f 1615/2649/1 1612/2650/1 1607/2651/1
f 1619/2652/2 1608/2653/2 1611/2654/2
f 1620/2655/8 1613/2656/8 1612/2650/8
f 1616/2657/9 1609/2658/9 1608/2659/9
f 1621/2660/3 1610/2661/3 1613/2662/3
f 1617/2663/6 1606/2664/6 1609/2658/6
f 1618/2665/10 1611/2626/10 1610/2661/10
f 1614/2666/7 1607/2651/7 1606/2667/7
f 1635/2668/1 1624/2669/1 1627/2670/1
f 1625/2671/5 1614/2672/5 1617/2673/5
f 1626/2674/5 1619/2675/5 1618/2647/5
f 1622/2676/5 1615/2677/5 1614/2672/5
f 1623/2678/5 1620/2679/5 1615/2677/5
f 1627/2680/5 1616/2681/5 1619/2675/5
f 1628/2682/5 1621/2648/5 1620/2679/5
f 1624/2683/5 1617/2673/5 1616/2681/5
f 1636/2684/9 1629/2685/9 1628/2686/9
f 1632/2687/8 1625/2688/8 1624/2669/8
f 1637/2689/6 1626/2690/6 1629/2685/6
f 1633/2691/3 1622/2692/3 1625/2693/3
f 1634/2694/7 1627/2670/7 1626/2695/7
f 1630/2696/10 1623/2697/10 1622/2692/10
f 1631/2698/2 1628/2699/2 1623/2700/2
f 1640/2701/5 1639/2702/5 1641/2703/5
f 1643/2704/4 1645/2705/4 1644/2706/4
f 1650/2707/169 1642/2708/169 1652/2709/169
f 1653/2710/2 1645/2711/2 1650/2712/2
f 1651/2713/1 1642/2714/1 1643/2715/1
f 1638/2716/1 1648/2717/1 1639/2718/1
f 1641/2719/2 1646/2720/2 1640/2721/2
f 1640/2722/3 1647/2723/3 1638/2724/3
f 1668/2725/1 1664/2726/1 1663/2727/1
f 1649/2728/2 1650/2712/2 1646/2720/2
f 1650/2729/170 1647/2730/170 1646/2731/170
f 1656/2732/5 1655/2733/5 1657/2734/5
f 1659/2735/4 1661/2736/4 1660/2737/4
f 1666/2738/169 1658/2739/169 1668/2740/169
f 1669/2741/2 1661/2742/2 1666/2743/2
f 1667/2744/1 1658/2745/1 1659/2746/1
f 1654/2747/1 1664/2726/1 1655/2748/1
f 1657/2721/2 1662/2749/2 1656/2750/2
f 1656/2751/3 1663/2752/3 1654/2753/3
f 1684/2754/1 1680/2755/1 1679/2756/1
f 1665/2720/2 1666/2743/2 1662/2749/2
f 1666/2757/170 1663/2758/170 1662/2759/170
f 1672/2760/5 1671/2761/5 1673/2762/5
f 1675/2763/4 1677/2764/4 1676/2765/4
f 1682/2766/169 1674/2767/169 1684/2768/169
f 1685/2769/2 1677/2770/2 1682/2771/2
f 1683/2772/1 1674/2773/1 1675/2774/1
f 1670/2775/1 1680/2755/1 1671/2776/1
f 1673/2777/2 1678/2778/2 1672/2779/2
f 1672/2780/3 1679/2781/3 1670/2782/3
f 1700/2783/1 1696/2784/1 1695/2785/1
f 1681/2786/2 1682/2771/2 1678/2778/2
f 1682/2787/170 1679/2788/170 1678/2789/170
f 1688/2790/5 1687/2762/5 1689/2761/5
f 1691/2791/4 1693/2792/4 1692/2793/4
f 1698/2794/169 1690/2795/169 1700/2796/169
f 1701/2797/2 1693/2798/2 1698/2799/2
f 1699/2800/1 1690/2801/1 1691/2802/1
f 1686/2803/1 1696/2784/1 1687/2804/1
f 1689/2805/2 1694/2806/2 1688/2807/2
f 1688/2808/3 1695/2809/3 1686/2810/3
f 1716/2811/1 1712/2812/1 1711/2813/1
f 1697/2814/2 1698/2799/2 1694/2806/2
f 1698/2815/170 1695/2816/170 1694/2817/170
f 1704/2818/5 1703/2819/5 1705/2820/5
f 1707/2821/4 1709/2822/4 1708/2823/4
f 1714/2824/169 1706/2825/169 1716/2826/169
f 1717/2827/2 1709/2828/2 1714/2829/2
f 1715/2830/1 1706/2831/1 1707/2832/1
f 1702/2833/1 1712/2812/1 1703/2834/1
f 1705/2835/2 1710/2836/2 1704/2837/2
f 1704/2838/3 1711/2839/3 1702/2840/3
f 1732/2841/1 1728/2842/1 1727/2843/1
f 1713/2844/2 1714/2829/2 1710/2836/2
f 1714/2845/170 1711/2846/170 1710/2847/170
f 1720/2848/5 1719/2849/5 1721/2850/5
f 1723/2851/4 1725/2852/4 1724/2853/4
f 1730/2854/169 1722/2855/169 1732/2856/169
f 1733/2857/2 1725/2858/2 1730/2859/2
f 1731/2860/1 1722/2861/1 1723/2862/1
f 1718/2863/1 1728/2842/1 1719/2864/1
f 1721/2865/2 1726/2866/2 1720/2867/2
f 1720/2868/3 1727/2869/3 1718/2870/3
f 1748/2871/1 1744/2872/1 1743/2873/1
f 1729/2874/2 1730/2859/2 1726/2866/2
f 1730/2875/171 1727/2876/171 1726/2877/171
f 1736/2878/5 1735/2879/5 1737/2880/5
f 1739/2881/4 1741/2882/4 1740/2883/4
f 1746/2884/169 1738/2885/169 1748/2886/169
f 1749/2887/2 1741/2888/2 1746/2889/2
f 1747/2890/1 1738/2891/1 1739/2892/1
f 1734/2893/1 1744/2872/1 1735/2894/1
f 1737/2731/2 1742/2895/2 1736/2896/2
f 1736/2897/3 1743/2898/3 1734/2899/3
f 1764/2900/3 1760/2901/3 1759/2902/3
f 1745/2903/2 1746/2889/2 1742/2895/2
f 1746/2904/170 1743/2905/170 1742/2906/170
f 1752/2907/5 1751/2908/5 1753/2909/5
f 1755/2910/4 1757/2826/4 1756/2911/4
f 1762/2912/172 1754/2913/172 1764/2914/172
f 1765/2915/6 1757/2916/6 1762/2917/6
f 1763/2918/3 1754/2919/3 1755/2920/3
f 1750/2921/3 1760/2901/3 1751/2922/3
f 1753/2923/6 1758/2924/6 1752/2925/6
f 1752/2926/2 1759/2927/2 1750/2928/2
f 1780/2929/3 1776/2930/3 1775/2931/3
f 1761/2932/6 1762/2917/6 1758/2924/6
f 1762/2933/173 1759/2934/173 1758/2935/173
f 1768/2936/5 1767/2937/5 1769/2938/5
f 1771/2939/4 1773/2940/4 1772/2941/4
f 1778/2942/172 1770/2943/172 1780/2944/172
f 1781/2945/6 1773/2946/6 1778/2947/6
f 1779/2948/3 1770/2949/3 1771/2825/3
f 1766/2950/3 1776/2930/3 1767/2951/3
f 1769/2952/6 1774/2953/6 1768/2954/6
f 1768/2955/2 1775/2956/2 1766/2957/2
f 1796/2958/3 1792/2959/3 1791/2960/3
f 1777/2961/6 1778/2947/6 1774/2953/6
f 1778/2962/173 1775/2963/173 1774/2964/173
f 1784/2965/5 1783/2966/5 1785/2967/5
f 1787/2968/4 1789/2969/4 1788/2970/4
f 1794/2971/172 1786/2972/172 1796/2973/172
f 1797/2974/6 1789/2975/6 1794/2976/6
f 1795/2977/3 1786/2978/3 1787/2780/3
f 1782/2979/3 1792/2959/3 1783/2980/3
f 1785/2981/6 1790/2982/6 1784/2983/6
f 1784/2984/2 1791/2985/2 1782/2986/2
f 1812/2987/3 1808/2988/3 1807/2989/3
f 1793/2990/6 1794/2976/6 1790/2982/6
f 1794/2991/173 1791/2992/173 1790/2993/173
f 1800/2994/5 1799/2995/5 1801/2996/5
f 1803/2997/4 1805/2998/4 1804/2999/4
f 1810/3000/172 1802/3001/172 1812/3002/172
f 1813/3003/6 1805/3004/6 1810/3005/6
f 1811/3006/3 1802/3007/3 1803/3008/3
f 1798/3009/3 1808/2988/3 1799/3010/3
f 1801/2838/6 1806/3011/6 1800/3012/6
f 1800/3013/2 1807/3014/2 1798/3015/2
f 1828/3016/3 1824/3017/3 1823/3018/3
f 1809/3019/6 1810/3005/6 1806/3011/6
f 1810/3020/173 1807/3021/173 1806/2833/173
f 1816/3022/5 1815/3023/5 1817/3024/5
f 1819/3025/4 1821/3026/4 1820/3027/4
f 1826/3028/172 1818/3029/172 1828/3030/172
f 1829/3031/6 1821/3032/6 1826/3033/6
f 1827/3034/3 1818/3035/3 1819/3036/3
f 1814/3037/3 1824/3017/3 1815/3038/3
f 1817/3039/6 1822/3040/6 1816/3041/6
f 1816/3042/2 1823/3043/2 1814/3044/2
f 1844/3045/3 1840/3046/3 1839/3047/3
f 1825/3048/6 1826/3033/6 1822/3040/6
f 1826/3049/173 1823/3050/173 1822/3051/173
f 1832/3052/5 1831/3053/5 1833/3054/5
f 1835/3055/4 1837/3056/4 1836/3057/4
f 1842/3058/172 1834/2966/172 1844/3059/172
f 1845/3060/6 1837/3061/6 1842/3062/6
f 1843/3063/3 1834/3064/3 1835/3065/3
f 1830/3066/3 1840/3046/3 1831/3067/3
f 1833/3068/6 1838/3069/6 1832/3070/6
f 1832/3071/2 1839/3072/2 1830/3073/2
f 1860/3074/3 1856/3075/3 1855/3076/3
f 1841/3077/6 1842/3062/6 1838/3069/6
f 1842/3078/173 1839/3079/173 1838/3080/173
f 1848/2972/5 1847/3081/5 1849/2848/5
f 1851/3082/4 1853/3083/4 1852/3084/4
f 1858/3085/172 1850/2944/172 1860/3086/172
f 1861/3087/6 1853/3088/6 1858/3089/6
f 1859/3090/3 1850/3091/3 1851/3092/3
f 1846/3093/3 1856/3075/3 1847/3094/3
f 1849/2808/6 1854/3095/6 1848/3096/6
f 1848/3097/2 1855/3098/2 1846/3099/2
f 2324/3100/2 2320/3101/2 2319/3102/2
f 1857/3103/6 1858/3089/6 1854/3095/6
f 1858/3104/173 1855/3105/173 1854/3106/173
f 1864/3107/5 1863/3108/5 1865/3109/5
f 1867/3110/4 1869/3111/4 1868/3112/4
f 1874/3113/172 1866/3114/172 1876/3115/172
f 1877/3116/6 1869/3117/6 1874/3118/6
f 1875/3119/3 1866/3120/3 1867/3121/3
f 1862/3122/3 1872/3123/3 1863/3124/3
f 1865/3125/6 1870/3126/6 1864/3127/6
f 1864/3128/2 1871/3129/2 1862/3130/2
f 1892/3131/3 1888/3132/3 1887/3133/3
f 1873/3134/6 1874/3118/6 1870/3126/6
f 1874/3135/173 1871/3136/173 1870/3137/173
f 1880/3138/5 1879/3139/5 1881/3140/5
f 1883/3141/4 1885/3142/4 1884/3143/4
f 1890/3144/172 1882/3145/172 1892/3146/172
f 1893/3147/6 1885/3148/6 1890/3149/6
f 1891/3150/3 1882/3151/3 1883/3152/3
f 1878/3153/3 1888/3132/3 1879/3154/3
f 1881/3155/6 1886/3156/6 1880/3157/6
f 1880/3158/2 1887/3159/2 1878/3160/2
f 1908/3161/3 1904/3162/3 1903/3163/3
f 1889/3164/6 1890/3149/6 1886/3156/6
f 1890/3165/173 1887/3166/173 1886/3167/173
f 1896/3168/5 1895/3169/5 1897/3170/5
f 1899/3112/4 1901/3171/4 1900/3172/4
f 1906/3173/172 1898/3174/172 1908/3175/172
f 1909/3176/6 1901/3177/6 1906/3178/6
f 1907/3179/3 1898/3180/3 1899/3181/3
f 1894/3182/3 1904/3162/3 1895/3183/3
f 1897/3184/6 1902/3185/6 1896/3186/6
f 1896/3187/2 1903/3188/2 1894/3098/2
f 1924/3189/3 1920/3190/3 1919/3191/3
f 1905/3192/6 1906/3178/6 1902/3185/6
f 1906/3193/173 1903/3194/173 1902/3195/173
f 1912/3196/5 1911/3197/5 1913/2701/5
f 1915/3198/4 1917/3199/4 1916/3200/4
f 1922/3201/172 1914/3030/172 1924/3202/172
f 1925/3203/6 1917/3204/6 1922/3205/6
f 1923/3206/3 1914/3207/3 1915/3208/3
f 1910/2752/3 1920/3190/3 1911/3209/3
f 1913/3210/6 1918/3211/6 1912/3212/6
f 1912/3213/2 1919/3214/2 1910/3215/2
f 1940/3216/3 1936/3217/3 1935/3218/3
f 1921/3219/6 1922/3205/6 1918/3211/6
f 1922/3220/173 1919/3221/173 1918/3222/173
f 1928/3170/5 1927/3223/5 1929/3224/5
f 1931/3225/4 1933/3226/4 1932/3227/4
f 1938/3228/172 1930/3023/172 1940/3229/172
f 1941/3230/6 1933/3231/6 1938/3232/6
f 1939/3233/3 1930/3234/3 1931/3235/3
f 1926/3236/3 1936/3217/3 1927/3237/3
f 1929/3238/6 1934/3239/6 1928/3240/6
f 1928/3241/2 1935/3242/2 1926/3243/2
f 1956/3244/3 1952/3245/3 1951/3246/3
f 1937/3247/6 1938/3232/6 1934/3239/6
f 1938/3248/173 1935/3249/173 1934/3250/173
f 1944/3251/5 1943/3252/5 1945/3253/5
f 1947/3254/4 1949/3255/4 1948/3256/4
f 1954/3257/172 1946/3258/172 1956/3259/172
f 1957/3260/6 1949/3261/6 1954/3262/6
f 1955/3263/3 1946/3264/3 1947/3265/3
f 1942/3266/3 1952/3245/3 1943/3267/3
f 1945/3268/6 1950/3269/6 1944/3270/6
f 1944/3271/2 1951/3272/2 1942/3273/2
f 1972/3274/3 1968/3275/3 1967/3276/3
f 1953/3277/6 1954/3262/6 1950/3269/6
f 1954/3278/173 1951/3279/173 1950/3280/173
f 1960/2909/5 1959/3281/5 1961/3282/5
f 1963/3283/4 1965/3284/4 1964/3285/4
f 1970/3286/172 1962/3287/172 1972/3014/172
f 1973/3288/6 1965/3289/6 1970/3290/6
f 1971/3291/3 1962/3292/3 1963/3293/3
f 1958/3294/3 1968/3275/3 1959/3295/3
f 1961/3296/6 1966/3297/6 1960/3298/6
f 1960/3299/2 1967/3300/2 1958/2984/2
f 1988/3301/1 1984/3302/1 1983/3303/1
f 1969/3304/6 1970/3290/6 1966/3297/6
f 1970/3305/173 1967/3306/173 1966/3307/173
f 1976/3308/5 1975/3309/5 1977/3310/5
f 1979/3311/4 1981/3312/4 1980/3313/4
f 1986/3314/169 1978/3315/169 1988/3316/169
f 1989/3317/2 1981/3318/2 1986/3319/2
f 1987/3320/1 1978/3321/1 1979/3322/1
f 1974/3323/1 1984/3302/1 1975/3324/1
f 1977/3325/2 1982/3326/2 1976/2893/2
f 1976/3327/3 1983/3328/3 1974/3329/3
f 2004/3330/1 2000/3331/1 1999/3332/1
f 1985/3333/2 1986/3319/2 1982/3326/2
f 1986/3334/171 1983/3335/171 1982/3336/171
f 1992/3337/5 1991/3338/5 1993/3052/5
f 1995/3339/4 1997/3340/4 1996/3341/4
f 2002/3342/169 1994/3343/169 2004/3344/169
f 2005/3345/2 1997/3346/2 2002/3347/2
f 2003/3348/1 1994/3349/1 1995/2855/1
f 1990/3350/1 2000/3331/1 1991/3351/1
f 1993/3352/2 1998/3353/2 1992/3354/2
f 1992/3355/3 1999/3356/3 1990/3357/3
f 2020/3358/1 2016/3359/1 2015/3360/1
f 2001/3361/2 2002/3347/2 1998/3353/2
f 2002/3362/171 1999/3363/171 1998/3364/171
f 2008/3365/5 2007/3366/5 2009/3367/5
f 2011/3368/4 2013/3369/4 2012/3370/4
f 2018/3371/169 2010/3243/169 2020/3372/169
f 2021/3373/2 2013/3374/2 2018/3375/2
f 2019/3376/1 2010/3377/1 2011/3378/1
f 2006/3379/1 2016/3359/1 2007/3380/1
f 2009/3381/2 2014/3382/2 2008/3383/2
f 2008/3384/3 2015/3385/3 2006/3386/3
f 2036/3387/1 2032/3388/1 2031/3389/1
f 2017/3390/2 2018/3375/2 2014/3382/2
f 2018/3391/171 2015/3392/171 2014/3393/171
f 2024/2734/5 2023/3394/5 2025/3395/5
f 2027/3396/4 2029/3397/4 2028/3398/4
f 2034/3399/169 2026/3400/169 2036/3401/169
f 2037/3402/2 2029/3403/2 2034/3404/2
f 2035/3405/1 2026/3406/1 2027/3407/1
f 2022/3408/1 2032/3388/1 2023/3409/1
f 2025/3410/2 2030/3411/2 2024/3412/2
f 2024/3413/3 2031/3414/3 2022/3415/3
f 2052/3416/1 2048/3417/1 2047/3418/1
f 2033/3419/2 2034/3404/2 2030/3411/2
f 2034/3420/171 2031/3421/171 2030/3422/171
f 2040/3423/5 2039/3195/5 2041/3194/5
f 2043/2941/4 2045/3424/4 2044/3425/4
f 2050/3426/169 2042/3427/169 2052/3428/169
f 2053/3429/2 2045/3430/2 2050/3431/2
f 2051/3432/1 2042/3433/1 2043/3434/1
f 2038/3435/1 2048/3417/1 2039/3436/1
f 2041/3437/2 2046/3438/2 2040/3439/2
f 2040/3440/3 2047/3441/3 2038/3442/3
f 2068/3443/1 2064/3444/1 2063/3445/1
f 2049/3446/2 2050/3431/2 2046/3438/2
f 2050/3447/171 2047/3448/171 2046/3449/171
f 2056/3450/5 2055/3451/5 2057/3452/5
f 2059/3453/4 2061/3454/4 2060/3455/4
f 2066/3456/169 2058/2832/169 2068/3457/169
f 2069/3458/2 2061/3459/2 2066/3460/2
f 2067/3461/1 2058/3462/1 2059/3463/1
f 2054/3464/1 2064/3444/1 2055/3465/1
f 2057/3466/2 2062/3467/2 2056/3468/2
f 2056/3210/3 2063/3469/3 2054/3470/3
f 2084/3471/1 2080/3472/1 2079/3473/1
f 2065/3474/2 2066/3460/2 2062/3467/2
f 2066/3475/171 2063/3476/171 2062/3477/171
f 2072/3478/5 2071/3367/5 2073/3366/5
f 2075/3479/4 2077/3480/4 2076/3481/4
f 2082/3482/169 2074/3483/169 2084/3484/169
f 2085/3485/2 2077/3486/2 2082/3487/2
f 2083/3488/1 2074/3489/1 2075/3490/1
f 2070/3491/1 2080/3472/1 2071/3492/1
f 2073/3493/2 2078/3494/2 2072/3495/2
f 2072/2921/3 2079/3496/3 2070/3497/3
f 2100/3498/2 2096/3499/2 2095/3500/2
f 2081/3501/2 2082/3487/2 2078/3494/2
f 2082/3502/171 2079/3503/171 2078/3504/171
f 2088/3505/5 2087/3506/5 2089/3507/5
f 2091/3508/4 2093/3509/4 2092/3384/4
f 2098/3457/174 2090/3510/174 2100/3456/174
f 2101/3511/1 2093/3512/1 2098/3513/1
f 2099/3514/2 2090/3515/2 2091/3516/2
f 2086/3517/2 2096/3499/2 2087/3518/2
f 2089/2867/1 2094/3519/1 2088/3520/1
f 2088/3521/6 2095/3522/6 2086/2723/6
f 2116/3523/2 2112/3524/2 2111/3525/2
f 2097/3526/1 2098/3513/1 2094/3519/1
f 2098/3527/175 2095/3528/175 2094/3529/175
f 2104/3530/5 2103/2996/5 2105/2995/5
f 2107/3531/4 2109/3532/4 2108/3533/4
f 2114/3534/174 2106/3535/174 2116/3536/174
f 2117/3537/1 2109/3538/1 2114/3539/1
f 2115/3540/2 2106/3541/2 2107/3542/2
f 2102/3543/2 2112/3524/2 2103/3544/2
f 2105/3545/1 2110/3546/1 2104/3547/1
f 2104/3548/6 2111/3549/6 2102/3550/6
f 2132/3551/2 2128/3552/2 2127/3553/2
f 2113/3554/1 2114/3539/1 2110/3546/1
f 2114/3555/175 2111/3556/175 2110/3557/175
f 2120/3558/5 2119/3559/5 2121/3560/5
f 2123/2886/4 2125/3561/4 2124/3562/4
f 2130/3563/174 2122/2746/174 2132/3564/174
f 2133/3565/1 2125/3566/1 2130/3567/1
f 2131/3568/2 2122/3569/2 2123/3570/2
f 2118/3571/2 2128/3552/2 2119/3572/2
f 2121/3544/1 2126/3573/1 2120/3574/1
f 2120/3575/6 2127/3576/6 2118/3577/6
f 2148/3578/2 2144/3579/2 2143/3580/2
f 2129/3524/1 2130/3567/1 2126/3573/1
f 2130/3581/175 2127/3582/175 2126/3583/175
f 2136/3584/5 2135/3585/5 2137/3586/5
f 2139/3587/4 2141/3588/4 2140/3589/4
f 2146/2856/174 2138/3590/174 2148/2854/174
f 2149/3591/1 2141/3592/1 2146/3593/1
f 2147/3594/2 2138/3595/2 2139/3596/2
f 2134/3597/2 2144/3579/2 2135/3598/2
f 2137/3599/1 2142/3600/1 2136/3601/1
f 2136/3602/6 2143/3603/6 2134/3549/6
f 2164/3604/2 2160/3605/2 2159/3606/2
f 2145/3607/1 2146/3593/1 2142/3600/1
f 2146/3608/175 2143/3609/175 2142/3610/175
f 2152/3611/5 2151/3612/5 2153/3530/5
f 2155/3613/4 2157/3614/4 2156/3615/4
f 2162/3616/174 2154/3564/174 2164/3617/174
f 2165/3618/1 2157/3619/1 2162/3620/1
f 2163/3621/2 2154/3622/2 2155/3623/2
f 2150/3624/2 2160/3605/2 2151/3625/2
f 2153/3626/1 2158/3627/1 2152/3628/1
f 2152/3442/6 2159/3629/6 2150/3630/6
f 2180/3631/2 2176/3632/2 2175/3633/2
f 2161/3634/1 2162/3620/1 2158/3627/1
f 2162/3635/175 2159/3636/175 2158/3637/175
f 2168/3638/5 2167/3560/5 2169/3559/5
f 2171/3639/4 2173/3640/4 2172/3641/4
f 2178/3642/174 2170/3643/174 2180/3644/174
f 2181/3645/1 2173/3646/1 2178/3647/1
f 2179/3648/2 2170/3649/2 2171/3650/2
f 2166/3651/2 2176/3632/2 2167/3599/2
f 2169/3652/1 2174/3653/1 2168/3654/1
f 2168/3655/6 2175/3656/6 2166/3657/6
f 2196/3658/2 2192/3659/2 2191/3660/2
f 2177/3661/1 2178/3647/1 2174/3653/1
f 2178/3662/175 2175/3663/175 2174/3664/175
f 2184/3665/5 2183/3666/5 2185/3196/5
f 2187/3667/4 2189/3668/4 2188/3669/4
f 2194/3670/174 2186/3671/174 2196/3672/174
f 2197/3673/1 2189/3674/1 2194/3675/1
f 2195/3676/2 2186/3677/2 2187/3678/2
f 2182/3679/2 2192/3659/2 2183/3626/2
f 2185/3339/1 2190/3680/1 2184/3681/1
f 2184/2753/6 2191/3682/6 2182/2751/6
f 2212/3683/6 2208/3684/6 2207/3685/6
f 2193/3686/1 2194/3675/1 2190/3680/1
f 2194/3687/175 2191/3422/175 2190/3688/175
f 2200/3395/5 2199/3586/5 2201/3585/5
f 2203/3689/4 2205/3690/4 2204/3000/4
f 2210/3691/176 2202/3692/176 2212/3693/176
f 2213/3694/3 2205/3695/3 2210/3696/3
f 2211/3697/6 2202/3698/6 2203/3699/6
f 2198/3700/6 2208/3684/6 2199/3701/6
f 2201/3702/3 2206/3703/3 2200/3704/3
f 2200/3705/1 2207/3706/1 2198/3707/1
f 2228/3708/6 2224/3709/6 2223/3710/6
f 2209/3711/3 2210/3696/3 2206/3703/3
f 2210/3712/177 2207/3713/177 2206/3714/177
f 2216/3715/5 2215/3716/5 2217/3022/5
f 2219/3256/4 2221/3717/4 2220/3718/4
f 2226/3719/176 2218/3434/176 2228/3720/176
f 2229/3721/3 2221/3722/3 2226/3723/3
f 2227/3724/6 2218/3725/6 2219/3726/6
f 2214/3727/6 2224/3709/6 2215/3728/6
f 2217/3729/3 2222/3730/3 2216/3731/3
f 2216/3732/1 2223/3733/1 2214/2705/1
f 2244/3734/6 2240/3735/6 2239/3736/6
f 2225/3737/3 2226/3723/3 2222/3730/3
f 2226/3738/177 2223/3739/177 2222/3740/177
f 2233/3741/5 2230/3742/5 2231/3743/5
f 2236/3744/4 2234/3469/4 2237/3745/4
f 2242/3693/176 2234/3746/176 2244/3747/176
f 2245/3748/3 2237/3749/3 2242/3750/3
f 2243/3751/6 2234/3752/6 2235/3753/6
f 2230/3548/6 2240/3735/6 2231/3754/6
f 2233/3755/3 2238/3756/3 2232/3757/3
f 2232/3758/1 2239/3759/1 2230/3760/1
f 2260/3761/6 2256/3762/6 2255/3763/6
f 2241/3764/3 2242/3750/3 2238/3756/3
f 2242/3765/177 2239/3766/177 2238/3767/177
f 2248/3768/5 2247/3769/5 2249/3450/5
f 2251/3770/4 2253/3771/4 2252/3772/4
f 2258/3773/176 2250/3774/176 2260/3775/176
f 2261/3776/3 2253/3777/3 2258/3778/3
f 2259/3779/6 2250/3780/6 2251/3781/6
f 2246/3174/6 2256/3762/6 2247/3782/6
f 2249/3783/3 2254/3784/3 2248/3785/3
f 2248/3786/1 2255/3787/1 2246/3788/1
f 2276/3789/6 2272/3790/6 2271/3791/6
f 2257/3792/3 2258/3778/3 2254/3784/3
f 2258/3793/177 2255/3794/177 2254/3795/177
f 2265/3478/5 2262/3796/5 2263/3797/5
f 2268/3798/4 2266/3799/4 2269/3800/4
f 2274/3801/176 2266/3802/176 2276/3803/176
f 2277/3804/3 2269/3805/3 2274/3806/3
f 2275/3807/6 2266/3808/6 2267/3809/6
f 2262/3258/6 2272/3790/6 2263/3810/6
f 2265/3811/3 2270/3812/3 2264/3813/3
f 2264/2705/1 2271/3814/1 2262/3815/1
f 2292/3816/6 2288/3817/6 2287/3818/6
f 2273/3819/3 2274/3806/3 2270/3812/3
f 2274/3820/177 2271/3821/177 2270/3822/177
f 2280/3823/5 2279/3796/5 2281/3824/5
f 2283/3753/4 2285/3825/4 2284/3826/4
f 2290/3827/176 2282/3803/176 2292/3802/176
f 2293/3828/3 2285/3829/3 2290/3830/3
f 2291/3831/6 2282/3832/6 2283/3833/6
f 2278/3834/6 2288/3817/6 2279/3835/6
f 2281/3836/3 2286/3837/3 2280/3838/3
f 2280/3839/1 2287/3840/1 2278/3255/1
f 2308/3841/6 2304/3842/6 2303/3843/6
f 2289/3844/3 2290/3830/3 2286/3837/3
f 2290/3845/177 2287/3846/177 2286/3847/177
f 2296/3848/5 2295/3849/5 2297/3850/5
f 2299/3851/4 2301/3852/4 2300/3853/4
f 2306/3854/176 2298/3491/176 2308/3855/176
f 2309/3856/3 2301/3857/3 2306/3858/3
f 2307/3859/6 2298/3860/6 2299/3861/6
f 2294/3862/6 2304/3842/6 2295/3863/6
f 2297/2868/3 2302/3864/3 2296/3865/3
f 2296/3866/1 2303/3867/1 2294/3142/1
f 2305/3868/3 2306/3858/3 2302/3864/3
f 2306/3869/177 2303/3870/177 2302/3871/177
f 2312/3872/5 2311/2938/5 2313/2937/5
f 2315/3229/4 2317/3873/4 2316/3228/4
f 2322/3874/174 2314/3875/174 2324/3876/174
f 2325/3877/1 2317/3878/1 2322/3879/1
f 2323/3880/2 2314/3881/2 2315/3882/2
f 2310/2877/2 2320/3101/2 2311/3883/2
f 2313/3884/1 2318/3885/1 2312/3886/1
f 2312/3887/6 2319/3888/6 2310/3889/6
f 2340/3890/2 2336/3891/2 2335/3892/2
f 2321/3893/1 2322/3879/1 2318/3885/1
f 2322/3894/175 2319/3895/175 2318/3896/175
f 2328/3897/5 2327/3898/5 2329/3638/5
f 2331/3899/4 2333/3900/4 2332/3901/4
f 2338/3009/174 2330/3902/174 2340/3903/174
f 2341/3904/1 2333/3905/1 2338/3906/1
f 2339/3907/2 2330/3908/2 2331/3909/2
f 2326/3910/2 2336/3891/2 2327/3911/2
f 2329/3912/1 2334/3913/1 2328/3914/1
f 2328/3329/6 2335/3915/6 2326/3327/6
f 2356/3916/2 2352/3917/2 2351/3918/2
f 2337/3919/1 2338/3906/1 2334/3913/1
f 2338/3336/175 2335/3920/175 2334/3921/175
f 2344/2703/5 2343/3922/5 2345/2732/5
f 2347/3923/4 2349/3815/4 2348/3924/4
f 2354/3925/174 2346/3926/174 2356/3927/174
f 2357/3928/1 2349/3929/1 2354/3930/1
f 2355/3931/2 2346/3932/2 2347/3933/2
f 2342/3934/2 2352/3917/2 2343/3935/2
f 2345/3628/1 2350/3936/1 2344/3626/1
f 2344/3937/6 2351/3938/6 2342/3939/6
f 2372/3940/2 2368/3941/2 2367/3942/2
f 2353/3943/1 2354/3930/1 2350/3936/1
f 2354/3944/175 2351/2906/175 2350/3945/175
f 2360/3946/5 2359/3310/5 2361/3309/5
f 2363/3947/4 2365/3948/4 2364/3949/4
f 2370/3950/174 2362/3927/174 2372/3951/174
f 2373/3952/1 2365/3953/1 2370/3954/1
f 2371/3955/2 2362/3956/2 2363/3957/2
f 2358/3477/2 2368/3941/2 2359/3958/2
f 2361/3572/1 2366/3959/1 2360/3960/1
f 2360/3961/6 2367/3962/6 2358/3963/6
f 2388/3964/2 2384/3965/2 2383/3966/2
f 2369/3967/1 2370/3954/1 2366/3959/1
f 2370/3968/175 2367/3969/175 2366/3970/175
f 2376/3282/5 2375/3054/5 2377/3053/5
f 2379/3971/4 2381/3972/4 2380/3973/4
f 2386/3974/174 2378/3975/174 2388/3976/174
f 2389/3977/1 2381/3978/1 2386/3979/1
f 2387/3980/2 2378/3981/2 2379/3982/2
f 2374/3983/2 2384/3965/2 2375/3984/2
f 2377/3985/1 2382/3986/1 2376/3987/1
f 2376/3988/6 2383/3989/6 2374/2839/6
f 2404/3990/2 2400/3991/2 2399/3992/2
f 2385/3993/1 2386/3979/1 2382/3986/1
f 2386/3994/175 2383/3995/175 2382/3996/175
f 2392/3997/5 2391/3998/5 2393/3999/5
f 2395/4000/4 2397/4001/4 2396/4002/4
f 2402/4003/174 2394/4004/174 2404/4005/174
f 2405/4006/1 2397/4007/1 2402/4008/1
f 2403/4009/2 2394/4010/2 2395/4011/2
f 2390/4012/2 2400/3991/2 2391/4013/2
f 2393/3137/1 2398/4014/1 2392/4015/1
f 2392/4016/6 2399/4017/6 2390/3887/6
f 2420/4018/2 2416/4019/2 2415/4020/2
f 2401/4021/1 2402/4008/1 2398/4014/1
f 2402/4022/175 2399/4023/175 2398/4024/175
f 2408/4025/5 2407/4026/5 2409/4027/5
f 2411/4028/4 2413/4029/4 2412/4030/4
f 2418/4031/174 2410/4032/174 2420/4033/174
f 2421/4034/1 2413/4035/1 2418/4036/1
f 2419/4037/2 2410/4038/2 2411/4039/2
f 2406/2985/2 2416/4019/2 2407/2716/2
f 2409/3935/1 2414/4040/1 2408/4041/1
f 2408/4042/6 2415/3657/6 2406/3656/6
f 2436/4043/6 2432/4044/6 2431/4045/6
f 2417/4046/1 2418/4036/1 2414/4040/1
f 2418/4047/175 2415/4048/175 2414/4049/175
f 2424/3507/5 2423/4050/5 2425/3168/5
f 2427/4051/4 2429/3425/4 2428/3424/4
f 2434/4052/176 2426/3463/176 2436/4053/176
f 2437/4054/3 2429/4055/3 2434/4056/3
f 2435/4057/6 2426/4058/6 2427/3758/6
f 2422/4059/6 2432/4044/6 2423/4060/6
f 2425/4061/3 2430/4062/3 2424/3121/3
f 2424/3285/1 2431/4063/1 2422/3283/1
f 2452/4064/6 2448/4065/6 2447/4066/6
f 2433/4067/3 2434/4056/3 2430/4062/3
f 2434/4068/177 2431/4069/177 2430/4070/177
f 2440/4071/5 2439/4072/5 2441/4073/5
f 2443/4074/4 2445/4075/4 2444/2869/4
f 2450/4076/176 2442/3903/176 2452/3453/176
f 2453/4077/3 2445/4078/3 2450/4079/3
f 2451/4080/6 2442/4081/6 2443/3298/6
f 2438/4082/6 2448/4065/6 2439/4083/6
f 2441/4084/3 2446/4085/3 2440/4086/3
f 2440/4087/1 2447/4088/1 2438/4089/1
f 2468/4090/6 2464/4091/6 2463/4092/6
f 2449/4093/3 2450/4079/3 2446/4085/3
f 2450/4094/177 2447/4095/177 2446/4096/177
f 2457/4097/5 2454/3665/5 2455/4098/5
f 2460/4099/4 2458/4100/4 2461/4101/4
f 2466/3747/176 2458/4102/176 2468/4103/176
f 2469/4104/3 2461/4105/3 2466/4106/3
f 2467/4107/6 2458/4108/6 2459/4109/6
f 2454/4110/6 2464/4091/6 2455/4111/6
f 2457/4112/3 2462/4113/3 2456/4114/3
f 2456/3760/1 2463/4115/1 2454/4116/1
f 2484/4117/6 2480/4118/6 2479/4119/6
f 2465/4120/3 2466/4106/3 2462/4113/3
f 2466/4121/177 2463/4122/177 2462/4123/177
f 2472/3109/5 2471/3850/5 2473/3849/5
f 2475/4124/4 2477/3759/4 2476/4125/4
f 2482/4126/176 2474/3720/176 2484/4127/176
f 2485/4128/3 2477/4129/3 2482/4130/3
f 2483/4131/6 2474/4132/6 2475/4133/6
f 2470/3835/6 2480/4118/6 2471/4134/6
f 2473/4135/3 2478/4136/3 2472/4137/3
f 2472/4138/1 2479/4139/1 2470/2821/1
f 2500/4140/6 2496/4141/6 2495/4142/6
f 2481/4143/3 2482/4130/3 2478/4136/3
f 2482/2817/177 2479/4144/177 2478/4145/177
f 2489/3505/5 2486/4071/5 2487/4146/5
f 2492/4147/4 2490/4148/4 2493/4149/4
f 2498/4150/176 2490/4053/176 2500/4151/176
f 2501/4152/3 2493/4153/3 2498/4154/3
f 2499/4155/6 2490/4156/6 2491/4157/6
f 2486/4158/6 2496/4141/6 2487/4159/6
f 2489/4160/3 2494/4161/3 2488/4162/3
f 2488/4163/1 2495/4164/1 2486/4165/1
f 2516/4166/6 2512/4167/6 2511/4168/6
f 2497/4169/3 2498/4154/3 2494/4161/3
f 2498/4170/177 2495/4171/177 2494/4172/177
f 2504/3140/5 2503/4073/5 2505/4072/5
f 2507/3344/4 2509/4173/4 2508/3342/4
f 2514/4174/176 2506/2952/176 2516/4175/176
f 2517/4176/3 2509/4177/3 2514/4178/3
f 2515/4179/6 2506/4180/6 2507/4181/6
f 2502/4182/6 2512/4167/6 2503/4183/6
f 2505/4184/3 2510/4185/3 2504/4186/3
f 2504/3255/1 2511/3727/1 2502/4187/1
f 2532/4188/6 2528/4189/6 2527/4190/6
f 2513/4191/3 2514/4178/3 2510/4185/3
f 2514/4192/177 2511/4193/177 2510/4194/177
f 2520/4195/5 2519/4196/5 2521/4197/5
f 2523/4198/4 2525/4199/4 2524/4200/4
f 2530/2941/176 2522/3235/176 2532/2939/176
f 2533/4201/3 2525/4202/3 2530/4203/3
f 2531/4204/6 2522/4205/6 2523/4206/6
f 2518/4207/6 2528/4189/6 2519/4208/6
f 2521/4209/3 2526/4210/3 2520/4211/3
f 2520/2821/1 2527/3700/1 2518/3226/1
f 1876/4212/3 1872/3123/3 1871/4213/3
f 2529/4214/3 2530/4203/3 2526/4210/3
f 2530/4215/177 2527/4216/177 2526/4217/177
f 1652/4218/1 1648/2717/1 1647/4219/1
f 2536/4220/2 2535/4221/2 2534/4222/2
f 2538/4223/1 2541/4224/1 2540/4225/1
f 2534/4226/6 2539/4227/6 2538/4228/6
f 2534/12/4 2540/77/4 2536/4229/4
f 2539/291/5 2537/4230/5 2541/219/5
f 2543/4231/1 1567/4232/1 1572/2598/1
f 1576/4233/6 1567/4234/6 1581/2595/6
f 2558/4235/1 1573/4236/1 1568/4237/1
f 2542/2587/3 1575/4238/3 1580/4239/3
f 2569/4240/3 2552/4241/3 2553/4242/3
f 2545/4243/1 1568/4237/1 1581/2602/1
f 1567/4232/1 2545/4243/1 1581/2602/1
f 2546/4244/1 1572/2598/1 1568/4237/1
f 2562/4245/6 2543/4246/6 2546/4247/6
f 2548/4248/1 1575/2599/1 1571/4249/1
f 1568/4237/1 2548/4248/1 1571/4249/1
f 1572/2598/1 2550/4250/1 1568/4237/1
f 2571/4251/5 2556/4252/5 2555/4253/5
f 2554/4254/1 1581/2602/1 1568/4237/1
f 2551/4255/1 1568/4237/1 1573/4236/1
f 2552/4256/1 1573/4236/1 1566/2601/1
f 2563/4257/4 2549/4258/4 2547/4259/4
f 2555/4260/1 1574/4261/1 1573/4236/1
f 2557/4262/1 1568/4237/1 1571/4249/1
f 2556/4263/1 1571/4249/1 1574/4261/1
f 2589/4264/1 2574/4265/1 2573/4266/1
f 2575/4267/1 2560/4268/1 2559/4269/1
f 2582/4270/1 2564/4271/1 2566/4272/1
f 2590/4273/1 2571/4274/1 2574/4265/1
f 2565/4275/3 2550/4276/3 2549/4277/3
f 2572/4278/6 2557/4279/6 2556/4280/6
f 2561/4281/5 2546/4282/5 2545/4283/5
f 2567/4284/6 2554/4285/6 2551/4286/6
f 2566/4287/5 2548/4253/5 2550/4252/5
f 2574/4288/3 2555/4289/3 2558/4290/3
f 2570/4291/4 2553/4292/4 2554/4293/4
f 2573/4294/4 2558/4295/4 2557/4296/4
f 2559/4297/4 2544/4298/4 2543/4257/4
f 2564/4299/6 2547/4300/6 2548/4301/6
f 2560/4302/3 2545/4303/3 2544/4304/3
f 2568/4305/5 2551/4283/5 2552/4282/5
f 2597/4306/3 2582/4307/3 2581/4308/3
f 2604/4309/6 2589/4310/6 2588/4311/6
f 2595/4312/4 2581/4313/4 2579/4314/4
f 2603/4315/5 2588/4316/5 2587/4317/5
f 2584/4318/1 2567/4319/1 2568/4320/1
f 2576/4321/1 2561/4322/1 2560/4268/1
f 2585/4323/1 2568/4320/1 2569/4324/1
f 2562/4325/1 2575/4267/1 2559/4269/1
f 2567/4319/1 2586/4326/1 2570/4327/1
f 2561/4322/1 2578/4328/1 2562/4325/1
f 2586/4326/1 2569/4324/1 2570/4327/1
f 2580/4329/1 2563/4330/1 2564/4271/1
f 2587/4331/1 2572/4332/1 2571/4274/1
f 2563/4330/1 2581/4333/1 2565/4334/1
f 2588/4335/1 2573/4266/1 2572/4332/1
f 2581/4333/1 2566/4272/1 2565/4334/1
f 2594/4336/1 2592/4337/1 2591/4338/1
f 2597/4339/1 2596/4340/1 2598/4341/1
f 2599/4342/1 2601/4343/1 2602/4344/1
f 2603/4337/1 2605/4345/1 2604/4338/1
f 2606/4346/3 2587/4347/3 2590/4348/3
f 2598/4349/5 2580/4350/5 2582/4315/5
f 2591/4314/4 2576/4351/4 2575/4352/4
f 2605/4353/4 2590/4354/4 2589/4355/4
f 2600/4356/5 2583/4317/5 2584/4357/5
f 2592/4358/3 2577/4359/3 2576/4360/3
f 2601/4359/3 2584/4361/3 2585/4362/3
f 2594/4363/6 2575/4364/6 2578/4309/6
f 2599/4365/6 2586/4309/6 2583/4366/6
f 2593/4367/5 2578/4368/5 2577/4369/5
f 2602/4370/4 2585/4369/4 2586/4368/4
f 2596/4371/6 2579/4372/6 2580/4373/6
f 2621/4374/1 1029/1714/1 1028/1726/1
f 2620/4375/1 1028/1726/1 1018/1720/1
f 2619/4376/2 1019/4377/2 1016/1703/2
f 2611/4378/1 1018/1720/1 1017/4379/1
f 2617/4380/8 1014/4381/8 1015/1708/8
f 2616/4382/10 1016/4383/10 1013/1711/10
f 2622/4384/1 1015/1708/1 1029/1714/1
f 2618/4385/3 1013/1711/3 1014/1716/3
f 999/1672/1 2614/4386/1 998/1687/1
f 998/1687/1 2612/4387/1 991/1682/1
f 1019/4377/2 2610/4388/2 990/1660/2
f 991/1682/1 2611/4378/1 1017/4379/1
f 988/4389/7 2608/4390/7 989/1666/7
f 990/4391/9 2607/4392/9 987/1669/9
f 989/1666/1 2615/4393/1 999/1672/1
f 987/1669/6 2609/4394/6 988/1673/6
f 2636/4395/3 2628/4396/3 2639/4397/3
f 2627/4398/5 2629/4399/5 2624/4344/5
f 2635/4400/4 2623/4401/4 2630/4402/4
f 2626/4403/6 2638/4404/6 2623/4405/6
f 2644/4406/1 2629/4407/1 2632/4408/1
f 2638/4249/1 2649/4409/1 2623/4261/1
f 2629/4399/5 2637/4410/5 2632/4411/5
f 2631/4412/4 2635/4400/4 2630/4402/4
f 2640/4413/1 2624/2599/1 2629/4407/1
f 2633/4414/6 2624/2585/6 2638/4404/6
f 2625/4415/1 2652/4416/1 2630/4417/1
f 2639/4397/3 2632/4418/3 2637/4419/3
f 2666/4420/3 2649/4421/3 2650/4422/3
f 2638/4249/1 2643/4423/1 2625/4415/1
f 2624/2599/1 2642/4424/1 2638/4249/1
f 2643/4423/1 2629/4407/1 2625/4415/1
f 2659/4425/6 2640/4426/6 2643/4427/6
f 2645/4428/1 2632/4408/1 2628/4429/1
f 2625/4415/1 2645/4428/1 2628/4429/1
f 2629/4407/1 2647/4430/1 2625/4415/1
f 2668/4431/5 2653/4432/5 2652/4305/5
f 2651/4433/1 2638/4249/1 2625/4415/1
f 2648/4434/1 2625/4415/1 2630/4417/1
f 2649/4409/1 2630/4417/1 2623/4261/1
f 2660/4435/4 2646/4436/4 2644/4437/4
f 2652/4416/1 2631/4438/1 2630/4417/1
f 2654/4439/1 2625/4415/1 2628/4429/1
f 2653/4440/1 2628/4429/1 2631/4438/1
f 2686/4441/1 2671/4442/1 2670/4443/1
f 2672/4444/1 2657/4445/1 2656/4446/1
f 2679/4447/1 2661/4448/1 2663/4449/1
f 2687/4450/1 2668/2605/1 2671/4442/1
f 2662/4451/3 2647/4452/3 2646/4453/3
f 2669/4454/6 2654/4455/6 2653/4456/6
f 2658/4457/5 2643/4458/5 2642/4297/5
f 2664/4459/6 2651/4460/6 2648/4284/6
f 2663/4461/5 2645/4462/5 2647/4463/5
f 2671/4464/3 2652/4280/3 2655/4465/3
f 2667/4466/4 2650/4293/4 2651/4292/4
f 2670/4467/4 2655/4259/4 2654/4468/4
f 2656/4469/4 2641/4437/4 2640/4436/4
f 2661/4470/6 2644/4471/6 2645/4472/6
f 2657/4473/3 2642/4242/3 2641/4474/3
f 2665/4475/5 2648/4463/5 2649/4462/5
f 2694/4476/3 2679/4477/3 2678/4359/3
f 2701/4478/6 2686/4477/6 2685/4346/6
f 2692/4479/4 2678/4315/4 2676/4356/4
f 2700/4480/5 2685/4481/5 2684/4482/5
f 2681/4483/1 2664/4484/1 2665/4485/1
f 2673/4486/1 2658/4487/1 2657/4445/1
f 2682/4488/1 2665/4485/1 2666/4487/1
f 2659/4489/1 2672/4444/1 2656/4446/1
f 2664/4484/1 2683/4490/1 2667/4489/1
f 2658/4487/1 2675/4491/1 2659/4489/1
f 2683/4490/1 2666/4487/1 2667/4489/1
f 2661/4448/1 2676/4492/1 2660/4493/1
f 2684/4494/1 2669/4495/1 2668/2605/1
f 2660/4493/1 2678/4496/1 2662/4497/1
f 2669/4495/1 2686/4441/1 2670/4443/1
f 2678/4496/1 2663/4449/1 2662/4497/1
f 2691/4498/1 2689/4499/1 2688/4500/1
f 2694/4501/1 2693/4502/1 2695/4503/1
f 2696/4504/1 2698/4505/1 2699/4506/1
f 2703/4507/1 2701/4508/1 2700/4509/1
f 2703/4510/3 2684/4346/3 2687/4364/3
f 2695/4350/5 2677/4511/5 2679/4316/5
f 2688/4355/4 2673/4352/4 2672/4351/4
f 2702/4482/4 2687/4512/4 2686/4312/4
f 2697/4513/5 2680/4514/5 2681/4367/5
f 2689/4515/3 2674/4516/3 2673/4517/3
f 2698/4348/3 2681/4364/3 2682/4346/3
f 2691/4366/6 2672/4311/6 2675/4518/6
f 2696/4362/6 2683/4360/6 2680/4359/6
f 2690/4519/5 2675/4360/5 2674/4350/5
f 2699/4520/4 2682/4521/4 2683/4513/4
f 2693/4522/6 2676/4373/6 2677/4523/6
f 2718/1724/1 2622/4384/1 2621/4374/1
f 2717/1700/1 2621/4374/1 2620/4375/1
f 2716/1702/2 2613/4524/2 2619/4376/2
f 2723/4525/5 2611/4526/5 2612/4527/5
f 2707/1694/8 2618/4528/8 2617/4380/8
f 2706/1691/10 2619/4529/10 2616/4382/10
f 2622/4384/1 2707/1694/1 2617/4380/1
f 2715/1692/3 2616/4382/3 2618/4385/3
f 2615/4393/1 2713/1684/1 2614/4386/1
f 2614/4386/1 2711/1653/1 2612/4387/1
f 2613/4524/2 2709/1658/2 2610/4388/2
f 2722/4530/3 2612/4531/3 2711/4532/3
f 2609/4533/7 2705/1646/7 2608/4390/7
f 2610/4534/9 2704/1643/9 2607/4392/9
f 2608/4390/1 2714/1648/1 2615/4393/1
f 2607/4392/6 2708/1645/6 2609/4394/6
f 2720/1677/1 2725/4535/1 2721/4536/1
f 2723/4537/1 2720/1677/1 2721/4536/1
f 2721/4538/5 2620/4539/5 2611/4526/5
f 2720/4540/4 2711/4541/4 2710/4542/4
f 2725/4543/6 2717/4544/6 2620/4545/6
f 2724/4546/4 2710/4542/4 2717/4547/4
f 2728/4548/6 2727/4549/6 2726/4550/6
f 2744/4551/2 2729/4552/2 2728/4553/2
f 2726/4554/1 2743/4555/1 2742/4556/1
f 2728/4557/4 2742/4558/4 2744/4559/4
f 2745/4560/5 2727/4561/5 2729/4562/5
f 2732/4563/4 2731/4564/4 2730/4565/4
f 2732/2571/2 2737/4566/2 2733/4567/2
f 2734/4568/5 2737/4569/5 2736/4570/5
f 2734/4571/151 2731/4572/151 2735/4573/151
f 2730/2580/3 2736/4574/3 2732/2550/3
f 2737/4575/152 2731/4576/152 2733/4577/152
f 2739/4578/3 2740/4579/3 2738/4580/3
f 2741/4581/2 2744/4551/2 2740/4582/2
f 2745/4583/6 2742/4584/6 2744/4585/6
f 2743/4555/1 2738/4586/1 2742/4556/1
f 2744/4559/4 2738/4587/4 2740/4588/4
f 2745/4560/5 2739/4589/5 2743/4590/5
f 2747/4591/4 2748/4592/4 2746/4593/4
f 2748/4594/2 2753/4595/2 2752/4596/2
f 2753/4597/5 2750/4598/5 2752/4599/5
f 2750/4600/155 2747/4601/155 2746/4602/155
f 2752/4603/6 2746/2551/6 2748/4604/6
f 2753/4605/156 2747/4606/156 2751/4577/156
f 2759/4607/4 2757/4608/4 2755/4609/4
f 2759/4610/3 2760/4611/3 2761/4612/3
f 2761/4613/2 2756/4614/2 2757/4615/2
f 2756/235/5 2758/4616/5 2754/4617/5
f 2757/4618/6 2754/4619/6 2755/4620/6
f 2763/4621/5 2782/4622/5 2762/4623/5
f 2789/4624/4 2765/4625/4 2764/3899/4
f 2763/4626/2 2788/4627/2 2784/4628/2
f 2782/4629/1 2764/4630/1 2762/4631/1
f 2762/4632/6 2765/4633/6 2763/4634/6
f 2773/4635/5 2767/4636/5 2769/4637/5
f 2768/4638/4 2770/4639/4 2766/4640/4
f 2771/4641/1 2772/4642/1 2768/4643/1
f 2766/4644/6 2771/4645/6 2768/4646/6
f 2770/4647/2 2767/4648/2 2766/4649/2
f 2777/4650/5 2774/4651/5 2775/4652/5
f 2781/4653/4 2779/4654/4 2778/4655/4
f 2777/4656/6 2780/4657/6 2776/4658/6
f 2774/4659/3 2778/4660/3 2775/4661/3
f 2775/4662/1 2779/4663/1 2777/4664/1
f 2782/4622/5 2785/4665/5 2783/4666/5
f 2787/4667/4 2789/4624/4 2786/4668/4
f 2788/4627/2 2785/4669/2 2784/4628/2
f 2786/4670/1 2782/4629/1 2783/4671/1
f 2787/4632/3 2783/4672/3 2785/4673/3
f 2791/4674/5 2797/4635/5 2793/4637/5
f 2794/4639/4 2792/4675/4 2790/4676/4
f 2796/4677/1 2795/4678/1 2792/4679/1
f 2795/4680/3 2790/4654/3 2792/4681/3
f 2791/4682/2 2794/4683/2 2790/4684/2
f 2798/4685/5 2801/4686/5 2799/4687/5
f 2803/4688/4 2805/4689/4 2802/4690/4
f 2804/4691/3 2801/4692/3 2800/4693/3
f 2802/4694/6 2798/4695/6 2799/4696/6
f 2803/4662/1 2799/4697/1 2801/4698/1
f 2806/3571/2 2811/4699/2 2813/4700/2
f 2811/4701/4 2812/4702/4 2813/4703/4
f 2809/4704/1 2812/4705/1 2810/4706/1
f 2808/4707/5 2807/4708/5 2809/4709/5
f 2808/4710/6 2810/4711/6 2811/4712/6
f 2807/4713/3 2813/4658/3 2812/4714/3
f 2817/4715/4 2814/4716/4 2816/4717/4
f 2821/4718/5 2818/4719/5 2819/4720/5
f 2818/4721/3 2815/3596/3 2817/4722/3
f 2819/4723/1 2817/4724/1 2816/4725/1
f 2821/3152/6 2816/4726/6 2814/4727/6
f 2820/4728/2 2814/4729/2 2815/4730/2
f 2825/4731/4 2822/4717/4 2824/4716/4
f 2829/4732/5 2826/4733/5 2827/4734/5
f 2826/4735/3 2823/4736/3 2825/4737/3
f 2827/4680/1 2825/4738/1 2824/4739/1
f 2829/4740/6 2824/4741/6 2822/4742/6
f 2828/4743/2 2822/4744/2 2823/4745/2
f 2833/4701/4 2830/4746/4 2832/4716/4
f 2837/4747/5 2834/4748/5 2835/4718/5
f 2834/4749/3 2831/4750/3 2833/3199/3
f 2835/4751/1 2833/4752/1 2832/4753/1
f 2837/4754/6 2832/4755/6 2830/4756/6
f 2836/4757/2 2830/4758/2 2831/4759/2
f 2841/4760/4 2838/4761/4 2840/4762/4
f 2845/4763/5 2842/4764/5 2843/4765/5
f 2842/2835/3 2839/4766/3 2841/4767/3
f 2843/4768/1 2841/4712/1 2840/4711/1
f 2845/4769/6 2840/4770/6 2838/4771/6
f 2844/4772/2 2838/4773/2 2839/4774/2
f 2849/4716/4 2846/4775/4 2848/4731/4
f 2853/4776/5 2850/4718/5 2851/4777/5
f 2850/3934/3 2847/4778/3 2849/4779/3
f 2851/4691/1 2849/4780/1 2848/4781/1
f 2853/4782/6 2848/4783/6 2846/4784/6
f 2852/4785/2 2846/4786/2 2847/4787/2
f 2854/4788/2 2859/4789/2 2861/4790/2
f 2858/4701/4 2861/4791/4 2859/4792/4
f 2857/4793/1 2860/4794/1 2858/4795/1
f 2854/4796/5 2857/4797/5 2856/4798/5
f 2856/4799/6 2858/4800/6 2859/4801/6
f 2855/4802/3 2861/4803/3 2860/4804/3
f 2865/4805/4 2862/4763/4 2864/4806/4
f 2869/4807/5 2866/4707/5 2867/4709/5
f 2866/4808/1 2863/4809/1 2865/3948/1
f 2867/4810/6 2865/4811/6 2864/4812/6
f 2869/4813/2 2864/4814/2 2862/4815/2
f 2868/4816/3 2862/4817/3 2863/4818/3
f 2872/4719/4 2871/4775/4 2870/4746/4
f 2875/4819/5 2876/4776/5 2874/4820/5
f 2874/4821/1 2871/4822/1 2873/4823/1
f 2875/4824/6 2873/4825/6 2872/4826/6
f 2877/4827/2 2872/4828/2 2870/4829/2
f 2876/4830/3 2870/4831/3 2871/4832/3
f 2881/4833/4 2878/4718/4 2880/4720/4
f 2885/4834/5 2882/4708/5 2883/4835/5
f 2882/4812/1 2879/4836/1 2881/4837/1
f 2883/4838/6 2881/4839/6 2880/4840/6
f 2885/3624/2 2880/4841/2 2878/3026/2
f 2884/4842/3 2878/4843/3 2879/4844/3
f 2889/4703/4 2886/4719/4 2888/4845/4
f 2893/4846/5 2890/4847/5 2891/4834/5
f 2890/4848/1 2887/4849/1 2889/4850/1
f 2891/4851/6 2889/4852/6 2888/4853/6
f 2893/3543/2 2888/4854/2 2886/4855/2
f 2892/4030/3 2886/4856/3 2887/4857/3
f 2917/4858/5 2919/4859/5 2920/4860/5
f 2921/4861/1 2895/4862/1 2894/4863/1
f 2915/4864/2 2896/4865/2 2897/4866/2
f 2894/4867/4 2897/4868/4 2896/4869/4
f 2920/4870/6 2921/4871/6 2894/4872/6
f 2899/4873/178 2900/4874/178 2898/4875/178
f 2901/4876/179 2902/4877/179 2900/4878/179
f 2903/4879/180 2904/4880/180 2902/4877/180
f 2905/4881/181 2906/4882/181 2904/4883/181
f 2907/4884/182 2908/4885/182 2906/4882/182
f 2909/4886/183 2910/4887/183 2908/4888/183
f 2905/4889/3 2903/4890/3 2911/4891/3
f 2911/4892/184 2912/4893/184 2910/4887/184
f 2913/4894/185 2898/4875/185 2912/4895/185
f 2912/4896/6 2900/4897/6 2904/4898/6
f 2917/4858/186 2915/4899/186 2914/4900/186
f 2919/4859/187 2921/4867/187 2920/4860/187
f 2914/4901/3 2915/4902/3 2897/4903/3
f 2941/4904/188 2923/4905/188 2922/4906/188
f 2943/4907/3 2924/4908/3 2923/4909/3
f 2945/4910/189 2925/4911/189 2924/4912/189
f 2947/4913/190 2926/4914/190 2925/4911/190
f 2949/4915/6 2927/4916/6 2926/4917/6
f 2951/4918/191 2922/4906/191 2927/4919/191
f 2926/4914/192 2931/4920/192 2925/4911/192
f 2923/4909/3 2930/4921/3 2929/4922/3
f 2927/4916/6 2932/4923/6 2926/4917/6
f 2922/4906/193 2929/4924/193 2928/4925/193
f 2924/4912/194 2931/4920/194 2930/4926/194
f 2922/4906/195 2933/4927/195 2927/4919/195
f 2928/4928/196 2939/4929/196 2933/4930/196
f 2933/4931/6 2938/4932/6 2932/4923/6
f 2937/4933/197 2930/4934/197 2931/4935/197
f 2932/4936/198 2937/4933/198 2931/4935/198
f 2936/4932/3 2929/4922/3 2930/4921/3
f 2935/4937/199 2928/4928/199 2929/4938/199
f 2942/4939/188 2941/4904/188 2940/4940/188
f 2944/4941/3 2943/4907/3 2942/4942/3
f 2946/4943/189 2945/4910/189 2944/4944/189
f 2946/4943/190 2949/4945/190 2947/4913/190
f 2950/4946/6 2949/4915/6 2948/4947/6
f 2940/4940/191 2951/4918/191 2950/4948/191
f 2955/4949/200 2948/4950/200 2946/4943/200
f 2942/4942/3 2954/4951/3 2944/4941/3
f 2956/4952/6 2950/4946/6 2948/4947/6
f 2940/4940/201 2953/4953/201 2942/4939/201
f 2944/4944/202 2955/4949/202 2946/4943/202
f 2957/4954/203 2940/4940/203 2950/4948/203
f 2952/4955/204 2963/4956/204 2958/4957/204
f 2962/4958/6 2957/4959/6 2956/4952/6
f 2954/4960/205 2961/4961/205 2955/4962/205
f 2956/4963/206 2961/4961/206 2962/4964/206
f 2953/4965/3 2960/4958/3 2954/4951/3
f 2952/4955/207 2959/4966/207 2953/4967/207
f 2983/4968/188 2965/4969/188 2964/4970/188
f 2985/4971/3 2966/4972/3 2965/4973/3
f 2987/4974/189 2967/4975/189 2966/4976/189
f 2989/4977/190 2968/4978/190 2967/4975/190
f 2991/4979/6 2969/4980/6 2968/4981/6
f 2969/4982/191 2983/4968/191 2964/4970/191
f 2968/4978/192 2973/4983/192 2967/4975/192
f 2965/4973/3 2972/4984/3 2971/4985/3
f 2969/4980/6 2974/4986/6 2968/4981/6
f 2964/4970/193 2971/4987/193 2970/4988/193
f 2966/4976/194 2973/4983/194 2972/4989/194
f 2964/4970/195 2975/4990/195 2969/4982/195
f 2970/4991/196 2981/4992/196 2975/4938/196
f 2975/4993/6 2980/4994/6 2974/4986/6
f 2979/4995/197 2972/4996/197 2973/4997/197
f 2974/4934/198 2979/4995/198 2973/4997/198
f 2978/4998/3 2971/4985/3 2972/4984/3
f 2977/4999/199 2970/4991/199 2971/4930/199
f 2984/5000/188 2983/4968/188 2982/5001/188
f 2986/5002/3 2985/4971/3 2984/5003/3
f 2988/5004/189 2987/4974/189 2986/5005/189
f 2990/4944/190 2989/4977/190 2988/5004/190
f 2992/5006/6 2991/4979/6 2990/5007/6
f 2982/5001/191 2993/5008/191 2992/5009/191
f 2997/5010/200 2990/4944/200 2988/5004/200
f 2984/5003/3 2996/5011/3 2986/5002/3
f 2998/5012/6 2992/5006/6 2990/5007/6
f 2982/5001/201 2995/5013/201 2984/5000/201
f 2986/5005/202 2997/5010/202 2988/5004/202
f 2999/5014/203 2982/5001/203 2992/5009/203
f 2994/5015/204 3005/5016/204 3000/5017/204
f 3004/5018/6 2999/5019/6 2998/5012/6
f 2996/5020/205 3003/5021/205 2997/5022/205
f 2998/4960/206 3003/5021/206 3004/5023/206
f 2995/5024/3 3002/5025/3 2996/5011/3
f 2994/5015/207 3001/4967/207 2995/4992/207
f 3/1/1 4/305/1 2/2/1
f 5/4/2 6/5026/2 8/5/2
f 1/7/3 2/5027/3 6/8/3
f 1/10/4 5/130/4 7/11/4
f 6/13/5 2/5028/5 4/14/5
f 11/16/6 12/136/6 10/17/6
f 15/19/2 16/137/2 12/20/2
f 13/22/3 14/5029/3 16/23/3
f 9/25/1 10/98/1 14/26/1
f 9/28/4 13/140/4 15/29/4
f 14/15/5 10/5030/5 12/31/5
f 19/32/1 20/5031/1 18/33/1
f 23/35/2 21/5032/2 22/36/2
f 17/38/3 18/5033/3 22/39/3
f 17/41/4 21/5034/4 23/42/4
f 22/44/5 18/333/5 20/45/5
f 27/47/1 28/57/1 26/48/1
f 29/50/2 30/68/2 32/51/2
f 25/53/3 26/5035/3 30/54/3
f 25/56/4 29/48/4 31/57/4
f 30/59/5 26/250/5 28/60/5
f 35/62/1 36/5036/1 34/63/1
f 70/65/5 66/5037/5 68/66/5
f 37/68/2 38/5038/2 40/69/2
f 33/70/3 34/5039/3 38/71/3
f 33/73/4 37/5040/4 39/74/4
f 38/11/5 34/131/5 36/76/5
f 43/78/1 44/5041/1 42/79/1
f 65/81/4 69/5042/4 71/82/4
f 45/84/2 46/5043/2 48/85/2
f 41/67/3 42/4227/3 46/87/3
f 41/89/4 45/5044/4 47/90/4
f 46/92/5 42/5045/5 44/93/5
f 51/95/1 52/5046/1 50/96/1
f 65/98/3 66/5047/3 70/99/3
f 53/101/2 54/5048/2 56/102/2
f 49/104/3 50/201/3 54/105/3
f 49/107/4 53/5049/4 55/108/4
f 54/110/5 50/89/5 52/91/5
f 69/112/2 70/240/2 72/113/2
f 59/115/1 60/247/1 58/116/1
f 67/118/1 68/5050/1 66/119/1
f 61/121/2 62/5051/2 64/122/2
f 57/124/3 58/5052/3 62/125/3
f 57/127/4 61/5053/4 63/128/4
f 62/130/5 58/5054/5 60/131/5
f 75/132/3 76/5055/3 74/133/3
f 77/135/6 78/5056/6 80/136/6
f 73/137/2 74/5057/2 78/138/2
f 73/139/4 77/5058/4 79/140/4
f 78/141/5 74/5059/5 76/142/5
f 83/144/1 84/5060/1 82/145/1
f 87/147/6 88/5061/6 84/148/6
f 85/150/2 86/5062/2 88/151/2
f 81/153/3 82/5063/3 86/154/3
f 81/156/4 85/5064/4 87/157/4
f 86/159/5 82/5065/5 84/160/5
f 91/162/3 92/5066/3 90/163/3
f 93/165/6 94/5067/6 96/166/6
f 89/168/2 90/5068/2 94/169/2
f 91/171/4 89/5069/4 93/92/4
f 94/173/5 90/265/5 92/67/5
f 118/174/5 114/142/5 116/70/5
f 102/176/4 104/137/4 100/177/4
f 113/179/4 117/5070/4 119/180/4
f 102/182/3 101/5071/3 103/183/3
f 104/185/2 103/5072/2 99/186/2
f 99/188/5 103/5073/5 101/189/5
f 100/191/6 99/5074/6 97/192/6
f 107/194/3 108/5075/3 106/195/3
f 113/128/2 114/5076/2 118/197/2
f 109/199/6 110/5077/6 112/200/6
f 105/201/2 106/5078/2 110/202/2
f 105/203/4 109/281/4 111/204/4
f 110/206/5 106/5079/5 108/207/5
f 117/209/6 118/5080/6 120/210/6
f 115/212/3 116/5081/3 114/213/3
f 123/85/2 124/4/2 122/6/2
f 125/216/1 126/5082/1 128/217/1
f 121/219/6 122/5083/6 126/220/6
f 121/222/4 125/5084/4 127/223/4
f 126/225/5 122/5085/5 124/226/5
f 131/228/2 132/304/2 130/229/2
f 133/231/1 134/5086/1 136/232/1
f 129/234/6 130/5087/6 134/235/6
f 131/237/4 129/5088/4 133/225/4
f 134/154/5 130/5089/5 132/238/5
f 139/240/2 140/228/2 138/230/2
f 141/241/1 142/5090/1 144/242/1
f 137/244/6 138/5091/6 142/245/6
f 137/247/4 141/5092/4 143/248/4
f 142/249/5 138/5093/5 140/250/5
f 145/251/2 147/5094/2 148/252/2
f 176/254/5 174/5095/5 170/42/5
f 149/256/1 150/5096/1 152/257/1
f 145/259/6 146/5097/6 150/260/6
f 145/262/4 149/5098/4 151/263/4
f 150/264/5 146/5099/5 148/265/5
f 153/266/2 155/5100/2 156/267/2
f 169/269/4 173/207/4 175/270/4
f 157/272/1 158/5101/1 160/273/1
f 153/275/6 154/308/6 158/276/6
f 155/278/4 153/5102/4 157/279/4
f 158/281/5 154/5103/5 156/282/5
f 163/252/2 164/5104/2 162/284/2
f 169/285/6 170/5105/6 174/262/6
f 165/287/1 166/5106/1 168/288/1
f 161/290/6 162/5107/6 166/291/6
f 161/293/4 165/344/4 167/294/4
f 166/296/5 162/5108/5 164/148/5
f 173/298/1 174/5109/1 176/299/1
f 171/301/2 172/5110/2 170/302/2
f 179/304/2 180/5032/2 178/35/2
f 181/305/1 182/5111/1 184/306/1
f 177/307/6 178/276/6 182/308/6
f 177/310/4 181/5112/4 183/311/4
f 182/313/5 178/5113/5 180/314/5
f 187/316/2 188/5114/2 186/317/2
f 191/319/3 192/5115/3 188/159/3
f 189/321/1 190/5116/1 192/322/1
f 185/324/6 186/5117/6 190/65/6
f 185/326/4 189/5118/4 191/177/4
f 190/219/5 186/4230/5 188/328/5
f 195/330/6 196/5119/6 194/331/6
f 206/333/5 202/44/5 204/190/5
f 197/334/3 198/5120/3 200/335/3
f 193/337/1 194/4613/1 198/338/1
f 195/340/4 193/5121/4 197/341/4
f 198/343/5 194/294/5 196/344/5
f 201/346/4 205/5122/4 207/347/4
f 201/349/1 202/5123/1 206/350/1
f 205/351/3 206/212/3 208/214/3
f 203/353/6 204/5124/6 202/134/6
f 209/356/5 212/5125/5 211/5126/5
f 211/5126/5 214/5127/5 213/354/5
f 213/354/5 216/5128/5 215/355/5
f 215/355/5 210/5129/5 209/356/5
f 209/356/5 211/5126/5 213/354/5
f 225/357/7 226/5130/7 218/358/7
f 222/360/1 230/5131/1 245/361/1
f 220/363/2 228/5132/2 231/364/2
f 229/366/8 230/5131/8 222/360/8
f 227/368/9 228/374/9 220/369/9
f 224/370/3 232/5133/3 229/371/3
f 218/373/6 226/5134/6 227/368/6
f 231/374/10 232/5133/10 224/370/10
f 234/376/5 233/392/5 217/377/5
f 244/379/5 246/5135/5 238/380/5
f 239/382/5 236/386/5 220/383/5
f 238/380/5 237/388/5 221/385/5
f 236/386/5 235/390/5 219/387/5
f 237/388/5 240/391/5 224/389/5
f 235/390/5 234/376/5 218/378/5
f 240/391/5 239/382/5 223/384/5
f 233/392/5 243/5136/5 241/393/5
f 241/362/1 242/5137/1 225/357/1
f 245/394/6 248/5138/6 246/395/6
f 247/397/3 242/5139/3 241/398/3
f 249/400/3 251/5140/3 252/401/3
f 253/403/6 254/5141/6 256/404/6
f 249/406/2 250/1542/2 254/407/2
f 259/409/3 260/5142/3 258/410/3
f 263/412/6 261/5143/6 262/413/6
f 256/415/5 254/5144/5 250/416/5
f 257/418/2 258/5145/2 262/419/2
f 257/421/208 261/5146/208 263/422/208
f 267/424/3 268/5147/3 266/425/3
f 271/427/6 269/5148/6 270/428/6
f 264/430/209 262/5149/209 258/431/209
f 269/433/2 265/5150/2 266/434/2
f 267/436/210 265/5151/210 269/437/210
f 270/439/211 266/5152/211 268/440/211
f 275/442/3 276/445/3 274/443/3
f 277/445/6 278/5153/6 280/446/6
f 273/448/2 274/5154/2 278/449/2
f 281/451/3 283/5155/3 284/452/3
f 287/454/6 285/5156/6 286/455/6
f 280/457/5 278/563/5 274/458/5
f 285/460/2 281/5157/2 282/461/2
f 283/463/212 281/5158/212 285/464/212
f 291/466/3 292/5159/3 290/467/3
f 295/469/6 293/5160/6 294/470/6
f 288/472/213 286/5161/213 282/473/213
f 289/475/2 290/5162/2 294/476/2
f 289/478/4 293/1304/4 295/479/4
f 294/481/214 290/5163/214 292/482/214
f 297/484/3 299/5164/3 300/485/3
f 303/487/6 301/5165/6 302/488/6
f 297/490/2 298/5166/2 302/491/2
f 307/493/3 308/5167/3 306/494/3
f 311/496/6 309/5168/6 310/497/6
f 302/499/215 298/1561/215 300/500/215
f 305/502/2 306/5169/2 310/503/2
f 307/505/4 305/605/4 309/506/4
f 315/508/3 316/5170/3 314/509/3
f 319/511/6 317/5171/6 318/512/6
f 312/421/216 310/603/216 306/514/216
f 313/516/2 314/5172/2 318/517/2
f 313/519/4 317/5173/4 319/520/4
f 318/522/217 314/5174/217 316/523/217
f 321/525/3 323/5175/3 324/526/3
f 325/528/6 326/5176/6 328/529/6
f 321/531/2 322/5177/2 326/532/2
f 331/534/3 332/5178/3 330/535/3
f 335/537/6 333/5179/6 334/538/6
f 326/540/218 322/5180/218 324/541/218
f 333/543/2 329/5181/2 330/544/2
f 331/546/219 329/5182/219 333/547/219
f 339/549/3 340/5183/3 338/550/3
f 341/552/6 342/5184/6 344/553/6
f 334/555/220 330/5185/220 332/556/220
f 341/558/2 337/5186/2 338/559/2
f 337/561/221 341/5187/221 343/562/221
f 344/563/222 342/5188/222 338/564/222
f 347/566/3 348/5189/3 346/567/3
f 349/569/6 350/5190/6 352/570/6
f 345/572/2 346/5191/2 350/573/2
f 355/575/3 356/5192/3 354/576/3
f 359/578/6 357/5193/6 358/579/6
f 352/581/223 350/5194/223 346/582/223
f 353/584/2 354/5195/2 358/585/2
f 355/587/224 353/5196/224 357/588/224
f 363/590/3 364/5197/3 362/591/3
f 367/593/6 365/5198/6 366/594/6
f 360/596/225 358/1514/225 354/597/225
f 361/599/2 362/5199/2 366/600/2
f 363/602/4 361/5200/4 365/603/4
f 368/605/226 366/5201/226 362/606/226
f 371/608/3 372/578/3 370/609/3
f 375/611/6 373/5202/6 374/612/6
f 369/614/2 370/5203/2 374/615/2
f 379/616/3 380/5204/3 378/617/3
f 381/619/6 382/5205/6 384/551/6
f 376/620/227 374/5206/227 370/621/227
f 381/623/2 377/5207/2 378/624/2
f 377/626/228 381/5208/228 383/627/228
f 385/629/3 387/5209/3 388/630/3
f 389/632/6 390/5210/6 392/633/6
f 382/635/5 378/5211/5 380/636/5
f 385/638/2 386/5212/2 390/639/2
f 387/641/229 385/5213/229 389/642/229
f 390/644/5 386/787/5 388/645/5
f 393/647/3 395/901/3 396/648/3
f 397/650/6 398/5214/6 400/651/6
f 393/653/2 394/5215/2 398/654/2
f 403/656/3 404/846/3 402/657/3
f 405/659/6 406/5216/6 408/660/6
f 398/662/230 394/5217/230 396/663/230
f 405/665/2 401/5218/2 402/666/2
f 401/668/231 405/5219/231 407/669/231
f 411/671/3 412/5220/3 410/672/3
f 413/674/6 414/5221/6 416/675/6
f 408/677/232 406/5222/232 402/678/232
f 413/680/2 409/5223/2 410/597/2
f 411/682/233 409/5224/233 413/683/233
f 414/685/234 410/1275/234 412/686/234
f 417/688/3 419/5225/3 420/689/3
f 423/691/6 421/5226/6 422/692/6
f 417/694/2 418/5227/2 422/695/2
f 427/696/3 428/5228/3 426/697/3
f 431/699/6 429/5229/6 430/700/6
f 422/702/235 418/5230/235 420/703/235
f 429/705/2 425/5231/2 426/706/2
f 425/708/236 429/5232/236 431/709/236
f 435/711/3 436/5233/3 434/712/3
f 439/714/6 437/5234/6 438/715/6
f 430/717/5 426/1099/5 428/718/5
f 433/720/2 434/5235/2 438/721/2
f 433/723/4 437/5236/4 439/724/4
f 440/726/237 438/5237/237 434/727/237
f 431/729/1 432/5238/1 428/730/1
f 255/732/1 256/5230/1 252/733/1
f 271/735/1 272/5239/1 268/736/1
f 443/738/2 444/5240/2 442/739/2
f 445/741/1 446/5241/1 448/742/1
f 441/744/6 442/5242/6 446/745/6
f 451/747/2 452/5243/2 450/748/2
f 455/750/1 453/5244/1 454/751/1
f 446/753/5 442/5245/5 444/754/5
f 449/756/6 450/5246/6 454/757/6
f 449/759/238 453/5247/238 455/760/238
f 459/762/2 460/5248/2 458/763/2
f 463/765/1 461/5249/1 462/766/1
f 456/768/239 454/5250/239 450/769/239
f 461/771/6 457/5251/6 458/772/6
f 459/774/240 457/5252/240 461/775/240
f 462/777/241 458/5253/241 460/778/241
f 467/780/2 468/5254/2 466/781/2
f 469/783/1 470/5255/1 472/784/1
f 465/786/6 466/5256/6 470/787/6
f 473/789/2 475/5257/2 476/790/2
f 479/792/1 477/5258/1 478/793/1
f 472/795/5 470/5259/5 466/796/5
f 477/798/6 473/5260/6 474/799/6
f 475/801/242 473/5261/242 477/802/242
f 483/804/2 484/5262/2 482/805/2
f 487/807/1 485/5263/1 486/808/1
f 480/810/243 478/5264/243 474/811/243
f 481/813/6 482/1448/6 486/814/6
f 481/816/4 485/5265/4 487/817/4
f 486/819/244 482/964/244 484/820/244
f 489/822/2 491/1595/2 492/823/2
f 495/825/1 493/5266/1 494/826/1
f 489/828/6 490/5267/6 494/829/6
f 499/831/2 500/5268/2 498/832/2
f 503/834/1 501/5269/1 502/835/1
f 494/837/245 490/5270/245 492/838/245
f 497/840/6 498/5271/6 502/841/6
f 499/843/4 497/5272/4 501/656/4
f 507/845/2 508/5273/2 506/846/2
f 511/848/1 509/5274/1 510/849/1
f 504/851/246 502/5275/246 498/852/246
f 505/853/6 506/475/6 510/854/6
f 505/856/4 509/5276/4 511/857/4
f 510/859/247 506/5277/247 508/860/247
f 513/862/2 515/5278/2 516/863/2
f 517/865/1 518/5279/1 520/866/1
f 513/868/6 514/5163/6 518/869/6
f 523/871/2 524/5280/2 522/872/2
f 527/874/1 525/5281/1 526/875/1
f 518/876/248 514/5282/248 516/877/248
f 525/879/6 521/5283/6 522/880/6
f 523/882/249 521/5284/249 525/883/249
f 531/885/2 532/1555/2 530/886/2
f 533/888/1 534/5285/1 536/889/1
f 526/891/250 522/5286/250 524/892/250
f 533/894/6 529/5287/6 530/895/6
f 529/896/251 533/5288/251 535/602/251
f 536/898/252 534/5289/252 530/602/252
f 539/647/2 540/5290/2 538/900/2
f 541/902/1 542/5291/1 544/903/1
f 537/905/6 538/988/6 542/906/6
f 547/908/2 548/5292/2 546/909/2
f 551/911/1 549/5293/1 550/912/1
f 544/817/253 542/5294/253 538/914/253
f 545/916/6 546/5295/6 550/917/6
f 547/919/254 545/1067/254 549/920/254
f 555/634/2 556/5296/2 554/922/2
f 559/923/1 557/5297/1 558/924/1
f 552/926/255 550/707/255 546/927/255
f 553/929/6 554/5298/6 558/930/6
f 555/932/4 553/5299/4 557/933/4
f 560/935/256 558/5300/256 554/936/256
f 563/938/2 564/1394/2 562/939/2
f 567/940/1 565/1391/1 566/941/1
f 561/942/6 562/5301/6 566/943/6
f 571/945/2 572/5302/2 570/946/2
f 573/948/1 574/5303/1 576/949/1
f 568/951/257 566/1332/257 562/952/257
f 573/954/6 569/5304/6 570/664/6
f 569/955/258 573/5305/258 575/720/258
f 577/957/2 579/5306/2 580/958/2
f 581/960/1 582/1593/1 584/961/1
f 574/963/5 570/5307/5 572/964/5
f 577/966/6 578/5308/6 582/967/6
f 579/969/259 577/1548/259 581/970/259
f 582/646/5 578/5309/5 580/972/5
f 585/973/2 587/5310/2 588/974/2
f 589/975/1 590/5311/1 592/976/1
f 585/978/6 586/5312/6 590/979/6
f 595/981/2 596/5313/2 594/982/2
f 597/984/1 598/5314/1 600/985/1
f 590/987/260 586/5315/260 588/988/260
f 597/990/6 593/5316/6 594/991/6
f 593/993/261 597/5317/261 599/994/261
f 603/996/2 604/5318/2 602/997/2
f 605/999/1 606/5319/1 608/1000/1
f 600/1002/262 598/5320/262 594/1003/262
f 605/1005/6 601/5321/6 602/547/6
f 603/1007/263 601/5322/263 605/1008/263
f 606/1010/264 602/879/264 604/1011/264
f 609/1013/2 611/5323/2 612/1014/2
f 615/1016/1 613/5324/1 614/1017/1
f 609/1019/6 610/5325/6 614/1020/6
f 619/1022/2 620/5326/2 618/1023/2
f 623/1025/1 621/5327/1 622/1026/1
f 614/1028/265 610/1009/265 612/1029/265
f 621/1031/6 617/5328/6 618/1032/6
f 617/455/266 621/5329/266 623/1034/266
f 627/1036/2 628/5330/2 626/1037/2
f 631/1039/1 629/5331/1 630/1040/1
f 622/1042/5 618/5332/5 620/1043/5
f 625/1045/6 626/5333/6 630/1046/6
f 625/1048/4 629/5334/4 631/1049/4
f 632/1050/267 630/1166/267 626/1051/267
f 623/1053/3 624/5335/3 620/1054/3
f 443/1056/3 447/5336/3 448/644/3
f 463/1057/3 464/5337/3 460/1058/3
f 635/1060/1 636/5338/1 634/1061/1
f 639/1063/2 637/5339/2 638/1064/2
f 633/1066/3 634/5340/3 638/1067/3
f 643/1069/1 644/5341/1 642/1070/1
f 647/1072/2 645/5342/2 646/1073/2
f 638/1075/5 634/5343/5 636/1076/5
f 641/1078/3 642/694/3 646/1079/3
f 641/800/268 645/5344/268 647/1081/268
f 649/1083/1 651/5345/1 652/1084/1
f 655/1086/2 653/5346/2 654/1087/2
f 648/1089/269 646/5347/269 642/819/269
f 653/1091/3 649/5348/3 650/1092/3
f 651/1094/270 649/5349/270 653/1095/270
f 656/1097/271 654/5350/271 650/1098/271
f 659/1100/1 660/5351/1 658/1101/1
f 663/1103/2 661/5352/2 662/1104/2
f 657/1106/3 658/5353/3 662/589/3
f 665/1108/1 667/5354/1 668/1109/1
f 671/1111/2 669/5355/2 670/1112/2
f 662/1114/5 658/5356/5 660/824/5
f 669/800/3 665/5357/3 666/1116/3
f 667/1117/272 665/5358/272 669/1118/272
f 673/1120/1 675/5359/1 676/1121/1
f 679/1123/2 677/5360/2 678/1124/2
f 672/1126/273 670/5361/273 666/1127/273
f 673/1129/3 674/5362/3 678/1130/3
f 675/1132/4 673/5363/4 677/1133/4
f 678/1135/274 674/5364/274 676/1136/274
f 681/1138/1 683/5365/1 684/1139/1
f 687/1141/2 685/5366/2 686/1142/2
f 681/1144/3 682/5367/3 686/1145/3
f 691/1147/1 692/580/1 690/1148/1
f 695/1150/2 693/5368/2 694/1151/2
f 686/1153/275 682/5369/275 684/1154/275
f 689/1155/3 690/5370/3 694/1156/3
f 691/1157/4 689/5371/4 693/1158/4
f 699/1160/1 700/5372/1 698/1161/1
f 703/1163/2 701/5373/2 702/1164/2
f 696/1166/276 694/5374/276 690/1167/276
f 697/1169/3 698/932/3 702/1170/3
f 699/1172/4 697/5375/4 701/1173/4
f 704/872/277 702/5376/277 698/1175/277
f 705/1177/1 707/5377/1 708/1178/1
f 711/1180/2 709/5378/2 710/1181/2
f 705/1183/3 706/5379/3 710/1184/3
f 715/1186/1 716/525/1 714/1187/1
f 719/1189/2 717/5380/2 718/1190/2
f 712/1191/278 710/5381/278 706/1192/278
f 717/1194/3 713/5382/3 714/1195/3
f 715/1196/279 713/5383/279 717/1197/279
f 723/1198/1 724/5384/1 722/1199/1
f 725/1201/2 726/5385/2 728/1202/2
f 718/1204/280 714/5386/280 716/1205/280
f 725/1207/3 721/543/3 722/1208/3
f 721/1210/281 725/5387/281 727/1211/281
f 728/1213/282 726/5388/282 722/1214/282
f 729/1216/1 731/5389/1 732/1217/1
f 733/1219/2 734/5390/2 736/1220/2
f 729/1222/3 730/5391/3 734/1223/3
f 739/1225/1 740/1210/1 738/1226/1
f 743/1228/2 741/5392/2 742/1229/2
f 734/510/283 730/5393/283 732/1231/283
f 737/1233/3 738/5394/3 742/1234/3
f 739/1236/284 737/5395/284 741/1237/284
f 747/1239/1 748/5396/1 746/1240/1
f 749/1242/2 750/1510/2 752/1243/2
f 744/1245/285 742/5397/285 738/1246/285
f 745/1248/3 746/599/3 750/1249/3
f 745/1250/4 749/5398/4 751/1188/4
f 750/1252/286 746/5399/286 748/1253/286
f 755/1254/1 756/5400/1 754/1255/1
f 759/1257/2 757/5401/2 758/1258/2
f 753/1260/3 754/5402/3 758/1261/3
f 763/1263/1 764/5176/1 762/1264/1
f 765/1266/2 766/5403/2 768/1267/2
f 760/1269/287 758/5404/287 754/1270/287
f 765/1272/3 761/1092/3 762/1273/3
f 761/1275/288 765/931/288 767/1276/288
f 771/1278/1 772/5405/1 770/1279/1
f 775/1281/2 773/5406/2 774/1282/2
f 766/787/5 762/5407/5 764/1284/5
f 769/1285/3 770/5408/3 774/1286/3
f 771/1288/289 769/5409/289 773/1289/289
f 776/1291/5 774/5410/5 770/1075/5
f 777/1293/1 779/5411/1 780/1294/1
f 781/1296/2 782/5412/2 784/1297/2
f 777/1299/3 778/653/3 782/1300/3
f 787/1302/1 788/5413/1 786/1303/1
f 789/1305/2 790/5414/2 792/1306/2
f 782/1308/290 778/5415/290 780/959/290
f 789/1310/3 785/5416/3 786/1311/3
f 785/1313/291 789/5417/291 791/1314/291
f 793/1316/1 795/5418/1 796/1317/1
f 797/1319/2 798/5419/2 800/1320/2
f 792/1322/292 790/5420/292 786/1323/292
f 797/1325/3 793/5421/3 794/1326/3
f 793/1328/293 797/5422/293 799/1329/293
f 798/1331/294 794/5423/294 796/952/294
f 801/1333/1 803/5424/1 804/1334/1
f 805/1336/2 806/5425/2 808/1337/2
f 801/1339/3 802/5426/3 806/1340/3
f 811/1342/1 812/5427/1 810/1343/1
f 815/1344/2 813/5428/2 814/1345/2
f 806/1347/295 802/5429/295 804/1348/295
f 813/1350/3 809/5430/3 810/524/3
f 809/1352/296 813/724/296 815/1353/296
f 819/1355/1 820/5431/1 818/1356/1
f 823/1358/2 821/5432/2 822/1359/2
f 814/1361/5 810/1619/5 812/1362/5
f 817/1363/3 818/5433/3 822/772/3
f 819/1365/4 817/5434/4 821/1366/4
f 824/1368/5 822/5435/5 818/1369/5
f 655/1371/6 656/5436/6 652/1372/6
f 639/1374/6 640/5437/6 636/1375/6
f 815/1377/6 816/5438/6 812/1378/6
f 827/1380/6 828/5439/6 826/1381/6
f 829/1383/3 830/5440/3 832/1384/3
f 825/1386/1 826/5441/1 830/1387/1
f 835/1389/6 836/5442/6 834/1390/6
f 839/1392/3 837/5443/3 838/1393/3
f 832/1395/5 830/5444/5 826/1396/5
f 833/1398/1 834/5445/1 838/1399/1
f 833/1401/297 837/5446/297 839/1402/297
f 843/1404/6 844/5447/6 842/1405/6
f 847/1407/3 845/5448/3 846/1408/3
f 840/1410/298 838/514/298 834/1411/298
f 845/1413/1 841/5449/1 842/1414/1
f 843/1416/299 841/5450/299 845/1417/299
f 846/1418/300 842/5451/300 844/1419/300
f 851/1421/6 852/5452/6 850/1422/6
f 853/1424/3 854/5453/3 856/1425/3
f 849/1427/1 850/5454/1 854/1428/1
f 857/1430/6 859/5455/6 860/1431/6
f 863/1433/3 861/1072/3 862/1434/3
f 856/1436/5 854/581/5 850/1437/5
f 861/1438/1 857/5456/1 858/1439/1
f 859/1441/301 857/5457/301 861/1442/301
f 867/1444/6 868/5458/6 866/848/6
f 871/1446/3 869/5459/3 870/1447/3
f 864/1448/302 862/5460/302 858/1449/302
f 865/1451/1 866/810/1 870/1452/1
f 865/1454/4 869/5461/4 871/1455/4
f 870/1033/303 866/5462/303 868/1457/303
f 873/1459/6 875/5463/6 876/1460/6
f 879/1462/3 877/5464/3 878/1463/3
f 873/1465/1 874/5465/1 878/1466/1
f 883/1468/6 884/5466/6 882/1469/6
f 887/1471/3 885/5467/3 886/1472/3
f 878/1474/304 874/5468/304 876/1475/304
f 881/1477/1 882/5469/1 886/1478/1
f 883/1480/4 881/5470/4 885/1481/4
f 891/1483/6 892/5471/6 890/1484/6
f 895/850/3 893/5472/3 894/1486/3
f 888/1488/305 886/5473/305 882/1489/305
f 889/1491/1 890/5474/1 894/1492/1
f 889/1494/4 893/5475/4 895/1495/4
f 894/1476/306 890/5476/306 892/1497/306
f 899/1499/6 900/5477/6 898/1500/6
f 903/1502/3 901/5478/3 902/1503/3
f 897/1504/1 898/782/1 902/1505/1
f 899/1507/307 897/5479/307 901/415/307
f 904/1509/308 902/5480/308 898/1510/308
f 907/1512/6 908/5234/6 906/1513/6
f 911/1515/3 909/5481/3 910/1516/3
f 905/1518/1 906/5482/1 910/1519/1
f 915/1521/6 916/5483/6 914/1522/6
f 917/1524/3 918/5484/3 920/1525/3
f 912/1527/309 910/5485/309 906/1528/309
f 917/1530/1 913/5486/1 914/1531/1
f 913/1533/310 917/5487/310 919/1534/310
f 921/1536/6 923/5488/6 924/1537/6
f 925/1539/3 926/5489/3 928/1540/3
f 920/1443/5 918/407/5 914/1542/5
f 921/1544/1 922/5490/1 926/1545/1
f 923/1547/311 921/5491/311 925/1548/311
f 926/1550/5 922/5482/5 924/1551/5
f 929/1553/6 931/5492/6 932/1554/6
f 933/1556/3 934/5493/3 936/1557/3
f 929/1559/1 930/5494/1 934/1560/1
f 939/933/6 940/5495/6 938/1562/6
f 941/1564/3 942/5496/3 944/1565/3
f 934/1567/312 930/5497/312 932/1568/312
f 941/1570/1 937/5498/1 938/1571/1
f 937/1573/313 941/5499/313 943/1574/313
f 947/1576/6 948/5500/6 946/1577/6
f 949/1579/3 950/5501/3 952/1580/3
f 944/1582/314 942/5502/314 938/1583/314
f 949/1585/1 945/726/1 946/1586/1
f 947/1588/315 945/5503/315 949/1589/315
f 950/1591/316 946/5504/316 948/1322/316
f 953/1593/6 955/5505/6 956/1594/6
f 959/1595/3 957/5506/3 958/1596/3
f 953/1597/1 954/5507/1 958/1598/1
f 963/1600/6 964/5508/6 962/1601/6
f 967/1603/3 965/5509/3 966/1604/3
f 958/1606/317 954/5510/317 956/1607/317
f 965/1609/1 961/1533/1 962/1610/1
f 961/1612/318 965/5511/318 967/1395/318
f 971/1614/6 972/5512/6 970/1615/6
f 975/1617/3 973/5513/3 974/1618/3
f 966/1620/5 962/5514/5 964/1621/5
f 969/1623/1 970/5515/1 974/1624/1
f 969/1625/4 973/5516/4 975/1626/4
f 976/1628/319 974/1477/319 970/1629/319
f 967/1631/2 968/5517/2 964/1632/2
f 831/1634/2 832/5518/2 828/1635/2
f 847/1637/2 848/5519/2 844/1638/2
f 981/5520/5 984/1641/5 997/5521/5
f 984/1641/5 983/5522/5 1012/1642/5
f 997/5521/5 984/1641/5 996/1640/5
f 1012/1642/5 1008/5523/5 986/5524/5
f 1012/1642/5 986/5524/5 996/1640/5
f 982/5525/5 981/5520/5 997/5521/5
f 2704/1643/6 984/1650/6 981/1644/6
f 2705/1646/1 982/1652/1 997/1647/1
f 2709/1649/9 983/5526/9 984/1650/9
f 2708/1651/7 981/5527/7 982/1652/7
f 2711/1653/1 986/1685/1 1008/1654/1
f 2712/1656/2 1012/5528/2 983/1657/2
f 1011/1659/2 1019/4377/2 990/1660/2
f 993/1662/3 992/5529/3 985/1663/3
f 978/1665/7 988/4389/7 989/1666/7
f 980/1668/9 990/4391/9 987/1669/9
f 995/1671/1 977/1667/1 989/1666/1
f 979/1670/6 987/1669/6 988/1673/6
f 992/1675/1 993/5530/1 1020/1676/1
f 1020/1678/4 993/5531/4 991/1679/4
f 994/1681/1 998/1687/1 991/1682/1
f 2713/1684/1 996/1686/1 986/1685/1
f 2714/1648/1 997/1647/1 996/1686/1
f 994/1681/1 995/1671/1 999/1672/1
f 1006/5532/5 1007/5533/5 1012/1642/5
f 1007/5533/5 1004/5534/5 1027/5535/5
f 1004/5534/5 1005/5536/5 1027/5535/5
f 1027/5535/5 1026/1688/5 1007/5533/5
f 1007/5533/5 1026/1688/5 1012/1642/5
f 1010/1689/5 1008/5523/5 1012/1642/5
f 1004/1690/3 1007/1696/3 2706/1691/3
f 1027/1693/1 1005/1698/1 2707/1694/1
f 1007/1696/10 1006/5537/10 2716/1697/10
f 1005/1698/8 1004/5538/8 2715/1699/8
f 1008/1654/1 1010/1723/1 2717/1700/1
f 1006/1701/2 1012/5528/2 2712/1656/2
f 1016/1703/2 1019/4377/2 1011/1659/2
f 1009/1705/6 1022/5539/6 1023/1706/6
f 1015/1708/8 1014/4381/8 1001/1709/8
f 1013/1711/10 1016/4383/10 1003/1712/10
f 1029/1714/1 1015/1708/1 1000/1710/1
f 1014/1716/3 1013/1711/3 1002/1713/3
f 1020/1676/1 1023/5540/1 1022/1718/1
f 1018/1719/4 1023/5541/4 1020/1678/4
f 1018/1720/1 1028/1726/1 1024/1721/1
f 1010/1723/1 1026/1725/1 2718/1724/1
f 1026/1725/1 1027/1693/1 2719/1695/1
f 1029/1714/1 1025/1715/1 1024/1721/1
f 1034/1727/1 1038/5542/1 1035/1728/1
f 1037/1730/5 1036/2359/5 1035/1731/5
f 1054/1733/1 1035/1728/1 1030/1734/1
f 1033/1736/4 1039/5543/4 1034/1737/4
f 1047/1739/3 1048/5544/3 1050/1740/3
f 1032/1729/1 1035/1728/1 1054/1733/1
f 1040/1743/6 1033/5545/6 1032/1744/6
f 1031/1746/1 1032/1729/1 1049/1742/1
f 1059/1748/1 1058/5546/1 1050/1749/1
f 1036/1751/1 1037/5547/1 1042/1752/1
f 1036/1754/6 1043/5548/6 1030/1755/6
f 1048/1757/1 1052/1765/1 1056/1758/1
f 1049/1742/1 1048/1757/1 1047/1760/1
f 1052/1761/5 1053/5549/5 1055/1762/5
f 1054/1733/1 1045/1735/1 1046/1764/1
f 1051/1766/4 1057/5550/4 1050/1767/4
f 1033/1769/1 1040/5551/1 1041/1770/1
f 1049/1742/1 1054/1733/1 1052/1765/1
f 1053/1772/1 1061/5547/1 1060/1773/1
f 1046/1775/3 1061/5552/3 1053/1776/3
f 1063/1778/1 1067/1788/1 1073/1779/1
f 1071/1781/1 1068/5553/1 1062/1782/1
f 1063/1778/1 1069/1780/1 1070/1784/1
f 1062/1782/1 1068/5553/1 1072/1786/1
f 1067/1788/1 1066/1787/1 1072/1786/1
f 1096/1789/1 1071/1781/1 1065/1783/1
f 1064/1785/1 1070/1784/1 1097/1791/1
f 1075/1793/139 1076/1804/139 1070/1794/139
f 1068/1796/6 1074/5554/6 1078/1797/6
f 1072/1798/6 1078/1797/6 1079/1799/6
f 1104/1801/140 1077/1808/140 1071/1802/140
f 1076/1804/141 1105/5555/141 1097/1805/141
f 1073/1800/6 1079/1799/6 1075/1806/6
f 1077/1808/142 1074/5556/142 1068/1809/142
f 1081/1810/3 1085/1822/3 1067/1811/3
f 1080/1813/143 1083/1823/143 1065/1814/143
f 1082/1816/144 1081/5557/144 1063/1817/144
f 1084/1819/3 1080/5558/3 1062/1820/3
f 1085/1822/3 1084/1819/3 1066/1821/3
f 1083/1823/143 1112/5559/143 1088/1824/143
f 1113/1825/144 1082/1816/144 1064/1818/144
f 1087/1827/1 1095/1834/1 1101/1828/1
f 1086/1830/1 1094/2111/1 1099/1831/1
f 1087/1827/1 1090/1837/1 1098/1833/1
f 1100/1835/1 1094/2111/1 1086/1830/1
f 1093/1829/1 1101/1828/1 1100/1835/1
f 1091/1832/1 1099/1831/1 1096/1789/1
f 1090/1837/1 1089/1792/1 1097/1791/1
f 1098/1838/143 1106/1847/143 1103/1839/143
f 1108/1841/3 1102/5560/3 1094/1842/3
f 1109/1844/3 1108/1841/3 1100/1843/3
f 1099/1846/145 1107/1851/145 1104/1801/145
f 1097/1805/146 1105/5555/146 1106/1847/146
f 1103/1848/3 1109/1844/3 1101/1845/3
f 1094/1850/144 1102/5561/144 1107/1851/144
f 1093/1852/6 1117/1864/6 1111/1853/6
f 1091/1855/139 1115/1865/139 1110/1856/139
f 1087/1858/142 1111/5562/142 1114/1859/142
f 1086/1861/6 1110/5563/6 1116/1862/6
f 1092/1863/6 1116/1862/6 1117/1864/6
f 1088/1824/139 1112/5559/139 1115/1865/139
f 1090/1860/142 1114/1859/142 1113/1825/142
f 1119/1866/1 1123/1877/1 1131/1867/1
f 1129/1869/1 1126/5564/1 1118/1870/1
f 1119/1866/1 1127/1868/1 1128/1872/1
f 1125/1874/1 1133/1881/1 1132/1875/1
f 1123/1877/1 1122/1882/1 1130/1878/1
f 1162/1879/1 1129/1869/1 1121/1871/1
f 1118/1870/1 1126/5564/1 1133/1881/1
f 1122/1882/1 1124/1876/1 1132/1875/1
f 1120/1873/1 1128/1872/1 1163/1883/1
f 1135/1885/139 1136/1900/139 1128/1886/139
f 1133/1888/6 1141/1898/6 1140/1889/6
f 1130/1891/6 1138/1899/6 1139/1892/6
f 1172/1894/140 1137/1904/140 1129/1895/140
f 1126/1897/6 1134/5565/6 1141/1898/6
f 1132/1890/6 1140/1889/6 1138/1899/6
f 1136/1900/141 1173/5566/141 1163/1901/141
f 1131/1893/6 1139/1892/6 1135/1902/6
f 1137/1904/142 1134/5567/142 1126/1905/142
f 1143/1906/3 1147/1918/3 1123/1907/3
f 1142/1909/143 1145/1920/143 1121/1910/143
f 1144/1912/144 1143/5568/144 1119/1913/144
f 1148/1915/3 1149/1922/3 1125/1916/3
f 1147/1918/3 1146/1924/3 1122/1919/3
f 1145/1920/143 1182/5569/143 1152/1921/143
f 1149/1922/3 1142/5570/3 1118/1923/3
f 1146/1924/3 1148/1915/3 1124/1917/3
f 1183/1925/144 1144/1912/144 1120/1914/144
f 1151/1927/1 1161/1934/1 1167/1928/1
f 1150/1930/1 1160/5571/1 1165/1931/1
f 1151/1927/1 1154/1941/1 1164/1933/1
f 1168/1935/1 1169/1940/1 1159/1936/1
f 1157/1929/1 1167/1928/1 1166/1938/1
f 1155/1932/1 1165/1931/1 1162/1879/1
f 1169/1940/1 1160/5571/1 1150/1930/1
f 1156/1939/1 1166/1938/1 1168/1935/1
f 1154/1941/1 1153/1884/1 1163/1883/1
f 1164/1942/143 1174/1955/143 1171/1943/143
f 1178/1945/3 1179/1952/3 1169/1946/3
f 1177/1948/3 1176/1954/3 1166/1949/3
f 1165/1951/145 1175/1959/145 1172/1894/145
f 1179/1952/3 1170/5572/3 1160/1953/3
f 1176/1954/3 1178/1945/3 1168/1947/3
f 1163/1901/146 1173/5566/146 1174/1955/146
f 1171/1956/3 1177/1948/3 1167/1950/3
f 1160/1958/144 1170/5573/144 1175/1959/144
f 1157/1960/6 1187/1973/6 1181/1961/6
f 1155/1963/139 1185/1974/139 1180/1964/139
f 1151/1966/142 1181/5574/142 1184/1967/142
f 1159/1969/6 1189/1976/6 1188/1970/6
f 1156/1972/6 1186/1977/6 1187/1973/6
f 1152/1921/139 1182/5569/139 1185/1974/139
f 1150/1975/6 1180/5575/6 1189/1976/6
f 1158/1971/6 1188/1970/6 1186/1977/6
f 1154/1968/142 1184/1967/142 1183/1925/142
f 1196/1978/1 1201/5576/1 1197/1979/1
f 1205/1981/6 1198/5577/6 1210/1982/6
f 1200/1984/5 1199/5578/5 1197/1985/5
f 1225/1987/1 1197/1979/1 1190/1988/1
f 1195/1990/4 1203/5579/4 1196/1991/4
f 1198/1993/4 1193/5580/4 1211/1994/4
f 1206/1996/1 1192/1980/1 1219/1997/1
f 1204/1999/5 1194/5581/5 1206/2000/5
f 1192/1980/1 1197/1979/1 1225/1987/1
f 1210/2002/1 1206/1996/1 1230/1998/1
f 1211/2004/1 1202/5582/1 1206/1996/1
f 1194/2005/6 1195/5583/6 1192/2006/6
f 1207/2007/1 1193/5584/1 1198/2008/1
f 1199/2010/1 1200/5585/1 1208/2011/1
f 1204/2013/1 1203/5586/1 1195/2014/1
f 1199/2016/6 1209/5587/6 1190/2017/6
f 1191/2019/1 1210/2002/1 1235/2003/1
f 1222/2021/1 1227/5588/1 1221/2022/1
f 1238/2024/3 1223/5589/3 1232/2025/3
f 1222/2027/5 1224/2058/5 1226/2028/5
f 1225/1987/1 1213/1989/1 1214/2030/1
f 1221/2031/4 1229/5590/4 1220/2032/4
f 1239/2034/4 1217/5591/4 1223/2035/4
f 1219/1997/1 1216/2023/1 1233/2037/1
f 1233/1984/5 1218/1986/5 1231/2038/5
f 1225/1987/1 1222/2021/1 1216/2023/1
f 1230/1998/1 1233/2037/1 1238/2040/1
f 1233/2037/1 1228/5592/1 1239/2041/1
f 1216/2042/3 1220/5593/3 1218/2043/3
f 1223/2045/1 1217/5594/1 1234/2046/1
f 1224/2048/1 1237/2079/1 1236/2049/1
f 1220/2050/1 1229/5595/1 1231/2051/1
f 1214/2053/3 1237/5596/3 1224/2029/3
f 1235/2003/1 1238/2040/1 1215/2054/1
f 1242/2055/1 1245/2063/1 1248/2056/1
f 1245/2058/5 1246/2027/5 1247/2059/5
f 1264/2061/1 1255/2092/1 1240/2062/1
f 1244/2064/4 1249/5597/4 1243/2065/4
f 1260/2067/6 1258/5598/6 1257/2068/6
f 1259/2070/1 1264/2061/1 1245/2063/1
f 1242/2071/3 1243/5599/3 1250/2072/3
f 1259/2070/1 1242/2055/1 1241/2074/1
f 1269/2076/1 1267/5600/1 1260/2077/1
f 1246/2079/1 1253/1772/1 1252/2080/1
f 1240/2082/3 1253/2018/3 1246/2017/3
f 1261/2084/1 1266/5601/1 1262/2085/1
f 1257/2087/1 1258/2086/1 1259/2070/1
f 1265/2088/5 1263/5602/5 1262/2089/5
f 1264/2061/1 1262/2085/1 1256/2091/1
f 1260/2093/4 1267/1730/4 1261/1732/4
f 1243/2095/1 1249/5603/1 1251/2096/1
f 1258/2086/1 1262/2085/1 1264/2061/1
f 1263/2098/1 1265/5604/1 1270/2099/1
f 1263/2101/6 1271/5605/6 1256/2102/6
f 1273/2104/1 1279/2111/1 1283/2105/1
f 1272/2107/1 1278/1834/1 1281/2108/1
f 1273/2104/1 1274/2116/1 1280/2110/1
f 1282/2112/1 1278/1834/1 1272/2107/1
f 1277/2106/1 1283/2105/1 1282/2112/1
f 1275/2109/1 1281/2108/1 1306/2114/1
f 1274/2116/1 1299/2163/1 1307/2117/1
f 1280/2118/143 1286/2130/143 1285/2119/143
f 1288/2121/3 1284/5606/3 1278/2122/3
f 1289/2124/3 1288/2121/3 1282/2123/3
f 1281/2126/145 1287/2134/145 1314/2127/145
f 1307/2129/146 1315/5607/146 1286/2130/146
f 1285/2131/3 1289/2124/3 1283/2125/3
f 1278/2133/144 1284/5608/144 1287/2134/144
f 1277/2135/6 1295/2147/6 1291/2136/6
f 1275/2138/139 1293/2149/139 1290/2139/139
f 1273/2141/142 1291/5609/142 1292/2142/142
f 1272/2144/6 1290/5610/6 1294/2145/6
f 1276/2146/6 1294/2145/6 1295/2147/6
f 1298/2148/139 1322/5611/139 1293/2149/139
f 1274/2143/142 1292/2142/142 1323/2150/142
f 1297/2152/1 1303/2162/1 1311/2153/1
f 1309/2155/1 1304/5612/1 1296/2156/1
f 1297/2152/1 1305/2154/1 1308/2158/1
f 1296/2156/1 1304/5612/1 1310/2160/1
f 1303/2162/1 1302/2161/1 1310/2160/1
f 1306/2114/1 1309/2155/1 1301/2157/1
f 1300/2159/1 1308/2158/1 1307/2117/1
f 1313/2164/139 1316/2173/139 1308/2165/139
f 1304/2167/6 1312/2270/6 1318/2168/6
f 1310/2169/6 1318/2168/6 1319/2170/6
f 1314/2127/140 1317/2176/140 1309/2172/140
f 1316/2173/141 1315/5607/141 1307/2129/141
f 1311/2171/6 1319/2170/6 1313/2174/6
f 1317/2176/142 1312/5613/142 1304/2177/142
f 1321/2178/3 1327/2190/3 1303/2179/3
f 1320/2181/143 1325/2191/143 1301/2182/143
f 1324/2184/144 1321/5614/144 1297/2185/144
f 1326/2187/3 1320/5615/3 1296/2188/3
f 1327/2190/3 1326/2187/3 1302/2189/3
f 1325/2191/143 1322/5611/143 1298/2148/143
f 1323/2150/144 1324/2184/144 1300/2186/144
f 1329/2192/1 1337/2199/1 1341/2193/1
f 1328/2195/1 1336/5616/1 1339/2196/1
f 1329/2192/1 1330/2208/1 1338/2198/1
f 1342/2200/1 1343/2207/1 1335/2201/1
f 1333/2194/1 1341/2193/1 1340/2203/1
f 1331/2197/1 1339/2196/1 1372/2205/1
f 1343/2207/1 1336/5616/1 1328/2195/1
f 1332/2204/1 1340/2203/1 1342/2200/1
f 1330/2208/1 1363/2267/1 1373/2209/1
f 1338/2210/143 1346/2226/143 1345/2211/143
f 1350/2213/3 1351/2222/3 1343/2214/3
f 1349/2216/3 1348/2224/3 1340/2217/3
f 1339/2219/145 1347/2230/145 1382/2220/145
f 1351/2222/3 1344/5617/3 1336/2223/3
f 1348/2224/3 1350/2213/3 1342/2215/3
f 1373/2225/146 1383/5618/146 1346/2226/146
f 1345/2227/3 1349/2216/3 1341/2218/3
f 1336/2229/144 1344/5619/144 1347/2230/144
f 1333/2231/6 1357/2244/6 1353/2232/6
f 1331/2234/139 1355/2246/139 1352/2235/139
f 1329/2237/142 1353/5620/142 1354/2238/142
f 1335/2240/6 1359/2248/6 1358/2241/6
f 1332/2243/6 1356/2249/6 1357/2244/6
f 1362/2245/139 1392/5621/139 1355/2246/139
f 1328/2247/6 1352/5622/6 1359/2248/6
f 1334/2242/6 1358/2241/6 1356/2249/6
f 1330/2239/142 1354/2238/142 1393/2250/142
f 1361/2252/1 1367/2263/1 1377/2253/1
f 1375/2255/1 1370/5623/1 1360/2256/1
f 1361/2252/1 1371/2254/1 1374/2258/1
f 1369/2260/1 1379/2265/1 1378/2261/1
f 1367/2263/1 1366/2266/1 1376/2264/1
f 1372/2205/1 1375/2255/1 1365/2257/1
f 1360/2256/1 1370/5623/1 1379/2265/1
f 1366/2266/1 1368/2262/1 1378/2261/1
f 1364/2259/1 1374/2258/1 1373/2209/1
f 1381/2268/139 1384/2281/139 1374/2269/139
f 1379/2271/6 1389/2279/6 1388/2272/6
f 1376/2274/6 1386/2280/6 1387/2275/6
f 1382/2220/140 1385/2284/140 1375/2277/140
f 1370/2278/6 1380/5624/6 1389/2279/6
f 1378/2273/6 1388/2272/6 1386/2280/6
f 1384/2281/141 1383/5618/141 1373/2225/141
f 1377/2276/6 1387/2275/6 1381/2282/6
f 1385/2284/142 1380/5561/142 1370/1850/142
f 1391/2285/3 1397/2297/3 1367/2286/3
f 1390/2288/143 1395/2299/143 1365/2289/143
f 1394/2291/144 1391/5625/144 1361/2292/144
f 1398/2294/3 1399/2300/3 1369/2295/3
f 1397/2297/3 1396/2302/3 1366/2298/3
f 1395/2299/143 1392/5621/143 1362/2245/143
f 1399/2300/3 1390/5626/3 1360/2301/3
f 1396/2302/3 1398/2294/3 1368/2296/3
f 1393/2250/144 1394/2291/144 1364/2293/144
f 1407/2303/1 1411/5627/1 1406/2304/1
f 1420/2306/3 1408/5628/3 1415/2069/3
f 1407/2307/5 1409/5629/5 1410/2093/5
f 1435/2308/1 1423/2347/1 1400/2309/1
f 1406/2310/4 1413/5630/4 1405/2311/4
f 1421/2313/4 1403/5631/4 1408/2314/4
f 1429/2316/1 1402/2305/1 1416/2317/1
f 1416/2319/5 1404/5632/5 1414/2320/5
f 1435/2308/1 1407/2303/1 1402/2305/1
f 1440/2318/1 1416/2317/1 1420/2322/1
f 1416/2317/1 1412/5633/1 1421/2324/1
f 1402/2325/3 1405/5634/3 1404/1981/3
f 1408/2326/1 1403/5635/1 1417/2327/1
f 1409/2329/1 1419/5585/1 1418/2330/1
f 1405/2332/1 1413/5636/1 1414/2333/1
f 1400/2335/3 1419/5637/3 1409/2336/3
f 1445/2323/1 1420/2322/1 1401/2338/1
f 1431/2340/1 1437/5638/1 1432/2341/1
f 1442/2343/6 1433/5639/6 1448/2344/6
f 1436/2032/5 1434/2039/5 1432/2038/5
f 1435/2308/1 1432/2341/1 1424/2346/1
f 1430/2035/4 1439/5640/4 1431/2348/4
f 1433/2350/4 1427/5641/4 1449/2351/4
f 1443/2353/1 1426/2342/1 1429/2316/1
f 1441/2354/5 1428/2321/5 1443/2320/5
f 1426/2342/1 1432/2341/1 1435/2308/1
f 1448/2356/1 1443/2353/1 1440/2318/1
f 1449/2357/1 1438/5642/1 1443/2353/1
f 1428/2358/6 1430/1731/6 1426/2359/6
f 1444/2361/1 1427/5643/1 1433/2362/1
f 1434/2329/1 1436/2331/1 1446/2364/1
f 1441/2366/1 1439/5644/1 1430/2367/1
f 1434/2369/6 1447/1768/6 1424/1767/6
f 1425/2371/1 1448/2356/1 1445/2323/1
f 1479/2372/6 1453/5645/6 1451/2373/6
f 1480/2375/2 1457/5646/2 1453/2376/2
f 1481/2378/3 1455/2390/3 1457/2379/3
f 1492/2381/6 1458/2395/6 1450/2382/6
f 1455/2384/5 1451/2388/5 1453/2385/5
f 1460/2387/147 1459/2397/147 1451/2388/147
f 1481/2378/3 1483/2399/3 1460/2389/3
f 1484/2391/1 1463/5647/1 1464/2392/1
f 1493/2394/6 1462/2452/6 1458/2395/6
f 1464/2396/5 1463/2474/5 1459/2397/5
f 1485/2398/3 1464/5648/3 1460/2389/3
f 1512/2400/1 1468/5649/1 1469/2401/1
f 1466/2403/5 1468/2427/5 1512/2404/5
f 1471/2406/2 1470/5650/2 1514/2407/2
f 1469/2409/3 1468/5651/3 1466/2410/3
f 1516/2406/1 1472/2408/1 1473/2412/1
f 1470/2414/5 1472/2426/5 1516/2415/5
f 1475/2417/2 1474/5652/2 1518/2418/2
f 1471/2420/3 1473/5653/3 1472/2421/3
f 1520/2423/1 1476/5654/1 1477/2424/1
f 1474/2426/5 1476/2404/5 1520/2427/5
f 1475/2428/3 1477/5655/3 1476/2429/3
f 1490/2431/4 1485/2438/4 1483/2432/4
f 1463/2434/6 1484/5656/6 1482/2435/6
f 1493/2437/4 1484/5657/4 1485/2438/4
f 1489/2433/148 1483/2432/148 1481/2439/148
f 1459/2436/6 1482/2435/6 1478/2374/6
f 1488/2440/4 1481/2439/4 1480/2441/4
f 1486/2443/5 1487/2443/5 1480/2443/5
f 1486/2444/4 1479/5658/4 1478/2445/4
f 1452/2447/6 1486/2513/6 1491/2383/6
f 1456/2448/2 1487/5659/2 1486/2449/2
f 1454/2451/3 1488/2455/3 1487/2452/3
f 1454/2451/3 1461/2460/3 1489/2454/3
f 1462/2456/1 1493/5660/1 1490/2457/1
f 1465/2459/3 1490/5661/3 1489/2454/3
f 1482/2461/4 1484/5657/4 1493/2437/4
f 1482/2461/148 1492/2462/148 1491/2446/148
f 1495/2463/3 1497/5662/3 1523/2464/3
f 1497/2375/2 1501/2377/2 1524/2466/2
f 1501/2468/6 1499/5663/6 1525/2469/6
f 1494/2471/3 1502/2480/3 1536/2472/3
f 1497/1496/5 1495/2475/5 1499/2473/5
f 1495/2475/147 1503/2482/147 1504/2476/147
f 1525/2469/6 1499/5663/6 1504/2477/6
f 1508/2467/1 1507/2466/1 1528/2392/1
f 1502/2480/3 1506/5664/3 1537/2481/3
f 1503/2482/5 1507/5665/5 1508/2483/5
f 1504/2477/6 1508/5666/6 1529/2484/6
f 1510/2485/6 1512/5651/6 1513/2409/6
f 1515/2487/6 1514/5667/6 1516/2488/6
f 1519/2490/6 1518/5668/6 1520/2491/6
f 1527/2493/4 1529/2499/4 1534/2494/4
f 1526/2496/3 1528/5669/3 1507/2497/3
f 1529/2499/4 1528/2521/4 1537/2500/4
f 1525/2501/148 1527/2493/148 1533/2495/148
f 1522/2465/3 1526/2496/3 1503/2498/3
f 1524/2503/4 1525/2501/4 1532/2502/4
f 1530/2505/5 1523/5670/5 1524/2503/5
f 1522/2506/4 1523/5670/4 1530/2505/4
f 1535/2451/3 1530/2453/3 1496/2508/3
f 1530/2509/2 1531/5671/2 1500/2510/2
f 1531/2512/6 1532/5672/6 1498/2383/6
f 1498/2383/6 1532/5672/6 1533/2514/6
f 1534/2516/1 1537/5673/1 1506/2517/1
f 1533/2514/6 1534/5674/6 1509/2519/6
f 1526/2520/4 1536/5675/4 1537/2500/4
f 1535/2507/148 1536/5675/148 1526/2520/148
f 1467/2401/2 1466/5676/2 1510/2522/2
f 1540/2523/320 1541/5677/320 1539/2524/320
f 1540/2526/2 1556/2560/2 1557/2527/2
f 1538/2529/321 1539/5678/321 1555/2530/321
f 1538/2532/322 1554/5679/322 1556/2533/322
f 1555/2535/323 1539/5680/323 1541/2536/323
f 1544/2538/4 1545/5681/4 1543/2539/4
f 1544/2541/2 1548/5682/2 1549/2542/2
f 1546/2544/5 1547/5683/5 1549/2545/5
f 1546/2547/324 1542/5684/324 1543/2548/324
f 1542/2550/325 1546/5685/325 1548/2551/325
f 1549/2553/326 1547/5686/326 1543/2554/326
f 1551/2556/327 1553/5687/327 1552/2557/327
f 1552/2559/2 1553/5688/2 1557/2527/2
f 1554/2561/3 1555/5689/3 1557/2562/3
f 1555/2530/328 1551/5690/328 1550/2564/328
f 1556/2533/329 1554/5679/329 1550/2565/329
f 1553/2567/330 1551/5691/330 1555/2535/330
f 1559/2568/4 1561/5692/4 1560/2569/4
f 1560/2571/2 1561/4594/2 1565/2572/2
f 1565/2574/5 1563/5693/5 1562/2575/5
f 1562/2577/151 1563/5694/151 1559/2578/151
f 1564/2580/331 1562/5695/331 1558/2555/331
f 1565/2582/332 1561/5696/332 1559/2583/332
f 1579/2585/3 1574/5697/3 1571/2586/3
f 1570/2588/5 1577/5698/5 1572/2589/5
f 1578/2591/4 1569/5699/4 1566/2592/4
f 1569/2594/6 1576/4233/6 1581/2595/6
f 2547/2597/1 2549/5700/1 1572/2598/1
f 2553/2600/1 2552/4256/1 1566/2601/1
f 1572/2589/5 1577/5698/5 1580/2603/5
f 1574/2605/4 1579/5701/4 1578/2591/4
f 1605/2606/157 1602/2632/157 1594/2607/157
f 1591/2609/1 1596/2615/1 1588/2610/1
f 1595/2612/2 1592/2617/2 1584/2613/2
f 1596/2615/158 1597/5702/158 1589/2616/158
f 1592/2617/159 1593/5703/159 1585/2618/159
f 1597/2619/3 1594/5704/3 1586/2620/3
f 1593/2622/6 1590/5705/6 1582/2623/6
f 1594/2625/160 1595/2612/160 1587/2614/160
f 1590/2627/161 1591/2609/161 1583/2611/161
f 1601/2629/162 1598/2634/162 1590/2630/162
f 1602/2632/163 1603/2638/163 1595/2633/163
f 1598/2634/164 1599/2636/164 1591/2635/164
f 1599/2636/165 1604/5706/165 1596/2637/165
f 1603/2638/166 1600/5707/166 1592/2639/166
f 1596/2637/167 1604/5706/167 1605/2606/167
f 1592/2639/168 1600/5707/168 1601/2629/168
f 1585/2641/4 1582/5708/4 1583/2642/4
f 1583/2642/4 1588/5709/4 1587/5710/4
f 1588/5709/4 1589/5711/4 1587/5710/4
f 1589/5711/4 1586/5712/4 1587/5710/4
f 1587/5710/4 1584/2640/4 1583/2642/4
f 1608/2645/4 1609/5713/4 1606/5714/4
f 1606/5714/4 1607/5715/4 1612/2643/4
f 1612/2643/4 1613/5716/4 1610/2644/4
f 1610/2644/4 1611/5717/4 1608/2645/4
f 1608/2645/4 1606/5714/4 1612/2643/4
f 1629/2646/5 1626/2674/5 1618/2647/5
f 1615/2649/1 1620/2655/1 1612/2650/1
f 1619/2652/2 1616/5718/2 1608/2653/2
f 1620/2655/8 1621/5719/8 1613/2656/8
f 1616/2657/9 1617/2663/9 1609/2658/9
f 1621/2660/3 1618/2665/3 1610/2661/3
f 1617/2663/6 1614/5720/6 1606/2664/6
f 1618/2665/10 1619/5721/10 1611/2626/10
f 1614/2666/7 1615/2649/7 1607/2651/7
f 1635/2668/1 1632/2687/1 1624/2669/1
f 1625/2671/5 1622/2676/5 1614/2672/5
f 1626/2674/5 1627/2680/5 1619/2675/5
f 1622/2676/5 1623/2678/5 1615/2677/5
f 1623/2678/5 1628/2682/5 1620/2679/5
f 1627/2680/5 1624/2683/5 1616/2681/5
f 1628/2682/5 1629/2646/5 1621/2648/5
f 1624/2683/5 1625/2671/5 1617/2673/5
f 1636/2684/9 1637/2689/9 1629/2685/9
f 1632/2687/8 1633/5722/8 1625/2688/8
f 1637/2689/6 1634/5723/6 1626/2690/6
f 1633/2691/3 1630/2696/3 1622/2692/3
f 1634/2694/7 1635/2668/7 1627/2670/7
f 1630/2696/10 1631/5724/10 1623/2697/10
f 1631/2698/2 1636/2623/2 1628/2699/2
f 1640/2701/5 1638/3197/5 1639/2702/5
f 1643/2704/4 1642/5725/4 1645/2705/4
f 1650/2707/169 1645/5726/169 1642/2708/169
f 1653/2710/2 1644/5727/2 1645/2711/2
f 1651/2713/1 1652/4218/1 1642/2714/1
f 1638/2716/1 1647/4219/1 1648/2717/1
f 1641/2719/2 1649/2728/2 1646/2720/2
f 1640/2722/3 1646/3521/3 1647/2723/3
f 1668/2725/1 1667/2744/1 1664/2726/1
f 1649/2728/2 1653/2710/2 1650/2712/2
f 1650/2729/171 1652/5728/171 1647/2730/171
f 1656/2732/5 1654/3922/5 1655/2733/5
f 1659/2735/4 1658/5729/4 1661/2736/4
f 1666/2738/169 1661/3971/169 1658/2739/169
f 1669/2741/2 1660/5730/2 1661/2742/2
f 1667/2744/1 1668/2725/1 1658/2745/1
f 1654/2747/1 1663/2727/1 1664/2726/1
f 1657/2721/2 1665/2720/2 1662/2749/2
f 1656/2751/3 1662/5731/3 1663/2752/3
f 1684/2754/1 1683/2772/1 1680/2755/1
f 1665/2720/2 1669/2741/2 1666/2743/2
f 1666/2757/171 1668/5732/171 1663/2758/171
f 1672/2760/5 1670/3252/5 1671/2761/5
f 1675/2763/4 1674/5733/4 1677/2764/4
f 1682/2766/169 1677/5734/169 1674/2767/169
f 1685/2769/2 1676/5735/2 1677/2770/2
f 1683/2772/1 1684/2754/1 1674/2773/1
f 1670/2775/1 1679/2756/1 1680/2755/1
f 1673/2777/2 1681/2786/2 1678/2778/2
f 1672/2780/3 1678/3614/3 1679/2781/3
f 1700/2783/1 1699/2800/1 1696/2784/1
f 1681/2786/2 1685/2769/2 1682/2771/2
f 1682/2787/171 1684/2805/171 1679/2788/171
f 1688/2790/5 1686/5736/5 1687/2762/5
f 1691/2791/4 1690/5737/4 1693/2792/4
f 1698/2794/169 1693/3875/169 1690/2795/169
f 1701/2797/2 1692/5738/2 1693/2798/2
f 1699/2800/1 1700/2783/1 1690/2801/1
f 1686/2803/1 1695/2785/1 1696/2784/1
f 1689/2805/2 1697/2814/2 1694/2806/2
f 1688/2808/3 1694/5739/3 1695/2809/3
f 1716/2811/1 1715/2830/1 1712/2812/1
f 1697/2814/2 1701/2797/2 1698/2799/2
f 1698/2815/171 1700/3466/171 1695/2816/171
f 1704/2818/5 1702/5740/5 1703/2819/5
f 1707/2821/4 1706/3225/4 1709/2822/4
f 1714/2824/169 1709/5741/169 1706/2825/169
f 1717/2827/2 1708/5742/2 1709/2828/2
f 1715/2830/1 1716/2811/1 1706/2831/1
f 1702/2833/1 1711/2813/1 1712/2812/1
f 1705/2835/2 1713/2844/2 1710/2836/2
f 1704/2838/3 1710/3988/3 1711/2839/3
f 1732/2841/1 1731/2860/1 1728/2842/1
f 1713/2844/2 1717/2827/2 1714/2829/2
f 1714/2845/171 1716/5743/171 1711/2846/171
f 1720/2848/5 1718/3081/5 1719/2849/5
f 1723/2851/4 1722/5744/4 1725/2852/4
f 1730/2854/169 1725/5745/169 1722/2855/169
f 1733/2857/2 1724/5746/2 1725/2858/2
f 1731/2860/1 1732/2841/1 1722/2861/1
f 1718/2863/1 1727/2843/1 1728/2842/1
f 1721/2865/2 1729/2874/2 1726/2866/2
f 1720/2868/3 1726/4074/3 1727/2869/3
f 1748/2871/1 1747/2890/1 1744/2872/1
f 1729/2874/2 1733/2857/2 1730/2859/2
f 1730/2875/171 1732/5747/171 1727/2876/171
f 1736/2878/5 1734/3611/5 1735/2879/5
f 1739/2881/4 1738/5748/4 1741/2882/4
f 1746/2884/169 1741/5749/169 1738/2885/169
f 1749/2887/2 1740/5750/2 1741/2888/2
f 1747/2890/1 1748/2871/1 1738/2891/1
f 1734/2893/1 1743/2873/1 1744/2872/1
f 1737/2731/2 1745/2903/2 1742/2895/2
f 1736/2897/3 1742/5751/3 1743/2898/3
f 1764/2900/3 1763/2918/3 1760/2901/3
f 1745/2903/2 1749/2887/2 1746/2889/2
f 1746/2904/171 1748/5752/171 1743/2905/171
f 1752/2907/5 1750/2994/5 1751/2908/5
f 1755/2910/4 1754/2824/4 1757/2826/4
f 1762/2912/172 1757/5753/172 1754/2913/172
f 1765/2915/6 1756/5754/6 1757/2916/6
f 1763/2918/3 1764/2900/3 1754/2919/3
f 1750/2921/3 1759/2902/3 1760/2901/3
f 1753/2923/6 1761/2932/6 1758/2924/6
f 1752/2926/2 1758/5755/2 1759/2927/2
f 1780/2929/3 1779/2948/3 1776/2930/3
f 1761/2932/6 1765/2915/6 1762/2917/6
f 1762/2933/173 1764/4771/173 1759/2934/173
f 1768/2936/5 1766/3584/5 1767/2937/5
f 1771/2939/4 1770/5756/4 1773/2940/4
f 1778/2942/172 1773/5757/172 1770/2943/172
f 1781/2945/6 1772/3814/6 1773/2946/6
f 1779/2948/3 1780/2929/3 1770/2949/3
f 1766/2950/3 1775/2931/3 1776/2930/3
f 1769/2952/6 1777/2961/6 1774/2953/6
f 1768/2955/2 1774/5758/2 1775/2956/2
f 1796/2958/3 1795/2977/3 1792/2959/3
f 1777/2961/6 1781/2945/6 1778/2947/6
f 1778/2962/173 1780/5759/173 1775/2963/173
f 1784/2965/5 1782/2790/5 1783/2966/5
f 1787/2968/4 1786/5760/4 1789/2969/4
f 1794/2971/172 1789/5761/172 1786/2972/172
f 1797/2974/6 1788/5762/6 1789/2975/6
f 1795/2977/3 1796/2958/3 1786/2978/3
f 1782/2979/3 1791/2960/3 1792/2959/3
f 1785/2981/6 1793/2990/6 1790/2982/6
f 1784/2984/2 1790/3300/2 1791/2985/2
f 1812/2987/3 1811/3006/3 1808/2988/3
f 1793/2990/6 1797/2974/6 1794/2976/6
f 1794/2991/173 1796/5763/173 1791/2992/173
f 1800/2994/5 1798/2907/5 1799/2995/5
f 1803/2997/4 1802/5764/4 1805/2998/4
f 1810/3000/172 1805/5765/172 1802/3001/172
f 1813/3003/6 1804/5766/6 1805/3004/6
f 1811/3006/3 1812/2987/3 1802/3007/3
f 1798/3009/3 1807/2989/3 1808/2988/3
f 1801/2838/6 1809/3019/6 1806/3011/6
f 1800/3013/2 1806/3286/2 1807/3014/2
f 1828/3016/3 1827/3034/3 1824/3017/3
f 1809/3019/6 1813/3003/6 1810/3005/6
f 1810/3020/173 1812/5767/173 1807/3021/173
f 1816/3022/5 1814/3716/5 1815/3023/5
f 1819/3025/4 1818/5768/4 1821/3026/4
f 1826/3028/172 1821/5769/172 1818/3029/172
f 1829/3031/6 1820/5770/6 1821/3032/6
f 1827/3034/3 1828/3016/3 1818/3035/3
f 1814/3037/3 1823/3018/3 1824/3017/3
f 1817/3039/6 1825/3048/6 1822/3040/6
f 1816/3042/2 1822/5771/2 1823/3043/2
f 1844/3045/3 1843/3063/3 1840/3046/3
f 1825/3048/6 1829/3031/6 1826/3033/6
f 1826/3049/173 1828/5772/173 1823/3050/173
f 1832/3052/5 1830/3338/5 1831/3053/5
f 1835/3055/4 1834/5773/4 1837/3056/4
f 1842/3058/172 1837/2967/172 1834/2966/172
f 1845/3060/6 1836/5774/6 1837/3061/6
f 1843/3063/3 1844/3045/3 1834/3064/3
f 1830/3066/3 1839/3047/3 1840/3046/3
f 1833/3068/6 1841/3077/6 1838/3069/6
f 1832/3071/2 1838/5775/2 1839/3072/2
f 1860/3074/3 1859/3090/3 1856/3075/3
f 1841/3077/6 1845/3060/6 1842/3062/6
f 1842/3078/173 1844/5776/173 1839/3079/173
f 1848/2972/5 1846/5761/5 1847/3081/5
f 1851/3082/4 1850/5777/4 1853/3083/4
f 1858/3085/172 1853/2942/172 1850/2944/172
f 1861/3087/6 1852/2979/6 1853/3088/6
f 1859/3090/3 1860/3074/3 1850/3091/3
f 1846/3093/3 1855/3076/3 1856/3075/3
f 1849/2808/6 1857/3103/6 1854/3095/6
f 1848/3097/2 1854/3187/2 1855/3098/2
f 2324/3100/2 2323/3880/2 2320/3101/2
f 1857/3103/6 1861/3087/6 1858/3089/6
f 1858/3104/173 1860/5778/173 1855/3105/173
f 1864/3107/5 1862/4025/5 1863/3108/5
f 1867/3110/4 1866/5779/4 1869/3111/4
f 1874/3113/172 1869/5780/172 1866/3114/172
f 1877/3116/6 1868/5781/6 1869/3117/6
f 1875/3119/3 1876/4212/3 1866/3120/3
f 1862/3122/3 1871/4213/3 1872/3123/3
f 1865/3125/6 1873/3134/6 1870/3126/6
f 1864/3128/2 1870/5782/2 1871/3129/2
f 1892/3131/3 1891/3150/3 1888/3132/3
f 1873/3134/6 1877/3116/6 1874/3118/6
f 1874/3135/173 1876/5783/173 1871/3136/173
f 1880/3138/5 1878/5784/5 1879/3139/5
f 1883/3141/4 1882/3866/4 1885/3142/4
f 1890/3144/172 1885/5785/172 1882/3145/172
f 1893/3147/6 1884/5786/6 1885/3148/6
f 1891/3150/3 1892/3131/3 1882/3151/3
f 1878/3153/3 1887/3133/3 1888/3132/3
f 1881/3155/6 1889/3164/6 1886/3156/6
f 1880/3158/2 1886/5787/2 1887/3159/2
f 1908/3161/3 1907/3179/3 1904/3162/3
f 1889/3164/6 1893/3147/6 1890/3149/6
f 1890/3165/173 1892/5788/173 1887/3166/173
f 1896/3168/5 1894/4050/5 1895/3169/5
f 1899/3112/4 1898/3111/4 1901/3171/4
f 1906/3173/172 1901/5789/172 1898/3174/172
f 1909/3176/6 1900/5790/6 1901/3177/6
f 1907/3179/3 1908/3161/3 1898/3180/3
f 1894/3182/3 1903/3163/3 1904/3162/3
f 1897/3184/6 1905/3192/6 1902/3185/6
f 1896/3187/2 1902/5791/2 1903/3188/2
f 1924/3189/3 1923/3206/3 1920/3190/3
f 1905/3192/6 1909/3176/6 1906/3178/6
f 1906/3193/173 1908/5792/173 1903/3194/173
f 1912/3196/5 1910/3666/5 1911/3197/5
f 1915/3198/4 1914/5793/4 1917/3199/4
f 1922/3201/172 1917/3028/172 1914/3030/172
f 1925/3203/6 1916/5794/6 1917/3204/6
f 1923/3206/3 1924/3189/3 1914/3207/3
f 1910/2752/3 1919/3191/3 1920/3190/3
f 1913/3210/6 1921/3219/6 1918/3211/6
f 1912/3213/2 1918/5795/2 1919/3214/2
f 1940/3216/3 1939/3233/3 1936/3217/3
f 1921/3219/6 1925/3203/6 1922/3205/6
f 1922/3220/173 1924/5796/173 1919/3221/173
f 1928/3170/5 1926/3169/5 1927/3223/5
f 1931/3225/4 1930/2821/4 1933/3226/4
f 1938/3228/172 1933/3024/172 1930/3023/172
f 1941/3230/6 1932/5797/6 1933/3231/6
f 1939/3233/3 1940/3216/3 1930/3234/3
f 1926/3236/3 1935/3218/3 1936/3217/3
f 1929/3238/6 1937/3247/6 1934/3239/6
f 1928/3241/2 1934/5798/2 1935/3242/2
f 1956/3244/3 1955/3263/3 1952/3245/3
f 1937/3247/6 1941/3230/6 1938/3232/6
f 1938/3248/173 1940/5799/173 1935/3249/173
f 1944/3251/5 1942/3558/5 1943/3252/5
f 1947/3254/4 1946/3839/4 1949/3255/4
f 1954/3257/172 1949/5800/172 1946/3258/172
f 1957/3260/6 1948/5801/6 1949/3261/6
f 1955/3263/3 1956/3244/3 1946/3264/3
f 1942/3266/3 1951/3246/3 1952/3245/3
f 1945/3268/6 1953/3277/6 1950/3269/6
f 1944/3271/2 1950/5802/2 1951/3272/2
f 1972/3274/3 1971/3291/3 1968/3275/3
f 1953/3277/6 1957/3260/6 1954/3262/6
f 1954/3278/173 1956/5803/173 1951/3279/173
f 1960/2909/5 1958/2908/5 1959/3281/5
f 1963/3283/4 1962/5804/4 1965/3284/4
f 1970/3286/172 1965/5805/172 1962/3287/172
f 1973/3288/6 1964/5806/6 1965/3289/6
f 1971/3291/3 1972/3274/3 1962/3292/3
f 1958/3294/3 1967/3276/3 1968/3275/3
f 1961/3296/6 1969/3304/6 1966/3297/6
f 1960/3299/2 1966/5807/2 1967/3300/2
f 1988/3301/1 1987/3320/1 1984/3302/1
f 1969/3304/6 1973/3288/6 1970/3290/6
f 1970/3305/173 1972/2747/173 1967/3306/173
f 1976/3308/5 1974/4099/5 1975/3309/5
f 1979/3311/4 1978/5808/4 1981/3312/4
f 1986/3314/169 1981/5809/169 1978/3315/169
f 1989/3317/2 1980/5810/2 1981/3318/2
f 1987/3320/1 1988/3301/1 1978/3321/1
f 1974/3323/1 1983/3303/1 1984/3302/1
f 1977/3325/2 1985/3333/2 1982/3326/2
f 1976/3327/3 1982/3183/3 1983/3328/3
f 2004/3330/1 2003/3348/1 2000/3331/1
f 1985/3333/2 1989/3317/2 1986/3319/2
f 1986/3334/171 1988/5811/171 1983/3335/171
f 1992/3337/5 1990/4195/5 1991/3338/5
f 1995/3339/4 1994/5812/4 1997/3340/4
f 2002/3342/169 1997/5813/169 1994/3343/169
f 2005/3345/2 1996/3597/2 1997/3346/2
f 2003/3348/1 2004/3330/1 1994/3349/1
f 1990/3350/1 1999/3332/1 2000/3331/1
f 1993/3352/2 2001/3361/2 1998/3353/2
f 1992/3355/3 1998/5814/3 1999/3356/3
f 2020/3358/1 2019/3376/1 2016/3359/1
f 2001/3361/2 2005/3345/2 2002/3347/2
f 2002/3362/171 2004/3663/171 1999/3363/171
f 2008/3365/5 2006/5815/5 2007/3366/5
f 2011/3368/4 2010/5816/4 2013/3369/4
f 2018/3371/169 2013/3241/169 2010/3243/169
f 2021/3373/2 2012/5817/2 2013/3374/2
f 2019/3376/1 2020/3358/1 2010/3377/1
f 2006/3379/1 2015/3360/1 2016/3359/1
f 2009/3381/2 2017/3390/2 2014/3382/2
f 2008/3384/3 2014/3757/3 2015/3385/3
f 2036/3387/1 2035/3405/1 2032/3388/1
f 2017/3390/2 2021/3373/2 2018/3375/2
f 2018/3391/171 2020/5818/171 2015/3392/171
f 2024/2734/5 2022/2733/5 2023/3394/5
f 2027/3396/4 2026/5819/4 2029/3397/4
f 2034/3399/169 2029/5820/169 2026/3400/169
f 2037/3402/2 2028/5821/2 2029/3403/2
f 2035/3405/1 2036/3387/1 2026/3406/1
f 2022/3408/1 2031/3389/1 2032/3388/1
f 2025/3410/2 2033/3419/2 2030/3411/2
f 2024/3413/3 2030/5822/3 2031/3414/3
f 2052/3416/1 2051/3432/1 2048/3417/1
f 2033/3419/2 2037/3402/2 2034/3404/2
f 2034/3420/171 2036/5823/171 2031/3421/171
f 2040/3423/5 2038/5824/5 2039/3195/5
f 2043/2941/4 2042/2940/4 2045/3424/4
f 2050/3426/169 2045/4001/169 2042/3427/169
f 2053/3429/2 2044/5825/2 2045/3430/2
f 2051/3432/1 2052/3416/1 2042/3433/1
f 2038/3435/1 2047/3418/1 2048/3417/1
f 2041/3437/2 2049/3446/2 2046/3438/2
f 2040/3440/3 2046/5826/3 2047/3441/3
f 2068/3443/1 2067/3461/1 2064/3444/1
f 2049/3446/2 2053/3429/2 2050/3431/2
f 2050/3447/171 2052/5827/171 2047/3448/171
f 2056/3450/5 2054/3769/5 2055/3451/5
f 2059/3453/4 2058/5828/4 2061/3454/4
f 2066/3456/169 2061/5829/169 2058/2832/169
f 2069/3458/2 2060/5830/2 2061/3459/2
f 2067/3461/1 2068/3443/1 2058/3462/1
f 2054/3464/1 2063/3445/1 2064/3444/1
f 2057/3466/2 2065/3474/2 2062/3467/2
f 2056/3210/3 2062/3745/3 2063/3469/3
f 2084/3471/1 2083/3488/1 2080/3472/1
f 2065/3474/2 2069/3458/2 2066/3460/2
f 2066/3475/171 2068/4171/171 2063/3476/171
f 2072/3478/5 2070/3797/5 2071/3367/5
f 2075/3479/4 2074/5831/4 2077/3480/4
f 2082/3482/169 2077/5832/169 2074/3483/169
f 2085/3485/2 2076/5833/2 2077/3486/2
f 2083/3488/1 2084/3471/1 2074/3489/1
f 2070/3491/1 2079/3473/1 2080/3472/1
f 2073/3493/2 2081/3501/2 2078/3494/2
f 2072/2921/3 2078/3479/3 2079/3496/3
f 2100/3498/2 2099/3514/2 2096/3499/2
f 2081/3501/2 2085/3485/2 2082/3487/2
f 2082/3502/171 2084/5834/171 2079/3503/171
f 2088/3505/5 2086/5835/5 2087/3506/5
f 2091/3508/4 2090/5836/4 2093/3509/4
f 2098/3457/174 2093/5837/174 2090/3510/174
f 2101/3511/1 2092/5838/1 2093/3512/1
f 2099/3514/2 2100/3498/2 2090/3515/2
f 2086/3517/2 2095/3500/2 2096/3499/2
f 2089/2867/1 2097/3526/1 2094/3519/1
f 2088/3521/6 2094/5839/6 2095/3522/6
f 2116/3523/2 2115/3540/2 2112/3524/2
f 2097/3526/1 2101/3511/1 2098/3513/1
f 2098/3527/175 2100/5840/175 2095/3528/175
f 2104/3530/5 2102/3612/5 2103/2996/5
f 2107/3531/4 2106/5841/4 2109/3532/4
f 2114/3534/174 2109/5842/174 2106/3535/174
f 2117/3537/1 2108/5843/1 2109/3538/1
f 2115/3540/2 2116/3523/2 2106/3541/2
f 2102/3543/2 2111/3525/2 2112/3524/2
f 2105/3545/1 2113/3554/1 2110/3546/1
f 2104/3548/6 2110/3602/6 2111/3549/6
f 2132/3551/2 2131/3568/2 2128/3552/2
f 2113/3554/1 2117/3537/1 2114/3539/1
f 2114/3555/175 2116/5844/175 2111/3556/175
f 2120/3558/5 2118/5845/5 2119/3559/5
f 2123/2886/4 2122/5846/4 2125/3561/4
f 2130/3563/174 2125/5847/174 2122/2746/174
f 2133/3565/1 2124/5848/1 2125/3566/1
f 2131/3568/2 2132/3551/2 2122/3569/2
f 2118/3571/2 2127/3553/2 2128/3552/2
f 2121/3544/1 2129/3524/1 2126/3573/1
f 2120/3575/6 2126/5849/6 2127/3576/6
f 2148/3578/2 2147/3594/2 2144/3579/2
f 2129/3524/1 2133/3565/1 2130/3567/1
f 2130/3581/175 2132/5850/175 2127/3582/175
f 2136/3584/5 2134/2936/5 2135/3585/5
f 2139/3587/4 2138/5851/4 2141/3588/4
f 2146/2856/174 2141/5852/174 2138/3590/174
f 2149/3591/1 2140/5853/1 2141/3592/1
f 2147/3594/2 2148/3578/2 2138/3595/2
f 2134/3597/2 2143/3580/2 2144/3579/2
f 2137/3599/1 2145/3607/1 2142/3600/1
f 2136/3602/6 2142/5854/6 2143/3603/6
f 2164/3604/2 2163/3621/2 2160/3605/2
f 2145/3607/1 2149/3591/1 2146/3593/1
f 2146/3608/333 2148/5855/333 2143/3609/333
f 2152/3611/5 2150/2878/5 2151/3612/5
f 2155/3613/4 2154/2781/4 2157/3614/4
f 2162/3616/174 2157/3563/174 2154/3564/174
f 2165/3618/1 2156/5856/1 2157/3619/1
f 2163/3621/2 2164/3604/2 2154/3622/2
f 2150/3624/2 2159/3606/2 2160/3605/2
f 2153/3626/1 2161/3634/1 2158/3627/1
f 2152/3442/6 2158/3441/6 2159/3629/6
f 2180/3631/2 2179/3648/2 2176/3632/2
f 2161/3634/1 2165/3618/1 2162/3620/1
f 2162/3635/175 2164/5857/175 2159/3636/175
f 2168/3638/5 2166/3898/5 2167/3560/5
f 2171/3639/4 2170/5858/4 2173/3640/4
f 2178/3642/174 2173/4032/174 2170/3643/174
f 2181/3645/1 2172/3702/1 2173/3646/1
f 2179/3648/2 2180/3631/2 2170/3649/2
f 2166/3651/2 2175/3633/2 2176/3632/2
f 2169/3652/1 2177/3661/1 2174/3653/1
f 2168/3655/6 2174/5859/6 2175/3656/6
f 2196/3658/2 2195/3676/2 2192/3659/2
f 2177/3661/1 2181/3645/1 2178/3647/1
f 2178/3662/175 2180/5860/175 2175/3663/175
f 2184/3665/5 2182/5861/5 2183/3666/5
f 2187/3667/4 2186/5862/4 2189/3668/4
f 2194/3670/174 2189/5863/174 2186/3671/174
f 2197/3673/1 2188/5864/1 2189/3674/1
f 2195/3676/2 2196/3658/2 2186/3677/2
f 2182/3679/2 2191/3660/2 2192/3659/2
f 2185/3339/1 2193/3686/1 2190/3680/1
f 2184/2753/6 2190/5865/6 2191/3682/6
f 2212/3683/6 2211/3697/6 2208/3684/6
f 2193/3686/1 2197/3673/1 2194/3675/1
f 2194/3687/175 2196/5866/175 2191/3422/175
f 2200/3395/5 2198/3394/5 2199/3586/5
f 2203/3689/4 2202/5867/4 2205/3690/4
f 2210/3691/176 2205/5868/176 2202/3692/176
f 2213/3694/3 2204/3652/3 2205/3695/3
f 2211/3697/6 2212/3683/6 2202/3698/6
f 2198/3700/6 2207/3685/6 2208/3684/6
f 2201/3702/3 2209/3711/3 2206/3703/3
f 2200/3705/1 2206/5869/1 2207/3706/1
f 2228/3708/6 2227/3724/6 2224/3709/6
f 2209/3711/3 2213/3694/3 2210/3696/3
f 2210/3712/177 2212/5870/177 2207/3713/177
f 2216/3715/5 2214/5871/5 2215/3716/5
f 2219/3256/4 2218/3255/4 2221/3717/4
f 2226/3719/176 2221/5872/176 2218/3434/176
f 2229/3721/3 2220/2775/3 2221/3722/3
f 2227/3724/6 2228/3708/6 2218/3725/6
f 2214/3727/6 2223/3710/6 2224/3709/6
f 2217/3729/3 2225/3737/3 2222/3730/3
f 2216/3732/1 2222/5873/1 2223/3733/1
f 2244/3734/6 2243/3751/6 2240/3735/6
f 2225/3737/3 2229/3721/3 2226/3723/3
f 2226/3738/177 2228/5874/177 2223/3739/177
f 2233/3741/5 2232/5875/5 2230/3742/5
f 2236/3744/4 2235/5876/4 2234/3469/4
f 2242/3693/176 2237/3692/176 2234/3746/176
f 2245/3748/3 2236/5877/3 2237/3749/3
f 2243/3751/6 2244/3734/6 2234/3752/6
f 2230/3548/6 2239/3736/6 2240/3735/6
f 2233/3755/3 2241/3764/3 2238/3756/3
f 2232/3758/1 2238/2792/1 2239/3759/1
f 2260/3761/6 2259/3779/6 2256/3762/6
f 2241/3764/3 2245/3748/3 2242/3750/3
f 2242/3765/177 2244/5878/177 2239/3766/177
f 2248/3768/5 2246/5879/5 2247/3769/5
f 2251/3770/4 2250/5880/4 2253/3771/4
f 2258/3773/176 2253/5881/176 2250/3774/176
f 2261/3776/3 2252/3236/3 2253/3777/3
f 2259/3779/6 2260/3761/6 2250/3780/6
f 2246/3174/6 2255/3763/6 2256/3762/6
f 2249/3783/3 2257/3792/3 2254/3784/3
f 2248/3786/1 2254/5882/1 2255/3787/1
f 2276/3789/6 2275/3807/6 2272/3790/6
f 2257/3792/3 2261/3776/3 2258/3778/3
f 2258/3793/177 2260/5883/177 2255/3794/177
f 2265/3478/5 2264/3824/5 2262/3796/5
f 2268/3798/4 2267/4737/4 2266/3799/4
f 2274/3801/176 2269/2941/176 2266/3802/176
f 2277/3804/3 2268/5884/3 2269/3805/3
f 2275/3807/6 2276/3789/6 2266/3808/6
f 2262/3258/6 2271/3791/6 2272/3790/6
f 2265/3811/3 2273/3819/3 2270/3812/3
f 2264/2705/1 2270/3733/1 2271/3814/1
f 2292/3816/6 2291/3831/6 2288/3817/6
f 2273/3819/3 2277/3804/3 2274/3806/3
f 2274/3820/177 2276/5885/177 2271/3821/177
f 2280/3823/5 2278/5886/5 2279/3796/5
f 2283/3753/4 2282/5887/4 2285/3825/4
f 2290/3827/176 2285/5888/176 2282/3803/176
f 2293/3828/3 2284/5889/3 2285/3829/3
f 2291/3831/6 2292/3816/6 2282/3832/6
f 2278/3834/6 2287/3818/6 2288/3817/6
f 2281/3836/3 2289/3844/3 2286/3837/3
f 2280/3839/1 2286/5890/1 2287/3840/1
f 2308/3841/6 2307/3859/6 2304/3842/6
f 2289/3844/3 2293/3828/3 2290/3830/3
f 2290/3845/177 2292/5891/177 2287/3846/177
f 2296/3848/5 2294/5892/5 2295/3849/5
f 2299/3851/4 2298/5893/4 2301/3852/4
f 2306/3854/176 2301/5894/176 2298/3491/176
f 2309/3856/3 2300/5895/3 2301/3857/3
f 2307/3859/6 2308/3841/6 2298/3860/6
f 2294/3862/6 2303/3843/6 2304/3842/6
f 2297/2868/3 2305/3868/3 2302/3864/3
f 2296/3866/1 2302/5896/1 2303/3867/1
f 2305/3868/3 2309/3856/3 2306/3858/3
f 2306/3869/177 2308/5897/177 2303/3870/177
f 2312/3872/5 2310/3946/5 2311/2938/5
f 2315/3229/4 2314/5898/4 2317/3873/4
f 2322/3874/174 2317/2795/174 2314/3875/174
f 2325/3877/1 2316/5899/1 2317/3878/1
f 2323/3880/2 2324/3100/2 2314/3881/2
f 2310/2877/2 2319/3102/2 2320/3101/2
f 2313/3884/1 2321/3893/1 2318/3885/1
f 2312/3887/6 2318/4017/6 2319/3888/6
f 2340/3890/2 2339/3907/2 2336/3891/2
f 2321/3893/1 2325/3877/1 2322/3879/1
f 2322/3894/333 2324/5900/333 2319/3895/333
f 2328/3897/5 2326/3138/5 2327/3898/5
f 2331/3899/4 2330/5901/4 2333/3900/4
f 2338/3009/174 2333/5902/174 2330/3902/174
f 2341/3904/1 2332/3951/1 2333/3905/1
f 2339/3907/2 2340/3890/2 2330/3908/2
f 2326/3910/2 2335/3892/2 2336/3891/2
f 2329/3912/1 2337/3919/1 2334/3913/1
f 2328/3329/6 2334/5903/6 2335/3915/6
f 2356/3916/2 2355/3931/2 2352/3917/2
f 2337/3919/1 2341/3904/1 2338/3906/1
f 2338/3336/333 2340/5904/333 2335/3920/333
f 2344/2703/5 2342/2702/5 2343/3922/5
f 2347/3923/4 2346/5905/4 2349/3815/4
f 2354/3925/174 2349/5906/174 2346/3926/174
f 2357/3928/1 2348/5907/1 2349/3929/1
f 2355/3931/2 2356/3916/2 2346/3932/2
f 2342/3934/2 2351/3918/2 2352/3917/2
f 2345/3628/1 2353/3943/1 2350/3936/1
f 2344/3937/6 2350/5908/6 2351/3938/6
f 2372/3940/2 2371/3955/2 2368/3941/2
f 2353/3943/1 2357/3928/1 2354/3930/1
f 2354/3944/333 2356/5909/333 2351/2906/333
f 2360/3946/5 2358/3872/5 2359/3310/5
f 2363/3947/4 2362/5910/4 2365/3948/4
f 2370/3950/174 2365/3925/174 2362/3927/174
f 2373/3952/1 2364/5911/1 2365/3953/1
f 2371/3955/2 2372/3940/2 2362/3956/2
f 2358/3477/2 2367/3942/2 2368/3941/2
f 2361/3572/1 2369/3967/1 2366/3959/1
f 2360/3961/6 2366/5912/6 2367/3962/6
f 2388/3964/2 2387/3980/2 2384/3965/2
f 2369/3967/1 2373/3952/1 2370/3954/1
f 2370/3968/175 2372/5913/175 2367/3969/175
f 2376/3282/5 2374/3281/5 2375/3054/5
f 2379/3971/4 2378/5914/4 2381/3972/4
f 2386/3974/174 2381/4004/174 2378/3975/174
f 2389/3977/1 2380/5915/1 2381/3978/1
f 2387/3980/2 2388/3964/2 2378/3981/2
f 2374/3983/2 2383/3966/2 2384/3965/2
f 2377/3985/1 2385/3993/1 2382/3986/1
f 2376/3988/6 2382/5916/6 2383/3989/6
f 2404/3990/2 2403/4009/2 2400/3991/2
f 2385/3993/1 2389/3977/1 2386/3979/1
f 2386/3994/333 2388/5917/333 2383/3995/333
f 2392/3997/5 2390/5918/5 2391/3998/5
f 2395/4000/4 2394/5919/4 2397/4001/4
f 2402/4003/174 2397/3975/174 2394/4004/174
f 2405/4006/1 2396/5920/1 2397/4007/1
f 2403/4009/2 2404/3990/2 2394/4010/2
f 2390/4012/2 2399/3992/2 2400/3991/2
f 2393/3137/1 2401/4021/1 2398/4014/1
f 2392/4016/6 2398/5921/6 2399/4017/6
f 2420/4018/2 2419/4037/2 2416/4019/2
f 2401/4021/1 2405/4006/1 2402/4008/1
f 2402/4022/175 2404/5922/175 2399/4023/175
f 2408/4025/5 2406/3107/5 2407/4026/5
f 2411/4028/4 2410/5923/4 2413/4029/4
f 2418/4031/174 2413/5924/174 2410/4032/174
f 2421/4034/1 2412/5925/1 2413/4035/1
f 2419/4037/2 2420/4018/2 2410/4038/2
f 2406/2985/2 2415/4020/2 2416/4019/2
f 2409/3935/1 2417/4046/1 2414/4040/1
f 2408/4042/6 2414/5926/6 2415/3657/6
f 2436/4043/6 2435/4057/6 2432/4044/6
f 2417/4046/1 2421/4034/1 2418/4036/1
f 2418/4047/333 2420/5927/333 2415/4048/333
f 2424/3507/5 2422/5928/5 2423/4050/5
f 2427/4051/4 2426/5929/4 2429/3425/4
f 2434/4052/176 2429/5930/176 2426/3463/176
f 2437/4054/3 2428/5931/3 2429/4055/3
f 2435/4057/6 2436/4043/6 2426/4058/6
f 2422/4059/6 2431/4045/6 2432/4044/6
f 2425/4061/3 2433/4067/3 2430/4062/3
f 2424/3285/1 2430/5932/1 2431/4063/1
f 2452/4064/6 2451/4080/6 2448/4065/6
f 2433/4067/3 2437/4054/3 2434/4056/3
f 2434/4068/177 2436/5933/177 2431/4069/177
f 2440/4071/5 2438/5934/5 2439/4072/5
f 2443/4074/4 2442/5935/4 2445/4075/4
f 2450/4076/176 2445/5936/176 2442/3903/176
f 2453/4077/3 2444/5937/3 2445/4078/3
f 2451/4080/6 2452/4064/6 2442/4081/6
f 2438/4082/6 2447/4066/6 2448/4065/6
f 2441/4084/3 2449/4093/3 2446/4085/3
f 2440/4087/1 2446/5938/1 2447/4088/1
f 2468/4090/6 2467/4107/6 2464/4091/6
f 2449/4093/3 2453/4077/3 2450/4079/3
f 2450/4094/177 2452/5939/177 2447/4095/177
f 2457/4097/5 2456/5861/5 2454/3665/5
f 2460/4099/4 2459/3308/4 2458/4100/4
f 2466/3747/176 2461/3746/176 2458/4102/176
f 2469/4104/3 2460/5940/3 2461/4105/3
f 2467/4107/6 2468/4090/6 2458/4108/6
f 2454/4110/6 2463/4092/6 2464/4091/6
f 2457/4112/3 2465/4120/3 2462/4113/3
f 2456/3760/1 2462/3759/1 2463/4115/1
f 2484/4117/6 2483/4131/6 2480/4118/6
f 2465/4120/3 2469/4104/3 2466/4106/3
f 2466/4121/177 2468/5941/177 2463/4122/177
f 2472/3109/5 2470/3108/5 2471/3850/5
f 2475/4124/4 2474/4115/4 2477/3759/4
f 2482/4126/176 2477/3719/176 2474/3720/176
f 2485/4128/3 2476/5942/3 2477/4129/3
f 2483/4131/6 2484/4117/6 2474/4132/6
f 2470/3835/6 2479/4119/6 2480/4118/6
f 2473/4135/3 2481/4143/3 2478/4136/3
f 2472/4138/1 2478/5943/1 2479/4139/1
f 2500/4140/6 2499/4155/6 2496/4141/6
f 2481/4143/3 2485/4128/3 2482/4130/3
f 2482/2817/177 2484/5944/177 2479/4144/177
f 2489/3505/5 2488/5934/5 2486/4071/5
f 2492/4147/4 2491/5945/4 2490/4148/4
f 2498/4150/176 2493/4052/176 2490/4053/176
f 2501/4152/3 2492/5946/3 2493/4153/3
f 2499/4155/6 2500/4140/6 2490/4156/6
f 2486/4158/6 2495/4142/6 2496/4141/6
f 2489/4160/3 2497/4169/3 2494/4161/3
f 2488/4163/1 2494/5947/1 2495/4164/1
f 2516/4166/6 2515/4179/6 2512/4167/6
f 2497/4169/3 2501/4152/3 2498/4154/3
f 2498/4170/177 2500/5948/177 2495/4171/177
f 2504/3140/5 2502/3139/5 2503/4073/5
f 2507/3344/4 2506/5949/4 2509/4173/4
f 2514/4174/176 2509/5950/176 2506/2952/176
f 2517/4176/3 2508/5951/3 2509/4177/3
f 2515/4179/6 2516/4166/6 2506/4180/6
f 2502/4182/6 2511/4168/6 2512/4167/6
f 2505/4184/3 2513/4191/3 2510/4185/3
f 2504/3255/1 2510/3840/1 2511/3727/1
f 2532/4188/6 2531/4204/6 2528/4189/6
f 2513/4191/3 2517/4176/3 2514/4178/3
f 2514/4192/177 2516/5952/177 2511/4193/177
f 2520/4195/5 2518/3337/5 2519/4196/5
f 2523/4198/4 2522/4816/4 2525/4199/4
f 2530/2941/176 2525/3801/176 2522/3235/176
f 2533/4201/3 2524/5953/3 2525/4202/3
f 2531/4204/6 2532/4188/6 2522/4205/6
f 2518/4207/6 2527/4190/6 2528/4189/6
f 2521/4209/3 2529/4214/3 2526/4210/3
f 2520/2821/1 2526/4139/1 2527/3700/1
f 1876/4212/3 1875/3119/3 1872/3123/3
f 2529/4214/3 2533/4201/3 2530/4203/3
f 2530/4215/177 2532/5954/177 2527/4216/177
f 1652/4218/1 1651/2713/1 1648/2717/1
f 2536/4220/2 2537/5955/2 2535/4221/2
f 2538/4223/1 2539/5956/1 2541/4224/1
f 2534/4226/6 2535/87/6 2539/4227/6
f 2534/12/4 2538/11/4 2540/77/4
f 2539/291/5 2535/5957/5 2537/4230/5
f 2543/4231/1 2544/5958/1 1567/4232/1
f 1576/4233/6 1570/5959/6 1567/4234/6
f 2558/4235/1 2555/4260/1 1573/4236/1
f 2542/2587/3 1571/2586/3 1575/4238/3
f 2569/4240/3 2568/5960/3 2552/4241/3
f 2545/4243/1 2546/4244/1 1568/4237/1
f 1567/4232/1 2544/5958/1 2545/4243/1
f 2546/4244/1 2543/4231/1 1572/2598/1
f 2562/4245/6 2559/5961/6 2543/4246/6
f 2548/4248/1 2547/2597/1 1575/2599/1
f 1568/4237/1 2550/4250/1 2548/4248/1
f 1572/2598/1 2549/5700/1 2550/4250/1
f 2571/4251/5 2572/4457/5 2556/4252/5
f 2554/4254/1 2553/2600/1 1581/2602/1
f 2551/4255/1 2554/4254/1 1568/4237/1
f 2552/4256/1 2551/4255/1 1573/4236/1
f 2563/4257/4 2565/5962/4 2549/4258/4
f 2555/4260/1 2556/4263/1 1574/4261/1
f 2557/4262/1 2558/4235/1 1568/4237/1
f 2556/4263/1 2557/4262/1 1571/4249/1
f 2589/4264/1 2590/4273/1 2574/4265/1
f 2575/4267/1 2576/4321/1 2560/4268/1
f 2582/4270/1 2580/4329/1 2564/4271/1
f 2590/4273/1 2587/4331/1 2571/4274/1
f 2565/4275/3 2566/5963/3 2550/4276/3
f 2572/4278/6 2573/5964/6 2557/4279/6
f 2561/4281/5 2562/4461/5 2546/4282/5
f 2567/4284/6 2570/4460/6 2554/4285/6
f 2566/4287/5 2564/4431/5 2548/4253/5
f 2574/4288/3 2571/5965/3 2555/4289/3
f 2570/4291/4 2569/4467/4 2553/4292/4
f 2573/4294/4 2574/4435/4 2558/4295/4
f 2559/4297/4 2560/5966/4 2544/4298/4
f 2564/4299/6 2563/5967/6 2547/4300/6
f 2560/4302/3 2561/5968/3 2545/4303/3
f 2568/4305/5 2567/4432/5 2551/4283/5
f 2597/4306/3 2598/5969/3 2582/4307/3
f 2604/4309/6 2605/4364/6 2589/4310/6
f 2595/4312/4 2597/4512/4 2581/4313/4
f 2603/4315/5 2604/4350/5 2588/4316/5
f 2584/4318/1 2583/5970/1 2567/4319/1
f 2576/4321/1 2577/5971/1 2561/4322/1
f 2585/4323/1 2584/4318/1 2568/4320/1
f 2562/4325/1 2578/4328/1 2575/4267/1
f 2567/4319/1 2583/5970/1 2586/4326/1
f 2561/4322/1 2577/5971/1 2578/4328/1
f 2586/4326/1 2585/4323/1 2569/4324/1
f 2580/4329/1 2579/5972/1 2563/4330/1
f 2587/4331/1 2588/4335/1 2572/4332/1
f 2563/4330/1 2579/5972/1 2581/4333/1
f 2588/4335/1 2589/4264/1 2573/4266/1
f 2581/4333/1 2582/4270/1 2566/4272/1
f 2594/4336/1 2593/5973/1 2592/4337/1
f 2597/4339/1 2595/5974/1 2596/4340/1
f 2599/4342/1 2600/5975/1 2601/4343/1
f 2603/4337/1 2606/5976/1 2605/4345/1
f 2606/4346/3 2603/4477/3 2587/4347/3
f 2598/4349/5 2596/4519/5 2580/4350/5
f 2591/4314/4 2592/4313/4 2576/4351/4
f 2605/4353/4 2606/5977/4 2590/4354/4
f 2600/4356/5 2599/4315/5 2583/4317/5
f 2592/4358/3 2593/4476/3 2577/4359/3
f 2601/4359/3 2600/4477/3 2584/4361/3
f 2594/4363/6 2591/4510/6 2575/4364/6
f 2599/4365/6 2602/4363/6 2586/4309/6
f 2593/4367/5 2594/4514/5 2578/4368/5
f 2602/4370/4 2601/5978/4 2585/4369/4
f 2596/4371/6 2595/5979/6 2579/4372/6
f 2621/4374/1 2622/4384/1 1029/1714/1
f 2620/4375/1 2621/4374/1 1028/1726/1
f 2619/4376/2 2613/4524/2 1019/4377/2
f 2611/4378/1 2620/4375/1 1018/1720/1
f 2617/4380/8 2618/4528/8 1014/4381/8
f 2616/4382/10 2619/4529/10 1016/4383/10
f 2622/4384/1 2617/4380/1 1015/1708/1
f 2618/4385/3 2616/4382/3 1013/1711/3
f 999/1672/1 2615/4393/1 2614/4386/1
f 998/1687/1 2614/4386/1 2612/4387/1
f 1019/4377/2 2613/4524/2 2610/4388/2
f 991/1682/1 2612/4387/1 2611/4378/1
f 988/4389/7 2609/4533/7 2608/4390/7
f 990/4391/9 2610/4534/9 2607/4392/9
f 989/1666/1 2608/4390/1 2615/4393/1
f 987/1669/6 2607/4392/6 2609/4394/6
f 2636/4395/3 2631/5980/3 2628/4396/3
f 2627/4398/5 2634/5981/5 2629/4399/5
f 2635/4400/4 2626/5982/4 2623/4401/4
f 2626/4403/6 2633/4414/6 2638/4404/6
f 2644/4406/1 2646/5983/1 2629/4407/1
f 2638/4249/1 2650/5984/1 2649/4409/1
f 2629/4399/5 2634/5981/5 2637/4410/5
f 2631/4412/4 2636/5985/4 2635/4400/4
f 2640/4413/1 2641/5986/1 2624/2599/1
f 2633/4414/6 2627/5697/6 2624/2585/6
f 2625/4415/1 2655/5987/1 2652/4416/1
f 2639/4397/3 2628/4396/3 2632/4418/3
f 2666/4420/3 2665/5988/3 2649/4421/3
f 2638/4249/1 2642/4424/1 2643/4423/1
f 2624/2599/1 2641/5986/1 2642/4424/1
f 2643/4423/1 2640/4413/1 2629/4407/1
f 2659/4425/6 2656/5989/6 2640/4426/6
f 2645/4428/1 2644/4406/1 2632/4408/1
f 2625/4415/1 2647/4430/1 2645/4428/1
f 2629/4407/1 2646/5983/1 2647/4430/1
f 2668/4431/5 2669/4287/5 2653/4432/5
f 2651/4433/1 2650/5984/1 2638/4249/1
f 2648/4434/1 2651/4433/1 2625/4415/1
f 2649/4409/1 2648/4434/1 2630/4417/1
f 2660/4435/4 2662/4294/4 2646/4436/4
f 2652/4416/1 2653/4440/1 2631/4438/1
f 2654/4439/1 2655/5987/1 2625/4415/1
f 2653/4440/1 2654/4439/1 2628/4429/1
f 2686/4441/1 2687/4450/1 2671/4442/1
f 2672/4444/1 2673/4486/1 2657/4445/1
f 2679/4447/1 2677/5990/1 2661/4448/1
f 2687/4450/1 2684/4494/1 2668/2605/1
f 2662/4451/3 2663/5991/3 2647/4452/3
f 2669/4454/6 2670/5992/6 2654/4455/6
f 2658/4457/5 2659/4251/5 2643/4458/5
f 2664/4459/6 2667/5993/6 2651/4460/6
f 2663/4461/5 2661/4281/5 2645/4462/5
f 2671/4464/3 2668/4278/3 2652/4280/3
f 2667/4466/4 2666/4469/4 2650/4293/4
f 2670/4467/4 2671/4291/4 2655/4259/4
f 2656/4469/4 2657/4466/4 2641/4437/4
f 2661/4470/6 2660/5994/6 2644/4471/6
f 2657/4473/3 2658/4240/3 2642/4242/3
f 2665/4475/5 2664/5995/5 2648/4463/5
f 2694/4476/3 2695/4347/3 2679/4477/3
f 2701/4478/6 2702/4361/6 2686/4477/6
f 2692/4479/4 2694/4349/4 2678/4315/4
f 2700/4480/5 2701/4520/5 2685/4481/5
f 2681/4483/1 2680/5996/1 2664/4484/1
f 2673/4486/1 2674/5997/1 2658/4487/1
f 2682/4488/1 2681/4483/1 2665/4485/1
f 2659/4489/1 2675/4491/1 2672/4444/1
f 2664/4484/1 2680/5996/1 2683/4490/1
f 2658/4487/1 2674/5997/1 2675/4491/1
f 2683/4490/1 2682/4488/1 2666/4487/1
f 2661/4448/1 2677/5990/1 2676/4492/1
f 2684/4494/1 2685/5998/1 2669/4495/1
f 2660/4493/1 2676/4492/1 2678/4496/1
f 2669/4495/1 2685/5998/1 2686/4441/1
f 2678/4496/1 2679/4447/1 2663/4449/1
f 2691/4498/1 2690/4501/1 2689/4499/1
f 2694/4501/1 2692/4498/1 2693/4502/1
f 2696/4504/1 2697/5999/1 2698/4505/1
f 2703/4507/1 2702/6000/1 2701/4508/1
f 2703/4510/3 2700/4478/3 2684/4346/3
f 2695/4350/5 2693/4360/5 2677/4511/5
f 2688/4355/4 2689/4354/4 2673/4352/4
f 2702/4482/4 2703/4481/4 2687/4512/4
f 2697/4513/5 2696/6001/5 2680/4514/5
f 2689/4515/3 2690/6002/3 2674/4516/3
f 2698/4348/3 2697/4310/3 2681/4364/3
f 2691/4366/6 2688/4309/6 2672/4311/6
f 2696/4362/6 2699/4511/6 2683/4360/6
f 2690/4519/5 2691/4358/5 2675/4360/5
f 2699/4520/4 2698/4480/4 2682/4521/4
f 2693/4522/6 2692/4371/6 2676/4373/6
f 2718/1724/1 2719/1695/1 2622/4384/1
f 2717/1700/1 2718/1724/1 2621/4374/1
f 2716/1702/2 2712/1656/2 2613/4524/2
f 2723/4525/5 2721/4538/5 2611/4526/5
f 2707/1694/8 2715/1699/8 2618/4528/8
f 2706/1691/10 2716/1697/10 2619/4529/10
f 2622/4384/1 2719/1695/1 2707/1694/1
f 2715/1692/3 2706/1691/3 2616/4382/3
f 2615/4393/1 2714/1648/1 2713/1684/1
f 2614/4386/1 2713/1684/1 2711/1653/1
f 2613/4524/2 2712/1656/2 2709/1658/2
f 2722/4530/3 2723/6003/3 2612/4531/3
f 2609/4533/7 2708/1651/7 2705/1646/7
f 2610/4534/9 2709/1649/9 2704/1643/9
f 2608/4390/1 2705/1646/1 2714/1648/1
f 2607/4392/6 2704/1643/6 2708/1645/6
f 2720/1677/1 2724/1718/1 2725/4535/1
f 2723/4537/1 2722/1675/1 2720/1677/1
f 2721/4538/5 2725/6004/5 2620/4539/5
f 2720/4540/4 2722/6005/4 2711/4541/4
f 2725/4543/6 2724/6006/6 2717/4544/6
f 2724/4546/4 2720/4540/4 2710/4542/4
f 2728/4548/6 2729/6007/6 2727/4549/6
f 2744/4551/2 2745/6008/2 2729/4552/2
f 2726/4554/334 2727/6009/334 2743/4555/334
f 2728/4557/4 2726/6010/4 2742/4558/4
f 2745/4560/5 2743/4590/5 2727/4561/5
f 2732/4563/4 2733/6011/4 2731/4564/4
f 2732/2571/2 2736/2573/2 2737/4566/2
f 2734/4568/5 2735/6012/5 2737/4569/5
f 2734/4571/324 2730/6013/324 2731/4572/324
f 2730/2580/325 2734/6014/325 2736/4574/325
f 2737/4575/326 2735/6015/326 2731/4576/326
f 2739/4578/3 2741/6016/3 2740/4579/3
f 2741/4581/2 2745/6008/2 2744/4551/2
f 2745/4583/6 2743/6017/6 2742/4584/6
f 2743/4555/335 2739/6018/335 2738/4586/335
f 2744/4559/4 2742/4558/4 2738/4587/4
f 2745/4560/5 2741/6010/5 2739/4589/5
f 2747/4591/4 2749/6019/4 2748/4592/4
f 2748/4594/2 2749/6020/2 2753/4595/2
f 2753/4597/5 2751/6021/5 2750/4598/5
f 2750/4600/151 2751/6022/151 2747/4601/151
f 2752/4603/331 2750/6023/331 2746/2551/331
f 2753/4605/332 2749/5686/332 2747/4606/332
f 2759/4607/4 2761/6024/4 2757/4608/4
f 2759/4610/3 2758/6025/3 2760/4611/3
f 2761/4613/2 2760/6026/2 2756/4614/2
f 2756/235/5 2760/6027/5 2758/4616/5
f 2757/4618/6 2756/5091/6 2754/4619/6
f 2763/4621/5 2784/6028/5 2782/4622/5
f 2789/4624/4 2788/6029/4 2765/4625/4
f 2763/4626/2 2765/6030/2 2788/4627/2
f 2782/4629/1 2789/6031/1 2764/4630/1
f 2762/4632/6 2764/4663/6 2765/4633/6
f 2773/4635/5 2771/4676/5 2767/4636/5
f 2768/4638/4 2772/6032/4 2770/4639/4
f 2771/4641/1 2773/6033/1 2772/4642/1
f 2766/4644/6 2767/6034/6 2771/4645/6
f 2770/4647/2 2769/6035/2 2767/4648/2
f 2777/4650/5 2776/6036/5 2774/4651/5
f 2781/4653/4 2780/6037/4 2779/4654/4
f 2777/4656/6 2779/4625/6 2780/4657/6
f 2774/4659/3 2781/6038/3 2778/4660/3
f 2775/4662/1 2778/6039/1 2779/4663/1
f 2782/4622/5 2784/6028/5 2785/4665/5
f 2787/4667/4 2788/6029/4 2789/4624/4
f 2788/4627/2 2787/2699/2 2785/4669/2
f 2786/4670/1 2789/6031/1 2782/4629/1
f 2787/4632/3 2786/4634/3 2783/4672/3
f 2791/4674/5 2795/6040/5 2797/4635/5
f 2794/4639/4 2796/6041/4 2792/4675/4
f 2796/4677/1 2797/6042/1 2795/4678/1
f 2795/4680/3 2791/6043/3 2790/4654/3
f 2791/4682/2 2793/6044/2 2794/4683/2
f 2798/4685/5 2800/6045/5 2801/4686/5
f 2803/4688/4 2804/6046/4 2805/4689/4
f 2804/4691/3 2803/6047/3 2801/4692/3
f 2802/4694/6 2805/6048/6 2798/4695/6
f 2803/4662/1 2802/4664/1 2799/4697/1
f 2806/3571/2 2808/6049/2 2811/4699/2
f 2811/4701/4 2810/4792/4 2812/4702/4
f 2809/4704/1 2807/5788/1 2812/4705/1
f 2808/4707/5 2806/4835/5 2807/4708/5
f 2808/4710/6 2809/6050/6 2810/4711/6
f 2807/4713/3 2806/6051/3 2813/4658/3
f 2817/4715/4 2815/4701/4 2814/4716/4
f 2821/4718/5 2820/4748/5 2818/4719/5
f 2818/4721/3 2820/6052/3 2815/3596/3
f 2819/4723/1 2818/6053/1 2817/4724/1
f 2821/3152/6 2819/6054/6 2816/4726/6
f 2820/4728/2 2821/6055/2 2814/4729/2
f 2825/4731/4 2823/6056/4 2822/4717/4
f 2829/4732/5 2828/6057/5 2826/4733/5
f 2826/4735/3 2828/6058/3 2823/4736/3
f 2827/4680/1 2826/6059/1 2825/4738/1
f 2829/4740/6 2827/6060/6 2824/4741/6
f 2828/4743/2 2829/6061/2 2822/4744/2
f 2833/4701/4 2831/4703/4 2830/4746/4
f 2837/4747/5 2836/4764/5 2834/4748/5
f 2834/4749/3 2836/5810/3 2831/4750/3
f 2835/4751/1 2834/6048/1 2833/4752/1
f 2837/4754/6 2835/6062/6 2832/4755/6
f 2836/4757/2 2837/4824/2 2830/4758/2
f 2841/4760/4 2839/6063/4 2838/4761/4
f 2845/4763/5 2844/4748/5 2842/4764/5
f 2842/2835/3 2844/6064/3 2839/4766/3
f 2843/4768/1 2842/6065/1 2841/4712/1
f 2845/4769/6 2843/6066/6 2840/4770/6
f 2844/4772/2 2845/4802/2 2838/4773/2
f 2849/4716/4 2847/4746/4 2846/4775/4
f 2853/4776/5 2852/4747/5 2850/4718/5
f 2850/3934/3 2852/2881/3 2847/4778/3
f 2851/4691/1 2850/6067/1 2849/4780/1
f 2853/4782/6 2851/6068/6 2848/4783/6
f 2852/4785/2 2853/4838/2 2846/4786/2
f 2854/4788/2 2856/6069/2 2859/4789/2
f 2858/4701/4 2860/4715/4 2861/4791/4
f 2857/4793/1 2855/6070/1 2860/4794/1
f 2854/4796/5 2855/4807/5 2857/4797/5
f 2856/4799/6 2857/6071/6 2858/4800/6
f 2855/4802/3 2854/4772/3 2861/4803/3
f 2865/4805/4 2863/4748/4 2862/4763/4
f 2869/4807/5 2868/4796/5 2866/4707/5
f 2866/4808/1 2868/6072/1 2863/4809/1
f 2867/4810/6 2866/6073/6 2865/4811/6
f 2869/4813/2 2867/6074/2 2864/4814/2
f 2868/4816/3 2869/6075/3 2862/4817/3
f 2872/4719/4 2873/4806/4 2871/4775/4
f 2875/4819/5 2877/4747/5 2876/4776/5
f 2874/4821/1 2876/6076/1 2871/4822/1
f 2875/4824/6 2874/4757/6 2873/4825/6
f 2877/4827/2 2875/6077/2 2872/4828/2
f 2876/4830/3 2877/6078/3 2870/4831/3
f 2881/4833/4 2879/4777/4 2878/4718/4
f 2885/4834/5 2884/4847/5 2882/4708/5
f 2882/4812/1 2884/6079/1 2879/4836/1
f 2883/4838/6 2882/4785/6 2881/4839/6
f 2885/3624/2 2883/6080/2 2880/4841/2
f 2884/4842/3 2885/6081/3 2878/4843/3
f 2889/4703/4 2887/4720/4 2886/4719/4
f 2893/4846/5 2892/6082/5 2890/4847/5
f 2890/4848/1 2892/6083/1 2887/4849/1
f 2891/4851/6 2890/6084/6 2889/4852/6
f 2893/3543/2 2891/4149/2 2888/4854/2
f 2892/4030/3 2893/6085/3 2886/4856/3
f 2917/4858/5 2914/4900/5 2919/4859/5
f 2921/4861/1 2918/6086/1 2895/4862/1
f 2915/4864/2 2916/6087/2 2896/4865/2
f 2894/4867/4 2895/6088/4 2897/4868/4
f 2894/4872/6 2896/6089/6 2917/6090/6
f 2896/6089/6 2916/6091/6 2917/6090/6
f 2917/6090/6 2920/4870/6 2894/4872/6
f 2899/4873/178 2901/6092/178 2900/4874/178
f 2901/4876/179 2903/4879/179 2902/4877/179
f 2903/4879/180 2905/6093/180 2904/4880/180
f 2905/4881/181 2907/4884/181 2906/4882/181
f 2907/4884/182 2909/6094/182 2908/4885/182
f 2909/4886/183 2911/4892/183 2910/4887/183
f 2903/4890/3 2901/6095/3 2899/6096/3
f 2899/6096/3 2913/6097/3 2903/4890/3
f 2913/6097/3 2911/4891/3 2903/4890/3
f 2911/4891/3 2909/6098/3 2907/6099/3
f 2907/6099/3 2905/4889/3 2911/4891/3
f 2911/4892/184 2913/6100/184 2912/4893/184
f 2913/4894/185 2899/4873/185 2898/4875/185
f 2912/4896/6 2898/6101/6 2900/4897/6
f 2900/4897/6 2902/6102/6 2904/4898/6
f 2904/4898/6 2906/6103/6 2908/6104/6
f 2908/6104/6 2910/6105/6 2904/4898/6
f 2910/6105/6 2912/4896/6 2904/4898/6
f 2917/4858/186 2916/6106/186 2915/4899/186
f 2919/4859/187 2918/6107/187 2921/4867/187
f 2897/4903/3 2895/6108/3 2919/6109/3
f 2895/6108/3 2918/6110/3 2919/6109/3
f 2919/6109/3 2914/4901/3 2897/4903/3
f 2941/4904/188 2943/6111/188 2923/4905/188
f 2943/4907/3 2945/6112/3 2924/4908/3
f 2945/4910/189 2947/4913/189 2925/4911/189
f 2947/4913/190 2949/4945/190 2926/4914/190
f 2949/4915/6 2951/6113/6 2927/4916/6
f 2951/4918/191 2941/4904/191 2922/4906/191
f 2926/4914/336 2932/6114/336 2931/4920/336
f 2923/4909/3 2924/4908/3 2930/4921/3
f 2927/4916/6 2933/4931/6 2932/4923/6
f 2922/4906/337 2923/4905/337 2929/4924/337
f 2924/4912/338 2925/4911/338 2931/4920/338
f 2922/4906/339 2928/4925/339 2933/4927/339
f 2928/4928/340 2934/6115/340 2939/4929/340
f 2933/4931/6 2939/6116/6 2938/4932/6
f 2937/4933/341 2936/6117/341 2930/4934/341
f 2932/4936/342 2938/6118/342 2937/4933/342
f 2936/4932/3 2935/6116/3 2929/4922/3
f 2935/4937/343 2934/6115/343 2928/4928/343
f 2942/4939/188 2943/6111/188 2941/4904/188
f 2944/4941/3 2945/6112/3 2943/4907/3
f 2946/4943/189 2947/4913/189 2945/4910/189
f 2946/4943/190 2948/4950/190 2949/4945/190
f 2950/4946/6 2951/6113/6 2949/4915/6
f 2940/4940/191 2941/4904/191 2951/4918/191
f 2955/4949/344 2956/6119/344 2948/4950/344
f 2942/4942/3 2953/4965/3 2954/4951/3
f 2956/4952/6 2957/4959/6 2950/4946/6
f 2940/4940/345 2952/6120/345 2953/4953/345
f 2944/4944/346 2954/6121/346 2955/4949/346
f 2957/4954/347 2952/6120/347 2940/4940/347
f 2952/4955/348 2957/5016/348 2963/4956/348
f 2962/4958/6 2963/6122/6 2957/4959/6
f 2954/4960/349 2960/5023/349 2961/4961/349
f 2956/4963/350 2955/4962/350 2961/4961/350
f 2953/4965/3 2959/6122/3 2960/4958/3
f 2952/4955/351 2958/4957/351 2959/4966/351
f 2983/4968/188 2985/6123/188 2965/4969/188
f 2985/4971/3 2987/6124/3 2966/4972/3
f 2987/4974/189 2989/4977/189 2967/4975/189
f 2989/4977/190 2991/4910/190 2968/4978/190
f 2991/4979/6 2993/6125/6 2969/4980/6
f 2969/4982/191 2993/5008/191 2983/4968/191
f 2968/4978/336 2974/4926/336 2973/4983/336
f 2965/4973/3 2966/4972/3 2972/4984/3
f 2969/4980/6 2975/4993/6 2974/4986/6
f 2964/4970/337 2965/4969/337 2971/4987/337
f 2966/4976/338 2967/4975/338 2973/4983/338
f 2964/4970/339 2970/4988/339 2975/4990/339
f 2970/4991/340 2976/6126/340 2981/4992/340
f 2975/4993/6 2981/6127/6 2980/4994/6
f 2979/4995/341 2978/6128/341 2972/4996/341
f 2974/4934/342 2980/6117/342 2979/4995/342
f 2978/4998/3 2977/6129/3 2971/4985/3
f 2977/4999/343 2976/6126/343 2970/4991/343
f 2984/5000/188 2985/6123/188 2983/4968/188
f 2986/5002/3 2987/6124/3 2985/4971/3
f 2988/5004/189 2989/4977/189 2987/4974/189
f 2990/4944/190 2991/4910/190 2989/4977/190
f 2992/5006/6 2993/6125/6 2991/4979/6
f 2982/5001/191 2983/4968/191 2993/5008/191
f 2997/5010/344 2998/6121/344 2990/4944/344
f 2984/5003/3 2995/5024/3 2996/5011/3
f 2998/5012/6 2999/5019/6 2992/5006/6
f 2982/5001/345 2994/6130/345 2995/5013/345
f 2986/5005/346 2996/6131/346 2997/5010/346
f 2999/5014/347 2994/6130/347 2982/5001/347
f 2994/5015/348 2999/4999/348 3005/5016/348
f 3004/5018/6 3005/6132/6 2999/5019/6
f 2996/5020/349 3002/6128/349 3003/5021/349
f 2998/4960/350 2997/5022/350 3003/5021/350
f 2995/5024/3 3001/6133/3 3002/5025/3
f 2994/5015/351 3000/5017/351 3001/4967/351
