# Blender 5.1.0
# www.blender.org
mtllib TwoStoryColumns.mtl
o 2Story_Columns
v -0.545131 1.200045 1.322285
v -0.694527 1.175649 1.307118
v -0.545131 1.200045 1.157722
v -0.694527 1.175649 1.172888
v -0.709694 1.200045 1.157722
v -0.560298 1.175649 1.307118
v -0.709694 1.200045 1.322285
v -0.560298 1.175649 1.172888
v -0.694527 0.211293 1.172888
v -0.694527 0.211293 1.307118
v -0.560298 0.211293 1.172888
v -0.560298 0.211293 1.307118
v -0.710570 0.198419 1.156846
v -0.710570 0.198419 1.323161
v -0.544255 0.198419 1.156846
v -0.544255 0.198419 1.323161
v -0.710570 0.012932 1.156846
v -0.710570 0.012932 1.323161
v -0.544255 0.012932 1.156846
v -0.544255 0.012932 1.323161
v -0.545131 1.346952 1.322285
v -0.709694 1.346952 1.322285
v -0.545131 1.346952 1.157722
v -0.709694 1.346952 1.157722
v 0.545131 1.200045 1.322285
v 0.694527 1.175649 1.307118
v 0.545131 1.200045 1.157722
v 0.694527 1.175649 1.172888
v 0.709694 1.200045 1.157722
v 0.560298 1.175649 1.307118
v 0.709694 1.200045 1.322285
v 0.560298 1.175649 1.172888
v 0.694527 0.211293 1.172888
v 0.694527 0.211293 1.307118
v 0.560298 0.211293 1.172888
v 0.560298 0.211293 1.307118
v 0.710570 0.198419 1.156846
v 0.710570 0.198419 1.323161
v 0.544255 0.198419 1.156846
v 0.544255 0.198419 1.323161
v 0.710570 0.012932 1.156846
v 0.710570 0.012932 1.323161
v 0.544255 0.012932 1.156846
v 0.544255 0.012932 1.323161
v 0.545131 1.346952 1.322285
v 0.709694 1.346952 1.322285
v 0.545131 1.346952 1.157722
v 0.709694 1.346952 1.157722
v -0.957028 0.000000 1.000000
v -1.000000 0.000000 0.957027
v -1.000000 0.000000 -0.957028
v -0.957028 -0.000000 -1.000000
v -1.000000 2.511051 1.288266
v -0.957028 2.511051 1.331239
v -0.957028 2.511051 -1.000000
v -1.000000 2.511051 -0.957028
v -0.248509 0.000000 1.000000
v -0.248509 2.511051 1.331239
v -1.000000 0.923998 -0.957028
v -1.000000 0.923998 0.957027
v -0.957028 0.923998 1.000000
v -0.957028 0.923998 -1.000000
v -0.248509 0.923998 1.000000
v -0.248509 0.000000 0.957895
v -0.248509 0.923998 0.957895
v -0.484682 0.000000 1.000000
v -0.720855 0.000000 1.000000
v -0.484682 2.511051 1.331239
v -0.720855 2.511051 1.331239
v -0.484682 0.923998 1.000000
v -0.720855 0.923998 1.000000
v 0.957028 0.000000 1.000000
v 1.000000 0.000000 0.957027
v 1.000000 0.000000 -0.957028
v 0.957028 0.000000 -1.000000
v 1.000000 2.511051 1.288266
v 0.957028 2.511051 1.331239
v 0.957028 2.511051 -1.000000
v 1.000000 2.511051 -0.957028
v 0.000000 2.511051 1.331239
v 0.248509 0.000000 1.000000
v 0.248509 2.511051 1.331239
v -0.000000 0.000000 -1.000000
v 0.000000 2.511051 -1.000000
v 1.000000 0.923998 -0.957028
v 1.000000 0.923998 0.957027
v 0.957028 0.923998 1.000000
v 0.957028 0.923998 -1.000000
v 0.000000 0.923998 1.000000
v 0.248509 0.923998 1.000000
v -0.000000 0.923998 -1.000000
v 0.000000 0.923998 0.957895
v 0.000000 0.000000 0.957895
v 0.248509 0.000000 0.957895
v 0.248509 0.923998 0.957895
v 0.484682 0.000000 1.000000
v 0.720855 0.000000 1.000000
v 0.484682 2.511051 1.331239
v 0.720855 2.511051 1.331239
v 0.484682 0.923998 1.000000
v 0.720855 0.923998 1.000000
v -1.000000 1.354615 -0.957028
v -0.957028 1.354615 1.000000
v -1.000000 1.353028 1.288266
v -0.957028 1.353028 -1.000000
v 0.000000 1.353028 1.331239
v -0.248509 1.353028 1.331239
v -0.000000 1.353028 -1.000000
v -0.484682 1.353028 1.331239
v -0.720855 1.353028 1.331239
v 1.000000 1.354615 -0.957028
v 0.957028 1.354615 1.000000
v 1.000000 1.353028 1.288266
v 0.957028 1.353028 -1.000000
v 0.248509 1.353028 1.331239
v 0.484682 1.353028 1.331239
v 0.720855 1.353028 1.331239
v 0.720855 1.354615 1.000000
v 0.484682 1.354615 1.000000
v 0.248509 1.354615 1.000000
v 0.000000 1.354615 -1.000000
v 0.957028 1.354615 -1.000000
v 0.000000 1.354615 1.000000
v 1.000000 1.354615 0.957027
v 0.957028 1.353028 1.331239
v 1.000000 1.353028 -0.957028
v -0.484682 1.354615 1.000000
v -0.720855 1.354615 1.000000
v -0.248509 1.354615 1.000000
v -0.957028 1.354615 -1.000000
v -0.957028 1.353028 1.331239
v -1.000000 1.354615 0.957027
v -1.000000 1.353028 -0.957028
v 0.769726 1.546737 1.329777
v 0.769726 1.687018 1.329777
v 0.769726 1.546737 1.189496
v 0.769726 1.687018 1.189496
v 1.015235 1.546737 1.329777
v 1.015235 1.687018 1.329777
v 1.015235 1.546737 1.189496
v 1.015235 1.687018 1.189496
v 1.016168 1.789159 -0.140261
v 1.016168 1.929440 -0.140261
v 0.875887 1.789159 -0.140261
v 0.875887 1.929440 -0.140261
v 1.016168 1.789159 -0.351058
v 1.016168 1.929440 -0.351058
v 0.875887 1.789159 -0.351058
v 0.875887 1.929440 -0.351058
v 1.016168 1.946234 -0.010268
v 1.016168 2.086515 -0.010268
v 0.875887 1.946234 -0.010268
v 0.875887 2.086515 -0.010268
v 1.016168 1.946234 -0.255777
v 1.016168 2.086515 -0.255777
v 0.875887 1.946234 -0.255777
v 0.875887 2.086515 -0.255777
v 1.016168 1.949483 0.860033
v 1.016168 2.089765 0.860033
v 0.875887 1.949483 0.860033
v 0.875887 2.089765 0.860033
v 1.016168 1.949483 0.614524
v 1.016168 2.089765 0.614524
v 0.875887 1.949483 0.614524
v 0.875887 2.089765 0.614524
v 1.016168 2.104928 1.332762
v 1.016168 2.245209 1.332762
v 0.875887 2.104928 1.332762
v 0.875887 2.245209 1.332762
v 1.016168 2.104928 1.087253
v 1.016168 2.245209 1.087253
v 0.875887 2.104928 1.087253
v 0.875887 2.245209 1.087253
v 1.016168 2.110891 -0.140261
v 1.016168 2.251172 -0.140261
v 0.875887 2.110891 -0.140261
v 0.875887 2.251172 -0.140261
v 1.016168 2.110891 -0.385770
v 1.016168 2.251172 -0.385770
v 0.875887 2.110891 -0.385770
v 0.875887 2.251172 -0.385770
v -0.469142 2.303650 -1.016168
v -0.469142 2.443932 -1.016168
v -0.469142 2.303650 -0.875887
v -0.469142 2.443932 -0.875887
v -0.714651 2.303650 -1.016168
v -0.714651 2.443932 -1.016168
v -0.714651 2.303650 -0.875887
v -0.714651 2.443932 -0.875887
v 0.543460 2.162114 -0.875887
v 0.543460 2.021833 -0.875887
v 0.543460 2.162114 -1.016168
v 0.543460 2.021833 -1.016168
v 0.788970 2.162114 -0.875887
v 0.788970 2.021833 -0.875887
v 0.788970 2.162114 -1.016168
v 0.788970 2.021833 -1.016168
v -0.231905 2.024229 -1.016168
v -0.231905 2.164510 -1.016168
v -0.231905 2.024229 -0.875887
v -0.231905 2.164510 -0.875887
v -0.477414 2.024229 -1.016168
v -0.477414 2.164510 -1.016168
v -0.477414 2.024229 -0.875887
v -0.477414 2.164510 -0.875887
v -0.404146 2.196469 -1.016168
v -0.404146 2.336751 -1.016168
v -0.404146 2.196469 -0.875887
v -0.404146 2.336751 -0.875887
v -0.649655 2.196469 -1.016168
v -0.649655 2.336751 -1.016168
v -0.649655 2.196469 -0.875887
v -0.649655 2.336751 -0.875887
v -0.508140 2.024229 -1.016168
v -0.508140 2.164510 -1.016168
v -0.508140 2.024229 -0.875887
v -0.508140 2.164510 -0.875887
v -0.753649 2.024229 -1.016168
v -0.753649 2.164510 -1.016168
v -0.753649 2.024229 -0.875887
v -0.753649 2.164510 -0.875887
v 1.009521 2.104928 -1.016168
v 1.009521 2.245209 -1.016168
v 1.009521 2.104928 -0.875887
v 1.009521 2.245209 -0.875887
v 0.764012 2.104928 -1.016168
v 0.764012 2.245209 -1.016168
v 0.764012 2.104928 -0.875887
v 0.764012 2.245209 -0.875887
v -0.769725 1.546737 -1.006537
v -0.769725 1.687018 -1.006537
v -0.769726 1.546737 -0.866255
v -0.769726 1.687018 -0.866255
v -1.015235 1.546737 -1.006537
v -1.015235 1.687018 -1.006537
v -1.015235 1.546737 -0.866255
v -1.015235 1.687018 -0.866255
v -1.016168 1.789159 0.140260
v -1.016168 1.929440 0.140260
v -0.875887 1.789159 0.140260
v -0.875887 1.929440 0.140260
v -1.016168 1.789159 0.351058
v -1.016168 1.929440 0.351058
v -0.875887 1.789159 0.351058
v -0.875887 1.929440 0.351058
v -1.016168 1.946234 0.010268
v -1.016168 2.086515 0.010268
v -0.875887 1.946234 0.010268
v -0.875887 2.086515 0.010268
v -1.016168 1.946234 0.255776
v -1.016168 2.086515 0.255776
v -0.875887 1.946234 0.255777
v -0.875887 2.086515 0.255776
v -1.016168 1.949483 -0.860034
v -1.016168 2.089765 -0.860034
v -0.875887 1.949483 -0.860034
v -0.875887 2.089765 -0.860034
v -1.016168 1.949483 -0.614525
v -1.016168 2.089765 -0.614525
v -0.875887 1.949483 -0.614525
v -0.875887 2.089765 -0.614525
v -1.016168 2.104928 -1.009521
v -1.016168 2.245209 -1.009521
v -0.875886 2.104928 -1.009521
v -0.875886 2.245209 -1.009521
v -1.016168 2.104928 -0.764013
v -1.016168 2.245209 -0.764013
v -0.875887 2.104928 -0.764013
v -0.875887 2.245209 -0.764013
v -1.016168 2.110891 0.140260
v -1.016168 2.251172 0.140260
v -0.875887 2.110891 0.140260
v -0.875887 2.251172 0.140260
v -1.016168 2.110891 0.385769
v -1.016168 2.251172 0.385769
v -0.875887 2.110891 0.385769
v -0.875887 2.251172 0.385769
v 0.469142 1.346062 1.339409
v 0.469142 1.486344 1.339409
v 0.469142 1.346062 1.199127
v 0.469142 1.486344 1.199127
v 0.714651 1.346062 1.339409
v 0.714651 1.486344 1.339409
v 0.714651 1.346062 1.199127
v 0.714651 1.486344 1.199127
v 0.404146 2.196469 1.339409
v 0.404146 2.336751 1.339409
v 0.404146 2.196469 1.199127
v 0.404146 2.336751 1.199127
v 0.649655 2.196469 1.339409
v 0.649655 2.336751 1.339409
v 0.649655 2.196469 1.199127
v 0.649655 2.336751 1.199127
v -1.009521 2.104928 1.339408
v -1.009521 2.245209 1.339408
v -1.009521 2.104928 1.199127
v -1.009521 2.245209 1.199127
v -0.764012 2.104928 1.339408
v -0.764012 2.245209 1.339408
v -0.764012 2.104928 1.199127
v -0.764012 2.245209 1.199127
v -1.077080 2.495466 1.365218
v -1.030796 2.495466 1.411502
v -1.030796 2.495466 -1.077081
v -1.077080 2.495466 -1.030796
v 1.077080 2.495466 -1.030796
v 1.030796 2.495466 -1.077081
v 1.030796 2.495466 1.411502
v 1.077080 2.495466 1.365218
v -1.077080 2.624860 1.365218
v -1.030796 2.624860 1.411502
v -1.030796 2.624860 -1.077081
v -1.077080 2.624860 -1.030796
v 1.077080 2.624860 -1.030796
v 1.030796 2.624860 -1.077081
v 1.030796 2.624860 1.411502
v 1.077080 2.624860 1.365218
v -1.029682 2.624860 1.319856
v -0.985434 2.624860 1.364104
v -0.985434 2.624860 -1.029682
v -1.029682 2.624860 -0.985434
v 1.029682 2.624860 -0.985434
v 0.985434 2.624860 -1.029682
v 0.985434 2.624860 1.364104
v 1.029682 2.624860 1.319856
v -1.029682 2.592004 1.319856
v -0.985434 2.592004 1.364104
v -0.985434 2.592004 -1.029682
v -1.029682 2.592004 -0.985434
v 1.029682 2.592004 -0.985434
v 0.985434 2.592004 -1.029682
v 0.985434 2.592004 1.364104
v 1.029682 2.592004 1.319856
v -0.710128 1.634221 1.350951
v -0.710128 2.035141 1.350951
v -0.598684 2.047078 1.350951
v -0.598684 1.622285 1.350951
v -0.710128 1.928321 1.350951
v -0.710128 1.943582 1.350951
v -0.710128 1.760056 1.350951
v -0.710128 1.744370 1.350951
v -0.737707 1.614271 1.350951
v -0.737707 2.055092 1.350951
v -0.615172 2.068216 1.350951
v -0.615172 1.601147 1.350951
v -0.737707 1.937640 1.350951
v -0.737707 1.954420 1.350951
v -0.737707 1.752629 1.350951
v -0.737707 1.735381 1.350951
v -0.737707 1.614271 1.294516
v -0.737707 2.055092 1.294516
v -0.615172 2.068216 1.294516
v -0.615172 1.601147 1.294516
v -0.737707 1.937640 1.294516
v -0.737707 1.954420 1.294516
v -0.737707 1.752629 1.294516
v -0.737707 1.735381 1.294516
v -0.710128 1.634221 1.331787
v -0.710128 2.035141 1.331787
v -0.598684 2.047078 1.331787
v -0.598684 1.622285 1.331787
v -0.710128 1.928321 1.331787
v -0.710128 1.943582 1.331787
v -0.710128 1.760056 1.331787
v -0.710128 1.744370 1.331787
v -0.462553 1.634221 1.350951
v -0.462553 2.035141 1.350951
v -0.586341 1.620963 1.350951
v -0.586341 2.048400 1.350951
v -0.573997 2.047078 1.350951
v -0.573997 1.622285 1.350951
v -0.462553 1.928321 1.350951
v -0.462553 1.943582 1.350951
v -0.462553 1.760056 1.350951
v -0.462553 1.744370 1.350951
v -0.434974 1.614271 1.350951
v -0.434974 2.055092 1.350951
v -0.586341 1.599693 1.350951
v -0.586341 2.069670 1.350951
v -0.557509 2.068216 1.350951
v -0.557509 1.601147 1.350951
v -0.434974 1.937640 1.350951
v -0.434974 1.954420 1.350951
v -0.434974 1.752629 1.350951
v -0.434974 1.735381 1.350951
v -0.434974 1.614271 1.294516
v -0.434974 2.055092 1.294516
v -0.586341 1.599693 1.294516
v -0.586341 2.069670 1.294516
v -0.557509 2.068216 1.294516
v -0.557509 1.601147 1.294516
v -0.434974 1.937640 1.294516
v -0.434974 1.954420 1.294516
v -0.434974 1.752629 1.294516
v -0.434974 1.735381 1.294516
v -0.462553 1.634221 1.331787
v -0.462553 2.035141 1.331787
v -0.586341 1.620963 1.331787
v -0.586341 2.048400 1.331787
v -0.573997 2.047078 1.331787
v -0.573997 1.622285 1.331787
v -0.462553 1.928321 1.331787
v -0.462553 1.943582 1.331787
v -0.462553 1.760056 1.331787
v -0.462553 1.744370 1.331787
v -0.599160 2.049631 1.346056
v -0.599160 1.618713 1.346056
v -0.599160 1.929162 1.346056
v -0.714908 1.742558 1.331413
v -0.599160 1.758470 1.331413
v -0.599160 1.929162 1.331413
v -0.714908 1.929162 1.346056
v -0.599160 1.944643 1.346056
v -0.599160 1.742558 1.331413
v -0.599160 1.944643 1.331413
v -0.714908 1.944643 1.331413
v -0.714908 1.944643 1.346056
v -0.714908 1.758470 1.346056
v -0.714908 1.929162 1.331413
v -0.714908 1.758470 1.331413
v -0.599160 1.618713 1.331413
v -0.599160 1.758470 1.346056
v -0.714908 1.630821 1.331413
v -0.714908 2.037522 1.331413
v -0.599160 2.049631 1.331413
v -0.599160 1.742558 1.346056
v -0.714908 1.742558 1.346056
v -0.586340 1.617371 1.346056
v -0.586340 2.050972 1.346056
v -0.573520 2.049631 1.346056
v -0.573520 1.618713 1.346056
v -0.573520 1.929162 1.346056
v -0.457773 1.742558 1.331413
v -0.573520 1.758470 1.331413
v -0.586340 1.929162 1.346056
v -0.573520 1.929162 1.331413
v -0.457773 1.929162 1.346056
v -0.573520 1.944643 1.346056
v -0.573520 1.742558 1.331413
v -0.573520 1.944643 1.331413
v -0.586340 1.944643 1.346056
v -0.457773 1.944643 1.331413
v -0.457773 1.944643 1.346056
v -0.457773 1.758470 1.346056
v -0.457773 1.929162 1.331413
v -0.586340 1.758470 1.346056
v -0.457773 1.758470 1.331413
v -0.573520 1.618713 1.331413
v -0.573520 1.758470 1.346056
v -0.457773 1.630821 1.331413
v -0.586340 1.742558 1.346056
v -0.457773 2.037522 1.331413
v -0.573520 2.049631 1.331413
v -0.573520 1.742558 1.346056
v -0.457773 1.742558 1.346056
v 0.710128 1.634221 1.350951
v 0.710128 2.035141 1.350951
v 0.598684 2.047078 1.350951
v 0.598684 1.622285 1.350951
v 0.710128 1.928321 1.350951
v 0.710128 1.943582 1.350951
v 0.710128 1.760056 1.350951
v 0.710128 1.744370 1.350951
v 0.737707 1.614271 1.350951
v 0.737707 2.055092 1.350951
v 0.615172 2.068216 1.350951
v 0.615172 1.601147 1.350951
v 0.737707 1.937640 1.350951
v 0.737707 1.954420 1.350951
v 0.737707 1.752629 1.350951
v 0.737707 1.735381 1.350951
v 0.737707 1.614271 1.294516
v 0.737707 2.055092 1.294516
v 0.615172 2.068216 1.294516
v 0.615172 1.601147 1.294516
v 0.737707 1.937640 1.294516
v 0.737707 1.954420 1.294516
v 0.737707 1.752629 1.294516
v 0.737707 1.735381 1.294516
v 0.710128 1.634221 1.331787
v 0.710128 2.035141 1.331787
v 0.598684 2.047078 1.331787
v 0.598684 1.622285 1.331787
v 0.710128 1.928321 1.331787
v 0.710128 1.943582 1.331787
v 0.710128 1.760056 1.331787
v 0.710128 1.744370 1.331787
v 0.462553 1.634221 1.350951
v 0.462553 2.035141 1.350951
v 0.586340 1.620963 1.350951
v 0.586340 2.048400 1.350951
v 0.573997 2.047078 1.350951
v 0.573997 1.622285 1.350951
v 0.462553 1.928321 1.350951
v 0.462553 1.943582 1.350951
v 0.462553 1.760056 1.350951
v 0.462553 1.744370 1.350951
v 0.434974 1.614271 1.350951
v 0.434974 2.055092 1.350951
v 0.586340 1.599693 1.350951
v 0.586340 2.069670 1.350951
v 0.557509 2.068216 1.350951
v 0.557509 1.601147 1.350951
v 0.434974 1.937640 1.350951
v 0.434974 1.954420 1.350951
v 0.434974 1.752629 1.350951
v 0.434974 1.735381 1.350951
v 0.434974 1.614271 1.294516
v 0.434974 2.055092 1.294516
v 0.586340 1.599693 1.294516
v 0.586340 2.069670 1.294516
v 0.557509 2.068216 1.294516
v 0.557509 1.601147 1.294516
v 0.434974 1.937640 1.294516
v 0.434974 1.954420 1.294516
v 0.434974 1.752629 1.294516
v 0.434974 1.735381 1.294516
v 0.462553 1.634221 1.331787
v 0.462553 2.035141 1.331787
v 0.586340 1.620963 1.331787
v 0.586340 2.048400 1.331787
v 0.573997 2.047078 1.331787
v 0.573997 1.622285 1.331787
v 0.462553 1.928321 1.331787
v 0.462553 1.943582 1.331787
v 0.462553 1.760056 1.331787
v 0.462553 1.744370 1.331787
v 0.599160 2.049631 1.346056
v 0.599160 1.618713 1.346056
v 0.599160 1.929162 1.346056
v 0.714908 1.742558 1.331413
v 0.599160 1.758470 1.331413
v 0.599160 1.929162 1.331413
v 0.714908 1.929162 1.346056
v 0.599160 1.944643 1.346056
v 0.599160 1.742558 1.331413
v 0.599160 1.944643 1.331413
v 0.714908 1.944643 1.331413
v 0.714908 1.944643 1.346056
v 0.714908 1.758470 1.346056
v 0.714908 1.929162 1.331413
v 0.714908 1.758470 1.331413
v 0.599160 1.618713 1.331413
v 0.599160 1.758470 1.346056
v 0.714908 1.630821 1.331413
v 0.714908 2.037522 1.331413
v 0.599160 2.049631 1.331413
v 0.599160 1.742558 1.346056
v 0.714908 1.742558 1.346056
v 0.586340 1.617371 1.346056
v 0.586340 2.050972 1.346056
v 0.573520 2.049631 1.346056
v 0.573520 1.618713 1.346056
v 0.573520 1.929162 1.346056
v 0.457773 1.742558 1.331413
v 0.573520 1.758470 1.331413
v 0.586340 1.929162 1.346056
v 0.573520 1.929162 1.331413
v 0.457773 1.929162 1.346056
v 0.573520 1.944643 1.346056
v 0.573520 1.742558 1.331413
v 0.573520 1.944643 1.331413
v 0.586340 1.944643 1.346056
v 0.457773 1.944643 1.331413
v 0.457773 1.944643 1.346056
v 0.457773 1.758470 1.346056
v 0.457773 1.929162 1.331413
v 0.586340 1.758470 1.346056
v 0.457773 1.758470 1.331413
v 0.573520 1.618713 1.331413
v 0.573520 1.758470 1.346056
v 0.457773 1.630821 1.331413
v 0.586340 1.742558 1.346056
v 0.457773 2.037522 1.331413
v 0.573520 2.049631 1.331413
v 0.573520 1.742558 1.346056
v 0.457773 1.742558 1.346056
v 0.913562 2.504469 -1.070461
v 0.913562 2.504469 -0.981014
v 0.811082 2.504469 -1.070461
v 0.811082 2.504469 -0.981014
v 0.913562 2.343155 -1.012229
v 0.913562 2.343155 -0.981014
v 0.811082 2.343155 -0.981014
v 0.811082 2.343155 -1.012229
v 0.811082 2.448742 -1.070461
v 0.913562 2.448742 -1.070461
v 0.913562 2.448742 -0.981014
v 0.811082 2.448742 -0.981014
v 0.811082 2.406270 -1.024017
v 0.913562 2.406270 -0.981014
v 0.913562 2.406270 -1.024017
v 0.811082 2.406270 -0.981014
v 0.913562 2.427506 -1.038753
v 0.811082 2.427506 -0.981014
v 0.811082 2.427506 -1.038753
v 0.913562 2.427506 -0.981014
v 0.626617 2.504469 -1.070461
v 0.626617 2.504469 -0.981014
v 0.524137 2.504469 -1.070461
v 0.524137 2.504469 -0.981014
v 0.626617 2.343155 -1.012229
v 0.626617 2.343155 -0.981014
v 0.524137 2.343155 -0.981014
v 0.524137 2.343155 -1.012229
v 0.524137 2.448742 -1.070461
v 0.626617 2.448742 -1.070461
v 0.626617 2.448742 -0.981014
v 0.524137 2.448742 -0.981014
v 0.524137 2.406270 -1.024017
v 0.626617 2.406270 -0.981014
v 0.626617 2.406270 -1.024017
v 0.524137 2.406270 -0.981014
v 0.626617 2.427506 -1.038753
v 0.524137 2.427506 -0.981014
v 0.524137 2.427506 -1.038753
v 0.626617 2.427506 -0.981014
v 0.339673 2.504469 -1.070461
v 0.339673 2.504469 -0.981014
v 0.237193 2.504469 -1.070461
v 0.237193 2.504469 -0.981014
v 0.339673 2.343155 -1.012229
v 0.339673 2.343155 -0.981014
v 0.237193 2.343155 -0.981014
v 0.237193 2.343155 -1.012229
v 0.237193 2.448742 -1.070461
v 0.339673 2.448742 -1.070461
v 0.339673 2.448742 -0.981014
v 0.237193 2.448742 -0.981014
v 0.237193 2.406270 -1.024017
v 0.339673 2.406270 -0.981014
v 0.339673 2.406270 -1.024017
v 0.237193 2.406270 -0.981014
v 0.339673 2.427506 -1.038753
v 0.237193 2.427506 -0.981014
v 0.237193 2.427506 -1.038753
v 0.339673 2.427506 -0.981014
v 0.052729 2.504469 -1.070461
v 0.052729 2.504469 -0.981014
v -0.049751 2.504469 -1.070461
v -0.049751 2.504469 -0.981014
v 0.052729 2.343155 -1.012229
v 0.052729 2.343155 -0.981014
v -0.049751 2.343155 -0.981014
v -0.049751 2.343155 -1.012229
v -0.049751 2.448742 -1.070461
v 0.052729 2.448742 -1.070461
v 0.052729 2.448742 -0.981014
v -0.049751 2.448742 -0.981014
v -0.049751 2.406270 -1.024017
v 0.052729 2.406270 -0.981014
v 0.052729 2.406270 -1.024017
v -0.049751 2.406270 -0.981014
v 0.052729 2.427506 -1.038753
v -0.049751 2.427506 -0.981014
v -0.049751 2.427506 -1.038753
v 0.052729 2.427506 -0.981014
v -0.234215 2.504469 -1.070461
v -0.234215 2.504469 -0.981014
v -0.336695 2.504469 -1.070461
v -0.336695 2.504469 -0.981014
v -0.234215 2.343155 -1.012229
v -0.234215 2.343155 -0.981014
v -0.336695 2.343155 -0.981014
v -0.336695 2.343155 -1.012229
v -0.336695 2.448742 -1.070461
v -0.234215 2.448742 -1.070461
v -0.234215 2.448742 -0.981014
v -0.336695 2.448742 -0.981014
v -0.336695 2.406270 -1.024017
v -0.234215 2.406270 -0.981014
v -0.234215 2.406270 -1.024017
v -0.336695 2.406270 -0.981014
v -0.234215 2.427506 -1.038753
v -0.336695 2.427506 -0.981014
v -0.336695 2.427506 -1.038753
v -0.234215 2.427506 -0.981014
v -0.521159 2.504469 -1.070461
v -0.521159 2.504469 -0.981014
v -0.623639 2.504469 -1.070461
v -0.623639 2.504469 -0.981014
v -0.521159 2.343155 -1.012229
v -0.521159 2.343155 -0.981014
v -0.623639 2.343155 -0.981014
v -0.623639 2.343155 -1.012229
v -0.623639 2.448742 -1.070461
v -0.521159 2.448742 -1.070461
v -0.521159 2.448742 -0.981014
v -0.623639 2.448742 -0.981014
v -0.623639 2.406270 -1.024017
v -0.521159 2.406270 -0.981014
v -0.521159 2.406270 -1.024017
v -0.623639 2.406270 -0.981014
v -0.521159 2.427506 -1.038753
v -0.623639 2.427506 -0.981014
v -0.623639 2.427506 -1.038753
v -0.521159 2.427506 -0.981014
v -0.808103 2.504469 -1.070461
v -0.808103 2.504469 -0.981014
v -0.910583 2.504469 -1.070461
v -0.910583 2.504469 -0.981014
v -0.808103 2.343155 -1.012229
v -0.808103 2.343155 -0.981014
v -0.910583 2.343155 -0.981014
v -0.910583 2.343155 -1.012229
v -0.910583 2.448742 -1.070461
v -0.808103 2.448742 -1.070461
v -0.808103 2.448742 -0.981014
v -0.910583 2.448742 -0.981014
v -0.910583 2.406270 -1.024017
v -0.808103 2.406270 -0.981014
v -0.808103 2.406270 -1.024017
v -0.910583 2.406270 -0.981014
v -0.808103 2.427506 -1.038753
v -0.910583 2.427506 -0.981014
v -0.910583 2.427506 -1.038753
v -0.808103 2.427506 -0.981014
v 1.077017 2.504469 0.935582
v 0.987570 2.504469 0.935582
v 1.077017 2.504469 0.833102
v 0.987570 2.504469 0.833102
v 1.018786 2.343155 0.935582
v 0.987570 2.343155 0.935582
v 0.987570 2.343155 0.833102
v 1.018786 2.343155 0.833102
v 1.077017 2.448742 0.833102
v 1.077017 2.448742 0.935582
v 0.987570 2.448742 0.935582
v 0.987570 2.448742 0.833102
v 1.030573 2.406270 0.833102
v 0.987570 2.406270 0.935582
v 1.030573 2.406270 0.935582
v 0.987570 2.406270 0.833102
v 1.045309 2.427506 0.935582
v 0.987570 2.427506 0.833102
v 1.045309 2.427506 0.833102
v 0.987570 2.427506 0.935582
v 1.077017 2.504469 0.648638
v 0.987570 2.504469 0.648638
v 1.077017 2.504469 0.546158
v 0.987570 2.504469 0.546158
v 1.018786 2.343155 0.648638
v 0.987570 2.343155 0.648638
v 0.987570 2.343155 0.546158
v 1.018786 2.343155 0.546158
v 1.077017 2.448742 0.546158
v 1.077017 2.448742 0.648638
v 0.987570 2.448742 0.648638
v 0.987570 2.448742 0.546158
v 1.030573 2.406270 0.546158
v 0.987570 2.406270 0.648638
v 1.030573 2.406270 0.648638
v 0.987570 2.406270 0.546158
v 1.045309 2.427506 0.648638
v 0.987570 2.427506 0.546158
v 1.045309 2.427506 0.546158
v 0.987570 2.427506 0.648638
v 1.077017 2.504469 0.361694
v 0.987570 2.504469 0.361694
v 1.077017 2.504469 0.259214
v 0.987570 2.504469 0.259214
v 1.018786 2.343155 0.361694
v 0.987570 2.343155 0.361694
v 0.987570 2.343155 0.259214
v 1.018786 2.343155 0.259214
v 1.077017 2.448742 0.259214
v 1.077017 2.448742 0.361694
v 0.987570 2.448742 0.361694
v 0.987570 2.448742 0.259214
v 1.030573 2.406270 0.259214
v 0.987570 2.406270 0.361694
v 1.030573 2.406270 0.361694
v 0.987570 2.406270 0.259214
v 1.045309 2.427506 0.361694
v 0.987570 2.427506 0.259214
v 1.045309 2.427506 0.259214
v 0.987570 2.427506 0.361694
v 1.077017 2.504469 0.074750
v 0.987570 2.504469 0.074750
v 1.077017 2.504469 -0.027730
v 0.987570 2.504469 -0.027730
v 1.018786 2.343155 0.074750
v 0.987570 2.343155 0.074750
v 0.987570 2.343155 -0.027730
v 1.018786 2.343155 -0.027730
v 1.077017 2.448742 -0.027730
v 1.077017 2.448742 0.074750
v 0.987570 2.448742 0.074750
v 0.987570 2.448742 -0.027730
v 1.030573 2.406270 -0.027730
v 0.987570 2.406270 0.074750
v 1.030573 2.406270 0.074750
v 0.987570 2.406270 -0.027730
v 1.045309 2.427506 0.074750
v 0.987570 2.427506 -0.027730
v 1.045309 2.427506 -0.027730
v 0.987570 2.427506 0.074750
v 1.077017 2.504469 -0.212194
v 0.987570 2.504469 -0.212194
v 1.077017 2.504469 -0.314674
v 0.987570 2.504469 -0.314674
v 1.018786 2.343155 -0.212194
v 0.987570 2.343155 -0.212194
v 0.987570 2.343155 -0.314674
v 1.018786 2.343155 -0.314674
v 1.077017 2.448742 -0.314674
v 1.077017 2.448742 -0.212194
v 0.987570 2.448742 -0.212194
v 0.987570 2.448742 -0.314674
v 1.030573 2.406270 -0.314674
v 0.987570 2.406270 -0.212194
v 1.030573 2.406270 -0.212194
v 0.987570 2.406270 -0.314674
v 1.045309 2.427506 -0.212194
v 0.987570 2.427506 -0.314674
v 1.045309 2.427506 -0.314674
v 0.987570 2.427506 -0.212194
v 1.077017 2.504469 -0.499138
v 0.987570 2.504469 -0.499138
v 1.077017 2.504469 -0.601618
v 0.987570 2.504469 -0.601618
v 1.018786 2.343155 -0.499138
v 0.987570 2.343155 -0.499138
v 0.987570 2.343155 -0.601618
v 1.018786 2.343155 -0.601618
v 1.077017 2.448742 -0.601618
v 1.077017 2.448742 -0.499138
v 0.987570 2.448742 -0.499138
v 0.987570 2.448742 -0.601618
v 1.030573 2.406270 -0.601618
v 0.987570 2.406270 -0.499138
v 1.030573 2.406270 -0.499138
v 0.987570 2.406270 -0.601618
v 1.045309 2.427506 -0.499138
v 0.987570 2.427506 -0.601618
v 1.045309 2.427506 -0.601618
v 0.987570 2.427506 -0.499138
v 1.077017 2.504469 -0.786082
v 0.987570 2.504469 -0.786082
v 1.077017 2.504469 -0.888562
v 0.987570 2.504469 -0.888562
v 1.018786 2.343155 -0.786082
v 0.987570 2.343155 -0.786082
v 0.987570 2.343155 -0.888562
v 1.018786 2.343155 -0.888562
v 1.077017 2.448742 -0.888562
v 1.077017 2.448742 -0.786082
v 0.987570 2.448742 -0.786082
v 0.987570 2.448742 -0.888562
v 1.030573 2.406270 -0.888562
v 0.987570 2.406270 -0.786082
v 1.030573 2.406270 -0.786082
v 0.987570 2.406270 -0.888562
v 1.045309 2.427506 -0.786082
v 0.987570 2.427506 -0.888562
v 1.045309 2.427506 -0.888562
v 0.987570 2.427506 -0.786082
v -1.077017 2.504469 -0.888600
v -0.987570 2.504469 -0.888600
v -1.077017 2.504469 -0.786120
v -0.987570 2.504469 -0.786120
v -1.018786 2.343155 -0.888600
v -0.987570 2.343155 -0.888600
v -0.987570 2.343155 -0.786120
v -1.018786 2.343155 -0.786120
v -1.077017 2.448742 -0.786120
v -1.077017 2.448742 -0.888600
v -0.987570 2.448742 -0.888600
v -0.987570 2.448742 -0.786120
v -1.030573 2.406269 -0.786120
v -0.987570 2.406269 -0.888600
v -1.030573 2.406269 -0.888600
v -0.987570 2.406269 -0.786120
v -1.045309 2.427506 -0.888600
v -0.987570 2.427506 -0.786120
v -1.045309 2.427506 -0.786120
v -0.987570 2.427506 -0.888600
v -1.077017 2.504469 -0.601656
v -0.987570 2.504469 -0.601656
v -1.077017 2.504469 -0.499176
v -0.987570 2.504469 -0.499176
v -1.018786 2.343155 -0.601656
v -0.987570 2.343155 -0.601656
v -0.987570 2.343155 -0.499176
v -1.018786 2.343155 -0.499176
v -1.077017 2.448742 -0.499176
v -1.077017 2.448742 -0.601656
v -0.987570 2.448742 -0.601656
v -0.987570 2.448742 -0.499176
v -1.030573 2.406269 -0.499176
v -0.987570 2.406269 -0.601656
v -1.030573 2.406269 -0.601656
v -0.987570 2.406269 -0.499176
v -1.045309 2.427506 -0.601656
v -0.987570 2.427506 -0.499176
v -1.045309 2.427506 -0.499176
v -0.987570 2.427506 -0.601656
v -1.077017 2.504469 -0.314712
v -0.987570 2.504469 -0.314712
v -1.077017 2.504469 -0.212232
v -0.987570 2.504469 -0.212232
v -1.018786 2.343155 -0.314712
v -0.987570 2.343155 -0.314712
v -0.987570 2.343155 -0.212232
v -1.018786 2.343155 -0.212232
v -1.077017 2.448742 -0.212232
v -1.077017 2.448742 -0.314712
v -0.987570 2.448742 -0.314712
v -0.987570 2.448742 -0.212232
v -1.030573 2.406269 -0.212232
v -0.987570 2.406269 -0.314712
v -1.030573 2.406269 -0.314712
v -0.987570 2.406269 -0.212232
v -1.045309 2.427506 -0.314712
v -0.987570 2.427506 -0.212232
v -1.045309 2.427506 -0.212232
v -0.987570 2.427506 -0.314712
v -1.077017 2.504469 -0.027768
v -0.987570 2.504469 -0.027768
v -1.077017 2.504469 0.074712
v -0.987570 2.504469 0.074712
v -1.018786 2.343155 -0.027768
v -0.987570 2.343155 -0.027768
v -0.987570 2.343155 0.074712
v -1.018786 2.343155 0.074712
v -1.077017 2.448742 0.074712
v -1.077017 2.448742 -0.027768
v -0.987570 2.448742 -0.027768
v -0.987570 2.448742 0.074712
v -1.030573 2.406269 0.074712
v -0.987570 2.406269 -0.027768
v -1.030573 2.406269 -0.027768
v -0.987570 2.406269 0.074712
v -1.045309 2.427506 -0.027768
v -0.987570 2.427506 0.074712
v -1.045309 2.427506 0.074712
v -0.987570 2.427506 -0.027768
v -1.077017 2.504469 0.259176
v -0.987570 2.504469 0.259176
v -1.077017 2.504469 0.361656
v -0.987570 2.504469 0.361656
v -1.018786 2.343155 0.259176
v -0.987570 2.343155 0.259176
v -0.987570 2.343155 0.361656
v -1.018786 2.343155 0.361656
v -1.077017 2.448742 0.361656
v -1.077017 2.448742 0.259176
v -0.987570 2.448742 0.259176
v -0.987570 2.448742 0.361656
v -1.030573 2.406269 0.361656
v -0.987570 2.406269 0.259176
v -1.030573 2.406269 0.259176
v -0.987570 2.406269 0.361656
v -1.045309 2.427506 0.259176
v -0.987570 2.427506 0.361656
v -1.045309 2.427506 0.361656
v -0.987570 2.427506 0.259176
v -1.077017 2.504469 0.546120
v -0.987570 2.504469 0.546120
v -1.077017 2.504469 0.648601
v -0.987570 2.504469 0.648601
v -1.018786 2.343155 0.546120
v -0.987570 2.343155 0.546120
v -0.987570 2.343155 0.648601
v -1.018786 2.343155 0.648601
v -1.077017 2.448742 0.648601
v -1.077017 2.448742 0.546120
v -0.987570 2.448742 0.546120
v -0.987570 2.448742 0.648601
v -1.030573 2.406269 0.648601
v -0.987570 2.406269 0.546120
v -1.030573 2.406269 0.546120
v -0.987570 2.406269 0.648601
v -1.045309 2.427506 0.546120
v -0.987570 2.427506 0.648601
v -1.045309 2.427506 0.648601
v -0.987570 2.427506 0.546120
v -1.077017 2.504469 0.833065
v -0.987570 2.504469 0.833065
v -1.077017 2.504469 0.935545
v -0.987570 2.504469 0.935545
v -1.018786 2.343155 0.833065
v -0.987570 2.343155 0.833065
v -0.987570 2.343155 0.935545
v -1.018786 2.343155 0.935545
v -1.077017 2.448742 0.935545
v -1.077017 2.448742 0.833065
v -0.987570 2.448742 0.833065
v -0.987570 2.448742 0.935545
v -1.030573 2.406269 0.935545
v -0.987570 2.406269 0.833065
v -1.030573 2.406269 0.833065
v -0.987570 2.406269 0.935545
v -1.045309 2.427506 0.833065
v -0.987570 2.427506 0.935545
v -1.045309 2.427506 0.935545
v -0.987570 2.427506 0.833065
v -0.913562 2.504469 1.404883
v -0.913562 2.504469 1.315436
v -0.811082 2.504469 1.404883
v -0.811082 2.504469 1.315436
v -0.913562 2.343155 1.346651
v -0.913562 2.343155 1.315436
v -0.811082 2.343155 1.315436
v -0.811082 2.343155 1.346651
v -0.811082 2.448742 1.404883
v -0.913562 2.448742 1.404883
v -0.913562 2.448742 1.315436
v -0.811082 2.448742 1.315436
v -0.811082 2.406269 1.358438
v -0.913562 2.406269 1.315436
v -0.913562 2.406269 1.358438
v -0.811082 2.406269 1.315436
v -0.913562 2.427506 1.373174
v -0.811082 2.427506 1.315436
v -0.811082 2.427506 1.373174
v -0.913562 2.427506 1.315436
v -0.626617 2.504469 1.404883
v -0.626617 2.504469 1.315436
v -0.524137 2.504469 1.404883
v -0.524137 2.504469 1.315436
v -0.626617 2.343155 1.346651
v -0.626617 2.343155 1.315436
v -0.524137 2.343155 1.315436
v -0.524137 2.343155 1.346651
v -0.524137 2.448742 1.404883
v -0.626617 2.448742 1.404883
v -0.626617 2.448742 1.315436
v -0.524137 2.448742 1.315436
v -0.524137 2.406269 1.358438
v -0.626617 2.406269 1.315436
v -0.626617 2.406269 1.358438
v -0.524137 2.406269 1.315436
v -0.626617 2.427506 1.373174
v -0.524137 2.427506 1.315436
v -0.524137 2.427506 1.373174
v -0.626617 2.427506 1.315436
v -0.339673 2.504469 1.404883
v -0.339673 2.504469 1.315436
v -0.237193 2.504469 1.404883
v -0.237193 2.504469 1.315436
v -0.339673 2.343155 1.346651
v -0.339673 2.343155 1.315436
v -0.237193 2.343155 1.315436
v -0.237193 2.343155 1.346651
v -0.237193 2.448742 1.404883
v -0.339673 2.448742 1.404883
v -0.339673 2.448742 1.315436
v -0.237193 2.448742 1.315436
v -0.237193 2.406269 1.358438
v -0.339673 2.406269 1.315436
v -0.339673 2.406269 1.358438
v -0.237193 2.406269 1.315436
v -0.339673 2.427506 1.373174
v -0.237193 2.427506 1.315436
v -0.237193 2.427506 1.373174
v -0.339673 2.427506 1.315436
v -0.052729 2.504469 1.404883
v -0.052729 2.504469 1.315436
v 0.049751 2.504469 1.404883
v 0.049751 2.504469 1.315436
v -0.052729 2.343155 1.346651
v -0.052729 2.343155 1.315436
v 0.049751 2.343155 1.315436
v 0.049751 2.343155 1.346651
v 0.049751 2.448742 1.404883
v -0.052729 2.448742 1.404883
v -0.052729 2.448742 1.315436
v 0.049751 2.448742 1.315436
v 0.049751 2.406269 1.358438
v -0.052729 2.406269 1.315436
v -0.052729 2.406269 1.358438
v 0.049751 2.406269 1.315436
v -0.052729 2.427506 1.373174
v 0.049751 2.427506 1.315436
v 0.049751 2.427506 1.373174
v -0.052729 2.427506 1.315436
v 0.234215 2.504469 1.404883
v 0.234215 2.504469 1.315436
v 0.336695 2.504469 1.404883
v 0.336695 2.504469 1.315436
v 0.234215 2.343155 1.346651
v 0.234215 2.343155 1.315436
v 0.336695 2.343155 1.315436
v 0.336695 2.343155 1.346651
v 0.336695 2.448742 1.404883
v 0.234215 2.448742 1.404883
v 0.234215 2.448742 1.315436
v 0.336695 2.448742 1.315436
v 0.336695 2.406269 1.358438
v 0.234215 2.406269 1.315436
v 0.234215 2.406269 1.358438
v 0.336695 2.406269 1.315436
v 0.234215 2.427506 1.373174
v 0.336695 2.427506 1.315436
v 0.336695 2.427506 1.373174
v 0.234215 2.427506 1.315436
v 0.521159 2.504469 1.404883
v 0.521159 2.504469 1.315436
v 0.623639 2.504469 1.404883
v 0.623639 2.504469 1.315436
v 0.521159 2.343155 1.346651
v 0.521159 2.343155 1.315436
v 0.623639 2.343155 1.315436
v 0.623639 2.343155 1.346651
v 0.623639 2.448742 1.404883
v 0.521159 2.448742 1.404883
v 0.521159 2.448742 1.315436
v 0.623639 2.448742 1.315436
v 0.623639 2.406269 1.358438
v 0.521159 2.406269 1.315436
v 0.521159 2.406269 1.358438
v 0.623639 2.406269 1.315436
v 0.521159 2.427506 1.373174
v 0.623639 2.427506 1.315436
v 0.623639 2.427506 1.373174
v 0.521159 2.427506 1.315436
v 0.808103 2.504469 1.404883
v 0.808103 2.504469 1.315436
v 0.910583 2.504469 1.404883
v 0.910583 2.504469 1.315436
v 0.808103 2.343155 1.346651
v 0.808103 2.343155 1.315436
v 0.910583 2.343155 1.315436
v 0.910583 2.343155 1.346651
v 0.910583 2.448742 1.404883
v 0.808103 2.448742 1.404883
v 0.808103 2.448742 1.315436
v 0.910583 2.448742 1.315436
v 0.910583 2.406269 1.358438
v 0.808103 2.406269 1.315436
v 0.808103 2.406269 1.358438
v 0.910583 2.406269 1.315436
v 0.808103 2.427506 1.373174
v 0.910583 2.427506 1.315436
v 0.910583 2.427506 1.373174
v 0.808103 2.427506 1.315436
v 1.077017 2.504469 1.232552
v 0.987570 2.504469 1.232552
v 1.077017 2.504469 1.130072
v 0.987570 2.504469 1.130072
v 1.018786 2.343155 1.232552
v 0.987570 2.343155 1.232552
v 0.987570 2.343155 1.130072
v 1.018786 2.343155 1.130072
v 1.077017 2.448742 1.130072
v 1.077017 2.448742 1.232552
v 0.987570 2.448742 1.232552
v 0.987570 2.448742 1.130072
v 1.030573 2.406270 1.130072
v 0.987570 2.406270 1.232552
v 1.030573 2.406270 1.232552
v 0.987570 2.406270 1.130072
v 1.045309 2.427506 1.232552
v 0.987570 2.427506 1.130072
v 1.045309 2.427506 1.130072
v 0.987570 2.427506 1.232552
v -1.077017 2.504469 1.130034
v -0.987570 2.504469 1.130034
v -1.077017 2.504469 1.232514
v -0.987570 2.504469 1.232514
v -1.018786 2.343155 1.130034
v -0.987570 2.343155 1.130034
v -0.987570 2.343155 1.232514
v -1.018786 2.343155 1.232514
v -1.077017 2.448742 1.232514
v -1.077017 2.448742 1.130034
v -0.987570 2.448742 1.130034
v -0.987570 2.448742 1.232514
v -1.030573 2.406269 1.232514
v -0.987570 2.406269 1.130034
v -1.030573 2.406269 1.130034
v -0.987570 2.406269 1.232514
v -1.045309 2.427506 1.130034
v -0.987570 2.427506 1.232514
v -1.045309 2.427506 1.232514
v -0.987570 2.427506 1.130034
v -0.000000 2.495466 1.411502
v -0.000000 2.624860 1.411502
v 0.000000 2.624860 1.364104
v 0.000000 2.592004 1.364104
v -0.647146 2.495466 1.411502
v -0.647146 2.624860 1.411502
v -0.647146 2.624860 1.364104
v -0.647146 2.592004 1.364104
v 0.647146 2.495466 1.411502
v 0.647146 2.624860 1.411502
v 0.647146 2.624860 1.364104
v 0.647146 2.592004 1.364104
v 0.606293 2.695831 1.411502
v -0.000000 2.695831 1.411502
v 0.606293 2.695831 1.364104
v 0.000000 2.695831 1.364104
v -0.606293 2.695831 1.411502
v -0.606293 2.695831 1.364104
v -0.122471 1.634221 1.350951
v -0.122471 2.035141 1.350951
v -0.011027 2.047078 1.350951
v -0.011027 1.622285 1.350951
v -0.122471 1.928321 1.350951
v -0.122471 1.943582 1.350951
v -0.122471 1.760056 1.350951
v -0.122471 1.744370 1.350951
v -0.150050 1.614271 1.350951
v -0.150050 2.055092 1.350951
v -0.027515 2.068216 1.350951
v -0.027515 1.601147 1.350951
v -0.150050 1.937640 1.350951
v -0.150050 1.954420 1.350951
v -0.150050 1.752629 1.350951
v -0.150050 1.735381 1.350951
v -0.150050 1.614271 1.294516
v -0.150050 2.055092 1.294516
v -0.027515 2.068216 1.294516
v -0.027515 1.601147 1.294516
v -0.150050 1.937640 1.294516
v -0.150050 1.954420 1.294516
v -0.150050 1.752629 1.294516
v -0.150050 1.735381 1.294516
v -0.122471 1.634221 1.331787
v -0.122471 2.035141 1.331787
v -0.011027 2.047078 1.331787
v -0.011027 1.622285 1.331787
v -0.122471 1.928321 1.331787
v -0.122471 1.943582 1.331787
v -0.122471 1.760056 1.331787
v -0.122471 1.744370 1.331787
v 0.125104 1.634221 1.350951
v 0.125104 2.035141 1.350951
v 0.001316 1.620963 1.350951
v 0.001316 2.048400 1.350951
v 0.013659 2.047078 1.350951
v 0.013659 1.622285 1.350951
v 0.125104 1.928321 1.350951
v 0.125104 1.943582 1.350951
v 0.125104 1.760056 1.350951
v 0.125104 1.744370 1.350951
v 0.152683 1.614271 1.350951
v 0.152683 2.055092 1.350951
v 0.001316 1.599693 1.350951
v 0.001316 2.069670 1.350951
v 0.030147 2.068216 1.350951
v 0.030147 1.601147 1.350951
v 0.152683 1.937640 1.350951
v 0.152683 1.954420 1.350951
v 0.152683 1.752629 1.350951
v 0.152683 1.735381 1.350951
v 0.152683 1.614271 1.294516
v 0.152683 2.055092 1.294516
v 0.001316 1.599693 1.294516
v 0.001316 2.069670 1.294516
v 0.030147 2.068216 1.294516
v 0.030147 1.601147 1.294516
v 0.152683 1.937640 1.294516
v 0.152683 1.954420 1.294516
v 0.152683 1.752629 1.294516
v 0.152683 1.735381 1.294516
v 0.125104 1.634221 1.331787
v 0.125104 2.035141 1.331787
v 0.001316 1.620963 1.331787
v 0.001316 2.048400 1.331787
v 0.013659 2.047078 1.331787
v 0.013659 1.622285 1.331787
v 0.125104 1.928321 1.331787
v 0.125104 1.943582 1.331787
v 0.125104 1.760056 1.331787
v 0.125104 1.744370 1.331787
v -0.011504 2.049631 1.346056
v -0.011504 1.618713 1.346056
v -0.011504 1.929162 1.346056
v -0.127251 1.742558 1.331413
v -0.011504 1.758470 1.331413
v -0.011504 1.929162 1.331413
v -0.127251 1.929162 1.346056
v -0.011504 1.944643 1.346056
v -0.011504 1.742558 1.331413
v -0.011504 1.944643 1.331413
v -0.127251 1.944643 1.331413
v -0.127251 1.944643 1.346056
v -0.127251 1.758470 1.346056
v -0.127251 1.929162 1.331413
v -0.127251 1.758470 1.331413
v -0.011504 1.618713 1.331413
v -0.011504 1.758470 1.346056
v -0.127251 1.630821 1.331413
v -0.127251 2.037522 1.331413
v -0.011504 2.049631 1.331413
v -0.011504 1.742558 1.346056
v -0.127251 1.742558 1.346056
v 0.001316 1.617371 1.346056
v 0.001316 2.050972 1.346056
v 0.014136 2.049631 1.346056
v 0.014136 1.618713 1.346056
v 0.014136 1.929162 1.346056
v 0.129884 1.742558 1.331413
v 0.014136 1.758470 1.331413
v 0.001316 1.929162 1.346056
v 0.014136 1.929162 1.331413
v 0.129884 1.929162 1.346056
v 0.014136 1.944643 1.346056
v 0.014136 1.742558 1.331413
v 0.014136 1.944643 1.331413
v 0.001316 1.944643 1.346056
v 0.129884 1.944643 1.331413
v 0.129884 1.944643 1.346056
v 0.129884 1.758470 1.346056
v 0.129884 1.929162 1.331413
v 0.001316 1.758470 1.346056
v 0.129884 1.758470 1.331413
v 0.014136 1.618713 1.331413
v 0.014136 1.758470 1.346056
v 0.129884 1.630821 1.331413
v 0.001316 1.742558 1.346056
v 0.129884 2.037522 1.331413
v 0.014136 2.049631 1.331413
v 0.014136 1.742558 1.346056
v 0.129884 1.742558 1.346056
v 1.016168 0.869912 1.009521
v 1.016168 1.010193 1.009521
v 0.875887 0.869912 1.009521
v 0.875887 1.010193 1.009521
v 1.016168 0.869912 0.764012
v 1.016168 1.010193 0.764012
v 0.875887 0.869912 0.764012
v 0.875887 1.010193 0.764012
v 1.016168 1.070999 0.529003
v 1.016168 1.211280 0.529003
v 0.875887 1.070999 0.529003
v 0.875887 1.211280 0.529003
v 1.016168 1.070999 0.283494
v 1.016168 1.211280 0.283494
v 0.875887 1.070999 0.283494
v 0.875887 1.211280 0.283494
v 1.016168 0.530462 0.117729
v 1.016168 0.670744 0.117729
v 0.875887 0.530462 0.117729
v 0.875887 0.670744 0.117729
v 1.016168 0.530462 -0.127780
v 1.016168 0.670744 -0.127780
v 0.875887 0.530462 -0.127780
v 0.875887 0.670744 -0.127780
v 1.016168 1.267671 -0.508140
v 1.016168 1.407953 -0.508140
v 0.875887 1.267671 -0.508140
v 0.875887 1.407953 -0.508140
v 1.016168 1.267671 -0.753649
v 1.016168 1.407953 -0.753649
v 0.875887 1.267671 -0.753649
v 0.875887 1.407953 -0.753649
v 1.009521 0.637098 -1.016168
v 1.009521 0.777380 -1.016168
v 1.009521 0.637098 -0.875887
v 1.009521 0.777380 -0.875887
v 0.764012 0.637098 -1.016168
v 0.764012 0.777380 -1.016168
v 0.764012 0.637098 -0.875887
v 0.764012 0.777380 -0.875887
v 1.006537 0.793309 -0.769726
v 1.006537 0.933590 -0.769726
v 0.866255 0.793309 -0.769726
v 0.866255 0.933590 -0.769726
v 1.006537 0.793309 -1.015235
v 1.006537 0.933590 -1.015235
v 0.866255 0.793309 -1.015235
v 0.866255 0.933590 -1.015235
v 0.565455 0.984202 -1.016168
v 0.565455 1.124484 -1.016168
v 0.565455 0.984202 -0.875887
v 0.565455 1.124484 -0.875887
v 0.319946 0.984202 -1.016168
v 0.319946 1.124484 -1.016168
v 0.319946 0.984202 -0.875887
v 0.319946 1.124484 -0.875887
v -1.016168 0.643171 -1.009521
v -1.016168 0.783453 -1.009521
v -0.875887 0.643171 -1.009521
v -0.875887 0.783453 -1.009521
v -1.016168 0.643171 -0.764013
v -1.016168 0.783453 -0.764013
v -0.875887 0.643171 -0.764013
v -0.875887 0.783453 -0.764013
v -1.016168 1.070999 -0.529003
v -1.016168 1.211280 -0.529003
v -0.875887 1.070999 -0.529003
v -0.875887 1.211280 -0.529003
v -1.016168 1.070999 -0.283494
v -1.016168 1.211280 -0.283494
v -0.875887 1.070999 -0.283494
v -0.875887 1.211280 -0.283494
v -1.016168 0.530462 -0.117730
v -1.016168 0.670744 -0.117730
v -0.875887 0.530462 -0.117730
v -0.875887 0.670744 -0.117730
v -1.016168 0.530462 0.127779
v -1.016168 0.670744 0.127779
v -0.875887 0.530462 0.127779
v -0.875887 0.670744 0.127779
v -1.009521 0.637098 1.016168
v -1.009521 0.777380 1.016168
v -1.009521 0.637098 0.875886
v -1.009521 0.777380 0.875886
v -0.764012 0.637098 1.016168
v -0.764012 0.777380 1.016168
v -0.764012 0.637098 0.875886
v -0.764012 0.777380 0.875886
v -1.006537 0.793309 0.769725
v -1.006537 0.933590 0.769725
v -0.866255 0.793309 0.769725
v -0.866255 0.933590 0.769725
v -1.006537 0.793309 1.015234
v -1.006537 0.933590 1.015234
v -0.866255 0.793309 1.015234
v -0.866255 0.933590 1.015234
v -0.565455 0.984202 1.016168
v -0.565455 1.124484 1.016168
v -0.565455 0.984202 0.875886
v -0.565455 1.124484 0.875886
v -0.319946 0.984202 1.016168
v -0.319946 1.124484 1.016168
v -0.319946 0.984202 0.875886
v -0.319946 1.124484 0.875886
v -1.079323 1.319549 1.315274
v -1.032942 1.319549 1.361568
v -1.032942 1.319549 -1.077302
v -1.079323 1.319549 -1.031008
v 1.079323 1.319549 -1.031008
v 1.032942 1.319549 -1.077302
v 1.032942 1.319549 1.361568
v 1.079323 1.319549 1.315274
v -1.079323 1.407345 1.315274
v -1.032942 1.407345 1.361568
v -1.032942 1.407345 -1.077302
v -1.079323 1.407345 -1.031008
v 1.079323 1.407345 -1.031008
v 1.032942 1.407345 -1.077302
v 1.032942 1.407345 1.361568
v 1.079323 1.407345 1.315274
v -0.981126 1.405595 1.221472
v -0.938965 1.405595 1.263555
v -0.938965 1.405595 -0.979289
v -0.981126 1.405595 -0.937207
v 0.981126 1.405595 -0.937207
v 0.938964 1.405595 -0.979289
v 0.938964 1.405595 1.263555
v 0.981126 1.405595 1.221472
v -0.975641 0.407625 1.019449
v -1.019449 0.407625 0.975641
v -1.019449 0.407625 -0.975641
v -0.975641 0.407625 -1.019449
v 1.019449 0.407625 0.975641
v 0.975641 0.407625 1.019449
v 0.975641 0.407625 -1.019449
v 1.019449 0.407625 -0.975641
v -0.975641 0.021768 1.019449
v -1.019449 0.021768 0.975641
v -1.019449 0.021768 -0.975641
v -0.975641 0.021768 -1.019449
v 1.019449 0.021768 0.975641
v 0.975641 0.021768 1.019449
v 0.975641 0.021768 -1.019449
v 1.019449 0.021768 -0.975641
v -0.922901 0.407625 0.964341
v -0.964341 0.407625 0.922901
v -0.964341 0.407625 -0.922901
v -0.922901 0.407625 -0.964341
v 0.964341 0.407625 0.922901
v 0.922901 0.407625 0.964341
v 0.922901 0.407625 -0.964341
v 0.964341 0.407625 -0.922901
v -0.264138 0.407625 1.019449
v -0.264138 0.021768 1.019449
v -0.264138 0.407625 0.964341
v 0.254261 0.407625 1.019449
v 0.254261 0.021768 1.019449
v 0.254261 0.407625 0.964341
v -0.264138 0.021745 0.964341
v 0.254261 0.021745 0.964341
v 1.027389 0.004980 -1.024176
v 1.027389 0.141405 -1.024176
v 1.027389 0.005865 -0.966601
v 1.027389 0.141405 -0.966601
v 0.788629 0.004980 -1.024176
v 0.788629 0.141405 -1.024176
v 0.788629 0.004980 -0.966602
v 0.788629 0.141405 -0.966602
v 0.909267 0.153007 -1.024176
v 0.909267 0.290087 -1.024176
v 0.909267 0.155654 -0.887751
v 0.909267 0.297203 -0.887751
v 0.670507 0.150585 -1.024176
v 0.670507 0.285565 -1.024176
v 0.670507 0.149139 -0.887751
v 0.670507 0.297639 -0.887751
v 1.027389 0.289051 -1.024176
v 1.027389 0.431147 -1.024176
v 1.027389 0.296864 -0.966601
v 1.027389 0.428435 -0.966601
v 0.788629 0.298020 -1.024176
v 0.788629 0.425477 -1.024176
v 0.788629 0.305749 -0.966602
v 0.788629 0.425752 -0.966602
v 0.777572 0.004980 -1.052577
v 0.777572 0.141405 -1.052577
v 0.777571 0.012507 -0.887751
v 0.777571 0.141921 -0.887751
v 0.538811 0.004980 -1.052577
v 0.538811 0.141405 -1.052577
v 0.538811 0.004980 -0.887751
v 0.538811 0.141405 -0.887751
v 0.659449 0.152464 -1.024176
v 0.659449 0.285565 -1.024176
v 0.659449 0.151278 -0.887751
v 0.659449 0.285565 -0.887751
v 0.420689 0.151128 -1.024177
v 0.420689 0.291131 -1.024177
v 0.420689 0.165614 -0.887751
v 0.420689 0.285565 -0.887751
v 0.777571 0.289051 -1.024176
v 0.777571 0.432682 -1.024176
v 0.777571 0.295062 -0.887751
v 0.777571 0.427143 -0.887751
v 0.538811 0.289051 -1.024177
v 0.538811 0.428823 -1.024177
v 0.538811 0.289051 -0.887751
v 0.538811 0.436786 -0.887751
v 0.527754 0.007505 -1.024177
v 0.527754 0.145727 -1.024177
v 0.527754 0.014227 -0.887751
v 0.527754 0.144117 -0.887751
v 0.288993 0.005364 -1.024177
v 0.288993 0.141405 -1.024177
v 0.288993 0.004980 -0.887751
v 0.288993 0.152798 -0.887751
v 0.409632 0.149139 -1.024177
v 0.409632 0.287853 -1.024177
v 0.409632 0.149139 -0.887751
v 0.409632 0.291455 -0.887751
v 0.170871 0.149139 -1.024177
v 0.170871 0.285565 -1.024177
v 0.170871 0.159134 -0.887751
v 0.170871 0.285565 -0.887751
v 0.527754 0.289051 -1.024177
v 0.527754 0.431330 -1.024177
v 0.527754 0.297513 -0.887751
v 0.527754 0.425477 -0.887751
v 0.288993 0.289051 -1.024177
v 0.288993 0.425477 -1.024177
v 0.288993 0.289051 -0.887751
v 0.288993 0.432281 -0.887751
v 0.277936 0.005074 -1.052577
v 0.277936 0.148221 -1.052577
v 0.277936 0.014493 -0.887751
v 0.277936 0.141405 -0.887751
v 0.039175 0.005385 -1.052577
v 0.039175 0.148118 -1.052577
v 0.039175 0.004980 -0.887751
v 0.039175 0.141405 -0.887751
v 0.159814 0.149139 -1.024177
v 0.159814 0.285565 -1.024177
v 0.159814 0.151325 -0.887751
v 0.159814 0.285565 -0.887751
v -0.078947 0.149139 -1.024177
v -0.078947 0.287375 -1.024177
v -0.078947 0.159604 -0.887751
v -0.078947 0.298650 -0.887751
v 0.277936 0.289051 -1.052577
v 0.277936 0.425477 -1.052577
v 0.277936 0.289051 -0.887751
v 0.277936 0.425477 -0.887751
v 0.039175 0.296608 -1.052577
v 0.039175 0.430936 -1.052577
v 0.039175 0.289051 -0.887751
v 0.039175 0.425477 -0.887751
v 0.028118 0.004980 -1.024177
v 0.028118 0.147249 -1.024177
v 0.028118 0.004980 -0.887751
v 0.028118 0.150939 -0.887751
v -0.210643 0.008032 -1.024177
v -0.210643 0.141405 -1.024177
v -0.210643 0.014970 -0.887751
v -0.210643 0.141405 -0.887751
v -0.090004 0.161735 -1.024177
v -0.090004 0.285565 -1.024177
v -0.090004 0.157957 -0.887751
v -0.090004 0.297231 -0.887751
v -0.328765 0.153427 -1.024177
v -0.328765 0.285565 -1.024177
v -0.328765 0.149139 -0.887751
v -0.328765 0.294934 -0.887751
v 0.028118 0.289051 -1.024177
v 0.028118 0.427609 -1.024177
v 0.028118 0.289051 -0.887751
v 0.028118 0.434039 -0.887751
v -0.210643 0.289051 -1.024177
v -0.210643 0.425477 -1.024177
v -0.210643 0.302365 -0.887751
v -0.210643 0.430027 -0.887751
v -0.221700 0.010938 -1.024177
v -0.221700 0.141587 -1.024177
v -0.221700 0.004980 -0.887751
v -0.221700 0.159570 -0.887751
v -0.460461 0.004980 -1.024177
v -0.460461 0.141405 -1.024177
v -0.460461 0.004980 -0.887751
v -0.460461 0.149020 -0.887751
v -0.339822 0.149139 -1.052578
v -0.339822 0.285565 -1.052578
v -0.339822 0.152481 -0.887751
v -0.339822 0.285565 -0.887751
v -0.578583 0.151883 -1.052578
v -0.578583 0.285565 -1.052578
v -0.578583 0.149139 -0.887751
v -0.578583 0.285565 -0.887751
v -0.221700 0.298872 -1.024177
v -0.221700 0.425477 -1.024177
v -0.221700 0.289051 -0.887751
v -0.221700 0.425477 -0.887751
v -0.460461 0.289051 -1.024177
v -0.460461 0.425477 -1.024177
v -0.460461 0.289051 -0.887751
v -0.460461 0.425477 -0.887751
v -0.471518 0.006889 -1.024177
v -0.471518 0.150028 -1.024177
v -0.471518 0.017585 -0.887751
v -0.471518 0.141405 -0.887751
v -0.710278 0.004980 -1.024177
v -0.710278 0.144480 -1.024177
v -0.710278 0.005705 -0.887751
v -0.710278 0.141405 -0.887751
v -0.589640 0.149139 -1.024177
v -0.589640 0.285565 -1.024177
v -0.589640 0.149139 -0.887751
v -0.589640 0.299573 -0.887751
v -0.828401 0.158551 -1.024177
v -0.828401 0.286113 -1.024177
v -0.828401 0.155028 -0.887751
v -0.828401 0.288670 -0.887751
v -0.471518 0.291559 -1.024177
v -0.471518 0.431307 -1.024177
v -0.471518 0.297184 -0.887751
v -0.471518 0.429556 -0.887751
v -0.710278 0.300939 -1.024177
v -0.710278 0.425477 -1.024177
v -0.710278 0.296966 -0.887751
v -0.710278 0.425477 -0.887751
v -0.721336 0.011720 -1.024177
v -0.721336 0.147035 -1.024177
v -0.721336 0.004980 -0.887751
v -0.721336 0.145548 -0.887751
v -0.960096 0.004980 -1.024177
v -0.960096 0.145811 -1.024177
v -0.960096 0.006234 -0.887752
v -0.960096 0.147604 -0.887752
v -0.839458 0.149139 -1.024177
v -0.839458 0.285565 -1.024177
v -0.839458 0.149139 -0.926153
v -0.839458 0.285565 -0.926153
v -1.024022 0.150525 -1.024177
v -1.024022 0.285565 -1.024177
v -1.024022 0.150256 -0.926153
v -1.024022 0.287498 -0.926153
v -0.721336 0.289051 -1.024177
v -0.721336 0.425477 -1.024177
v -0.721336 0.294701 -0.887751
v -0.721336 0.431129 -0.887751
v -0.960096 0.289051 -1.024177
v -0.960096 0.425477 -1.024177
v -0.960096 0.289051 -0.887752
v -0.960096 0.428511 -0.887752
v -1.024176 0.004980 -1.027389
v -1.024176 0.141405 -1.027389
v -0.968304 0.005865 -1.027389
v -0.968304 0.141405 -1.027389
v -1.024176 0.004980 -0.788629
v -1.024176 0.141405 -0.788629
v -0.968304 0.004980 -0.788629
v -0.968304 0.141405 -0.788629
v -1.024176 0.153007 -0.909267
v -1.024176 0.290087 -0.909267
v -0.887751 0.155654 -0.909267
v -0.887751 0.297203 -0.909267
v -1.024176 0.150585 -0.670506
v -1.024176 0.285565 -0.670506
v -0.887751 0.149139 -0.670507
v -0.887751 0.297639 -0.670507
v -1.024176 0.289051 -1.027389
v -1.024176 0.431147 -1.027389
v -0.968304 0.296864 -1.027389
v -0.968304 0.428435 -1.027389
v -1.024176 0.298020 -0.788629
v -1.024176 0.425477 -0.788629
v -0.968304 0.305749 -0.788629
v -0.968304 0.425752 -0.788629
v -1.024176 0.004980 -0.777571
v -1.024176 0.141405 -0.777571
v -0.887751 0.012507 -0.777571
v -0.887751 0.141921 -0.777571
v -1.024176 0.004980 -0.538811
v -1.024176 0.141405 -0.538811
v -0.887751 0.004980 -0.538811
v -0.887751 0.141405 -0.538811
v -1.024176 0.152464 -0.659449
v -1.024176 0.285565 -0.659449
v -0.887751 0.151278 -0.659449
v -0.887751 0.285565 -0.659449
v -1.024176 0.151128 -0.420689
v -1.024176 0.291131 -0.420689
v -0.887751 0.165614 -0.420689
v -0.887751 0.285565 -0.420689
v -1.051726 0.289051 -0.777571
v -1.051726 0.432682 -0.777571
v -0.887751 0.295062 -0.777571
v -0.887751 0.427143 -0.777571
v -1.051726 0.289051 -0.538811
v -1.051726 0.428823 -0.538811
v -0.887751 0.289051 -0.538811
v -0.887751 0.436786 -0.538811
v -1.051726 0.007505 -0.527754
v -1.051726 0.145727 -0.527754
v -0.887751 0.014227 -0.527754
v -0.887751 0.144117 -0.527754
v -1.051726 0.005364 -0.288993
v -1.051726 0.141405 -0.288993
v -0.887751 0.004980 -0.288993
v -0.887751 0.152798 -0.288993
v -1.024176 0.149139 -0.409631
v -1.024176 0.287853 -0.409631
v -0.887751 0.149139 -0.409631
v -0.887751 0.291455 -0.409631
v -1.024176 0.149139 -0.170871
v -1.024176 0.285565 -0.170871
v -0.887751 0.159134 -0.170871
v -0.887751 0.285565 -0.170871
v -1.024176 0.289051 -0.527754
v -1.024176 0.431330 -0.527754
v -0.887751 0.297513 -0.527754
v -0.887751 0.425477 -0.527754
v -1.024176 0.289051 -0.288993
v -1.024176 0.425477 -0.288993
v -0.887751 0.289051 -0.288993
v -0.887751 0.432281 -0.288993
v -1.024176 0.005074 -0.277936
v -1.024176 0.148221 -0.277936
v -0.887751 0.014493 -0.277936
v -0.887751 0.141405 -0.277936
v -1.024176 0.005385 -0.039175
v -1.024176 0.148118 -0.039175
v -0.887751 0.004980 -0.039175
v -0.887751 0.141405 -0.039175
v -1.024176 0.149139 -0.159814
v -1.024176 0.285565 -0.159814
v -0.887751 0.151325 -0.159814
v -0.887751 0.285565 -0.159814
v -1.024176 0.149139 0.078947
v -1.024176 0.287375 0.078947
v -0.887751 0.159604 0.078947
v -0.887751 0.298650 0.078947
v -1.024176 0.289051 -0.277936
v -1.024176 0.425477 -0.277936
v -0.887751 0.289051 -0.277936
v -0.887751 0.425477 -0.277936
v -1.024176 0.296608 -0.039175
v -1.024176 0.430936 -0.039175
v -0.887751 0.289051 -0.039175
v -0.887751 0.425477 -0.039175
v -1.024176 0.004980 -0.028118
v -1.024176 0.147249 -0.028118
v -0.887751 0.004980 -0.028118
v -0.887751 0.150939 -0.028118
v -1.024176 0.008032 0.210643
v -1.024176 0.141405 0.210643
v -0.887751 0.014970 0.210643
v -0.887751 0.141405 0.210643
v -1.024176 0.161735 0.090004
v -1.024176 0.285565 0.090004
v -0.887751 0.157957 0.090004
v -0.887751 0.297231 0.090004
v -1.024176 0.153427 0.328765
v -1.024176 0.285565 0.328765
v -0.887751 0.149139 0.328765
v -0.887751 0.294934 0.328765
v -1.024176 0.289051 -0.028118
v -1.024176 0.427609 -0.028118
v -0.887751 0.289051 -0.028118
v -0.887751 0.434039 -0.028118
v -1.024176 0.289051 0.210643
v -1.024176 0.425477 0.210643
v -0.887751 0.302365 0.210643
v -0.887751 0.430027 0.210643
v -1.024176 0.010938 0.221700
v -1.024176 0.141587 0.221700
v -0.887751 0.004980 0.221700
v -0.887751 0.159570 0.221700
v -1.024176 0.004980 0.460461
v -1.024176 0.141405 0.460461
v -0.887751 0.004980 0.460461
v -0.887751 0.149020 0.460461
v -1.051726 0.149139 0.339822
v -1.051726 0.285565 0.339822
v -0.887751 0.152481 0.339822
v -0.887751 0.285565 0.339822
v -1.051726 0.151883 0.578583
v -1.051726 0.285565 0.578583
v -0.887751 0.149139 0.578583
v -0.887751 0.285565 0.578583
v -1.024176 0.298871 0.221700
v -1.024176 0.425477 0.221700
v -0.887751 0.289051 0.221700
v -0.887751 0.425477 0.221700
v -1.024176 0.289051 0.460461
v -1.024176 0.425477 0.460461
v -0.887751 0.289051 0.460461
v -0.887751 0.425477 0.460461
v -1.024176 0.006889 0.471518
v -1.024176 0.150028 0.471518
v -0.887751 0.017585 0.471518
v -0.887751 0.141405 0.471518
v -1.024176 0.004980 0.710279
v -1.024176 0.144480 0.710279
v -0.887751 0.005705 0.710279
v -0.887751 0.141405 0.710279
v -1.024177 0.149139 0.589640
v -1.024177 0.285565 0.589640
v -0.887751 0.149139 0.589640
v -0.887751 0.299573 0.589640
v -1.024176 0.158551 0.828401
v -1.024176 0.286113 0.828401
v -0.887751 0.155028 0.828401
v -0.887751 0.288670 0.828401
v -1.024176 0.291559 0.471518
v -1.024176 0.431307 0.471518
v -0.887751 0.297184 0.471518
v -0.887751 0.429556 0.471518
v -1.024176 0.300939 0.710279
v -1.024176 0.425477 0.710279
v -0.887751 0.296966 0.710279
v -0.887751 0.425477 0.710279
v -1.024176 0.011720 0.721336
v -1.024176 0.147035 0.721336
v -0.887751 0.004980 0.721336
v -0.887751 0.145548 0.721336
v -1.024177 0.004980 0.960096
v -1.024177 0.145811 0.960096
v -0.887751 0.006234 0.960096
v -0.887751 0.147604 0.960096
v -1.024176 0.149139 0.839458
v -1.024176 0.285565 0.839458
v -0.916432 0.149139 0.839458
v -0.916432 0.285565 0.839458
v -1.024176 0.150525 1.034632
v -1.024176 0.285565 1.034632
v -0.916432 0.150256 1.034632
v -0.916432 0.287498 1.034632
v -1.024176 0.289051 0.721336
v -1.024176 0.425477 0.721336
v -0.887751 0.294701 0.721336
v -0.887751 0.431129 0.721336
v -1.024177 0.289051 0.960096
v -1.024177 0.425477 0.960096
v -0.887751 0.289051 0.960096
v -0.887751 0.428511 0.960096
v 1.024176 0.004980 1.027389
v 1.024176 0.141405 1.027389
v 0.963433 0.004980 1.027389
v 0.963433 0.141405 1.027389
v 1.024177 0.004980 0.788628
v 1.024177 0.141405 0.788628
v 0.963433 0.005167 0.788628
v 0.963433 0.142002 0.788628
v 1.024177 0.153007 0.909267
v 1.024177 0.290087 0.909267
v 0.887751 0.155654 0.909267
v 0.887751 0.297203 0.909267
v 1.024176 0.150585 0.670506
v 1.024176 0.285565 0.670506
v 0.887751 0.149139 0.670506
v 0.887751 0.297639 0.670506
v 1.024176 0.289051 1.027389
v 1.024176 0.431147 1.027389
v 0.963433 0.289051 1.027389
v 0.963433 0.428318 1.027389
v 1.024177 0.298020 0.788628
v 1.024177 0.425477 0.788628
v 0.963433 0.305825 0.788628
v 0.963433 0.432692 0.788628
v 1.024176 0.004980 0.777571
v 1.024176 0.141405 0.777571
v 0.963433 0.004980 0.777571
v 0.963433 0.141405 0.777571
v 1.024177 0.004980 0.538810
v 1.024177 0.141405 0.538810
v 0.963433 0.011021 0.538810
v 0.963433 0.145189 0.538810
v 1.024176 0.152464 0.659449
v 1.024176 0.285565 0.659449
v 0.887751 0.151278 0.659449
v 0.887751 0.285565 0.659449
v 1.024176 0.151128 0.420688
v 1.024176 0.291131 0.420688
v 0.887751 0.165614 0.420688
v 0.887751 0.285565 0.420688
v 1.024176 0.289051 0.777571
v 1.024176 0.432682 0.777571
v 0.963433 0.289051 0.777571
v 0.963433 0.425477 0.777571
v 1.024177 0.289051 0.538810
v 1.024177 0.428823 0.538810
v 0.963433 0.294659 0.538810
v 0.963433 0.425477 0.538810
v 1.024177 0.007505 0.527753
v 1.024177 0.145727 0.527753
v 0.963433 0.004980 0.527753
v 0.963433 0.141405 0.527753
v 1.024176 0.005364 0.288992
v 1.024176 0.141405 0.288992
v 0.963433 0.004980 0.288992
v 0.963433 0.144487 0.288992
v 1.045250 0.149139 0.409631
v 1.045250 0.287853 0.409631
v 0.887751 0.149139 0.409631
v 0.887751 0.291455 0.409631
v 1.045250 0.149139 0.170870
v 1.045250 0.285565 0.170870
v 0.887751 0.159134 0.170870
v 0.887751 0.285565 0.170870
v 1.024177 0.289051 0.527753
v 1.024177 0.431330 0.527753
v 0.963433 0.289051 0.527753
v 0.963433 0.436519 0.527753
v 1.024176 0.289051 0.288992
v 1.024176 0.425477 0.288992
v 0.963433 0.298764 0.288992
v 0.963433 0.425921 0.288992
v 1.024176 0.005074 0.277935
v 1.024176 0.148221 0.277935
v 0.963433 0.019220 0.277935
v 0.963433 0.141405 0.277935
v 1.024176 0.005385 0.039175
v 1.024176 0.148118 0.039175
v 0.963433 0.021454 0.039175
v 0.963433 0.148579 0.039175
v 1.024177 0.149139 0.159813
v 1.024177 0.285565 0.159813
v 0.887751 0.151325 0.159813
v 0.887751 0.285565 0.159813
v 1.024176 0.149139 -0.078947
v 1.024176 0.287375 -0.078947
v 0.887751 0.159604 -0.078947
v 0.887751 0.298650 -0.078947
v 1.024176 0.289051 0.277935
v 1.024176 0.425477 0.277935
v 0.963433 0.289051 0.277935
v 0.963433 0.425477 0.277935
v 1.024176 0.296608 0.039175
v 1.024176 0.430936 0.039175
v 0.963433 0.289051 0.039175
v 0.963433 0.428459 0.039175
v 1.024176 0.004980 0.028117
v 1.024176 0.147249 0.028117
v 0.963433 0.007674 0.028117
v 0.963433 0.146847 0.028117
v 1.024176 0.008032 -0.210643
v 1.024176 0.141405 -0.210643
v 0.963433 0.004980 -0.210643
v 0.963433 0.141405 -0.210643
v 1.024176 0.161735 -0.090005
v 1.024176 0.285565 -0.090005
v 0.887751 0.157957 -0.090005
v 0.887751 0.297231 -0.090005
v 1.024176 0.153427 -0.328765
v 1.024176 0.285565 -0.328765
v 0.887751 0.149139 -0.328765
v 0.887751 0.294934 -0.328765
v 1.024176 0.289051 0.028117
v 1.024176 0.427609 0.028117
v 0.963433 0.294688 0.028117
v 0.963433 0.425477 0.028117
v 1.024176 0.289051 -0.210643
v 1.024176 0.425477 -0.210643
v 0.963433 0.289051 -0.210643
v 0.963433 0.425477 -0.210643
v 1.024176 0.010938 -0.221701
v 1.024176 0.141587 -0.221701
v 0.963433 0.005832 -0.221701
v 0.963433 0.160089 -0.221701
v 1.024176 0.004980 -0.460461
v 1.024176 0.141405 -0.460461
v 0.963433 0.004980 -0.460461
v 0.963433 0.143859 -0.460461
v 1.024176 0.149139 -0.339822
v 1.024176 0.285565 -0.339822
v 0.887751 0.152481 -0.339822
v 0.887751 0.285565 -0.339822
v 1.024176 0.151883 -0.578583
v 1.024176 0.285565 -0.578583
v 0.887751 0.149139 -0.578583
v 0.887751 0.285565 -0.578583
v 1.024176 0.298872 -0.221701
v 1.024176 0.425477 -0.221701
v 0.963433 0.289051 -0.221701
v 0.963433 0.436875 -0.221701
v 1.024176 0.289051 -0.460461
v 1.024176 0.425477 -0.460461
v 0.963433 0.299093 -0.460461
v 0.963433 0.425477 -0.460461
v 1.024176 0.006889 -0.471518
v 1.024176 0.150028 -0.471518
v 0.963433 0.004980 -0.471518
v 0.963433 0.146420 -0.471518
v 1.024176 0.004980 -0.710279
v 1.024176 0.144480 -0.710279
v 0.963433 0.004980 -0.710279
v 0.963433 0.141405 -0.710279
v 1.024176 0.149139 -0.589640
v 1.024176 0.285565 -0.589640
v 0.887751 0.149139 -0.589640
v 0.887751 0.299573 -0.589640
v 1.024176 0.158551 -0.828401
v 1.024176 0.286113 -0.828401
v 0.887751 0.155028 -0.828401
v 0.887751 0.288670 -0.828401
v 1.051157 0.291559 -0.471518
v 1.051157 0.431307 -0.471518
v 0.963433 0.289051 -0.471518
v 0.963433 0.425477 -0.471518
v 1.051157 0.300939 -0.710279
v 1.051157 0.425477 -0.710279
v 0.963433 0.289051 -0.710279
v 0.963433 0.425477 -0.710279
v 1.024176 0.011720 -0.721336
v 1.024176 0.147035 -0.721336
v 0.963433 0.004980 -0.721336
v 0.963433 0.141405 -0.721336
v 1.024176 0.004980 -0.960097
v 1.024176 0.145811 -0.960097
v 0.963433 0.017140 -0.960097
v 0.963433 0.141719 -0.960097
v 1.024176 0.149139 -0.839458
v 1.024176 0.285565 -0.839458
v 0.916927 0.149139 -0.839458
v 0.916927 0.285565 -0.839458
v 1.024176 0.150525 -1.032251
v 1.024176 0.285565 -1.032251
v 0.916927 0.150256 -1.032251
v 0.916927 0.287498 -1.032251
v 1.024176 0.289051 -0.721336
v 1.024176 0.425477 -0.721336
v 0.963433 0.289051 -0.721336
v 0.963433 0.428911 -0.721336
v 1.024176 0.289051 -0.960097
v 1.024176 0.425477 -0.960097
v 0.963433 0.298831 -0.960097
v 0.963433 0.425477 -0.960097
v -1.027389 0.004980 1.024176
v -1.027389 0.141405 1.024176
v -1.027389 0.005865 0.963221
v -1.027389 0.141405 0.963221
v -0.788628 0.004980 1.024176
v -0.788628 0.141405 1.024176
v -0.788628 0.004980 0.963221
v -0.788628 0.141405 0.963221
v -0.909267 0.153007 1.024176
v -0.909267 0.290087 1.024176
v -0.909267 0.155654 0.887751
v -0.909267 0.297203 0.887751
v -0.670506 0.150585 1.024176
v -0.670506 0.285565 1.024176
v -0.670506 0.149139 0.887751
v -0.670506 0.297639 0.887751
v -1.027389 0.289051 1.024176
v -1.027389 0.431147 1.024176
v -1.027389 0.296864 0.963221
v -1.027389 0.428435 0.963221
v -0.788628 0.298020 1.024176
v -0.788628 0.425477 1.024176
v -0.788628 0.305749 0.963221
v -0.788628 0.425752 0.963221
v -0.777571 0.004980 1.056440
v -0.777571 0.141405 1.056440
v -0.777571 0.012507 0.887751
v -0.777571 0.141921 0.887751
v -0.538810 0.004980 1.056440
v -0.538810 0.141405 1.056440
v -0.538810 0.004980 0.887751
v -0.538810 0.141405 0.887751
v -0.659449 0.152464 1.024176
v -0.659449 0.285565 1.024176
v -0.659449 0.151278 0.887751
v -0.659449 0.285565 0.887751
v -0.420688 0.151128 1.024176
v -0.420688 0.291131 1.024176
v -0.420688 0.165614 0.887751
v -0.420688 0.285565 0.887751
v -0.777571 0.289051 1.024176
v -0.777571 0.432682 1.024176
v -0.777571 0.295062 0.887751
v -0.777571 0.427143 0.887751
v -0.538810 0.289051 1.024176
v -0.538810 0.428823 1.024176
v -0.538810 0.289051 0.887751
v -0.538810 0.436786 0.887751
v -0.527753 0.007505 1.024176
v -0.527753 0.145727 1.024176
v -0.527753 0.014227 0.887751
v -0.527753 0.144117 0.887751
v -0.240228 0.005364 1.024176
v -0.240228 0.141405 1.024176
v -0.240228 0.004980 0.887751
v -0.240228 0.152798 0.887751
v -0.409631 0.149139 1.024176
v -0.409631 0.287853 1.024176
v -0.409631 0.149139 0.887751
v -0.409631 0.291455 0.887751
v -0.235866 0.149139 1.024176
v -0.235866 0.285565 1.024176
v -0.235866 0.159134 0.887751
v -0.235866 0.285565 0.887751
v -0.527753 0.289051 1.024176
v -0.527753 0.431330 1.024176
v -0.527753 0.297513 0.887751
v -0.527753 0.425477 0.887751
v -0.240228 0.289051 1.024176
v -0.240228 0.425477 1.024176
v -0.240228 0.289051 0.887751
v -0.240228 0.432281 0.887751
v 0.221067 0.161735 1.024176
v 0.221067 0.285565 1.024176
v 0.221067 0.157957 0.887751
v 0.221067 0.297231 0.887751
v 0.328765 0.153427 1.024176
v 0.328765 0.285565 1.024176
v 0.328765 0.149139 0.887751
v 0.328765 0.294934 0.887751
v 0.239003 0.010938 1.024176
v 0.239003 0.141587 1.024176
v 0.239003 0.004980 0.887751
v 0.239003 0.159570 0.887751
v 0.460461 0.004980 1.024176
v 0.460461 0.141405 1.024176
v 0.460461 0.004980 0.887751
v 0.460461 0.149020 0.887751
v 0.339822 0.149139 1.024176
v 0.339822 0.285565 1.024176
v 0.339822 0.152481 0.887751
v 0.339822 0.285565 0.887751
v 0.578583 0.151883 1.024176
v 0.578583 0.285565 1.024176
v 0.578583 0.149139 0.887751
v 0.578583 0.285565 0.887751
v 0.239003 0.298871 1.024176
v 0.239003 0.425477 1.024176
v 0.239003 0.289051 0.887751
v 0.239003 0.425477 0.887751
v 0.460461 0.289051 1.024176
v 0.460461 0.425477 1.024176
v 0.460461 0.289051 0.887751
v 0.460461 0.425477 0.887751
v 0.471518 0.006889 1.024176
v 0.471518 0.150028 1.024176
v 0.471518 0.017585 0.887751
v 0.471518 0.141405 0.887751
v 0.710279 0.004980 1.024176
v 0.710279 0.144480 1.024176
v 0.710279 0.005705 0.887751
v 0.710279 0.141405 0.887751
v 0.589640 0.149139 1.024176
v 0.589640 0.285565 1.024176
v 0.589640 0.149139 0.887751
v 0.589640 0.299573 0.887751
v 0.828401 0.158551 1.024176
v 0.828401 0.286113 1.024176
v 0.828401 0.155028 0.887751
v 0.828401 0.288670 0.887751
v 0.471518 0.291559 1.056440
v 0.471518 0.431307 1.056440
v 0.471518 0.297184 0.887751
v 0.471518 0.429556 0.887751
v 0.710279 0.300939 1.056440
v 0.710279 0.425477 1.056440
v 0.710279 0.296966 0.887751
v 0.710279 0.425477 0.887751
v 0.721336 0.011720 1.046847
v 0.721336 0.147035 1.046847
v 0.721336 0.004980 0.887751
v 0.721336 0.145548 0.887751
v 0.960097 0.004980 1.046847
v 0.960097 0.145811 1.046847
v 0.960097 0.006234 0.887751
v 0.960097 0.147604 0.887751
v 0.839458 0.149139 1.024176
v 0.839458 0.285565 1.024176
v 0.839458 0.149139 0.927237
v 0.839458 0.285565 0.927237
v 1.033548 0.150525 1.024176
v 1.033548 0.285565 1.024176
v 1.033548 0.150256 0.927237
v 1.033548 0.287498 0.927237
v 0.721336 0.289051 1.024176
v 0.721336 0.425477 1.024176
v 0.721336 0.294701 0.887751
v 0.721336 0.431129 0.887751
v 0.960097 0.289051 1.024176
v 0.960097 0.425477 1.024176
v 0.960097 0.289051 0.887751
v 0.960097 0.428511 0.887751
v -0.327206 0.910937 1.097556
v -0.340341 0.972768 1.094240
v -0.327206 0.910937 0.958842
v -0.327206 0.968273 0.958842
v -0.203976 0.006371 1.026923
v -0.277960 0.006371 1.024054
v -0.203976 0.006371 0.906934
v -0.274072 0.006371 0.906934
v -0.213737 0.946243 1.026923
v -0.274072 0.946243 1.026923
v -0.203976 0.946243 0.906934
v -0.267868 0.946243 0.906934
v 0.327206 0.910937 1.097556
v 0.340341 0.972768 1.094240
v 0.327206 0.910937 0.958842
v 0.327206 0.968273 0.958842
v 0.000000 0.922221 1.097556
v 0.000000 0.968273 1.097556
v 0.000000 0.910937 0.958842
v 0.000000 0.961102 0.958842
v 0.203976 0.006371 1.026923
v 0.277960 0.006371 1.024054
v 0.203976 0.006371 0.906934
v 0.274072 0.006371 0.906934
v 0.213737 0.946243 1.026923
v 0.274072 0.946243 1.026923
v 0.203976 0.946243 0.906934
v 0.267868 0.946243 0.906934
v 0.167109 2.617053 -0.673422
v 0.167109 2.633542 -0.701980
v 0.167109 2.666517 -0.701980
v 0.167109 2.683005 -0.673422
v 0.167109 2.666517 -0.644864
v 0.167109 2.633542 -0.644864
v 0.141345 2.603322 -0.673422
v 0.131878 2.616822 -0.701980
v 0.112946 2.643821 -0.701980
v 0.103479 2.657320 -0.673422
v 0.112946 2.643821 -0.644864
v 0.131878 2.616822 -0.644864
v 0.133114 2.587042 -0.673422
v 0.118586 2.587042 -0.701980
v 0.089528 2.587042 -0.701980
v 0.075000 2.587042 -0.673422
v 0.089528 2.587042 -0.644864
v 0.118586 2.587042 -0.644864
v 0.897833 2.617053 -0.486113
v 0.828415 2.617053 -0.673422
v 0.926391 2.633542 -0.486277
v 0.828415 2.633542 -0.701980
v 0.926391 2.666517 -0.486277
v 0.828415 2.666517 -0.701980
v 0.897833 2.683005 -0.486113
v 0.828415 2.683005 -0.673422
v 0.869275 2.666517 -0.485948
v 0.828415 2.666517 -0.644864
v 0.869275 2.633542 -0.485948
v 0.828415 2.633542 -0.644864
v 0.897981 2.603322 -0.460350
v 0.926593 2.616822 -0.451048
v 0.926702 2.643821 -0.432116
v 0.898199 2.657320 -0.422485
v 0.869588 2.643821 -0.431787
v 0.869479 2.616822 -0.450719
v 0.898028 2.587042 -0.452119
v 0.926670 2.587042 -0.437755
v 0.926837 2.587042 -0.408699
v 0.898364 2.587042 -0.394007
v 0.869722 2.587042 -0.408370
v 0.869555 2.587042 -0.437426
v 0.869419 2.617053 -0.661297
v 0.884509 2.633542 -0.685542
v 0.884509 2.666517 -0.685542
v 0.869419 2.683005 -0.661297
v 0.854329 2.666517 -0.637051
v 0.854329 2.633542 -0.637051
v 0.923209 2.633542 -0.611573
v 0.923209 2.666517 -0.611573
v 0.894652 2.683005 -0.611409
v 0.866096 2.666517 -0.611244
v 0.866096 2.633542 -0.611244
v 0.894652 2.617053 -0.611409
v -0.483662 2.617053 -0.773380
v -0.483662 2.633542 -0.744822
v -0.483662 2.666517 -0.744822
v -0.483662 2.683005 -0.773380
v -0.483662 2.666517 -0.801938
v -0.483662 2.633542 -0.801938
v -0.509424 2.603322 -0.773380
v -0.518891 2.616822 -0.744822
v -0.537823 2.643821 -0.744822
v -0.547290 2.657320 -0.773380
v -0.537823 2.643821 -0.801938
v -0.518891 2.616822 -0.801938
v -0.517656 2.587042 -0.773380
v -0.532185 2.587042 -0.744822
v -0.561241 2.587042 -0.744822
v -0.575769 2.587042 -0.773380
v -0.561241 2.587042 -0.801938
v -0.532185 2.587042 -0.801938
v 0.838955 2.617053 -0.773380
v 0.177647 2.617053 -0.773380
v 0.838955 2.633541 -0.744822
v 0.177647 2.633542 -0.744822
v 0.838955 2.666517 -0.744822
v 0.177647 2.666517 -0.744822
v 0.838955 2.683005 -0.773380
v 0.177647 2.683005 -0.773380
v 0.838955 2.666517 -0.801938
v 0.177647 2.666517 -0.801938
v 0.838955 2.633542 -0.801938
v 0.177647 2.633542 -0.801938
v 0.864719 2.603322 -0.773380
v 0.874185 2.616821 -0.744822
v 0.893118 2.643821 -0.744822
v 0.902583 2.657320 -0.773380
v 0.893118 2.643821 -0.801938
v 0.874185 2.616821 -0.801938
v 0.872950 2.587042 -0.773380
v 0.887478 2.587042 -0.744822
v 0.916534 2.587042 -0.744822
v 0.931063 2.587042 -0.773380
v 0.916534 2.587042 -0.801938
v 0.887478 2.587042 -0.801938
v -0.483662 2.617053 -0.899506
v -0.483662 2.633542 -0.870948
v -0.483662 2.666517 -0.870948
v -0.483662 2.683005 -0.899506
v -0.483662 2.666517 -0.928064
v -0.483662 2.633542 -0.928064
v -0.509424 2.603322 -0.899506
v -0.518891 2.616822 -0.870948
v -0.537823 2.643821 -0.870948
v -0.547290 2.657320 -0.899506
v -0.537823 2.643821 -0.928064
v -0.518891 2.616822 -0.928064
v -0.517656 2.587042 -0.899506
v -0.532185 2.587042 -0.870948
v -0.561241 2.587042 -0.870948
v -0.575769 2.587042 -0.899506
v -0.561241 2.587042 -0.928064
v -0.532185 2.587042 -0.928064
v 0.838955 2.617053 -0.899506
v 0.177647 2.617053 -0.899506
v 0.838955 2.633541 -0.870948
v 0.177647 2.633542 -0.870948
v 0.838955 2.666517 -0.870948
v 0.177647 2.666517 -0.870948
v 0.838955 2.683005 -0.899506
v 0.177647 2.683005 -0.899506
v 0.838955 2.666517 -0.928064
v 0.177647 2.666517 -0.928064
v 0.838955 2.633542 -0.928064
v 0.177647 2.633542 -0.928064
v 0.864719 2.603322 -0.899506
v 0.874185 2.616821 -0.870948
v 0.893118 2.643821 -0.870948
v 0.902583 2.657320 -0.899506
v 0.893118 2.643821 -0.928064
v 0.874185 2.616821 -0.928064
v 0.872950 2.587042 -0.899506
v 0.887478 2.587042 -0.870948
v 0.916534 2.587042 -0.870948
v 0.931063 2.587042 -0.899506
v 0.916534 2.587042 -0.928064
v 0.887478 2.587042 -0.928064
v 0.147569 2.580554 -0.428743
v 0.784020 2.580554 -0.586585
v 0.147569 2.580554 -0.586585
v 0.784020 2.580554 -0.428743
v 0.432803 2.580554 -0.428743
v 0.498787 2.580554 -0.586585
v 0.432803 2.580554 -0.586585
v 0.498787 2.580554 -0.428743
v 0.306246 2.668917 -0.449716
v 0.306246 2.668917 -0.409429
v 0.284515 2.616455 -0.449716
v 0.284515 2.616455 -0.409429
v 0.232051 2.594724 -0.449716
v 0.232051 2.594724 -0.409429
v 0.179589 2.616455 -0.449716
v 0.179589 2.616455 -0.409429
v 0.157860 2.668917 -0.449716
v 0.157860 2.668917 -0.409429
v 0.179589 2.721380 -0.449716
v 0.179589 2.721380 -0.409429
v 0.232051 2.743110 -0.449716
v 0.232051 2.743110 -0.409429
v 0.284515 2.721380 -0.449716
v 0.284515 2.721380 -0.409429
v 0.171441 2.757281 -0.428743
v 0.147569 2.742490 -0.428743
v 0.147569 2.742490 -0.586585
v 0.171441 2.757281 -0.586585
v 0.432803 2.742490 -0.428743
v 0.408931 2.757281 -0.428743
v 0.408931 2.757281 -0.586585
v 0.432803 2.742490 -0.586585
v 0.657463 2.668917 -0.449716
v 0.657463 2.668917 -0.409429
v 0.635732 2.616455 -0.449716
v 0.635732 2.616455 -0.409429
v 0.583270 2.594724 -0.449716
v 0.583270 2.594724 -0.409429
v 0.530807 2.616455 -0.449716
v 0.530807 2.616455 -0.409429
v 0.509077 2.668917 -0.449716
v 0.509077 2.668917 -0.409429
v 0.530807 2.721380 -0.449716
v 0.530807 2.721380 -0.409429
v 0.583270 2.743110 -0.449716
v 0.583270 2.743110 -0.409429
v 0.635732 2.721380 -0.449716
v 0.635732 2.721380 -0.409429
v 0.522658 2.757281 -0.428743
v 0.498787 2.742490 -0.428743
v 0.498787 2.742490 -0.586585
v 0.522658 2.757281 -0.586585
v 0.784020 2.742490 -0.428743
v 0.760148 2.757281 -0.428743
v 0.760148 2.757281 -0.586585
v 0.784020 2.742490 -0.586585
v -0.124852 -0.011435 0.981566
v -0.198835 -0.011435 0.978697
v -0.127486 0.906758 0.981566
v -0.194947 0.906758 0.981566
v -0.124852 -0.011435 0.959051
v -0.198835 -0.011435 0.956182
v -0.194947 0.906758 0.959051
v -0.127486 0.906758 0.959051
v -0.125306 0.149316 0.981566
v -0.198165 0.149316 0.979192
v -0.125306 0.149316 0.959051
v -0.198165 0.149316 0.956676
v -0.125371 0.272506 0.981566
v -0.125371 0.272506 0.959051
v -0.198069 0.272506 0.979263
v -0.198069 0.272506 0.956748
v -0.198095 0.266144 0.979243
v -0.198095 0.266144 0.956728
v -0.133298 0.259602 0.981566
v -0.133298 0.259602 0.959051
v -0.126367 0.525009 0.981566
v -0.126367 0.525009 0.959051
v -0.196600 0.525009 0.980347
v -0.196600 0.525009 0.957832
v -0.126396 0.535442 0.981566
v -0.126396 0.535442 0.959051
v -0.186866 0.566450 0.980379
v -0.186866 0.566450 0.957864
v -0.044619 -0.011435 0.981566
v -0.118603 -0.011435 0.978697
v -0.047253 0.906758 0.981566
v -0.114714 0.906758 0.981566
v -0.044619 -0.011435 0.959051
v -0.118603 -0.011435 0.956182
v -0.114714 0.906758 0.959051
v -0.047253 0.906758 0.959051
v -0.045138 0.172504 0.981566
v -0.045138 0.172504 0.959051
v -0.113163 0.192598 0.979263
v -0.113163 0.192598 0.956748
v -0.117862 0.186703 0.979243
v -0.117862 0.186703 0.956728
v -0.045120 0.166141 0.981566
v -0.045120 0.166141 0.959051
v -0.046134 0.525009 0.981566
v -0.046134 0.525009 0.959051
v -0.110553 0.515319 0.980347
v -0.110553 0.515319 0.957832
v -0.049070 0.589706 0.981566
v -0.049070 0.589706 0.959051
v -0.116323 0.535442 0.980379
v -0.116323 0.535442 0.957864
v -0.040695 -0.011435 0.978697
v -0.036807 0.906758 0.981566
v -0.040695 -0.011435 0.956182
v -0.036807 0.906758 0.959051
v -0.040025 0.149316 0.979192
v -0.040025 0.149316 0.956676
v -0.039929 0.172504 0.979263
v -0.039929 0.172504 0.956748
v -0.035282 0.163805 0.979243
v -0.035282 0.163805 0.956728
v -0.038542 0.505244 0.980286
v -0.038542 0.505244 0.957771
v -0.038459 0.525009 0.980347
v -0.038459 0.525009 0.957832
v -0.032602 0.549977 0.980379
v -0.032602 0.549977 0.957864
v 0.124852 -0.011435 0.981566
v 0.198835 -0.011435 0.978697
v 0.127486 0.906758 0.981566
v 0.194947 0.906758 0.981566
v 0.124852 -0.011435 0.959051
v 0.198835 -0.011435 0.956182
v 0.194947 0.906758 0.959051
v 0.127486 0.906758 0.959051
v 0.125306 0.149316 0.981566
v 0.198165 0.149316 0.979192
v 0.125306 0.149316 0.959051
v 0.198165 0.149316 0.956676
v 0.125371 0.272506 0.981566
v 0.125371 0.272506 0.959051
v 0.198069 0.272506 0.979263
v 0.198069 0.272506 0.956748
v 0.198095 0.266144 0.979243
v 0.198095 0.266144 0.956728
v 0.133298 0.259602 0.981566
v 0.133298 0.259602 0.959051
v 0.126367 0.525009 0.981566
v 0.126367 0.525009 0.959051
v 0.196600 0.525009 0.980347
v 0.196600 0.525009 0.957832
v 0.126396 0.535442 0.981566
v 0.126396 0.535442 0.959051
v 0.186866 0.566450 0.980379
v 0.186866 0.566450 0.957864
v 0.044619 -0.011435 0.981566
v 0.118603 -0.011435 0.978697
v 0.047253 0.906758 0.981566
v 0.114714 0.906758 0.981566
v 0.044619 -0.011435 0.959051
v 0.118603 -0.011435 0.956182
v 0.114714 0.906758 0.959051
v 0.047253 0.906758 0.959051
v 0.045138 0.172504 0.981566
v 0.045138 0.172504 0.959051
v 0.113163 0.192598 0.979263
v 0.113163 0.192598 0.956748
v 0.117862 0.186703 0.979243
v 0.117862 0.186703 0.956728
v 0.045120 0.166141 0.981566
v 0.045120 0.166141 0.959051
v 0.046134 0.525009 0.981566
v 0.046134 0.525009 0.959051
v 0.110553 0.515319 0.980347
v 0.110553 0.515319 0.957832
v 0.049070 0.589706 0.981566
v 0.049070 0.589706 0.959051
v 0.116323 0.535442 0.980379
v 0.116323 0.535442 0.957864
v 0.040695 -0.011435 0.978697
v 0.036807 0.906758 0.981566
v 0.040695 -0.011435 0.956182
v 0.036807 0.906758 0.959051
v 0.040025 0.149316 0.979192
v 0.040025 0.149316 0.956676
v 0.039929 0.172504 0.979263
v 0.039929 0.172504 0.956748
v 0.035282 0.163805 0.979243
v 0.035282 0.163805 0.956728
v 0.038542 0.505244 0.980286
v 0.038542 0.505244 0.957771
v 0.038459 0.525009 0.980347
v 0.038459 0.525009 0.957832
v 0.032602 0.549977 0.980379
v 0.032602 0.549977 0.957864
vn -0.0000 -0.0000 -1.0000
vn 1.0000 -0.0000 -0.0000
vn -0.0000 -0.0000 1.0000
vn -0.8493 -0.5280 -0.0000
vn -0.0000 -0.5280 -0.8493
vn 0.6259 0.7799 -0.0000
vn 0.8493 -0.5280 -0.0000
vn -0.0000 -0.5280 0.8493
vn -0.0000 1.0000 -0.0000
vn -0.6259 0.7799 -0.0000
vn -0.0000 0.7799 0.6259
vn -0.0000 0.7799 -0.6259
vn -0.0000 -1.0000 -0.0000
vn -1.0000 -0.0000 -0.0000
vn -0.7071 -0.0000 -0.7071
vn -0.7071 -0.0000 0.7071
vn 0.7071 -0.0000 -0.7071
vn 0.7071 -0.0000 0.7071
vn -0.1065 0.9943 -0.0000
vn -0.0504 -0.9987 -0.0000
vn -0.0504 0.9987 -0.0000
vn -0.1065 -0.9943 -0.0000
vn 0.1065 0.9943 -0.0000
vn 0.1065 -0.9943 -0.0000
vn 0.0504 -0.9987 -0.0000
vn 0.0504 0.9987 -0.0000
vn -0.0000 -0.1836 -0.9830
vn -0.0000 -0.5701 -0.8216
vn -0.0000 -0.8309 -0.5565
vn 0.9830 -0.1836 -0.0000
vn 0.8216 -0.5701 -0.0000
vn 0.5565 -0.8309 -0.0000
vn -0.9830 -0.1836 -0.0000
vn -0.8216 -0.5701 -0.0000
vn -0.5565 -0.8309 -0.0000
vn -0.0000 -0.1836 0.9830
vn -0.0000 -0.5701 0.8216
vn -0.0000 -0.8309 0.5565
vn -0.8667 0.4989 -0.0000
vn 0.8667 0.4989 -0.0000
vn -0.0178 0.9998 -0.0000
vn 0.7064 -0.0000 0.7078
vn -0.7064 -0.0000 -0.7078
vn 0.7064 -0.0000 -0.7078
vn -0.7064 -0.0000 0.7078
vn 0.0178 0.9998 -0.0000
vn -0.0091 0.9999 0.0091
vn 0.0091 0.9999 -0.0091
vn -0.0000 0.9998 -0.0178
vn -0.0000 0.9998 0.0178
vn -0.0091 0.9999 -0.0091
vn 0.0091 0.9999 0.0091
vn 0.0037 -0.9999 0.0154
vn 0.0273 -0.9994 0.0194
vn -0.0189 0.9959 -0.0881
vn -0.0372 -0.9902 0.1344
vn -0.0112 0.9999 -0.0048
vn 0.0315 -0.9985 0.0456
vn 0.0056 -0.9999 -0.0087
vn 0.0233 0.9989 0.0408
vn 0.0251 -0.9987 0.0440
vn 0.0403 0.9975 -0.0582
vn 0.0387 -0.9980 0.0492
vn 0.0362 0.9959 -0.0832
vn -0.0096 1.0000 -0.0000
vn 0.0354 -0.9975 0.0619
vn 0.0284 0.9984 -0.0498
vn 0.0397 -0.9976 0.0570
vn -0.0000 0.9992 0.0407
vn -0.0000 -0.9999 0.0160
vn 0.0545 0.9951 -0.0822
vn 0.0228 0.9992 0.0331
vn -0.0128 -0.9999 -0.0000
vn -0.0245 0.9997 -0.0000
vn 0.0348 -0.9990 -0.0277
vn -0.0000 0.9977 -0.0685
vn -0.0089 0.9994 -0.0333
vn 0.0249 -0.9987 -0.0436
vn -0.0008 0.9984 -0.0557
vn 0.0140 -0.9997 0.0203
vn 0.0410 -0.9966 -0.0717
vn 0.0495 -0.9957 0.0781
vn -0.0000 0.9997 0.0225
vn -0.0247 -0.9997 -0.0000
vn 0.0023 0.9998 -0.0187
vn -0.0392 -0.9984 0.0412
vn -0.0171 0.9999 -0.0000
vn 0.0282 -0.9984 -0.0493
vn 0.0086 0.9999 -0.0131
vn -0.0060 -1.0000 -0.0000
vn 0.0105 0.9998 -0.0197
vn 0.0236 -0.9989 0.0414
vn -0.0000 0.9998 -0.0222
vn 0.0158 -0.9999 -0.0037
vn 0.0194 -0.9994 -0.0273
vn -0.0881 0.9959 0.0189
vn 0.1384 -0.9897 0.0372
vn -0.0049 0.9999 0.0112
vn 0.0551 -0.9980 -0.0315
vn -0.0087 -0.9999 -0.0056
vn 0.0408 0.9989 -0.0233
vn 0.0366 -0.9990 -0.0251
vn -0.0485 0.9980 -0.0403
vn 0.0409 -0.9984 -0.0387
vn -0.0693 0.9969 -0.0362
vn -0.0000 1.0000 0.0096
vn 0.0619 -0.9975 -0.0354
vn -0.0498 0.9984 -0.0284
vn 0.0688 -0.9968 -0.0397
vn 0.0491 0.9988 -0.0000
vn 0.0160 -0.9999 -0.0000
vn -0.0822 0.9951 -0.0545
vn 0.0400 0.9989 -0.0228
vn -0.0000 -0.9999 0.0128
vn -0.0000 0.9997 0.0245
vn -0.0277 -0.9990 -0.0348
vn -0.0685 0.9977 -0.0000
vn -0.0333 0.9994 0.0089
vn -0.0436 -0.9987 -0.0249
vn -0.0557 0.9984 0.0008
vn 0.0204 -0.9997 -0.0140
vn -0.0717 -0.9966 -0.0410
vn 0.0781 -0.9957 -0.0495
vn 0.0225 0.9997 -0.0000
vn -0.0000 -0.9997 0.0247
vn -0.0187 0.9998 -0.0023
vn 0.0412 -0.9984 0.0392
vn -0.0000 0.9999 0.0171
vn -0.0493 -0.9984 -0.0282
vn -0.0131 0.9999 -0.0086
vn -0.0000 -1.0000 0.0057
vn -0.0179 0.9998 -0.0099
vn 0.0414 -0.9989 -0.0236
vn -0.0222 0.9998 -0.0000
vn -0.0000 -1.0000 -0.0008
vn 0.0098 0.9999 0.0025
vn -0.0194 -0.9994 0.0273
vn 0.0881 0.9959 -0.0189
vn -0.0000 -0.9993 -0.0375
vn 0.1179 0.9927 -0.0236
vn 0.0622 0.9979 0.0158
vn 0.0087 -0.9999 0.0056
vn -0.0408 0.9989 0.0233
vn -0.0550 0.9985 -0.0000
vn 0.0415 -0.9991 0.0090
vn 0.0507 0.9986 0.0129
vn -0.0000 1.0000 -0.0096
vn 0.0073 0.9997 -0.0245
vn -0.2268 -0.9739 -0.0013
vn 0.0076 1.0000 -0.0004
vn -0.0160 -0.9999 -0.0000
vn 0.0822 0.9951 0.0545
vn -0.0407 0.9989 0.0228
vn -0.0443 -0.9990 0.0113
vn -0.0000 0.9997 -0.0228
vn 0.0277 -0.9990 0.0348
vn 0.0685 0.9977 -0.0000
vn -0.0924 -0.9954 0.0235
vn 0.0837 -0.9962 0.0249
vn 0.0404 0.9992 -0.0008
vn -0.0245 -0.9996 0.0140
vn 0.1595 -0.9864 0.0406
vn 0.0314 -0.9995 0.0080
vn -0.0505 0.9985 -0.0210
vn -0.0000 -0.9997 -0.0247
vn 0.0187 0.9998 0.0023
vn 0.0286 -0.9996 -0.0000
vn 0.1102 -0.9935 0.0280
vn -0.0672 0.9977 0.0013
vn -0.0000 -1.0000 -0.0058
vn 0.0180 0.9998 0.0100
vn -0.0037 -0.9999 -0.0145
vn -0.0273 -0.9994 -0.0194
vn 0.0189 0.9959 0.0881
vn 0.0372 -0.9912 -0.1270
vn 0.0112 0.9999 0.0045
vn -0.0315 -0.9985 -0.0446
vn -0.0056 -0.9999 0.0087
vn -0.0233 0.9989 -0.0408
vn -0.0251 -0.9987 -0.0440
vn -0.0403 0.9975 0.0582
vn -0.0321 -0.9983 -0.0492
vn -0.0301 0.9961 0.0832
vn 0.0132 0.9999 -0.0000
vn -0.0294 -0.9977 -0.0619
vn -0.0236 0.9985 0.0498
vn -0.0769 -0.9967 0.0276
vn -0.0000 0.9977 0.0685
vn -0.0269 -0.9987 0.0436
vn 0.0008 0.9984 0.0557
vn -0.0140 -0.9996 -0.0245
vn -0.0442 -0.9964 0.0717
vn -0.0495 -0.9957 -0.0781
vn -0.0000 0.9997 -0.0225
vn 0.0247 -0.9997 -0.0000
vn -0.0023 0.9998 0.0187
vn 0.0392 -0.9987 -0.0333
vn 0.0171 0.9999 -0.0000
vn -0.0282 -0.9987 0.0423
vn -0.0086 0.9999 0.0113
vn 0.0058 -1.0000 -0.0000
vn -0.0100 0.9998 0.0199
vn -0.0236 -0.9989 -0.0414
vn -0.0000 0.9998 0.0222
vn -0.9782 -0.2078 -0.0000
vn 0.0219 0.9984 -0.0516
vn -0.0387 -0.0004 0.9992
vn -0.9987 0.0043 -0.0516
vn 0.9782 -0.2078 -0.0000
vn -0.0219 0.9984 -0.0516
vn -0.0000 -0.0031 1.0000
vn 0.9994 0.0066 -0.0332
vn -0.0000 -0.8660 -0.5000
vn -0.0000 0.8660 -0.5000
vn -0.0000 0.8660 0.5000
vn -0.0000 -0.8660 0.5000
vn -0.3300 0.8175 0.4720
vn 0.3801 -0.8010 -0.4625
vn -0.3300 0.8175 -0.4720
vn 0.3801 -0.8010 0.4625
vn 0.8126 -0.4108 0.4134
vn -0.8340 0.3380 -0.4362
vn -0.8366 0.3450 0.4256
vn 0.8183 -0.3652 -0.4439
vn 0.1457 -0.8579 -0.4927
vn 0.2812 -0.0000 -0.9596
vn 0.1457 0.8579 -0.4927
vn -0.1482 0.8582 0.4914
vn -0.2887 -0.0000 0.9574
vn -0.1482 -0.8582 0.4914
vn -0.4701 0.8175 0.3327
vn 1.0000 -0.0000 -0.0057
vn -1.0000 -0.0000 0.0058
vn 0.4948 -0.7657 -0.4109
vn 0.4933 0.8033 0.3338
vn -0.4647 -0.8010 -0.3775
vn -0.4486 -0.3652 -0.8157
vn -1.0000 -0.0000 0.0057
vn 0.4410 0.3380 0.8314
vn -0.4314 0.3380 0.8365
vn 1.0000 -0.0000 -0.0058
vn 0.4392 -0.3653 -0.8208
vn -0.4866 -0.8450 0.2219
vn -0.9099 -0.0000 0.4148
vn -0.4866 0.8450 0.2219
vn 0.4838 0.8403 -0.2447
vn 0.8861 -0.0000 -0.4636
vn 0.4838 -0.8403 -0.2447
vn 0.4999 -0.8660 -0.0127
vn 0.9997 -0.0000 -0.0254
vn 0.4999 0.8660 -0.0127
vn -0.4999 0.8660 0.0127
vn -0.9997 -0.0000 0.0254
vn -0.4999 -0.8660 0.0127
vn 0.4081 -0.7657 0.4972
vn -0.3366 0.8033 0.4913
vn 0.3802 -0.8010 -0.4625
vn 0.8182 -0.3653 -0.4439
vn -0.8340 0.3380 0.4362
vn 0.8182 -0.3653 0.4439
vn 0.3300 0.8175 -0.4720
vn -0.3802 -0.8010 0.4625
vn 0.3300 0.8175 0.4720
vn -0.3802 -0.8010 -0.4625
vn -0.8126 -0.4108 -0.4134
vn 0.8340 0.3380 0.4362
vn 0.8366 0.3450 -0.4256
vn -0.8183 -0.3653 0.4439
vn 0.9239 -0.3827 -0.0000
vn 0.3827 -0.9239 -0.0000
vn -0.3827 -0.9239 -0.0000
vn -0.9239 -0.3827 -0.0000
vn -0.9239 0.3827 -0.0000
vn -0.3827 0.9239 -0.0000
vn 0.3827 0.9239 -0.0000
vn 0.9239 0.3827 -0.0000
vn -0.5267 0.8501 -0.0000
vn 0.5267 0.8501 -0.0000
vn -0.5267 0.8500 -0.0000
vn -0.0326 -0.0001 0.9995
vn 1.0000 0.0029 -0.0000
vn -1.0000 0.0042 -0.0000
vn -1.0000 0.0006 -0.0000
vn 1.0000 0.0028 -0.0000
vn -0.0326 -0.0024 0.9995
vn 1.0000 0.0039 -0.0000
vn -0.0174 -0.0001 0.9998
vn 0.8521 -0.5234 -0.0000
vn 0.9974 0.0723 -0.0000
vn -0.0317 0.0194 0.9993
vn -0.0174 -0.0000 0.9998
vn -0.9735 0.2287 -0.0000
vn -0.9997 -0.0237 -0.0000
vn -0.0197 -0.0001 0.9998
vn 1.0000 -0.0057 -0.0000
vn -0.0387 -0.0001 0.9992
vn -0.0339 -0.0001 0.9994
vn -0.7819 0.6234 -0.0000
vn -0.0170 -0.0008 0.9999
vn -0.9613 -0.2757 -0.0000
vn -1.0000 0.0043 -0.0000
vn 0.9990 0.0453 -0.0000
vn -0.0000 -0.0023 1.0000
vn -0.9504 0.3111 -0.0000
vn -0.0000 -0.0036 1.0000
vn -0.8821 -0.4711 -0.0000
vn -0.0000 -0.0013 1.0000
vn -0.9736 0.2284 -0.0000
vn -0.9999 -0.0118 -0.0000
vn -1.0000 0.0037 -0.0000
vn -1.0000 0.0058 -0.0000
vn -1.0000 0.0081 -0.0000
vn 0.0326 -0.0001 0.9995
vn -1.0000 0.0029 -0.0000
vn 1.0000 0.0042 -0.0000
vn 1.0000 0.0006 -0.0000
vn -1.0000 0.0028 -0.0000
vn 0.0359 -0.0004 0.9994
vn -1.0000 0.0039 -0.0000
vn 0.0174 -0.0001 0.9998
vn -0.8521 -0.5234 -0.0000
vn -0.9974 0.0723 -0.0000
vn 0.0317 0.0194 0.9993
vn 0.0179 0.0034 0.9998
vn 0.9735 0.2287 -0.0000
vn 0.9997 -0.0237 -0.0000
vn -0.0000 -0.0035 1.0000
vn -1.0000 -0.0057 -0.0000
vn 0.0327 -0.0026 0.9995
vn 0.0184 -0.0032 0.9998
vn 0.0339 -0.0001 0.9994
vn 0.7819 0.6234 -0.0000
vn 0.0170 -0.0008 0.9999
vn 0.9613 -0.2757 -0.0000
vn 1.0000 0.0043 -0.0000
vn -0.9990 0.0453 -0.0000
vn 0.9504 0.3111 -0.0000
vn 0.8821 -0.4711 -0.0000
vn 0.9736 0.2284 -0.0000
vn 0.9999 -0.0118 -0.0000
vn 1.0000 0.0037 -0.0000
vn 1.0000 0.0058 -0.0000
vn 1.0000 0.0081 -0.0000
vn -0.0000 -0.0033 1.0000
vn -0.0503 0.9987 -0.0000
vn 0.0503 0.9987 -0.0000
vn 0.0101 -0.9999 -0.0106
vn 0.0018 0.9986 -0.0521
vn -0.0369 -0.9904 0.1330
vn -0.0237 0.9986 0.0470
vn -0.0022 1.0000 -0.0031
vn -0.0596 -0.9926 0.1054
vn -0.0161 0.9990 0.0406
vn 0.0090 -1.0000 -0.0028
vn -0.0181 0.9998 0.0118
vn -0.0417 -0.9965 0.0730
vn -0.0247 0.9993 -0.0264
vn -0.0245 0.9988 0.0429
vn -0.0013 -1.0000 -0.0025
vn -0.0004 0.9991 0.0413
vn -0.0346 -0.9965 0.0764
vn 0.0076 1.0000 -0.0000
vn -0.0316 -0.9985 -0.0458
vn -0.0418 -0.9978 0.0508
vn -0.0399 0.9988 -0.0270
vn 0.0369 -0.9988 -0.0314
vn -0.0096 0.9963 -0.0852
vn -0.0554 -0.9937 0.0970
vn -0.0168 0.9988 -0.0471
vn -0.0438 0.9905 -0.1306
vn -0.0115 -0.9998 -0.0166
vn 0.0080 -1.0000 0.0053
vn -0.0232 0.9977 0.0631
vn -0.0394 -0.9989 -0.0258
vn -0.0454 0.9937 -0.1020
vn 0.0009 -0.9996 -0.0291
vn -0.0244 0.9996 0.0128
vn -0.0053 -0.9999 0.0092
vn -0.0051 0.9999 0.0109
vn -0.0075 -1.0000 -0.0027
vn -0.0110 0.9991 -0.0414
vn -0.0106 -0.9999 -0.0101
vn -0.0521 0.9986 -0.0018
vn 0.1369 -0.9899 0.0368
vn 0.0485 0.9985 0.0237
vn -0.0038 1.0000 0.0022
vn 0.1054 -0.9926 0.0596
vn 0.0338 0.9993 0.0162
vn -0.0023 -1.0000 -0.0090
vn 0.0098 0.9998 0.0181
vn 0.0730 -0.9965 0.0417
vn -0.0264 0.9993 0.0247
vn 0.0429 0.9988 0.0245
vn -0.0030 -1.0000 0.0013
vn 0.0499 0.9988 0.0004
vn 0.0764 -0.9965 0.0346
vn -0.0000 1.0000 -0.0076
vn -0.0553 -0.9980 0.0316
vn 0.0508 -0.9978 0.0418
vn -0.0270 0.9988 0.0399
vn -0.0314 -0.9988 -0.0369
vn -0.0852 0.9963 0.0096
vn 0.0970 -0.9937 0.0554
vn -0.0471 0.9988 0.0168
vn -0.1306 0.9905 0.0438
vn -0.0167 -0.9998 0.0115
vn 0.0053 -1.0000 -0.0080
vn 0.0631 0.9977 0.0232
vn -0.0258 -0.9989 0.0394
vn -0.1020 0.9937 0.0454
vn -0.0291 -0.9996 -0.0009
vn 0.0128 0.9996 0.0244
vn 0.0092 -0.9999 0.0053
vn 0.0109 0.9999 0.0051
vn -0.0025 -1.0000 0.0071
vn -0.0414 0.9991 0.0110
vn -0.0031 -1.0000 -0.0000
vn 0.0106 -0.9999 0.0101
vn 0.0521 0.9986 0.0018
vn -0.1271 -0.9894 -0.0695
vn -0.0465 0.9987 0.0183
vn -0.0989 -0.9948 -0.0252
vn -0.1054 -0.9926 -0.0596
vn -0.0919 -0.9955 -0.0234
vn -0.1178 0.9929 -0.0160
vn 0.0063 -1.0000 -0.0000
vn -0.0710 0.9973 -0.0181
vn -0.0633 -0.9971 -0.0417
vn 0.0229 0.9994 -0.0247
vn -0.1578 -0.9867 -0.0401
vn 0.0850 0.9954 -0.0442
vn -0.2557 -0.9667 -0.0090
vn -0.1115 0.9933 0.0298
vn -0.0764 -0.9965 -0.0346
vn -0.0000 1.0000 0.0076
vn 0.1234 -0.9919 -0.0314
vn -0.0000 0.9999 0.0125
vn 0.0502 -0.9987 -0.0128
vn -0.0066 0.9997 -0.0245
vn 0.0314 -0.9988 0.0369
vn 0.0852 0.9963 -0.0096
vn -0.0351 0.9993 -0.0089
vn -0.0000 -1.0000 0.0036
vn 0.2908 0.9546 -0.0649
vn 0.0201 -0.9997 -0.0115
vn -0.1630 -0.9858 -0.0415
vn 0.1842 0.9818 -0.0469
vn -0.0593 0.9980 -0.0232
vn 0.0258 -0.9989 -0.0394
vn 0.1020 0.9937 -0.0454
vn 0.1342 -0.9902 -0.0389
vn -0.0663 0.9975 -0.0244
vn -0.1960 -0.9793 -0.0499
vn -0.0923 0.9957 -0.0051
vn 0.0025 -1.0000 -0.0072
vn -0.1588 -0.9865 -0.0404
vn 0.0564 0.9983 -0.0144
vn -0.0101 -0.9999 0.0106
vn -0.0018 0.9986 0.0521
vn 0.0369 -0.9914 -0.1257
vn 0.0237 0.9987 -0.0444
vn 0.0022 1.0000 0.0031
vn 0.0596 -0.9926 -0.1054
vn 0.0161 0.9990 -0.0406
vn -0.0074 -1.0000 0.0028
vn 0.0150 0.9998 -0.0118
vn 0.0573 -0.9957 -0.0729
vn 0.0339 0.9991 0.0264
vn 0.0203 0.9989 -0.0429
vn -0.0816 -0.9962 0.0313
vn 0.0212 0.9961 0.0852
vn 0.0472 0.9903 0.1305
vn 0.0115 -0.9997 0.0201
vn -0.0080 -1.0000 -0.0053
vn 0.0232 0.9977 -0.0631
vn 0.0394 -0.9989 0.0258
vn 0.0454 0.9937 0.1020
vn -0.0009 -0.9997 0.0235
vn 0.0244 0.9996 -0.0104
vn 0.0053 -1.0000 -0.0079
vn 0.0051 0.9999 -0.0093
vn 0.0071 -1.0000 0.0028
vn 0.0110 0.9991 0.0414
vn -0.9953 -0.0000 -0.0966
vn -0.0090 0.0516 0.9986
vn 0.0344 -0.9961 0.0810
vn 0.0135 0.9994 -0.0319
vn 0.9967 0.0104 0.0811
vn -0.9994 0.0066 -0.0332
vn 0.9953 -0.0000 -0.0966
vn 0.0090 0.0516 0.9986
vn -0.0344 -0.9961 0.0810
vn -0.0135 0.9994 -0.0319
vn 0.0387 -0.0004 0.9992
vn -0.9967 0.0104 0.0811
vn 0.9987 0.0043 -0.0516
vn 0.4081 -0.7657 -0.4972
vn -0.3366 0.8033 -0.4913
vn 0.8183 -0.3652 0.4439
vn -0.8366 0.3450 -0.4256
vn 0.8126 -0.4108 -0.4134
vn 0.1450 -0.8569 -0.4947
vn 0.1450 0.8569 -0.4947
vn -0.1463 0.8567 0.4946
vn -0.1463 -0.8567 0.4946
vn -0.4894 0.8033 0.3394
vn 0.4603 -0.8010 -0.3828
vn 0.4739 0.8175 0.3273
vn -0.4996 -0.7656 -0.4052
vn -0.4181 -0.4109 -0.8102
vn -1.0000 0.0001 0.0058
vn 0.4304 0.3450 0.8341
vn -0.4208 0.3450 0.8390
vn 0.4087 -0.4109 -0.8150
vn -0.4995 -0.8286 0.2527
vn -0.9099 -0.0000 0.4149
vn -0.4995 0.8286 0.2527
vn 0.4932 0.8308 -0.2580
vn 0.4932 -0.8308 -0.2580
vn 0.3802 -0.8010 0.4625
vn 0.8126 -0.4109 -0.4134
vn 0.8126 -0.4109 0.4134
vn 0.3366 0.8033 -0.4913
vn -0.4081 -0.7657 0.4972
vn 0.3366 0.8033 0.4913
vn -0.4081 -0.7657 -0.4972
vn -0.8183 -0.3653 -0.4439
vn 0.8366 0.3450 0.4256
vn 0.8340 0.3380 -0.4362
vn -0.8126 -0.4108 0.4134
vn -0.0387 -0.0029 0.9992
vn -0.0359 -0.0004 0.9994
vn -0.0317 -0.0041 0.9995
vn -0.0361 -0.0029 0.9993
vn -0.0179 0.0034 0.9998
vn -0.0327 -0.0026 0.9995
vn -0.0184 -0.0032 0.9998
vn -0.0268 0.0180 0.9995
vn -0.0179 -0.0067 0.9998
vn -0.0151 -0.0031 0.9999
vn -0.0000 -0.0022 1.0000
vn 0.0387 -0.0029 0.9992
vn 0.0326 -0.0024 0.9995
vn 0.0317 -0.0041 0.9995
vn 0.0361 -0.0029 0.9993
vn 0.0174 -0.0000 0.9998
vn 0.0197 -0.0001 0.9998
vn 0.0387 -0.0001 0.9992
vn 0.0268 0.0180 0.9995
vn 0.0179 -0.0067 0.9998
vn 0.0151 -0.0031 0.9999
vt 0.595095 0.896651
vt 0.596186 0.912083
vt 0.594759 0.912149
vt 0.661155 0.904176
vt 0.662814 0.919691
vt 0.661155 0.919704
vt 0.666366 0.900970
vt 0.667785 0.916554
vt 0.666366 0.916485
vt 0.640939 0.931349
vt 0.638906 0.933731
vt 0.638906 0.931365
vt 0.598215 0.912114
vt 0.596522 0.912524
vt 0.596554 0.912127
vt 0.596522 0.912482
vt 0.594773 0.912562
vt 0.660928 0.885337
vt 0.658508 0.885595
vt 0.658767 0.885337
vt 0.592783 0.912415
vt 0.593136 0.912029
vt 0.563960 0.928493
vt 0.564356 0.927133
vt 0.564356 0.928833
vt 0.543073 0.929421
vt 0.540423 0.926771
vt 0.543073 0.926771
vt 0.598935 0.922807
vt 0.597177 0.925705
vt 0.597177 0.922721
vt 0.658767 0.883175
vt 0.661186 0.882917
vt 0.660928 0.883175
vt 0.661186 0.885595
vt 0.658508 0.882917
vt 0.666099 0.885595
vt 0.663421 0.882917
vt 0.666099 0.882917
vt 0.666019 0.922757
vt 0.667785 0.919656
vt 0.667785 0.922637
vt 0.676250 0.892673
vt 0.678305 0.889670
vt 0.678305 0.892657
vt 0.676217 0.834035
vt 0.678276 0.831031
vt 0.678276 0.834018
vt 0.596554 0.896599
vt 0.642678 0.931433
vt 0.640939 0.933712
vt 0.598559 0.912507
vt 0.596522 0.914889
vt 0.594721 0.914923
vt 0.663131 0.901389
vt 0.664894 0.885825
vt 0.664558 0.901323
vt 0.607231 0.904877
vt 0.605570 0.920419
vt 0.605570 0.904890
vt 0.667841 0.856978
vt 0.666423 0.872424
vt 0.666423 0.856909
vt 0.605226 0.902132
vt 0.607263 0.904480
vt 0.605226 0.904497
vt 0.663145 0.901802
vt 0.661508 0.901269
vt 0.664894 0.901721
vt 0.665189 0.852393
vt 0.665447 0.849973
vt 0.665447 0.852134
vt 0.563960 0.930533
vt 0.564356 0.929172
vt 0.564356 0.930559
vt 0.671485 0.908258
vt 0.668835 0.905608
vt 0.671485 0.905608
vt 0.570688 0.926495
vt 0.568930 0.923425
vt 0.570688 0.923511
vt 0.667867 0.849715
vt 0.667608 0.852134
vt 0.667608 0.849973
vt 0.665189 0.849715
vt 0.674535 0.907727
vt 0.671857 0.905049
vt 0.674535 0.905049
vt 0.667785 0.919536
vt 0.666019 0.916674
vt 0.676217 0.828045
vt 0.678276 0.831015
vt 0.676217 0.831031
vt 0.676250 0.885842
vt 0.678305 0.888812
vt 0.676250 0.888829
vt 0.662814 0.919704
vt 0.664472 0.904163
vt 0.664472 0.919691
vt 0.680206 0.821321
vt 0.678467 0.818873
vt 0.680206 0.818958
vt 0.607259 0.933538
vt 0.605226 0.931189
vt 0.607259 0.931172
vt 0.664843 0.904082
vt 0.143904 0.825367
vt 0.147659 0.825367
vt 0.151611 0.862438
vt 0.167520 0.878262
vt 0.185923 0.850958
vt 0.185931 0.878406
vt 0.154092 0.917044
vt 0.135710 0.920367
vt 0.135715 0.917899
vt 0.167511 0.850814
vt 0.185931 0.849996
vt 0.154087 0.919512
vt 0.135752 0.921330
vt 0.154108 0.909511
vt 0.135725 0.912963
vt 0.135731 0.910366
vt 0.067121 0.917652
vt 0.085434 0.908782
vt 0.085463 0.918840
vt 0.188545 0.893073
vt 0.178510 0.879086
vt 0.188545 0.878406
vt 0.201431 0.900563
vt 0.201944 0.915251
vt 0.201431 0.915255
vt 0.100446 0.903361
vt 0.099482 0.888678
vt 0.100446 0.888681
vt 0.106329 0.865165
vt 0.121028 0.864318
vt 0.121020 0.865280
vt 0.102911 0.903481
vt 0.102911 0.888801
vt 0.106337 0.888564
vt 0.121028 0.888678
vt 0.104820 0.655282
vt 0.102125 0.639897
vt 0.104820 0.640028
vt 0.186634 0.822200
vt 0.185964 0.818248
vt 0.186634 0.818248
vt 0.107841 0.903721
vt 0.105376 0.888921
vt 0.107841 0.889041
vt 0.154102 0.912108
vt 0.135720 0.915431
vt 0.154097 0.914576
vt 0.105376 0.903601
vt 0.159317 0.825367
vt 0.167511 0.861755
vt 0.186733 0.814297
vt 0.168312 0.786757
vt 0.186724 0.786902
vt 0.135752 0.900364
vt 0.154124 0.901977
vt 0.135747 0.902832
vt 0.085405 0.898723
vt 0.067121 0.896572
vt 0.085463 0.897760
vt 0.186733 0.785939
vt 0.168321 0.785794
vt 0.135736 0.907768
vt 0.067062 0.897535
vt 0.168475 0.894432
vt 0.168475 0.879765
vt 0.201336 0.800491
vt 0.201851 0.785794
vt 0.201851 0.800487
vt 0.189049 0.826498
vt 0.174366 0.825421
vt 0.189057 0.825536
vt 0.167511 0.894436
vt 0.167511 0.879769
vt 0.120424 0.889653
vt 0.117959 0.904213
vt 0.117959 0.889533
vt 0.189057 0.849852
vt 0.174358 0.826383
vt 0.107515 0.640159
vt 0.186634 0.814297
vt 0.115494 0.889413
vt 0.113029 0.903973
vt 0.113029 0.889293
vt 0.135742 0.905300
vt 0.154113 0.906914
vt 0.154118 0.904445
vt 0.115494 0.904093
vt 0.115494 0.910934
vt 0.113029 0.910815
vt 0.178510 0.893753
vt 0.168475 0.901268
vt 0.110435 0.910689
vt 0.110435 0.903847
vt 0.167511 0.826330
vt 0.167520 0.825367
vt 0.167511 0.901272
vt 0.120424 0.904333
vt 0.117959 0.911054
vt 0.174366 0.849737
vt 0.105376 0.910442
vt 0.107841 0.910562
vt 0.188545 0.899909
vt 0.100446 0.910203
vt 0.099482 0.903358
vt 0.099482 0.865112
vt 0.106337 0.864203
vt 0.102911 0.910323
vt 0.099490 0.888510
vt 0.167511 0.863122
vt 0.163073 0.899509
vt 0.159317 0.899509
vt 0.360245 0.917532
vt 0.358590 0.915393
vt 0.360245 0.915380
vt 0.369083 0.912713
vt 0.366939 0.915058
vt 0.366939 0.912568
vt 0.426063 0.844591
vt 0.424412 0.842452
vt 0.426063 0.842438
vt 0.378834 0.915602
vt 0.380982 0.913022
vt 0.380982 0.915498
vt 0.417652 0.811273
vt 0.415500 0.807506
vt 0.417652 0.807506
vt 0.389992 0.901252
vt 0.392144 0.905020
vt 0.389992 0.905020
vt 0.428408 0.843469
vt 0.426995 0.841250
vt 0.428408 0.841318
vt 0.428091 0.800673
vt 0.426672 0.798620
vt 0.428091 0.798524
vt 0.328095 0.915590
vt 0.330248 0.913125
vt 0.330248 0.915607
vt 0.344421 0.909971
vt 0.346574 0.913205
vt 0.344421 0.913205
vt 0.344421 0.913205
vt 0.342269 0.909970
vt 0.344421 0.909970
vt 0.380247 0.919988
vt 0.378834 0.917768
vt 0.380247 0.917837
vt 0.334451 0.906535
vt 0.332298 0.902767
vt 0.334451 0.902767
vt 0.428125 0.879203
vt 0.426705 0.877150
vt 0.428125 0.877054
vt 0.419777 0.885028
vt 0.421930 0.882155
vt 0.421930 0.885045
vt 0.409638 0.903431
vt 0.407485 0.907199
vt 0.407485 0.903431
vt 0.417652 0.818808
vt 0.415500 0.815041
vt 0.417652 0.815041
vt 0.383813 0.919988
vt 0.382400 0.917768
vt 0.383813 0.917837
vt 0.415246 0.851259
vt 0.417399 0.855027
vt 0.415246 0.855027
vt 0.313260 0.919600
vt 0.311841 0.917547
vt 0.313260 0.917451
vt 0.332400 0.910217
vt 0.330248 0.913090
vt 0.330248 0.910199
vt 0.399680 0.903536
vt 0.401833 0.907304
vt 0.399680 0.907304
vt 0.404798 0.904307
vt 0.406951 0.908074
vt 0.404798 0.908074
vt 0.378553 0.910572
vt 0.376400 0.913445
vt 0.376400 0.910554
vt 0.428160 0.831973
vt 0.426740 0.829921
vt 0.428160 0.829825
vt 0.296368 0.919995
vt 0.294955 0.917775
vt 0.296368 0.917844
vt 0.428408 0.841250
vt 0.426995 0.839030
vt 0.428408 0.839099
vt 0.313260 0.917547
vt 0.314680 0.919600
vt 0.313260 0.919696
vt 0.341010 0.910217
vt 0.338858 0.913090
vt 0.338858 0.910199
vt 0.380987 0.909358
vt 0.378834 0.905590
vt 0.380987 0.905590
vt 0.323688 0.906535
vt 0.321535 0.902767
vt 0.323688 0.902767
vt 0.395050 0.915569
vt 0.396702 0.917708
vt 0.395050 0.917721
vt 0.327993 0.902767
vt 0.330146 0.906535
vt 0.327993 0.906535
vt 0.321423 0.917417
vt 0.319769 0.915278
vt 0.321423 0.915264
vt 0.369083 0.915058
vt 0.371227 0.912713
vt 0.371227 0.915204
vt 0.412451 0.867377
vt 0.414604 0.871145
vt 0.412451 0.871145
vt 0.308006 0.901840
vt 0.310159 0.905607
vt 0.308006 0.905607
vt 0.346633 0.902539
vt 0.344480 0.906306
vt 0.344480 0.902539
vt 0.417684 0.874912
vt 0.415531 0.871145
vt 0.417684 0.871145
vt 0.424485 0.889479
vt 0.426137 0.891618
vt 0.424485 0.891631
vt 0.373371 0.912713
vt 0.371227 0.915058
vt 0.371227 0.912568
vt 0.352938 0.903946
vt 0.350786 0.900178
vt 0.352938 0.900178
vt 0.313496 0.917437
vt 0.311841 0.915298
vt 0.313496 0.915284
vt 0.426135 0.783923
vt 0.424483 0.781783
vt 0.426135 0.781770
vt 0.421839 0.813349
vt 0.423983 0.811004
vt 0.423983 0.813495
vt 0.389992 0.915293
vt 0.391646 0.917433
vt 0.389992 0.917446
vt 0.366939 0.912713
vt 0.364795 0.915058
vt 0.364795 0.912568
vt 0.394297 0.908787
vt 0.392144 0.908787
vt 0.402386 0.900539
vt 0.404539 0.904307
vt 0.402386 0.904307
vt 0.426139 0.792384
vt 0.424487 0.790245
vt 0.426139 0.790232
vt 0.361899 0.917532
vt 0.360245 0.915393
vt 0.361899 0.915380
vt 0.393740 0.917422
vt 0.392085 0.915283
vt 0.393740 0.915270
vt 0.423983 0.805475
vt 0.421839 0.807821
vt 0.421839 0.805330
vt 0.340908 0.906535
vt 0.338756 0.902767
vt 0.340908 0.902767
vt 0.411329 0.839284
vt 0.413482 0.843052
vt 0.411329 0.843052
vt 0.424412 0.836824
vt 0.426063 0.838963
vt 0.424412 0.838977
vt 0.384290 0.917755
vt 0.382638 0.915616
vt 0.384290 0.915602
vt 0.425700 0.882105
vt 0.424045 0.879966
vt 0.425700 0.879952
vt 0.292430 0.915181
vt 0.294573 0.912836
vt 0.294573 0.915326
vt 0.392897 0.901252
vt 0.395050 0.905020
vt 0.392897 0.905020
vt 0.313994 0.905217
vt 0.311841 0.901450
vt 0.313994 0.901450
vt 0.426193 0.795196
vt 0.424541 0.793056
vt 0.426193 0.793043
vt 0.383867 0.915602
vt 0.386015 0.913022
vt 0.386015 0.915498
vt 0.315150 0.917437
vt 0.313496 0.915298
vt 0.315150 0.915284
vt 0.311841 0.915139
vt 0.313985 0.912794
vt 0.313985 0.915284
vt 0.383867 0.905590
vt 0.386019 0.909358
vt 0.383867 0.909358
vt 0.315409 0.903210
vt 0.317562 0.906977
vt 0.315409 0.906977
vt 0.373551 0.919606
vt 0.372131 0.917553
vt 0.373551 0.917457
vt 0.428408 0.839030
vt 0.426995 0.836810
vt 0.428408 0.836879
vt 0.397258 0.915583
vt 0.399411 0.913114
vt 0.399411 0.915601
vt 0.417899 0.836724
vt 0.420052 0.833489
vt 0.420052 0.836724
vt 0.415747 0.833489
vt 0.415747 0.836724
vt 0.391411 0.917446
vt 0.389992 0.919691
vt 0.389992 0.917542
vt 0.417399 0.858794
vt 0.415246 0.862562
vt 0.415246 0.858794
vt 0.382400 0.919988
vt 0.380987 0.917768
vt 0.382400 0.917837
vt 0.323688 0.913095
vt 0.325840 0.910217
vt 0.325840 0.913113
vt 0.415531 0.878680
vt 0.417684 0.878680
vt 0.389992 0.908787
vt 0.370032 0.919518
vt 0.368613 0.917465
vt 0.370032 0.917369
vt 0.417399 0.866330
vt 0.417399 0.862562
vt 0.301456 0.917770
vt 0.302868 0.919990
vt 0.301456 0.919921
vt 0.321535 0.913095
vt 0.323688 0.910217
vt 0.323688 0.913113
vt 0.417684 0.882447
vt 0.399411 0.905768
vt 0.397258 0.902001
vt 0.399411 0.902001
vt 0.301456 0.913062
vt 0.303608 0.910183
vt 0.303608 0.913080
vt 0.396463 0.919941
vt 0.396463 0.917790
vt 0.293849 0.919641
vt 0.292430 0.917589
vt 0.293849 0.917493
vt 0.428125 0.876958
vt 0.426705 0.874905
vt 0.428125 0.874809
vt 0.428377 0.903262
vt 0.426964 0.901042
vt 0.428377 0.901111
vt 0.303608 0.913062
vt 0.305760 0.910183
vt 0.305760 0.913080
vt 0.417001 0.829825
vt 0.414848 0.826057
vt 0.417001 0.826057
vt 0.397203 0.905768
vt 0.395050 0.902001
vt 0.397203 0.902001
vt 0.294084 0.917479
vt 0.292430 0.915340
vt 0.294084 0.915326
vt 0.417652 0.822576
vt 0.415500 0.818808
vt 0.424544 0.787411
vt 0.426196 0.789550
vt 0.424544 0.789564
vt 0.299303 0.915660
vt 0.301451 0.913080
vt 0.301451 0.915556
vt 0.406951 0.900539
vt 0.406951 0.904307
vt 0.383139 0.905590
vt 0.380987 0.901822
vt 0.383139 0.901822
vt 0.415583 0.789305
vt 0.417736 0.793073
vt 0.415583 0.793073
vt 0.299299 0.913080
vt 0.297151 0.915660
vt 0.297151 0.913184
vt 0.424381 0.895365
vt 0.426035 0.897504
vt 0.424381 0.897518
vt 0.398910 0.917754
vt 0.397258 0.915614
vt 0.398910 0.915601
vt 0.382638 0.917755
vt 0.380987 0.915616
vt 0.382638 0.915602
vt 0.325899 0.913156
vt 0.328048 0.915528
vt 0.325899 0.915632
vt 0.415531 0.886215
vt 0.417684 0.889983
vt 0.415531 0.889983
vt 0.415500 0.811273
vt 0.417652 0.811273
vt 0.426032 0.903195
vt 0.424377 0.901056
vt 0.426032 0.901042
vt 0.607507 0.792786
vt 0.600584 0.832115
vt 0.590164 0.832115
vt 0.572821 0.831370
vt 0.572057 0.793517
vt 0.572821 0.792786
vt 0.662588 0.814909
vt 0.660509 0.810950
vt 0.662588 0.810849
vt 0.664728 0.815168
vt 0.662588 0.793091
vt 0.664664 0.793225
vt 0.663757 0.827306
vt 0.661683 0.826239
vt 0.663766 0.826256
vt 0.607309 0.872454
vt 0.605235 0.871388
vt 0.607318 0.871405
vt 0.663766 0.856909
vt 0.661673 0.827289
vt 0.607318 0.902115
vt 0.605226 0.872438
vt 0.662652 0.792041
vt 0.664728 0.792175
vt 0.662588 0.793091
vt 0.660461 0.792142
vt 0.662540 0.792041
vt 0.592215 0.896252
vt 0.592699 0.917084
vt 0.592171 0.917109
vt 0.538135 0.792786
vt 0.538898 0.830639
vt 0.538135 0.831370
vt 0.571345 0.831352
vt 0.572057 0.830639
vt 0.538880 0.792041
vt 0.538898 0.793517
vt 0.565898 0.792041
vt 0.571345 0.792804
vt 0.565898 0.792804
vt 0.572075 0.832115
vt 0.539610 0.831352
vt 0.572075 0.792041
vt 0.538880 0.832115
vt 0.858392 0.848396
vt 0.853538 0.848396
vt 0.852904 0.847761
vt 0.669290 0.850804
vt 0.668770 0.849797
vt 0.669299 0.849801
vt 0.669556 0.808194
vt 0.669036 0.807186
vt 0.669565 0.807190
vt 0.669299 0.879342
vt 0.668761 0.850800
vt 0.669565 0.836677
vt 0.669027 0.808190
vt 0.592743 0.918088
vt 0.592215 0.918113
vt 0.665285 0.857948
vt 0.664822 0.856909
vt 0.665349 0.856945
vt 0.665285 0.878925
vt 0.664758 0.875289
vt 0.665285 0.875325
vt 0.160232 0.569411
vt 0.159933 0.568064
vt 0.160232 0.567899
vt 0.160232 0.562792
vt 0.161262 0.562296
vt 0.161441 0.562654
vt 0.161262 0.570007
vt 0.159933 0.569726
vt 0.159933 0.564732
vt 0.160232 0.564611
vt 0.160232 0.564870
vt 0.159933 0.567787
vt 0.160232 0.567647
vt 0.161575 0.562288
vt 0.161575 0.562639
vt 0.159933 0.564448
vt 0.161441 0.569667
vt 0.161575 0.570046
vt 0.107515 0.671834
vt 0.108448 0.673858
vt 0.107516 0.673858
vt 0.168726 0.558717
vt 0.169443 0.558426
vt 0.169443 0.558711
vt 0.168726 0.562051
vt 0.169443 0.561768
vt 0.169443 0.562045
vt 0.094712 0.672266
vt 0.095644 0.672743
vt 0.094712 0.672743
vt 0.168726 0.558432
vt 0.169443 0.556425
vt 0.168726 0.561774
vt 0.107515 0.671357
vt 0.108448 0.671834
vt 0.168726 0.563715
vt 0.169443 0.563709
vt 0.094712 0.670241
vt 0.095644 0.672266
vt 0.170971 0.627154
vt 0.171214 0.628665
vt 0.170971 0.628667
vt 0.066483 0.667320
vt 0.066166 0.665478
vt 0.066483 0.665478
vt 0.157178 0.667858
vt 0.157494 0.669699
vt 0.157178 0.669699
vt 0.170971 0.623863
vt 0.171214 0.624120
vt 0.170971 0.624122
vt 0.170971 0.626902
vt 0.171214 0.627153
vt 0.066483 0.667524
vt 0.066166 0.667320
vt 0.170971 0.622043
vt 0.171214 0.623861
vt 0.171214 0.626900
vt 0.157494 0.669903
vt 0.157178 0.669903
vt 0.162917 0.569541
vt 0.163216 0.568223
vt 0.163216 0.569885
vt 0.161887 0.562327
vt 0.162917 0.562923
vt 0.161708 0.562667
vt 0.161887 0.570037
vt 0.161708 0.569680
vt 0.162917 0.564741
vt 0.163216 0.564892
vt 0.162917 0.565000
vt 0.162917 0.568030
vt 0.163216 0.567946
vt 0.163216 0.564607
vt 0.162917 0.567778
vt 0.161575 0.569695
vt 0.108448 0.668856
vt 0.107515 0.670881
vt 0.107516 0.668856
vt 0.094213 0.664959
vt 0.094929 0.665238
vt 0.094213 0.665244
vt 0.094213 0.668301
vt 0.094929 0.668572
vt 0.094213 0.668578
vt 0.094712 0.673219
vt 0.094213 0.662958
vt 0.094929 0.664953
vt 0.094929 0.668295
vt 0.108448 0.670881
vt 0.094929 0.670235
vt 0.094213 0.670241
vt 0.095644 0.673219
vt 0.094712 0.675243
vt 0.143658 0.657457
vt 0.143902 0.655942
vt 0.143902 0.657455
vt 0.066166 0.669569
vt 0.066483 0.667728
vt 0.066483 0.669569
vt 0.157494 0.670107
vt 0.157178 0.671948
vt 0.157178 0.670107
vt 0.143658 0.652912
vt 0.143902 0.652651
vt 0.143902 0.652910
vt 0.143658 0.655944
vt 0.143902 0.655690
vt 0.066166 0.667728
vt 0.143658 0.652653
vt 0.143902 0.650831
vt 0.143658 0.655692
vt 0.141882 0.656227
vt 0.140626 0.655910
vt 0.141882 0.655971
vt 0.143157 0.663981
vt 0.142971 0.661936
vt 0.143157 0.661934
vt 0.176497 0.649202
vt 0.176739 0.651115
vt 0.176497 0.651115
vt 0.142021 0.656234
vt 0.141882 0.657960
vt 0.162763 0.669112
vt 0.163005 0.671025
vt 0.162763 0.671025
vt 0.162763 0.663374
vt 0.163005 0.665287
vt 0.162763 0.665287
vt 0.142021 0.655978
vt 0.141882 0.653154
vt 0.142021 0.653160
vt 0.101882 0.663952
vt 0.102124 0.665864
vt 0.101882 0.665864
vt 0.141882 0.652891
vt 0.142021 0.652898
vt 0.140626 0.652830
vt 0.157612 0.573251
vt 0.157426 0.570432
vt 0.157612 0.570430
vt 0.334172 0.199353
vt 0.329921 0.202153
vt 0.329612 0.199353
vt 0.331024 0.074203
vt 0.334308 0.077004
vt 0.330888 0.077004
vt 0.456867 0.033034
vt 0.454067 0.026613
vt 0.456867 0.026749
vt 0.169730 0.666601
vt 0.169544 0.664868
vt 0.169730 0.664867
vt 0.141882 0.650846
vt 0.142021 0.650831
vt 0.143415 0.656046
vt 0.142160 0.656241
vt 0.142160 0.655985
vt 0.173687 0.591850
vt 0.173502 0.593898
vt 0.173502 0.591852
vt 0.142785 0.670494
vt 0.143027 0.668581
vt 0.143027 0.670494
vt 0.142160 0.657974
vt 0.142021 0.657989
vt 0.134924 0.667391
vt 0.134682 0.669303
vt 0.134682 0.667391
vt 0.168512 0.671904
vt 0.168270 0.673817
vt 0.168270 0.671904
vt 0.142160 0.653167
vt 0.163005 0.667200
vt 0.162763 0.667199
vt 0.142160 0.652904
vt 0.143415 0.652965
vt 0.165853 0.660553
vt 0.165667 0.663374
vt 0.165667 0.660554
vt 0.455493 0.186239
vt 0.452693 0.190218
vt 0.452693 0.185657
vt 0.457479 0.099330
vt 0.460279 0.102886
vt 0.457479 0.103196
vt 0.456860 0.036710
vt 0.454060 0.042859
vt 0.454060 0.036574
vt 0.078053 0.667009
vt 0.077867 0.668745
vt 0.077867 0.667010
vt 0.142160 0.650860
vt 0.069742 0.655033
vt 0.070041 0.653715
vt 0.070041 0.655377
vt 0.068712 0.647818
vt 0.069742 0.648414
vt 0.068533 0.648158
vt 0.068712 0.655529
vt 0.068533 0.655171
vt 0.069742 0.650233
vt 0.070041 0.650384
vt 0.069742 0.650492
vt 0.069742 0.653521
vt 0.070041 0.653438
vt 0.068399 0.647779
vt 0.068399 0.648130
vt 0.070041 0.650099
vt 0.069742 0.653269
vt 0.068399 0.655538
vt 0.068399 0.655187
vt 0.108448 0.663854
vt 0.107515 0.665879
vt 0.107516 0.663854
vt 0.094929 0.664959
vt 0.095644 0.665238
vt 0.094929 0.665244
vt 0.094929 0.668301
vt 0.095644 0.668572
vt 0.094929 0.668578
vt 0.065233 0.672982
vt 0.066166 0.672505
vt 0.066166 0.672982
vt 0.094929 0.662958
vt 0.095644 0.664953
vt 0.095644 0.668295
vt 0.108448 0.665879
vt 0.107515 0.666355
vt 0.095644 0.670235
vt 0.094929 0.670241
vt 0.065233 0.672505
vt 0.066166 0.670481
vt 0.101882 0.662039
vt 0.102125 0.660525
vt 0.102125 0.662037
vt 0.104760 0.667394
vt 0.104443 0.669236
vt 0.104443 0.667394
vt 0.107486 0.669798
vt 0.107170 0.671640
vt 0.107170 0.669798
vt 0.101882 0.657494
vt 0.102125 0.657233
vt 0.102125 0.657492
vt 0.101882 0.660527
vt 0.102125 0.660272
vt 0.104760 0.669236
vt 0.104443 0.669440
vt 0.101882 0.657235
vt 0.102125 0.655413
vt 0.101882 0.660274
vt 0.107486 0.669594
vt 0.107170 0.669594
vt 0.067057 0.654902
vt 0.066757 0.653555
vt 0.067057 0.653391
vt 0.067057 0.648284
vt 0.068086 0.647788
vt 0.068265 0.648145
vt 0.068086 0.655498
vt 0.066757 0.655217
vt 0.066757 0.650224
vt 0.067057 0.650102
vt 0.067057 0.650361
vt 0.066757 0.653278
vt 0.067057 0.653139
vt 0.066757 0.649939
vt 0.068265 0.655158
vt 0.107515 0.666831
vt 0.173502 0.596848
vt 0.172785 0.597138
vt 0.172785 0.596853
vt 0.173502 0.593513
vt 0.172785 0.593796
vt 0.172785 0.593519
vt 0.066166 0.673458
vt 0.173502 0.597133
vt 0.172785 0.599139
vt 0.173502 0.593791
vt 0.108448 0.666831
vt 0.173502 0.591850
vt 0.172785 0.591856
vt 0.066166 0.675483
vt 0.065233 0.673458
vt 0.169301 0.665111
vt 0.169544 0.666621
vt 0.169301 0.666623
vt 0.104443 0.669644
vt 0.104760 0.671485
vt 0.104443 0.671485
vt 0.107170 0.667549
vt 0.107486 0.669390
vt 0.107170 0.669390
vt 0.169301 0.661819
vt 0.169544 0.662076
vt 0.169301 0.662078
vt 0.169301 0.664858
vt 0.169544 0.665109
vt 0.104760 0.669644
vt 0.169301 0.659999
vt 0.169544 0.661817
vt 0.169544 0.664856
vt 0.137838 0.656046
vt 0.136582 0.656241
vt 0.136582 0.655985
vt 0.173687 0.593898
vt 0.173502 0.595946
vt 0.173502 0.593899
vt 0.142785 0.666669
vt 0.143027 0.664756
vt 0.143027 0.666669
vt 0.136443 0.656234
vt 0.136582 0.657974
vt 0.136443 0.657989
vt 0.142785 0.668581
vt 0.066725 0.665478
vt 0.066483 0.667391
vt 0.136582 0.653167
vt 0.136443 0.655978
vt 0.136443 0.653160
vt 0.136582 0.652904
vt 0.136443 0.652898
vt 0.137838 0.652965
vt 0.163005 0.660553
vt 0.162819 0.663374
vt 0.162819 0.660554
vt 0.330026 0.203354
vt 0.334005 0.206154
vt 0.329444 0.206154
vt 0.457479 0.095464
vt 0.460279 0.099020
vt 0.421748 0.206173
vt 0.418948 0.212323
vt 0.418948 0.206037
vt 0.110948 0.668456
vt 0.110763 0.670192
vt 0.110763 0.668458
vt 0.136582 0.650860
vt 0.136443 0.650831
vt 0.136304 0.656227
vt 0.135049 0.655910
vt 0.136304 0.655971
vt 0.169730 0.664865
vt 0.169544 0.662820
vt 0.169730 0.662819
vt 0.073073 0.667130
vt 0.073315 0.669042
vt 0.073073 0.669042
vt 0.136304 0.657960
vt 0.094470 0.672154
vt 0.094712 0.674066
vt 0.094470 0.674066
vt 0.107412 0.673552
vt 0.107170 0.673552
vt 0.136304 0.653154
vt 0.134924 0.671216
vt 0.134682 0.671216
vt 0.136304 0.652891
vt 0.135049 0.652830
vt 0.169730 0.662817
vt 0.169544 0.659999
vt 0.169730 0.659997
vt 0.334083 0.023650
vt 0.329833 0.026450
vt 0.329523 0.023650
vt 0.460157 0.043132
vt 0.457357 0.046416
vt 0.457357 0.042995
vt 0.457403 0.216324
vt 0.454603 0.209902
vt 0.457403 0.210038
vt 0.173688 0.597680
vt 0.173502 0.595947
vt 0.173688 0.595946
vt 0.136304 0.650846
vt 0.616359 0.936627
vt 0.617800 0.938277
vt 0.616359 0.938277
vt 0.683836 0.825331
vt 0.683333 0.826981
vt 0.683333 0.825331
vt 0.609998 0.832070
vt 0.608910 0.830960
vt 0.609998 0.831038
vt 0.549472 0.932540
vt 0.549859 0.933553
vt 0.549326 0.933557
vt 0.662597 0.936101
vt 0.662983 0.935081
vt 0.663128 0.936097
vt 0.662597 0.936785
vt 0.663702 0.937673
vt 0.662597 0.937682
vt 0.548751 0.934246
vt 0.549859 0.935134
vt 0.548751 0.935143
vt 0.675417 0.901512
vt 0.676311 0.900481
vt 0.676311 0.901572
vt 0.549859 0.933895
vt 0.609870 0.830666
vt 0.608782 0.830588
vt 0.662597 0.936443
vt 0.663311 0.936437
vt 0.663702 0.936776
vt 0.633334 0.934126
vt 0.632824 0.932476
vt 0.633334 0.932476
vt 0.549859 0.934237
vt 0.549144 0.933900
vt 0.562233 0.938421
vt 0.560792 0.936771
vt 0.562233 0.936771
vt 0.566106 0.937745
vt 0.566609 0.936095
vt 0.566609 0.937745
vt 0.613646 0.832070
vt 0.612558 0.830960
vt 0.613646 0.831038
vt 0.682425 0.821020
vt 0.682039 0.820006
vt 0.682571 0.820002
vt 0.682695 0.896087
vt 0.683081 0.895067
vt 0.683227 0.896082
vt 0.682695 0.896770
vt 0.683800 0.897659
vt 0.682695 0.897668
vt 0.683146 0.819314
vt 0.682039 0.818425
vt 0.683146 0.818416
vt 0.680562 0.888099
vt 0.679669 0.889129
vt 0.679669 0.888038
vt 0.682039 0.819665
vt 0.613518 0.830666
vt 0.612430 0.830588
vt 0.682695 0.896428
vt 0.683409 0.896423
vt 0.683800 0.896761
vt 0.553867 0.932521
vt 0.554378 0.934171
vt 0.553867 0.934171
vt 0.682039 0.819323
vt 0.682754 0.819659
vt 0.676400 0.936202
vt 0.677840 0.937852
vt 0.676400 0.937852
vt 0.683332 0.863709
vt 0.683834 0.862059
vt 0.683834 0.863709
vt 0.617295 0.832070
vt 0.616207 0.830960
vt 0.617295 0.831038
vt 0.682763 0.812411
vt 0.683150 0.813424
vt 0.682617 0.813429
vt 0.682778 0.810641
vt 0.683164 0.809622
vt 0.683309 0.810637
vt 0.682778 0.811325
vt 0.683883 0.812214
vt 0.682778 0.812223
vt 0.682042 0.814117
vt 0.683150 0.815005
vt 0.682042 0.815014
vt 0.677402 0.845203
vt 0.676508 0.846233
vt 0.676508 0.845142
vt 0.683150 0.813766
vt 0.617166 0.830666
vt 0.616078 0.830588
vt 0.682778 0.810983
vt 0.683491 0.810978
vt 0.683883 0.811316
vt 0.558964 0.934144
vt 0.558454 0.932494
vt 0.558964 0.932494
vt 0.683150 0.814108
vt 0.682435 0.813772
vt 0.618396 0.936685
vt 0.619836 0.938335
vt 0.618396 0.938335
vt 0.683877 0.831873
vt 0.683374 0.833523
vt 0.683374 0.831873
vt 0.614862 0.832070
vt 0.613775 0.830960
vt 0.614862 0.831038
vt 0.660741 0.933719
vt 0.661128 0.934733
vt 0.660596 0.934737
vt 0.629985 0.935983
vt 0.630371 0.934964
vt 0.630517 0.935979
vt 0.629985 0.936667
vt 0.631090 0.937555
vt 0.629985 0.937564
vt 0.660021 0.935426
vt 0.661128 0.936314
vt 0.660021 0.936323
vt 0.680067 0.832676
vt 0.679173 0.833706
vt 0.679173 0.832615
vt 0.661128 0.935075
vt 0.614734 0.830666
vt 0.613646 0.830588
vt 0.629985 0.936325
vt 0.630699 0.936319
vt 0.631090 0.936658
vt 0.544806 0.932483
vt 0.545317 0.934133
vt 0.544806 0.934133
vt 0.661128 0.935416
vt 0.660413 0.935080
vt 0.620365 0.936685
vt 0.621805 0.938335
vt 0.620365 0.938335
vt 0.678343 0.936202
vt 0.677840 0.936202
vt 0.612430 0.832070
vt 0.611342 0.830960
vt 0.612430 0.831038
vt 0.666349 0.934394
vt 0.666736 0.935407
vt 0.666203 0.935411
vt 0.683835 0.808602
vt 0.683450 0.809622
vt 0.683304 0.808607
vt 0.683835 0.807919
vt 0.682730 0.807030
vt 0.683835 0.807021
vt 0.665629 0.936100
vt 0.666736 0.936988
vt 0.665629 0.936997
vt 0.678296 0.845203
vt 0.677402 0.846233
vt 0.677402 0.845142
vt 0.666736 0.935749
vt 0.612302 0.830666
vt 0.611214 0.830588
vt 0.683835 0.808261
vt 0.683122 0.808266
vt 0.682730 0.807928
vt 0.581796 0.932523
vt 0.582307 0.934172
vt 0.581796 0.934173
vt 0.666736 0.936091
vt 0.666021 0.935755
vt 0.674204 0.936619
vt 0.675644 0.938269
vt 0.674204 0.938269
vt 0.671904 0.936173
vt 0.671401 0.937823
vt 0.671401 0.936173
vt 0.611214 0.832070
vt 0.610126 0.830960
vt 0.611214 0.831038
vt 0.655079 0.937045
vt 0.654693 0.936032
vt 0.655225 0.936028
vt 0.682695 0.898687
vt 0.683081 0.897668
vt 0.683227 0.898683
vt 0.682695 0.899371
vt 0.683800 0.900259
vt 0.682695 0.900268
vt 0.655800 0.935339
vt 0.654693 0.934451
vt 0.655800 0.934442
vt 0.681114 0.893976
vt 0.680221 0.895007
vt 0.680221 0.893916
vt 0.654693 0.935690
vt 0.611086 0.830666
vt 0.609998 0.830588
vt 0.682695 0.899029
vt 0.683409 0.899023
vt 0.683800 0.899362
vt 0.579534 0.932481
vt 0.580045 0.934131
vt 0.579534 0.934132
vt 0.654693 0.935348
vt 0.655408 0.935684
vt 0.682990 0.800588
vt 0.684430 0.802238
vt 0.682990 0.802238
vt 0.674198 0.936144
vt 0.673696 0.937794
vt 0.673696 0.936144
vt 0.616078 0.832070
vt 0.614991 0.830960
vt 0.616078 0.831038
vt 0.658902 0.829007
vt 0.659289 0.830020
vt 0.658756 0.830025
vt 0.549856 0.936724
vt 0.549471 0.937744
vt 0.549325 0.936729
vt 0.549856 0.936040
vt 0.548751 0.935152
vt 0.549856 0.935143
vt 0.658181 0.830713
vt 0.659289 0.831601
vt 0.658181 0.831610
vt 0.681357 0.848534
vt 0.680463 0.849564
vt 0.680463 0.848474
vt 0.659289 0.830362
vt 0.615950 0.830666
vt 0.614862 0.830588
vt 0.549856 0.936382
vt 0.549143 0.936388
vt 0.548751 0.936049
vt 0.597179 0.934171
vt 0.596669 0.932521
vt 0.597179 0.932521
vt 0.659289 0.830704
vt 0.658574 0.830368
vt 0.646435 0.938406
vt 0.644995 0.936756
vt 0.646435 0.936756
vt 0.683760 0.847962
vt 0.683257 0.849612
vt 0.683257 0.847962
vt 0.621369 0.831968
vt 0.622388 0.830588
vt 0.622388 0.831854
vt 0.665297 0.930568
vt 0.665629 0.931560
vt 0.665172 0.931591
vt 0.652811 0.936373
vt 0.652481 0.937373
vt 0.652356 0.936351
vt 0.652811 0.935690
vt 0.651865 0.934747
vt 0.652811 0.934793
vt 0.664679 0.932307
vt 0.665629 0.933139
vt 0.664679 0.933203
vt 0.678378 0.885795
vt 0.679275 0.884536
vt 0.679275 0.885802
vt 0.665629 0.931902
vt 0.663775 0.931879
vt 0.665015 0.931943
vt 0.652811 0.936032
vt 0.652201 0.936002
vt 0.651865 0.935644
vt 0.597179 0.935822
vt 0.596669 0.934172
vt 0.597179 0.934172
vt 0.665629 0.932243
vt 0.563673 0.938421
vt 0.556356 0.935996
vt 0.555854 0.937646
vt 0.555854 0.935996
vt 0.621369 0.830588
vt 0.620350 0.831968
vt 0.620350 0.830702
vt 0.570633 0.929486
vt 0.570965 0.930478
vt 0.570508 0.930509
vt 0.683932 0.803924
vt 0.683603 0.804924
vt 0.683478 0.803902
vt 0.683932 0.803241
vt 0.682987 0.802298
vt 0.683932 0.802344
vt 0.570015 0.931225
vt 0.570965 0.932057
vt 0.570015 0.932121
vt 0.677730 0.842436
vt 0.678627 0.841178
vt 0.678627 0.842444
vt 0.570965 0.930819
vt 0.569111 0.930796
vt 0.570352 0.930861
vt 0.683932 0.803583
vt 0.683322 0.803553
vt 0.682987 0.803195
vt 0.594407 0.932570
vt 0.594917 0.934221
vt 0.594407 0.934220
vt 0.570965 0.931161
vt 0.622316 0.936724
vt 0.623756 0.938375
vt 0.622316 0.938375
vt 0.638264 0.936445
vt 0.638767 0.934795
vt 0.638767 0.936445
vt 0.617295 0.831968
vt 0.618313 0.830588
vt 0.618313 0.831854
vt 0.678479 0.908280
vt 0.678811 0.909272
vt 0.678354 0.909303
vt 0.682813 0.892935
vt 0.683143 0.891936
vt 0.683267 0.892957
vt 0.682813 0.893619
vt 0.683758 0.894561
vt 0.682813 0.894515
vt 0.677861 0.910019
vt 0.678811 0.910851
vt 0.677861 0.910915
vt 0.677480 0.885795
vt 0.678378 0.884536
vt 0.678378 0.885802
vt 0.678811 0.909614
vt 0.676957 0.909591
vt 0.678198 0.909655
vt 0.682813 0.893277
vt 0.683423 0.893307
vt 0.683758 0.893665
vt 0.582306 0.935823
vt 0.581796 0.935823
vt 0.678811 0.909955
vt 0.647876 0.938406
vt 0.647876 0.936756
vt 0.640849 0.935928
vt 0.640346 0.937578
vt 0.640346 0.935928
vt 0.625443 0.830588
vt 0.624425 0.831968
vt 0.624425 0.830702
vt 0.654487 0.930619
vt 0.654819 0.931611
vt 0.654362 0.931642
vt 0.683855 0.924766
vt 0.683525 0.925766
vt 0.683400 0.924744
vt 0.683855 0.924083
vt 0.682909 0.923141
vt 0.683855 0.923187
vt 0.653869 0.932359
vt 0.654819 0.933190
vt 0.653869 0.933254
vt 0.678854 0.864614
vt 0.679751 0.863356
vt 0.679751 0.864622
vt 0.654819 0.931953
vt 0.652965 0.931930
vt 0.654206 0.931994
vt 0.683855 0.924425
vt 0.683245 0.924395
vt 0.682909 0.924037
vt 0.594407 0.934221
vt 0.594917 0.935871
vt 0.594407 0.935871
vt 0.654819 0.932294
vt 0.644239 0.938417
vt 0.642798 0.936766
vt 0.644239 0.936766
vt 0.617849 0.937571
vt 0.618352 0.935921
vt 0.618352 0.937571
vt 0.624425 0.830588
vt 0.623406 0.831968
vt 0.623406 0.830702
vt 0.678539 0.920218
vt 0.678871 0.921210
vt 0.678414 0.921241
vt 0.683795 0.844092
vt 0.683465 0.845092
vt 0.683341 0.844070
vt 0.683795 0.843409
vt 0.682850 0.842466
vt 0.683795 0.842512
vt 0.677921 0.921957
vt 0.678871 0.922789
vt 0.677921 0.922853
vt 0.641165 0.931304
vt 0.642062 0.930045
vt 0.642062 0.931311
vt 0.678871 0.921551
vt 0.677017 0.921528
vt 0.678258 0.921593
vt 0.683795 0.843750
vt 0.683185 0.843721
vt 0.682850 0.843363
vt 0.566106 0.932794
vt 0.566616 0.934444
vt 0.566106 0.934444
vt 0.678871 0.921893
vt 0.569111 0.936750
vt 0.570551 0.938400
vt 0.569111 0.938400
vt 0.683760 0.846311
vt 0.683257 0.846311
vt 0.619332 0.831968
vt 0.620350 0.830588
vt 0.620350 0.831854
vt 0.570633 0.926829
vt 0.570965 0.927821
vt 0.570508 0.927852
vt 0.683935 0.799572
vt 0.683605 0.800572
vt 0.683481 0.799550
vt 0.683935 0.798889
vt 0.682990 0.797946
vt 0.683935 0.797992
vt 0.570015 0.928568
vt 0.570965 0.929399
vt 0.570015 0.929464
vt 0.679524 0.841178
vt 0.678627 0.842436
vt 0.678627 0.841170
vt 0.570965 0.928162
vt 0.569111 0.928139
vt 0.570352 0.928204
vt 0.683935 0.799231
vt 0.683325 0.799201
vt 0.682990 0.798843
vt 0.671401 0.932872
vt 0.671912 0.934522
vt 0.671401 0.934522
vt 0.570965 0.928503
vt 0.624057 0.936777
vt 0.625497 0.938428
vt 0.624057 0.938428
vt 0.584317 0.934841
vt 0.583815 0.936491
vt 0.583815 0.934841
vt 0.622388 0.831968
vt 0.623406 0.830588
vt 0.623406 0.831854
vt 0.679002 0.881894
vt 0.679334 0.882886
vt 0.678877 0.882917
vt 0.592641 0.936408
vt 0.592311 0.937408
vt 0.592187 0.936386
vt 0.592641 0.935725
vt 0.591696 0.934782
vt 0.592641 0.934828
vt 0.678384 0.883633
vt 0.679334 0.884465
vt 0.678384 0.884529
vt 0.679173 0.832623
vt 0.678276 0.833881
vt 0.678276 0.832615
vt 0.679334 0.883227
vt 0.677480 0.883204
vt 0.678721 0.883269
vt 0.592641 0.936067
vt 0.592031 0.936037
vt 0.591696 0.935679
vt 0.540330 0.935843
vt 0.539820 0.934193
vt 0.540330 0.934193
vt 0.679334 0.883569
vt 0.659320 0.830184
vt 0.660760 0.831835
vt 0.659320 0.831835
vt 0.671904 0.934522
vt 0.671904 0.936173
vt 0.591325 0.932517
vt 0.592343 0.931136
vt 0.592343 0.932404
vt 0.683762 0.818416
vt 0.684092 0.819448
vt 0.683637 0.819426
vt 0.684027 0.918776
vt 0.683696 0.919813
vt 0.683571 0.918807
vt 0.684027 0.918093
vt 0.683077 0.917262
vt 0.684027 0.917198
vt 0.683146 0.820085
vt 0.684092 0.821028
vt 0.683146 0.820982
vt 0.636071 0.831857
vt 0.636968 0.830596
vt 0.636968 0.831864
vt 0.684092 0.819789
vt 0.592688 0.932255
vt 0.592688 0.930987
vt 0.684027 0.918435
vt 0.683414 0.918476
vt 0.683077 0.918158
vt 0.626285 0.933276
vt 0.625774 0.931626
vt 0.626285 0.931626
vt 0.684092 0.820131
vt 0.683481 0.819760
vt 0.679098 0.838442
vt 0.677657 0.836792
vt 0.679098 0.836792
vt 0.673696 0.934494
vt 0.674198 0.932843
vt 0.674198 0.934494
vt 0.674285 0.881869
vt 0.675303 0.880487
vt 0.675303 0.881756
vt 0.683824 0.834100
vt 0.684154 0.835131
vt 0.683700 0.835109
vt 0.683081 0.911034
vt 0.683413 0.909997
vt 0.683538 0.911003
vt 0.683081 0.911717
vt 0.684031 0.912548
vt 0.683081 0.912612
vt 0.683209 0.835769
vt 0.684154 0.836711
vt 0.683209 0.836665
vt 0.637865 0.830596
vt 0.636968 0.831857
vt 0.636968 0.830588
vt 0.684154 0.835473
vt 0.675648 0.881607
vt 0.675648 0.880338
vt 0.683081 0.911375
vt 0.683694 0.911334
vt 0.684031 0.911652
vt 0.563960 0.925457
vt 0.564471 0.927107
vt 0.563960 0.927107
vt 0.684154 0.835815
vt 0.683544 0.835443
vt 0.640939 0.935990
vt 0.642379 0.937640
vt 0.640939 0.937640
vt 0.654176 0.937130
vt 0.654679 0.935480
vt 0.654679 0.937130
vt 0.678345 0.811020
vt 0.679363 0.809638
vt 0.679363 0.810907
vt 0.683760 0.794423
vt 0.684090 0.795454
vt 0.683635 0.795432
vt 0.683081 0.913649
vt 0.683413 0.912612
vt 0.683538 0.913618
vt 0.683081 0.914332
vt 0.684031 0.915164
vt 0.683081 0.915228
vt 0.683145 0.796092
vt 0.684090 0.797034
vt 0.683145 0.796988
vt 0.638762 0.830596
vt 0.637865 0.831857
vt 0.637865 0.830588
vt 0.684090 0.795796
vt 0.679708 0.810758
vt 0.679708 0.809489
vt 0.683081 0.913991
vt 0.683694 0.913949
vt 0.684031 0.914268
vt 0.655804 0.927900
vt 0.655293 0.926250
vt 0.655804 0.926250
vt 0.684090 0.796138
vt 0.683480 0.795766
vt 0.638906 0.935928
vt 0.566609 0.934444
vt 0.566106 0.936095
vt 0.674285 0.880338
vt 0.673266 0.881720
vt 0.673266 0.880451
vt 0.683765 0.812408
vt 0.684095 0.813439
vt 0.683640 0.813417
vt 0.683110 0.856065
vt 0.683442 0.855028
vt 0.683567 0.856034
vt 0.683110 0.856748
vt 0.684060 0.857579
vt 0.683110 0.857643
vt 0.683150 0.814077
vt 0.684095 0.815019
vt 0.683150 0.814973
vt 0.633379 0.831857
vt 0.634276 0.830596
vt 0.634276 0.831864
vt 0.684095 0.813781
vt 0.672921 0.880600
vt 0.672921 0.881869
vt 0.683110 0.856406
vt 0.683724 0.856365
vt 0.684060 0.856683
vt 0.655224 0.921465
vt 0.655735 0.923115
vt 0.655224 0.923115
vt 0.684095 0.814123
vt 0.683485 0.813751
vt 0.683879 0.838513
vt 0.682439 0.836863
vt 0.683879 0.836863
vt 0.602856 0.937265
vt 0.603359 0.935615
vt 0.603359 0.937265
vt 0.679830 0.823778
vt 0.678812 0.825159
vt 0.678812 0.823891
vt 0.683826 0.821321
vt 0.684156 0.822353
vt 0.683701 0.822331
vt 0.684031 0.908960
vt 0.683700 0.909997
vt 0.683574 0.908991
vt 0.684031 0.908277
vt 0.683081 0.907446
vt 0.684031 0.907381
vt 0.683210 0.822990
vt 0.684156 0.823933
vt 0.683210 0.823887
vt 0.639660 0.830596
vt 0.638762 0.831857
vt 0.638762 0.830588
vt 0.684156 0.822695
vt 0.678467 0.824040
vt 0.678467 0.825308
vt 0.684031 0.908618
vt 0.683418 0.908660
vt 0.683081 0.908341
vt 0.650350 0.934076
vt 0.649839 0.932426
vt 0.650350 0.932426
vt 0.684156 0.823036
vt 0.683545 0.822665
vt 0.682141 0.872171
vt 0.683581 0.873822
vt 0.682141 0.873822
vt 0.594909 0.935871
vt 0.594407 0.937521
vt 0.678650 0.889420
vt 0.678650 0.888151
vt 0.683545 0.935532
vt 0.683215 0.934501
vt 0.683670 0.934523
vt 0.683110 0.853449
vt 0.683442 0.852412
vt 0.683567 0.853418
vt 0.683110 0.854132
vt 0.684060 0.854964
vt 0.683110 0.855028
vt 0.684161 0.933863
vt 0.683215 0.932921
vt 0.684161 0.932967
vt 0.635173 0.831857
vt 0.636071 0.830596
vt 0.636071 0.831864
vt 0.683215 0.934159
vt 0.678305 0.888300
vt 0.678305 0.889569
vt 0.683110 0.853791
vt 0.683724 0.853749
vt 0.684060 0.854068
vt 0.655804 0.929550
vt 0.655293 0.927900
vt 0.655804 0.927900
vt 0.683215 0.933817
vt 0.683825 0.934189
vt 0.657245 0.937539
vt 0.655805 0.935889
vt 0.657245 0.935889
vt 0.568422 0.936746
vt 0.568924 0.935096
vt 0.568924 0.936746
vt 0.672921 0.880338
vt 0.671903 0.881720
vt 0.671903 0.880451
vt 0.683812 0.874001
vt 0.684142 0.875032
vt 0.683687 0.875010
vt 0.684027 0.921392
vt 0.683696 0.922429
vt 0.683571 0.921423
vt 0.684027 0.920709
vt 0.683077 0.919878
vt 0.684027 0.919813
vt 0.683196 0.875670
vt 0.684142 0.876612
vt 0.683196 0.876566
vt 0.639660 0.831857
vt 0.640557 0.830596
vt 0.640557 0.831864
vt 0.684142 0.875374
vt 0.671558 0.880600
vt 0.671558 0.881869
vt 0.684027 0.921050
vt 0.683414 0.921092
vt 0.683077 0.920773
vt 0.551628 0.932477
vt 0.552138 0.934128
vt 0.551628 0.934128
vt 0.684142 0.875715
vt 0.683531 0.875344
vt 0.676312 0.900158
vt 0.677753 0.901808
vt 0.676312 0.901808
vt 0.597171 0.935822
vt 0.596669 0.937472
vt 0.596669 0.935822
vt 0.629451 0.830588
vt 0.628449 0.831865
vt 0.628449 0.830780
vt 0.682871 0.846314
vt 0.683257 0.847328
vt 0.682726 0.847332
vt 0.682416 0.905616
vt 0.682802 0.904596
vt 0.682948 0.905611
vt 0.682416 0.906299
vt 0.683523 0.907188
vt 0.682416 0.907197
vt 0.682152 0.848021
vt 0.683257 0.848909
vt 0.682152 0.848918
vt 0.556749 0.934868
vt 0.555854 0.934911
vt 0.683257 0.847670
vt 0.645604 0.919706
vt 0.645841 0.921357
vt 0.645604 0.921356
vt 0.682416 0.905957
vt 0.683130 0.905952
vt 0.683523 0.906290
vt 0.645093 0.919706
vt 0.645093 0.921356
vt 0.683257 0.848011
vt 0.682544 0.847675
vt 0.679928 0.937940
vt 0.678488 0.936289
vt 0.679928 0.936289
vt 0.582299 0.935823
vt 0.581796 0.937473
vt 0.627447 0.830588
vt 0.626445 0.831865
vt 0.626445 0.830780
vt 0.682891 0.926465
vt 0.683276 0.927478
vt 0.682745 0.927483
vt 0.683578 0.883168
vt 0.683192 0.884188
vt 0.683046 0.883173
vt 0.683578 0.882485
vt 0.682471 0.881596
vt 0.683578 0.881587
vt 0.682171 0.928171
vt 0.683276 0.929060
vt 0.682171 0.929069
vt 0.681957 0.820097
vt 0.681061 0.821226
vt 0.681061 0.820141
vt 0.683276 0.927820
vt 0.597812 0.920971
vt 0.598049 0.922622
vt 0.597812 0.922621
vt 0.683578 0.882826
vt 0.682864 0.882832
vt 0.682471 0.882494
vt 0.597301 0.920971
vt 0.597301 0.922621
vt 0.683276 0.928162
vt 0.682563 0.927826
vt 0.681764 0.806754
vt 0.683204 0.805104
vt 0.683204 0.806754
vt 0.630453 0.831865
vt 0.631455 0.830588
vt 0.631455 0.831673
vt 0.682872 0.828031
vt 0.683257 0.829044
vt 0.682726 0.829049
vt 0.683696 0.902177
vt 0.683310 0.903197
vt 0.683164 0.902182
vt 0.683696 0.901493
vt 0.682589 0.900605
vt 0.683696 0.900596
vt 0.682152 0.829737
vt 0.683257 0.830625
vt 0.682152 0.830634
vt 0.681545 0.857486
vt 0.680650 0.858615
vt 0.680650 0.857530
vt 0.683257 0.829386
vt 0.680779 0.898912
vt 0.681016 0.900563
vt 0.680779 0.900562
vt 0.683696 0.901835
vt 0.682981 0.901841
vt 0.682589 0.901502
vt 0.680268 0.898912
vt 0.680268 0.900562
vt 0.683257 0.829728
vt 0.682544 0.829392
vt 0.659775 0.937563
vt 0.658335 0.935913
vt 0.659775 0.935913
vt 0.542662 0.936031
vt 0.542160 0.937681
vt 0.542160 0.936031
vt 0.627447 0.831865
vt 0.628449 0.830588
vt 0.628449 0.831673
vt 0.682825 0.821325
vt 0.683210 0.822338
vt 0.682679 0.822342
vt 0.682608 0.865978
vt 0.682994 0.864958
vt 0.683140 0.865974
vt 0.682608 0.866662
vt 0.683715 0.867550
vt 0.682608 0.867559
vt 0.682105 0.823031
vt 0.683210 0.823919
vt 0.682105 0.823928
vt 0.681703 0.797938
vt 0.682598 0.796810
vt 0.682598 0.797895
vt 0.683210 0.822680
vt 0.677990 0.901808
vt 0.677753 0.900158
vt 0.677990 0.900158
vt 0.682608 0.866320
vt 0.683323 0.866314
vt 0.683715 0.866653
vt 0.678501 0.901809
vt 0.678501 0.900158
vt 0.683210 0.823022
vt 0.682497 0.822685
vt 0.615956 0.937737
vt 0.614516 0.936087
vt 0.615956 0.936087
vt 0.665491 0.937079
vt 0.664988 0.935429
vt 0.665491 0.935429
vt 0.629451 0.831865
vt 0.630453 0.830588
vt 0.630453 0.831673
vt 0.682811 0.874004
vt 0.683196 0.875017
vt 0.682665 0.875021
vt 0.682439 0.839532
vt 0.682826 0.838513
vt 0.682972 0.839528
vt 0.682439 0.840216
vt 0.683546 0.841105
vt 0.682439 0.841114
vt 0.682091 0.875710
vt 0.683196 0.876598
vt 0.682091 0.876607
vt 0.682177 0.931432
vt 0.681281 0.932560
vt 0.681281 0.931475
vt 0.683196 0.875359
vt 0.681127 0.921043
vt 0.681365 0.922693
vt 0.681127 0.922693
vt 0.682439 0.839874
vt 0.683154 0.839868
vt 0.683546 0.840207
vt 0.680617 0.921043
vt 0.680617 0.922693
vt 0.683196 0.875701
vt 0.682483 0.875365
vt 0.677657 0.838442
vt 0.676217 0.836792
vt 0.605204 0.935692
vt 0.604701 0.937342
vt 0.604701 0.935692
vt 0.625443 0.831865
vt 0.626445 0.830588
vt 0.626445 0.831673
vt 0.682823 0.834103
vt 0.683209 0.835116
vt 0.682678 0.835121
vt 0.600446 0.936099
vt 0.600833 0.935080
vt 0.600979 0.936095
vt 0.600446 0.936783
vt 0.601554 0.937671
vt 0.600446 0.937680
vt 0.682104 0.835809
vt 0.683209 0.836697
vt 0.682104 0.836706
vt 0.681461 0.923141
vt 0.682356 0.922013
vt 0.682356 0.923097
vt 0.683209 0.835458
vt 0.678201 0.895369
vt 0.678439 0.897020
vt 0.678201 0.897020
vt 0.600446 0.936441
vt 0.601161 0.936435
vt 0.601554 0.936774
vt 0.677691 0.895369
vt 0.677691 0.897019
vt 0.683209 0.835800
vt 0.682496 0.835464
vt 0.676250 0.895369
vt 0.539820 0.937494
vt 0.540323 0.935843
vt 0.540323 0.937494
vt 0.631455 0.831865
vt 0.632457 0.830588
vt 0.632457 0.831673
vt 0.682860 0.869568
vt 0.683246 0.870581
vt 0.682715 0.870585
vt 0.683332 0.863640
vt 0.682945 0.864659
vt 0.682799 0.863644
vt 0.683332 0.862956
vt 0.682225 0.862068
vt 0.683332 0.862059
vt 0.682141 0.871274
vt 0.683246 0.872162
vt 0.681360 0.845950
vt 0.682256 0.844822
vt 0.682256 0.845907
vt 0.683246 0.870923
vt 0.679844 0.884128
vt 0.680082 0.885779
vt 0.679844 0.885778
vt 0.683332 0.863298
vt 0.682617 0.863304
vt 0.682225 0.862965
vt 0.679334 0.884128
vt 0.679334 0.885778
vt 0.683246 0.871265
vt 0.682533 0.870929
vt 0.684521 0.916878
vt 0.683081 0.916878
vt 0.683276 0.928112
vt 0.683779 0.926462
vt 0.683779 0.928112
vt 0.618313 0.831968
vt 0.619332 0.830588
vt 0.619332 0.831854
vt 0.679252 0.838535
vt 0.679583 0.839527
vt 0.679127 0.839558
vt 0.682959 0.859668
vt 0.683289 0.858668
vt 0.683414 0.859690
vt 0.682959 0.860351
vt 0.683905 0.861293
vt 0.682959 0.861248
vt 0.678634 0.840274
vt 0.679583 0.841106
vt 0.678634 0.841170
vt 0.679594 0.844865
vt 0.678697 0.846124
vt 0.678697 0.844858
vt 0.679583 0.839869
vt 0.677730 0.839846
vt 0.678970 0.839910
vt 0.682959 0.860009
vt 0.683569 0.860039
vt 0.683905 0.860397
vt 0.539820 0.932543
vt 0.540330 0.934193
vt 0.679583 0.840210
vt 0.683068 0.858434
vt 0.681628 0.856784
vt 0.683068 0.856784
vt 0.618352 0.934271
vt 0.617849 0.935921
vt 0.617849 0.934271
vt 0.674054 0.901952
vt 0.675072 0.900570
vt 0.675072 0.901839
vt 0.683840 0.878027
vt 0.684169 0.879058
vt 0.683715 0.879036
vt 0.683110 0.850834
vt 0.683442 0.849797
vt 0.683567 0.850803
vt 0.683110 0.851517
vt 0.684060 0.852348
vt 0.683110 0.852412
vt 0.683224 0.879696
vt 0.684169 0.880638
vt 0.683224 0.880592
vt 0.634276 0.831857
vt 0.635173 0.830596
vt 0.635173 0.831864
vt 0.684169 0.879400
vt 0.675417 0.901690
vt 0.675417 0.900421
vt 0.683110 0.851175
vt 0.683724 0.851134
vt 0.684060 0.851452
vt 0.655224 0.919815
vt 0.655735 0.921465
vt 0.684169 0.879741
vt 0.683559 0.879370
vt 0.665285 0.868437
vt 0.664758 0.861513
vt 0.665285 0.861549
vt 0.666423 0.862061
vt 0.666423 0.868514
vt 0.662588 0.804000
vt 0.660509 0.797253
vt 0.662588 0.797151
vt 0.660509 0.793192
vt 0.545057 0.792041
vt 0.539610 0.792804
vt 0.664758 0.857913
vt 0.664758 0.868401
vt 0.666423 0.874967
vt 0.660509 0.804101
vt 0.669598 0.895588
vt 0.668835 0.885825
vt 0.669598 0.885825
vt 0.669598 0.905351
vt 0.668835 0.895588
vt 0.659320 0.797166
vt 0.660460 0.796678
vt 0.659369 0.810573
vt 0.659369 0.804156
vt 0.679594 0.846279
vt 0.680141 0.844858
vt 0.680141 0.846071
vt 0.659369 0.797740
vt 0.070340 0.654902
vt 0.070041 0.653555
vt 0.070340 0.653391
vt 0.070340 0.648284
vt 0.071370 0.647788
vt 0.071548 0.648145
vt 0.071370 0.655498
vt 0.070041 0.655217
vt 0.070041 0.650224
vt 0.070340 0.650102
vt 0.070340 0.650361
vt 0.070041 0.653278
vt 0.070340 0.653139
vt 0.071682 0.647779
vt 0.071682 0.648130
vt 0.070041 0.649939
vt 0.071548 0.655158
vt 0.071682 0.655538
vt 0.065233 0.668456
vt 0.066166 0.670481
vt 0.065234 0.670481
vt 0.101160 0.661052
vt 0.101877 0.660762
vt 0.101877 0.661047
vt 0.101160 0.664387
vt 0.101877 0.664103
vt 0.101877 0.664381
vt 0.183662 0.557226
vt 0.184594 0.557703
vt 0.183662 0.557703
vt 0.101160 0.660767
vt 0.101877 0.658761
vt 0.101160 0.664109
vt 0.065233 0.667980
vt 0.066166 0.668456
vt 0.101160 0.666050
vt 0.101877 0.666044
vt 0.183662 0.555201
vt 0.184594 0.557226
vt 0.170840 0.657750
vt 0.171083 0.659261
vt 0.170840 0.659263
vt 0.104443 0.665553
vt 0.168270 0.667813
vt 0.168586 0.669654
vt 0.168270 0.669654
vt 0.170840 0.654459
vt 0.171083 0.654716
vt 0.170840 0.654718
vt 0.170840 0.657498
vt 0.171083 0.657748
vt 0.104760 0.665349
vt 0.104760 0.665553
vt 0.170840 0.652639
vt 0.171083 0.654457
vt 0.171083 0.657496
vt 0.168586 0.669858
vt 0.168270 0.669858
vt 0.073025 0.655033
vt 0.073324 0.653715
vt 0.073324 0.655377
vt 0.071995 0.647818
vt 0.073025 0.648414
vt 0.071816 0.648158
vt 0.071995 0.655529
vt 0.071816 0.655171
vt 0.073025 0.650233
vt 0.073324 0.650384
vt 0.073025 0.650492
vt 0.073025 0.653521
vt 0.073324 0.653438
vt 0.073324 0.650099
vt 0.073025 0.653269
vt 0.071682 0.655187
vt 0.066166 0.665478
vt 0.065233 0.667503
vt 0.065234 0.665478
vt 0.139684 0.663941
vt 0.140400 0.664220
vt 0.139684 0.664226
vt 0.139684 0.667283
vt 0.140400 0.667555
vt 0.139684 0.667560
vt 0.183662 0.558179
vt 0.139684 0.661940
vt 0.140400 0.663935
vt 0.140400 0.667277
vt 0.066166 0.667503
vt 0.140400 0.669218
vt 0.139684 0.669224
vt 0.184594 0.558179
vt 0.183662 0.560204
vt 0.143415 0.657457
vt 0.143658 0.655942
vt 0.143658 0.657455
vt 0.104760 0.663304
vt 0.104443 0.665145
vt 0.104443 0.663304
vt 0.168586 0.670062
vt 0.168270 0.670062
vt 0.143415 0.652912
vt 0.143658 0.652651
vt 0.143658 0.652910
vt 0.143415 0.655944
vt 0.143658 0.655690
vt 0.104760 0.665145
vt 0.104443 0.665349
vt 0.143415 0.652653
vt 0.143658 0.650831
vt 0.143415 0.655692
vt 0.139093 0.656227
vt 0.137838 0.655910
vt 0.139093 0.655971
vt 0.165853 0.665421
vt 0.165667 0.663376
vt 0.165853 0.663374
vt 0.094712 0.672154
vt 0.094470 0.670241
vt 0.139232 0.656234
vt 0.139093 0.657960
vt 0.104685 0.673398
vt 0.104685 0.671485
vt 0.134746 0.671336
vt 0.134988 0.673249
vt 0.134746 0.673249
vt 0.139232 0.655978
vt 0.139093 0.653154
vt 0.139232 0.653160
vt 0.102124 0.663952
vt 0.101882 0.663952
vt 0.139093 0.652891
vt 0.139232 0.652898
vt 0.137838 0.652830
vt 0.101854 0.657937
vt 0.101668 0.655118
vt 0.101854 0.655117
vt 0.458793 0.190504
vt 0.455993 0.186253
vt 0.458793 0.185944
vt 0.331075 0.054572
vt 0.334359 0.057372
vt 0.330939 0.057372
vt 0.424610 0.091370
vt 0.421810 0.084948
vt 0.424610 0.085084
vt 0.165853 0.667157
vt 0.165667 0.665424
vt 0.165853 0.665422
vt 0.139093 0.650846
vt 0.139232 0.650831
vt 0.140626 0.656046
vt 0.139371 0.656241
vt 0.139371 0.655985
vt 0.172744 0.619169
vt 0.172559 0.621216
vt 0.172559 0.619170
vt 0.066483 0.669304
vt 0.066725 0.667391
vt 0.066725 0.669304
vt 0.139371 0.657974
vt 0.139232 0.657989
vt 0.157420 0.671948
vt 0.157178 0.673861
vt 0.157178 0.671948
vt 0.162763 0.672937
vt 0.139371 0.653167
vt 0.142785 0.672406
vt 0.139371 0.652904
vt 0.140626 0.652965
vt 0.142971 0.661934
vt 0.142785 0.664756
vt 0.142785 0.661936
vt 0.443557 0.214557
vt 0.440757 0.218535
vt 0.440757 0.213975
vt 0.457453 0.190534
vt 0.460253 0.194090
vt 0.457453 0.194400
vt 0.323237 0.023650
vt 0.329387 0.026450
vt 0.323101 0.026450
vt 0.165853 0.667158
vt 0.165667 0.668895
vt 0.165667 0.667160
vt 0.139371 0.650860
vt 0.361383 0.919765
vt 0.359970 0.917546
vt 0.361383 0.917614
vt 0.428085 0.914511
vt 0.426665 0.912458
vt 0.428085 0.912362
vt 0.332400 0.913090
vt 0.334553 0.910217
vt 0.334553 0.913108
vt 0.383139 0.909358
vt 0.417399 0.858794
vt 0.362796 0.919765
vt 0.361383 0.917546
vt 0.362796 0.917614
vt 0.393505 0.919585
vt 0.392085 0.917532
vt 0.393505 0.917436
vt 0.412861 0.913173
vt 0.415013 0.910300
vt 0.415013 0.913191
vt 0.386282 0.908053
vt 0.388435 0.904285
vt 0.388435 0.908053
vt 0.404539 0.908074
vt 0.428380 0.893907
vt 0.426968 0.891688
vt 0.428380 0.891756
vt 0.428125 0.873984
vt 0.426705 0.871931
vt 0.428125 0.871835
vt 0.336705 0.913090
vt 0.338858 0.910217
vt 0.338858 0.913108
vt 0.417652 0.799971
vt 0.415500 0.796203
vt 0.417652 0.796203
vt 0.325840 0.906535
vt 0.323688 0.906535
vt 0.357910 0.919771
vt 0.356497 0.917551
vt 0.357910 0.917620
vt 0.366215 0.919462
vt 0.364795 0.917409
vt 0.366215 0.917313
vt 0.330248 0.910217
vt 0.328095 0.913090
vt 0.328095 0.910199
vt 0.338756 0.906535
vt 0.336603 0.902767
vt 0.413594 0.829825
vt 0.415747 0.833592
vt 0.413594 0.833592
vt 0.303107 0.915604
vt 0.301456 0.915617
vt 0.356497 0.915398
vt 0.358151 0.917538
vt 0.421839 0.810456
vt 0.423983 0.808111
vt 0.423983 0.810601
vt 0.417736 0.789305
vt 0.415583 0.785537
vt 0.417736 0.785537
vt 0.348257 0.903094
vt 0.350409 0.906862
vt 0.348257 0.906862
vt 0.428380 0.900566
vt 0.426968 0.898346
vt 0.428380 0.898415
vt 0.413594 0.836488
vt 0.415746 0.833610
vt 0.415746 0.836506
vt 0.371891 0.919555
vt 0.370472 0.917502
vt 0.371891 0.917406
vt 0.348257 0.913417
vt 0.350409 0.910543
vt 0.350409 0.913434
vt 0.350786 0.903946
vt 0.352938 0.907713
vt 0.350786 0.907713
vt 0.386019 0.905590
vt 0.383867 0.901822
vt 0.386019 0.901822
vt 0.380486 0.917755
vt 0.378834 0.915616
vt 0.380486 0.915602
vt 0.361899 0.915393
vt 0.363554 0.917532
vt 0.361899 0.917546
vt 0.423983 0.802840
vt 0.421839 0.805185
vt 0.421839 0.802695
vt 0.415583 0.781770
vt 0.417684 0.882447
vt 0.417684 0.886215
vt 0.321188 0.919579
vt 0.319769 0.917526
vt 0.321188 0.917430
vt 0.428380 0.898346
vt 0.426968 0.896127
vt 0.428380 0.896195
vt 0.305760 0.913062
vt 0.307913 0.910183
vt 0.307913 0.913080
vt 0.311841 0.905217
vt 0.313994 0.908985
vt 0.311841 0.908985
vt 0.332298 0.906535
vt 0.330146 0.902767
vt 0.419920 0.917402
vt 0.421340 0.919454
vt 0.419920 0.919550
vt 0.428380 0.896127
vt 0.426968 0.893907
vt 0.428380 0.893976
vt 0.415583 0.795969
vt 0.417736 0.793090
vt 0.417736 0.795987
vt 0.356338 0.904112
vt 0.354185 0.907880
vt 0.354185 0.904112
vt 0.325840 0.902767
vt 0.368156 0.919517
vt 0.366736 0.917464
vt 0.368156 0.917368
vt 0.428377 0.905482
vt 0.426964 0.903262
vt 0.428377 0.903331
vt 0.299303 0.913062
vt 0.301456 0.910183
vt 0.301456 0.913080
vt 0.342328 0.902539
vt 0.342328 0.906306
vt 0.378834 0.901822
vt 0.424368 0.903913
vt 0.426023 0.906052
vt 0.424368 0.906065
vt 0.296606 0.917762
vt 0.294955 0.915622
vt 0.296606 0.915609
vt 0.383135 0.913022
vt 0.380987 0.915602
vt 0.380987 0.913126
vt 0.308006 0.909375
vt 0.320091 0.906977
vt 0.317938 0.903210
vt 0.320091 0.903210
vt 0.428125 0.871739
vt 0.426705 0.869686
vt 0.428125 0.869590
vt 0.336705 0.910217
vt 0.334553 0.913090
vt 0.334553 0.910199
vt 0.335898 0.919986
vt 0.334485 0.917767
vt 0.335898 0.917835
vt 0.297151 0.913062
vt 0.299303 0.910183
vt 0.299303 0.913080
vt 0.417652 0.803738
vt 0.415500 0.803738
vt 0.414604 0.867377
vt 0.416757 0.871145
vt 0.374272 0.915375
vt 0.375926 0.917514
vt 0.374272 0.917528
vt 0.336137 0.917753
vt 0.334485 0.915614
vt 0.336137 0.915601
vt 0.308006 0.915619
vt 0.310154 0.913039
vt 0.310154 0.915515
vt 0.417652 0.803738
vt 0.415500 0.799971
vt 0.417652 0.799971
vt 0.336603 0.906535
vt 0.334451 0.902767
vt 0.572893 0.870643
vt 0.571312 0.834371
vt 0.572893 0.832860
vt 0.665234 0.826305
vt 0.666600 0.848102
vt 0.665189 0.848168
vt 0.666366 0.908955
vt 0.664894 0.886876
vt 0.666302 0.886967
vt 0.666141 0.793103
vt 0.664737 0.792041
vt 0.666150 0.792052
vt 0.665179 0.827301
vt 0.663775 0.826239
vt 0.665189 0.826250
vt 0.666150 0.822092
vt 0.664728 0.793092
vt 0.665189 0.856346
vt 0.663766 0.827290
vt 0.664958 0.885825
vt 0.666366 0.885916
vt 0.666645 0.849154
vt 0.665234 0.849219
vt 0.538135 0.832860
vt 0.539716 0.869132
vt 0.538135 0.870643
vt 0.572146 0.871388
vt 0.571312 0.869132
vt 0.538882 0.832115
vt 0.539716 0.834371
vt 0.572146 0.832115
vt 0.540395 0.833693
vt 0.540395 0.869810
vt 0.570633 0.869810
vt 0.570633 0.833693
vt 0.538882 0.871388
vt 0.607651 0.870643
vt 0.606904 0.871388
vt 0.573640 0.871388
vt 0.166964 0.078987
vt 0.159245 0.078089
vt 0.166915 0.077757
vt 0.166964 0.078259
vt 0.174632 0.068445
vt 0.174632 0.077886
vt 0.188965 0.114700
vt 0.181386 0.139889
vt 0.181311 0.114204
vt 0.107729 0.130882
vt 0.115402 0.132171
vt 0.107719 0.132111
vt 0.100035 0.130882
vt 0.107708 0.132170
vt 0.100024 0.132110
vt 0.107729 0.161928
vt 0.100035 0.161985
vt 0.181386 0.112975
vt 0.032437 0.170616
vt 0.034359 0.170391
vt 0.033309 0.171488
vt 0.032437 0.146121
vt 0.033534 0.132805
vt 0.033534 0.146121
vt 0.073040 0.170616
vt 0.071942 0.132805
vt 0.073040 0.131754
vt 0.032437 0.131754
vt 0.034359 0.131979
vt 0.071117 0.170391
vt 0.071942 0.169565
vt 0.072167 0.130882
vt 0.033309 0.130882
vt 0.072167 0.171488
vt 0.071117 0.131979
vt 0.032437 0.156446
vt 0.033534 0.169565
vt 0.166964 0.068445
vt 0.167469 0.200391
vt 0.168312 0.192699
vt 0.168312 0.200384
vt 0.191561 0.202459
vt 0.190719 0.194782
vt 0.191561 0.194774
vt 0.878576 0.936543
vt 0.877942 0.934604
vt 0.878576 0.934586
vt 0.878577 0.934581
vt 0.877942 0.932629
vt 0.878577 0.932624
vt 0.836477 0.936977
vt 0.834528 0.939109
vt 0.834528 0.936845
vt 0.918587 0.846115
vt 0.919413 0.849540
vt 0.918587 0.849540
vt 0.826478 0.939296
vt 0.827980 0.941213
vt 0.826478 0.941263
vt 0.916260 0.938279
vt 0.917765 0.936309
vt 0.917765 0.938246
vt 0.918576 0.886550
vt 0.919402 0.883124
vt 0.919402 0.886550
vt 0.805626 0.939088
vt 0.807553 0.936981
vt 0.807553 0.939248
vt 0.912167 0.830971
vt 0.914124 0.834396
vt 0.912167 0.834396
vt 0.907950 0.893948
vt 0.907316 0.892027
vt 0.907950 0.891910
vt 0.915612 0.892355
vt 0.914977 0.894078
vt 0.914977 0.892249
vt 0.910373 0.924451
vt 0.908416 0.927876
vt 0.908416 0.924451
vt 0.843777 0.939218
vt 0.841743 0.936937
vt 0.843777 0.936959
vt 0.918543 0.854951
vt 0.919369 0.851525
vt 0.919369 0.854951
vt 0.919371 0.843565
vt 0.918545 0.840139
vt 0.919371 0.840139
vt 0.917659 0.893103
vt 0.915844 0.891269
vt 0.917659 0.891146
vt 0.917802 0.899569
vt 0.915985 0.897627
vt 0.917802 0.897612
vt 0.836477 0.939109
vt 0.838427 0.936977
vt 0.838427 0.939241
vt 0.895827 0.921668
vt 0.898192 0.925094
vt 0.895827 0.925094
vt 0.919477 0.876831
vt 0.917975 0.878753
vt 0.917975 0.876827
vt 0.918443 0.833810
vt 0.916939 0.835623
vt 0.916939 0.833614
vt 0.819347 0.920739
vt 0.816982 0.924165
vt 0.816982 0.920739
vt 0.839730 0.936936
vt 0.841734 0.939262
vt 0.839829 0.939200
vt 0.908428 0.862405
vt 0.910385 0.858980
vt 0.910385 0.862405
vt 0.907232 0.941260
vt 0.905730 0.939298
vt 0.907232 0.939199
vt 0.916420 0.932979
vt 0.917925 0.930962
vt 0.917925 0.932967
vt 0.877887 0.933339
vt 0.875929 0.936765
vt 0.875929 0.933339
vt 0.914180 0.845980
vt 0.916177 0.843851
vt 0.916177 0.846115
vt 0.895937 0.932139
vt 0.897894 0.935565
vt 0.895937 0.935565
vt 0.830297 0.934126
vt 0.828340 0.930700
vt 0.830297 0.930700
vt 0.894908 0.941854
vt 0.893407 0.939980
vt 0.894908 0.939871
vt 0.916403 0.864526
vt 0.917907 0.862556
vt 0.917907 0.864508
vt 0.914318 0.938417
vt 0.916260 0.936309
vt 0.916260 0.938575
vt 0.911930 0.889297
vt 0.913887 0.892723
vt 0.911930 0.892723
vt 0.792595 0.941227
vt 0.791093 0.939249
vt 0.792595 0.939237
vt 0.919270 0.939705
vt 0.917765 0.941531
vt 0.917765 0.939574
vt 0.889078 0.929983
vt 0.891035 0.933409
vt 0.889078 0.933409
vt 0.803639 0.939085
vt 0.805589 0.936953
vt 0.805589 0.939217
vt 0.824425 0.934126
vt 0.826383 0.930700
vt 0.826383 0.934126
vt 0.821847 0.941288
vt 0.820345 0.939380
vt 0.821847 0.939246
vt 0.805111 0.939217
vt 0.803607 0.941187
vt 0.803607 0.939230
vt 0.910210 0.834396
vt 0.912167 0.834396
vt 0.914238 0.905984
vt 0.916187 0.903851
vt 0.916187 0.906116
vt 0.852828 0.935383
vt 0.850871 0.931957
vt 0.852828 0.931957
vt 0.909372 0.894089
vt 0.911330 0.897515
vt 0.909372 0.897515
vt 0.917659 0.883124
vt 0.915844 0.881220
vt 0.917659 0.881070
vt 0.898192 0.938325
vt 0.900009 0.940262
vt 0.898192 0.940283
vt 0.916170 0.853923
vt 0.914124 0.851525
vt 0.916170 0.851659
vt 0.893407 0.921669
vt 0.895772 0.925094
vt 0.893407 0.925094
vt 0.917715 0.849553
vt 0.919217 0.851466
vt 0.917715 0.851510
vt 0.916187 0.905709
vt 0.917691 0.903863
vt 0.917691 0.905846
vt 0.886713 0.922335
vt 0.889078 0.925761
vt 0.886713 0.925761
vt 0.828491 0.936845
vt 0.830467 0.939219
vt 0.828517 0.939109
vt 0.820345 0.934126
vt 0.822302 0.930700
vt 0.822302 0.934126
vt 0.860791 0.938820
vt 0.862606 0.940762
vt 0.860791 0.940777
vt 0.915844 0.879113
vt 0.917662 0.880947
vt 0.915844 0.881070
vt 0.908623 0.865511
vt 0.910581 0.868937
vt 0.908623 0.868937
vt 0.916651 0.826889
vt 0.914697 0.824590
vt 0.916651 0.824629
vt 0.845328 0.920631
vt 0.847693 0.924057
vt 0.845328 0.924057
vt 0.884348 0.925761
vt 0.884349 0.922335
vt 0.869151 0.940846
vt 0.867650 0.938817
vt 0.869151 0.938805
vt 0.919647 0.914828
vt 0.918143 0.916654
vt 0.918143 0.914740
vt 0.801699 0.939087
vt 0.803607 0.936917
vt 0.803607 0.939179
vt 0.832365 0.934126
vt 0.834322 0.930700
vt 0.834322 0.934126
vt 0.909833 0.941349
vt 0.908332 0.939530
vt 0.909833 0.939572
vt 0.917971 0.868144
vt 0.916467 0.870114
vt 0.916467 0.868218
vt 0.908416 0.934728
vt 0.910373 0.931302
vt 0.910373 0.934728
vt 0.916467 0.868272
vt 0.914698 0.870417
vt 0.914579 0.868144
vt 0.912197 0.901037
vt 0.914154 0.897612
vt 0.914154 0.901037
vt 0.916474 0.873505
vt 0.917975 0.875481
vt 0.916474 0.875493
vt 0.918406 0.894268
vt 0.916901 0.896047
vt 0.916901 0.894089
vt 0.908416 0.931302
vt 0.910373 0.927876
vt 0.910373 0.931302
vt 0.791124 0.939105
vt 0.793073 0.936973
vt 0.793073 0.939237
vt 0.891142 0.933409
vt 0.893100 0.929983
vt 0.893100 0.933409
vt 0.836446 0.934126
vt 0.838403 0.930700
vt 0.838403 0.934126
vt 0.916170 0.851795
vt 0.917672 0.853743
vt 0.916170 0.853670
vt 0.880522 0.939177
vt 0.879018 0.941147
vt 0.879018 0.939190
vt 0.832452 0.936979
vt 0.830586 0.939115
vt 0.830503 0.936845
vt 0.891035 0.933409
vt 0.889078 0.936835
vt 0.889078 0.933409
vt 0.914145 0.940755
vt 0.912330 0.938860
vt 0.914145 0.938798
vt 0.915985 0.901052
vt 0.917802 0.902955
vt 0.915985 0.903010
vt 0.869651 0.929468
vt 0.871608 0.926042
vt 0.871608 0.929468
vt 0.916335 0.935494
vt 0.914384 0.933134
vt 0.916335 0.933232
vt 0.814617 0.920739
vt 0.816982 0.924165
vt 0.814617 0.924165
vt 0.882382 0.940424
vt 0.880880 0.942253
vt 0.880880 0.940296
vt 0.849314 0.940086
vt 0.850819 0.942031
vt 0.849314 0.942043
vt 0.898247 0.921668
vt 0.900612 0.925094
vt 0.898247 0.925094
vt 0.822294 0.936982
vt 0.820485 0.939124
vt 0.820345 0.936850
vt 0.891142 0.936835
vt 0.891142 0.933409
vt 0.875874 0.936765
vt 0.873917 0.933339
vt 0.875874 0.933339
vt 0.836030 0.941295
vt 0.834528 0.939407
vt 0.836030 0.939241
vt 0.816575 0.939516
vt 0.818079 0.941462
vt 0.816575 0.941463
vt 0.912846 0.930506
vt 0.914837 0.928399
vt 0.914837 0.930665
vt 0.809653 0.936781
vt 0.807696 0.933355
vt 0.809653 0.933355
vt 0.917678 0.845669
vt 0.916177 0.843724
vt 0.917678 0.843712
vt 0.915792 0.942497
vt 0.914287 0.940643
vt 0.915792 0.940580
vt 0.912167 0.837822
vt 0.914124 0.841248
vt 0.912167 0.841248
vt 0.916653 0.821587
vt 0.914700 0.819312
vt 0.916653 0.819328
vt 0.845328 0.931005
vt 0.847285 0.934431
vt 0.845328 0.934431
vt 0.816016 0.941466
vt 0.814514 0.939554
vt 0.816016 0.939461
vt 0.919430 0.936129
vt 0.917925 0.934355
vt 0.919430 0.934286
vt 0.869651 0.932893
vt 0.871608 0.932893
vt 0.818576 0.939460
vt 0.816575 0.937184
vt 0.818576 0.937201
vt 0.905730 0.934204
vt 0.907688 0.930778
vt 0.907688 0.934204
vt 0.912245 0.824328
vt 0.910288 0.820902
vt 0.912245 0.820902
vt 0.841232 0.939346
vt 0.839730 0.941278
vt 0.839730 0.939262
vt 0.823351 0.939252
vt 0.821847 0.941267
vt 0.797505 0.936918
vt 0.795572 0.939038
vt 0.795493 0.936766
vt 0.910581 0.875788
vt 0.912538 0.872362
vt 0.912538 0.875788
vt 0.893407 0.941863
vt 0.894486 0.943812
vt 0.893407 0.943820
vt 0.904119 0.941809
vt 0.903038 0.943759
vt 0.903038 0.941821
vt 0.910373 0.917599
vt 0.912330 0.921025
vt 0.910373 0.921025
vt 0.917766 0.827545
vt 0.916020 0.829597
vt 0.916020 0.827643
vt 0.845294 0.939326
vt 0.843887 0.936678
vt 0.845294 0.936678
vt 0.837532 0.941199
vt 0.836030 0.939335
vt 0.837532 0.939241
vt 0.846833 0.939497
vt 0.845328 0.941466
vt 0.845328 0.939509
vt 0.809709 0.934677
vt 0.811115 0.937325
vt 0.809709 0.937325
vt 0.824307 0.936982
vt 0.822357 0.939114
vt 0.822357 0.936850
vt 0.882837 0.935545
vt 0.880880 0.932119
vt 0.882838 0.932119
vt 0.900704 0.934747
vt 0.902662 0.931321
vt 0.902662 0.934747
vt 0.864360 0.938805
vt 0.866098 0.940829
vt 0.864360 0.940760
vt 0.914533 0.873495
vt 0.916474 0.875652
vt 0.914520 0.875747
vt 0.914714 0.824211
vt 0.916582 0.821962
vt 0.916600 0.824211
vt 0.907786 0.936359
vt 0.908315 0.938264
vt 0.907786 0.938313
vt 0.834523 0.941157
vt 0.833997 0.939176
vt 0.834523 0.939201
vt 0.900149 0.935581
vt 0.898192 0.938198
vt 0.898192 0.935565
vt 0.859631 0.938969
vt 0.860432 0.942395
vt 0.859631 0.942395
vt 0.920087 0.932823
vt 0.918796 0.930985
vt 0.920087 0.930860
vt 0.919927 0.827586
vt 0.918643 0.829480
vt 0.918643 0.827545
vt 0.795481 0.942345
vt 0.794680 0.938920
vt 0.795481 0.938920
vt 0.912824 0.922879
vt 0.914760 0.920286
vt 0.914760 0.922920
vt 0.910239 0.911315
vt 0.912197 0.914740
vt 0.910239 0.914740
vt 0.900677 0.937600
vt 0.900149 0.935713
vt 0.900677 0.935565
vt 0.826456 0.939342
vt 0.825930 0.941033
vt 0.825930 0.939205
vt 0.895364 0.931419
vt 0.893407 0.934845
vt 0.893407 0.931419
vt 0.914469 0.868144
vt 0.912538 0.865511
vt 0.914576 0.865511
vt 0.919668 0.855457
vt 0.918867 0.858883
vt 0.918867 0.855457
vt 0.908034 0.942625
vt 0.907232 0.942625
vt 0.829782 0.943227
vt 0.828491 0.941468
vt 0.829782 0.941273
vt 0.839730 0.941287
vt 0.841015 0.943305
vt 0.839730 0.943243
vt 0.914287 0.936164
vt 0.912330 0.938782
vt 0.912330 0.936148
vt 0.913515 0.858883
vt 0.911558 0.855457
vt 0.913515 0.855457
vt 0.817865 0.941463
vt 0.816575 0.943457
vt 0.816575 0.941534
vt 0.920465 0.843982
vt 0.919180 0.845719
vt 0.919180 0.843712
vt 0.886361 0.936232
vt 0.888318 0.932806
vt 0.888318 0.936232
vt 0.914634 0.917374
vt 0.912684 0.914740
vt 0.914593 0.914740
vt 0.912197 0.907889
vt 0.912197 0.911315
vt 0.917699 0.940632
vt 0.916148 0.938766
vt 0.917699 0.938575
vt 0.811253 0.937400
vt 0.809709 0.939329
vt 0.912167 0.848099
vt 0.910210 0.851525
vt 0.910210 0.848099
vt 0.814569 0.937173
vt 0.816575 0.934556
vt 0.816575 0.937189
vt 0.847681 0.927483
vt 0.845328 0.927483
vt 0.873917 0.922868
vt 0.876269 0.926294
vt 0.873917 0.926294
vt 0.917886 0.935114
vt 0.916335 0.933335
vt 0.917886 0.933134
vt 0.917673 0.840209
vt 0.916129 0.842089
vt 0.916129 0.840139
vt 0.912569 0.876035
vt 0.914520 0.873440
vt 0.914520 0.876074
vt 0.839785 0.923538
vt 0.842138 0.926964
vt 0.839785 0.926964
vt 0.854989 0.941133
vt 0.856280 0.943033
vt 0.854989 0.943120
vt 0.837315 0.941498
vt 0.836030 0.943248
vt 0.836030 0.941292
vt 0.876269 0.922868
vt 0.878622 0.926294
vt 0.876269 0.926294
vt 0.912742 0.821946
vt 0.914700 0.819329
vt 0.914700 0.821962
vt 0.900149 0.932139
vt 0.898192 0.935565
vt 0.898192 0.932139
vt 0.831794 0.943323
vt 0.830503 0.941494
vt 0.831794 0.941285
vt 0.892427 0.941264
vt 0.891142 0.943157
vt 0.891142 0.941201
vt 0.913887 0.885871
vt 0.911930 0.889297
vt 0.911930 0.885871
vt 0.912427 0.861614
vt 0.914384 0.858996
vt 0.914384 0.861629
vt 0.880579 0.936765
vt 0.878622 0.933339
vt 0.880579 0.933339
vt 0.909973 0.889297
vt 0.911930 0.892723
vt 0.909973 0.892723
vt 0.804897 0.943322
vt 0.803607 0.941494
vt 0.804897 0.941272
vt 0.823137 0.941314
vt 0.824422 0.943326
vt 0.823137 0.943270
vt 0.914384 0.933506
vt 0.912330 0.930860
vt 0.914384 0.930873
vt 0.910385 0.858979
vt 0.912343 0.862405
vt 0.910385 0.862405
vt 0.800339 0.943236
vt 0.799048 0.941401
vt 0.800339 0.941282
vt 0.919819 0.879232
vt 0.918534 0.881001
vt 0.918534 0.879020
vt 0.910239 0.901038
vt 0.912197 0.904463
vt 0.910239 0.904463
vt 0.850871 0.935383
vt 0.852850 0.938016
vt 0.850893 0.938016
vt 0.912167 0.848099
vt 0.914124 0.844673
vt 0.914124 0.848099
vt 0.797547 0.941374
vt 0.798837 0.943240
vt 0.797547 0.943328
vt 0.810993 0.943474
vt 0.809709 0.941565
vt 0.810993 0.941519
vt 0.908623 0.872362
vt 0.910581 0.875788
vt 0.908623 0.875788
vt 0.910403 0.934769
vt 0.912330 0.937362
vt 0.910373 0.937404
vt 0.910581 0.872362
vt 0.908623 0.868937
vt 0.912197 0.897612
vt 0.910239 0.897612
vt 0.918606 0.905987
vt 0.919896 0.907937
vt 0.918606 0.908024
vt 0.919217 0.851353
vt 0.920501 0.849603
vt 0.920501 0.851515
vt 0.903144 0.937458
vt 0.905079 0.934824
vt 0.905057 0.937458
vt 0.912330 0.924451
vt 0.912330 0.927876
vt 0.845039 0.943057
vt 0.843748 0.941317
vt 0.845039 0.941284
vt 0.807696 0.943350
vt 0.808981 0.941457
vt 0.808981 0.943351
vt 0.912167 0.854951
vt 0.914124 0.854951
vt 0.916020 0.827560
vt 0.914244 0.830179
vt 0.914124 0.827545
vt 0.826383 0.934126
vt 0.828340 0.930700
vt 0.828340 0.934126
vt 0.918606 0.908204
vt 0.919896 0.910101
vt 0.918606 0.910188
vt 0.827763 0.941517
vt 0.826478 0.943219
vt 0.873598 0.931032
vt 0.871641 0.934458
vt 0.871641 0.931032
vt 0.912740 0.827224
vt 0.914697 0.824607
vt 0.914697 0.827240
vt 0.912538 0.868937
vt 0.912538 0.872362
vt 0.912245 0.817476
vt 0.912245 0.820902
vt 0.919801 0.912644
vt 0.918511 0.910775
vt 0.919801 0.910773
vt 0.920297 0.816235
vt 0.919012 0.818128
vt 0.919012 0.816173
vt 0.897894 0.935583
vt 0.896020 0.938199
vt 0.895937 0.935565
vt 0.832365 0.930700
vt 0.830408 0.934126
vt 0.830408 0.930700
vt 0.866098 0.938910
vt 0.867650 0.940711
vt 0.866098 0.940864
vt 0.839076 0.941233
vt 0.839076 0.939277
vt 0.818532 0.931113
vt 0.816575 0.934539
vt 0.816575 0.931113
vt 0.869669 0.936319
vt 0.871608 0.938952
vt 0.869651 0.938952
vt 0.878622 0.922868
vt 0.880974 0.926294
vt 0.878622 0.926294
vt 0.919056 0.941584
vt 0.917765 0.943485
vt 0.917765 0.941531
vt 0.835813 0.943313
vt 0.834528 0.941295
vt 0.835813 0.941357
vt 0.842138 0.923538
vt 0.844490 0.926964
vt 0.915472 0.855473
vt 0.913656 0.858091
vt 0.913515 0.855457
vt 0.910373 0.921025
vt 0.911330 0.894089
vt 0.913287 0.897515
vt 0.843033 0.943322
vt 0.841743 0.941512
vt 0.843033 0.941271
vt 0.806881 0.943327
vt 0.805596 0.941309
vt 0.806881 0.941382
vt 0.795546 0.936729
vt 0.797547 0.934133
vt 0.797547 0.936766
vt 0.911930 0.879020
vt 0.913887 0.882445
vt 0.911930 0.882445
vt 0.820311 0.930517
vt 0.819021 0.928651
vt 0.820311 0.928563
vt 0.919312 0.835623
vt 0.920596 0.837551
vt 0.919312 0.837539
vt 0.912330 0.931302
vt 0.912330 0.927876
vt 0.854876 0.938974
vt 0.853032 0.936341
vt 0.854989 0.936341
vt 0.836390 0.934126
vt 0.834433 0.930700
vt 0.836390 0.930700
vt 0.919697 0.896091
vt 0.918406 0.894257
vt 0.919697 0.894089
vt 0.916166 0.910060
vt 0.917451 0.911907
vt 0.916166 0.911902
vt 0.912167 0.851525
vt 0.910210 0.854951
vt 0.914601 0.816684
vt 0.912710 0.814051
vt 0.914714 0.814051
vt 0.909973 0.882445
vt 0.911930 0.882445
vt 0.914124 0.837822
vt 0.914124 0.834396
vt 0.791093 0.943295
vt 0.792384 0.941291
vt 0.792384 0.943304
vt 0.838816 0.941313
vt 0.837532 0.943251
vt 0.837532 0.941233
vt 0.902724 0.934776
vt 0.900783 0.937381
vt 0.900704 0.934747
vt 0.839785 0.933912
vt 0.841742 0.930486
vt 0.841743 0.933912
vt 0.920983 0.938102
vt 0.919964 0.936217
vt 0.920983 0.936148
vt 0.920001 0.898125
vt 0.921016 0.896235
vt 0.921016 0.898171
vt 0.912330 0.921025
vt 0.882451 0.847602
vt 0.884406 0.849754
vt 0.882449 0.849754
vt 0.809709 0.929111
vt 0.811254 0.931911
vt 0.809709 0.931911
vt 0.920303 0.816005
vt 0.919012 0.814219
vt 0.920303 0.814051
vt 0.907015 0.941322
vt 0.905730 0.943216
vt 0.905730 0.941260
vt 0.811254 0.929111
vt 0.809709 0.926310
vt 0.811254 0.926310
vt 0.913887 0.881653
vt 0.915844 0.879036
vt 0.915844 0.881669
vt 0.871608 0.936319
vt 0.869651 0.932893
vt 0.871608 0.932893
vt 0.912245 0.814051
vt 0.910288 0.817476
vt 0.910288 0.814051
vt 0.905359 0.894059
vt 0.907316 0.891940
vt 0.907316 0.894089
vt 0.888263 0.938867
vt 0.886306 0.936232
vt 0.888263 0.936238
vt 0.858904 0.938969
vt 0.860642 0.936341
vt 0.860791 0.938969
vt 0.875810 0.943186
vt 0.875238 0.941203
vt 0.875810 0.941230
vt 0.890974 0.941159
vt 0.890399 0.943149
vt 0.890399 0.941195
vt 0.915844 0.884332
vt 0.913887 0.886944
vt 0.913887 0.884316
vt 0.919012 0.817476
vt 0.918140 0.814051
vt 0.919012 0.814051
vt 0.821630 0.943277
vt 0.820345 0.941288
vt 0.821630 0.941312
vt 0.870942 0.940978
vt 0.869651 0.943019
vt 0.869651 0.941086
vt 0.919315 0.835623
vt 0.918443 0.832197
vt 0.919315 0.832197
vt 0.912824 0.928194
vt 0.914760 0.925607
vt 0.914760 0.928236
vt 0.912167 0.837822
vt 0.910210 0.837822
vt 0.900581 0.938242
vt 0.900009 0.940211
vt 0.900009 0.938214
vt 0.918619 0.923748
vt 0.918044 0.925500
vt 0.918044 0.923675
vt 0.909973 0.885871
vt 0.911930 0.882446
vt 0.914469 0.873401
vt 0.912538 0.870773
vt 0.914576 0.870773
vt 0.917673 0.843565
vt 0.918545 0.840139
vt 0.918545 0.843565
vt 0.918867 0.855457
vt 0.917995 0.858883
vt 0.917995 0.855457
vt 0.796815 0.941209
vt 0.797387 0.943192
vt 0.796815 0.943165
vt 0.852948 0.940186
vt 0.852373 0.942093
vt 0.852373 0.940139
vt 0.913887 0.889588
vt 0.915844 0.886976
vt 0.915844 0.889605
vt 0.918576 0.883124
vt 0.917705 0.886550
vt 0.917705 0.883124
vt 0.846613 0.941577
vt 0.845328 0.943422
vt 0.845328 0.941497
vt 0.872932 0.941514
vt 0.871641 0.943399
vt 0.871641 0.941394
vt 0.919312 0.839049
vt 0.918440 0.835623
vt 0.919312 0.835623
vt 0.914718 0.819312
vt 0.912768 0.816684
vt 0.914677 0.816684
vt 0.906511 0.841095
vt 0.904554 0.844521
vt 0.904554 0.841095
vt 0.918231 0.891174
vt 0.917659 0.893102
vt 0.839700 0.939256
vt 0.839126 0.941216
vt 0.839126 0.939214
vt 0.912538 0.868936
vt 0.816630 0.937168
vt 0.818635 0.934556
vt 0.818635 0.937184
vt 0.917734 0.909272
vt 0.918606 0.905846
vt 0.918606 0.909272
vt 0.917925 0.930860
vt 0.918796 0.934286
vt 0.917925 0.934286
vt 0.813936 0.942887
vt 0.814508 0.940995
vt 0.814508 0.942951
vt 0.847407 0.939497
vt 0.846833 0.941489
vt 0.846833 0.939541
vt 0.912569 0.878704
vt 0.914520 0.876114
vt 0.914520 0.878742
vt 0.918487 0.890502
vt 0.919358 0.887076
vt 0.919358 0.890502
vt 0.807079 0.941309
vt 0.805596 0.939248
vt 0.807079 0.939320
vt 0.884182 0.940397
vt 0.882692 0.942308
vt 0.882692 0.940354
vt 0.918048 0.920244
vt 0.918919 0.923670
vt 0.918048 0.923670
vt 0.912827 0.920228
vt 0.914784 0.917616
vt 0.914784 0.920244
vt 0.819242 0.924165
vt 0.816982 0.927591
vt 0.878514 0.938616
vt 0.877942 0.936549
vt 0.878514 0.936576
vt 0.809556 0.941360
vt 0.808981 0.943214
vt 0.808981 0.941260
vt 0.902723 0.895021
vt 0.904983 0.891595
vt 0.904983 0.895021
vt 0.908416 0.937357
vt 0.910373 0.934745
vt 0.910373 0.937373
vt 0.917662 0.882445
vt 0.918534 0.882445
vt 0.918707 0.858979
vt 0.917835 0.862405
vt 0.917835 0.858979
vt 0.818651 0.941512
vt 0.818079 0.939635
vt 0.818651 0.939460
vt 0.807654 0.939439
vt 0.807079 0.941292
vt 0.807079 0.939248
vt 0.914384 0.936148
vt 0.912330 0.933506
vt 0.914384 0.933520
vt 0.917124 0.858883
vt 0.917124 0.855457
vt 0.900704 0.941499
vt 0.901989 0.943486
vt 0.900704 0.943455
vt 0.825716 0.941329
vt 0.824425 0.943246
vt 0.824425 0.941266
vt 0.918919 0.916818
vt 0.918048 0.916818
vt 0.882863 0.938173
vt 0.880885 0.935545
vt 0.882842 0.935545
vt 0.908416 0.921025
vt 0.802893 0.941204
vt 0.803465 0.943188
vt 0.802893 0.943160
vt 0.918253 0.839955
vt 0.917679 0.838105
vt 0.918253 0.837958
vt 0.913887 0.885871
vt 0.911930 0.882445
vt 0.913887 0.882446
vt 0.847723 0.935269
vt 0.849650 0.937856
vt 0.847693 0.937899
vt 0.918197 0.819312
vt 0.919069 0.822738
vt 0.918197 0.822738
vt 0.887853 0.942292
vt 0.888724 0.938867
vt 0.888724 0.942292
vt 0.886248 0.942941
vt 0.885676 0.940912
vt 0.886248 0.940901
vt 0.902206 0.939535
vt 0.902781 0.941406
vt 0.902206 0.941489
vt 0.912643 0.870773
vt 0.914557 0.870773
vt 0.918636 0.939574
vt 0.917765 0.936148
vt 0.918636 0.936148
vt 0.815799 0.943358
vt 0.814514 0.941466
vt 0.815799 0.941583
vt 0.880308 0.941244
vt 0.879018 0.943285
vt 0.879018 0.941393
vt 0.918916 0.928990
vt 0.918044 0.925565
vt 0.918916 0.925565
vt 0.916020 0.830986
vt 0.914244 0.833600
vt 0.914124 0.830971
vt 0.914124 0.830970
vt 0.833774 0.941201
vt 0.834346 0.943134
vt 0.833774 0.943187
vt 0.871516 0.942932
vt 0.870942 0.941017
vt 0.871516 0.940978
vt 0.911930 0.885871
vt 0.909973 0.889297
vt 0.909973 0.885871
vt 0.912824 0.925549
vt 0.914781 0.922936
vt 0.914781 0.925565
vt 0.918586 0.849540
vt 0.917715 0.846115
vt 0.918945 0.872362
vt 0.918074 0.868937
vt 0.918945 0.868937
vt 0.895936 0.933393
vt 0.895936 0.931520
vt 0.854353 0.942992
vt 0.854928 0.940999
vt 0.854928 0.942953
vt 0.915844 0.881687
vt 0.913970 0.884298
vt 0.913887 0.881669
vt 0.918195 0.826616
vt 0.919066 0.823190
vt 0.919066 0.826616
vt 0.908332 0.941529
vt 0.909617 0.943499
vt 0.908332 0.943484
vt 0.823137 0.943234
vt 0.821847 0.941407
vt 0.823137 0.941280
vt 0.917771 0.830970
vt 0.917771 0.827545
vt 0.856929 0.938969
vt 0.856947 0.936341
vt 0.912167 0.841248
vt 0.910210 0.841248
vt 0.908315 0.936187
vt 0.907743 0.934204
vt 0.908315 0.934373
vt 0.897442 0.942110
vt 0.898016 0.940261
vt 0.898016 0.942215
vt 0.884348 0.932806
vt 0.884348 0.936232
vt 0.915844 0.889621
vt 0.914028 0.892234
vt 0.913887 0.889605
vt 0.918511 0.910773
vt 0.917639 0.914198
vt 0.917639 0.910773
vt 0.918674 0.896158
vt 0.917802 0.899584
vt 0.917802 0.896158
vt 0.888946 0.936708
vt 0.888374 0.938680
vt 0.888374 0.936653
vt 0.913657 0.940853
vt 0.914232 0.942768
vt 0.913657 0.942807
vt 0.824478 0.936756
vt 0.826478 0.934164
vt 0.826478 0.936793
vt 0.918406 0.894089
vt 0.919277 0.890664
vt 0.919277 0.894089
vt 0.918847 0.873539
vt 0.920131 0.875557
vt 0.918847 0.875495
vt 0.911664 0.943417
vt 0.910373 0.941641
vt 0.911664 0.941503
vt 0.918674 0.904463
vt 0.917802 0.901038
vt 0.918674 0.901038
vt 0.858790 0.938969
vt 0.858904 0.936341
vt 0.849650 0.935227
vt 0.847693 0.931802
vt 0.849650 0.931802
vt 0.869635 0.936417
vt 0.868809 0.938296
vt 0.868809 0.936341
vt 0.921190 0.943855
vt 0.920359 0.942127
vt 0.921190 0.941901
vt 0.909600 0.858882
vt 0.909600 0.855457
vt 0.914601 0.824590
vt 0.912710 0.821962
vt 0.914714 0.821962
vt 0.906656 0.889159
vt 0.905398 0.885733
vt 0.906656 0.885733
vt 0.814552 0.929371
vt 0.813294 0.925946
vt 0.814552 0.925946
vt 0.918343 0.831095
vt 0.917771 0.832926
vt 0.917771 0.830971
vt 0.892686 0.941058
vt 0.893261 0.939176
vt 0.893261 0.941193
vt 0.895427 0.934875
vt 0.893486 0.937475
vt 0.917615 0.890502
vt 0.918487 0.887076
vt 0.921011 0.901087
vt 0.920001 0.902993
vt 0.920001 0.901038
vt 0.920001 0.900178
vt 0.920001 0.898243
vt 0.918847 0.876827
vt 0.917975 0.873401
vt 0.918847 0.873401
vt 0.886360 0.849724
vt 0.884406 0.847602
vt 0.886363 0.847602
vt 0.811247 0.934677
vt 0.809709 0.934677
vt 0.868977 0.940933
vt 0.869549 0.942916
vt 0.868977 0.942888
vt 0.873761 0.939538
vt 0.873186 0.941391
vt 0.873186 0.939437
vt 0.843755 0.933912
vt 0.845294 0.933912
vt 0.886306 0.936248
vt 0.884348 0.938860
vt 0.918543 0.851525
vt 0.917672 0.854951
vt 0.917672 0.851525
vt 0.918945 0.865511
vt 0.918074 0.865511
vt 0.914450 0.862469
vt 0.912631 0.865046
vt 0.912453 0.862405
vt 0.913293 0.896723
vt 0.915250 0.894107
vt 0.915250 0.896741
vt 0.908344 0.939500
vt 0.910300 0.937404
vt 0.910300 0.939530
vt 0.843810 0.926969
vt 0.844483 0.928908
vt 0.843810 0.928926
vt 0.908359 0.933053
vt 0.907688 0.931101
vt 0.908359 0.931096
vt 0.914576 0.867857
vt 0.916530 0.865511
vt 0.916530 0.867762
vt 0.850819 0.940074
vt 0.849944 0.936648
vt 0.850819 0.936648
vt 0.918023 0.924887
vt 0.916519 0.922970
vt 0.918023 0.922920
vt 0.916334 0.860949
vt 0.916334 0.859012
vt 0.905564 0.940883
vt 0.904690 0.937458
vt 0.905564 0.937458
vt 0.916598 0.914740
vt 0.914634 0.917028
vt 0.914664 0.914779
vt 0.910210 0.827545
vt 0.912167 0.827545
vt 0.887065 0.927800
vt 0.886393 0.925878
vt 0.887065 0.925761
vt 0.888374 0.936548
vt 0.889045 0.934824
vt 0.889045 0.936653
vt 0.914154 0.904463
vt 0.912197 0.907889
vt 0.912197 0.904463
vt 0.914594 0.930883
vt 0.916420 0.933109
vt 0.895933 0.937503
vt 0.895058 0.940929
vt 0.895058 0.937504
vt 0.903591 0.931224
vt 0.902717 0.927798
vt 0.903591 0.927798
vt 0.917705 0.885081
vt 0.915844 0.883247
vt 0.917705 0.883124
vt 0.917701 0.887061
vt 0.915844 0.885119
vt 0.917701 0.885104
vt 0.916474 0.875747
vt 0.914520 0.878093
vt 0.914520 0.875842
vt 0.895827 0.921669
vt 0.893407 0.918243
vt 0.895827 0.918243
vt 0.919412 0.862410
vt 0.917907 0.864332
vt 0.917907 0.862405
vt 0.916939 0.837436
vt 0.918440 0.837632
vt 0.898346 0.895021
vt 0.900766 0.891595
vt 0.900766 0.895021
vt 0.834458 0.939095
vt 0.832551 0.936921
vt 0.834458 0.936845
vt 0.910373 0.934728
vt 0.910373 0.931302
vt 0.825930 0.941266
vt 0.824425 0.939304
vt 0.917961 0.816684
vt 0.916459 0.818702
vt 0.916459 0.816696
vt 0.904996 0.931399
vt 0.903038 0.934824
vt 0.903038 0.931399
vt 0.891136 0.936835
vt 0.889078 0.939133
vt 0.889133 0.936883
vt 0.912167 0.844673
vt 0.910210 0.841248
vt 0.816575 0.934539
vt 0.814617 0.931113
vt 0.816574 0.931113
vt 0.904543 0.941809
vt 0.903038 0.939934
vt 0.904543 0.939825
vt 0.916435 0.919720
vt 0.917937 0.917750
vt 0.917937 0.919702
vt 0.914177 0.911981
vt 0.912228 0.912031
vt 0.902723 0.895721
vt 0.900766 0.891595
vt 0.902723 0.891595
vt 0.828491 0.939283
vt 0.829996 0.941261
vt 0.828491 0.941273
vt 0.898192 0.942109
vt 0.899693 0.940283
vt 0.899693 0.942240
vt 0.891142 0.922335
vt 0.893099 0.926461
vt 0.891142 0.926461
vt 0.887999 0.849637
vt 0.887999 0.847681
vt 0.914209 0.910382
vt 0.916166 0.907889
vt 0.916166 0.910382
vt 0.832008 0.941285
vt 0.830503 0.939377
vt 0.832008 0.939244
vt 0.799048 0.939231
vt 0.797547 0.941201
vt 0.797547 0.939244
vt 0.914177 0.914474
vt 0.916135 0.911981
vt 0.916135 0.914474
vt 0.793133 0.934094
vt 0.791093 0.936839
vt 0.791177 0.934129
vt 0.891035 0.926461
vt 0.889078 0.922335
vt 0.891035 0.922335
vt 0.849650 0.924757
vt 0.847693 0.920631
vt 0.849650 0.920631
vt 0.911878 0.941323
vt 0.910373 0.939505
vt 0.911878 0.939547
vt 0.917975 0.875493
vt 0.916474 0.877463
vt 0.916474 0.875567
vt 0.852975 0.944002
vt 0.851961 0.942178
vt 0.852975 0.942108
vt 0.845294 0.941284
vt 0.843748 0.939326
vt 0.873186 0.941394
vt 0.871641 0.939437
vt 0.873186 0.939437
vt 0.917639 0.913928
vt 0.917639 0.912054
vt 0.809198 0.939193
vt 0.807696 0.941163
vt 0.807696 0.939206
vt 0.912328 0.937404
vt 0.912328 0.939490
vt 0.910581 0.875788
vt 0.908623 0.878966
vt 0.849197 0.941962
vt 0.847693 0.940065
vt 0.849197 0.940005
vt 0.919180 0.845669
vt 0.917678 0.843763
vt 0.910581 0.878965
vt 0.912538 0.875788
vt 0.912538 0.878965
vt 0.914616 0.870866
vt 0.916530 0.873024
vt 0.914576 0.873119
vt 0.910239 0.904463
vt 0.897442 0.940390
vt 0.895937 0.942218
vt 0.895937 0.940261
vt 0.852373 0.942096
vt 0.850871 0.940151
vt 0.811281 0.932991
vt 0.813239 0.936416
vt 0.811281 0.936416
vt 0.900704 0.939496
vt 0.902620 0.937410
vt 0.902660 0.939496
vt 0.910155 0.852203
vt 0.908197 0.855380
vt 0.908197 0.852202
vt 0.910288 0.824328
vt 0.912245 0.827505
vt 0.910288 0.827505
vt 0.843247 0.941271
vt 0.841743 0.939384
vt 0.843247 0.939218
vt 0.900704 0.939552
vt 0.902206 0.941497
vt 0.907782 0.936923
vt 0.905730 0.939199
vt 0.905782 0.936950
vt 0.843700 0.933912
vt 0.841743 0.930486
vt 0.843700 0.930486
vt 0.917671 0.909846
vt 0.916166 0.907901
vt 0.917671 0.907889
vt 0.917649 0.942575
vt 0.916148 0.940721
vt 0.917649 0.940658
vt 0.824260 0.934126
vt 0.822302 0.930700
vt 0.824260 0.930700
vt 0.914577 0.862500
vt 0.916403 0.864657
vt 0.914450 0.864759
vt 0.912197 0.901038
vt 0.914154 0.901038
vt 0.914287 0.938575
vt 0.916148 0.940484
vt 0.914287 0.940580
vt 0.902609 0.895736
vt 0.900823 0.897578
vt 0.900766 0.895721
vt 0.912167 0.844673
vt 0.914124 0.841248
vt 0.914124 0.844673
vt 0.814732 0.937210
vt 0.816517 0.939438
vt 0.814514 0.939461
vt 0.898247 0.921668
vt 0.900667 0.918243
vt 0.900667 0.921668
vt 0.895827 0.918243
vt 0.898247 0.918243
vt 0.862606 0.940746
vt 0.864360 0.938812
vt 0.864360 0.940829
vt 0.916020 0.832999
vt 0.917771 0.830982
vt 0.917771 0.833002
vt 0.873660 0.937177
vt 0.873660 0.939425
vt 0.904554 0.841095
vt 0.902272 0.844521
vt 0.902272 0.841095
vt 0.824420 0.941204
vt 0.823351 0.939255
vt 0.824420 0.939246
vt 0.847693 0.943943
vt 0.848760 0.941993
vt 0.848760 0.943931
vt 0.816900 0.927591
vt 0.814617 0.924165
vt 0.816900 0.924165
vt 0.895937 0.940152
vt 0.897765 0.938305
vt 0.897765 0.940261
vt 0.884284 0.937005
vt 0.882893 0.934220
vt 0.884284 0.934220
vt 0.799048 0.939325
vt 0.800553 0.941189
vt 0.799048 0.941282
vt 0.811210 0.939518
vt 0.809709 0.941488
vt 0.809709 0.939530
vt 0.882893 0.931436
vt 0.884284 0.931436
vt 0.845328 0.939497
vt 0.847281 0.937150
vt 0.847281 0.939402
vt 0.912167 0.848099
vt 0.910210 0.844674
vt 0.912167 0.851525
vt 0.914124 0.848099
vt 0.914124 0.851525
vt 0.849529 0.939853
vt 0.847693 0.938039
vt 0.849529 0.937899
vt 0.916334 0.861364
vt 0.914384 0.858979
vt 0.916334 0.859100
vt 0.916596 0.814146
vt 0.914880 0.816321
vt 0.185333 0.578425
vt 0.184324 0.580283
vt 0.184309 0.578521
vt 0.073315 0.664548
vt 0.072405 0.660938
vt 0.073232 0.660975
vt 0.167781 0.560159
vt 0.168726 0.556560
vt 0.168540 0.560122
vt 0.132428 0.656238
vt 0.130136 0.650831
vt 0.132428 0.650831
vt 0.159933 0.573318
vt 0.157641 0.567911
vt 0.159933 0.567911
vt 0.188468 0.534606
vt 0.189691 0.532671
vt 0.189691 0.534654
vt 0.174255 0.591989
vt 0.175018 0.607442
vt 0.174322 0.607492
vt 0.186982 0.536671
vt 0.185986 0.538604
vt 0.185928 0.536616
vt 0.174779 0.667464
vt 0.173941 0.651921
vt 0.174779 0.651953
vt 0.172648 0.548200
vt 0.171127 0.532683
vt 0.172648 0.532671
vt 0.171245 0.644443
vt 0.172835 0.628903
vt 0.172835 0.644431
vt 0.073149 0.657403
vt 0.072289 0.655538
vt 0.073315 0.655685
vt 0.072204 0.657361
vt 0.165560 0.571855
vt 0.166320 0.573575
vt 0.165493 0.573624
vt 0.168726 0.563666
vt 0.130136 0.661644
vt 0.132428 0.661644
vt 0.159933 0.562505
vt 0.187627 0.648595
vt 0.186405 0.646659
vt 0.187627 0.646612
vt 0.166275 0.556260
vt 0.165579 0.571810
vt 0.165512 0.556312
vt 0.161945 0.680325
vt 0.162940 0.682259
vt 0.161886 0.682313
vt 0.173978 0.548201
vt 0.174617 0.532676
vt 0.174617 0.548205
vt 0.172626 0.548211
vt 0.171024 0.563772
vt 0.171130 0.548256
vt 0.164015 0.556239
vt 0.314424 0.900927
vt 0.312265 0.891001
vt 0.314848 0.900815
vt 0.387186 0.903363
vt 0.387984 0.896719
vt 0.387688 0.903420
vt 0.311193 0.889615
vt 0.308006 0.899260
vt 0.310771 0.889496
vt 0.311615 0.889735
vt 0.308428 0.899380
vt 0.408482 0.805415
vt 0.408371 0.812127
vt 0.407979 0.805469
vt 0.312688 0.890890
vt 0.315271 0.900704
vt 0.311459 0.888676
vt 0.387508 0.903951
vt 0.408293 0.804887
vt 0.314561 0.901450
vt 0.315409 0.901227
vt 0.403827 0.819562
vt 0.404297 0.819956
vt 0.403836 0.819825
vt 0.409145 0.804558
vt 0.408716 0.805033
vt 0.389290 0.914299
vt 0.389757 0.913279
vt 0.389757 0.914390
vt 0.409088 0.804084
vt 0.387927 0.903805
vt 0.388361 0.904285
vt 0.388191 0.903407
vt 0.388374 0.903991
vt 0.311866 0.890216
vt 0.312284 0.890345
vt 0.387539 0.895907
vt 0.388041 0.895963
vt 0.308014 0.900157
vt 0.308436 0.900036
vt 0.308850 0.899499
vt 0.308857 0.899914
vt 0.408902 0.812423
vt 0.408399 0.812478
vt 0.312703 0.890475
vt 0.311025 0.900767
vt 0.311841 0.901459
vt 0.310903 0.901188
vt 0.356865 0.819866
vt 0.356703 0.819232
vt 0.357119 0.819454
vt 0.381015 0.819010
vt 0.380373 0.818886
vt 0.380993 0.818505
vt 0.314773 0.889239
vt 0.315181 0.888676
vt 0.315155 0.889136
vt 0.310781 0.901609
vt 0.311579 0.901840
vt 0.315409 0.889522
vt 0.314887 0.889663
vt 0.381015 0.819480
vt 0.380477 0.819753
vt 0.380613 0.819288
vt 0.380136 0.819770
vt 0.357574 0.818505
vt 0.356498 0.818837
vt 0.352750 0.915281
vt 0.353192 0.914235
vt 0.353192 0.915373
vt 0.357572 0.818958
vt 0.387050 0.898153
vt 0.386604 0.897749
vt 0.387050 0.897664
vt 0.312926 0.889776
vt 0.313040 0.890199
vt 0.408951 0.812838
vt 0.408449 0.812892
vt 0.309067 0.900617
vt 0.309188 0.900196
vt 0.308945 0.901038
vt 0.387695 0.894671
vt 0.388197 0.894728
vt 0.312812 0.889353
vt 0.314659 0.888817
vt 0.387933 0.893211
vt 0.388435 0.893267
vt 0.409162 0.814306
vt 0.408659 0.814360
vt 0.414366 0.881834
vt 0.413928 0.871685
vt 0.414366 0.871685
vt 0.378329 0.898927
vt 0.378834 0.905572
vt 0.378329 0.905597
vt 0.353263 0.892480
vt 0.353701 0.902629
vt 0.353263 0.902629
vt 0.353701 0.892480
vt 0.354139 0.902629
vt 0.413594 0.822248
vt 0.414098 0.828990
vt 0.413594 0.828955
vt 0.414804 0.881834
vt 0.414804 0.871685
vt 0.353701 0.903605
vt 0.378487 0.906135
vt 0.378073 0.905964
vt 0.413941 0.829528
vt 0.413928 0.871145
vt 0.414366 0.871290
vt 0.353263 0.903460
vt 0.414804 0.871145
vt 0.414599 0.828955
vt 0.414809 0.829530
vt 0.414353 0.829364
vt 0.414809 0.829825
vt 0.377645 0.906890
vt 0.378722 0.906550
vt 0.412212 0.913565
vt 0.412680 0.912545
vt 0.412680 0.913656
vt 0.377617 0.906414
vt 0.403356 0.819956
vt 0.402886 0.819562
vt 0.403356 0.819479
vt 0.413928 0.891982
vt 0.414366 0.891982
vt 0.378834 0.892233
vt 0.378329 0.892258
vt 0.353701 0.882332
vt 0.353263 0.882332
vt 0.354139 0.882332
vt 0.414098 0.815574
vt 0.413594 0.815540
vt 0.414804 0.891982
vt 0.353701 0.881355
vt 0.378487 0.891704
vt 0.413941 0.815014
vt 0.413928 0.892523
vt 0.414804 0.892523
vt 0.402416 0.819562
vt 0.402886 0.819956
vt 0.402425 0.819826
vt 0.414809 0.814835
vt 0.414353 0.815234
vt 0.334010 0.916694
vt 0.334477 0.915673
vt 0.334477 0.916784
vt 0.414848 0.814360
vt 0.378073 0.891915
vt 0.377617 0.891510
vt 0.377895 0.892350
vt 0.377617 0.891803
vt 0.414295 0.854277
vt 0.414734 0.864426
vt 0.414295 0.864426
vt 0.376905 0.899473
vt 0.376400 0.892828
vt 0.376905 0.892803
vt 0.413594 0.825485
vt 0.413156 0.815337
vt 0.413594 0.815337
vt 0.413156 0.825485
vt 0.412717 0.815337
vt 0.414987 0.803780
vt 0.414483 0.797038
vt 0.414987 0.797072
vt 0.413857 0.854278
vt 0.413857 0.864426
vt 0.413156 0.814360
vt 0.376748 0.892265
vt 0.377161 0.892436
vt 0.414640 0.796499
vt 0.414734 0.864967
vt 0.414295 0.864821
vt 0.413594 0.814506
vt 0.413857 0.864967
vt 0.413982 0.797073
vt 0.413773 0.796498
vt 0.414228 0.796663
vt 0.413773 0.796203
vt 0.377589 0.891510
vt 0.376513 0.891850
vt 0.414955 0.910078
vt 0.415422 0.909058
vt 0.415422 0.910169
vt 0.377617 0.891986
vt 0.403827 0.819956
vt 0.403356 0.819562
vt 0.403827 0.819479
vt 0.414734 0.844129
vt 0.414295 0.844129
vt 0.376400 0.906167
vt 0.376905 0.906142
vt 0.413156 0.835634
vt 0.413594 0.835634
vt 0.412717 0.835634
vt 0.414483 0.810453
vt 0.414987 0.810487
vt 0.413857 0.844129
vt 0.413156 0.836610
vt 0.376748 0.906696
vt 0.414640 0.811013
vt 0.414734 0.843588
vt 0.413857 0.843588
vt 0.401945 0.819562
vt 0.402416 0.819956
vt 0.401954 0.819826
vt 0.413773 0.811192
vt 0.414228 0.810793
vt 0.375926 0.916382
vt 0.376394 0.915362
vt 0.376394 0.916473
vt 0.413733 0.811667
vt 0.377161 0.906485
vt 0.377617 0.906890
vt 0.377340 0.906050
vt 0.377617 0.906597
vt 0.165025 0.182579
vt 0.161882 0.177850
vt 0.165025 0.177850
vt 0.206537 0.187091
vt 0.204125 0.183886
vt 0.206537 0.183867
vt 0.168169 0.182579
vt 0.165025 0.177850
vt 0.168169 0.177850
vt 0.204095 0.180172
vt 0.206511 0.183377
vt 0.204095 0.183397
vt 0.171312 0.183055
vt 0.168169 0.177374
vt 0.171312 0.177374
vt 0.170469 0.081937
vt 0.170176 0.082231
vt 0.166964 0.082014
vt 0.727301 0.653659
vt 0.724388 0.654127
vt 0.726345 0.652764
vt 0.563662 0.659649
vt 0.561922 0.661913
vt 0.561922 0.659649
vt 0.563662 0.661913
vt 0.561922 0.664179
vt 0.698246 0.669405
vt 0.699542 0.667386
vt 0.699542 0.669736
vt 0.726631 0.534019
vt 0.725652 0.531781
vt 0.727602 0.533135
vt 0.632474 0.664152
vt 0.630734 0.661887
vt 0.632473 0.661887
vt 0.722894 0.532854
vt 0.727025 0.537743
vt 0.630735 0.659622
vt 0.632474 0.659622
vt 0.608311 0.594042
vt 0.607024 0.596733
vt 0.607024 0.594396
vt 0.727301 0.650668
vt 0.721973 0.652358
vt 0.161882 0.183055
vt 0.161882 0.182579
vt 0.165025 0.177374
vt 0.180907 0.081203
vt 0.180613 0.081529
vt 0.177395 0.081686
vt 0.206507 0.190763
vt 0.204095 0.187557
vt 0.206507 0.187538
vt 0.206453 0.039628
vt 0.204037 0.036422
vt 0.206453 0.036403
vt 0.174455 0.183055
vt 0.174455 0.177374
vt 0.170469 0.078553
vt 0.170763 0.078259
vt 0.173974 0.078477
vt 0.727301 0.659782
vt 0.724388 0.660251
vt 0.726345 0.658888
vt 0.626313 0.659630
vt 0.624573 0.661895
vt 0.624574 0.659630
vt 0.626313 0.661895
vt 0.624574 0.664161
vt 0.700838 0.667386
vt 0.699542 0.669405
vt 0.699542 0.667055
vt 0.726631 0.527869
vt 0.725652 0.525631
vt 0.727602 0.526985
vt 0.697127 0.553744
vt 0.698865 0.551479
vt 0.698866 0.553744
vt 0.722893 0.526703
vt 0.727025 0.531592
vt 0.697127 0.549214
vt 0.698866 0.549214
vt 0.702124 0.667055
vt 0.700838 0.669746
vt 0.700838 0.667409
vt 0.727301 0.656792
vt 0.721973 0.658481
vt 0.165025 0.183055
vt 0.165025 0.182579
vt 0.177967 0.190291
vt 0.177673 0.190618
vt 0.174455 0.190774
vt 0.419139 0.673053
vt 0.420124 0.669915
vt 0.420122 0.673097
vt 0.433636 0.680731
vt 0.433295 0.688091
vt 0.433294 0.680735
vt 0.446415 0.696356
vt 0.446861 0.697806
vt 0.446415 0.697823
vt 0.366821 0.657809
vt 0.367164 0.654621
vt 0.367164 0.657806
vt 0.455959 0.635166
vt 0.455513 0.636502
vt 0.455513 0.635166
vt 0.366822 0.660123
vt 0.367165 0.660120
vt 0.451514 0.605628
vt 0.451798 0.602434
vt 0.451856 0.605618
vt 0.420021 0.675275
vt 0.433638 0.675522
vt 0.433293 0.680528
vt 0.433295 0.675526
vt 0.419186 0.680490
vt 0.420124 0.675535
vt 0.420117 0.680533
vt 0.377476 0.660008
vt 0.377743 0.660433
vt 0.377476 0.660343
vt 0.451456 0.602444
vt 0.451856 0.600249
vt 0.419144 0.675492
vt 0.366822 0.660249
vt 0.367165 0.660246
vt 0.420117 0.680739
vt 0.366699 0.666071
vt 0.367165 0.665249
vt 0.367042 0.666068
vt 0.366822 0.672814
vt 0.367165 0.672811
vt 0.420112 0.688089
vt 0.419314 0.681316
vt 0.433636 0.680524
vt 0.377818 0.653723
vt 0.377511 0.660008
vt 0.377476 0.653726
vt 0.370472 0.696201
vt 0.370026 0.694751
vt 0.370472 0.694734
vt 0.377852 0.641814
vt 0.377510 0.645335
vt 0.377510 0.641817
vt 0.330884 0.684116
vt 0.331330 0.682779
vt 0.331330 0.684116
vt 0.421129 0.673429
vt 0.420124 0.669871
vt 0.421129 0.669914
vt 0.377853 0.645458
vt 0.377511 0.652445
vt 0.377510 0.645461
vt 0.421129 0.680532
vt 0.420211 0.673913
vt 0.421129 0.673555
vt 0.377853 0.645332
vt 0.418464 0.573868
vt 0.418371 0.573422
vt 0.418464 0.573422
vt 0.420199 0.680697
vt 0.421093 0.681811
vt 0.443094 0.686125
vt 0.443367 0.685725
vt 0.443437 0.686125
vt 0.443030 0.693480
vt 0.443373 0.693480
vt 0.420251 0.688047
vt 0.421129 0.688088
vt 0.377853 0.652441
vt 0.453125 0.529511
vt 0.452147 0.529636
vt 0.452207 0.529467
vt 0.453186 0.526046
vt 0.452145 0.529177
vt 0.452127 0.525995
vt 0.327619 0.685967
vt 0.327962 0.682779
vt 0.327962 0.685964
vt 0.328065 0.687579
vt 0.327619 0.687579
vt 0.451871 0.529479
vt 0.453186 0.529686
vt 0.452183 0.536223
vt 0.453186 0.536662
vt 0.452185 0.536614
vt 0.447869 0.670712
vt 0.448211 0.664117
vt 0.448212 0.670709
vt 0.453186 0.529227
vt 0.447869 0.664120
vt 0.448152 0.663944
vt 0.447869 0.671103
vt 0.448212 0.671100
vt 0.452262 0.537112
vt 0.447795 0.671597
vt 0.448138 0.671594
vt 0.447869 0.678666
vt 0.448212 0.678663
vt 0.324576 0.697879
vt 0.324130 0.696420
vt 0.324576 0.696420
vt 0.377751 0.679618
vt 0.377408 0.683546
vt 0.377408 0.679621
vt 0.366822 0.665251
vt 0.443024 0.685725
vt 0.443437 0.679332
vt 0.452032 0.668982
vt 0.453010 0.672175
vt 0.452048 0.672167
vt 0.377839 0.679615
vt 0.377502 0.672262
vt 0.377844 0.672259
vt 0.370026 0.697685
vt 0.370472 0.696235
vt 0.370472 0.697702
vt 0.453015 0.668990
vt 0.453352 0.672171
vt 0.449640 0.677786
vt 0.450087 0.679122
vt 0.449640 0.679122
vt 0.453358 0.674485
vt 0.453015 0.674489
vt 0.377849 0.664609
vt 0.377508 0.661428
vt 0.377851 0.661425
vt 0.452156 0.674353
vt 0.377508 0.667053
vt 0.377845 0.672052
vt 0.377502 0.672055
vt 0.452056 0.674608
vt 0.452996 0.679618
vt 0.452085 0.679610
vt 0.377851 0.667050
vt 0.377408 0.666796
vt 0.377751 0.666793
vt 0.377506 0.664612
vt 0.453015 0.674615
vt 0.453357 0.674611
vt 0.452086 0.679817
vt 0.452875 0.680438
vt 0.453217 0.680434
vt 0.453323 0.687177
vt 0.452981 0.687181
vt 0.452124 0.687173
vt 0.377854 0.641810
vt 0.377476 0.635532
vt 0.377819 0.635529
vt 0.297940 0.696487
vt 0.298386 0.695038
vt 0.298386 0.696505
vt 0.377510 0.623623
vt 0.377853 0.627138
vt 0.377510 0.627141
vt 0.456406 0.636502
vt 0.456406 0.635166
vt 0.448337 0.673359
vt 0.449298 0.669847
vt 0.449298 0.673772
vt 0.377510 0.627267
vt 0.377854 0.634247
vt 0.377511 0.634251
vt 0.448382 0.680468
vt 0.449239 0.673889
vt 0.449218 0.680282
vt 0.377853 0.627264
vt 0.448338 0.673485
vt 0.418371 0.574314
vt 0.418464 0.573869
vt 0.418464 0.574315
vt 0.449293 0.680681
vt 0.448425 0.681750
vt 0.449635 0.680677
vt 0.449630 0.688033
vt 0.449287 0.688038
vt 0.416491 0.677289
vt 0.417347 0.683606
vt 0.416470 0.683564
vt 0.433556 0.574742
vt 0.433159 0.571568
vt 0.433501 0.571558
vt 0.433214 0.571281
vt 0.433556 0.571270
vt 0.373367 0.673174
vt 0.373710 0.679761
vt 0.373368 0.679766
vt 0.377655 0.660485
vt 0.377476 0.660769
vt 0.377476 0.660433
vt 0.373711 0.680153
vt 0.373368 0.680158
vt 0.373638 0.680647
vt 0.373296 0.680652
vt 0.373711 0.687716
vt 0.373368 0.687721
vt 0.449640 0.673768
vt 0.453338 0.679614
vt 0.449560 0.680278
vt 0.453110 0.537153
vt 0.452228 0.544171
vt 0.596522 0.896585
vt 0.662814 0.904163
vt 0.667785 0.901039
vt 0.640939 0.933714
vt 0.540423 0.929421
vt 0.598935 0.925791
vt 0.663421 0.885595
vt 0.666019 0.919775
vt 0.676250 0.889687
vt 0.676217 0.831048
vt 0.598215 0.896585
vt 0.642678 0.933797
vt 0.598559 0.914872
vt 0.596471 0.914843
vt 0.663467 0.885891
vt 0.607231 0.920405
vt 0.667841 0.872493
vt 0.607263 0.902115
vt 0.661155 0.901655
vt 0.563960 0.928833
vt 0.668835 0.908258
vt 0.568930 0.926409
vt 0.667867 0.852393
vt 0.671857 0.907727
vt 0.666019 0.919656
vt 0.678276 0.828028
vt 0.678305 0.885825
vt 0.662814 0.904176
vt 0.678467 0.821237
vt 0.605226 0.933555
vt 0.663093 0.904163
vt 0.136393 0.862438
vt 0.135710 0.861755
vt 0.135710 0.826051
vt 0.140148 0.825367
vt 0.136393 0.825367
vt 0.151611 0.825367
vt 0.167520 0.849852
vt 0.154129 0.920475
vt 0.067092 0.907593
vt 0.201944 0.900559
vt 0.102125 0.655151
vt 0.185964 0.822200
vt 0.167511 0.826051
vt 0.163073 0.825367
vt 0.166828 0.862438
vt 0.155562 0.825367
vt 0.166828 0.825367
vt 0.168321 0.814151
vt 0.154129 0.899509
vt 0.201336 0.785798
vt 0.107515 0.655413
vt 0.185964 0.814297
vt 0.178510 0.900589
vt 0.120424 0.911174
vt 0.167520 0.849683
vt 0.099482 0.910200
vt 0.099490 0.864150
vt 0.140148 0.899509
vt 0.136393 0.899509
vt 0.135710 0.898826
vt 0.135710 0.863122
vt 0.143904 0.899509
vt 0.166828 0.862438
vt 0.147659 0.899509
vt 0.151611 0.899509
vt 0.167511 0.898826
vt 0.166828 0.899509
vt 0.155562 0.899509
vt 0.358590 0.917546
vt 0.369083 0.915204
vt 0.424412 0.844604
vt 0.378834 0.913126
vt 0.392144 0.901252
vt 0.426995 0.843400
vt 0.426672 0.800769
vt 0.328095 0.913108
vt 0.346574 0.909971
vt 0.342269 0.913205
vt 0.378834 0.919919
vt 0.426705 0.879299
vt 0.419777 0.882137
vt 0.409638 0.907199
vt 0.382400 0.919919
vt 0.417399 0.851259
vt 0.311841 0.919696
vt 0.332400 0.913108
vt 0.401833 0.903536
vt 0.378553 0.913462
vt 0.426740 0.832070
vt 0.294955 0.919926
vt 0.426995 0.841181
vt 0.314680 0.917451
vt 0.341010 0.913108
vt 0.378834 0.909358
vt 0.321535 0.906535
vt 0.396702 0.915555
vt 0.319769 0.917430
vt 0.369083 0.912568
vt 0.310159 0.901840
vt 0.346633 0.906306
vt 0.415531 0.874912
vt 0.426137 0.889465
vt 0.373371 0.915204
vt 0.311841 0.917451
vt 0.424483 0.783936
vt 0.421839 0.810859
vt 0.391646 0.915280
vt 0.366939 0.915204
vt 0.394297 0.905020
vt 0.404539 0.900539
vt 0.424487 0.792398
vt 0.360245 0.917546
vt 0.392085 0.917436
vt 0.423983 0.807966
vt 0.413482 0.839284
vt 0.426063 0.836810
vt 0.382638 0.917768
vt 0.424045 0.882118
vt 0.292430 0.912691
vt 0.395050 0.901252
vt 0.424541 0.795209
vt 0.383867 0.913126
vt 0.313496 0.917451
vt 0.311841 0.912649
vt 0.386019 0.905590
vt 0.317562 0.903210
vt 0.372131 0.919702
vt 0.426995 0.838961
vt 0.397258 0.913096
vt 0.417899 0.833489
vt 0.391411 0.919595
vt 0.380987 0.919919
vt 0.323688 0.910199
vt 0.368613 0.919614
vt 0.415246 0.866330
vt 0.302868 0.917839
vt 0.321535 0.910199
vt 0.415531 0.882447
vt 0.397258 0.905768
vt 0.301456 0.910166
vt 0.395050 0.919872
vt 0.292430 0.919738
vt 0.426705 0.877054
vt 0.426964 0.903193
vt 0.303608 0.910166
vt 0.414848 0.829825
vt 0.395050 0.905768
vt 0.292430 0.917493
vt 0.415500 0.822576
vt 0.426196 0.787398
vt 0.299303 0.913184
vt 0.404798 0.900539
vt 0.299299 0.915556
vt 0.426035 0.895352
vt 0.397258 0.917767
vt 0.328048 0.913052
vt 0.424377 0.903209
vt 0.572821 0.831370
vt 0.579743 0.832115
vt 0.573566 0.792041
vt 0.606761 0.792041
vt 0.607507 0.831370
vt 0.606761 0.832115
vt 0.573566 0.832115
vt 0.660509 0.815010
vt 0.662652 0.815033
vt 0.661683 0.856893
vt 0.605235 0.902099
vt 0.592743 0.896227
vt 0.881814 0.814051
vt 0.882449 0.814685
vt 0.867676 0.848396
vt 0.882449 0.847761
vt 0.876961 0.848396
vt 0.881814 0.848396
vt 0.853538 0.814051
vt 0.852904 0.814685
vt 0.668770 0.879338
vt 0.669036 0.836672
vt 0.664758 0.878890
vt 0.159933 0.562448
vt 0.168726 0.556431
vt 0.108448 0.671357
vt 0.095644 0.670241
vt 0.157494 0.667858
vt 0.066166 0.667524
vt 0.171214 0.622041
vt 0.163216 0.562608
vt 0.094929 0.662952
vt 0.095644 0.675243
vt 0.157494 0.671948
vt 0.143658 0.650833
vt 0.140626 0.656166
vt 0.142971 0.663982
vt 0.176739 0.649202
vt 0.163005 0.669112
vt 0.163005 0.663374
vt 0.102124 0.663952
vt 0.140626 0.653093
vt 0.157426 0.573252
vt 0.334036 0.202153
vt 0.334890 0.074203
vt 0.454067 0.032898
vt 0.169544 0.666603
vt 0.143415 0.656302
vt 0.173687 0.593896
vt 0.134924 0.669303
vt 0.168512 0.673817
vt 0.143415 0.653228
vt 0.165853 0.663373
vt 0.455493 0.190354
vt 0.460279 0.099466
vt 0.456860 0.042995
vt 0.078053 0.668743
vt 0.070041 0.648099
vt 0.095644 0.662952
vt 0.108448 0.666355
vt 0.065233 0.670481
vt 0.107486 0.671640
vt 0.104760 0.669440
vt 0.101882 0.655415
vt 0.066757 0.647940
vt 0.173502 0.599134
vt 0.065233 0.675483
vt 0.107486 0.667549
vt 0.169544 0.659997
vt 0.137838 0.656302
vt 0.173687 0.595944
vt 0.163005 0.667199
vt 0.137838 0.653228
vt 0.163005 0.663373
vt 0.334141 0.203354
vt 0.460279 0.095600
vt 0.421748 0.212459
vt 0.110948 0.670191
vt 0.135049 0.656166
vt 0.169544 0.664867
vt 0.073315 0.667130
vt 0.107412 0.671640
vt 0.135049 0.653093
vt 0.169544 0.662819
vt 0.333947 0.026450
vt 0.460157 0.046998
vt 0.454603 0.216187
vt 0.173502 0.597682
vt 0.617800 0.936627
vt 0.683836 0.826981
vt 0.608910 0.831992
vt 0.549859 0.932536
vt 0.662597 0.935085
vt 0.632824 0.934126
vt 0.560792 0.938421
vt 0.612558 0.831992
vt 0.682039 0.821023
vt 0.682695 0.895070
vt 0.680562 0.889190
vt 0.554378 0.932520
vt 0.683332 0.862059
vt 0.616207 0.831992
vt 0.683150 0.812408
vt 0.682778 0.809625
vt 0.677402 0.846294
vt 0.558454 0.934144
vt 0.619836 0.936685
vt 0.683877 0.833523
vt 0.613775 0.831992
vt 0.661128 0.933716
vt 0.629985 0.934967
vt 0.680067 0.833767
vt 0.545317 0.932483
vt 0.621805 0.936685
vt 0.678343 0.937852
vt 0.611342 0.831992
vt 0.666736 0.934391
vt 0.683835 0.809619
vt 0.678296 0.846294
vt 0.582307 0.932522
vt 0.675644 0.936619
vt 0.671904 0.937823
vt 0.610126 0.831992
vt 0.654693 0.937048
vt 0.682695 0.897671
vt 0.681114 0.895067
vt 0.580045 0.932481
vt 0.684430 0.800588
vt 0.674198 0.937794
vt 0.614991 0.831992
vt 0.659289 0.829004
vt 0.549856 0.937740
vt 0.681357 0.849625
vt 0.644995 0.938406
vt 0.683760 0.849612
vt 0.621369 0.830702
vt 0.665629 0.930546
vt 0.652811 0.937389
vt 0.678378 0.884529
vt 0.663931 0.931527
vt 0.596669 0.935822
vt 0.563673 0.936771
vt 0.556356 0.937646
vt 0.621369 0.831854
vt 0.570965 0.929464
vt 0.683932 0.804940
vt 0.677730 0.841170
vt 0.569268 0.930444
vt 0.594917 0.932570
vt 0.623756 0.936724
vt 0.638264 0.934795
vt 0.617295 0.830702
vt 0.678811 0.908258
vt 0.682813 0.891920
vt 0.677480 0.884529
vt 0.677114 0.909239
vt 0.582306 0.934173
vt 0.640849 0.937578
vt 0.625443 0.831854
vt 0.654819 0.930597
vt 0.683855 0.925782
vt 0.678854 0.863348
vt 0.653121 0.931578
vt 0.642798 0.938417
vt 0.617849 0.935921
vt 0.624425 0.831854
vt 0.678871 0.920195
vt 0.683795 0.845108
vt 0.641165 0.930038
vt 0.677174 0.921176
vt 0.566616 0.932794
vt 0.570551 0.936750
vt 0.619332 0.830702
vt 0.570965 0.926806
vt 0.683935 0.800588
vt 0.679524 0.842444
vt 0.569268 0.927787
vt 0.671912 0.932872
vt 0.625497 0.936777
vt 0.584317 0.936491
vt 0.622388 0.830702
vt 0.679334 0.881872
vt 0.592641 0.937424
vt 0.679173 0.833889
vt 0.677637 0.882852
vt 0.539820 0.935843
vt 0.660760 0.830184
vt 0.591325 0.931249
vt 0.684092 0.818432
vt 0.684027 0.919791
vt 0.636071 0.830588
vt 0.625774 0.933276
vt 0.673696 0.932843
vt 0.674285 0.880600
vt 0.684154 0.834116
vt 0.683081 0.910019
vt 0.637865 0.831864
vt 0.564471 0.925457
vt 0.642379 0.935990
vt 0.654176 0.935480
vt 0.678345 0.809751
vt 0.684090 0.794439
vt 0.683081 0.912635
vt 0.638762 0.831864
vt 0.655293 0.927900
vt 0.638906 0.937578
vt 0.566609 0.936095
vt 0.674285 0.881607
vt 0.684095 0.812424
vt 0.683110 0.855050
vt 0.633379 0.830588
vt 0.682439 0.838513
vt 0.602856 0.935615
vt 0.679830 0.825046
vt 0.684156 0.821337
vt 0.684031 0.909974
vt 0.639660 0.831864
vt 0.649839 0.934077
vt 0.683581 0.872171
vt 0.594909 0.937521
vt 0.679669 0.889307
vt 0.683215 0.935516
vt 0.683110 0.852435
vt 0.635173 0.830588
vt 0.655293 0.929550
vt 0.655805 0.937539
vt 0.568422 0.935096
vt 0.672921 0.881607
vt 0.684142 0.874017
vt 0.684027 0.922406
vt 0.639660 0.830588
vt 0.552138 0.932477
vt 0.597171 0.937472
vt 0.629451 0.831673
vt 0.682416 0.904599
vt 0.556749 0.935952
vt 0.645841 0.919707
vt 0.678488 0.937940
vt 0.582299 0.937473
vt 0.627447 0.831673
vt 0.683276 0.926462
vt 0.683578 0.884185
vt 0.681957 0.821182
vt 0.598049 0.920971
vt 0.681764 0.805104
vt 0.630453 0.830780
vt 0.683257 0.828028
vt 0.683696 0.903194
vt 0.681545 0.858571
vt 0.681016 0.898913
vt 0.658335 0.937563
vt 0.542662 0.937681
vt 0.627447 0.830780
vt 0.683210 0.821321
vt 0.682608 0.864962
vt 0.681703 0.796854
vt 0.614516 0.937737
vt 0.664988 0.937079
vt 0.629451 0.830780
vt 0.683196 0.874001
vt 0.682439 0.838516
vt 0.682177 0.932516
vt 0.681365 0.921043
vt 0.676217 0.838442
vt 0.605204 0.937342
vt 0.625443 0.830780
vt 0.683209 0.834100
vt 0.600446 0.935083
vt 0.681461 0.922056
vt 0.678439 0.895370
vt 0.676250 0.897019
vt 0.631455 0.830780
vt 0.683246 0.869565
vt 0.683332 0.864656
vt 0.681360 0.844866
vt 0.680082 0.884128
vt 0.684521 0.915228
vt 0.618313 0.830702
vt 0.679583 0.838513
vt 0.682959 0.858652
vt 0.679594 0.846131
vt 0.677886 0.839494
vt 0.540330 0.932543
vt 0.681628 0.858434
vt 0.674054 0.900683
vt 0.684169 0.878043
vt 0.683110 0.849819
vt 0.634276 0.830588
vt 0.655735 0.919815
vt 0.545057 0.792804
vt 0.668835 0.905351
vt 0.679594 0.845066
vt 0.070041 0.647940
vt 0.101160 0.658766
vt 0.066166 0.667980
vt 0.184594 0.555201
vt 0.168586 0.667813
vt 0.171083 0.652637
vt 0.073324 0.648099
vt 0.140400 0.661934
vt 0.184594 0.560204
vt 0.168586 0.671904
vt 0.143415 0.650833
vt 0.137838 0.656166
vt 0.165667 0.665422
vt 0.104443 0.673398
vt 0.134988 0.671336
vt 0.102124 0.662039
vt 0.137838 0.653093
vt 0.101668 0.657939
vt 0.455993 0.190368
vt 0.334941 0.054572
vt 0.421810 0.091234
vt 0.165667 0.667158
vt 0.140626 0.656302
vt 0.172744 0.621215
vt 0.157420 0.673861
vt 0.163005 0.672937
vt 0.143027 0.672406
vt 0.140626 0.653228
vt 0.142971 0.664755
vt 0.443557 0.218671
vt 0.460253 0.190670
vt 0.165853 0.668893
vt 0.359970 0.919696
vt 0.426665 0.914607
vt 0.332400 0.910199
vt 0.361383 0.919696
vt 0.392085 0.919681
vt 0.412861 0.910283
vt 0.386282 0.904285
vt 0.402386 0.908074
vt 0.426968 0.893838
vt 0.426705 0.874080
vt 0.336705 0.910199
vt 0.356497 0.919702
vt 0.364795 0.919558
vt 0.330248 0.913108
vt 0.415747 0.829825
vt 0.303107 0.917757
vt 0.358151 0.915385
vt 0.421839 0.807966
vt 0.415583 0.789305
vt 0.350409 0.903094
vt 0.426968 0.900497
vt 0.370472 0.919651
vt 0.348257 0.910526
vt 0.363554 0.915380
vt 0.423983 0.805330
vt 0.417736 0.781770
vt 0.319769 0.919675
vt 0.426968 0.898277
vt 0.305760 0.910166
vt 0.313994 0.905217
vt 0.421340 0.917305
vt 0.426968 0.896058
vt 0.356338 0.907880
vt 0.366736 0.919613
vt 0.426964 0.905413
vt 0.299303 0.910166
vt 0.426023 0.903899
vt 0.383135 0.915498
vt 0.310159 0.909375
vt 0.317938 0.906977
vt 0.426705 0.871835
vt 0.336705 0.913108
vt 0.334485 0.919918
vt 0.297151 0.910166
vt 0.417652 0.807506
vt 0.416757 0.867377
vt 0.375926 0.915362
vt 0.308006 0.913143
vt 0.666645 0.826239
vt 0.664958 0.908864
vt 0.664737 0.822081
vt 0.663775 0.856335
vt 0.573640 0.832115
vt 0.606904 0.832115
vt 0.607651 0.832860
vt 0.159294 0.079319
vt 0.166964 0.068817
vt 0.189040 0.140385
vt 0.115413 0.130942
vt 0.107719 0.130942
vt 0.115413 0.161988
vt 0.107719 0.162045
vt 0.189040 0.113471
vt 0.033534 0.156446
vt 0.159294 0.068777
vt 0.167469 0.192706
vt 0.190719 0.202466
vt 0.877942 0.934586
vt 0.836477 0.939241
vt 0.919413 0.846115
vt 0.827980 0.939182
vt 0.916260 0.936148
vt 0.805596 0.936819
vt 0.907316 0.893915
vt 0.915612 0.894076
vt 0.841952 0.939198
vt 0.918543 0.851525
vt 0.915844 0.893125
vt 0.915985 0.899584
vt 0.836477 0.936845
vt 0.898192 0.921668
vt 0.919477 0.878741
vt 0.918443 0.835531
vt 0.819347 0.924165
vt 0.841734 0.937001
vt 0.908428 0.858979
vt 0.905730 0.941193
vt 0.916420 0.930860
vt 0.877887 0.936765
vt 0.914124 0.843712
vt 0.897894 0.932139
vt 0.828340 0.934126
vt 0.893407 0.941843
vt 0.916403 0.862405
vt 0.914287 0.936148
vt 0.913887 0.889297
vt 0.791093 0.941291
vt 0.919270 0.941519
vt 0.891035 0.929983
vt 0.803607 0.936819
vt 0.824425 0.930700
vt 0.820345 0.941216
vt 0.805111 0.941272
vt 0.910210 0.830971
vt 0.914154 0.903714
vt 0.915844 0.883041
vt 0.914130 0.853789
vt 0.895772 0.921669
vt 0.919217 0.849540
vt 0.916187 0.903714
vt 0.889078 0.922335
vt 0.830467 0.936956
vt 0.820345 0.930700
vt 0.862606 0.938805
vt 0.917662 0.879020
vt 0.910581 0.865511
vt 0.914727 0.826850
vt 0.847693 0.920631
vt 0.867650 0.940911
vt 0.919647 0.916642
vt 0.801571 0.936819
vt 0.917971 0.870236
vt 0.916467 0.870536
vt 0.918406 0.896100
vt 0.908416 0.927876
vt 0.891142 0.929983
vt 0.836446 0.930700
vt 0.880522 0.941244
vt 0.832452 0.939244
vt 0.891035 0.936835
vt 0.912330 0.940770
vt 0.869651 0.926042
vt 0.914423 0.935398
vt 0.882382 0.942241
vt 0.900612 0.921668
vt 0.822294 0.939246
vt 0.893100 0.936835
vt 0.873917 0.936765
vt 0.834528 0.941183
vt 0.818079 0.939460
vt 0.912794 0.928236
vt 0.807696 0.936781
vt 0.916177 0.845882
vt 0.914287 0.942473
vt 0.914124 0.837822
vt 0.914826 0.821572
vt 0.847285 0.931005
vt 0.814514 0.941453
vt 0.917925 0.936142
vt 0.869651 0.929468
vt 0.816792 0.939445
vt 0.905730 0.930778
vt 0.841232 0.941287
vt 0.823351 0.941280
vt 0.797505 0.939184
vt 0.894486 0.941854
vt 0.904119 0.943778
vt 0.912330 0.917599
vt 0.917766 0.829479
vt 0.843887 0.939326
vt 0.846833 0.941497
vt 0.811115 0.934677
vt 0.824307 0.939246
vt 0.880880 0.935545
vt 0.900704 0.931321
vt 0.866098 0.938862
vt 0.916474 0.873401
vt 0.914862 0.821962
vt 0.908315 0.936323
vt 0.833997 0.941132
vt 0.900149 0.938214
vt 0.860432 0.938969
vt 0.918796 0.933012
vt 0.919927 0.829715
vt 0.794680 0.942345
vt 0.912794 0.920244
vt 0.900149 0.937597
vt 0.826456 0.941062
vt 0.895364 0.934845
vt 0.912641 0.868144
vt 0.919668 0.858883
vt 0.908034 0.939199
vt 0.828491 0.943322
vt 0.841015 0.941350
vt 0.914287 0.938798
vt 0.911558 0.858883
vt 0.817865 0.943370
vt 0.920465 0.845701
vt 0.886361 0.932806
vt 0.912626 0.917374
vt 0.910240 0.907889
vt 0.916148 0.940658
vt 0.811253 0.939518
vt 0.814514 0.934539
vt 0.847681 0.924057
vt 0.876269 0.922868
vt 0.916335 0.935196
vt 0.917673 0.842328
vt 0.912538 0.873401
vt 0.856280 0.940994
vt 0.837315 0.943310
vt 0.912710 0.819312
vt 0.900149 0.935565
vt 0.830503 0.943326
vt 0.892427 0.943317
vt 0.913887 0.889297
vt 0.912343 0.858979
vt 0.878622 0.936765
vt 0.911930 0.889297
vt 0.803607 0.943312
vt 0.824422 0.941280
vt 0.912336 0.933493
vt 0.799048 0.943323
vt 0.919819 0.881225
vt 0.912197 0.901038
vt 0.852854 0.935383
vt 0.912167 0.844673
vt 0.798837 0.941286
vt 0.809709 0.943490
vt 0.912330 0.934728
vt 0.919896 0.905846
vt 0.910373 0.924451
vt 0.843748 0.943312
vt 0.807696 0.941260
vt 0.916020 0.830194
vt 0.826383 0.930700
vt 0.919896 0.908024
vt 0.827763 0.943347
vt 0.873598 0.934457
vt 0.912710 0.824590
vt 0.910581 0.868937
vt 0.910288 0.817476
vt 0.918511 0.912989
vt 0.920297 0.818300
vt 0.897894 0.938216
vt 0.832365 0.934126
vt 0.867650 0.938805
vt 0.837532 0.941158
vt 0.818532 0.934539
vt 0.871587 0.936319
vt 0.880974 0.922868
vt 0.919056 0.943398
vt 0.834528 0.943251
vt 0.844490 0.923538
vt 0.915472 0.858106
vt 0.908416 0.921025
vt 0.913287 0.894089
vt 0.841743 0.943285
vt 0.805596 0.943308
vt 0.795493 0.934094
vt 0.913887 0.879020
vt 0.819021 0.930805
vt 0.920596 0.835722
vt 0.853046 0.938974
vt 0.834433 0.934126
vt 0.918406 0.896153
vt 0.917451 0.910122
vt 0.912815 0.816684
vt 0.909973 0.879020
vt 0.912167 0.837822
vt 0.791093 0.941357
vt 0.838816 0.943340
vt 0.902724 0.937410
vt 0.839785 0.930486
vt 0.919964 0.938171
vt 0.920001 0.896158
vt 0.884388 0.847602
vt 0.907015 0.943322
vt 0.913887 0.879020
vt 0.869651 0.936319
vt 0.912245 0.817476
vt 0.905347 0.891910
vt 0.886318 0.938860
vt 0.858921 0.936341
vt 0.875238 0.943158
vt 0.890974 0.943118
vt 0.915844 0.886960
vt 0.918140 0.817476
vt 0.820345 0.943317
vt 0.870942 0.943105
vt 0.918443 0.835623
vt 0.912794 0.925565
vt 0.900581 0.940279
vt 0.918619 0.925565
vt 0.912641 0.873401
vt 0.917673 0.840139
vt 0.797387 0.941237
vt 0.852948 0.942108
vt 0.913887 0.886960
vt 0.846613 0.943485
vt 0.872932 0.943232
vt 0.918440 0.839049
vt 0.906512 0.844521
vt 0.918231 0.893233
vt 0.839700 0.941130
vt 0.910581 0.865511
vt 0.917734 0.905846
vt 0.918796 0.930860
vt 0.813936 0.940906
vt 0.847407 0.941495
vt 0.912538 0.876074
vt 0.805596 0.941288
vt 0.884182 0.942208
vt 0.918919 0.920244
vt 0.912794 0.917599
vt 0.819242 0.927591
vt 0.877942 0.938662
vt 0.809556 0.943181
vt 0.908332 0.934728
vt 0.917662 0.879020
vt 0.918707 0.862405
vt 0.818079 0.941387
vt 0.807654 0.941260
vt 0.912336 0.936135
vt 0.901989 0.941562
vt 0.825716 0.943320
vt 0.918919 0.920244
vt 0.880880 0.938173
vt 0.908416 0.917599
vt 0.803465 0.941232
vt 0.917679 0.840029
vt 0.911930 0.885871
vt 0.849650 0.935227
vt 0.919069 0.819312
vt 0.887853 0.938867
vt 0.885676 0.942907
vt 0.902781 0.939496
vt 0.912538 0.868144
vt 0.917765 0.939574
vt 0.814514 0.943463
vt 0.880308 0.943332
vt 0.918044 0.928990
vt 0.916020 0.833614
vt 0.912167 0.827545
vt 0.834346 0.941260
vt 0.870942 0.942971
vt 0.912794 0.922920
vt 0.917715 0.849540
vt 0.918074 0.872362
vt 0.895364 0.933630
vt 0.854353 0.941003
vt 0.915844 0.884316
vt 0.918195 0.823190
vt 0.909617 0.941591
vt 0.821847 0.943322
vt 0.918643 0.830971
vt 0.855011 0.938969
vt 0.907743 0.936323
vt 0.897442 0.940300
vt 0.886306 0.932806
vt 0.915844 0.892249
vt 0.918511 0.914198
vt 0.918674 0.899584
vt 0.888946 0.938760
vt 0.914232 0.940770
vt 0.824425 0.934126
vt 0.918406 0.890664
vt 0.920131 0.873401
vt 0.910373 0.943468
vt 0.917802 0.904463
vt 0.856960 0.938969
vt 0.847693 0.935227
vt 0.869635 0.938420
vt 0.920359 0.943911
vt 0.911558 0.858883
vt 0.912815 0.824590
vt 0.905398 0.889159
vt 0.813294 0.929371
vt 0.918343 0.833035
vt 0.892686 0.939274
vt 0.895427 0.937503
vt 0.917615 0.887076
vt 0.921011 0.903042
vt 0.921016 0.900137
vt 0.884423 0.849724
vt 0.811247 0.931911
vt 0.869549 0.940911
vt 0.873761 0.941352
vt 0.843755 0.936678
vt 0.886306 0.938876
vt 0.918543 0.854951
vt 0.914450 0.865104
vt 0.908332 0.937373
vt 0.844483 0.926964
vt 0.907688 0.933059
vt 0.914576 0.865606
vt 0.849944 0.940074
vt 0.916519 0.925001
vt 0.917835 0.861110
vt 0.904690 0.940883
vt 0.916598 0.916989
vt 0.886393 0.927766
vt 0.888374 0.934826
vt 0.914154 0.907889
vt 0.895933 0.940929
vt 0.902717 0.931224
vt 0.915844 0.885104
vt 0.915844 0.887076
vt 0.916474 0.877998
vt 0.919412 0.864320
vt 0.916939 0.835715
vt 0.898346 0.891595
vt 0.832452 0.939176
vt 0.912330 0.934728
vt 0.824425 0.941199
vt 0.917961 0.818804
vt 0.904996 0.934824
vt 0.891136 0.939084
vt 0.910210 0.844673
vt 0.814617 0.934539
vt 0.903038 0.941798
vt 0.916435 0.917599
vt 0.914177 0.914689
vt 0.829996 0.939219
vt 0.898192 0.940295
vt 0.893100 0.922335
vt 0.886363 0.849590
vt 0.914209 0.907889
vt 0.830503 0.941213
vt 0.799048 0.941286
vt 0.793133 0.936803
vt 0.889078 0.926461
vt 0.847693 0.924757
vt 0.910373 0.941503
vt 0.917975 0.877585
vt 0.851961 0.943953
vt 0.843748 0.941284
vt 0.871641 0.941394
vt 0.916135 0.914198
vt 0.809198 0.941260
vt 0.910456 0.937419
vt 0.910580 0.878966
vt 0.847693 0.941974
vt 0.917678 0.845681
vt 0.916530 0.870773
vt 0.910239 0.907889
vt 0.897442 0.942206
vt 0.850871 0.942108
vt 0.813239 0.932991
vt 0.900806 0.937410
vt 0.910155 0.855380
vt 0.841743 0.941160
vt 0.902206 0.939496
vt 0.907782 0.939172
vt 0.841743 0.933912
vt 0.916148 0.942551
vt 0.822302 0.934126
vt 0.912197 0.904463
vt 0.916148 0.938585
vt 0.902609 0.897593
vt 0.912167 0.841248
vt 0.816517 0.937189
vt 0.916020 0.830971
vt 0.871720 0.937188
vt 0.904554 0.844521
vt 0.823351 0.941212
vt 0.814617 0.927591
vt 0.895937 0.938216
vt 0.882893 0.937005
vt 0.800553 0.939231
vt 0.811210 0.941519
vt 0.845328 0.937245
vt 0.847693 0.940005
vt 0.914396 0.861244
vt 0.916596 0.816408
vt 0.185271 0.580283
vt 0.072370 0.664506
vt 0.167703 0.556425
vt 0.130136 0.656237
vt 0.157696 0.573535
vt 0.188533 0.532671
vt 0.175018 0.591934
vt 0.186982 0.538656
vt 0.174124 0.667437
vt 0.171024 0.548211
vt 0.171306 0.628915
vt 0.166320 0.571810
vt 0.167703 0.563817
vt 0.157696 0.562288
vt 0.186469 0.648595
vt 0.166275 0.571763
vt 0.162940 0.680273
vt 0.173797 0.532671
vt 0.172626 0.563733
vt 0.164021 0.571737
vt 0.311841 0.891113
vt 0.387482 0.896662
vt 0.408873 0.812073
vt 0.311841 0.888935
vt 0.314948 0.901198
vt 0.310998 0.888696
vt 0.404297 0.819479
vt 0.409162 0.804850
vt 0.389294 0.913401
vt 0.408034 0.804486
vt 0.388435 0.903518
vt 0.311823 0.900998
vt 0.356359 0.819866
vt 0.380929 0.819735
vt 0.352754 0.914359
vt 0.357574 0.819299
vt 0.386615 0.898020
vt 0.413928 0.881834
vt 0.378834 0.898903
vt 0.354139 0.892480
vt 0.414098 0.822282
vt 0.354139 0.903460
vt 0.414848 0.829055
vt 0.412216 0.912667
vt 0.377617 0.906121
vt 0.402895 0.819825
vt 0.354139 0.881501
vt 0.414366 0.892378
vt 0.353263 0.881501
vt 0.402886 0.819479
vt 0.414809 0.815130
vt 0.334013 0.915795
vt 0.413774 0.814577
vt 0.377645 0.892279
vt 0.414734 0.854278
vt 0.376400 0.899497
vt 0.412717 0.825485
vt 0.414483 0.803746
vt 0.412717 0.814506
vt 0.413733 0.796973
vt 0.414958 0.909180
vt 0.377617 0.892279
vt 0.403365 0.819825
vt 0.412717 0.836465
vt 0.414295 0.843733
vt 0.413594 0.836465
vt 0.402416 0.819479
vt 0.413773 0.810897
vt 0.375930 0.915484
vt 0.414807 0.811451
vt 0.377589 0.906121
vt 0.204125 0.187111
vt 0.206511 0.180152
vt 0.168169 0.183055
vt 0.170469 0.078811
vt 0.170176 0.078477
vt 0.725344 0.655022
vt 0.563662 0.664179
vt 0.698246 0.667055
vt 0.724681 0.532665
vt 0.630735 0.664152
vt 0.725238 0.537931
vt 0.723287 0.536577
vt 0.722316 0.534474
vt 0.727602 0.536122
vt 0.608311 0.596378
vt 0.722577 0.653959
vt 0.722929 0.650262
vt 0.724886 0.648898
vt 0.726697 0.649067
vt 0.165025 0.183055
vt 0.161882 0.177374
vt 0.177395 0.077953
vt 0.180907 0.078094
vt 0.180613 0.077796
vt 0.204095 0.190782
vt 0.204037 0.039647
vt 0.171312 0.183055
vt 0.173974 0.082231
vt 0.170469 0.081680
vt 0.170763 0.082014
vt 0.725344 0.661145
vt 0.626313 0.664161
vt 0.700838 0.669736
vt 0.724681 0.526515
vt 0.697126 0.551479
vt 0.725238 0.531781
vt 0.723287 0.530427
vt 0.722316 0.528324
vt 0.727602 0.529972
vt 0.702124 0.669392
vt 0.722577 0.660082
vt 0.722929 0.656385
vt 0.724886 0.655022
vt 0.726697 0.655190
vt 0.168169 0.183055
vt 0.165025 0.177374
vt 0.174455 0.187041
vt 0.177967 0.187183
vt 0.177673 0.186885
vt 0.419119 0.669871
vt 0.433638 0.688087
vt 0.446861 0.696339
vt 0.366821 0.654624
vt 0.455959 0.636502
vt 0.419144 0.675366
vt 0.377743 0.660097
vt 0.451514 0.600259
vt 0.419234 0.688047
vt 0.377853 0.660004
vt 0.370026 0.696218
vt 0.330884 0.682779
vt 0.420149 0.673793
vt 0.420273 0.680302
vt 0.418371 0.573868
vt 0.327619 0.682782
vt 0.328065 0.685967
vt 0.451808 0.529190
vt 0.453186 0.536271
vt 0.447809 0.663947
vt 0.324130 0.697879
vt 0.377751 0.683543
vt 0.443094 0.679332
vt 0.377496 0.679618
vt 0.370026 0.696218
vt 0.453358 0.668986
vt 0.450087 0.677786
vt 0.377511 0.641814
vt 0.297940 0.695021
vt 0.377853 0.623620
vt 0.448315 0.669841
vt 0.417347 0.676258
vt 0.433214 0.574753
vt 0.373709 0.673169
vt 0.377655 0.660821
vt 0.449640 0.669842
vt 0.449581 0.673884
vt 0.453185 0.544217
s 0
usemtl Texture
f 11/1/1 4/2/1 8/3/1
f 12/4/2 8/5/2 6/6/2
f 10/7/3 6/8/3 2/9/3
f 3/10/2 21/11/2 1/12/2
f 2/13/4 5/14/4 4/15/4
f 8/3/5 5/16/5 3/17/5
f 12/18/6 15/19/6 11/20/6
f 8/3/7 1/21/7 6/22/7
f 2/23/8 1/24/8 7/25/8
f 24/26/9 21/27/9 23/28/9
f 14/29/3 20/30/3 16/31/3
f 9/32/10 14/33/10 10/34/10
f 10/34/11 16/35/11 12/18/11
f 9/32/12 15/19/12 13/36/12
f 19/37/13 18/38/13 17/39/13
f 15/40/1 17/41/1 13/42/1
f 16/43/2 19/44/2 15/45/2
f 13/46/14 18/47/14 14/48/14
f 9/49/14 2/13/14 4/15/14
f 1/50/3 22/51/3 7/10/3
f 7/52/14 24/53/14 5/14/14
f 5/16/1 23/54/1 3/17/1
f 28/55/1 35/56/1 32/57/1
f 32/58/14 36/59/14 30/60/14
f 30/61/3 34/62/3 26/63/3
f 45/64/14 27/65/14 25/66/14
f 29/67/7 26/68/7 28/55/7
f 27/69/5 28/55/5 32/57/5
f 39/70/10 36/71/10 35/72/10
f 25/66/4 32/58/4 30/60/4
f 31/73/8 30/74/8 26/75/8
f 45/76/9 48/77/9 47/78/9
f 44/79/3 38/80/3 40/81/3
f 38/82/6 33/83/6 34/84/6
f 40/85/11 34/84/11 36/71/11
f 33/83/12 39/70/12 35/72/12
f 42/86/13 43/87/13 41/88/13
f 41/89/1 39/90/1 37/8/1
f 43/91/14 40/92/14 39/93/14
f 42/94/2 37/95/2 38/96/2
f 26/97/2 33/98/2 28/99/2
f 46/100/3 25/101/3 31/102/3
f 48/103/2 31/104/2 29/105/2
f 47/106/1 29/67/1 27/69/1
f 68/107/9 58/108/9 84/109/9
f 53/110/14 133/111/14 104/112/14
f 69/113/3 131/114/3 110/115/3
f 56/116/15 105/117/15 133/111/15
f 54/118/16 104/119/16 131/114/16
f 80/120/3 107/121/3 106/122/3
f 55/123/1 108/124/1 105/125/1
f 62/126/1 83/127/1 52/128/1
f 57/129/2 65/130/2 63/131/2
f 61/132/16 50/133/16 49/134/16
f 59/135/15 52/136/15 51/137/15
f 71/138/3 49/134/3 67/139/3
f 60/140/14 51/137/14 50/141/14
f 92/142/3 64/143/3 93/144/3
f 63/145/13 92/146/13 89/147/13
f 63/148/3 66/149/3 57/150/3
f 58/151/3 109/152/3 107/121/3
f 68/153/3 110/115/3 109/152/3
f 71/138/3 66/149/3 70/154/3
f 98/155/9 79/156/9 84/109/9
f 126/157/2 76/158/2 113/159/2
f 125/160/3 99/161/3 117/162/3
f 114/163/17 79/164/17 126/165/17
f 125/166/18 76/158/18 77/167/18
f 115/168/3 80/120/3 106/122/3
f 108/124/1 78/169/1 114/163/1
f 83/127/1 88/170/1 75/171/1
f 95/172/14 81/173/14 90/174/14
f 73/175/18 87/176/18 72/177/18
f 75/171/17 85/178/17 74/179/17
f 72/180/3 101/181/3 97/182/3
f 74/183/2 86/184/2 73/175/2
f 94/185/3 92/142/3 93/144/3
f 92/146/13 90/186/13 89/147/13
f 96/187/3 90/188/3 81/189/3
f 116/190/3 82/191/3 115/168/3
f 117/162/3 98/192/3 116/190/3
f 100/193/3 97/182/3 101/181/3
f 101/181/3 119/194/3 100/193/3
f 100/193/3 120/195/3 90/188/3
f 91/196/1 122/197/1 88/170/1
f 90/188/3 123/198/3 89/199/3
f 87/176/18 124/200/18 112/201/18
f 88/170/17 111/202/17 85/178/17
f 87/203/3 118/204/3 101/181/3
f 85/205/2 124/200/2 86/184/2
f 127/206/3 71/138/3 70/154/3
f 129/207/3 70/154/3 63/148/3
f 130/208/1 91/196/1 62/126/1
f 123/198/3 63/148/3 89/199/3
f 103/209/16 60/210/16 61/132/16
f 102/211/15 62/212/15 59/135/15
f 128/213/3 61/132/3 71/138/3
f 132/214/14 59/135/14 60/140/14
f 126/215/13 117/216/13 116/217/13
f 135/218/14 136/219/14 134/220/14
f 137/221/1 140/222/1 136/223/1
f 141/224/2 138/225/2 140/226/2
f 139/227/3 134/228/3 138/229/3
f 140/230/13 134/231/13 136/232/13
f 137/233/9 139/234/9 141/235/9
f 143/236/3 144/237/3 142/238/3
f 149/239/1 146/240/1 148/241/1
f 147/242/2 142/243/2 146/244/2
f 148/245/13 142/246/13 144/247/13
f 145/248/9 147/249/9 149/250/9
f 151/251/3 152/252/3 150/253/3
f 169/254/9 171/255/9 173/256/9
f 157/257/1 154/258/1 156/259/1
f 155/260/2 150/261/2 154/262/2
f 152/263/13 154/264/13 150/265/13
f 153/266/9 155/267/9 157/268/9
f 159/269/3 160/270/3 158/271/3
f 172/272/13 166/273/13 168/274/13
f 165/275/1 162/276/1 164/277/1
f 163/278/2 158/279/2 162/280/2
f 164/281/13 158/282/13 160/283/13
f 161/284/9 163/285/9 165/286/9
f 171/287/2 166/288/2 170/289/2
f 173/290/1 170/291/1 172/292/1
f 167/293/3 168/294/3 166/295/3
f 175/296/3 176/297/3 174/298/3
f 181/299/1 178/300/1 180/301/1
f 179/302/2 174/303/2 178/304/2
f 180/305/13 174/306/13 176/307/13
f 177/308/9 179/309/9 181/310/9
f 183/311/2 184/312/2 182/313/2
f 225/314/9 227/315/9 229/316/9
f 189/317/14 186/318/14 188/319/14
f 187/320/1 182/321/1 186/322/1
f 188/323/13 182/324/13 184/325/13
f 185/326/9 187/327/9 189/328/9
f 195/329/13 193/330/13 197/331/13
f 228/332/13 222/333/13 224/334/13
f 196/335/2 195/336/2 197/337/2
f 192/338/1 197/339/1 193/340/1
f 194/341/9 192/342/9 190/343/9
f 190/344/14 193/345/14 191/346/14
f 199/347/2 200/348/2 198/349/2
f 227/350/1 222/351/1 226/352/1
f 205/353/14 202/354/14 204/355/14
f 203/356/1 198/357/1 202/358/1
f 204/234/13 198/359/13 200/360/13
f 201/361/9 203/362/9 205/363/9
f 207/364/2 208/365/2 206/366/2
f 229/367/14 226/368/14 228/369/14
f 213/370/14 210/371/14 212/372/14
f 211/373/1 206/374/1 210/375/1
f 212/376/13 206/377/13 208/378/13
f 209/379/9 211/380/9 213/381/9
f 215/382/2 216/383/2 214/384/2
f 223/385/2 224/386/2 222/387/2
f 221/388/14 218/389/14 220/390/14
f 219/391/1 214/392/1 218/393/1
f 220/394/13 214/395/13 216/396/13
f 217/397/9 219/398/9 221/399/9
f 231/400/2 232/401/2 230/402/2
f 233/403/3 236/404/3 232/405/3
f 237/406/14 234/407/14 236/408/14
f 235/409/1 230/410/1 234/411/1
f 236/412/13 230/413/13 232/414/13
f 233/415/9 235/416/9 237/417/9
f 239/418/1 240/419/1 238/420/1
f 245/421/3 242/422/3 244/423/3
f 243/424/14 238/425/14 242/426/14
f 240/427/13 242/428/13 238/429/13
f 241/430/9 243/427/9 245/431/9
f 246/432/1 249/433/1 248/434/1
f 269/435/9 263/436/9 267/437/9
f 253/438/3 250/439/3 252/440/3
f 251/441/14 246/442/14 250/443/14
f 248/444/13 250/332/13 246/445/13
f 249/235/9 251/360/9 253/446/9
f 255/447/1 256/448/1 254/449/1
f 268/450/13 262/436/13 264/451/13
f 261/452/3 258/453/3 260/454/3
f 259/455/14 254/456/14 258/457/14
f 260/458/13 254/444/13 256/445/13
f 257/459/9 259/460/9 261/461/9
f 267/462/14 262/463/14 266/464/14
f 269/465/3 266/313/3 268/466/3
f 263/467/1 264/468/1 262/469/1
f 271/470/1 272/471/1 270/472/1
f 277/473/3 274/474/3 276/475/3
f 275/476/14 270/477/14 274/478/14
f 276/479/13 270/480/13 272/481/13
f 273/482/9 275/483/9 277/484/9
f 279/485/14 280/486/14 278/487/14
f 297/488/9 299/489/9 301/266/9
f 285/490/2 282/491/2 284/492/2
f 283/493/3 278/494/3 282/495/3
f 280/284/13 282/496/13 278/497/13
f 281/498/9 283/499/9 285/500/9
f 300/501/13 294/502/13 296/503/13
f 299/504/3 294/505/3 298/506/3
f 287/507/14 288/508/14 286/509/14
f 301/510/2 298/511/2 300/512/2
f 293/513/2 290/514/2 292/515/2
f 290/516/3 287/517/3 286/518/3
f 292/519/13 286/520/13 288/521/13
f 289/268/9 291/522/9 293/523/9
f 295/524/14 296/525/14 294/526/14
f 306/527/13 1186/528/13 1178/529/13
f 314/530/9 325/531/9 317/532/9
f 308/533/3 1187/534/3 1186/535/3
f 304/536/1 315/537/1 307/538/1
f 309/539/18 316/540/18 308/541/18
f 305/542/15 312/543/15 304/544/15
f 306/545/2 317/546/2 309/539/2
f 302/547/14 313/548/14 305/542/14
f 307/538/17 314/549/17 306/550/17
f 303/551/16 310/552/16 302/553/16
f 320/554/3 331/555/3 323/556/3
f 310/557/9 321/558/9 313/559/9
f 314/530/9 323/560/9 322/561/9
f 311/562/9 318/563/9 310/557/9
f 1187/564/9 324/565/9 1188/566/9
f 315/567/9 320/568/9 323/560/9
f 317/532/9 324/565/9 316/569/9
f 313/559/9 320/568/9 312/570/9
f 1189/571/9 332/572/9 333/573/9
f 325/574/15 332/575/15 324/576/15
f 321/577/18 328/578/18 320/579/18
f 322/580/14 333/581/14 325/574/14
f 318/582/2 329/583/2 321/577/2
f 323/556/16 330/584/16 322/585/16
f 319/586/17 326/587/17 318/588/17
f 324/589/1 1189/590/1 1188/591/1
f 335/592/3 347/593/3 339/594/3
f 334/595/3 345/596/3 337/597/3
f 335/592/3 344/598/3 343/599/3
f 348/600/3 341/601/3 340/602/3
f 339/594/3 346/603/3 338/604/3
f 337/597/3 378/605/3 368/606/3
f 349/607/3 334/595/3 341/601/3
f 338/604/3 348/600/3 340/602/3
f 336/608/3 379/609/3 344/598/3
f 344/610/19 351/611/19 343/612/19
f 356/613/14 349/614/14 348/615/14
f 355/616/14 346/617/14 347/618/14
f 345/619/20 388/620/20 378/621/20
f 357/622/14 342/623/14 349/614/14
f 354/624/14 348/615/14 346/617/14
f 379/625/21 352/626/21 344/610/21
f 351/627/14 347/618/14 343/628/14
f 342/629/22 353/630/22 345/619/22
f 339/631/2 359/632/2 335/633/2
f 337/634/23 358/635/23 334/636/23
f 335/637/24 360/638/24 336/639/24
f 341/640/2 364/641/2 340/642/2
f 338/643/2 363/644/2 339/631/2
f 368/645/23 361/646/23 337/634/23
f 334/647/2 365/648/2 341/640/2
f 340/642/2 362/649/2 338/643/2
f 336/639/24 399/650/24 369/651/24
f 367/652/3 383/653/3 377/654/3
f 381/655/3 366/656/3 371/657/3
f 367/652/3 380/658/3 370/659/3
f 375/660/3 384/661/3 374/662/3
f 373/663/3 382/664/3 383/653/3
f 378/605/3 371/657/3 368/606/3
f 366/656/3 385/665/3 375/660/3
f 372/666/3 384/661/3 382/664/3
f 370/659/3 379/609/3 369/667/3
f 387/668/23 380/669/23 377/670/23
f 385/671/2 394/672/2 384/673/2
f 382/674/2 393/675/2 383/676/2
f 388/620/25 381/677/25 378/621/25
f 376/678/2 395/679/2 385/671/2
f 384/673/2 392/680/2 382/674/2
f 390/681/26 379/625/26 380/669/26
f 383/676/2 387/682/2 377/683/2
f 391/684/24 376/685/24 381/677/24
f 397/686/14 373/687/14 367/688/14
f 396/689/19 371/690/19 366/691/19
f 400/692/22 367/693/22 370/694/22
f 404/695/14 375/696/14 374/697/14
f 403/698/14 372/699/14 373/687/14
f 401/700/19 368/645/19 371/690/19
f 405/701/14 366/702/14 375/696/14
f 402/703/14 374/697/14 372/699/14
f 399/650/22 370/694/22 369/651/22
f 413/704/3 412/705/3 408/706/3
f 426/707/14 421/708/14 407/709/14
f 413/710/9 416/711/9 417/712/9
f 441/713/3 406/714/3 413/704/3
f 412/715/13 411/716/13 408/717/13
f 427/718/13 414/719/13 426/720/13
f 435/721/3 422/722/3 446/723/3
f 422/724/9 420/725/9 418/726/9
f 441/713/3 408/706/3 435/721/3
f 446/723/3 426/727/3 451/728/3
f 422/722/3 427/729/3 426/727/3
f 408/730/14 410/731/14 422/732/14
f 414/733/3 423/734/3 421/735/3
f 415/736/3 424/737/3 416/738/3
f 411/739/3 420/740/3 410/741/3
f 406/742/14 415/743/14 413/744/14
f 451/728/3 407/745/3 428/746/3
f 437/747/3 438/748/3 432/749/3
f 448/750/2 454/751/2 431/752/2
f 442/753/9 438/754/9 443/755/9
f 441/713/3 430/756/3 429/757/3
f 436/758/13 437/759/13 432/760/13
f 439/761/13 455/762/13 454/763/13
f 449/764/3 435/721/3 446/723/3
f 447/765/9 449/715/9 444/766/9
f 432/749/3 441/713/3 435/721/3
f 454/767/3 446/723/3 451/728/3
f 455/768/3 449/764/3 454/767/3
f 434/769/2 432/770/2 449/771/2
f 450/772/3 439/773/3 448/774/3
f 440/775/3 452/776/3 453/777/3
f 447/778/3 436/779/3 434/780/3
f 440/781/2 430/782/2 438/783/2
f 431/784/3 451/728/3 428/746/3
f 457/785/3 469/786/3 465/787/3
f 467/788/3 456/789/3 459/790/3
f 457/785/3 466/791/3 458/792/3
f 463/793/3 470/794/3 462/795/3
f 461/796/3 468/797/3 469/786/3
f 500/798/3 459/790/3 490/799/3
f 456/789/3 471/800/3 463/793/3
f 460/801/3 470/794/3 468/797/3
f 458/792/3 501/802/3 491/803/3
f 473/804/23 466/805/23 465/806/23
f 471/807/2 478/808/2 470/809/2
f 468/810/2 477/811/2 469/812/2
f 510/813/25 467/814/25 500/815/25
f 464/816/2 479/817/2 471/807/2
f 470/809/2 476/818/2 468/810/2
f 474/819/26 501/820/26 466/805/26
f 469/812/2 473/821/2 465/822/2
f 475/823/24 464/824/24 467/814/24
f 481/825/14 461/826/14 457/827/14
f 480/828/19 459/829/19 456/830/19
f 482/831/22 457/832/22 458/833/22
f 486/834/14 463/835/14 462/836/14
f 485/837/14 460/838/14 461/826/14
f 483/839/19 490/840/19 459/829/19
f 487/841/14 456/842/14 463/835/14
f 484/843/14 462/836/14 460/838/14
f 521/844/22 458/833/22 491/845/22
f 489/846/3 505/847/3 495/848/3
f 488/849/3 503/850/3 493/851/3
f 489/846/3 502/852/3 499/853/3
f 506/854/3 497/855/3 496/856/3
f 495/848/3 504/857/3 494/858/3
f 493/851/3 500/798/3 490/799/3
f 507/859/3 488/849/3 497/855/3
f 494/858/3 506/854/3 496/856/3
f 492/860/3 501/802/3 502/852/3
f 502/861/19 509/668/19 499/670/19
f 516/862/14 507/863/14 506/864/14
f 515/865/14 504/866/14 505/867/14
f 503/868/20 510/813/20 500/815/20
f 517/869/14 498/870/14 507/863/14
f 514/871/14 506/864/14 504/866/14
f 501/820/21 512/872/21 502/861/21
f 509/873/14 505/867/14 499/874/14
f 498/875/22 513/876/22 503/868/22
f 495/877/2 519/878/2 489/879/2
f 493/880/23 518/881/23 488/882/23
f 489/883/24 522/884/24 492/885/24
f 497/886/2 526/887/2 496/888/2
f 494/889/2 525/890/2 495/877/2
f 490/840/23 523/891/23 493/880/23
f 488/892/2 527/893/2 497/886/2
f 496/888/2 524/894/2 494/889/2
f 492/885/24 521/844/24 491/845/24
f 534/895/3 535/896/3 530/897/3
f 543/898/2 548/899/2 529/900/2
f 538/901/9 535/902/9 539/903/9
f 563/904/3 528/905/3 551/906/3
f 533/907/13 534/903/13 530/754/13
f 536/908/13 549/909/13 548/636/13
f 544/910/3 557/911/3 568/912/3
f 542/719/9 544/766/9 540/720/9
f 530/897/3 563/904/3 557/911/3
f 548/913/3 568/912/3 573/914/3
f 549/915/3 544/910/3 548/913/3
f 532/916/2 530/917/2 544/918/2
f 545/919/3 536/920/3 543/921/3
f 537/922/3 546/923/3 547/775/3
f 542/924/3 533/925/3 532/926/3
f 537/927/2 528/928/2 535/929/2
f 529/930/3 573/914/3 550/931/3
f 560/932/3 559/933/3 554/934/3
f 576/935/14 570/936/14 553/937/14
f 560/938/9 564/939/9 565/940/9
f 563/904/3 552/941/3 560/932/3
f 559/942/13 558/943/13 554/944/13
f 577/832/13 561/945/13 576/946/13
f 557/911/3 571/947/3 568/912/3
f 571/759/9 569/948/9 566/949/9
f 563/904/3 554/934/3 557/911/3
f 568/912/3 576/950/3 573/914/3
f 571/947/3 577/951/3 576/950/3
f 554/952/14 556/953/14 571/954/14
f 561/955/3 572/956/3 570/957/3
f 562/958/3 574/959/3 564/960/3
f 558/961/3 569/962/3 556/963/3
f 552/964/14 562/965/14 560/966/14
f 573/914/3 553/967/3 550/931/3
f 579/968/9 580/969/9 581/970/9
f 585/971/13 583/972/13 584/973/13
f 582/974/27 590/975/27 592/976/27
f 585/977/14 593/978/14 590/979/14
f 591/980/2 582/981/2 592/982/2
f 588/983/2 578/984/2 579/985/2
f 586/986/14 581/987/14 580/988/14
f 587/989/1 580/990/1 578/991/1
f 595/992/14 590/979/14 593/978/14
f 594/993/28 590/975/28 596/994/28
f 597/995/2 592/982/2 594/996/2
f 588/983/2 594/996/2 587/997/2
f 587/998/29 596/999/29 586/1000/29
f 589/1001/14 596/1002/14 595/992/14
f 599/1003/9 600/1004/9 601/1005/9
f 605/1006/13 603/1007/13 604/1008/13
f 602/1009/27 610/1010/27 612/1011/27
f 605/1012/14 613/1013/14 610/1014/14
f 611/1015/2 602/1016/2 612/1017/2
f 608/1018/2 598/1019/2 599/1020/2
f 606/1021/14 601/1022/14 600/1023/14
f 607/1024/1 600/1025/1 598/1026/1
f 615/1027/14 610/1014/14 613/1013/14
f 614/1028/28 610/1010/28 616/1029/28
f 617/1030/2 612/1017/2 614/1031/2
f 608/1018/2 614/1031/2 607/1032/2
f 607/1033/29 616/1034/29 606/1035/29
f 609/1036/14 616/1037/14 615/1027/14
f 619/1038/9 620/1039/9 621/1040/9
f 625/1041/13 623/1042/13 624/1043/13
f 622/1044/27 630/1045/27 632/1046/27
f 625/1047/14 633/1048/14 630/1049/14
f 631/1050/2 622/1051/2 632/1052/2
f 628/1053/2 618/1054/2 619/1055/2
f 626/1056/14 621/1057/14 620/1058/14
f 627/1059/1 620/1060/1 618/1061/1
f 635/1062/14 630/1049/14 633/1048/14
f 634/1063/28 630/1045/28 636/1064/28
f 637/1065/2 632/1052/2 634/1066/2
f 628/1053/2 634/1066/2 627/1067/2
f 627/1068/29 636/1069/29 626/1070/29
f 629/1071/14 636/1072/14 635/1062/14
f 639/1073/9 640/1074/9 641/1075/9
f 645/1076/13 643/1077/13 644/1078/13
f 642/1079/27 650/1080/27 652/1081/27
f 645/1082/14 653/1083/14 650/1084/14
f 651/1085/2 642/1086/2 652/1087/2
f 648/1088/2 638/1089/2 639/1090/2
f 646/1091/14 641/1092/14 640/1093/14
f 647/1094/1 640/1095/1 638/1096/1
f 655/1097/14 650/1084/14 653/1083/14
f 654/1098/28 650/1080/28 656/1099/28
f 657/1100/2 652/1087/2 654/1101/2
f 648/1088/2 654/1101/2 647/1102/2
f 647/1103/29 656/1104/29 646/1105/29
f 649/1106/14 656/1107/14 655/1097/14
f 659/1108/9 660/1109/9 661/1110/9
f 665/1111/13 663/1039/13 664/1112/13
f 662/1113/27 670/1114/27 672/1115/27
f 665/1116/14 673/1117/14 670/1118/14
f 671/1119/2 662/1120/2 672/1121/2
f 668/1122/2 658/1123/2 659/1124/2
f 666/1125/14 661/1126/14 660/1127/14
f 667/1128/1 660/1129/1 658/1130/1
f 675/1131/14 670/1118/14 673/1117/14
f 674/1132/28 670/1114/28 676/1133/28
f 677/1134/2 672/1121/2 674/1135/2
f 668/1122/2 674/1135/2 667/1136/2
f 667/1137/29 676/1138/29 666/1139/29
f 669/1140/14 676/1141/14 675/1131/14
f 679/1142/9 680/1143/9 681/1144/9
f 685/1145/13 683/1146/13 684/1147/13
f 682/1148/27 690/1149/27 692/1150/27
f 685/1151/14 693/1152/14 690/1153/14
f 691/1154/2 682/1155/2 692/1156/2
f 688/1157/2 678/1158/2 679/1159/2
f 686/1160/14 681/1161/14 680/1162/14
f 687/1163/1 680/1164/1 678/1165/1
f 695/1166/14 690/1153/14 693/1152/14
f 694/1167/28 690/1149/28 696/1168/28
f 697/1169/2 692/1156/2 694/1170/2
f 688/1157/2 694/1170/2 687/1171/2
f 687/1172/29 696/1173/29 686/1174/29
f 689/1175/14 696/1176/14 695/1166/14
f 699/1177/9 700/1178/9 701/1179/9
f 705/1180/13 703/1181/13 704/1182/13
f 702/1183/27 710/1184/27 712/1185/27
f 705/1186/14 713/1187/14 710/1188/14
f 711/1189/2 702/1190/2 712/1191/2
f 708/1192/2 698/1193/2 699/1194/2
f 706/1195/14 701/1196/14 700/1197/14
f 707/1198/1 700/1199/1 698/1200/1
f 715/1201/14 710/1188/14 713/1187/14
f 714/1202/28 710/1184/28 716/1203/28
f 717/1204/2 712/1191/2 714/1205/2
f 708/1192/2 714/1205/2 707/1206/2
f 707/1207/29 716/1208/29 706/1209/29
f 709/1210/14 716/1211/14 715/1201/14
f 719/1212/9 720/1213/9 721/1214/9
f 725/1215/13 723/1216/13 724/1217/13
f 722/1218/30 730/1219/30 732/1220/30
f 725/1221/1 733/1222/1 730/1223/1
f 731/1224/3 722/1225/3 732/1226/3
f 728/1227/3 718/1228/3 719/1229/3
f 726/1230/1 721/1231/1 720/1232/1
f 727/1233/2 720/1234/2 718/1235/2
f 735/1236/1 730/1223/1 733/1222/1
f 734/1237/31 730/1223/31 736/1238/31
f 737/1239/3 732/1226/3 734/1240/3
f 728/1227/3 734/1240/3 727/1241/3
f 727/1242/32 736/1243/32 726/1244/32
f 729/1245/1 736/1238/1 735/1236/1
f 739/1005/9 740/1246/9 741/1003/9
f 745/1247/13 743/1248/13 744/1249/13
f 742/1250/30 750/1251/30 752/1252/30
f 745/1253/1 753/1254/1 750/1255/1
f 751/1256/3 742/1257/3 752/1258/3
f 748/1259/3 738/1260/3 739/1261/3
f 746/1262/1 741/1263/1 740/1264/1
f 747/1265/2 740/1266/2 738/1267/2
f 755/1268/1 750/1255/1 753/1254/1
f 754/1269/31 750/1255/31 756/1270/31
f 757/1271/3 752/1258/3 754/1272/3
f 748/1259/3 754/1272/3 747/1273/3
f 747/1274/32 756/1275/32 746/1276/32
f 749/1277/1 756/1270/1 755/1268/1
f 759/1278/9 760/1279/9 761/1280/9
f 765/1281/13 763/1282/13 764/1283/13
f 762/1284/30 770/1285/30 772/1286/30
f 765/1287/1 773/1288/1 770/1289/1
f 771/1290/3 762/1291/3 772/1292/3
f 768/1293/3 758/1294/3 759/1295/3
f 766/1296/1 761/1297/1 760/1298/1
f 767/1299/2 760/1300/2 758/1301/2
f 775/1302/1 770/1289/1 773/1288/1
f 774/1303/31 770/1289/31 776/1304/31
f 777/1305/3 772/1292/3 774/1306/3
f 768/1293/3 774/1306/3 767/1307/3
f 767/1139/32 776/1308/32 766/1309/32
f 769/1310/1 776/1304/1 775/1302/1
f 779/1311/9 780/1214/9 781/1312/9
f 785/1313/13 783/1314/13 784/1315/13
f 782/1316/30 790/1317/30 792/1318/30
f 785/1319/1 793/1320/1 790/1321/1
f 791/1322/3 782/1323/3 792/1324/3
f 788/1325/3 778/1326/3 779/1327/3
f 786/1328/1 781/1329/1 780/1330/1
f 787/1331/2 780/1332/2 778/1333/2
f 795/1334/1 790/1321/1 793/1320/1
f 794/1335/31 790/1321/31 796/1336/31
f 797/1337/3 792/1324/3 794/1338/3
f 788/1325/3 794/1338/3 787/1339/3
f 787/1340/32 796/1341/32 786/1342/32
f 789/1343/1 796/1336/1 795/1334/1
f 799/1344/9 800/1345/9 801/1346/9
f 805/1347/13 803/1348/13 804/1349/13
f 802/1350/30 810/1351/30 812/1352/30
f 805/1353/1 813/1354/1 810/1355/1
f 811/1356/3 802/1357/3 812/1358/3
f 808/1359/3 798/1360/3 799/1361/3
f 806/1362/1 801/1363/1 800/1364/1
f 807/1365/2 800/1366/2 798/1367/2
f 815/1368/1 810/1355/1 813/1354/1
f 814/1369/31 810/1355/31 816/1370/31
f 817/1371/3 812/1358/3 814/1372/3
f 808/1359/3 814/1372/3 807/1373/3
f 807/1374/32 816/1375/32 806/1376/32
f 809/1377/1 816/1370/1 815/1368/1
f 819/1378/9 820/1379/9 821/1380/9
f 825/1381/13 823/1217/13 824/1382/13
f 822/1383/30 830/1384/30 832/1385/30
f 825/1386/1 833/1387/1 830/1388/1
f 831/1389/3 822/1390/3 832/1391/3
f 828/1392/3 818/1393/3 819/1394/3
f 826/1395/1 821/1396/1 820/1397/1
f 827/1398/2 820/1399/2 818/1400/2
f 835/1401/1 830/1388/1 833/1387/1
f 834/1402/31 830/1388/31 836/1403/31
f 837/1404/3 832/1391/3 834/1405/3
f 828/1392/3 834/1405/3 827/1406/3
f 827/1407/32 836/1408/32 826/1409/32
f 829/1410/1 836/1403/1 835/1401/1
f 839/1411/9 840/1412/9 841/1413/9
f 845/1414/13 843/1415/13 844/1416/13
f 842/1417/30 850/1418/30 852/1419/30
f 845/1420/1 853/1421/1 850/1422/1
f 851/1423/3 842/1424/3 852/1425/3
f 848/1426/3 838/1427/3 839/1428/3
f 846/1429/1 841/1430/1 840/1431/1
f 847/1432/2 840/1433/2 838/1434/2
f 855/1435/1 850/1422/1 853/1421/1
f 854/1436/31 850/1422/31 856/1437/31
f 857/1438/3 852/1425/3 854/1439/3
f 848/1426/3 854/1439/3 847/1440/3
f 847/1441/32 856/1442/32 846/1443/32
f 849/1444/1 856/1437/1 855/1435/1
f 859/1445/9 860/1446/9 861/1447/9
f 865/1147/13 863/1448/13 864/1449/13
f 862/1450/33 870/1451/33 872/1452/33
f 865/1453/3 873/1454/3 870/1455/3
f 871/1456/1 862/1457/1 872/1458/1
f 868/1459/1 858/1460/1 859/1461/1
f 866/1462/3 861/1463/3 860/1464/3
f 867/1465/14 860/1466/14 858/1467/14
f 875/1468/3 870/1455/3 873/1454/3
f 874/1469/34 870/1451/34 876/1470/34
f 877/1471/1 872/1458/1 874/1472/1
f 868/1459/1 874/1472/1 867/1473/1
f 867/1474/35 876/1475/35 866/1476/35
f 869/1477/3 876/1478/3 875/1468/3
f 879/1479/9 880/1480/9 881/1481/9
f 885/1482/13 883/1483/13 884/1484/13
f 882/1485/33 890/1486/33 892/1487/33
f 885/1488/3 893/1489/3 890/1490/3
f 891/1491/1 882/1492/1 892/1493/1
f 888/1494/1 878/1495/1 879/1496/1
f 886/1497/3 881/1498/3 880/1499/3
f 887/1500/14 880/1501/14 878/1502/14
f 895/1503/3 890/1490/3 893/1489/3
f 894/1504/34 890/1486/34 896/1505/34
f 897/1506/1 892/1493/1 894/1507/1
f 888/1494/1 894/1507/1 887/1508/1
f 887/1509/35 896/1510/35 886/1511/35
f 889/1512/3 896/1513/3 895/1503/3
f 899/1514/9 900/1515/9 901/1516/9
f 905/1517/13 903/1518/13 904/1519/13
f 902/1520/33 910/1521/33 912/1522/33
f 905/1523/3 913/1524/3 910/1525/3
f 911/1526/1 902/1527/1 912/1528/1
f 908/1529/1 898/1530/1 899/1531/1
f 906/1532/3 901/1533/3 900/1534/3
f 907/1535/14 900/1536/14 898/1537/14
f 915/1538/3 910/1525/3 913/1524/3
f 914/1539/34 910/1521/34 916/1540/34
f 917/1541/1 912/1528/1 914/1542/1
f 908/1529/1 914/1542/1 907/1543/1
f 907/1544/35 916/1545/35 906/1546/35
f 909/1547/3 916/1548/3 915/1538/3
f 919/1314/9 920/1549/9 921/1315/9
f 925/1550/13 923/1551/13 924/1376/13
f 922/1552/33 930/1553/33 932/1554/33
f 925/1555/3 933/1556/3 930/1557/3
f 931/1558/1 922/1559/1 932/1560/1
f 928/1561/1 918/1562/1 919/1563/1
f 926/1564/3 921/1565/3 920/1566/3
f 927/1567/14 920/1568/14 918/1569/14
f 935/1570/3 930/1557/3 933/1556/3
f 934/1571/34 930/1553/34 936/1572/34
f 937/1573/1 932/1560/1 934/1574/1
f 928/1561/1 934/1574/1 927/1575/1
f 927/1576/35 936/1577/35 926/1578/35
f 929/1579/3 936/1580/3 935/1570/3
f 939/1581/9 940/1582/9 941/1583/9
f 945/1584/13 943/1585/13 944/1586/13
f 942/1587/33 950/1588/33 952/1589/33
f 945/1590/3 953/1591/3 950/1592/3
f 951/1593/1 942/1594/1 952/1595/1
f 948/1596/1 938/1597/1 939/1598/1
f 946/1599/3 941/1600/3 940/1601/3
f 947/1602/14 940/1603/14 938/1604/14
f 955/1605/3 950/1592/3 953/1591/3
f 954/1606/34 950/1588/34 956/1607/34
f 957/1608/1 952/1595/1 954/1609/1
f 948/1596/1 954/1609/1 947/1610/1
f 947/1611/35 956/1612/35 946/1613/35
f 949/1614/3 956/1615/3 955/1605/3
f 959/1616/9 960/1617/9 961/1618/9
f 965/1619/13 963/1620/13 964/1342/13
f 962/1026/33 970/1621/33 972/1622/33
f 965/1623/3 973/1624/3 970/1625/3
f 971/1626/1 962/1627/1 972/1628/1
f 968/1629/1 958/1630/1 959/1631/1
f 966/1632/3 961/1633/3 960/1634/3
f 967/1635/14 960/1636/14 958/1637/14
f 975/1638/3 970/1625/3 973/1624/3
f 974/1639/34 970/1621/34 976/1640/34
f 977/1641/1 972/1628/1 974/1642/1
f 968/1629/1 974/1642/1 967/1643/1
f 967/1644/35 976/1645/35 966/1646/35
f 969/1647/3 976/1648/3 975/1638/3
f 979/1649/9 980/1650/9 981/1651/9
f 985/1652/13 983/1653/13 984/1654/13
f 982/1655/33 990/1656/33 992/1657/33
f 985/1658/3 993/1659/3 990/1660/3
f 991/1661/1 982/1662/1 992/1663/1
f 988/1664/1 978/1665/1 979/1666/1
f 986/1667/3 981/1668/3 980/1669/3
f 987/1670/14 980/1671/14 978/1672/14
f 995/1673/3 990/1660/3 993/1659/3
f 994/1674/34 990/1656/34 996/1675/34
f 997/1676/1 992/1663/1 994/1677/1
f 988/1664/1 994/1677/1 987/1678/1
f 987/1679/35 996/1680/35 986/1681/35
f 989/1682/3 996/1683/3 995/1673/3
f 999/1684/9 1000/1685/9 1001/1686/9
f 1005/1687/13 1003/1688/13 1004/1689/13
f 1002/1690/36 1010/1691/36 1012/1692/36
f 1005/1693/2 1013/1694/2 1010/1695/2
f 1011/1696/14 1002/1697/14 1012/1698/14
f 1008/1699/14 998/1700/14 999/1701/14
f 1006/1702/2 1001/1703/2 1000/1704/2
f 1007/1705/3 1000/1249/3 998/1706/3
f 1015/1707/2 1010/1695/2 1013/1694/2
f 1014/1708/37 1010/1709/37 1016/1710/37
f 1017/1711/14 1012/1698/14 1014/1712/14
f 1008/1699/14 1014/1712/14 1007/1713/14
f 1007/1714/38 1016/1710/38 1006/1715/38
f 1009/1716/2 1016/1717/2 1015/1707/2
f 1019/1718/9 1020/1719/9 1021/1720/9
f 1025/1721/13 1023/1722/13 1024/1309/13
f 1022/1723/36 1030/1724/36 1032/1725/36
f 1025/1726/2 1033/1727/2 1030/1728/2
f 1031/1729/14 1022/1730/14 1032/1731/14
f 1028/1732/14 1018/1733/14 1019/1734/14
f 1026/1735/2 1021/1736/2 1020/1737/2
f 1027/1738/3 1020/1739/3 1018/1740/3
f 1035/1741/2 1030/1728/2 1033/1727/2
f 1034/1742/37 1030/1743/37 1036/1744/37
f 1037/1745/14 1032/1731/14 1034/1746/14
f 1028/1732/14 1034/1746/14 1027/1747/14
f 1027/1748/38 1036/1744/38 1026/1749/38
f 1029/1750/2 1036/1751/2 1035/1741/2
f 1041/1752/9 1038/1753/9 1040/1754/9
f 1044/1482/13 1042/1180/13 1043/1182/13
f 1042/1755/36 1050/1756/36 1052/1757/36
f 1045/1758/2 1053/1759/2 1050/1760/2
f 1051/1761/14 1042/1762/14 1052/1763/14
f 1048/1764/14 1038/1765/14 1039/1766/14
f 1046/1767/2 1041/1768/2 1040/1769/2
f 1047/1770/3 1040/1771/3 1038/1772/3
f 1055/1773/2 1050/1760/2 1053/1759/2
f 1054/1774/37 1050/1775/37 1056/1776/37
f 1057/1777/14 1052/1763/14 1054/1778/14
f 1048/1764/14 1054/1778/14 1047/1779/14
f 1047/1780/38 1056/1776/38 1046/1781/38
f 1049/1782/2 1056/1783/2 1055/1773/2
f 1059/1784/9 1060/1785/9 1061/1786/9
f 1065/1787/13 1063/1788/13 1064/1789/13
f 1062/1790/36 1070/1791/36 1072/1792/36
f 1065/1793/2 1073/1794/2 1070/1795/2
f 1071/1796/14 1062/1797/14 1072/1798/14
f 1068/1799/14 1058/1800/14 1059/1801/14
f 1066/1802/2 1061/1803/2 1060/1804/2
f 1067/1805/3 1060/1806/3 1058/1807/3
f 1075/1808/2 1070/1795/2 1073/1794/2
f 1074/1809/37 1070/1810/37 1076/1811/37
f 1077/1812/14 1072/1798/14 1074/1813/14
f 1068/1799/14 1074/1813/14 1067/1814/14
f 1067/1815/38 1076/1811/38 1066/1816/38
f 1069/1817/2 1076/1818/2 1075/1808/2
f 1079/1819/9 1080/1820/9 1081/1821/9
f 1084/1822/13 1082/1823/13 1083/1824/13
f 1082/1825/36 1090/1826/36 1092/1827/36
f 1085/1828/2 1093/1829/2 1090/1830/2
f 1091/1831/14 1082/1832/14 1092/1833/14
f 1088/1834/14 1078/1835/14 1079/1836/14
f 1086/1837/2 1081/1838/2 1080/1839/2
f 1087/1840/3 1080/1841/3 1078/1842/3
f 1095/1843/2 1090/1830/2 1093/1829/2
f 1094/1844/37 1090/1845/37 1096/1846/37
f 1097/1847/14 1092/1833/14 1094/1848/14
f 1088/1834/14 1094/1848/14 1087/1849/14
f 1087/1850/38 1096/1846/38 1086/1851/38
f 1089/1852/2 1096/1853/2 1095/1843/2
f 1099/1854/9 1100/1855/9 1101/1480/9
f 1105/1856/13 1103/1857/13 1104/1858/13
f 1102/1859/36 1110/1860/36 1112/1861/36
f 1105/1862/2 1113/1863/2 1110/1864/2
f 1111/1865/14 1102/1866/14 1112/1867/14
f 1108/1868/14 1098/1869/14 1099/1870/14
f 1106/1871/2 1101/1872/2 1100/1873/2
f 1107/1874/3 1100/1875/3 1098/1876/3
f 1115/1877/2 1110/1864/2 1113/1863/2
f 1114/1878/37 1110/1879/37 1116/1880/37
f 1117/1881/14 1112/1867/14 1114/1882/14
f 1108/1868/14 1114/1882/14 1107/1883/14
f 1107/1884/38 1116/1880/38 1106/1885/38
f 1109/1886/2 1116/1887/2 1115/1877/2
f 1119/1885/9 1120/1888/9 1121/1884/9
f 1125/1889/13 1123/1890/13 1124/1891/13
f 1122/1892/36 1130/1893/36 1132/1894/36
f 1125/1895/2 1133/1896/2 1130/1897/2
f 1131/1898/14 1122/1899/14 1132/1900/14
f 1128/1901/14 1118/1902/14 1119/1903/14
f 1126/1904/2 1121/1905/2 1120/1616/2
f 1127/1906/3 1120/1907/3 1118/1908/3
f 1135/1909/2 1130/1897/2 1133/1896/2
f 1134/1910/37 1130/1911/37 1136/1912/37
f 1137/1913/14 1132/1900/14 1134/1914/14
f 1128/1901/14 1134/1914/14 1127/1915/14
f 1127/1916/38 1136/1912/38 1126/1917/38
f 1129/1918/2 1136/1919/2 1135/1909/2
f 1139/1531/9 1140/1920/9 1141/1921/9
f 1145/1922/13 1143/1923/13 1144/1924/13
f 1142/1925/30 1150/1926/30 1152/1927/30
f 1145/1928/1 1153/1929/1 1150/1930/1
f 1151/1931/3 1142/1932/3 1152/1933/3
f 1148/1934/3 1138/1935/3 1139/1936/3
f 1146/1937/1 1141/1938/1 1140/1939/1
f 1147/1940/2 1140/1941/2 1138/1942/2
f 1155/1943/1 1150/1930/1 1153/1929/1
f 1154/1944/31 1150/1930/31 1156/1945/31
f 1157/1946/3 1152/1933/3 1154/1947/3
f 1148/1934/3 1154/1947/3 1147/1948/3
f 1147/1949/32 1156/1950/32 1146/1442/32
f 1149/1951/1 1156/1945/1 1155/1943/1
f 1159/1952/9 1160/1953/9 1161/1954/9
f 1165/1955/13 1163/1956/13 1164/1957/13
f 1162/1958/33 1170/1959/33 1172/1960/33
f 1165/1961/3 1173/1962/3 1170/1963/3
f 1171/1964/1 1162/1965/1 1172/1966/1
f 1168/1967/1 1158/1968/1 1159/1969/1
f 1166/1970/3 1161/1971/3 1160/1972/3
f 1167/1973/14 1160/1974/14 1158/1975/14
f 1175/1976/3 1170/1963/3 1173/1962/3
f 1174/1977/34 1170/1959/34 1176/1978/34
f 1177/1979/1 1172/1966/1 1174/1980/1
f 1168/1967/1 1174/1980/1 1167/1981/1
f 1167/1982/35 1176/1983/35 1166/1576/35
f 1169/1984/3 1176/1985/3 1175/1976/3
f 1180/1986/1 1185/1987/1 1184/1988/1
f 1180/1986/1 1195/1989/1 1193/1990/1
f 1178/1991/3 1183/1992/3 1182/1993/3
f 1182/1993/3 311/1994/3 303/551/3
f 1183/1995/9 319/1996/9 311/562/9
f 1184/1988/1 327/1997/1 319/586/1
f 1188/591/1 1181/1998/1 1180/1986/1
f 1180/1986/1 1192/1999/1 1188/591/1
f 1186/535/3 1179/2000/3 1178/1991/3
f 1191/2001/9 1195/2002/9 1194/2003/9
f 1190/2004/9 1193/2005/9 1191/2001/9
f 1183/1992/39 1195/2006/39 1184/2007/39
f 1179/2000/3 1190/2008/3 1191/2009/3
f 1188/2010/40 1190/2011/40 1187/2012/40
f 1179/2000/3 1194/2013/3 1183/1992/3
f 1197/2014/3 1209/2015/3 1201/2016/3
f 1196/2017/3 1207/2018/3 1199/2019/3
f 1197/2014/3 1206/2020/3 1205/2021/3
f 1210/2022/3 1203/2023/3 1202/2024/3
f 1201/2016/3 1208/2025/3 1200/2026/3
f 1199/2019/3 1240/2027/3 1230/2028/3
f 1211/2029/3 1196/2017/3 1203/2023/3
f 1200/2026/3 1210/2022/3 1202/2024/3
f 1198/2030/3 1241/2031/3 1206/2020/3
f 1206/2032/19 1213/2033/19 1205/2034/19
f 1218/2035/14 1211/2036/14 1210/2037/14
f 1217/2038/14 1208/2039/14 1209/2040/14
f 1207/2041/20 1250/2042/20 1240/2043/20
f 1219/2044/14 1204/2045/14 1211/2036/14
f 1216/2046/14 1210/2037/14 1208/2039/14
f 1241/2047/21 1214/2048/21 1206/2032/21
f 1213/2049/14 1209/2040/14 1205/2050/14
f 1204/2051/22 1215/2052/22 1207/2041/22
f 1201/2053/2 1221/2054/2 1197/2055/2
f 1199/2056/23 1220/828/23 1196/830/23
f 1197/2057/24 1222/2058/24 1198/2059/24
f 1203/2060/2 1226/2061/2 1202/2062/2
f 1200/2063/2 1225/2064/2 1201/2053/2
f 1199/2056/23 1260/2065/23 1223/2066/23
f 1196/2067/2 1227/2068/2 1203/2060/2
f 1202/2062/2 1224/2069/2 1200/2063/2
f 1198/2059/24 1261/2070/24 1231/2071/24
f 1229/2072/3 1245/2073/3 1239/2074/3
f 1243/2075/3 1228/2076/3 1233/2077/3
f 1229/2072/3 1242/2078/3 1232/2079/3
f 1237/2080/3 1246/2081/3 1236/2082/3
f 1235/2083/3 1244/2084/3 1245/2073/3
f 1240/2027/3 1233/2077/3 1230/2028/3
f 1228/2076/3 1247/2085/3 1237/2080/3
f 1234/2086/3 1246/2081/3 1244/2084/3
f 1232/2079/3 1241/2031/3 1231/2087/3
f 1249/2088/23 1242/2089/23 1239/2090/23
f 1247/2091/2 1256/2092/2 1246/2093/2
f 1244/2094/2 1255/2095/2 1245/2096/2
f 1250/2042/25 1243/2097/25 1240/2043/25
f 1238/2098/2 1257/2099/2 1247/2091/2
f 1246/2093/2 1254/2100/2 1244/2094/2
f 1252/2101/26 1241/2047/26 1242/2089/26
f 1245/2096/2 1249/2102/2 1239/2103/2
f 1253/2104/24 1238/2105/24 1243/2097/24
f 1259/2106/14 1235/2107/14 1229/2108/14
f 1258/2109/19 1233/2110/19 1228/2111/19
f 1262/2112/22 1229/763/22 1232/2113/22
f 1266/2114/14 1237/2115/14 1236/2116/14
f 1265/2117/14 1234/2118/14 1235/2107/14
f 1263/2119/19 1230/2120/19 1233/2110/19
f 1267/2121/14 1228/2122/14 1237/2115/14
f 1264/2123/14 1236/2116/14 1234/2118/14
f 1261/2070/22 1232/2113/22 1231/2071/22
f 1275/2124/3 1274/2125/3 1270/2126/3
f 1288/2127/14 1283/2128/14 1269/2129/14
f 1275/2130/9 1278/2131/9 1279/629/9
f 1303/2132/3 1268/2133/3 1275/2124/3
f 1274/2134/13 1273/882/13 1270/2135/13
f 1289/2136/13 1276/2137/13 1288/2138/13
f 1297/2139/3 1284/2140/3 1308/2141/3
f 1284/825/9 1282/2142/9 1280/2143/9
f 1303/2132/3 1270/2126/3 1297/2139/3
f 1308/2141/3 1288/2144/3 1313/2145/3
f 1284/2140/3 1289/2146/3 1288/2144/3
f 1270/2147/14 1272/2148/14 1284/2149/14
f 1276/2150/3 1285/2151/3 1283/2152/3
f 1277/2153/3 1286/2154/3 1278/2155/3
f 1273/2156/3 1282/2157/3 1272/2158/3
f 1268/2159/14 1277/2160/14 1275/2161/14
f 1313/2145/3 1269/2162/3 1290/2163/3
f 1299/2164/3 1300/2165/3 1294/2166/3
f 1310/2167/2 1316/2168/2 1293/2169/2
f 1304/2170/9 1300/2171/9 1305/2172/9
f 1303/2132/3 1292/2173/3 1291/2174/3
f 1298/2175/13 1299/2176/13 1294/2177/13
f 1301/716/13 1317/2178/13 1316/717/13
f 1311/2179/3 1297/2139/3 1308/2141/3
f 1309/755/9 1311/2180/9 1306/753/9
f 1294/2166/3 1303/2132/3 1297/2139/3
f 1316/2181/3 1308/2141/3 1313/2145/3
f 1317/2182/3 1311/2179/3 1316/2181/3
f 1296/2183/2 1294/2184/2 1311/2185/2
f 1312/2186/3 1301/2187/3 1310/2188/3
f 1302/2189/3 1314/2190/3 1315/2191/3
f 1309/2192/3 1298/2193/3 1296/2194/3
f 1302/2195/2 1292/2196/2 1300/2197/2
f 1293/2198/3 1313/2145/3 1290/2163/3
f 1319/2199/3 1320/2200/3 1318/2201/3
f 1325/2202/1 1322/2203/1 1324/2204/1
f 1323/2205/2 1318/2206/2 1322/2207/2
f 1324/307/13 1318/2208/13 1320/305/13
f 1321/2209/9 1323/274/9 1325/273/9
f 1327/2210/3 1328/2211/3 1326/2212/3
f 1333/2213/1 1330/2214/1 1332/2215/1
f 1331/2216/2 1326/2217/2 1330/2218/2
f 1328/2219/13 1330/2220/13 1326/2221/13
f 1329/2222/9 1331/363/9 1333/362/9
f 1335/2223/3 1336/2224/3 1334/2225/3
f 1341/2226/1 1338/2227/1 1340/2228/1
f 1339/2229/2 1334/2230/2 1338/2231/2
f 1340/2232/13 1334/2233/13 1336/2234/13
f 1337/310/9 1339/2235/9 1341/2236/9
f 1343/2237/3 1344/2238/3 1342/2239/3
f 1349/2240/1 1346/2241/1 1348/2242/1
f 1347/2243/2 1342/2244/2 1346/2245/2
f 1348/2246/13 1342/2247/13 1344/377/13
f 1345/2248/9 1347/2249/9 1349/2250/9
f 1350/2251/2 1353/452/2 1352/2252/2
f 1357/2253/14 1354/2254/14 1356/2238/14
f 1355/2255/1 1350/2256/1 1354/2257/1
f 1356/2258/13 1350/2259/13 1352/2260/13
f 1353/2261/9 1355/2262/9 1357/2263/9
f 1359/2264/3 1360/2265/3 1358/2266/3
f 1361/2267/14 1364/2268/14 1360/2269/14
f 1365/2270/1 1362/2271/1 1364/2272/1
f 1363/2273/2 1358/2274/2 1362/2275/2
f 1364/2276/13 1358/2277/13 1360/2278/13
f 1361/2279/9 1363/2280/9 1365/2281/9
f 1367/2282/2 1368/2283/2 1366/2284/2
f 1373/2285/14 1370/2286/14 1372/2287/14
f 1371/2288/1 1366/2289/1 1370/2290/1
f 1372/2291/13 1366/2260/13 1368/2259/13
f 1373/519/9 1367/2292/9 1371/2293/9
f 1375/2294/1 1376/2295/1 1374/2296/1
f 1381/2297/3 1378/2298/3 1380/2299/3
f 1379/2300/14 1374/2301/14 1378/2302/14
f 1380/2303/13 1374/2304/13 1376/2305/13
f 1377/2306/9 1379/2307/9 1381/255/9
f 1383/2308/1 1384/2309/1 1382/2310/1
f 1389/2311/3 1386/2312/3 1388/2313/3
f 1387/2314/14 1382/2315/14 1386/2316/14
f 1384/2317/13 1386/2318/13 1382/2319/13
f 1385/316/9 1387/2320/9 1389/314/9
f 1391/2321/1 1392/2322/1 1390/2323/1
f 1397/2324/3 1394/2325/3 1396/2326/3
f 1395/2327/14 1390/2328/14 1394/2329/14
f 1396/2330/13 1390/330/13 1392/2331/13
f 1393/307/9 1395/2332/9 1397/499/9
f 1399/2333/14 1400/2334/14 1398/2335/14
f 1405/2336/2 1402/2337/2 1404/2338/2
f 1403/2339/3 1398/2340/3 1402/2341/3
f 1400/327/13 1402/2342/13 1398/328/13
f 1401/2343/9 1403/2344/9 1405/2345/9
f 1407/2346/1 1408/2347/1 1406/2348/1
f 1409/2349/2 1412/2350/2 1408/2351/2
f 1413/2352/3 1410/2353/3 1412/2354/3
f 1411/2355/14 1406/2356/14 1410/2357/14
f 1408/2358/13 1410/231/13 1406/2359/13
f 1409/2360/9 1411/2361/9 1413/324/9
f 1415/2362/14 1416/2363/14 1414/2364/14
f 1421/2365/2 1418/2366/2 1420/2367/2
f 1419/2368/3 1414/2369/3 1418/2370/3
f 1420/2371/13 1414/2372/13 1416/2373/13
f 1417/2374/9 1419/2375/9 1421/2247/9
f 1434/2376/41 1445/2377/41 1437/2378/41
f 1428/2379/3 1431/2380/3 1423/2381/3
f 1424/2382/1 1435/2383/1 1427/2384/1
f 1429/2385/42 1436/2386/42 1428/2387/42
f 1425/2388/43 1432/2389/43 1424/2390/43
f 1426/2391/2 1437/2392/2 1429/2385/2
f 1422/2393/14 1433/2394/14 1425/2388/14
f 1427/2384/44 1434/2395/44 1426/2396/44
f 1423/2381/45 1430/2397/45 1422/2398/45
f 1430/2399/46 1441/2400/46 1433/2401/46
f 1435/2402/47 1442/2403/47 1434/2376/47
f 1431/2404/48 1438/2405/48 1430/2399/48
f 1436/2406/49 1439/2407/49 1431/2404/49
f 1435/2402/50 1440/2408/50 1443/2409/50
f 1436/2406/51 1445/2377/51 1444/2410/51
f 1432/2411/52 1441/2400/52 1440/2408/52
f 1429/2412/13 1428/2413/13 1423/2414/13
f 1447/2415/16 1454/2416/16 1446/2417/16
f 1474/2418/3 1451/2419/3 1473/2420/3
f 1460/2421/1 1449/2422/1 1452/2423/1
f 1451/2424/18 1458/2425/18 1450/2426/18
f 1449/2427/15 1456/2428/15 1448/2429/15
f 1458/2425/2 1453/2430/2 1450/2426/2
f 1456/2428/14 1447/2431/14 1448/2429/14
f 1453/2432/17 1460/2421/17 1452/2423/17
f 1446/2433/9 1463/2434/9 1447/2435/9
f 1473/2436/9 1467/2437/9 1475/2438/9
f 1449/2439/9 1468/2440/9 1452/2441/9
f 1451/2442/9 1466/2443/9 1467/2437/9
f 1449/2439/9 1464/2444/9 1465/2445/9
f 1453/2446/9 1466/2443/9 1450/2447/9
f 1447/2435/9 1464/2444/9 1448/2448/9
f 1452/2441/9 1469/2449/9 1453/2446/9
f 1470/2450/9 1462/2451/9 1446/2433/9
f 1454/2416/3 1470/2452/3 1446/2417/3
f 1475/2453/14 1474/2454/14 1473/2455/14
f 1472/2456/2 1471/2457/2 1476/2458/2
f 1479/2459/2 1480/2460/2 1478/2461/2
f 1485/2462/14 1482/2463/14 1484/2464/14
f 1483/2465/1 1478/2466/1 1482/2467/1
f 1484/2468/53 1478/2469/53 1480/2470/53
f 1487/2471/2 1488/2472/2 1486/2473/2
f 1492/2474/14 1491/2475/14 1490/2476/14
f 1485/2477/9 1479/2478/9 1483/2479/9
f 1491/2480/1 1486/2481/1 1490/2482/1
f 1492/2483/54 1486/2484/54 1488/2485/54
f 1495/2486/2 1496/2487/2 1494/2488/2
f 1500/2489/14 1499/2490/14 1498/2491/14
f 1493/2492/55 1487/2493/55 1491/2494/55
f 1498/2495/1 1495/2496/1 1494/2497/1
f 1496/2498/56 1498/2499/56 1494/2500/56
f 1497/2501/57 1499/2502/57 1501/2503/57
f 1503/2504/2 1504/2505/2 1502/2506/2
f 1509/2507/14 1506/2508/14 1508/2509/14
f 1507/2510/1 1502/2511/1 1506/2512/1
f 1508/2513/58 1502/2514/58 1504/2515/58
f 1510/2516/2 1513/2517/2 1512/2518/2
f 1516/2519/14 1515/2520/14 1514/2521/14
f 1509/2522/9 1503/2523/9 1507/2524/9
f 1514/2525/1 1511/2526/1 1510/2527/1
f 1512/2528/59 1514/2529/59 1510/2530/59
f 1519/2531/2 1520/2532/2 1518/2533/2
f 1524/2534/14 1523/2535/14 1522/2536/14
f 1517/2537/60 1511/2538/60 1515/2539/60
f 1523/2540/1 1518/2541/1 1522/2542/1
f 1524/2543/61 1518/2544/61 1520/2545/61
f 1521/2546/62 1523/2547/62 1525/2548/62
f 1527/2549/2 1528/2550/2 1526/2551/2
f 1532/2552/14 1531/2553/14 1530/2554/14
f 1531/2555/1 1526/2556/1 1530/2557/1
f 1532/2558/63 1526/2559/63 1528/2560/63
f 1535/2561/2 1536/2562/2 1534/2563/2
f 1540/2564/14 1539/2565/14 1538/2566/14
f 1529/2567/64 1531/2568/64 1533/2569/64
f 1539/2570/1 1534/2571/1 1538/2572/1
f 1536/2573/13 1538/2574/13 1534/2575/13
f 1543/2576/2 1544/2577/2 1542/2578/2
f 1548/2579/14 1547/2580/14 1546/2581/14
f 1541/2582/65 1535/2483/65 1539/2583/65
f 1547/2584/1 1542/2585/1 1546/2586/1
f 1548/2587/66 1542/2588/66 1544/2589/66
f 1545/2590/67 1547/2591/67 1549/2592/67
f 1551/2593/2 1552/2594/2 1550/2595/2
f 1557/2596/14 1554/2597/14 1556/2598/14
f 1554/2599/1 1551/2600/1 1550/2601/1
f 1556/2602/68 1550/2603/68 1552/2604/68
f 1559/2605/2 1560/2606/2 1558/2607/2
f 1564/2608/14 1563/2609/14 1562/2610/14
f 1553/2611/69 1555/2612/69 1557/2613/69
f 1562/2614/1 1559/2615/1 1558/2616/1
f 1560/2617/70 1562/2618/70 1558/2619/70
f 1567/2620/2 1568/2621/2 1566/2622/2
f 1573/2623/14 1570/2624/14 1572/2625/14
f 1561/2626/71 1563/2627/71 1565/2628/71
f 1570/2629/1 1567/2630/1 1566/2631/1
f 1572/2632/13 1566/2633/13 1568/2634/13
f 1573/2611/72 1567/2635/72 1571/2636/72
f 1575/2637/2 1576/2638/2 1574/2639/2
f 1580/2640/14 1579/2641/14 1578/2642/14
f 1579/2643/1 1574/2644/1 1578/2645/1
f 1576/2646/73 1578/2647/73 1574/2648/73
f 1583/2649/2 1584/2650/2 1582/2651/2
f 1588/2652/14 1587/2653/14 1586/2654/14
f 1581/2655/74 1575/2656/74 1579/2657/74
f 1587/2658/1 1582/2659/1 1586/2660/1
f 1584/2661/75 1586/2662/75 1582/2663/75
f 1591/2664/2 1592/2665/2 1590/2666/2
f 1596/2667/14 1595/2668/14 1594/2669/14
f 1589/2670/76 1583/2671/76 1587/2672/76
f 1595/2673/1 1590/2674/1 1594/2675/1
f 1592/2676/13 1594/2677/13 1590/2678/13
f 1597/2679/77 1591/2680/77 1595/2681/77
f 1599/2682/2 1600/2683/2 1598/2684/2
f 1604/2685/14 1603/2686/14 1602/2687/14
f 1603/2688/1 1598/2689/1 1602/2690/1
f 1600/2691/78 1602/2692/78 1598/2693/78
f 1607/2694/2 1608/2695/2 1606/2696/2
f 1613/2697/14 1610/2698/14 1612/2699/14
f 1605/2700/79 1599/2701/79 1603/2702/79
f 1610/2703/1 1607/2704/1 1606/2705/1
f 1612/2706/80 1606/2707/80 1608/2708/80
f 1614/2709/2 1617/2710/2 1616/2711/2
f 1621/2712/14 1618/2713/14 1620/2714/14
f 1609/2715/9 1611/2716/9 1613/2717/9
f 1619/2718/1 1614/2719/1 1618/2720/1
f 1616/2678/81 1618/2721/81 1614/2722/81
f 1617/2723/9 1619/2724/9 1621/2725/9
f 1623/2726/2 1624/2727/2 1622/2728/2
f 1629/2729/14 1626/2730/14 1628/2731/14
f 1627/2732/1 1622/2733/1 1626/2734/1
f 1628/2735/82 1622/2736/82 1624/2737/82
f 1631/2738/2 1632/2739/2 1630/2740/2
f 1637/2741/14 1634/2742/14 1636/2743/14
f 1625/2744/83 1627/2745/83 1629/2746/83
f 1634/2747/1 1631/2748/1 1630/2749/1
f 1636/2750/84 1630/2751/84 1632/2752/84
f 1639/2753/2 1640/2754/2 1638/2755/2
f 1645/2756/14 1642/2757/14 1644/2758/14
f 1637/2759/85 1631/2702/85 1635/2760/85
f 1642/2761/1 1639/2762/1 1638/2763/1
f 1640/2764/86 1642/2765/86 1638/2766/86
f 1641/2767/87 1643/2768/87 1645/2769/87
f 1646/2770/2 1649/2771/2 1648/2772/2
f 1652/2773/14 1651/2774/14 1650/2578/14
f 1651/2775/1 1646/2776/1 1650/2777/1
f 1648/2778/88 1650/2779/88 1646/2780/88
f 1655/2781/2 1656/2782/2 1654/2783/2
f 1660/2784/14 1659/2785/14 1658/2786/14
f 1649/2787/89 1651/2788/89 1653/2789/89
f 1658/2790/1 1655/2791/1 1654/2792/1
f 1660/2793/90 1654/2794/90 1656/2795/90
f 1663/2796/2 1664/2797/2 1662/2798/2
f 1668/2799/14 1667/2800/14 1666/2801/14
f 1657/2802/91 1659/2803/91 1661/2804/91
f 1667/2805/1 1662/2806/1 1666/2807/1
f 1668/2808/92 1662/2809/92 1664/2810/92
f 1669/2811/93 1663/2812/93 1667/2813/93
f 1657/2814/3 1660/2815/3 1656/2816/3
f 1480/2817/3 1485/2818/3 1484/2819/3
f 1497/2820/3 1500/2821/3 1496/2822/3
f 1671/2823/1 1672/2824/1 1670/2825/1
f 1677/2826/3 1674/2827/3 1676/2828/3
f 1675/2829/14 1670/2830/14 1674/2831/14
f 1676/2832/94 1670/2833/94 1672/2834/94
f 1679/2835/1 1680/2836/1 1678/2837/1
f 1684/2838/3 1683/2839/3 1682/2840/3
f 1673/2841/9 1675/2842/9 1677/2843/9
f 1683/2844/14 1678/2845/14 1682/2846/14
f 1684/2847/95 1678/2848/95 1680/2849/95
f 1687/2850/1 1688/2851/1 1686/2852/1
f 1692/2853/3 1691/2854/3 1690/2855/3
f 1685/2856/96 1679/2857/96 1683/2858/96
f 1690/2859/14 1687/2860/14 1686/2861/14
f 1688/2862/97 1690/2863/97 1686/2864/97
f 1689/2533/98 1691/2865/98 1693/2866/98
f 1695/2867/1 1696/2868/1 1694/2869/1
f 1701/2870/3 1698/2871/3 1700/2872/3
f 1699/2873/14 1694/2874/14 1698/2875/14
f 1700/2876/99 1694/2877/99 1696/2878/99
f 1702/2879/1 1705/2880/1 1704/2881/1
f 1708/2882/3 1707/2883/3 1706/2884/3
f 1701/2885/9 1695/2886/9 1699/2887/9
f 1706/2888/14 1703/2889/14 1702/2890/14
f 1704/2847/100 1706/2891/100 1702/2892/100
f 1711/2893/1 1712/2894/1 1710/2895/1
f 1716/2896/3 1715/2897/3 1714/2804/3
f 1709/2898/101 1703/2899/101 1707/2900/101
f 1715/2901/14 1710/2902/14 1714/2903/14
f 1716/2634/102 1710/2904/102 1712/2905/102
f 1713/2906/103 1715/2907/103 1717/2908/103
f 1719/2909/1 1720/2910/1 1718/2911/1
f 1724/2912/3 1723/2913/3 1722/2914/3
f 1723/2915/14 1718/2916/14 1722/2917/14
f 1724/2918/104 1718/2919/104 1720/2920/104
f 1727/2921/1 1728/2922/1 1726/2923/1
f 1732/2924/3 1731/2925/3 1730/2926/3
f 1721/2927/105 1723/2928/105 1725/2929/105
f 1731/2930/14 1726/2931/14 1730/2932/14
f 1728/2933/13 1730/2934/13 1726/2935/13
f 1735/2936/1 1736/2937/1 1734/2938/1
f 1740/2939/3 1739/2940/3 1738/2941/3
f 1733/2942/106 1727/2943/106 1731/2944/106
f 1739/2945/14 1734/2946/14 1738/2947/14
f 1740/2948/107 1734/2949/107 1736/2950/107
f 1737/2951/108 1739/2952/108 1741/2953/108
f 1743/2954/1 1744/2955/1 1742/2956/1
f 1749/2957/3 1746/2958/3 1748/2959/3
f 1746/2960/14 1743/2961/14 1742/2962/14
f 1748/2963/109 1742/2964/109 1744/2965/109
f 1751/2966/1 1752/2967/1 1750/2968/1
f 1756/2969/3 1755/2970/3 1754/2971/3
f 1745/2972/110 1747/2973/110 1749/2974/110
f 1754/2975/14 1751/2976/14 1750/2977/14
f 1752/2978/111 1754/2979/111 1750/2980/111
f 1759/2981/1 1760/2982/1 1758/2983/1
f 1765/2984/3 1762/2985/3 1764/2986/3
f 1753/2987/112 1755/2988/112 1757/2989/112
f 1762/2990/14 1759/2991/14 1758/2992/14
f 1764/2993/13 1758/2994/13 1760/2627/13
f 1765/2995/113 1759/2972/113 1763/2996/113
f 1767/2997/1 1768/2998/1 1766/2999/1
f 1772/3000/3 1771/3001/3 1770/3002/3
f 1771/3003/14 1766/3004/14 1770/3005/14
f 1768/2671/114 1770/3006/114 1766/3007/114
f 1775/3008/1 1776/3009/1 1774/3010/1
f 1780/3011/3 1779/3012/3 1778/3013/3
f 1773/3014/115 1767/2600/115 1771/3015/115
f 1779/3016/14 1774/3017/14 1778/3018/14
f 1776/3019/116 1778/3020/116 1774/3021/116
f 1783/3022/1 1784/3023/1 1782/3024/1
f 1788/3025/3 1787/3026/3 1786/2473/3
f 1781/3027/117 1775/3028/117 1779/3029/117
f 1787/3030/14 1782/3031/14 1786/3032/14
f 1784/2993/13 1786/3033/13 1782/3034/13
f 1789/2768/118 1783/3035/118 1787/3036/118
f 1791/3037/1 1792/3038/1 1790/3039/1
f 1796/3040/3 1795/3041/3 1794/3042/3
f 1795/3043/14 1790/3044/14 1794/3045/14
f 1792/3046/119 1794/3047/119 1790/3048/119
f 1799/3049/1 1800/3050/1 1798/3051/1
f 1805/3052/3 1802/2798/3 1804/3053/3
f 1797/3054/120 1791/3055/120 1795/3056/120
f 1802/3057/14 1799/3058/14 1798/3059/14
f 1804/3060/121 1798/3061/121 1800/3062/121
f 1806/3063/1 1809/3064/1 1808/3065/1
f 1813/3066/3 1810/3067/3 1812/3068/3
f 1801/3069/9 1803/3070/9 1805/2919/9
f 1811/3071/14 1806/3072/14 1810/3073/14
f 1808/2494/122 1810/3074/122 1806/2492/122
f 1809/3075/9 1811/3076/9 1813/2591/9
f 1815/3077/1 1816/3078/1 1814/3079/1
f 1821/3080/3 1818/3081/3 1820/3082/3
f 1819/3083/14 1814/3084/14 1818/3085/14
f 1820/3086/123 1814/3087/123 1816/3088/123
f 1823/3089/1 1824/3090/1 1822/3091/1
f 1829/3092/3 1826/3093/3 1828/3094/3
f 1817/3095/124 1819/2671/124 1821/3096/124
f 1826/3097/14 1823/3098/14 1822/3099/14
f 1828/3100/125 1822/3101/125 1824/3102/125
f 1831/3103/1 1832/3104/1 1830/3105/1
f 1837/3106/3 1834/3107/3 1836/3108/3
f 1829/3109/126 1823/3110/126 1827/2899/126
f 1834/3111/14 1831/3112/14 1830/3113/14
f 1832/3114/127 1834/3086/127 1830/3115/127
f 1833/3116/128 1835/2583/128 1837/3117/128
f 1838/3118/1 1841/3119/1 1840/3120/1
f 1844/3121/3 1843/3122/3 1842/3123/3
f 1843/3124/14 1838/3125/14 1842/3126/14
f 1840/3127/129 1842/3128/129 1838/3129/129
f 1847/3130/1 1848/3131/1 1846/3132/1
f 1852/3133/3 1851/3134/3 1850/3135/3
f 1841/3006/130 1843/2789/130 1845/3136/130
f 1850/3137/14 1847/3138/14 1846/3139/14
f 1852/3140/131 1846/3141/131 1848/3142/131
f 1855/3143/1 1856/3144/1 1854/3145/1
f 1860/3146/3 1859/3147/3 1858/3148/3
f 1849/3149/132 1851/3150/132 1853/3151/132
f 1859/3152/14 1854/3153/14 1858/3154/14
f 1860/3155/133 1854/3156/133 1856/3157/133
f 1861/3158/134 1855/3159/134 1859/3160/134
f 1849/3161/2 1852/3162/2 1848/3163/2
f 1672/3164/2 1677/3165/2 1676/3166/2
f 1689/3167/2 1692/3168/2 1688/3169/2
f 1863/3170/3 1864/3171/3 1862/3172/3
f 1868/3173/1 1867/3174/1 1866/3175/1
f 1867/3176/2 1862/3177/2 1866/3178/2
f 1868/3179/135 1862/3180/135 1864/3181/135
f 1871/3182/3 1872/3183/3 1870/3184/3
f 1876/3185/1 1875/3186/1 1874/3187/1
f 1865/3188/136 1867/3189/136 1869/3190/136
f 1875/3191/2 1870/3192/2 1874/3193/2
f 1876/2582/137 1870/3194/137 1872/3195/137
f 1878/3196/3 1881/3197/3 1880/3198/3
f 1884/3199/1 1883/3200/1 1882/3201/1
f 1877/3202/138 1871/3203/138 1875/2944/138
f 1882/3204/2 1879/3205/2 1878/3206/2
f 1880/3207/139 1882/3208/139 1878/3209/139
f 1885/3210/140 1879/3211/140 1883/3212/140
f 1887/3213/3 1888/3214/3 1886/3215/3
f 1892/3216/1 1891/3217/1 1890/3218/1
f 1891/3219/2 1886/3220/2 1890/3221/2
f 1888/3222/13 1890/3223/13 1886/3224/13
f 1894/3225/3 1897/3226/3 1896/3227/3
f 1900/3228/1 1899/3229/1 1898/3230/1
f 1889/3231/141 1891/3232/141 1893/3233/141
f 1898/3234/2 1895/3235/2 1894/3236/2
f 1896/3237/142 1898/3238/142 1894/3239/142
f 1902/3240/3 1905/3241/3 1904/2506/3
f 1908/3242/1 1907/3243/1 1906/3244/1
f 1901/2627/143 1895/2860/143 1899/3245/143
f 1907/3246/2 1902/3247/2 1906/3248/2
f 1904/3249/13 1906/3250/13 1902/3251/13
f 1905/3252/144 1907/3253/144 1909/3254/144
f 1910/3255/3 1913/3256/3 1912/3257/3
f 1916/3258/1 1915/3259/1 1914/3260/1
f 1915/3261/2 1910/3262/2 1914/3263/2
f 1912/3264/145 1914/3265/145 1910/3266/145
f 1919/3267/3 1920/3268/3 1918/3269/3
f 1924/3270/1 1923/3271/1 1922/3272/1
f 1913/3273/146 1915/3274/146 1917/3275/146
f 1923/3276/2 1918/3277/2 1922/3278/2
f 1920/3279/13 1922/3280/13 1918/2523/13
f 1927/3281/3 1928/3282/3 1926/3283/3
f 1932/3284/1 1931/3285/1 1930/3286/1
f 1925/3287/147 1919/3288/147 1923/3289/147
f 1931/3290/2 1926/3291/2 1930/3292/2
f 1928/3293/13 1930/2971/13 1926/3294/13
f 1933/3295/148 1927/3296/148 1931/3297/148
f 1935/3298/3 1936/3299/3 1934/3300/3
f 1940/3301/1 1939/3302/1 1938/3303/1
f 1938/3304/2 1935/3305/2 1934/3306/2
f 1936/3212/149 1938/3307/149 1934/3308/149
f 1943/3309/3 1944/3310/3 1942/3311/3
f 1948/3312/1 1947/3313/1 1946/3314/1
f 1941/3315/150 1935/3273/150 1939/3316/150
f 1946/3317/2 1943/3318/2 1942/3319/2
f 1944/3320/151 1946/2787/151 1942/2789/151
f 1951/3321/3 1952/3322/3 1950/3323/3
f 1957/3324/1 1954/3325/1 1956/3326/1
f 1945/3327/152 1947/3328/152 1949/3329/152
f 1954/3330/2 1951/3331/2 1950/3332/2
f 1956/3333/13 1950/3334/13 1952/3335/13
f 1957/3336/153 1951/3337/153 1955/3338/153
f 1959/3339/3 1960/3340/3 1958/3341/3
f 1965/3342/1 1962/3343/1 1964/3344/1
f 1963/3345/2 1958/2660/2 1962/3346/2
f 1964/3347/154 1958/3348/154 1960/3349/154
f 1967/3350/3 1968/3351/3 1966/3352/3
f 1972/3353/1 1971/3354/1 1970/3355/1
f 1961/3356/155 1963/3357/155 1965/3358/155
f 1971/3359/2 1966/3360/2 1970/3361/2
f 1968/2483/156 1970/3018/156 1966/3362/156
f 1975/3363/3 1976/3364/3 1974/3365/3
f 1981/3366/1 1978/3367/1 1980/3368/1
f 1973/3369/157 1967/3370/157 1971/3371/157
f 1979/3372/2 1974/3373/2 1978/3374/2
f 1980/3375/158 1974/3376/158 1976/2468/158
f 1977/3377/9 1979/3378/9 1981/3379/9
f 1983/3380/3 1984/2856/3 1982/3381/3
f 1988/3382/1 1987/3383/1 1986/3384/1
f 1987/3385/2 1982/3386/2 1986/3387/2
f 1984/3388/159 1986/3389/159 1982/3390/159
f 1991/3391/3 1992/3392/3 1990/3393/3
f 1997/3394/1 1994/3395/1 1996/3396/1
f 1989/2840/160 1983/3397/160 1987/3398/160
f 1994/3399/2 1991/3099/2 1990/3400/2
f 1996/3195/161 1990/3401/161 1992/3402/161
f 1999/3403/3 2000/3404/3 1998/3405/3
f 2004/3406/1 2003/3407/1 2002/3408/1
f 1993/3409/9 1995/3165/9 1997/3410/9
f 2003/3411/2 1998/3412/2 2002/3413/2
f 2000/3414/162 2002/3415/162 1998/3416/162
f 2005/3417/9 1999/3418/9 2003/3419/9
f 2006/3420/3 2009/3421/3 2008/3422/3
f 2013/3423/1 2010/3424/1 2012/3425/1
f 2011/3426/2 2006/3427/2 2010/3428/2
f 2008/3429/163 2010/3430/163 2006/3431/163
f 2015/3432/3 2016/3433/3 2014/3434/3
f 2021/3435/1 2018/3436/1 2020/3437/1
f 2009/3438/164 2011/3439/164 2013/3440/164
f 2018/3441/2 2015/3400/2 2014/3442/2
f 2020/3443/165 2014/3444/165 2016/3445/165
f 2022/3446/3 2025/3447/3 2024/3448/3
f 2029/3449/1 2026/3450/1 2028/3451/1
f 2021/2877/166 2015/3452/166 2019/3453/166
f 2026/3454/2 2023/3455/2 2022/3456/2
f 2028/3457/167 2022/3458/167 2024/3459/167
f 2025/3460/9 2027/3461/9 2029/3462/9
f 2030/3463/3 2033/3464/3 2032/3465/3
f 2036/3466/1 2035/3467/1 2034/3468/1
f 2035/3469/2 2030/3470/2 2034/2857/2
f 2032/3471/168 2034/3472/168 2030/3264/168
f 2038/3473/3 2041/3474/3 2040/3475/3
f 2044/3135/1 2043/3476/1 2042/3477/1
f 2033/3478/169 2035/3479/169 2037/3480/169
f 2042/3481/2 2039/3482/2 2038/3483/2
f 2044/3142/170 2038/3484/170 2040/3485/170
f 2047/3486/3 2048/3487/3 2046/3488/3
f 2052/3489/1 2051/3490/1 2050/3491/1
f 2041/2795/171 2043/3492/171 2045/3493/171
f 2051/3494/2 2046/3495/2 2050/3410/2
f 2048/3496/13 2050/3497/13 2046/3498/13
f 2053/3499/9 2047/3378/9 2051/3500/9
f 1881/3501/14 1884/3502/14 1880/3503/14
f 1865/3504/14 1868/3505/14 1864/3506/14
f 2041/3507/14 2044/3508/14 2040/3509/14
f 2055/3510/14 2056/3511/14 2054/3512/14
f 2061/3513/2 2058/3514/2 2060/3515/2
f 2059/3516/3 2054/3517/3 2058/3518/3
f 2060/3519/172 2054/3520/172 2056/3521/172
f 2063/3522/14 2064/3523/14 2062/3524/14
f 2068/3297/2 2067/3525/2 2066/3526/2
f 2057/3527/9 2059/3528/9 2061/3529/9
f 2067/3530/3 2062/3531/3 2066/3532/3
f 2068/2483/173 2062/3533/173 2064/3534/173
f 2071/3535/14 2072/3536/14 2070/3537/14
f 2076/3538/2 2075/3539/2 2074/3540/2
f 2069/3541/174 2063/3542/174 2067/3543/174
f 2074/3544/3 2071/3545/3 2070/2704/3
f 2072/3546/175 2074/3547/175 2070/3548/175
f 2073/3549/176 2075/3550/176 2077/3551/176
f 2079/3552/14 2080/3553/14 2078/3554/14
f 2085/3555/2 2082/3556/2 2084/3557/2
f 2083/3558/3 2078/3559/3 2082/3560/3
f 2084/3561/177 2078/3562/177 2080/3563/177
f 2086/3564/14 2089/3565/14 2088/3566/14
f 2092/3567/2 2091/3232/2 2090/3568/2
f 2085/3569/9 2079/3570/9 2083/3571/9
f 2090/3572/3 2087/3573/3 2086/3574/3
f 2088/3095/178 2090/3575/178 2086/3576/178
f 2095/3577/14 2096/3578/14 2094/2855/14
f 2100/3579/2 2099/3580/2 2098/3581/2
f 2093/3582/179 2087/3583/179 2091/3584/179
f 2099/3585/3 2094/3586/3 2098/3587/3
f 2100/3588/180 2094/3589/180 2096/3401/180
f 2097/3590/181 2099/3591/181 2101/3592/181
f 2103/3593/14 2104/3594/14 2102/3595/14
f 2108/3596/2 2107/3597/2 2106/3598/2
f 2107/3599/3 2102/2848/3 2106/3600/3
f 2108/3601/182 2102/3602/182 2104/3603/182
f 2111/3604/14 2112/3605/14 2110/3606/14
f 2116/3607/2 2115/3608/2 2114/3609/2
f 2105/3610/183 2107/3611/183 2109/3612/183
f 2115/3613/3 2110/3483/3 2114/3614/3
f 2112/3615/13 2114/3616/13 2110/3617/13
f 2119/3618/14 2120/3619/14 2118/3620/14
f 2124/3621/2 2123/3622/2 2122/3623/2
f 2117/3624/184 2111/3625/184 2115/3626/184
f 2123/3627/3 2118/3628/3 2122/3629/3
f 2124/3630/185 2118/3631/185 2120/3632/185
f 2121/3633/186 2123/3634/186 2125/3635/186
f 2127/3636/14 2128/3637/14 2126/3638/14
f 2132/3639/2 2131/3640/2 2130/3641/2
f 2131/3642/3 2126/3643/3 2130/3644/3
f 2128/3645/187 2130/3646/187 2126/2793/187
f 2133/3647/188 2127/3648/188 2131/3649/188
f 2135/3650/14 2136/3625/14 2134/3651/14
f 2140/3652/2 2139/3653/2 2138/3654/2
f 2139/3637/3 2134/3655/3 2138/3656/3
f 2136/3657/189 2138/3658/189 2134/2989/189
f 2143/3659/14 2144/3660/14 2142/3661/14
f 2149/3662/2 2146/3663/2 2148/2884/2
f 2141/3664/190 2135/3665/190 2139/3666/190
f 2146/3667/3 2143/3668/3 2142/3669/3
f 2148/2891/191 2142/3670/191 2144/2973/191
f 2150/3671/14 2153/3672/14 2152/3673/14
f 2157/3674/2 2154/3675/2 2156/3218/2
f 2145/3676/9 2147/3677/9 2149/3678/9
f 2155/3679/3 2150/3680/3 2154/3681/3
f 2152/3682/192 2154/3683/192 2150/3684/192
f 2153/3685/9 2155/3686/9 2157/3687/9
f 2159/3688/14 2160/3689/14 2158/3690/14
f 2165/3691/2 2162/3692/2 2164/3309/2
f 2163/3693/3 2158/3694/3 2162/3695/3
f 2164/3696/193 2158/3697/193 2160/3698/193
f 2167/3699/14 2168/3700/14 2166/3701/14
f 2173/3702/2 2170/3703/2 2172/3704/2
f 2161/3705/194 2163/3706/194 2165/3707/194
f 2170/3708/3 2167/3709/3 2166/3710/3
f 2172/3541/195 2166/3711/195 2168/3712/195
f 2175/3713/14 2176/3714/14 2174/3715/14
f 2181/3716/2 2178/3717/2 2180/3718/2
f 2173/3719/196 2167/3720/196 2171/3721/196
f 2178/3722/3 2175/3723/3 2174/3724/3
f 2176/3725/197 2178/3726/197 2174/3727/197
f 2177/2715/198 2179/3728/198 2181/3729/198
f 2182/3730/14 2185/3731/14 2184/3732/14
f 2188/3733/2 2187/3734/2 2186/3735/2
f 2187/3648/3 2182/3736/3 2186/3737/3
f 2184/3738/199 2186/3739/199 2182/3740/199
f 2191/3741/14 2192/3742/14 2190/3743/14
f 2196/3744/2 2195/3745/2 2194/3746/2
f 2185/3747/200 2187/3748/200 2189/3749/200
f 2194/3750/3 2191/3751/3 2190/3752/3
f 2196/3753/201 2190/3754/201 2192/3755/201
f 2199/3756/14 2200/3757/14 2198/3758/14
f 2204/3759/2 2203/3760/2 2202/3761/2
f 2193/3755/202 2195/3762/202 2197/3763/202
f 2203/3764/3 2198/3765/3 2202/3766/3
f 2204/3767/203 2198/3768/203 2200/3588/203
f 2205/3769/204 2199/3770/204 2203/3771/204
f 2193/3772/1 2196/3773/1 2192/3774/1
f 2056/3775/1 2061/3776/1 2060/3777/1
f 2073/3778/1 2076/3779/1 2072/3113/1
f 2207/3780/205 2208/3781/205 2206/3782/205
f 2208/3783/1 2225/3784/1 2224/3785/1
f 2223/3786/3 2206/3787/3 2222/3788/3
f 2224/3789/13 2206/3790/13 2208/3791/13
f 2209/3792/206 2223/3793/206 2225/3794/206
f 2211/3795/13 2212/3796/13 2210/3797/13
f 2212/3798/1 2217/3799/1 2216/3800/1
f 2217/3801/9 2214/3802/9 2216/3803/9
f 2214/3804/207 2211/3805/207 2210/3806/207
f 2216/3807/2 2210/3808/2 2212/3809/2
f 2217/3810/208 2211/3811/208 2215/3812/208
f 2220/3813/209 2219/3814/209 2218/3815/209
f 2220/3813/1 2225/3784/1 2221/3816/1
f 2222/3817/14 2225/3818/14 2224/3819/14
f 2218/3820/3 2223/3786/3 2222/3788/3
f 2218/3821/13 2224/3789/13 2220/3822/13
f 2223/3793/210 2221/3823/210 2225/3794/210
f 2228/3824/13 2227/3825/13 2226/3826/13
f 2228/3827/1 2233/3828/1 2229/3829/1
f 2230/3830/9 2233/3831/9 2232/3832/9
f 2230/3833/211 2227/3834/211 2231/3835/211
f 2226/3836/14 2232/3837/14 2228/3838/14
f 2233/3828/212 2227/3839/212 2229/3829/212
f 2235/3840/213 2253/3841/213 2234/3842/213
f 2236/3843/1 2255/3844/1 2235/3845/1
f 2237/3846/214 2257/3847/214 2236/3848/214
f 2238/3849/215 2259/3850/215 2237/3846/215
f 2239/3851/3 2261/3852/3 2238/3853/3
f 2234/3842/216 2263/3854/216 2239/3855/216
f 2243/3856/217 2238/3849/217 2237/3846/217
f 2235/3845/1 2242/3857/1 2236/3843/1
f 2244/3858/3 2239/3851/3 2238/3853/3
f 2234/3842/218 2241/3859/218 2235/3840/218
f 2236/3848/219 2243/3856/219 2237/3846/219
f 2245/3860/220 2234/3842/220 2239/3855/220
f 2240/3861/221 2251/3862/221 2246/3863/221
f 2250/3864/3 2245/3865/3 2244/3858/3
f 2242/3866/222 2249/3867/222 2243/3868/222
f 2244/3858/223 2249/3869/223 2250/3864/223
f 2241/3870/1 2248/3871/1 2242/3857/1
f 2240/3872/224 2247/3873/224 2241/3870/224
f 2253/3841/225 2277/3874/225 2276/3875/225
f 2255/3844/226 2278/3876/226 2277/3877/226
f 2278/3878/227 2259/3850/227 2279/3879/227
f 2279/3879/228 2261/3880/228 2280/3881/228
f 2261/3852/229 2281/3882/229 2280/3883/229
f 2263/3854/230 2276/3875/230 2281/3884/230
f 2260/3885/231 2267/3886/231 2258/3887/231
f 2254/3888/232 2266/3889/232 2265/3890/232
f 2262/3891/233 2268/3892/233 2260/3893/233
f 2252/3894/234 2265/3895/234 2264/3896/234
f 2256/3897/235 2267/3886/235 2266/3898/235
f 2252/3894/236 2269/3899/236 2262/3900/236
f 2264/3901/237 2275/3902/237 2269/3903/237
f 2269/3903/238 2274/3904/238 2268/3892/238
f 2273/3905/239 2266/3889/239 2267/3906/239
f 2268/3907/240 2273/3908/240 2267/3909/240
f 2272/3910/241 2265/3890/241 2266/3889/241
f 2271/3911/242 2264/3912/242 2265/3913/242
f 2281/3884/243 2287/3914/243 2286/3915/243
f 2280/3883/244 2286/3916/244 2285/3917/244
f 2284/3918/245 2280/3881/245 2285/3919/245
f 2283/3920/246 2279/3879/246 2284/3918/246
f 2277/3877/247 2283/3921/247 2282/3922/247
f 2276/3875/248 2282/3923/248 2287/3914/248
f 2252/3894/249 2282/3923/249 2254/3924/249
f 2282/3922/250 2256/3925/250 2254/3926/250
f 2283/3920/251 2258/3887/251 2256/3897/251
f 2284/3918/252 2260/3885/252 2258/3887/252
f 2285/3917/253 2262/3927/253 2260/3928/253
f 2262/3900/254 2287/3914/254 2252/3894/254
f 2307/3929/216 2289/3930/216 2288/3931/216
f 2309/3932/3 2290/3933/3 2289/3934/3
f 2311/3935/215 2291/3936/215 2290/3937/215
f 2313/3938/214 2292/3939/214 2291/3936/214
f 2315/3940/1 2293/3941/1 2292/3942/1
f 2317/3943/213 2288/3931/213 2293/3944/213
f 2292/3939/219 2297/3945/219 2291/3936/219
f 2289/3934/3 2296/3946/3 2295/3947/3
f 2293/3941/1 2298/3948/1 2292/3942/1
f 2288/3931/255 2295/3949/255 2294/3950/255
f 2290/3937/256 2297/3945/256 2296/3951/256
f 2288/3931/257 2299/3952/257 2293/3944/257
f 2294/3953/258 2305/3954/258 2299/3955/258
f 2299/3955/1 2304/3956/1 2298/3948/1
f 2303/3957/259 2296/3946/259 2297/3958/259
f 2298/3959/222 2303/3960/222 2297/3961/222
f 2302/3962/3 2295/3947/3 2296/3946/3
f 2301/3963/260 2294/3964/260 2295/3965/260
f 2308/3966/216 2307/3929/216 2306/3967/216
f 2310/3968/3 2309/3932/3 2308/3969/3
f 2312/3970/215 2311/3935/215 2310/3971/215
f 2314/3972/214 2313/3938/214 2312/3970/214
f 2316/3973/1 2315/3940/1 2314/3974/1
f 2306/3967/213 2317/3943/213 2316/3975/213
f 2321/3976/261 2314/3972/261 2312/3970/261
f 2308/3969/3 2320/3977/3 2310/3968/3
f 2322/3978/1 2316/3973/1 2314/3974/1
f 2306/3967/262 2319/3979/262 2308/3966/262
f 2310/3971/263 2321/3976/263 2312/3970/263
f 2323/3980/264 2306/3967/264 2316/3975/264
f 2318/3981/265 2329/3982/265 2324/3983/265
f 2328/3984/1 2323/3985/1 2322/3978/1
f 2320/3986/266 2327/3987/266 2321/3988/266
f 2322/3978/267 2327/3989/267 2328/3984/267
f 2319/3990/3 2326/3991/3 2320/3977/3
f 2318/3992/268 2325/3993/268 2319/3990/268
f 2349/3994/216 2331/3995/216 2330/3996/216
f 2351/3997/3 2332/3998/3 2331/3999/3
f 2353/4000/215 2333/4001/215 2332/4002/215
f 2355/4003/214 2334/4004/214 2333/4001/214
f 2357/4005/1 2335/4006/1 2334/4007/1
f 2359/4008/213 2330/3996/213 2335/4009/213
f 2334/4004/219 2339/4010/219 2333/4001/219
f 2331/3999/3 2338/4011/3 2337/4012/3
f 2335/4006/1 2340/4013/1 2334/4007/1
f 2330/3996/255 2337/4014/255 2336/4015/255
f 2332/4002/256 2339/4010/256 2338/4016/256
f 2330/3996/257 2341/4017/257 2335/4009/257
f 2336/4018/258 2347/4019/258 2341/4020/258
f 2341/4020/1 2346/4021/1 2340/4013/1
f 2345/4022/259 2338/4011/259 2339/4023/259
f 2340/4024/222 2345/4025/222 2339/4026/222
f 2344/4027/3 2337/4012/3 2338/4011/3
f 2343/4028/260 2336/4029/260 2337/4030/260
f 2350/4031/216 2349/3994/216 2348/4032/216
f 2352/4033/3 2351/3997/3 2350/4034/3
f 2354/4035/215 2353/4000/215 2352/4036/215
f 2356/4037/214 2355/4003/214 2354/4035/214
f 2358/4038/1 2357/4005/1 2356/4039/1
f 2348/4032/213 2359/4008/213 2358/4040/213
f 2363/4041/261 2356/4037/261 2354/4035/261
f 2350/4034/3 2362/4042/3 2352/4033/3
f 2364/4043/1 2358/4038/1 2356/4039/1
f 2348/4032/262 2361/4044/262 2350/4031/262
f 2352/4036/263 2363/4041/263 2354/4035/263
f 2365/4045/264 2348/4032/264 2358/4040/264
f 2360/4046/265 2371/4047/265 2366/4048/265
f 2370/4049/1 2365/4050/1 2364/4043/1
f 2362/4051/266 2369/4052/266 2363/4053/266
f 2364/4043/267 2369/4054/267 2370/4049/267
f 2361/4055/3 2368/4056/3 2362/4042/3
f 2360/4057/268 2367/4058/268 2361/4055/268
f 2399/4059/9 2401/4060/9 2402/4061/9
f 2403/4062/2 2376/4063/2 2378/4064/2
f 2423/4065/9 2425/4066/9 2426/4067/9
f 2397/4068/14 2374/4069/14 2372/4070/14
f 2378/4071/13 2372/4072/13 2374/4073/13
f 2402/4074/1 2403/4075/1 2378/4076/1
f 2381/4077/269 2382/4078/269 2380/4079/269
f 2383/4080/270 2384/4081/270 2382/4082/270
f 2385/4083/271 2386/4084/271 2384/4081/271
f 2387/4085/272 2388/4086/272 2386/4087/272
f 2389/4088/273 2390/4089/273 2388/4090/273
f 2390/4091/274 2393/4092/274 2392/4093/274
f 2393/4094/3 2389/4088/3 2385/4095/3
f 2392/4093/275 2395/4096/275 2394/4097/275
f 2395/4098/276 2380/4099/276 2394/4100/276
f 2394/4101/1 2382/4078/1 2386/4102/1
f 2399/4059/277 2397/4103/277 2396/4104/277
f 2401/4060/278 2403/4105/278 2402/4061/278
f 2396/4106/3 2397/4107/3 2372/4108/3
f 2427/4109/2 2375/4110/2 2373/4111/2
f 2421/4112/14 2377/4113/14 2379/4114/14
f 2373/4115/13 2379/4073/13 2377/4116/13
f 2426/4117/1 2427/4118/1 2373/4119/1
f 2405/4120/269 2406/4121/269 2404/4122/269
f 2407/4123/270 2408/4124/270 2406/4125/270
f 2409/4126/271 2410/4127/271 2408/4124/271
f 2411/4128/272 2412/4129/272 2410/4130/272
f 2413/4131/273 2414/4132/273 2412/4133/273
f 2415/4134/274 2416/4135/274 2414/4136/274
f 2417/4137/3 2413/4131/3 2409/4138/3
f 2416/4135/275 2419/4139/275 2418/4140/275
f 2419/4141/276 2404/4142/276 2418/4143/276
f 2418/4144/1 2406/4121/1 2410/4145/1
f 2423/4065/279 2421/4146/279 2420/4147/279
f 2425/4066/278 2427/4072/278 2426/4067/278
f 2420/4148/3 2421/4149/3 2379/4150/3
f 2437/4151/280 2428/4152/280 2436/4153/280
f 2453/4154/281 2430/4155/281 2452/4156/281
f 2429/4157/13 2432/4158/13 2428/4159/13
f 2439/4160/282 2429/4161/282 2437/4162/282
f 2435/4163/9 2431/4164/9 2430/4165/9
f 2445/4166/283 2437/4162/283 2444/4167/283
f 2432/4168/284 2436/4169/284 2428/4170/284
f 2446/4171/285 2437/4151/285 2436/4153/285
f 2441/4172/286 2448/4173/286 2440/4174/286
f 2450/4175/287 2440/4176/287 2448/4177/287
f 2447/4178/288 2440/4179/288 2446/4180/288
f 2438/4181/289 2446/4182/289 2436/4169/289
f 2442/4183/290 2446/4171/290 2440/4176/290
f 2443/4184/282 2444/4167/282 2442/4185/282
f 2452/4186/291 2450/4175/291 2448/4177/291
f 2455/4187/292 2450/4188/292 2454/4189/292
f 2434/4190/293 2454/4189/293 2431/4191/293
f 2430/4192/294 2454/4193/294 2452/4186/294
f 2449/4194/284 2452/4156/284 2448/4173/284
f 2477/4195/295 2458/4196/295 2476/4197/295
f 2457/4198/13 2460/4199/13 2456/4200/13
f 2460/4201/284 2470/4202/284 2456/4203/284
f 2463/4204/9 2459/4205/9 2458/4206/9
f 2470/4207/296 2457/4208/296 2456/4209/296
f 2465/4210/284 2472/4211/284 2464/4212/284
f 2472/4213/297 2466/4214/297 2464/4215/297
f 2471/4216/284 2464/4212/284 2470/4202/284
f 2466/4214/297 2470/4207/297 2464/4215/297
f 2467/4217/298 2468/4218/298 2466/4219/298
f 2478/4220/299 2472/4213/299 2476/4221/299
f 2479/4222/300 2474/4223/300 2478/4224/300
f 2462/4225/301 2478/4224/301 2459/4226/301
f 2459/4227/3 2476/4221/3 2458/4228/3
f 2473/4229/302 2476/4197/302 2472/4211/302
f 2556/4230/303 2486/4231/303 2488/4232/303
f 2548/4233/211 2484/4234/211 2480/4235/211
f 2485/4236/282 2480/4237/282 2484/4238/282
f 2480/4236/13 2550/4239/13 2548/4240/13
f 2489/4241/304 2484/4234/304 2488/4232/304
f 2554/4242/211 2490/4243/211 2486/4231/211
f 2490/4243/211 2560/4244/211 2492/4245/211
f 2491/4246/282 2486/4247/282 2490/4248/282
f 2552/4249/305 2488/4232/305 2484/4234/305
f 2487/4250/306 2488/4251/306 2486/4247/306
f 2493/4252/282 2490/4248/282 2492/4253/282
f 2560/4244/307 2494/4254/307 2492/4245/307
f 2495/4255/308 2492/4253/308 2494/4256/308
f 2483/4257/309 2494/4256/309 2481/4258/309
f 2549/4259/9 2483/4260/9 2481/4261/9
f 2469/4262/310 2457/4263/310 2468/4264/310
f 2451/4265/311 2442/4185/311 2450/4188/311
f 2475/4266/312 2466/4267/312 2474/4223/312
f 2496/4268/313 2505/4269/313 2504/4270/313
f 2498/4271/314 2521/4272/314 2520/4273/314
f 2497/4274/13 2500/4275/13 2501/4276/13
f 2497/4277/315 2507/4278/315 2505/4269/315
f 2499/4279/9 2503/4280/9 2498/4281/9
f 2505/4269/316 2513/4282/316 2512/4283/316
f 2504/4284/317 2500/4285/317 2496/4286/317
f 2514/4287/318 2505/4269/318 2512/4283/318
f 2509/4288/319 2516/4289/319 2517/4290/319
f 2508/4291/320 2518/4292/320 2516/4293/320
f 2508/4294/321 2515/4295/321 2514/4296/321
f 2514/4296/322 2506/4297/322 2504/4284/322
f 2514/4287/323 2510/4298/323 2508/4291/323
f 2512/4283/315 2511/4299/315 2510/4298/315
f 2520/4300/324 2518/4292/324 2522/4301/324
f 2518/4292/325 2523/4302/325 2522/4301/325
f 2522/4301/326 2502/4303/326 2499/4304/326
f 2498/4305/327 2522/4301/327 2499/4304/327
f 2520/4273/317 2517/4290/317 2516/4289/317
f 2526/4306/328 2545/4307/328 2544/4308/328
f 2525/4309/13 2528/4310/13 2529/4311/13
f 2528/4312/317 2538/4313/317 2539/4314/317
f 2527/4315/9 2531/4163/9 2526/4316/9
f 2538/4317/329 2525/4318/329 2536/4319/329
f 2533/4320/317 2540/4321/317 2541/4322/317
f 2540/4323/330 2534/4324/330 2542/4325/330
f 2532/4326/317 2539/4314/317 2538/4313/317
f 2538/4317/331 2534/4324/331 2532/4327/331
f 2536/4328/332 2535/4329/332 2534/4330/332
f 2540/4323/333 2546/4331/333 2544/4332/333
f 2542/4325/334 2547/4333/334 2546/4331/334
f 2546/4331/335 2530/4334/335 2527/4335/335
f 2544/4336/3 2527/4337/3 2526/4338/3
f 2544/4308/336 2541/4322/336 2540/4321/336
f 2548/4339/315 2553/4340/315 2552/4341/315
f 2552/4341/337 2557/4342/337 2556/4343/337
f 2554/4344/315 2559/4345/315 2558/4346/315
f 2556/4347/338 2555/4348/338 2554/4349/338
f 2558/4346/315 2561/4350/315 2560/4351/315
f 2560/4351/339 2563/4352/339 2562/4353/339
f 2562/4353/340 2551/4354/340 2549/4355/340
f 2525/4318/341 2537/4356/341 2536/4319/341
f 2510/4298/342 2519/4357/342 2518/4292/342
f 2534/4324/343 2543/4358/343 2542/4325/343
f 2562/4359/344 2481/4360/344 2494/4254/344
f 11/1/1 9/4361/1 4/2/1
f 12/4/2 11/4362/2 8/5/2
f 10/7/3 12/4363/3 6/8/3
f 3/10/2 23/4364/2 21/11/2
f 2/13/4 7/52/4 5/14/4
f 8/3/5 4/2/5 5/16/5
f 12/18/6 16/35/6 15/19/6
f 8/3/7 3/17/7 1/21/7
f 2/23/8 6/1511/8 1/24/8
f 24/26/9 22/4365/9 21/27/9
f 14/29/3 18/4366/3 20/30/3
f 9/32/10 13/36/10 14/33/10
f 10/34/11 14/33/11 16/35/11
f 9/32/12 11/20/12 15/19/12
f 19/37/13 20/4367/13 18/38/13
f 15/40/1 19/4368/1 17/41/1
f 16/43/2 20/4369/2 19/44/2
f 13/46/14 17/4370/14 18/47/14
f 9/49/14 10/4371/14 2/13/14
f 1/50/3 21/4372/3 22/51/3
f 7/52/14 22/4373/14 24/53/14
f 5/16/1 24/4374/1 23/54/1
f 28/55/1 33/4375/1 35/56/1
f 32/58/14 35/4376/14 36/59/14
f 30/61/3 36/4377/3 34/62/3
f 45/64/14 47/4378/14 27/65/14
f 29/67/7 31/4379/7 26/68/7
f 27/69/5 29/67/5 28/55/5
f 39/70/10 40/85/10 36/71/10
f 25/66/4 27/65/4 32/58/4
f 31/73/8 25/4380/8 30/74/8
f 45/76/9 46/4381/9 48/77/9
f 44/79/3 42/4382/3 38/80/3
f 38/82/6 37/4383/6 33/83/6
f 40/85/11 38/82/11 34/84/11
f 33/83/12 37/4383/12 39/70/12
f 42/86/13 44/4384/13 43/87/13
f 41/89/1 43/4385/1 39/90/1
f 43/91/14 44/4386/14 40/92/14
f 42/94/2 41/4387/2 37/95/2
f 26/97/2 34/4388/2 33/98/2
f 46/100/3 45/4389/3 25/101/3
f 48/103/2 46/4390/2 31/104/2
f 47/106/1 48/4391/1 29/67/1
f 55/4392/9 56/4393/9 84/109/9
f 56/4393/9 53/4394/9 69/4395/9
f 53/4394/9 54/4396/9 69/4395/9
f 69/4395/9 68/107/9 56/4393/9
f 56/4393/9 68/107/9 84/109/9
f 58/108/9 80/4397/9 84/109/9
f 53/110/14 56/116/14 133/111/14
f 69/113/3 54/118/3 131/114/3
f 56/116/15 55/4398/15 105/117/15
f 54/118/16 53/4399/16 104/119/16
f 80/120/3 58/151/3 107/121/3
f 55/123/1 84/4400/1 108/124/1
f 62/126/1 91/196/1 83/127/1
f 57/129/2 64/4401/2 65/130/2
f 61/132/16 60/210/16 50/133/16
f 59/135/15 62/212/15 52/136/15
f 71/138/3 61/132/3 49/134/3
f 60/140/14 59/135/14 51/137/14
f 92/142/3 65/4402/3 64/143/3
f 63/145/13 65/4403/13 92/146/13
f 63/148/3 70/154/3 66/149/3
f 58/151/3 68/153/3 109/152/3
f 68/153/3 69/113/3 110/115/3
f 71/138/3 67/139/3 66/149/3
f 76/4404/9 79/156/9 99/4405/9
f 79/156/9 78/4406/9 84/109/9
f 99/4405/9 79/156/9 98/155/9
f 84/109/9 80/4397/9 82/4407/9
f 84/109/9 82/4407/9 98/155/9
f 77/4408/9 76/4404/9 99/4405/9
f 126/157/2 79/4409/2 76/158/2
f 125/160/3 77/4410/3 99/161/3
f 114/163/17 78/169/17 79/164/17
f 125/166/18 113/159/18 76/158/18
f 115/168/3 82/191/3 80/120/3
f 108/124/1 84/4400/1 78/169/1
f 83/127/1 91/196/1 88/170/1
f 95/172/14 94/4411/14 81/173/14
f 73/175/18 86/184/18 87/176/18
f 75/171/17 88/170/17 85/178/17
f 72/180/3 87/203/3 101/181/3
f 74/183/2 85/205/2 86/184/2
f 94/185/3 95/4412/3 92/142/3
f 92/146/13 95/4413/13 90/186/13
f 96/187/3 100/193/3 90/188/3
f 116/190/3 98/192/3 82/191/3
f 117/162/3 99/161/3 98/192/3
f 100/193/3 96/187/3 97/182/3
f 101/181/3 118/204/3 119/194/3
f 100/193/3 119/194/3 120/195/3
f 91/196/1 121/4414/1 122/197/1
f 90/188/3 120/195/3 123/198/3
f 87/176/18 86/184/18 124/200/18
f 88/170/17 122/197/17 111/202/17
f 87/203/3 112/4415/3 118/204/3
f 85/205/2 111/4416/2 124/200/2
f 127/206/3 128/213/3 71/138/3
f 129/207/3 127/206/3 70/154/3
f 130/208/1 121/4414/1 91/196/1
f 123/198/3 129/207/3 63/148/3
f 103/209/16 132/4417/16 60/210/16
f 102/211/15 130/4418/15 62/212/15
f 128/213/3 103/209/3 61/132/3
f 132/214/14 102/211/14 59/135/14
f 110/4419/13 131/4420/13 104/4421/13
f 104/4421/13 133/4422/13 110/4419/13
f 133/4422/13 105/4392/13 108/109/13
f 110/4419/13 133/4422/13 109/4423/13
f 108/109/13 114/4424/13 126/215/13
f 133/4422/13 108/109/13 109/4423/13
f 107/4425/13 109/4423/13 108/109/13
f 108/109/13 126/215/13 116/217/13
f 107/4425/13 108/109/13 106/4426/13
f 126/215/13 113/4427/13 117/216/13
f 113/4427/13 125/4428/13 117/216/13
f 106/4426/13 108/109/13 115/4429/13
f 115/4429/13 108/109/13 116/217/13
f 135/218/14 137/4430/14 136/219/14
f 137/221/1 141/4431/1 140/222/1
f 141/224/2 139/4432/2 138/225/2
f 139/227/3 135/4433/3 134/228/3
f 140/230/13 138/522/13 134/231/13
f 137/233/9 135/4434/9 139/234/9
f 143/236/3 145/4435/3 144/237/3
f 149/239/1 147/4436/1 146/240/1
f 147/242/2 143/4437/2 142/243/2
f 148/245/13 146/4438/13 142/246/13
f 145/248/9 143/4439/9 147/249/9
f 151/251/3 153/4440/3 152/252/3
f 169/254/9 167/2306/9 171/255/9
f 157/257/1 155/4441/1 154/258/1
f 155/260/2 151/4442/2 150/261/2
f 152/263/13 156/4443/13 154/264/13
f 153/266/9 151/489/9 155/267/9
f 159/269/3 161/4444/3 160/270/3
f 172/272/13 170/4445/13 166/273/13
f 165/275/1 163/4446/1 162/276/1
f 163/278/2 159/4447/2 158/279/2
f 164/281/13 162/4448/13 158/282/13
f 161/284/9 159/497/9 163/285/9
f 171/287/2 167/4449/2 166/288/2
f 173/290/1 171/4450/1 170/291/1
f 167/293/3 169/4451/3 168/294/3
f 175/296/3 177/4452/3 176/297/3
f 181/299/1 179/4453/1 178/300/1
f 179/302/2 175/4454/2 174/303/2
f 180/305/13 178/4455/13 174/306/13
f 177/308/9 175/4456/9 179/309/9
f 183/311/2 185/4457/2 184/312/2
f 225/314/9 223/2307/9 227/315/9
f 189/317/14 187/4458/14 186/318/14
f 187/320/1 183/4459/1 182/321/1
f 188/323/13 186/2360/13 182/324/13
f 185/326/9 183/4460/9 187/327/9
f 195/329/13 191/4461/13 193/330/13
f 228/332/13 226/4462/13 222/333/13
f 196/335/2 194/4463/2 195/336/2
f 192/338/1 196/4464/1 197/339/1
f 194/341/9 196/2276/9 192/342/9
f 190/344/14 192/4465/14 193/345/14
f 199/347/2 201/4466/2 200/348/2
f 227/350/1 223/4467/1 222/351/1
f 205/353/14 203/4468/14 202/354/14
f 203/356/1 199/4469/1 198/357/1
f 204/234/13 202/4470/13 198/359/13
f 201/361/9 199/4471/9 203/362/9
f 207/364/2 209/4472/2 208/365/2
f 229/367/14 227/4473/14 226/368/14
f 213/370/14 211/4474/14 210/371/14
f 211/373/1 207/4475/1 206/374/1
f 212/376/13 210/2246/13 206/377/13
f 209/379/9 207/4476/9 211/380/9
f 215/382/2 217/4477/2 216/383/2
f 223/385/2 225/4478/2 224/386/2
f 221/388/14 219/4479/14 218/389/14
f 219/391/1 215/4480/1 214/392/1
f 220/394/13 218/4481/13 214/395/13
f 217/397/9 215/2303/9 219/398/9
f 231/400/2 233/4482/2 232/401/2
f 233/403/3 237/4483/3 236/404/3
f 237/406/14 235/4484/14 234/407/14
f 235/409/1 231/4485/1 230/410/1
f 236/412/13 234/4486/13 230/413/13
f 233/415/9 231/4487/9 235/416/9
f 239/418/1 241/4488/1 240/419/1
f 245/421/3 243/4489/3 242/422/3
f 243/424/14 239/4490/14 238/425/14
f 240/427/13 244/4491/13 242/428/13
f 241/430/9 239/4491/9 243/427/9
f 246/432/1 247/4492/1 249/433/1
f 269/435/9 265/451/9 263/436/9
f 253/438/3 251/4493/3 250/439/3
f 251/441/14 247/4494/14 246/442/14
f 248/444/13 252/4462/13 250/332/13
f 249/235/9 247/234/9 251/360/9
f 255/447/1 257/4495/1 256/448/1
f 268/450/13 266/4496/13 262/436/13
f 261/452/3 259/4497/3 258/453/3
f 259/455/14 255/4498/14 254/456/14
f 260/458/13 258/4499/13 254/444/13
f 257/459/9 255/4500/9 259/460/9
f 267/462/14 263/4501/14 262/463/14
f 269/465/3 267/4502/3 266/313/3
f 263/467/1 265/4503/1 264/468/1
f 271/470/1 273/4504/1 272/471/1
f 277/473/3 275/4505/3 274/474/3
f 275/476/14 271/4506/14 270/477/14
f 276/479/13 274/4507/13 270/480/13
f 273/482/9 271/4508/9 275/483/9
f 279/485/14 281/4509/14 280/486/14
f 297/488/9 295/4510/9 299/489/9
f 285/490/2 283/4511/2 282/491/2
f 283/493/3 279/4512/3 278/494/3
f 280/284/13 284/4513/13 282/496/13
f 281/498/9 279/307/9 283/499/9
f 300/501/13 298/2258/13 294/502/13
f 299/504/3 295/4514/3 294/505/3
f 287/507/14 289/4515/14 288/508/14
f 301/510/2 299/4516/2 298/511/2
f 293/513/2 291/439/2 290/514/2
f 290/516/3 291/4517/3 287/517/3
f 292/519/13 290/2293/13 286/520/13
f 289/268/9 287/267/9 291/522/9
f 295/524/14 297/4518/14 296/525/14
f 302/4519/13 305/532/13 1182/4520/13
f 305/532/13 304/4521/13 1178/529/13
f 1182/4520/13 305/532/13 1178/529/13
f 304/4521/13 307/4522/13 1178/529/13
f 307/4522/13 306/527/13 1178/529/13
f 306/527/13 309/4523/13 1186/528/13
f 309/4523/13 308/4524/13 1186/528/13
f 1182/4520/13 303/4525/13 302/4519/13
f 314/530/9 322/561/9 325/531/9
f 308/533/3 316/4526/3 1187/534/3
f 304/536/1 312/4527/1 315/537/1
f 309/539/18 317/546/18 316/540/18
f 305/542/15 313/548/15 312/543/15
f 306/545/2 314/4528/2 317/546/2
f 302/547/14 310/4529/14 313/548/14
f 307/538/17 315/537/17 314/549/17
f 303/551/16 311/1994/16 310/552/16
f 320/554/3 328/4530/3 331/555/3
f 310/557/9 318/563/9 321/558/9
f 314/530/9 315/567/9 323/560/9
f 311/562/9 319/1996/9 318/563/9
f 1187/564/9 316/569/9 324/565/9
f 315/567/9 312/570/9 320/568/9
f 317/532/9 325/531/9 324/565/9
f 313/559/9 321/558/9 320/568/9
f 328/4531/9 329/4532/9 1181/4533/9
f 329/4532/9 326/4534/9 1185/4535/9
f 326/4534/9 327/4536/9 1185/4535/9
f 1185/4535/9 1181/4533/9 329/4532/9
f 331/4537/9 328/4531/9 1181/4533/9
f 333/573/9 330/4538/9 1189/571/9
f 330/4538/9 331/4537/9 1181/4533/9
f 1189/571/9 330/4538/9 1181/4533/9
f 325/574/15 333/581/15 332/575/15
f 321/577/18 329/583/18 328/578/18
f 322/580/14 330/4539/14 333/581/14
f 318/582/2 326/4540/2 329/583/2
f 323/556/16 331/555/16 330/584/16
f 319/586/17 327/1997/17 326/587/17
f 324/589/1 332/4541/1 1189/590/1
f 335/592/3 343/599/3 347/593/3
f 334/595/3 342/4542/3 345/596/3
f 335/592/3 336/608/3 344/598/3
f 348/600/3 349/607/3 341/601/3
f 339/594/3 347/593/3 346/603/3
f 337/597/3 345/596/3 378/605/3
f 349/607/3 342/4542/3 334/595/3
f 338/604/3 346/603/3 348/600/3
f 336/608/3 369/667/3 379/609/3
f 344/610/19 352/626/19 351/611/19
f 356/613/14 357/622/14 349/614/14
f 355/616/14 354/624/14 346/617/14
f 345/619/20 353/630/20 388/620/20
f 357/622/14 350/4543/14 342/623/14
f 354/624/14 356/613/14 348/615/14
f 379/625/345 389/4544/345 352/626/345
f 351/627/14 355/616/14 347/618/14
f 342/629/22 350/4545/22 353/630/22
f 339/631/2 363/644/2 359/632/2
f 337/634/23 361/646/23 358/635/23
f 335/637/24 359/4546/24 360/638/24
f 341/640/2 365/648/2 364/641/2
f 338/643/2 362/649/2 363/644/2
f 368/645/23 398/4547/23 361/646/23
f 334/647/2 358/4548/2 365/648/2
f 340/642/2 364/641/2 362/649/2
f 336/639/24 360/638/24 399/650/24
f 367/652/3 373/663/3 383/653/3
f 381/655/3 376/4549/3 366/656/3
f 367/652/3 377/654/3 380/658/3
f 375/660/3 385/665/3 384/661/3
f 373/663/3 372/666/3 382/664/3
f 378/605/3 381/655/3 371/657/3
f 366/656/3 376/4549/3 385/665/3
f 372/666/3 374/662/3 384/661/3
f 370/659/3 380/658/3 379/609/3
f 387/668/23 390/681/23 380/669/23
f 385/671/2 395/679/2 394/672/2
f 382/674/2 392/680/2 393/675/2
f 388/620/25 391/684/25 381/677/25
f 376/678/2 386/4550/2 395/679/2
f 384/673/2 394/672/2 392/680/2
f 390/681/346 389/4544/346 379/625/346
f 383/676/2 393/675/2 387/682/2
f 391/684/24 386/4551/24 376/685/24
f 397/686/14 403/698/14 373/687/14
f 396/689/19 401/700/19 371/690/19
f 400/692/22 397/4552/22 367/693/22
f 404/695/14 405/701/14 375/696/14
f 403/698/14 402/703/14 372/699/14
f 401/700/19 398/4547/19 368/645/19
f 405/701/14 396/4553/14 366/702/14
f 402/703/14 404/695/14 374/697/14
f 399/650/22 400/692/22 370/694/22
f 413/704/3 417/4554/3 412/705/3
f 426/707/14 414/4555/14 421/708/14
f 413/710/9 415/4556/9 416/711/9
f 441/713/3 429/757/3 406/714/3
f 412/715/13 419/4557/13 411/716/13
f 427/718/13 409/4558/13 414/719/13
f 435/721/3 408/706/3 422/722/3
f 422/724/9 410/4559/9 420/725/9
f 441/713/3 413/704/3 408/706/3
f 446/723/3 422/722/3 426/727/3
f 422/722/3 418/4560/3 427/729/3
f 408/730/14 411/4561/14 410/731/14
f 414/733/3 409/4562/3 423/734/3
f 415/736/3 425/4563/3 424/737/3
f 411/739/3 419/4564/3 420/740/3
f 406/742/14 425/4565/14 415/743/14
f 451/728/3 426/727/3 407/745/3
f 437/747/3 443/4566/3 438/748/3
f 448/750/2 439/4567/2 454/751/2
f 442/753/9 440/907/9 438/754/9
f 441/713/3 438/748/3 430/756/3
f 436/758/13 445/4568/13 437/759/13
f 439/761/13 433/4569/13 455/762/13
f 449/764/3 432/749/3 435/721/3
f 447/765/9 434/4557/9 449/715/9
f 432/749/3 438/748/3 441/713/3
f 454/767/3 449/764/3 446/723/3
f 455/768/3 444/4570/3 449/764/3
f 434/769/2 436/4571/2 432/770/2
f 450/772/3 433/4572/3 439/773/3
f 440/775/3 442/4573/3 452/776/3
f 447/778/3 445/4574/3 436/779/3
f 440/781/2 453/4575/2 430/782/2
f 431/784/3 454/767/3 451/728/3
f 457/785/3 461/796/3 469/786/3
f 467/788/3 464/4576/3 456/789/3
f 457/785/3 465/787/3 466/791/3
f 463/793/3 471/800/3 470/794/3
f 461/796/3 460/801/3 468/797/3
f 500/798/3 467/788/3 459/790/3
f 456/789/3 464/4576/3 471/800/3
f 460/801/3 462/795/3 470/794/3
f 458/792/3 466/791/3 501/802/3
f 473/804/23 474/819/23 466/805/23
f 471/807/2 479/817/2 478/808/2
f 468/810/2 476/818/2 477/811/2
f 510/813/25 475/823/25 467/814/25
f 464/816/2 472/4577/2 479/817/2
f 470/809/2 478/808/2 476/818/2
f 474/819/346 511/4578/346 501/820/346
f 469/812/2 477/811/2 473/821/2
f 475/823/24 472/4579/24 464/824/24
f 481/825/14 485/837/14 461/826/14
f 480/828/19 483/839/19 459/829/19
f 482/831/22 481/4580/22 457/832/22
f 486/834/14 487/841/14 463/835/14
f 485/837/14 484/843/14 460/838/14
f 483/839/19 520/4581/19 490/840/19
f 487/841/14 480/4582/14 456/842/14
f 484/843/14 486/834/14 462/836/14
f 521/844/22 482/831/22 458/833/22
f 489/846/3 499/853/3 505/847/3
f 488/849/3 498/4583/3 503/850/3
f 489/846/3 492/860/3 502/852/3
f 506/854/3 507/859/3 497/855/3
f 495/848/3 505/847/3 504/857/3
f 493/851/3 503/850/3 500/798/3
f 507/859/3 498/4583/3 488/849/3
f 494/858/3 504/857/3 506/854/3
f 492/860/3 491/803/3 501/802/3
f 502/861/19 512/872/19 509/668/19
f 516/862/14 517/869/14 507/863/14
f 515/865/14 514/871/14 504/866/14
f 503/868/20 513/876/20 510/813/20
f 517/869/14 508/4584/14 498/870/14
f 514/871/14 516/862/14 506/864/14
f 501/820/345 511/4578/345 512/872/345
f 509/873/14 515/865/14 505/867/14
f 498/875/22 508/4585/22 513/876/22
f 495/877/2 525/890/2 519/878/2
f 493/880/23 523/891/23 518/881/23
f 489/883/24 519/4586/24 522/884/24
f 497/886/2 527/893/2 526/887/2
f 494/889/2 524/894/2 525/890/2
f 490/840/23 520/4581/23 523/891/23
f 488/892/2 518/4587/2 527/893/2
f 496/888/2 526/887/2 524/894/2
f 492/885/24 522/884/24 521/844/24
f 534/895/3 539/4588/3 535/896/3
f 543/898/2 536/4589/2 548/899/2
f 538/901/9 537/2184/9 535/902/9
f 563/904/3 535/896/3 528/905/3
f 533/907/13 541/901/13 534/903/13
f 536/908/13 531/2171/13 549/909/13
f 544/910/3 530/897/3 557/911/3
f 542/719/9 532/4590/9 544/766/9
f 530/897/3 535/896/3 563/904/3
f 548/913/3 544/910/3 568/912/3
f 549/915/3 540/4591/3 544/910/3
f 532/916/2 533/4592/2 530/917/2
f 545/919/3 531/4593/3 536/920/3
f 537/922/3 538/4594/3 546/923/3
f 542/924/3 541/4595/3 533/925/3
f 537/927/2 547/4596/2 528/928/2
f 529/930/3 548/913/3 573/914/3
f 560/932/3 565/4597/3 559/933/3
f 576/935/14 561/4598/14 570/936/14
f 560/938/9 562/4599/9 564/939/9
f 563/904/3 551/906/3 552/941/3
f 559/942/13 567/2130/13 558/943/13
f 577/832/13 555/4600/13 561/945/13
f 557/911/3 554/934/3 571/947/3
f 571/759/9 556/4568/9 569/948/9
f 563/904/3 560/932/3 554/934/3
f 568/912/3 571/947/3 576/950/3
f 571/947/3 566/4601/3 577/951/3
f 554/952/14 558/4602/14 556/953/14
f 561/955/3 555/4603/3 572/956/3
f 562/958/3 575/4604/3 574/959/3
f 558/961/3 567/4605/3 569/962/3
f 552/964/14 575/4606/14 562/965/14
f 573/914/3 576/950/3 553/967/3
f 579/968/9 578/4607/9 580/969/9
f 585/971/13 582/4608/13 583/972/13
f 582/974/27 585/4609/27 590/975/27
f 585/977/14 584/4610/14 593/978/14
f 591/980/2 583/4611/2 582/981/2
f 588/983/2 587/997/2 578/984/2
f 586/986/14 589/1001/14 581/987/14
f 587/989/1 586/1978/1 580/990/1
f 595/992/14 596/1002/14 590/979/14
f 594/993/28 592/976/28 590/975/28
f 597/995/2 591/980/2 592/982/2
f 588/983/2 597/995/2 594/996/2
f 587/998/29 594/4612/29 596/999/29
f 589/1001/14 586/986/14 596/1002/14
f 599/1003/9 598/4613/9 600/1004/9
f 605/1006/13 602/1551/13 603/1007/13
f 602/1009/27 605/4614/27 610/1010/27
f 605/1012/14 604/4615/14 613/1013/14
f 611/1015/2 603/4616/2 602/1016/2
f 608/1018/2 607/1032/2 598/1019/2
f 606/1021/14 609/1036/14 601/1022/14
f 607/1024/1 606/4617/1 600/1025/1
f 615/1027/14 616/1037/14 610/1014/14
f 614/1028/28 612/1011/28 610/1010/28
f 617/1030/2 611/1015/2 612/1017/2
f 608/1018/2 617/1030/2 614/1031/2
f 607/1033/29 614/4618/29 616/1034/29
f 609/1036/14 606/1021/14 616/1037/14
f 619/1038/9 618/1112/9 620/1039/9
f 625/1041/13 622/4619/13 623/1042/13
f 622/1044/27 625/4620/27 630/1045/27
f 625/1047/14 624/4621/14 633/1048/14
f 631/1050/2 623/4622/2 622/1051/2
f 628/1053/2 627/1067/2 618/1054/2
f 626/1056/14 629/1071/14 621/1057/14
f 627/1059/1 626/4623/1 620/1060/1
f 635/1062/14 636/1072/14 630/1049/14
f 634/1063/28 632/1046/28 630/1045/28
f 637/1065/2 631/1050/2 632/1052/2
f 628/1053/2 637/1065/2 634/1066/2
f 627/1068/29 634/4624/29 636/1069/29
f 629/1071/14 626/1056/14 636/1072/14
f 639/1073/9 638/4625/9 640/1074/9
f 645/1076/13 642/4626/13 643/1077/13
f 642/1079/27 645/4627/27 650/1080/27
f 645/1082/14 644/4628/14 653/1083/14
f 651/1085/2 643/4629/2 642/1086/2
f 648/1088/2 647/1102/2 638/1089/2
f 646/1091/14 649/1106/14 641/1092/14
f 647/1094/1 646/4630/1 640/1095/1
f 655/1097/14 656/1107/14 650/1084/14
f 654/1098/28 652/1081/28 650/1080/28
f 657/1100/2 651/1085/2 652/1087/2
f 648/1088/2 657/1100/2 654/1101/2
f 647/1103/29 654/4631/29 656/1104/29
f 649/1106/14 646/1091/14 656/1107/14
f 659/1108/9 658/4632/9 660/1109/9
f 665/1111/13 662/4633/13 663/1039/13
f 662/1113/27 665/4634/27 670/1114/27
f 665/1116/14 664/4635/14 673/1117/14
f 671/1119/2 663/4636/2 662/1120/2
f 668/1122/2 667/1136/2 658/1123/2
f 666/1125/14 669/1140/14 661/1126/14
f 667/1128/1 666/4637/1 660/1129/1
f 675/1131/14 676/1141/14 670/1118/14
f 674/1132/28 672/1115/28 670/1114/28
f 677/1134/2 671/1119/2 672/1121/2
f 668/1122/2 677/1134/2 674/1135/2
f 667/1137/29 674/4638/29 676/1138/29
f 669/1140/14 666/1125/14 676/1141/14
f 679/1142/9 678/4639/9 680/1143/9
f 685/1145/13 682/4640/13 683/1146/13
f 682/1148/27 685/4641/27 690/1149/27
f 685/1151/14 684/4642/14 693/1152/14
f 691/1154/2 683/4643/2 682/1155/2
f 688/1157/2 687/1171/2 678/1158/2
f 686/1160/14 689/1175/14 681/1161/14
f 687/1163/1 686/4644/1 680/1164/1
f 695/1166/14 696/1176/14 690/1153/14
f 694/1167/28 692/1150/28 690/1149/28
f 697/1169/2 691/1154/2 692/1156/2
f 688/1157/2 697/1169/2 694/1170/2
f 687/1172/29 694/4645/29 696/1173/29
f 689/1175/14 686/1160/14 696/1176/14
f 699/1177/9 698/4646/9 700/1178/9
f 705/1180/13 702/4647/13 703/1181/13
f 702/1183/27 705/4648/27 710/1184/27
f 705/1186/14 704/4649/14 713/1187/14
f 711/1189/2 703/4650/2 702/1190/2
f 708/1192/2 707/1206/2 698/1193/2
f 706/1195/14 709/1210/14 701/1196/14
f 707/1198/1 706/4651/1 700/1199/1
f 715/1201/14 716/1211/14 710/1188/14
f 714/1202/28 712/1185/28 710/1184/28
f 717/1204/2 711/1189/2 712/1191/2
f 708/1192/2 717/1204/2 714/1205/2
f 707/1207/29 714/1243/29 716/1208/29
f 709/1210/14 706/1195/14 716/1211/14
f 719/1212/9 718/4652/9 720/1213/9
f 725/1215/13 722/4653/13 723/1216/13
f 722/1218/30 725/4654/30 730/1219/30
f 725/1221/1 724/4655/1 733/1222/1
f 731/1224/3 723/4656/3 722/1225/3
f 728/1227/3 727/1241/3 718/1228/3
f 726/1230/1 729/1245/1 721/1231/1
f 727/1233/2 726/4657/2 720/1234/2
f 735/1236/1 736/1238/1 730/1223/1
f 734/1237/31 732/4658/31 730/1223/31
f 737/1239/3 731/1224/3 732/1226/3
f 728/1227/3 737/1239/3 734/1240/3
f 727/1242/32 734/4659/32 736/1243/32
f 729/1245/1 726/1230/1 736/1238/1
f 739/1005/9 738/4660/9 740/1246/9
f 745/1247/13 742/4661/13 743/1248/13
f 742/1250/30 745/4662/30 750/1251/30
f 745/1253/1 744/4663/1 753/1254/1
f 751/1256/3 743/4664/3 742/1257/3
f 748/1259/3 747/1273/3 738/1260/3
f 746/1262/1 749/1277/1 741/1263/1
f 747/1265/2 746/4665/2 740/1266/2
f 755/1268/1 756/1270/1 750/1255/1
f 754/1269/31 752/4666/31 750/1255/31
f 757/1271/3 751/1256/3 752/1258/3
f 748/1259/3 757/1271/3 754/1272/3
f 747/1274/32 754/4667/32 756/1275/32
f 749/1277/1 746/1262/1 756/1270/1
f 759/1278/9 758/4668/9 760/1279/9
f 765/1281/13 762/4669/13 763/1282/13
f 762/1284/30 765/4670/30 770/1285/30
f 765/1287/1 764/4671/1 773/1288/1
f 771/1290/3 763/4672/3 762/1291/3
f 768/1293/3 767/1307/3 758/1294/3
f 766/1296/1 769/1310/1 761/1297/1
f 767/1299/2 766/4673/2 760/1300/2
f 775/1302/1 776/1304/1 770/1289/1
f 774/1303/31 772/4674/31 770/1289/31
f 777/1305/3 771/1290/3 772/1292/3
f 768/1293/3 777/1305/3 774/1306/3
f 767/1139/32 774/4675/32 776/1308/32
f 769/1310/1 766/1296/1 776/1304/1
f 779/1311/9 778/1212/9 780/1214/9
f 785/1313/13 782/4676/13 783/1314/13
f 782/1316/30 785/4677/30 790/1317/30
f 785/1319/1 784/4678/1 793/1320/1
f 791/1322/3 783/4679/3 782/1323/3
f 788/1325/3 787/1339/3 778/1326/3
f 786/1328/1 789/1343/1 781/1329/1
f 787/1331/2 786/4680/2 780/1332/2
f 795/1334/1 796/1336/1 790/1321/1
f 794/1335/31 792/4681/31 790/1321/31
f 797/1337/3 791/1322/3 792/1324/3
f 788/1325/3 797/1337/3 794/1338/3
f 787/1340/32 794/1275/32 796/1341/32
f 789/1343/1 786/1328/1 796/1336/1
f 799/1344/9 798/4682/9 800/1345/9
f 805/1347/13 802/4683/13 803/1348/13
f 802/1350/30 805/4684/30 810/1351/30
f 805/1353/1 804/4685/1 813/1354/1
f 811/1356/3 803/4686/3 802/1357/3
f 808/1359/3 807/1373/3 798/1360/3
f 806/1362/1 809/1377/1 801/1363/1
f 807/1365/2 806/4687/2 800/1366/2
f 815/1368/1 816/1370/1 810/1355/1
f 814/1369/31 812/4688/31 810/1355/31
f 817/1371/3 811/1356/3 812/1358/3
f 808/1359/3 817/1371/3 814/1372/3
f 807/1374/32 814/4689/32 816/1375/32
f 809/1377/1 806/1362/1 816/1370/1
f 819/1378/9 818/4690/9 820/1379/9
f 825/1381/13 822/1215/13 823/1217/13
f 822/1383/30 825/4691/30 830/1384/30
f 825/1386/1 824/4692/1 833/1387/1
f 831/1389/3 823/4693/3 822/1390/3
f 828/1392/3 827/1406/3 818/1393/3
f 826/1395/1 829/1410/1 821/1396/1
f 827/1398/2 826/4694/2 820/1399/2
f 835/1401/1 836/1403/1 830/1388/1
f 834/1402/31 832/4695/31 830/1388/31
f 837/1404/3 831/1389/3 832/1391/3
f 828/1392/3 837/1404/3 834/1405/3
f 827/1407/32 834/4696/32 836/1408/32
f 829/1410/1 826/1395/1 836/1403/1
f 839/1411/9 838/4697/9 840/1412/9
f 845/1414/13 842/4698/13 843/1415/13
f 842/1417/30 845/4699/30 850/1418/30
f 845/1420/1 844/4700/1 853/1421/1
f 851/1423/3 843/4701/3 842/1424/3
f 848/1426/3 847/1440/3 838/1427/3
f 846/1429/1 849/1444/1 841/1430/1
f 847/1432/2 846/4702/2 840/1433/2
f 855/1435/1 856/1437/1 850/1422/1
f 854/1436/31 852/4703/31 850/1422/31
f 857/1438/3 851/1423/3 852/1425/3
f 848/1426/3 857/1438/3 854/1439/3
f 847/1441/32 854/4704/32 856/1442/32
f 849/1444/1 846/1429/1 856/1437/1
f 859/1445/9 858/4705/9 860/1446/9
f 865/1147/13 862/1409/13 863/1448/13
f 862/1450/33 865/4706/33 870/1451/33
f 865/1453/3 864/4707/3 873/1454/3
f 871/1456/1 863/4708/1 862/1457/1
f 868/1459/1 867/1473/1 858/1460/1
f 866/1462/3 869/1477/3 861/1463/3
f 867/1465/14 866/4709/14 860/1466/14
f 875/1468/3 876/1478/3 870/1455/3
f 874/1469/34 872/1452/34 870/1451/34
f 877/1471/1 871/1456/1 872/1458/1
f 868/1459/1 877/1471/1 874/1472/1
f 867/1474/35 874/4710/35 876/1475/35
f 869/1477/3 866/1462/3 876/1478/3
f 879/1479/9 878/1854/9 880/1480/9
f 885/1482/13 882/4711/13 883/1483/13
f 882/1485/33 885/4712/33 890/1486/33
f 885/1488/3 884/4713/3 893/1489/3
f 891/1491/1 883/4714/1 882/1492/1
f 888/1494/1 887/1508/1 878/1495/1
f 886/1497/3 889/1512/3 881/1498/3
f 887/1500/14 886/4715/14 880/1501/14
f 895/1503/3 896/1513/3 890/1490/3
f 894/1504/34 892/1487/34 890/1486/34
f 897/1506/1 891/1491/1 892/1493/1
f 888/1494/1 897/1506/1 894/1507/1
f 887/1509/35 894/4716/35 896/1510/35
f 889/1512/3 886/1497/3 896/1513/3
f 899/1514/9 898/4717/9 900/1515/9
f 905/1517/13 902/4718/13 903/1518/13
f 902/1520/33 905/4719/33 910/1521/33
f 905/1523/3 904/4720/3 913/1524/3
f 911/1526/1 903/4721/1 902/1527/1
f 908/1529/1 907/1543/1 898/1530/1
f 906/1532/3 909/1547/3 901/1533/3
f 907/1535/14 906/4722/14 900/1536/14
f 915/1538/3 916/1548/3 910/1525/3
f 914/1539/34 912/1522/34 910/1521/34
f 917/1541/1 911/1526/1 912/1528/1
f 908/1529/1 917/1541/1 914/1542/1
f 907/1544/35 914/4723/35 916/1545/35
f 909/1547/3 906/1532/3 916/1548/3
f 919/1314/9 918/4724/9 920/1549/9
f 925/1550/13 922/4725/13 923/1551/13
f 922/1552/33 925/4726/33 930/1553/33
f 925/1555/3 924/4727/3 933/1556/3
f 931/1558/1 923/4728/1 922/1559/1
f 928/1561/1 927/1575/1 918/1562/1
f 926/1564/3 929/1579/3 921/1565/3
f 927/1567/14 926/4729/14 920/1568/14
f 935/1570/3 936/1580/3 930/1557/3
f 934/1571/34 932/1554/34 930/1553/34
f 937/1573/1 931/1558/1 932/1560/1
f 928/1561/1 937/1573/1 934/1574/1
f 927/1576/35 934/1983/35 936/1577/35
f 929/1579/3 926/1564/3 936/1580/3
f 939/1581/9 938/4730/9 940/1582/9
f 945/1584/13 942/4731/13 943/1585/13
f 942/1587/33 945/4732/33 950/1588/33
f 945/1590/3 944/4733/3 953/1591/3
f 951/1593/1 943/4734/1 942/1594/1
f 948/1596/1 947/1610/1 938/1597/1
f 946/1599/3 949/1614/3 941/1600/3
f 947/1602/14 946/4735/14 940/1603/14
f 955/1605/3 956/1615/3 950/1592/3
f 954/1606/34 952/1589/34 950/1588/34
f 957/1608/1 951/1593/1 952/1595/1
f 948/1596/1 957/1608/1 954/1609/1
f 947/1611/35 954/4736/35 956/1612/35
f 949/1614/3 946/1599/3 956/1615/3
f 959/1616/9 958/4737/9 960/1617/9
f 965/1619/13 962/4738/13 963/1620/13
f 962/1026/33 965/4739/33 970/1621/33
f 965/1623/3 964/4740/3 973/1624/3
f 971/1626/1 963/4741/1 962/1627/1
f 968/1629/1 967/1643/1 958/1630/1
f 966/1632/3 969/1647/3 961/1633/3
f 967/1635/14 966/4742/14 960/1636/14
f 975/1638/3 976/1648/3 970/1625/3
f 974/1639/34 972/1622/34 970/1621/34
f 977/1641/1 971/1626/1 972/1628/1
f 968/1629/1 977/1641/1 974/1642/1
f 967/1644/35 974/4743/35 976/1645/35
f 969/1647/3 966/1632/3 976/1648/3
f 979/1649/9 978/4744/9 980/1650/9
f 985/1652/13 982/4745/13 983/1653/13
f 982/1655/33 985/4746/33 990/1656/33
f 985/1658/3 984/4747/3 993/1659/3
f 991/1661/1 983/4748/1 982/1662/1
f 988/1664/1 987/1678/1 978/1665/1
f 986/1667/3 989/1682/3 981/1668/3
f 987/1670/14 986/4749/14 980/1671/14
f 995/1673/3 996/1683/3 990/1660/3
f 994/1674/34 992/1657/34 990/1656/34
f 997/1676/1 991/1661/1 992/1663/1
f 988/1664/1 997/1676/1 994/1677/1
f 987/1679/35 994/4750/35 996/1680/35
f 989/1682/3 986/1667/3 996/1683/3
f 999/1684/9 998/1810/9 1000/1685/9
f 1005/1687/13 1002/4751/13 1003/1688/13
f 1002/1690/36 1005/4752/36 1010/1691/36
f 1005/1693/2 1004/1382/2 1013/1694/2
f 1011/1696/14 1003/4753/14 1002/1697/14
f 1008/1699/14 1007/1713/14 998/1700/14
f 1006/1702/2 1009/1716/2 1001/1703/2
f 1007/1705/3 1006/4754/3 1000/1249/3
f 1015/1707/2 1016/1717/2 1010/1695/2
f 1014/1708/37 1012/4755/37 1010/1709/37
f 1017/1711/14 1011/1696/14 1012/1698/14
f 1008/1699/14 1017/1711/14 1014/1712/14
f 1007/1714/38 1014/1708/38 1016/1710/38
f 1009/1716/2 1006/1702/2 1016/1717/2
f 1019/1718/9 1018/4756/9 1020/1719/9
f 1025/1721/13 1022/4757/13 1023/1722/13
f 1022/1723/36 1025/4758/36 1030/1724/36
f 1025/1726/2 1024/4759/2 1033/1727/2
f 1031/1729/14 1023/4760/14 1022/1730/14
f 1028/1732/14 1027/1747/14 1018/1733/14
f 1026/1735/2 1029/1750/2 1021/1736/2
f 1027/1738/3 1026/4761/3 1020/1739/3
f 1035/1741/2 1036/1751/2 1030/1728/2
f 1034/1742/37 1032/4762/37 1030/1743/37
f 1037/1745/14 1031/1729/14 1032/1731/14
f 1028/1732/14 1037/1745/14 1034/1746/14
f 1027/1748/38 1034/1742/38 1036/1744/38
f 1029/1750/2 1026/1735/2 1036/1751/2
f 1041/1752/9 1039/4763/9 1038/1753/9
f 1044/1482/13 1045/1484/13 1042/1180/13
f 1042/1755/36 1045/4764/36 1050/1756/36
f 1045/1758/2 1044/4765/2 1053/1759/2
f 1051/1761/14 1043/4766/14 1042/1762/14
f 1048/1764/14 1047/1779/14 1038/1765/14
f 1046/1767/2 1049/1782/2 1041/1768/2
f 1047/1770/3 1046/4767/3 1040/1771/3
f 1055/1773/2 1056/1783/2 1050/1760/2
f 1054/1774/37 1052/4768/37 1050/1775/37
f 1057/1777/14 1051/1761/14 1052/1763/14
f 1048/1764/14 1057/1777/14 1054/1778/14
f 1047/1780/38 1054/1774/38 1056/1776/38
f 1049/1782/2 1046/1767/2 1056/1783/2
f 1059/1784/9 1058/4769/9 1060/1785/9
f 1065/1787/13 1062/4770/13 1063/1788/13
f 1062/1790/36 1065/4771/36 1070/1791/36
f 1065/1793/2 1064/4772/2 1073/1794/2
f 1071/1796/14 1063/4773/14 1062/1797/14
f 1068/1799/14 1067/1814/14 1058/1800/14
f 1066/1802/2 1069/1817/2 1061/1803/2
f 1067/1805/3 1066/4774/3 1060/1806/3
f 1075/1808/2 1076/1818/2 1070/1795/2
f 1074/1809/37 1072/1685/37 1070/1810/37
f 1077/1812/14 1071/1796/14 1072/1798/14
f 1068/1799/14 1077/1812/14 1074/1813/14
f 1067/1815/38 1074/1809/38 1076/1811/38
f 1069/1817/2 1066/1802/2 1076/1818/2
f 1079/1819/9 1078/4775/9 1080/1820/9
f 1084/1822/13 1085/4776/13 1082/1823/13
f 1082/1825/36 1085/4777/36 1090/1826/36
f 1085/1828/2 1084/4778/2 1093/1829/2
f 1091/1831/14 1083/4779/14 1082/1832/14
f 1088/1834/14 1087/1849/14 1078/1835/14
f 1086/1837/2 1089/1852/2 1081/1838/2
f 1087/1840/3 1086/4780/3 1080/1841/3
f 1095/1843/2 1096/1853/2 1090/1830/2
f 1094/1844/37 1092/4781/37 1090/1845/37
f 1097/1847/14 1091/1831/14 1092/1833/14
f 1088/1834/14 1097/1847/14 1094/1848/14
f 1087/1850/38 1094/1844/38 1096/1846/38
f 1089/1852/2 1086/1837/2 1096/1853/2
f 1099/1854/9 1098/4782/9 1100/1855/9
f 1105/1856/13 1102/4783/13 1103/1857/13
f 1102/1859/36 1105/4784/36 1110/1860/36
f 1105/1862/2 1104/4785/2 1113/1863/2
f 1111/1865/14 1103/4786/14 1102/1866/14
f 1108/1868/14 1107/1883/14 1098/1869/14
f 1106/1871/2 1109/1886/2 1101/1872/2
f 1107/1874/3 1106/4787/3 1100/1875/3
f 1115/1877/2 1116/1887/2 1110/1864/2
f 1114/1878/37 1112/4788/37 1110/1879/37
f 1117/1881/14 1111/1865/14 1112/1867/14
f 1108/1868/14 1117/1881/14 1114/1882/14
f 1107/1884/38 1114/1878/38 1116/1880/38
f 1109/1886/2 1106/1871/2 1116/1887/2
f 1119/1885/9 1118/4789/9 1120/1888/9
f 1125/1889/13 1122/4704/13 1123/1890/13
f 1122/1892/36 1125/4790/36 1130/1893/36
f 1125/1895/2 1124/4791/2 1133/1896/2
f 1131/1898/14 1123/4792/14 1122/1899/14
f 1128/1901/14 1127/1915/14 1118/1902/14
f 1126/1904/2 1129/1918/2 1121/1905/2
f 1127/1906/3 1126/4793/3 1120/1907/3
f 1135/1909/2 1136/1919/2 1130/1897/2
f 1134/1910/37 1132/4794/37 1130/1911/37
f 1137/1913/14 1131/1898/14 1132/1900/14
f 1128/1901/14 1137/1913/14 1134/1914/14
f 1127/1916/38 1134/1910/38 1136/1912/38
f 1129/1918/2 1126/1904/2 1136/1919/2
f 1139/1531/9 1138/4795/9 1140/1920/9
f 1145/1922/13 1142/4759/13 1143/1923/13
f 1142/1925/30 1145/4796/30 1150/1926/30
f 1145/1928/1 1144/4797/1 1153/1929/1
f 1151/1931/3 1143/4798/3 1142/1932/3
f 1148/1934/3 1147/1948/3 1138/1935/3
f 1146/1937/1 1149/1951/1 1141/1938/1
f 1147/1940/2 1146/4799/2 1140/1941/2
f 1155/1943/1 1156/1945/1 1150/1930/1
f 1154/1944/31 1152/4800/31 1150/1930/31
f 1157/1946/3 1151/1931/3 1152/1933/3
f 1148/1934/3 1157/1946/3 1154/1947/3
f 1147/1949/32 1154/4801/32 1156/1950/32
f 1149/1951/1 1146/1937/1 1156/1945/1
f 1159/1952/9 1158/4802/9 1160/1953/9
f 1165/1955/13 1162/1348/13 1163/1956/13
f 1162/1958/33 1165/4803/33 1170/1959/33
f 1165/1961/3 1164/4804/3 1173/1962/3
f 1171/1964/1 1163/4805/1 1162/1965/1
f 1168/1967/1 1167/1981/1 1158/1968/1
f 1166/1970/3 1169/1984/3 1161/1971/3
f 1167/1973/14 1166/4806/14 1160/1974/14
f 1175/1976/3 1176/1985/3 1170/1963/3
f 1174/1977/34 1172/1960/34 1170/1959/34
f 1177/1979/1 1171/1964/1 1172/1966/1
f 1168/1967/1 1177/1979/1 1174/1980/1
f 1167/1982/35 1174/4807/35 1176/1983/35
f 1169/1984/3 1166/1970/3 1176/1985/3
f 1180/1986/1 1181/1998/1 1185/1987/1
f 1180/1986/1 1184/1988/1 1195/1989/1
f 1178/1991/3 1179/2000/3 1183/1992/3
f 1182/1993/3 1183/1992/3 311/1994/3
f 1183/1995/9 1184/4808/9 319/1996/9
f 1184/1988/1 1185/1987/1 327/1997/1
f 1188/591/1 1189/590/1 1181/1998/1
f 1180/1986/1 1193/1990/1 1192/1999/1
f 1186/535/3 1187/534/3 1179/2000/3
f 1191/2001/9 1193/2005/9 1195/2002/9
f 1190/2004/9 1192/4809/9 1193/2005/9
f 1183/1992/39 1194/2013/39 1195/2006/39
f 1179/2000/3 1187/534/3 1190/2008/3
f 1188/2010/40 1192/4810/40 1190/2011/40
f 1179/2000/3 1191/2009/3 1194/2013/3
f 1197/2014/3 1205/2021/3 1209/2015/3
f 1196/2017/3 1204/4811/3 1207/2018/3
f 1197/2014/3 1198/2030/3 1206/2020/3
f 1210/2022/3 1211/2029/3 1203/2023/3
f 1201/2016/3 1209/2015/3 1208/2025/3
f 1199/2019/3 1207/2018/3 1240/2027/3
f 1211/2029/3 1204/4811/3 1196/2017/3
f 1200/2026/3 1208/2025/3 1210/2022/3
f 1198/2030/3 1231/2087/3 1241/2031/3
f 1206/2032/19 1214/2048/19 1213/2033/19
f 1218/2035/14 1219/2044/14 1211/2036/14
f 1217/2038/14 1216/2046/14 1208/2039/14
f 1207/2041/20 1215/2052/20 1250/2042/20
f 1219/2044/14 1212/4812/14 1204/2045/14
f 1216/2046/14 1218/2035/14 1210/2037/14
f 1241/2047/345 1251/4813/345 1214/2048/345
f 1213/2049/14 1217/2038/14 1209/2040/14
f 1204/2051/22 1212/4814/22 1215/2052/22
f 1201/2053/2 1225/2064/2 1221/2054/2
f 1199/2056/23 1223/2066/23 1220/828/23
f 1197/2057/24 1221/4815/24 1222/2058/24
f 1203/2060/2 1227/2068/2 1226/2061/2
f 1200/2063/2 1224/2069/2 1225/2064/2
f 1199/2056/23 1230/2120/23 1260/2065/23
f 1196/2067/2 1220/4816/2 1227/2068/2
f 1202/2062/2 1226/2061/2 1224/2069/2
f 1198/2059/24 1222/2058/24 1261/2070/24
f 1229/2072/3 1235/2083/3 1245/2073/3
f 1243/2075/3 1238/4817/3 1228/2076/3
f 1229/2072/3 1239/2074/3 1242/2078/3
f 1237/2080/3 1247/2085/3 1246/2081/3
f 1235/2083/3 1234/2086/3 1244/2084/3
f 1240/2027/3 1243/2075/3 1233/2077/3
f 1228/2076/3 1238/4817/3 1247/2085/3
f 1234/2086/3 1236/2082/3 1246/2081/3
f 1232/2079/3 1242/2078/3 1241/2031/3
f 1249/2088/23 1252/2101/23 1242/2089/23
f 1247/2091/2 1257/2099/2 1256/2092/2
f 1244/2094/2 1254/2100/2 1255/2095/2
f 1250/2042/25 1253/2104/25 1243/2097/25
f 1238/2098/2 1248/4818/2 1257/2099/2
f 1246/2093/2 1256/2092/2 1254/2100/2
f 1252/2101/346 1251/4813/346 1241/2047/346
f 1245/2096/2 1255/2095/2 1249/2102/2
f 1253/2104/24 1248/4819/24 1238/2105/24
f 1259/2106/14 1265/2117/14 1235/2107/14
f 1258/2109/19 1263/2119/19 1233/2110/19
f 1262/2112/22 1259/4820/22 1229/763/22
f 1266/2114/14 1267/2121/14 1237/2115/14
f 1265/2117/14 1264/2123/14 1234/2118/14
f 1263/2119/19 1260/2065/19 1230/2120/19
f 1267/2121/14 1258/4821/14 1228/2122/14
f 1264/2123/14 1266/2114/14 1236/2116/14
f 1261/2070/22 1262/2112/22 1232/2113/22
f 1275/2124/3 1279/4822/3 1274/2125/3
f 1288/2127/14 1276/4823/14 1283/2128/14
f 1275/2130/9 1277/942/9 1278/2131/9
f 1303/2132/3 1291/2174/3 1268/2133/3
f 1274/2134/13 1281/4824/13 1273/882/13
f 1289/2136/13 1271/4825/13 1276/2137/13
f 1297/2139/3 1270/2126/3 1284/2140/3
f 1284/825/9 1272/4826/9 1282/2142/9
f 1303/2132/3 1275/2124/3 1270/2126/3
f 1308/2141/3 1284/2140/3 1288/2144/3
f 1284/2140/3 1280/4827/3 1289/2146/3
f 1270/2147/14 1273/4828/14 1272/2148/14
f 1276/2150/3 1271/4829/3 1285/2151/3
f 1277/2153/3 1287/4830/3 1286/2154/3
f 1273/2156/3 1281/4831/3 1282/2157/3
f 1268/2159/14 1287/4832/14 1277/2160/14
f 1313/2145/3 1288/2144/3 1269/2162/3
f 1299/2164/3 1305/4833/3 1300/2165/3
f 1310/2167/2 1301/4834/2 1316/2168/2
f 1304/2170/9 1302/909/9 1300/2171/9
f 1303/2132/3 1300/2165/3 1292/2173/3
f 1298/2175/13 1307/4835/13 1299/2176/13
f 1301/716/13 1295/4836/13 1317/2178/13
f 1311/2179/3 1294/2166/3 1297/2139/3
f 1309/755/9 1296/4837/9 1311/2180/9
f 1294/2166/3 1300/2165/3 1303/2132/3
f 1316/2181/3 1311/2179/3 1308/2141/3
f 1317/2182/3 1306/4838/3 1311/2179/3
f 1296/2183/2 1298/4839/2 1294/2184/2
f 1312/2186/3 1295/4840/3 1301/2187/3
f 1302/2189/3 1304/4841/3 1314/2190/3
f 1309/2192/3 1307/957/3 1298/2193/3
f 1302/2195/2 1315/4842/2 1292/2196/2
f 1293/2198/3 1316/2181/3 1313/2145/3
f 1319/2199/3 1321/4843/3 1320/2200/3
f 1325/2202/1 1323/4844/1 1322/2203/1
f 1323/2205/2 1319/4845/2 1318/2206/2
f 1324/307/13 1322/498/13 1318/2208/13
f 1321/2209/9 1319/437/9 1323/274/9
f 1327/2210/3 1329/4846/3 1328/2211/3
f 1333/2213/1 1331/4847/1 1330/2214/1
f 1331/2216/2 1327/4848/2 1326/2217/2
f 1328/2219/13 1332/4849/13 1330/2220/13
f 1329/2222/9 1327/4850/9 1331/363/9
f 1335/2223/3 1337/4851/3 1336/2224/3
f 1341/2226/1 1339/4852/1 1338/2227/1
f 1339/2229/2 1335/4853/2 1334/2230/2
f 1340/2232/13 1338/2372/13 1334/2233/13
f 1337/310/9 1335/2320/9 1339/2235/9
f 1343/2237/3 1345/4854/3 1344/2238/3
f 1349/2240/1 1347/4855/1 1346/2241/1
f 1347/2243/2 1343/4856/2 1342/2244/2
f 1348/2246/13 1346/2374/13 1342/2247/13
f 1345/2248/9 1343/4857/9 1347/2249/9
f 1350/2251/2 1351/4858/2 1353/452/2
f 1357/2253/14 1355/4859/14 1354/2254/14
f 1355/2255/1 1351/4860/1 1350/2256/1
f 1356/2258/13 1354/4861/13 1350/2259/13
f 1353/2261/9 1351/4862/9 1355/2262/9
f 1359/2264/3 1361/4863/3 1360/2265/3
f 1361/2267/14 1365/2250/14 1364/2268/14
f 1365/2270/1 1363/4864/1 1362/2271/1
f 1363/2273/2 1359/4865/2 1358/2274/2
f 1364/2276/13 1362/341/13 1358/2277/13
f 1361/2279/9 1359/412/9 1363/2280/9
f 1367/2282/2 1369/252/2 1368/2283/2
f 1373/2285/14 1371/4866/14 1370/2286/14
f 1371/2288/1 1367/4867/1 1366/2289/1
f 1372/2291/13 1370/4868/13 1366/2260/13
f 1373/519/9 1369/4499/9 1367/2292/9
f 1375/2294/1 1377/4869/1 1376/2295/1
f 1381/2297/3 1379/4870/3 1378/2298/3
f 1379/2300/14 1375/4871/14 1374/2301/14
f 1380/2303/13 1378/4872/13 1374/2304/13
f 1377/2306/9 1375/315/9 1379/2307/9
f 1383/2308/1 1385/4873/1 1384/2309/1
f 1389/2311/3 1387/4874/3 1386/2312/3
f 1387/2314/14 1383/503/14 1382/2315/14
f 1384/2317/13 1388/4875/13 1386/2318/13
f 1385/316/9 1383/2235/9 1387/2320/9
f 1391/2321/1 1393/4876/1 1392/2322/1
f 1397/2324/3 1395/4877/3 1394/2325/3
f 1395/2327/14 1391/4878/14 1390/2328/14
f 1396/2330/13 1394/331/13 1390/330/13
f 1393/307/9 1391/306/9 1395/2332/9
f 1399/2333/14 1401/4879/14 1400/2334/14
f 1405/2336/2 1403/294/2 1402/2337/2
f 1403/2339/3 1399/4880/3 1398/2340/3
f 1400/327/13 1404/4881/13 1402/2342/13
f 1401/2343/9 1399/4882/9 1403/2344/9
f 1407/2346/1 1409/4883/1 1408/2347/1
f 1409/2349/2 1413/4884/2 1412/2350/2
f 1413/2352/3 1411/4885/3 1410/2353/3
f 1411/2355/14 1407/4886/14 1406/2356/14
f 1408/2358/13 1412/4887/13 1410/231/13
f 1409/2360/9 1407/4888/9 1411/2361/9
f 1415/2362/14 1417/4889/14 1416/2363/14
f 1421/2365/2 1419/2353/2 1418/2366/2
f 1419/2368/3 1415/4890/3 1414/2369/3
f 1420/2371/13 1418/2359/13 1414/2372/13
f 1417/2374/9 1415/254/9 1419/2375/9
f 1434/2376/41 1442/2403/41 1445/2377/41
f 1428/2379/3 1436/4891/3 1431/2380/3
f 1424/2382/1 1432/4892/1 1435/2383/1
f 1429/2385/42 1437/2392/42 1436/2386/42
f 1425/2388/43 1433/2394/43 1432/2389/43
f 1426/2391/2 1434/4893/2 1437/2392/2
f 1422/2393/14 1430/4894/14 1433/2394/14
f 1427/2384/44 1435/2383/44 1434/2395/44
f 1423/2381/45 1431/2380/45 1430/2397/45
f 1430/2399/46 1438/2405/46 1441/2400/46
f 1435/2402/47 1443/2409/47 1442/2403/47
f 1431/2404/48 1439/2407/48 1438/2405/48
f 1436/2406/49 1444/2410/49 1439/2407/49
f 1435/2402/50 1432/2411/50 1440/2408/50
f 1436/2406/51 1437/2378/51 1445/2377/51
f 1432/2411/52 1433/2401/52 1441/2400/52
f 1423/2414/13 1422/2376/13 1429/2412/13
f 1422/2376/13 1425/2378/13 1429/2412/13
f 1425/2378/13 1424/4895/13 1427/4896/13
f 1427/4896/13 1426/4897/13 1425/2378/13
f 1426/4897/13 1429/2412/13 1425/2378/13
f 1447/2415/16 1455/4898/16 1454/2416/16
f 1474/2418/3 1459/4899/3 1451/2419/3
f 1460/2421/1 1457/4900/1 1449/2422/1
f 1451/2424/18 1459/4901/18 1458/2425/18
f 1449/2427/15 1457/4902/15 1456/2428/15
f 1458/2425/2 1461/4903/2 1453/2430/2
f 1456/2428/14 1455/4904/14 1447/2431/14
f 1453/2432/17 1461/4905/17 1460/2421/17
f 1446/2433/9 1462/2451/9 1463/2434/9
f 1473/2436/9 1451/2442/9 1467/2437/9
f 1449/2439/9 1465/2445/9 1468/2440/9
f 1451/2442/9 1450/2447/9 1466/2443/9
f 1449/2439/9 1448/2448/9 1464/2444/9
f 1453/2446/9 1469/2449/9 1466/2443/9
f 1447/2435/9 1463/2434/9 1464/2444/9
f 1452/2441/9 1468/2440/9 1469/2449/9
f 1470/2450/9 1472/4906/9 1462/2451/9
f 1454/2416/3 1471/4907/3 1470/2452/3
f 1475/2453/14 1477/4908/14 1474/2454/14
f 1472/2456/2 1470/4909/2 1471/2457/2
f 1479/2459/2 1481/3282/2 1480/2460/2
f 1485/2462/14 1483/4910/14 1482/2463/14
f 1483/2465/1 1479/4911/1 1478/2466/1
f 1484/2468/13 1482/4912/13 1478/2469/13
f 1487/2471/2 1489/4913/2 1488/2472/2
f 1492/2474/14 1493/4914/14 1491/2475/14
f 1485/2477/9 1481/3222/9 1479/2478/9
f 1491/2480/1 1487/4915/1 1486/2481/1
f 1492/2483/347 1490/3361/347 1486/2484/347
f 1495/2486/2 1497/4916/2 1496/2487/2
f 1500/2489/14 1501/4917/14 1499/2490/14
f 1493/2492/348 1489/2671/348 1487/2493/348
f 1498/2495/1 1499/4918/1 1495/2496/1
f 1496/2498/349 1500/4919/349 1498/2499/349
f 1497/2501/350 1495/3209/350 1499/2502/350
f 1503/2504/2 1505/4920/2 1504/2505/2
f 1509/2507/14 1507/4921/14 1506/2508/14
f 1507/2510/1 1503/4922/1 1502/2511/1
f 1508/2513/13 1506/4923/13 1502/2514/13
f 1510/2516/2 1511/4924/2 1513/2517/2
f 1516/2519/14 1517/4925/14 1515/2520/14
f 1509/2522/351 1505/4926/351 1503/2523/351
f 1514/2525/1 1515/4927/1 1511/2526/1
f 1512/2528/352 1516/4928/352 1514/2529/352
f 1519/2531/2 1521/4929/2 1520/2532/2
f 1524/2534/14 1525/4930/14 1523/2535/14
f 1517/2537/9 1513/4931/9 1511/2538/9
f 1523/2540/1 1519/4932/1 1518/2541/1
f 1524/2543/13 1522/4933/13 1518/2544/13
f 1521/2546/353 1519/4934/353 1523/2547/353
f 1527/2549/2 1529/4935/2 1528/2550/2
f 1532/2552/14 1533/4936/14 1531/2553/14
f 1531/2555/1 1527/4937/1 1526/2556/1
f 1532/2558/354 1530/4938/354 1526/2559/354
f 1535/2561/2 1537/4939/2 1536/2562/2
f 1540/2564/14 1541/4940/14 1539/2565/14
f 1529/2567/355 1527/4941/355 1531/2568/355
f 1539/2570/1 1535/4942/1 1534/2571/1
f 1536/2573/356 1540/4943/356 1538/2574/356
f 1543/2576/2 1545/4944/2 1544/2577/2
f 1548/2579/14 1549/4945/14 1547/2580/14
f 1541/2582/357 1537/4946/357 1535/2483/357
f 1547/2584/1 1543/4947/1 1542/2585/1
f 1548/2587/13 1546/2975/13 1542/2588/13
f 1545/2590/358 1543/3075/358 1547/2591/358
f 1551/2593/2 1553/4948/2 1552/2594/2
f 1557/2596/14 1555/3198/14 1554/2597/14
f 1554/2599/1 1555/4949/1 1551/2600/1
f 1556/2602/359 1554/4950/359 1550/2603/359
f 1559/2605/2 1561/4951/2 1560/2606/2
f 1564/2608/14 1565/4952/14 1563/2609/14
f 1553/2611/360 1551/4953/360 1555/2612/360
f 1562/2614/1 1563/4954/1 1559/2615/1
f 1560/2617/361 1564/4955/361 1562/2618/361
f 1567/2620/2 1569/4956/2 1568/2621/2
f 1573/2623/14 1571/4957/14 1570/2624/14
f 1561/2626/362 1559/4958/362 1563/2627/362
f 1570/2629/1 1571/4959/1 1567/2630/1
f 1572/2632/363 1570/4960/363 1566/2633/363
f 1573/2611/9 1569/2613/9 1567/2635/9
f 1575/2637/2 1577/4961/2 1576/2638/2
f 1580/2640/14 1581/4962/14 1579/2641/14
f 1579/2643/1 1575/4963/1 1574/2644/1
f 1576/2646/364 1580/3046/364 1578/2647/364
f 1583/2649/2 1585/3391/2 1584/2650/2
f 1588/2652/14 1589/4964/14 1587/2653/14
f 1581/2655/365 1577/2670/365 1575/2656/365
f 1587/2658/1 1583/4965/1 1582/2659/1
f 1584/2661/366 1588/2995/366 1586/2662/366
f 1591/2664/2 1593/3479/2 1592/2665/2
f 1596/2667/14 1597/4966/14 1595/2668/14
f 1589/2670/367 1585/4967/367 1583/2671/367
f 1595/2673/1 1591/3628/1 1590/2674/1
f 1592/2676/368 1596/4968/368 1594/2677/368
f 1597/2679/369 1593/4969/369 1591/2680/369
f 1599/2682/2 1601/3498/2 1600/2683/2
f 1604/2685/14 1605/4970/14 1603/2686/14
f 1603/2688/1 1599/4971/1 1598/2689/1
f 1600/2691/13 1604/4972/13 1602/2692/13
f 1607/2694/2 1609/4973/2 1608/2695/2
f 1613/2697/14 1611/3439/14 1610/2698/14
f 1605/2700/370 1601/4974/370 1599/2701/370
f 1610/2703/1 1611/4975/1 1607/2704/1
f 1612/2706/371 1610/2524/371 1606/2707/371
f 1614/2709/2 1615/4976/2 1617/2710/2
f 1621/2712/14 1619/3519/14 1618/2713/14
f 1609/2715/9 1607/4977/9 1611/2716/9
f 1619/2718/1 1615/4978/1 1614/2719/1
f 1616/2678/13 1620/4979/13 1618/2721/13
f 1617/2723/9 1615/4980/9 1619/2724/9
f 1623/2726/2 1625/4981/2 1624/2727/2
f 1629/2729/14 1627/4982/14 1626/2730/14
f 1627/2732/1 1623/4983/1 1622/2733/1
f 1628/2735/372 1626/4984/372 1622/2736/372
f 1631/2738/2 1633/4985/2 1632/2739/2
f 1637/2741/14 1635/4986/14 1634/2742/14
f 1625/2744/373 1623/4987/373 1627/2745/373
f 1634/2747/1 1635/4988/1 1631/2748/1
f 1636/2750/374 1634/4989/374 1630/2751/374
f 1639/2753/2 1641/4990/2 1640/2754/2
f 1645/2756/14 1643/4991/14 1642/2757/14
f 1637/2759/375 1633/4992/375 1631/2702/375
f 1642/2761/1 1643/4993/1 1639/2762/1
f 1640/2764/376 1644/4994/376 1642/2765/376
f 1641/2767/377 1639/3685/377 1643/2768/377
f 1646/2770/2 1647/4995/2 1649/2771/2
f 1652/2773/14 1653/4996/14 1651/2774/14
f 1651/2775/1 1647/4997/1 1646/2776/1
f 1648/2778/378 1652/2993/378 1650/2779/378
f 1655/2781/2 1657/4998/2 1656/2782/2
f 1660/2784/14 1661/4999/14 1659/2785/14
f 1649/2787/379 1647/5000/379 1651/2788/379
f 1658/2790/1 1659/5001/1 1655/2791/1
f 1660/2793/380 1658/5002/380 1654/2794/380
f 1663/2796/2 1665/2926/2 1664/2797/2
f 1668/2799/14 1669/5003/14 1667/2800/14
f 1657/2802/9 1655/5004/9 1659/2803/9
f 1667/2805/1 1663/5005/1 1662/2806/1
f 1668/2808/13 1666/5006/13 1662/2809/13
f 1669/2811/381 1665/5007/381 1663/2812/381
f 1657/2814/3 1661/5008/3 1660/2815/3
f 1480/2817/3 1481/5009/3 1485/2818/3
f 1497/2820/3 1501/5010/3 1500/2821/3
f 1671/2823/1 1673/5011/1 1672/2824/1
f 1677/2826/3 1675/5012/3 1674/2827/3
f 1675/2829/14 1671/5013/14 1670/2830/14
f 1676/2832/13 1674/5014/13 1670/2833/13
f 1679/2835/1 1681/5015/1 1680/2836/1
f 1684/2838/3 1685/5016/3 1683/2839/3
f 1673/2841/9 1671/5017/9 1675/2842/9
f 1683/2844/14 1679/5018/14 1678/2845/14
f 1684/2847/382 1682/2892/382 1678/2848/382
f 1687/2850/1 1689/5019/1 1688/2851/1
f 1692/2853/3 1693/5020/3 1691/2854/3
f 1685/2856/383 1681/5021/383 1679/2857/383
f 1690/2859/14 1691/5022/14 1687/2860/14
f 1688/2862/384 1692/5023/384 1690/2863/384
f 1689/2533/385 1687/5024/385 1691/2865/385
f 1695/2867/1 1697/5025/1 1696/2868/1
f 1701/2870/3 1699/5026/3 1698/2871/3
f 1699/2873/14 1695/5027/14 1694/2874/14
f 1700/2876/13 1698/5028/13 1694/2877/13
f 1702/2879/1 1703/5029/1 1705/2880/1
f 1708/2882/3 1709/5030/3 1707/2883/3
f 1701/2885/386 1697/5031/386 1695/2886/386
f 1706/2888/14 1707/5032/14 1703/2889/14
f 1704/2847/387 1708/5033/387 1706/2891/387
f 1711/2893/1 1713/5034/1 1712/2894/1
f 1716/2896/3 1717/5035/3 1715/2897/3
f 1709/2898/9 1705/3109/9 1703/2899/9
f 1715/2901/14 1711/5036/14 1710/2902/14
f 1716/2634/13 1714/5037/13 1710/2904/13
f 1713/2906/388 1711/5038/388 1715/2907/388
f 1719/2909/1 1721/5039/1 1720/2910/1
f 1724/2912/3 1725/5040/3 1723/2913/3
f 1723/2915/14 1719/5041/14 1718/2916/14
f 1724/2918/389 1722/3069/389 1718/2919/389
f 1727/2921/1 1729/5042/1 1728/2922/1
f 1732/2924/3 1733/5043/3 1731/2925/3
f 1721/2927/390 1719/3060/390 1723/2928/390
f 1731/2930/14 1727/5044/14 1726/2931/14
f 1728/2933/391 1732/5045/391 1730/2934/391
f 1735/2936/1 1737/5046/1 1736/2937/1
f 1740/2939/3 1741/5047/3 1739/2940/3
f 1733/2942/392 1729/5048/392 1727/2943/392
f 1739/2945/14 1735/5049/14 1734/2946/14
f 1740/2948/13 1738/5050/13 1734/2949/13
f 1737/2951/393 1735/5051/393 1739/2952/393
f 1743/2954/1 1745/5052/1 1744/2955/1
f 1749/2957/3 1747/5053/3 1746/2958/3
f 1746/2960/14 1747/5054/14 1743/2961/14
f 1748/2963/394 1746/5049/394 1742/2964/394
f 1751/2966/1 1753/5055/1 1752/2967/1
f 1756/2969/3 1757/5056/3 1755/2970/3
f 1745/2972/395 1743/5057/395 1747/2973/395
f 1754/2975/14 1755/5058/14 1751/2976/14
f 1752/2978/396 1756/5059/396 1754/2979/396
f 1759/2981/1 1761/5060/1 1760/2982/1
f 1765/2984/3 1763/5061/3 1762/2985/3
f 1753/2987/397 1751/2993/397 1755/2988/397
f 1762/2990/14 1763/5062/14 1759/2991/14
f 1764/2993/398 1762/2987/398 1758/2994/398
f 1765/2995/9 1761/3711/9 1759/2972/9
f 1767/2997/1 1769/5063/1 1768/2998/1
f 1772/3000/3 1773/4951/3 1771/3001/3
f 1771/3003/14 1767/3583/14 1766/3004/14
f 1768/2671/399 1772/5064/399 1770/3006/399
f 1775/3008/1 1777/5065/1 1776/3009/1
f 1780/3011/3 1781/5066/3 1779/3012/3
f 1773/3014/400 1769/3109/400 1767/2600/400
f 1779/3016/14 1775/5067/14 1774/3017/14
f 1776/3019/401 1780/5068/401 1778/3020/401
f 1783/3022/1 1785/5069/1 1784/3023/1
f 1788/3025/3 1789/5070/3 1787/3026/3
f 1781/3027/402 1777/5071/402 1775/3028/402
f 1787/3030/14 1783/5072/14 1782/3031/14
f 1784/2993/403 1788/5073/403 1786/3033/403
f 1789/2768/404 1785/5074/404 1783/3035/404
f 1791/3037/1 1793/5075/1 1792/3038/1
f 1796/3040/3 1797/5076/3 1795/3041/3
f 1795/3043/14 1791/5077/14 1790/3044/14
f 1792/3046/13 1796/5078/13 1794/3047/13
f 1799/3049/1 1801/5079/1 1800/3050/1
f 1805/3052/3 1803/5080/3 1802/2798/3
f 1797/3054/405 1793/5081/405 1791/3055/405
f 1802/3057/14 1803/5082/14 1799/3058/14
f 1804/3060/406 1802/5083/406 1798/3061/406
f 1806/3063/1 1807/5084/1 1809/3064/1
f 1813/3066/3 1811/5085/3 1810/3067/3
f 1801/3069/9 1799/5086/9 1803/3070/9
f 1811/3071/14 1807/5087/14 1806/3072/14
f 1808/2494/13 1812/5088/13 1810/3074/13
f 1809/3075/9 1807/5089/9 1811/3076/9
f 1815/3077/1 1817/5090/1 1816/3078/1
f 1821/3080/3 1819/5091/3 1818/3081/3
f 1819/3083/14 1815/5092/14 1814/3084/14
f 1820/3086/407 1818/5093/407 1814/3087/407
f 1823/3089/1 1825/5094/1 1824/3090/1
f 1829/3092/3 1827/5095/3 1826/3093/3
f 1817/3095/408 1815/2672/408 1819/2671/408
f 1826/3097/14 1827/5096/14 1823/3098/14
f 1828/3100/409 1826/5097/409 1822/3101/409
f 1831/3103/1 1833/5098/1 1832/3104/1
f 1837/3106/3 1835/5099/3 1834/3107/3
f 1829/3109/410 1825/3014/410 1823/3110/410
f 1834/3111/14 1835/5100/14 1831/3112/14
f 1832/3114/411 1836/5101/411 1834/3086/411
f 1833/3116/412 1831/5102/412 1835/2583/412
f 1838/3118/1 1839/5103/1 1841/3119/1
f 1844/3121/3 1845/5104/3 1843/3122/3
f 1843/3124/14 1839/5105/14 1838/3125/14
f 1840/3127/413 1844/5106/413 1842/3128/413
f 1847/3130/1 1849/5107/1 1848/3131/1
f 1852/3133/3 1853/5108/3 1851/3134/3
f 1841/3006/414 1839/2492/414 1843/2789/414
f 1850/3137/14 1851/5109/14 1847/3138/14
f 1852/3140/415 1850/3149/415 1846/3141/415
f 1855/3143/1 1857/3042/1 1856/3144/1
f 1860/3146/3 1861/5110/3 1859/3147/3
f 1849/3149/9 1847/3140/9 1851/3150/9
f 1859/3152/14 1855/5111/14 1854/3153/14
f 1860/3155/13 1858/5112/13 1854/3156/13
f 1861/3158/416 1857/5113/416 1855/3159/416
f 1849/3161/2 1853/5114/2 1852/3162/2
f 1672/3164/2 1673/5115/2 1677/3165/2
f 1689/3167/2 1693/5116/2 1692/3168/2
f 1863/3170/3 1865/5117/3 1864/3171/3
f 1868/3173/1 1869/5118/1 1867/3174/1
f 1867/3176/2 1863/5119/2 1862/3177/2
f 1868/3179/417 1866/5120/417 1862/3180/417
f 1871/3182/3 1873/5121/3 1872/3183/3
f 1876/3185/1 1877/5122/1 1875/3186/1
f 1865/3188/9 1863/5123/9 1867/3189/9
f 1875/3191/2 1871/5124/2 1870/3192/2
f 1876/2582/418 1874/2583/418 1870/3194/418
f 1878/3196/3 1879/5125/3 1881/3197/3
f 1884/3199/1 1885/5126/1 1883/3200/1
f 1877/3202/419 1873/3114/419 1871/3203/419
f 1882/3204/2 1883/5127/2 1879/3205/2
f 1880/3207/420 1884/5128/420 1882/3208/420
f 1885/3210/421 1881/2863/421 1879/3211/421
f 1887/3213/3 1889/5129/3 1888/3214/3
f 1892/3216/1 1893/5130/1 1891/3217/1
f 1891/3219/2 1887/5131/2 1886/3220/2
f 1888/3222/422 1892/2477/422 1890/3223/422
f 1894/3225/3 1895/5132/3 1897/3226/3
f 1900/3228/1 1901/5133/1 1899/3229/1
f 1889/3231/9 1887/5134/9 1891/3232/9
f 1898/3234/2 1899/5044/2 1895/3235/2
f 1896/3237/423 1900/5135/423 1898/3238/423
f 1902/3240/3 1903/5136/3 1905/3241/3
f 1908/3242/1 1909/5137/1 1907/3243/1
f 1901/2627/9 1897/5138/9 1895/2860/9
f 1907/3246/2 1903/3055/2 1902/3247/2
f 1904/3249/424 1908/5139/424 1906/3250/424
f 1905/3252/425 1903/5140/425 1907/3253/425
f 1910/3255/3 1911/5141/3 1913/3256/3
f 1916/3258/1 1917/5142/1 1915/3259/1
f 1915/3261/2 1911/5143/2 1910/3262/2
f 1912/3264/426 1916/3472/426 1914/3265/426
f 1919/3267/3 1921/5144/3 1920/3268/3
f 1924/3270/1 1925/5145/1 1923/3271/1
f 1913/3273/427 1911/5146/427 1915/3274/427
f 1923/3276/2 1919/5147/2 1918/3277/2
f 1920/3279/428 1924/5148/428 1922/3280/428
f 1927/3281/3 1929/5149/3 1928/3282/3
f 1932/3284/1 1933/5150/1 1931/3285/1
f 1925/3287/429 1921/3603/429 1919/3288/429
f 1931/3290/2 1927/5151/2 1926/3291/2
f 1928/3293/430 1932/5152/430 1930/2971/430
f 1933/3295/431 1929/5153/431 1927/3296/431
f 1935/3298/3 1937/5154/3 1936/3299/3
f 1940/3301/1 1941/5155/1 1939/3302/1
f 1938/3304/2 1939/5156/2 1935/3305/2
f 1936/3212/432 1940/3211/432 1938/3307/432
f 1943/3309/3 1945/5157/3 1944/3310/3
f 1948/3312/1 1949/5158/1 1947/3313/1
f 1941/3315/433 1937/5159/433 1935/3273/433
f 1946/3317/2 1947/5160/2 1943/3318/2
f 1944/3320/434 1948/5161/434 1946/2787/434
f 1951/3321/3 1953/5162/3 1952/3322/3
f 1957/3324/1 1955/5163/1 1954/3325/1
f 1945/3327/435 1943/5164/435 1947/3328/435
f 1954/3330/2 1955/5165/2 1951/3331/2
f 1956/3333/436 1954/5166/436 1950/3334/436
f 1957/3336/437 1953/5167/437 1951/3337/437
f 1959/3339/3 1961/5168/3 1960/3340/3
f 1965/3342/1 1963/5169/1 1962/3343/1
f 1963/3345/2 1959/5170/2 1958/2660/2
f 1964/3347/438 1962/5171/438 1958/3348/438
f 1967/3350/3 1969/5172/3 1968/3351/3
f 1972/3353/1 1973/5173/1 1971/3354/1
f 1961/3356/439 1959/5174/439 1963/3357/439
f 1971/3359/2 1967/5175/2 1966/3360/2
f 1968/2483/440 1972/5176/440 1970/3018/440
f 1975/3363/3 1977/5177/3 1976/3364/3
f 1981/3366/1 1979/5178/1 1978/3367/1
f 1973/3369/441 1969/2558/441 1967/3370/441
f 1979/3372/2 1975/5179/2 1974/3373/2
f 1980/3375/13 1978/5180/13 1974/3376/13
f 1977/3377/442 1975/5181/442 1979/3378/442
f 1983/3380/3 1985/5182/3 1984/2856/3
f 1988/3382/1 1989/5183/1 1987/3383/1
f 1987/3385/2 1983/5184/2 1982/3386/2
f 1984/3388/443 1988/5185/443 1986/3389/443
f 1991/3391/3 1993/5186/3 1992/3392/3
f 1997/3394/1 1995/5187/1 1994/3395/1
f 1989/2840/444 1985/5188/444 1983/3397/444
f 1994/3399/2 1995/5189/2 1991/3099/2
f 1996/3195/445 1994/3194/445 1990/3401/445
f 1999/3403/3 2001/5190/3 2000/3404/3
f 2004/3406/1 2005/5191/1 2003/3407/1
f 1993/3409/9 1991/5192/9 1995/3165/9
f 2003/3411/2 1999/5193/2 1998/3412/2
f 2000/3414/446 2004/5194/446 2002/3415/446
f 2005/3417/447 2001/5195/447 1999/3418/447
f 2006/3420/3 2007/5196/3 2009/3421/3
f 2013/3423/1 2011/5197/1 2010/3424/1
f 2011/3426/2 2007/5198/2 2006/3427/2
f 2008/3429/13 2012/5199/13 2010/3430/13
f 2015/3432/3 2017/5200/3 2016/3433/3
f 2021/3435/1 2019/5201/1 2018/3436/1
f 2009/3438/448 2007/5202/448 2011/3439/448
f 2018/3441/2 2019/5203/2 2015/3400/2
f 2020/3443/449 2018/5204/449 2014/3444/449
f 2022/3446/3 2023/5205/3 2025/3447/3
f 2029/3449/1 2027/5206/1 2026/3450/1
f 2021/2877/450 2017/5207/450 2015/3452/450
f 2026/3454/2 2027/5208/2 2023/3455/2
f 2028/3457/451 2026/5209/451 2022/3458/451
f 2025/3460/452 2023/5210/452 2027/3461/452
f 2030/3463/3 2031/5211/3 2033/3464/3
f 2036/3466/1 2037/5212/1 2035/3467/1
f 2035/3469/2 2031/5213/2 2030/3470/2
f 2032/3471/453 2036/5214/453 2034/3472/453
f 2038/3473/3 2039/5215/3 2041/3474/3
f 2044/3135/1 2045/5216/1 2043/3476/1
f 2033/3478/454 2031/2518/454 2035/3479/454
f 2042/3481/2 2043/5217/2 2039/3482/2
f 2044/3142/455 2042/5218/455 2038/3484/455
f 2047/3486/3 2049/5219/3 2048/3487/3
f 2052/3489/1 2053/5220/1 2051/3490/1
f 2041/2795/9 2039/5221/9 2043/3492/9
f 2051/3494/2 2047/5222/2 2046/3495/2
f 2048/3496/456 2052/5223/456 2050/3497/456
f 2053/3499/457 2049/3379/457 2047/3378/457
f 1881/3501/14 1885/5224/14 1884/3502/14
f 1865/3504/14 1869/5089/14 1868/3505/14
f 2041/3507/14 2045/5225/14 2044/3508/14
f 2055/3510/14 2057/5226/14 2056/3511/14
f 2061/3513/2 2059/5227/2 2058/3514/2
f 2059/3516/3 2055/5228/3 2054/3517/3
f 2060/3519/13 2058/5229/13 2054/3520/13
f 2063/3522/14 2065/5230/14 2064/3523/14
f 2068/3297/2 2069/5231/2 2067/3525/2
f 2057/3527/9 2055/5232/9 2059/3528/9
f 2067/3530/3 2063/5233/3 2062/3531/3
f 2068/2483/458 2066/4946/458 2062/3533/458
f 2071/3535/14 2073/5234/14 2072/3536/14
f 2076/3538/2 2077/5235/2 2075/3539/2
f 2069/3541/459 2065/5236/459 2063/3542/459
f 2074/3544/3 2075/4930/3 2071/3545/3
f 2072/3546/460 2076/5237/460 2074/3547/460
f 2073/3549/461 2071/5238/461 2075/3550/461
f 2079/3552/14 2081/5239/14 2080/3553/14
f 2085/3555/2 2083/5240/2 2082/3556/2
f 2083/3558/3 2079/5241/3 2078/3559/3
f 2084/3561/13 2082/2602/13 2078/3562/13
f 2086/3564/14 2087/5242/14 2089/3565/14
f 2092/3567/2 2093/5243/2 2091/3232/2
f 2085/3569/462 2081/5244/462 2079/3570/462
f 2090/3572/3 2091/5245/3 2087/3573/3
f 2088/3095/463 2092/5246/463 2090/3575/463
f 2095/3577/14 2097/5247/14 2096/3578/14
f 2100/3579/2 2101/5248/2 2099/3580/2
f 2093/3582/9 2089/5249/9 2087/3583/9
f 2099/3585/3 2095/5250/3 2094/3586/3
f 2100/3588/13 2098/5251/13 2094/3589/13
f 2097/3590/464 2095/5252/464 2099/3591/464
f 2103/3593/14 2105/5253/14 2104/3594/14
f 2108/3596/2 2109/5254/2 2107/3597/2
f 2107/3599/3 2103/5255/3 2102/2848/3
f 2108/3601/465 2106/3718/465 2102/3602/465
f 2111/3604/14 2113/5256/14 2112/3605/14
f 2116/3607/2 2117/5257/2 2115/3608/2
f 2105/3610/466 2103/5258/466 2107/3611/466
f 2115/3613/3 2111/5259/3 2110/3483/3
f 2112/3615/467 2116/5260/467 2114/3616/467
f 2119/3618/14 2121/5261/14 2120/3619/14
f 2124/3621/2 2125/5262/2 2123/3622/2
f 2117/3624/468 2113/3599/468 2111/3625/468
f 2123/3627/3 2119/5263/3 2118/3628/3
f 2124/3630/13 2122/5264/13 2118/3631/13
f 2121/3633/469 2119/5265/469 2123/3634/469
f 2127/3636/14 2129/5266/14 2128/3637/14
f 2132/3639/2 2133/5267/2 2131/3640/2
f 2131/3642/3 2127/5268/3 2126/3643/3
f 2128/3645/470 2132/5269/470 2130/3646/470
f 2133/3647/471 2129/5270/471 2127/3648/471
f 2135/3650/14 2137/5271/14 2136/3625/14
f 2140/3652/2 2141/5272/2 2139/3653/2
f 2139/3637/3 2135/5273/3 2134/3655/3
f 2136/3657/13 2140/5274/13 2138/3658/13
f 2143/3659/14 2145/5275/14 2144/3660/14
f 2149/3662/2 2147/5276/2 2146/3663/2
f 2141/3664/472 2137/3657/472 2135/3665/472
f 2146/3667/3 2147/5277/3 2143/3668/3
f 2148/2891/473 2146/5278/473 2142/3670/473
f 2150/3671/14 2151/5279/14 2153/3672/14
f 2157/3674/2 2155/5280/2 2154/3675/2
f 2145/3676/9 2143/5281/9 2147/3677/9
f 2155/3679/3 2151/5282/3 2150/3680/3
f 2152/3682/13 2156/5283/13 2154/3683/13
f 2153/3685/9 2151/2767/9 2155/3686/9
f 2159/3688/14 2161/5284/14 2160/3689/14
f 2165/3691/2 2163/5285/2 2162/3692/2
f 2163/3693/3 2159/5286/3 2158/3694/3
f 2164/3696/474 2162/5287/474 2158/3697/474
f 2167/3699/14 2169/3106/14 2168/3700/14
f 2173/3702/2 2171/5288/2 2170/3703/2
f 2161/3705/475 2159/5289/475 2163/3706/475
f 2170/3708/3 2171/4936/3 2167/3709/3
f 2172/3541/476 2170/5290/476 2166/3711/476
f 2175/3713/14 2177/5291/14 2176/3714/14
f 2181/3716/2 2179/5292/2 2178/3717/2
f 2173/3719/477 2169/5293/477 2167/3720/477
f 2178/3722/3 2179/5294/3 2175/3723/3
f 2176/3725/478 2180/3729/478 2178/3726/478
f 2177/2715/479 2175/2513/479 2179/3728/479
f 2182/3730/14 2183/4956/14 2185/3731/14
f 2188/3733/2 2189/5295/2 2187/3734/2
f 2187/3648/3 2183/5296/3 2182/3736/3
f 2184/3738/480 2188/5297/480 2186/3739/480
f 2191/3741/14 2193/5298/14 2192/3742/14
f 2196/3744/2 2197/5275/2 2195/3745/2
f 2185/3747/481 2183/5299/481 2187/3748/481
f 2194/3750/3 2195/5300/3 2191/3751/3
f 2196/3753/482 2194/5301/482 2190/3754/482
f 2199/3756/14 2201/5302/14 2200/3757/14
f 2204/3759/2 2205/5303/2 2203/3760/2
f 2193/3755/9 2191/3754/9 2195/3762/9
f 2203/3764/3 2199/5304/3 2198/3765/3
f 2204/3767/13 2202/2900/13 2198/3768/13
f 2205/3769/483 2201/2898/483 2199/3770/483
f 2193/3772/1 2197/5305/1 2196/3773/1
f 2056/3775/1 2057/5306/1 2061/3776/1
f 2073/3778/1 2077/5307/1 2076/3779/1
f 2207/3780/484 2209/5308/484 2208/3781/484
f 2208/3783/1 2209/5309/1 2225/3784/1
f 2223/3786/485 2207/5310/485 2206/3787/485
f 2224/3789/486 2222/5311/486 2206/3790/486
f 2209/3792/487 2207/5312/487 2223/3793/487
f 2211/3795/13 2213/5313/13 2212/3796/13
f 2212/3798/1 2213/5314/1 2217/3799/1
f 2217/3801/9 2215/5315/9 2214/3802/9
f 2214/3804/211 2215/5316/211 2211/3805/211
f 2216/3807/488 2214/5317/488 2210/3808/488
f 2217/3810/489 2213/5318/489 2211/3811/489
f 2220/3813/490 2221/3816/490 2219/3814/490
f 2220/3813/1 2224/3785/1 2225/3784/1
f 2222/3817/14 2223/5319/14 2225/3818/14
f 2218/3820/491 2219/5320/491 2223/3786/491
f 2218/3821/492 2222/5311/492 2224/3789/492
f 2223/3793/493 2219/5321/493 2221/3823/493
f 2228/3824/13 2229/5322/13 2227/3825/13
f 2228/3827/1 2232/5323/1 2233/3828/1
f 2230/3830/9 2231/5324/9 2233/3831/9
f 2230/3833/494 2226/5325/494 2227/3834/494
f 2226/3836/495 2230/5326/495 2232/3837/495
f 2233/3828/496 2231/5327/496 2227/3839/496
f 2235/3840/213 2255/5328/213 2253/3841/213
f 2236/3843/1 2257/5329/1 2255/3844/1
f 2237/3846/214 2259/3850/214 2257/3847/214
f 2238/3849/215 2261/3880/215 2259/3850/215
f 2239/3851/3 2263/5330/3 2261/3852/3
f 2234/3842/216 2253/3841/216 2263/3854/216
f 2243/3856/256 2244/5331/256 2238/3849/256
f 2235/3845/1 2241/3870/1 2242/3857/1
f 2244/3858/3 2245/3865/3 2239/3851/3
f 2234/3842/497 2240/5332/497 2241/3859/497
f 2236/3848/498 2242/5333/498 2243/3856/498
f 2245/3860/255 2240/5332/255 2234/3842/255
f 2240/3861/499 2245/5334/499 2251/3862/499
f 2250/3864/3 2251/5335/3 2245/3865/3
f 2242/3866/500 2248/5336/500 2249/3867/500
f 2244/3858/259 2243/5337/259 2249/3869/259
f 2241/3870/1 2247/3873/1 2248/3871/1
f 2240/3872/501 2246/5338/501 2247/3873/501
f 2253/3841/502 2255/5328/502 2277/3874/502
f 2255/3844/226 2257/5329/226 2278/3876/226
f 2278/3878/503 2257/3847/503 2259/3850/503
f 2279/3879/504 2259/3850/504 2261/3880/504
f 2261/3852/229 2263/5330/229 2281/3882/229
f 2263/3854/505 2253/3841/505 2276/3875/505
f 2260/3885/506 2268/5339/506 2267/3886/506
f 2254/3888/232 2256/5340/232 2266/3889/232
f 2262/3891/233 2269/3903/233 2268/3892/233
f 2252/3894/507 2254/3924/507 2265/3895/507
f 2256/3897/508 2258/3887/508 2267/3886/508
f 2252/3894/509 2264/3896/509 2269/3899/509
f 2264/3901/510 2270/5341/510 2275/3902/510
f 2269/3903/511 2275/3902/511 2274/3904/511
f 2273/3905/512 2272/3910/512 2266/3889/512
f 2268/3907/513 2274/5342/513 2273/3908/513
f 2272/3910/241 2271/5343/241 2265/3890/241
f 2271/3911/514 2270/5344/514 2264/3912/514
f 2281/3884/515 2276/3875/515 2287/3914/515
f 2280/3883/516 2281/3882/516 2286/3916/516
f 2284/3918/517 2279/3879/517 2280/3881/517
f 2283/3920/518 2278/3878/518 2279/3879/518
f 2277/3877/247 2278/3876/247 2283/3921/247
f 2276/3875/519 2277/3874/519 2282/3923/519
f 2252/3894/249 2287/3914/249 2282/3923/249
f 2282/3922/250 2283/3921/250 2256/3925/250
f 2283/3920/251 2284/3918/251 2258/3887/251
f 2284/3918/252 2285/3919/252 2260/3885/252
f 2285/3917/253 2286/3916/253 2262/3927/253
f 2262/3900/254 2286/3915/254 2287/3914/254
f 2307/3929/216 2309/5345/216 2289/3930/216
f 2309/3932/3 2311/5346/3 2290/3933/3
f 2311/3935/215 2313/3938/215 2291/3936/215
f 2313/3938/214 2315/5347/214 2292/3939/214
f 2315/3940/1 2317/5348/1 2293/3941/1
f 2317/3943/213 2307/3929/213 2288/3931/213
f 2292/3939/498 2298/5349/498 2297/3945/498
f 2289/3934/3 2290/3933/3 2296/3946/3
f 2293/3941/1 2299/3955/1 2298/3948/1
f 2288/3931/520 2289/3930/520 2295/3949/520
f 2290/3937/217 2291/3936/217 2297/3945/217
f 2288/3931/497 2294/3950/497 2299/3952/497
f 2294/3953/521 2300/5350/521 2305/3954/521
f 2299/3955/1 2305/3954/1 2304/3956/1
f 2303/3957/223 2302/3962/223 2296/3946/223
f 2298/3959/500 2304/5351/500 2303/3960/500
f 2302/3962/3 2301/5352/3 2295/3947/3
f 2301/3963/522 2300/5353/522 2294/3964/522
f 2308/3966/216 2309/5345/216 2307/3929/216
f 2310/3968/3 2311/5346/3 2309/3932/3
f 2312/3970/215 2313/3938/215 2311/3935/215
f 2314/3972/214 2315/5347/214 2313/3938/214
f 2316/3973/1 2317/5348/1 2315/3940/1
f 2306/3967/213 2307/3929/213 2317/3943/213
f 2321/3976/523 2322/5354/523 2314/3972/523
f 2308/3969/3 2319/3990/3 2320/3977/3
f 2322/3978/1 2323/3985/1 2316/3973/1
f 2306/3967/524 2318/5355/524 2319/3979/524
f 2310/3971/525 2320/5356/525 2321/3976/525
f 2323/3980/526 2318/5355/526 2306/3967/526
f 2318/3981/527 2323/5357/527 2329/3982/527
f 2328/3984/1 2329/5358/1 2323/3985/1
f 2320/3986/528 2326/5359/528 2327/3987/528
f 2322/3978/529 2321/5360/529 2327/3989/529
f 2319/3990/3 2325/3993/3 2326/3991/3
f 2318/3992/530 2324/5361/530 2325/3993/530
f 2349/3994/216 2351/5362/216 2331/3995/216
f 2351/3997/3 2353/5363/3 2332/3998/3
f 2353/4000/215 2355/4003/215 2333/4001/215
f 2355/4003/214 2357/5364/214 2334/4004/214
f 2357/4005/1 2359/5365/1 2335/4006/1
f 2359/4008/213 2349/3994/213 2330/3996/213
f 2334/4004/498 2340/5366/498 2339/4010/498
f 2331/3999/3 2332/3998/3 2338/4011/3
f 2335/4006/1 2341/4020/1 2340/4013/1
f 2330/3996/520 2331/3995/520 2337/4014/520
f 2332/4002/217 2333/4001/217 2339/4010/217
f 2330/3996/497 2336/4015/497 2341/4017/497
f 2336/4018/521 2342/5367/521 2347/4019/521
f 2341/4020/1 2347/4019/1 2346/4021/1
f 2345/4022/223 2344/4027/223 2338/4011/223
f 2340/4024/500 2346/5368/500 2345/4025/500
f 2344/4027/3 2343/5369/3 2337/4012/3
f 2343/4028/522 2342/5370/522 2336/4029/522
f 2350/4031/216 2351/5362/216 2349/3994/216
f 2352/4033/3 2353/5363/3 2351/3997/3
f 2354/4035/215 2355/4003/215 2353/4000/215
f 2356/4037/214 2357/5364/214 2355/4003/214
f 2358/4038/1 2359/5365/1 2357/4005/1
f 2348/4032/213 2349/3994/213 2359/4008/213
f 2363/4041/523 2364/5371/523 2356/4037/523
f 2350/4034/3 2361/4055/3 2362/4042/3
f 2364/4043/1 2365/4050/1 2358/4038/1
f 2348/4032/524 2360/5372/524 2361/4044/524
f 2352/4036/525 2362/5373/525 2363/4041/525
f 2365/4045/526 2360/5372/526 2348/4032/526
f 2360/4046/527 2365/5374/527 2371/4047/527
f 2370/4049/1 2371/5375/1 2365/4050/1
f 2362/4051/528 2368/5376/528 2369/4052/528
f 2364/4043/529 2363/5377/529 2369/4054/529
f 2361/4055/3 2367/4058/3 2368/4056/3
f 2360/4057/530 2366/5378/530 2367/4058/530
f 2399/4059/9 2396/4104/9 2401/4060/9
f 2403/4062/2 2400/5379/2 2376/4063/2
f 2423/4065/9 2420/4147/9 2425/4066/9
f 2397/4068/14 2398/5380/14 2374/4069/14
f 2378/4071/13 2376/5381/13 2372/4072/13
f 2378/4076/1 2374/2418/1 2399/5382/1
f 2374/2418/1 2398/5383/1 2399/5382/1
f 2399/5382/1 2402/4074/1 2378/4076/1
f 2381/4077/269 2383/5384/269 2382/4078/269
f 2383/4080/270 2385/4083/270 2384/4081/270
f 2385/4083/271 2387/5385/271 2386/4084/271
f 2387/4085/272 2389/5386/272 2388/4086/272
f 2389/4088/273 2391/5387/273 2390/4089/273
f 2390/4091/274 2391/5388/274 2393/4092/274
f 2385/4095/3 2383/5389/3 2393/4094/3
f 2383/5389/3 2381/5390/3 2393/4094/3
f 2381/5390/3 2395/5391/3 2393/4094/3
f 2393/4094/3 2391/5387/3 2389/4088/3
f 2389/4088/3 2387/5392/3 2385/4095/3
f 2392/4093/275 2393/4092/275 2395/4096/275
f 2395/4098/276 2381/5393/276 2380/4099/276
f 2394/4101/1 2380/4079/1 2382/4078/1
f 2382/4078/1 2384/5394/1 2386/4102/1
f 2386/4102/1 2388/5395/1 2394/4101/1
f 2388/5395/1 2390/5396/1 2394/4101/1
f 2390/5396/1 2392/5397/1 2394/4101/1
f 2399/4059/277 2398/5398/277 2397/4103/277
f 2401/4060/278 2400/5399/278 2403/4105/278
f 2372/4108/3 2376/5400/3 2401/5401/3
f 2376/5400/3 2400/5402/3 2401/5401/3
f 2401/5401/3 2396/4106/3 2372/4108/3
f 2427/4109/2 2424/5403/2 2375/4110/2
f 2421/4112/14 2422/5404/14 2377/4113/14
f 2373/4115/13 2375/5405/13 2379/4073/13
f 2373/4119/1 2377/5406/1 2423/5407/1
f 2377/5406/1 2422/5408/1 2423/5407/1
f 2423/5407/1 2426/4117/1 2373/4119/1
f 2405/4120/269 2407/5409/269 2406/4121/269
f 2407/4123/270 2409/4126/270 2408/4124/270
f 2409/4126/271 2411/5410/271 2410/4127/271
f 2411/4128/272 2413/5411/272 2412/4129/272
f 2413/4131/273 2415/5412/273 2414/4132/273
f 2415/4134/274 2417/5413/274 2416/4135/274
f 2409/4138/3 2407/5414/3 2417/4137/3
f 2407/5414/3 2405/5415/3 2417/4137/3
f 2405/5415/3 2419/5416/3 2417/4137/3
f 2417/4137/3 2415/5412/3 2413/4131/3
f 2413/4131/3 2411/5417/3 2409/4138/3
f 2416/4135/275 2417/5413/275 2419/4139/275
f 2419/4141/276 2405/5418/276 2404/4142/276
f 2418/4144/1 2404/4122/1 2406/4121/1
f 2406/4121/1 2408/5419/1 2410/4145/1
f 2410/4145/1 2412/5420/1 2418/4144/1
f 2412/5420/1 2414/5421/1 2418/4144/1
f 2414/5421/1 2416/5422/1 2418/4144/1
f 2423/4065/279 2422/5423/279 2421/4146/279
f 2425/4066/278 2424/5424/278 2427/4072/278
f 2379/4150/3 2375/5425/3 2425/5426/3
f 2375/5425/3 2424/5427/3 2425/5426/3
f 2425/5426/3 2420/4148/3 2379/4150/3
f 2437/4151/531 2429/5428/531 2428/4152/531
f 2453/4154/281 2435/5429/281 2430/4155/281
f 2429/4157/13 2433/5430/13 2432/4158/13
f 2439/4160/282 2433/5431/282 2429/4161/282
f 2435/4163/9 2434/5432/9 2431/4164/9
f 2445/4166/283 2439/4160/283 2437/4162/283
f 2432/4168/284 2438/4181/284 2436/4169/284
f 2446/4171/532 2444/5433/532 2437/4151/532
f 2441/4172/286 2449/4194/286 2448/4173/286
f 2450/4175/533 2442/4183/533 2440/4176/533
f 2447/4178/288 2441/5434/288 2440/4179/288
f 2438/4181/289 2447/5435/289 2446/4182/289
f 2442/4183/534 2444/5433/534 2446/4171/534
f 2443/4184/282 2445/4166/282 2444/4167/282
f 2452/4186/535 2454/4193/535 2450/4175/535
f 2455/4187/292 2451/4265/292 2450/4188/292
f 2434/4190/293 2455/4187/293 2454/4189/293
f 2430/4192/327 2431/5436/327 2454/4193/327
f 2449/4194/284 2453/4154/284 2452/4156/284
f 2477/4195/295 2463/5437/295 2458/4196/295
f 2457/4198/13 2461/5438/13 2460/4199/13
f 2460/4201/284 2471/4216/284 2470/4202/284
f 2463/4204/9 2462/5439/9 2459/4205/9
f 2470/4207/536 2468/5440/536 2457/4208/536
f 2465/4210/284 2473/4229/284 2472/4211/284
f 2472/4213/537 2474/5441/537 2466/4214/537
f 2471/4216/284 2465/4210/284 2464/4212/284
f 2466/4214/538 2468/5440/538 2470/4207/538
f 2467/4217/298 2469/5442/298 2468/4218/298
f 2478/4220/539 2474/5441/539 2472/4213/539
f 2479/4222/300 2475/4266/300 2474/4223/300
f 2462/4225/301 2479/4222/301 2478/4224/301
f 2459/4227/540 2478/4220/540 2476/4221/540
f 2473/4229/302 2477/4195/302 2476/4197/302
f 2556/4230/541 2554/4242/541 2486/4231/541
f 2548/4233/211 2552/4249/211 2484/4234/211
f 2485/4236/282 2482/5443/282 2480/4237/282
f 2480/4236/13 2482/5444/13 2550/4239/13
f 2489/4241/304 2485/5445/304 2484/4234/304
f 2554/4242/211 2558/5446/211 2490/4243/211
f 2490/4243/211 2558/5446/211 2560/4244/211
f 2491/4246/282 2487/4250/282 2486/4247/282
f 2552/4249/305 2556/4230/305 2488/4232/305
f 2487/4250/306 2489/5447/306 2488/4251/306
f 2493/4252/282 2491/4246/282 2490/4248/282
f 2560/4244/307 2562/4359/307 2494/4254/307
f 2495/4255/308 2493/4252/308 2492/4253/308
f 2483/4257/309 2495/4255/309 2494/4256/309
f 2549/4259/9 2551/5448/9 2483/4260/9
f 2469/4262/310 2461/5449/310 2457/4263/310
f 2451/4265/311 2443/4184/311 2442/4185/311
f 2475/4266/312 2467/5450/312 2466/4267/312
f 2496/4268/542 2497/4277/542 2505/4269/542
f 2498/4271/314 2503/5451/314 2521/4272/314
f 2497/4274/13 2496/5452/13 2500/4275/13
f 2497/4277/315 2501/5453/315 2507/4278/315
f 2499/4279/9 2502/5454/9 2503/4280/9
f 2505/4269/316 2507/4278/316 2513/4282/316
f 2504/4284/317 2506/4297/317 2500/4285/317
f 2514/4287/543 2504/4270/543 2505/4269/543
f 2509/4288/319 2508/4294/319 2516/4289/319
f 2508/4291/544 2510/4298/544 2518/4292/544
f 2508/4294/321 2509/4288/321 2515/4295/321
f 2514/4296/322 2515/4295/322 2506/4297/322
f 2514/4287/545 2512/4283/545 2510/4298/545
f 2512/4283/315 2513/4282/315 2511/4299/315
f 2520/4300/546 2516/4293/546 2518/4292/546
f 2518/4292/325 2519/4357/325 2523/4302/325
f 2522/4301/326 2523/4302/326 2502/4303/326
f 2498/4305/547 2520/4300/547 2522/4301/547
f 2520/4273/317 2521/4272/317 2517/4290/317
f 2526/4306/328 2531/5455/328 2545/4307/328
f 2525/4309/13 2524/5456/13 2528/4310/13
f 2528/4312/317 2524/5457/317 2538/4313/317
f 2527/4315/9 2530/5432/9 2531/4163/9
f 2538/4317/548 2524/5458/548 2525/4318/548
f 2533/4320/317 2532/4326/317 2540/4321/317
f 2540/4323/331 2532/4327/331 2534/4324/331
f 2532/4326/317 2533/4320/317 2539/4314/317
f 2538/4317/549 2536/4319/549 2534/4324/549
f 2536/4328/332 2537/5442/332 2535/4329/332
f 2540/4323/550 2542/4325/550 2546/4331/550
f 2542/4325/334 2543/4358/334 2547/4333/334
f 2546/4331/335 2547/4333/335 2530/4334/335
f 2544/4336/551 2546/5459/551 2527/4337/551
f 2544/4308/336 2545/4307/336 2541/4322/336
f 2548/4339/315 2550/5460/315 2553/4340/315
f 2552/4341/337 2553/4340/337 2557/4342/337
f 2554/4344/315 2555/5461/315 2559/4345/315
f 2556/4347/338 2557/5462/338 2555/4348/338
f 2558/4346/315 2559/4345/315 2561/4350/315
f 2560/4351/339 2561/4350/339 2563/4352/339
f 2562/4353/340 2563/4352/340 2551/4354/340
f 2525/4318/341 2529/5463/341 2537/4356/341
f 2510/4298/342 2511/4299/342 2519/4357/342
f 2534/4324/343 2535/5464/343 2543/4358/343
f 2562/4359/344 2549/5465/344 2481/4360/344
