# Blender 5.0.1
# www.blender.org
mtllib TwoStoryWide.mtl
o 2Story_Wide_2Doors
v -2.459829 2.555468 -0.646830
v -3.096282 2.555468 -0.804672
v -2.459829 2.555468 -0.804672
v -3.096282 2.555468 -0.646830
v -2.745064 2.555468 -0.646830
v -2.811048 2.555468 -0.804672
v -2.745064 2.555468 -0.804672
v -2.811048 2.555468 -0.646830
v -2.618505 2.643832 -0.667804
v -2.618505 2.643832 -0.627517
v -2.596775 2.591369 -0.667804
v -2.596775 2.591369 -0.627517
v -2.544312 2.569639 -0.667804
v -2.544312 2.569639 -0.627517
v -2.491850 2.591369 -0.667804
v -2.491850 2.591369 -0.627517
v -2.470119 2.643832 -0.667804
v -2.470119 2.643832 -0.627517
v -2.491850 2.696294 -0.667804
v -2.491850 2.696294 -0.627517
v -2.544312 2.718025 -0.667804
v -2.544312 2.718025 -0.627517
v -2.596775 2.696294 -0.667804
v -2.596775 2.696294 -0.627517
v -2.483701 2.732195 -0.646830
v -2.459829 2.717404 -0.646830
v -2.459829 2.717404 -0.804672
v -2.483701 2.732195 -0.804672
v -2.745064 2.717404 -0.646830
v -2.721192 2.732195 -0.646830
v -2.721192 2.732195 -0.804672
v -2.745064 2.717404 -0.804672
v -2.969724 2.643832 -0.667804
v -2.969724 2.643832 -0.627517
v -2.947993 2.591369 -0.667804
v -2.947993 2.591369 -0.627517
v -2.895531 2.569639 -0.667804
v -2.895531 2.569639 -0.627517
v -2.843068 2.591369 -0.667804
v -2.843068 2.591369 -0.627517
v -2.821338 2.643832 -0.667804
v -2.821338 2.643832 -0.627517
v -2.843068 2.696294 -0.667804
v -2.843068 2.696294 -0.627517
v -2.895530 2.718025 -0.667804
v -2.895530 2.718025 -0.627517
v -2.947993 2.696294 -0.667804
v -2.947993 2.696294 -0.627517
v -2.834920 2.732195 -0.646830
v -2.811048 2.717404 -0.646830
v -2.811048 2.717404 -0.804672
v -2.834920 2.732195 -0.804672
v -3.096282 2.717404 -0.646830
v -3.072410 2.732195 -0.646830
v -3.072410 2.732195 -0.804672
v -3.096282 2.717404 -0.804672
v -1.155928 2.591967 -0.887551
v -1.155928 2.608455 -0.916109
v -1.155928 2.641431 -0.916109
v -1.155928 2.657919 -0.887551
v -1.155928 2.641431 -0.858993
v -1.155928 2.608455 -0.858993
v -1.130165 2.578235 -0.887551
v -1.120698 2.591736 -0.916109
v -1.101766 2.618734 -0.916109
v -1.092299 2.632234 -0.887551
v -1.101766 2.618734 -0.858993
v -1.120698 2.591736 -0.858993
v -1.121933 2.561955 -0.887551
v -1.107405 2.561955 -0.916109
v -1.078349 2.561955 -0.916109
v -1.063820 2.561955 -0.887551
v -1.078349 2.561955 -0.858993
v -1.107405 2.561955 -0.858993
v -3.174317 2.591967 -0.700242
v -3.104900 2.591967 -0.887551
v -3.202875 2.608455 -0.700406
v -3.104900 2.608455 -0.916109
v -3.202875 2.641431 -0.700406
v -3.104900 2.641432 -0.916109
v -3.174317 2.657919 -0.700242
v -3.104900 2.657919 -0.887551
v -3.145760 2.641431 -0.700077
v -3.104900 2.641431 -0.858994
v -3.145760 2.608455 -0.700077
v -3.104900 2.608455 -0.858994
v -3.174466 2.578235 -0.674479
v -3.203078 2.591736 -0.665178
v -3.203187 2.618734 -0.646245
v -3.174684 2.632234 -0.636615
v -3.146072 2.618734 -0.645916
v -3.145963 2.591736 -0.664848
v -3.174513 2.561956 -0.666248
v -3.203155 2.561956 -0.651885
v -3.203322 2.561956 -0.622828
v -3.174848 2.561956 -0.608136
v -3.146207 2.561956 -0.622499
v -3.146039 2.561956 -0.651555
v -3.145903 2.591967 -0.875426
v -3.160993 2.608455 -0.899672
v -3.160993 2.641431 -0.899672
v -3.145903 2.657919 -0.875426
v -3.130813 2.641431 -0.851180
v -3.130813 2.608455 -0.851180
v -3.199694 2.608455 -0.825702
v -3.199694 2.641431 -0.825702
v -3.171137 2.657919 -0.825538
v -3.142580 2.641431 -0.825373
v -3.142580 2.608455 -0.825373
v -3.171137 2.591967 -0.825538
v -0.674437 2.591967 -0.772776
v -0.674437 2.608455 -0.744218
v -0.674437 2.641431 -0.744218
v -0.674437 2.657919 -0.772776
v -0.674437 2.641431 -0.801334
v -0.674437 2.608455 -0.801334
v -0.648674 2.578235 -0.772776
v -0.639208 2.591735 -0.744218
v -0.620275 2.618734 -0.744218
v -0.610809 2.632234 -0.772776
v -0.620275 2.618734 -0.801334
v -0.639208 2.591735 -0.801334
v -0.640443 2.561955 -0.772776
v -0.625914 2.561955 -0.744218
v -0.596858 2.561955 -0.744218
v -0.582330 2.561955 -0.772776
v -0.596858 2.561955 -0.801334
v -0.625914 2.561955 -0.801334
v -2.319709 2.591967 -0.772776
v -0.888125 2.591967 -0.772776
v -2.319709 2.608455 -0.744218
v -0.888125 2.608455 -0.744218
v -2.319709 2.641431 -0.744218
v -0.888125 2.641431 -0.744218
v -2.319709 2.657919 -0.772776
v -0.888125 2.657919 -0.772776
v -2.319709 2.641431 -0.801334
v -0.888125 2.641431 -0.801334
v -2.319709 2.608455 -0.801334
v -0.888125 2.608455 -0.801334
v -2.345472 2.578235 -0.772776
v -2.354938 2.591735 -0.744218
v -2.373871 2.618734 -0.744218
v -2.383337 2.632234 -0.772776
v -2.373871 2.618734 -0.801334
v -2.354938 2.591735 -0.801334
v -2.353703 2.561955 -0.772776
v -2.368232 2.561955 -0.744218
v -2.397288 2.561955 -0.744218
v -2.411816 2.561955 -0.772776
v -2.397288 2.561955 -0.801334
v -2.368232 2.561955 -0.801334
v -0.674437 2.591967 -0.646650
v -0.674437 2.608455 -0.618092
v -0.674437 2.641431 -0.618092
v -0.674437 2.657919 -0.646650
v -0.674437 2.641431 -0.675208
v -0.674437 2.608455 -0.675208
v -0.648674 2.578235 -0.646650
v -0.639208 2.591735 -0.618092
v -0.620275 2.618734 -0.618092
v -0.610809 2.632234 -0.646650
v -0.620275 2.618734 -0.675208
v -0.639208 2.591735 -0.675208
v -0.640443 2.561955 -0.646650
v -0.625914 2.561955 -0.618092
v -0.596858 2.561955 -0.618092
v -0.582330 2.561955 -0.646650
v -0.596858 2.561955 -0.675208
v -0.625914 2.561955 -0.675208
v -2.319709 2.591967 -0.646650
v -0.888125 2.591967 -0.646650
v -2.319709 2.608455 -0.618092
v -0.888125 2.608455 -0.618092
v -2.319709 2.641431 -0.618092
v -0.888125 2.641431 -0.618092
v -2.319709 2.657919 -0.646650
v -0.888125 2.657919 -0.646650
v -2.319709 2.641431 -0.675208
v -0.888125 2.641431 -0.675208
v -2.319709 2.608455 -0.675208
v -0.888125 2.608455 -0.675208
v -2.345472 2.578235 -0.646650
v -2.354938 2.591735 -0.618092
v -2.373871 2.618734 -0.618092
v -2.383337 2.632234 -0.646650
v -2.373871 2.618734 -0.675208
v -2.354938 2.591735 -0.675208
v -2.353703 2.561955 -0.646650
v -2.368232 2.561955 -0.618092
v -2.397288 2.561955 -0.618092
v -2.411816 2.561955 -0.646650
v -2.397288 2.561955 -0.675208
v -2.368232 2.561955 -0.675208
v 3.238443 2.591967 0.310978
v 3.209885 2.608455 0.310978
v 3.209885 2.641431 0.310978
v 3.238443 2.657919 0.310978
v 3.267001 2.641431 0.310978
v 3.267001 2.608455 0.310978
v 3.238443 2.578235 0.336741
v 3.209885 2.591735 0.346208
v 3.209885 2.618734 0.365140
v 3.238443 2.632234 0.374607
v 3.267001 2.618734 0.365140
v 3.267001 2.591735 0.346208
v 3.238443 2.561955 0.344972
v 3.209885 2.561955 0.359501
v 3.209885 2.561955 0.388557
v 3.238443 2.561955 0.403086
v 3.267001 2.561955 0.388557
v 3.267001 2.561955 0.359501
v 3.238443 2.591967 -0.856813
v 3.238443 2.591967 0.097290
v 3.209885 2.608455 -0.856813
v 3.209885 2.608455 0.097290
v 3.209885 2.641431 -0.856813
v 3.209885 2.641431 0.097290
v 3.238443 2.657919 -0.856813
v 3.238443 2.657919 0.097290
v 3.267001 2.641431 -0.856813
v 3.267001 2.641431 0.097290
v 3.267001 2.608455 -0.856813
v 3.267001 2.608455 0.097290
v 3.238443 2.578235 -0.882577
v 3.209885 2.591735 -0.892043
v 3.209885 2.618734 -0.910975
v 3.238443 2.632234 -0.920442
v 3.267001 2.618734 -0.910975
v 3.267001 2.591735 -0.892043
v 3.238443 2.561955 -0.890808
v 3.209885 2.561955 -0.905336
v 3.209885 2.561955 -0.934393
v 3.238443 2.561955 -0.948921
v 3.267001 2.561955 -0.934393
v 3.267001 2.561955 -0.905336
v 3.112317 2.591967 0.310978
v 3.083759 2.608455 0.310978
v 3.083759 2.641431 0.310978
v 3.112317 2.657919 0.310978
v 3.140875 2.641431 0.310978
v 3.140875 2.608455 0.310978
v 3.112317 2.578235 0.336741
v 3.083759 2.591735 0.346208
v 3.083759 2.618734 0.365140
v 3.112317 2.632234 0.374607
v 3.140875 2.618734 0.365140
v 3.140875 2.591735 0.346208
v 3.112317 2.561955 0.344972
v 3.083759 2.561955 0.359501
v 3.083759 2.561955 0.388557
v 3.112317 2.561955 0.403086
v 3.140875 2.561955 0.388557
v 3.140875 2.561955 0.359501
v 3.112317 2.591967 -0.856813
v 3.112317 2.591967 0.097290
v 3.083759 2.608455 -0.856813
v 3.083759 2.608455 0.097290
v 3.083759 2.641431 -0.856813
v 3.083759 2.641431 0.097290
v 3.112317 2.657919 -0.856813
v 3.112317 2.657919 0.097290
v 3.140875 2.641431 -0.856813
v 3.140875 2.641431 0.097290
v 3.140875 2.608455 -0.856813
v 3.140875 2.608455 0.097290
v 3.112317 2.578235 -0.882577
v 3.083759 2.591735 -0.892043
v 3.083759 2.618734 -0.910975
v 3.112317 2.632234 -0.920442
v 3.140875 2.618734 -0.910975
v 3.140875 2.591735 -0.892043
v 3.112317 2.561955 -0.890808
v 3.083759 2.561955 -0.905336
v 3.083759 2.561955 -0.934393
v 3.112317 2.561955 -0.948921
v 3.140875 2.561955 -0.934393
v 3.140875 2.561955 -0.905336
v -2.459829 2.555468 -0.274947
v -3.096282 2.555468 -0.432789
v -2.459829 2.555468 -0.432789
v -3.096282 2.555468 -0.274947
v -2.745064 2.555468 -0.274947
v -2.811048 2.555468 -0.432789
v -2.745064 2.555468 -0.432789
v -2.811048 2.555468 -0.274947
v -2.618505 2.643832 -0.295920
v -2.618505 2.643832 -0.255633
v -2.596775 2.591369 -0.295920
v -2.596775 2.591369 -0.255633
v -2.544312 2.569639 -0.295920
v -2.544312 2.569639 -0.255633
v -2.491850 2.591369 -0.295920
v -2.491850 2.591369 -0.255633
v -2.470119 2.643832 -0.295920
v -2.470119 2.643832 -0.255633
v -2.491850 2.696294 -0.295920
v -2.491850 2.696294 -0.255633
v -2.544312 2.718025 -0.295920
v -2.544312 2.718025 -0.255633
v -2.596775 2.696294 -0.295920
v -2.596775 2.696294 -0.255633
v -2.483701 2.732195 -0.274947
v -2.459829 2.717404 -0.274947
v -2.459829 2.717404 -0.432789
v -2.483701 2.732195 -0.432789
v -2.745064 2.717404 -0.274947
v -2.721192 2.732195 -0.274947
v -2.721192 2.732195 -0.432789
v -2.745064 2.717404 -0.432789
v -2.969724 2.643832 -0.295920
v -2.969724 2.643832 -0.255633
v -2.947993 2.591369 -0.295920
v -2.947993 2.591369 -0.255633
v -2.895531 2.569639 -0.295920
v -2.895531 2.569639 -0.255633
v -2.843068 2.591369 -0.295920
v -2.843068 2.591369 -0.255633
v -2.821338 2.643832 -0.295920
v -2.821338 2.643832 -0.255633
v -2.843068 2.696294 -0.295920
v -2.843068 2.696294 -0.255633
v -2.895530 2.718025 -0.295920
v -2.895530 2.718025 -0.255633
v -2.947993 2.696294 -0.295920
v -2.947993 2.696294 -0.255633
v -2.834920 2.732195 -0.274947
v -2.811048 2.717404 -0.274947
v -2.811048 2.717404 -0.432789
v -2.834920 2.732195 -0.432789
v -3.096282 2.717404 -0.274947
v -3.072410 2.732195 -0.274947
v -3.072410 2.732195 -0.432789
v -3.096282 2.717404 -0.432789
v -1.155928 2.591967 -0.515668
v -1.155928 2.608455 -0.544226
v -1.155928 2.641431 -0.544226
v -1.155928 2.657919 -0.515668
v -1.155928 2.641431 -0.487110
v -1.155928 2.608455 -0.487110
v -1.130165 2.578235 -0.515668
v -1.120698 2.591736 -0.544226
v -1.101766 2.618734 -0.544226
v -1.092299 2.632234 -0.515668
v -1.101766 2.618734 -0.487110
v -1.120698 2.591736 -0.487110
v -1.121933 2.561955 -0.515668
v -1.107405 2.561955 -0.544226
v -1.078349 2.561955 -0.544226
v -1.063820 2.561955 -0.515668
v -1.078349 2.561955 -0.487110
v -1.107405 2.561955 -0.487110
v -3.174317 2.591967 -0.328359
v -3.104900 2.591967 -0.515668
v -3.202875 2.608455 -0.328523
v -3.104900 2.608455 -0.544226
v -3.202875 2.641431 -0.328523
v -3.104900 2.641432 -0.544226
v -3.174317 2.657919 -0.328359
v -3.104900 2.657919 -0.515668
v -3.145760 2.641431 -0.328194
v -3.104900 2.641431 -0.487110
v -3.145760 2.608455 -0.328194
v -3.104900 2.608455 -0.487110
v -3.174466 2.578235 -0.302596
v -3.203078 2.591736 -0.293294
v -3.203187 2.618734 -0.274362
v -3.174684 2.632234 -0.264731
v -3.146072 2.618734 -0.274033
v -3.145963 2.591736 -0.292965
v -3.174513 2.561956 -0.294365
v -3.203155 2.561956 -0.280001
v -3.203322 2.561956 -0.250945
v -3.174848 2.561956 -0.236252
v -3.146207 2.561956 -0.250616
v -3.146039 2.561956 -0.279672
v -3.145903 2.591967 -0.503543
v -3.160993 2.608455 -0.527788
v -3.160993 2.641431 -0.527788
v -3.145903 2.657919 -0.503543
v -3.130813 2.641431 -0.479297
v -3.130813 2.608455 -0.479297
v -3.199694 2.608455 -0.453819
v -3.199694 2.641431 -0.453819
v -3.171137 2.657919 -0.453654
v -3.142580 2.641431 -0.453490
v -3.142580 2.608455 -0.453490
v -3.171137 2.591967 -0.453654
v -1.151917 2.591967 -0.400893
v -1.151917 2.608455 -0.372335
v -1.151917 2.641431 -0.372335
v -1.151917 2.657919 -0.400893
v -1.151917 2.641431 -0.429451
v -1.151917 2.608455 -0.429451
v -1.126154 2.578235 -0.400893
v -1.116688 2.591735 -0.372335
v -1.097755 2.618734 -0.372335
v -1.088289 2.632234 -0.400893
v -1.097755 2.618734 -0.429451
v -1.116688 2.591735 -0.429451
v -1.117923 2.561955 -0.400893
v -1.103394 2.561955 -0.372335
v -1.074338 2.561955 -0.372335
v -1.059809 2.561955 -0.400893
v -1.074338 2.561955 -0.429451
v -1.103394 2.561955 -0.429451
v -2.319709 2.591967 -0.400893
v -1.365605 2.591967 -0.400893
v -2.319709 2.608455 -0.372335
v -1.365605 2.608455 -0.372335
v -2.319709 2.641431 -0.372335
v -1.365605 2.641431 -0.372335
v -2.319709 2.657919 -0.400893
v -1.365605 2.657919 -0.400893
v -2.319709 2.641431 -0.429451
v -1.365605 2.641431 -0.429451
v -2.319709 2.608455 -0.429451
v -1.365605 2.608455 -0.429451
v -2.345472 2.578235 -0.400893
v -2.354938 2.591735 -0.372335
v -2.373871 2.618734 -0.372335
v -2.383337 2.632234 -0.400893
v -2.373871 2.618734 -0.429451
v -2.354938 2.591735 -0.429451
v -2.353703 2.561955 -0.400893
v -2.368232 2.561955 -0.372335
v -2.397288 2.561955 -0.372335
v -2.411816 2.561955 -0.400893
v -2.397288 2.561955 -0.429451
v -2.368232 2.561955 -0.429451
v -1.151917 2.591967 -0.274767
v -1.151917 2.608455 -0.246209
v -1.151917 2.641431 -0.246209
v -1.151917 2.657919 -0.274767
v -1.151917 2.641431 -0.303325
v -1.151917 2.608455 -0.303325
v -1.126154 2.578235 -0.274767
v -1.116688 2.591735 -0.246209
v -1.097755 2.618734 -0.246209
v -1.088289 2.632234 -0.274767
v -1.097755 2.618734 -0.303325
v -1.116688 2.591735 -0.303325
v -1.117923 2.561955 -0.274767
v -1.103394 2.561955 -0.246209
v -1.074338 2.561955 -0.246209
v -1.059809 2.561955 -0.274767
v -1.074338 2.561955 -0.303325
v -1.103394 2.561955 -0.303325
v -2.319709 2.591967 -0.274767
v -1.365605 2.591967 -0.274767
v -2.319709 2.608455 -0.246209
v -1.365605 2.608455 -0.246209
v -2.319709 2.641431 -0.246209
v -1.365605 2.641431 -0.246209
v -2.319709 2.657919 -0.274767
v -1.365605 2.657919 -0.274767
v -2.319709 2.641431 -0.303325
v -1.365605 2.641431 -0.303325
v -2.319709 2.608455 -0.303325
v -1.365605 2.608455 -0.303325
v -2.345472 2.578235 -0.274767
v -2.354938 2.591735 -0.246209
v -2.373871 2.618734 -0.246209
v -2.383337 2.632234 -0.274767
v -2.373871 2.618734 -0.303325
v -2.354938 2.591735 -0.303325
v -2.353703 2.561955 -0.274767
v -2.368232 2.561955 -0.246209
v -2.397288 2.561955 -0.246209
v -2.411816 2.561955 -0.274767
v -2.397288 2.561955 -0.303325
v -2.368232 2.561955 -0.303325
v 3.027518 2.555468 -0.759773
v 2.391065 2.555468 -0.917615
v 3.027518 2.555468 -0.917615
v 2.391065 2.555468 -0.759773
v 2.742283 2.555468 -0.759773
v 2.676300 2.555468 -0.917615
v 2.742283 2.555468 -0.917615
v 2.676300 2.555468 -0.759773
v 2.868842 2.643832 -0.780746
v 2.868842 2.643832 -0.740459
v 2.890573 2.591369 -0.780746
v 2.890573 2.591369 -0.740459
v 2.943035 2.569639 -0.780746
v 2.943035 2.569639 -0.740459
v 2.995497 2.591369 -0.780746
v 2.995497 2.591369 -0.740459
v 3.017228 2.643832 -0.780746
v 3.017228 2.643832 -0.740459
v 2.995497 2.696294 -0.780746
v 2.995497 2.696294 -0.740459
v 2.943035 2.718025 -0.780746
v 2.943035 2.718025 -0.740459
v 2.890573 2.696294 -0.780746
v 2.890573 2.696294 -0.740459
v 3.003646 2.732195 -0.759773
v 3.027518 2.717404 -0.759773
v 3.027518 2.717404 -0.917615
v 3.003646 2.732195 -0.917615
v 2.742284 2.717404 -0.759773
v 2.766155 2.732195 -0.759773
v 2.766155 2.732195 -0.917615
v 2.742284 2.717404 -0.917615
v 2.517623 2.643832 -0.780746
v 2.517623 2.643832 -0.740459
v 2.539354 2.591369 -0.780746
v 2.539354 2.591369 -0.740459
v 2.591816 2.569639 -0.780746
v 2.591816 2.569639 -0.740459
v 2.644279 2.591369 -0.780746
v 2.644279 2.591369 -0.740459
v 2.666009 2.643832 -0.780746
v 2.666009 2.643832 -0.740459
v 2.644279 2.696294 -0.780746
v 2.644279 2.696294 -0.740459
v 2.591817 2.718025 -0.780746
v 2.591817 2.718025 -0.740459
v 2.539354 2.696294 -0.780746
v 2.539354 2.696294 -0.740459
v 2.652427 2.732195 -0.759773
v 2.676300 2.717404 -0.759773
v 2.676300 2.717404 -0.917615
v 2.652427 2.732195 -0.917615
v 2.391065 2.717404 -0.759773
v 2.414937 2.732195 -0.759773
v 2.414937 2.732195 -0.917615
v 2.391065 2.717404 -0.917615
v -2.567724 2.003019 -1.016168
v -2.567724 2.143300 -1.016168
v -2.567724 2.003019 -0.875887
v -2.567724 2.143300 -0.875887
v -2.813233 2.003019 -1.016168
v -2.813233 2.143300 -1.016168
v -2.813233 2.003019 -0.875887
v -2.813233 2.143300 -0.875887
v -1.496332 1.481581 -1.016168
v -1.496332 1.621862 -1.016168
v -1.496332 1.481581 -0.875887
v -1.496332 1.621862 -0.875887
v -1.741841 1.481581 -1.016168
v -1.741841 1.621862 -1.016168
v -1.741841 1.481581 -0.875887
v -1.741841 1.621862 -0.875887
v -1.349678 1.640456 -1.016168
v -1.349678 1.780738 -1.016168
v -1.349678 1.640456 -0.875887
v -1.349678 1.780738 -0.875887
v -1.595187 1.640456 -1.016168
v -1.595187 1.780738 -1.016168
v -1.595187 1.640456 -0.875887
v -1.595187 1.780738 -0.875887
v -1.496332 1.807480 -1.016168
v -1.496332 1.947761 -1.016168
v -1.496332 1.807480 -0.875887
v -1.496332 1.947761 -0.875887
v -1.741841 1.807480 -1.016168
v -1.741841 1.947761 -1.016168
v -1.741841 1.807480 -0.875887
v -1.741841 1.947761 -0.875887
v 1.082341 1.457138 -1.016168
v 1.082341 1.597420 -1.016168
v 1.082341 1.457138 -0.875887
v 1.082341 1.597420 -0.875887
v 0.836832 1.457138 -1.016168
v 0.836832 1.597420 -1.016168
v 0.836832 1.457138 -0.875887
v 0.836832 1.597420 -0.875887
v 0.960129 1.624161 -1.016168
v 0.960129 1.764443 -1.016168
v 0.960129 1.624161 -0.875887
v 0.960129 1.764443 -0.875887
v 0.714620 1.624161 -1.016168
v 0.714620 1.764443 -1.016168
v 0.714620 1.624161 -0.875887
v 0.714620 1.764443 -0.875887
v -0.127558 2.271885 -1.016168
v -0.127558 2.412166 -1.016168
v -0.127558 2.271885 -0.875887
v -0.127558 2.412166 -0.875887
v -0.373067 2.271885 -1.016168
v -0.373067 2.412166 -1.016168
v -0.373067 2.271885 -0.875887
v -0.373067 2.412166 -0.875887
v 3.094766 2.064125 -1.016168
v 3.094766 2.204406 -1.016168
v 3.094766 2.064125 -0.875887
v 3.094766 2.204406 -0.875887
v 2.849257 2.064125 -1.016168
v 2.849257 2.204406 -1.016168
v 2.849257 2.064125 -0.875887
v 2.849257 2.204406 -0.875887
v 3.001070 1.905249 -1.016168
v 3.001070 2.045530 -1.016168
v 3.001070 1.905249 -0.875887
v 3.001070 2.045530 -0.875887
v 2.755561 1.905249 -1.016168
v 2.755561 2.045530 -1.016168
v 2.755561 1.905249 -0.875887
v 2.755561 2.045530 -0.875887
v 1.808281 0.345824 -1.016168
v 1.808281 0.486105 -1.016168
v 1.808281 0.345824 -0.875887
v 1.808281 0.486105 -0.875887
v 1.562772 0.345824 -1.016168
v 1.562772 0.486105 -1.016168
v 1.562772 0.345824 -0.875887
v 1.562772 0.486105 -0.875887
v 1.715400 0.507143 -1.016168
v 1.715400 0.647425 -1.016168
v 1.715400 0.507143 -0.875887
v 1.715400 0.647425 -0.875887
v 1.469891 0.507143 -1.016168
v 1.469891 0.647425 -1.016168
v 1.469891 0.507143 -0.875887
v 1.469891 0.647425 -0.875887
v -0.870606 0.947107 -1.016168
v -0.870606 1.087388 -1.016168
v -0.870606 0.947107 -0.875887
v -0.870606 1.087388 -0.875887
v -1.116115 0.947107 -1.016168
v -1.116115 1.087388 -1.016168
v -1.116115 0.947107 -0.875887
v -1.116115 1.087388 -0.875887
v -0.758171 0.785787 -1.016168
v -0.758171 0.926068 -1.016168
v -0.758171 0.785787 -0.875887
v -0.758171 0.926068 -0.875887
v -1.003680 0.785787 -1.016168
v -1.003680 0.926068 -1.016168
v -1.003680 0.785787 -0.875887
v -1.003680 0.926068 -0.875887
v -0.870606 0.609802 -1.016168
v -0.870606 0.750083 -1.016168
v -0.870606 0.609802 -0.875887
v -0.870606 0.750083 -0.875887
v -1.116115 0.609802 -1.016168
v -1.116115 0.750083 -1.016168
v -1.116115 0.609802 -0.875887
v -1.116115 0.750083 -0.875887
v -2.351816 0.824895 -1.016168
v -2.351816 0.965176 -1.016168
v -2.351816 0.824895 -0.875887
v -2.351816 0.965176 -0.875887
v -2.597325 0.824895 -1.016168
v -2.597325 0.965176 -1.016168
v -2.597325 0.824895 -0.875887
v -2.597325 0.965176 -0.875887
v 0.556830 1.191531 -1.016168
v 0.556830 1.331812 -1.016168
v 0.556830 1.191531 -0.875887
v 0.556830 1.331812 -0.875887
v 0.311321 1.191531 -1.016168
v 0.311321 1.331812 -1.016168
v 0.311321 1.191531 -0.875887
v 0.311321 1.331812 -0.875887
v -2.567724 2.003019 0.759259
v -2.567724 2.143300 0.759259
v -2.567724 2.003019 0.618978
v -2.567724 2.143300 0.618978
v -2.813233 2.003019 0.759259
v -2.813233 2.143300 0.759259
v -2.813233 2.003019 0.618978
v -2.813233 2.143300 0.618978
v -1.818157 1.538613 0.759259
v -1.818157 1.678894 0.759259
v -1.818157 1.538613 0.618978
v -1.818157 1.678894 0.618978
v -2.063666 1.538613 0.759259
v -2.063666 1.678894 0.759259
v -2.063666 1.538613 0.618978
v -2.063666 1.678894 0.618978
v -1.671503 1.697489 0.759259
v -1.671503 1.837770 0.759259
v -1.671503 1.697489 0.618978
v -1.671503 1.837770 0.618978
v -1.917012 1.697489 0.759259
v -1.917012 1.837770 0.759259
v -1.917012 1.697489 0.618978
v -1.917012 1.837770 0.618978
v -1.818157 1.864512 0.759259
v -1.818157 2.004793 0.759259
v -1.818157 1.864512 0.618978
v -1.818157 2.004793 0.618978
v -2.063666 1.864512 0.759259
v -2.063666 2.004793 0.759259
v -2.063666 1.864512 0.618978
v -2.063666 2.004793 0.618978
v 0.658673 1.416401 0.759259
v 0.658673 1.556682 0.759259
v 0.658673 1.416401 0.618978
v 0.658673 1.556682 0.618978
v 0.413164 1.416401 0.759259
v 0.413164 1.556682 0.759259
v 0.413164 1.416401 0.618978
v 0.413164 1.556682 0.618978
v 0.536461 1.583424 0.759259
v 0.536461 1.723705 0.759259
v 0.536461 1.583424 0.618978
v 0.536461 1.723705 0.618978
v 0.290952 1.583424 0.759259
v 0.290952 1.723705 0.759259
v 0.290952 1.583424 0.618978
v 0.290952 1.723705 0.618978
v -0.213106 2.092641 0.759259
v -0.213106 2.232922 0.759259
v -0.213106 2.092641 0.618978
v -0.213106 2.232922 0.618978
v -0.458615 2.092641 0.759259
v -0.458615 2.232922 0.759259
v -0.458615 2.092641 0.618978
v -0.458615 2.232922 0.618978
v 2.113811 0.309160 0.719451
v 2.113811 0.449441 0.719451
v 2.113811 0.309160 0.579170
v 2.113811 0.449441 0.579170
v 1.868302 0.309160 0.719451
v 1.868302 0.449441 0.719451
v 1.868302 0.309160 0.579170
v 1.868302 0.449441 0.579170
v 2.020930 0.470480 0.719451
v 2.020930 0.610761 0.719451
v 2.020930 0.470480 0.579170
v 2.020930 0.610761 0.579170
v 1.775421 0.470480 0.719451
v 1.775421 0.610761 0.719451
v 1.775421 0.470480 0.579170
v 1.775421 0.610761 0.579170
v -0.910529 1.426178 0.759259
v -0.910529 1.566459 0.759259
v -0.910529 1.426178 0.618978
v -0.910529 1.566459 0.618978
v -1.156038 1.426178 0.759259
v -1.156038 1.566459 0.759259
v -1.156038 1.426178 0.618978
v -1.156038 1.566459 0.618978
v 0.111163 0.966661 0.719451
v 0.111163 1.106942 0.719451
v 0.111163 0.966661 0.579170
v 0.111163 1.106942 0.579170
v -0.134346 0.966661 0.719451
v -0.134346 1.106942 0.719451
v -0.134346 0.966661 0.579170
v -0.134346 1.106942 0.579170
v -1.931407 0.932441 0.719451
v -1.931407 1.072723 0.719451
v -1.931407 0.932441 0.579170
v -1.931407 1.072723 0.579170
v -2.176916 0.932441 0.719451
v -2.176916 1.072723 0.719451
v -2.176916 0.932441 0.579170
v -2.176916 1.072723 0.579170
v 1.656738 0.959328 0.719451
v 1.656738 1.099609 0.719451
v 1.656738 0.959328 0.579170
v 1.656738 1.099609 0.579170
v 1.411229 0.959328 0.719451
v 1.411229 1.099609 0.719451
v 1.411229 0.959328 0.579170
v 1.411229 1.099609 0.579170
v -1.577807 0.299383 0.719451
v -1.577807 0.439664 0.719451
v -1.577807 0.299383 0.579170
v -1.577807 0.439664 0.579170
v -1.823316 0.299383 0.719451
v -1.823316 0.439664 0.719451
v -1.823316 0.299383 0.579170
v -1.823316 0.439664 0.579170
v -1.679650 0.458259 0.719451
v -1.679650 0.598540 0.719451
v -1.679650 0.458259 0.579170
v -1.679650 0.598540 0.579170
v -1.925159 0.458259 0.719451
v -1.925159 0.598540 0.719451
v -1.925159 0.458259 0.579170
v -1.925159 0.598540 0.579170
v -0.012734 0.845776 0.722851
v -0.012734 0.540992 0.722851
v -0.012734 0.725307 0.722851
v -0.012734 0.725307 0.716357
v -0.128481 0.725307 0.722851
v -0.012734 0.740787 0.722851
v -0.012734 0.740787 0.716357
v -0.128481 0.740787 0.716357
v -0.128481 0.740787 0.722851
v -0.128481 0.725307 0.716357
v -0.012734 0.540992 0.716357
v -0.128481 0.540992 0.716357
v -0.128481 0.833667 0.716357
v -0.012734 0.845776 0.716357
v 0.000086 0.540992 0.722851
v 0.000086 0.847116 0.722851
v 0.012906 0.845776 0.722851
v 0.012906 0.540992 0.722851
v 0.012906 0.725307 0.722851
v 0.000086 0.725307 0.722851
v 0.012906 0.725307 0.716357
v 0.128654 0.725307 0.722851
v 0.012906 0.740787 0.722851
v 0.012906 0.740787 0.716357
v 0.000086 0.740787 0.722851
v 0.128654 0.740787 0.716357
v 0.128654 0.740787 0.722851
v 0.128654 0.725307 0.716357
v 0.012906 0.540992 0.716357
v 0.128654 0.540992 0.716357
v 0.128654 0.833667 0.716357
v 0.012906 0.845776 0.716357
v -0.123702 0.547547 0.727691
v -0.123702 0.833026 0.727691
v -0.012257 0.844963 0.727691
v -0.012257 0.547547 0.727691
v -0.123702 0.726206 0.727691
v -0.123702 0.741467 0.727691
v -0.151280 0.518962 0.727691
v -0.151280 0.852976 0.727691
v -0.028745 0.866101 0.727691
v -0.028745 0.518962 0.727691
v -0.151280 0.735525 0.727691
v -0.151280 0.752305 0.727691
v -0.151280 0.518962 0.671256
v -0.151280 0.852976 0.671256
v -0.028745 0.866101 0.671256
v -0.028745 0.518962 0.671256
v -0.151280 0.735525 0.671256
v -0.151280 0.752305 0.671256
v -0.123702 0.547547 0.708527
v -0.123702 0.833026 0.708527
v -0.012257 0.844963 0.708527
v -0.012257 0.547547 0.708527
v -0.123702 0.726206 0.708527
v -0.123702 0.741467 0.708527
v 0.123874 0.547547 0.727691
v 0.123874 0.833026 0.727691
v 0.000086 0.547547 0.727691
v 0.000086 0.846285 0.727691
v 0.012429 0.844963 0.727691
v 0.012429 0.547547 0.727691
v 0.123874 0.726206 0.727691
v 0.123874 0.741467 0.727691
v 0.151453 0.518962 0.727691
v 0.151453 0.852976 0.727691
v 0.000086 0.518962 0.727691
v 0.000086 0.867555 0.727691
v 0.028917 0.866101 0.727691
v 0.028917 0.518962 0.727691
v 0.151453 0.735525 0.727691
v 0.151453 0.752305 0.727691
v 0.151453 0.518962 0.671256
v 0.151453 0.852976 0.671256
v 0.000086 0.518962 0.671256
v 0.000086 0.867555 0.671256
v 0.028917 0.866101 0.671256
v 0.028917 0.518962 0.671256
v 0.151453 0.735525 0.671256
v 0.151453 0.752305 0.671256
v 0.123874 0.547547 0.708527
v 0.123874 0.833026 0.708527
v 0.000086 0.547547 0.708527
v 0.000086 0.846285 0.708527
v 0.012429 0.844963 0.708527
v 0.012429 0.547547 0.708527
v 0.123874 0.726206 0.708527
v 0.123874 0.741467 0.708527
v -0.156904 0.463487 0.754011
v -0.156904 0.523099 0.754011
v -0.156904 0.463487 0.613730
v -0.156904 0.523099 0.613730
v 0.155948 0.463487 0.754011
v 0.155948 0.523099 0.754011
v 0.155948 0.463487 0.613730
v 0.155948 0.523099 0.613730
v -0.156904 0.473694 0.754011
v -0.156904 0.473694 0.613730
v 0.155948 0.473694 0.613730
v 0.155948 0.473694 0.754011
v 0.155948 0.473694 0.766783
v 0.155948 0.463487 0.766783
v -0.156904 0.463487 0.766783
v -0.156904 0.473694 0.766783
v -0.124931 1.692457 0.773752
v -0.124931 2.088096 0.773752
v -0.013487 2.100033 0.773752
v -0.013487 1.692457 0.773752
v -0.124931 1.981276 0.773752
v -0.124931 1.996536 0.773752
v -0.124931 1.813010 0.773752
v -0.124931 1.797324 0.773752
v -0.152510 1.657788 0.773752
v -0.152510 2.108046 0.773752
v -0.029975 2.121170 0.773752
v -0.029975 1.657788 0.773752
v -0.152510 1.990594 0.773752
v -0.152510 2.007374 0.773752
v -0.152510 1.805583 0.773752
v -0.152510 1.788335 0.773752
v -0.152510 1.657788 0.717317
v -0.152510 2.108046 0.717317
v -0.029975 2.121170 0.717317
v -0.029975 1.657788 0.717317
v -0.152510 1.990594 0.717317
v -0.152510 2.007374 0.717317
v -0.152510 1.805583 0.717317
v -0.152510 1.788335 0.717317
v -0.124931 1.692457 0.754588
v -0.124931 2.088096 0.754588
v -0.013487 2.100033 0.754588
v -0.013487 1.692457 0.754588
v -0.124931 1.981276 0.754588
v -0.124931 1.996536 0.754588
v -0.124931 1.813010 0.754588
v -0.124931 1.797324 0.754588
v 0.122644 1.692457 0.773752
v 0.122644 2.088096 0.773752
v -0.001144 1.692457 0.773752
v -0.001144 2.101355 0.773752
v 0.011200 2.100033 0.773752
v 0.011200 1.692457 0.773752
v 0.122644 1.981276 0.773752
v 0.122644 1.996536 0.773752
v 0.122644 1.813010 0.773752
v 0.122644 1.797324 0.773752
v 0.150223 1.657788 0.773752
v 0.150223 2.108046 0.773752
v -0.001144 1.657788 0.773752
v -0.001144 2.122624 0.773752
v 0.027688 2.121170 0.773752
v 0.027688 1.657788 0.773752
v 0.150223 1.990594 0.773752
v 0.150223 2.007374 0.773752
v 0.150223 1.805583 0.773752
v 0.150223 1.788335 0.773752
v 0.150223 1.657788 0.717317
v 0.150223 2.108046 0.717317
v -0.001144 1.657788 0.717317
v -0.001144 2.122624 0.717317
v 0.027688 2.121170 0.717317
v 0.027688 1.657788 0.717317
v 0.150223 1.990594 0.717317
v 0.150223 2.007374 0.717317
v 0.150223 1.805583 0.717317
v 0.150223 1.788335 0.717317
v 0.122644 1.692457 0.754588
v 0.122644 2.088096 0.754588
v -0.001144 1.692457 0.754588
v -0.001144 2.101355 0.754588
v 0.011200 2.100033 0.754588
v 0.011200 1.692457 0.754588
v 0.122644 1.981276 0.754588
v 0.122644 1.996536 0.754588
v 0.122644 1.813010 0.754588
v 0.122644 1.797324 0.754588
v -0.013963 2.102585 0.768857
v -0.013963 1.674935 0.768857
v -0.013963 1.982116 0.768857
v -0.129711 1.795512 0.754214
v -0.013963 1.811424 0.754214
v -0.013963 1.982116 0.754214
v -0.129711 1.982116 0.768857
v -0.013963 1.997597 0.768857
v -0.013963 1.795512 0.754214
v -0.013963 1.997597 0.754214
v -0.129711 1.997597 0.754214
v -0.129711 1.997597 0.768857
v -0.129711 1.811424 0.768857
v -0.129711 1.982116 0.754214
v -0.129711 1.811424 0.754214
v -0.013963 1.674935 0.754214
v -0.013963 1.811424 0.768857
v -0.129711 1.674935 0.754214
v -0.129711 2.090477 0.754214
v -0.013963 2.102585 0.754214
v -0.013963 1.795512 0.768857
v -0.129711 1.795512 0.768857
v -0.001143 1.674935 0.768857
v -0.001143 2.103927 0.768857
v 0.011676 2.102585 0.768857
v 0.011676 1.674935 0.768857
v 0.011677 1.982116 0.768857
v 0.127424 1.795512 0.754214
v 0.011677 1.811424 0.754214
v -0.001143 1.982116 0.768857
v 0.011677 1.982116 0.754214
v 0.127424 1.982116 0.768857
v 0.011677 1.997597 0.768857
v 0.011677 1.795512 0.754214
v 0.011677 1.997597 0.754214
v -0.001143 1.997597 0.768857
v 0.127424 1.997597 0.754214
v 0.127424 1.997597 0.768857
v 0.127424 1.811424 0.768857
v 0.127424 1.982116 0.754214
v -0.001143 1.811424 0.768857
v 0.127424 1.811424 0.754214
v 0.011676 1.674935 0.754214
v 0.011677 1.811424 0.768857
v 0.127424 1.674935 0.754214
v -0.001143 1.795512 0.768857
v 0.127424 2.090477 0.754214
v 0.011676 2.102585 0.754214
v 0.011677 1.795512 0.768857
v 0.127424 1.795512 0.768857
v -0.158134 1.611873 0.800072
v -0.158134 1.671485 0.800072
v -0.158134 1.611873 0.659791
v -0.158134 1.671485 0.659791
v 0.154718 1.611873 0.800072
v 0.154718 1.671485 0.800072
v 0.154718 1.611873 0.659791
v 0.154718 1.671485 0.659791
v -0.158134 1.622081 0.800072
v -0.158134 1.622081 0.659791
v 0.154718 1.622081 0.659791
v 0.154718 1.622081 0.800072
v 0.154718 1.622081 0.812843
v 0.154718 1.611873 0.812843
v -0.158134 1.611873 0.812843
v -0.158134 1.622081 0.812843
v -2.255277 0.845776 0.722851
v -2.255277 0.540992 0.722851
v -2.255277 0.725307 0.722851
v -2.255277 0.725307 0.716357
v -2.371025 0.725307 0.722851
v -2.255277 0.740787 0.722851
v -2.255277 0.740787 0.716357
v -2.371025 0.740787 0.716357
v -2.371025 0.740787 0.722851
v -2.371025 0.725307 0.716357
v -2.255277 0.540992 0.716357
v -2.371025 0.540992 0.716357
v -2.371025 0.833667 0.716357
v -2.255277 0.845776 0.716357
v -2.242457 0.540992 0.722851
v -2.242457 0.847116 0.722851
v -2.229637 0.845776 0.722851
v -2.229637 0.540992 0.722851
v -2.229637 0.725307 0.722851
v -2.242457 0.725307 0.722851
v -2.229637 0.725307 0.716357
v -2.113889 0.725307 0.722851
v -2.229637 0.740787 0.722851
v -2.229637 0.740787 0.716357
v -2.242457 0.740787 0.722851
v -2.113889 0.740787 0.716357
v -2.113889 0.740787 0.722851
v -2.113889 0.725307 0.716357
v -2.229637 0.540992 0.716357
v -2.113889 0.540992 0.716357
v -2.113889 0.833667 0.716357
v -2.229637 0.845776 0.716357
v -2.366245 0.547547 0.727691
v -2.366245 0.833026 0.727691
v -2.254801 0.844963 0.727691
v -2.254800 0.547547 0.727691
v -2.366245 0.726206 0.727691
v -2.366245 0.741467 0.727691
v -2.393824 0.518962 0.727691
v -2.393824 0.852976 0.727691
v -2.271288 0.866101 0.727691
v -2.271288 0.518962 0.727691
v -2.393824 0.735525 0.727691
v -2.393824 0.752305 0.727691
v -2.393824 0.518962 0.671256
v -2.393824 0.852976 0.671256
v -2.271288 0.866101 0.671256
v -2.271288 0.518962 0.671256
v -2.393824 0.735525 0.671256
v -2.393824 0.752305 0.671256
v -2.366245 0.547547 0.708527
v -2.366245 0.833026 0.708527
v -2.254801 0.844963 0.708527
v -2.254800 0.547547 0.708527
v -2.366245 0.726206 0.708527
v -2.366245 0.741467 0.708527
v -2.118670 0.547547 0.727691
v -2.118670 0.833026 0.727691
v -2.242457 0.547547 0.727691
v -2.242457 0.846285 0.727691
v -2.230114 0.844963 0.727691
v -2.230114 0.547547 0.727691
v -2.118670 0.726206 0.727691
v -2.118670 0.741467 0.727691
v -2.091091 0.518962 0.727691
v -2.091091 0.852976 0.727691
v -2.242457 0.518962 0.727691
v -2.242457 0.867555 0.727691
v -2.213626 0.866101 0.727691
v -2.213626 0.518962 0.727691
v -2.091091 0.735525 0.727691
v -2.091091 0.752305 0.727691
v -2.091091 0.518962 0.671256
v -2.091091 0.852976 0.671256
v -2.242457 0.518962 0.671256
v -2.242457 0.867555 0.671256
v -2.213626 0.866101 0.671256
v -2.213626 0.518962 0.671256
v -2.091091 0.735525 0.671256
v -2.091091 0.752305 0.671256
v -2.118670 0.547547 0.708527
v -2.118670 0.833026 0.708527
v -2.242457 0.547547 0.708527
v -2.242457 0.846285 0.708527
v -2.230114 0.844963 0.708527
v -2.230114 0.547547 0.708527
v -2.118670 0.726206 0.708527
v -2.118670 0.741467 0.708527
v -2.399447 0.463487 0.754011
v -2.399447 0.523099 0.754011
v -2.399447 0.463487 0.613730
v -2.399447 0.523099 0.613730
v -2.086596 0.463487 0.754011
v -2.086596 0.523099 0.754011
v -2.086596 0.463487 0.613730
v -2.086596 0.523099 0.613730
v -2.399447 0.473694 0.754011
v -2.399447 0.473694 0.613730
v -2.086596 0.473694 0.613730
v -2.086596 0.473694 0.754011
v -2.086596 0.473694 0.766783
v -2.086596 0.463487 0.766783
v -2.399447 0.463487 0.766783
v -2.399447 0.473694 0.766783
v -2.367474 1.692457 0.773752
v -2.367474 2.088096 0.773752
v -2.256030 2.100033 0.773752
v -2.256030 1.692457 0.773752
v -2.367474 1.981276 0.773752
v -2.367474 1.996536 0.773752
v -2.367474 1.813010 0.773752
v -2.367474 1.797324 0.773752
v -2.395053 1.657788 0.773752
v -2.395053 2.108046 0.773752
v -2.272518 2.121170 0.773752
v -2.272518 1.657788 0.773752
v -2.395053 1.990594 0.773752
v -2.395053 2.007374 0.773752
v -2.395053 1.805583 0.773752
v -2.395053 1.788335 0.773752
v -2.395053 1.657788 0.717317
v -2.395053 2.108046 0.717317
v -2.272518 2.121170 0.717317
v -2.272518 1.657788 0.717317
v -2.395053 1.990594 0.717317
v -2.395053 2.007374 0.717317
v -2.395053 1.805583 0.717317
v -2.395053 1.788335 0.717317
v -2.367474 1.692457 0.754588
v -2.367474 2.088096 0.754588
v -2.256030 2.100033 0.754588
v -2.256030 1.692457 0.754588
v -2.367474 1.981276 0.754588
v -2.367474 1.996536 0.754588
v -2.367474 1.813010 0.754588
v -2.367474 1.797324 0.754588
v -2.119899 1.692457 0.773752
v -2.119899 2.088096 0.773752
v -2.243687 1.692457 0.773752
v -2.243687 2.101355 0.773752
v -2.231344 2.100033 0.773752
v -2.231344 1.692457 0.773752
v -2.119899 1.981276 0.773752
v -2.119899 1.996536 0.773752
v -2.119899 1.813010 0.773752
v -2.119899 1.797324 0.773752
v -2.092320 1.657788 0.773752
v -2.092320 2.108046 0.773752
v -2.243687 1.657788 0.773752
v -2.243687 2.122624 0.773752
v -2.214856 2.121170 0.773752
v -2.214856 1.657788 0.773752
v -2.092320 1.990594 0.773752
v -2.092320 2.007374 0.773752
v -2.092320 1.805583 0.773752
v -2.092320 1.788335 0.773752
v -2.092320 1.657788 0.717317
v -2.092320 2.108046 0.717317
v -2.243687 1.657788 0.717317
v -2.243687 2.122624 0.717317
v -2.214856 2.121170 0.717317
v -2.214856 1.657788 0.717317
v -2.092320 1.990594 0.717317
v -2.092320 2.007374 0.717317
v -2.092320 1.805583 0.717317
v -2.092320 1.788335 0.717317
v -2.119899 1.692457 0.754588
v -2.119899 2.088096 0.754588
v -2.243687 1.692457 0.754588
v -2.243687 2.101355 0.754588
v -2.231344 2.100033 0.754588
v -2.231344 1.692457 0.754588
v -2.119899 1.981276 0.754588
v -2.119899 1.996536 0.754588
v -2.119899 1.813010 0.754588
v -2.119899 1.797324 0.754588
v -2.256507 2.102585 0.768857
v -2.256507 1.674935 0.768857
v -2.256507 1.982116 0.768857
v -2.372254 1.795512 0.754214
v -2.256507 1.811424 0.754214
v -2.256507 1.982116 0.754214
v -2.372254 1.982116 0.768857
v -2.256507 1.997597 0.768857
v -2.256507 1.795512 0.754214
v -2.256507 1.997597 0.754214
v -2.372254 1.997597 0.754214
v -2.372254 1.997597 0.768857
v -2.372254 1.811424 0.768857
v -2.372254 1.982116 0.754214
v -2.372254 1.811424 0.754214
v -2.256507 1.674935 0.754214
v -2.256507 1.811424 0.768857
v -2.372254 1.674935 0.754214
v -2.372254 2.090477 0.754214
v -2.256507 2.102585 0.754214
v -2.256507 1.795512 0.768857
v -2.372254 1.795512 0.768857
v -2.243687 1.674935 0.768857
v -2.243687 2.103927 0.768857
v -2.230867 2.102585 0.768857
v -2.230867 1.674935 0.768857
v -2.230867 1.982116 0.768857
v -2.115119 1.795512 0.754214
v -2.230867 1.811424 0.754214
v -2.243687 1.982116 0.768857
v -2.230867 1.982116 0.754214
v -2.115119 1.982116 0.768857
v -2.230867 1.997597 0.768857
v -2.230867 1.795512 0.754214
v -2.230867 1.997597 0.754214
v -2.243687 1.997597 0.768857
v -2.115119 1.997597 0.754214
v -2.115119 1.997597 0.768857
v -2.115119 1.811424 0.768857
v -2.115119 1.982116 0.754214
v -2.243687 1.811424 0.768857
v -2.115119 1.811424 0.754214
v -2.230867 1.674935 0.754214
v -2.230867 1.811424 0.768857
v -2.115119 1.674935 0.754214
v -2.243687 1.795512 0.768857
v -2.115119 2.090477 0.754214
v -2.230867 2.102585 0.754214
v -2.230867 1.795512 0.768857
v -2.115119 1.795512 0.768857
v -2.400677 1.611873 0.800072
v -2.400677 1.671485 0.800072
v -2.400677 1.611873 0.659791
v -2.400677 1.671485 0.659791
v -2.087825 1.611873 0.800072
v -2.087825 1.671485 0.800072
v -2.087825 1.611873 0.659791
v -2.087825 1.671485 0.659791
v -2.400677 1.622081 0.800072
v -2.400677 1.622081 0.659791
v -2.087825 1.622081 0.659791
v -2.087825 1.622081 0.800072
v -2.087825 1.622081 0.812843
v -2.087825 1.611873 0.812843
v -2.400677 1.611873 0.812843
v -2.400677 1.622081 0.812843
v -1.507763 0.845776 0.722851
v -1.507763 0.540992 0.722851
v -1.507763 0.725307 0.722851
v -1.507763 0.725307 0.716357
v -1.623510 0.725307 0.722851
v -1.507763 0.740787 0.722851
v -1.507763 0.740787 0.716357
v -1.623510 0.740787 0.716357
v -1.623510 0.740787 0.722851
v -1.623510 0.725307 0.716357
v -1.507763 0.540992 0.716357
v -1.623510 0.540992 0.716357
v -1.623510 0.833667 0.716357
v -1.507763 0.845776 0.716357
v -1.494942 0.540992 0.722851
v -1.494943 0.847116 0.722851
v -1.482123 0.845776 0.722851
v -1.482123 0.540992 0.722851
v -1.482123 0.725307 0.722851
v -1.494942 0.725307 0.722851
v -1.482123 0.725307 0.716357
v -1.366375 0.725307 0.722851
v -1.482123 0.740787 0.722851
v -1.482123 0.740787 0.716357
v -1.494943 0.740787 0.722851
v -1.366375 0.740787 0.716357
v -1.366375 0.740787 0.722851
v -1.366375 0.725307 0.716357
v -1.482123 0.540992 0.716357
v -1.366375 0.540992 0.716357
v -1.366375 0.833667 0.716357
v -1.482123 0.845776 0.716357
v -1.618730 0.547547 0.727691
v -1.618730 0.833026 0.727691
v -1.507286 0.844963 0.727691
v -1.507286 0.547547 0.727691
v -1.618730 0.726206 0.727691
v -1.618730 0.741467 0.727691
v -1.646309 0.518962 0.727691
v -1.646309 0.852976 0.727691
v -1.523774 0.866101 0.727691
v -1.523774 0.518962 0.727691
v -1.646309 0.735525 0.727691
v -1.646309 0.752305 0.727691
v -1.646309 0.518962 0.671256
v -1.646309 0.852976 0.671256
v -1.523774 0.866101 0.671256
v -1.523774 0.518962 0.671256
v -1.646309 0.735525 0.671256
v -1.646309 0.752305 0.671256
v -1.618730 0.547547 0.708527
v -1.618730 0.833026 0.708527
v -1.507286 0.844963 0.708527
v -1.507286 0.547547 0.708527
v -1.618730 0.726206 0.708527
v -1.618730 0.741467 0.708527
v -1.371155 0.547547 0.727691
v -1.371155 0.833026 0.727691
v -1.494943 0.547547 0.727691
v -1.494943 0.846285 0.727691
v -1.482599 0.844963 0.727691
v -1.482599 0.547547 0.727691
v -1.371155 0.726206 0.727691
v -1.371155 0.741467 0.727691
v -1.343576 0.518962 0.727691
v -1.343576 0.852976 0.727691
v -1.494943 0.518962 0.727691
v -1.494943 0.867555 0.727691
v -1.466111 0.866101 0.727691
v -1.466111 0.518962 0.727691
v -1.343576 0.735525 0.727691
v -1.343576 0.752305 0.727691
v -1.343576 0.518962 0.671256
v -1.343576 0.852976 0.671256
v -1.494943 0.518962 0.671256
v -1.494943 0.867555 0.671256
v -1.466111 0.866101 0.671256
v -1.466111 0.518962 0.671256
v -1.343576 0.735525 0.671256
v -1.343576 0.752305 0.671256
v -1.371155 0.547547 0.708527
v -1.371155 0.833026 0.708527
v -1.494943 0.547547 0.708527
v -1.494943 0.846285 0.708527
v -1.482599 0.844963 0.708527
v -1.482599 0.547547 0.708527
v -1.371155 0.726206 0.708527
v -1.371155 0.741467 0.708527
v -1.651933 0.463487 0.754011
v -1.651933 0.523099 0.754011
v -1.651933 0.463487 0.613730
v -1.651933 0.523099 0.613730
v -1.339081 0.463487 0.754011
v -1.339081 0.523099 0.754011
v -1.339081 0.463487 0.613730
v -1.339081 0.523099 0.613730
v -1.651933 0.473694 0.754011
v -1.651933 0.473694 0.613730
v -1.339081 0.473694 0.613730
v -1.339081 0.473694 0.754011
v -1.339081 0.473694 0.766783
v -1.339081 0.463487 0.766783
v -1.651933 0.463487 0.766783
v -1.651933 0.473694 0.766783
v -1.619960 1.692457 0.773752
v -1.619960 2.088096 0.773752
v -1.508516 2.100033 0.773752
v -1.508516 1.692457 0.773752
v -1.619960 1.981276 0.773752
v -1.619960 1.996536 0.773752
v -1.619960 1.813010 0.773752
v -1.619960 1.797324 0.773752
v -1.647539 1.657788 0.773752
v -1.647539 2.108046 0.773752
v -1.525004 2.121170 0.773752
v -1.525004 1.657788 0.773752
v -1.647539 1.990594 0.773752
v -1.647539 2.007374 0.773752
v -1.647539 1.805583 0.773752
v -1.647539 1.788335 0.773752
v -1.647539 1.657788 0.717317
v -1.647539 2.108046 0.717317
v -1.525004 2.121170 0.717317
v -1.525004 1.657788 0.717317
v -1.647539 1.990594 0.717317
v -1.647539 2.007374 0.717317
v -1.647539 1.805583 0.717317
v -1.647539 1.788335 0.717317
v -1.619960 1.692457 0.754588
v -1.619960 2.088096 0.754588
v -1.508516 2.100033 0.754588
v -1.508516 1.692457 0.754588
v -1.619960 1.981276 0.754588
v -1.619960 1.996536 0.754588
v -1.619960 1.813010 0.754588
v -1.619960 1.797324 0.754588
v -1.372385 1.692457 0.773752
v -1.372385 2.088096 0.773752
v -1.496172 1.692457 0.773752
v -1.496172 2.101355 0.773752
v -1.483829 2.100033 0.773752
v -1.483829 1.692457 0.773752
v -1.372385 1.981276 0.773752
v -1.372385 1.996536 0.773752
v -1.372385 1.813010 0.773752
v -1.372385 1.797324 0.773752
v -1.344806 1.657788 0.773752
v -1.344806 2.108046 0.773752
v -1.496172 1.657788 0.773752
v -1.496172 2.122624 0.773752
v -1.467341 2.121170 0.773752
v -1.467341 1.657788 0.773752
v -1.344806 1.990594 0.773752
v -1.344806 2.007374 0.773752
v -1.344806 1.805583 0.773752
v -1.344806 1.788335 0.773752
v -1.344806 1.657788 0.717317
v -1.344806 2.108046 0.717317
v -1.496172 1.657788 0.717317
v -1.496172 2.122624 0.717317
v -1.467341 2.121170 0.717317
v -1.467341 1.657788 0.717317
v -1.344806 1.990594 0.717317
v -1.344806 2.007374 0.717317
v -1.344806 1.805583 0.717317
v -1.344806 1.788335 0.717317
v -1.372385 1.692457 0.754588
v -1.372385 2.088096 0.754588
v -1.496172 1.692457 0.754588
v -1.496172 2.101355 0.754588
v -1.483829 2.100033 0.754588
v -1.483829 1.692457 0.754588
v -1.372385 1.981276 0.754588
v -1.372385 1.996536 0.754588
v -1.372385 1.813010 0.754588
v -1.372385 1.797324 0.754588
v -1.508992 2.102585 0.768857
v -1.508992 1.674935 0.768857
v -1.508992 1.982116 0.768857
v -1.624740 1.795512 0.754214
v -1.508992 1.811424 0.754214
v -1.508992 1.982116 0.754214
v -1.624740 1.982116 0.768857
v -1.508992 1.997597 0.768857
v -1.508992 1.795512 0.754214
v -1.508992 1.997597 0.754214
v -1.624740 1.997597 0.754214
v -1.624740 1.997597 0.768857
v -1.624740 1.811424 0.768857
v -1.624740 1.982116 0.754214
v -1.624740 1.811424 0.754214
v -1.508992 1.674935 0.754214
v -1.508992 1.811424 0.768857
v -1.624740 1.674935 0.754214
v -1.624740 2.090477 0.754214
v -1.508992 2.102585 0.754214
v -1.508992 1.795512 0.768857
v -1.624740 1.795512 0.768857
v -1.496172 1.674935 0.768857
v -1.496172 2.103927 0.768857
v -1.483352 2.102585 0.768857
v -1.483352 1.674935 0.768857
v -1.483352 1.982116 0.768857
v -1.367605 1.795512 0.754214
v -1.483352 1.811424 0.754214
v -1.496172 1.982116 0.768857
v -1.483352 1.982116 0.754214
v -1.367605 1.982116 0.768857
v -1.483352 1.997597 0.768857
v -1.483352 1.795512 0.754214
v -1.483352 1.997597 0.754214
v -1.496172 1.997597 0.768857
v -1.367605 1.997597 0.754214
v -1.367605 1.997597 0.768857
v -1.367605 1.811424 0.768857
v -1.367605 1.982116 0.754214
v -1.496172 1.811424 0.768857
v -1.367605 1.811424 0.754214
v -1.483352 1.674935 0.754214
v -1.483352 1.811424 0.768857
v -1.367605 1.674935 0.754214
v -1.496172 1.795512 0.768857
v -1.367605 2.090477 0.754214
v -1.483352 2.102585 0.754214
v -1.483352 1.795512 0.768857
v -1.367605 1.795512 0.768857
v -1.653162 1.611873 0.800072
v -1.653163 1.671485 0.800072
v -1.653162 1.611873 0.659791
v -1.653162 1.671485 0.659791
v -1.340311 1.611873 0.800072
v -1.340311 1.671485 0.800072
v -1.340311 1.611873 0.659791
v -1.340311 1.671485 0.659791
v -1.653162 1.622081 0.800072
v -1.653162 1.622081 0.659791
v -1.340311 1.622081 0.659791
v -1.340311 1.622081 0.800072
v -1.340311 1.622081 0.812843
v -1.340311 1.611873 0.812843
v -1.653162 1.611873 0.812843
v -1.653162 1.622081 0.812843
v -0.872445 1.692457 0.773752
v -0.872445 2.088096 0.773752
v -0.761001 2.100033 0.773752
v -0.761001 1.692457 0.773752
v -0.872445 1.981276 0.773752
v -0.872445 1.996536 0.773752
v -0.872445 1.813010 0.773752
v -0.872445 1.797324 0.773752
v -0.900025 1.657788 0.773752
v -0.900025 2.108046 0.773752
v -0.777489 2.121170 0.773752
v -0.777489 1.657788 0.773752
v -0.900025 1.990594 0.773752
v -0.900025 2.007374 0.773752
v -0.900025 1.805583 0.773752
v -0.900025 1.788335 0.773752
v -0.900025 1.657788 0.717317
v -0.900025 2.108046 0.717317
v -0.777489 2.121170 0.717317
v -0.777489 1.657788 0.717317
v -0.900025 1.990594 0.717317
v -0.900025 2.007374 0.717317
v -0.900025 1.805583 0.717317
v -0.900025 1.788335 0.717317
v -0.872445 1.692457 0.754588
v -0.872445 2.088096 0.754588
v -0.761001 2.100033 0.754588
v -0.761001 1.692457 0.754588
v -0.872445 1.981276 0.754588
v -0.872445 1.996536 0.754588
v -0.872445 1.813010 0.754588
v -0.872445 1.797324 0.754588
v -0.624870 1.692457 0.773752
v -0.624870 2.088096 0.773752
v -0.748658 1.692457 0.773752
v -0.748658 2.101355 0.773752
v -0.736315 2.100033 0.773752
v -0.736315 1.692457 0.773752
v -0.624870 1.981276 0.773752
v -0.624870 1.996536 0.773752
v -0.624870 1.813010 0.773752
v -0.624870 1.797324 0.773752
v -0.597291 1.657788 0.773752
v -0.597291 2.108046 0.773752
v -0.748658 1.657788 0.773752
v -0.748658 2.122624 0.773752
v -0.719827 2.121170 0.773752
v -0.719827 1.657788 0.773752
v -0.597291 1.990594 0.773752
v -0.597291 2.007374 0.773752
v -0.597291 1.805583 0.773752
v -0.597291 1.788335 0.773752
v -0.597291 1.657788 0.717317
v -0.597291 2.108046 0.717317
v -0.748658 1.657788 0.717317
v -0.748658 2.122624 0.717317
v -0.719827 2.121170 0.717317
v -0.719827 1.657788 0.717317
v -0.597291 1.990594 0.717317
v -0.597291 2.007374 0.717317
v -0.597291 1.805583 0.717317
v -0.597291 1.788335 0.717317
v -0.624870 1.692457 0.754588
v -0.624870 2.088096 0.754588
v -0.748658 1.692457 0.754588
v -0.748658 2.101355 0.754588
v -0.736315 2.100033 0.754588
v -0.736315 1.692457 0.754588
v -0.624870 1.981276 0.754588
v -0.624870 1.996536 0.754588
v -0.624870 1.813010 0.754588
v -0.624870 1.797324 0.754588
v -0.761478 2.102585 0.768857
v -0.761478 1.674935 0.768857
v -0.761478 1.982116 0.768857
v -0.877226 1.795512 0.754214
v -0.761478 1.811424 0.754214
v -0.761478 1.982116 0.754214
v -0.877226 1.982116 0.768857
v -0.761478 1.997597 0.768857
v -0.761478 1.795512 0.754214
v -0.761478 1.997597 0.754214
v -0.877226 1.997597 0.754214
v -0.877226 1.997597 0.768857
v -0.877226 1.811424 0.768857
v -0.877226 1.982116 0.754214
v -0.877226 1.811424 0.754214
v -0.761478 1.674935 0.754214
v -0.761478 1.811424 0.768857
v -0.877226 1.674935 0.754214
v -0.877226 2.090477 0.754214
v -0.761478 2.102585 0.754214
v -0.761478 1.795512 0.768857
v -0.877226 1.795512 0.768857
v -0.748658 1.674935 0.768857
v -0.748658 2.103927 0.768857
v -0.735838 2.102585 0.768857
v -0.735838 1.674935 0.768857
v -0.735838 1.982116 0.768857
v -0.620090 1.795512 0.754214
v -0.735838 1.811424 0.754214
v -0.748658 1.982116 0.768857
v -0.735838 1.982116 0.754214
v -0.620090 1.982116 0.768857
v -0.735838 1.997597 0.768857
v -0.735838 1.795512 0.754214
v -0.735838 1.997597 0.754214
v -0.748658 1.997597 0.768857
v -0.620090 1.997597 0.754214
v -0.620090 1.997597 0.768857
v -0.620090 1.811424 0.768857
v -0.620090 1.982116 0.754214
v -0.748658 1.811424 0.768857
v -0.620090 1.811424 0.754214
v -0.735838 1.674935 0.754214
v -0.735838 1.811424 0.768857
v -0.620090 1.674935 0.754214
v -0.748658 1.795512 0.768857
v -0.620090 2.090477 0.754214
v -0.735838 2.102585 0.754214
v -0.735838 1.795512 0.768857
v -0.620090 1.795512 0.768857
v -0.905648 1.611873 0.800072
v -0.905648 1.671485 0.800072
v -0.905648 1.611873 0.659791
v -0.905648 1.671485 0.659791
v -0.592796 1.611873 0.800072
v -0.592796 1.671485 0.800072
v -0.592796 1.611873 0.659791
v -0.592796 1.671485 0.659791
v -0.905648 1.622081 0.800072
v -0.905648 1.622081 0.659791
v -0.592796 1.622081 0.659791
v -0.592796 1.622081 0.800072
v -0.592796 1.622081 0.812843
v -0.592796 1.611873 0.812843
v -0.905648 1.611873 0.812843
v -0.905648 1.622081 0.812843
v 2.255277 0.845776 0.722851
v 2.255277 0.540992 0.722851
v 2.255277 0.725307 0.722851
v 2.255277 0.725307 0.716357
v 2.371025 0.725307 0.722851
v 2.255277 0.740787 0.722851
v 2.255277 0.740787 0.716357
v 2.371025 0.740787 0.716357
v 2.371025 0.740787 0.722851
v 2.371025 0.725307 0.716357
v 2.255277 0.540992 0.716357
v 2.371025 0.540992 0.716357
v 2.371025 0.833667 0.716357
v 2.255277 0.845776 0.716357
v 2.242457 0.540992 0.722851
v 2.242457 0.847116 0.722851
v 2.229637 0.845776 0.722851
v 2.229637 0.540992 0.722851
v 2.229637 0.725307 0.722851
v 2.242457 0.725307 0.722851
v 2.229637 0.725307 0.716357
v 2.113889 0.725307 0.722851
v 2.229637 0.740787 0.722851
v 2.229637 0.740787 0.716357
v 2.242457 0.740787 0.722851
v 2.113889 0.740787 0.716357
v 2.113889 0.740787 0.722851
v 2.113889 0.725307 0.716357
v 2.229637 0.540992 0.716357
v 2.113889 0.540992 0.716357
v 2.113889 0.833667 0.716357
v 2.229637 0.845776 0.716357
v 2.366245 0.547547 0.727691
v 2.366245 0.833026 0.727691
v 2.254801 0.844963 0.727691
v 2.254800 0.547547 0.727691
v 2.366245 0.726206 0.727691
v 2.366245 0.741467 0.727691
v 2.393824 0.518962 0.727691
v 2.393824 0.852976 0.727691
v 2.271288 0.866101 0.727691
v 2.271288 0.518962 0.727691
v 2.393824 0.735525 0.727691
v 2.393824 0.752305 0.727691
v 2.393824 0.518962 0.671256
v 2.393824 0.852976 0.671256
v 2.271288 0.866101 0.671256
v 2.271288 0.518962 0.671256
v 2.393824 0.735525 0.671256
v 2.393824 0.752305 0.671256
v 2.366245 0.547547 0.708527
v 2.366245 0.833026 0.708527
v 2.254801 0.844963 0.708527
v 2.254800 0.547547 0.708527
v 2.366245 0.726206 0.708527
v 2.366245 0.741467 0.708527
v 2.118670 0.547547 0.727691
v 2.118670 0.833026 0.727691
v 2.242457 0.547547 0.727691
v 2.242457 0.846285 0.727691
v 2.230114 0.844963 0.727691
v 2.230114 0.547547 0.727691
v 2.118670 0.726206 0.727691
v 2.118670 0.741467 0.727691
v 2.091091 0.518962 0.727691
v 2.091091 0.852976 0.727691
v 2.242457 0.518962 0.727691
v 2.242457 0.867555 0.727691
v 2.213626 0.866101 0.727691
v 2.213626 0.518962 0.727691
v 2.091091 0.735525 0.727691
v 2.091091 0.752305 0.727691
v 2.091091 0.518962 0.671256
v 2.091091 0.852976 0.671256
v 2.242457 0.518962 0.671256
v 2.242457 0.867555 0.671256
v 2.213626 0.866101 0.671256
v 2.213626 0.518962 0.671256
v 2.091091 0.735525 0.671256
v 2.091091 0.752305 0.671256
v 2.118670 0.547547 0.708527
v 2.118670 0.833026 0.708527
v 2.242457 0.547547 0.708527
v 2.242457 0.846285 0.708527
v 2.230114 0.844963 0.708527
v 2.230114 0.547547 0.708527
v 2.118670 0.726206 0.708527
v 2.118670 0.741467 0.708527
v 2.399447 0.463487 0.754011
v 2.399447 0.523099 0.754011
v 2.399447 0.463487 0.613730
v 2.399447 0.523099 0.613730
v 2.086596 0.463487 0.754011
v 2.086596 0.523099 0.754011
v 2.086596 0.463487 0.613730
v 2.086596 0.523099 0.613730
v 2.399447 0.473694 0.754011
v 2.399447 0.473694 0.613730
v 2.086596 0.473694 0.613730
v 2.086596 0.473694 0.754011
v 2.086596 0.473694 0.766783
v 2.086596 0.463487 0.766783
v 2.399447 0.463487 0.766783
v 2.399447 0.473694 0.766783
v 2.367474 1.692457 0.773752
v 2.367474 2.088096 0.773752
v 2.256030 2.100033 0.773752
v 2.256030 1.692457 0.773752
v 2.367474 1.981276 0.773752
v 2.367474 1.996536 0.773752
v 2.367474 1.813010 0.773752
v 2.367474 1.797324 0.773752
v 2.395053 1.657788 0.773752
v 2.395053 2.108046 0.773752
v 2.272518 2.121170 0.773752
v 2.272518 1.657788 0.773752
v 2.395053 1.990594 0.773752
v 2.395053 2.007374 0.773752
v 2.395053 1.805583 0.773752
v 2.395053 1.788335 0.773752
v 2.395053 1.657788 0.717317
v 2.395053 2.108046 0.717317
v 2.272518 2.121170 0.717317
v 2.272518 1.657788 0.717317
v 2.395053 1.990594 0.717317
v 2.395053 2.007374 0.717317
v 2.395053 1.805583 0.717317
v 2.395053 1.788335 0.717317
v 2.367474 1.692457 0.754588
v 2.367474 2.088096 0.754588
v 2.256030 2.100033 0.754588
v 2.256030 1.692457 0.754588
v 2.367474 1.981276 0.754588
v 2.367474 1.996536 0.754588
v 2.367474 1.813010 0.754588
v 2.367474 1.797324 0.754588
v 2.119899 1.692457 0.773752
v 2.119899 2.088096 0.773752
v 2.243687 1.692457 0.773752
v 2.243687 2.101355 0.773752
v 2.231344 2.100033 0.773752
v 2.231344 1.692457 0.773752
v 2.119899 1.981276 0.773752
v 2.119899 1.996536 0.773752
v 2.119899 1.813010 0.773752
v 2.119899 1.797324 0.773752
v 2.092320 1.657788 0.773752
v 2.092320 2.108046 0.773752
v 2.243687 1.657788 0.773752
v 2.243687 2.122624 0.773752
v 2.214856 2.121170 0.773752
v 2.214856 1.657788 0.773752
v 2.092320 1.990594 0.773752
v 2.092320 2.007374 0.773752
v 2.092320 1.805583 0.773752
v 2.092320 1.788335 0.773752
v 2.092320 1.657788 0.717317
v 2.092320 2.108046 0.717317
v 2.243687 1.657788 0.717317
v 2.243687 2.122624 0.717317
v 2.214856 2.121170 0.717317
v 2.214856 1.657788 0.717317
v 2.092320 1.990594 0.717317
v 2.092320 2.007374 0.717317
v 2.092320 1.805583 0.717317
v 2.092320 1.788335 0.717317
v 2.119899 1.692457 0.754588
v 2.119899 2.088096 0.754588
v 2.243687 1.692457 0.754588
v 2.243687 2.101355 0.754588
v 2.231344 2.100033 0.754588
v 2.231344 1.692457 0.754588
v 2.119899 1.981276 0.754588
v 2.119899 1.996536 0.754588
v 2.119899 1.813010 0.754588
v 2.119899 1.797324 0.754588
v 2.256507 2.102585 0.768857
v 2.256507 1.674935 0.768857
v 2.256507 1.982116 0.768857
v 2.372254 1.795512 0.754214
v 2.256507 1.811424 0.754214
v 2.256507 1.982116 0.754214
v 2.372254 1.982116 0.768857
v 2.256507 1.997597 0.768857
v 2.256507 1.795512 0.754214
v 2.256507 1.997597 0.754214
v 2.372254 1.997597 0.754214
v 2.372254 1.997597 0.768857
v 2.372254 1.811424 0.768857
v 2.372254 1.982116 0.754214
v 2.372254 1.811424 0.754214
v 2.256507 1.674935 0.754214
v 2.256507 1.811424 0.768857
v 2.372254 1.674935 0.754214
v 2.372254 2.090477 0.754214
v 2.256507 2.102585 0.754214
v 2.256507 1.795512 0.768857
v 2.372254 1.795512 0.768857
v 2.243687 1.674935 0.768857
v 2.243687 2.103927 0.768857
v 2.230867 2.102585 0.768857
v 2.230867 1.674935 0.768857
v 2.230867 1.982116 0.768857
v 2.115119 1.795512 0.754214
v 2.230867 1.811424 0.754214
v 2.243687 1.982116 0.768857
v 2.230867 1.982116 0.754214
v 2.115119 1.982116 0.768857
v 2.230867 1.997597 0.768857
v 2.230867 1.795512 0.754214
v 2.230867 1.997597 0.754214
v 2.243687 1.997597 0.768857
v 2.115119 1.997597 0.754214
v 2.115119 1.997597 0.768857
v 2.115119 1.811424 0.768857
v 2.115119 1.982116 0.754214
v 2.243687 1.811424 0.768857
v 2.115119 1.811424 0.754214
v 2.230867 1.674935 0.754214
v 2.230867 1.811424 0.768857
v 2.115119 1.674935 0.754214
v 2.243687 1.795512 0.768857
v 2.115119 2.090477 0.754214
v 2.230867 2.102585 0.754214
v 2.230867 1.795512 0.768857
v 2.115119 1.795512 0.768857
v 2.400677 1.611873 0.800072
v 2.400677 1.671485 0.800072
v 2.400677 1.611873 0.659791
v 2.400677 1.671485 0.659791
v 2.087825 1.611873 0.800072
v 2.087825 1.671485 0.800072
v 2.087825 1.611873 0.659791
v 2.087825 1.671485 0.659791
v 2.400677 1.622081 0.800072
v 2.400677 1.622081 0.659791
v 2.087825 1.622081 0.659791
v 2.087825 1.622081 0.800072
v 2.087825 1.622081 0.812843
v 2.087825 1.611873 0.812843
v 2.400677 1.611873 0.812843
v 2.400677 1.622081 0.812843
v 1.507763 0.845776 0.722851
v 1.507763 0.540992 0.722851
v 1.507763 0.725307 0.722851
v 1.507763 0.725307 0.716357
v 1.623510 0.725307 0.722851
v 1.507763 0.740787 0.722851
v 1.507763 0.740787 0.716357
v 1.623510 0.740787 0.716357
v 1.623510 0.740787 0.722851
v 1.623510 0.725307 0.716357
v 1.507763 0.540992 0.716357
v 1.623510 0.540992 0.716357
v 1.623510 0.833667 0.716357
v 1.507763 0.845776 0.716357
v 1.494942 0.540992 0.722851
v 1.494943 0.847116 0.722851
v 1.482123 0.845776 0.722851
v 1.482123 0.540992 0.722851
v 1.482123 0.725307 0.722851
v 1.494942 0.725307 0.722851
v 1.482123 0.725307 0.716357
v 1.366375 0.725307 0.722851
v 1.482123 0.740787 0.722851
v 1.482123 0.740787 0.716357
v 1.494943 0.740787 0.722851
v 1.366375 0.740787 0.716357
v 1.366375 0.740787 0.722851
v 1.366375 0.725307 0.716357
v 1.482123 0.540992 0.716357
v 1.366375 0.540992 0.716357
v 1.366375 0.833667 0.716357
v 1.482123 0.845776 0.716357
v 1.618730 0.547547 0.727691
v 1.618730 0.833026 0.727691
v 1.507286 0.844963 0.727691
v 1.507286 0.547547 0.727691
v 1.618730 0.726206 0.727691
v 1.618730 0.741467 0.727691
v 1.646309 0.518962 0.727691
v 1.646309 0.852976 0.727691
v 1.523774 0.866101 0.727691
v 1.523774 0.518962 0.727691
v 1.646309 0.735525 0.727691
v 1.646309 0.752305 0.727691
v 1.646309 0.518962 0.671256
v 1.646309 0.852976 0.671256
v 1.523774 0.866101 0.671256
v 1.523774 0.518962 0.671256
v 1.646309 0.735525 0.671256
v 1.646309 0.752305 0.671256
v 1.618730 0.547547 0.708527
v 1.618730 0.833026 0.708527
v 1.507286 0.844963 0.708527
v 1.507286 0.547547 0.708527
v 1.618730 0.726206 0.708527
v 1.618730 0.741467 0.708527
v 1.371155 0.547547 0.727691
v 1.371155 0.833026 0.727691
v 1.494943 0.547547 0.727691
v 1.494943 0.846285 0.727691
v 1.482599 0.844963 0.727691
v 1.482599 0.547547 0.727691
v 1.371155 0.726206 0.727691
v 1.371155 0.741467 0.727691
v 1.343576 0.518962 0.727691
v 1.343576 0.852976 0.727691
v 1.494943 0.518962 0.727691
v 1.494943 0.867555 0.727691
v 1.466111 0.866101 0.727691
v 1.466111 0.518962 0.727691
v 1.343576 0.735525 0.727691
v 1.343576 0.752305 0.727691
v 1.343576 0.518962 0.671256
v 1.343576 0.852976 0.671256
v 1.494943 0.518962 0.671256
v 1.494943 0.867555 0.671256
v 1.466111 0.866101 0.671256
v 1.466111 0.518962 0.671256
v 1.343576 0.735525 0.671256
v 1.343576 0.752305 0.671256
v 1.371155 0.547547 0.708527
v 1.371155 0.833026 0.708527
v 1.494943 0.547547 0.708527
v 1.494943 0.846285 0.708527
v 1.482599 0.844963 0.708527
v 1.482599 0.547547 0.708527
v 1.371155 0.726206 0.708527
v 1.371155 0.741467 0.708527
v 1.651933 0.463487 0.754011
v 1.651933 0.523099 0.754011
v 1.651933 0.463487 0.613730
v 1.651933 0.523099 0.613730
v 1.339081 0.463487 0.754011
v 1.339081 0.523099 0.754011
v 1.339081 0.463487 0.613730
v 1.339081 0.523099 0.613730
v 1.651933 0.473694 0.754011
v 1.651933 0.473694 0.613730
v 1.339081 0.473694 0.613730
v 1.339081 0.473694 0.754011
v 1.339081 0.473694 0.766783
v 1.339081 0.463487 0.766783
v 1.651933 0.463487 0.766783
v 1.651933 0.473694 0.766783
v 1.619960 1.692457 0.773752
v 1.619960 2.088096 0.773752
v 1.508516 2.100033 0.773752
v 1.508516 1.692457 0.773752
v 1.619960 1.981276 0.773752
v 1.619960 1.996536 0.773752
v 1.619960 1.813010 0.773752
v 1.619960 1.797324 0.773752
v 1.647539 1.657788 0.773752
v 1.647539 2.108046 0.773752
v 1.525004 2.121170 0.773752
v 1.525004 1.657788 0.773752
v 1.647539 1.990594 0.773752
v 1.647539 2.007374 0.773752
v 1.647539 1.805583 0.773752
v 1.647539 1.788335 0.773752
v 1.647539 1.657788 0.717317
v 1.647539 2.108046 0.717317
v 1.525004 2.121170 0.717317
v 1.525004 1.657788 0.717317
v 1.647539 1.990594 0.717317
v 1.647539 2.007374 0.717317
v 1.647539 1.805583 0.717317
v 1.647539 1.788335 0.717317
v 1.619960 1.692457 0.754588
v 1.619960 2.088096 0.754588
v 1.508516 2.100033 0.754588
v 1.508516 1.692457 0.754588
v 1.619960 1.981276 0.754588
v 1.619960 1.996536 0.754588
v 1.619960 1.813010 0.754588
v 1.619960 1.797324 0.754588
v 1.372385 1.692457 0.773752
v 1.372385 2.088096 0.773752
v 1.496172 1.692457 0.773752
v 1.496172 2.101355 0.773752
v 1.483829 2.100033 0.773752
v 1.483829 1.692457 0.773752
v 1.372385 1.981276 0.773752
v 1.372385 1.996536 0.773752
v 1.372385 1.813010 0.773752
v 1.372385 1.797324 0.773752
v 1.344806 1.657788 0.773752
v 1.344806 2.108046 0.773752
v 1.496172 1.657788 0.773752
v 1.496172 2.122624 0.773752
v 1.467341 2.121170 0.773752
v 1.467341 1.657788 0.773752
v 1.344806 1.990594 0.773752
v 1.344806 2.007374 0.773752
v 1.344806 1.805583 0.773752
v 1.344806 1.788335 0.773752
v 1.344806 1.657788 0.717317
v 1.344806 2.108046 0.717317
v 1.496172 1.657788 0.717317
v 1.496172 2.122624 0.717317
v 1.467341 2.121170 0.717317
v 1.467341 1.657788 0.717317
v 1.344806 1.990594 0.717317
v 1.344806 2.007374 0.717317
v 1.344806 1.805583 0.717317
v 1.344806 1.788335 0.717317
v 1.372385 1.692457 0.754588
v 1.372385 2.088096 0.754588
v 1.496172 1.692457 0.754588
v 1.496172 2.101355 0.754588
v 1.483829 2.100033 0.754588
v 1.483829 1.692457 0.754588
v 1.372385 1.981276 0.754588
v 1.372385 1.996536 0.754588
v 1.372385 1.813010 0.754588
v 1.372385 1.797324 0.754588
v 1.508992 2.102585 0.768857
v 1.508992 1.674935 0.768857
v 1.508992 1.982116 0.768857
v 1.624740 1.795512 0.754214
v 1.508992 1.811424 0.754214
v 1.508992 1.982116 0.754214
v 1.624740 1.982116 0.768857
v 1.508992 1.997597 0.768857
v 1.508992 1.795512 0.754214
v 1.508992 1.997597 0.754214
v 1.624740 1.997597 0.754214
v 1.624740 1.997597 0.768857
v 1.624740 1.811424 0.768857
v 1.624740 1.982116 0.754214
v 1.624740 1.811424 0.754214
v 1.508992 1.674935 0.754214
v 1.508992 1.811424 0.768857
v 1.624740 1.674935 0.754214
v 1.624740 2.090477 0.754214
v 1.508992 2.102585 0.754214
v 1.508992 1.795512 0.768857
v 1.624740 1.795512 0.768857
v 1.496172 1.674935 0.768857
v 1.496172 2.103927 0.768857
v 1.483352 2.102585 0.768857
v 1.483352 1.674935 0.768857
v 1.483352 1.982116 0.768857
v 1.367605 1.795512 0.754214
v 1.483352 1.811424 0.754214
v 1.496172 1.982116 0.768857
v 1.483352 1.982116 0.754214
v 1.367605 1.982116 0.768857
v 1.483352 1.997597 0.768857
v 1.483352 1.795512 0.754214
v 1.483352 1.997597 0.754214
v 1.496172 1.997597 0.768857
v 1.367605 1.997597 0.754214
v 1.367605 1.997597 0.768857
v 1.367605 1.811424 0.768857
v 1.367605 1.982116 0.754214
v 1.496172 1.811424 0.768857
v 1.367605 1.811424 0.754214
v 1.483352 1.674935 0.754214
v 1.483352 1.811424 0.768857
v 1.367605 1.674935 0.754214
v 1.496172 1.795512 0.768857
v 1.367605 2.090477 0.754214
v 1.483352 2.102585 0.754214
v 1.483352 1.795512 0.768857
v 1.367605 1.795512 0.768857
v 1.653162 1.611873 0.800072
v 1.653163 1.671485 0.800072
v 1.653162 1.611873 0.659791
v 1.653162 1.671485 0.659791
v 1.340311 1.611873 0.800072
v 1.340311 1.671485 0.800072
v 1.340311 1.611873 0.659791
v 1.340311 1.671485 0.659791
v 1.653162 1.622081 0.800072
v 1.653162 1.622081 0.659791
v 1.340311 1.622081 0.659791
v 1.340311 1.622081 0.800072
v 1.340311 1.622081 0.812843
v 1.340311 1.611873 0.812843
v 1.653162 1.611873 0.812843
v 1.653162 1.622081 0.812843
v 0.872445 1.692457 0.773752
v 0.872445 2.088096 0.773752
v 0.761001 2.100033 0.773752
v 0.761001 1.692457 0.773752
v 0.872445 1.981276 0.773752
v 0.872445 1.996536 0.773752
v 0.872445 1.813010 0.773752
v 0.872445 1.797324 0.773752
v 0.900025 1.657788 0.773752
v 0.900025 2.108046 0.773752
v 0.777489 2.121170 0.773752
v 0.777489 1.657788 0.773752
v 0.900025 1.990594 0.773752
v 0.900025 2.007374 0.773752
v 0.900025 1.805583 0.773752
v 0.900025 1.788335 0.773752
v 0.900025 1.657788 0.717317
v 0.900025 2.108046 0.717317
v 0.777489 2.121170 0.717317
v 0.777489 1.657788 0.717317
v 0.900025 1.990594 0.717317
v 0.900025 2.007374 0.717317
v 0.900025 1.805583 0.717317
v 0.900025 1.788335 0.717317
v 0.872445 1.692457 0.754588
v 0.872445 2.088096 0.754588
v 0.761001 2.100033 0.754588
v 0.761001 1.692457 0.754588
v 0.872445 1.981276 0.754588
v 0.872445 1.996536 0.754588
v 0.872445 1.813010 0.754588
v 0.872445 1.797324 0.754588
v 0.624870 1.692457 0.773752
v 0.624870 2.088096 0.773752
v 0.748658 1.692457 0.773752
v 0.748658 2.101355 0.773752
v 0.736315 2.100033 0.773752
v 0.736315 1.692457 0.773752
v 0.624870 1.981276 0.773752
v 0.624870 1.996536 0.773752
v 0.624870 1.813010 0.773752
v 0.624870 1.797324 0.773752
v 0.597291 1.657788 0.773752
v 0.597291 2.108046 0.773752
v 0.748658 1.657788 0.773752
v 0.748658 2.122624 0.773752
v 0.719827 2.121170 0.773752
v 0.719827 1.657788 0.773752
v 0.597291 1.990594 0.773752
v 0.597291 2.007374 0.773752
v 0.597291 1.805583 0.773752
v 0.597291 1.788335 0.773752
v 0.597291 1.657788 0.717317
v 0.597291 2.108046 0.717317
v 0.748658 1.657788 0.717317
v 0.748658 2.122624 0.717317
v 0.719827 2.121170 0.717317
v 0.719827 1.657788 0.717317
v 0.597291 1.990594 0.717317
v 0.597291 2.007374 0.717317
v 0.597291 1.805583 0.717317
v 0.597291 1.788335 0.717317
v 0.624870 1.692457 0.754588
v 0.624870 2.088096 0.754588
v 0.748658 1.692457 0.754588
v 0.748658 2.101355 0.754588
v 0.736315 2.100033 0.754588
v 0.736315 1.692457 0.754588
v 0.624870 1.981276 0.754588
v 0.624870 1.996536 0.754588
v 0.624870 1.813010 0.754588
v 0.624870 1.797324 0.754588
v 0.761478 2.102585 0.768857
v 0.761478 1.674935 0.768857
v 0.761478 1.982116 0.768857
v 0.877226 1.795512 0.754214
v 0.761478 1.811424 0.754214
v 0.761478 1.982116 0.754214
v 0.877226 1.982116 0.768857
v 0.761478 1.997597 0.768857
v 0.761478 1.795512 0.754214
v 0.761478 1.997597 0.754214
v 0.877226 1.997597 0.754214
v 0.877226 1.997597 0.768857
v 0.877226 1.811424 0.768857
v 0.877226 1.982116 0.754214
v 0.877226 1.811424 0.754214
v 0.761478 1.674935 0.754214
v 0.761478 1.811424 0.768857
v 0.877226 1.674935 0.754214
v 0.877226 2.090477 0.754214
v 0.761478 2.102585 0.754214
v 0.761478 1.795512 0.768857
v 0.877226 1.795512 0.768857
v 0.748658 1.674935 0.768857
v 0.748658 2.103927 0.768857
v 0.735838 2.102585 0.768857
v 0.735838 1.674935 0.768857
v 0.735838 1.982116 0.768857
v 0.620090 1.795512 0.754214
v 0.735838 1.811424 0.754214
v 0.748658 1.982116 0.768857
v 0.735838 1.982116 0.754214
v 0.620090 1.982116 0.768857
v 0.735838 1.997597 0.768857
v 0.735838 1.795512 0.754214
v 0.735838 1.997597 0.754214
v 0.748658 1.997597 0.768857
v 0.620090 1.997597 0.754214
v 0.620090 1.997597 0.768857
v 0.620090 1.811424 0.768857
v 0.620090 1.982116 0.754214
v 0.748658 1.811424 0.768857
v 0.620090 1.811424 0.754214
v 0.735838 1.674935 0.754214
v 0.735838 1.811424 0.768857
v 0.620090 1.674935 0.754214
v 0.748658 1.795512 0.768857
v 0.620090 2.090477 0.754214
v 0.735838 2.102585 0.754214
v 0.735838 1.795512 0.768857
v 0.620090 1.795512 0.768857
v 0.905648 1.611873 0.800072
v 0.905648 1.671485 0.800072
v 0.905648 1.611873 0.659791
v 0.905648 1.671485 0.659791
v 0.592796 1.611873 0.800072
v 0.592796 1.671485 0.800072
v 0.592796 1.611873 0.659791
v 0.592796 1.671485 0.659791
v 0.905648 1.622081 0.800072
v 0.905648 1.622081 0.659791
v 0.592796 1.622081 0.659791
v 0.592796 1.622081 0.800072
v 0.592796 1.622081 0.812843
v 0.592796 1.611873 0.812843
v 0.905648 1.611873 0.812843
v 0.905648 1.622081 0.812843
v -3.350757 0.567041 0.499446
v -3.350757 0.707323 0.499446
v -3.210476 0.567041 0.499446
v -3.210476 0.707323 0.499446
v -3.350757 0.567041 0.253937
v -3.350757 0.707323 0.253937
v -3.210476 0.567041 0.253937
v -3.210476 0.707323 0.253937
v -3.350757 0.449486 0.018928
v -3.350757 0.589768 0.018928
v -3.210476 0.449486 0.018928
v -3.210476 0.589768 0.018928
v -3.350757 0.449486 -0.226581
v -3.350757 0.589768 -0.226581
v -3.210476 0.449486 -0.226581
v -3.210476 0.589768 -0.226581
v -3.350758 1.251412 -0.508140
v -3.350758 1.391694 -0.508140
v -3.210476 1.251412 -0.508140
v -3.210476 1.391694 -0.508140
v -3.350758 1.251412 -0.753649
v -3.350758 1.391694 -0.753649
v -3.210476 1.251412 -0.753649
v -3.210476 1.391694 -0.753649
v -3.341126 0.968659 -0.769726
v -3.341126 1.108940 -0.769726
v -3.200845 0.968659 -0.769726
v -3.200845 1.108940 -0.769726
v -3.341126 0.968659 -1.015235
v -3.341126 1.108940 -1.015235
v -3.200845 0.968659 -1.015235
v -3.200845 1.108940 -1.015235
v -3.081096 0.485722 -1.016168
v -3.081096 0.626003 -1.016168
v -3.081096 0.485722 -0.875887
v -3.081096 0.626003 -0.875887
v -2.835587 0.485722 -1.016168
v -2.835587 0.626003 -1.016168
v -2.835587 0.485722 -0.875887
v -2.835587 0.626003 -0.875887
v -2.583098 2.485965 0.748481
v -3.291617 -0.004312 1.000000
v -3.334589 -0.004312 0.957028
v -3.334589 -0.004312 -0.957028
v -3.291617 -0.004312 -1.000000
v -3.334589 2.485965 0.957028
v -3.291617 2.485965 1.000000
v -3.291617 2.485965 -1.000000
v -3.334589 2.485965 -0.957028
v -2.583098 -0.004312 1.000000
v -2.583098 2.485965 1.000000
v -3.334589 1.108835 -0.957028
v -3.334589 1.108835 0.957028
v -3.291617 1.108835 1.000000
v -3.291617 1.108835 -1.000000
v -2.583098 1.108835 1.000000
v -2.819271 -0.004312 1.000000
v -3.055444 -0.004312 1.000000
v -2.819271 2.485965 1.000000
v -3.055444 2.485965 1.000000
v -2.819271 1.108835 1.000000
v -3.055444 1.108835 1.000000
v 0.344989 1.117871 1.026923
v 0.405323 1.117871 1.026923
v 0.335228 1.117871 0.906934
v 0.399120 1.117871 0.906934
v -0.344988 1.117871 1.026923
v -0.405323 1.117871 1.026923
v -0.335228 1.117871 0.906934
v -0.399119 1.117871 0.906934
v -3.411607 1.310938 0.935582
v -3.322159 1.310938 0.935582
v -3.411607 1.310938 0.833102
v -3.322159 1.310938 0.833102
v -3.353375 1.149624 0.935582
v -3.322159 1.149624 0.935582
v -3.322159 1.149624 0.833102
v -3.353375 1.149624 0.833102
v -3.411607 1.255211 0.833102
v -3.411607 1.255211 0.935582
v -3.322159 1.255211 0.935582
v -3.322159 1.255211 0.833102
v -3.365162 1.212738 0.833102
v -3.322159 1.212738 0.935582
v -3.365162 1.212738 0.935582
v -3.322159 1.212738 0.833102
v -3.411607 1.310938 0.361694
v -3.322159 1.310938 0.361694
v -3.411607 1.310938 0.259214
v -3.322159 1.310938 0.259214
v -3.353375 1.149624 0.361694
v -3.322159 1.149624 0.361694
v -3.322159 1.149624 0.259214
v -3.353375 1.149624 0.259214
v -3.411607 1.255211 0.259214
v -3.411607 1.255211 0.361694
v -3.322159 1.255211 0.361694
v -3.322159 1.255211 0.259214
v -3.365162 1.212738 0.259214
v -3.322159 1.212738 0.361694
v -3.365162 1.212738 0.361694
v -3.322159 1.212738 0.259214
v -3.411607 1.310938 -0.212194
v -3.322159 1.310938 -0.212194
v -3.411607 1.310938 -0.314674
v -3.322159 1.310938 -0.314674
v -3.353375 1.149624 -0.212194
v -3.322159 1.149624 -0.212194
v -3.322159 1.149624 -0.314674
v -3.353375 1.149624 -0.314674
v -3.411607 1.255211 -0.314674
v -3.411607 1.255211 -0.212194
v -3.322159 1.255211 -0.212194
v -3.322159 1.255211 -0.314674
v -3.365162 1.212738 -0.314674
v -3.322159 1.212738 -0.212194
v -3.365162 1.212738 -0.212194
v -3.322159 1.212738 -0.314674
v -3.411607 1.310938 -0.786082
v -3.322159 1.310938 -0.786082
v -3.411607 1.310938 -0.888562
v -3.322159 1.310938 -0.888562
v -3.353375 1.149624 -0.786082
v -3.322159 1.149624 -0.786082
v -3.322159 1.149624 -0.888562
v -3.353375 1.149624 -0.888562
v -3.411607 1.255211 -0.888562
v -3.411607 1.255211 -0.786082
v -3.322159 1.255211 -0.786082
v -3.322159 1.255211 -0.888562
v -3.365162 1.212738 -0.888562
v -3.322159 1.212738 -0.786082
v -3.365162 1.212738 -0.786082
v -3.322159 1.212738 -0.888562
v -3.248151 1.310938 -1.070461
v -3.248151 1.310938 -0.981014
v -3.145671 1.310938 -1.070461
v -3.145671 1.310938 -0.981014
v -3.248151 1.149624 -1.012229
v -3.248151 1.149624 -0.981014
v -3.145671 1.149624 -0.981014
v -3.145671 1.149624 -1.012229
v -3.145671 1.255211 -1.070461
v -3.248151 1.255211 -1.070461
v -3.248151 1.255211 -0.981014
v -3.145671 1.255211 -0.981014
v -3.145671 1.212738 -1.024017
v -3.248151 1.212738 -0.981014
v -3.248151 1.212738 -1.024017
v -3.145671 1.212738 -0.981014
v -2.674263 1.310938 -1.070461
v -2.674263 1.310938 -0.981014
v -2.571783 1.310938 -1.070461
v -2.571783 1.310938 -0.981014
v -2.674263 1.149624 -1.012229
v -2.674263 1.149624 -0.981014
v -2.571783 1.149624 -0.981014
v -2.571783 1.149624 -1.012229
v -2.571783 1.255211 -1.070461
v -2.674263 1.255211 -1.070461
v -2.674263 1.255211 -0.981014
v -2.571783 1.255211 -0.981014
v -2.571783 1.212738 -1.024017
v -2.674263 1.212738 -0.981014
v -2.674263 1.212738 -1.024017
v -2.571783 1.212738 -0.981014
v -3.248151 2.479383 -1.070461
v -3.248151 2.479383 -0.981014
v -3.145671 2.479383 -1.070461
v -3.145671 2.479383 -0.981014
v -3.248151 2.318069 -1.012229
v -3.248151 2.318069 -0.981014
v -3.145671 2.318069 -0.981014
v -3.145671 2.318069 -1.012229
v -3.145671 2.423656 -1.070461
v -3.248151 2.423656 -1.070461
v -3.248151 2.423656 -0.981014
v -3.145671 2.423656 -0.981014
v -3.145671 2.381183 -1.024017
v -3.248151 2.381183 -0.981014
v -3.248151 2.381183 -1.024017
v -3.145671 2.381183 -0.981014
v -2.674263 2.479383 -1.070461
v -2.674263 2.479383 -0.981014
v -2.571782 2.479383 -1.070461
v -2.571782 2.479383 -0.981014
v -2.674263 2.318069 -1.012229
v -2.674263 2.318069 -0.981014
v -2.571782 2.318069 -0.981014
v -2.571782 2.318069 -1.012229
v -2.571782 2.423656 -1.070461
v -2.674263 2.423656 -1.070461
v -2.674263 2.423656 -0.981014
v -2.571782 2.423656 -0.981014
v -2.571782 2.381183 -1.024017
v -2.674263 2.381183 -0.981014
v -2.674263 2.381183 -1.024017
v -2.571782 2.381183 -0.981014
v -3.411606 2.479383 0.935583
v -3.322159 2.479383 0.935583
v -3.411606 2.479383 0.833102
v -3.322159 2.479383 0.833102
v -3.353375 2.318069 0.935583
v -3.322159 2.318069 0.935583
v -3.322159 2.318069 0.833102
v -3.353375 2.318069 0.833102
v -3.411606 2.423656 0.833102
v -3.411606 2.423656 0.935583
v -3.322159 2.423656 0.935583
v -3.322159 2.423656 0.833102
v -3.365162 2.381183 0.833102
v -3.322159 2.381183 0.935583
v -3.365162 2.381183 0.935583
v -3.322159 2.381183 0.833102
v -3.411606 2.479383 0.361694
v -3.322159 2.479383 0.361694
v -3.411606 2.479383 0.259214
v -3.322159 2.479383 0.259214
v -3.353375 2.318069 0.361694
v -3.322159 2.318069 0.361694
v -3.322159 2.318069 0.259214
v -3.353375 2.318069 0.259214
v -3.411606 2.423656 0.259214
v -3.411606 2.423656 0.361694
v -3.322159 2.423656 0.361694
v -3.322159 2.423656 0.259214
v -3.365162 2.381183 0.259214
v -3.322159 2.381183 0.361694
v -3.365162 2.381183 0.361694
v -3.322159 2.381183 0.259214
v -3.411606 2.479383 -0.212194
v -3.322159 2.479383 -0.212194
v -3.411606 2.479383 -0.314674
v -3.322159 2.479383 -0.314674
v -3.353375 2.318069 -0.212194
v -3.322159 2.318069 -0.212194
v -3.322159 2.318069 -0.314674
v -3.353375 2.318069 -0.314674
v -3.411606 2.423656 -0.314674
v -3.411606 2.423656 -0.212194
v -3.322159 2.423656 -0.212194
v -3.322159 2.423656 -0.314674
v -3.365162 2.381183 -0.314674
v -3.322159 2.381183 -0.212194
v -3.365162 2.381183 -0.212194
v -3.322159 2.381183 -0.314674
v -3.411606 2.479383 -0.786082
v -3.322159 2.479383 -0.786082
v -3.411606 2.479383 -0.888562
v -3.322159 2.479383 -0.888562
v -3.353375 2.318069 -0.786082
v -3.322159 2.318069 -0.786082
v -3.322159 2.318069 -0.888562
v -3.353375 2.318069 -0.888562
v -3.411606 2.423656 -0.888562
v -3.411606 2.423656 -0.786082
v -3.322159 2.423656 -0.786082
v -3.322159 2.423656 -0.888562
v -3.365162 2.381183 -0.888562
v -3.322159 2.381183 -0.786082
v -3.365162 2.381183 -0.786082
v -3.322159 2.381183 -0.888562
v -2.613189 2.479383 1.070461
v -2.613189 2.479383 0.981014
v -2.715669 2.479383 1.070461
v -2.715669 2.479383 0.981014
v -2.613189 2.318069 1.012229
v -2.613189 2.318069 0.981014
v -2.715669 2.318069 0.981014
v -2.715669 2.318069 1.012229
v -2.715669 2.423656 1.070461
v -2.613189 2.423656 1.070461
v -2.613189 2.423656 0.981014
v -2.715669 2.423656 0.981014
v -2.715669 2.381183 1.024016
v -2.613189 2.381183 0.981014
v -2.613189 2.381183 1.024016
v -2.715669 2.381183 0.981014
v -3.142692 2.479383 1.070461
v -3.142692 2.479383 0.981014
v -3.245172 2.479383 1.070461
v -3.245172 2.479383 0.981014
v -3.142692 2.318069 1.012229
v -3.142692 2.318069 0.981014
v -3.245172 2.318069 0.981014
v -3.245172 2.318069 1.012229
v -3.245172 2.423656 1.070461
v -3.142692 2.423656 1.070461
v -3.142692 2.423656 0.981014
v -3.245172 2.423656 0.981014
v -3.245172 2.381183 1.024016
v -3.142692 2.381183 0.981014
v -3.142692 2.381183 1.024016
v -3.245172 2.381183 0.981014
v -2.613189 1.310938 1.070461
v -2.613189 1.310938 0.981014
v -2.715669 1.310938 1.070461
v -2.715669 1.310938 0.981014
v -2.613189 1.149624 1.012229
v -2.613189 1.149624 0.981014
v -2.715669 1.149624 0.981014
v -2.715669 1.149624 1.012229
v -2.715669 1.255211 1.070461
v -2.613189 1.255211 1.070461
v -2.613189 1.255211 0.981014
v -2.715669 1.255211 0.981014
v -2.715669 1.212738 1.024016
v -2.613189 1.212738 0.981014
v -2.613189 1.212738 1.024016
v -2.715669 1.212738 0.981014
v -3.142692 1.310938 1.070461
v -3.142692 1.310938 0.981014
v -3.245173 1.310938 1.070461
v -3.245173 1.310938 0.981014
v -3.142692 1.149624 1.012229
v -3.142692 1.149624 0.981014
v -3.245173 1.149624 0.981014
v -3.245173 1.149624 1.012229
v -3.245173 1.255211 1.070461
v -3.142692 1.255211 1.070461
v -3.142692 1.255211 0.981014
v -3.245173 1.255211 0.981014
v -3.245173 1.212738 1.024016
v -3.142692 1.212738 0.981014
v -3.142692 1.212738 1.024016
v -3.245173 1.212738 0.981014
v -2.933750 0.845776 1.018398
v -2.933750 0.540992 1.018398
v -2.933750 0.725307 1.018398
v -2.933750 0.725307 1.003754
v -3.049498 0.725307 1.018398
v -2.933750 0.740787 1.018398
v -2.933750 0.740787 1.003754
v -3.049498 0.740787 1.003754
v -3.049498 0.740787 1.018398
v -3.049498 0.725307 1.003754
v -2.933750 0.540992 1.003754
v -3.049498 0.540992 1.003754
v -3.049498 0.833667 1.003754
v -2.933750 0.845776 1.003754
v -2.920930 0.540992 1.018398
v -2.920930 0.847116 1.018398
v -2.908110 0.845776 1.018398
v -2.908110 0.540992 1.018398
v -2.908110 0.725307 1.018398
v -2.920930 0.725307 1.018398
v -2.908110 0.725307 1.003754
v -2.792362 0.725307 1.018398
v -2.908110 0.740787 1.018398
v -2.908110 0.740787 1.003754
v -2.920930 0.740787 1.018398
v -2.792362 0.740787 1.003754
v -2.792362 0.740787 1.018398
v -2.792362 0.725307 1.003754
v -2.908110 0.540992 1.003754
v -2.792362 0.540992 1.003754
v -2.792362 0.833667 1.003754
v -2.908110 0.845776 1.003754
v -3.044717 0.547547 1.023237
v -3.044717 0.833026 1.023237
v -2.933273 0.844963 1.023237
v -2.933273 0.547547 1.023237
v -3.044717 0.726206 1.023237
v -3.044717 0.741467 1.023237
v -3.072297 0.518962 1.023237
v -3.072297 0.852976 1.023237
v -2.949761 0.866101 1.023237
v -2.949761 0.518962 1.023237
v -3.072297 0.735525 1.023237
v -3.072297 0.752305 1.023237
v -3.072297 0.518962 0.966803
v -3.072297 0.852976 0.966803
v -2.949761 0.866101 0.966803
v -2.949761 0.518962 0.966803
v -3.072297 0.735525 0.966803
v -3.072297 0.752305 0.966803
v -3.044717 0.547547 1.004074
v -3.044717 0.833026 1.004074
v -2.933273 0.844963 1.004074
v -2.933273 0.547547 1.004074
v -3.044717 0.726206 1.004074
v -3.044717 0.741467 1.004074
v -2.797143 0.547547 1.023237
v -2.797143 0.833026 1.023237
v -2.920930 0.547547 1.023237
v -2.920930 0.846285 1.023237
v -2.908587 0.844963 1.023237
v -2.908587 0.547547 1.023237
v -2.797143 0.726206 1.023237
v -2.797143 0.741467 1.023237
v -2.769563 0.518962 1.023237
v -2.769563 0.852976 1.023237
v -2.920930 0.518962 1.023237
v -2.920930 0.867555 1.023237
v -2.892099 0.866101 1.023237
v -2.892099 0.518962 1.023237
v -2.769563 0.735525 1.023237
v -2.769563 0.752305 1.023237
v -2.769563 0.518962 0.966803
v -2.769563 0.852976 0.966803
v -2.920930 0.518962 0.966803
v -2.920930 0.867555 0.966803
v -2.892099 0.866101 0.966803
v -2.892099 0.518962 0.966803
v -2.769563 0.735525 0.966803
v -2.769563 0.752305 0.966803
v -2.797143 0.547547 1.004074
v -2.797143 0.833026 1.004074
v -2.920930 0.547547 1.004074
v -2.920930 0.846285 1.004074
v -2.908587 0.844963 1.004074
v -2.908587 0.547547 1.004074
v -2.797143 0.726206 1.004074
v -2.797143 0.741467 1.004074
v -3.077920 0.463487 1.049558
v -3.077920 0.523099 1.049558
v -3.077920 0.463487 0.909277
v -3.077920 0.523099 0.909277
v -2.765068 0.463487 1.049558
v -2.765068 0.523099 1.049558
v -2.765068 0.463487 0.909277
v -2.765068 0.523099 0.909277
v -3.077920 0.473694 1.049558
v -3.077920 0.473694 0.909277
v -2.765068 0.473694 0.909277
v -2.765068 0.473694 1.049558
v -2.765068 0.473694 1.062329
v -2.765068 0.463487 1.062329
v -3.077920 0.463487 1.062329
v -3.077920 0.473694 1.062329
v -3.351987 1.989728 0.361000
v -3.351987 2.130009 0.361000
v -3.211705 1.989728 0.361000
v -3.211705 2.130009 0.361000
v -3.351987 1.989728 0.571797
v -3.351987 2.130009 0.571797
v -3.211705 1.989728 0.571797
v -3.211705 2.130009 0.571797
v -3.351987 2.146802 0.231007
v -3.351987 2.287083 0.231007
v -3.211705 2.146802 0.231007
v -3.211705 2.287083 0.231007
v -3.351987 2.146802 0.476516
v -3.351987 2.287083 0.476516
v -3.211705 2.146802 0.476516
v -3.211705 2.287083 0.476516
v -3.351987 1.524878 0.468332
v -3.351987 1.665159 0.468332
v -3.211705 1.524878 0.468332
v -3.211705 1.665159 0.468332
v -3.351987 1.524878 0.713841
v -3.351987 1.665159 0.713841
v -3.211705 1.524878 0.713841
v -3.211705 1.665159 0.713841
v -3.351987 1.486902 -1.009521
v -3.351987 1.627183 -1.009521
v -3.211705 1.486902 -1.009521
v -3.211705 1.627183 -1.009521
v -3.351987 1.486902 -0.764012
v -3.351987 1.627183 -0.764012
v -3.211705 1.486902 -0.764012
v -3.211705 1.627183 -0.764012
v -3.045947 1.692457 1.023237
v -3.045947 2.088096 1.023237
v -2.934503 2.100033 1.023237
v -2.934503 1.692457 1.023237
v -3.045947 1.981276 1.023237
v -3.045947 1.996536 1.023237
v -3.045947 1.813010 1.023237
v -3.045947 1.797324 1.023237
v -3.073526 1.657788 1.023237
v -3.073526 2.108046 1.023237
v -2.950991 2.121170 1.023237
v -2.950991 1.657788 1.023237
v -3.073526 1.990594 1.023237
v -3.073526 2.007374 1.023237
v -3.073526 1.805583 1.023237
v -3.073526 1.788335 1.023237
v -3.073526 1.657788 0.966803
v -3.073526 2.108046 0.966803
v -2.950991 2.121170 0.966803
v -2.950991 1.657788 0.966803
v -3.073526 1.990594 0.966803
v -3.073526 2.007374 0.966803
v -3.073526 1.805583 0.966803
v -3.073526 1.788335 0.966803
v -3.045947 1.692457 1.004074
v -3.045947 2.088096 1.004074
v -2.934503 2.100033 1.004074
v -2.934503 1.692457 1.004074
v -3.045947 1.981276 1.004074
v -3.045947 1.996536 1.004074
v -3.045947 1.813010 1.004074
v -3.045947 1.797324 1.004074
v -2.798372 1.692457 1.023237
v -2.798372 2.088096 1.023237
v -2.922160 1.692457 1.023237
v -2.922160 2.101355 1.023237
v -2.909816 2.100033 1.023237
v -2.909816 1.692457 1.023237
v -2.798372 1.981276 1.023237
v -2.798372 1.996536 1.023237
v -2.798372 1.813010 1.023237
v -2.798372 1.797324 1.023237
v -2.770793 1.657788 1.023237
v -2.770793 2.108046 1.023237
v -2.922160 1.657788 1.023237
v -2.922160 2.122624 1.023237
v -2.893328 2.121170 1.023237
v -2.893328 1.657788 1.023237
v -2.770793 1.990594 1.023237
v -2.770793 2.007374 1.023237
v -2.770793 1.805583 1.023237
v -2.770793 1.788335 1.023237
v -2.770793 1.657788 0.966803
v -2.770793 2.108046 0.966803
v -2.922160 1.657788 0.966803
v -2.922160 2.122624 0.966803
v -2.893328 2.121170 0.966803
v -2.893328 1.657788 0.966803
v -2.770793 1.990594 0.966803
v -2.770793 2.007374 0.966803
v -2.770793 1.805583 0.966803
v -2.770793 1.788335 0.966803
v -2.798372 1.692457 1.004074
v -2.798372 2.088096 1.004074
v -2.922160 1.692457 1.004074
v -2.922160 2.101355 1.004074
v -2.909816 2.100033 1.004074
v -2.909816 1.692457 1.004074
v -2.798372 1.981276 1.004074
v -2.798372 1.996536 1.004074
v -2.798372 1.813010 1.004074
v -2.798372 1.797324 1.004074
v -2.934979 2.102585 1.018343
v -2.934979 1.674935 1.018343
v -2.934979 1.982116 1.018343
v -3.050727 1.795512 1.003699
v -2.934979 1.811424 1.003699
v -2.934979 1.982116 1.003699
v -3.050727 1.982116 1.018343
v -2.934979 1.997597 1.018343
v -2.934979 1.795512 1.003699
v -2.934979 1.997597 1.003699
v -3.050727 1.997597 1.003699
v -3.050727 1.997597 1.018343
v -3.050727 1.811424 1.018343
v -3.050727 1.982116 1.003699
v -3.050727 1.811424 1.003699
v -2.934979 1.674935 1.003699
v -2.934979 1.811424 1.018343
v -3.050727 1.674935 1.003699
v -3.050727 2.090477 1.003699
v -2.934979 2.102585 1.003699
v -2.934979 1.795512 1.018343
v -3.050727 1.795512 1.018343
v -2.922159 1.674935 1.018343
v -2.922159 2.103927 1.018343
v -2.909340 2.102585 1.018343
v -2.909340 1.674935 1.018343
v -2.909339 1.982116 1.018343
v -2.793592 1.795512 1.003699
v -2.909339 1.811424 1.003699
v -2.922159 1.982116 1.018343
v -2.909339 1.982116 1.003699
v -2.793592 1.982116 1.018343
v -2.909339 1.997597 1.018343
v -2.909339 1.795512 1.003699
v -2.909339 1.997597 1.003699
v -2.922159 1.997597 1.018343
v -2.793592 1.997597 1.003699
v -2.793592 1.997597 1.018343
v -2.793592 1.811424 1.018343
v -2.793592 1.982116 1.003699
v -2.922159 1.811424 1.018343
v -2.793592 1.811424 1.003699
v -2.909340 1.674935 1.003699
v -2.909339 1.811424 1.018343
v -2.793592 1.674935 1.003699
v -2.922159 1.795512 1.018343
v -2.793592 2.090477 1.003699
v -2.909340 2.102585 1.003699
v -2.909339 1.795512 1.018343
v -2.793592 1.795512 1.018343
v -3.079150 1.611873 1.049558
v -3.079150 1.671485 1.049558
v -3.079150 1.611873 0.909277
v -3.079150 1.671485 0.909277
v -2.766298 1.611873 1.049558
v -2.766298 1.671485 1.049558
v -2.766298 1.611873 0.909277
v -2.766298 1.671485 0.909277
v -3.079150 1.622081 1.049558
v -3.079150 1.622081 0.909277
v -2.766298 1.622081 0.909277
v -2.766298 1.622081 1.049558
v -2.766298 1.622081 1.062329
v -2.766298 1.611873 1.062329
v -3.079150 1.611873 1.062329
v -3.079150 1.622081 1.062329
v -3.345340 1.858391 1.016168
v -3.345340 1.998672 1.016168
v -3.345340 1.858391 0.875887
v -3.345340 1.998672 0.875887
v -3.099831 1.858391 1.016168
v -3.099831 1.998672 1.016168
v -3.099831 1.858391 0.875887
v -3.099831 1.998672 0.875887
v -2.583098 1.108835 0.748481
v -2.583098 -0.004312 0.748481
v -3.413913 1.302274 1.031008
v -3.367532 1.302274 1.077302
v -3.367532 1.302274 -1.077302
v -3.413913 1.302274 -1.031008
v -3.413913 1.390069 1.031008
v -3.367532 1.390069 1.077302
v -3.367532 1.390069 -1.077302
v -3.413913 1.390069 -1.031008
v -3.315716 1.388320 0.937206
v -3.273554 1.388320 0.979289
v -3.273554 1.388320 -0.979289
v -3.315716 1.388320 -0.937207
v -2.623016 1.388320 0.979289
v -2.529321 1.302274 0.823309
v -2.529321 1.390069 0.823309
v -2.529321 1.388320 0.723577
v -2.623016 1.388320 0.723326
v -3.309385 1.302274 0.963831
v -3.267009 1.302274 1.006128
v -3.267009 1.302274 -0.962436
v -3.309385 1.302274 -0.920140
v -2.659452 1.302274 1.006128
v -2.659452 1.302274 0.724486
v -2.591514 1.302274 1.077302
v -2.529321 1.302274 1.015109
v -2.583886 1.302274 1.047458
v -2.547537 1.302274 1.059086
v -2.529321 1.390069 1.015109
v -2.591514 1.390069 1.077302
v -2.572293 1.389267 1.032350
v -2.547537 1.390069 1.059086
v -3.225059 1.708120 1.015246
v -3.225059 1.848400 1.015246
v -3.365340 1.708120 1.015246
v -3.365340 1.848400 1.015246
v -3.225059 1.708120 0.769737
v -3.225059 1.848400 0.769737
v -3.365340 1.708120 0.769737
v -3.365340 1.848400 0.769737
v -2.583098 -0.004312 0.708382
v -2.583098 1.108835 0.708382
v -2.186688 2.479383 0.810136
v -2.186688 2.479383 0.720689
v -2.289168 2.479383 0.810136
v -2.289168 2.479383 0.720689
v -2.186688 2.318069 0.751905
v -2.186688 2.318069 0.720689
v -2.289168 2.318069 0.720689
v -2.289168 2.318069 0.751905
v -2.289168 2.423656 0.810136
v -2.186688 2.423656 0.810136
v -2.186688 2.423656 0.720689
v -2.289168 2.423656 0.720689
v -2.289168 2.381183 0.763692
v -2.186688 2.381183 0.720689
v -2.186688 2.381183 0.763692
v -2.289168 2.381183 0.720689
v -2.186688 1.310938 0.810136
v -2.186688 1.310938 0.720689
v -2.289168 1.310938 0.810136
v -2.289168 1.310938 0.720689
v -2.186688 1.149624 0.751905
v -2.186688 1.149624 0.720689
v -2.289168 1.149624 0.720689
v -2.289168 1.149624 0.751905
v -2.289168 1.255211 0.810136
v -2.186688 1.255211 0.810136
v -2.186688 1.255211 0.720689
v -2.289168 1.255211 0.720689
v -2.289168 1.212738 0.763692
v -2.186688 1.212738 0.720689
v -2.186688 1.212738 0.763692
v -2.289168 1.212738 0.720689
v -0.236521 2.479383 0.810136
v -0.236521 2.479383 0.720689
v -0.339001 2.479383 0.810136
v -0.339001 2.479383 0.720689
v -0.236521 2.318069 0.751905
v -0.236521 2.318069 0.720689
v -0.339001 2.318069 0.720689
v -0.339001 2.318069 0.751905
v -0.339001 2.423656 0.810136
v -0.236521 2.423656 0.810136
v -0.236521 2.423656 0.720689
v -0.339001 2.423656 0.720689
v -0.339001 2.381183 0.763692
v -0.236521 2.381183 0.720689
v -0.236521 2.381183 0.763692
v -0.339001 2.381183 0.720689
v -0.236521 1.310938 0.810136
v -0.236521 1.310938 0.720689
v -0.339001 1.310938 0.810136
v -0.339001 1.310938 0.720689
v -0.236521 1.149624 0.751905
v -0.236521 1.149624 0.720689
v -0.339001 1.149624 0.720689
v -0.339001 1.149624 0.751905
v -0.339001 1.255211 0.810136
v -0.236521 1.255211 0.810136
v -0.236521 1.255211 0.720689
v -0.339001 1.255211 0.720689
v -0.339001 1.212738 0.763692
v -0.236521 1.212738 0.720689
v -0.236521 1.212738 0.763692
v -0.339001 1.212738 0.720689
v -3.413913 2.471036 1.031008
v -3.367532 2.471036 1.077302
v -3.367532 2.471036 -1.077302
v -3.413913 2.471036 -1.031008
v -3.413913 2.589437 1.031008
v -3.367532 2.589437 1.077302
v -3.367532 2.589437 -1.077302
v -3.413913 2.589437 -1.031008
v -3.315716 2.587078 0.937207
v -3.273554 2.587078 0.979289
v -3.273554 2.587078 -0.979289
v -3.315716 2.587078 -0.937207
v -2.623016 2.587078 0.979289
v -2.529321 2.471036 0.823309
v -2.529321 2.589437 0.823309
v -2.529321 2.587078 0.723577
v -2.623016 2.587078 0.723326
v -3.309385 2.471036 0.963831
v -3.267009 2.471036 1.006128
v -3.267009 2.471036 -0.962436
v -3.309385 2.471036 -0.920139
v -2.659452 2.471036 1.006128
v -2.659452 2.471036 0.724486
v -2.591514 2.471036 1.077302
v -2.529321 2.471036 1.015109
v -2.583886 2.471036 1.047458
v -2.547537 2.471036 1.059086
v -2.529321 2.589437 1.015109
v -2.591514 2.589437 1.077302
v -2.572293 2.588355 1.032350
v -2.547537 2.589437 1.059086
v -3.315716 2.537902 0.937207
v -3.273554 2.537902 0.979289
v -3.273554 2.537902 -0.979289
v -3.315716 2.537902 -0.937207
v -2.623016 2.537902 0.979289
v -2.529321 2.537902 0.723577
v -2.623016 2.537902 0.723326
v -0.677271 2.479383 0.810136
v -0.677271 2.479383 0.720689
v -0.779751 2.479383 0.810136
v -0.779751 2.479383 0.720689
v -0.677271 2.318069 0.751905
v -0.677271 2.318069 0.720689
v -0.779751 2.318069 0.720689
v -0.779751 2.318069 0.751905
v -0.779751 2.423656 0.810136
v -0.677271 2.423656 0.810136
v -0.677271 2.423656 0.720689
v -0.779751 2.423656 0.720689
v -0.779751 2.381183 0.763692
v -0.677271 2.381183 0.720689
v -0.677271 2.381183 0.763692
v -0.779751 2.381183 0.720689
v -0.677271 1.310938 0.810136
v -0.677271 1.310938 0.720689
v -0.779751 1.310938 0.810136
v -0.779751 1.310938 0.720689
v -0.677271 1.149624 0.751905
v -0.677271 1.149624 0.720689
v -0.779751 1.149624 0.720689
v -0.779751 1.149624 0.751905
v -0.779751 1.255211 0.810136
v -0.677271 1.255211 0.810136
v -0.677271 1.255211 0.720689
v -0.779751 1.255211 0.720689
v -0.779751 1.212738 0.763692
v -0.677271 1.212738 0.720689
v -0.677271 1.212738 0.763692
v -0.779751 1.212738 0.720689
v -1.118021 2.479383 0.810136
v -1.118021 2.479383 0.720689
v -1.220501 2.479383 0.810136
v -1.220501 2.479383 0.720689
v -1.118021 2.318069 0.751905
v -1.118021 2.318069 0.720689
v -1.220501 2.318069 0.720689
v -1.220501 2.318069 0.751905
v -1.220501 2.423656 0.810136
v -1.118021 2.423656 0.810136
v -1.118021 2.423656 0.720689
v -1.220501 2.423656 0.720689
v -1.220501 2.381183 0.763692
v -1.118021 2.381183 0.720689
v -1.118021 2.381183 0.763692
v -1.220501 2.381183 0.720689
v -1.118021 1.310938 0.810136
v -1.118021 1.310938 0.720689
v -1.220501 1.310938 0.810136
v -1.220501 1.310938 0.720689
v -1.118021 1.149624 0.751905
v -1.118021 1.149624 0.720689
v -1.220501 1.149624 0.720689
v -1.220501 1.149624 0.751905
v -1.220501 1.255211 0.810136
v -1.118021 1.255211 0.810136
v -1.118021 1.255211 0.720689
v -1.220501 1.255211 0.720689
v -1.220501 1.212738 0.763692
v -1.118021 1.212738 0.720689
v -1.118021 1.212738 0.763692
v -1.220501 1.212738 0.720689
v -1.618456 2.479383 0.810136
v -1.618456 2.479383 0.720689
v -1.720936 2.479383 0.810136
v -1.720936 2.479383 0.720689
v -1.618456 2.318069 0.751905
v -1.618456 2.318069 0.720689
v -1.720936 2.318069 0.720689
v -1.720936 2.318069 0.751905
v -1.720936 2.423656 0.810136
v -1.618456 2.423656 0.810136
v -1.618456 2.423656 0.720689
v -1.720936 2.423656 0.720689
v -1.720936 2.381183 0.763692
v -1.618456 2.381183 0.720689
v -1.618456 2.381183 0.763692
v -1.720936 2.381183 0.720689
v -1.618456 1.310938 0.810136
v -1.618456 1.310938 0.720689
v -1.720936 1.310938 0.810136
v -1.720936 1.310938 0.720689
v -1.618456 1.149624 0.751905
v -1.618456 1.149624 0.720689
v -1.720936 1.149624 0.720689
v -1.720936 1.149624 0.751905
v -1.720936 1.255211 0.810136
v -1.618456 1.255211 0.810136
v -1.618456 1.255211 0.720689
v -1.720936 1.255211 0.720689
v -1.720936 1.212738 0.763692
v -1.618456 1.212738 0.720689
v -1.618456 1.212738 0.763692
v -1.720936 1.212738 0.720689
v 3.350757 0.567041 0.499446
v 3.350757 0.707323 0.499446
v 3.210476 0.567041 0.499446
v 3.210476 0.707323 0.499446
v 3.350757 0.567041 0.253937
v 3.350757 0.707323 0.253937
v 3.210476 0.567041 0.253937
v 3.210476 0.707323 0.253937
v 3.350757 0.449486 0.018928
v 3.350757 0.589768 0.018928
v 3.210476 0.449486 0.018928
v 3.210476 0.589768 0.018928
v 3.350757 0.449486 -0.226581
v 3.350757 0.589768 -0.226581
v 3.210476 0.449486 -0.226581
v 3.210476 0.589768 -0.226581
v 3.350758 1.251412 -0.508140
v 3.350758 1.391694 -0.508140
v 3.210476 1.251412 -0.508140
v 3.210476 1.391694 -0.508140
v 3.350758 1.251412 -0.753649
v 3.350758 1.391694 -0.753649
v 3.210476 1.251412 -0.753649
v 3.210476 1.391694 -0.753649
v 3.341126 0.968659 -0.769726
v 3.341126 1.108940 -0.769726
v 3.200845 0.968659 -0.769726
v 3.200845 1.108940 -0.769726
v 3.341126 0.968659 -1.015235
v 3.341126 1.108940 -1.015235
v 3.200845 0.968659 -1.015235
v 3.200845 1.108940 -1.015235
v 3.081096 0.485722 -1.016168
v 3.081096 0.626003 -1.016168
v 3.081096 0.485722 -0.875887
v 3.081096 0.626003 -0.875887
v 2.835587 0.485722 -1.016168
v 2.835587 0.626003 -1.016168
v 2.835587 0.485722 -0.875887
v 2.835587 0.626003 -0.875887
v 2.583098 2.485965 0.748481
v 3.291617 -0.004312 1.000000
v 3.334589 -0.004312 0.957028
v 3.334589 -0.004312 -0.957028
v 3.291617 -0.004312 -1.000000
v 3.334589 2.485965 0.957028
v 3.291617 2.485965 1.000000
v 3.291617 2.485965 -1.000000
v 3.334589 2.485965 -0.957028
v 2.583098 -0.004312 1.000000
v 2.583098 2.485965 1.000000
v 3.334589 1.108835 -0.957028
v 3.334589 1.108835 0.957028
v 3.291617 1.108835 1.000000
v 3.291617 1.108835 -1.000000
v 2.583098 1.108835 1.000000
v 2.819271 -0.004312 1.000000
v 3.055444 -0.004312 1.000000
v 2.819271 2.485965 1.000000
v 3.055444 2.485965 1.000000
v 2.819271 1.108835 1.000000
v 3.055444 1.108835 1.000000
v -0.344989 1.117871 1.026923
v -0.405323 1.117871 1.026923
v -0.335228 1.117871 0.906934
v -0.399120 1.117871 0.906934
v 0.344988 1.117871 1.026923
v 0.405323 1.117871 1.026923
v 0.335228 1.117871 0.906934
v 0.399119 1.117871 0.906934
v 3.411607 1.310938 0.935582
v 3.322159 1.310938 0.935582
v 3.411607 1.310938 0.833102
v 3.322159 1.310938 0.833102
v 3.353375 1.149624 0.935582
v 3.322159 1.149624 0.935582
v 3.322159 1.149624 0.833102
v 3.353375 1.149624 0.833102
v 3.411607 1.255211 0.833102
v 3.411607 1.255211 0.935582
v 3.322159 1.255211 0.935582
v 3.322159 1.255211 0.833102
v 3.365162 1.212738 0.833102
v 3.322159 1.212738 0.935582
v 3.365162 1.212738 0.935582
v 3.322159 1.212738 0.833102
v 3.411607 1.310938 0.361694
v 3.322159 1.310938 0.361694
v 3.411607 1.310938 0.259214
v 3.322159 1.310938 0.259214
v 3.353375 1.149624 0.361694
v 3.322159 1.149624 0.361694
v 3.322159 1.149624 0.259214
v 3.353375 1.149624 0.259214
v 3.411607 1.255211 0.259214
v 3.411607 1.255211 0.361694
v 3.322159 1.255211 0.361694
v 3.322159 1.255211 0.259214
v 3.365162 1.212738 0.259214
v 3.322159 1.212738 0.361694
v 3.365162 1.212738 0.361694
v 3.322159 1.212738 0.259214
v 3.411607 1.310938 -0.212194
v 3.322159 1.310938 -0.212194
v 3.411607 1.310938 -0.314674
v 3.322159 1.310938 -0.314674
v 3.353375 1.149624 -0.212194
v 3.322159 1.149624 -0.212194
v 3.322159 1.149624 -0.314674
v 3.353375 1.149624 -0.314674
v 3.411607 1.255211 -0.314674
v 3.411607 1.255211 -0.212194
v 3.322159 1.255211 -0.212194
v 3.322159 1.255211 -0.314674
v 3.365162 1.212738 -0.314674
v 3.322159 1.212738 -0.212194
v 3.365162 1.212738 -0.212194
v 3.322159 1.212738 -0.314674
v 3.411607 1.310938 -0.786082
v 3.322159 1.310938 -0.786082
v 3.411607 1.310938 -0.888562
v 3.322159 1.310938 -0.888562
v 3.353375 1.149624 -0.786082
v 3.322159 1.149624 -0.786082
v 3.322159 1.149624 -0.888562
v 3.353375 1.149624 -0.888562
v 3.411607 1.255211 -0.888562
v 3.411607 1.255211 -0.786082
v 3.322159 1.255211 -0.786082
v 3.322159 1.255211 -0.888562
v 3.365162 1.212738 -0.888562
v 3.322159 1.212738 -0.786082
v 3.365162 1.212738 -0.786082
v 3.322159 1.212738 -0.888562
v 3.248151 1.310938 -1.070461
v 3.248151 1.310938 -0.981014
v 3.145671 1.310938 -1.070461
v 3.145671 1.310938 -0.981014
v 3.248151 1.149624 -1.012229
v 3.248151 1.149624 -0.981014
v 3.145671 1.149624 -0.981014
v 3.145671 1.149624 -1.012229
v 3.145671 1.255211 -1.070461
v 3.248151 1.255211 -1.070461
v 3.248151 1.255211 -0.981014
v 3.145671 1.255211 -0.981014
v 3.145671 1.212738 -1.024017
v 3.248151 1.212738 -0.981014
v 3.248151 1.212738 -1.024017
v 3.145671 1.212738 -0.981014
v 2.674263 1.310938 -1.070461
v 2.674263 1.310938 -0.981014
v 2.571783 1.310938 -1.070461
v 2.571783 1.310938 -0.981014
v 2.674263 1.149624 -1.012229
v 2.674263 1.149624 -0.981014
v 2.571783 1.149624 -0.981014
v 2.571783 1.149624 -1.012229
v 2.571783 1.255211 -1.070461
v 2.674263 1.255211 -1.070461
v 2.674263 1.255211 -0.981014
v 2.571783 1.255211 -0.981014
v 2.571783 1.212738 -1.024017
v 2.674263 1.212738 -0.981014
v 2.674263 1.212738 -1.024017
v 2.571783 1.212738 -0.981014
v 3.248151 2.479383 -1.070461
v 3.248151 2.479383 -0.981014
v 3.145671 2.479383 -1.070461
v 3.145671 2.479383 -0.981014
v 3.248151 2.318069 -1.012229
v 3.248151 2.318069 -0.981014
v 3.145671 2.318069 -0.981014
v 3.145671 2.318069 -1.012229
v 3.145671 2.423656 -1.070461
v 3.248151 2.423656 -1.070461
v 3.248151 2.423656 -0.981014
v 3.145671 2.423656 -0.981014
v 3.145671 2.381183 -1.024017
v 3.248151 2.381183 -0.981014
v 3.248151 2.381183 -1.024017
v 3.145671 2.381183 -0.981014
v 2.674263 2.479383 -1.070461
v 2.674263 2.479383 -0.981014
v 2.571782 2.479383 -1.070461
v 2.571782 2.479383 -0.981014
v 2.674263 2.318069 -1.012229
v 2.674263 2.318069 -0.981014
v 2.571782 2.318069 -0.981014
v 2.571782 2.318069 -1.012229
v 2.571782 2.423656 -1.070461
v 2.674263 2.423656 -1.070461
v 2.674263 2.423656 -0.981014
v 2.571782 2.423656 -0.981014
v 2.571782 2.381183 -1.024017
v 2.674263 2.381183 -0.981014
v 2.674263 2.381183 -1.024017
v 2.571782 2.381183 -0.981014
v 3.411606 2.479383 0.935583
v 3.322159 2.479383 0.935583
v 3.411606 2.479383 0.833102
v 3.322159 2.479383 0.833102
v 3.353375 2.318069 0.935583
v 3.322159 2.318069 0.935583
v 3.322159 2.318069 0.833102
v 3.353375 2.318069 0.833102
v 3.411606 2.423656 0.833102
v 3.411606 2.423656 0.935583
v 3.322159 2.423656 0.935583
v 3.322159 2.423656 0.833102
v 3.365162 2.381183 0.833102
v 3.322159 2.381183 0.935583
v 3.365162 2.381183 0.935583
v 3.322159 2.381183 0.833102
v 3.411606 2.479383 0.361694
v 3.322159 2.479383 0.361694
v 3.411606 2.479383 0.259214
v 3.322159 2.479383 0.259214
v 3.353375 2.318069 0.361694
v 3.322159 2.318069 0.361694
v 3.322159 2.318069 0.259214
v 3.353375 2.318069 0.259214
v 3.411606 2.423656 0.259214
v 3.411606 2.423656 0.361694
v 3.322159 2.423656 0.361694
v 3.322159 2.423656 0.259214
v 3.365162 2.381183 0.259214
v 3.322159 2.381183 0.361694
v 3.365162 2.381183 0.361694
v 3.322159 2.381183 0.259214
v 3.411606 2.479383 -0.212194
v 3.322159 2.479383 -0.212194
v 3.411606 2.479383 -0.314674
v 3.322159 2.479383 -0.314674
v 3.353375 2.318069 -0.212194
v 3.322159 2.318069 -0.212194
v 3.322159 2.318069 -0.314674
v 3.353375 2.318069 -0.314674
v 3.411606 2.423656 -0.314674
v 3.411606 2.423656 -0.212194
v 3.322159 2.423656 -0.212194
v 3.322159 2.423656 -0.314674
v 3.365162 2.381183 -0.314674
v 3.322159 2.381183 -0.212194
v 3.365162 2.381183 -0.212194
v 3.322159 2.381183 -0.314674
v 3.411606 2.479383 -0.786082
v 3.322159 2.479383 -0.786082
v 3.411606 2.479383 -0.888562
v 3.322159 2.479383 -0.888562
v 3.353375 2.318069 -0.786082
v 3.322159 2.318069 -0.786082
v 3.322159 2.318069 -0.888562
v 3.353375 2.318069 -0.888562
v 3.411606 2.423656 -0.888562
v 3.411606 2.423656 -0.786082
v 3.322159 2.423656 -0.786082
v 3.322159 2.423656 -0.888562
v 3.365162 2.381183 -0.888562
v 3.322159 2.381183 -0.786082
v 3.365162 2.381183 -0.786082
v 3.322159 2.381183 -0.888562
v 2.613189 2.479383 1.070461
v 2.613189 2.479383 0.981014
v 2.715669 2.479383 1.070461
v 2.715669 2.479383 0.981014
v 2.613189 2.318069 1.012229
v 2.613189 2.318069 0.981014
v 2.715669 2.318069 0.981014
v 2.715669 2.318069 1.012229
v 2.715669 2.423656 1.070461
v 2.613189 2.423656 1.070461
v 2.613189 2.423656 0.981014
v 2.715669 2.423656 0.981014
v 2.715669 2.381183 1.024016
v 2.613189 2.381183 0.981014
v 2.613189 2.381183 1.024016
v 2.715669 2.381183 0.981014
v 3.142692 2.479383 1.070461
v 3.142692 2.479383 0.981014
v 3.245172 2.479383 1.070461
v 3.245172 2.479383 0.981014
v 3.142692 2.318069 1.012229
v 3.142692 2.318069 0.981014
v 3.245172 2.318069 0.981014
v 3.245172 2.318069 1.012229
v 3.245172 2.423656 1.070461
v 3.142692 2.423656 1.070461
v 3.142692 2.423656 0.981014
v 3.245172 2.423656 0.981014
v 3.245172 2.381183 1.024016
v 3.142692 2.381183 0.981014
v 3.142692 2.381183 1.024016
v 3.245172 2.381183 0.981014
v 2.613189 1.310938 1.070461
v 2.613189 1.310938 0.981014
v 2.715669 1.310938 1.070461
v 2.715669 1.310938 0.981014
v 2.613189 1.149624 1.012229
v 2.613189 1.149624 0.981014
v 2.715669 1.149624 0.981014
v 2.715669 1.149624 1.012229
v 2.715669 1.255211 1.070461
v 2.613189 1.255211 1.070461
v 2.613189 1.255211 0.981014
v 2.715669 1.255211 0.981014
v 2.715669 1.212738 1.024016
v 2.613189 1.212738 0.981014
v 2.613189 1.212738 1.024016
v 2.715669 1.212738 0.981014
v 3.142692 1.310938 1.070461
v 3.142692 1.310938 0.981014
v 3.245173 1.310938 1.070461
v 3.245173 1.310938 0.981014
v 3.142692 1.149624 1.012229
v 3.142692 1.149624 0.981014
v 3.245173 1.149624 0.981014
v 3.245173 1.149624 1.012229
v 3.245173 1.255211 1.070461
v 3.142692 1.255211 1.070461
v 3.142692 1.255211 0.981014
v 3.245173 1.255211 0.981014
v 3.245173 1.212738 1.024016
v 3.142692 1.212738 0.981014
v 3.142692 1.212738 1.024016
v 3.245173 1.212738 0.981014
v 2.933750 0.845776 1.018398
v 2.933750 0.540992 1.018398
v 2.933750 0.725307 1.018398
v 2.933750 0.725307 1.003754
v 3.049498 0.725307 1.018398
v 2.933750 0.740787 1.018398
v 2.933750 0.740787 1.003754
v 3.049498 0.740787 1.003754
v 3.049498 0.740787 1.018398
v 3.049498 0.725307 1.003754
v 2.933750 0.540992 1.003754
v 3.049498 0.540992 1.003754
v 3.049498 0.833667 1.003754
v 2.933750 0.845776 1.003754
v 2.920930 0.540992 1.018398
v 2.920930 0.847116 1.018398
v 2.908110 0.845776 1.018398
v 2.908110 0.540992 1.018398
v 2.908110 0.725307 1.018398
v 2.920930 0.725307 1.018398
v 2.908110 0.725307 1.003754
v 2.792362 0.725307 1.018398
v 2.908110 0.740787 1.018398
v 2.908110 0.740787 1.003754
v 2.920930 0.740787 1.018398
v 2.792362 0.740787 1.003754
v 2.792362 0.740787 1.018398
v 2.792362 0.725307 1.003754
v 2.908110 0.540992 1.003754
v 2.792362 0.540992 1.003754
v 2.792362 0.833667 1.003754
v 2.908110 0.845776 1.003754
v 3.044717 0.547547 1.023237
v 3.044717 0.833026 1.023237
v 2.933273 0.844963 1.023237
v 2.933273 0.547547 1.023237
v 3.044717 0.726206 1.023237
v 3.044717 0.741467 1.023237
v 3.072297 0.518962 1.023237
v 3.072297 0.852976 1.023237
v 2.949761 0.866101 1.023237
v 2.949761 0.518962 1.023237
v 3.072297 0.735525 1.023237
v 3.072297 0.752305 1.023237
v 3.072297 0.518962 0.966803
v 3.072297 0.852976 0.966803
v 2.949761 0.866101 0.966803
v 2.949761 0.518962 0.966803
v 3.072297 0.735525 0.966803
v 3.072297 0.752305 0.966803
v 3.044717 0.547547 1.004074
v 3.044717 0.833026 1.004074
v 2.933273 0.844963 1.004074
v 2.933273 0.547547 1.004074
v 3.044717 0.726206 1.004074
v 3.044717 0.741467 1.004074
v 2.797143 0.547547 1.023237
v 2.797143 0.833026 1.023237
v 2.920930 0.547547 1.023237
v 2.920930 0.846285 1.023237
v 2.908587 0.844963 1.023237
v 2.908587 0.547547 1.023237
v 2.797143 0.726206 1.023237
v 2.797143 0.741467 1.023237
v 2.769563 0.518962 1.023237
v 2.769563 0.852976 1.023237
v 2.920930 0.518962 1.023237
v 2.920930 0.867555 1.023237
v 2.892099 0.866101 1.023237
v 2.892099 0.518962 1.023237
v 2.769563 0.735525 1.023237
v 2.769563 0.752305 1.023237
v 2.769563 0.518962 0.966803
v 2.769563 0.852976 0.966803
v 2.920930 0.518962 0.966803
v 2.920930 0.867555 0.966803
v 2.892099 0.866101 0.966803
v 2.892099 0.518962 0.966803
v 2.769563 0.735525 0.966803
v 2.769563 0.752305 0.966803
v 2.797143 0.547547 1.004074
v 2.797143 0.833026 1.004074
v 2.920930 0.547547 1.004074
v 2.920930 0.846285 1.004074
v 2.908587 0.844963 1.004074
v 2.908587 0.547547 1.004074
v 2.797143 0.726206 1.004074
v 2.797143 0.741467 1.004074
v 3.077920 0.463487 1.049558
v 3.077920 0.523099 1.049558
v 3.077920 0.463487 0.909277
v 3.077920 0.523099 0.909277
v 2.765068 0.463487 1.049558
v 2.765068 0.523099 1.049558
v 2.765068 0.463487 0.909277
v 2.765068 0.523099 0.909277
v 3.077920 0.473694 1.049558
v 3.077920 0.473694 0.909277
v 2.765068 0.473694 0.909277
v 2.765068 0.473694 1.049558
v 2.765068 0.473694 1.062329
v 2.765068 0.463487 1.062329
v 3.077920 0.463487 1.062329
v 3.077920 0.473694 1.062329
v 3.351987 1.989728 0.361000
v 3.351987 2.130009 0.361000
v 3.211705 1.989728 0.361000
v 3.211705 2.130009 0.361000
v 3.351987 1.989728 0.571797
v 3.351987 2.130009 0.571797
v 3.211705 1.989728 0.571797
v 3.211705 2.130009 0.571797
v 3.351987 2.146802 0.231007
v 3.351987 2.287083 0.231007
v 3.211705 2.146802 0.231007
v 3.211705 2.287083 0.231007
v 3.351987 2.146802 0.476516
v 3.351987 2.287083 0.476516
v 3.211705 2.146802 0.476516
v 3.211705 2.287083 0.476516
v 3.351987 1.524878 0.468332
v 3.351987 1.665159 0.468332
v 3.211705 1.524878 0.468332
v 3.211705 1.665159 0.468332
v 3.351987 1.524878 0.713841
v 3.351987 1.665159 0.713841
v 3.211705 1.524878 0.713841
v 3.211705 1.665159 0.713841
v 3.351987 1.486902 -1.009521
v 3.351987 1.627183 -1.009521
v 3.211705 1.486902 -1.009521
v 3.211705 1.627183 -1.009521
v 3.351987 1.486902 -0.764012
v 3.351987 1.627183 -0.764012
v 3.211705 1.486902 -0.764012
v 3.211705 1.627183 -0.764012
v 3.045947 1.692457 1.023237
v 3.045947 2.088096 1.023237
v 2.934503 2.100033 1.023237
v 2.934503 1.692457 1.023237
v 3.045947 1.981276 1.023237
v 3.045947 1.996536 1.023237
v 3.045947 1.813010 1.023237
v 3.045947 1.797324 1.023237
v 3.073526 1.657788 1.023237
v 3.073526 2.108046 1.023237
v 2.950991 2.121170 1.023237
v 2.950991 1.657788 1.023237
v 3.073526 1.990594 1.023237
v 3.073526 2.007374 1.023237
v 3.073526 1.805583 1.023237
v 3.073526 1.788335 1.023237
v 3.073526 1.657788 0.966803
v 3.073526 2.108046 0.966803
v 2.950991 2.121170 0.966803
v 2.950991 1.657788 0.966803
v 3.073526 1.990594 0.966803
v 3.073526 2.007374 0.966803
v 3.073526 1.805583 0.966803
v 3.073526 1.788335 0.966803
v 3.045947 1.692457 1.004074
v 3.045947 2.088096 1.004074
v 2.934503 2.100033 1.004074
v 2.934503 1.692457 1.004074
v 3.045947 1.981276 1.004074
v 3.045947 1.996536 1.004074
v 3.045947 1.813010 1.004074
v 3.045947 1.797324 1.004074
v 2.798372 1.692457 1.023237
v 2.798372 2.088096 1.023237
v 2.922160 1.692457 1.023237
v 2.922160 2.101355 1.023237
v 2.909816 2.100033 1.023237
v 2.909816 1.692457 1.023237
v 2.798372 1.981276 1.023237
v 2.798372 1.996536 1.023237
v 2.798372 1.813010 1.023237
v 2.798372 1.797324 1.023237
v 2.770793 1.657788 1.023237
v 2.770793 2.108046 1.023237
v 2.922160 1.657788 1.023237
v 2.922160 2.122624 1.023237
v 2.893328 2.121170 1.023237
v 2.893328 1.657788 1.023237
v 2.770793 1.990594 1.023237
v 2.770793 2.007374 1.023237
v 2.770793 1.805583 1.023237
v 2.770793 1.788335 1.023237
v 2.770793 1.657788 0.966803
v 2.770793 2.108046 0.966803
v 2.922160 1.657788 0.966803
v 2.922160 2.122624 0.966803
v 2.893328 2.121170 0.966803
v 2.893328 1.657788 0.966803
v 2.770793 1.990594 0.966803
v 2.770793 2.007374 0.966803
v 2.770793 1.805583 0.966803
v 2.770793 1.788335 0.966803
v 2.798372 1.692457 1.004074
v 2.798372 2.088096 1.004074
v 2.922160 1.692457 1.004074
v 2.922160 2.101355 1.004074
v 2.909816 2.100033 1.004074
v 2.909816 1.692457 1.004074
v 2.798372 1.981276 1.004074
v 2.798372 1.996536 1.004074
v 2.798372 1.813010 1.004074
v 2.798372 1.797324 1.004074
v 2.934979 2.102585 1.018343
v 2.934979 1.674935 1.018343
v 2.934979 1.982116 1.018343
v 3.050727 1.795512 1.003699
v 2.934979 1.811424 1.003699
v 2.934979 1.982116 1.003699
v 3.050727 1.982116 1.018343
v 2.934979 1.997597 1.018343
v 2.934979 1.795512 1.003699
v 2.934979 1.997597 1.003699
v 3.050727 1.997597 1.003699
v 3.050727 1.997597 1.018343
v 3.050727 1.811424 1.018343
v 3.050727 1.982116 1.003699
v 3.050727 1.811424 1.003699
v 2.934979 1.674935 1.003699
v 2.934979 1.811424 1.018343
v 3.050727 1.674935 1.003699
v 3.050727 2.090477 1.003699
v 2.934979 2.102585 1.003699
v 2.934979 1.795512 1.018343
v 3.050727 1.795512 1.018343
v 2.922159 1.674935 1.018343
v 2.922159 2.103927 1.018343
v 2.909340 2.102585 1.018343
v 2.909340 1.674935 1.018343
v 2.909339 1.982116 1.018343
v 2.793592 1.795512 1.003699
v 2.909339 1.811424 1.003699
v 2.922159 1.982116 1.018343
v 2.909339 1.982116 1.003699
v 2.793592 1.982116 1.018343
v 2.909339 1.997597 1.018343
v 2.909339 1.795512 1.003699
v 2.909339 1.997597 1.003699
v 2.922159 1.997597 1.018343
v 2.793592 1.997597 1.003699
v 2.793592 1.997597 1.018343
v 2.793592 1.811424 1.018343
v 2.793592 1.982116 1.003699
v 2.922159 1.811424 1.018343
v 2.793592 1.811424 1.003699
v 2.909340 1.674935 1.003699
v 2.909339 1.811424 1.018343
v 2.793592 1.674935 1.003699
v 2.922159 1.795512 1.018343
v 2.793592 2.090477 1.003699
v 2.909340 2.102585 1.003699
v 2.909339 1.795512 1.018343
v 2.793592 1.795512 1.018343
v 3.079150 1.611873 1.049558
v 3.079150 1.671485 1.049558
v 3.079150 1.611873 0.909277
v 3.079150 1.671485 0.909277
v 2.766298 1.611873 1.049558
v 2.766298 1.671485 1.049558
v 2.766298 1.611873 0.909277
v 2.766298 1.671485 0.909277
v 3.079150 1.622081 1.049558
v 3.079150 1.622081 0.909277
v 2.766298 1.622081 0.909277
v 2.766298 1.622081 1.049558
v 2.766298 1.622081 1.062329
v 2.766298 1.611873 1.062329
v 3.079150 1.611873 1.062329
v 3.079150 1.622081 1.062329
v 3.345340 1.858391 1.016168
v 3.345340 1.998672 1.016168
v 3.345340 1.858391 0.875887
v 3.345340 1.998672 0.875887
v 3.099831 1.858391 1.016168
v 3.099831 1.998672 1.016168
v 3.099831 1.858391 0.875887
v 3.099831 1.998672 0.875887
v 2.583098 1.108835 0.748481
v 2.583098 -0.004312 0.748481
v 3.413913 1.302274 1.031008
v 3.367532 1.302274 1.077302
v 3.367532 1.302274 -1.077302
v 3.413913 1.302274 -1.031008
v 3.413913 1.390069 1.031008
v 3.367532 1.390069 1.077302
v 3.367532 1.390069 -1.077302
v 3.413913 1.390069 -1.031008
v 3.315716 1.388320 0.937206
v 3.273554 1.388320 0.979289
v 3.273554 1.388320 -0.979289
v 3.315716 1.388320 -0.937207
v 2.623016 1.388320 0.979289
v 2.529321 1.302274 0.823309
v 2.529321 1.390069 0.823309
v 2.529321 1.388320 0.723577
v 0.000000 1.390069 0.823309
v 2.623016 1.388320 0.723326
v 0.000000 1.388320 0.723577
v 0.000000 1.302274 0.823309
v 0.000000 1.302274 -1.077302
v 0.000000 1.390069 -1.077302
v 0.000000 1.388320 -0.979289
v 3.309385 1.302274 0.963831
v 3.267009 1.302274 1.006128
v 3.267009 1.302274 -0.962436
v 3.309385 1.302274 -0.920140
v 2.659452 1.302274 1.006128
v 2.659452 1.302274 0.724486
v 0.000000 1.302274 0.724486
v 0.000000 1.302274 -0.962436
v 0.000000 1.108835 -1.000000
v 2.591514 1.302274 1.077302
v 2.529321 1.302274 1.015109
v 2.583886 1.302274 1.047458
v 2.547537 1.302274 1.059086
v 2.529321 1.390069 1.015109
v 2.591514 1.390069 1.077302
v 2.572293 1.389267 1.032350
v 2.547537 1.390069 1.059086
v 3.225059 1.708120 1.015246
v 3.225059 1.848400 1.015246
v 3.365340 1.708120 1.015246
v 3.365340 1.848400 1.015246
v 3.225059 1.708120 0.769737
v 3.225059 1.848400 0.769737
v 3.365340 1.708120 0.769737
v 3.365340 1.848400 0.769737
v 2.583098 -0.004312 0.708382
v 0.000000 2.485965 -1.000000
v 0.000000 -0.004312 -1.000000
v 2.583098 1.108835 0.708382
v 0.000000 1.108835 0.748481
v 0.000000 2.485965 0.748481
v 0.000000 -0.004312 0.708382
v 0.000000 1.108835 0.708382
v 2.186688 2.479383 0.810136
v 2.186688 2.479383 0.720689
v 2.289168 2.479383 0.810136
v 2.289168 2.479383 0.720689
v 2.186688 2.318069 0.751905
v 2.186688 2.318069 0.720689
v 2.289168 2.318069 0.720689
v 2.289168 2.318069 0.751905
v 2.289168 2.423656 0.810136
v 2.186688 2.423656 0.810136
v 2.186688 2.423656 0.720689
v 2.289168 2.423656 0.720689
v 2.289168 2.381183 0.763692
v 2.186688 2.381183 0.720689
v 2.186688 2.381183 0.763692
v 2.289168 2.381183 0.720689
v 2.186688 1.310938 0.810136
v 2.186688 1.310938 0.720689
v 2.289168 1.310938 0.810136
v 2.289168 1.310938 0.720689
v 2.186688 1.149624 0.751905
v 2.186688 1.149624 0.720689
v 2.289168 1.149624 0.720689
v 2.289168 1.149624 0.751905
v 2.289168 1.255211 0.810136
v 2.186688 1.255211 0.810136
v 2.186688 1.255211 0.720689
v 2.289168 1.255211 0.720689
v 2.289168 1.212738 0.763692
v 2.186688 1.212738 0.720689
v 2.186688 1.212738 0.763692
v 2.289168 1.212738 0.720689
v 0.236521 2.479383 0.810136
v 0.236521 2.479383 0.720689
v 0.339001 2.479383 0.810136
v 0.339001 2.479383 0.720689
v 0.236521 2.318069 0.751905
v 0.236521 2.318069 0.720689
v 0.339001 2.318069 0.720689
v 0.339001 2.318069 0.751905
v 0.339001 2.423656 0.810136
v 0.236521 2.423656 0.810136
v 0.236521 2.423656 0.720689
v 0.339001 2.423656 0.720689
v 0.339001 2.381183 0.763692
v 0.236521 2.381183 0.720689
v 0.236521 2.381183 0.763692
v 0.339001 2.381183 0.720689
v 0.236521 1.310938 0.810136
v 0.236521 1.310938 0.720689
v 0.339001 1.310938 0.810136
v 0.339001 1.310938 0.720689
v 0.236521 1.149624 0.751905
v 0.236521 1.149624 0.720689
v 0.339001 1.149624 0.720689
v 0.339001 1.149624 0.751905
v 0.339001 1.255211 0.810136
v 0.236521 1.255211 0.810136
v 0.236521 1.255211 0.720689
v 0.339001 1.255211 0.720689
v 0.339001 1.212738 0.763692
v 0.236521 1.212738 0.720689
v 0.236521 1.212738 0.763692
v 0.339001 1.212738 0.720689
v 3.413913 2.471036 1.031008
v 3.367532 2.471036 1.077302
v 3.367532 2.471036 -1.077302
v 3.413913 2.471036 -1.031008
v 3.413913 2.589437 1.031008
v 3.367532 2.589437 1.077302
v 3.367532 2.589437 -1.077302
v 3.413913 2.589437 -1.031008
v 3.315716 2.587078 0.937207
v 3.273554 2.587078 0.979289
v 3.273554 2.587078 -0.979289
v 3.315716 2.587078 -0.937207
v 2.623016 2.587078 0.979289
v 2.529321 2.471036 0.823309
v 2.529321 2.589437 0.823309
v 2.529321 2.587078 0.723577
v 0.000000 2.589437 0.823309
v 2.623016 2.587078 0.723326
v 0.000000 2.587078 0.723577
v 0.000000 2.471036 0.823309
v 0.000000 2.471036 -1.077302
v 0.000000 2.589437 -1.077302
v 0.000000 2.587078 -0.979289
v 3.309385 2.471036 0.963831
v 3.267009 2.471036 1.006128
v 3.267009 2.471036 -0.962436
v 3.309385 2.471036 -0.920139
v 2.659452 2.471036 1.006128
v 2.659452 2.471036 0.724486
v 0.000000 2.471036 0.724486
v 0.000000 2.471036 -0.962436
v 2.591514 2.471036 1.077302
v 2.529321 2.471036 1.015109
v 2.583886 2.471036 1.047458
v 2.547537 2.471036 1.059086
v 2.529321 2.589437 1.015109
v 2.591514 2.589437 1.077302
v 2.572293 2.588355 1.032350
v 2.547537 2.589437 1.059086
v 3.315716 2.537902 0.937207
v 3.273554 2.537902 0.979289
v 3.273554 2.537902 -0.979289
v 3.315716 2.537902 -0.937207
v 2.623016 2.537902 0.979289
v 2.529321 2.537902 0.723577
v 2.623016 2.537902 0.723326
v 0.000000 2.537902 0.723577
v 0.000000 2.537902 -0.979289
v 0.677271 2.479383 0.810136
v 0.677271 2.479383 0.720689
v 0.779751 2.479383 0.810136
v 0.779751 2.479383 0.720689
v 0.677271 2.318069 0.751905
v 0.677271 2.318069 0.720689
v 0.779751 2.318069 0.720689
v 0.779751 2.318069 0.751905
v 0.779751 2.423656 0.810136
v 0.677271 2.423656 0.810136
v 0.677271 2.423656 0.720689
v 0.779751 2.423656 0.720689
v 0.779751 2.381183 0.763692
v 0.677271 2.381183 0.720689
v 0.677271 2.381183 0.763692
v 0.779751 2.381183 0.720689
v 0.677271 1.310938 0.810136
v 0.677271 1.310938 0.720689
v 0.779751 1.310938 0.810136
v 0.779751 1.310938 0.720689
v 0.677271 1.149624 0.751905
v 0.677271 1.149624 0.720689
v 0.779751 1.149624 0.720689
v 0.779751 1.149624 0.751905
v 0.779751 1.255211 0.810136
v 0.677271 1.255211 0.810136
v 0.677271 1.255211 0.720689
v 0.779751 1.255211 0.720689
v 0.779751 1.212738 0.763692
v 0.677271 1.212738 0.720689
v 0.677271 1.212738 0.763692
v 0.779751 1.212738 0.720689
v 1.118021 2.479383 0.810136
v 1.118021 2.479383 0.720689
v 1.220501 2.479383 0.810136
v 1.220501 2.479383 0.720689
v 1.118021 2.318069 0.751905
v 1.118021 2.318069 0.720689
v 1.220501 2.318069 0.720689
v 1.220501 2.318069 0.751905
v 1.220501 2.423656 0.810136
v 1.118021 2.423656 0.810136
v 1.118021 2.423656 0.720689
v 1.220501 2.423656 0.720689
v 1.220501 2.381183 0.763692
v 1.118021 2.381183 0.720689
v 1.118021 2.381183 0.763692
v 1.220501 2.381183 0.720689
v 1.118021 1.310938 0.810136
v 1.118021 1.310938 0.720689
v 1.220501 1.310938 0.810136
v 1.220501 1.310938 0.720689
v 1.118021 1.149624 0.751905
v 1.118021 1.149624 0.720689
v 1.220501 1.149624 0.720689
v 1.220501 1.149624 0.751905
v 1.220501 1.255211 0.810136
v 1.118021 1.255211 0.810136
v 1.118021 1.255211 0.720689
v 1.220501 1.255211 0.720689
v 1.220501 1.212738 0.763692
v 1.118021 1.212738 0.720689
v 1.118021 1.212738 0.763692
v 1.220501 1.212738 0.720689
v 1.618456 2.479383 0.810136
v 1.618456 2.479383 0.720689
v 1.720936 2.479383 0.810136
v 1.720936 2.479383 0.720689
v 1.618456 2.318069 0.751905
v 1.618456 2.318069 0.720689
v 1.720936 2.318069 0.720689
v 1.720936 2.318069 0.751905
v 1.720936 2.423656 0.810136
v 1.618456 2.423656 0.810136
v 1.618456 2.423656 0.720689
v 1.720936 2.423656 0.720689
v 1.720936 2.381183 0.763692
v 1.618456 2.381183 0.720689
v 1.618456 2.381183 0.763692
v 1.720936 2.381183 0.720689
v 1.618456 1.310938 0.810136
v 1.618456 1.310938 0.720689
v 1.720936 1.310938 0.810136
v 1.720936 1.310938 0.720689
v 1.618456 1.149624 0.751905
v 1.618456 1.149624 0.720689
v 1.720936 1.149624 0.720689
v 1.720936 1.149624 0.751905
v 1.720936 1.255211 0.810136
v 1.618456 1.255211 0.810136
v 1.618456 1.255211 0.720689
v 1.720936 1.255211 0.720689
v 1.720936 1.212738 0.763692
v 1.618456 1.212738 0.720689
v 1.618456 1.212738 0.763692
v 1.720936 1.212738 0.720689
v -3.357288 -0.004312 -1.024176
v -3.357288 0.125146 -1.024176
v -3.357288 -0.004312 -0.966601
v -3.357288 0.125146 -0.966602
v -3.118527 -0.004312 -1.024176
v -3.118527 0.125146 -1.024176
v -3.118527 -0.004312 -0.966602
v -3.118527 0.125146 -0.966602
v 0.443790 0.136748 -1.051325
v 0.443790 0.273828 -1.051325
v 0.443790 0.139395 -0.887751
v 0.443790 0.280944 -0.887751
v 0.682550 0.134326 -1.051325
v 0.682550 0.269306 -1.051325
v 0.682550 0.132880 -0.887751
v 0.682550 0.281381 -0.887751
v 0.575485 -0.004312 -1.033535
v 0.575485 0.125146 -1.033535
v 0.575486 -0.004312 -0.887751
v 0.575486 0.125662 -0.887751
v 0.814246 -0.004312 -1.033535
v 0.814246 0.125146 -1.033535
v 0.814246 -0.004312 -0.887751
v 0.814246 0.125146 -0.887751
v 0.693608 0.136205 -1.024176
v 0.693608 0.269306 -1.024176
v 0.693608 0.135018 -0.887751
v 0.693608 0.269306 -0.887751
v 0.932368 0.134869 -1.024176
v 0.932368 0.274872 -1.024176
v 0.932368 0.149355 -0.887751
v 0.932368 0.269306 -0.887751
v 0.825303 -0.004312 -1.024176
v 0.825303 0.129468 -1.024176
v 0.825303 -0.004312 -0.887751
v 0.825303 0.127857 -0.887751
v 1.064064 -0.004312 -1.024176
v 1.064064 0.125146 -1.024176
v 1.064064 -0.004312 -0.887751
v 1.064064 0.136539 -0.887751
v 0.943425 0.132880 -1.051325
v 0.943425 0.271594 -1.051325
v 0.943425 0.132880 -0.887751
v 0.943425 0.275196 -0.887751
v 1.182186 0.132880 -1.051325
v 1.182186 0.269306 -1.051325
v 1.182186 0.142875 -0.887751
v 1.182186 0.269306 -0.887751
v 1.075121 -0.004312 -1.033535
v 1.075121 0.131962 -1.033535
v 1.075121 -0.004312 -0.887751
v 1.075121 0.125146 -0.887751
v 1.313882 -0.004312 -1.033535
v 1.313882 0.131859 -1.033535
v 1.313882 -0.004312 -0.887751
v 1.313882 0.125146 -0.887751
v 1.193243 0.132880 -1.024177
v 1.193243 0.269306 -1.024177
v 1.193243 0.135065 -0.887751
v 1.193243 0.269306 -0.887751
v 1.402422 0.132880 -1.024177
v 1.402422 0.271116 -1.024177
v 1.402422 0.143345 -0.887751
v 1.402422 0.282391 -0.887751
v 1.324939 -0.004312 -1.024176
v 1.324939 0.130990 -1.024177
v 1.324939 -0.004312 -0.887751
v 1.324939 0.134680 -0.887751
v 1.534118 -0.004312 -1.024177
v 1.534118 0.125146 -1.024177
v 1.534118 -0.004312 -0.887751
v 1.534118 0.125146 -0.887751
v 1.413480 0.145475 -1.024177
v 1.413480 0.269306 -1.024177
v 1.413480 0.141698 -0.887751
v 1.413480 0.280972 -0.887751
v 1.652240 0.137168 -1.024177
v 1.652240 0.269306 -1.024177
v 1.652240 0.132880 -0.887751
v 1.652240 0.278675 -0.887751
v 1.545175 -0.004312 -1.051325
v 1.545175 0.125327 -1.051325
v 1.545175 -0.004312 -0.887751
v 1.545175 0.143311 -0.887751
v 1.783936 -0.004312 -1.051325
v 1.783936 0.125146 -1.051325
v 1.783936 -0.004312 -0.887751
v 1.783936 0.132761 -0.887751
v 1.663297 0.132880 -1.033535
v 1.663297 0.269306 -1.033535
v 1.663297 0.136222 -0.887751
v 1.663297 0.269306 -0.887751
v 1.902058 0.135624 -1.033535
v 1.902058 0.269306 -1.033535
v 1.902058 0.132880 -0.887751
v 1.902058 0.269306 -0.887751
v 1.794993 -0.004312 -1.024177
v 1.794993 0.133769 -1.024177
v 1.794993 -0.004312 -0.887751
v 1.794993 0.125146 -0.887751
v 2.033754 -0.004312 -1.024177
v 2.033754 0.128221 -1.024177
v 2.033754 -0.004312 -0.887751
v 2.033754 0.125146 -0.887751
v 1.913115 0.132880 -1.024177
v 1.913115 0.269306 -1.024177
v 1.913115 0.132880 -0.887751
v 1.913115 0.283314 -0.887751
v 2.151876 0.142292 -1.024177
v 2.151876 0.269854 -1.024177
v 2.151876 0.138768 -0.887751
v 2.151876 0.272410 -0.887751
v 3.049182 -0.004312 -1.024177
v 3.049182 0.130775 -1.024177
v 3.049182 -0.004312 -0.887751
v 3.049182 0.129289 -0.887751
v 3.287942 -0.004312 -1.024177
v 3.287942 0.129552 -1.024177
v 3.287942 -0.004312 -0.887751
v 3.287942 0.131345 -0.887751
v 3.167304 0.132880 -1.024177
v 3.167304 0.269306 -1.024177
v 3.167304 0.132880 -0.926153
v 3.167304 0.269306 -0.926153
v 3.351869 0.134266 -1.024177
v 3.351869 0.269306 -1.024177
v 3.351869 0.133996 -0.926153
v 3.351869 0.271238 -0.926153
v 3.352023 -0.004312 -1.027389
v 3.352023 0.125146 -1.027389
v 3.296151 -0.004312 -1.027389
v 3.296151 0.125146 -1.027389
v 3.352023 -0.004312 -0.788628
v 3.352023 0.125146 -0.788628
v 3.296151 -0.004312 -0.788628
v 3.296151 0.125146 -0.788628
v 3.373774 0.136748 -0.909267
v 3.373774 0.273828 -0.909267
v 3.215597 0.139395 -0.909267
v 3.215597 0.280944 -0.909267
v 3.373774 0.134326 -0.670506
v 3.373774 0.269306 -0.670506
v 3.215597 0.132880 -0.670506
v 3.215597 0.281380 -0.670506
v 3.352023 -0.004312 -0.777571
v 3.352023 0.125146 -0.777571
v 3.215597 -0.004312 -0.777571
v 3.215597 0.125662 -0.777571
v 3.352023 -0.004312 -0.538811
v 3.352023 0.125146 -0.538811
v 3.215597 -0.004312 -0.538811
v 3.215597 0.125146 -0.538811
v 3.352023 0.136205 -0.659449
v 3.352023 0.269306 -0.659449
v 3.215597 0.135018 -0.659449
v 3.215597 0.269306 -0.659449
v 3.352023 0.134869 -0.420689
v 3.352023 0.274872 -0.420689
v 3.215597 0.149355 -0.420689
v 3.215597 0.269306 -0.420689
v 3.356197 -0.004312 -0.527753
v 3.356197 0.129468 -0.527753
v 3.215597 -0.004312 -0.527753
v 3.215597 0.127857 -0.527753
v 3.356197 -0.004312 -0.288993
v 3.356197 0.125146 -0.288993
v 3.215597 -0.004312 -0.288993
v 3.215597 0.136538 -0.288993
v 3.352023 0.132880 -0.409631
v 3.352023 0.271594 -0.409631
v 3.215597 0.132880 -0.409631
v 3.215597 0.275196 -0.409631
v 3.352023 0.132880 -0.170871
v 3.352023 0.269306 -0.170871
v 3.215597 0.142875 -0.170871
v 3.215597 0.269306 -0.170871
v 3.352023 -0.004312 -0.277936
v 3.352023 0.131962 -0.277936
v 3.215597 -0.004312 -0.277935
v 3.215597 0.125146 -0.277935
v 3.352023 -0.004312 -0.039175
v 3.352023 0.131859 -0.039175
v 3.215597 -0.004312 -0.039175
v 3.215597 0.125146 -0.039175
v 3.352023 0.132880 -0.159813
v 3.352023 0.269306 -0.159813
v 3.215597 0.135065 -0.159813
v 3.215597 0.269306 -0.159813
v 3.352023 0.132880 0.078947
v 3.352023 0.271116 0.078947
v 3.215597 0.143345 0.078947
v 3.215597 0.282391 0.078947
v 3.352023 -0.004312 -0.028118
v 3.352023 0.130990 -0.028118
v 3.215597 -0.004312 -0.028118
v 3.215597 0.134680 -0.028118
v 3.352023 -0.004312 0.210643
v 3.352023 0.125146 0.210643
v 3.215597 -0.004312 0.210643
v 3.215597 0.125146 0.210643
v 3.352023 0.145475 0.090004
v 3.352023 0.269306 0.090004
v 3.215597 0.141698 0.090004
v 3.215597 0.280972 0.090004
v 3.352023 0.137168 0.328765
v 3.352023 0.269306 0.328765
v 3.215597 0.132880 0.328765
v 3.215597 0.278675 0.328765
v 3.373774 -0.004312 0.221700
v 3.373774 0.125327 0.221700
v 3.215597 -0.004312 0.221700
v 3.215597 0.143311 0.221700
v 3.373774 -0.004312 0.460461
v 3.373774 0.125146 0.460461
v 3.215597 -0.004312 0.460461
v 3.215597 0.132761 0.460461
v 3.356197 0.132880 0.339822
v 3.356197 0.269306 0.339822
v 3.215597 0.136222 0.339822
v 3.215597 0.269306 0.339822
v 3.356197 0.135624 0.578583
v 3.356197 0.269306 0.578583
v 3.215597 0.132880 0.578583
v 3.215597 0.269306 0.578583
v 3.352023 -0.004312 0.471518
v 3.352023 0.133769 0.471518
v 3.215597 -0.004312 0.471518
v 3.215597 0.125146 0.471518
v 3.352023 -0.004312 0.710279
v 3.352023 0.128221 0.710279
v 3.215597 -0.004312 0.710279
v 3.215597 0.125146 0.710279
v 3.352023 0.132880 0.589640
v 3.352023 0.269306 0.589640
v 3.215597 0.132880 0.589640
v 3.215597 0.283314 0.589640
v 3.352023 0.142292 0.828401
v 3.352023 0.269854 0.828401
v 3.215597 0.138768 0.828401
v 3.215597 0.272410 0.828401
v 3.352023 -0.004312 0.721336
v 3.352023 0.130775 0.721336
v 3.215597 -0.004312 0.721336
v 3.215597 0.129289 0.721336
v 3.352023 -0.004312 0.960097
v 3.352023 0.129552 0.960097
v 3.215597 -0.004312 0.960097
v 3.215597 0.131345 0.960097
v 3.352023 0.132880 0.839458
v 3.352023 0.269306 0.839458
v 3.244278 0.132880 0.839458
v 3.244278 0.269306 0.839458
v 3.352023 0.134266 1.034633
v 3.352023 0.269306 1.034633
v 3.244278 0.133996 1.034633
v 3.244278 0.271238 1.034633
v -3.354075 -0.004312 1.027389
v -3.354075 0.125146 1.027389
v -3.293332 -0.004312 1.027389
v -3.293332 0.125146 1.027389
v -3.354075 -0.004312 0.788628
v -3.354075 0.125146 0.788628
v -3.293332 -0.004312 0.788628
v -3.293332 0.125743 0.788628
v -3.354075 0.136748 0.909267
v -3.354075 0.273828 0.909267
v -3.217650 0.139395 0.909267
v -3.217650 0.280944 0.909267
v -3.354075 0.134326 0.670506
v -3.354075 0.269306 0.670506
v -3.217650 0.132880 0.670506
v -3.217650 0.281381 0.670506
v -3.354075 -0.004312 0.777571
v -3.354075 0.125146 0.777571
v -3.293332 -0.004312 0.777571
v -3.293332 0.125146 0.777571
v -3.354075 -0.004312 0.538810
v -3.354075 0.125146 0.538810
v -3.293331 -0.004312 0.538810
v -3.293331 0.128930 0.538810
v -3.378076 0.136205 0.659449
v -3.378076 0.269306 0.659449
v -3.217650 0.135018 0.659449
v -3.217650 0.269306 0.659449
v -3.378076 0.134869 0.420688
v -3.378076 0.274872 0.420688
v -3.217650 0.149355 0.420688
v -3.217650 0.269306 0.420688
v -3.354075 -0.004312 0.527753
v -3.354075 0.129468 0.527753
v -3.293331 -0.004312 0.527753
v -3.293331 0.125146 0.527753
v -3.354075 -0.004312 0.288993
v -3.354075 0.125146 0.288993
v -3.293331 -0.004312 0.288993
v -3.293331 0.128228 0.288993
v -3.349955 0.132880 0.409631
v -3.349955 0.271594 0.409631
v -3.217650 0.132880 0.409631
v -3.217650 0.275196 0.409631
v -3.349955 0.132880 0.170871
v -3.349955 0.269306 0.170871
v -3.217650 0.142875 0.170871
v -3.217650 0.269306 0.170871
v -3.354075 -0.004312 0.277935
v -3.354075 0.131962 0.277935
v -3.293332 -0.004312 0.277935
v -3.293332 0.125146 0.277935
v -3.354075 -0.004312 0.039175
v -3.354075 0.131859 0.039175
v -3.293331 -0.004312 0.039175
v -3.293331 0.132320 0.039175
v -3.354075 0.132880 0.159813
v -3.354075 0.269306 0.159813
v -3.217650 0.135065 0.159813
v -3.217650 0.269306 0.159813
v -3.354075 0.132880 -0.078947
v -3.354075 0.271116 -0.078947
v -3.217650 0.143345 -0.078947
v -3.217650 0.282391 -0.078947
v -3.378076 -0.004312 0.028118
v -3.378076 0.130990 0.028118
v -3.293331 -0.004312 0.028118
v -3.293331 0.130588 0.028118
v -3.378076 -0.004312 -0.210643
v -3.378076 0.125146 -0.210643
v -3.293331 -0.004312 -0.210643
v -3.293331 0.125146 -0.210643
v -3.354075 0.145475 -0.090004
v -3.354075 0.269306 -0.090004
v -3.217650 0.141698 -0.090004
v -3.217650 0.280972 -0.090004
v -3.354075 0.137168 -0.328765
v -3.354075 0.269306 -0.328765
v -3.217650 0.132880 -0.328765
v -3.217650 0.278675 -0.328765
v -3.354075 -0.004312 -0.221700
v -3.354075 0.125327 -0.221700
v -3.293331 -0.004312 -0.221700
v -3.293331 0.143829 -0.221700
v -3.354075 -0.004312 -0.460461
v -3.354075 0.125146 -0.460461
v -3.293331 -0.004312 -0.460461
v -3.293331 0.127600 -0.460461
v -3.354075 0.132880 -0.339822
v -3.354075 0.269306 -0.339822
v -3.217650 0.136222 -0.339822
v -3.217650 0.269306 -0.339822
v -3.354075 0.135624 -0.578583
v -3.354075 0.269306 -0.578583
v -3.217650 0.132880 -0.578583
v -3.217650 0.269306 -0.578583
v -3.354075 -0.004312 -0.471518
v -3.354075 0.133769 -0.471518
v -3.293331 -0.004312 -0.471518
v -3.293331 0.130161 -0.471518
v -3.354075 -0.004312 -0.710279
v -3.354075 0.128222 -0.710279
v -3.293331 -0.004312 -0.710279
v -3.293331 0.125146 -0.710279
v -3.354075 0.132880 -0.589640
v -3.354075 0.269306 -0.589640
v -3.217650 0.132880 -0.589640
v -3.217650 0.283314 -0.589640
v -3.354075 0.142292 -0.828401
v -3.354075 0.269854 -0.828401
v -3.217650 0.138768 -0.828401
v -3.217650 0.272410 -0.828401
v -3.354075 -0.004312 -0.721336
v -3.354075 0.130775 -0.721336
v -3.293331 -0.004312 -0.721336
v -3.293331 0.125146 -0.721336
v -3.354075 -0.004312 -0.960097
v -3.354075 0.129552 -0.960097
v -3.293331 -0.004312 -0.960097
v -3.293331 0.125460 -0.960097
v -3.354075 0.132880 -0.839458
v -3.354075 0.269306 -0.839458
v -3.246826 0.132880 -0.839458
v -3.246826 0.269306 -0.839458
v -3.354075 0.134266 -1.032251
v -3.354075 0.269306 -1.032251
v -3.246826 0.133997 -1.032251
v -3.246826 0.271238 -1.032251
v 3.355235 -0.004312 1.024176
v 3.355235 0.125146 1.024176
v 3.355235 -0.004312 0.963222
v 3.355235 0.125146 0.963222
v 3.116474 -0.004312 1.024176
v 3.116474 0.125146 1.024176
v 3.116474 -0.004312 0.963222
v 3.116474 0.125146 0.963222
v 3.234637 0.136748 1.043556
v 3.234637 0.273828 1.043556
v 3.234637 0.139395 0.887751
v 3.234637 0.280944 0.887751
v 2.995876 0.134326 1.043556
v 2.995876 0.269306 1.043556
v 2.995876 0.132880 0.887751
v 2.995876 0.281381 0.887751
v 3.102941 -0.004312 1.026717
v 3.102941 0.125146 1.026717
v 3.102941 -0.004312 0.887751
v 3.102941 0.125662 0.887751
v 2.864180 -0.004312 1.026717
v 2.864180 0.125146 1.026717
v 2.864180 -0.004312 0.887751
v 2.864180 0.125146 0.887751
v 2.984818 0.136205 1.024176
v 2.984818 0.269306 1.024176
v 2.984818 0.135018 0.887751
v 2.984818 0.269306 0.887751
v 2.746058 0.134869 1.024176
v 2.746058 0.274872 1.024176
v 2.746058 0.149355 0.887751
v 2.746058 0.269306 0.887751
v 2.853123 -0.004312 1.024176
v 2.853123 0.129468 1.024176
v 2.853123 -0.004312 0.887751
v 2.853123 0.127857 0.887751
v 2.545315 -0.004312 1.024176
v 2.545315 0.125146 1.024176
v 2.545315 -0.004312 0.887751
v 2.545315 0.136538 0.887751
v 2.735001 0.132880 1.024176
v 2.735001 0.271594 1.024176
v 2.735001 0.132880 0.752835
v 2.735001 0.275196 0.752835
v 2.540953 0.132880 1.024176
v 2.540953 0.269306 1.024176
v 2.540953 0.142875 0.752835
v 2.540953 0.269306 0.752835
v -2.544116 0.145475 1.024176
v -2.544116 0.269306 1.024176
v -2.544116 0.145396 0.730194
v -2.544116 0.280972 0.730194
v -2.651814 0.137168 1.024176
v -2.651814 0.269306 1.024176
v -2.651814 0.136579 0.730194
v -2.651814 0.278675 0.730194
v -2.546534 -0.004312 1.024176
v -2.546534 0.125327 1.024176
v -2.546534 -0.004312 0.887751
v -2.546534 0.133140 0.887751
v -2.783510 -0.004312 1.024176
v -2.783510 0.125146 1.024176
v -2.783510 -0.004312 0.887751
v -2.783510 0.122590 0.887751
v -2.662872 0.132880 1.024176
v -2.662872 0.269306 1.024176
v -2.662872 0.136222 0.887751
v -2.662872 0.269306 0.887751
v -2.901632 0.135624 1.024176
v -2.901632 0.269306 1.024176
v -2.901632 0.132880 0.887751
v -2.901632 0.269306 0.887751
v -2.794568 -0.004312 1.038589
v -2.794568 0.133769 1.038589
v -2.794568 -0.004312 0.887751
v -2.794568 0.125146 0.887751
v -3.033328 -0.004312 1.038589
v -3.033328 0.128222 1.038589
v -3.033328 -0.004312 0.887751
v -3.033328 0.125146 0.887751
v -2.912690 0.132880 1.024176
v -2.912690 0.269306 1.024176
v -2.912689 0.132880 0.887751
v -2.912689 0.283314 0.887751
v -3.151450 0.142292 1.024176
v -3.151450 0.269854 1.024176
v -3.151450 0.138768 0.887751
v -3.151450 0.272410 0.887751
v -3.044385 -0.004312 1.034086
v -3.044385 0.130775 1.034086
v -3.044385 -0.004312 0.887751
v -3.044385 0.129289 0.887751
v -3.283146 -0.004312 1.034086
v -3.283146 0.129552 1.034086
v -3.283146 -0.004312 0.887751
v -3.283146 0.131345 0.887751
v -3.169357 0.132880 1.024176
v -3.169357 0.269306 1.024176
v -3.169357 0.132880 0.927237
v -3.169357 0.269306 0.927237
v -3.363447 0.134266 1.024176
v -3.363447 0.269306 1.024176
v -3.363447 0.133997 0.927237
v -3.363447 0.271238 0.927237
v -2.544116 0.000665 0.865602
v -2.544116 0.128763 0.865602
v -2.544116 0.000665 0.729177
v -2.544116 0.140429 0.729177
v -2.651814 0.000665 0.865602
v -2.651814 0.128763 0.865602
v -2.651814 0.000665 0.729177
v -2.651814 0.138133 0.729177
v -3.228339 0.136748 -1.051325
v -3.228339 0.273828 -1.051325
v -3.228339 0.139395 -0.887751
v -3.228339 0.280944 -0.887751
v -3.040455 0.134326 -1.051325
v -3.040455 0.269306 -1.051325
v -3.040455 0.132880 -0.887751
v -3.040455 0.281381 -0.887751
v -3.108352 -0.004312 -1.033535
v -3.108352 0.125146 -1.033535
v -3.108351 -0.004312 -0.887751
v -3.108351 0.125662 -0.887751
v -2.908759 -0.004312 -1.033535
v -2.908759 0.125146 -1.033535
v -2.908759 -0.004312 -0.887751
v -2.908759 0.125146 -0.887751
v -3.029398 0.136205 -1.024176
v -3.029398 0.269306 -1.024176
v -3.029398 0.135018 -0.887751
v -3.029398 0.269306 -0.887751
v -2.790637 0.134869 -1.024176
v -2.790637 0.274872 -1.024176
v -2.790637 0.149355 -0.887751
v -2.790637 0.269306 -0.887751
v -2.897702 -0.004312 -1.024176
v -2.897702 0.129468 -1.024176
v -2.897702 -0.004312 -0.887751
v -2.897702 0.127857 -0.887751
v -2.658942 -0.004312 -1.024176
v -2.658942 0.125146 -1.024176
v -2.658941 -0.004312 -0.887751
v -2.658941 0.136539 -0.887751
v -2.779580 0.132880 -1.051325
v -2.779580 0.271594 -1.051325
v -2.779580 0.132880 -0.887751
v -2.779580 0.275196 -0.887751
v -2.540819 0.132880 -1.051325
v -2.540819 0.269306 -1.051325
v -2.540819 0.142875 -0.887751
v -2.540819 0.269306 -0.887751
v -2.647884 -0.004312 -1.033535
v -2.647884 0.131962 -1.033535
v -2.647884 -0.004312 -0.887751
v -2.647884 0.125146 -0.887751
v -2.409124 -0.004312 -1.033535
v -2.409124 0.131859 -1.033535
v -2.409123 -0.004312 -0.887751
v -2.409123 0.125146 -0.887751
v 2.414701 0.136748 -1.051325
v 2.414701 0.273828 -1.051325
v 2.414701 0.139395 -0.887751
v 2.414701 0.280944 -0.887751
v 2.653462 0.134326 -1.051325
v 2.653462 0.269306 -1.051325
v 2.653462 0.132880 -0.887751
v 2.653462 0.281381 -0.887751
v 2.546397 -0.004312 -1.033535
v 2.546397 0.125146 -1.033535
v 2.546397 -0.004312 -0.887751
v 2.546397 0.125662 -0.887751
v 2.785158 -0.004312 -1.033535
v 2.785158 0.125146 -1.033535
v 2.785158 -0.004312 -0.887751
v 2.785158 0.125146 -0.887751
v 2.664519 0.136205 -1.024176
v 2.664519 0.269306 -1.024176
v 2.664519 0.135018 -0.887751
v 2.664519 0.269306 -0.887751
v 2.903280 0.134869 -1.024176
v 2.903280 0.274872 -1.024176
v 2.903280 0.149355 -0.887751
v 2.903280 0.269306 -0.887751
v 2.796215 -0.004312 -1.024176
v 2.796215 0.129468 -1.024176
v 2.796215 -0.004312 -0.887751
v 2.796215 0.127857 -0.887751
v 3.034976 -0.004312 -1.024176
v 3.034976 0.125146 -1.024176
v 3.034976 -0.004312 -0.887751
v 3.034976 0.136539 -0.887751
v 2.914337 0.132880 -1.051325
v 2.914337 0.271594 -1.051325
v 2.914337 0.132880 -0.887751
v 2.914337 0.275196 -0.887751
v 3.153098 0.132880 -1.051325
v 3.153098 0.269306 -1.051325
v 3.153098 0.142875 -0.887751
v 3.153098 0.269306 -0.887751
v 2.049455 -0.004312 -1.024176
v 2.049455 0.129468 -1.024176
v 2.049455 -0.004312 -0.887751
v 2.049455 0.127857 -0.887751
v 2.288216 -0.004312 -1.024176
v 2.288216 0.125146 -1.024176
v 2.288216 -0.004312 -0.887751
v 2.288216 0.136539 -0.887751
v 2.167577 0.132880 -1.051325
v 2.167577 0.271594 -1.051325
v 2.167577 0.132880 -0.887751
v 2.167577 0.275196 -0.887751
v 2.406338 0.132880 -1.051325
v 2.406338 0.269306 -1.051325
v 2.406338 0.142875 -0.887751
v 2.406338 0.269306 -0.887751
v 2.297398 -0.004312 -1.033535
v 2.297398 0.131962 -1.033535
v 2.297398 -0.004312 -0.887751
v 2.297398 0.125146 -0.887751
v 2.536159 -0.004312 -1.033535
v 2.536159 0.131859 -1.033535
v 2.536159 -0.004312 -0.887751
v 2.536159 0.125146 -0.887751
v -2.525431 0.147994 0.742088
v -2.525431 0.270967 0.742088
v -2.525431 0.150641 0.645369
v -2.525431 0.278083 0.645369
v -2.286671 0.145572 0.742088
v -2.286671 0.266445 0.742088
v -2.286671 0.144126 0.645369
v -2.286671 0.278520 0.645369
v -2.393736 -0.004312 0.731569
v -2.393736 0.125146 0.731569
v -2.393735 -0.004312 0.645369
v -2.393735 0.125662 0.645369
v -2.154975 -0.004312 0.731569
v -2.154975 0.125146 0.731569
v -2.154975 -0.004312 0.645369
v -2.154975 0.125146 0.645369
v -2.275614 0.136205 0.726036
v -2.275614 0.269306 0.726036
v -2.275614 0.135018 0.645369
v -2.275614 0.269306 0.645369
v -2.036853 0.134869 0.726036
v -2.036853 0.274872 0.726036
v -2.036853 0.149355 0.645369
v -2.036853 0.269306 0.645369
v -2.143918 -0.004312 0.726036
v -2.143918 0.129468 0.726036
v -2.143918 -0.004312 0.645369
v -2.143918 0.127857 0.645369
v -1.905157 -0.004312 0.726036
v -1.905157 0.125146 0.726036
v -1.905157 -0.004312 0.645369
v -1.905157 0.136539 0.645369
v -1.792284 0.278675 0.591995
v -1.792284 0.132880 0.591995
v -1.792284 0.269306 0.728420
v -1.792284 0.137168 0.728420
v -2.031045 0.280972 0.591995
v -2.031045 0.141698 0.591995
v -2.031045 0.269306 0.728420
v -2.031045 0.145475 0.728420
v 1.909627 0.132880 0.726036
v 1.909627 0.269306 0.726036
v 1.909627 0.132880 0.645369
v 1.909627 0.283314 0.645369
v 2.148387 0.142292 0.726036
v 2.148387 0.269854 0.726036
v 2.148387 0.138768 0.645369
v 2.148387 0.272410 0.645369
v -2.527061 -0.004312 0.731569
v -2.527061 0.131962 0.731569
v -2.527061 -0.004312 0.645369
v -2.527061 0.125146 0.645369
v -2.403974 -0.004312 0.731569
v -2.403974 0.131859 0.731569
v -2.403974 -0.004312 0.645369
v -2.403974 0.125146 0.645369
v 2.414701 0.136748 0.742088
v 2.414701 0.273828 0.742088
v 2.414701 0.139395 0.645369
v 2.414701 0.280944 0.645369
v 2.538258 0.134326 0.742088
v 2.538258 0.269306 0.742088
v 2.538258 0.132880 0.645369
v 2.538258 0.281381 0.645369
v 2.045967 -0.004312 0.726036
v 2.045967 0.129468 0.726036
v 2.045967 -0.004312 0.645369
v 2.045967 0.127857 0.645369
v 2.284727 -0.004312 0.726036
v 2.284727 0.125146 0.726036
v 2.284728 -0.004312 0.645369
v 2.284728 0.136539 0.645369
v 2.164089 0.132880 0.742088
v 2.164089 0.271594 0.742088
v 2.164089 0.132880 0.645369
v 2.164089 0.275196 0.645369
v 2.402849 0.132880 0.742088
v 2.402849 0.269306 0.742088
v 2.402849 0.142875 0.645369
v 2.402849 0.269306 0.645369
v 2.297398 -0.004312 0.731569
v 2.297398 0.131962 0.731569
v 2.297398 -0.004312 0.645369
v 2.297398 0.125146 0.645369
v 2.536159 -0.004312 0.731569
v 2.536159 0.131859 0.731569
v 2.536159 -0.004312 0.645369
v 2.536159 0.125146 0.645369
v -1.660589 0.132761 0.591995
v -1.660589 -0.004312 0.591995
v -1.660589 0.125146 0.755569
v -1.660589 -0.004312 0.755569
v -1.899349 0.143311 0.591995
v -1.899349 -0.004312 0.591995
v -1.899349 0.125327 0.755569
v -1.899349 -0.004312 0.755569
v 2.544343 -0.011736 0.743247
v 2.544343 0.130535 0.743247
v 2.641062 -0.008990 0.743247
v 2.641062 0.137920 0.743247
v 2.544343 -0.014250 0.866804
v 2.544343 0.125841 0.866804
v 2.641062 -0.015751 0.866804
v 2.641062 0.138374 0.866804
v -1.274894 0.136748 -1.051325
v -1.274894 0.273828 -1.051325
v -1.274894 0.139395 -0.887751
v -1.274894 0.280944 -0.887751
v -1.036133 0.134326 -1.051325
v -1.036133 0.269306 -1.051325
v -1.036133 0.132880 -0.887751
v -1.036133 0.281381 -0.887751
v -1.143198 -0.004312 -1.033535
v -1.143198 0.125146 -1.033535
v -1.143198 -0.004312 -0.887751
v -1.143198 0.125662 -0.887751
v -0.904437 -0.004312 -1.033535
v -0.904437 0.125146 -1.033535
v -0.904437 -0.004312 -0.887751
v -0.904437 0.125146 -0.887751
v -1.025076 0.136205 -1.024176
v -1.025076 0.269306 -1.024176
v -1.025076 0.135018 -0.887751
v -1.025076 0.269306 -0.887751
v -0.786315 0.134869 -1.024176
v -0.786315 0.274872 -1.024176
v -0.786315 0.149355 -0.887751
v -0.786315 0.269306 -0.887751
v -0.893380 -0.004312 -1.024176
v -0.893380 0.129468 -1.024176
v -0.893380 -0.004312 -0.887751
v -0.893380 0.127857 -0.887751
v -0.654619 -0.004312 -1.024176
v -0.654619 0.125146 -1.024176
v -0.654619 -0.004312 -0.887751
v -0.654619 0.136539 -0.887751
v -0.775258 0.132880 -1.051325
v -0.775258 0.271594 -1.051325
v -0.775258 0.132880 -0.887751
v -0.775258 0.275196 -0.887751
v -0.536497 0.132880 -1.051325
v -0.536497 0.269306 -1.051325
v -0.536497 0.142875 -0.887751
v -0.536497 0.269306 -0.887751
v -0.643562 -0.004312 -1.033535
v -0.643562 0.131962 -1.033535
v -0.643562 -0.004312 -0.887751
v -0.643562 0.125146 -0.887751
v -0.404801 -0.004312 -1.033535
v -0.404801 0.131859 -1.033535
v -0.404801 -0.004312 -0.887751
v -0.404801 0.125146 -0.887751
v -0.525440 0.132880 -1.024177
v -0.525440 0.269306 -1.024177
v -0.525440 0.135065 -0.887751
v -0.525440 0.269306 -0.887751
v -0.316261 0.132880 -1.024177
v -0.316261 0.271116 -1.024177
v -0.316261 0.143345 -0.887751
v -0.316261 0.282391 -0.887751
v -0.393744 -0.004312 -1.024176
v -0.393744 0.130990 -1.024177
v -0.393744 -0.004312 -0.887751
v -0.393744 0.134680 -0.887751
v -0.184565 -0.004312 -1.024177
v -0.184565 0.125146 -1.024177
v -0.184565 -0.004312 -0.887751
v -0.184565 0.125146 -0.887751
v -0.305204 0.145475 -1.024177
v -0.305204 0.269306 -1.024177
v -0.305204 0.141698 -0.887751
v -0.305204 0.280972 -0.887751
v -0.066443 0.137168 -1.024177
v -0.066443 0.269306 -1.024177
v -0.066443 0.132880 -0.887751
v -0.066443 0.278675 -0.887751
v -0.173508 -0.004312 -1.051325
v -0.173508 0.125327 -1.051325
v -0.173508 -0.004312 -0.887751
v -0.173508 0.143311 -0.887751
v 0.065253 -0.004312 -1.051325
v 0.065253 0.125146 -1.051325
v 0.065253 -0.004312 -0.887751
v 0.065253 0.132761 -0.887751
v -0.055386 0.132880 -1.033535
v -0.055386 0.269306 -1.033535
v -0.055386 0.136222 -0.887751
v -0.055386 0.269306 -0.887751
v 0.183375 0.135624 -1.033535
v 0.183375 0.269306 -1.033535
v 0.183375 0.132880 -0.887751
v 0.183375 0.269306 -0.887751
v 0.076310 -0.004312 -1.024177
v 0.076310 0.133769 -1.024177
v 0.076310 -0.004312 -0.887751
v 0.076310 0.125146 -0.887751
v 0.315071 -0.004312 -1.024177
v 0.315071 0.128221 -1.024177
v 0.315071 -0.004312 -0.887751
v 0.315071 0.125146 -0.887751
v 0.194432 0.132880 -1.024177
v 0.194432 0.269306 -1.024177
v 0.194432 0.132880 -0.887751
v 0.194432 0.283314 -0.887751
v 0.433193 0.142292 -1.024177
v 0.433193 0.269854 -1.024177
v 0.433193 0.138768 -0.887751
v 0.433193 0.272410 -0.887751
v 0.330772 -0.004312 -1.024176
v 0.330772 0.129468 -1.024176
v 0.330772 -0.004312 -0.887751
v 0.330772 0.127857 -0.887751
v 0.569533 -0.004312 -1.024176
v 0.569533 0.125146 -1.024176
v 0.569533 -0.004312 -0.887751
v 0.569533 0.136539 -0.887751
v -2.523671 0.132880 -1.051325
v -2.523671 0.271594 -1.051325
v -2.523671 0.132880 -0.887751
v -2.523671 0.275196 -0.887751
v -2.262339 0.132880 -1.051325
v -2.262339 0.269306 -1.051325
v -2.262339 0.142875 -0.887751
v -2.262339 0.269306 -0.887751
v -2.391975 -0.004312 -1.033535
v -2.391975 0.131962 -1.033535
v -2.391975 -0.004312 -0.887751
v -2.391975 0.125146 -0.887751
v -2.130643 -0.004312 -1.033535
v -2.130643 0.131859 -1.033535
v -2.130643 -0.004312 -0.887751
v -2.130643 0.125146 -0.887751
v -2.251282 0.132880 -1.024177
v -2.251282 0.269306 -1.024177
v -2.251282 0.135065 -0.887751
v -2.251282 0.269306 -0.887751
v -2.042102 0.132880 -1.024177
v -2.042102 0.271116 -1.024177
v -2.042102 0.143345 -0.887751
v -2.042102 0.282391 -0.887751
v -2.119586 -0.004312 -1.024176
v -2.119586 0.130990 -1.024177
v -2.119586 -0.004312 -0.887751
v -2.119586 0.134680 -0.887751
v -1.910407 -0.004312 -1.024177
v -1.910407 0.125146 -1.024177
v -1.910407 -0.004312 -0.887751
v -1.910407 0.125146 -0.887751
v -2.031045 0.145475 -1.024177
v -2.031045 0.269306 -1.024177
v -2.031045 0.141698 -0.887751
v -2.031045 0.280972 -0.887751
v -1.792284 0.137168 -1.024177
v -1.792284 0.269306 -1.024177
v -1.792284 0.132880 -0.887751
v -1.792284 0.278675 -0.887751
v -1.899349 -0.004312 -1.051325
v -1.899349 0.125327 -1.051325
v -1.899349 -0.004312 -0.887751
v -1.899349 0.143311 -0.887751
v -1.660589 -0.004312 -1.051325
v -1.660589 0.125146 -1.051325
v -1.660589 -0.004312 -0.887751
v -1.660589 0.132761 -0.887751
v -1.781227 0.132880 -1.033535
v -1.781227 0.269306 -1.033535
v -1.781227 0.136222 -0.887751
v -1.781227 0.269306 -0.887751
v -1.542467 0.135624 -1.033535
v -1.542467 0.269306 -1.033535
v -1.542467 0.132880 -0.887751
v -1.542467 0.269306 -0.887751
v -1.649531 -0.004312 -1.024177
v -1.649531 0.133769 -1.024177
v -1.649531 -0.004312 -0.887751
v -1.649531 0.125146 -0.887751
v -1.410771 -0.004312 -1.024177
v -1.410771 0.128221 -1.024177
v -1.410771 -0.004312 -0.887751
v -1.410771 0.125146 -0.887751
v -1.531410 0.132880 -1.024177
v -1.531410 0.269306 -1.024177
v -1.531410 0.132880 -0.887751
v -1.531410 0.283314 -0.887751
v -1.292649 0.142292 -1.024177
v -1.292649 0.269854 -1.024177
v -1.292649 0.138768 -0.887751
v -1.292649 0.272410 -0.887751
v -1.395069 -0.004312 -1.024176
v -1.395069 0.129468 -1.024176
v -1.395069 -0.004312 -0.887751
v -1.395069 0.127857 -0.887751
v -1.156309 -0.004312 -1.024176
v -1.156309 0.125146 -1.024176
v -1.156309 -0.004312 -0.887751
v -1.156309 0.136539 -0.887751
v -1.781227 0.132880 0.737779
v -1.781227 0.269306 0.737779
v -1.781227 0.136222 0.591995
v -1.781227 0.269306 0.591995
v -1.542467 0.135624 0.737779
v -1.542467 0.269306 0.737779
v -1.542467 0.132880 0.591995
v -1.542467 0.269306 0.591995
v -1.649531 -0.004312 0.728420
v -1.649531 0.133769 0.728420
v -1.649531 -0.004312 0.591995
v -1.649531 0.125146 0.591995
v -1.410771 -0.004312 0.728420
v -1.410771 0.128221 0.728420
v -1.410771 -0.004312 0.591995
v -1.410771 0.125146 0.591995
v -1.531410 0.132880 0.728420
v -1.531410 0.269306 0.728420
v -1.531410 0.132880 0.591995
v -1.531410 0.283314 0.591995
v -1.272179 0.142292 0.728420
v -1.272179 0.269854 0.728420
v -1.272179 0.138768 0.591995
v -1.272179 0.272410 0.591995
v -1.395069 -0.004312 0.728420
v -1.395069 0.129468 0.728420
v -1.395069 -0.004312 0.591995
v -1.395069 0.127857 0.591995
v -1.269290 -0.004312 0.728420
v -1.269290 0.125146 0.728420
v -1.269290 -0.004312 0.591995
v -1.269290 0.136539 0.591995
v 1.245020 0.132880 0.725845
v 1.245020 0.269306 0.725845
v 1.245020 0.135065 0.589419
v 1.245020 0.269306 0.589419
v 1.402422 0.132880 0.725845
v 1.402422 0.271116 0.725845
v 1.402422 0.143345 0.589419
v 1.402422 0.282391 0.589419
v 1.276031 -0.004312 0.725845
v 1.276031 0.130990 0.725845
v 1.276031 -0.004312 0.589419
v 1.276031 0.134680 0.589419
v 1.534118 -0.004312 0.725845
v 1.534118 0.125146 0.725845
v 1.534118 -0.004312 0.589419
v 1.534118 0.125146 0.589419
v 1.413480 0.145475 0.725845
v 1.413480 0.269306 0.725845
v 1.413480 0.141698 0.589419
v 1.413480 0.280972 0.589419
v 1.652240 0.137168 0.725845
v 1.652240 0.269306 0.725845
v 1.652240 0.132880 0.589420
v 1.652240 0.278675 0.589420
v 1.545175 -0.004312 0.752994
v 1.545175 0.125327 0.752994
v 1.545175 -0.004312 0.589419
v 1.545175 0.143311 0.589419
v 1.783936 -0.004312 0.752994
v 1.783936 0.125146 0.752994
v 1.783936 -0.004312 0.589419
v 1.783936 0.132761 0.589420
v 1.663297 0.132880 0.735204
v 1.663297 0.269306 0.735204
v 1.663297 0.136222 0.589420
v 1.663297 0.269306 0.589420
v 1.902058 0.135624 0.735204
v 1.902058 0.269306 0.735204
v 1.902058 0.132880 0.589420
v 1.902058 0.269306 0.589420
v 1.794993 -0.004312 0.725845
v 1.794993 0.133769 0.725845
v 1.794993 -0.004312 0.589419
v 1.794993 0.125146 0.589420
v 2.033754 -0.004312 0.725845
v 2.033754 0.128221 0.725845
v 2.033754 -0.004312 0.589420
v 2.033754 0.125146 0.589420
v -0.399473 0.132880 0.721049
v -0.399473 0.269306 0.721049
v -0.399473 0.135065 0.584624
v -0.399473 0.269306 0.584624
v -0.316261 0.132880 0.721049
v -0.316261 0.271116 0.721049
v -0.316261 0.143345 0.584624
v -0.316261 0.282391 0.584624
v -0.393744 -0.004312 0.721049
v -0.393744 0.130990 0.721049
v -0.393744 -0.004312 0.584624
v -0.393744 0.134680 0.584624
v -0.184565 -0.004312 0.721049
v -0.184565 0.125146 0.721049
v -0.184565 -0.004312 0.584624
v -0.184565 0.125146 0.584624
v -0.305204 0.145475 0.721049
v -0.305204 0.269306 0.721049
v -0.305204 0.141698 0.584624
v -0.305204 0.280972 0.584624
v -0.066443 0.137168 0.721049
v -0.066443 0.269306 0.721049
v -0.066443 0.132880 0.584624
v -0.066443 0.278675 0.584624
v -0.173508 -0.004312 0.748198
v -0.173508 0.125327 0.748198
v -0.173508 -0.004312 0.584624
v -0.173508 0.143311 0.584624
v 0.065253 -0.004312 0.748198
v 0.065253 0.125146 0.748198
v 0.065253 -0.004312 0.584624
v 0.065253 0.132761 0.584624
v -0.055386 0.132880 0.730408
v -0.055386 0.269306 0.730408
v -0.055386 0.136222 0.584624
v -0.055386 0.269306 0.584624
v 0.183375 0.135624 0.730408
v 0.183375 0.269306 0.730408
v 0.183375 0.132880 0.584624
v 0.183375 0.269306 0.584624
v 0.076310 -0.004312 0.721049
v 0.076310 0.133769 0.721049
v 0.076310 -0.004312 0.584624
v 0.076310 0.125146 0.584624
v 0.315071 -0.004312 0.721049
v 0.315071 0.128221 0.721049
v 0.315071 -0.004312 0.584624
v 0.315071 0.125146 0.584624
v 0.194432 0.132880 0.721049
v 0.194432 0.269306 0.721049
v 0.194432 0.132880 0.584624
v 0.194432 0.283314 0.584624
v 0.433193 0.142292 0.721049
v 0.433193 0.269854 0.721049
v 0.433193 0.138768 0.584624
v 0.433193 0.272410 0.584624
v 0.330772 -0.004312 0.721049
v 0.330772 0.129468 0.721049
v 0.330772 -0.004312 0.584623
v 0.330772 0.127857 0.584623
v 0.392571 -0.004312 0.721049
v 0.392571 0.125146 0.721049
v 0.392571 -0.004312 0.584623
v 0.392571 0.136539 0.584624
v -3.346010 0.280332 0.975641
v -3.302202 0.280332 1.019449
v -3.302202 0.280332 -1.019449
v -3.346010 0.280332 -0.975641
v -3.346010 -0.004312 0.975641
v -3.302202 -0.004312 1.019449
v -3.302202 -0.004312 -1.019449
v -3.346010 -0.004312 -0.975641
v -3.290902 0.280332 0.922901
v -3.249462 0.280332 0.964341
v -3.249462 0.280332 -0.964341
v -3.290902 0.280332 -0.922901
v -2.594428 0.280332 1.019449
v -2.594428 -0.004312 1.019449
v -2.594428 0.280332 0.964341
v -2.594428 -0.004312 0.964341
v -2.569489 0.280332 1.019449
v -2.569489 0.280332 0.964341
v -2.569489 -0.004312 1.019449
v -2.569489 -0.004312 0.964341
v -2.594428 0.280332 0.706854
v -2.594428 -0.004312 0.706854
v -2.569489 0.280332 0.706854
v -2.569489 -0.004312 0.706854
v -2.567563 -0.004312 0.718497
v -2.567563 0.280332 0.718497
v -2.567563 -0.004312 0.683422
v -2.567563 0.280332 0.683422
v -1.237132 -0.004312 0.718497
v -1.237132 0.280332 0.718497
v -1.237132 -0.004312 0.683422
v -1.237132 0.280332 0.683422
v -0.002550 0.280332 -1.019449
v -0.002550 -0.004312 -1.019449
v -0.002549 0.280332 -0.964341
v -0.407506 -0.004312 0.718497
v -0.407506 0.280332 0.718497
v -0.407506 -0.004312 0.683422
v -0.407506 0.280332 0.683422
v -1.241440 0.176085 0.697291
v -1.241440 -0.004312 0.697291
v -1.241440 0.176085 0.871849
v -1.241440 -0.004312 0.871849
v -1.241440 0.126951 0.869441
v -1.241440 -0.004312 0.869441
v -1.241440 0.126951 1.024922
v -1.241440 -0.004312 1.024922
v -1.241440 0.078761 1.022514
v -1.241440 -0.004312 1.022514
v -1.241440 0.078761 1.177995
v -1.241440 -0.004312 1.177995
v -0.395935 0.176085 0.697291
v -0.395935 -0.004312 0.697291
v -0.403374 0.176085 0.871849
v -0.403374 -0.004312 0.871849
v -0.403374 0.126951 0.869441
v -0.403374 -0.004312 0.869441
v -0.403374 0.126951 1.024922
v -0.403374 -0.004312 1.024922
v -0.403374 0.078761 1.022514
v -0.403374 -0.004312 1.022514
v -0.403374 0.078761 1.177995
v -0.403374 -0.004312 1.177995
v -0.449637 1.089948 0.795493
v -0.449637 1.141356 0.795493
v -1.196416 1.089948 0.795493
v -1.196416 1.141356 0.795493
v -0.823027 1.141356 0.795493
v -0.823027 1.089948 0.795493
v -0.823027 1.141356 0.672770
v -0.449637 1.141356 0.672770
v -0.823027 1.089948 0.672770
v -0.449637 1.089948 0.672770
v -1.196416 1.141356 0.672770
v -1.196416 1.089948 0.672770
v -0.446845 0.173661 0.742112
v -0.446845 1.090586 0.742112
v -0.446845 0.902089 0.742112
v -0.446845 0.721948 0.742112
v -0.446845 0.541807 0.742112
v -0.510780 1.025222 0.742112
v -0.510780 0.932244 0.742112
v -0.510780 0.866061 0.742112
v -0.510780 0.757977 0.742112
v -0.510780 0.685920 0.742112
v -0.510780 0.577835 0.742112
v -0.510780 0.231515 0.742112
v -0.510780 0.483953 0.742112
v -0.510780 1.025222 0.734274
v -0.510780 0.932244 0.734274
v -0.510780 0.866061 0.734274
v -0.510780 0.757977 0.734274
v -0.510780 0.685920 0.734274
v -0.510780 0.577835 0.734274
v -0.510780 0.231515 0.734274
v -0.510780 0.483953 0.734274
v -0.525525 1.017181 0.734274
v -0.525525 0.940285 0.734274
v -0.525525 0.856453 0.734274
v -0.525525 0.767584 0.734274
v -0.525525 0.676312 0.734274
v -0.525525 0.587443 0.734274
v -0.525525 0.246943 0.734274
v -0.525525 0.468525 0.734274
v -0.525525 1.017181 0.729671
v -0.525525 0.940285 0.729671
v -0.525525 0.856453 0.729671
v -0.525525 0.767584 0.729671
v -0.525525 0.676312 0.729671
v -0.525525 0.587443 0.729671
v -0.525525 0.246943 0.729671
v -0.525525 0.468525 0.729671
v -0.446845 0.173661 0.699174
v -0.446845 1.090586 0.699174
v -0.446845 0.902089 0.699174
v -0.446845 0.721948 0.699174
v -0.446845 0.541807 0.699174
v -0.818201 0.173661 0.742112
v -0.818201 1.090586 0.742112
v -0.818201 0.902089 0.742112
v -0.818201 0.721948 0.742112
v -0.818201 0.541807 0.742112
v -0.748812 1.025222 0.742112
v -0.748812 0.932244 0.742112
v -0.748812 0.866061 0.742112
v -0.748812 0.757977 0.742112
v -0.748812 0.685920 0.742112
v -0.748812 0.577835 0.742112
v -0.748812 0.231515 0.742112
v -0.748812 0.483953 0.742112
v -0.748812 1.025222 0.734274
v -0.748812 0.932244 0.734274
v -0.748812 0.866061 0.734274
v -0.748812 0.757977 0.734274
v -0.748812 0.685920 0.734274
v -0.748812 0.577835 0.734274
v -0.748812 0.231515 0.734274
v -0.748812 0.483953 0.734274
v -0.734067 1.017181 0.734274
v -0.734067 0.940285 0.734274
v -0.734067 0.856453 0.734274
v -0.734067 0.767584 0.734274
v -0.734067 0.676312 0.734274
v -0.734067 0.587443 0.734274
v -0.734067 0.246943 0.734274
v -0.734067 0.468525 0.734274
v -0.734067 1.017181 0.729671
v -0.734067 0.940285 0.729671
v -0.734067 0.856453 0.729671
v -0.734067 0.767584 0.729671
v -0.734067 0.676312 0.729671
v -0.734067 0.587443 0.729671
v -0.734067 0.246943 0.729671
v -0.734067 0.468525 0.729671
v -0.818201 0.173661 0.699174
v -0.818201 1.090586 0.699174
v -0.818201 0.902089 0.699174
v -0.818201 0.721948 0.699174
v -0.818201 0.541807 0.699174
v -0.824100 0.173661 0.742112
v -0.824100 1.090586 0.742112
v -0.824100 0.902089 0.742112
v -0.824100 0.721948 0.742112
v -0.824100 0.541807 0.742112
v -0.893490 1.025222 0.742112
v -0.893490 0.932244 0.742112
v -0.893490 0.866061 0.742112
v -0.893490 0.757977 0.742112
v -0.893490 0.685920 0.742112
v -0.893490 0.577835 0.742112
v -0.893490 0.231515 0.742112
v -0.893490 0.483953 0.742112
v -0.893490 1.025222 0.734274
v -0.893490 0.932244 0.734274
v -0.893490 0.866061 0.734274
v -0.893490 0.757977 0.734274
v -0.893490 0.685920 0.734274
v -0.893490 0.577835 0.734274
v -0.893490 0.231515 0.734274
v -0.893490 0.483953 0.734274
v -0.908235 1.017181 0.734274
v -0.908235 0.940285 0.734274
v -0.908235 0.856453 0.734274
v -0.908235 0.767584 0.734274
v -0.908235 0.676312 0.734274
v -0.908235 0.587443 0.734274
v -0.908235 0.246943 0.734274
v -0.908235 0.468525 0.734274
v -0.908235 1.017181 0.729671
v -0.908235 0.940285 0.729671
v -0.908235 0.856453 0.729671
v -0.908235 0.767584 0.729671
v -0.908235 0.676312 0.729671
v -0.908235 0.587443 0.729671
v -0.908235 0.246943 0.729671
v -0.908235 0.468525 0.729671
v -0.824100 0.173661 0.699174
v -0.824100 1.090586 0.699174
v -0.824100 0.902089 0.699174
v -0.824100 0.721948 0.699174
v -0.824100 0.541807 0.699174
v -1.195456 0.173661 0.742112
v -1.195456 1.090586 0.742112
v -1.195456 0.902089 0.742112
v -1.195456 0.721948 0.742112
v -1.195456 0.541807 0.742112
v -1.131522 1.025222 0.742112
v -1.131522 0.932244 0.742112
v -1.131522 0.866061 0.742112
v -1.131522 0.757977 0.742112
v -1.131522 0.685920 0.742112
v -1.131522 0.577835 0.742112
v -1.131522 0.231515 0.742112
v -1.131522 0.483953 0.742112
v -1.131522 1.025222 0.734274
v -1.131522 0.932244 0.734274
v -1.131522 0.866061 0.734274
v -1.131522 0.757977 0.734274
v -1.131522 0.685920 0.734274
v -1.131522 0.577835 0.734274
v -1.131522 0.231515 0.734274
v -1.131522 0.483953 0.734274
v -1.116777 1.017181 0.734274
v -1.116777 0.940285 0.734274
v -1.116777 0.856453 0.734274
v -1.116777 0.767584 0.734274
v -1.116777 0.676312 0.734274
v -1.116777 0.587443 0.734274
v -1.116777 0.246943 0.734274
v -1.116777 0.468525 0.734274
v -1.116777 1.017181 0.729671
v -1.116777 0.940285 0.729671
v -1.116777 0.856453 0.729671
v -1.116777 0.767584 0.729671
v -1.116777 0.676312 0.729671
v -1.116777 0.587443 0.729671
v -1.116777 0.246943 0.729671
v -1.116777 0.468525 0.729671
v -1.195456 0.173661 0.699174
v -1.195456 1.090586 0.699174
v -1.195456 0.902089 0.699174
v -1.195456 0.721948 0.699174
v -1.195456 0.541807 0.699174
v 3.346010 0.280332 0.975641
v 3.302202 0.280332 1.019449
v 3.302202 0.280332 -1.019449
v 3.346010 0.280332 -0.975641
v 3.346010 -0.004312 0.975641
v 3.302202 -0.004312 1.019449
v 3.302202 -0.004312 -1.019449
v 3.346010 -0.004312 -0.975641
v 3.290902 0.280332 0.922901
v 3.249462 0.280332 0.964341
v 3.249462 0.280332 -0.964341
v 3.290902 0.280332 -0.922901
v 2.594428 0.280332 1.019449
v 2.594428 -0.004312 1.019449
v 2.594428 0.280332 0.964341
v 2.594428 -0.004312 0.964341
v 2.569489 0.280332 1.019449
v 2.569489 0.280332 0.964341
v 2.569489 -0.004312 1.019449
v 2.569489 -0.004312 0.964341
v 2.594428 0.280332 0.706854
v 2.594428 -0.004312 0.706854
v 2.569489 0.280332 0.706854
v 2.569489 -0.004312 0.706854
v 2.567563 -0.004312 0.718497
v 2.567563 0.280332 0.718497
v 2.567563 -0.004312 0.683422
v 2.567563 0.280332 0.683422
v 1.237132 -0.004312 0.718497
v 1.237132 0.280332 0.718497
v 1.237132 -0.004312 0.683422
v 1.237132 0.280332 0.683422
v 0.002550 0.280332 -1.019449
v 0.002550 -0.004312 -1.019449
v 0.002549 0.280332 -0.964341
v 0.407506 -0.004312 0.718497
v 0.407506 0.280332 0.718497
v 0.407506 -0.004312 0.683422
v 0.407506 0.280332 0.683422
v 0.000000 -0.004312 0.718497
v 0.000000 0.280332 0.718497
v 0.000000 -0.004312 0.683422
v 0.000000 0.280332 0.683422
v 1.241440 0.176085 0.697291
v 1.241440 -0.004312 0.697291
v 1.241440 0.176085 0.871849
v 1.241440 -0.004312 0.871849
v 1.241440 0.126951 0.869441
v 1.241440 -0.004312 0.869441
v 1.241440 0.126951 1.024922
v 1.241440 -0.004312 1.024922
v 1.241440 0.078761 1.022514
v 1.241440 -0.004312 1.022514
v 1.241440 0.078761 1.177995
v 1.241440 -0.004312 1.177995
v 0.395935 0.176085 0.697291
v 0.395935 -0.004312 0.697291
v 0.403374 0.176085 0.871849
v 0.403374 -0.004312 0.871849
v 0.403374 0.126951 0.869441
v 0.403374 -0.004312 0.869441
v 0.403374 0.126951 1.024922
v 0.403374 -0.004312 1.024922
v 0.403374 0.078761 1.022514
v 0.403374 -0.004312 1.022514
v 0.403374 0.078761 1.177995
v 0.403374 -0.004312 1.177995
v 0.449637 1.089948 0.795493
v 0.449637 1.141356 0.795493
v 1.196416 1.089948 0.795493
v 1.196416 1.141356 0.795493
v 0.823027 1.141356 0.795493
v 0.823027 1.089948 0.795493
v 0.823027 1.141356 0.672770
v 0.449637 1.141356 0.672770
v 0.823027 1.089948 0.672770
v 0.449637 1.089948 0.672770
v 1.196416 1.141356 0.672770
v 1.196416 1.089948 0.672770
v 0.446845 0.173661 0.742112
v 0.446845 1.090586 0.742112
v 0.446845 0.902089 0.742112
v 0.446845 0.721948 0.742112
v 0.446845 0.541807 0.742112
v 0.510780 1.025222 0.742112
v 0.510780 0.932244 0.742112
v 0.510780 0.866061 0.742112
v 0.510780 0.757977 0.742112
v 0.510780 0.685920 0.742112
v 0.510780 0.577835 0.742112
v 0.510780 0.231515 0.742112
v 0.510780 0.483953 0.742112
v 0.510780 1.025222 0.734274
v 0.510780 0.932244 0.734274
v 0.510780 0.866061 0.734274
v 0.510780 0.757977 0.734274
v 0.510780 0.685920 0.734274
v 0.510780 0.577835 0.734274
v 0.510780 0.231515 0.734274
v 0.510780 0.483953 0.734274
v 0.525525 1.017181 0.734274
v 0.525525 0.940285 0.734274
v 0.525525 0.856453 0.734274
v 0.525525 0.767584 0.734274
v 0.525525 0.676312 0.734274
v 0.525525 0.587443 0.734274
v 0.525525 0.246943 0.734274
v 0.525525 0.468525 0.734274
v 0.525525 1.017181 0.729671
v 0.525525 0.940285 0.729671
v 0.525525 0.856453 0.729671
v 0.525525 0.767584 0.729671
v 0.525525 0.676312 0.729671
v 0.525525 0.587443 0.729671
v 0.525525 0.246943 0.729671
v 0.525525 0.468525 0.729671
v 0.446845 0.173661 0.699174
v 0.446845 1.090586 0.699174
v 0.446845 0.902089 0.699174
v 0.446845 0.721948 0.699174
v 0.446845 0.541807 0.699174
v 0.818201 0.173661 0.742112
v 0.818201 1.090586 0.742112
v 0.818201 0.902089 0.742112
v 0.818201 0.721948 0.742112
v 0.818201 0.541807 0.742112
v 0.748812 1.025222 0.742112
v 0.748812 0.932244 0.742112
v 0.748812 0.866061 0.742112
v 0.748812 0.757977 0.742112
v 0.748812 0.685920 0.742112
v 0.748812 0.577835 0.742112
v 0.748812 0.231515 0.742112
v 0.748812 0.483953 0.742112
v 0.748812 1.025222 0.734274
v 0.748812 0.932244 0.734274
v 0.748812 0.866061 0.734274
v 0.748812 0.757977 0.734274
v 0.748812 0.685920 0.734274
v 0.748812 0.577835 0.734274
v 0.748812 0.231515 0.734274
v 0.748812 0.483953 0.734274
v 0.734067 1.017181 0.734274
v 0.734067 0.940285 0.734274
v 0.734067 0.856453 0.734274
v 0.734067 0.767584 0.734274
v 0.734067 0.676312 0.734274
v 0.734067 0.587443 0.734274
v 0.734067 0.246943 0.734274
v 0.734067 0.468525 0.734274
v 0.734067 1.017181 0.729671
v 0.734067 0.940285 0.729671
v 0.734067 0.856453 0.729671
v 0.734067 0.767584 0.729671
v 0.734067 0.676312 0.729671
v 0.734067 0.587443 0.729671
v 0.734067 0.246943 0.729671
v 0.734067 0.468525 0.729671
v 0.818201 0.173661 0.699174
v 0.818201 1.090586 0.699174
v 0.818201 0.902089 0.699174
v 0.818201 0.721948 0.699174
v 0.818201 0.541807 0.699174
v 0.824100 0.173661 0.742112
v 0.824100 1.090586 0.742112
v 0.824100 0.902089 0.742112
v 0.824100 0.721948 0.742112
v 0.824100 0.541807 0.742112
v 0.893490 1.025222 0.742112
v 0.893490 0.932244 0.742112
v 0.893490 0.866061 0.742112
v 0.893490 0.757977 0.742112
v 0.893490 0.685920 0.742112
v 0.893490 0.577835 0.742112
v 0.893490 0.231515 0.742112
v 0.893490 0.483953 0.742112
v 0.893490 1.025222 0.734274
v 0.893490 0.932244 0.734274
v 0.893490 0.866061 0.734274
v 0.893490 0.757977 0.734274
v 0.893490 0.685920 0.734274
v 0.893490 0.577835 0.734274
v 0.893490 0.231515 0.734274
v 0.893490 0.483953 0.734274
v 0.908235 1.017181 0.734274
v 0.908235 0.940285 0.734274
v 0.908235 0.856453 0.734274
v 0.908235 0.767584 0.734274
v 0.908235 0.676312 0.734274
v 0.908235 0.587443 0.734274
v 0.908235 0.246943 0.734274
v 0.908235 0.468525 0.734274
v 0.908235 1.017181 0.729671
v 0.908235 0.940285 0.729671
v 0.908235 0.856453 0.729671
v 0.908235 0.767584 0.729671
v 0.908235 0.676312 0.729671
v 0.908235 0.587443 0.729671
v 0.908235 0.246943 0.729671
v 0.908235 0.468525 0.729671
v 0.824100 0.173661 0.699174
v 0.824100 1.090586 0.699174
v 0.824100 0.902089 0.699174
v 0.824100 0.721948 0.699174
v 0.824100 0.541807 0.699174
v 1.195456 0.173661 0.742112
v 1.195456 1.090586 0.742112
v 1.195456 0.902089 0.742112
v 1.195456 0.721948 0.742112
v 1.195456 0.541807 0.742112
v 1.131522 1.025222 0.742112
v 1.131522 0.932244 0.742112
v 1.131522 0.866061 0.742112
v 1.131522 0.757977 0.742112
v 1.131522 0.685920 0.742112
v 1.131522 0.577835 0.742112
v 1.131522 0.231515 0.742112
v 1.131522 0.483953 0.742112
v 1.131522 1.025222 0.734274
v 1.131522 0.932244 0.734274
v 1.131522 0.866061 0.734274
v 1.131522 0.757977 0.734274
v 1.131522 0.685920 0.734274
v 1.131522 0.577835 0.734274
v 1.131522 0.231515 0.734274
v 1.131522 0.483953 0.734274
v 1.116777 1.017181 0.734274
v 1.116777 0.940285 0.734274
v 1.116777 0.856453 0.734274
v 1.116777 0.767584 0.734274
v 1.116777 0.676312 0.734274
v 1.116777 0.587443 0.734274
v 1.116777 0.246943 0.734274
v 1.116777 0.468525 0.734274
v 1.116777 1.017181 0.729671
v 1.116777 0.940285 0.729671
v 1.116777 0.856453 0.729671
v 1.116777 0.767584 0.729671
v 1.116777 0.676312 0.729671
v 1.116777 0.587443 0.729671
v 1.116777 0.246943 0.729671
v 1.116777 0.468525 0.729671
v 1.195456 0.173661 0.699174
v 1.195456 1.090586 0.699174
v 1.195456 0.902089 0.699174
v 1.195456 0.721948 0.699174
v 1.195456 0.541807 0.699174
v 3.348415 2.539380 1.007558
v -2.561431 2.539380 1.007558
v 3.348415 2.539380 -1.007558
v -2.561431 2.539380 -1.007558
v -3.365159 2.539380 -1.007558
v 2.563525 2.539380 -1.007558
v -3.365159 2.539380 1.007558
v 2.563525 2.539380 1.007558
v -2.561431 2.539380 0.777709
v 3.348415 2.539380 0.777709
v -3.365159 2.539380 0.777709
v 2.563525 2.539380 0.777709
vn -0.0000 1.0000 -0.0000
vn -1.0000 -0.0000 -0.0000
vn 1.0000 -0.0000 -0.0000
vn -0.0000 -1.0000 -0.0000
vn -0.0000 -0.0000 -1.0000
vn -0.9239 -0.3827 -0.0000
vn -0.3827 -0.9239 -0.0000
vn 0.3827 -0.9239 -0.0000
vn 0.9239 -0.3827 -0.0000
vn 0.9239 0.3827 -0.0000
vn 0.3827 0.9239 -0.0000
vn -0.0000 -0.0000 1.0000
vn -0.3827 0.9239 -0.0000
vn -0.9239 0.3827 -0.0000
vn 0.5267 0.8501 -0.0000
vn -0.5267 0.8501 -0.0000
vn -0.0000 -0.8660 -0.5000
vn -0.0000 0.8660 -0.5000
vn -0.0000 0.8660 0.5000
vn -0.0000 -0.8660 0.5000
vn 0.3300 0.8175 0.4720
vn -0.4081 -0.7657 -0.4972
vn 0.3366 0.8033 -0.4913
vn -0.3802 -0.8010 0.4625
vn -0.8183 -0.3653 0.4439
vn 0.8340 0.3380 -0.4362
vn 0.8340 0.3380 0.4362
vn -0.8183 -0.3653 -0.4439
vn -0.1457 -0.8579 -0.4927
vn -0.2812 -0.0000 -0.9596
vn -0.1450 0.8569 -0.4947
vn 0.1463 0.8567 0.4946
vn 0.2887 -0.0000 0.9574
vn 0.1482 -0.8582 0.4914
vn 0.4701 0.8175 0.3327
vn -1.0000 -0.0000 -0.0058
vn 1.0000 -0.0000 0.0058
vn -0.4603 -0.8010 -0.3828
vn -0.4739 0.8175 0.3273
vn 0.4647 -0.8010 -0.3775
vn 0.4181 -0.4109 -0.8102
vn -0.4410 0.3380 0.8314
vn 0.4208 0.3450 0.8390
vn -0.4392 -0.3653 -0.8208
vn 0.4866 -0.8450 0.2219
vn 0.9099 -0.0000 0.4149
vn 0.4995 0.8287 0.2526
vn -0.4932 0.8308 -0.2580
vn -0.8861 -0.0000 -0.4636
vn -0.4837 -0.8403 -0.2447
vn -0.4999 -0.8660 -0.0127
vn -0.9997 -0.0000 -0.0254
vn -0.4999 0.8660 -0.0127
vn 0.4999 0.8660 0.0127
vn 0.9997 -0.0000 0.0254
vn 0.4999 -0.8660 0.0127
vn 0.3300 0.8175 -0.4720
vn -0.3802 -0.8010 -0.4625
vn -0.8126 -0.4108 -0.4134
vn 0.8366 0.3450 -0.4256
vn -0.3300 0.8175 -0.4720
vn 0.4081 -0.7657 0.4972
vn -0.3366 0.8033 0.4913
vn 0.3802 -0.8010 -0.4625
vn 0.8183 -0.3653 -0.4439
vn -0.8340 0.3380 0.4362
vn -0.8340 0.3380 -0.4362
vn 0.8183 -0.3653 0.4439
vn 0.8340 0.3379 0.4362
vn -0.5000 -0.8660 -0.0000
vn -0.5000 0.8660 -0.0000
vn 0.5000 0.8660 -0.0000
vn 0.5000 -0.8660 -0.0000
vn 0.4720 0.8175 0.3300
vn -0.4625 -0.8010 -0.3802
vn -0.4720 0.8175 0.3300
vn 0.4625 -0.8010 -0.3802
vn 0.4134 -0.4108 -0.8126
vn -0.4362 0.3380 0.8340
vn 0.4256 0.3450 0.8366
vn -0.4439 -0.3653 -0.8183
vn 0.4720 0.8175 -0.3300
vn -0.4972 -0.7657 0.4081
vn -0.4913 0.8033 -0.3366
vn 0.4625 -0.8010 0.3802
vn 0.4439 -0.3653 0.8183
vn -0.4362 0.3380 -0.8340
vn 0.4362 0.3380 -0.8340
vn -0.4439 -0.3653 0.8183
vn -0.4362 0.3379 0.8340
vn -0.1065 0.9943 -0.0000
vn -0.0504 0.9987 -0.0000
vn 0.1065 -0.9943 -0.0000
vn 0.1065 0.9943 -0.0000
vn 0.0504 0.9987 -0.0000
vn -0.1065 -0.9943 -0.0000
vn -0.7071 -0.0000 -0.7071
vn -0.7071 -0.0000 0.7071
vn -0.9830 -0.1836 -0.0000
vn -0.6748 -0.7380 -0.0000
vn -0.0000 -0.1836 -0.9830
vn -0.0000 -0.7380 -0.6749
vn -0.0000 -0.7380 -0.6748
vn -0.0000 -0.1836 0.9830
vn -0.0000 -0.7380 0.6748
vn -0.7064 -0.0000 -0.7078
vn -0.7064 -0.0000 0.7078
vn 0.0178 0.9998 -0.0000
vn 0.0091 0.9999 -0.0091
vn -0.0000 0.9998 0.0178
vn 0.0091 0.9999 0.0091
vn -0.0187 0.9998 -0.0000
vn -0.0000 0.9998 -0.0175
vn -0.0000 0.9998 -0.0178
vn -0.0224 0.9997 -0.0093
vn -0.0090 0.9997 -0.0217
vn 0.3827 -0.0000 0.9239
vn 0.9239 -0.0000 0.3827
vn 0.0240 0.9997 -0.0000
vn 0.0123 0.9998 -0.0123
vn -0.0000 0.9997 0.0241
vn 0.0123 0.9998 0.0123
vn -0.0252 0.9997 -0.0000
vn 0.0001 0.9997 -0.0236
vn -0.0000 0.9997 -0.0236
vn -0.0000 0.9997 -0.0241
vn -0.0302 0.9995 -0.0125
vn -0.0121 0.9995 -0.0292
vn 0.7064 -0.0000 0.7078
vn 0.0027 -0.0000 -1.0000
vn 0.7064 -0.0000 -0.7078
vn 0.7071 -0.0000 -0.7071
vn 0.7071 -0.0000 0.7071
vn 0.9830 -0.1836 -0.0000
vn 0.6748 -0.7380 -0.0000
vn -0.0178 0.9998 -0.0000
vn -0.0091 0.9999 -0.0091
vn -0.0091 0.9999 0.0091
vn 0.0187 0.9998 -0.0000
vn 0.0224 0.9997 -0.0093
vn 0.0090 0.9997 -0.0217
vn -0.3827 -0.0000 0.9239
vn -0.9239 -0.0000 0.3827
vn -0.0240 0.9997 -0.0000
vn -0.0123 0.9998 -0.0123
vn -0.0123 0.9998 0.0123
vn 0.0252 0.9997 -0.0000
vn -0.0001 0.9997 -0.0236
vn 0.0302 0.9995 -0.0125
vn 0.0121 0.9995 -0.0292
vn -0.0027 -0.0000 -1.0000
vn -0.0273 -0.9995 0.0162
vn -0.0018 0.9991 -0.0435
vn 0.0022 1.0000 -0.0035
vn 0.0596 -0.9926 0.1054
vn -0.0362 0.9959 -0.0832
vn 0.0417 -0.9973 0.0609
vn 0.0247 0.9995 -0.0220
vn -0.0000 0.9989 0.0460
vn 0.0394 -0.9963 0.0764
vn -0.0622 0.9947 -0.0822
vn 0.0455 0.9986 -0.0270
vn -0.0369 -0.9988 -0.0314
vn 0.0096 0.9963 -0.0852
vn 0.0439 0.9931 -0.1092
vn -0.0140 -0.9996 0.0229
vn -0.0000 0.9997 0.0225
vn 0.0247 -0.9997 -0.0000
vn 0.0454 0.9937 -0.1020
vn -0.0086 0.9999 -0.0131
vn 0.0060 -1.0000 -0.0000
vn -0.0105 0.9998 -0.0197
vn -0.0167 -0.9995 -0.0273
vn 0.0449 0.9990 -0.0018
vn 0.0038 1.0000 0.0022
vn -0.1054 -0.9926 0.0596
vn 0.0807 0.9961 -0.0362
vn -0.0730 -0.9965 0.0417
vn 0.0264 0.9993 0.0247
vn -0.0491 0.9988 -0.0000
vn -0.0764 -0.9965 0.0346
vn 0.0822 0.9951 -0.0545
vn 0.0270 0.9988 0.0399
vn 0.0314 -0.9988 -0.0369
vn 0.0852 0.9963 0.0096
vn 0.1129 0.9926 0.0439
vn -0.0238 -0.9996 -0.0140
vn -0.0225 0.9997 -0.0000
vn -0.0000 -0.9997 0.0247
vn 0.1020 0.9937 0.0454
vn 0.0131 0.9999 -0.0086
vn -0.0000 -1.0000 0.0057
vn 0.0179 0.9998 -0.0099
vn -0.0098 0.9999 0.0025
vn 0.0194 -0.9994 0.0273
vn -0.0521 0.9986 0.0018
vn -0.0622 0.9979 0.0158
vn 0.0898 -0.9942 -0.0597
vn -0.0507 0.9986 0.0129
vn 0.0753 -0.9963 -0.0417
vn -0.0272 0.9993 -0.0247
vn 0.1115 0.9933 0.0298
vn 0.0764 -0.9965 -0.0346
vn -0.0822 0.9951 0.0545
vn -0.0000 0.9997 -0.0228
vn -0.0314 -0.9988 0.0369
vn -0.0852 0.9963 -0.0096
vn -0.2908 0.9546 -0.0649
vn 0.0245 -0.9996 0.0140
vn 0.0506 0.9985 -0.0210
vn -0.0000 -0.9997 -0.0247
vn -0.1020 0.9937 -0.0454
vn 0.0672 0.9977 0.0013
vn -0.0000 -1.0000 -0.0058
vn -0.0180 0.9998 0.0100
vn 0.0273 -0.9995 -0.0170
vn 0.0018 0.9990 0.0456
vn -0.0022 1.0000 0.0037
vn -0.0596 -0.9926 -0.1054
vn 0.0281 0.9961 0.0832
vn -0.0514 -0.9980 -0.0368
vn -0.0303 0.9995 0.0133
vn 0.0816 -0.9967 0.0020
vn -0.0213 0.9990 0.0396
vn -0.0444 0.9974 0.0571
vn 0.0140 -0.9996 -0.0245
vn -0.0000 0.9998 -0.0204
vn -0.0247 -0.9997 -0.0000
vn -0.0454 0.9937 0.1020
vn 0.0086 0.9999 0.0123
vn -0.0058 -1.0000 -0.0000
vn 0.0100 0.9998 0.0199
vn -0.0212 0.9961 0.0852
vn -0.0346 -0.9993 0.0162
vn -0.0023 0.9991 -0.0435
vn 0.0026 1.0000 -0.0035
vn -0.0273 -0.9993 -0.0273
vn 0.0188 0.9921 0.1239
vn -0.0056 -0.9999 0.0147
vn -0.0233 0.9974 -0.0688
vn -0.0360 0.9895 0.1398
vn -0.0348 -0.9990 0.0277
vn -0.0023 0.9995 0.0317
vn -0.0000 0.9970 -0.0776
vn -0.0526 -0.9982 -0.0273
vn 0.0363 0.9916 0.1238
vn 0.0096 1.0000 -0.0000
vn -0.0000 0.9977 0.0685
vn 0.0283 -0.9981 -0.0546
vn -0.1284 0.9910 0.0376
vn 0.0381 -0.9974 0.0609
vn 0.0225 0.9995 -0.0220
vn 0.0008 0.9989 0.0465
vn -0.0140 -0.9996 -0.0229
vn -0.0000 0.9997 -0.0225
vn 0.0227 -0.9997 -0.0000
vn -0.0021 0.9998 0.0187
vn -0.0686 0.9942 0.0830
vn -0.0000 -0.9999 -0.0160
vn -0.0826 0.9932 0.0821
vn 0.0226 0.9997 -0.0000
vn -0.1548 0.9846 0.0814
vn 0.0279 0.9996 -0.0000
vn -0.0023 0.9998 0.0187
vn -0.1386 0.9869 0.0824
vn 0.9991 -0.0000 0.0426
vn -0.9991 -0.0000 0.0426
vn 0.3366 0.8033 0.4913
vn -0.3801 -0.8010 -0.4625
vn -0.4081 -0.7657 0.4972
vn -0.8126 -0.4108 0.4134
vn 0.8366 0.3450 0.4256
vn -0.1450 -0.8569 -0.4947
vn -0.1457 0.8579 -0.4927
vn 0.1482 0.8582 0.4914
vn 0.1463 -0.8567 0.4946
vn 0.4894 0.8033 0.3395
vn -0.4949 -0.7657 -0.4110
vn -0.4933 0.8033 0.3338
vn 0.4996 -0.7656 -0.4052
vn 0.4486 -0.3653 -0.8157
vn -0.4304 0.3450 0.8341
vn 0.4314 0.3380 0.8365
vn -0.4087 -0.4109 -0.8150
vn 0.4995 -0.8287 0.2526
vn 0.9099 -0.0000 0.4148
vn 0.4866 0.8450 0.2219
vn -0.4837 0.8403 -0.2447
vn -0.8860 -0.0000 -0.4636
vn -0.4932 -0.8308 -0.2580
vn -0.3366 0.8033 -0.4913
vn 0.3802 -0.8010 0.4625
vn -0.3300 0.8175 0.4720
vn 0.4081 -0.7657 -0.4972
vn 0.8126 -0.4108 -0.4134
vn -0.8366 0.3450 0.4256
vn -0.8366 0.3450 -0.4256
vn 0.8126 -0.4108 0.4134
vn 0.4913 0.8033 0.3366
vn -0.4972 -0.7657 -0.4081
vn -0.4913 0.8033 0.3366
vn 0.4972 -0.7657 -0.4081
vn 0.4439 -0.3653 -0.8183
vn -0.4256 0.3450 0.8366
vn 0.4362 0.3380 0.8340
vn -0.4134 -0.4108 -0.8126
vn 0.4913 0.8033 -0.3366
vn -0.4625 -0.8010 0.3802
vn -0.4720 0.8175 -0.3300
vn 0.4972 -0.7657 0.4081
vn 0.4134 -0.4108 0.8126
vn -0.4256 0.3450 -0.8366
vn 0.4256 0.3450 -0.8366
vn -0.4134 -0.4108 0.8126
vn 0.4996 -0.7657 -0.4052
vn -0.0000 -0.7380 0.6749
vn -0.0101 -0.9999 -0.0088
vn 0.0189 0.9971 -0.0736
vn -0.0056 -0.9999 -0.0087
vn -0.0233 0.9989 0.0408
vn 0.0181 0.9998 0.0118
vn 0.0004 0.9989 0.0467
vn -0.0000 -0.9999 0.0160
vn -0.0087 1.0000 -0.0000
vn -0.0348 -0.9990 -0.0277
vn -0.0000 0.9977 -0.0685
vn 0.0008 0.9989 -0.0465
vn 0.0115 -0.9998 -0.0188
vn 0.0232 0.9977 0.0631
vn 0.0394 -0.9989 -0.0258
vn -0.0023 0.9998 -0.0187
vn 0.0051 0.9999 0.0109
vn 0.0075 -1.0000 -0.0027
vn 0.0091 -0.9999 -0.0101
vn 0.0761 0.9969 0.0189
vn 0.0087 -0.9999 -0.0056
vn -0.0408 0.9989 -0.0233
vn -0.0115 0.9998 0.0181
vn -0.0000 1.0000 0.0096
vn -0.0499 0.9988 0.0004
vn -0.0160 -0.9999 -0.0000
vn -0.0000 1.0000 -0.0076
vn -0.0000 0.9997 0.0245
vn 0.0277 -0.9990 -0.0348
vn 0.0685 0.9977 -0.0000
vn 0.0481 0.9988 0.0008
vn 0.0195 -0.9997 0.0115
vn -0.0631 0.9977 0.0232
vn 0.0258 -0.9989 0.0394
vn 0.0187 0.9998 -0.0023
vn -0.0109 0.9999 0.0051
vn 0.0025 -1.0000 0.0071
vn -0.0106 -0.9999 0.0101
vn -0.0881 0.9959 -0.0189
vn -0.0074 -1.0000 0.0056
vn 0.0347 0.9991 0.0233
vn 0.0710 0.9973 -0.0181
vn -0.0000 1.0000 -0.0096
vn -0.0076 1.0000 -0.0004
vn 0.0160 -0.9999 -0.0000
vn -0.0000 1.0000 0.0076
vn 0.0047 0.9997 -0.0245
vn -0.0277 -0.9990 0.0348
vn -0.0685 0.9976 -0.0000
vn -0.0404 0.9992 -0.0008
vn -0.0201 -0.9997 -0.0115
vn 0.0593 0.9980 -0.0232
vn -0.0258 -0.9989 -0.0394
vn -0.0187 0.9998 0.0023
vn 0.0923 0.9957 -0.0051
vn -0.0025 -1.0000 -0.0072
vn 0.0101 -0.9999 0.0093
vn -0.0189 0.9968 0.0773
vn 0.0056 -0.9999 0.0087
vn 0.0233 0.9989 -0.0408
vn -0.0140 0.9998 -0.0118
vn -0.0118 0.9999 -0.0000
vn 0.0769 -0.9970 0.0003
vn -0.0000 0.9995 0.0319
vn -0.0008 0.9998 -0.0187
vn -0.0115 -0.9997 0.0201
vn -0.0232 0.9981 -0.0571
vn -0.0394 -0.9989 0.0258
vn 0.0023 0.9998 0.0187
vn -0.0051 0.9999 -0.0102
vn -0.0071 -1.0000 0.0028
vn -0.0000 0.9976 0.0685
vn -0.0129 -0.9999 -0.0088
vn 0.0240 0.9970 -0.0736
vn -0.0101 -0.9998 0.0149
vn -0.0018 0.9973 0.0734
vn 0.0022 1.0000 0.0060
vn 0.0590 -0.9825 -0.1764
vn 0.0181 0.9996 -0.0200
vn -0.0369 -0.9988 0.0314
vn 0.0393 -0.9983 0.0436
vn 0.0449 0.9843 0.1709
vn 0.0008 0.9969 -0.0788
vn -0.0196 -0.9997 0.0149
vn -0.0035 0.9973 0.0734
vn 0.0416 -0.9938 -0.1027
vn 0.0246 0.9990 0.0372
vn 0.0004 0.9969 -0.0788
vn 0.0096 0.9963 0.0852
vn -0.0155 -0.9997 -0.0203
vn -0.0761 0.9971 -0.0037
vn 0.0088 1.0000 -0.0000
vn 0.0439 0.9931 0.1092
vn 0.0115 -0.9998 0.0188
vn 0.0232 0.9977 -0.0631
vn 0.0363 -0.9990 0.0258
vn 0.0418 0.9939 0.1021
vn 0.0343 0.9993 -0.0118
vn 0.0524 -0.9957 -0.0764
vn -0.0115 0.9999 -0.0000
vn 0.0369 0.9990 0.0270
vn 0.0987 -0.9922 -0.0761
vn -0.0218 0.9998 -0.0000
vn 0.0455 0.9986 0.0270
vn 0.0394 -0.9989 0.0258
vn 0.0454 0.9937 0.1020
vn 0.0698 0.9975 -0.0118
vt 0.091587 0.183434
vt 0.089736 0.186220
vt 0.089736 0.183434
vt 0.191452 0.195796
vt 0.189601 0.197695
vt 0.189601 0.195795
vt 0.164381 0.186279
vt 0.166232 0.183494
vt 0.166232 0.186279
vt 0.123992 0.195444
vt 0.122141 0.197343
vt 0.122141 0.195444
vt 0.095138 0.183339
vt 0.093286 0.186685
vt 0.093286 0.183339
vt 0.103778 0.180274
vt 0.103778 0.183059
vt 0.101706 0.179994
vt 0.646853 0.695476
vt 0.647429 0.696233
vt 0.646848 0.696233
vt 0.704934 0.637136
vt 0.705515 0.637892
vt 0.704934 0.637892
vt 0.704934 0.636380
vt 0.705515 0.637136
vt 0.675565 0.706256
vt 0.676147 0.707013
vt 0.675566 0.707013
vt 0.675566 0.705500
vt 0.676146 0.706256
vt 0.558233 0.710916
vt 0.558813 0.711673
vt 0.558233 0.711673
vt 0.560818 0.711135
vt 0.560240 0.712533
vt 0.558842 0.711954
vt 0.558233 0.710160
vt 0.558813 0.710916
vt 0.647433 0.696988
vt 0.646853 0.696988
vt 0.680203 0.712082
vt 0.678806 0.712661
vt 0.678227 0.711263
vt 0.091587 0.186500
vt 0.091587 0.186220
vt 0.089736 0.183155
vt 0.095402 0.182972
vt 0.095402 0.180187
vt 0.097475 0.183252
vt 0.194994 0.195670
vt 0.193143 0.197569
vt 0.193143 0.195670
vt 0.187080 0.195650
vt 0.185229 0.197549
vt 0.185229 0.195650
vt 0.171785 0.183214
vt 0.169934 0.186559
vt 0.169934 0.183214
vt 0.101706 0.180274
vt 0.101706 0.183059
vt 0.099633 0.179994
vt 0.578803 0.702612
vt 0.579379 0.703370
vt 0.578799 0.703370
vt 0.619298 0.706556
vt 0.619878 0.707312
vt 0.619298 0.707312
vt 0.619298 0.705800
vt 0.619878 0.706556
vt 0.702587 0.659807
vt 0.703169 0.660564
vt 0.702588 0.660564
vt 0.702588 0.659051
vt 0.703168 0.659807
vt 0.707471 0.684453
vt 0.706890 0.683697
vt 0.707471 0.683697
vt 0.528984 0.712436
vt 0.527587 0.711857
vt 0.528165 0.710460
vt 0.707471 0.685210
vt 0.706890 0.684453
vt 0.579384 0.704125
vt 0.578803 0.704125
vt 0.675012 0.710538
vt 0.675591 0.711935
vt 0.674193 0.712514
vt 0.164381 0.183214
vt 0.164381 0.183494
vt 0.166232 0.186559
vt 0.160621 0.185155
vt 0.160621 0.182370
vt 0.162694 0.185435
vt 0.318731 0.933350
vt 0.320240 0.914744
vt 0.320512 0.914770
vt 0.394364 0.921993
vt 0.393626 0.903340
vt 0.393942 0.903333
vt 0.310414 0.915619
vt 0.312677 0.934149
vt 0.312405 0.934178
vt 0.310686 0.915590
vt 0.312949 0.934120
vt 0.394147 0.882636
vt 0.394033 0.901303
vt 0.393718 0.901296
vt 0.319003 0.933376
vt 0.320784 0.914796
vt 0.312742 0.934755
vt 0.393832 0.902816
vt 0.394094 0.902992
vt 0.393923 0.901820
vt 0.320272 0.914408
vt 0.320536 0.914524
vt 0.312460 0.934694
vt 0.320817 0.914460
vt 0.349269 0.933936
vt 0.349426 0.934213
vt 0.349141 0.934211
vt 0.394186 0.901644
vt 0.394462 0.902056
vt 0.400068 0.901845
vt 0.400341 0.902387
vt 0.400068 0.902517
vt 0.399794 0.902388
vt 0.394370 0.902580
vt 0.349426 0.933666
vt 0.349141 0.933664
vt 0.318564 0.933873
vt 0.318809 0.933752
vt 0.394061 0.922538
vt 0.394377 0.922531
vt 0.310513 0.915068
vt 0.310760 0.915187
vt 0.310958 0.915561
vt 0.394468 0.882395
vt 0.394152 0.882388
vt 0.319054 0.933630
vt 0.313004 0.914669
vt 0.312430 0.915010
vt 0.312399 0.914738
vt 0.310003 0.933792
vt 0.309811 0.934283
vt 0.309693 0.933734
vt 0.408350 0.879866
vt 0.408564 0.880348
vt 0.408256 0.880420
vt 0.320453 0.934183
vt 0.320761 0.934489
vt 0.320426 0.934455
vt 0.312368 0.914466
vt 0.320817 0.933945
vt 0.320481 0.933911
vt 0.398952 0.902305
vt 0.399109 0.902033
vt 0.399108 0.902305
vt 0.408829 0.879524
vt 0.408643 0.879983
vt 0.339412 0.941518
vt 0.339139 0.942059
vt 0.339139 0.941388
vt 0.338865 0.941517
vt 0.338865 0.942059
vt 0.310098 0.934153
vt 0.310304 0.934604
vt 0.394964 0.902098
vt 0.394964 0.902404
vt 0.394716 0.902531
vt 0.399109 0.902580
vt 0.398823 0.902579
vt 0.319262 0.934038
vt 0.319289 0.933766
vt 0.408836 0.881517
vt 0.408584 0.881830
vt 0.408528 0.881589
vt 0.311209 0.914896
vt 0.311006 0.915306
vt 0.311178 0.914624
vt 0.309914 0.932555
vt 0.310355 0.931922
vt 0.310224 0.932613
vt 0.319234 0.934310
vt 0.397957 0.902917
vt 0.397684 0.904964
vt 0.397684 0.902917
vt 0.395127 0.919080
vt 0.395443 0.917033
vt 0.395443 0.919080
vt 0.397298 0.898754
vt 0.397025 0.896707
vt 0.397298 0.896707
vt 0.396751 0.898754
vt 0.397025 0.898754
vt 0.395583 0.938748
vt 0.395899 0.936702
vt 0.395899 0.938748
vt 0.397410 0.904964
vt 0.397410 0.902917
vt 0.397025 0.899363
vt 0.395344 0.919598
vt 0.395682 0.939267
vt 0.397957 0.902580
vt 0.397410 0.902580
vt 0.367463 0.942100
vt 0.367620 0.941829
vt 0.367619 0.942101
vt 0.395138 0.939491
vt 0.395423 0.939086
vt 0.399411 0.894657
vt 0.399685 0.894113
vt 0.399685 0.894786
vt 0.399958 0.894656
vt 0.399958 0.894113
vt 0.395603 0.919417
vt 0.395888 0.919823
vt 0.367620 0.942376
vt 0.367334 0.942375
vt 0.397957 0.918674
vt 0.397684 0.918674
vt 0.395127 0.903323
vt 0.395443 0.903323
vt 0.397025 0.882997
vt 0.397298 0.882997
vt 0.396751 0.882997
vt 0.395583 0.922992
vt 0.395899 0.922992
vt 0.397410 0.918674
vt 0.397025 0.882388
vt 0.395344 0.902804
vt 0.395603 0.902986
vt 0.395682 0.922473
vt 0.397957 0.919011
vt 0.397684 0.918921
vt 0.397298 0.882478
vt 0.397410 0.919011
vt 0.401508 0.894516
vt 0.401664 0.894789
vt 0.401379 0.894789
vt 0.395423 0.922654
vt 0.395138 0.922249
vt 0.318187 0.934188
vt 0.317912 0.933644
vt 0.318188 0.933516
vt 0.318459 0.933647
vt 0.395888 0.902580
vt 0.401664 0.894242
vt 0.401379 0.894242
vt 0.397845 0.882725
vt 0.397572 0.884771
vt 0.397572 0.882725
vt 0.394468 0.898887
vt 0.394784 0.896841
vt 0.394784 0.898887
vt 0.393423 0.938904
vt 0.393149 0.936857
vt 0.393423 0.936857
vt 0.392876 0.938904
vt 0.393149 0.938904
vt 0.394693 0.922992
vt 0.394377 0.925038
vt 0.394377 0.922992
vt 0.397298 0.884771
vt 0.397298 0.882725
vt 0.393149 0.939513
vt 0.394685 0.899406
vt 0.394594 0.922473
vt 0.397845 0.882388
vt 0.397298 0.882388
vt 0.398380 0.902303
vt 0.398537 0.902033
vt 0.398537 0.902304
vt 0.394853 0.922654
vt 0.370137 0.942122
vt 0.370411 0.941579
vt 0.370411 0.942252
vt 0.370684 0.942122
vt 0.370684 0.941578
vt 0.394944 0.899225
vt 0.395229 0.899630
vt 0.398537 0.902580
vt 0.398252 0.902578
vt 0.397845 0.898482
vt 0.397572 0.898482
vt 0.394468 0.883130
vt 0.394784 0.883130
vt 0.393149 0.923147
vt 0.393423 0.923147
vt 0.392876 0.936857
vt 0.392876 0.923147
vt 0.394693 0.938748
vt 0.394377 0.938748
vt 0.397298 0.898482
vt 0.393149 0.922538
vt 0.394685 0.882612
vt 0.394944 0.882793
vt 0.394594 0.939267
vt 0.397845 0.898819
vt 0.397572 0.898728
vt 0.393423 0.922629
vt 0.397298 0.898819
vt 0.400662 0.894386
vt 0.400505 0.894113
vt 0.400791 0.894113
vt 0.394853 0.939086
vt 0.316726 0.941343
vt 0.316450 0.940799
vt 0.316726 0.940671
vt 0.316997 0.940802
vt 0.395229 0.882388
vt 0.400505 0.894660
vt 0.400791 0.894660
vt 0.398505 0.914101
vt 0.398778 0.912055
vt 0.398778 0.914101
vt 0.397421 0.922992
vt 0.397105 0.925038
vt 0.397105 0.922992
vt 0.397894 0.922858
vt 0.398167 0.924905
vt 0.397894 0.924905
vt 0.398441 0.922858
vt 0.398167 0.922858
vt 0.395545 0.883130
vt 0.395229 0.885177
vt 0.395229 0.883130
vt 0.399052 0.912055
vt 0.399052 0.914101
vt 0.398167 0.922249
vt 0.397204 0.922473
vt 0.395446 0.882612
vt 0.398504 0.914439
vt 0.399051 0.914439
vt 0.399524 0.902305
vt 0.399681 0.902032
vt 0.399680 0.902305
vt 0.395990 0.882388
vt 0.395705 0.882793
vt 0.342108 0.945018
vt 0.341834 0.945560
vt 0.341834 0.944889
vt 0.341561 0.945018
vt 0.341561 0.945561
vt 0.396945 0.922654
vt 0.396660 0.922249
vt 0.399681 0.902579
vt 0.399395 0.902579
vt 0.398505 0.902917
vt 0.398778 0.902917
vt 0.397421 0.934174
vt 0.397105 0.934174
vt 0.398167 0.934042
vt 0.397894 0.934042
vt 0.398441 0.924905
vt 0.398441 0.934042
vt 0.395545 0.894314
vt 0.395229 0.894314
vt 0.399052 0.902917
vt 0.398167 0.934651
vt 0.397204 0.934693
vt 0.396945 0.934512
vt 0.395446 0.894833
vt 0.398504 0.902580
vt 0.398778 0.902671
vt 0.397894 0.934561
vt 0.399051 0.902580
vt 0.377210 0.943671
vt 0.377367 0.943945
vt 0.377081 0.943944
vt 0.395705 0.894652
vt 0.395990 0.895057
vt 0.401161 0.901845
vt 0.401435 0.902387
vt 0.401161 0.902516
vt 0.400888 0.902386
vt 0.396660 0.934917
vt 0.377367 0.943398
vt 0.377081 0.943397
vt 0.398988 0.922586
vt 0.398714 0.924633
vt 0.398714 0.922586
vt 0.397410 0.903323
vt 0.397095 0.905369
vt 0.397095 0.903323
vt 0.398504 0.914373
vt 0.398231 0.912327
vt 0.398504 0.912327
vt 0.397957 0.914373
vt 0.398231 0.914373
vt 0.394061 0.934465
vt 0.394377 0.932418
vt 0.394377 0.934465
vt 0.398441 0.924633
vt 0.398441 0.922586
vt 0.398231 0.914983
vt 0.397193 0.902804
vt 0.394159 0.934983
vt 0.398988 0.922249
vt 0.398441 0.922249
vt 0.399266 0.902306
vt 0.399109 0.902579
vt 0.399110 0.902306
vt 0.393616 0.935208
vt 0.393901 0.934802
vt 0.401982 0.901974
vt 0.401709 0.902516
vt 0.401709 0.901844
vt 0.401435 0.901974
vt 0.401435 0.902516
vt 0.396934 0.902985
vt 0.396649 0.902580
vt 0.399109 0.902032
vt 0.399395 0.902032
vt 0.398988 0.933770
vt 0.398714 0.933770
vt 0.397410 0.914506
vt 0.397095 0.914506
vt 0.398231 0.903189
vt 0.398504 0.903189
vt 0.397957 0.912327
vt 0.397957 0.903189
vt 0.394061 0.923281
vt 0.394377 0.923281
vt 0.398441 0.933770
vt 0.398231 0.902580
vt 0.397193 0.915024
vt 0.396934 0.914843
vt 0.394159 0.922762
vt 0.398988 0.934107
vt 0.398714 0.934017
vt 0.398504 0.902671
vt 0.398441 0.934107
vt 0.312235 0.944081
vt 0.312393 0.944354
vt 0.312107 0.944354
vt 0.393901 0.922943
vt 0.393616 0.922538
vt 0.358111 0.944031
vt 0.358385 0.944573
vt 0.358111 0.944702
vt 0.357838 0.944572
vt 0.396649 0.915248
vt 0.312393 0.943807
vt 0.312107 0.943807
vt 0.138527 0.183192
vt 0.136675 0.185977
vt 0.136675 0.183192
vt 0.101233 0.195715
vt 0.099382 0.197614
vt 0.099382 0.195715
vt 0.172027 0.186219
vt 0.173878 0.183434
vt 0.173878 0.186219
vt 0.175780 0.197551
vt 0.177631 0.195652
vt 0.177631 0.197551
vt 0.099326 0.183252
vt 0.097475 0.186597
vt 0.126132 0.185232
vt 0.126132 0.182447
vt 0.128204 0.185512
vt 0.635420 0.701496
vt 0.635996 0.702253
vt 0.635415 0.702253
vt 0.673033 0.706678
vt 0.673614 0.707434
vt 0.673033 0.707434
vt 0.673033 0.705922
vt 0.673614 0.706678
vt 0.673033 0.705165
vt 0.673615 0.705922
vt 0.673034 0.705922
vt 0.673034 0.704410
vt 0.673614 0.705165
vt 0.630117 0.711143
vt 0.629536 0.710386
vt 0.630117 0.710386
vt 0.560867 0.711094
vt 0.562265 0.710515
vt 0.562843 0.711912
vt 0.630117 0.711899
vt 0.629536 0.711143
vt 0.636001 0.703008
vt 0.635420 0.703008
vt 0.572468 0.711218
vt 0.573866 0.710639
vt 0.574444 0.712037
vt 0.138526 0.186258
vt 0.138527 0.185977
vt 0.136675 0.182912
vt 0.126132 0.182447
vt 0.124059 0.182167
vt 0.187672 0.197597
vt 0.189523 0.195698
vt 0.189523 0.197597
vt 0.103129 0.195488
vt 0.101278 0.197387
vt 0.101278 0.195488
vt 0.168083 0.183214
vt 0.166232 0.183214
vt 0.093286 0.183059
vt 0.093286 0.180274
vt 0.095359 0.183339
vt 0.612019 0.694108
vt 0.612595 0.694865
vt 0.612014 0.694865
vt 0.578829 0.706703
vt 0.579410 0.707459
vt 0.578829 0.707459
vt 0.578829 0.705947
vt 0.579410 0.706703
vt 0.619298 0.705043
vt 0.619879 0.705800
vt 0.619298 0.705800
vt 0.619298 0.704288
vt 0.619878 0.705043
vt 0.635401 0.710573
vt 0.635981 0.711329
vt 0.635400 0.711329
vt 0.587234 0.712459
vt 0.586655 0.711062
vt 0.588053 0.710483
vt 0.635400 0.709817
vt 0.635981 0.710573
vt 0.612599 0.695620
vt 0.612019 0.695620
vt 0.666188 0.712009
vt 0.664791 0.712588
vt 0.664212 0.711190
vt 0.172027 0.183154
vt 0.172027 0.183434
vt 0.173878 0.186499
vt 0.080548 0.185418
vt 0.080548 0.182632
vt 0.082621 0.185698
vt 0.385931 0.933349
vt 0.387440 0.914743
vt 0.387712 0.914769
vt 0.393613 0.921993
vt 0.392876 0.903340
vt 0.393192 0.903333
vt 0.292528 0.914101
vt 0.294791 0.932631
vt 0.294519 0.932660
vt 0.292800 0.914072
vt 0.295063 0.932602
vt 0.394806 0.902828
vt 0.394692 0.921496
vt 0.394377 0.921488
vt 0.386204 0.933375
vt 0.387985 0.914795
vt 0.294856 0.933237
vt 0.393081 0.902816
vt 0.393344 0.902992
vt 0.394582 0.922012
vt 0.387472 0.914407
vt 0.387736 0.914523
vt 0.294575 0.933176
vt 0.388017 0.914459
vt 0.385405 0.933919
vt 0.385248 0.933642
vt 0.385534 0.933644
vt 0.394845 0.921837
vt 0.395121 0.922249
vt 0.400615 0.901845
vt 0.400888 0.902387
vt 0.400615 0.902517
vt 0.400341 0.902388
vt 0.393620 0.902580
vt 0.385248 0.934189
vt 0.385534 0.934191
vt 0.385764 0.933873
vt 0.386009 0.933751
vt 0.393311 0.922538
vt 0.393626 0.922531
vt 0.292628 0.913550
vt 0.292874 0.913669
vt 0.293072 0.914043
vt 0.395127 0.902587
vt 0.394811 0.902580
vt 0.386254 0.933629
vt 0.295119 0.913151
vt 0.294544 0.913491
vt 0.294513 0.913219
vt 0.395547 0.945731
vt 0.395355 0.946223
vt 0.395237 0.945673
vt 0.408484 0.918133
vt 0.408698 0.918616
vt 0.408390 0.918688
vt 0.387653 0.934182
vt 0.387961 0.934488
vt 0.387626 0.934454
vt 0.294482 0.912948
vt 0.388017 0.933944
vt 0.387681 0.933910
vt 0.398666 0.902305
vt 0.398823 0.902033
vt 0.398822 0.902305
vt 0.408963 0.917791
vt 0.408777 0.918251
vt 0.397298 0.899362
vt 0.397571 0.898820
vt 0.397571 0.899492
vt 0.397845 0.899363
vt 0.397845 0.898821
vt 0.395642 0.946092
vt 0.395848 0.946543
vt 0.395460 0.902098
vt 0.395460 0.902404
vt 0.395212 0.902531
vt 0.398823 0.902580
vt 0.398537 0.902579
vt 0.386462 0.934037
vt 0.386490 0.933765
vt 0.408970 0.919785
vt 0.408718 0.920098
vt 0.408662 0.919856
vt 0.293323 0.913378
vt 0.293120 0.913788
vt 0.293293 0.913106
vt 0.395458 0.944494
vt 0.395899 0.943862
vt 0.395768 0.944552
vt 0.386434 0.934309
vt 0.399535 0.922586
vt 0.399261 0.924633
vt 0.399261 0.922586
vt 0.331720 0.927892
vt 0.331405 0.929939
vt 0.331405 0.927892
vt 0.398317 0.882997
vt 0.398591 0.885043
vt 0.398317 0.885043
vt 0.398864 0.882997
vt 0.398591 0.882997
vt 0.396306 0.883130
vt 0.395990 0.885177
vt 0.395990 0.883130
vt 0.398988 0.924633
vt 0.398988 0.922586
vt 0.398591 0.882388
vt 0.331503 0.927374
vt 0.396208 0.882612
vt 0.399535 0.922249
vt 0.388146 0.937445
vt 0.388302 0.937175
vt 0.388302 0.937447
vt 0.396751 0.882388
vt 0.396466 0.882793
vt 0.399958 0.894657
vt 0.400232 0.894113
vt 0.400232 0.894786
vt 0.400505 0.894656
vt 0.400505 0.894113
vt 0.331245 0.927555
vt 0.330959 0.927149
vt 0.388302 0.937722
vt 0.388017 0.937720
vt 0.399535 0.933770
vt 0.399261 0.933770
vt 0.331720 0.939076
vt 0.331405 0.939076
vt 0.398591 0.894181
vt 0.398317 0.894181
vt 0.398864 0.885043
vt 0.398864 0.894181
vt 0.396306 0.894314
vt 0.395990 0.894314
vt 0.398988 0.933770
vt 0.398591 0.894790
vt 0.331503 0.939595
vt 0.331245 0.939414
vt 0.396208 0.894833
vt 0.399535 0.934107
vt 0.399261 0.934017
vt 0.398317 0.894699
vt 0.398988 0.934107
vt 0.401249 0.894515
vt 0.401093 0.894242
vt 0.401379 0.894242
vt 0.396466 0.894652
vt 0.396751 0.895057
vt 0.393147 0.939515
vt 0.393423 0.940060
vt 0.393147 0.940188
vt 0.392876 0.940056
vt 0.330959 0.939819
vt 0.401093 0.894789
vt 0.401379 0.894789
vt 0.398864 0.893909
vt 0.399138 0.891862
vt 0.399138 0.893909
vt 0.395888 0.914507
vt 0.396204 0.912460
vt 0.396204 0.914507
vt 0.342108 0.941999
vt 0.341834 0.939953
vt 0.342108 0.939953
vt 0.341561 0.941999
vt 0.341834 0.941999
vt 0.396215 0.922992
vt 0.395899 0.925038
vt 0.395899 0.922992
vt 0.399411 0.891862
vt 0.399411 0.893909
vt 0.341834 0.942609
vt 0.396105 0.915026
vt 0.396116 0.922473
vt 0.398864 0.894246
vt 0.399411 0.894246
vt 0.365153 0.939272
vt 0.365309 0.939001
vt 0.365309 0.939273
vt 0.396375 0.922654
vt 0.308864 0.941799
vt 0.308591 0.942343
vt 0.308590 0.941670
vt 0.308317 0.941800
vt 0.308317 0.942343
vt 0.396364 0.914844
vt 0.396649 0.915250
vt 0.365309 0.939548
vt 0.365024 0.939546
vt 0.398864 0.882725
vt 0.399138 0.882725
vt 0.395888 0.903323
vt 0.396204 0.903323
vt 0.341834 0.930816
vt 0.342108 0.930816
vt 0.341561 0.930816
vt 0.396215 0.934176
vt 0.395899 0.934176
vt 0.399411 0.882725
vt 0.341834 0.930206
vt 0.396105 0.902804
vt 0.396364 0.902986
vt 0.396116 0.934694
vt 0.398864 0.882388
vt 0.399138 0.882478
vt 0.342108 0.930297
vt 0.399411 0.882388
vt 0.400964 0.894515
vt 0.400808 0.894242
vt 0.401093 0.894242
vt 0.396375 0.934513
vt 0.396660 0.934919
vt 0.316179 0.941343
vt 0.315904 0.940799
vt 0.316179 0.940671
vt 0.316450 0.940802
vt 0.400808 0.894789
vt 0.401093 0.894789
vt 0.173878 0.186219
vt 0.175729 0.183434
vt 0.175729 0.186219
vt 0.196845 0.195670
vt 0.194994 0.197569
vt 0.194994 0.195670
vt 0.113145 0.183033
vt 0.111293 0.185818
vt 0.111293 0.183033
vt 0.080501 0.195548
vt 0.078650 0.197447
vt 0.078650 0.195548
vt 0.168083 0.186559
vt 0.169934 0.183214
vt 0.169934 0.186559
vt 0.083720 0.185032
vt 0.083720 0.182247
vt 0.085792 0.185312
vt 0.612595 0.696378
vt 0.612014 0.696378
vt 0.619359 0.708486
vt 0.619940 0.709242
vt 0.619360 0.709242
vt 0.619360 0.707729
vt 0.619940 0.708486
vt 0.578799 0.704880
vt 0.579380 0.705637
vt 0.578799 0.705637
vt 0.578799 0.704125
vt 0.579379 0.704880
vt 0.708059 0.663668
vt 0.708640 0.664424
vt 0.708059 0.664424
vt 0.537861 0.711870
vt 0.538440 0.710472
vt 0.539837 0.711051
vt 0.708059 0.662911
vt 0.708640 0.663668
vt 0.612599 0.697133
vt 0.612019 0.697133
vt 0.676732 0.712514
vt 0.676153 0.711116
vt 0.677550 0.710538
vt 0.173878 0.183154
vt 0.173878 0.183434
vt 0.175729 0.186499
vt 0.113315 0.185299
vt 0.113315 0.182514
vt 0.115388 0.185579
vt 0.164262 0.195655
vt 0.162411 0.197554
vt 0.162411 0.195655
vt 0.179527 0.195652
vt 0.177676 0.197551
vt 0.177676 0.195652
vt 0.095402 0.186597
vt 0.097253 0.183252
vt 0.097253 0.186597
vt 0.099547 0.180187
vt 0.099547 0.182972
vt 0.097475 0.179907
vt 0.661523 0.697838
vt 0.662099 0.698596
vt 0.661519 0.698596
vt 0.635375 0.707946
vt 0.635956 0.708702
vt 0.635375 0.708702
vt 0.635375 0.707189
vt 0.635955 0.707946
vt 0.673615 0.703654
vt 0.673033 0.702897
vt 0.673614 0.702897
vt 0.673614 0.704410
vt 0.673034 0.703654
vt 0.673589 0.711177
vt 0.673009 0.710421
vt 0.673590 0.710421
vt 0.704119 0.711107
vt 0.705516 0.710528
vt 0.706095 0.711925
vt 0.673590 0.711933
vt 0.673009 0.711177
vt 0.662104 0.699351
vt 0.661523 0.699351
vt 0.691818 0.711261
vt 0.691240 0.712659
vt 0.689842 0.712080
vt 0.113144 0.186098
vt 0.113145 0.185818
vt 0.111293 0.182753
vt 0.158549 0.185155
vt 0.158549 0.182370
vt 0.160621 0.185435
vt 0.378609 0.950930
vt 0.377265 0.949586
vt 0.378609 0.949586
vt 0.375454 0.950332
vt 0.376798 0.951676
vt 0.375454 0.951676
vt 0.282779 0.947090
vt 0.284122 0.944739
vt 0.284122 0.947090
vt 0.292528 0.942675
vt 0.293872 0.945026
vt 0.292528 0.945026
vt 0.335328 0.945134
vt 0.333985 0.942783
vt 0.335328 0.942783
vt 0.388182 0.950927
vt 0.389526 0.949584
vt 0.389526 0.950927
vt 0.407648 0.843359
vt 0.406305 0.844702
vt 0.406305 0.843359
vt 0.276062 0.947090
vt 0.277405 0.944739
vt 0.277405 0.947090
vt 0.335521 0.942518
vt 0.336865 0.944869
vt 0.335521 0.944869
vt 0.402385 0.833456
vt 0.401042 0.831105
vt 0.402385 0.831105
vt 0.403873 0.950942
vt 0.405216 0.949599
vt 0.405216 0.950942
vt 0.355248 0.951703
vt 0.353905 0.950359
vt 0.355248 0.950359
vt 0.355248 0.944325
vt 0.353905 0.946676
vt 0.353905 0.944325
vt 0.325216 0.945277
vt 0.323873 0.942925
vt 0.325216 0.942925
vt 0.400806 0.907282
vt 0.402150 0.909634
vt 0.400806 0.909634
vt 0.370182 0.950725
vt 0.371526 0.949382
vt 0.371526 0.950725
vt 0.407664 0.829347
vt 0.406321 0.830690
vt 0.406321 0.829347
vt 0.402591 0.887090
vt 0.401247 0.889441
vt 0.401247 0.887090
vt 0.297226 0.942641
vt 0.298569 0.944992
vt 0.297226 0.944992
vt 0.402361 0.938810
vt 0.401018 0.936459
vt 0.402361 0.936459
vt 0.397894 0.950965
vt 0.399237 0.949622
vt 0.399237 0.950965
vt 0.407828 0.886652
vt 0.406485 0.885308
vt 0.407828 0.885308
vt 0.278748 0.947090
vt 0.280092 0.944739
vt 0.280092 0.947090
vt 0.305286 0.944992
vt 0.303943 0.942641
vt 0.305286 0.942641
vt 0.340072 0.943515
vt 0.341415 0.945866
vt 0.340072 0.945866
vt 0.381748 0.950734
vt 0.380405 0.949390
vt 0.381748 0.949390
vt 0.407648 0.837248
vt 0.406305 0.838591
vt 0.406305 0.837248
vt 0.375507 0.946614
vt 0.376851 0.944263
vt 0.376851 0.946614
vt 0.344585 0.943225
vt 0.345928 0.945576
vt 0.344585 0.945576
vt 0.402361 0.941161
vt 0.401018 0.938810
vt 0.382065 0.951033
vt 0.383409 0.949690
vt 0.383409 0.951033
vt 0.406728 0.949480
vt 0.408071 0.950823
vt 0.406728 0.950823
vt 0.401042 0.873427
vt 0.402385 0.871076
vt 0.402385 0.873427
vt 0.352600 0.944992
vt 0.351257 0.942641
vt 0.352600 0.942641
vt 0.399904 0.884739
vt 0.401247 0.887090
vt 0.399904 0.887090
vt 0.280092 0.949377
vt 0.278748 0.950720
vt 0.278748 0.949377
vt 0.407648 0.840129
vt 0.406305 0.838786
vt 0.407648 0.838786
vt 0.337172 0.946732
vt 0.338516 0.944381
vt 0.338516 0.946732
vt 0.370182 0.942393
vt 0.371526 0.944744
vt 0.370182 0.944744
vt 0.402361 0.945864
vt 0.401018 0.943512
vt 0.402361 0.943512
vt 0.284226 0.949377
vt 0.282882 0.950720
vt 0.282882 0.949377
vt 0.349108 0.951704
vt 0.347765 0.950360
vt 0.349108 0.950360
vt 0.402385 0.875778
vt 0.401042 0.878130
vt 0.401042 0.875778
vt 0.399535 0.922249
vt 0.400878 0.924600
vt 0.399535 0.924600
vt 0.402385 0.842861
vt 0.401042 0.840510
vt 0.402385 0.840510
vt 0.389731 0.950927
vt 0.391074 0.949584
vt 0.391074 0.950927
vt 0.316478 0.951305
vt 0.317822 0.949962
vt 0.317822 0.951305
vt 0.274718 0.944739
vt 0.273375 0.947090
vt 0.273375 0.944739
vt 0.402150 0.914336
vt 0.400806 0.911985
vt 0.402150 0.911985
vt 0.325999 0.943446
vt 0.327343 0.945798
vt 0.325999 0.945798
vt 0.290737 0.950720
vt 0.292081 0.949377
vt 0.292081 0.950720
vt 0.407669 0.899926
vt 0.406326 0.898582
vt 0.407669 0.898582
vt 0.313004 0.946730
vt 0.314348 0.944378
vt 0.314348 0.946730
vt 0.400878 0.926951
vt 0.402222 0.929302
vt 0.400878 0.929302
vt 0.401042 0.828754
vt 0.333985 0.950767
vt 0.335328 0.949424
vt 0.335328 0.950767
vt 0.406336 0.875714
vt 0.407679 0.877057
vt 0.406336 0.877057
vt 0.333064 0.944303
vt 0.331720 0.946655
vt 0.331720 0.944303
vt 0.302600 0.944992
vt 0.301256 0.942641
vt 0.302600 0.942641
vt 0.382065 0.943206
vt 0.383409 0.945557
vt 0.382065 0.945557
vt 0.323873 0.950773
vt 0.325216 0.949430
vt 0.325216 0.950773
vt 0.406337 0.947105
vt 0.407681 0.945761
vt 0.407681 0.947105
vt 0.402385 0.875778
vt 0.399794 0.899493
vt 0.401138 0.901844
vt 0.399794 0.901844
vt 0.401018 0.934107
vt 0.402361 0.934107
vt 0.391320 0.950753
vt 0.392664 0.949409
vt 0.392664 0.950753
vt 0.406342 0.818341
vt 0.407686 0.816997
vt 0.407686 0.818341
vt 0.401138 0.897141
vt 0.402481 0.894790
vt 0.402481 0.897141
vt 0.350810 0.944992
vt 0.349467 0.942641
vt 0.350810 0.942641
vt 0.294925 0.942936
vt 0.296268 0.945287
vt 0.294925 0.945287
vt 0.276020 0.950720
vt 0.277364 0.949377
vt 0.277364 0.950720
vt 0.406326 0.901269
vt 0.407669 0.899926
vt 0.407669 0.901269
vt 0.401042 0.871076
vt 0.402385 0.868725
vt 0.402385 0.871076
vt 0.360127 0.942471
vt 0.361471 0.944822
vt 0.360127 0.944822
vt 0.383409 0.942894
vt 0.384752 0.945245
vt 0.383409 0.945245
vt 0.308864 0.950842
vt 0.310208 0.949499
vt 0.310208 0.950842
vt 0.407648 0.861606
vt 0.406305 0.862950
vt 0.406305 0.861606
vt 0.374111 0.946614
vt 0.375454 0.944263
vt 0.375454 0.946614
vt 0.303943 0.944992
vt 0.357592 0.944999
vt 0.356249 0.942648
vt 0.357592 0.942648
vt 0.361471 0.950739
vt 0.360127 0.949395
vt 0.361471 0.949395
vt 0.407828 0.885220
vt 0.406485 0.883877
vt 0.407828 0.883876
vt 0.276062 0.944739
vt 0.402151 0.889539
vt 0.400808 0.891891
vt 0.400808 0.889539
vt 0.402150 0.904931
vt 0.400806 0.904931
vt 0.286913 0.950720
vt 0.285569 0.949377
vt 0.286913 0.949377
vt 0.407648 0.842016
vt 0.406305 0.843359
vt 0.406305 0.842015
vt 0.402385 0.880481
vt 0.401042 0.880481
vt 0.365753 0.944900
vt 0.367096 0.942549
vt 0.367096 0.944900
vt 0.328686 0.943261
vt 0.327343 0.945612
vt 0.327343 0.943261
vt 0.380214 0.949535
vt 0.378870 0.950879
vt 0.378870 0.949535
vt 0.407678 0.818564
vt 0.406335 0.819907
vt 0.406335 0.818564
vt 0.281435 0.944739
vt 0.282779 0.944739
vt 0.306379 0.944992
vt 0.307723 0.942641
vt 0.307723 0.944992
vt 0.320772 0.943306
vt 0.319429 0.945658
vt 0.319429 0.943306
vt 0.361488 0.949379
vt 0.362832 0.950722
vt 0.361488 0.950722
vt 0.358385 0.951694
vt 0.359729 0.950351
vt 0.359729 0.951694
vt 0.402481 0.901844
vt 0.401138 0.899493
vt 0.402481 0.899493
vt 0.385118 0.945196
vt 0.386461 0.942845
vt 0.386461 0.945196
vt 0.310208 0.943310
vt 0.308864 0.945661
vt 0.308864 0.943310
vt 0.386461 0.949486
vt 0.385118 0.950830
vt 0.385118 0.949486
vt 0.407719 0.894790
vt 0.406375 0.896134
vt 0.406375 0.894790
vt 0.347290 0.946677
vt 0.345946 0.944326
vt 0.347290 0.944326
vt 0.338728 0.945866
vt 0.277405 0.949377
vt 0.375454 0.950332
vt 0.374111 0.951676
vt 0.374111 0.950332
vt 0.349108 0.946677
vt 0.347765 0.944326
vt 0.349108 0.944326
vt 0.401247 0.882388
vt 0.401247 0.884739
vt 0.402222 0.924600
vt 0.402222 0.926951
vt 0.397242 0.950926
vt 0.395899 0.949582
vt 0.397242 0.949582
vt 0.407653 0.846556
vt 0.406310 0.845212
vt 0.407653 0.845212
vt 0.358385 0.944291
vt 0.359729 0.946642
vt 0.358385 0.946642
vt 0.401247 0.887090
vt 0.399904 0.889441
vt 0.397894 0.945784
vt 0.399237 0.943433
vt 0.399237 0.945784
vt 0.319429 0.949720
vt 0.320772 0.951063
vt 0.319429 0.951063
vt 0.406423 0.920280
vt 0.407767 0.921623
vt 0.406423 0.921623
vt 0.365713 0.946796
vt 0.364370 0.944445
vt 0.365713 0.944445
vt 0.399463 0.916687
vt 0.400806 0.914336
vt 0.400806 0.916687
vt 0.402150 0.916687
vt 0.403705 0.949599
vt 0.402361 0.950942
vt 0.402361 0.949599
vt 0.313000 0.951691
vt 0.311657 0.950348
vt 0.313000 0.950348
vt 0.311758 0.946893
vt 0.310414 0.944542
vt 0.311758 0.944542
vt 0.322160 0.943213
vt 0.320817 0.945564
vt 0.320817 0.943213
vt 0.402150 0.902580
vt 0.340072 0.951063
vt 0.338728 0.949720
vt 0.340072 0.949720
vt 0.395138 0.950357
vt 0.393794 0.951700
vt 0.393794 0.950357
vt 0.281435 0.947090
vt 0.388387 0.945746
vt 0.389731 0.943395
vt 0.389731 0.945746
vt 0.401042 0.847564
vt 0.402385 0.845212
vt 0.402385 0.847564
vt 0.405384 0.949480
vt 0.407828 0.888433
vt 0.406485 0.887090
vt 0.407828 0.887090
vt 0.363027 0.944445
vt 0.364370 0.946796
vt 0.363027 0.946796
vt 0.319261 0.943062
vt 0.317917 0.945413
vt 0.317917 0.943062
vt 0.402222 0.931654
vt 0.400878 0.934005
vt 0.400878 0.931654
vt 0.400813 0.951045
vt 0.399469 0.949701
vt 0.400813 0.949701
vt 0.408034 0.948048
vt 0.406691 0.949391
vt 0.406691 0.948048
vt 0.343968 0.946903
vt 0.342624 0.944552
vt 0.343968 0.944552
vt 0.402222 0.922249
vt 0.400878 0.922249
vt 0.381748 0.942894
vt 0.380405 0.945245
vt 0.380405 0.942894
vt 0.284226 0.950720
vt 0.407719 0.898485
vt 0.406375 0.897142
vt 0.407719 0.897142
vt 0.278748 0.944739
vt 0.401018 0.941161
vt 0.399674 0.943512
vt 0.399674 0.941161
vt 0.391357 0.945120
vt 0.392701 0.942768
vt 0.392701 0.945120
vt 0.345723 0.950757
vt 0.344379 0.949414
vt 0.345723 0.949414
vt 0.407779 0.882388
vt 0.406435 0.883731
vt 0.406435 0.882388
vt 0.402591 0.884739
vt 0.401247 0.882388
vt 0.402591 0.882388
vt 0.362832 0.942471
vt 0.361488 0.944823
vt 0.361488 0.942471
vt 0.401018 0.936459
vt 0.399674 0.938810
vt 0.399674 0.936459
vt 0.328686 0.950793
vt 0.327343 0.949450
vt 0.328686 0.949450
vt 0.281435 0.949377
vt 0.280092 0.950720
vt 0.317822 0.946183
vt 0.316478 0.943832
vt 0.317822 0.943832
vt 0.399463 0.920143
vt 0.400806 0.917791
vt 0.400806 0.920143
vt 0.393794 0.944839
vt 0.395138 0.942488
vt 0.395138 0.944839
vt 0.058717 0.188092
vt 0.057911 0.187137
vt 0.058828 0.187970
vt 0.136787 0.197135
vt 0.136718 0.195896
vt 0.136787 0.195896
vt 0.058819 0.188185
vt 0.057962 0.188925
vt 0.169005 0.166644
vt 0.169075 0.167883
vt 0.169005 0.167883
vt 0.113574 0.171346
vt 0.113643 0.173319
vt 0.113574 0.173319
vt 0.058930 0.188062
vt 0.113643 0.179239
vt 0.113574 0.177266
vt 0.113643 0.177266
vt 0.060154 0.186508
vt 0.060256 0.186600
vt 0.318346 0.192671
vt 0.319764 0.194929
vt 0.318346 0.194929
vt 0.452877 0.177833
vt 0.451739 0.176415
vt 0.452877 0.176415
vt 0.086645 0.197697
vt 0.086576 0.196573
vt 0.086645 0.196573
vt 0.059950 0.188987
vt 0.058920 0.188277
vt 0.059032 0.188154
vt 0.060358 0.186692
vt 0.120272 0.196738
vt 0.120342 0.195499
vt 0.120342 0.196738
vt 0.058165 0.189109
vt 0.058054 0.189028
vt 0.055168 0.194870
vt 0.055238 0.193631
vt 0.055238 0.194870
vt 0.447363 0.077986
vt 0.445945 0.080244
vt 0.445945 0.077986
vt 0.451591 0.176415
vt 0.452728 0.174997
vt 0.078335 0.196347
vt 0.078266 0.197471
vt 0.078266 0.196347
vt 0.149464 0.186326
vt 0.149759 0.187190
vt 0.149464 0.187306
vt 0.149464 0.189382
vt 0.148447 0.189688
vt 0.148271 0.189382
vt 0.148447 0.185972
vt 0.149759 0.186112
vt 0.149759 0.187370
vt 0.149464 0.187469
vt 0.148138 0.189688
vt 0.148138 0.189382
vt 0.148271 0.186198
vt 0.148138 0.185956
vt 0.180191 0.095366
vt 0.179586 0.094054
vt 0.180191 0.094054
vt 0.178584 0.155177
vt 0.179188 0.152858
vt 0.179188 0.155177
vt 0.178584 0.155356
vt 0.179188 0.155356
vt 0.180721 0.092372
vt 0.180117 0.092063
vt 0.180721 0.092063
vt 0.180191 0.095675
vt 0.179587 0.095366
vt 0.178584 0.156434
vt 0.179188 0.156434
vt 0.180721 0.093684
vt 0.180117 0.092372
vt 0.055039 0.189026
vt 0.054834 0.188046
vt 0.055039 0.188046
vt 0.148016 0.196756
vt 0.148221 0.197949
vt 0.148016 0.197949
vt 0.128540 0.191539
vt 0.128745 0.192732
vt 0.128540 0.192732
vt 0.055039 0.191103
vt 0.054834 0.189190
vt 0.055039 0.189190
vt 0.054834 0.189026
vt 0.148016 0.196624
vt 0.148221 0.196756
vt 0.128745 0.192864
vt 0.128540 0.192864
vt 0.146813 0.186326
vt 0.146518 0.187190
vt 0.146518 0.186112
vt 0.147830 0.189688
vt 0.146813 0.189382
vt 0.148006 0.189382
vt 0.147830 0.185972
vt 0.148006 0.186198
vt 0.146518 0.187370
vt 0.146813 0.187469
vt 0.146813 0.187306
vt 0.148138 0.186184
vt 0.179586 0.097295
vt 0.180191 0.095983
vt 0.180191 0.097295
vt 0.178201 0.100298
vt 0.178805 0.102616
vt 0.178201 0.102616
vt 0.178805 0.102796
vt 0.178201 0.102796
vt 0.180721 0.091754
vt 0.179587 0.095983
vt 0.178805 0.103874
vt 0.178201 0.103874
vt 0.180117 0.091754
vt 0.180721 0.090443
vt 0.069754 0.192914
vt 0.069959 0.191934
vt 0.069959 0.192914
vt 0.148221 0.195298
vt 0.148016 0.196491
vt 0.148016 0.195298
vt 0.128745 0.192996
vt 0.128540 0.194189
vt 0.128540 0.192996
vt 0.069754 0.191770
vt 0.069959 0.189857
vt 0.069959 0.191770
vt 0.069754 0.191934
vt 0.148221 0.196491
vt 0.949486 0.826377
vt 0.950049 0.824777
vt 0.950049 0.826377
vt 0.864934 0.939675
vt 0.864371 0.941276
vt 0.864371 0.939675
vt 0.875286 0.940738
vt 0.875850 0.937169
vt 0.875850 0.940738
vt 0.819139 0.922498
vt 0.820739 0.926067
vt 0.819139 0.926067
vt 0.853956 0.923552
vt 0.855557 0.927121
vt 0.853956 0.927121
vt 0.864254 0.941422
vt 0.864254 0.941276
vt 0.864254 0.939675
vt 0.950166 0.824777
vt 0.950166 0.826377
vt 0.869603 0.917547
vt 0.869720 0.913978
vt 0.869720 0.917547
vt 0.924088 0.914520
vt 0.924233 0.918089
vt 0.924088 0.918089
vt 0.950049 0.826523
vt 0.820739 0.922498
vt 0.820885 0.926067
vt 0.144713 0.181352
vt 0.145008 0.182216
vt 0.144713 0.182332
vt 0.144713 0.185588
vt 0.143696 0.185959
vt 0.143519 0.185588
vt 0.143696 0.180998
vt 0.145008 0.181139
vt 0.145008 0.184377
vt 0.144713 0.184465
vt 0.144713 0.184297
vt 0.145008 0.182396
vt 0.144713 0.182496
vt 0.143387 0.185959
vt 0.143387 0.185588
vt 0.145008 0.184561
vt 0.143519 0.181224
vt 0.143387 0.180982
vt 0.179209 0.174147
vt 0.179813 0.175459
vt 0.179209 0.175459
vt 0.095546 0.197178
vt 0.096150 0.196993
vt 0.096150 0.197178
vt 0.095546 0.199338
vt 0.096150 0.199159
vt 0.096150 0.199338
vt 0.054307 0.204743
vt 0.054912 0.205051
vt 0.054307 0.205051
vt 0.095546 0.196993
vt 0.096150 0.195595
vt 0.095546 0.199159
vt 0.179209 0.173839
vt 0.179813 0.174147
vt 0.095546 0.200416
vt 0.096150 0.200416
vt 0.054307 0.203431
vt 0.054912 0.204743
vt 0.109478 0.185577
vt 0.109683 0.186558
vt 0.109478 0.186558
vt 0.128802 0.195669
vt 0.128597 0.194476
vt 0.128802 0.194476
vt 0.054834 0.191103
vt 0.055039 0.192296
vt 0.054834 0.192296
vt 0.109478 0.183444
vt 0.109683 0.183612
vt 0.109478 0.183612
vt 0.109478 0.185414
vt 0.109683 0.185577
vt 0.128802 0.195801
vt 0.128597 0.195669
vt 0.109478 0.182322
vt 0.109683 0.183444
vt 0.109683 0.185414
vt 0.055039 0.192428
vt 0.054834 0.192428
vt 0.142062 0.181352
vt 0.141767 0.182216
vt 0.141767 0.181139
vt 0.143079 0.185959
vt 0.142062 0.185588
vt 0.143255 0.185588
vt 0.143079 0.180998
vt 0.143255 0.181224
vt 0.142062 0.184465
vt 0.141767 0.184377
vt 0.142062 0.184297
vt 0.142062 0.182332
vt 0.141767 0.182396
vt 0.141767 0.184561
vt 0.142062 0.182496
vt 0.143387 0.181210
vt 0.179813 0.172218
vt 0.179209 0.173530
vt 0.179209 0.172218
vt 0.095546 0.192172
vt 0.096150 0.192357
vt 0.095546 0.192357
vt 0.095546 0.194338
vt 0.096150 0.194518
vt 0.095546 0.194518
vt 0.054307 0.205360
vt 0.095546 0.190775
vt 0.096150 0.192172
vt 0.096150 0.194338
vt 0.179813 0.173530
vt 0.096150 0.195595
vt 0.095546 0.195595
vt 0.054912 0.205360
vt 0.054307 0.206672
vt 0.096150 0.190467
vt 0.096355 0.189487
vt 0.096355 0.190467
vt 0.128597 0.197127
vt 0.128802 0.195934
vt 0.128802 0.197127
vt 0.055039 0.192560
vt 0.054834 0.193753
vt 0.054834 0.192560
vt 0.096150 0.187522
vt 0.096355 0.187354
vt 0.096355 0.187522
vt 0.096150 0.189487
vt 0.096355 0.189323
vt 0.128597 0.195934
vt 0.096150 0.187354
vt 0.096355 0.186231
vt 0.096150 0.189323
vt 0.059817 0.183826
vt 0.060826 0.183087
vt 0.059932 0.183945
vt 0.153246 0.196589
vt 0.153090 0.195298
vt 0.153246 0.195298
vt 0.156948 0.199550
vt 0.157105 0.200789
vt 0.156948 0.200789
vt 0.059718 0.183921
vt 0.059039 0.183015
vt 0.069802 0.198414
vt 0.069959 0.199653
vt 0.069802 0.199653
vt 0.141023 0.197480
vt 0.141180 0.198720
vt 0.141023 0.198720
vt 0.059833 0.184040
vt 0.061198 0.185264
vt 0.061099 0.185359
vt 0.095389 0.199022
vt 0.095546 0.200262
vt 0.095389 0.200262
vt 0.061316 0.185387
vt 0.061217 0.185482
vt 0.062210 0.184528
vt 0.092910 0.195276
vt 0.092753 0.193448
vt 0.092910 0.193448
vt 0.438874 0.199160
vt 0.440292 0.200637
vt 0.438874 0.200637
vt 0.452866 0.105467
vt 0.451728 0.104049
vt 0.452866 0.104049
vt 0.326371 0.197194
vt 0.324953 0.195103
vt 0.326371 0.195103
vt 0.158457 0.202777
vt 0.158614 0.203901
vt 0.158457 0.203901
vt 0.062210 0.186318
vt 0.062111 0.186413
vt 0.058840 0.184994
vt 0.059619 0.184016
vt 0.059734 0.184135
vt 0.125561 0.194844
vt 0.125404 0.196135
vt 0.125404 0.194844
vt 0.033083 0.201228
vt 0.032926 0.202468
vt 0.032926 0.201228
vt 0.058841 0.183205
vt 0.058930 0.183100
vt 0.164816 0.202040
vt 0.164659 0.203279
vt 0.164659 0.202040
vt 0.101616 0.199580
vt 0.101459 0.200820
vt 0.101459 0.199580
vt 0.061000 0.185454
vt 0.039206 0.201228
vt 0.039049 0.202468
vt 0.039049 0.201228
vt 0.061118 0.185577
vt 0.060223 0.186435
vt 0.096198 0.192295
vt 0.096198 0.190467
vt 0.438276 0.199058
vt 0.436858 0.200535
vt 0.436858 0.199058
vt 0.401307 0.199937
vt 0.400169 0.201355
vt 0.400021 0.199937
vt 0.447364 0.037127
vt 0.448782 0.035036
vt 0.448782 0.037127
vt 0.054991 0.194850
vt 0.054834 0.195974
vt 0.054834 0.194850
vt 0.062011 0.186508
vt 0.950486 0.878304
vt 0.949922 0.879905
vt 0.949922 0.878304
vt 0.925021 0.941973
vt 0.925584 0.940372
vt 0.925584 0.941973
vt 0.948733 0.795384
vt 0.949297 0.791815
vt 0.949297 0.795384
vt 0.879626 0.926067
vt 0.878026 0.922498
vt 0.879626 0.922498
vt 0.933180 0.899730
vt 0.934780 0.903300
vt 0.933180 0.903300
vt 0.925701 0.940227
vt 0.925701 0.940372
vt 0.925701 0.941973
vt 0.949806 0.879905
vt 0.949806 0.878304
vt 0.934897 0.899730
vt 0.934897 0.903300
vt 0.855681 0.913906
vt 0.855826 0.917475
vt 0.855681 0.917475
vt 0.949922 0.878159
vt 0.878026 0.926067
vt 0.877880 0.922498
vt 0.117639 0.188277
vt 0.116609 0.188987
vt 0.117527 0.188154
vt 0.144949 0.197100
vt 0.144879 0.195861
vt 0.144949 0.195861
vt 0.117740 0.188185
vt 0.118394 0.189109
vt 0.158665 0.191780
vt 0.158734 0.193019
vt 0.158665 0.193019
vt 0.113643 0.169372
vt 0.113574 0.167399
vt 0.113643 0.167399
vt 0.117629 0.188062
vt 0.113643 0.175293
vt 0.116201 0.186692
vt 0.116303 0.186600
vt 0.321510 0.192543
vt 0.322928 0.194801
vt 0.321510 0.194801
vt 0.452885 0.043903
vt 0.451747 0.042485
vt 0.452885 0.042485
vt 0.149801 0.197662
vt 0.149732 0.196538
vt 0.149801 0.196538
vt 0.118648 0.187137
vt 0.117842 0.188092
vt 0.117731 0.187970
vt 0.116405 0.186508
vt 0.086645 0.195333
vt 0.086576 0.195333
vt 0.118597 0.188925
vt 0.118505 0.189028
vt 0.054921 0.197214
vt 0.054991 0.195975
vt 0.054991 0.197214
vt 0.445945 0.075728
vt 0.447363 0.073470
vt 0.447363 0.075728
vt 0.451587 0.032820
vt 0.452725 0.031402
vt 0.452873 0.032820
vt 0.054307 0.196228
vt 0.054238 0.197352
vt 0.054238 0.196228
vt 0.153793 0.189264
vt 0.153498 0.188399
vt 0.153793 0.188283
vt 0.153793 0.186207
vt 0.154810 0.185901
vt 0.154987 0.186207
vt 0.154810 0.189618
vt 0.153498 0.189477
vt 0.153498 0.188220
vt 0.153793 0.188120
vt 0.155119 0.185901
vt 0.155119 0.186207
vt 0.154987 0.189391
vt 0.155119 0.189633
vt 0.179800 0.138939
vt 0.179196 0.137627
vt 0.179800 0.137627
vt 0.178648 0.183346
vt 0.179252 0.181027
vt 0.179252 0.183346
vt 0.178648 0.183525
vt 0.179252 0.183525
vt 0.180111 0.192044
vt 0.180715 0.192353
vt 0.180111 0.192353
vt 0.179800 0.139248
vt 0.179196 0.138939
vt 0.178648 0.184603
vt 0.179252 0.184603
vt 0.180111 0.190732
vt 0.180715 0.192044
vt 0.109273 0.187938
vt 0.109478 0.188919
vt 0.109273 0.188919
vt 0.069959 0.196957
vt 0.069754 0.195763
vt 0.069959 0.195763
vt 0.144696 0.191716
vt 0.144901 0.192909
vt 0.144696 0.192909
vt 0.109273 0.185862
vt 0.109478 0.187775
vt 0.109273 0.187775
vt 0.109478 0.187938
vt 0.069959 0.197089
vt 0.069754 0.196957
vt 0.144901 0.193041
vt 0.144696 0.193041
vt 0.156444 0.189264
vt 0.156739 0.188399
vt 0.156739 0.189477
vt 0.155427 0.185901
vt 0.156444 0.186207
vt 0.155251 0.186207
vt 0.155427 0.189618
vt 0.155251 0.189391
vt 0.156739 0.188220
vt 0.156444 0.188120
vt 0.156444 0.188283
vt 0.155119 0.189406
vt 0.179196 0.140868
vt 0.179800 0.139557
vt 0.179800 0.140868
vt 0.136108 0.199733
vt 0.136712 0.202052
vt 0.136108 0.202052
vt 0.136712 0.202232
vt 0.136108 0.202232
vt 0.180111 0.192662
vt 0.179196 0.139557
vt 0.136712 0.203309
vt 0.136108 0.203309
vt 0.180715 0.192662
vt 0.180111 0.193974
vt 0.138303 0.193251
vt 0.138509 0.192271
vt 0.138509 0.193251
vt 0.069754 0.198414
vt 0.069959 0.197221
vt 0.069959 0.198414
vt 0.144901 0.193173
vt 0.144696 0.194366
vt 0.144696 0.193173
vt 0.138303 0.192108
vt 0.138509 0.190195
vt 0.138509 0.192108
vt 0.138303 0.192271
vt 0.069754 0.197221
vt 0.949478 0.873389
vt 0.950042 0.871788
vt 0.950042 0.873389
vt 0.897092 0.922707
vt 0.896529 0.924308
vt 0.896529 0.922707
vt 0.879436 0.937885
vt 0.880000 0.934316
vt 0.880000 0.937885
vt 0.900218 0.922389
vt 0.901818 0.925958
vt 0.900218 0.925958
vt 0.829511 0.923295
vt 0.831112 0.926864
vt 0.829511 0.926864
vt 0.896412 0.924453
vt 0.896412 0.924308
vt 0.896412 0.922707
vt 0.950158 0.871788
vt 0.950158 0.873389
vt 0.899027 0.925958
vt 0.899143 0.922389
vt 0.899143 0.925958
vt 0.813155 0.904057
vt 0.813301 0.907626
vt 0.813155 0.907626
vt 0.950042 0.873534
vt 0.901818 0.922389
vt 0.901964 0.925958
vt 0.128507 0.181352
vt 0.128802 0.182216
vt 0.128507 0.182332
vt 0.128507 0.185588
vt 0.127490 0.185959
vt 0.127314 0.185588
vt 0.127490 0.180998
vt 0.128802 0.181139
vt 0.128802 0.184377
vt 0.128507 0.184465
vt 0.128507 0.184297
vt 0.128802 0.182396
vt 0.128507 0.182496
vt 0.127181 0.185959
vt 0.127181 0.185588
vt 0.128802 0.184561
vt 0.127314 0.181224
vt 0.127181 0.180982
vt 0.076764 0.203499
vt 0.076160 0.202187
vt 0.076764 0.202187
vt 0.076764 0.197029
vt 0.076160 0.197213
vt 0.076160 0.197029
vt 0.076764 0.194868
vt 0.076160 0.195048
vt 0.076160 0.194868
vt 0.179800 0.138939
vt 0.180405 0.139248
vt 0.179800 0.139248
vt 0.076764 0.197213
vt 0.076160 0.198611
vt 0.076764 0.195048
vt 0.076764 0.203808
vt 0.076160 0.203499
vt 0.076764 0.193790
vt 0.076160 0.193790
vt 0.179800 0.137627
vt 0.180405 0.138939
vt 0.160258 0.186799
vt 0.160463 0.187779
vt 0.160258 0.187779
vt 0.125379 0.195497
vt 0.125174 0.194303
vt 0.125379 0.194303
vt 0.121020 0.192470
vt 0.121225 0.193663
vt 0.121020 0.193663
vt 0.160258 0.184666
vt 0.160463 0.184834
vt 0.160258 0.184834
vt 0.160258 0.186635
vt 0.160463 0.186799
vt 0.125379 0.195629
vt 0.125174 0.195497
vt 0.160258 0.183543
vt 0.160463 0.184666
vt 0.160463 0.186635
vt 0.121225 0.193795
vt 0.121020 0.193795
vt 0.125856 0.181352
vt 0.125561 0.182216
vt 0.125561 0.181139
vt 0.126873 0.185959
vt 0.125856 0.185588
vt 0.127049 0.185588
vt 0.126873 0.180998
vt 0.127049 0.181224
vt 0.125856 0.184465
vt 0.125561 0.184377
vt 0.125856 0.184297
vt 0.125856 0.182332
vt 0.125561 0.182396
vt 0.125561 0.184561
vt 0.125856 0.182496
vt 0.127181 0.181210
vt 0.076160 0.205428
vt 0.076764 0.204116
vt 0.076764 0.205428
vt 0.067648 0.190507
vt 0.068252 0.190692
vt 0.067648 0.190692
vt 0.067648 0.192673
vt 0.068252 0.192852
vt 0.067648 0.192852
vt 0.179800 0.139557
vt 0.067648 0.189109
vt 0.068252 0.190507
vt 0.068252 0.192673
vt 0.076160 0.204116
vt 0.068252 0.193930
vt 0.067648 0.193930
vt 0.180405 0.139557
vt 0.179800 0.140868
vt 0.103112 0.186091
vt 0.102907 0.187071
vt 0.102907 0.186091
vt 0.125174 0.196954
vt 0.125379 0.195761
vt 0.125379 0.196954
vt 0.121225 0.193927
vt 0.121020 0.195120
vt 0.121020 0.193927
vt 0.103112 0.189036
vt 0.102907 0.189204
vt 0.102907 0.189036
vt 0.103112 0.187071
vt 0.102907 0.187235
vt 0.125174 0.195761
vt 0.103112 0.189204
vt 0.102907 0.190327
vt 0.103112 0.187235
vt 0.056333 0.183826
vt 0.057342 0.183087
vt 0.056448 0.183945
vt 0.092910 0.196567
vt 0.092753 0.195276
vt 0.090431 0.199206
vt 0.090588 0.200445
vt 0.090431 0.200445
vt 0.056234 0.183921
vt 0.055555 0.183015
vt 0.104642 0.195993
vt 0.104799 0.197232
vt 0.104642 0.197232
vt 0.141180 0.199959
vt 0.056349 0.184040
vt 0.057713 0.185264
vt 0.057614 0.185359
vt 0.054129 0.199213
vt 0.054286 0.200452
vt 0.054129 0.200452
vt 0.057831 0.185387
vt 0.057732 0.185482
vt 0.058725 0.184528
vt 0.169056 0.170017
vt 0.168899 0.168190
vt 0.169056 0.168190
vt 0.361173 0.199183
vt 0.362591 0.200660
vt 0.361173 0.200660
vt 0.451585 0.064942
vt 0.452723 0.066360
vt 0.451585 0.066360
vt 0.448781 0.075561
vt 0.448781 0.073470
vt 0.174465 0.203918
vt 0.174309 0.202794
vt 0.174465 0.202794
vt 0.058725 0.186318
vt 0.058626 0.186413
vt 0.055356 0.184994
vt 0.056135 0.184016
vt 0.056250 0.184135
vt 0.093714 0.194511
vt 0.093557 0.195802
vt 0.093557 0.194511
vt 0.069802 0.200892
vt 0.069959 0.200892
vt 0.055356 0.183205
vt 0.055446 0.183100
vt 0.125404 0.197374
vt 0.125561 0.196135
vt 0.125561 0.197374
vt 0.097886 0.199064
vt 0.098042 0.197824
vt 0.098042 0.199064
vt 0.057515 0.185454
vt 0.079875 0.201734
vt 0.080031 0.200495
vt 0.080031 0.201734
vt 0.057633 0.185577
vt 0.056739 0.186435
vt 0.167210 0.189732
vt 0.167053 0.191559
vt 0.167053 0.189732
vt 0.350638 0.200674
vt 0.352056 0.199196
vt 0.352056 0.200674
vt 0.451646 0.046813
vt 0.452784 0.045395
vt 0.452932 0.046813
vt 0.448848 0.152621
vt 0.447430 0.154712
vt 0.447430 0.152621
vt 0.141176 0.202093
vt 0.141019 0.203217
vt 0.141019 0.202093
vt 0.058527 0.186508
vt 0.950501 0.789221
vt 0.949937 0.790822
vt 0.949937 0.789221
vt 0.926865 0.941977
vt 0.927429 0.940377
vt 0.927429 0.941977
vt 0.948718 0.835058
vt 0.949281 0.831489
vt 0.949281 0.835058
vt 0.881372 0.922498
vt 0.882973 0.926067
vt 0.881372 0.926067
vt 0.842097 0.923057
vt 0.843697 0.926626
vt 0.842097 0.926626
vt 0.927545 0.940231
vt 0.927545 0.940377
vt 0.927545 0.941977
vt 0.949821 0.790822
vt 0.949821 0.789221
vt 0.890579 0.923092
vt 0.890463 0.926661
vt 0.890463 0.923092
vt 0.813301 0.896919
vt 0.813155 0.893349
vt 0.813301 0.893349
vt 0.949937 0.789076
vt 0.882973 0.922498
vt 0.883118 0.926067
vt 0.063834 0.188092
vt 0.063027 0.187137
vt 0.063945 0.187970
vt 0.108114 0.195680
vt 0.108184 0.196919
vt 0.108114 0.196919
vt 0.063935 0.188185
vt 0.063079 0.188925
vt 0.052886 0.178503
vt 0.052956 0.179742
vt 0.052886 0.179742
vt 0.113643 0.171346
vt 0.113574 0.169372
vt 0.064047 0.188062
vt 0.113574 0.175293
vt 0.065271 0.186508
vt 0.065372 0.186600
vt 0.397479 0.193522
vt 0.398897 0.195780
vt 0.397479 0.195780
vt 0.452876 0.147903
vt 0.451738 0.146485
vt 0.452876 0.146485
vt 0.095375 0.197998
vt 0.095306 0.196874
vt 0.095375 0.196874
vt 0.065066 0.188987
vt 0.064037 0.188277
vt 0.064148 0.188154
vt 0.065474 0.186692
vt 0.149871 0.195298
vt 0.149871 0.196538
vt 0.063282 0.189109
vt 0.063171 0.189028
vt 0.167169 0.194909
vt 0.167099 0.196148
vt 0.167099 0.194909
vt 0.447364 0.037294
vt 0.445946 0.039552
vt 0.445946 0.037294
vt 0.451580 0.056172
vt 0.452718 0.054754
vt 0.452867 0.056172
vt 0.133351 0.197497
vt 0.133421 0.196373
vt 0.133421 0.197497
vt 0.150054 0.189318
vt 0.149759 0.188454
vt 0.150054 0.188338
vt 0.150054 0.186262
vt 0.151071 0.185956
vt 0.151248 0.186262
vt 0.151071 0.189673
vt 0.149759 0.189532
vt 0.149759 0.188275
vt 0.150054 0.188175
vt 0.151380 0.185956
vt 0.151380 0.186262
vt 0.151248 0.189446
vt 0.151380 0.189688
vt 0.179252 0.182956
vt 0.179856 0.184268
vt 0.179252 0.184268
vt 0.178605 0.174537
vt 0.179209 0.174537
vt 0.178605 0.174716
vt 0.179209 0.174716
vt 0.136108 0.204621
vt 0.136712 0.204930
vt 0.136108 0.204930
vt 0.179252 0.182648
vt 0.179856 0.182956
vt 0.178605 0.175794
vt 0.179209 0.175794
vt 0.136712 0.204621
vt 0.136450 0.191083
vt 0.136655 0.192063
vt 0.136450 0.192063
vt 0.156948 0.197117
vt 0.157154 0.198310
vt 0.156948 0.198310
vt 0.136655 0.194714
vt 0.136450 0.193521
vt 0.136655 0.193521
vt 0.136450 0.189007
vt 0.136655 0.190920
vt 0.136450 0.190920
vt 0.136655 0.191083
vt 0.156948 0.196985
vt 0.157154 0.197117
vt 0.136450 0.193389
vt 0.136655 0.193389
vt 0.152705 0.189318
vt 0.153000 0.188454
vt 0.153000 0.189532
vt 0.151688 0.185956
vt 0.152705 0.186262
vt 0.151512 0.186262
vt 0.151688 0.189673
vt 0.151512 0.189446
vt 0.153000 0.188275
vt 0.152705 0.188175
vt 0.152705 0.188338
vt 0.151380 0.189460
vt 0.179856 0.181027
vt 0.179252 0.182339
vt 0.179252 0.181027
vt 0.178202 0.062440
vt 0.178806 0.064758
vt 0.178202 0.064758
vt 0.178806 0.064938
vt 0.178202 0.064938
vt 0.136108 0.205239
vt 0.179856 0.182339
vt 0.178806 0.066016
vt 0.178202 0.066016
vt 0.136712 0.205239
vt 0.136108 0.206551
vt 0.092694 0.193155
vt 0.092899 0.192175
vt 0.092899 0.193155
vt 0.157154 0.195660
vt 0.156948 0.196853
vt 0.156948 0.195660
vt 0.136450 0.193256
vt 0.136655 0.193256
vt 0.092694 0.192011
vt 0.092899 0.190099
vt 0.092899 0.192011
vt 0.092694 0.192175
vt 0.157154 0.196853
vt 0.949446 0.932941
vt 0.950009 0.931341
vt 0.950009 0.932941
vt 0.893221 0.941750
vt 0.893785 0.940150
vt 0.893785 0.941750
vt 0.828861 0.922498
vt 0.828297 0.926067
vt 0.828297 0.922498
vt 0.881226 0.926067
vt 0.932286 0.928609
vt 0.930686 0.925039
vt 0.932286 0.925039
vt 0.893901 0.940004
vt 0.893901 0.940150
vt 0.893901 0.941750
vt 0.950126 0.931341
vt 0.950126 0.932941
vt 0.873569 0.912757
vt 0.873686 0.909188
vt 0.873686 0.912757
vt 0.815643 0.916854
vt 0.815497 0.913285
vt 0.815643 0.913285
vt 0.950009 0.933087
vt 0.881226 0.922498
vt 0.132338 0.185589
vt 0.132043 0.184725
vt 0.132338 0.184609
vt 0.132338 0.181354
vt 0.133355 0.180982
vt 0.133532 0.181354
vt 0.133355 0.185944
vt 0.132043 0.185803
vt 0.132043 0.182565
vt 0.132338 0.182476
vt 0.132338 0.182644
vt 0.132043 0.184546
vt 0.132338 0.184446
vt 0.133664 0.180982
vt 0.133664 0.181354
vt 0.132043 0.182380
vt 0.133532 0.185717
vt 0.133664 0.185959
vt 0.179496 0.072182
vt 0.180100 0.073494
vt 0.179496 0.073494
vt 0.090588 0.196206
vt 0.091192 0.196021
vt 0.091192 0.196206
vt 0.090588 0.198366
vt 0.091192 0.198187
vt 0.091192 0.198366
vt 0.179792 0.157411
vt 0.180397 0.157720
vt 0.179792 0.157720
vt 0.090588 0.196021
vt 0.091192 0.194624
vt 0.090588 0.198187
vt 0.179496 0.071874
vt 0.180100 0.072182
vt 0.090588 0.199444
vt 0.091192 0.199444
vt 0.179792 0.156099
vt 0.180397 0.157411
vt 0.096150 0.185251
vt 0.096355 0.186231
vt 0.096150 0.186231
vt 0.138303 0.194709
vt 0.138509 0.195902
vt 0.138303 0.195902
vt 0.109478 0.186558
vt 0.109683 0.187751
vt 0.109478 0.187751
vt 0.096150 0.183118
vt 0.096355 0.183286
vt 0.096150 0.183286
vt 0.096150 0.185087
vt 0.096355 0.185251
vt 0.138303 0.194577
vt 0.138509 0.194709
vt 0.096150 0.181995
vt 0.096355 0.183118
vt 0.096355 0.185087
vt 0.109683 0.187883
vt 0.109478 0.187883
vt 0.134989 0.185589
vt 0.135284 0.184725
vt 0.135284 0.185803
vt 0.133972 0.180982
vt 0.134989 0.181354
vt 0.133796 0.181354
vt 0.133972 0.185944
vt 0.133796 0.185717
vt 0.134989 0.182476
vt 0.135284 0.182565
vt 0.134989 0.182644
vt 0.134989 0.184609
vt 0.135284 0.184546
vt 0.135284 0.182380
vt 0.134989 0.184446
vt 0.133664 0.185731
vt 0.180100 0.070253
vt 0.179496 0.071565
vt 0.179496 0.070253
vt 0.102395 0.192216
vt 0.101791 0.192032
vt 0.102395 0.192032
vt 0.102395 0.190051
vt 0.101791 0.189871
vt 0.102395 0.189871
vt 0.179792 0.158029
vt 0.102395 0.193614
vt 0.101791 0.192216
vt 0.101791 0.190051
vt 0.180100 0.071565
vt 0.101791 0.188794
vt 0.102395 0.188794
vt 0.180397 0.158029
vt 0.179792 0.159340
vt 0.162783 0.176777
vt 0.162988 0.175797
vt 0.162988 0.176777
vt 0.138509 0.193252
vt 0.138303 0.194445
vt 0.138303 0.193252
vt 0.109683 0.188015
vt 0.109478 0.189208
vt 0.109478 0.188015
vt 0.162783 0.173832
vt 0.162988 0.173664
vt 0.162988 0.173832
vt 0.162783 0.175797
vt 0.162988 0.175633
vt 0.138509 0.194445
vt 0.162783 0.173664
vt 0.162988 0.172541
vt 0.162783 0.175633
vt 0.121704 0.183826
vt 0.122713 0.183087
vt 0.121819 0.183945
vt 0.095546 0.196544
vt 0.095389 0.195253
vt 0.095546 0.195253
vt 0.096335 0.200693
vt 0.096179 0.199454
vt 0.096335 0.199454
vt 0.121605 0.183921
vt 0.120925 0.183015
vt 0.083147 0.196798
vt 0.083304 0.198038
vt 0.083147 0.198038
vt 0.095546 0.199022
vt 0.095389 0.197783
vt 0.095546 0.197783
vt 0.121720 0.184040
vt 0.123084 0.185264
vt 0.122985 0.185359
vt 0.092863 0.200669
vt 0.092706 0.199430
vt 0.092863 0.199430
vt 0.123202 0.185387
vt 0.123103 0.185482
vt 0.124096 0.184528
vt 0.168899 0.170017
vt 0.168743 0.168190
vt 0.303694 0.199057
vt 0.305112 0.200534
vt 0.303694 0.200534
vt 0.452867 0.054754
vt 0.451729 0.053336
vt 0.452867 0.053336
vt 0.319764 0.197020
vt 0.318346 0.197020
vt 0.098042 0.203905
vt 0.097886 0.202781
vt 0.098042 0.202781
vt 0.124096 0.186318
vt 0.123997 0.186413
vt 0.120727 0.184994
vt 0.121506 0.184016
vt 0.121621 0.184135
vt 0.096335 0.194445
vt 0.096179 0.195736
vt 0.096179 0.194445
vt 0.148016 0.202906
vt 0.148173 0.201667
vt 0.148173 0.202906
vt 0.120727 0.183205
vt 0.120816 0.183100
vt 0.080031 0.198016
vt 0.079875 0.199255
vt 0.079875 0.198016
vt 0.074632 0.196983
vt 0.074475 0.198223
vt 0.074475 0.196983
vt 0.122886 0.185454
vt 0.097886 0.201542
vt 0.098042 0.200303
vt 0.098042 0.201542
vt 0.123004 0.185577
vt 0.122110 0.186435
vt 0.055081 0.192340
vt 0.055238 0.190512
vt 0.055238 0.192340
vt 0.364410 0.199183
vt 0.362992 0.200660
vt 0.362992 0.199183
vt 0.451599 0.042485
vt 0.452737 0.041067
vt 0.447499 0.125166
vt 0.448917 0.123075
vt 0.448917 0.125166
vt 0.069911 0.202682
vt 0.069754 0.203806
vt 0.069754 0.202682
vt 0.123898 0.186508
vt 0.950489 0.895030
vt 0.949925 0.896630
vt 0.949925 0.895030
vt 0.914608 0.940169
vt 0.914044 0.941769
vt 0.914044 0.940169
vt 0.948722 0.786384
vt 0.949285 0.782814
vt 0.949285 0.786384
vt 0.824591 0.922498
vt 0.826192 0.926067
vt 0.824591 0.926067
vt 0.934793 0.923161
vt 0.933193 0.919592
vt 0.934793 0.919592
vt 0.913928 0.941915
vt 0.913928 0.941769
vt 0.913928 0.940169
vt 0.949809 0.896630
vt 0.949809 0.895030
vt 0.934087 0.876117
vt 0.934203 0.872548
vt 0.934203 0.876117
vt 0.924233 0.914520
vt 0.924088 0.910950
vt 0.924233 0.910950
vt 0.949925 0.894884
vt 0.826192 0.922498
vt 0.826337 0.926067
vt 0.100194 0.185721
vt 0.099899 0.184857
vt 0.100194 0.184741
vt 0.100194 0.181485
vt 0.101211 0.181114
vt 0.101387 0.181485
vt 0.101211 0.186075
vt 0.099899 0.185935
vt 0.099899 0.182697
vt 0.100194 0.182608
vt 0.100194 0.182776
vt 0.099899 0.184677
vt 0.100194 0.184578
vt 0.101519 0.181114
vt 0.101519 0.181485
vt 0.099899 0.182512
vt 0.101387 0.185849
vt 0.101519 0.186091
vt 0.179188 0.159167
vt 0.179792 0.160479
vt 0.179188 0.160479
vt 0.107496 0.196105
vt 0.108100 0.195921
vt 0.108100 0.196105
vt 0.107496 0.198266
vt 0.108100 0.198086
vt 0.108100 0.198266
vt 0.180715 0.195903
vt 0.180111 0.195594
vt 0.180715 0.195594
vt 0.107496 0.195921
vt 0.108100 0.194523
vt 0.107496 0.198086
vt 0.179188 0.158859
vt 0.179792 0.159167
vt 0.107496 0.199344
vt 0.108100 0.199344
vt 0.180715 0.197215
vt 0.180111 0.195903
vt 0.157006 0.182600
vt 0.156801 0.181619
vt 0.157006 0.181619
vt 0.153293 0.194651
vt 0.153498 0.195844
vt 0.153293 0.195844
vt 0.095341 0.190775
vt 0.095546 0.191968
vt 0.095341 0.191968
vt 0.157006 0.184732
vt 0.156801 0.184565
vt 0.157006 0.184565
vt 0.157006 0.182763
vt 0.156801 0.182600
vt 0.153293 0.194519
vt 0.153498 0.194651
vt 0.157006 0.185855
vt 0.156801 0.184732
vt 0.156801 0.182763
vt 0.095546 0.192100
vt 0.095341 0.192100
vt 0.102845 0.185721
vt 0.103140 0.184857
vt 0.103140 0.185935
vt 0.101828 0.181114
vt 0.102845 0.181485
vt 0.101651 0.181485
vt 0.101828 0.186075
vt 0.101651 0.185849
vt 0.102845 0.182608
vt 0.103140 0.182697
vt 0.102845 0.182776
vt 0.102845 0.184741
vt 0.103140 0.184677
vt 0.103140 0.182512
vt 0.102845 0.184578
vt 0.101519 0.185863
vt 0.179792 0.157238
vt 0.179188 0.158550
vt 0.179188 0.157238
vt 0.137363 0.192430
vt 0.136758 0.192245
vt 0.137363 0.192245
vt 0.137363 0.190264
vt 0.136758 0.190085
vt 0.137363 0.190085
vt 0.180715 0.195286
vt 0.137363 0.193827
vt 0.136758 0.192430
vt 0.136758 0.190264
vt 0.179792 0.158550
vt 0.136758 0.189007
vt 0.137363 0.189007
vt 0.180111 0.195286
vt 0.180715 0.193974
vt 0.153498 0.185901
vt 0.153293 0.186881
vt 0.153293 0.185901
vt 0.153498 0.193194
vt 0.153293 0.194387
vt 0.153293 0.193194
vt 0.095546 0.192232
vt 0.095341 0.193425
vt 0.095341 0.192232
vt 0.153498 0.188846
vt 0.153293 0.189014
vt 0.153293 0.188846
vt 0.153498 0.186881
vt 0.153293 0.187045
vt 0.153498 0.194387
vt 0.153498 0.189014
vt 0.153293 0.190137
vt 0.153498 0.187045
vt 0.106888 0.184814
vt 0.106108 0.183836
vt 0.107002 0.184694
vt 0.121176 0.196411
vt 0.121020 0.195120
vt 0.121176 0.195120
vt 0.106987 0.184909
vt 0.106109 0.185625
vt 0.167169 0.199725
vt 0.167012 0.198485
vt 0.167169 0.198485
vt 0.068087 0.197540
vt 0.068244 0.198779
vt 0.068087 0.198779
vt 0.107101 0.184789
vt 0.108268 0.183376
vt 0.108367 0.183471
vt 0.148173 0.200427
vt 0.148016 0.199188
vt 0.148173 0.199188
vt 0.108386 0.183253
vt 0.108485 0.183348
vt 0.107492 0.182395
vt 0.087406 0.194605
vt 0.087249 0.192777
vt 0.087406 0.192777
vt 0.341869 0.200556
vt 0.340451 0.199079
vt 0.341869 0.199079
vt 0.452871 0.063524
vt 0.451733 0.062106
vt 0.452871 0.062106
vt 0.447362 0.118810
vt 0.448780 0.120901
vt 0.447362 0.120901
vt 0.160314 0.203901
vt 0.160157 0.202777
vt 0.160314 0.202777
vt 0.109280 0.182322
vt 0.109379 0.182417
vt 0.108094 0.185743
vt 0.107086 0.185004
vt 0.107200 0.184884
vt 0.167543 0.148373
vt 0.167700 0.147082
vt 0.167700 0.148373
vt 0.106307 0.185815
vt 0.106198 0.185730
vt 0.096335 0.198214
vt 0.074632 0.198223
vt 0.074475 0.199462
vt 0.074475 0.198223
vt 0.108466 0.183566
vt 0.128597 0.200844
vt 0.128754 0.199605
vt 0.128754 0.200844
vt 0.108584 0.183443
vt 0.109478 0.184301
vt 0.104799 0.190087
vt 0.104642 0.191914
vt 0.104642 0.190087
vt 0.418028 0.199145
vt 0.416610 0.200622
vt 0.416610 0.199145
vt 0.451587 0.034238
vt 0.452725 0.032820
vt 0.452873 0.034238
vt 0.447364 0.041643
vt 0.448782 0.039552
vt 0.448782 0.041643
vt 0.071381 0.202325
vt 0.071224 0.203449
vt 0.071224 0.202325
vt 0.109478 0.182512
vt 0.950530 0.787381
vt 0.949966 0.788981
vt 0.949966 0.787381
vt 0.832815 0.940092
vt 0.832251 0.941693
vt 0.832251 0.940092
vt 0.948715 0.855356
vt 0.949279 0.851787
vt 0.949279 0.855356
vt 0.821099 0.922498
vt 0.822699 0.926067
vt 0.821099 0.926067
vt 0.934780 0.899730
vt 0.933180 0.896161
vt 0.934780 0.896161
vt 0.832135 0.941838
vt 0.832135 0.941693
vt 0.832135 0.940092
vt 0.949850 0.788981
vt 0.949850 0.787381
vt 0.826435 0.926067
vt 0.826551 0.922498
vt 0.826551 0.926067
vt 0.855826 0.913906
vt 0.855681 0.910337
vt 0.855826 0.910337
vt 0.949966 0.787235
vt 0.822699 0.922498
vt 0.822845 0.926067
vt 0.067844 0.188987
vt 0.066815 0.188277
vt 0.066926 0.188154
vt 0.099829 0.196887
vt 0.099899 0.195647
vt 0.099899 0.196887
vt 0.066713 0.188185
vt 0.066060 0.189109
vt 0.065949 0.189028
vt 0.168251 0.148377
vt 0.168181 0.149616
vt 0.168181 0.148377
vt 0.109667 0.179968
vt 0.109598 0.181942
vt 0.109598 0.179968
vt 0.066825 0.188062
vt 0.113643 0.165426
vt 0.113574 0.165426
vt 0.068252 0.186692
vt 0.068150 0.186600
vt 0.447363 0.075728
vt 0.447363 0.077986
vt 0.451618 0.101798
vt 0.452756 0.100380
vt 0.452905 0.101798
vt 0.160449 0.196225
vt 0.160379 0.197350
vt 0.160379 0.196225
vt 0.066612 0.188092
vt 0.065805 0.187137
vt 0.066723 0.187970
vt 0.068049 0.186508
vt 0.054238 0.194988
vt 0.054307 0.194988
vt 0.065857 0.188925
vt 0.122953 0.196262
vt 0.122884 0.195023
vt 0.122953 0.195023
vt 0.447363 0.082502
vt 0.447363 0.080244
vt 0.452905 0.103216
vt 0.451767 0.101798
vt 0.092768 0.197998
vt 0.092699 0.196874
vt 0.092768 0.196874
vt 0.106289 0.186232
vt 0.105994 0.187096
vt 0.105994 0.186018
vt 0.107305 0.189594
vt 0.106289 0.189288
vt 0.107482 0.189288
vt 0.107305 0.185878
vt 0.107482 0.186104
vt 0.105994 0.187276
vt 0.106289 0.187375
vt 0.106289 0.187212
vt 0.107614 0.189594
vt 0.107614 0.189288
vt 0.107614 0.185862
vt 0.107614 0.186090
vt 0.095546 0.206214
vt 0.096150 0.204902
vt 0.096150 0.206214
vt 0.086532 0.200518
vt 0.087137 0.202837
vt 0.086532 0.202837
vt 0.087137 0.203017
vt 0.086532 0.203017
vt 0.180655 0.161458
vt 0.180051 0.161766
vt 0.180051 0.161458
vt 0.095546 0.204902
vt 0.096150 0.204593
vt 0.087137 0.204094
vt 0.086532 0.204094
vt 0.180655 0.161766
vt 0.180051 0.163078
vt 0.153498 0.192213
vt 0.153498 0.193194
vt 0.155383 0.195243
vt 0.155178 0.196437
vt 0.155178 0.195243
vt 0.087332 0.191181
vt 0.087127 0.192374
vt 0.087127 0.191181
vt 0.153293 0.192050
vt 0.153498 0.190137
vt 0.153498 0.192050
vt 0.153293 0.192213
vt 0.155383 0.196437
vt 0.155178 0.196569
vt 0.087332 0.191049
vt 0.087127 0.191049
vt 0.108939 0.186232
vt 0.109235 0.187096
vt 0.108939 0.187212
vt 0.108939 0.189288
vt 0.107923 0.189594
vt 0.107746 0.189288
vt 0.107923 0.185878
vt 0.109235 0.186018
vt 0.109235 0.187276
vt 0.108939 0.187375
vt 0.107746 0.186104
vt 0.096150 0.204284
vt 0.095546 0.202972
vt 0.096150 0.202972
vt 0.178584 0.151601
vt 0.179188 0.149282
vt 0.179188 0.151601
vt 0.178584 0.151780
vt 0.179188 0.151780
vt 0.180051 0.161149
vt 0.095546 0.204284
vt 0.178584 0.152858
vt 0.179188 0.152858
vt 0.180051 0.159837
vt 0.180655 0.161149
vt 0.161947 0.189280
vt 0.162153 0.190260
vt 0.161947 0.190260
vt 0.155178 0.196701
vt 0.155383 0.197894
vt 0.155178 0.197894
vt 0.087127 0.189723
vt 0.087332 0.190916
vt 0.087127 0.190916
vt 0.161947 0.187203
vt 0.162153 0.189116
vt 0.161947 0.189116
vt 0.162153 0.189280
vt 0.155383 0.196701
vt 0.903694 0.940008
vt 0.904258 0.941608
vt 0.903694 0.941608
vt 0.845634 0.941919
vt 0.845070 0.940318
vt 0.845634 0.940318
vt 0.948716 0.807203
vt 0.949279 0.810772
vt 0.948716 0.810772
vt 0.898881 0.922389
vt 0.897280 0.925958
vt 0.897280 0.922389
vt 0.853125 0.923237
vt 0.851524 0.926806
vt 0.851524 0.923237
vt 0.845750 0.942064
vt 0.845750 0.941919
vt 0.845750 0.940318
vt 0.903578 0.940008
vt 0.903578 0.941608
vt 0.873569 0.905619
vt 0.873686 0.905619
vt 0.813155 0.900488
vt 0.813301 0.900488
vt 0.903694 0.941754
vt 0.899027 0.922389
vt 0.898881 0.925958
vt 0.150054 0.181349
vt 0.149759 0.182213
vt 0.149759 0.181135
vt 0.150054 0.185585
vt 0.151248 0.185585
vt 0.151071 0.180995
vt 0.151248 0.181221
vt 0.150054 0.184462
vt 0.149759 0.184374
vt 0.150054 0.184294
vt 0.150054 0.182329
vt 0.149759 0.182393
vt 0.151380 0.185585
vt 0.149759 0.184558
vt 0.150054 0.182493
vt 0.151380 0.180979
vt 0.151380 0.181207
vt 0.167781 0.197562
vt 0.167177 0.198874
vt 0.167177 0.197562
vt 0.090588 0.191201
vt 0.091192 0.191385
vt 0.090588 0.191385
vt 0.090588 0.193366
vt 0.091192 0.193546
vt 0.090588 0.193546
vt 0.180716 0.111677
vt 0.180112 0.111986
vt 0.180112 0.111677
vt 0.090588 0.189803
vt 0.091192 0.191201
vt 0.091192 0.193366
vt 0.167781 0.198874
vt 0.167177 0.199183
vt 0.091192 0.194624
vt 0.090588 0.194624
vt 0.180716 0.111986
vt 0.180112 0.113298
vt 0.162783 0.181013
vt 0.162988 0.180033
vt 0.162988 0.181013
vt 0.113301 0.196993
vt 0.113506 0.195800
vt 0.113506 0.196993
vt 0.164947 0.192952
vt 0.164742 0.194145
vt 0.164742 0.192952
vt 0.162783 0.178068
vt 0.162988 0.177900
vt 0.162988 0.178068
vt 0.162783 0.180033
vt 0.162988 0.179869
vt 0.113301 0.195800
vt 0.113506 0.195668
vt 0.162783 0.177900
vt 0.162783 0.179869
vt 0.164947 0.192820
vt 0.164742 0.192820
vt 0.152705 0.181349
vt 0.153000 0.182213
vt 0.152705 0.182329
vt 0.152705 0.185585
vt 0.151512 0.185585
vt 0.151688 0.180995
vt 0.153000 0.181135
vt 0.153000 0.184374
vt 0.152705 0.184462
vt 0.152705 0.184294
vt 0.153000 0.182393
vt 0.152705 0.182493
vt 0.153000 0.184558
vt 0.151512 0.181221
vt 0.167177 0.199491
vt 0.167781 0.200803
vt 0.167177 0.200803
vt 0.167781 0.195980
vt 0.167177 0.196164
vt 0.167177 0.195980
vt 0.167781 0.193819
vt 0.167177 0.193999
vt 0.167177 0.193819
vt 0.180112 0.111368
vt 0.167781 0.196164
vt 0.167177 0.197562
vt 0.167781 0.193999
vt 0.167781 0.199491
vt 0.167781 0.192741
vt 0.167177 0.192741
vt 0.180112 0.110056
vt 0.180716 0.111368
vt 0.113393 0.184000
vt 0.113598 0.184980
vt 0.113393 0.184980
vt 0.113506 0.195536
vt 0.113301 0.194343
vt 0.113506 0.194343
vt 0.164742 0.191494
vt 0.164947 0.192688
vt 0.164742 0.192688
vt 0.113393 0.181867
vt 0.113598 0.182035
vt 0.113393 0.182035
vt 0.113393 0.183836
vt 0.113598 0.184000
vt 0.113301 0.195536
vt 0.113393 0.180744
vt 0.113598 0.181867
vt 0.113598 0.183836
vt 0.098515 0.185416
vt 0.097506 0.184677
vt 0.097621 0.184558
vt 0.128608 0.189223
vt 0.128765 0.187933
vt 0.128765 0.189223
vt 0.079875 0.200495
vt 0.080031 0.199255
vt 0.097407 0.184582
vt 0.096728 0.185488
vt 0.096619 0.185404
vt 0.090431 0.197967
vt 0.090588 0.196727
vt 0.090588 0.197967
vt 0.055193 0.197666
vt 0.055036 0.198905
vt 0.055036 0.197666
vt 0.098887 0.183240
vt 0.097522 0.184463
vt 0.098788 0.183144
vt 0.055036 0.200144
vt 0.055193 0.198905
vt 0.055193 0.200144
vt 0.099005 0.183117
vt 0.098906 0.183022
vt 0.099899 0.183975
vt 0.085392 0.189723
vt 0.085235 0.191551
vt 0.085235 0.189723
vt 0.338260 0.200593
vt 0.339678 0.199116
vt 0.339678 0.200593
vt 0.451618 0.100380
vt 0.452756 0.098962
vt 0.452905 0.100380
vt 0.447363 0.079910
vt 0.448781 0.077819
vt 0.448781 0.079910
vt 0.091192 0.202185
vt 0.091035 0.203309
vt 0.091035 0.202185
vt 0.099899 0.182185
vt 0.099800 0.182090
vt 0.097308 0.184487
vt 0.096529 0.183510
vt 0.097423 0.184368
vt 0.080031 0.196777
vt 0.079875 0.195486
vt 0.080031 0.195486
vt 0.054286 0.201691
vt 0.054129 0.201691
vt 0.096530 0.185298
vt 0.079875 0.196777
vt 0.080031 0.196777
vt 0.153246 0.197828
vt 0.153090 0.196589
vt 0.153246 0.196589
vt 0.098689 0.183049
vt 0.032926 0.199989
vt 0.033083 0.199989
vt 0.098807 0.182927
vt 0.097913 0.182068
vt 0.069970 0.195034
vt 0.069813 0.193207
vt 0.069970 0.193207
vt 0.346046 0.200552
vt 0.344628 0.199075
vt 0.346046 0.199075
vt 0.354893 0.200970
vt 0.353755 0.199552
vt 0.354893 0.199552
vt 0.447363 0.077819
vt 0.088838 0.203958
vt 0.088681 0.202834
vt 0.088838 0.202834
vt 0.099701 0.181995
vt 0.841880 0.941937
vt 0.841316 0.940337
vt 0.841880 0.940337
vt 0.950406 0.858359
vt 0.949842 0.856758
vt 0.950406 0.856758
vt 0.949315 0.850620
vt 0.948751 0.847050
vt 0.949315 0.847050
vt 0.817539 0.926067
vt 0.819139 0.926067
vt 0.933193 0.926730
vt 0.934793 0.926730
vt 0.950522 0.858504
vt 0.950522 0.858359
vt 0.950522 0.856758
vt 0.841996 0.941937
vt 0.841996 0.940337
vt 0.934897 0.896161
vt 0.841880 0.940191
vt 0.817393 0.926067
vt 0.817539 0.922498
vt 0.057688 0.187137
vt 0.056881 0.188092
vt 0.056770 0.187970
vt 0.113547 0.196881
vt 0.113616 0.195641
vt 0.113616 0.196881
vt 0.056780 0.188185
vt 0.057636 0.188925
vt 0.057544 0.189028
vt 0.113574 0.180478
vt 0.113643 0.180478
vt 0.052892 0.184502
vt 0.052823 0.186475
vt 0.052823 0.184502
vt 0.056668 0.188062
vt 0.113643 0.163452
vt 0.113574 0.163452
vt 0.055444 0.186508
vt 0.055343 0.186600
vt 0.398897 0.191264
vt 0.398897 0.193522
vt 0.451599 0.041067
vt 0.452737 0.039649
vt 0.452885 0.041067
vt 0.056678 0.188277
vt 0.055649 0.188987
vt 0.056567 0.188154
vt 0.055241 0.186692
vt 0.149732 0.195298
vt 0.149801 0.195298
vt 0.057433 0.189109
vt 0.104711 0.193154
vt 0.104711 0.191914
vt 0.445945 0.071212
vt 0.445945 0.073470
vt 0.451580 0.051918
vt 0.452718 0.053336
vt 0.451580 0.053336
vt 0.164790 0.197818
vt 0.164721 0.196693
vt 0.164790 0.196693
vt 0.078668 0.186272
vt 0.078373 0.187136
vt 0.078373 0.186058
vt 0.079685 0.189634
vt 0.078668 0.189328
vt 0.079861 0.189328
vt 0.079685 0.185918
vt 0.079861 0.186144
vt 0.078373 0.187316
vt 0.078668 0.187415
vt 0.078668 0.187252
vt 0.079993 0.189634
vt 0.079993 0.189328
vt 0.079993 0.185902
vt 0.079993 0.186130
vt 0.167053 0.206017
vt 0.167657 0.204705
vt 0.167657 0.206017
vt 0.178259 0.163372
vt 0.178864 0.165691
vt 0.178259 0.165691
vt 0.178864 0.165871
vt 0.178259 0.165871
vt 0.180118 0.075422
vt 0.180723 0.075114
vt 0.180723 0.075422
vt 0.167053 0.204705
vt 0.167657 0.204396
vt 0.178864 0.166949
vt 0.178259 0.166949
vt 0.180118 0.075114
vt 0.180723 0.073802
vt 0.156948 0.193009
vt 0.157154 0.192029
vt 0.157154 0.193009
vt 0.083304 0.198161
vt 0.083509 0.196967
vt 0.083509 0.198161
vt 0.102907 0.191520
vt 0.103112 0.190327
vt 0.103112 0.191520
vt 0.156948 0.191865
vt 0.157154 0.189953
vt 0.157154 0.191865
vt 0.156948 0.192029
vt 0.083304 0.196967
vt 0.083509 0.196835
vt 0.102907 0.191652
vt 0.103112 0.191652
vt 0.081319 0.186272
vt 0.081614 0.187136
vt 0.081319 0.187252
vt 0.081319 0.189328
vt 0.080302 0.189634
vt 0.080126 0.189328
vt 0.080302 0.185918
vt 0.081614 0.186058
vt 0.081614 0.187316
vt 0.081319 0.187415
vt 0.080126 0.186144
vt 0.167657 0.204087
vt 0.167053 0.202775
vt 0.167657 0.202775
vt 0.178583 0.179547
vt 0.179187 0.177228
vt 0.179187 0.179547
vt 0.178583 0.179727
vt 0.179187 0.179727
vt 0.180723 0.075731
vt 0.167053 0.204087
vt 0.178583 0.180805
vt 0.179187 0.180805
vt 0.180723 0.077043
vt 0.180118 0.075731
vt 0.136245 0.191083
vt 0.136245 0.192063
vt 0.083509 0.196703
vt 0.083304 0.195510
vt 0.083509 0.195510
vt 0.103112 0.192977
vt 0.102907 0.191784
vt 0.103112 0.191784
vt 0.136245 0.189007
vt 0.136245 0.190920
vt 0.083304 0.196703
vt 0.872956 0.940035
vt 0.873520 0.941636
vt 0.872956 0.941636
vt 0.912579 0.941834
vt 0.912015 0.940234
vt 0.912579 0.940234
vt 0.948716 0.803240
vt 0.949279 0.806809
vt 0.948716 0.806809
vt 0.817247 0.922498
vt 0.815647 0.926067
vt 0.815647 0.922498
vt 0.856739 0.928048
vt 0.858340 0.924478
vt 0.858340 0.928048
vt 0.912696 0.941979
vt 0.912696 0.941834
vt 0.912696 0.940234
vt 0.872840 0.940035
vt 0.872840 0.941636
vt 0.855826 0.921044
vt 0.855710 0.917475
vt 0.855826 0.917475
vt 0.813155 0.911196
vt 0.813301 0.911196
vt 0.872956 0.941781
vt 0.817393 0.922498
vt 0.817247 0.926067
vt 0.141471 0.185589
vt 0.141767 0.184725
vt 0.141767 0.185803
vt 0.140455 0.180983
vt 0.141471 0.181354
vt 0.140278 0.181354
vt 0.140455 0.185944
vt 0.140278 0.185717
vt 0.141471 0.182476
vt 0.141767 0.182565
vt 0.141471 0.182644
vt 0.141471 0.184609
vt 0.141767 0.184546
vt 0.140146 0.180983
vt 0.140146 0.181354
vt 0.141767 0.182380
vt 0.141471 0.184446
vt 0.140146 0.185959
vt 0.140146 0.185731
vt 0.179792 0.149282
vt 0.179188 0.150594
vt 0.179188 0.149282
vt 0.120356 0.193183
vt 0.120960 0.193368
vt 0.120356 0.193368
vt 0.120356 0.195349
vt 0.120960 0.195528
vt 0.120356 0.195528
vt 0.180405 0.136007
vt 0.179800 0.136315
vt 0.179800 0.136007
vt 0.120356 0.191785
vt 0.120960 0.193183
vt 0.120960 0.195349
vt 0.179792 0.150594
vt 0.179188 0.150903
vt 0.120960 0.196606
vt 0.120356 0.196606
vt 0.180405 0.136315
vt 0.162783 0.181993
vt 0.162783 0.181013
vt 0.157154 0.193009
vt 0.156948 0.194202
vt 0.156948 0.193009
vt 0.093762 0.193318
vt 0.093557 0.194511
vt 0.093557 0.193318
vt 0.162988 0.183958
vt 0.162783 0.184126
vt 0.162783 0.183958
vt 0.162988 0.181993
vt 0.162783 0.182157
vt 0.157154 0.194202
vt 0.156948 0.194334
vt 0.162988 0.184126
vt 0.162783 0.185249
vt 0.162988 0.182157
vt 0.093762 0.193186
vt 0.093557 0.193186
vt 0.138821 0.185589
vt 0.138525 0.184725
vt 0.138821 0.184609
vt 0.138821 0.181354
vt 0.139837 0.180982
vt 0.140014 0.181354
vt 0.139837 0.185944
vt 0.138525 0.185803
vt 0.138525 0.182565
vt 0.138821 0.182476
vt 0.138821 0.182644
vt 0.138525 0.184546
vt 0.138821 0.184446
vt 0.138525 0.182380
vt 0.140014 0.185717
vt 0.179188 0.151211
vt 0.179792 0.152523
vt 0.179188 0.152523
vt 0.136108 0.196495
vt 0.136712 0.196310
vt 0.136712 0.196495
vt 0.136108 0.198655
vt 0.136712 0.198476
vt 0.136712 0.198655
vt 0.179800 0.135698
vt 0.136108 0.196310
vt 0.136712 0.194913
vt 0.136108 0.198476
vt 0.179792 0.151211
vt 0.136108 0.199733
vt 0.136712 0.199733
vt 0.179800 0.134386
vt 0.180405 0.135698
vt 0.054834 0.187066
vt 0.156948 0.194467
vt 0.157154 0.195660
vt 0.156948 0.195660
vt 0.093557 0.191861
vt 0.093762 0.193054
vt 0.093557 0.193054
vt 0.054834 0.184933
vt 0.055039 0.185101
vt 0.054834 0.185101
vt 0.054834 0.186902
vt 0.055039 0.187066
vt 0.157154 0.194467
vt 0.054834 0.183810
vt 0.055039 0.184933
vt 0.055039 0.186902
vt 0.119228 0.186388
vt 0.118219 0.185650
vt 0.118334 0.185530
vt 0.055081 0.193631
vt 0.101616 0.198341
vt 0.118120 0.185555
vt 0.117441 0.186461
vt 0.117332 0.186376
vt 0.138460 0.197141
vt 0.138303 0.198381
vt 0.138303 0.197141
vt 0.065409 0.197564
vt 0.065253 0.198803
vt 0.065253 0.197564
vt 0.119600 0.184212
vt 0.118235 0.185435
vt 0.119501 0.184117
vt 0.138460 0.198381
vt 0.138303 0.199620
vt 0.119718 0.184089
vt 0.119619 0.183994
vt 0.120612 0.184947
vt 0.090431 0.191630
vt 0.090431 0.189803
vt 0.440854 0.200618
vt 0.442272 0.199141
vt 0.442272 0.200618
vt 0.451590 0.149321
vt 0.452728 0.147903
vt 0.452876 0.149321
vt 0.447363 0.073303
vt 0.448781 0.071212
vt 0.448781 0.073303
vt 0.109614 0.202587
vt 0.109458 0.203711
vt 0.109458 0.202587
vt 0.120612 0.183158
vt 0.120513 0.183063
vt 0.118021 0.185460
vt 0.117242 0.184482
vt 0.118136 0.185340
vt 0.122884 0.196314
vt 0.122727 0.195023
vt 0.039049 0.199989
vt 0.117243 0.186271
vt 0.128597 0.198366
vt 0.128597 0.199605
vt 0.167012 0.199725
vt 0.167169 0.200964
vt 0.167012 0.200964
vt 0.119402 0.184022
vt 0.148016 0.200427
vt 0.119520 0.183899
vt 0.118626 0.183041
vt 0.167012 0.193081
vt 0.167169 0.193081
vt 0.349220 0.199196
vt 0.349220 0.200674
vt 0.452781 0.167803
vt 0.451643 0.166385
vt 0.452781 0.166385
vt 0.447430 0.150530
vt 0.148173 0.204030
vt 0.148173 0.202906
vt 0.120414 0.182968
vt 0.861021 0.941793
vt 0.860457 0.940193
vt 0.861021 0.940193
vt 0.950300 0.812373
vt 0.949736 0.810772
vt 0.950300 0.810772
vt 0.949283 0.816297
vt 0.948720 0.812728
vt 0.949283 0.812728
vt 0.813051 0.926047
vt 0.814652 0.922478
vt 0.814652 0.926047
vt 0.926018 0.926966
vt 0.927619 0.923396
vt 0.927619 0.926966
vt 0.950416 0.812518
vt 0.950416 0.812373
vt 0.950416 0.810772
vt 0.861137 0.941793
vt 0.861137 0.940193
vt 0.934910 0.923161
vt 0.890579 0.915953
vt 0.890434 0.919522
vt 0.890434 0.915953
vt 0.861021 0.940047
vt 0.812906 0.926047
vt 0.813051 0.922478
vt 0.131748 0.185589
vt 0.130731 0.180983
vt 0.131748 0.181354
vt 0.130555 0.181354
vt 0.130731 0.185944
vt 0.130555 0.185717
vt 0.131748 0.182476
vt 0.131748 0.182644
vt 0.131748 0.184609
vt 0.130423 0.180983
vt 0.130423 0.181354
vt 0.131748 0.184446
vt 0.130423 0.185959
vt 0.130423 0.185731
vt 0.091016 0.202627
vt 0.090412 0.203939
vt 0.090412 0.202627
vt 0.165551 0.194917
vt 0.164947 0.194733
vt 0.165551 0.194733
vt 0.165551 0.192752
vt 0.164947 0.192572
vt 0.165551 0.192572
vt 0.180704 0.071874
vt 0.180100 0.072182
vt 0.180100 0.071874
vt 0.165551 0.196315
vt 0.164947 0.194917
vt 0.164947 0.192752
vt 0.091016 0.203939
vt 0.090412 0.204248
vt 0.164947 0.191494
vt 0.165551 0.191494
vt 0.180704 0.072182
vt 0.164802 0.146056
vt 0.165007 0.145076
vt 0.165007 0.146056
vt 0.099599 0.197529
vt 0.099804 0.196335
vt 0.099804 0.197529
vt 0.072738 0.187657
vt 0.072533 0.188850
vt 0.072533 0.187657
vt 0.164802 0.143111
vt 0.165007 0.142943
vt 0.165007 0.143111
vt 0.164802 0.145075
vt 0.165007 0.144912
vt 0.099599 0.196335
vt 0.099804 0.196203
vt 0.164802 0.142943
vt 0.165007 0.141820
vt 0.164802 0.144912
vt 0.072738 0.187525
vt 0.072533 0.187525
vt 0.129097 0.185589
vt 0.128802 0.184725
vt 0.129097 0.184609
vt 0.129097 0.181354
vt 0.130114 0.180982
vt 0.130290 0.181354
vt 0.130114 0.185944
vt 0.128802 0.185803
vt 0.128802 0.182565
vt 0.129097 0.182476
vt 0.129097 0.182644
vt 0.128802 0.184546
vt 0.129097 0.184446
vt 0.128802 0.182380
vt 0.130290 0.185717
vt 0.090412 0.204557
vt 0.091016 0.205869
vt 0.090412 0.205869
vt 0.054307 0.197636
vt 0.054911 0.197452
vt 0.054911 0.197636
vt 0.054307 0.199797
vt 0.054911 0.199617
vt 0.054911 0.199797
vt 0.180100 0.071565
vt 0.054307 0.197451
vt 0.054911 0.196054
vt 0.054307 0.199617
vt 0.091016 0.204557
vt 0.054307 0.200874
vt 0.054911 0.200874
vt 0.180704 0.071565
vt 0.113187 0.184000
vt 0.113393 0.184980
vt 0.113187 0.184980
vt 0.099804 0.196071
vt 0.099599 0.194878
vt 0.099804 0.194878
vt 0.072533 0.186199
vt 0.072738 0.187392
vt 0.072533 0.187392
vt 0.113187 0.181867
vt 0.113187 0.182035
vt 0.113187 0.183836
vt 0.113393 0.184000
vt 0.099599 0.196071
vt 0.113187 0.180744
vt 0.062324 0.184994
vt 0.063103 0.184016
vt 0.063218 0.184135
vt 0.074475 0.195692
vt 0.074632 0.194401
vt 0.074632 0.195692
vt 0.068087 0.200019
vt 0.068244 0.200019
vt 0.063203 0.183921
vt 0.062325 0.183205
vt 0.062414 0.183100
vt 0.104642 0.198471
vt 0.064484 0.185454
vt 0.063317 0.184040
vt 0.064583 0.185359
vt 0.121047 0.200694
vt 0.121204 0.199454
vt 0.121204 0.200694
vt 0.064602 0.185577
vt 0.064701 0.185482
vt 0.063708 0.186435
vt 0.111583 0.193614
vt 0.111740 0.191786
vt 0.111740 0.193614
vt 0.404996 0.200550
vt 0.406414 0.199073
vt 0.406414 0.200550
vt 0.451583 0.085088
vt 0.452721 0.083670
vt 0.452869 0.085088
vt 0.447275 0.157041
vt 0.448693 0.154950
vt 0.448693 0.157041
vt 0.105832 0.203541
vt 0.105988 0.202417
vt 0.105988 0.203541
vt 0.065496 0.186508
vt 0.065595 0.186413
vt 0.063302 0.183826
vt 0.064310 0.183087
vt 0.063416 0.183945
vt 0.074632 0.196983
vt 0.074632 0.195692
vt 0.096335 0.201932
vt 0.096179 0.200693
vt 0.062523 0.183015
vt 0.054129 0.197973
vt 0.054286 0.199213
vt 0.130391 0.200900
vt 0.130234 0.199661
vt 0.130391 0.199661
vt 0.064682 0.185264
vt 0.121204 0.201933
vt 0.064800 0.185387
vt 0.065694 0.184528
vt 0.095546 0.195253
vt 0.095389 0.193425
vt 0.095546 0.193425
vt 0.337903 0.200660
vt 0.336485 0.199183
vt 0.337903 0.199183
vt 0.452261 0.109300
vt 0.451123 0.107882
vt 0.452261 0.107882
vt 0.448782 0.039385
vt 0.447364 0.039385
vt 0.146378 0.203904
vt 0.146222 0.202780
vt 0.146378 0.202780
vt 0.065694 0.186318
vt 0.945629 0.940103
vt 0.946193 0.941703
vt 0.945629 0.941703
vt 0.949929 0.841859
vt 0.950492 0.843459
vt 0.949929 0.843459
vt 0.949356 0.824777
vt 0.948793 0.821208
vt 0.949356 0.821208
vt 0.826697 0.926067
vt 0.924244 0.926966
vt 0.925845 0.923396
vt 0.925845 0.926966
vt 0.949812 0.841713
vt 0.949812 0.841859
vt 0.949812 0.843459
vt 0.945513 0.940103
vt 0.945513 0.941703
vt 0.863234 0.925516
vt 0.863117 0.921947
vt 0.863234 0.921947
vt 0.815497 0.920423
vt 0.815643 0.920423
vt 0.945629 0.941849
vt 0.826697 0.922498
vt 0.407636 0.878000
vt 0.406292 0.879344
vt 0.406292 0.878000
vt 0.406213 0.910192
vt 0.407557 0.908849
vt 0.407557 0.910192
vt 0.292183 0.947090
vt 0.290839 0.944739
vt 0.292183 0.944739
vt 0.402385 0.838159
vt 0.401042 0.821700
vt 0.402385 0.819349
vt 0.402385 0.821700
vt 0.407637 0.942505
vt 0.406293 0.941161
vt 0.407637 0.941161
vt 0.406213 0.907282
vt 0.407557 0.908626
vt 0.406213 0.908626
vt 0.402481 0.899493
vt 0.401138 0.897142
vt 0.402481 0.897142
vt 0.388147 0.942845
vt 0.386804 0.945196
vt 0.386804 0.942845
vt 0.401042 0.838159
vt 0.402385 0.835807
vt 0.340150 0.951063
vt 0.341494 0.949720
vt 0.341494 0.951063
vt 0.323873 0.949638
vt 0.322529 0.950982
vt 0.322529 0.949638
vt 0.402591 0.887090
vt 0.401247 0.884739
vt 0.402591 0.884739
vt 0.400806 0.902580
vt 0.399463 0.904931
vt 0.399463 0.902580
vt 0.311758 0.942191
vt 0.406294 0.867988
vt 0.407638 0.866645
vt 0.407638 0.867988
vt 0.402385 0.864022
vt 0.401042 0.861671
vt 0.402385 0.861671
vt 0.407563 0.932997
vt 0.406220 0.931654
vt 0.407563 0.931654
vt 0.403493 0.904931
vt 0.402150 0.902580
vt 0.403493 0.902580
vt 0.402385 0.824051
vt 0.401042 0.826402
vt 0.401042 0.824051
vt 0.377470 0.945749
vt 0.378814 0.943397
vt 0.378814 0.945749
vt 0.406314 0.936459
vt 0.407657 0.937802
vt 0.406314 0.937802
vt 0.383409 0.949409
vt 0.384752 0.950752
vt 0.383409 0.950752
vt 0.285466 0.947090
vt 0.285466 0.944739
vt 0.399535 0.926951
vt 0.399535 0.929302
vt 0.401018 0.941161
vt 0.083999 0.901872
vt 0.069249 0.874205
vt 0.083999 0.874205
vt 0.160096 0.900880
vt 0.139597 0.886129
vt 0.160096 0.886130
vt 0.165622 0.915628
vt 0.168152 0.900878
vt 0.168152 0.915628
vt 0.042577 0.872506
vt 0.057324 0.872045
vt 0.057327 0.872506
vt 0.160563 0.900878
vt 0.160563 0.886128
vt 0.160096 0.874207
vt 0.160563 0.874205
vt 0.069246 0.872045
vt 0.069249 0.872506
vt 0.168152 0.927550
vt 0.165622 0.927550
vt 0.139597 0.874206
vt 0.160563 0.927550
vt 0.163093 0.915628
vt 0.163093 0.927550
vt 0.160563 0.900878
vt 0.160563 0.915628
vt 0.165622 0.900878
vt 0.197860 0.145718
vt 0.198909 0.144516
vt 0.198909 0.145718
vt 0.063952 0.187667
vt 0.064318 0.188868
vt 0.063952 0.188868
vt 0.200344 0.190040
vt 0.199603 0.188837
vt 0.200344 0.188839
vt 0.144140 0.201727
vt 0.143774 0.202467
vt 0.143636 0.201727
vt 0.067092 0.201283
vt 0.066726 0.200543
vt 0.067092 0.200543
vt 0.066043 0.202434
vt 0.067092 0.201781
vt 0.067092 0.202434
vt 0.144140 0.200575
vt 0.143091 0.201229
vt 0.143091 0.200575
vt 0.203500 0.093898
vt 0.202846 0.092697
vt 0.203500 0.092696
vt 0.144140 0.201229
vt 0.089108 0.202461
vt 0.089653 0.201258
vt 0.089653 0.202460
vt 0.048938 0.201724
vt 0.048434 0.201226
vt 0.049483 0.201226
vt 0.190642 0.157417
vt 0.189593 0.158619
vt 0.189593 0.157417
vt 0.077982 0.187451
vt 0.077616 0.186249
vt 0.077982 0.186249
vt 0.200060 0.180244
vt 0.200801 0.181448
vt 0.200060 0.181446
vt 0.041578 0.201728
vt 0.041212 0.202468
vt 0.041073 0.201728
vt 0.048434 0.201724
vt 0.048800 0.202464
vt 0.048434 0.202464
vt 0.049483 0.200573
vt 0.048434 0.200573
vt 0.041578 0.200576
vt 0.040529 0.201229
vt 0.040529 0.200576
vt 0.111293 0.202303
vt 0.111947 0.203505
vt 0.111293 0.203505
vt 0.041578 0.201229
vt 0.181216 0.200602
vt 0.180671 0.201804
vt 0.180671 0.200602
vt 0.045566 0.201727
vt 0.045062 0.201229
vt 0.046111 0.201229
vt 0.167569 0.115127
vt 0.168618 0.113925
vt 0.168618 0.115127
vt 0.112949 0.197664
vt 0.113315 0.198866
vt 0.112949 0.198866
vt 0.187006 0.164049
vt 0.186265 0.162845
vt 0.187006 0.162847
vt 0.047710 0.201727
vt 0.047344 0.202468
vt 0.047206 0.201727
vt 0.045062 0.201727
vt 0.045428 0.202468
vt 0.045062 0.202468
vt 0.046111 0.200576
vt 0.045062 0.200576
vt 0.047710 0.200576
vt 0.046661 0.201229
vt 0.046661 0.200576
vt 0.203500 0.095100
vt 0.202846 0.093898
vt 0.203500 0.093898
vt 0.047710 0.201229
vt 0.143018 0.200585
vt 0.142474 0.201787
vt 0.142474 0.200585
vt 0.058046 0.201316
vt 0.058551 0.201814
vt 0.057502 0.201814
vt 0.197871 0.169725
vt 0.198920 0.168523
vt 0.198920 0.169725
vt 0.082193 0.188498
vt 0.082559 0.189700
vt 0.082193 0.189700
vt 0.200056 0.186003
vt 0.200796 0.187207
vt 0.200056 0.187205
vt 0.042775 0.201728
vt 0.042409 0.202468
vt 0.042271 0.201728
vt 0.058551 0.201316
vt 0.058185 0.200576
vt 0.058551 0.200576
vt 0.057502 0.202467
vt 0.058551 0.202467
vt 0.042775 0.200576
vt 0.041726 0.201229
vt 0.041726 0.200576
vt 0.202842 0.056274
vt 0.203495 0.057476
vt 0.202842 0.057476
vt 0.202198 0.198164
vt 0.202702 0.198662
vt 0.201653 0.198662
vt 0.042775 0.201229
vt 0.055902 0.201828
vt 0.056446 0.200626
vt 0.056446 0.201828
vt 0.190642 0.158619
vt 0.191691 0.157417
vt 0.191691 0.158619
vt 0.058223 0.191618
vt 0.058589 0.192820
vt 0.058223 0.192820
vt 0.200156 0.132098
vt 0.200897 0.133300
vt 0.200156 0.133300
vt 0.130562 0.201273
vt 0.130928 0.200533
vt 0.131066 0.201273
vt 0.202702 0.198164
vt 0.202336 0.197423
vt 0.202702 0.197424
vt 0.201653 0.199315
vt 0.202702 0.199315
vt 0.130562 0.202425
vt 0.131611 0.201771
vt 0.131611 0.202425
vt 0.157171 0.202271
vt 0.157825 0.203473
vt 0.157171 0.203473
vt 0.130562 0.201771
vt 0.070382 0.201745
vt 0.070927 0.200543
vt 0.070927 0.201745
vt 0.178221 0.201548
vt 0.178725 0.202047
vt 0.177676 0.202047
vt 0.180156 0.115127
vt 0.181205 0.113925
vt 0.181205 0.115127
vt 0.113315 0.200068
vt 0.135450 0.201754
vt 0.136191 0.202956
vt 0.135450 0.202955
vt 0.156675 0.201622
vt 0.156309 0.202362
vt 0.156171 0.201622
vt 0.178725 0.201548
vt 0.178359 0.200808
vt 0.178725 0.200808
vt 0.177676 0.202700
vt 0.178725 0.202700
vt 0.156675 0.200470
vt 0.155626 0.201124
vt 0.155626 0.200470
vt 0.095384 0.202277
vt 0.096037 0.203479
vt 0.095384 0.203479
vt 0.156675 0.201124
vt 0.065447 0.201742
vt 0.065992 0.200540
vt 0.065992 0.201742
vt 0.184352 0.113925
vt 0.183303 0.115127
vt 0.183303 0.113925
vt 0.173726 0.192202
vt 0.174092 0.193404
vt 0.173726 0.193404
vt 0.201978 0.083922
vt 0.202719 0.085124
vt 0.201978 0.085124
vt 0.072624 0.201273
vt 0.072990 0.200533
vt 0.073128 0.201273
vt 0.090785 0.201507
vt 0.090419 0.200767
vt 0.090785 0.200767
vt 0.089736 0.202659
vt 0.090785 0.202005
vt 0.090785 0.202659
vt 0.072624 0.202425
vt 0.073673 0.201771
vt 0.073673 0.202425
vt 0.147319 0.202191
vt 0.147972 0.203393
vt 0.147319 0.203393
vt 0.072624 0.201771
vt 0.037831 0.201781
vt 0.038375 0.200579
vt 0.038375 0.201781
vt 0.202153 0.171906
vt 0.202658 0.172404
vt 0.201609 0.172404
vt 0.165471 0.115127
vt 0.166520 0.113925
vt 0.166520 0.115127
vt 0.174092 0.194606
vt 0.173726 0.194606
vt 0.201653 0.199315
vt 0.202394 0.200517
vt 0.201653 0.200517
vt 0.144975 0.201040
vt 0.145341 0.200299
vt 0.145479 0.201040
vt 0.202658 0.171906
vt 0.202292 0.171166
vt 0.202658 0.171166
vt 0.201609 0.173057
vt 0.202658 0.173057
vt 0.144975 0.202191
vt 0.146024 0.201538
vt 0.146024 0.202191
vt 0.060851 0.203458
vt 0.060197 0.202256
vt 0.060851 0.202256
vt 0.144975 0.201538
vt 0.045062 0.200573
vt 0.044517 0.201775
vt 0.044517 0.200573
vt 0.037286 0.201731
vt 0.036782 0.201233
vt 0.037831 0.201233
vt 0.199107 0.133300
vt 0.200801 0.180244
vt 0.201167 0.181446
vt 0.200801 0.181446
vt 0.200488 0.089701
vt 0.199747 0.088497
vt 0.200488 0.088499
vt 0.065447 0.201691
vt 0.065081 0.202432
vt 0.064943 0.201691
vt 0.036782 0.201731
vt 0.037148 0.202471
vt 0.036782 0.202471
vt 0.037831 0.200579
vt 0.036782 0.200579
vt 0.065447 0.200540
vt 0.064398 0.201193
vt 0.064398 0.200540
vt 0.202833 0.185979
vt 0.203487 0.187181
vt 0.202833 0.187181
vt 0.065447 0.201193
vt 0.054270 0.201823
vt 0.054815 0.200621
vt 0.054815 0.201823
vt 0.122645 0.201759
vt 0.122141 0.201261
vt 0.123190 0.201261
vt 0.199021 0.092664
vt 0.200070 0.091462
vt 0.200070 0.092664
vt 0.095018 0.196572
vt 0.095384 0.197774
vt 0.095018 0.197774
vt 0.200081 0.183123
vt 0.200822 0.184327
vt 0.200081 0.184325
vt 0.051173 0.201724
vt 0.050807 0.202464
vt 0.050669 0.201724
vt 0.122141 0.201759
vt 0.122507 0.202499
vt 0.122141 0.202499
vt 0.123190 0.200607
vt 0.122141 0.200607
vt 0.051173 0.200573
vt 0.050124 0.201226
vt 0.050124 0.200573
vt 0.096087 0.202277
vt 0.096741 0.203479
vt 0.096087 0.203479
vt 0.051173 0.201226
vt 0.079699 0.201902
vt 0.080244 0.200700
vt 0.080244 0.201901
vt 0.068233 0.201280
vt 0.068737 0.201778
vt 0.067688 0.201778
vt 0.197860 0.150515
vt 0.198909 0.149314
vt 0.198909 0.150515
vt 0.078520 0.201202
vt 0.078154 0.200000
vt 0.078520 0.200000
vt 0.200811 0.092666
vt 0.200070 0.092664
vt 0.044511 0.201724
vt 0.044145 0.202465
vt 0.044006 0.201724
vt 0.068737 0.201280
vt 0.068371 0.200540
vt 0.068737 0.200540
vt 0.067688 0.202432
vt 0.068737 0.202432
vt 0.044511 0.200573
vt 0.043462 0.201226
vt 0.043462 0.200573
vt 0.203505 0.098638
vt 0.202852 0.097436
vt 0.203505 0.097436
vt 0.044511 0.201226
vt 0.189029 0.202044
vt 0.189574 0.200842
vt 0.189574 0.202044
vt 0.141969 0.201325
vt 0.142474 0.201823
vt 0.141425 0.201823
vt 0.199481 0.058182
vt 0.200530 0.056980
vt 0.200530 0.058182
vt 0.044681 0.195699
vt 0.045047 0.196901
vt 0.044681 0.196901
vt 0.200480 0.123981
vt 0.199740 0.122777
vt 0.200480 0.122779
vt 0.059695 0.201721
vt 0.059329 0.202461
vt 0.059191 0.201721
vt 0.142474 0.201325
vt 0.142108 0.200585
vt 0.142474 0.200585
vt 0.141425 0.202477
vt 0.142474 0.202477
vt 0.059695 0.200570
vt 0.058646 0.201223
vt 0.058646 0.200570
vt 0.173076 0.202283
vt 0.173729 0.203484
vt 0.173076 0.203484
vt 0.059695 0.201223
vt 0.175141 0.201886
vt 0.175685 0.200684
vt 0.175685 0.201886
vt 0.201807 0.044688
vt 0.201303 0.044190
vt 0.202352 0.044190
vt 0.187499 0.113925
vt 0.186450 0.115127
vt 0.186450 0.113925
vt 0.053177 0.199701
vt 0.052811 0.198499
vt 0.053177 0.198499
vt 0.202540 0.142876
vt 0.203280 0.144078
vt 0.202540 0.144078
vt 0.196845 0.201417
vt 0.197211 0.200676
vt 0.197349 0.201417
vt 0.201303 0.044688
vt 0.201669 0.045429
vt 0.201303 0.045429
vt 0.202352 0.043537
vt 0.201303 0.043537
vt 0.196845 0.202568
vt 0.197893 0.201915
vt 0.197893 0.202568
vt 0.203289 0.192871
vt 0.202636 0.191670
vt 0.203289 0.191670
vt 0.196845 0.201915
vt 0.121596 0.199287
vt 0.122141 0.198085
vt 0.122141 0.199287
vt 0.201900 0.119582
vt 0.202405 0.120080
vt 0.201356 0.120080
vt 0.197962 0.181446
vt 0.199011 0.180244
vt 0.199011 0.181446
vt 0.168289 0.196250
vt 0.167923 0.195048
vt 0.168289 0.195048
vt 0.202548 0.121947
vt 0.203289 0.123149
vt 0.202548 0.123149
vt 0.102327 0.201792
vt 0.101961 0.202532
vt 0.101823 0.201792
vt 0.202405 0.119582
vt 0.202039 0.118842
vt 0.202405 0.118842
vt 0.201356 0.120734
vt 0.202405 0.120734
vt 0.102327 0.200640
vt 0.101278 0.201293
vt 0.101278 0.200640
vt 0.195059 0.203430
vt 0.194406 0.202229
vt 0.195059 0.202229
vt 0.102327 0.201293
vt 0.133781 0.200533
vt 0.133236 0.201735
vt 0.133236 0.200533
vt 0.148858 0.201189
vt 0.149362 0.201687
vt 0.148313 0.201687
vt 0.198690 0.123979
vt 0.198690 0.122777
vt 0.182228 0.185023
vt 0.182595 0.186225
vt 0.182228 0.186225
vt 0.133805 0.202037
vt 0.134546 0.203239
vt 0.133805 0.203239
vt 0.098078 0.201808
vt 0.097712 0.202548
vt 0.097573 0.201808
vt 0.149362 0.201189
vt 0.148996 0.200449
vt 0.149362 0.200449
vt 0.148313 0.202341
vt 0.149362 0.202341
vt 0.098078 0.200656
vt 0.097029 0.201310
vt 0.097029 0.200656
vt 0.157825 0.202271
vt 0.158479 0.203473
vt 0.098078 0.201310
vt 0.148265 0.200299
vt 0.147721 0.201501
vt 0.147721 0.200299
vt 0.086183 0.201175
vt 0.086687 0.201673
vt 0.085638 0.201673
vt 0.167569 0.113925
vt 0.181423 0.185042
vt 0.181057 0.183840
vt 0.181423 0.183840
vt 0.182652 0.202034
vt 0.183393 0.203236
vt 0.182652 0.203236
vt 0.202522 0.102486
vt 0.202156 0.103226
vt 0.202017 0.102486
vt 0.086687 0.201175
vt 0.086321 0.200435
vt 0.086687 0.200435
vt 0.085638 0.202326
vt 0.086687 0.202326
vt 0.202522 0.101334
vt 0.201473 0.101988
vt 0.201473 0.101334
vt 0.202658 0.172367
vt 0.203311 0.173569
vt 0.202658 0.173569
vt 0.090281 0.201507
vt 0.089736 0.202005
vt 0.202522 0.101988
vt 0.058643 0.198499
vt 0.058098 0.199701
vt 0.058098 0.198500
vt 0.066588 0.201283
vt 0.066043 0.201781
vt 0.061795 0.188277
vt 0.060765 0.188987
vt 0.061683 0.188154
vt 0.061896 0.188185
vt 0.062550 0.189109
vt 0.087249 0.195896
vt 0.087406 0.197135
vt 0.087249 0.197135
vt 0.065694 0.188481
vt 0.065537 0.186508
vt 0.065694 0.186508
vt 0.061785 0.188062
vt 0.131830 0.191279
vt 0.131673 0.189306
vt 0.131830 0.189306
vt 0.060459 0.186600
vt 0.447364 0.039552
vt 0.445946 0.041810
vt 0.448795 0.175820
vt 0.447657 0.174401
vt 0.448795 0.174401
vt 0.123351 0.202764
vt 0.123508 0.203888
vt 0.123351 0.203888
vt 0.061887 0.187970
vt 0.062916 0.187260
vt 0.061998 0.188092
vt 0.060561 0.186508
vt 0.096179 0.198214
vt 0.096335 0.196975
vt 0.062753 0.188925
vt 0.062661 0.189028
vt 0.160222 0.197098
vt 0.160379 0.195858
vt 0.160379 0.197098
vt 0.431586 0.189909
vt 0.430168 0.192167
vt 0.430168 0.189909
vt 0.451646 0.045395
vt 0.452784 0.043977
vt 0.452932 0.045395
vt 0.167210 0.191559
vt 0.167053 0.192683
vt 0.167053 0.191559
vt 0.073176 0.188180
vt 0.072880 0.187316
vt 0.073176 0.187200
vt 0.073176 0.185123
vt 0.074192 0.184818
vt 0.074369 0.185124
vt 0.074192 0.188534
vt 0.072880 0.188394
vt 0.072880 0.187136
vt 0.073176 0.187036
vt 0.074501 0.184818
vt 0.074501 0.185124
vt 0.074369 0.188308
vt 0.074501 0.188550
vt 0.180380 0.116250
vt 0.179776 0.114938
vt 0.180380 0.114938
vt 0.178592 0.139946
vt 0.179196 0.139946
vt 0.178592 0.140125
vt 0.179196 0.140126
vt 0.179792 0.150594
vt 0.180397 0.150903
vt 0.179792 0.150903
vt 0.180380 0.116559
vt 0.179776 0.116250
vt 0.178592 0.141203
vt 0.179196 0.141203
vt 0.180397 0.150594
vt 0.099694 0.187612
vt 0.099899 0.188592
vt 0.099694 0.188592
vt 0.153498 0.197037
vt 0.153498 0.195844
vt 0.083304 0.192859
vt 0.083509 0.194053
vt 0.083304 0.194053
vt 0.099694 0.185536
vt 0.099899 0.187448
vt 0.099694 0.187448
vt 0.099899 0.187612
vt 0.153498 0.197170
vt 0.153293 0.197037
vt 0.083509 0.194185
vt 0.083304 0.194185
vt 0.075826 0.188180
vt 0.076122 0.187316
vt 0.076122 0.188394
vt 0.074810 0.184818
vt 0.075826 0.185124
vt 0.074633 0.185124
vt 0.074810 0.188534
vt 0.074633 0.188308
vt 0.076122 0.187136
vt 0.075826 0.187036
vt 0.075826 0.187200
vt 0.074501 0.188322
vt 0.179776 0.118179
vt 0.180380 0.116867
vt 0.180380 0.118179
vt 0.144256 0.196828
vt 0.144861 0.199147
vt 0.144256 0.199147
vt 0.144861 0.199327
vt 0.144256 0.199327
vt 0.179792 0.151211
vt 0.179776 0.116867
vt 0.144861 0.200404
vt 0.144256 0.200404
vt 0.180397 0.151211
vt 0.083304 0.192859
vt 0.083509 0.191879
vt 0.083509 0.192859
vt 0.153293 0.198495
vt 0.153498 0.197302
vt 0.153498 0.198495
vt 0.083509 0.194317
vt 0.083304 0.195510
vt 0.083304 0.194317
vt 0.083304 0.191716
vt 0.083509 0.189803
vt 0.083509 0.191716
vt 0.083304 0.191879
vt 0.153293 0.197302
vt 0.950126 0.933232
vt 0.949562 0.934833
vt 0.949562 0.933232
vt 0.935995 0.879322
vt 0.935432 0.880922
vt 0.935432 0.879322
vt 0.932629 0.937009
vt 0.933193 0.933440
vt 0.933193 0.937009
vt 0.861267 0.926236
vt 0.859667 0.922667
vt 0.861267 0.922667
vt 0.849924 0.923237
vt 0.935315 0.881068
vt 0.935315 0.880922
vt 0.935315 0.879322
vt 0.949446 0.934833
vt 0.949446 0.933232
vt 0.869603 0.921117
vt 0.890434 0.923092
vt 0.949562 0.933087
vt 0.859667 0.926236
vt 0.859521 0.922667
vt 0.063996 0.908222
vt 0.063996 0.943478
vt 0.045268 0.935889
vt 0.406222 0.912766
vt 0.407565 0.914110
vt 0.406222 0.914110
vt 0.406298 0.870068
vt 0.407642 0.868725
vt 0.407642 0.870068
vt 0.301256 0.949297
vt 0.302600 0.947278
vt 0.302600 0.949297
vt 0.365753 0.947187
vt 0.367096 0.949205
vt 0.365753 0.949205
vt 0.314571 0.947175
vt 0.315914 0.949194
vt 0.314571 0.949194
vt 0.401018 0.949687
vt 0.402361 0.951030
vt 0.401018 0.951030
vt 0.401018 0.945864
vt 0.401018 0.943512
vt 0.407636 0.874771
vt 0.406292 0.873427
vt 0.407636 0.873427
vt 0.370182 0.947096
vt 0.371526 0.947096
vt 0.399463 0.907282
vt 0.399463 0.909634
vt 0.399535 0.931654
vt 0.327138 0.950979
vt 0.325794 0.949635
vt 0.327138 0.949635
vt 0.342624 0.942201
vt 0.343968 0.944552
vt 0.406221 0.891307
vt 0.407564 0.892650
vt 0.406221 0.892650
vt 0.290839 0.944739
vt 0.289496 0.947090
vt 0.289496 0.944739
vt 0.401138 0.897141
vt 0.402150 0.907282
vt 0.403493 0.904931
vt 0.403493 0.907282
vt 0.406293 0.938810
vt 0.407637 0.940153
vt 0.406293 0.940153
vt 0.406292 0.820102
vt 0.407635 0.821445
vt 0.406292 0.821445
vt 0.146813 0.185586
vt 0.146518 0.184722
vt 0.146813 0.184606
vt 0.146813 0.181350
vt 0.147830 0.180979
vt 0.148006 0.181350
vt 0.147830 0.185940
vt 0.146518 0.185800
vt 0.146518 0.182562
vt 0.146813 0.182473
vt 0.146813 0.182641
vt 0.146518 0.184542
vt 0.146813 0.184443
vt 0.148138 0.180979
vt 0.148138 0.181350
vt 0.146518 0.182377
vt 0.148006 0.185714
vt 0.123351 0.204076
vt 0.122747 0.202764
vt 0.086645 0.194359
vt 0.087249 0.194175
vt 0.087249 0.194359
vt 0.086645 0.196520
vt 0.087249 0.196340
vt 0.087249 0.196520
vt 0.179813 0.173530
vt 0.180417 0.173839
vt 0.179813 0.173839
vt 0.086645 0.194175
vt 0.087249 0.192777
vt 0.086645 0.196340
vt 0.123351 0.204385
vt 0.122747 0.204076
vt 0.086645 0.197598
vt 0.087249 0.197598
vt 0.180417 0.173530
vt 0.161947 0.183948
vt 0.161742 0.182968
vt 0.161947 0.182968
vt 0.055241 0.196208
vt 0.055036 0.195015
vt 0.055241 0.195015
vt 0.083099 0.192857
vt 0.083304 0.194050
vt 0.083099 0.194050
vt 0.161947 0.186081
vt 0.161742 0.185913
vt 0.161947 0.185913
vt 0.161947 0.184111
vt 0.161742 0.183948
vt 0.055241 0.196340
vt 0.055036 0.196208
vt 0.161742 0.186081
vt 0.161742 0.184111
vt 0.083304 0.194182
vt 0.083099 0.194182
vt 0.149464 0.185586
vt 0.149759 0.184722
vt 0.149759 0.185800
vt 0.148447 0.180979
vt 0.149464 0.181350
vt 0.148271 0.181350
vt 0.148447 0.185940
vt 0.148271 0.185714
vt 0.149464 0.182473
vt 0.149759 0.182562
vt 0.149464 0.182641
vt 0.149464 0.184606
vt 0.149759 0.184542
vt 0.149759 0.182377
vt 0.149464 0.184443
vt 0.148138 0.185728
vt 0.122747 0.206006
vt 0.123351 0.204694
vt 0.123351 0.206006
vt 0.123009 0.193145
vt 0.123613 0.193329
vt 0.123009 0.193329
vt 0.123009 0.195310
vt 0.123613 0.195490
vt 0.123009 0.195490
vt 0.179813 0.174147
vt 0.123009 0.191747
vt 0.123613 0.193145
vt 0.123613 0.195310
vt 0.122747 0.204694
vt 0.123613 0.196568
vt 0.123009 0.196568
vt 0.180417 0.174147
vt 0.138509 0.185959
vt 0.138303 0.186939
vt 0.138303 0.185959
vt 0.055241 0.196473
vt 0.055241 0.197666
vt 0.083304 0.194314
vt 0.083099 0.195507
vt 0.083099 0.194314
vt 0.138509 0.188904
vt 0.138303 0.189072
vt 0.138303 0.188904
vt 0.138509 0.186939
vt 0.138303 0.187103
vt 0.055036 0.196473
vt 0.138509 0.189072
vt 0.138303 0.190195
vt 0.138509 0.187103
vt 0.114537 0.185460
vt 0.113758 0.184482
vt 0.114652 0.185340
vt 0.155157 0.196534
vt 0.155000 0.195243
vt 0.155157 0.195243
vt 0.052640 0.202995
vt 0.052483 0.201756
vt 0.052640 0.201756
vt 0.114636 0.185555
vt 0.113759 0.186271
vt 0.101459 0.202059
vt 0.101616 0.203298
vt 0.101459 0.203298
vt 0.157105 0.199550
vt 0.114751 0.185435
vt 0.115917 0.184022
vt 0.116016 0.184117
vt 0.074629 0.203020
vt 0.074472 0.201781
vt 0.074629 0.201781
vt 0.116035 0.183899
vt 0.116134 0.183994
vt 0.115141 0.183041
vt 0.125404 0.193016
vt 0.125561 0.193016
vt 0.443720 0.154932
vt 0.442302 0.153455
vt 0.443720 0.153455
vt 0.448888 0.107185
vt 0.447750 0.105767
vt 0.448888 0.105767
vt 0.430196 0.194733
vt 0.431614 0.196824
vt 0.430196 0.196824
vt 0.169471 0.203943
vt 0.169314 0.202819
vt 0.169471 0.202819
vt 0.116929 0.182968
vt 0.117028 0.183063
vt 0.115744 0.186388
vt 0.114735 0.185650
vt 0.114850 0.185530
vt 0.162940 0.185249
vt 0.162783 0.186540
vt 0.101616 0.200820
vt 0.101616 0.202059
vt 0.113957 0.186461
vt 0.113848 0.186376
vt 0.122727 0.197553
vt 0.122727 0.196314
vt 0.101616 0.197102
vt 0.101459 0.198341
vt 0.101459 0.197102
vt 0.116115 0.184212
vt 0.128597 0.202084
vt 0.128754 0.202084
vt 0.116233 0.184089
vt 0.117127 0.184947
vt 0.158818 0.189953
vt 0.158661 0.191780
vt 0.158661 0.189953
vt 0.445138 0.153455
vt 0.451585 0.064942
vt 0.452723 0.063524
vt 0.452871 0.064942
vt 0.447363 0.082335
vt 0.448781 0.080244
vt 0.448781 0.082335
vt 0.138365 0.203314
vt 0.138522 0.202190
vt 0.138522 0.203314
vt 0.117127 0.183158
vt 0.949558 0.909596
vt 0.950122 0.907995
vt 0.950122 0.909596
vt 0.813926 0.941805
vt 0.814490 0.940204
vt 0.814490 0.941805
vt 0.948786 0.878159
vt 0.949349 0.874589
vt 0.949349 0.878159
vt 0.855702 0.923552
vt 0.854102 0.919983
vt 0.855702 0.919983
vt 0.866688 0.923540
vt 0.868288 0.927109
vt 0.866688 0.927109
vt 0.814606 0.940059
vt 0.814606 0.940204
vt 0.814606 0.941805
vt 0.950238 0.907995
vt 0.950238 0.909596
vt 0.869603 0.924686
vt 0.869720 0.921117
vt 0.869720 0.924686
vt 0.815643 0.923993
vt 0.815497 0.923993
vt 0.950122 0.909741
vt 0.854102 0.923552
vt 0.853956 0.919983
vt 0.322529 0.943142
vt 0.323873 0.945493
vt 0.322529 0.945493
vt 0.301256 0.944992
vt 0.299913 0.942641
vt 0.286809 0.947090
vt 0.288152 0.944739
vt 0.288152 0.947090
vt 0.407557 0.911200
vt 0.406213 0.912544
vt 0.406213 0.911200
vt 0.347290 0.951704
vt 0.345946 0.950360
vt 0.347290 0.950360
vt 0.171632 0.900878
vt 0.174326 0.888956
vt 0.174326 0.900878
vt 0.171632 0.874205
vt 0.174326 0.874205
vt 0.141037 0.044039
vt 0.140552 0.044925
vt 0.140202 0.044836
vt 0.191524 0.114720
vt 0.190494 0.075227
vt 0.191524 0.075227
vt 0.191527 0.115265
vt 0.190494 0.114720
vt 0.127869 0.178656
vt 0.126842 0.154476
vt 0.127871 0.154476
vt 0.127871 0.179207
vt 0.126840 0.178656
vt 0.114391 0.115265
vt 0.091309 0.114113
vt 0.113291 0.114113
vt 0.089666 0.114721
vt 0.090209 0.115265
vt 0.114934 0.075228
vt 0.113785 0.113619
vt 0.113785 0.075228
vt 0.114934 0.114721
vt 0.092645 0.104891
vt 0.090816 0.105990
vt 0.090396 0.104891
vt 0.136480 0.194428
vt 0.135451 0.196677
vt 0.135450 0.194428
vt 0.143181 0.045565
vt 0.140932 0.045565
vt 0.093814 0.104891
vt 0.093817 0.105990
vt 0.180480 0.144928
vt 0.179451 0.115265
vt 0.180480 0.115265
vt 0.092645 0.075228
vt 0.141533 0.036417
vt 0.140202 0.035735
vt 0.140745 0.035191
vt 0.164123 0.036914
vt 0.164928 0.035191
vt 0.165471 0.035735
vt 0.089666 0.105620
vt 0.090816 0.113619
vt 0.144340 0.075228
vt 0.143181 0.075228
vt 0.163627 0.036417
vt 0.165471 0.075228
vt 0.109208 0.183888
vt 0.108179 0.174787
vt 0.109209 0.174787
vt 0.140416 0.045351
vt 0.090193 0.105395
vt 0.089880 0.105104
vt 0.109209 0.184404
vt 0.108178 0.183888
vt 0.135451 0.193912
vt 0.136480 0.193911
vt 0.401042 0.833456
vt 0.380214 0.945245
vt 0.378870 0.942894
vt 0.380214 0.942894
vt 0.402385 0.866373
vt 0.401042 0.868725
vt 0.401042 0.866373
vt 0.406297 0.935451
vt 0.407640 0.934107
vt 0.407640 0.935451
vt 0.406305 0.837151
vt 0.407648 0.835807
vt 0.407648 0.837151
vt 0.402150 0.909634
vt 0.403493 0.907282
vt 0.403493 0.909633
vt 0.127675 0.874205
vt 0.139597 0.901872
vt 0.127675 0.901873
vt 0.171203 0.900878
vt 0.171632 0.888956
vt 0.069246 0.836789
vt 0.042574 0.872045
vt 0.057324 0.836789
vt 0.176223 0.874205
vt 0.175793 0.901872
vt 0.175793 0.874205
vt 0.201858 0.162407
vt 0.202362 0.162905
vt 0.201314 0.162905
vt 0.198058 0.133300
vt 0.199107 0.132098
vt 0.201188 0.184325
vt 0.200822 0.183123
vt 0.201188 0.183123
vt 0.135287 0.203239
vt 0.134546 0.202037
vt 0.135287 0.202038
vt 0.201561 0.174467
vt 0.201927 0.173727
vt 0.202065 0.174467
vt 0.202362 0.162407
vt 0.201996 0.161666
vt 0.202362 0.161666
vt 0.201314 0.163558
vt 0.202362 0.163558
vt 0.201561 0.175618
vt 0.202609 0.174965
vt 0.202609 0.175618
vt 0.100086 0.202273
vt 0.100740 0.203475
vt 0.100086 0.203475
vt 0.201561 0.174965
vt 0.199005 0.043797
vt 0.199550 0.042595
vt 0.199550 0.043796
vt 0.113860 0.200977
vt 0.114364 0.201476
vt 0.113315 0.201476
vt 0.185401 0.113925
vt 0.184352 0.115127
vt 0.044681 0.194497
vt 0.045047 0.195699
vt 0.139292 0.201890
vt 0.140032 0.203092
vt 0.139292 0.203092
vt 0.202540 0.145781
vt 0.202174 0.146521
vt 0.202035 0.145781
vt 0.114364 0.200977
vt 0.113998 0.200237
vt 0.114364 0.200237
vt 0.113315 0.202129
vt 0.114364 0.202129
vt 0.202540 0.144629
vt 0.201491 0.145283
vt 0.201491 0.144629
vt 0.145629 0.203393
vt 0.144975 0.203393
vt 0.202540 0.145283
vt 0.162397 0.198153
vt 0.161852 0.199356
vt 0.161852 0.198154
vt 0.150520 0.200891
vt 0.151024 0.201389
vt 0.149975 0.201389
vt 0.197978 0.072589
vt 0.199027 0.071387
vt 0.199027 0.072589
vt 0.168289 0.198653
vt 0.167923 0.197451
vt 0.168289 0.197451
vt 0.203280 0.146482
vt 0.202540 0.145280
vt 0.203280 0.145280
vt 0.201491 0.139694
vt 0.201857 0.138954
vt 0.201995 0.139694
vt 0.151024 0.200891
vt 0.150658 0.200150
vt 0.151024 0.200150
vt 0.149975 0.202042
vt 0.151024 0.202042
vt 0.201491 0.140846
vt 0.202540 0.140192
vt 0.202540 0.140846
vt 0.203469 0.190419
vt 0.202816 0.189217
vt 0.203469 0.189217
vt 0.201491 0.140192
vt 0.076656 0.201735
vt 0.077201 0.200533
vt 0.077201 0.201735
vt 0.134350 0.200886
vt 0.134854 0.201384
vt 0.133805 0.201384
vt 0.197958 0.187205
vt 0.199007 0.186003
vt 0.199007 0.187205
vt 0.174092 0.198633
vt 0.173726 0.197431
vt 0.174092 0.197431
vt 0.127335 0.201970
vt 0.128076 0.203172
vt 0.127335 0.203172
vt 0.200135 0.201409
vt 0.200501 0.200669
vt 0.200639 0.201409
vt 0.134854 0.200886
vt 0.134488 0.200146
vt 0.134854 0.200146
vt 0.134854 0.202037
vt 0.200135 0.202560
vt 0.201184 0.201907
vt 0.201184 0.202561
vt 0.202794 0.057792
vt 0.203447 0.058994
vt 0.202794 0.058994
vt 0.200135 0.201907
vt 0.072572 0.200533
vt 0.072028 0.201735
vt 0.072028 0.200533
vt 0.088831 0.106417
vt 0.089316 0.105531
vt 0.089666 0.105620
vt 0.190491 0.114720
vt 0.189103 0.075227
vt 0.190491 0.075227
vt 0.190494 0.115265
vt 0.189103 0.114720
vt 0.125448 0.178656
vt 0.124061 0.154476
vt 0.125450 0.154476
vt 0.125450 0.179207
vt 0.124059 0.178656
vt 0.115477 0.115265
vt 0.138559 0.114113
vt 0.139660 0.115265
vt 0.116577 0.114113
vt 0.140202 0.075228
vt 0.139053 0.113619
vt 0.139053 0.075228
vt 0.140202 0.114721
vt 0.117913 0.104891
vt 0.116084 0.105990
vt 0.115664 0.104891
vt 0.078641 0.189565
vt 0.077252 0.191815
vt 0.077252 0.189565
vt 0.086687 0.104891
vt 0.088937 0.104891
vt 0.119083 0.104891
vt 0.119086 0.105990
vt 0.063375 0.143067
vt 0.061987 0.113405
vt 0.063375 0.113405
vt 0.117913 0.075228
vt 0.088335 0.114039
vt 0.089666 0.114721
vt 0.089123 0.115265
vt 0.065745 0.113542
vt 0.064941 0.115265
vt 0.064398 0.114721
vt 0.114934 0.105620
vt 0.116084 0.113619
vt 0.085529 0.075228
vt 0.086687 0.075228
vt 0.066241 0.114039
vt 0.064398 0.075228
vt 0.141209 0.184953
vt 0.139821 0.175852
vt 0.141210 0.175852
vt 0.089453 0.105104
vt 0.115461 0.105395
vt 0.115148 0.105104
vt 0.141210 0.185469
vt 0.139820 0.184953
vt 0.077253 0.189049
vt 0.078642 0.189049
vt 0.151333 0.190590
vt 0.150754 0.182961
vt 0.151330 0.182961
vt 0.188190 0.115760
vt 0.187614 0.115265
vt 0.188191 0.115265
vt 0.180480 0.175689
vt 0.181057 0.176788
vt 0.180480 0.176788
vt 0.201180 0.085010
vt 0.200603 0.082009
vt 0.201180 0.082009
vt 0.188191 0.137742
vt 0.187613 0.115760
vt 0.150756 0.182467
vt 0.151333 0.182467
vt 0.180480 0.146027
vt 0.181057 0.175689
vt 0.063952 0.151796
vt 0.063375 0.151796
vt 0.121585 0.201170
vt 0.122089 0.201668
vt 0.121040 0.201668
vt 0.173726 0.198633
vt 0.174092 0.199835
vt 0.173726 0.199835
vt 0.202540 0.146521
vt 0.203280 0.147723
vt 0.202540 0.147723
vt 0.201561 0.176359
vt 0.201927 0.175618
vt 0.202065 0.176359
vt 0.122089 0.201170
vt 0.121723 0.200430
vt 0.122089 0.200430
vt 0.121040 0.202322
vt 0.122089 0.202322
vt 0.201561 0.177510
vt 0.202609 0.176857
vt 0.202609 0.177510
vt 0.202719 0.083922
vt 0.203372 0.085124
vt 0.202719 0.085124
vt 0.201561 0.176857
vt 0.201183 0.047746
vt 0.200639 0.048948
vt 0.200639 0.047746
vt 0.147170 0.201451
vt 0.146665 0.200953
vt 0.147714 0.200953
vt 0.197972 0.092664
vt 0.199021 0.091462
vt 0.179642 0.194054
vt 0.179276 0.192852
vt 0.179642 0.192852
vt 0.114364 0.202032
vt 0.115105 0.203234
vt 0.114364 0.203234
vt 0.201491 0.149153
vt 0.201857 0.148413
vt 0.201995 0.149153
vt 0.146665 0.201451
vt 0.147031 0.202191
vt 0.146665 0.202191
vt 0.147714 0.200299
vt 0.146665 0.200299
vt 0.201491 0.150305
vt 0.202540 0.149651
vt 0.202540 0.150305
vt 0.202657 0.195378
vt 0.203310 0.196580
vt 0.202657 0.196580
vt 0.201491 0.149651
vt 0.198909 0.150516
vt 0.199454 0.149314
vt 0.199454 0.150515
vt 0.087470 0.201195
vt 0.087974 0.201693
vt 0.086925 0.201693
vt 0.177010 0.115127
vt 0.178059 0.113925
vt 0.178059 0.115127
vt 0.085269 0.194056
vt 0.085636 0.195258
vt 0.085269 0.195258
vt 0.124059 0.202039
vt 0.124800 0.203240
vt 0.124059 0.203240
vt 0.202562 0.165229
vt 0.202196 0.165969
vt 0.202058 0.165229
vt 0.087974 0.201195
vt 0.087608 0.200455
vt 0.087974 0.200455
vt 0.086925 0.202347
vt 0.087974 0.202347
vt 0.202562 0.164078
vt 0.201513 0.164731
vt 0.201513 0.164077
vt 0.202751 0.167672
vt 0.203405 0.168874
vt 0.202751 0.168874
vt 0.202562 0.164731
vt 0.198909 0.142839
vt 0.199454 0.141637
vt 0.199454 0.142839
vt 0.201818 0.046169
vt 0.202322 0.046667
vt 0.201273 0.046667
vt 0.171765 0.113925
vt 0.170716 0.115127
vt 0.170716 0.113925
vt 0.113315 0.195260
vt 0.112949 0.194058
vt 0.113315 0.194058
vt 0.202394 0.199315
vt 0.203135 0.200517
vt 0.202394 0.200517
vt 0.202540 0.147673
vt 0.202174 0.148413
vt 0.202035 0.147673
vt 0.202322 0.046169
vt 0.201956 0.045429
vt 0.202322 0.045429
vt 0.201273 0.047320
vt 0.202322 0.047320
vt 0.202540 0.146521
vt 0.201491 0.147175
vt 0.201491 0.146521
vt 0.202636 0.194073
vt 0.203289 0.195275
vt 0.202636 0.195275
vt 0.202540 0.147175
vt 0.073679 0.201735
vt 0.074224 0.200533
vt 0.074224 0.201735
vt 0.201731 0.068472
vt 0.202235 0.068970
vt 0.201186 0.068970
vt 0.182254 0.113925
vt 0.182254 0.115127
vt 0.085636 0.196460
vt 0.085269 0.196460
vt 0.202540 0.144078
vt 0.203280 0.145280
vt 0.202540 0.145280
vt 0.202232 0.201820
vt 0.201866 0.202561
vt 0.201728 0.201820
vt 0.202235 0.068472
vt 0.201869 0.067732
vt 0.202235 0.067732
vt 0.201186 0.069624
vt 0.202235 0.069624
vt 0.202232 0.200669
vt 0.201184 0.201322
vt 0.201184 0.200669
vt 0.203323 0.131655
vt 0.202669 0.130453
vt 0.203323 0.130453
vt 0.202232 0.201322
vt 0.201177 0.071820
vt 0.200632 0.073023
vt 0.200632 0.071821
vt 0.120536 0.201170
vt 0.119991 0.201668
vt 0.174912 0.113925
vt 0.173863 0.115127
vt 0.173863 0.113925
vt 0.173614 0.196209
vt 0.173980 0.197411
vt 0.173614 0.197411
vt 0.112342 0.202063
vt 0.113083 0.203265
vt 0.112342 0.203265
vt 0.202548 0.125681
vt 0.202182 0.126421
vt 0.202044 0.125681
vt 0.121040 0.201170
vt 0.120674 0.200430
vt 0.121040 0.200430
vt 0.119991 0.202322
vt 0.202548 0.124529
vt 0.201499 0.125182
vt 0.201499 0.124529
vt 0.203302 0.184248
vt 0.202649 0.183046
vt 0.203302 0.183046
vt 0.202548 0.125183
vt 0.200643 0.043354
vt 0.201188 0.042152
vt 0.201188 0.043353
vt 0.406292 0.823043
vt 0.407635 0.821700
vt 0.407635 0.823043
vt 0.406222 0.925879
vt 0.407566 0.924535
vt 0.407566 0.925879
vt 0.329384 0.945877
vt 0.330728 0.943526
vt 0.330728 0.945877
vt 0.399463 0.911985
vt 0.401042 0.816997
vt 0.401042 0.819349
vt 0.406294 0.865301
vt 0.407638 0.863958
vt 0.407638 0.865301
vt 0.406213 0.906274
vt 0.407557 0.904931
vt 0.407557 0.906274
vt 0.402222 0.929303
vt 0.402385 0.849915
vt 0.401042 0.842861
vt 0.401042 0.845212
vt 0.317917 0.949554
vt 0.319261 0.950897
vt 0.317917 0.950897
vt 0.281435 0.949377
vt 0.282779 0.950720
vt 0.281435 0.950720
vt 0.395899 0.945745
vt 0.397242 0.943394
vt 0.397242 0.945745
vt 0.399794 0.894790
vt 0.399794 0.897141
vt 0.406303 0.850607
vt 0.407647 0.851951
vt 0.406303 0.851951
vt 0.402150 0.911985
vt 0.403493 0.909634
vt 0.403493 0.911985
vt 0.407576 0.922249
vt 0.406232 0.923592
vt 0.406232 0.922249
vt 0.402385 0.859320
vt 0.401042 0.859320
vt 0.401018 0.938810
vt 0.298569 0.942641
vt 0.299913 0.944992
vt 0.294925 0.950786
vt 0.296268 0.949443
vt 0.296268 0.950786
vt 0.406341 0.872355
vt 0.407684 0.871011
vt 0.407684 0.872355
vt 0.285466 0.947090
vt 0.286809 0.944739
vt 0.286809 0.947090
vt 0.373068 0.942566
vt 0.371724 0.944918
vt 0.371724 0.942566
vt 0.401042 0.852266
vt 0.402385 0.854617
vt 0.401042 0.854617
vt 0.069249 0.929540
vt 0.069249 0.901873
vt 0.160560 0.912803
vt 0.140059 0.927554
vt 0.140059 0.912804
vt 0.163093 0.888955
vt 0.163093 0.874205
vt 0.057324 0.801533
vt 0.042577 0.801074
vt 0.057327 0.801074
vt 0.139597 0.927553
vt 0.139597 0.912802
vt 0.140059 0.900881
vt 0.139597 0.900880
vt 0.069246 0.801533
vt 0.069249 0.801074
vt 0.163093 0.900878
vt 0.160560 0.900881
vt 0.168152 0.900878
vt 0.165622 0.888955
vt 0.168152 0.888955
vt 0.168152 0.874205
vt 0.165622 0.874205
vt 0.197383 0.056980
vt 0.198432 0.058182
vt 0.197383 0.058182
vt 0.113315 0.196462
vt 0.113315 0.197664
vt 0.202548 0.128825
vt 0.203289 0.127623
vt 0.203289 0.128825
vt 0.170617 0.200601
vt 0.170983 0.201341
vt 0.170479 0.201341
vt 0.130469 0.201684
vt 0.130102 0.202425
vt 0.129964 0.201684
vt 0.130469 0.201186
vt 0.129419 0.200533
vt 0.130469 0.200533
vt 0.169934 0.201839
vt 0.170983 0.202493
vt 0.169934 0.202493
vt 0.183393 0.203236
vt 0.184047 0.202034
vt 0.184047 0.203236
vt 0.170983 0.201839
vt 0.187672 0.196591
vt 0.187127 0.195389
vt 0.187672 0.195389
vt 0.137724 0.201192
vt 0.137220 0.201690
vt 0.136675 0.201192
vt 0.197642 0.122777
vt 0.197642 0.123979
vt 0.155256 0.196908
vt 0.155622 0.195706
vt 0.155622 0.196908
vt 0.202609 0.174929
vt 0.203350 0.173727
vt 0.203350 0.174928
vt 0.166939 0.200579
vt 0.167305 0.201319
vt 0.166800 0.201319
vt 0.137724 0.201690
vt 0.137358 0.202431
vt 0.136675 0.200539
vt 0.137724 0.200539
vt 0.166256 0.201817
vt 0.167305 0.202470
vt 0.166256 0.202470
vt 0.203299 0.037353
vt 0.202645 0.038554
vt 0.202645 0.037353
vt 0.167305 0.201817
vt 0.188548 0.113925
vt 0.189093 0.115127
vt 0.188548 0.115127
vt 0.129419 0.201186
vt 0.128915 0.201684
vt 0.128371 0.201186
vt 0.196593 0.122777
vt 0.196593 0.123979
vt 0.181057 0.186244
vt 0.181423 0.185042
vt 0.181423 0.186244
vt 0.202562 0.165280
vt 0.203303 0.164077
vt 0.203303 0.165279
vt 0.055536 0.200626
vt 0.055902 0.201366
vt 0.055398 0.201366
vt 0.129419 0.201684
vt 0.129053 0.202425
vt 0.128371 0.200533
vt 0.054853 0.201864
vt 0.055902 0.202518
vt 0.054853 0.202518
vt 0.202622 0.104428
vt 0.203276 0.103226
vt 0.203276 0.104428
vt 0.055902 0.201864
vt 0.121596 0.196883
vt 0.122141 0.198085
vt 0.121596 0.198085
vt 0.070382 0.201196
vt 0.069878 0.201694
vt 0.069333 0.201196
vt 0.197860 0.141637
vt 0.198909 0.142839
vt 0.197860 0.142839
vt 0.112949 0.196462
vt 0.113315 0.203331
vt 0.114056 0.202129
vt 0.114056 0.203331
vt 0.053587 0.202513
vt 0.053221 0.201773
vt 0.053726 0.201773
vt 0.070382 0.201694
vt 0.070016 0.202435
vt 0.069333 0.200543
vt 0.070382 0.200543
vt 0.054270 0.201275
vt 0.053221 0.200621
vt 0.054270 0.200621
vt 0.202702 0.198625
vt 0.203355 0.197423
vt 0.203355 0.198625
vt 0.076656 0.201186
vt 0.076152 0.201685
vt 0.075607 0.201186
vt 0.053221 0.201275
vt 0.125728 0.192667
vt 0.126272 0.193869
vt 0.125728 0.193869
vt 0.077980 0.187482
vt 0.077614 0.188684
vt 0.077614 0.187482
vt 0.200908 0.151219
vt 0.200167 0.152421
vt 0.200167 0.151219
vt 0.185595 0.202694
vt 0.185229 0.201954
vt 0.185734 0.201954
vt 0.076656 0.201685
vt 0.076290 0.202425
vt 0.075607 0.200533
vt 0.076656 0.200533
vt 0.186278 0.201456
vt 0.185229 0.200802
vt 0.186278 0.200802
vt 0.203474 0.078459
vt 0.202821 0.079660
vt 0.202821 0.078459
vt 0.185229 0.201456
vt 0.050027 0.201775
vt 0.050027 0.200573
vt 0.072028 0.201186
vt 0.071523 0.201684
vt 0.070979 0.201186
vt 0.179107 0.113925
vt 0.179107 0.115127
vt 0.128362 0.191216
vt 0.127996 0.192418
vt 0.127996 0.191216
vt 0.201182 0.177397
vt 0.200441 0.178599
vt 0.200441 0.177397
vt 0.163094 0.200811
vt 0.163460 0.201551
vt 0.162956 0.201551
vt 0.072028 0.201684
vt 0.071662 0.202425
vt 0.070979 0.200533
vt 0.072028 0.200533
vt 0.162411 0.202049
vt 0.163460 0.202703
vt 0.162411 0.202703
vt 0.061504 0.202256
vt 0.163460 0.202049
vt 0.046655 0.201778
vt 0.046111 0.201778
vt 0.175961 0.115127
vt 0.175961 0.113925
vt 0.168289 0.192644
vt 0.167923 0.193846
vt 0.167923 0.192644
vt 0.201908 0.184248
vt 0.202649 0.183046
vt 0.202649 0.184248
vt 0.176146 0.202696
vt 0.175780 0.201955
vt 0.176284 0.201955
vt 0.133230 0.201684
vt 0.132864 0.202425
vt 0.132726 0.201684
vt 0.133230 0.201186
vt 0.132181 0.200533
vt 0.133230 0.200533
vt 0.176829 0.201457
vt 0.175780 0.200804
vt 0.176829 0.200804
vt 0.146282 0.202191
vt 0.145629 0.202191
vt 0.175780 0.201457
vt 0.067637 0.201745
vt 0.067092 0.201744
vt 0.179431 0.175829
vt 0.179936 0.175331
vt 0.180480 0.175829
vt 0.177010 0.113925
vt 0.082193 0.190901
vt 0.200344 0.190039
vt 0.201084 0.188837
vt 0.201084 0.190039
vt 0.202291 0.195378
vt 0.202657 0.196118
vt 0.202152 0.196118
vt 0.179431 0.175331
vt 0.179798 0.174591
vt 0.180480 0.176483
vt 0.179431 0.176483
vt 0.201608 0.196616
vt 0.202657 0.197270
vt 0.201608 0.197270
vt 0.203311 0.171166
vt 0.202657 0.196617
vt 0.051173 0.200573
vt 0.051718 0.201775
vt 0.051173 0.201774
vt 0.036240 0.201267
vt 0.035736 0.201765
vt 0.035191 0.201267
vt 0.200056 0.187205
vt 0.182563 0.198704
vt 0.182196 0.199906
vt 0.182196 0.198704
vt 0.203289 0.124529
vt 0.202548 0.125731
vt 0.202548 0.124529
vt 0.110095 0.200619
vt 0.110461 0.201360
vt 0.109957 0.201360
vt 0.036240 0.201765
vt 0.035874 0.202505
vt 0.035191 0.200613
vt 0.036240 0.200613
vt 0.109412 0.201858
vt 0.110461 0.202511
vt 0.109412 0.202511
vt 0.200167 0.147623
vt 0.200820 0.146421
vt 0.200820 0.147623
vt 0.110461 0.201858
vt 0.141388 0.195150
vt 0.140843 0.193948
vt 0.141388 0.193949
vt 0.057502 0.201229
vt 0.056997 0.201727
vt 0.056453 0.201229
vt 0.199032 0.183123
vt 0.200081 0.184325
vt 0.199032 0.184325
vt 0.200811 0.092664
vt 0.201177 0.091462
vt 0.201177 0.092664
vt 0.202548 0.130027
vt 0.203289 0.128825
vt 0.203289 0.130027
vt 0.062263 0.200631
vt 0.062629 0.201371
vt 0.062125 0.201371
vt 0.057502 0.201727
vt 0.057136 0.202467
vt 0.056453 0.200576
vt 0.057502 0.200576
vt 0.061580 0.201869
vt 0.062629 0.202523
vt 0.061580 0.202523
vt 0.201141 0.088497
vt 0.200488 0.089699
vt 0.200488 0.088497
vt 0.062629 0.201869
vt 0.141388 0.196353
vt 0.140843 0.195150
vt 0.141388 0.195151
vt 0.039480 0.201229
vt 0.038975 0.201728
vt 0.038431 0.201229
vt 0.187499 0.115127
vt 0.200796 0.187205
vt 0.201162 0.186003
vt 0.201162 0.187205
vt 0.084460 0.202149
vt 0.083720 0.203351
vt 0.083720 0.202149
vt 0.154421 0.200579
vt 0.154787 0.201319
vt 0.154282 0.201319
vt 0.039480 0.201728
vt 0.039114 0.202468
vt 0.038431 0.200576
vt 0.039480 0.200576
vt 0.153738 0.201817
vt 0.154787 0.202471
vt 0.153738 0.202471
vt 0.203263 0.176131
vt 0.202609 0.177332
vt 0.202609 0.176131
vt 0.154787 0.201817
vt 0.189276 0.194374
vt 0.189821 0.195576
vt 0.189276 0.195576
vt 0.040024 0.201728
vt 0.199188 0.111538
vt 0.200236 0.112740
vt 0.199188 0.112740
vt 0.182196 0.201108
vt 0.182563 0.199906
vt 0.182563 0.201108
vt 0.203289 0.126421
vt 0.202548 0.127623
vt 0.202548 0.126421
vt 0.180305 0.200602
vt 0.180671 0.201342
vt 0.180167 0.201342
vt 0.040529 0.201728
vt 0.040163 0.202468
vt 0.039480 0.200576
vt 0.040529 0.200576
vt 0.179622 0.201840
vt 0.180671 0.202494
vt 0.179622 0.202494
vt 0.203263 0.174929
vt 0.180671 0.201840
vt 0.130561 0.194606
vt 0.130016 0.193404
vt 0.130561 0.193404
vt 0.201491 0.143976
vt 0.201995 0.143478
vt 0.202540 0.143976
vt 0.169667 0.113925
vt 0.169667 0.115127
vt 0.095018 0.200177
vt 0.095384 0.198976
vt 0.095384 0.200177
vt 0.203280 0.141674
vt 0.202540 0.142876
vt 0.202540 0.141674
vt 0.107322 0.200178
vt 0.107688 0.200918
vt 0.107184 0.200918
vt 0.201491 0.143478
vt 0.201857 0.142737
vt 0.202540 0.144629
vt 0.201491 0.144629
vt 0.106639 0.201416
vt 0.107688 0.202070
vt 0.106639 0.202070
vt 0.043429 0.202094
vt 0.042775 0.203296
vt 0.042775 0.202094
vt 0.107688 0.201416
vt 0.069282 0.201742
vt 0.068737 0.200540
vt 0.069282 0.200540
vt 0.201491 0.142084
vt 0.201995 0.141586
vt 0.202540 0.142084
vt 0.197983 0.183123
vt 0.197983 0.184325
vt 0.168289 0.193846
vt 0.203280 0.148413
vt 0.202540 0.149615
vt 0.202540 0.148413
vt 0.152016 0.200450
vt 0.152382 0.201190
vt 0.151878 0.201190
vt 0.201491 0.141586
vt 0.201857 0.140846
vt 0.202540 0.142737
vt 0.201491 0.142737
vt 0.151333 0.201688
vt 0.152382 0.202341
vt 0.151333 0.202341
vt 0.203316 0.165969
vt 0.202663 0.167171
vt 0.202663 0.165969
vt 0.152382 0.201688
vt 0.199027 0.071387
vt 0.199572 0.072589
vt 0.199027 0.072589
vt 0.074224 0.201937
vt 0.074728 0.201439
vt 0.075273 0.201937
vt 0.197508 0.139945
vt 0.196459 0.138743
vt 0.197508 0.138743
vt 0.179276 0.195255
vt 0.179642 0.195255
vt 0.203289 0.123149
vt 0.202548 0.124351
vt 0.202548 0.123149
vt 0.201984 0.085297
vt 0.202350 0.086038
vt 0.201846 0.086038
vt 0.074224 0.201439
vt 0.074590 0.200699
vt 0.075273 0.202591
vt 0.074224 0.202591
vt 0.201301 0.086536
vt 0.202350 0.087189
vt 0.201301 0.087189
vt 0.188979 0.202256
vt 0.188325 0.203458
vt 0.188325 0.202256
vt 0.202350 0.086536
vt 0.198920 0.168523
vt 0.199464 0.169725
vt 0.198920 0.169725
vt 0.201499 0.127659
vt 0.202004 0.127161
vt 0.202548 0.127659
vt 0.058223 0.194022
vt 0.058589 0.194022
vt 0.064116 0.201817
vt 0.063375 0.203019
vt 0.063375 0.201817
vt 0.202019 0.156086
vt 0.202385 0.156826
vt 0.201881 0.156826
vt 0.201499 0.127161
vt 0.201865 0.126421
vt 0.202548 0.128313
vt 0.201499 0.128313
vt 0.201336 0.157324
vt 0.202385 0.157978
vt 0.201336 0.157978
vt 0.202816 0.191621
vt 0.202816 0.190419
vt 0.132181 0.201186
vt 0.202385 0.157324
vt 0.201177 0.074224
vt 0.200632 0.073023
vt 0.201177 0.073023
vt 0.116090 0.187137
vt 0.115284 0.188092
vt 0.115172 0.187970
vt 0.160222 0.198337
vt 0.160379 0.198337
vt 0.115182 0.188185
vt 0.116039 0.188925
vt 0.115947 0.189028
vt 0.101616 0.195863
vt 0.101459 0.195863
vt 0.120863 0.191386
vt 0.121020 0.189413
vt 0.121020 0.191386
vt 0.115071 0.188062
vt 0.128765 0.185959
vt 0.128608 0.187933
vt 0.128608 0.185959
vt 0.113847 0.186508
vt 0.113745 0.186600
vt 0.445946 0.035036
vt 0.447364 0.035036
vt 0.451583 0.083670
vt 0.452721 0.082252
vt 0.452869 0.083670
vt 0.085235 0.192675
vt 0.085392 0.191551
vt 0.085392 0.192675
vt 0.114969 0.188154
vt 0.114162 0.189109
vt 0.114051 0.188987
vt 0.113643 0.186692
vt 0.095389 0.196544
vt 0.115835 0.189109
vt 0.115080 0.188277
vt 0.128754 0.198366
vt 0.128754 0.197127
vt 0.430196 0.192475
vt 0.431614 0.194733
vt 0.452866 0.106885
vt 0.451728 0.105467
vt 0.176155 0.203918
vt 0.175998 0.202794
vt 0.176155 0.202794
vt 0.096710 0.185905
vt 0.096414 0.186770
vt 0.096414 0.185692
vt 0.097726 0.189268
vt 0.096710 0.188962
vt 0.097903 0.188962
vt 0.097726 0.185551
vt 0.097903 0.185778
vt 0.096414 0.186949
vt 0.096710 0.187049
vt 0.096710 0.186886
vt 0.098035 0.189268
vt 0.098035 0.188962
vt 0.098035 0.185536
vt 0.098035 0.185763
vt 0.165551 0.202775
vt 0.164947 0.204087
vt 0.164947 0.202775
vt 0.076764 0.200930
vt 0.076160 0.200930
vt 0.076764 0.201109
vt 0.076160 0.201109
vt 0.180460 0.182648
vt 0.179856 0.182956
vt 0.179856 0.182648
vt 0.165551 0.204087
vt 0.164947 0.204396
vt 0.076764 0.202187
vt 0.076160 0.202187
vt 0.180460 0.182956
vt 0.121020 0.192470
vt 0.121225 0.191489
vt 0.121225 0.192470
vt 0.150086 0.195647
vt 0.149881 0.196840
vt 0.149881 0.195647
vt 0.103112 0.194435
vt 0.102907 0.195628
vt 0.102907 0.194435
vt 0.121020 0.191326
vt 0.121225 0.189413
vt 0.121225 0.191326
vt 0.121020 0.191489
vt 0.150086 0.196840
vt 0.149881 0.196972
vt 0.103112 0.194303
vt 0.102907 0.194303
vt 0.099360 0.185905
vt 0.099656 0.186770
vt 0.099360 0.186886
vt 0.099360 0.188962
vt 0.098344 0.189268
vt 0.098167 0.188962
vt 0.098344 0.185551
vt 0.099656 0.185692
vt 0.099656 0.186949
vt 0.099360 0.187049
vt 0.098167 0.185778
vt 0.164947 0.204705
vt 0.165551 0.206017
vt 0.164947 0.206017
vt 0.178584 0.159556
vt 0.179188 0.159557
vt 0.178584 0.159736
vt 0.179188 0.159736
vt 0.179856 0.182339
vt 0.165551 0.204705
vt 0.178584 0.160814
vt 0.179188 0.160814
vt 0.180460 0.182339
vt 0.161947 0.188184
vt 0.161742 0.187203
vt 0.149881 0.197104
vt 0.150086 0.198297
vt 0.149881 0.198297
vt 0.102907 0.192977
vt 0.103112 0.194171
vt 0.102907 0.194171
vt 0.161742 0.188347
vt 0.161947 0.188347
vt 0.161742 0.188184
vt 0.150086 0.197104
vt 0.835580 0.939694
vt 0.836144 0.941295
vt 0.835580 0.941295
vt 0.950297 0.941695
vt 0.949734 0.940095
vt 0.950297 0.940095
vt 0.875286 0.933600
vt 0.875286 0.937169
vt 0.822991 0.926067
vt 0.934993 0.904212
vt 0.936594 0.900642
vt 0.936594 0.904212
vt 0.950414 0.941841
vt 0.950414 0.941695
vt 0.950414 0.940095
vt 0.835464 0.939694
vt 0.835464 0.941295
vt 0.820983 0.922498
vt 0.924088 0.921658
vt 0.924233 0.921658
vt 0.835580 0.941441
vt 0.822991 0.922498
vt 0.045268 0.880555
vt 0.042574 0.878026
vt 0.042574 0.875496
vt 0.406212 0.929929
vt 0.407556 0.928586
vt 0.407556 0.929929
vt 0.407647 0.850443
vt 0.406303 0.849100
vt 0.407647 0.849100
vt 0.373068 0.949223
vt 0.371724 0.947204
vt 0.373068 0.947204
vt 0.368218 0.949206
vt 0.369562 0.947187
vt 0.369562 0.949206
vt 0.336865 0.947156
vt 0.335521 0.949175
vt 0.335521 0.947156
vt 0.322160 0.951011
vt 0.320817 0.949667
vt 0.322160 0.949667
vt 0.402150 0.917791
vt 0.406270 0.931472
vt 0.407614 0.930128
vt 0.407614 0.931472
vt 0.402385 0.856969
vt 0.401042 0.856969
vt 0.399674 0.934107
vt 0.388147 0.950830
vt 0.386804 0.949486
vt 0.388147 0.949486
vt 0.368218 0.944900
vt 0.369562 0.942549
vt 0.369562 0.944900
vt 0.406283 0.848907
vt 0.407626 0.847564
vt 0.407626 0.848907
vt 0.314571 0.942537
vt 0.315914 0.944888
vt 0.314571 0.944888
vt 0.400878 0.929303
vt 0.406294 0.866645
vt 0.407638 0.866645
vt 0.407557 0.903923
vt 0.406213 0.902580
vt 0.407557 0.902580
vt 0.135580 0.181352
vt 0.135284 0.182216
vt 0.135284 0.181139
vt 0.136596 0.185959
vt 0.135580 0.185588
vt 0.136773 0.185588
vt 0.136596 0.180998
vt 0.136773 0.181224
vt 0.135580 0.184465
vt 0.135284 0.184377
vt 0.135580 0.184297
vt 0.135580 0.182332
vt 0.135284 0.182396
vt 0.136905 0.185959
vt 0.136905 0.185588
vt 0.135284 0.184561
vt 0.135580 0.182496
vt 0.136905 0.180982
vt 0.136905 0.181210
vt 0.179188 0.156099
vt 0.179792 0.154787
vt 0.179792 0.156099
vt 0.153000 0.182377
vt 0.153604 0.182562
vt 0.153000 0.182562
vt 0.153000 0.184542
vt 0.153604 0.184722
vt 0.153000 0.184722
vt 0.180397 0.154144
vt 0.179792 0.154452
vt 0.179792 0.154144
vt 0.153000 0.180979
vt 0.153604 0.182377
vt 0.153604 0.184542
vt 0.179188 0.154787
vt 0.179792 0.154479
vt 0.153604 0.185800
vt 0.153000 0.185800
vt 0.180397 0.154452
vt 0.179792 0.155764
vt 0.052823 0.184502
vt 0.052618 0.185482
vt 0.052618 0.184502
vt 0.097837 0.197824
vt 0.098042 0.196631
vt 0.150127 0.194200
vt 0.149922 0.195393
vt 0.149922 0.194200
vt 0.052823 0.187447
vt 0.052618 0.187615
vt 0.052618 0.187447
vt 0.052823 0.185482
vt 0.052618 0.185646
vt 0.097837 0.196631
vt 0.098042 0.196499
vt 0.052823 0.187615
vt 0.052618 0.188738
vt 0.052823 0.185646
vt 0.150127 0.194067
vt 0.149922 0.194067
vt 0.138230 0.181352
vt 0.138525 0.182216
vt 0.138230 0.182332
vt 0.138230 0.185588
vt 0.137214 0.185959
vt 0.137037 0.185588
vt 0.137214 0.180998
vt 0.138525 0.181139
vt 0.138525 0.184377
vt 0.138230 0.184465
vt 0.138230 0.184297
vt 0.138525 0.182396
vt 0.138230 0.182496
vt 0.138525 0.184561
vt 0.137037 0.181224
vt 0.179792 0.154170
vt 0.179792 0.152858
vt 0.092953 0.193443
vt 0.093557 0.193258
vt 0.093557 0.193443
vt 0.092953 0.195604
vt 0.093557 0.195424
vt 0.093557 0.195604
vt 0.179792 0.153835
vt 0.092953 0.193258
vt 0.093557 0.191861
vt 0.092953 0.195424
vt 0.179188 0.154170
vt 0.092953 0.196681
vt 0.093557 0.196681
vt 0.180397 0.153835
vt 0.162153 0.183948
vt 0.162153 0.182968
vt 0.098042 0.196367
vt 0.097837 0.195174
vt 0.098042 0.195174
vt 0.149922 0.192742
vt 0.150127 0.193935
vt 0.149922 0.193935
vt 0.162153 0.186081
vt 0.162153 0.185913
vt 0.162153 0.184111
vt 0.097837 0.196367
vt 0.162153 0.187203
vt 0.065809 0.184994
vt 0.066588 0.184016
vt 0.066703 0.184135
vt 0.087406 0.194605
vt 0.087406 0.195896
vt 0.148173 0.197949
vt 0.148016 0.199188
vt 0.066687 0.183921
vt 0.065809 0.183205
vt 0.065898 0.183100
vt 0.128597 0.203323
vt 0.096335 0.195736
vt 0.096179 0.196975
vt 0.067968 0.185454
vt 0.066802 0.184040
vt 0.068067 0.185359
vt 0.096179 0.203171
vt 0.096335 0.203171
vt 0.068086 0.185577
vt 0.068185 0.185482
vt 0.067192 0.186435
vt 0.096335 0.192617
vt 0.096179 0.194445
vt 0.096179 0.192617
vt 0.445310 0.199029
vt 0.443892 0.200506
vt 0.443892 0.199029
vt 0.451587 0.031402
vt 0.452725 0.029984
vt 0.452873 0.031402
vt 0.321510 0.196892
vt 0.322928 0.196892
vt 0.079875 0.203868
vt 0.080031 0.202743
vt 0.080031 0.203868
vt 0.068980 0.186508
vt 0.069079 0.186413
vt 0.066786 0.183826
vt 0.067795 0.183087
vt 0.066901 0.183945
vt 0.083304 0.196798
vt 0.083147 0.195507
vt 0.083304 0.195507
vt 0.105832 0.201178
vt 0.105988 0.201178
vt 0.066007 0.183015
vt 0.065409 0.200042
vt 0.065409 0.198803
vt 0.155000 0.196534
vt 0.155157 0.197774
vt 0.155000 0.197774
vt 0.068166 0.185264
vt 0.130391 0.202139
vt 0.130234 0.200900
vt 0.068284 0.185387
vt 0.069178 0.184528
vt 0.164947 0.195972
vt 0.164790 0.194145
vt 0.164947 0.194145
vt 0.347802 0.199196
vt 0.347802 0.200674
vt 0.296176 0.201036
vt 0.295038 0.199618
vt 0.296176 0.199618
vt 0.447499 0.166667
vt 0.448917 0.168759
vt 0.447499 0.168759
vt 0.171201 0.204032
vt 0.171045 0.202908
vt 0.171201 0.202908
vt 0.069178 0.186318
vt 0.799977 0.941751
vt 0.799413 0.940150
vt 0.799977 0.940150
vt 0.949965 0.828006
vt 0.950528 0.829606
vt 0.949965 0.829606
vt 0.949289 0.921427
vt 0.948725 0.917857
vt 0.949289 0.917857
vt 0.829657 0.923295
vt 0.831258 0.919726
vt 0.831258 0.923295
vt 0.911302 0.926969
vt 0.912902 0.923399
vt 0.912902 0.926969
vt 0.949848 0.827860
vt 0.949848 0.828006
vt 0.949848 0.829606
vt 0.800093 0.941751
vt 0.800093 0.940150
vt 0.877878 0.925510
vt 0.877762 0.921940
vt 0.877878 0.921940
vt 0.927771 0.921080
vt 0.927626 0.924650
vt 0.927626 0.921080
vt 0.799977 0.940005
vt 0.829657 0.919726
vt 0.402385 0.826402
vt 0.400808 0.894242
vt 0.402151 0.891891
vt 0.402151 0.894242
vt 0.289496 0.947090
vt 0.289496 0.944739
vt 0.333064 0.950386
vt 0.331720 0.951729
vt 0.331720 0.950386
vt 0.329384 0.949730
vt 0.330728 0.951074
vt 0.329384 0.951074
vt 0.174326 0.912801
vt 0.171632 0.900878
vt 0.174326 0.900878
vt 0.174326 0.927551
vt 0.171632 0.912801
vt 0.140202 0.105620
vt 0.141037 0.106417
vt 0.141037 0.113542
vt 0.191524 0.035734
vt 0.190494 0.035734
vt 0.191527 0.035191
vt 0.181529 0.139992
vt 0.182557 0.115809
vt 0.182558 0.139992
vt 0.181527 0.115809
vt 0.182558 0.115265
vt 0.114391 0.035191
vt 0.091309 0.036343
vt 0.090209 0.035191
vt 0.089666 0.035735
vt 0.113785 0.036837
vt 0.114934 0.035735
vt 0.113291 0.036343
vt 0.090396 0.045565
vt 0.090816 0.044466
vt 0.092645 0.045565
vt 0.105609 0.193885
vt 0.106638 0.196134
vt 0.105609 0.196134
vt 0.143181 0.104891
vt 0.144340 0.106417
vt 0.093814 0.045565
vt 0.093817 0.044466
vt 0.179451 0.174591
vt 0.180480 0.174591
vt 0.140202 0.114721
vt 0.141533 0.114039
vt 0.140745 0.115265
vt 0.164928 0.115265
vt 0.164123 0.113542
vt 0.165471 0.114721
vt 0.090193 0.045061
vt 0.089666 0.044836
vt 0.163627 0.114039
vt 0.164123 0.075228
vt 0.154353 0.188746
vt 0.155382 0.179645
vt 0.155383 0.188745
vt 0.140416 0.105104
vt 0.140552 0.105531
vt 0.140932 0.104891
vt 0.089880 0.045351
vt 0.154352 0.179645
vt 0.155383 0.179129
vt 0.105609 0.196653
vt 0.106639 0.196653
vt 0.402385 0.852266
vt 0.391074 0.943395
vt 0.391074 0.945746
vt 0.402150 0.911985
vt 0.403493 0.914336
vt 0.402150 0.914336
vt 0.406293 0.944818
vt 0.407637 0.943475
vt 0.407637 0.944818
vt 0.406305 0.841918
vt 0.407648 0.840575
vt 0.407648 0.841918
vt 0.401042 0.864022
vt 0.127675 0.929540
vt 0.042574 0.801534
vt 0.176223 0.929540
vt 0.175793 0.929540
vt 0.164377 0.201983
vt 0.164881 0.201485
vt 0.165426 0.201983
vt 0.198432 0.056980
vt 0.199481 0.056980
vt 0.167923 0.196250
vt 0.203289 0.120745
vt 0.202548 0.121947
vt 0.202548 0.120745
vt 0.183018 0.202034
vt 0.182652 0.201294
vt 0.183156 0.201294
vt 0.164377 0.201484
vt 0.164743 0.200744
vt 0.165426 0.202636
vt 0.164377 0.202636
vt 0.183701 0.200796
vt 0.182652 0.200142
vt 0.183701 0.200142
vt 0.099382 0.203475
vt 0.100036 0.202273
vt 0.100036 0.203475
vt 0.182652 0.200796
vt 0.200639 0.048948
vt 0.201183 0.050150
vt 0.200639 0.050150
vt 0.202548 0.128966
vt 0.202044 0.129464
vt 0.201499 0.128966
vt 0.185401 0.115127
vt 0.053177 0.197297
vt 0.052811 0.197297
vt 0.162198 0.201877
vt 0.161457 0.203079
vt 0.161457 0.201877
vt 0.124742 0.200147
vt 0.125108 0.200887
vt 0.124604 0.200887
vt 0.202548 0.129464
vt 0.202182 0.130205
vt 0.201499 0.128313
vt 0.202548 0.128313
vt 0.124059 0.201385
vt 0.125108 0.202039
vt 0.202636 0.192871
vt 0.125108 0.201385
vt 0.058643 0.198499
vt 0.058098 0.197297
vt 0.058643 0.197297
vt 0.201499 0.121983
vt 0.202004 0.121485
vt 0.202548 0.121984
vt 0.192740 0.158619
vt 0.192740 0.157417
vt 0.171660 0.198956
vt 0.172026 0.197754
vt 0.172026 0.198956
vt 0.140426 0.203161
vt 0.141167 0.201959
vt 0.141167 0.203161
vt 0.201978 0.115003
vt 0.202344 0.115743
vt 0.201840 0.115743
vt 0.201499 0.121485
vt 0.201865 0.120745
vt 0.202548 0.122637
vt 0.201499 0.122637
vt 0.201295 0.116241
vt 0.202344 0.116895
vt 0.201295 0.116895
vt 0.202815 0.185559
vt 0.203469 0.184358
vt 0.203469 0.185559
vt 0.202344 0.116241
vt 0.152388 0.200450
vt 0.152933 0.201651
vt 0.152388 0.201652
vt 0.202548 0.123291
vt 0.202044 0.123789
vt 0.201499 0.123291
vt 0.199005 0.043796
vt 0.197956 0.042595
vt 0.199005 0.042595
vt 0.167923 0.199855
vt 0.167923 0.198653
vt 0.084769 0.203254
vt 0.085510 0.202052
vt 0.085510 0.203254
vt 0.111976 0.200412
vt 0.112342 0.201152
vt 0.111838 0.201152
vt 0.202548 0.123789
vt 0.202182 0.124529
vt 0.201499 0.122637
vt 0.202548 0.122637
vt 0.111293 0.201650
vt 0.112342 0.202303
vt 0.111293 0.202303
vt 0.146665 0.203393
vt 0.112342 0.201650
vt 0.200644 0.105536
vt 0.201188 0.106738
vt 0.200644 0.106738
vt 0.089666 0.044836
vt 0.088831 0.044039
vt 0.088831 0.036914
vt 0.190491 0.035734
vt 0.189103 0.035734
vt 0.190494 0.035191
vt 0.125451 0.179203
vt 0.126838 0.155020
vt 0.126840 0.179203
vt 0.125450 0.155020
vt 0.126840 0.154476
vt 0.138559 0.036343
vt 0.115477 0.035191
vt 0.139660 0.035191
vt 0.116577 0.036343
vt 0.139053 0.036837
vt 0.140202 0.035735
vt 0.115664 0.045565
vt 0.116084 0.044466
vt 0.117913 0.045565
vt 0.146894 0.185393
vt 0.148282 0.187643
vt 0.146893 0.187643
vt 0.086687 0.045565
vt 0.085528 0.044039
vt 0.119083 0.045565
vt 0.119086 0.044466
vt 0.061987 0.172730
vt 0.063375 0.172730
vt 0.089666 0.035735
vt 0.088335 0.036417
vt 0.089123 0.035191
vt 0.064941 0.035191
vt 0.065745 0.036914
vt 0.064398 0.035735
vt 0.115461 0.045061
vt 0.114934 0.044836
vt 0.066241 0.036417
vt 0.065745 0.075228
vt 0.179669 0.186405
vt 0.181056 0.177304
vt 0.181057 0.186405
vt 0.089453 0.045351
vt 0.089316 0.044925
vt 0.088937 0.045565
vt 0.115148 0.045351
vt 0.179668 0.177304
vt 0.181057 0.176788
vt 0.146894 0.188161
vt 0.148283 0.188161
vt 0.082621 0.189982
vt 0.083200 0.182353
vt 0.083197 0.189982
vt 0.187095 0.186558
vt 0.187670 0.186057
vt 0.187672 0.186558
vt 0.181057 0.115265
vt 0.180480 0.116364
vt 0.103201 0.196902
vt 0.103778 0.193900
vt 0.103778 0.196902
vt 0.187093 0.186057
vt 0.187672 0.164078
vt 0.082623 0.190477
vt 0.083200 0.190477
vt 0.181057 0.116364
vt 0.063375 0.190186
vt 0.078650 0.201938
vt 0.079155 0.201440
vt 0.079699 0.201938
vt 0.199001 0.160329
vt 0.200050 0.161531
vt 0.199001 0.161531
vt 0.113315 0.192857
vt 0.127027 0.202039
vt 0.126286 0.203240
vt 0.126286 0.202039
vt 0.201627 0.156086
vt 0.201260 0.155346
vt 0.201765 0.155346
vt 0.078650 0.201440
vt 0.079016 0.200700
vt 0.079699 0.202592
vt 0.078650 0.202591
vt 0.202309 0.154848
vt 0.201260 0.154194
vt 0.202309 0.154194
vt 0.203439 0.187566
vt 0.202786 0.188767
vt 0.202786 0.187566
vt 0.201260 0.154848
vt 0.198909 0.144516
vt 0.199454 0.145718
vt 0.198909 0.145718
vt 0.199665 0.201322
vt 0.199161 0.201820
vt 0.198617 0.201322
vt 0.198016 0.102979
vt 0.199065 0.104181
vt 0.198016 0.104181
vt 0.095018 0.198976
vt 0.203094 0.160357
vt 0.202353 0.161558
vt 0.202353 0.160357
vt 0.126969 0.200147
vt 0.127335 0.200887
vt 0.126831 0.200887
vt 0.199665 0.201820
vt 0.199299 0.202561
vt 0.198617 0.200669
vt 0.199665 0.200669
vt 0.126286 0.201385
vt 0.127335 0.202039
vt 0.195763 0.202229
vt 0.195110 0.203430
vt 0.195110 0.202229
vt 0.127335 0.201385
vt 0.134854 0.200146
vt 0.135399 0.201347
vt 0.134854 0.201348
vt 0.173076 0.201338
vt 0.172571 0.201836
vt 0.172027 0.201338
vt 0.155256 0.195706
vt 0.155622 0.194504
vt 0.150716 0.202042
vt 0.149975 0.203244
vt 0.201941 0.137001
vt 0.202307 0.137741
vt 0.201802 0.137741
vt 0.173076 0.201836
vt 0.172710 0.202576
vt 0.172027 0.200684
vt 0.173076 0.200684
vt 0.201258 0.138240
vt 0.202307 0.138893
vt 0.201258 0.138893
vt 0.203444 0.080058
vt 0.202791 0.081260
vt 0.202791 0.080058
vt 0.202307 0.138240
vt 0.132162 0.201735
vt 0.131617 0.200533
vt 0.132162 0.200533
vt 0.081347 0.201319
vt 0.080842 0.201817
vt 0.080298 0.201319
vt 0.172814 0.113925
vt 0.171660 0.197754
vt 0.172026 0.196552
vt 0.107380 0.202070
vt 0.106639 0.203272
vt 0.201987 0.158619
vt 0.202353 0.159359
vt 0.201849 0.159359
vt 0.081347 0.201817
vt 0.080981 0.202558
vt 0.080298 0.200666
vt 0.081347 0.200666
vt 0.201304 0.159858
vt 0.202353 0.160511
vt 0.201304 0.160511
vt 0.202677 0.083329
vt 0.203330 0.082128
vt 0.203330 0.083329
vt 0.202353 0.159858
vt 0.201188 0.042151
vt 0.200643 0.040950
vt 0.201188 0.040949
vt 0.118703 0.202002
vt 0.119208 0.201504
vt 0.119752 0.202002
vt 0.186265 0.164047
vt 0.185216 0.162845
vt 0.128362 0.192418
vt 0.127996 0.193619
vt 0.099310 0.201808
vt 0.098569 0.203009
vt 0.098569 0.201808
vt 0.201369 0.169564
vt 0.201003 0.168823
vt 0.201507 0.168823
vt 0.118703 0.201504
vt 0.119069 0.200764
vt 0.119752 0.202655
vt 0.118703 0.202655
vt 0.202052 0.168325
vt 0.201003 0.167672
vt 0.202052 0.167672
vt 0.187672 0.203458
vt 0.201003 0.168325
vt 0.199065 0.102979
vt 0.199610 0.104181
vt 0.199065 0.104181
vt 0.174092 0.201923
vt 0.174596 0.201424
vt 0.175141 0.201923
vt 0.172814 0.115127
vt 0.171765 0.115127
vt 0.127992 0.199224
vt 0.128358 0.198022
vt 0.128358 0.199224
vt 0.203280 0.140472
vt 0.202540 0.141674
vt 0.202540 0.140472
vt 0.084086 0.202149
vt 0.083720 0.201409
vt 0.084224 0.201409
vt 0.174092 0.201424
vt 0.174458 0.200684
vt 0.175141 0.202576
vt 0.174092 0.202576
vt 0.084769 0.200910
vt 0.083720 0.200257
vt 0.084769 0.200257
vt 0.202669 0.132856
vt 0.202669 0.131655
vt 0.083720 0.200910
vt 0.130515 0.199599
vt 0.129970 0.198397
vt 0.130515 0.198397
vt 0.950032 0.880058
vt 0.950689 0.881535
vt 0.950032 0.881535
vt 0.795269 0.940005
vt 0.794612 0.941482
vt 0.794612 0.940005
vt 0.803114 0.936815
vt 0.801637 0.934092
vt 0.803114 0.934092
vt 0.945479 0.911967
vt 0.943915 0.910126
vt 0.945479 0.910101
vt 0.866781 0.935358
vt 0.865225 0.937224
vt 0.865087 0.935358
vt 0.949936 0.807203
vt 0.949279 0.809927
vt 0.949279 0.807203
vt 0.942455 0.929753
vt 0.940915 0.927044
vt 0.942455 0.927028
vt 0.887825 0.926076
vt 0.885959 0.928800
vt 0.885959 0.926076
vt 0.871595 0.928267
vt 0.869729 0.925543
vt 0.871595 0.925543
vt 0.948073 0.900852
vt 0.946596 0.899189
vt 0.948073 0.899189
vt 0.946672 0.821208
vt 0.948149 0.822871
vt 0.946672 0.822871
vt 0.809394 0.936815
vt 0.807918 0.934091
vt 0.809394 0.934091
vt 0.947189 0.928585
vt 0.948708 0.927028
vt 0.948708 0.928585
vt 0.825205 0.939798
vt 0.823649 0.938366
vt 0.825205 0.938429
vt 0.907238 0.927999
vt 0.908901 0.930723
vt 0.907238 0.930723
vt 0.836309 0.934192
vt 0.837843 0.931468
vt 0.837907 0.934192
vt 0.942476 0.818253
vt 0.940920 0.815529
vt 0.942476 0.815529
vt 0.853956 0.932646
vt 0.855513 0.935370
vt 0.853956 0.935370
vt 0.947208 0.804797
vt 0.947189 0.803240
vt 0.862824 0.939845
vt 0.861267 0.938368
vt 0.862824 0.938238
vt 0.944117 0.877313
vt 0.942640 0.874589
vt 0.944117 0.874589
vt 0.945628 0.934374
vt 0.944045 0.932508
vt 0.945628 0.932508
vt 0.944134 0.840657
vt 0.945576 0.838791
vt 0.945576 0.840657
vt 0.942721 0.857013
vt 0.941164 0.859737
vt 0.941164 0.857013
vt 0.942308 0.912825
vt 0.940751 0.910101
vt 0.942308 0.910101
vt 0.833224 0.928255
vt 0.831358 0.925531
vt 0.833224 0.925531
vt 0.819379 0.926067
vt 0.821245 0.928791
vt 0.819379 0.928791
vt 0.828106 0.936703
vt 0.826629 0.938366
vt 0.826551 0.936703
vt 0.946570 0.797508
vt 0.945093 0.795845
vt 0.946570 0.795845
vt 0.944031 0.820977
vt 0.942477 0.818253
vt 0.944031 0.818253
vt 0.939316 0.938785
vt 0.940847 0.940341
vt 0.939291 0.940341
vt 0.944247 0.860612
vt 0.945804 0.862070
vt 0.944247 0.862199
vt 0.895696 0.928217
vt 0.894033 0.930941
vt 0.894033 0.928217
vt 0.815647 0.936703
vt 0.817203 0.934316
vt 0.817224 0.936703
vt 0.823649 0.934316
vt 0.825205 0.936703
vt 0.823649 0.936703
vt 0.810051 0.936746
vt 0.811608 0.934360
vt 0.811608 0.936746
vt 0.892200 0.940004
vt 0.893757 0.938460
vt 0.893757 0.940004
vt 0.947649 0.935232
vt 0.949126 0.936789
vt 0.947649 0.936789
vt 0.883156 0.931398
vt 0.881679 0.929012
vt 0.883156 0.929012
vt 0.791942 0.938416
vt 0.790385 0.939872
vt 0.790385 0.938459
vt 0.883167 0.936322
vt 0.884723 0.937879
vt 0.883167 0.937986
vt 0.881587 0.934316
vt 0.883144 0.936703
vt 0.881587 0.936703
vt 0.873781 0.933600
vt 0.875193 0.936323
vt 0.873686 0.936323
vt 0.942476 0.787519
vt 0.944033 0.790243
vt 0.942476 0.790243
vt 0.940920 0.832334
vt 0.942476 0.835058
vt 0.940920 0.835058
vt 0.945479 0.871371
vt 0.944000 0.869505
vt 0.945479 0.869505
vt 0.945574 0.782814
vt 0.944097 0.784680
vt 0.944010 0.782814
vt 0.869723 0.935358
vt 0.868246 0.932634
vt 0.869723 0.932634
vt 0.904433 0.936632
vt 0.905951 0.938295
vt 0.904394 0.938295
vt 0.900249 0.936612
vt 0.901774 0.938275
vt 0.900218 0.938275
vt 0.909104 0.925275
vt 0.910970 0.927999
vt 0.909104 0.927999
vt 0.944001 0.801524
vt 0.942476 0.804248
vt 0.942476 0.801524
vt 0.925908 0.926966
vt 0.924245 0.929690
vt 0.890167 0.928033
vt 0.888504 0.930757
vt 0.888504 0.928033
vt 0.871819 0.938460
vt 0.873376 0.939937
vt 0.871819 0.940035
vt 0.948786 0.876146
vt 0.947309 0.874589
vt 0.948786 0.874589
vt 0.828127 0.934316
vt 0.826615 0.931592
vt 0.828127 0.931592
vt 0.944033 0.833974
vt 0.945589 0.832417
vt 0.945589 0.833974
vt 0.948680 0.814284
vt 0.947195 0.812728
vt 0.937126 0.932535
vt 0.935569 0.935259
vt 0.935569 0.932535
vt 0.941021 0.806976
vt 0.942476 0.804255
vt 0.942476 0.806979
vt 0.919870 0.931894
vt 0.918314 0.934618
vt 0.918314 0.931894
vt 0.940920 0.818253
vt 0.942476 0.820977
vt 0.940920 0.820977
vt 0.947194 0.836615
vt 0.947177 0.835058
vt 0.948722 0.782814
vt 0.947195 0.784371
vt 0.947174 0.782814
vt 0.944017 0.846185
vt 0.942490 0.843461
vt 0.944017 0.843461
vt 0.949034 0.907896
vt 0.950153 0.906339
vt 0.950153 0.907896
vt 0.950113 0.846867
vt 0.948995 0.845324
vt 0.950113 0.845302
vt 0.924244 0.935215
vt 0.925801 0.932491
vt 0.925801 0.935215
vt 0.945335 0.865533
vt 0.943794 0.867639
vt 0.943794 0.865533
vt 0.869594 0.938082
vt 0.868476 0.940187
vt 0.868476 0.938082
vt 0.948351 0.843461
vt 0.947232 0.845567
vt 0.947232 0.843461
vt 0.843662 0.937214
vt 0.842106 0.935118
vt 0.843662 0.935109
vt 0.798313 0.936815
vt 0.796836 0.934091
vt 0.798313 0.934091
vt 0.910347 0.936248
vt 0.910985 0.934771
vt 0.910985 0.936248
vt 0.948077 0.801482
vt 0.948715 0.800005
vt 0.948715 0.801482
vt 0.790313 0.934092
vt 0.791790 0.936815
vt 0.790313 0.936815
vt 0.945624 0.782787
vt 0.944061 0.781009
vt 0.945624 0.780982
vt 0.943796 0.895007
vt 0.945352 0.893203
vt 0.945490 0.895007
vt 0.810032 0.934091
vt 0.942455 0.932493
vt 0.940915 0.929784
vt 0.942455 0.929768
vt 0.914712 0.926369
vt 0.912907 0.929093
vt 0.912907 0.926369
vt 0.922154 0.926310
vt 0.923959 0.929034
vt 0.922154 0.929034
vt 0.948861 0.898281
vt 0.947385 0.896724
vt 0.948861 0.896724
vt 0.949170 0.940095
vt 0.947693 0.938539
vt 0.949170 0.938539
vt 0.876401 0.919217
vt 0.876401 0.921940
vt 0.947190 0.838259
vt 0.948709 0.836703
vt 0.948709 0.838259
vt 0.883144 0.939798
vt 0.881587 0.938366
vt 0.883144 0.938429
vt 0.937690 0.932630
vt 0.939247 0.935354
vt 0.937690 0.935354
vt 0.942236 0.899189
vt 0.940703 0.901913
vt 0.940639 0.899189
vt 0.942721 0.865339
vt 0.941164 0.862615
vt 0.942721 0.862615
vt 0.851524 0.932331
vt 0.853081 0.935055
vt 0.851524 0.935055
vt 0.847390 0.940083
vt 0.848898 0.938479
vt 0.848917 0.940083
vt 0.790385 0.938422
vt 0.788781 0.936945
vt 0.790385 0.936815
vt 0.944002 0.851787
vt 0.942526 0.849063
vt 0.944002 0.849063
vt 0.864790 0.938052
vt 0.863234 0.939634
vt 0.863234 0.938052
vt 0.843750 0.938876
vt 0.845306 0.940318
vt 0.843750 0.940318
vt 0.892183 0.931390
vt 0.890579 0.934114
vt 0.890579 0.931390
vt 0.897279 0.930941
vt 0.895722 0.928217
vt 0.897279 0.928217
vt 0.918270 0.934989
vt 0.916713 0.932265
vt 0.918269 0.932265
vt 0.842097 0.932385
vt 0.843653 0.935109
vt 0.842097 0.935109
vt 0.853956 0.940393
vt 0.855433 0.938837
vt 0.855511 0.940393
vt 0.947091 0.893203
vt 0.948568 0.894759
vt 0.947091 0.894759
vt 0.944031 0.815452
vt 0.942477 0.812728
vt 0.944031 0.812728
vt 0.940916 0.938680
vt 0.942448 0.940237
vt 0.940891 0.940237
vt 0.908838 0.936368
vt 0.910394 0.937825
vt 0.908838 0.937954
vt 0.942455 0.929752
vt 0.944011 0.927028
vt 0.944011 0.929752
vt 0.820425 0.931592
vt 0.818868 0.934316
vt 0.818848 0.931592
vt 0.942448 0.935232
vt 0.940891 0.932508
vt 0.942448 0.932508
vt 0.942476 0.826733
vt 0.940920 0.829457
vt 0.940920 0.826733
vt 0.800116 0.940002
vt 0.801673 0.938458
vt 0.801673 0.940002
vt 0.947693 0.940095
vt 0.946216 0.938539
vt 0.944020 0.837782
vt 0.942543 0.835058
vt 0.944020 0.835058
vt 0.810051 0.939999
vt 0.811607 0.938543
vt 0.811607 0.939956
vt 0.895677 0.936465
vt 0.897234 0.938022
vt 0.895677 0.938129
vt 0.911239 0.932493
vt 0.912796 0.935217
vt 0.911239 0.935217
vt 0.856834 0.933573
vt 0.858247 0.936297
vt 0.856739 0.936297
vt 0.831068 0.935113
vt 0.829511 0.932389
vt 0.831068 0.932389
vt 0.942476 0.840660
vt 0.940920 0.837936
vt 0.942476 0.837936
vt 0.945548 0.915690
vt 0.944069 0.913886
vt 0.945548 0.913885
vt 0.944031 0.814532
vt 0.945508 0.812728
vt 0.945595 0.814532
vt 0.822724 0.928791
vt 0.821247 0.926067
vt 0.822724 0.926067
vt 0.818886 0.938366
vt 0.820404 0.939970
vt 0.818848 0.939970
vt 0.815678 0.938366
vt 0.817203 0.939970
vt 0.815647 0.939970
vt 0.920349 0.926310
vt 0.922154 0.926310
vt 0.942271 0.889394
vt 0.943796 0.886670
vt 0.943796 0.889394
vt 0.892200 0.934114
vt 0.893804 0.931390
vt 0.893804 0.934114
vt 0.940639 0.895073
vt 0.942243 0.897797
vt 0.940639 0.897797
vt 0.916292 0.940007
vt 0.914735 0.938530
vt 0.916292 0.938432
vt 0.948830 0.789076
vt 0.947353 0.787519
vt 0.948830 0.787519
vt 0.823624 0.934316
vt 0.822112 0.931592
vt 0.823624 0.931592
vt 0.945589 0.801524
vt 0.944033 0.803080
vt 0.944033 0.801524
vt 0.947265 0.780982
vt 0.948749 0.782539
vt 0.947225 0.782539
vt 0.838582 0.935735
vt 0.840138 0.933011
vt 0.840138 0.935735
vt 0.941021 0.790243
vt 0.942476 0.787523
vt 0.942476 0.790247
vt 0.940920 0.849063
vt 0.942476 0.846339
vt 0.942476 0.849063
vt 0.942476 0.843461
vt 0.940920 0.840737
vt 0.942476 0.840737
vt 0.947174 0.853344
vt 0.948698 0.851787
vt 0.948715 0.853344
vt 0.787234 0.940041
vt 0.788761 0.938485
vt 0.788781 0.940041
vt 0.944017 0.843461
vt 0.942490 0.840737
vt 0.944017 0.840737
vt 0.908467 0.939554
vt 0.907238 0.941111
vt 0.907238 0.939554
vt 0.812881 0.940264
vt 0.811651 0.938720
vt 0.812881 0.938698
vt 0.873620 0.932288
vt 0.872064 0.935012
vt 0.872064 0.932288
vt 0.812922 0.936894
vt 0.814462 0.934667
vt 0.814462 0.936894
vt 0.812881 0.931548
vt 0.811651 0.933774
vt 0.811651 0.931548
vt 0.889019 0.923080
vt 0.887789 0.925306
vt 0.887789 0.923080
vt 0.919879 0.936844
vt 0.918323 0.934627
vt 0.919879 0.934618
vt 0.902557 0.936822
vt 0.904034 0.934098
vt 0.904034 0.936822
vt 0.834224 0.941129
vt 0.833531 0.942606
vt 0.833531 0.941129
vt 0.907931 0.942594
vt 0.907238 0.941117
vt 0.907931 0.941111
vt 0.806315 0.936815
vt 0.804838 0.934092
vt 0.806315 0.934091
vt 0.834443 0.939664
vt 0.836000 0.938131
vt 0.836000 0.939695
vt 0.890060 0.937976
vt 0.888504 0.936419
vt 0.890060 0.936282
vt 0.949478 0.871788
vt 0.948785 0.874512
vt 0.948785 0.871788
vt 0.942484 0.787442
vt 0.940944 0.784734
vt 0.942484 0.784718
vt 0.848947 0.931931
vt 0.847390 0.934655
vt 0.847390 0.931931
vt 0.942311 0.907223
vt 0.943867 0.909947
vt 0.942311 0.909947
vt 0.832838 0.942606
vt 0.832838 0.941129
vt 0.950629 0.808723
vt 0.949936 0.807246
vt 0.950629 0.807203
vt 0.890579 0.934114
vt 0.892056 0.936838
vt 0.890579 0.936838
vt 0.945549 0.815529
vt 0.944031 0.817359
vt 0.944031 0.815529
vt 0.940723 0.935354
vt 0.939291 0.937185
vt 0.939354 0.935354
vt 0.949486 0.824777
vt 0.948793 0.827501
vt 0.948793 0.824777
vt 0.898878 0.931483
vt 0.897344 0.934206
vt 0.897280 0.931483
vt 0.927782 0.926219
vt 0.929613 0.928943
vt 0.927782 0.928943
vt 0.861267 0.928960
vt 0.859437 0.926236
vt 0.861267 0.926236
vt 0.950624 0.831227
vt 0.949931 0.829750
vt 0.950624 0.829701
vt 0.950629 0.810235
vt 0.949936 0.808758
vt 0.908764 0.936248
vt 0.907287 0.933524
vt 0.908764 0.933524
vt 0.948183 0.791330
vt 0.946674 0.792912
vt 0.946674 0.791330
vt 0.947330 0.902267
vt 0.948840 0.903710
vt 0.947330 0.903710
vt 0.948749 0.782539
vt 0.949442 0.779815
vt 0.949442 0.782539
vt 0.818830 0.934316
vt 0.817273 0.931592
vt 0.818830 0.931592
vt 0.908838 0.933524
vt 0.910347 0.936248
vt 0.908838 0.936248
vt 0.888504 0.933558
vt 0.890013 0.936282
vt 0.888504 0.936282
vt 0.950553 0.903708
vt 0.949860 0.902231
vt 0.950553 0.902153
vt 0.950135 0.782778
vt 0.949442 0.781224
vt 0.950135 0.781219
vt 0.944031 0.832257
vt 0.942477 0.829534
vt 0.944031 0.829533
vt 0.849705 0.938724
vt 0.851236 0.940280
vt 0.849680 0.940280
vt 0.930686 0.936396
vt 0.932242 0.937854
vt 0.930686 0.937983
vt 0.949411 0.837782
vt 0.948718 0.837782
vt 0.822025 0.931592
vt 0.820468 0.934316
vt 0.820448 0.931592
vt 0.942476 0.846262
vt 0.940920 0.843538
vt 0.942476 0.843538
vt 0.943794 0.868334
vt 0.942238 0.871058
vt 0.942238 0.868334
vt 0.949352 0.925805
vt 0.950318 0.927344
vt 0.949352 0.927348
vt 0.949359 0.801103
vt 0.950326 0.799626
vt 0.950326 0.801103
vt 0.944020 0.840660
vt 0.942543 0.837936
vt 0.944020 0.837936
vt 0.820448 0.939973
vt 0.822004 0.938517
vt 0.822004 0.939930
vt 0.895590 0.938129
vt 0.894033 0.936572
vt 0.895590 0.936466
vt 0.887534 0.934325
vt 0.888501 0.931601
vt 0.888501 0.934325
vt 0.895821 0.933742
vt 0.897234 0.936465
vt 0.895726 0.936465
vt 0.939291 0.932630
vt 0.940847 0.935354
vt 0.939291 0.935354
vt 0.944033 0.801374
vt 0.942476 0.798650
vt 0.944033 0.798650
vt 0.949851 0.900879
vt 0.950544 0.899400
vt 0.950544 0.900879
vt 0.950708 0.844966
vt 0.950015 0.843489
vt 0.950708 0.843461
vt 0.807918 0.936815
vt 0.806441 0.934091
vt 0.807918 0.934091
vt 0.845828 0.938727
vt 0.847346 0.940284
vt 0.845790 0.940284
vt 0.942723 0.938680
vt 0.944248 0.940237
vt 0.942692 0.940237
vt 0.949446 0.934065
vt 0.948753 0.931341
vt 0.949446 0.931341
vt 0.944002 0.807203
vt 0.942476 0.809927
vt 0.942476 0.807203
vt 0.814462 0.931943
vt 0.812906 0.934667
vt 0.812906 0.931943
vt 0.943796 0.881068
vt 0.942240 0.883792
vt 0.942240 0.881068
vt 0.872022 0.934979
vt 0.871329 0.933445
vt 0.872022 0.933403
vt 0.950677 0.858787
vt 0.949984 0.860264
vt 0.949984 0.858787
vt 0.942466 0.924150
vt 0.940955 0.921427
vt 0.942466 0.921427
vt 0.944033 0.806673
vt 0.945589 0.805116
vt 0.945589 0.806673
vt 0.947267 0.849063
vt 0.948751 0.850620
vt 0.947226 0.850620
vt 0.948725 0.924151
vt 0.949418 0.921427
vt 0.949418 0.924151
vt 0.810152 0.934357
vt 0.811607 0.931636
vt 0.811607 0.934360
vt 0.866688 0.935358
vt 0.868244 0.932634
vt 0.868244 0.935358
vt 0.934749 0.935213
vt 0.933193 0.932489
vt 0.934749 0.932489
vt 0.949901 0.860493
vt 0.950594 0.861970
vt 0.949901 0.862034
vt 0.949913 0.856677
vt 0.950606 0.855196
vt 0.950606 0.856677
vt 0.944017 0.854511
vt 0.942490 0.851787
vt 0.944017 0.851787
vt 0.856735 0.938837
vt 0.856735 0.940393
vt 0.907218 0.940278
vt 0.905995 0.938734
vt 0.907218 0.938712
vt 0.848917 0.941203
vt 0.849610 0.938479
vt 0.849610 0.941203
vt 0.918254 0.934989
vt 0.916713 0.937188
vt 0.916713 0.934989
vt 0.905995 0.936333
vt 0.907218 0.934134
vt 0.907218 0.936333
vt 0.812875 0.933774
vt 0.811651 0.935974
vt 0.832960 0.930861
vt 0.834436 0.933585
vt 0.832960 0.933585
vt 0.841862 0.937017
vt 0.840305 0.934827
vt 0.841862 0.934818
vt 0.908626 0.941111
vt 0.907931 0.942588
vt 0.909533 0.941111
vt 0.908838 0.942588
vt 0.908838 0.941111
vt 0.800037 0.936815
vt 0.798560 0.934092
vt 0.800037 0.934092
vt 0.945632 0.845239
vt 0.944068 0.843488
vt 0.945632 0.843461
vt 0.838582 0.937512
vt 0.840138 0.935735
vt 0.840276 0.937512
vt 0.884767 0.941150
vt 0.885463 0.938426
vt 0.885463 0.941150
vt 0.942484 0.784641
vt 0.940944 0.781933
vt 0.942484 0.781917
vt 0.914735 0.929093
vt 0.916513 0.926369
vt 0.916513 0.929093
vt 0.920091 0.929093
vt 0.918314 0.926369
vt 0.920091 0.926369
vt 0.948800 0.790661
vt 0.947323 0.789076
vt 0.948800 0.789076
vt 0.948822 0.858599
vt 0.947345 0.857013
vt 0.948822 0.857013
vt 0.804715 0.934092
vt 0.803238 0.936815
vt 0.803238 0.934092
vt 0.947190 0.839816
vt 0.948709 0.838259
vt 0.948709 0.839816
vt 0.877880 0.938531
vt 0.879436 0.939963
vt 0.877880 0.939899
vt 0.940725 0.907223
vt 0.940641 0.871058
vt 0.942174 0.868334
vt 0.925845 0.932491
vt 0.927401 0.935215
vt 0.925845 0.935215
vt 0.916292 0.934618
vt 0.914735 0.931894
vt 0.916292 0.931894
vt 0.948708 0.840737
vt 0.947200 0.842294
vt 0.947182 0.840737
vt 0.817247 0.938366
vt 0.818803 0.939842
vt 0.817247 0.939972
vt 0.837836 0.928667
vt 0.836359 0.925156
vt 0.837836 0.925156
vt 0.814488 0.929142
vt 0.812906 0.929142
vt 0.918200 0.926369
vt 0.916757 0.929464
vt 0.916757 0.926369
vt 0.873664 0.923015
vt 0.872108 0.926526
vt 0.872108 0.923015
vt 0.916318 0.936832
vt 0.914761 0.934618
vt 0.916318 0.934618
vt 0.885546 0.919726
vt 0.883332 0.922822
vt 0.883332 0.919726
vt 0.887760 0.919726
vt 0.885546 0.922822
vt 0.893747 0.928589
vt 0.892333 0.925235
vt 0.893746 0.925235
vt 0.890579 0.928589
vt 0.892094 0.925235
vt 0.892200 0.928589
vt 0.942120 0.940332
vt 0.940891 0.941744
vt 0.887790 0.923080
vt 0.889019 0.919726
vt 0.935315 0.877714
vt 0.934087 0.881068
vt 0.934087 0.877714
vt 0.912551 0.938665
vt 0.910995 0.940144
vt 0.910995 0.938665
vt 0.949200 0.911394
vt 0.947752 0.909838
vt 0.949200 0.909838
vt 0.893679 0.936818
vt 0.892202 0.934114
vt 0.893679 0.934114
vt 0.937126 0.938746
vt 0.935569 0.940264
vt 0.935569 0.938708
vt 0.843653 0.938856
vt 0.842097 0.940381
vt 0.842097 0.938824
vt 0.944033 0.834961
vt 0.942476 0.832258
vt 0.944033 0.832258
vt 0.942498 0.921350
vt 0.944023 0.918626
vt 0.944023 0.921350
vt 0.845790 0.934913
vt 0.847346 0.932189
vt 0.847346 0.934913
vt 0.943793 0.899189
vt 0.942236 0.901913
vt 0.945608 0.793828
vt 0.944131 0.795548
vt 0.944033 0.793828
vt 0.858251 0.938017
vt 0.856774 0.936297
vt 0.858251 0.936297
vt 0.883162 0.934316
vt 0.881650 0.931592
vt 0.883162 0.931592
vt 0.944033 0.804956
vt 0.945589 0.803400
vt 0.945589 0.804956
vt 0.947268 0.932508
vt 0.948753 0.934065
vt 0.947228 0.934065
vt 0.847390 0.929130
vt 0.849111 0.926406
vt 0.849111 0.929130
vt 0.941021 0.798646
vt 0.942476 0.795926
vt 0.942240 0.886593
vt 0.943796 0.883869
vt 0.943796 0.886593
vt 0.942243 0.895073
vt 0.943800 0.897797
vt 0.806315 0.936815
vt 0.804791 0.938485
vt 0.804774 0.936815
vt 0.788781 0.936815
vt 0.787254 0.938485
vt 0.787234 0.936815
vt 0.944017 0.849063
vt 0.942490 0.846339
vt 0.944017 0.846339
vt 0.935437 0.940514
vt 0.934331 0.942071
vt 0.934331 0.940514
vt 0.932087 0.940514
vt 0.933193 0.942058
vt 0.932087 0.942080
vt 0.851524 0.929530
vt 0.853194 0.926806
vt 0.853194 0.929530
vt 0.847331 0.934913
vt 0.845790 0.937127
vt 0.930274 0.924875
vt 0.931379 0.922660
vt 0.931379 0.924875
vt 0.885873 0.936212
vt 0.884767 0.938426
vt 0.884767 0.936212
vt 0.848956 0.936870
vt 0.847400 0.934664
vt 0.848956 0.934655
vt 0.794989 0.936815
vt 0.793512 0.934092
vt 0.794989 0.934092
vt 0.887515 0.938374
vt 0.885959 0.939836
vt 0.885959 0.938374
vt 0.925845 0.938662
vt 0.927401 0.940124
vt 0.925845 0.940231
vt 0.886996 0.941964
vt 0.888225 0.940502
vt 0.888225 0.941964
vt 0.908838 0.939554
vt 0.910067 0.941111
vt 0.834067 0.939573
vt 0.832838 0.939573
vt 0.945414 0.896939
vt 0.943851 0.895098
vt 0.945414 0.895073
vt 0.855650 0.935370
vt 0.854094 0.937236
vt 0.845313 0.937141
vt 0.843774 0.935017
vt 0.845313 0.934998
vt 0.930686 0.936277
vt 0.932552 0.934134
vt 0.932552 0.936277
vt 0.943177 0.856886
vt 0.941311 0.854742
vt 0.943177 0.854742
vt 0.948154 0.867196
vt 0.946677 0.865533
vt 0.948154 0.865533
vt 0.946672 0.826197
vt 0.948149 0.827860
vt 0.946672 0.827860
vt 0.945270 0.901466
vt 0.945270 0.899189
vt 0.948698 0.918626
vt 0.947180 0.920182
vt 0.947180 0.918626
vt 0.880012 0.938531
vt 0.881568 0.939963
vt 0.880012 0.939899
vt 0.942569 0.902153
vt 0.944232 0.904430
vt 0.942569 0.904430
vt 0.940725 0.907223
vt 0.942259 0.904499
vt 0.942322 0.907223
vt 0.942476 0.815452
vt 0.940920 0.812728
vt 0.942476 0.812728
vt 0.942240 0.889471
vt 0.943796 0.892195
vt 0.942240 0.892195
vt 0.947189 0.833814
vt 0.948697 0.832258
vt 0.948716 0.833814
vt 0.895590 0.939736
vt 0.894033 0.938259
vt 0.944010 0.784580
vt 0.942533 0.781856
vt 0.944010 0.781856
vt 0.945490 0.909089
vt 0.943908 0.907223
vt 0.945490 0.907223
vt 0.944134 0.836925
vt 0.945576 0.835058
vt 0.945576 0.836925
vt 0.942591 0.871788
vt 0.941034 0.874512
vt 0.941034 0.871788
vt 0.905977 0.934227
vt 0.904420 0.931503
vt 0.905977 0.931503
vt 0.883167 0.925349
vt 0.885033 0.928073
vt 0.883167 0.928073
vt 0.902084 0.928682
vt 0.900218 0.928682
vt 0.883064 0.936703
vt 0.883142 0.938366
vt 0.807918 0.938478
vt 0.806441 0.936815
vt 0.807917 0.936815
vt 0.944031 0.818253
vt 0.942477 0.815529
vt 0.864897 0.928140
vt 0.863234 0.930863
vt 0.863234 0.928140
vt 0.945414 0.898831
vt 0.943851 0.896991
vt 0.945414 0.896965
vt 0.868476 0.935358
vt 0.866919 0.937224
vt 0.942484 0.781840
vt 0.940944 0.779132
vt 0.942484 0.779116
vt 0.811917 0.926108
vt 0.810051 0.928832
vt 0.810051 0.926108
vt 0.899147 0.928682
vt 0.899147 0.925958
vt 0.948052 0.800313
vt 0.946575 0.798650
vt 0.948052 0.798650
vt 0.948149 0.824534
vt 0.946672 0.824534
vt 0.796466 0.936815
vt 0.796466 0.934092
vt 0.947189 0.931341
vt 0.948708 0.929784
vt 0.948708 0.931341
vt 0.823605 0.939798
vt 0.822048 0.938366
vt 0.823605 0.938429
vt 0.910767 0.930723
vt 0.909104 0.930723
vt 0.861267 0.934170
vt 0.862801 0.931446
vt 0.862864 0.934170
vt 0.942476 0.812651
vt 0.940920 0.809927
vt 0.943796 0.894919
vt 0.942240 0.892195
vt 0.943796 0.892195
vt 0.948716 0.801524
vt 0.947208 0.803080
vt 0.947189 0.801524
vt 0.898837 0.939882
vt 0.897280 0.938405
vt 0.898837 0.938275
vt 0.944247 0.859737
vt 0.942770 0.857013
vt 0.944247 0.857013
vt 0.945502 0.906365
vt 0.943920 0.904499
vt 0.945502 0.904499
vt 0.944137 0.920492
vt 0.945579 0.918626
vt 0.945579 0.920492
vt 0.942721 0.859814
vt 0.941164 0.862538
vt 0.941164 0.859814
vt 0.901801 0.934207
vt 0.900244 0.931483
vt 0.901801 0.931483
vt 0.875552 0.928075
vt 0.873686 0.925351
vt 0.875552 0.925351
vt 0.826457 0.928791
vt 0.824591 0.928791
vt 0.948716 0.805072
vt 0.947208 0.806628
vt 0.947189 0.805072
vt 0.897234 0.939736
vt 0.895677 0.938259
vt 0.897234 0.938129
vt 0.944010 0.787442
vt 0.942533 0.784718
vt 0.944010 0.784718
vt 0.945488 0.917569
vt 0.943905 0.915703
vt 0.945488 0.915703
vt 0.944131 0.853653
vt 0.945574 0.851787
vt 0.945574 0.853653
vt 0.942591 0.877390
vt 0.941034 0.880114
vt 0.941034 0.877390
vt 0.942308 0.918427
vt 0.940751 0.915703
vt 0.942308 0.915703
vt 0.877718 0.928075
vt 0.875852 0.925351
vt 0.877718 0.925351
vt 0.817513 0.928791
vt 0.815647 0.928791
vt 0.881567 0.936703
vt 0.880089 0.938366
vt 0.880012 0.936703
vt 0.822002 0.938384
vt 0.820525 0.936721
vt 0.822002 0.936721
vt 0.944031 0.823932
vt 0.942477 0.821208
vt 0.944031 0.821208
vt 0.939040 0.865533
vt 0.937377 0.868257
vt 0.937377 0.865533
vt 0.839685 0.942072
vt 0.838582 0.940699
vt 0.839685 0.940669
vt 0.829255 0.940627
vt 0.828152 0.942022
vt 0.828152 0.940643
vt 0.836483 0.924626
vt 0.837862 0.921916
vt 0.837862 0.924640
vt 0.855636 0.930772
vt 0.856739 0.933496
vt 0.855636 0.933496
vt 0.884767 0.933521
vt 0.885871 0.930797
vt 0.885871 0.933521
vt 0.950341 0.818836
vt 0.949358 0.817359
vt 0.950341 0.817359
vt 0.950341 0.820319
vt 0.949358 0.818842
vt 0.950341 0.818842
vt 0.801514 0.934092
vt 0.801514 0.936815
vt 0.950280 0.801117
vt 0.949359 0.802635
vt 0.950277 0.822929
vt 0.949356 0.824361
vt 0.949356 0.822764
vt 0.945016 0.798650
vt 0.945016 0.801374
vt 0.942238 0.868257
vt 0.940704 0.865533
vt 0.942223 0.865533
vt 0.887581 0.937049
vt 0.888501 0.934325
vt 0.888501 0.937049
vt 0.859239 0.934546
vt 0.858319 0.937270
vt 0.858319 0.934546
vt 0.949411 0.836585
vt 0.950331 0.835077
vt 0.950331 0.836585
vt 0.863208 0.939845
vt 0.862288 0.941322
vt 0.862288 0.939845
vt 0.944198 0.862615
vt 0.942721 0.865339
vt 0.869396 0.938082
vt 0.869396 0.935358
vt 0.944011 0.924227
vt 0.942455 0.926951
vt 0.942455 0.924227
vt 0.795192 0.939872
vt 0.793635 0.938416
vt 0.795192 0.938459
vt 0.894033 0.936466
vt 0.895446 0.933742
vt 0.895541 0.936466
vt 0.910987 0.941111
vt 0.910067 0.939554
vt 0.910987 0.939554
vt 0.950338 0.922951
vt 0.949418 0.921467
vt 0.950338 0.921427
vt 0.836000 0.936386
vt 0.834443 0.937943
vt 0.834443 0.936435
vt 0.941021 0.790397
vt 0.942476 0.793118
vt 0.940920 0.793121
vt 0.849911 0.934655
vt 0.848991 0.931931
vt 0.849911 0.931931
vt 0.811651 0.938698
vt 0.812572 0.935974
vt 0.812572 0.938698
vt 0.864897 0.929694
vt 0.865880 0.928217
vt 0.865880 0.929694
vt 0.944424 0.941714
vt 0.943440 0.940237
vt 0.944424 0.940237
vt 0.947723 0.911395
vt 0.949127 0.912949
vt 0.947723 0.912949
vt 0.950426 0.781219
vt 0.950426 0.779815
vt 0.948828 0.829782
vt 0.949931 0.831316
vt 0.948828 0.831346
vt 0.948709 0.843270
vt 0.948709 0.841730
vt 0.804771 0.940735
vt 0.803361 0.939222
vt 0.804771 0.939195
vt 0.950453 0.877409
vt 0.949349 0.875999
vt 0.950453 0.875999
vt 0.949349 0.875999
vt 0.950453 0.874589
vt 0.949411 0.838093
vt 0.949411 0.836585
vt 0.950272 0.927348
vt 0.949352 0.928825
vt 0.944198 0.859737
vt 0.942721 0.862461
vt 0.942721 0.859737
vt 0.949984 0.860370
vt 0.948881 0.858787
vt 0.949984 0.858787
vt 0.930469 0.940677
vt 0.929365 0.942119
vt 0.929365 0.940563
vt 0.815572 0.937759
vt 0.814652 0.935035
vt 0.815572 0.935035
vt 0.817203 0.931592
vt 0.815647 0.934316
vt 0.815647 0.931592
vt 0.930276 0.922660
vt 0.931379 0.919936
vt 0.932592 0.877554
vt 0.931488 0.880278
vt 0.931488 0.877554
vt 0.921370 0.941665
vt 0.922353 0.940188
vt 0.922353 0.941665
vt 0.950336 0.841146
vt 0.949353 0.839669
vt 0.950336 0.839669
vt 0.944030 0.826656
vt 0.942476 0.829380
vt 0.942476 0.826656
vt 0.945016 0.798569
vt 0.944033 0.795845
vt 0.945016 0.795845
vt 0.790311 0.934092
vt 0.788834 0.936815
vt 0.788834 0.934092
vt 0.943864 0.912902
vt 0.942308 0.915626
vt 0.942308 0.912902
vt 0.945575 0.931651
vt 0.944098 0.929784
vt 0.945575 0.929784
vt 0.944001 0.888536
vt 0.945480 0.886670
vt 0.945480 0.888536
vt 0.943291 0.854742
vt 0.944801 0.856956
vt 0.943177 0.856956
vt 0.889607 0.941199
vt 0.888504 0.939608
vt 0.889607 0.939576
vt 0.826309 0.938366
vt 0.825205 0.939982
vt 0.825205 0.938383
vt 0.948788 0.896671
vt 0.947379 0.895101
vt 0.948788 0.895073
vt 0.874746 0.940738
vt 0.875850 0.942148
vt 0.874746 0.942148
vt 0.950456 0.838259
vt 0.949353 0.838259
vt 0.935645 0.898659
vt 0.936874 0.900180
vt 0.935645 0.900206
vt 0.945479 0.913859
vt 0.943915 0.912018
vt 0.945479 0.911993
vt 0.945489 0.867639
vt 0.943932 0.869505
vt 0.942455 0.926952
vt 0.940915 0.924243
vt 0.879746 0.928791
vt 0.881612 0.926067
vt 0.881612 0.928791
vt 0.863133 0.928645
vt 0.861267 0.925921
vt 0.863133 0.925921
vt 0.948052 0.797508
vt 0.946575 0.795845
vt 0.948052 0.795845
vt 0.948149 0.826197
vt 0.946672 0.826197
vt 0.793512 0.936815
vt 0.792035 0.934092
vt 0.948694 0.924227
vt 0.947176 0.925784
vt 0.947176 0.924227
vt 0.828108 0.939798
vt 0.826551 0.938366
vt 0.828108 0.938429
vt 0.840245 0.930210
vt 0.838582 0.927486
vt 0.840245 0.927486
vt 0.930686 0.934133
vt 0.932220 0.931410
vt 0.932283 0.934133
vt 0.940920 0.807203
vt 0.942476 0.807203
vt 0.942238 0.865533
vt 0.943794 0.868257
vt 0.947189 0.812076
vt 0.948697 0.810520
vt 0.948716 0.812076
vt 0.947913 0.856349
vt 0.946357 0.854872
vt 0.947913 0.854742
vt 0.944117 0.880114
vt 0.942640 0.877390
vt 0.944117 0.877390
vt 0.945626 0.850929
vt 0.944044 0.849063
vt 0.945626 0.849063
vt 0.944134 0.838791
vt 0.923915 0.931835
vt 0.922358 0.934559
vt 0.922358 0.931835
vt 0.940751 0.912902
vt 0.865100 0.928140
vt 0.863234 0.925416
vt 0.865100 0.925416
vt 0.817513 0.926067
vt 0.819379 0.928791
vt 0.817513 0.928791
vt 0.887514 0.936711
vt 0.886037 0.938374
vt 0.885959 0.936711
vt 0.946570 0.800313
vt 0.945093 0.798650
vt 0.946569 0.798650
vt 0.944031 0.826656
vt 0.942477 0.823932
vt 0.916713 0.940320
vt 0.918269 0.938789
vt 0.918269 0.940345
vt 0.944247 0.858907
vt 0.945804 0.860364
vt 0.944247 0.860493
vt 0.937377 0.870981
vt 0.939040 0.868257
vt 0.939040 0.870981
vt 0.818848 0.936703
vt 0.820404 0.934316
vt 0.820425 0.936703
vt 0.822048 0.934316
vt 0.823605 0.936703
vt 0.822048 0.936703
vt 0.927782 0.936854
vt 0.929339 0.934468
vt 0.929339 0.936854
vt 0.801761 0.940002
vt 0.803317 0.938458
vt 0.803317 0.940002
vt 0.948881 0.864172
vt 0.947404 0.862615
vt 0.948881 0.862615
vt 0.921893 0.936946
vt 0.920416 0.934559
vt 0.921893 0.934559
vt 0.798392 0.938416
vt 0.796836 0.939872
vt 0.796836 0.938459
vt 0.832882 0.936309
vt 0.834439 0.937865
vt 0.832882 0.937972
vt 0.880012 0.934316
vt 0.881568 0.936703
vt 0.883262 0.933598
vt 0.884674 0.936322
vt 0.944033 0.795845
vt 0.942476 0.793121
vt 0.944033 0.793121
vt 0.940920 0.829534
vt 0.942476 0.832257
vt 0.940920 0.832258
vt 0.945480 0.882934
vt 0.944001 0.881068
vt 0.945480 0.881068
vt 0.945574 0.784718
vt 0.944097 0.786584
vt 0.834439 0.936309
vt 0.832962 0.933585
vt 0.834439 0.933585
vt 0.815685 0.936703
vt 0.817203 0.938366
vt 0.815647 0.938366
vt 0.837835 0.938260
vt 0.836309 0.936597
vt 0.837866 0.936597
vt 0.907238 0.925275
vt 0.909104 0.927999
vt 0.944001 0.804251
vt 0.942476 0.806975
vt 0.942476 0.804251
vt 0.831175 0.926864
vt 0.829511 0.929588
vt 0.875349 0.928075
vt 0.873686 0.930799
vt 0.873686 0.928075
vt 0.859437 0.938472
vt 0.860993 0.939949
vt 0.859437 0.940047
vt 0.948828 0.830973
vt 0.947351 0.829417
vt 0.948828 0.829417
vt 0.825224 0.934316
vt 0.823712 0.931592
vt 0.825224 0.931592
vt 0.944033 0.811643
vt 0.945589 0.810087
vt 0.945589 0.811643
vt 0.948685 0.922983
vt 0.947200 0.921427
vt 0.948725 0.921427
vt 0.849924 0.935276
vt 0.851480 0.932552
vt 0.851480 0.935276
vt 0.941021 0.801374
vt 0.942476 0.798653
vt 0.942476 0.801377
vt 0.914464 0.931894
vt 0.912907 0.934618
vt 0.912907 0.931894
vt 0.940920 0.823932
vt 0.942476 0.826656
vt 0.940920 0.826656
vt 0.947208 0.808759
vt 0.947189 0.807203
vt 0.871285 0.939863
vt 0.869729 0.938386
vt 0.871285 0.938256
vt 0.944117 0.874512
vt 0.942640 0.871788
vt 0.944117 0.871788
vt 0.859437 0.934485
vt 0.860993 0.931761
vt 0.860993 0.934485
vt 0.945633 0.780982
vt 0.944051 0.779116
vt 0.945633 0.779116
vt 0.944131 0.848205
vt 0.945574 0.846339
vt 0.945574 0.848205
vt 0.847390 0.929388
vt 0.845834 0.926406
vt 0.847390 0.926406
vt 0.836309 0.928137
vt 0.834443 0.925156
vt 0.836309 0.925156
vt 0.894033 0.925235
vt 0.895899 0.928217
vt 0.877880 0.938366
vt 0.879357 0.936703
vt 0.879435 0.938366
vt 0.811605 0.938410
vt 0.810128 0.936746
vt 0.811605 0.936746
vt 0.845304 0.929473
vt 0.843751 0.926491
vt 0.845304 0.926491
vt 0.939002 0.938827
vt 0.937446 0.940359
vt 0.937446 0.938802
vt 0.945804 0.864202
vt 0.944247 0.862744
vt 0.945804 0.862615
vt 0.841959 0.926311
vt 0.840296 0.929293
vt 0.840296 0.926311
vt 0.817247 0.936702
vt 0.818804 0.934316
vt 0.818824 0.936702
vt 0.826551 0.934316
vt 0.828108 0.936703
vt 0.887516 0.934325
vt 0.885959 0.934325
vt 0.795280 0.940002
vt 0.796836 0.938458
vt 0.796836 0.940002
vt 0.948881 0.862049
vt 0.947404 0.860493
vt 0.948881 0.860493
vt 0.923902 0.936946
vt 0.922425 0.934559
vt 0.923902 0.934559
vt 0.798560 0.940005
vt 0.800116 0.938549
vt 0.800116 0.939962
vt 0.863234 0.936388
vt 0.864790 0.937945
vt 0.877880 0.934316
vt 0.879436 0.936703
vt 0.877880 0.936703
vt 0.875947 0.933600
vt 0.877359 0.936323
vt 0.875852 0.936324
vt 0.944033 0.798646
vt 0.942476 0.795922
vt 0.944033 0.795922
vt 0.940920 0.835058
vt 0.942476 0.837782
vt 0.940920 0.837782
vt 0.945480 0.885735
vt 0.944001 0.883869
vt 0.945480 0.883869
vt 0.945575 0.924227
vt 0.944098 0.926094
vt 0.832837 0.936581
vt 0.831360 0.933857
vt 0.832837 0.933857
vt 0.817285 0.936702
vt 0.818804 0.938365
vt 0.898806 0.938275
vt 0.897280 0.936611
vt 0.898837 0.936611
vt 0.888504 0.925309
vt 0.890370 0.928033
vt 0.944001 0.809927
vt 0.942476 0.812651
vt 0.942476 0.809927
vt 0.855619 0.927121
vt 0.853956 0.929845
vt 0.836106 0.928137
vt 0.834443 0.930861
vt 0.834443 0.928137
vt 0.806361 0.938478
vt 0.807918 0.939955
vt 0.806361 0.940053
vt 0.947351 0.827860
vt 0.948828 0.827860
vt 0.881587 0.934316
vt 0.880075 0.931592
vt 0.881587 0.931592
vt 0.945589 0.807203
vt 0.944033 0.808760
vt 0.944033 0.807203
vt 0.948699 0.877862
vt 0.947215 0.876306
vt 0.948739 0.876306
vt 0.866644 0.932634
vt 0.865087 0.932634
vt 0.941021 0.804248
vt 0.942476 0.801528
vt 0.840296 0.934818
vt 0.841852 0.932094
vt 0.841852 0.934818
vt 0.940920 0.821208
vt 0.942476 0.823932
vt 0.940920 0.823932
vt 0.948715 0.808919
vt 0.947208 0.810476
vt 0.947189 0.808919
vt 0.836309 0.938260
vt 0.837866 0.939737
vt 0.836309 0.939867
vt 0.944010 0.781840
vt 0.942533 0.779116
vt 0.944010 0.779116
vt 0.942476 0.849063
vt 0.940920 0.851787
vt 0.940920 0.849063
vt 0.820404 0.936703
vt 0.818886 0.938366
vt 0.946357 0.854742
vt 0.944832 0.856405
vt 0.944801 0.854742
vt 0.879746 0.926067
vt 0.877880 0.928791
vt 0.877880 0.926067
vt 0.942508 0.790394
vt 0.944033 0.793118
vt 0.868351 0.929833
vt 0.868351 0.927109
vt 0.877515 0.930799
vt 0.875852 0.928075
vt 0.877515 0.928075
vt 0.929295 0.938455
vt 0.927738 0.939932
vt 0.927738 0.938455
vt 0.947269 0.780673
vt 0.948746 0.779116
vt 0.948746 0.780673
vt 0.942403 0.918626
vt 0.940891 0.921350
vt 0.940891 0.918626
vt 0.945673 0.876146
vt 0.945673 0.874589
vt 0.947208 0.795384
vt 0.948693 0.793828
vt 0.921906 0.934559
vt 0.920349 0.931835
vt 0.921906 0.931835
vt 0.872209 0.926529
vt 0.873664 0.929484
vt 0.872108 0.929487
vt 0.843653 0.929584
vt 0.843653 0.926626
vt 0.933193 0.929688
vt 0.934749 0.926730
vt 0.934749 0.929688
vt 0.948714 0.820516
vt 0.947206 0.818959
vt 0.948714 0.818959
vt 0.900218 0.939882
vt 0.901774 0.938405
vt 0.901774 0.939882
vt 0.947103 0.908359
vt 0.948538 0.909836
vt 0.947103 0.909836
vt 0.947049 0.879506
vt 0.945614 0.881063
vt 0.945614 0.879507
vt 0.868338 0.940381
vt 0.866781 0.938849
vt 0.868338 0.938824
vt 0.908794 0.936367
vt 0.907238 0.937825
vt 0.907238 0.936248
vt 0.945600 0.923222
vt 0.944044 0.921427
vt 0.945600 0.921427
vt 0.944031 0.819155
vt 0.945587 0.817359
vt 0.945587 0.819155
vt 0.945587 0.820951
vt 0.944031 0.820950
vt 0.904114 0.939966
vt 0.902557 0.938422
vt 0.904114 0.938422
vt 0.947693 0.938495
vt 0.949170 0.936938
vt 0.949170 0.938495
vt 0.883089 0.926067
vt 0.881612 0.929012
vt 0.793591 0.939872
vt 0.792035 0.938416
vt 0.793591 0.938459
vt 0.877408 0.936324
vt 0.875852 0.937880
vt 0.875852 0.936372
vt 0.851480 0.926806
vt 0.849924 0.929751
vt 0.849924 0.926806
vt 0.834443 0.936386
vt 0.835856 0.933662
vt 0.835951 0.936386
vt 0.944004 0.932508
vt 0.942448 0.935232
vt 0.942448 0.932508
vt 0.943864 0.915703
vt 0.944001 0.893203
vt 0.945480 0.891337
vt 0.945480 0.893203
vt 0.945575 0.928895
vt 0.944098 0.927028
vt 0.945575 0.927028
vt 0.869731 0.936592
vt 0.871208 0.933868
vt 0.871208 0.936592
vt 0.823567 0.936703
vt 0.823605 0.938366
vt 0.871285 0.936592
vt 0.869760 0.938256
vt 0.869729 0.936592
vt 0.828417 0.926067
vt 0.826551 0.928791
vt 0.942498 0.921427
vt 0.944023 0.924151
vt 0.942466 0.924151
vt 0.912902 0.929693
vt 0.911239 0.926969
vt 0.858402 0.930772
vt 0.858402 0.928048
vt 0.919870 0.938454
vt 0.918314 0.939931
vt 0.918314 0.938454
vt 0.838617 0.940669
vt 0.840094 0.939112
vt 0.840094 0.940669
vt 0.887471 0.931601
vt 0.885959 0.931601
vt 0.927782 0.931744
vt 0.929339 0.931744
vt 0.865087 0.938824
vt 0.866643 0.940356
vt 0.865087 0.940381
vt 0.944492 0.936819
vt 0.946049 0.935361
vt 0.946049 0.936938
vt 0.950301 0.924248
vt 0.950301 0.925805
vt 0.950301 0.930512
vt 0.949352 0.928955
vt 0.950301 0.928955
vt 0.950306 0.821208
vt 0.949357 0.821208
vt 0.790338 0.939966
vt 0.788781 0.938422
vt 0.790338 0.938422
vt 0.948881 0.858787
vt 0.947404 0.860344
vt 0.947404 0.858787
vt 0.914384 0.934618
vt 0.912907 0.937004
vt 0.807918 0.938549
vt 0.809474 0.940005
vt 0.807918 0.939961
vt 0.875242 0.936323
vt 0.873686 0.937880
vt 0.873686 0.936372
vt 0.859437 0.936871
vt 0.860993 0.934485
vt 0.860993 0.936871
vt 0.864647 0.933664
vt 0.864741 0.936388
vt 0.943879 0.904499
vt 0.943879 0.907223
vt 0.943864 0.910101
vt 0.944001 0.891337
vt 0.945480 0.889471
vt 0.945480 0.891337
vt 0.945581 0.842603
vt 0.944104 0.840737
vt 0.945581 0.840737
vt 0.788711 0.934092
vt 0.787234 0.934092
vt 0.825167 0.936703
vt 0.825205 0.938366
vt 0.862824 0.936575
vt 0.861298 0.938238
vt 0.861267 0.936575
vt 0.822725 0.928791
vt 0.822725 0.926067
vt 0.942486 0.929784
vt 0.944011 0.932508
vt 0.942455 0.932508
vt 0.927682 0.929690
vt 0.927682 0.926966
vt 0.884830 0.930797
vt 0.884830 0.928073
vt 0.892136 0.938438
vt 0.890579 0.939915
vt 0.890579 0.938438
vt 0.947308 0.873345
vt 0.948785 0.873345
vt 0.879392 0.931592
vt 0.877880 0.931592
vt 0.945673 0.873345
vt 0.945673 0.871788
vt 0.947215 0.879463
vt 0.948699 0.877906
vt 0.948739 0.879463
vt 0.942591 0.877313
vt 0.941034 0.874589
vt 0.942591 0.874589
vt 0.941021 0.793124
vt 0.942476 0.795845
vt 0.940920 0.795849
vt 0.942476 0.854511
vt 0.942476 0.851787
vt 0.843750 0.934998
vt 0.845306 0.932274
vt 0.845306 0.934998
vt 0.948714 0.818915
vt 0.947206 0.817359
vt 0.948714 0.817359
vt 0.905951 0.938295
vt 0.904394 0.939772
vt 0.949882 0.896774
vt 0.950587 0.898251
vt 0.949882 0.898251
vt 0.899586 0.928682
vt 0.898881 0.930238
vt 0.898881 0.928682
vt 0.116653 0.165229
vt 0.119991 0.173529
vt 0.116653 0.173529
vt 0.087058 0.177357
vt 0.083722 0.177878
vt 0.083720 0.177357
vt 0.083722 0.154476
vt 0.061984 0.152102
vt 0.058649 0.152616
vt 0.058646 0.152101
vt 0.128371 0.124079
vt 0.127724 0.116397
vt 0.128371 0.115779
vt 0.127238 0.115911
vt 0.127857 0.115265
vt 0.105592 0.115911
vt 0.104973 0.115265
vt 0.104459 0.115779
vt 0.144763 0.179129
vt 0.141425 0.179775
vt 0.141425 0.179129
vt 0.144763 0.179775
vt 0.141425 0.182795
vt 0.116653 0.173822
vt 0.054834 0.183220
vt 0.055101 0.183810
vt 0.127724 0.124372
vt 0.124705 0.124079
vt 0.127724 0.124079
vt 0.157006 0.188903
vt 0.156739 0.185855
vt 0.055101 0.180463
vt 0.055101 0.183220
vt 0.134606 0.185959
vt 0.137363 0.185959
vt 0.093286 0.154476
vt 0.096625 0.170079
vt 0.093286 0.170079
vt 0.128283 0.170079
vt 0.127871 0.173417
vt 0.127871 0.170079
vt 0.063952 0.144610
vt 0.064363 0.160213
vt 0.063952 0.160213
vt 0.093804 0.177697
vt 0.090756 0.163452
vt 0.093804 0.163452
vt 0.113187 0.163452
vt 0.113563 0.177697
vt 0.113187 0.177697
vt 0.105106 0.116397
vt 0.104459 0.154476
vt 0.058649 0.113405
vt 0.175577 0.167371
vt 0.175988 0.170709
vt 0.175577 0.170709
vt 0.063952 0.169771
vt 0.064363 0.164992
vt 0.064363 0.169771
vt 0.109977 0.165229
vt 0.106639 0.170008
vt 0.106639 0.165229
vt 0.175988 0.154475
vt 0.175577 0.159254
vt 0.175577 0.154475
vt 0.109977 0.174787
vt 0.113315 0.170008
vt 0.113315 0.174787
vt 0.097565 0.933243
vt 0.099497 0.924267
vt 0.099497 0.933243
vt 0.105168 0.933323
vt 0.103299 0.924346
vt 0.105168 0.924267
vt 0.160458 0.936530
vt 0.159052 0.927554
vt 0.160458 0.927554
vt 0.188407 0.916584
vt 0.186537 0.918516
vt 0.186537 0.916584
vt 0.172868 0.936527
vt 0.174274 0.927551
vt 0.174274 0.936527
vt 0.171203 0.927551
vt 0.171203 0.936527
vt 0.154347 0.941509
vt 0.153457 0.932532
vt 0.154347 0.932532
vt 0.191374 0.916584
vt 0.189968 0.918249
vt 0.189968 0.916584
vt 0.092342 0.940367
vt 0.091453 0.931390
vt 0.092342 0.931390
vt 0.118833 0.936662
vt 0.117167 0.927685
vt 0.118833 0.927685
vt 0.164123 0.952122
vt 0.163234 0.953787
vt 0.163234 0.952122
vt 0.186537 0.918516
vt 0.184667 0.916584
vt 0.186537 0.916584
vt 0.191266 0.893983
vt 0.189860 0.892317
vt 0.191266 0.892317
vt 0.127619 0.953393
vt 0.126729 0.951728
vt 0.127619 0.951728
vt 0.121954 0.928893
vt 0.120022 0.919837
vt 0.121954 0.919837
vt 0.188191 0.139211
vt 0.188794 0.134832
vt 0.188794 0.139211
vt 0.188191 0.130453
vt 0.188794 0.130453
vt 0.189531 0.119644
vt 0.190133 0.124023
vt 0.189531 0.124023
vt 0.190133 0.115265
vt 0.189531 0.115265
vt 0.060085 0.177533
vt 0.061524 0.181912
vt 0.060085 0.181912
vt 0.061524 0.186291
vt 0.060085 0.186291
vt 0.146627 0.200299
vt 0.146024 0.201739
vt 0.146024 0.200299
vt 0.184709 0.135613
vt 0.186148 0.139992
vt 0.184709 0.139992
vt 0.162397 0.196714
vt 0.161794 0.198153
vt 0.161794 0.196714
vt 0.184709 0.131234
vt 0.186148 0.135613
vt 0.379772 0.615497
vt 0.379088 0.616815
vt 0.379088 0.614797
vt 0.379088 0.620672
vt 0.379772 0.623994
vt 0.379088 0.624614
vt 0.382321 0.620287
vt 0.383063 0.620672
vt 0.379772 0.617201
vt 0.379088 0.618744
vt 0.414050 0.647240
vt 0.414134 0.646083
vt 0.414134 0.647240
vt 0.382321 0.616492
vt 0.383063 0.616815
vt 0.390865 0.643280
vt 0.390948 0.645829
vt 0.390865 0.645829
vt 0.371046 0.647013
vt 0.371130 0.645856
vt 0.371130 0.647013
vt 0.382321 0.619129
vt 0.379772 0.619129
vt 0.367920 0.648072
vt 0.367836 0.645523
vt 0.367920 0.645523
vt 0.413698 0.643408
vt 0.413782 0.645956
vt 0.413698 0.645956
vt 0.382321 0.621292
vt 0.379772 0.621292
vt 0.382321 0.618358
vt 0.383063 0.618744
vt 0.382321 0.617201
vt 0.350071 0.640092
vt 0.350154 0.637544
vt 0.350154 0.640092
vt 0.382239 0.648715
vt 0.382137 0.646324
vt 0.382239 0.646482
vt 0.342580 0.651457
vt 0.342494 0.649066
vt 0.342580 0.648908
vt 0.341671 0.651299
vt 0.341584 0.651457
vt 0.382137 0.648872
vt 0.383191 0.648715
vt 0.383294 0.648872
vt 0.337496 0.643157
vt 0.337580 0.640454
vt 0.337580 0.643157
vt 0.382321 0.615497
vt 0.420109 0.648165
vt 0.420193 0.645617
vt 0.420193 0.648165
vt 0.402700 0.643560
vt 0.402784 0.641011
vt 0.402784 0.643560
vt 0.371046 0.648009
vt 0.371130 0.648009
vt 0.444482 0.620835
vt 0.444566 0.618287
vt 0.444566 0.620835
vt 0.445573 0.639977
vt 0.445657 0.642525
vt 0.445573 0.642525
vt 0.383294 0.646324
vt 0.383191 0.646482
vt 0.370281 0.643676
vt 0.370231 0.641443
vt 0.370281 0.641443
vt 0.344558 0.646036
vt 0.344607 0.643803
vt 0.344607 0.646036
vt 0.398303 0.642731
vt 0.398352 0.644964
vt 0.398303 0.644964
vt 0.430550 0.640192
vt 0.430501 0.641015
vt 0.430501 0.640192
vt 0.389588 0.637374
vt 0.387197 0.637540
vt 0.387039 0.637374
vt 0.439411 0.648893
vt 0.440465 0.649051
vt 0.439308 0.649051
vt 0.440465 0.646502
vt 0.440362 0.648893
vt 0.440362 0.646660
vt 0.439411 0.646660
vt 0.389430 0.639912
vt 0.389588 0.640077
vt 0.341671 0.649066
vt 0.387197 0.639912
vt 0.430196 0.199379
vt 0.431138 0.196824
vt 0.431138 0.199379
vt 0.449320 0.100753
vt 0.450409 0.098199
vt 0.450409 0.100753
vt 0.405100 0.197392
vt 0.406189 0.194837
vt 0.406189 0.197391
vt 0.391101 0.180205
vt 0.388547 0.182920
vt 0.388547 0.180205
vt 0.379039 0.645425
vt 0.378990 0.643192
vt 0.379039 0.643192
vt 0.437662 0.643425
vt 0.437711 0.642473
vt 0.437711 0.643425
vt 0.434267 0.646264
vt 0.434217 0.644032
vt 0.434267 0.644032
vt 0.445657 0.644442
vt 0.445706 0.642209
vt 0.445706 0.644442
vt 0.373687 0.638084
vt 0.373737 0.635712
vt 0.373737 0.638084
vt 0.350163 0.639776
vt 0.350212 0.637544
vt 0.350212 0.639776
vt 0.406134 0.640650
vt 0.406085 0.642883
vt 0.406085 0.640650
vt 0.382748 0.642276
vt 0.383208 0.646251
vt 0.382748 0.646251
vt 0.437662 0.644376
vt 0.437711 0.644376
vt 0.445725 0.646637
vt 0.446185 0.642695
vt 0.446185 0.646637
vt 0.445725 0.642695
vt 0.446185 0.640767
vt 0.445725 0.638838
vt 0.446185 0.636820
vt 0.446185 0.638838
vt 0.411409 0.640351
vt 0.410950 0.644327
vt 0.410950 0.640351
vt 0.445725 0.640767
vt 0.383063 0.614797
vt 0.382321 0.623994
vt 0.383233 0.645056
vt 0.383317 0.646213
vt 0.383233 0.646213
vt 0.445657 0.646231
vt 0.445573 0.645073
vt 0.445657 0.645073
vt 0.341584 0.648908
vt 0.423763 0.637732
vt 0.423847 0.640435
vt 0.423763 0.640435
vt 0.353396 0.645181
vt 0.353480 0.646176
vt 0.353396 0.646176
vt 0.347251 0.636684
vt 0.347300 0.637508
vt 0.347251 0.637508
vt 0.439308 0.646502
vt 0.387039 0.640077
vt 0.440272 0.636593
vt 0.440321 0.637545
vt 0.440272 0.637545
vt 0.402707 0.634312
vt 0.402756 0.636684
vt 0.402707 0.636684
vt 0.402707 0.639057
vt 0.402756 0.640008
vt 0.402707 0.640008
vt 0.380239 0.641377
vt 0.379779 0.637435
vt 0.380239 0.637435
vt 0.380239 0.643306
vt 0.379779 0.641377
vt 0.380239 0.647252
vt 0.379779 0.645234
vt 0.380239 0.645234
vt 0.379779 0.643306
vt 0.383063 0.624614
vt 0.383806 0.615497
vt 0.383806 0.623994
vt 0.387039 0.620672
vt 0.383806 0.620287
vt 0.386355 0.620287
vt 0.383806 0.617201
vt 0.385432 0.647025
vt 0.385516 0.645867
vt 0.385516 0.647025
vt 0.387039 0.616815
vt 0.383806 0.616492
vt 0.386355 0.616492
vt 0.414071 0.645956
vt 0.413987 0.643408
vt 0.414071 0.643408
vt 0.377147 0.646992
vt 0.377231 0.645835
vt 0.377231 0.646992
vt 0.383806 0.619129
vt 0.387039 0.618744
vt 0.386355 0.619129
vt 0.436150 0.645673
vt 0.436066 0.643125
vt 0.436150 0.643125
vt 0.388791 0.643131
vt 0.388875 0.645679
vt 0.388791 0.645679
vt 0.383806 0.621292
vt 0.386355 0.621292
vt 0.383806 0.618358
vt 0.386355 0.618358
vt 0.386355 0.617201
vt 0.422256 0.639852
vt 0.422340 0.637304
vt 0.422340 0.639852
vt 0.421074 0.639852
vt 0.421177 0.637462
vt 0.421177 0.639694
vt 0.418355 0.651373
vt 0.418269 0.648983
vt 0.418355 0.648825
vt 0.417446 0.651215
vt 0.417359 0.651373
vt 0.422128 0.639694
vt 0.422231 0.639852
vt 0.342606 0.643157
vt 0.342689 0.640454
vt 0.342689 0.643157
vt 0.387039 0.614797
vt 0.386355 0.615497
vt 0.382131 0.643259
vt 0.382047 0.645807
vt 0.382047 0.643259
vt 0.397498 0.648235
vt 0.397581 0.645686
vt 0.397581 0.648235
vt 0.370962 0.648142
vt 0.371046 0.647147
vt 0.371046 0.648142
vt 0.379123 0.643192
vt 0.379039 0.645740
vt 0.383233 0.642507
vt 0.383317 0.645056
vt 0.383233 0.645056
vt 0.422128 0.637462
vt 0.422231 0.637304
vt 0.370279 0.641323
vt 0.370230 0.639090
vt 0.370279 0.639090
vt 0.379730 0.644603
vt 0.379779 0.642371
vt 0.379779 0.644603
vt 0.379730 0.640138
vt 0.379730 0.642371
vt 0.430452 0.641015
vt 0.379779 0.640138
vt 0.377389 0.639973
vt 0.379621 0.639973
vt 0.341687 0.648750
vt 0.342742 0.648908
vt 0.342639 0.646518
vt 0.342742 0.646360
vt 0.341687 0.646518
vt 0.377389 0.637600
vt 0.377231 0.640138
vt 0.377231 0.637435
vt 0.417446 0.648983
vt 0.379621 0.637600
vt 0.433319 0.160103
vt 0.434261 0.157548
vt 0.434261 0.160103
vt 0.391101 0.182760
vt 0.392190 0.180205
vt 0.392190 0.182760
vt 0.450408 0.032028
vt 0.449320 0.034583
vt 0.449320 0.032028
vt 0.392255 0.180205
vt 0.394810 0.182919
vt 0.392255 0.182919
vt 0.370219 0.641323
vt 0.370170 0.639090
vt 0.370219 0.639090
vt 0.373687 0.643501
vt 0.373737 0.642550
vt 0.373737 0.643501
vt 0.342820 0.637852
vt 0.342869 0.640085
vt 0.342820 0.640085
vt 0.330155 0.640052
vt 0.330204 0.637820
vt 0.330204 0.640052
vt 0.332371 0.639899
vt 0.332420 0.637527
vt 0.332420 0.639899
vt 0.353445 0.642948
vt 0.353445 0.645181
vt 0.445657 0.646675
vt 0.446615 0.647245
vt 0.447075 0.651221
vt 0.446615 0.651221
vt 0.370231 0.644627
vt 0.370281 0.644627
vt 0.446644 0.636820
vt 0.446185 0.640761
vt 0.446644 0.640761
vt 0.446185 0.642690
vt 0.446644 0.644619
vt 0.446185 0.644619
vt 0.349738 0.644222
vt 0.350197 0.640246
vt 0.350197 0.644222
vt 0.446644 0.642690
vt 0.387039 0.624614
vt 0.422234 0.643060
vt 0.422318 0.644217
vt 0.422234 0.644217
vt 0.434475 0.640823
vt 0.434391 0.639666
vt 0.434475 0.639666
vt 0.417359 0.648825
vt 0.421074 0.637304
vt 0.423763 0.632327
vt 0.423847 0.635030
vt 0.423763 0.635030
vt 0.445573 0.646231
vt 0.445657 0.647226
vt 0.445573 0.647226
vt 0.431295 0.636300
vt 0.431345 0.637123
vt 0.431295 0.637123
vt 0.341584 0.646360
vt 0.332371 0.640851
vt 0.332420 0.641802
vt 0.332371 0.641802
vt 0.434084 0.632964
vt 0.434133 0.635336
vt 0.434084 0.635336
vt 0.434133 0.636288
vt 0.434084 0.636288
vt 0.447104 0.640761
vt 0.447104 0.636820
vt 0.447104 0.642690
vt 0.447104 0.646637
vt 0.446644 0.644619
vt 0.447104 0.644619
vt 0.386355 0.623994
vt 0.116653 0.165521
vt 0.113315 0.173822
vt 0.113315 0.165521
vt 0.087061 0.154476
vt 0.090398 0.154991
vt 0.087060 0.154991
vt 0.087061 0.177875
vt 0.172693 0.115265
vt 0.176028 0.115778
vt 0.172690 0.115778
vt 0.080548 0.124079
vt 0.081194 0.116397
vt 0.081194 0.124079
vt 0.080548 0.115779
vt 0.081680 0.115911
vt 0.103946 0.115265
vt 0.081062 0.115265
vt 0.103327 0.115911
vt 0.144975 0.182149
vt 0.148313 0.182795
vt 0.144975 0.182795
vt 0.144975 0.179129
vt 0.148313 0.182148
vt 0.113315 0.165229
vt 0.157006 0.178273
vt 0.156739 0.178863
vt 0.156739 0.178273
vt 0.084214 0.124079
vt 0.081194 0.124372
vt 0.153267 0.185800
vt 0.153000 0.188847
vt 0.157006 0.181619
vt 0.157006 0.178863
vt 0.131849 0.189007
vt 0.131849 0.185959
vt 0.099963 0.154476
vt 0.096625 0.154476
vt 0.175988 0.167371
vt 0.175577 0.164033
vt 0.175988 0.164033
vt 0.064363 0.113405
vt 0.063952 0.129007
vt 0.063952 0.113405
vt 0.087709 0.177697
vt 0.087709 0.163452
vt 0.055209 0.140202
vt 0.054834 0.154446
vt 0.054834 0.140202
vt 0.104459 0.154476
vt 0.103813 0.116397
vt 0.172693 0.154475
vt 0.063952 0.173109
vt 0.109977 0.174787
vt 0.106639 0.174787
vt 0.175988 0.164033
vt 0.109977 0.165229
vt 0.101429 0.933243
vt 0.099497 0.924267
vt 0.101429 0.924267
vt 0.103299 0.924267
vt 0.103299 0.933323
vt 0.107827 0.937543
vt 0.109233 0.928567
vt 0.109233 0.937543
vt 0.187225 0.874005
vt 0.185356 0.872073
vt 0.187225 0.872073
vt 0.066909 0.926688
vt 0.068315 0.935665
vt 0.066909 0.935665
vt 0.121954 0.928814
vt 0.123620 0.919837
vt 0.123620 0.928814
vt 0.154347 0.941509
vt 0.155237 0.932532
vt 0.155237 0.941509
vt 0.191266 0.895648
vt 0.189860 0.893983
vt 0.153457 0.941509
vt 0.152567 0.932532
vt 0.105168 0.933243
vt 0.106834 0.924267
vt 0.106834 0.933243
vt 0.139575 0.953383
vt 0.138685 0.951717
vt 0.139575 0.951717
vt 0.182797 0.918516
vt 0.182797 0.916584
vt 0.191388 0.874205
vt 0.189982 0.875871
vt 0.189982 0.874205
vt 0.167483 0.952143
vt 0.166593 0.953808
vt 0.166593 0.952143
vt 0.095633 0.933323
vt 0.097565 0.924267
vt 0.097565 0.933323
vt 0.189397 0.139211
vt 0.189397 0.130453
vt 0.189999 0.134832
vt 0.189999 0.139211
vt 0.189999 0.130453
vt 0.058646 0.186291
vt 0.058646 0.181912
vt 0.058646 0.177533
vt 0.122141 0.196883
vt 0.121538 0.195444
vt 0.088709 0.177878
vt 0.087270 0.182257
vt 0.087270 0.177878
vt 0.149362 0.200449
vt 0.149965 0.201888
vt 0.149362 0.201888
vt 0.088709 0.182257
vt 0.087270 0.186636
vt 0.375112 0.622596
vt 0.375796 0.623914
vt 0.375112 0.624614
vt 0.375112 0.618738
vt 0.375796 0.615416
vt 0.375796 0.618119
vt 0.378345 0.619124
vt 0.379088 0.618738
vt 0.375112 0.620667
vt 0.375796 0.622210
vt 0.443722 0.596928
vt 0.443806 0.598086
vt 0.443722 0.598086
vt 0.378345 0.622919
vt 0.379088 0.622596
vt 0.437711 0.647570
vt 0.437795 0.645021
vt 0.437795 0.647570
vt 0.330288 0.629847
vt 0.330372 0.631005
vt 0.330288 0.631005
vt 0.378345 0.620281
vt 0.375796 0.620281
vt 0.442038 0.648038
vt 0.442122 0.645489
vt 0.442122 0.648038
vt 0.377231 0.643286
vt 0.377147 0.645835
vt 0.377147 0.643286
vt 0.378345 0.618119
vt 0.378345 0.621053
vt 0.379088 0.620667
vt 0.378345 0.622210
vt 0.329980 0.646390
vt 0.329896 0.643842
vt 0.329980 0.643842
vt 0.418414 0.648667
vt 0.418517 0.646276
vt 0.418517 0.648825
vt 0.345218 0.651275
vt 0.345304 0.648885
vt 0.345304 0.651433
vt 0.344394 0.649042
vt 0.344308 0.648885
vt 0.417462 0.648667
vt 0.347233 0.637544
vt 0.347317 0.640246
vt 0.347233 0.640246
vt 0.378345 0.623914
vt 0.358939 0.646877
vt 0.358855 0.644328
vt 0.358939 0.644328
vt 0.367836 0.642975
vt 0.367920 0.642975
vt 0.437659 0.641276
vt 0.437575 0.640281
vt 0.437659 0.640281
vt 0.420277 0.648165
vt 0.420277 0.645617
vt 0.349152 0.643300
vt 0.349068 0.645849
vt 0.349068 0.643300
vt 0.417359 0.646276
vt 0.445657 0.639661
vt 0.445706 0.637428
vt 0.445706 0.639661
vt 0.439485 0.643837
vt 0.439435 0.641604
vt 0.439485 0.641604
vt 0.444505 0.623536
vt 0.444554 0.621304
vt 0.444554 0.623536
vt 0.434133 0.637111
vt 0.434084 0.637111
vt 0.349707 0.637709
vt 0.347317 0.637544
vt 0.349865 0.637544
vt 0.329981 0.646398
vt 0.328927 0.646556
vt 0.328824 0.646398
vt 0.329981 0.648946
vt 0.329878 0.646556
vt 0.328824 0.648946
vt 0.347475 0.640081
vt 0.347317 0.640246
vt 0.344394 0.651275
vt 0.349707 0.640081
vt 0.304077 0.183857
vt 0.305019 0.186411
vt 0.304077 0.186411
vt 0.450397 0.066832
vt 0.449308 0.064277
vt 0.450397 0.064277
vt 0.295978 0.197909
vt 0.294890 0.195355
vt 0.295978 0.195355
vt 0.366157 0.180535
vt 0.368711 0.183249
vt 0.366157 0.183249
vt 0.445657 0.642209
vt 0.445706 0.639977
vt 0.347268 0.640246
vt 0.347317 0.641198
vt 0.347268 0.641198
vt 0.442389 0.595397
vt 0.442339 0.597630
vt 0.442339 0.595397
vt 0.442339 0.593164
vt 0.442389 0.593164
vt 0.347251 0.634312
vt 0.347300 0.636684
vt 0.329999 0.642315
vt 0.329950 0.640082
vt 0.329999 0.640082
vt 0.446342 0.615440
vt 0.446391 0.617672
vt 0.446342 0.617672
vt 0.349738 0.648198
vt 0.332371 0.639899
vt 0.332420 0.640851
vt 0.446867 0.615333
vt 0.446408 0.611391
vt 0.446867 0.611391
vt 0.446867 0.617261
vt 0.446408 0.615333
vt 0.446867 0.621208
vt 0.446408 0.619190
vt 0.446867 0.619190
vt 0.392937 0.650336
vt 0.392477 0.646360
vt 0.392937 0.646360
vt 0.446408 0.617261
vt 0.378345 0.615416
vt 0.397604 0.646843
vt 0.397688 0.645686
vt 0.397688 0.646843
vt 0.436066 0.646830
vt 0.436150 0.646830
vt 0.344308 0.651433
vt 0.417462 0.646434
vt 0.442319 0.600833
vt 0.442403 0.598130
vt 0.442403 0.600833
vt 0.367744 0.648049
vt 0.367828 0.647053
vt 0.367828 0.648049
vt 0.430550 0.641015
vt 0.430599 0.640192
vt 0.430599 0.641015
vt 0.328927 0.648789
vt 0.349865 0.640246
vt 0.398303 0.645915
vt 0.398352 0.645915
vt 0.440478 0.643636
vt 0.440527 0.642684
vt 0.440527 0.643636
vt 0.446867 0.601574
vt 0.446408 0.605516
vt 0.446408 0.601574
vt 0.446867 0.605516
vt 0.446408 0.607444
vt 0.446867 0.609373
vt 0.446408 0.609373
vt 0.446867 0.607444
vt 0.375112 0.614797
vt 0.371136 0.622596
vt 0.371879 0.623914
vt 0.371136 0.624614
vt 0.371136 0.618738
vt 0.371879 0.615416
vt 0.371879 0.618119
vt 0.371879 0.619124
vt 0.371136 0.620667
vt 0.371879 0.622210
vt 0.367752 0.642975
vt 0.367836 0.644132
vt 0.367752 0.644132
vt 0.371879 0.622919
vt 0.331639 0.643784
vt 0.331555 0.646333
vt 0.331555 0.643784
vt 0.437575 0.639123
vt 0.437575 0.640281
vt 0.371879 0.620281
vt 0.445657 0.637428
vt 0.445573 0.637428
vt 0.342806 0.643803
vt 0.342722 0.646352
vt 0.342722 0.643803
vt 0.371879 0.621053
vt 0.357311 0.644033
vt 0.357395 0.646581
vt 0.357311 0.646581
vt 0.446239 0.615597
vt 0.446342 0.617988
vt 0.446239 0.617830
vt 0.439610 0.644104
vt 0.439523 0.646494
vt 0.439523 0.643946
vt 0.440433 0.646337
vt 0.440519 0.646494
vt 0.445287 0.617830
vt 0.423763 0.635030
vt 0.423847 0.637732
vt 0.444578 0.640275
vt 0.444494 0.637727
vt 0.444578 0.637727
vt 0.437795 0.642473
vt 0.390519 0.636325
vt 0.390603 0.637320
vt 0.390519 0.637320
vt 0.444482 0.615738
vt 0.444482 0.618287
vt 0.445184 0.615440
vt 0.445184 0.617988
vt 0.373687 0.640317
vt 0.434210 0.640978
vt 0.434260 0.643211
vt 0.434210 0.643211
vt 0.373687 0.642550
vt 0.373737 0.640317
vt 0.431345 0.636300
vt 0.431394 0.637123
vt 0.418526 0.640006
vt 0.420916 0.639841
vt 0.421074 0.640006
vt 0.410781 0.650315
vt 0.411835 0.650157
vt 0.411938 0.650315
vt 0.410884 0.647925
vt 0.410781 0.647767
vt 0.411938 0.647767
vt 0.420916 0.637469
vt 0.440433 0.644104
vt 0.418526 0.637304
vt 0.322452 0.199447
vt 0.321510 0.199447
vt 0.352208 0.197236
vt 0.351119 0.194681
vt 0.352208 0.194681
vt 0.398568 0.198335
vt 0.398568 0.195780
vt 0.380587 0.183042
vt 0.383142 0.180327
vt 0.383142 0.183042
vt 0.349201 0.643300
vt 0.349152 0.645533
vt 0.329950 0.642315
vt 0.329999 0.643266
vt 0.329950 0.643266
vt 0.364662 0.640247
vt 0.364711 0.638014
vt 0.364711 0.640247
vt 0.364665 0.641068
vt 0.364714 0.643301
vt 0.364665 0.643301
vt 0.373687 0.633340
vt 0.373687 0.635712
vt 0.406134 0.645116
vt 0.406085 0.645116
vt 0.358946 0.643211
vt 0.358897 0.640979
vt 0.358946 0.640979
vt 0.431436 0.632324
vt 0.430976 0.636300
vt 0.430976 0.632324
vt 0.402756 0.640960
vt 0.402707 0.640960
vt 0.445573 0.641370
vt 0.445113 0.637428
vt 0.445573 0.643298
vt 0.445113 0.641370
vt 0.445573 0.647245
vt 0.445113 0.645227
vt 0.445573 0.645227
vt 0.389060 0.649663
vt 0.388600 0.645687
vt 0.389060 0.645687
vt 0.445113 0.643298
vt 0.374427 0.623914
vt 0.374427 0.618119
vt 0.374427 0.622210
vt 0.390865 0.646986
vt 0.390948 0.646986
vt 0.382047 0.646965
vt 0.382131 0.645807
vt 0.382131 0.646965
vt 0.374427 0.620281
vt 0.440519 0.643946
vt 0.445287 0.615597
vt 0.413987 0.643054
vt 0.414071 0.640351
vt 0.414071 0.643054
vt 0.444501 0.647493
vt 0.444417 0.648488
vt 0.444417 0.647493
vt 0.437556 0.633148
vt 0.437605 0.632324
vt 0.437605 0.633148
vt 0.411835 0.647925
vt 0.418684 0.637469
vt 0.358897 0.644163
vt 0.358946 0.644163
vt 0.332371 0.637527
vt 0.332420 0.635155
vt 0.332420 0.637527
vt 0.354718 0.645109
vt 0.354768 0.644157
vt 0.354768 0.645109
vt 0.383208 0.632459
vt 0.382748 0.636400
vt 0.382748 0.632459
vt 0.383208 0.636400
vt 0.382748 0.638329
vt 0.383208 0.640257
vt 0.382748 0.640257
vt 0.383208 0.638329
vt 0.371136 0.614797
vt 0.916594 0.855710
vt 0.913971 0.846540
vt 0.916594 0.846540
vt 0.916594 0.788071
vt 0.913971 0.779116
vt 0.916594 0.779116
vt 0.936961 0.788071
vt 0.936961 0.779116
vt 0.936961 0.846540
vt 0.936961 0.855710
vt 0.191452 0.197695
vt 0.123992 0.197343
vt 0.095138 0.186685
vt 0.103605 0.183339
vt 0.101706 0.183339
vt 0.103605 0.179994
vt 0.647433 0.695476
vt 0.705515 0.636380
vt 0.676147 0.705500
vt 0.560818 0.711954
vt 0.559421 0.712533
vt 0.558842 0.711135
vt 0.559421 0.710557
vt 0.560240 0.710557
vt 0.558813 0.710160
vt 0.679625 0.712661
vt 0.678227 0.712082
vt 0.678806 0.710685
vt 0.679625 0.710685
vt 0.680203 0.711263
vt 0.089736 0.186500
vt 0.091587 0.183155
vt 0.095575 0.179907
vt 0.097475 0.179907
vt 0.095575 0.183252
vt 0.194994 0.197569
vt 0.187080 0.197549
vt 0.171785 0.186559
vt 0.101532 0.183339
vt 0.099633 0.183339
vt 0.101532 0.179994
vt 0.579384 0.702612
vt 0.619878 0.705800
vt 0.703169 0.659051
vt 0.528165 0.712436
vt 0.527587 0.711039
vt 0.528984 0.710460
vt 0.529563 0.711039
vt 0.529563 0.711857
vt 0.706890 0.685210
vt 0.675591 0.711116
vt 0.675012 0.712514
vt 0.673615 0.711935
vt 0.673615 0.711116
vt 0.674193 0.710538
vt 0.164381 0.186559
vt 0.160795 0.182090
vt 0.162694 0.182090
vt 0.160795 0.185435
vt 0.318459 0.933324
vt 0.394048 0.922000
vt 0.394463 0.882643
vt 0.313004 0.934636
vt 0.349426 0.933938
vt 0.394468 0.901778
vt 0.400341 0.901844
vt 0.399794 0.901845
vt 0.394377 0.902858
vt 0.312945 0.914951
vt 0.320699 0.934208
vt 0.312883 0.914408
vt 0.398823 0.902032
vt 0.408892 0.879795
vt 0.339412 0.942061
vt 0.310355 0.934330
vt 0.394468 0.902350
vt 0.394468 0.902043
vt 0.394716 0.901917
vt 0.408892 0.881758
vt 0.311240 0.915168
vt 0.310045 0.931864
vt 0.397957 0.904964
vt 0.395127 0.917033
vt 0.396751 0.896707
vt 0.395583 0.936702
vt 0.396751 0.899272
vt 0.397684 0.902671
vt 0.397298 0.899272
vt 0.367334 0.941828
vt 0.395138 0.939213
vt 0.399411 0.894113
vt 0.395888 0.919544
vt 0.396751 0.882478
vt 0.401664 0.894516
vt 0.395138 0.922527
vt 0.317912 0.934187
vt 0.318459 0.934190
vt 0.395888 0.902858
vt 0.397845 0.884771
vt 0.394468 0.896841
vt 0.394693 0.925038
vt 0.392876 0.939423
vt 0.397572 0.882478
vt 0.393423 0.939423
vt 0.398252 0.902031
vt 0.370137 0.941579
vt 0.395229 0.899352
vt 0.392876 0.922629
vt 0.400506 0.894386
vt 0.395138 0.939213
vt 0.316450 0.941342
vt 0.316997 0.941345
vt 0.395229 0.882666
vt 0.398505 0.912055
vt 0.397421 0.925038
vt 0.395545 0.885177
vt 0.398441 0.922339
vt 0.398778 0.914348
vt 0.397894 0.922339
vt 0.399395 0.902032
vt 0.395990 0.882666
vt 0.342108 0.945561
vt 0.396660 0.922527
vt 0.398441 0.934561
vt 0.377366 0.943671
vt 0.395990 0.894779
vt 0.401435 0.901844
vt 0.400888 0.901844
vt 0.396660 0.934639
vt 0.398988 0.924633
vt 0.397410 0.905369
vt 0.394061 0.932418
vt 0.397957 0.914892
vt 0.398714 0.922339
vt 0.398504 0.914892
vt 0.399395 0.902579
vt 0.393616 0.934929
vt 0.401982 0.902516
vt 0.396649 0.902858
vt 0.397957 0.902671
vt 0.312392 0.944081
vt 0.393616 0.922816
vt 0.358385 0.944030
vt 0.357838 0.944030
vt 0.396649 0.914970
vt 0.101233 0.197614
vt 0.175780 0.195652
vt 0.099326 0.186597
vt 0.126305 0.182167
vt 0.128204 0.182167
vt 0.126305 0.185512
vt 0.636001 0.701496
vt 0.673614 0.705922
vt 0.673615 0.704410
vt 0.561446 0.710515
vt 0.562843 0.711094
vt 0.562265 0.712491
vt 0.561446 0.712491
vt 0.560867 0.711912
vt 0.629536 0.711899
vt 0.573047 0.710639
vt 0.574444 0.711218
vt 0.573866 0.712615
vt 0.573047 0.712616
vt 0.572468 0.712037
vt 0.136675 0.186258
vt 0.138526 0.182912
vt 0.125958 0.185512
vt 0.124059 0.185512
vt 0.125958 0.182167
vt 0.187672 0.195698
vt 0.103129 0.197387
vt 0.093460 0.179994
vt 0.095359 0.179994
vt 0.093460 0.183339
vt 0.612599 0.694108
vt 0.579410 0.705947
vt 0.619879 0.704288
vt 0.586655 0.711880
vt 0.587234 0.710483
vt 0.588631 0.711062
vt 0.588631 0.711880
vt 0.588053 0.712459
vt 0.635981 0.709817
vt 0.665609 0.712588
vt 0.664212 0.712009
vt 0.664791 0.710611
vt 0.665609 0.710611
vt 0.666188 0.711190
vt 0.173878 0.183154
vt 0.172027 0.186499
vt 0.080722 0.182352
vt 0.082621 0.182352
vt 0.080722 0.185698
vt 0.385659 0.933323
vt 0.393298 0.922000
vt 0.395122 0.902835
vt 0.295119 0.933117
vt 0.385248 0.933918
vt 0.395127 0.921971
vt 0.400341 0.901845
vt 0.393626 0.902858
vt 0.295059 0.913433
vt 0.387899 0.934207
vt 0.294998 0.912890
vt 0.398537 0.902032
vt 0.409026 0.918062
vt 0.397298 0.898819
vt 0.395899 0.946270
vt 0.394964 0.902350
vt 0.394964 0.902043
vt 0.395212 0.901917
vt 0.409026 0.920026
vt 0.293354 0.913650
vt 0.395589 0.943804
vt 0.399535 0.924633
vt 0.331720 0.929939
vt 0.396306 0.885177
vt 0.398864 0.882478
vt 0.399261 0.922339
vt 0.398317 0.882478
vt 0.388017 0.937173
vt 0.396751 0.882666
vt 0.399958 0.894113
vt 0.330959 0.927428
vt 0.398864 0.894699
vt 0.401093 0.894515
vt 0.396751 0.894779
vt 0.393423 0.939517
vt 0.392876 0.939513
vt 0.330959 0.939541
vt 0.398864 0.891862
vt 0.395888 0.912460
vt 0.341561 0.939953
vt 0.396215 0.925038
vt 0.341561 0.942518
vt 0.399138 0.894156
vt 0.342108 0.942518
vt 0.365024 0.939000
vt 0.308864 0.942343
vt 0.396649 0.914972
vt 0.341561 0.930297
vt 0.400808 0.894515
vt 0.396660 0.934640
vt 0.315904 0.941342
vt 0.316450 0.941345
vt 0.396649 0.902858
vt 0.196845 0.197569
vt 0.080501 0.197447
vt 0.083893 0.181967
vt 0.085792 0.181967
vt 0.083893 0.185312
vt 0.619940 0.707729
vt 0.579380 0.704125
vt 0.537861 0.711051
vt 0.539258 0.710472
vt 0.539837 0.711870
vt 0.539259 0.712448
vt 0.538440 0.712448
vt 0.708640 0.662911
vt 0.676153 0.711935
vt 0.676732 0.710538
vt 0.678129 0.711116
vt 0.678129 0.711935
vt 0.677550 0.712514
vt 0.175729 0.183154
vt 0.173878 0.186499
vt 0.113489 0.182234
vt 0.115388 0.182234
vt 0.113489 0.185579
vt 0.164262 0.197554
vt 0.179527 0.197551
vt 0.095402 0.183252
vt 0.099374 0.183252
vt 0.099374 0.179907
vt 0.662104 0.697839
vt 0.635956 0.707189
vt 0.673033 0.704410
vt 0.704698 0.710528
vt 0.706095 0.711107
vt 0.705516 0.712504
vt 0.704698 0.712504
vt 0.704119 0.711925
vt 0.673009 0.711933
vt 0.691818 0.712080
vt 0.690421 0.712659
vt 0.689842 0.711261
vt 0.690421 0.710682
vt 0.691240 0.710682
vt 0.111293 0.186098
vt 0.113144 0.182753
vt 0.158722 0.182090
vt 0.160621 0.182090
vt 0.158722 0.185435
vt 0.377265 0.950930
vt 0.376798 0.950333
vt 0.293872 0.942675
vt 0.333985 0.945134
vt 0.388182 0.949584
vt 0.407648 0.844702
vt 0.336865 0.942518
vt 0.403873 0.949599
vt 0.353905 0.951703
vt 0.355248 0.946676
vt 0.323873 0.945277
vt 0.402150 0.907282
vt 0.370182 0.949382
vt 0.407664 0.830690
vt 0.402591 0.889441
vt 0.397894 0.949622
vt 0.406485 0.886652
vt 0.341415 0.943515
vt 0.380405 0.950734
vt 0.407648 0.838591
vt 0.375507 0.944263
vt 0.345928 0.943225
vt 0.382065 0.949690
vt 0.408071 0.949480
vt 0.351257 0.944992
vt 0.406305 0.840129
vt 0.337172 0.944381
vt 0.371526 0.942393
vt 0.401018 0.945864
vt 0.347765 0.951704
vt 0.402385 0.878130
vt 0.400878 0.922249
vt 0.389731 0.949584
vt 0.316478 0.949962
vt 0.274718 0.947090
vt 0.327343 0.943446
vt 0.290737 0.949377
vt 0.406326 0.899926
vt 0.313004 0.944378
vt 0.402385 0.828754
vt 0.333985 0.949424
vt 0.407679 0.875714
vt 0.333064 0.946655
vt 0.383409 0.943206
vt 0.323873 0.949430
vt 0.406337 0.945761
vt 0.391320 0.949409
vt 0.406342 0.816998
vt 0.401138 0.894790
vt 0.349467 0.944992
vt 0.296268 0.942936
vt 0.276020 0.949377
vt 0.406326 0.899926
vt 0.361471 0.942471
vt 0.384752 0.942894
vt 0.308864 0.949499
vt 0.407648 0.862950
vt 0.374111 0.944263
vt 0.356249 0.944999
vt 0.360127 0.950739
vt 0.406485 0.885220
vt 0.274718 0.947090
vt 0.285569 0.950720
vt 0.407648 0.843359
vt 0.365753 0.942549
vt 0.328686 0.945612
vt 0.380214 0.950879
vt 0.407678 0.819907
vt 0.306379 0.942641
vt 0.320772 0.945658
vt 0.362832 0.949379
vt 0.358385 0.950351
vt 0.385118 0.942845
vt 0.310208 0.945661
vt 0.386461 0.950830
vt 0.407719 0.896134
vt 0.345946 0.946677
vt 0.338728 0.943515
vt 0.277405 0.950720
vt 0.375454 0.951676
vt 0.347765 0.946677
vt 0.399904 0.882388
vt 0.395899 0.950926
vt 0.406310 0.846556
vt 0.359729 0.944291
vt 0.401247 0.889441
vt 0.397894 0.943433
vt 0.320772 0.949720
vt 0.407767 0.920280
vt 0.399463 0.914336
vt 0.403705 0.950942
vt 0.311657 0.951691
vt 0.310414 0.946893
vt 0.322160 0.945564
vt 0.338728 0.951063
vt 0.395138 0.951700
vt 0.280092 0.947090
vt 0.388387 0.943395
vt 0.405384 0.950823
vt 0.406485 0.888433
vt 0.319261 0.945413
vt 0.402222 0.934005
vt 0.399469 0.951045
vt 0.408034 0.949391
vt 0.342624 0.946903
vt 0.381748 0.945245
vt 0.406375 0.898485
vt 0.277405 0.947090
vt 0.391357 0.942768
vt 0.344379 0.950757
vt 0.407779 0.883731
vt 0.362832 0.944823
vt 0.327343 0.950793
vt 0.281435 0.950720
vt 0.316478 0.946183
vt 0.399463 0.917791
vt 0.393794 0.942488
vt 0.057799 0.187260
vt 0.136718 0.197135
vt 0.169075 0.166644
vt 0.113574 0.179239
vt 0.319764 0.192671
vt 0.451591 0.177833
vt 0.086576 0.197697
vt 0.059838 0.189109
vt 0.120272 0.195499
vt 0.055168 0.193631
vt 0.451591 0.174997
vt 0.078335 0.197471
vt 0.149759 0.189688
vt 0.179587 0.095675
vt 0.180117 0.093684
vt 0.128745 0.191539
vt 0.054834 0.191103
vt 0.148221 0.196624
vt 0.146518 0.189688
vt 0.178805 0.100298
vt 0.180117 0.090443
vt 0.128745 0.194189
vt 0.069754 0.189857
vt 0.949486 0.824777
vt 0.864934 0.941276
vt 0.855557 0.923552
vt 0.864371 0.941422
vt 0.869603 0.913978
vt 0.950166 0.826523
vt 0.820885 0.922498
vt 0.145008 0.185959
vt 0.179813 0.173839
vt 0.054912 0.203431
vt 0.055039 0.191103
vt 0.128597 0.195801
vt 0.109683 0.182322
vt 0.141767 0.185959
vt 0.096150 0.190775
vt 0.054912 0.206672
vt 0.055039 0.193753
vt 0.060711 0.182968
vt 0.153090 0.196589
vt 0.141180 0.197480
vt 0.062092 0.184405
vt 0.440292 0.199160
vt 0.451580 0.105467
vt 0.324953 0.197194
vt 0.158614 0.202777
vt 0.058725 0.184874
vt 0.033083 0.202468
vt 0.164816 0.203279
vt 0.039206 0.202468
vt 0.060106 0.186312
vt 0.096355 0.192295
vt 0.438276 0.200535
vt 0.401307 0.201355
vt 0.950486 0.879905
vt 0.925021 0.940372
vt 0.948733 0.791815
vt 0.925584 0.940227
vt 0.949806 0.878159
vt 0.116721 0.189109
vt 0.144879 0.197100
vt 0.158734 0.191780
vt 0.322928 0.192543
vt 0.451599 0.043903
vt 0.149732 0.197662
vt 0.118760 0.187260
vt 0.086645 0.196573
vt 0.054921 0.195975
vt 0.054307 0.197352
vt 0.178648 0.181027
vt 0.179196 0.139248
vt 0.180715 0.190732
vt 0.144902 0.191716
vt 0.109478 0.185862
vt 0.069754 0.197089
vt 0.156739 0.185901
vt 0.136712 0.199733
vt 0.144902 0.194366
vt 0.897092 0.924308
vt 0.879436 0.934316
vt 0.831112 0.923295
vt 0.896529 0.924453
vt 0.813301 0.904057
vt 0.950158 0.873534
vt 0.901964 0.922389
vt 0.128802 0.185959
vt 0.076764 0.198611
vt 0.076160 0.203808
vt 0.180405 0.137627
vt 0.121225 0.192470
vt 0.125174 0.195629
vt 0.160463 0.183543
vt 0.125561 0.185959
vt 0.068252 0.189109
vt 0.180405 0.140868
vt 0.121225 0.195120
vt 0.057227 0.182968
vt 0.092753 0.196567
vt 0.090588 0.199206
vt 0.104799 0.195993
vt 0.141023 0.199959
vt 0.058607 0.184405
vt 0.362591 0.199183
vt 0.447363 0.075561
vt 0.174309 0.203918
vt 0.055241 0.184874
vt 0.093714 0.195802
vt 0.097886 0.197824
vt 0.056621 0.186312
vt 0.167210 0.191559
vt 0.350638 0.199196
vt 0.448848 0.154712
vt 0.141176 0.203217
vt 0.950501 0.790822
vt 0.926865 0.940377
vt 0.948718 0.831489
vt 0.843697 0.923057
vt 0.927429 0.940231
vt 0.890579 0.926661
vt 0.813155 0.896919
vt 0.949821 0.789076
vt 0.883118 0.922498
vt 0.108184 0.195680
vt 0.052956 0.178503
vt 0.451590 0.147903
vt 0.095306 0.197998
vt 0.064955 0.189109
vt 0.167169 0.196148
vt 0.451580 0.054754
vt 0.133351 0.196373
vt 0.149759 0.185956
vt 0.178605 0.172218
vt 0.179856 0.182648
vt 0.136450 0.194714
vt 0.136655 0.189007
vt 0.157154 0.196985
vt 0.153000 0.185956
vt 0.178806 0.062440
vt 0.136712 0.206551
vt 0.092694 0.190099
vt 0.949446 0.931341
vt 0.893221 0.940150
vt 0.828861 0.926067
vt 0.930686 0.928609
vt 0.893785 0.940004
vt 0.873569 0.909188
vt 0.815497 0.916854
vt 0.950126 0.933087
vt 0.132043 0.180982
vt 0.180100 0.071874
vt 0.180397 0.156099
vt 0.109683 0.186558
vt 0.138509 0.194577
vt 0.096355 0.181995
vt 0.135284 0.180983
vt 0.101791 0.193614
vt 0.180397 0.159340
vt 0.109683 0.189208
vt 0.162783 0.172541
vt 0.122598 0.182968
vt 0.083304 0.196798
vt 0.092706 0.200669
vt 0.123978 0.184405
vt 0.168743 0.170017
vt 0.305112 0.199057
vt 0.097886 0.203905
vt 0.120612 0.184874
vt 0.148016 0.201667
vt 0.074632 0.198223
vt 0.097886 0.200303
vt 0.121992 0.186312
vt 0.055081 0.190512
vt 0.364410 0.200660
vt 0.447499 0.123075
vt 0.069911 0.203806
vt 0.950489 0.896630
vt 0.914608 0.941769
vt 0.933193 0.923161
vt 0.914044 0.941915
vt 0.934087 0.872548
vt 0.949809 0.894884
vt 0.826337 0.922498
vt 0.099899 0.181114
vt 0.107496 0.194523
vt 0.179792 0.158859
vt 0.180111 0.197215
vt 0.153498 0.194519
vt 0.156801 0.185855
vt 0.103140 0.181114
vt 0.136758 0.193827
vt 0.105994 0.183956
vt 0.121020 0.196411
vt 0.068244 0.197540
vt 0.107374 0.182518
vt 0.087249 0.194605
vt 0.340451 0.200556
vt 0.451585 0.063524
vt 0.448780 0.118810
vt 0.160157 0.203901
vt 0.107980 0.185862
vt 0.167543 0.147082
vt 0.098042 0.202781
vt 0.074632 0.199462
vt 0.109360 0.184424
vt 0.104799 0.191914
vt 0.418028 0.200622
vt 0.071381 0.203449
vt 0.950530 0.788981
vt 0.832815 0.941693
vt 0.948715 0.851787
vt 0.832251 0.941838
vt 0.826435 0.922498
vt 0.949850 0.787235
vt 0.822845 0.922498
vt 0.067733 0.189109
vt 0.099829 0.195647
vt 0.168251 0.149616
vt 0.109667 0.181942
vt 0.160449 0.197350
vt 0.065694 0.187260
vt 0.122884 0.196262
vt 0.445945 0.082502
vt 0.451618 0.103216
vt 0.092699 0.197998
vt 0.105994 0.189594
vt 0.087137 0.200518
vt 0.095546 0.204593
vt 0.180655 0.163078
vt 0.087333 0.192374
vt 0.155383 0.196569
vt 0.109235 0.189594
vt 0.178584 0.149282
vt 0.180655 0.159837
vt 0.087333 0.189723
vt 0.904258 0.940008
vt 0.845070 0.941919
vt 0.853125 0.926806
vt 0.845634 0.942064
vt 0.903578 0.941754
vt 0.091192 0.189803
vt 0.167781 0.199183
vt 0.180716 0.113298
vt 0.113301 0.195668
vt 0.180716 0.110056
vt 0.113598 0.180744
vt 0.098400 0.185536
vt 0.090431 0.196727
vt 0.055193 0.198905
vt 0.055036 0.198905
vt 0.099781 0.184098
vt 0.338260 0.199116
vt 0.451618 0.098962
vt 0.091192 0.203309
vt 0.096414 0.183629
vt 0.153090 0.197828
vt 0.097795 0.182191
vt 0.069813 0.195034
vt 0.344628 0.200552
vt 0.353607 0.200970
vt 0.448781 0.075728
vt 0.088681 0.203958
vt 0.841316 0.941937
vt 0.949842 0.858359
vt 0.950406 0.858504
vt 0.841996 0.940191
vt 0.113547 0.195641
vt 0.052892 0.186475
vt 0.397479 0.191264
vt 0.451599 0.039649
vt 0.149871 0.197662
vt 0.055760 0.189109
vt 0.104642 0.193154
vt 0.447363 0.071212
vt 0.452867 0.051918
vt 0.164721 0.197817
vt 0.078373 0.189634
vt 0.178864 0.163372
vt 0.167053 0.204396
vt 0.180118 0.073802
vt 0.156948 0.189953
vt 0.083304 0.196835
vt 0.081614 0.189634
vt 0.178583 0.177228
vt 0.180118 0.077043
vt 0.873520 0.940035
vt 0.912015 0.941834
vt 0.949279 0.803240
vt 0.856739 0.924478
vt 0.912579 0.941979
vt 0.855710 0.921044
vt 0.872840 0.941781
vt 0.141767 0.180983
vt 0.120960 0.191785
vt 0.179792 0.150903
vt 0.093762 0.194511
vt 0.157154 0.194334
vt 0.162988 0.185249
vt 0.138525 0.180982
vt 0.136108 0.194913
vt 0.180405 0.134386
vt 0.093762 0.191861
vt 0.055039 0.183810
vt 0.119113 0.186508
vt 0.138460 0.199620
vt 0.120494 0.185070
vt 0.090588 0.191630
vt 0.440854 0.199141
vt 0.109614 0.203711
vt 0.117127 0.184601
vt 0.039206 0.199989
vt 0.118508 0.183164
vt 0.167012 0.194909
vt 0.350638 0.199196
vt 0.451495 0.167803
vt 0.448848 0.150530
vt 0.148016 0.204030
vt 0.860457 0.941793
vt 0.949736 0.812373
vt 0.948720 0.816297
vt 0.926018 0.923396
vt 0.950300 0.812518
vt 0.934910 0.919592
vt 0.890579 0.919522
vt 0.861137 0.940047
vt 0.812906 0.922478
vt 0.132043 0.180983
vt 0.164947 0.196315
vt 0.091016 0.204248
vt 0.180704 0.073494
vt 0.072738 0.188850
vt 0.099599 0.196203
vt 0.164802 0.141820
vt 0.128802 0.180982
vt 0.054307 0.196054
vt 0.180704 0.070253
vt 0.072738 0.186199
vt 0.062210 0.184874
vt 0.074475 0.194401
vt 0.104799 0.198471
vt 0.121047 0.199454
vt 0.063590 0.186312
vt 0.111583 0.191786
vt 0.404996 0.199073
vt 0.447275 0.154950
vt 0.105832 0.202417
vt 0.064196 0.182968
vt 0.096179 0.201932
vt 0.054286 0.197973
vt 0.121047 0.201933
vt 0.065576 0.184405
vt 0.095389 0.195253
vt 0.336485 0.200660
vt 0.450975 0.109300
vt 0.448782 0.037294
vt 0.146222 0.203904
vt 0.946193 0.940103
vt 0.950492 0.841859
vt 0.948793 0.824777
vt 0.924244 0.923396
vt 0.949929 0.841713
vt 0.863117 0.925516
vt 0.945513 0.941849
vt 0.407636 0.879344
vt 0.406213 0.908849
vt 0.290839 0.947090
vt 0.406293 0.942505
vt 0.407557 0.907282
vt 0.388147 0.945196
vt 0.401042 0.835807
vt 0.340150 0.949720
vt 0.323873 0.950982
vt 0.310414 0.942191
vt 0.406220 0.932997
vt 0.402150 0.904931
vt 0.377470 0.943397
vt 0.407657 0.936459
vt 0.384752 0.949409
vt 0.284122 0.947090
vt 0.139597 0.900879
vt 0.197860 0.144516
vt 0.064318 0.187667
vt 0.199603 0.190038
vt 0.144140 0.202467
vt 0.202846 0.093898
vt 0.089108 0.201259
vt 0.077616 0.187451
vt 0.200801 0.180246
vt 0.041578 0.202468
vt 0.111947 0.202303
vt 0.181216 0.201804
vt 0.186265 0.164047
vt 0.047710 0.202468
vt 0.202846 0.095100
vt 0.143018 0.201787
vt 0.197871 0.168523
vt 0.082559 0.188498
vt 0.200796 0.186005
vt 0.042775 0.202468
vt 0.203495 0.056274
vt 0.055902 0.200626
vt 0.058589 0.191618
vt 0.200897 0.132098
vt 0.130562 0.200533
vt 0.180156 0.113925
vt 0.112949 0.200068
vt 0.136191 0.201754
vt 0.156675 0.202362
vt 0.096037 0.202277
vt 0.174092 0.192202
vt 0.202719 0.083923
vt 0.072624 0.200533
vt 0.147972 0.202191
vt 0.165471 0.113925
vt 0.202394 0.199316
vt 0.144975 0.200299
vt 0.060197 0.203458
vt 0.045062 0.201775
vt 0.201167 0.180244
vt 0.199747 0.089699
vt 0.065447 0.202432
vt 0.203487 0.185979
vt 0.054270 0.200621
vt 0.095384 0.196572
vt 0.200822 0.183126
vt 0.051173 0.202464
vt 0.096741 0.202277
vt 0.079699 0.200700
vt 0.197860 0.149314
vt 0.078154 0.201202
vt 0.200811 0.091464
vt 0.044511 0.202465
vt 0.202852 0.098638
vt 0.189029 0.200842
vt 0.199740 0.123979
vt 0.059695 0.202461
vt 0.173729 0.202283
vt 0.175141 0.200684
vt 0.052811 0.199701
vt 0.203280 0.142876
vt 0.196845 0.200676
vt 0.121596 0.198085
vt 0.197962 0.180244
vt 0.203289 0.121947
vt 0.102327 0.202532
vt 0.194406 0.203430
vt 0.133781 0.201735
vt 0.199740 0.123979
vt 0.182595 0.185023
vt 0.134546 0.202038
vt 0.098078 0.202548
vt 0.158479 0.202271
vt 0.148265 0.201501
vt 0.181057 0.185042
vt 0.183393 0.202034
vt 0.202522 0.103226
vt 0.203311 0.172367
vt 0.058643 0.199701
vt 0.060877 0.189109
vt 0.138460 0.195902
vt 0.065537 0.188481
vt 0.131673 0.191279
vt 0.447364 0.041810
vt 0.447509 0.175820
vt 0.123508 0.202764
vt 0.062804 0.187137
vt 0.160222 0.195858
vt 0.431586 0.192167
vt 0.451646 0.043977
vt 0.167210 0.192683
vt 0.072880 0.184818
vt 0.178592 0.137627
vt 0.179776 0.116559
vt 0.180397 0.149282
vt 0.083509 0.192859
vt 0.099899 0.185536
vt 0.153293 0.197170
vt 0.076122 0.184818
vt 0.144861 0.196828
vt 0.180397 0.152523
vt 0.083509 0.195510
vt 0.083304 0.189803
vt 0.950126 0.934833
vt 0.935995 0.880922
vt 0.932629 0.933440
vt 0.935432 0.881068
vt 0.949446 0.933087
vt 0.859521 0.926236
vt 0.043034 0.943938
vt 0.042574 0.943478
vt 0.042574 0.940949
vt 0.042574 0.938419
vt 0.042574 0.935889
vt 0.063535 0.943938
vt 0.045268 0.908222
vt 0.407565 0.912766
vt 0.406298 0.868725
vt 0.301256 0.947279
vt 0.367096 0.947187
vt 0.315914 0.947175
vt 0.402361 0.949687
vt 0.399674 0.945864
vt 0.406292 0.874771
vt 0.370182 0.944745
vt 0.399535 0.934005
vt 0.325794 0.950979
vt 0.343968 0.942201
vt 0.407564 0.891307
vt 0.290839 0.947090
vt 0.402150 0.904931
vt 0.407637 0.938810
vt 0.407635 0.820102
vt 0.146518 0.180979
vt 0.086645 0.192777
vt 0.122747 0.204385
vt 0.180417 0.172218
vt 0.083304 0.192857
vt 0.055036 0.196340
vt 0.149759 0.180979
vt 0.123613 0.191747
vt 0.180417 0.175459
vt 0.138509 0.190195
vt 0.113643 0.184601
vt 0.052483 0.202995
vt 0.157105 0.198310
vt 0.074472 0.203020
vt 0.115023 0.183164
vt 0.442302 0.154932
vt 0.447601 0.107185
vt 0.169314 0.203943
vt 0.115629 0.186508
vt 0.162940 0.186540
vt 0.122884 0.197553
vt 0.117009 0.185070
vt 0.158818 0.191780
vt 0.445138 0.154932
vt 0.138365 0.202190
vt 0.949558 0.907995
vt 0.813926 0.940204
vt 0.868288 0.923540
vt 0.814490 0.940059
vt 0.950238 0.909741
vt 0.323873 0.943142
vt 0.407557 0.912544
vt 0.345946 0.951704
vt 0.141037 0.036914
vt 0.190497 0.115265
vt 0.126842 0.179207
vt 0.136480 0.196677
vt 0.144340 0.044039
vt 0.179451 0.144928
vt 0.093814 0.075228
vt 0.108179 0.184404
vt 0.378870 0.945245
vt 0.402385 0.868725
vt 0.406297 0.934107
vt 0.406305 0.835807
vt 0.402150 0.907283
vt 0.139597 0.874205
vt 0.171203 0.888956
vt 0.042574 0.836789
vt 0.176223 0.901872
vt 0.198058 0.132098
vt 0.200822 0.184325
vt 0.134546 0.203239
vt 0.201561 0.173727
vt 0.100740 0.202273
vt 0.199005 0.042595
vt 0.045047 0.194497
vt 0.140032 0.201891
vt 0.145629 0.202191
vt 0.162397 0.199355
vt 0.197978 0.071387
vt 0.202540 0.146481
vt 0.201491 0.138954
vt 0.076656 0.200533
vt 0.197958 0.186003
vt 0.128076 0.201970
vt 0.200135 0.200669
vt 0.203447 0.057792
vt 0.072572 0.201735
vt 0.088831 0.113542
vt 0.189106 0.115265
vt 0.124061 0.179207
vt 0.078641 0.191815
vt 0.085528 0.106417
vt 0.061987 0.143067
vt 0.119083 0.075228
vt 0.139821 0.185469
vt 0.150756 0.190590
vt 0.200603 0.085010
vt 0.187614 0.137742
vt 0.181057 0.146027
vt 0.200060 0.181446
vt 0.203280 0.146521
vt 0.203372 0.083922
vt 0.201183 0.048948
vt 0.197972 0.091462
vt 0.179276 0.194054
vt 0.115105 0.202032
vt 0.201491 0.148413
vt 0.203310 0.195378
vt 0.198909 0.149314
vt 0.085636 0.194056
vt 0.124800 0.202039
vt 0.202562 0.165969
vt 0.203405 0.167672
vt 0.198909 0.141637
vt 0.112949 0.195260
vt 0.203135 0.199315
vt 0.203289 0.194073
vt 0.073679 0.200533
vt 0.203280 0.144078
vt 0.202232 0.202561
vt 0.201177 0.073022
vt 0.174912 0.115127
vt 0.173980 0.196209
vt 0.113083 0.202063
vt 0.202548 0.126421
vt 0.202649 0.184248
vt 0.200643 0.042152
vt 0.406292 0.821700
vt 0.406222 0.924535
vt 0.329384 0.943526
vt 0.402385 0.816997
vt 0.406294 0.863958
vt 0.406213 0.904931
vt 0.401042 0.849915
vt 0.319261 0.949554
vt 0.282779 0.949377
vt 0.395899 0.943394
vt 0.407647 0.850607
vt 0.402150 0.909634
vt 0.407576 0.923592
vt 0.294925 0.949443
vt 0.406341 0.871011
vt 0.373068 0.944918
vt 0.083999 0.929540
vt 0.160560 0.927554
vt 0.160563 0.888955
vt 0.202548 0.127623
vt 0.170983 0.200601
vt 0.130469 0.202425
vt 0.183393 0.202034
vt 0.187127 0.196591
vt 0.202609 0.173727
vt 0.167305 0.200579
vt 0.137724 0.202430
vt 0.203299 0.038554
vt 0.189093 0.113925
vt 0.181057 0.185042
vt 0.202562 0.164078
vt 0.055902 0.200626
vt 0.129419 0.202425
vt 0.202622 0.103226
vt 0.122141 0.196883
vt 0.198909 0.141637
vt 0.113315 0.202129
vt 0.053221 0.202513
vt 0.070382 0.202435
vt 0.202702 0.197423
vt 0.126272 0.192668
vt 0.077980 0.188684
vt 0.200908 0.152421
vt 0.185229 0.202694
vt 0.076656 0.202425
vt 0.203474 0.079660
vt 0.049483 0.201774
vt 0.201182 0.178599
vt 0.163460 0.200811
vt 0.072028 0.202425
vt 0.061504 0.203458
vt 0.046655 0.200576
vt 0.201908 0.183046
vt 0.175780 0.202696
vt 0.133230 0.202425
vt 0.146282 0.203393
vt 0.067637 0.200543
vt 0.082559 0.190901
vt 0.200344 0.188837
vt 0.179431 0.174591
vt 0.051718 0.200573
vt 0.203289 0.125731
vt 0.110461 0.200619
vt 0.036240 0.202505
vt 0.200167 0.146421
vt 0.140843 0.195150
vt 0.200811 0.091462
vt 0.202548 0.128826
vt 0.062629 0.200631
vt 0.201141 0.089699
vt 0.140843 0.196352
vt 0.200796 0.186003
vt 0.084460 0.203351
vt 0.154787 0.200579
vt 0.039480 0.202468
vt 0.203263 0.177332
vt 0.189821 0.194374
vt 0.200236 0.111538
vt 0.203289 0.127623
vt 0.180671 0.200602
vt 0.040529 0.202468
vt 0.130016 0.194606
vt 0.203280 0.142876
vt 0.107688 0.200178
vt 0.201491 0.142737
vt 0.043429 0.203296
vt 0.068737 0.201742
vt 0.203280 0.149615
vt 0.152382 0.200450
vt 0.201491 0.140846
vt 0.203316 0.167171
vt 0.199572 0.071387
vt 0.196459 0.139945
vt 0.203289 0.124351
vt 0.202350 0.085297
vt 0.074224 0.200699
vt 0.188979 0.203458
vt 0.199464 0.168523
vt 0.064116 0.203019
vt 0.202385 0.156086
vt 0.201499 0.126421
vt 0.203469 0.191621
vt 0.200632 0.074225
vt 0.116201 0.187260
vt 0.120863 0.189413
vt 0.451583 0.082252
vt 0.095389 0.197783
vt 0.431614 0.192475
vt 0.451580 0.106885
vt 0.175998 0.203918
vt 0.096414 0.189268
vt 0.076764 0.198611
vt 0.165551 0.204396
vt 0.180460 0.184268
vt 0.103112 0.195628
vt 0.121020 0.189413
vt 0.150086 0.196972
vt 0.099656 0.189268
vt 0.178584 0.157238
vt 0.180460 0.181027
vt 0.103112 0.192977
vt 0.161742 0.190260
vt 0.836144 0.939695
vt 0.949734 0.941695
vt 0.875850 0.933600
vt 0.934993 0.900642
vt 0.950297 0.941841
vt 0.820983 0.926067
vt 0.835464 0.941441
vt 0.042574 0.872967
vt 0.043034 0.872506
vt 0.063535 0.872506
vt 0.063996 0.872967
vt 0.042574 0.880555
vt 0.406212 0.928586
vt 0.406303 0.850443
vt 0.371724 0.949223
vt 0.368218 0.947187
vt 0.336865 0.949175
vt 0.320817 0.951011
vt 0.402150 0.920143
vt 0.406270 0.930128
vt 0.386804 0.950830
vt 0.368218 0.942549
vt 0.406283 0.847564
vt 0.315914 0.942537
vt 0.399535 0.929303
vt 0.401042 0.859320
vt 0.406213 0.903923
vt 0.135284 0.185959
vt 0.153604 0.180979
vt 0.179188 0.154479
vt 0.180397 0.155764
vt 0.150127 0.195393
vt 0.097837 0.196499
vt 0.052823 0.188738
vt 0.138525 0.185959
vt 0.092953 0.191861
vt 0.150127 0.192742
vt 0.065694 0.184874
vt 0.148173 0.199188
vt 0.128754 0.203323
vt 0.067074 0.186312
vt 0.096335 0.194445
vt 0.445310 0.200506
vt 0.451587 0.029984
vt 0.079875 0.202743
vt 0.067680 0.182968
vt 0.065253 0.200042
vt 0.155157 0.196534
vt 0.130234 0.202139
vt 0.069060 0.184405
vt 0.164790 0.195972
vt 0.294890 0.201036
vt 0.448917 0.166667
vt 0.171045 0.204032
vt 0.799413 0.941751
vt 0.950528 0.828006
vt 0.911302 0.923399
vt 0.949965 0.827860
vt 0.877762 0.925510
vt 0.927771 0.924650
vt 0.800093 0.940005
vt 0.829511 0.919726
vt 0.333064 0.951729
vt 0.330728 0.949730
vt 0.171632 0.927551
vt 0.190497 0.035191
vt 0.181529 0.115265
vt 0.090816 0.036837
vt 0.106639 0.193885
vt 0.154353 0.179129
vt 0.403493 0.911985
vt 0.406293 0.943475
vt 0.406305 0.840575
vt 0.139597 0.929540
vt 0.171203 0.912801
vt 0.203289 0.121947
vt 0.164377 0.200744
vt 0.099382 0.202273
vt 0.201183 0.048948
vt 0.162198 0.203079
vt 0.125108 0.200147
vt 0.202548 0.130205
vt 0.058098 0.198499
vt 0.140426 0.201959
vt 0.202344 0.115003
vt 0.201499 0.120745
vt 0.202815 0.184358
vt 0.152933 0.200450
vt 0.197956 0.043796
vt 0.168289 0.199855
vt 0.084769 0.202052
vt 0.112342 0.200412
vt 0.202548 0.124529
vt 0.201188 0.105536
vt 0.189106 0.035191
vt 0.125451 0.154476
vt 0.116084 0.036837
vt 0.148282 0.185393
vt 0.179669 0.176788
vt 0.082623 0.182352
vt 0.103201 0.193900
vt 0.187095 0.164077
vt 0.063952 0.190186
vt 0.200050 0.160329
vt 0.112949 0.192857
vt 0.127027 0.203240
vt 0.201260 0.156086
vt 0.078650 0.200700
vt 0.203439 0.188767
vt 0.199454 0.144516
vt 0.199065 0.102979
vt 0.203094 0.161558
vt 0.127335 0.200147
vt 0.199665 0.202561
vt 0.195763 0.203430
vt 0.135399 0.200146
vt 0.155256 0.194504
vt 0.150716 0.203244
vt 0.202307 0.137001
vt 0.173076 0.202576
vt 0.203444 0.081260
vt 0.131617 0.201735
vt 0.171660 0.196552
vt 0.107380 0.203272
vt 0.202353 0.158619
vt 0.081347 0.202558
vt 0.202677 0.082128
vt 0.200643 0.042152
vt 0.185216 0.164047
vt 0.128362 0.193619
vt 0.099310 0.203009
vt 0.201003 0.169564
vt 0.118703 0.200763
vt 0.187672 0.202256
vt 0.199610 0.102979
vt 0.127992 0.198022
vt 0.203280 0.141674
vt 0.083720 0.202149
vt 0.174092 0.200684
vt 0.203323 0.132856
vt 0.129970 0.199599
vt 0.950689 0.880058
vt 0.795269 0.941482
vt 0.801637 0.936815
vt 0.943864 0.911993
vt 0.866765 0.937224
vt 0.949936 0.809927
vt 0.940891 0.929768
vt 0.887825 0.928800
vt 0.869729 0.928267
vt 0.946590 0.900852
vt 0.948149 0.821208
vt 0.807918 0.936815
vt 0.947176 0.927028
vt 0.823649 0.939963
vt 0.908901 0.927999
vt 0.836325 0.931468
vt 0.940920 0.818253
vt 0.855513 0.932646
vt 0.948716 0.804797
vt 0.861267 0.939845
vt 0.944004 0.934374
vt 0.944020 0.838791
vt 0.940725 0.912825
vt 0.831358 0.928255
vt 0.821245 0.926067
vt 0.828106 0.938366
vt 0.945016 0.797508
vt 0.940847 0.938785
vt 0.945804 0.860493
vt 0.895696 0.930941
vt 0.825205 0.934316
vt 0.810051 0.934360
vt 0.892200 0.938418
vt 0.949126 0.935232
vt 0.881612 0.931398
vt 0.791942 0.940005
vt 0.884723 0.936371
vt 0.883144 0.934316
vt 0.875193 0.933600
vt 0.944033 0.787519
vt 0.942476 0.832334
vt 0.943794 0.871371
vt 0.945574 0.784680
vt 0.868244 0.935358
vt 0.905951 0.936632
vt 0.901774 0.936612
vt 0.910970 0.925275
vt 0.944033 0.804248
vt 0.925908 0.929690
vt 0.890167 0.930757
vt 0.873376 0.938460
vt 0.947273 0.876146
vt 0.947224 0.814284
vt 0.937126 0.935259
vt 0.940920 0.804251
vt 0.919870 0.934618
vt 0.948718 0.836615
vt 0.948722 0.784371
vt 0.942476 0.846185
vt 0.949034 0.906339
vt 0.948995 0.846864
vt 0.924244 0.932491
vt 0.945351 0.867639
vt 0.869594 0.940187
vt 0.948351 0.845567
vt 0.842097 0.937224
vt 0.796836 0.936815
vt 0.910347 0.934771
vt 0.948077 0.800005
vt 0.791790 0.934092
vt 0.943812 0.893203
vt 0.810032 0.936815
vt 0.940891 0.932508
vt 0.914712 0.929093
vt 0.923959 0.926310
vt 0.947379 0.898281
vt 0.877878 0.919217
vt 0.947177 0.836703
vt 0.881587 0.939963
vt 0.939247 0.932630
vt 0.942221 0.901913
vt 0.941164 0.865339
vt 0.853081 0.932331
vt 0.847390 0.938479
vt 0.942476 0.851787
vt 0.864790 0.939675
vt 0.845306 0.938762
vt 0.892183 0.934114
vt 0.916713 0.934989
vt 0.843653 0.932385
vt 0.853956 0.938837
vt 0.948644 0.893203
vt 0.942476 0.815452
vt 0.942448 0.938680
vt 0.910394 0.936248
vt 0.942455 0.927029
vt 0.820425 0.934316
vt 0.940891 0.935232
vt 0.942476 0.829457
vt 0.800116 0.938416
vt 0.946216 0.940095
vt 0.810051 0.938410
vt 0.897234 0.936514
vt 0.912796 0.932493
vt 0.858247 0.933573
vt 0.829511 0.935113
vt 0.940920 0.840660
vt 0.943864 0.915690
vt 0.820404 0.938366
vt 0.817203 0.938366
vt 0.920349 0.929034
vt 0.942240 0.886670
vt 0.892200 0.931390
vt 0.914735 0.940007
vt 0.947317 0.789076
vt 0.822048 0.934316
vt 0.945589 0.803240
vt 0.948720 0.780982
vt 0.838582 0.933011
vt 0.940920 0.787519
vt 0.940920 0.846339
vt 0.940920 0.843461
vt 0.947174 0.851787
vt 0.787234 0.938485
vt 0.908467 0.941111
vt 0.811651 0.940260
vt 0.873620 0.935012
vt 0.812906 0.934667
vt 0.812881 0.933774
vt 0.889019 0.925306
vt 0.918314 0.936853
vt 0.902557 0.934098
vt 0.834224 0.942606
vt 0.907238 0.942594
vt 0.804838 0.936815
vt 0.834443 0.938049
vt 0.888504 0.937959
vt 0.949478 0.874512
vt 0.940920 0.787458
vt 0.848947 0.934655
vt 0.943867 0.907223
vt 0.949936 0.808723
vt 0.892056 0.934114
vt 0.945563 0.817359
vt 0.940888 0.937185
vt 0.949486 0.827501
vt 0.898862 0.934206
vt 0.929613 0.926219
vt 0.859437 0.928960
vt 0.949931 0.831227
vt 0.949936 0.810235
vt 0.948183 0.792953
vt 0.948840 0.902153
vt 0.948749 0.779815
vt 0.817247 0.934316
vt 0.910347 0.933524
vt 0.890013 0.933558
vt 0.949860 0.903708
vt 0.949442 0.782778
vt 0.942476 0.832257
vt 0.851236 0.938724
vt 0.932242 0.936277
vt 0.949411 0.835058
vt 0.822025 0.934316
vt 0.940920 0.846262
vt 0.943794 0.871058
vt 0.950318 0.925805
vt 0.949359 0.799626
vt 0.942476 0.840660
vt 0.820448 0.938384
vt 0.894033 0.938080
vt 0.887534 0.931601
vt 0.897234 0.933742
vt 0.940847 0.932630
vt 0.942476 0.801374
vt 0.949851 0.899189
vt 0.950015 0.844966
vt 0.806439 0.936815
vt 0.847346 0.938727
vt 0.944248 0.938680
vt 0.944033 0.809927
vt 0.814462 0.934667
vt 0.943796 0.883792
vt 0.871329 0.934979
vt 0.950677 0.860299
vt 0.940891 0.924150
vt 0.948722 0.849063
vt 0.810051 0.931633
vt 0.866688 0.932634
vt 0.933193 0.935213
vt 0.950594 0.860493
vt 0.949913 0.855150
vt 0.942476 0.854511
vt 0.855511 0.938837
vt 0.905995 0.940275
vt 0.848917 0.938479
vt 0.918270 0.937188
vt 0.905995 0.934134
vt 0.812875 0.935974
vt 0.840296 0.937026
vt 0.908626 0.942587
vt 0.909533 0.942588
vt 0.798560 0.936815
vt 0.944017 0.845266
vt 0.838598 0.935735
vt 0.940920 0.784657
vt 0.914735 0.926369
vt 0.918314 0.929093
vt 0.947317 0.790661
vt 0.947345 0.858599
vt 0.804715 0.936815
vt 0.947177 0.838259
vt 0.879436 0.938366
vt 0.940725 0.909947
vt 0.940656 0.868334
vt 0.927401 0.932491
vt 0.914735 0.934618
vt 0.948708 0.842294
vt 0.818803 0.938366
vt 0.836309 0.928667
vt 0.814529 0.926047
vt 0.918314 0.929464
vt 0.873664 0.926526
vt 0.914735 0.936832
vt 0.887760 0.922822
vt 0.892200 0.928589
vt 0.890586 0.925235
vt 0.942120 0.941744
vt 0.887790 0.919726
vt 0.912551 0.940234
vt 0.947723 0.911394
vt 0.892200 0.936818
vt 0.937126 0.940264
vt 0.843653 0.940381
vt 0.942476 0.834961
vt 0.942466 0.918626
vt 0.845790 0.932189
vt 0.943793 0.901913
vt 0.945608 0.795548
vt 0.856739 0.938017
vt 0.944033 0.803240
vt 0.948724 0.932508
vt 0.940920 0.795922
vt 0.942240 0.883869
vt 0.943800 0.895073
vt 0.806315 0.938485
vt 0.788781 0.938485
vt 0.935437 0.942071
vt 0.933193 0.940517
vt 0.847346 0.937127
vt 0.930274 0.922660
vt 0.885873 0.938426
vt 0.847390 0.936879
vt 0.887515 0.939969
vt 0.927401 0.938663
vt 0.886996 0.940502
vt 0.834067 0.941129
vt 0.943800 0.896965
vt 0.855634 0.937236
vt 0.843750 0.937161
vt 0.930686 0.934133
vt 0.941311 0.856886
vt 0.946671 0.867196
vt 0.943793 0.901466
vt 0.948712 0.920182
vt 0.881568 0.938366
vt 0.944232 0.902153
vt 0.940740 0.904499
vt 0.940920 0.815452
vt 0.943796 0.889471
vt 0.947189 0.832258
vt 0.894033 0.939736
vt 0.942484 0.784580
vt 0.943867 0.909089
vt 0.944020 0.835058
vt 0.942591 0.874512
vt 0.904394 0.934227
vt 0.885033 0.925349
vt 0.902084 0.925958
vt 0.881587 0.936703
vt 0.806364 0.938478
vt 0.942476 0.818253
vt 0.864897 0.930863
vt 0.943800 0.898858
vt 0.868459 0.937224
vt 0.940920 0.781856
vt 0.811917 0.928832
vt 0.897280 0.928682
vt 0.946570 0.800313
vt 0.947176 0.929784
vt 0.822048 0.939963
vt 0.910767 0.927999
vt 0.861282 0.931446
vt 0.940920 0.812651
vt 0.942240 0.894919
vt 0.948716 0.803080
vt 0.897280 0.939882
vt 0.942721 0.859737
vt 0.943879 0.906365
vt 0.942721 0.862538
vt 0.900218 0.934207
vt 0.826457 0.926067
vt 0.948715 0.806628
vt 0.895677 0.939736
vt 0.942484 0.787442
vt 0.943864 0.917569
vt 0.942591 0.880114
vt 0.940725 0.918427
vt 0.881566 0.938366
vt 0.838582 0.942153
vt 0.829255 0.942160
vt 0.836459 0.921901
vt 0.856739 0.930772
vt 0.884767 0.930797
vt 0.949358 0.820319
vt 0.950280 0.802635
vt 0.950277 0.824298
vt 0.940641 0.868257
vt 0.887581 0.934325
vt 0.859239 0.937270
vt 0.863208 0.941452
vt 0.944247 0.865339
vt 0.944011 0.926951
vt 0.793635 0.940005
vt 0.894033 0.933742
vt 0.910067 0.941271
vt 0.949418 0.922922
vt 0.836000 0.938049
vt 0.942476 0.790394
vt 0.848991 0.934655
vt 0.864897 0.928140
vt 0.943440 0.941790
vt 0.949127 0.911394
vt 0.949442 0.781219
vt 0.949931 0.829701
vt 0.949812 0.843407
vt 0.803361 0.940786
vt 0.949349 0.877409
vt 0.950331 0.838111
vt 0.950272 0.928955
vt 0.944247 0.862461
vt 0.948881 0.860411
vt 0.930469 0.942119
vt 0.814652 0.937759
vt 0.817229 0.934316
vt 0.930276 0.919936
vt 0.932592 0.880278
vt 0.921370 0.940110
vt 0.949353 0.841222
vt 0.944031 0.829380
vt 0.944033 0.798569
vt 0.943864 0.915626
vt 0.944011 0.931651
vt 0.944733 0.854742
vt 0.888504 0.941284
vt 0.826309 0.940125
vt 0.947379 0.896724
vt 0.950456 0.839669
vt 0.936874 0.898558
vt 0.943864 0.913885
vt 0.945472 0.869505
vt 0.940891 0.926968
vt 0.861267 0.928645
vt 0.946570 0.797508
vt 0.792035 0.936815
vt 0.948708 0.925784
vt 0.826551 0.939963
vt 0.838582 0.930210
vt 0.930701 0.931410
vt 0.940920 0.809927
vt 0.943794 0.865533
vt 0.947190 0.810520
vt 0.946357 0.856349
vt 0.944002 0.850929
vt 0.944020 0.836925
vt 0.923915 0.934559
vt 0.940725 0.915626
vt 0.887514 0.938374
vt 0.945016 0.800313
vt 0.916713 0.938789
vt 0.945804 0.858787
vt 0.937377 0.868257
vt 0.818848 0.934316
vt 0.823605 0.934316
vt 0.927782 0.934468
vt 0.801761 0.938416
vt 0.947404 0.864172
vt 0.920349 0.936946
vt 0.798392 0.940005
vt 0.834439 0.936358
vt 0.881568 0.934316
vt 0.884674 0.933598
vt 0.942476 0.795845
vt 0.942476 0.829533
vt 0.943796 0.882934
vt 0.945574 0.786584
vt 0.832960 0.936309
vt 0.817203 0.936703
vt 0.944033 0.806975
vt 0.831175 0.929588
vt 0.875349 0.930799
vt 0.860993 0.938472
vt 0.947316 0.830973
vt 0.944033 0.809927
vt 0.947230 0.922983
vt 0.849924 0.932552
vt 0.940920 0.798650
vt 0.914464 0.934618
vt 0.948716 0.808759
vt 0.869729 0.939863
vt 0.859437 0.931761
vt 0.944010 0.780982
vt 0.845808 0.929388
vt 0.895899 0.925235
vt 0.877880 0.936703
vt 0.843750 0.929473
vt 0.939002 0.940359
vt 0.944247 0.864321
vt 0.841959 0.929293
vt 0.828108 0.934316
vt 0.887516 0.936711
vt 0.795280 0.938416
vt 0.947404 0.862049
vt 0.922358 0.936946
vt 0.798560 0.938416
vt 0.864790 0.936437
vt 0.877359 0.933600
vt 0.942476 0.798646
vt 0.943796 0.885735
vt 0.945575 0.926094
vt 0.831358 0.936581
vt 0.818804 0.936702
vt 0.897280 0.938275
vt 0.890370 0.925309
vt 0.944033 0.812651
vt 0.855619 0.929845
vt 0.836106 0.930861
vt 0.807918 0.938478
vt 0.947316 0.829417
vt 0.945589 0.808919
vt 0.947244 0.877862
vt 0.866644 0.935358
vt 0.940920 0.801524
vt 0.840296 0.932094
vt 0.942476 0.821208
vt 0.948715 0.810476
vt 0.837866 0.938260
vt 0.942484 0.781840
vt 0.820404 0.938366
vt 0.946357 0.856405
vt 0.879746 0.928791
vt 0.944033 0.790394
vt 0.866688 0.929833
vt 0.875852 0.930799
vt 0.929295 0.940030
vt 0.947234 0.779116
vt 0.942466 0.921350
vt 0.944117 0.876306
vt 0.947237 0.793828
vt 0.920349 0.934559
vt 0.873664 0.926526
vt 0.842097 0.929584
vt 0.933193 0.926730
vt 0.947188 0.820516
vt 0.948538 0.908309
vt 0.947049 0.881063
vt 0.866781 0.940381
vt 0.908794 0.937954
vt 0.944023 0.923222
vt 0.902557 0.940008
vt 0.947693 0.936938
vt 0.883156 0.929012
vt 0.792035 0.940005
vt 0.877408 0.937987
vt 0.851480 0.929751
vt 0.834443 0.933662
vt 0.944004 0.935232
vt 0.943864 0.918427
vt 0.943796 0.891337
vt 0.944011 0.928895
vt 0.869729 0.933868
vt 0.822049 0.936703
vt 0.828417 0.928791
vt 0.944023 0.921427
vt 0.911239 0.929693
vt 0.919870 0.940029
vt 0.838582 0.939112
vt 0.927782 0.934468
vt 0.866643 0.938824
vt 0.944492 0.935232
vt 0.949352 0.924227
vt 0.949352 0.930512
vt 0.950306 0.822764
vt 0.788781 0.940008
vt 0.948881 0.860344
vt 0.914451 0.937004
vt 0.809474 0.938416
vt 0.875242 0.937987
vt 0.859437 0.934485
vt 0.863234 0.933664
vt 0.942322 0.904499
vt 0.943864 0.912825
vt 0.944017 0.842603
vt 0.788713 0.936815
vt 0.823649 0.936703
vt 0.824591 0.928791
vt 0.944011 0.929784
vt 0.926018 0.929690
vt 0.883167 0.930797
vt 0.892136 0.940013
vt 0.947273 0.871788
vt 0.879455 0.934316
vt 0.944117 0.873504
vt 0.947244 0.877906
vt 0.941034 0.877313
vt 0.940920 0.854511
vt 0.843750 0.932274
vt 0.947188 0.818915
vt 0.905951 0.939902
vt 0.950587 0.896724
vt 0.899586 0.930238
vt 0.119991 0.165229
vt 0.087060 0.177878
vt 0.087060 0.154476
vt 0.061987 0.152617
vt 0.144763 0.182795
vt 0.119991 0.173822
vt 0.124705 0.124372
vt 0.128371 0.124372
vt 0.156739 0.188903
vt 0.054834 0.180463
vt 0.134606 0.189007
vt 0.128283 0.173417
vt 0.064363 0.144610
vt 0.090756 0.177697
vt 0.113563 0.163452
vt 0.105106 0.154476
vt 0.061987 0.113405
vt 0.063952 0.164992
vt 0.109977 0.170008
vt 0.175988 0.159254
vt 0.097565 0.924267
vt 0.159052 0.936530
vt 0.188407 0.918516
vt 0.172868 0.927551
vt 0.191374 0.918249
vt 0.091453 0.940367
vt 0.117167 0.936662
vt 0.164123 0.953787
vt 0.184667 0.918516
vt 0.126729 0.953393
vt 0.120022 0.928893
vt 0.188191 0.134832
vt 0.190133 0.119644
vt 0.061524 0.177533
vt 0.146627 0.201738
vt 0.186148 0.131234
vt 0.379772 0.616492
vt 0.379772 0.620287
vt 0.379772 0.618358
vt 0.414050 0.646083
vt 0.390948 0.643280
vt 0.371046 0.645856
vt 0.367836 0.648072
vt 0.413782 0.643408
vt 0.350071 0.637544
vt 0.342494 0.651299
vt 0.337496 0.640454
vt 0.420109 0.645617
vt 0.402700 0.641011
vt 0.371046 0.647013
vt 0.445657 0.639977
vt 0.370231 0.643676
vt 0.344558 0.643803
vt 0.398352 0.642731
vt 0.430550 0.641015
vt 0.389430 0.637540
vt 0.449320 0.098199
vt 0.405100 0.194837
vt 0.391101 0.182920
vt 0.378990 0.645425
vt 0.437662 0.642473
vt 0.434217 0.646264
vt 0.350163 0.637544
vt 0.406134 0.642883
vt 0.383208 0.642276
vt 0.445725 0.636820
vt 0.411409 0.644327
vt 0.353480 0.645181
vt 0.440321 0.636593
vt 0.402756 0.634312
vt 0.402756 0.639057
vt 0.379779 0.647252
vt 0.385432 0.645867
vt 0.413987 0.645956
vt 0.436066 0.645673
vt 0.388875 0.643131
vt 0.422256 0.637304
vt 0.418269 0.651215
vt 0.342606 0.640454
vt 0.397498 0.645686
vt 0.370962 0.647147
vt 0.379123 0.645740
vt 0.383317 0.642507
vt 0.370230 0.641323
vt 0.430452 0.640192
vt 0.342639 0.648750
vt 0.433319 0.157548
vt 0.450408 0.034583
vt 0.394810 0.180205
vt 0.370170 0.641323
vt 0.342869 0.637852
vt 0.330155 0.637820
vt 0.332371 0.637527
vt 0.353396 0.642948
vt 0.445706 0.646675
vt 0.447075 0.647245
vt 0.446644 0.646637
vt 0.349738 0.640246
vt 0.422318 0.643060
vt 0.434391 0.640823
vt 0.423847 0.632327
vt 0.434133 0.632964
vt 0.446644 0.646637
vt 0.090399 0.154476
vt 0.090399 0.177875
vt 0.176031 0.115265
vt 0.148313 0.179129
vt 0.084214 0.124372
vt 0.080548 0.124372
vt 0.153267 0.188847
vt 0.156739 0.181619
vt 0.134606 0.189007
vt 0.099963 0.170079
vt 0.064363 0.129007
vt 0.055209 0.154446
vt 0.103813 0.154476
vt 0.176031 0.154475
vt 0.064363 0.173109
vt 0.107827 0.928567
vt 0.185356 0.874005
vt 0.068315 0.926688
vt 0.189860 0.895648
vt 0.152567 0.941509
vt 0.138685 0.953383
vt 0.191388 0.875871
vt 0.167483 0.953808
vt 0.095633 0.924267
vt 0.189397 0.134832
vt 0.121538 0.196883
vt 0.149965 0.200449
vt 0.088709 0.186636
vt 0.375796 0.622919
vt 0.375796 0.619124
vt 0.375796 0.621053
vt 0.443806 0.596928
vt 0.437711 0.645021
vt 0.330372 0.629847
vt 0.442038 0.645489
vt 0.329896 0.646390
vt 0.418414 0.646434
vt 0.345218 0.649042
vt 0.358855 0.646877
vt 0.437575 0.641276
vt 0.349152 0.645849
vt 0.439435 0.643837
vt 0.444505 0.621304
vt 0.347475 0.637709
vt 0.329878 0.648789
vt 0.305019 0.183857
vt 0.449308 0.066832
vt 0.294890 0.197909
vt 0.368711 0.180535
vt 0.442389 0.597630
vt 0.347300 0.634312
vt 0.446391 0.615440
vt 0.350197 0.648198
vt 0.332420 0.639899
vt 0.446408 0.621208
vt 0.392477 0.650336
vt 0.397604 0.645686
vt 0.442319 0.598130
vt 0.367744 0.647053
vt 0.440478 0.642684
vt 0.446867 0.611391
vt 0.374427 0.619124
vt 0.374427 0.622919
vt 0.331639 0.646333
vt 0.437659 0.639123
vt 0.342806 0.646352
vt 0.374427 0.621053
vt 0.357395 0.644033
vt 0.439610 0.646337
vt 0.423847 0.635030
vt 0.444494 0.640275
vt 0.390603 0.636325
vt 0.444566 0.615738
vt 0.434260 0.640978
vt 0.431394 0.636300
vt 0.418684 0.639841
vt 0.410884 0.650157
vt 0.322452 0.196892
vt 0.351119 0.197236
vt 0.397479 0.198335
vt 0.380587 0.180327
vt 0.349201 0.645533
vt 0.364662 0.638014
vt 0.364714 0.641068
vt 0.373737 0.633340
vt 0.358897 0.643211
vt 0.431436 0.636300
vt 0.445113 0.647245
vt 0.388600 0.649663
vt 0.374427 0.615416
vt 0.413987 0.640351
vt 0.444501 0.648488
vt 0.437556 0.632324
vt 0.358897 0.643211
vt 0.332371 0.635155
vt 0.354718 0.644157
vt 0.913971 0.855710
vt 0.913971 0.788071
s 0
usemtl Texture
f 30/1/1 28/2/1 31/3/1
f 5/4/2 32/5/2 7/6/2
f 54/7/1 52/8/1 55/9/1
f 3/10/3 26/11/3 1/12/3
f 1/13/4 7/14/4 3/15/4
f 31/16/5 28/17/5 7/18/5
f 11/19/6 10/20/6 9/21/6
f 13/22/7 12/23/7 11/24/7
f 15/25/8 14/26/8 13/22/8
f 17/27/9 16/28/9 15/29/9
f 19/30/10 18/31/10 17/27/10
f 21/32/11 20/33/11 19/34/11
f 10/35/12 14/36/12 18/37/12
f 23/38/13 22/39/13 21/32/13
f 9/21/14 24/40/14 23/41/14
f 11/42/5 23/43/5 19/44/5
f 26/45/15 28/2/15 25/46/15
f 32/47/16 30/1/16 31/3/16
f 25/48/12 30/49/12 1/50/12
f 4/51/2 56/52/2 2/53/2
f 6/54/3 50/55/3 8/56/3
f 8/57/4 2/58/4 6/59/4
f 55/60/5 52/61/5 2/62/5
f 35/63/6 34/64/6 33/65/6
f 37/66/7 36/67/7 35/68/7
f 39/69/8 38/70/8 37/66/8
f 41/71/9 40/72/9 39/73/9
f 43/74/10 42/75/10 41/71/10
f 45/76/11 44/77/11 43/78/11
f 34/79/12 38/80/12 42/81/12
f 47/82/13 46/83/13 45/76/13
f 33/65/14 48/84/14 47/85/14
f 35/86/5 47/87/5 43/88/5
f 50/89/15 52/8/15 49/90/15
f 56/91/16 54/7/16 55/9/16
f 49/92/12 54/93/12 8/94/12
f 76/95/17 58/96/17 57/97/17
f 78/98/5 59/99/5 58/100/5
f 80/101/18 60/102/18 59/103/18
f 82/104/19 61/105/19 60/102/19
f 84/106/12 62/107/12 61/108/12
f 86/109/20 57/97/20 62/110/20
f 61/105/21 66/111/21 60/102/21
f 58/100/5 65/112/5 64/113/5
f 62/107/12 67/114/12 61/108/12
f 57/97/22 64/115/22 63/116/22
f 59/103/23 66/111/23 65/117/23
f 57/97/24 68/118/24 62/110/24
f 63/119/25 74/120/25 68/121/25
f 68/122/12 73/123/12 67/114/12
f 72/124/26 65/125/26 66/126/26
f 67/127/27 72/124/27 66/126/27
f 71/128/5 64/113/5 65/112/5
f 70/129/28 63/119/28 64/130/28
f 100/131/29 76/95/29 99/132/29
f 101/133/30 78/98/30 100/134/30
f 101/135/31 82/104/31 80/101/31
f 102/136/32 84/137/32 82/104/32
f 104/138/33 84/106/33 103/139/33
f 99/132/34 86/109/34 104/140/34
f 90/141/35 83/142/35 81/143/35
f 77/144/36 89/145/36 79/146/36
f 91/147/37 85/148/37 83/149/37
f 75/150/38 88/151/38 77/152/38
f 79/153/39 90/141/39 81/143/39
f 92/154/40 75/150/40 85/155/40
f 87/156/41 98/157/41 93/158/41
f 97/159/37 92/160/37 91/147/37
f 89/161/42 96/162/42 90/163/42
f 91/164/43 96/162/43 97/165/43
f 88/166/36 95/167/36 89/145/36
f 96/168/4 95/169/4 94/170/4
f 87/156/44 94/171/44 88/172/44
f 110/173/45 104/140/45 109/174/45
f 109/175/46 103/176/46 108/177/46
f 107/178/47 103/179/47 102/136/47
f 106/180/48 102/136/48 101/135/48
f 106/181/49 100/182/49 105/183/49
f 105/184/50 99/132/50 110/173/50
f 75/150/51 105/184/51 110/173/51
f 79/146/52 105/183/52 77/144/52
f 81/143/53 106/180/53 79/153/53
f 83/142/54 107/178/54 81/143/54
f 85/148/55 108/177/55 83/149/55
f 85/155/56 110/173/56 109/174/56
f 112/185/20 130/186/20 111/187/20
f 113/188/12 132/189/12 112/190/12
f 113/191/19 136/192/19 134/193/19
f 115/194/18 136/192/18 114/195/18
f 116/196/5 138/197/5 115/198/5
f 111/187/17 140/199/17 116/200/17
f 120/201/57 115/194/57 114/195/57
f 112/190/12 119/202/12 113/188/12
f 121/203/5 116/196/5 115/198/5
f 111/187/24 118/204/24 112/185/24
f 113/191/21 120/201/21 114/195/21
f 122/205/58 111/187/58 116/200/58
f 117/206/59 128/207/59 123/208/59
f 127/209/5 122/210/5 121/203/5
f 119/211/27 126/212/27 120/213/27
f 121/214/60 126/212/60 127/215/60
f 118/216/12 125/217/12 119/202/12
f 117/206/25 124/218/25 118/219/25
f 130/186/20 131/220/20 129/221/20
f 132/189/12 133/222/12 131/223/12
f 134/193/19 135/224/19 133/225/19
f 136/192/18 137/226/18 135/224/18
f 138/197/5 139/227/5 137/228/5
f 140/199/17 129/221/17 139/229/17
f 137/226/61 144/230/61 135/224/61
f 131/223/12 143/231/12 142/232/12
f 139/227/5 145/233/5 137/228/5
f 129/221/62 142/234/62 141/235/62
f 133/225/63 144/230/63 143/236/63
f 129/221/64 146/237/64 139/229/64
f 141/238/65 152/239/65 146/240/65
f 146/241/5 151/242/5 145/233/5
f 150/243/66 143/244/66 144/245/66
f 145/246/67 150/243/67 144/245/67
f 149/247/12 142/232/12 143/231/12
f 148/248/68 141/238/68 142/249/68
f 154/250/20 172/251/20 153/252/20
f 155/253/12 174/254/12 154/255/12
f 155/256/19 178/257/19 176/258/19
f 157/259/18 178/257/18 156/260/18
f 158/261/5 180/262/5 157/263/5
f 153/252/17 182/264/17 158/265/17
f 162/266/57 157/259/57 156/260/57
f 154/255/12 161/267/12 155/253/12
f 163/268/5 158/261/5 157/263/5
f 153/252/24 160/269/24 154/250/24
f 155/256/21 162/266/21 156/260/21
f 164/270/58 153/252/58 158/265/58
f 159/271/59 170/272/59 165/273/59
f 169/242/5 164/274/5 163/268/5
f 161/275/69 168/276/69 162/277/69
f 163/278/60 168/276/60 169/279/60
f 160/280/12 167/281/12 161/267/12
f 159/271/25 166/282/25 160/283/25
f 172/251/20 173/284/20 171/285/20
f 174/254/12 175/286/12 173/287/12
f 176/258/19 177/288/19 175/289/19
f 177/288/18 180/290/18 179/291/18
f 180/262/5 181/292/5 179/293/5
f 182/264/17 171/285/17 181/294/17
f 179/291/61 186/295/61 177/288/61
f 173/287/12 185/296/12 184/297/12
f 181/292/5 187/298/5 179/293/5
f 171/285/62 184/299/62 183/300/62
f 175/289/63 186/295/63 185/301/63
f 171/285/64 188/302/64 181/294/64
f 183/303/65 194/304/65 188/305/65
f 188/306/5 193/209/5 187/298/5
f 192/307/66 185/308/66 186/309/66
f 187/310/67 192/307/67 186/309/67
f 191/311/12 184/297/12 185/296/12
f 190/312/68 183/303/68 184/313/68
f 196/314/70 214/315/70 195/316/70
f 197/317/2 216/318/2 196/319/2
f 197/320/71 220/321/71 218/322/71
f 199/323/72 220/321/72 198/324/72
f 200/325/3 222/326/3 199/327/3
f 195/316/73 224/328/73 200/329/73
f 204/330/74 199/323/74 198/324/74
f 196/319/2 203/331/2 197/317/2
f 205/332/3 200/325/3 199/327/3
f 195/316/75 202/333/75 196/314/75
f 197/320/76 204/330/76 198/324/76
f 206/334/77 195/316/77 200/329/77
f 201/335/78 212/336/78 207/337/78
f 211/338/3 206/339/3 205/332/3
f 203/340/79 210/341/79 204/342/79
f 205/343/80 210/341/80 211/344/80
f 202/345/2 209/346/2 203/331/2
f 201/335/81 208/347/81 202/348/81
f 214/315/70 215/349/70 213/350/70
f 216/318/2 217/351/2 215/352/2
f 218/322/71 219/353/71 217/354/71
f 219/353/72 222/355/72 221/356/72
f 222/326/3 223/357/3 221/358/3
f 224/328/73 213/350/73 223/359/73
f 221/356/82 228/360/82 219/353/82
f 215/352/2 227/361/2 226/362/2
f 223/357/3 229/363/3 221/358/3
f 213/350/83 226/364/83 225/365/83
f 217/354/84 228/360/84 227/366/84
f 213/350/85 230/367/85 223/359/85
f 225/368/86 236/369/86 230/370/86
f 230/371/3 235/372/3 229/363/3
f 234/373/87 227/374/87 228/375/87
f 229/376/88 234/373/88 228/375/88
f 233/377/2 226/362/2 227/361/2
f 232/378/89 225/368/89 226/379/89
f 238/380/70 256/381/70 237/382/70
f 239/383/2 258/384/2 238/385/2
f 239/386/71 262/387/71 260/388/71
f 241/389/72 262/387/72 240/390/72
f 242/391/3 264/392/3 241/393/3
f 237/382/73 266/394/73 242/395/73
f 246/396/74 241/389/74 240/390/74
f 238/385/2 245/397/2 239/383/2
f 247/398/3 242/391/3 241/393/3
f 237/382/75 244/399/75 238/380/75
f 239/386/76 246/396/76 240/390/76
f 248/400/77 237/382/77 242/395/77
f 243/401/78 254/402/78 249/403/78
f 253/404/3 248/405/3 247/398/3
f 245/406/90 252/407/90 246/408/90
f 247/409/80 252/407/80 253/410/80
f 244/411/2 251/412/2 245/397/2
f 243/401/81 250/413/81 244/414/81
f 256/381/70 257/415/70 255/416/70
f 258/384/2 259/417/2 257/418/2
f 260/388/71 261/419/71 259/420/71
f 261/419/72 264/421/72 263/422/72
f 264/392/3 265/423/3 263/424/3
f 266/394/73 255/416/73 265/425/73
f 263/422/82 270/426/82 261/419/82
f 257/418/2 269/427/2 268/428/2
f 265/423/3 271/429/3 263/424/3
f 255/416/83 268/430/83 267/431/83
f 259/420/84 270/426/84 269/432/84
f 255/416/85 272/433/85 265/425/85
f 267/434/86 278/435/86 272/436/86
f 272/437/3 277/438/3 271/429/3
f 276/439/87 269/440/87 270/441/87
f 271/442/88 276/439/88 270/441/88
f 275/443/2 268/428/2 269/427/2
f 274/444/89 267/434/89 268/445/89
f 308/446/1 306/447/1 309/448/1
f 283/449/2 310/450/2 285/451/2
f 332/452/1 330/453/1 333/454/1
f 281/455/3 304/456/3 279/457/3
f 279/458/4 285/459/4 281/50/4
f 309/460/5 306/461/5 285/462/5
f 289/463/6 288/464/6 287/465/6
f 291/466/7 290/467/7 289/468/7
f 293/469/8 292/470/8 291/466/8
f 295/471/9 294/472/9 293/473/9
f 297/474/10 296/475/10 295/471/10
f 299/476/11 298/477/11 297/478/11
f 288/479/12 292/480/12 296/481/12
f 301/482/13 300/483/13 299/476/13
f 287/465/14 302/484/14 301/485/14
f 289/486/5 301/487/5 297/488/5
f 304/489/15 306/447/15 303/490/15
f 310/491/16 308/446/16 309/448/16
f 303/492/12 308/460/12 279/493/12
f 282/494/2 334/495/2 280/496/2
f 284/497/3 328/498/3 286/499/3
f 286/500/4 280/91/4 284/501/4
f 333/502/5 330/503/5 280/504/5
f 313/505/6 312/506/6 311/507/6
f 315/508/7 314/509/7 313/510/7
f 317/511/8 316/512/8 315/508/8
f 319/513/9 318/514/9 317/515/9
f 321/516/10 320/517/10 319/513/10
f 323/518/11 322/519/11 321/520/11
f 312/521/12 316/522/12 320/523/12
f 325/524/13 324/525/13 323/518/13
f 311/507/14 326/526/14 325/527/14
f 313/528/5 325/529/5 321/530/5
f 328/531/15 330/453/15 327/532/15
f 334/533/16 332/452/16 333/454/16
f 327/534/12 332/535/12 286/536/12
f 354/537/17 336/538/17 335/539/17
f 356/540/5 337/541/5 336/542/5
f 358/543/18 338/544/18 337/545/18
f 360/546/19 339/547/19 338/544/19
f 362/548/12 340/549/12 339/550/12
f 364/551/20 335/539/20 340/552/20
f 339/547/21 344/553/21 338/544/21
f 336/542/5 343/554/5 342/555/5
f 340/549/12 345/556/12 339/550/12
f 335/539/22 342/557/22 341/558/22
f 337/545/23 344/553/23 343/559/23
f 335/539/24 346/560/24 340/552/24
f 341/561/25 352/562/25 346/563/25
f 346/564/12 351/565/12 345/556/12
f 350/566/26 343/567/26 344/568/26
f 345/569/27 350/566/27 344/568/27
f 349/570/5 342/555/5 343/554/5
f 348/571/28 341/561/28 342/572/28
f 378/573/29 354/537/29 377/574/29
f 379/575/30 356/540/30 378/576/30
f 379/577/31 360/546/31 358/543/31
f 380/578/32 362/579/32 360/546/32
f 382/580/33 362/548/33 381/581/33
f 377/574/34 364/551/34 382/582/34
f 368/583/35 361/584/35 359/585/35
f 355/586/36 367/587/36 357/588/36
f 369/589/37 363/590/37 361/591/37
f 353/592/38 366/593/38 355/594/38
f 357/595/39 368/583/39 359/585/39
f 370/596/40 353/592/40 363/597/40
f 365/598/41 376/599/41 371/600/41
f 375/601/37 370/602/37 369/589/37
f 367/603/42 374/604/42 368/605/42
f 369/606/43 374/604/43 375/607/43
f 366/608/36 373/609/36 367/587/36
f 374/610/4 373/611/4 372/612/4
f 365/598/44 372/613/44 366/614/44
f 388/615/45 382/582/45 387/616/45
f 387/617/46 381/618/46 386/619/46
f 385/620/47 381/621/47 380/578/47
f 384/622/48 380/578/48 379/577/48
f 384/623/49 378/624/49 383/625/49
f 383/626/50 377/574/50 388/615/50
f 353/592/51 383/626/51 388/615/51
f 357/588/52 383/625/52 355/586/52
f 359/585/53 384/622/53 357/595/53
f 361/584/54 385/620/54 359/585/54
f 363/590/55 386/619/55 361/591/55
f 363/597/56 388/615/56 387/616/56
f 390/627/20 408/628/20 389/629/20
f 391/630/12 410/631/12 390/632/12
f 391/633/19 414/634/19 412/635/19
f 393/636/18 414/634/18 392/637/18
f 394/638/5 416/639/5 393/640/5
f 389/629/17 418/641/17 394/642/17
f 398/643/57 393/636/57 392/637/57
f 390/632/12 397/644/12 391/630/12
f 399/645/5 394/638/5 393/640/5
f 389/629/24 396/646/24 390/627/24
f 391/633/21 398/643/21 392/637/21
f 400/399/58 389/629/58 394/642/58
f 395/647/59 406/648/59 401/649/59
f 405/650/5 400/651/5 399/645/5
f 397/652/27 404/653/27 398/654/27
f 399/655/60 404/653/60 405/656/60
f 396/657/12 403/658/12 397/644/12
f 395/647/25 402/659/25 396/660/25
f 408/628/20 409/661/20 407/662/20
f 410/631/12 411/663/12 409/664/12
f 412/635/19 413/665/19 411/666/19
f 413/665/18 416/667/18 415/668/18
f 416/639/5 417/669/5 415/670/5
f 418/641/17 407/662/17 417/671/17
f 415/668/61 422/672/61 413/665/61
f 409/664/12 421/673/12 420/674/12
f 417/669/5 423/675/5 415/670/5
f 407/662/62 420/676/62 419/677/62
f 411/666/63 422/672/63 421/678/63
f 407/662/64 424/679/64 417/671/64
f 419/680/65 430/681/65 424/682/65
f 424/683/5 429/684/5 423/675/5
f 428/685/66 421/686/66 422/687/66
f 423/688/67 428/685/67 422/687/67
f 427/689/12 420/674/12 421/673/12
f 426/690/68 419/680/68 420/691/68
f 432/692/20 450/693/20 431/694/20
f 433/695/12 452/696/12 432/697/12
f 433/698/19 456/699/19 454/700/19
f 435/701/18 456/699/18 434/702/18
f 436/703/5 458/704/5 435/705/5
f 431/694/17 460/706/17 436/707/17
f 440/708/57 435/701/57 434/702/57
f 432/697/12 439/709/12 433/695/12
f 441/710/5 436/703/5 435/705/5
f 431/694/24 438/711/24 432/692/24
f 433/698/21 440/708/21 434/702/21
f 442/712/58 431/694/58 436/707/58
f 437/713/59 448/714/59 443/715/59
f 447/346/5 442/716/5 441/710/5
f 439/717/27 446/718/27 440/719/27
f 441/720/60 446/718/60 447/721/60
f 438/722/12 445/723/12 439/709/12
f 437/713/25 444/724/25 438/725/25
f 450/693/20 451/726/20 449/727/20
f 452/696/12 453/728/12 451/729/12
f 454/700/19 455/730/19 453/731/19
f 456/699/18 457/732/18 455/730/18
f 458/704/5 459/733/5 457/734/5
f 460/706/17 449/727/17 459/735/17
f 457/732/61 464/736/61 455/730/61
f 451/729/12 463/737/12 462/738/12
f 459/733/5 465/739/5 457/734/5
f 449/727/62 462/740/62 461/741/62
f 453/731/63 464/736/63 463/742/63
f 449/727/64 466/743/64 459/735/64
f 461/744/65 472/745/65 466/746/65
f 466/747/5 471/748/5 465/739/5
f 470/749/66 463/750/66 464/751/66
f 465/752/67 470/749/67 464/751/67
f 469/412/12 462/738/12 463/737/12
f 468/753/68 461/744/68 462/754/68
f 502/755/1 500/756/1 503/757/1
f 477/758/2 504/759/2 479/760/2
f 526/761/1 524/762/1 527/763/1
f 475/764/3 498/765/3 473/766/3
f 473/767/4 479/768/4 475/769/4
f 503/770/5 500/771/5 479/772/5
f 483/527/6 482/773/6 481/774/6
f 485/775/7 484/776/7 483/777/7
f 487/778/8 486/779/8 485/775/8
f 489/780/9 488/781/9 487/782/9
f 491/783/10 490/784/10 489/780/10
f 493/785/11 492/786/11 491/787/11
f 482/788/12 486/789/12 490/790/12
f 495/791/13 494/792/13 493/785/13
f 481/774/14 496/793/14 495/794/14
f 483/795/5 495/796/5 491/797/5
f 498/798/15 500/756/15 497/799/15
f 504/800/16 502/755/16 503/757/16
f 497/801/12 502/802/12 473/803/12
f 476/804/2 528/805/2 474/806/2
f 478/807/3 522/808/3 480/809/3
f 480/810/4 474/811/4 478/812/4
f 527/813/5 524/814/5 474/815/5
f 507/816/6 506/817/6 505/818/6
f 509/819/7 508/820/7 507/821/7
f 511/822/8 510/823/8 509/819/8
f 513/824/9 512/825/9 511/826/9
f 515/827/10 514/828/10 513/824/10
f 517/829/11 516/830/11 515/831/11
f 506/832/12 510/833/12 514/834/12
f 519/835/13 518/836/13 517/829/13
f 505/818/14 520/837/14 519/838/14
f 507/839/5 519/840/5 515/841/5
f 522/842/15 524/762/15 521/843/15
f 528/844/16 526/761/16 527/763/16
f 521/845/12 526/846/12 480/847/12
f 530/848/3 531/849/3 529/850/3
f 536/851/2 533/852/2 535/853/2
f 534/854/5 529/855/5 533/856/5
f 535/857/4 529/858/4 531/859/4
f 532/860/1 534/861/1 536/862/1
f 538/863/3 539/864/3 537/865/3
f 544/866/2 541/867/2 543/868/2
f 542/869/5 537/870/5 541/871/5
f 543/872/4 537/873/4 539/874/4
f 540/875/1 542/876/1 544/877/1
f 546/878/3 547/879/3 545/880/3
f 552/881/2 549/882/2 551/883/2
f 550/884/5 545/885/5 549/886/5
f 551/887/4 545/888/4 547/889/4
f 548/890/1 550/891/1 552/892/1
f 554/893/3 555/894/3 553/895/3
f 560/896/2 557/897/2 559/898/2
f 558/899/5 553/900/5 557/901/5
f 559/902/4 553/903/4 555/904/4
f 556/905/1 558/906/1 560/907/1
f 562/908/3 563/909/3 561/910/3
f 568/911/2 565/912/2 567/913/2
f 566/914/5 561/915/5 565/916/5
f 567/917/4 561/918/4 563/919/4
f 564/920/1 566/921/1 568/922/1
f 570/923/3 571/924/3 569/925/3
f 576/926/2 573/927/2 575/928/2
f 574/929/5 569/930/5 573/931/5
f 575/932/4 569/933/4 571/934/4
f 572/935/1 574/936/1 576/905/1
f 578/937/3 579/938/3 577/939/3
f 584/940/2 581/941/2 583/942/2
f 582/943/5 577/944/5 581/945/5
f 583/946/4 577/947/4 579/948/4
f 580/949/1 582/950/1 584/951/1
f 586/952/3 587/953/3 585/954/3
f 592/955/2 589/956/2 591/957/2
f 590/958/5 585/959/5 589/960/5
f 591/961/4 585/962/4 587/963/4
f 588/964/1 590/965/1 592/966/1
f 594/967/3 595/968/3 593/969/3
f 600/970/2 597/971/2 599/972/2
f 598/973/5 593/974/5 597/975/5
f 599/976/4 593/977/4 595/978/4
f 596/979/1 598/980/1 600/981/1
f 602/982/3 603/983/3 601/984/3
f 608/985/2 605/986/2 607/987/2
f 606/988/5 601/989/5 605/990/5
f 607/991/4 601/992/4 603/993/4
f 604/994/1 606/995/1 608/996/1
f 610/997/3 611/998/3 609/999/3
f 616/1000/2 613/1001/2 615/1002/2
f 614/1003/5 609/1004/5 613/1005/5
f 615/1006/4 609/1007/4 611/1008/4
f 612/1009/1 614/877/1 616/876/1
f 618/1010/3 619/1011/3 617/1012/3
f 624/1013/2 621/1014/2 623/1015/2
f 622/1016/5 617/1017/5 621/1018/5
f 623/1019/4 617/1020/4 619/1021/4
f 620/1022/1 622/1023/1 624/1024/1
f 626/1025/3 627/1026/3 625/1027/3
f 632/1028/2 629/1029/2 631/1030/2
f 630/975/5 625/945/5 629/1031/5
f 631/1032/4 625/1033/4 627/1034/4
f 628/907/1 630/1035/1 632/1036/1
f 634/1037/3 635/1038/3 633/1039/3
f 640/1040/2 637/1041/2 639/1042/2
f 638/1043/5 633/1044/5 637/1045/5
f 639/1046/4 633/1047/4 635/1048/4
f 636/1049/1 638/1050/1 640/1051/1
f 642/1052/3 643/1053/3 641/1054/3
f 648/1055/2 645/1056/2 647/1057/2
f 646/1058/5 641/1059/5 645/1060/5
f 647/1061/4 641/1062/4 643/1063/4
f 644/1064/1 646/1065/1 648/1066/1
f 650/1067/3 651/1068/3 649/1069/3
f 656/1070/2 653/1071/2 655/1072/2
f 654/1073/5 649/1074/5 653/1075/5
f 655/1021/4 649/1076/4 651/1019/4
f 652/1077/1 654/1078/1 656/1079/1
f 659/1080/3 658/1081/3 657/1082/3
f 661/1083/2 664/1084/2 663/1085/2
f 657/869/12 662/988/12 661/1086/12
f 657/1087/4 663/1088/4 659/1089/4
f 662/1090/1 660/890/1 664/1091/1
f 667/1092/3 666/1093/3 665/1094/3
f 669/1095/2 672/1096/2 671/1097/2
f 665/974/12 670/1098/12 669/1099/12
f 665/1100/4 671/1101/4 667/1102/4
f 670/1103/1 668/1104/1 672/1105/1
f 675/1106/3 674/1107/3 673/1108/3
f 677/1109/2 680/1110/2 679/1111/2
f 673/854/12 678/1112/12 677/1113/12
f 673/1114/4 679/1115/4 675/1116/4
f 678/1117/1 676/1118/1 680/1119/1
f 683/1120/3 682/1121/3 681/1122/3
f 685/1123/2 688/1124/2 687/1125/2
f 681/1126/12 686/1127/12 685/1128/12
f 681/1129/4 687/1130/4 683/1131/4
f 686/1132/1 684/1133/1 688/1134/1
f 691/1135/3 690/1136/3 689/1137/3
f 693/1138/2 696/1139/2 695/1140/2
f 689/1141/12 694/1142/12 693/1143/12
f 689/992/4 695/891/4 691/993/4
f 694/1144/1 692/920/1 696/922/1
f 699/953/3 698/1145/3 697/954/3
f 701/1146/2 704/1147/2 703/1148/2
f 697/1149/12 702/1150/12 701/1151/12
f 697/949/4 703/1152/4 699/1153/4
f 702/1006/1 700/1154/1 704/1155/1
f 707/1156/3 706/1157/3 705/1158/3
f 709/1159/2 712/1160/2 711/1161/2
f 705/1162/12 710/1163/12 709/1164/12
f 705/1165/4 711/1166/4 707/951/4
f 710/1167/1 708/1168/1 712/1169/1
f 715/1170/3 714/1171/3 713/1172/3
f 717/1173/2 720/1174/2 719/1175/2
f 713/1176/12 718/1177/12 717/1178/12
f 713/1179/4 719/1180/4 715/1181/4
f 718/1181/1 716/991/1 720/1182/1
f 723/1183/3 722/1184/3 721/1185/3
f 725/1186/2 728/1187/2 727/1188/2
f 721/1189/12 726/1190/12 725/1191/12
f 721/1192/4 727/1193/4 723/1194/4
f 726/1091/1 724/1195/1 728/1090/1
f 731/1196/3 730/1197/3 729/1198/3
f 733/1199/2 736/1200/2 735/1201/2
f 729/1202/12 734/915/12 733/1112/12
f 729/1203/4 735/1204/4 731/1205/4
f 734/1206/1 732/1207/1 736/1208/1
f 739/942/3 738/1209/3 737/940/3
f 741/1210/2 744/1211/2 743/1212/2
f 737/1213/12 742/1214/12 741/1215/12
f 737/1216/4 743/1217/4 739/1218/4
f 742/1219/1 740/1220/1 744/1221/1
f 747/1222/3 746/1223/3 745/1224/3
f 749/1225/2 752/1226/2 751/1227/2
f 745/1228/12 750/1229/12 749/1230/12
f 745/1231/4 751/977/4 747/1232/4
f 750/1233/1 748/1234/1 752/1235/1
f 755/1093/3 754/1236/3 753/967/3
f 757/1237/2 760/1238/2 759/1239/2
f 753/914/12 758/870/12 757/1240/12
f 753/1241/4 759/1242/4 755/1243/4
f 758/1244/1 756/1245/1 760/1246/1
f 763/1247/3 762/1248/3 761/1249/3
f 765/1250/2 768/1251/2 767/1252/2
f 761/1253/12 766/1254/12 765/1255/12
f 761/1256/4 767/1257/4 763/1258/4
f 766/1259/1 764/1260/1 768/1261/1
f 771/1262/3 770/1263/3 769/1264/3
f 773/1265/2 776/1266/2 775/952/2
f 769/1267/12 774/1268/12 773/1269/12
f 769/1270/4 775/1271/4 771/1272/4
f 774/1273/1 772/1274/1 776/1275/1
f 782/1276/12 781/1277/12 779/1278/12
f 782/1279/1 784/1280/1 785/1281/1
f 801/1282/12 777/1283/12 782/1276/12
f 781/1284/4 780/1285/4 779/1286/4
f 797/1287/3 794/1288/3 805/1289/3
f 801/1282/12 779/1278/12 796/1290/12
f 779/1291/2 787/1292/2 778/1293/2
f 796/1290/12 778/1294/12 791/1295/12
f 804/1296/12 805/1297/12 806/1298/12
f 783/1299/12 789/1300/12 784/1301/12
f 777/1302/2 783/1303/2 782/1304/2
f 798/1305/12 799/1306/12 795/1307/12
f 794/1308/12 796/1290/12 791/1295/12
f 802/1309/1 799/1310/1 803/1311/1
f 801/1282/12 793/1312/12 792/1313/12
f 797/1314/4 798/1315/4 795/1316/4
f 786/1317/12 787/1318/12 780/1319/12
f 796/1290/12 799/1306/12 801/1282/12
f 800/1320/12 807/1321/12 808/1301/12
f 800/1322/3 793/1323/3 799/1324/3
f 810/1325/12 820/1326/12 814/1327/12
f 809/1328/12 818/1329/12 812/1330/12
f 810/1325/12 817/1331/12 816/1332/12
f 819/1333/12 809/1328/12 813/1334/12
f 814/1327/12 819/1333/12 813/1334/12
f 812/1330/12 843/1335/12 835/1336/12
f 811/1337/12 844/1338/12 817/1331/12
f 817/1339/91 822/1340/91 816/1341/91
f 825/1342/2 815/1343/2 819/1344/2
f 826/1345/2 819/1344/2 820/1346/2
f 818/1347/4 851/1348/4 843/1349/4
f 844/1350/92 823/1351/92 817/1339/92
f 822/1352/2 820/1346/2 816/1353/2
f 815/1354/4 824/1355/4 818/1347/4
f 814/1356/3 828/1357/3 810/1358/3
f 812/1359/1 827/1360/1 809/1361/1
f 810/1362/93 829/1363/93 811/1364/93
f 809/1365/3 831/1366/3 813/1367/3
f 813/1367/3 832/1368/3 814/1356/3
f 835/1369/1 830/1370/1 812/1359/1
f 811/1364/93 860/1371/93 836/1372/93
f 834/1373/12 848/1374/12 842/1375/12
f 846/1376/12 833/1377/12 838/1378/12
f 834/1373/12 845/1379/12 837/1380/12
f 833/1377/12 847/1381/12 839/1382/12
f 840/1383/12 847/1381/12 848/1374/12
f 843/1335/12 838/1378/12 835/1336/12
f 837/1380/12 844/1338/12 836/1384/12
f 850/1385/94 845/1386/94 842/1387/94
f 841/1388/3 855/1389/3 847/1390/3
f 847/1390/3 856/1391/3 848/1392/3
f 851/1348/4 846/1393/4 843/1349/4
f 853/1394/95 844/1350/95 845/1386/95
f 848/1392/3 850/1395/3 842/1396/3
f 854/1397/4 841/1398/4 846/1393/4
f 858/1399/2 840/1400/2 834/1401/2
f 857/1402/1 838/1403/1 833/1404/1
f 861/1405/96 834/1406/96 837/1407/96
f 863/1408/2 833/1409/2 839/1410/2
f 864/1411/2 839/1410/2 840/1400/2
f 862/1412/1 835/1369/1 838/1403/1
f 860/1371/96 837/1407/96 836/1372/96
f 866/1413/2 874/1414/2 873/1415/2
f 872/1416/3 876/1417/3 875/1418/3
f 870/1419/12 873/1420/12 876/1421/12
f 871/1422/4 865/1423/4 867/1424/4
f 868/1425/1 870/1426/1 872/1427/1
f 876/1417/3 878/1428/3 869/1429/3
f 875/1418/3 869/1429/3 871/1430/3
f 873/1415/2 867/1431/2 865/1432/2
f 877/1433/12 879/1434/12 878/1435/12
f 873/1436/1 877/1437/1 876/1438/1
f 865/1432/2 880/1439/2 873/1415/2
f 869/1440/4 879/1441/4 865/1423/4
f 882/1442/12 894/1443/12 886/1444/12
f 881/1445/12 892/1446/12 884/1447/12
f 882/1442/12 891/1448/12 890/1449/12
f 895/1450/12 888/1451/12 887/1452/12
f 886/1444/12 893/1453/12 885/1454/12
f 884/1447/12 925/1455/12 915/1456/12
f 896/1457/12 881/1445/12 888/1451/12
f 885/1454/12 895/1450/12 887/1452/12
f 883/1458/12 926/1459/12 891/1448/12
f 891/1460/91 898/1461/91 890/1462/91
f 903/1463/2 896/1464/2 895/1465/2
f 902/1466/2 893/1467/2 894/1468/2
f 892/1469/4 935/1470/4 925/1471/4
f 904/1472/2 889/1473/2 896/1464/2
f 901/1474/2 895/1465/2 893/1467/2
f 926/1475/92 899/1476/92 891/1460/92
f 898/1477/2 894/1468/2 890/1478/2
f 889/1479/4 900/1480/4 892/1469/4
f 886/1481/3 906/1482/3 882/1483/3
f 884/1484/1 905/1485/1 881/1486/1
f 882/1487/93 907/1488/93 883/1489/93
f 888/1490/3 911/1491/3 887/1492/3
f 885/1493/3 910/1494/3 886/1481/3
f 915/1495/1 908/1496/1 884/1484/1
f 881/1497/3 912/1498/3 888/1490/3
f 887/1492/3 909/1499/3 885/1493/3
f 883/1489/93 946/1500/93 916/1501/93
f 914/1502/12 930/1503/12 924/1504/12
f 928/1505/12 913/1506/12 918/1507/12
f 914/1502/12 927/1508/12 917/1509/12
f 922/1510/12 931/1511/12 921/1512/12
f 920/1513/12 929/1514/12 930/1503/12
f 925/1455/12 918/1507/12 915/1456/12
f 913/1506/12 932/1515/12 922/1510/12
f 919/1516/12 931/1511/12 929/1514/12
f 917/1509/12 926/1459/12 916/1517/12
f 934/1518/94 927/1519/94 924/1520/94
f 932/1521/3 941/1522/3 931/1523/3
f 929/1524/3 940/1525/3 930/1526/3
f 935/1470/4 928/1527/4 925/1471/4
f 923/1528/3 942/1529/3 932/1521/3
f 931/1523/3 939/1530/3 929/1524/3
f 937/1531/95 926/1475/95 927/1519/95
f 930/1526/3 934/1532/3 924/1533/3
f 938/1534/4 923/1535/4 928/1527/4
f 944/1536/2 920/1537/2 914/1538/2
f 943/1539/1 918/1540/1 913/1541/1
f 947/1542/96 914/1543/96 917/1544/96
f 951/1545/2 922/1546/2 921/1547/2
f 950/1548/2 919/1549/2 920/1537/2
f 948/1550/1 915/1495/1 918/1540/1
f 952/1551/2 913/1552/2 922/1546/2
f 949/1553/2 921/1547/2 919/1549/2
f 946/1500/96 917/1544/96 916/1501/96
f 960/1554/12 959/1555/12 955/1556/12
f 973/1557/2 968/1558/2 954/1559/2
f 960/1560/1 963/1561/1 964/1562/1
f 988/1563/12 953/1564/12 960/1554/12
f 959/1565/4 958/1566/4 955/1567/4
f 974/1568/4 961/1569/4 973/1570/4
f 982/1571/12 969/1572/12 993/1573/12
f 969/1574/1 967/1575/1 965/1576/1
f 988/1563/12 955/1556/12 982/1571/12
f 993/1573/12 973/1577/12 998/1578/12
f 969/1572/12 974/1579/12 973/1577/12
f 955/1580/2 957/1581/2 969/1582/2
f 961/1583/12 970/1584/12 968/1585/12
f 962/1586/12 971/1587/12 963/1588/12
f 958/1589/12 967/1590/12 957/1591/12
f 953/1592/2 962/1593/2 960/1594/2
f 998/1578/12 954/1595/12 975/1596/12
f 984/1597/12 985/1598/12 979/1599/12
f 995/1600/3 1001/1601/3 978/1602/3
f 989/1603/1 985/1604/1 990/1605/1
f 988/1563/12 977/1606/12 976/1607/12
f 983/1608/4 984/1609/4 979/1610/4
f 986/1611/4 1002/1612/4 1001/1613/4
f 996/1614/12 982/1571/12 993/1573/12
f 994/1615/1 996/1616/1 991/1617/1
f 979/1599/12 988/1563/12 982/1571/12
f 1001/1618/12 993/1573/12 998/1578/12
f 1002/1619/12 996/1614/12 1001/1618/12
f 981/1538/3 979/1620/3 996/1621/3
f 997/1622/12 986/1623/12 995/1624/12
f 987/1625/12 999/1626/12 1000/1627/12
f 994/1628/12 983/1629/12 981/1630/12
f 987/1631/3 977/1632/3 985/1633/3
f 978/1634/12 998/1578/12 975/1596/12
f 1004/1635/2 1012/1636/2 1011/1637/2
f 1010/1638/3 1014/1639/3 1013/1640/3
f 1008/1641/12 1011/1642/12 1014/1643/12
f 1009/1644/4 1003/1645/4 1005/1646/4
f 1006/1647/1 1008/1648/1 1010/1649/1
f 1014/1639/3 1016/1650/3 1007/1651/3
f 1013/1640/3 1007/1651/3 1009/1652/3
f 1011/1637/2 1005/1653/2 1003/1654/2
f 1015/1648/12 1017/1655/12 1016/1656/12
f 1011/1657/1 1015/1658/1 1014/1659/1
f 1003/1654/2 1018/1660/2 1011/1637/2
f 1007/1661/4 1017/1662/4 1003/1645/4
f 1024/1663/12 1023/1664/12 1021/1665/12
f 1024/1666/1 1026/1667/1 1027/1668/1
f 1043/1669/12 1019/1670/12 1024/1663/12
f 1023/1671/4 1022/1672/4 1021/1673/4
f 1039/1674/3 1036/1675/3 1047/1676/3
f 1043/1669/12 1021/1665/12 1038/1677/12
f 1021/1678/2 1029/1289/2 1020/1288/2
f 1038/1677/12 1020/1679/12 1033/1680/12
f 1046/1681/12 1047/1682/12 1048/1683/12
f 1025/1684/12 1031/1685/12 1026/1686/12
f 1019/1687/2 1025/1688/2 1024/1689/2
f 1040/1690/12 1041/1691/12 1037/1692/12
f 1036/1693/12 1038/1677/12 1033/1680/12
f 1044/1694/1 1041/1303/1 1045/1695/1
f 1043/1669/12 1035/1696/12 1034/1697/12
f 1039/1698/4 1040/1699/4 1037/1700/4
f 1028/1701/12 1029/1702/12 1022/1703/12
f 1038/1677/12 1041/1691/12 1043/1669/12
f 1042/1704/12 1049/1705/12 1050/1706/12
f 1042/1707/3 1035/1708/3 1041/1709/3
f 1052/1710/12 1062/1711/12 1056/1712/12
f 1051/1713/12 1060/1714/12 1054/1715/12
f 1052/1710/12 1059/1716/12 1058/1717/12
f 1061/1718/12 1051/1713/12 1055/1719/12
f 1056/1712/12 1061/1718/12 1055/1719/12
f 1054/1715/12 1085/1720/12 1077/1721/12
f 1053/1722/12 1086/1723/12 1059/1716/12
f 1059/1724/91 1064/1725/91 1058/1726/91
f 1067/1727/2 1057/1728/2 1061/1729/2
f 1068/1730/2 1061/1729/2 1062/1731/2
f 1060/1732/4 1093/1733/4 1085/1734/4
f 1086/1735/92 1065/1736/92 1059/1724/92
f 1064/1737/2 1062/1731/2 1058/1738/2
f 1057/1739/4 1066/1740/4 1060/1732/4
f 1056/1741/3 1070/1742/3 1052/1743/3
f 1054/1744/1 1069/1745/1 1051/1746/1
f 1052/1747/93 1071/1748/93 1053/1749/93
f 1051/1750/3 1073/1751/3 1055/1752/3
f 1055/1752/3 1074/1753/3 1056/1741/3
f 1077/1754/1 1072/1755/1 1054/1744/1
f 1053/1749/93 1102/1756/93 1078/1757/93
f 1076/1758/12 1090/1759/12 1084/1760/12
f 1088/1761/12 1075/1762/12 1080/1763/12
f 1076/1758/12 1087/1764/12 1079/1765/12
f 1075/1762/12 1089/1766/12 1081/1767/12
f 1082/1768/12 1089/1766/12 1090/1759/12
f 1085/1720/12 1080/1763/12 1077/1721/12
f 1079/1765/12 1086/1723/12 1078/1769/12
f 1092/1770/94 1087/1771/94 1084/1772/94
f 1083/1773/3 1097/1774/3 1089/1775/3
f 1089/1775/3 1098/1776/3 1090/1777/3
f 1093/1733/4 1088/1778/4 1085/1734/4
f 1095/1779/95 1086/1735/95 1087/1771/95
f 1090/1777/3 1092/1780/3 1084/1781/3
f 1096/1782/4 1083/1783/4 1088/1778/4
f 1100/1784/2 1082/1785/2 1076/1786/2
f 1099/1787/1 1080/1788/1 1075/1789/1
f 1103/1790/96 1076/1791/96 1079/1792/96
f 1105/1793/2 1075/1794/2 1081/1795/2
f 1106/1796/2 1081/1795/2 1082/1785/2
f 1104/1797/1 1077/1754/1 1080/1788/1
f 1102/1756/96 1079/1792/96 1078/1757/96
f 1108/1798/2 1116/1799/2 1115/1800/2
f 1114/1801/3 1118/1802/3 1117/1803/3
f 1112/1804/12 1115/1805/12 1118/1806/12
f 1113/1807/4 1107/1808/4 1109/1809/4
f 1110/1810/1 1112/1811/1 1114/1812/1
f 1118/1802/3 1120/1813/3 1111/1814/3
f 1117/1803/3 1111/1814/3 1113/1815/3
f 1115/1800/2 1109/1816/2 1107/1817/2
f 1119/1818/12 1121/1819/12 1120/1820/12
f 1115/1821/1 1119/1822/1 1118/1823/1
f 1107/1817/2 1122/1824/2 1115/1800/2
f 1111/1825/4 1121/1826/4 1107/1808/4
f 1124/1827/12 1136/1828/12 1128/1829/12
f 1123/1830/12 1134/1831/12 1126/1832/12
f 1124/1827/12 1133/1833/12 1132/1834/12
f 1137/1835/12 1130/1836/12 1129/1837/12
f 1128/1829/12 1135/1838/12 1127/1839/12
f 1126/1832/12 1167/1840/12 1157/1841/12
f 1138/1842/12 1123/1830/12 1130/1836/12
f 1127/1839/12 1137/1835/12 1129/1837/12
f 1125/1843/12 1168/1844/12 1133/1833/12
f 1133/1845/91 1140/1846/91 1132/1847/91
f 1145/1848/2 1138/1849/2 1137/1850/2
f 1144/1851/2 1135/1852/2 1136/1853/2
f 1134/1854/4 1177/1855/4 1167/1856/4
f 1146/1857/2 1131/1858/2 1138/1849/2
f 1143/1859/2 1137/1850/2 1135/1852/2
f 1168/1860/92 1141/1861/92 1133/1845/92
f 1140/1862/2 1136/1853/2 1132/1863/2
f 1131/1864/4 1142/1865/4 1134/1854/4
f 1128/1866/3 1148/1867/3 1124/1868/3
f 1126/1869/1 1147/1870/1 1123/1871/1
f 1124/1872/93 1149/1873/93 1125/1874/93
f 1130/1875/3 1153/1876/3 1129/1877/3
f 1127/1878/3 1152/1879/3 1128/1866/3
f 1157/1880/1 1150/1881/1 1126/1869/1
f 1123/1882/3 1154/1883/3 1130/1875/3
f 1129/1877/3 1151/1884/3 1127/1878/3
f 1125/1874/93 1188/1885/93 1158/1886/93
f 1156/1887/12 1172/1888/12 1166/1889/12
f 1170/1890/12 1155/1891/12 1160/1892/12
f 1156/1887/12 1169/1893/12 1159/1894/12
f 1164/1895/12 1173/1896/12 1163/1897/12
f 1162/1898/12 1171/1899/12 1172/1888/12
f 1167/1840/12 1160/1892/12 1157/1841/12
f 1155/1891/12 1174/1900/12 1164/1895/12
f 1161/1901/12 1173/1896/12 1171/1899/12
f 1159/1894/12 1168/1844/12 1158/1902/12
f 1176/1903/94 1169/1904/94 1166/1905/94
f 1174/1906/3 1183/1907/3 1173/1908/3
f 1171/1909/3 1182/1910/3 1172/1911/3
f 1177/1855/4 1170/1912/4 1167/1856/4
f 1165/1913/3 1184/1914/3 1174/1906/3
f 1173/1908/3 1181/1915/3 1171/1909/3
f 1179/1916/95 1168/1860/95 1169/1904/95
f 1172/1911/3 1176/1917/3 1166/1918/3
f 1180/1919/4 1165/1920/4 1170/1912/4
f 1186/1921/2 1162/1922/2 1156/1923/2
f 1185/1924/1 1160/1925/1 1155/1926/1
f 1189/1927/96 1156/1928/96 1159/1929/96
f 1193/1930/2 1164/1931/2 1163/1932/2
f 1192/1933/2 1161/1934/2 1162/1922/2
f 1190/1935/1 1157/1880/1 1160/1925/1
f 1194/1936/2 1155/1937/2 1164/1931/2
f 1191/1938/2 1163/1932/2 1161/1934/2
f 1188/1885/96 1159/1929/96 1158/1886/96
f 1202/1939/12 1201/1940/12 1197/1941/12
f 1215/1942/2 1210/1943/2 1196/1580/2
f 1202/1944/1 1205/1945/1 1206/1946/1
f 1230/1947/12 1195/1948/12 1202/1939/12
f 1201/1949/4 1200/1950/4 1197/1951/4
f 1216/1952/4 1203/1570/4 1215/1569/4
f 1224/1953/12 1211/1954/12 1235/1955/12
f 1211/1956/1 1209/1957/1 1207/1958/1
f 1230/1947/12 1197/1941/12 1224/1953/12
f 1235/1955/12 1215/1959/12 1240/1960/12
f 1211/1954/12 1216/1961/12 1215/1959/12
f 1197/1962/2 1199/1963/2 1211/1964/2
f 1203/1965/12 1212/1966/12 1210/1967/12
f 1204/1968/12 1213/1969/12 1205/1970/12
f 1200/1971/12 1209/1702/12 1199/1972/12
f 1195/1973/2 1204/1974/2 1202/1975/2
f 1240/1960/12 1196/1976/12 1217/1977/12
f 1226/1978/12 1227/1979/12 1221/1980/12
f 1237/1981/3 1243/1982/3 1220/1983/3
f 1231/1984/1 1227/1566/1 1232/1985/1
f 1230/1947/12 1219/1986/12 1218/1987/12
f 1225/1988/4 1226/1989/4 1221/1990/4
f 1228/1991/4 1244/1992/4 1243/1993/4
f 1238/1994/12 1224/1953/12 1235/1955/12
f 1236/1995/1 1238/1996/1 1233/1997/1
f 1221/1980/12 1230/1947/12 1224/1953/12
f 1243/1998/12 1235/1955/12 1240/1960/12
f 1244/1999/12 1238/1994/12 1243/1998/12
f 1223/2000/3 1221/2001/3 1238/2002/3
f 1239/2003/12 1228/2004/12 1237/2005/12
f 1229/2006/12 1241/2007/12 1242/2008/12
f 1236/2009/12 1225/2010/12 1223/2011/12
f 1229/2012/3 1219/2013/3 1227/2014/3
f 1220/2015/12 1240/1960/12 1217/1977/12
f 1246/2016/2 1254/2017/2 1253/2018/2
f 1252/2019/3 1256/2020/3 1255/2021/3
f 1250/2022/12 1253/2023/12 1256/2024/12
f 1251/2025/4 1245/2026/4 1247/2027/4
f 1248/2028/1 1250/2029/1 1252/2030/1
f 1256/2020/3 1258/2031/3 1249/2032/3
f 1255/2021/3 1249/2032/3 1251/2033/3
f 1253/2018/2 1247/2034/2 1245/2035/2
f 1257/2036/12 1259/2037/12 1258/2038/12
f 1253/2039/1 1257/2040/1 1256/2041/1
f 1245/2035/2 1260/2042/2 1253/2018/2
f 1249/2043/4 1259/2044/4 1245/2026/4
f 1266/2045/12 1265/2046/12 1263/2047/12
f 1266/2048/1 1268/2049/1 1269/2050/1
f 1285/2051/12 1261/2052/12 1266/2045/12
f 1265/2053/4 1264/2054/4 1263/2055/4
f 1281/2056/3 1278/2057/3 1289/1674/3
f 1285/2051/12 1263/2047/12 1280/2058/12
f 1263/1293/2 1271/2059/2 1262/1678/2
f 1280/2058/12 1262/2060/12 1275/2061/12
f 1288/2062/12 1289/2063/12 1290/2064/12
f 1267/2065/12 1273/2066/12 1268/2067/12
f 1261/2068/2 1267/2069/2 1266/2070/2
f 1282/2071/12 1283/2072/12 1279/2073/12
f 1278/2074/12 1280/2058/12 1275/2061/12
f 1286/1689/1 1283/2075/1 1287/2076/1
f 1285/2051/12 1277/2077/12 1276/2078/12
f 1281/2079/4 1282/2080/4 1279/2081/4
f 1270/2082/12 1271/2083/12 1264/2084/12
f 1280/2058/12 1283/2072/12 1285/2051/12
f 1284/2085/12 1291/2086/12 1292/2087/12
f 1284/2088/3 1277/2089/3 1283/2090/3
f 1294/2091/12 1304/2092/12 1298/2093/12
f 1293/2094/12 1302/2095/12 1296/2096/12
f 1294/2091/12 1301/2097/12 1300/2098/12
f 1303/2099/12 1293/2094/12 1297/2100/12
f 1298/2093/12 1303/2099/12 1297/2100/12
f 1296/2096/12 1327/2101/12 1319/2102/12
f 1295/2103/12 1328/2104/12 1301/2097/12
f 1301/2105/91 1306/2106/91 1300/2107/91
f 1309/2108/2 1299/1520/2 1303/2109/2
f 1310/2110/2 1303/2109/2 1304/2111/2
f 1302/2112/4 1335/2113/4 1327/2114/4
f 1328/2115/92 1307/2116/92 1301/2105/92
f 1306/2117/2 1304/2111/2 1300/2118/2
f 1299/1781/4 1308/2119/4 1302/2112/4
f 1298/2120/3 1312/2121/3 1294/2122/3
f 1296/2123/1 1311/2124/1 1293/2125/1
f 1294/2126/93 1313/2127/93 1295/2128/93
f 1293/2129/3 1315/2130/3 1297/2131/3
f 1297/2131/3 1316/2132/3 1298/2120/3
f 1319/2133/1 1314/2134/1 1296/2123/1
f 1295/2128/93 1344/2135/93 1320/2136/93
f 1318/2137/12 1332/2138/12 1326/2139/12
f 1330/2140/12 1317/2141/12 1322/2142/12
f 1318/2137/12 1329/2143/12 1321/2144/12
f 1317/2141/12 1331/2145/12 1323/2146/12
f 1324/2147/12 1331/2145/12 1332/2138/12
f 1327/2101/12 1322/2142/12 1319/2102/12
f 1321/2144/12 1328/2104/12 1320/2148/12
f 1334/2149/94 1329/2150/94 1326/2151/94
f 1325/2152/3 1339/2153/3 1331/2154/3
f 1331/2154/3 1340/2155/3 1332/2156/3
f 1335/2113/4 1330/2157/4 1327/2114/4
f 1337/2158/95 1328/2115/95 1329/2150/95
f 1332/2156/3 1334/2159/3 1326/2160/3
f 1338/2161/4 1325/2162/4 1330/2157/4
f 1342/2163/2 1324/2164/2 1318/2165/2
f 1341/2166/1 1322/2167/1 1317/2168/1
f 1345/2169/96 1318/2121/96 1321/2170/96
f 1347/2171/2 1317/2172/2 1323/2173/2
f 1348/2174/2 1323/2173/2 1324/2164/2
f 1346/2175/1 1319/2133/1 1322/2167/1
f 1344/2135/96 1321/2170/96 1320/2136/96
f 1350/2176/2 1358/2177/2 1357/2178/2
f 1356/2179/3 1360/2180/3 1359/2181/3
f 1354/2182/12 1357/2183/12 1360/2184/12
f 1355/1646/4 1349/2185/4 1351/1644/4
f 1352/2186/1 1354/2187/1 1356/2188/1
f 1360/2180/3 1362/2189/3 1353/2190/3
f 1359/2181/3 1353/2190/3 1355/2191/3
f 1357/2178/2 1351/2192/2 1349/2193/2
f 1361/2194/12 1363/2195/12 1362/2196/12
f 1357/2197/1 1361/2198/1 1360/2199/1
f 1349/2193/2 1364/2200/2 1357/2178/2
f 1353/2201/4 1363/2027/4 1349/2185/4
f 1366/2202/12 1378/2203/12 1370/2204/12
f 1365/2205/12 1376/2206/12 1368/2207/12
f 1366/2202/12 1375/2208/12 1374/2209/12
f 1379/2210/12 1372/2211/12 1371/2212/12
f 1370/2204/12 1377/2213/12 1369/2214/12
f 1368/2207/12 1409/2215/12 1399/2216/12
f 1380/2217/12 1365/2205/12 1372/2211/12
f 1369/2214/12 1379/2210/12 1371/2212/12
f 1367/2218/12 1410/2219/12 1375/2208/12
f 1375/2220/91 1382/2221/91 1374/2222/91
f 1387/2223/2 1380/2224/2 1379/2225/2
f 1386/2226/2 1377/2227/2 1378/2228/2
f 1376/2229/4 1419/2230/4 1409/2231/4
f 1388/2232/2 1373/2233/2 1380/2224/2
f 1385/2234/2 1379/2225/2 1377/2227/2
f 1410/2235/92 1383/2236/92 1375/2220/92
f 1382/2237/2 1378/2228/2 1374/2238/2
f 1373/2239/4 1384/2240/4 1376/2229/4
f 1370/2241/3 1390/2242/3 1366/2243/3
f 1368/2244/1 1389/2245/1 1365/2246/1
f 1366/2247/93 1391/2248/93 1367/2249/93
f 1372/2250/3 1395/2251/3 1371/2252/3
f 1369/2253/3 1394/2254/3 1370/2241/3
f 1399/2255/1 1392/2256/1 1368/2244/1
f 1365/2257/3 1396/2258/3 1372/2250/3
f 1371/2252/3 1393/2259/3 1369/2253/3
f 1367/2249/93 1430/2260/93 1400/2261/93
f 1398/2262/12 1414/2263/12 1408/2264/12
f 1412/2265/12 1397/2266/12 1402/2267/12
f 1398/2262/12 1411/2268/12 1401/2269/12
f 1406/2270/12 1415/2271/12 1405/2272/12
f 1404/2273/12 1413/2274/12 1414/2263/12
f 1409/2215/12 1402/2267/12 1399/2216/12
f 1397/2266/12 1416/2275/12 1406/2270/12
f 1403/2276/12 1415/2271/12 1413/2274/12
f 1401/2269/12 1410/2219/12 1400/2277/12
f 1418/2278/94 1411/2279/94 1408/2280/94
f 1416/2281/3 1425/2282/3 1415/2283/3
f 1413/2284/3 1424/2285/3 1414/2286/3
f 1419/2230/4 1412/2287/4 1409/2231/4
f 1407/2288/3 1426/2289/3 1416/2281/3
f 1415/2283/3 1423/2290/3 1413/2284/3
f 1421/2291/95 1410/2235/95 1411/2279/95
f 1414/2286/3 1418/2292/3 1408/2293/3
f 1422/2294/4 1407/2295/4 1412/2287/4
f 1428/2296/2 1404/2297/2 1398/2298/2
f 1427/2299/1 1402/2300/1 1397/2301/1
f 1431/2302/96 1398/2303/96 1401/2304/96
f 1435/2305/2 1406/2306/2 1405/2307/2
f 1434/2308/2 1403/2309/2 1404/2297/2
f 1432/2310/1 1399/2255/1 1402/2300/1
f 1436/2311/2 1397/2312/2 1406/2306/2
f 1433/2313/2 1405/2307/2 1403/2309/2
f 1430/2260/96 1401/2304/96 1400/2261/96
f 1444/2314/12 1443/2315/12 1439/2316/12
f 1457/2317/2 1452/2318/2 1438/2319/2
f 1444/2320/1 1447/2321/1 1448/2322/1
f 1472/2323/12 1437/2324/12 1444/2314/12
f 1443/2325/4 1442/2326/4 1439/2327/4
f 1458/2328/4 1445/2329/4 1457/2330/4
f 1466/2331/12 1453/2332/12 1477/2333/12
f 1453/2334/1 1451/2335/1 1449/2336/1
f 1472/2323/12 1439/2316/12 1466/2331/12
f 1477/2333/12 1457/2337/12 1482/2338/12
f 1453/2332/12 1458/2339/12 1457/2337/12
f 1439/2340/2 1441/2341/2 1453/1963/2
f 1445/2342/12 1454/2343/12 1452/2344/12
f 1446/2345/12 1455/2346/12 1447/2347/12
f 1442/1298/12 1451/2348/12 1441/2349/12
f 1437/2350/2 1446/2351/2 1444/2352/2
f 1482/2338/12 1438/2353/12 1459/2354/12
f 1468/2355/12 1469/2356/12 1463/2357/12
f 1479/2358/3 1485/2359/3 1462/2360/3
f 1473/2361/1 1469/2362/1 1474/2363/1
f 1472/2323/12 1461/2364/12 1460/2365/12
f 1467/2366/4 1468/2367/4 1463/2368/4
f 1470/2369/4 1486/2370/4 1485/2371/4
f 1480/2372/12 1466/2331/12 1477/2333/12
f 1478/2373/1 1480/2374/1 1475/2375/1
f 1463/2357/12 1472/2323/12 1466/2331/12
f 1485/2376/12 1477/2333/12 1482/2338/12
f 1486/2377/12 1480/2372/12 1485/2376/12
f 1465/2378/3 1463/2379/3 1480/2380/3
f 1481/2381/12 1470/2382/12 1479/2383/12
f 1471/2384/12 1483/2385/12 1484/1686/12
f 1478/2386/12 1467/2387/12 1465/2388/12
f 1471/2389/3 1461/2390/3 1469/2391/3
f 1462/2392/12 1482/2338/12 1459/2354/12
f 1488/2393/2 1496/2394/2 1495/2395/2
f 1494/2396/3 1498/2397/3 1497/2398/3
f 1492/2399/12 1495/2400/12 1498/2401/12
f 1493/2402/4 1487/2403/4 1489/2404/4
f 1490/2405/1 1492/2406/1 1494/2407/1
f 1498/2397/3 1500/2408/3 1491/2409/3
f 1497/2398/3 1491/2409/3 1493/2410/3
f 1495/2395/2 1489/2411/2 1487/2412/2
f 1499/2413/12 1501/2414/12 1500/2415/12
f 1495/2416/1 1499/2417/1 1498/2418/1
f 1487/2412/2 1502/2419/2 1495/2395/2
f 1491/2420/4 1501/2421/4 1487/2403/4
f 1504/2422/12 1516/2423/12 1508/2424/12
f 1503/2425/12 1514/2426/12 1506/2427/12
f 1504/2422/12 1513/2428/12 1512/2429/12
f 1517/2430/12 1510/2431/12 1509/2432/12
f 1508/2424/12 1515/2433/12 1507/2434/12
f 1506/2427/12 1547/2435/12 1537/2436/12
f 1518/2437/12 1503/2425/12 1510/2431/12
f 1507/2434/12 1517/2430/12 1509/2432/12
f 1505/2438/12 1548/2439/12 1513/2428/12
f 1513/2440/91 1520/2441/91 1512/2442/91
f 1525/2443/2 1518/2444/2 1517/2445/2
f 1524/2446/2 1515/2447/2 1516/2448/2
f 1514/2449/4 1557/2450/4 1547/2451/4
f 1526/2452/2 1511/2453/2 1518/2444/2
f 1523/2454/2 1517/2445/2 1515/2447/2
f 1548/2455/92 1521/2456/92 1513/2440/92
f 1520/2457/2 1516/2448/2 1512/2458/2
f 1511/2459/4 1522/2460/4 1514/2449/4
f 1508/2461/3 1528/2462/3 1504/2463/3
f 1506/2464/1 1527/2465/1 1503/2466/1
f 1504/2467/93 1529/2468/93 1505/2469/93
f 1510/2470/3 1533/2471/3 1509/2472/3
f 1507/2473/3 1532/2474/3 1508/2461/3
f 1537/2475/1 1530/2476/1 1506/2464/1
f 1503/2477/3 1534/2478/3 1510/2470/3
f 1509/2472/3 1531/2479/3 1507/2473/3
f 1505/2469/93 1568/2480/93 1538/2481/93
f 1536/2482/12 1552/2483/12 1546/2484/12
f 1550/2485/12 1535/2486/12 1540/2487/12
f 1536/2482/12 1549/2488/12 1539/2489/12
f 1544/2490/12 1553/2491/12 1543/2492/12
f 1542/2493/12 1551/2494/12 1552/2483/12
f 1547/2435/12 1540/2487/12 1537/2436/12
f 1535/2486/12 1554/2495/12 1544/2490/12
f 1541/2496/12 1553/2491/12 1551/2494/12
f 1539/2489/12 1548/2439/12 1538/2497/12
f 1556/2498/94 1549/2499/94 1546/2500/94
f 1554/2501/3 1563/2502/3 1553/2503/3
f 1551/2504/3 1562/2505/3 1552/2506/3
f 1557/2450/4 1550/2507/4 1547/2451/4
f 1545/2508/3 1564/2509/3 1554/2501/3
f 1553/2503/3 1561/2510/3 1551/2504/3
f 1559/2511/95 1548/2455/95 1549/2499/95
f 1552/2506/3 1556/2512/3 1546/2513/3
f 1560/2514/4 1545/2515/4 1550/2507/4
f 1566/2516/2 1542/2517/2 1536/2518/2
f 1565/2519/1 1540/2520/1 1535/2521/1
f 1569/2522/96 1536/2523/96 1539/2524/96
f 1573/2525/2 1544/2526/2 1543/2527/2
f 1572/2528/2 1541/2529/2 1542/2517/2
f 1570/2530/1 1537/2475/1 1540/2520/1
f 1574/2531/2 1535/2532/2 1544/2526/2
f 1571/2533/2 1543/2527/2 1541/2529/2
f 1568/2480/96 1539/2524/96 1538/2481/96
f 1582/2534/12 1581/2535/12 1577/2536/12
f 1595/2537/2 1590/2538/2 1576/2539/2
f 1582/2374/1 1585/1991/1 1586/1993/1
f 1610/2540/12 1575/2541/12 1582/2534/12
f 1581/2542/4 1580/2543/4 1577/2544/4
f 1596/2545/4 1583/2546/4 1595/2547/4
f 1604/2548/12 1591/2549/12 1615/2550/12
f 1591/2551/1 1589/2552/1 1587/2553/1
f 1610/2540/12 1577/2536/12 1604/2548/12
f 1615/2550/12 1595/2554/12 1620/2555/12
f 1591/2549/12 1596/2556/12 1595/2554/12
f 1577/2557/2 1579/2558/2 1591/2559/2
f 1583/2560/12 1592/2561/12 1590/2562/12
f 1584/2563/12 1593/2564/12 1585/2565/12
f 1580/2566/12 1589/2567/12 1579/2568/12
f 1575/2569/2 1584/2570/2 1582/2571/2
f 1620/2555/12 1576/2572/12 1597/2573/12
f 1606/2574/12 1607/2575/12 1601/2576/12
f 1617/2577/3 1623/2578/3 1600/2579/3
f 1611/2375/1 1607/2351/1 1612/2373/1
f 1610/2540/12 1599/2580/12 1598/2581/12
f 1605/2321/4 1606/2582/4 1601/2322/4
f 1608/2583/4 1624/2584/4 1623/2585/4
f 1618/2586/12 1604/2548/12 1615/2550/12
f 1616/2587/1 1618/2588/1 1613/2589/1
f 1601/2576/12 1610/2540/12 1604/2548/12
f 1623/2590/12 1615/2550/12 1620/2555/12
f 1624/2591/12 1618/2586/12 1623/2590/12
f 1603/2592/3 1601/2593/3 1618/2594/3
f 1619/2595/12 1608/2596/12 1617/2597/12
f 1609/2598/12 1621/2599/12 1622/2600/12
f 1616/2601/12 1605/2602/12 1603/2603/12
f 1609/2604/3 1599/2605/3 1607/2606/3
f 1600/2607/12 1620/2555/12 1597/2573/12
f 1626/2608/2 1634/2609/2 1633/2610/2
f 1632/2611/3 1636/2612/3 1635/2613/3
f 1630/2614/12 1633/2615/12 1636/2616/12
f 1631/2617/4 1625/2618/4 1627/2619/4
f 1628/2620/1 1630/2621/1 1632/2622/1
f 1636/2612/3 1638/2623/3 1629/2624/3
f 1635/2613/3 1629/2624/3 1631/2625/3
f 1633/2610/2 1627/2626/2 1625/2627/2
f 1637/2628/12 1639/2629/12 1638/2630/12
f 1633/2631/1 1637/2632/1 1636/2633/1
f 1625/2627/2 1640/2634/2 1633/2610/2
f 1629/2635/4 1639/2636/4 1625/2618/4
f 1645/2637/12 1646/2638/12 1643/2639/12
f 1648/2640/1 1646/2641/1 1649/2642/1
f 1665/2643/12 1641/2644/12 1656/2645/12
f 1644/2646/4 1645/2647/4 1643/2648/4
f 1658/2649/2 1661/2650/2 1669/2651/2
f 1643/2639/12 1665/2643/12 1660/2652/12
f 1651/2653/3 1643/1675/3 1642/2654/3
f 1642/2655/12 1660/2652/12 1655/2656/12
f 1669/1319/12 1668/2657/12 1670/2658/12
f 1647/2659/12 1653/2660/12 1654/2661/12
f 1647/2662/3 1641/2663/3 1646/2664/3
f 1663/2665/12 1662/2666/12 1659/2667/12
f 1660/2652/12 1658/2668/12 1655/2656/12
f 1663/1707/1 1666/2669/1 1667/2670/1
f 1665/2643/12 1657/2671/12 1663/2665/12
f 1662/2672/4 1661/2673/4 1659/2674/4
f 1651/2675/12 1650/1318/12 1644/2676/12
f 1660/2652/12 1663/2665/12 1659/2667/12
f 1664/2677/12 1671/2678/12 1666/2661/12
f 1657/2679/2 1664/2680/2 1663/2681/2
f 1674/2682/12 1684/2683/12 1680/2684/12
f 1682/2685/12 1673/2686/12 1676/2687/12
f 1674/2682/12 1681/2688/12 1675/2689/12
f 1673/2686/12 1683/2690/12 1677/2691/12
f 1678/2692/12 1683/2690/12 1684/2683/12
f 1707/2693/12 1676/2687/12 1699/2694/12
f 1675/2689/12 1708/2695/12 1700/2696/12
f 1686/2697/94 1681/2698/94 1680/2699/94
f 1679/2700/3 1689/2701/3 1683/2702/3
f 1683/2702/3 1690/2703/3 1684/2704/3
f 1715/2705/4 1682/2706/4 1707/2707/4
f 1687/2708/95 1708/2709/95 1681/2698/95
f 1684/2704/3 1686/2710/3 1680/2711/3
f 1688/2712/4 1679/2713/4 1682/2706/4
f 1692/2521/2 1678/2714/2 1674/2715/2
f 1691/2716/1 1676/2717/1 1673/2718/1
f 1693/2719/96 1674/2720/96 1675/2721/96
f 1695/2722/2 1673/2723/2 1677/2724/2
f 1696/2725/2 1677/2724/2 1678/2714/2
f 1694/2726/1 1699/2727/1 1676/2717/1
f 1724/2728/96 1675/2721/96 1700/2729/96
f 1698/2730/12 1712/2731/12 1704/2732/12
f 1697/2733/12 1710/2734/12 1702/2735/12
f 1698/2730/12 1709/2736/12 1706/2737/12
f 1711/2738/12 1697/2733/12 1703/2739/12
f 1704/2732/12 1711/2738/12 1703/2739/12
f 1702/2735/12 1707/2693/12 1699/2694/12
f 1701/2740/12 1708/2695/12 1709/2736/12
f 1709/2741/91 1714/2742/91 1706/2743/91
f 1719/2744/2 1705/2745/2 1711/2746/2
f 1720/2747/2 1711/2746/2 1712/2748/2
f 1710/2749/4 1715/2705/4 1707/2707/4
f 1708/2709/92 1717/2750/92 1709/2741/92
f 1714/2751/2 1712/2748/2 1706/2752/2
f 1705/2753/4 1718/2754/4 1710/2749/4
f 1704/2755/3 1722/2756/3 1698/2757/3
f 1702/2758/1 1721/2759/1 1697/2760/1
f 1698/2761/93 1725/2762/93 1701/2763/93
f 1697/2764/3 1727/2765/3 1703/2766/3
f 1703/2766/3 1728/2767/3 1704/2755/3
f 1699/2727/1 1726/2768/1 1702/2758/1
f 1701/2763/93 1724/2728/93 1700/2729/93
f 1738/2769/3 1730/2770/3 1737/2771/3
f 1740/2772/2 1736/2773/2 1739/2774/2
f 1737/2775/12 1734/2776/12 1740/2777/12
f 1729/2778/4 1735/2779/4 1731/2780/4
f 1734/2781/1 1732/2782/1 1736/2783/1
f 1742/2784/2 1740/2772/2 1733/2785/2
f 1733/2785/2 1739/2774/2 1735/2786/2
f 1731/2787/3 1737/2771/3 1729/2788/3
f 1743/2195/12 1741/2789/12 1742/2790/12
f 1741/2791/1 1737/2039/1 1740/2792/1
f 1744/2793/3 1729/2788/3 1737/2771/3
f 1743/2794/4 1733/2795/4 1729/2778/4
f 1746/2796/12 1758/2797/12 1754/2798/12
f 1756/2095/12 1745/2799/12 1748/2800/12
f 1746/2796/12 1755/2801/12 1747/2802/12
f 1752/2803/12 1759/2804/12 1751/2805/12
f 1750/2806/12 1757/2807/12 1758/2797/12
f 1789/2101/12 1748/2800/12 1779/2808/12
f 1745/2799/12 1760/2809/12 1752/2803/12
f 1749/2810/12 1759/2804/12 1757/2807/12
f 1747/2802/12 1790/2811/12 1780/2812/12
f 1762/2813/94 1755/2814/94 1754/2815/94
f 1760/2816/3 1767/2817/3 1759/2818/3
f 1757/2819/3 1766/2820/3 1758/2821/3
f 1799/2822/4 1756/2823/4 1789/2824/4
f 1753/2825/3 1768/2826/3 1760/2816/3
f 1759/2818/3 1765/2827/3 1757/2819/3
f 1763/2828/95 1790/2829/95 1755/2814/95
f 1758/2821/3 1762/2830/3 1754/2831/3
f 1764/2832/4 1753/2833/4 1756/2823/4
f 1770/2834/2 1750/2835/2 1746/2836/2
f 1769/2837/1 1748/2838/1 1745/2839/1
f 1771/2840/96 1746/2841/96 1747/2842/96
f 1775/2843/2 1752/2844/2 1751/2845/2
f 1774/2846/2 1749/2847/2 1750/2835/2
f 1772/2848/1 1779/2849/1 1748/2838/1
f 1776/2850/2 1745/2298/2 1752/2844/2
f 1773/2851/2 1751/2845/2 1749/2847/2
f 1810/2852/96 1747/2842/96 1780/2853/96
f 1778/2854/12 1794/2855/12 1784/2856/12
f 1777/2857/12 1792/2140/12 1782/2858/12
f 1778/2854/12 1791/2859/12 1788/2860/12
f 1795/2861/12 1786/2862/12 1785/2863/12
f 1784/2856/12 1793/2864/12 1783/2865/12
f 1782/2858/12 1789/2101/12 1779/2808/12
f 1796/2866/12 1777/2857/12 1786/2862/12
f 1783/2865/12 1795/2861/12 1785/2863/12
f 1781/2867/12 1790/2811/12 1791/2859/12
f 1791/2868/91 1798/2869/91 1788/2870/91
f 1805/2871/2 1796/2872/2 1795/2873/2
f 1804/2874/2 1793/2875/2 1794/2876/2
f 1792/2877/4 1799/2822/4 1789/2824/4
f 1806/2878/2 1787/2879/2 1796/2872/2
f 1803/2880/2 1795/2873/2 1793/2875/2
f 1790/2829/92 1801/2881/92 1791/2868/92
f 1798/2882/2 1794/2876/2 1788/2883/2
f 1787/2884/4 1802/2885/4 1792/2877/4
f 1784/2886/3 1808/2887/3 1778/2888/3
f 1782/2889/1 1807/2890/1 1777/2891/1
f 1778/2892/93 1811/2893/93 1781/2894/93
f 1786/2895/3 1815/2896/3 1785/2897/3
f 1783/2898/3 1814/2899/3 1784/2886/3
f 1779/2849/1 1812/2900/1 1782/2889/1
f 1777/2901/3 1816/2902/3 1786/2895/3
f 1785/2897/3 1813/2903/3 1783/2898/3
f 1781/2894/93 1810/2852/93 1780/2853/93
f 1823/2904/12 1824/2905/12 1819/2906/12
f 1832/2907/3 1837/2908/3 1818/2909/3
f 1827/2910/1 1824/2911/1 1828/1996/1
f 1852/2912/12 1817/2913/12 1840/2914/12
f 1822/2915/4 1823/2916/4 1819/2917/4
f 1825/2918/4 1838/2919/4 1837/2920/4
f 1833/2921/12 1846/2922/12 1857/2923/12
f 1831/2924/1 1833/2925/1 1829/2926/1
f 1819/2906/12 1852/2912/12 1846/2922/12
f 1837/2927/12 1857/2923/12 1862/2928/12
f 1838/2929/12 1833/2921/12 1837/2927/12
f 1821/2930/3 1819/2931/3 1833/2932/3
f 1834/2933/12 1825/2934/12 1832/2935/12
f 1826/2936/12 1835/2937/12 1836/2938/12
f 1831/2939/12 1822/2940/12 1821/2941/12
f 1826/2942/3 1817/2943/3 1824/2944/3
f 1818/2945/12 1862/2928/12 1839/2946/12
f 1849/2947/12 1848/2948/12 1843/2949/12
f 1865/2950/2 1859/2951/2 1842/2952/2
f 1849/1958/1 1853/2953/1 1854/2954/1
f 1852/2912/12 1841/2955/12 1849/2947/12
f 1848/2366/4 1847/2956/4 1843/2957/4
f 1866/2958/4 1850/2959/4 1865/2960/4
f 1846/2922/12 1860/2961/12 1857/2923/12
f 1860/1603/1 1858/2962/1 1855/2963/1
f 1852/2912/12 1843/2949/12 1846/2922/12
f 1857/2923/12 1865/2964/12 1862/2928/12
f 1860/2961/12 1866/2965/12 1865/2964/12
f 1843/2966/2 1845/2967/2 1860/2968/2
f 1850/2969/12 1861/2970/12 1859/2971/12
f 1851/2972/12 1863/2973/12 1853/2974/12
f 1847/1703/12 1858/2940/12 1845/2975/12
f 1841/2976/2 1851/2977/2 1849/2978/2
f 1862/2928/12 1842/2979/12 1839/2946/12
f 1876/2980/3 1868/2981/3 1875/2982/3
f 1878/2983/2 1874/2984/2 1877/2985/2
f 1875/2986/12 1872/2987/12 1878/2988/12
f 1867/2989/4 1873/1422/4 1869/2990/4
f 1872/2991/1 1870/2405/1 1874/2992/1
f 1880/2993/2 1878/2983/2 1871/2994/2
f 1871/2994/2 1877/2985/2 1873/2995/2
f 1869/2996/3 1875/2982/3 1867/2997/3
f 1881/1655/12 1879/2622/12 1880/2998/12
f 1879/2792/1 1875/1821/1 1878/2791/1
f 1882/2999/3 1867/2997/3 1875/2982/3
f 1881/3000/4 1871/3001/4 1867/2989/4
f 1887/3002/12 1888/3003/12 1885/3004/12
f 1890/3005/1 1888/3006/1 1891/3007/1
f 1907/3008/12 1883/3009/12 1898/3010/12
f 1886/3011/4 1887/1291/4 1885/3012/4
f 1900/3013/2 1903/3014/2 1911/3015/2
f 1885/3004/12 1907/3008/12 1902/3016/12
f 1893/3017/3 1885/2654/3 1884/3018/3
f 1884/3019/12 1902/3016/12 1897/3020/12
f 1911/2062/12 1910/3021/12 1912/3022/12
f 1889/3023/12 1895/3024/12 1896/3025/12
f 1889/2076/3 1883/1687/3 1888/1689/3
f 1905/3026/12 1904/3027/12 1901/3028/12
f 1902/3016/12 1900/3029/12 1897/3020/12
f 1905/1689/1 1908/3030/1 1909/3031/1
f 1907/3008/12 1899/3032/12 1905/3026/12
f 1904/3033/4 1903/2593/4 1901/3034/4
f 1893/3035/12 1892/1702/12 1886/3036/12
f 1902/3016/12 1905/3026/12 1901/3028/12
f 1906/3037/12 1913/3038/12 1908/3039/12
f 1899/3040/2 1906/3041/2 1905/3042/2
f 1916/3043/12 1926/3044/12 1922/3045/12
f 1924/3046/12 1915/3047/12 1918/3048/12
f 1916/3043/12 1923/3049/12 1917/3050/12
f 1915/3047/12 1925/3051/12 1919/3052/12
f 1920/3053/12 1925/3051/12 1926/3044/12
f 1949/3054/12 1918/3048/12 1941/3055/12
f 1917/3050/12 1950/3056/12 1942/3057/12
f 1928/3058/94 1923/3059/94 1922/3060/94
f 1921/3061/3 1931/3062/3 1925/3063/3
f 1925/3063/3 1932/3064/3 1926/3065/3
f 1957/3066/4 1924/3067/4 1949/3068/4
f 1929/3069/95 1950/3070/95 1923/3059/95
f 1926/3065/3 1928/3071/3 1922/3072/3
f 1930/3073/4 1921/3074/4 1924/3067/4
f 1934/3075/2 1920/3076/2 1916/3077/2
f 1933/3078/1 1918/3079/1 1915/3080/1
f 1935/3081/96 1916/3082/96 1917/3083/96
f 1937/3084/2 1915/3085/2 1919/3086/2
f 1938/3087/2 1919/3086/2 1920/3076/2
f 1936/3088/1 1941/3089/1 1918/3079/1
f 1966/3090/96 1917/3083/96 1942/3091/96
f 1940/3092/12 1954/3093/12 1946/3094/12
f 1939/3095/12 1952/3096/12 1944/3097/12
f 1940/3092/12 1951/3098/12 1948/3099/12
f 1953/3100/12 1939/3095/12 1945/3101/12
f 1946/3094/12 1953/3100/12 1945/3101/12
f 1944/3097/12 1949/3054/12 1941/3055/12
f 1943/3102/12 1950/3056/12 1951/3098/12
f 1951/3103/91 1956/3104/91 1948/3105/91
f 1961/3106/2 1947/3107/2 1953/3108/2
f 1962/3109/2 1953/3108/2 1954/3110/2
f 1952/3111/4 1957/3066/4 1949/3068/4
f 1950/3070/92 1959/3112/92 1951/3103/92
f 1956/3113/2 1954/3110/2 1948/3114/2
f 1947/3115/4 1960/3116/4 1952/3111/4
f 1946/3117/3 1964/2122/3 1940/3118/3
f 1944/3119/1 1963/3120/1 1939/3121/1
f 1940/3122/93 1967/3123/93 1943/3124/93
f 1939/3125/3 1969/2131/3 1945/3126/3
f 1945/3126/3 1970/2120/3 1946/3117/3
f 1941/3089/1 1968/3127/1 1944/3119/1
f 1943/3124/93 1966/3090/93 1942/3091/93
f 1980/3128/3 1972/3129/3 1979/3130/3
f 1982/3131/2 1978/3132/2 1981/3133/2
f 1979/3134/12 1976/3135/12 1982/3136/12
f 1971/3137/4 1977/3138/4 1973/3139/4
f 1976/3140/1 1974/3141/1 1978/3142/1
f 1984/3143/2 1982/3131/2 1975/3144/2
f 1975/3144/2 1981/3133/2 1977/3145/2
f 1973/3146/3 1979/3130/3 1971/3147/3
f 1985/3148/12 1983/3149/12 1984/3150/12
f 1983/3151/1 1979/1822/1 1982/3152/1
f 1986/3153/3 1971/3147/3 1979/3130/3
f 1985/3154/4 1975/3155/4 1971/3137/4
f 1988/3156/12 2000/3157/12 1996/3158/12
f 1998/3159/12 1987/3160/12 1990/3161/12
f 1988/3156/12 1997/3162/12 1989/3163/12
f 1994/3164/12 2001/3165/12 1993/3166/12
f 1992/3167/12 1999/3168/12 2000/3157/12
f 2031/3169/12 1990/3161/12 2021/3170/12
f 1987/3160/12 2002/3171/12 1994/3164/12
f 1991/3172/12 2001/3165/12 1999/3168/12
f 1989/3163/12 2032/3173/12 2022/3174/12
f 2004/3175/94 1997/3176/94 1996/3177/94
f 2002/3178/3 2009/3179/3 2001/3180/3
f 1999/3181/3 2008/3182/3 2000/3183/3
f 2041/3184/4 1998/3185/4 2031/3186/4
f 1995/3187/3 2010/3188/3 2002/3178/3
f 2001/3180/3 2007/3189/3 1999/3181/3
f 2005/3190/95 2032/3191/95 1997/3176/95
f 2000/3183/3 2004/3192/3 1996/3193/3
f 2006/3194/4 1995/1864/4 1998/3185/4
f 2012/2836/2 1992/3195/2 1988/3196/2
f 2011/3197/1 1990/3198/1 1987/3199/1
f 2013/3200/96 1988/3201/96 1989/3202/96
f 2017/3203/2 1994/3204/2 1993/3205/2
f 2016/3206/2 1991/3207/2 1992/3195/2
f 2014/3208/1 2021/3209/1 1990/3198/1
f 2018/3210/2 1987/3211/2 1994/3204/2
f 2015/3212/2 1993/3205/2 1991/3207/2
f 2052/3213/96 1989/3202/96 2022/3214/96
f 2020/3215/12 2036/3216/12 2026/3217/12
f 2019/3218/12 2034/3219/12 2024/3220/12
f 2020/3215/12 2033/3221/12 2030/3222/12
f 2037/3223/12 2028/3224/12 2027/3225/12
f 2026/3217/12 2035/3226/12 2025/3227/12
f 2024/3220/12 2031/3169/12 2021/3170/12
f 2038/3228/12 2019/3218/12 2028/3224/12
f 2025/3227/12 2037/3223/12 2027/3225/12
f 2023/3229/12 2032/3173/12 2033/3221/12
f 2033/3230/91 2040/3231/91 2030/3232/91
f 2047/3233/2 2038/3234/2 2037/3235/2
f 2046/3236/2 2035/3237/2 2036/3238/2
f 2034/3239/4 2041/3184/4 2031/3186/4
f 2048/3240/2 2029/3241/2 2038/3234/2
f 2045/3242/2 2037/3235/2 2035/3237/2
f 2032/3191/92 2043/3243/92 2033/3230/92
f 2040/3244/2 2036/3238/2 2030/3245/2
f 2029/3246/4 2044/3247/4 2034/3239/4
f 2026/3248/3 2050/1358/3 2020/1357/3
f 2024/3249/1 2049/3250/1 2019/3251/1
f 2020/3252/93 2053/3253/93 2023/3254/93
f 2028/3255/3 2057/3256/3 2027/3257/3
f 2025/3258/3 2056/3259/3 2026/3248/3
f 2021/3209/1 2054/3260/1 2024/3249/1
f 2019/3261/3 2058/3262/3 2028/3255/3
f 2027/3257/3 2055/3263/3 2025/3258/3
f 2023/3254/93 2052/3213/93 2022/3214/93
f 2065/3264/12 2066/3265/12 2061/3266/12
f 2074/3267/3 2079/2380/3 2060/1315/3
f 2069/1613/1 2066/3268/1 2070/1611/1
f 2094/3269/12 2059/3270/12 2082/3271/12
f 2064/3272/4 2065/3273/4 2061/3274/4
f 2067/3275/4 2080/3276/4 2079/3277/4
f 2075/3278/12 2088/3279/12 2099/3280/12
f 2073/3281/1 2075/3282/1 2071/3273/1
f 2061/3266/12 2094/3269/12 2088/3279/12
f 2079/3283/12 2099/3280/12 2104/3284/12
f 2080/3285/12 2075/3278/12 2079/3283/12
f 2063/2825/3 2061/3286/3 2075/3287/3
f 2076/3288/12 2067/3289/12 2074/3290/12
f 2068/3291/12 2077/3292/12 2078/3293/12
f 2073/3294/12 2064/3295/12 2063/3296/12
f 2068/3297/3 2059/3298/3 2066/3299/3
f 2060/3300/12 2104/3284/12 2081/3301/12
f 2091/3302/12 2090/3303/12 2085/3304/12
f 2107/3305/2 2101/3306/2 2084/2673/2
f 2091/3307/1 2095/1615/1 2096/1617/1
f 2094/3269/12 2083/3308/12 2091/3302/12
f 2090/3309/4 2089/2588/4 2085/3310/4
f 2108/3311/4 2092/3312/4 2107/3313/4
f 2088/3279/12 2102/3314/12 2099/3280/12
f 2102/2362/1 2100/3315/1 2097/2551/1
f 2094/3269/12 2085/3304/12 2088/3279/12
f 2099/3280/12 2107/3316/12 2104/3284/12
f 2102/3314/12 2108/3317/12 2107/3316/12
f 2085/2079/2 2087/3318/2 2102/3319/2
f 2092/3320/12 2103/2003/12 2101/3321/12
f 2093/3322/12 2105/3323/12 2095/3324/12
f 2089/3325/12 2100/2009/12 2087/2011/12
f 2083/3326/2 2093/2361/2 2091/3327/2
f 2104/3284/12 2084/3328/12 2081/3301/12
f 2118/3329/3 2110/3330/3 2117/3331/3
f 2120/3332/2 2116/3333/2 2119/3334/2
f 2117/3335/12 2114/3336/12 2120/3337/12
f 2109/3338/4 2115/3339/4 2111/3340/4
f 2114/3341/1 2112/3342/1 2116/3343/1
f 2122/3344/2 2120/3332/2 2113/3345/2
f 2113/3345/2 2119/3334/2 2115/3346/2
f 2111/3347/3 2117/3331/3 2109/3348/3
f 2123/2407/12 2121/3349/12 2122/2405/12
f 2121/3350/1 2117/3351/1 2120/3352/1
f 2124/3353/3 2109/3348/3 2117/3331/3
f 2123/3354/4 2113/3355/4 2109/3338/4
f 2126/3356/12 2138/2203/12 2134/2209/12
f 2136/3357/12 2125/3358/12 2128/3359/12
f 2126/3356/12 2135/3360/12 2127/3361/12
f 2132/3362/12 2139/2210/12 2131/3363/12
f 2130/3364/12 2137/2213/12 2138/2203/12
f 2169/3365/12 2128/3359/12 2159/3366/12
f 2125/3358/12 2140/2217/12 2132/3362/12
f 2129/3367/12 2139/2210/12 2137/2213/12
f 2127/3361/12 2170/3368/12 2160/3369/12
f 2142/3370/94 2135/3371/94 2134/3372/94
f 2140/3373/3 2147/3374/3 2139/3375/3
f 2137/3376/3 2146/3377/3 2138/3378/3
f 2179/3379/4 2136/3380/4 2169/3381/4
f 2133/3382/3 2148/3383/3 2140/3373/3
f 2139/3375/3 2145/3384/3 2137/3376/3
f 2143/3385/95 2170/3386/95 2135/3371/95
f 2138/3378/3 2142/3387/3 2134/3388/3
f 2144/3389/4 2133/2221/4 2136/3380/4
f 2150/3390/2 2130/3391/2 2126/3392/2
f 2149/3393/1 2128/3394/1 2125/3395/1
f 2151/3396/96 2126/3397/96 2127/3398/96
f 2155/3399/2 2132/3400/2 2131/3401/2
f 2154/3402/2 2129/3403/2 2130/3391/2
f 2152/3404/1 2159/3405/1 2128/3394/1
f 2156/3406/2 2125/3407/2 2132/3400/2
f 2153/3408/2 2131/3401/2 2129/3403/2
f 2190/3409/96 2127/3398/96 2160/3410/96
f 2158/3411/12 2174/3412/12 2164/3413/12
f 2157/3414/12 2172/3415/12 2162/3416/12
f 2158/3411/12 2171/3417/12 2168/3418/12
f 2175/3419/12 2166/3420/12 2165/3421/12
f 2164/3413/12 2173/3422/12 2163/3423/12
f 2162/3416/12 2169/3365/12 2159/3366/12
f 2176/3424/12 2157/3414/12 2166/3420/12
f 2163/3423/12 2175/3419/12 2165/3421/12
f 2161/3425/12 2170/3368/12 2171/3417/12
f 2171/3426/91 2178/3427/91 2168/3428/91
f 2185/3429/2 2176/3430/2 2175/3431/2
f 2184/3432/2 2173/3433/2 2174/3434/2
f 2172/3435/4 2179/3379/4 2169/3381/4
f 2186/3436/2 2167/3437/2 2176/3430/2
f 2183/3438/2 2175/3431/2 2173/3433/2
f 2170/3386/92 2181/3439/92 2171/3426/92
f 2178/3440/2 2174/3434/2 2168/3441/2
f 2167/2278/4 2182/3442/4 2172/3435/4
f 2164/3443/3 2188/3444/3 2158/3445/3
f 2162/3446/1 2187/3447/1 2157/3448/1
f 2158/3449/93 2191/3450/93 2161/3451/93
f 2166/3452/3 2195/2897/3 2165/3453/3
f 2163/3454/3 2194/3455/3 2164/3443/3
f 2159/3405/1 2192/3456/1 2162/3446/1
f 2157/3457/3 2196/2895/3 2166/3452/3
f 2165/3453/3 2193/2898/3 2163/3454/3
f 2161/3451/93 2190/3409/93 2160/3410/93
f 2203/3458/12 2204/3459/12 2199/3460/12
f 2212/3461/3 2217/3462/3 2198/3463/3
f 2207/3464/1 2204/2546/1 2208/3465/1
f 2232/3466/12 2197/3467/12 2220/3468/12
f 2202/2917/4 2203/1944/4 2199/2915/4
f 2205/1950/4 2218/3469/4 2217/1951/4
f 2213/3470/12 2226/3471/12 2237/3472/12
f 2211/3473/1 2213/3474/1 2209/3475/1
f 2199/3460/12 2232/3466/12 2226/3471/12
f 2217/3476/12 2237/3472/12 2242/3477/12
f 2218/3478/12 2213/3470/12 2217/3476/12
f 2201/3479/3 2199/3480/3 2213/3481/3
f 2214/3482/12 2205/3483/12 2212/3484/12
f 2206/3485/12 2215/3486/12 2216/3487/12
f 2211/3488/12 2202/3489/12 2201/3490/12
f 2206/3491/3 2197/3492/3 2204/3493/3
f 2198/3494/12 2242/3477/12 2219/3495/12
f 2229/3496/12 2228/3497/12 2223/3498/12
f 2245/3499/2 2239/3461/2 2222/3500/2
f 2229/3501/1 2233/3502/1 2234/2320/1
f 2232/3466/12 2221/3503/12 2229/3496/12
f 2228/3504/4 2227/3505/4 2223/1956/4
f 2246/3506/4 2230/3507/4 2245/3508/4
f 2226/3471/12 2240/3509/12 2237/3472/12
f 2240/3510/1 2238/3473/1 2235/3475/1
f 2232/3466/12 2223/3498/12 2226/3471/12
f 2237/3472/12 2245/3511/12 2242/3477/12
f 2240/3509/12 2246/3512/12 2245/3511/12
f 2223/3513/2 2225/3514/2 2240/3515/2
f 2230/3516/12 2241/3517/12 2239/3518/12
f 2231/3519/12 2243/3520/12 2233/3521/12
f 2227/2082/12 2238/3522/12 2225/3523/12
f 2221/3524/2 2231/3525/2 2229/3526/2
f 2242/3477/12 2222/3527/12 2219/3495/12
f 2256/3528/3 2248/3529/3 2255/3530/3
f 2258/3531/2 2254/3532/2 2257/3533/2
f 2255/3534/12 2252/3535/12 2258/3536/12
f 2247/3537/4 2253/2184/4 2249/2183/4
f 2252/3538/1 2250/3539/1 2254/3540/1
f 2260/3541/2 2258/3531/2 2251/3542/2
f 2251/3542/2 2257/3533/2 2253/3543/2
f 2249/3544/3 2255/3530/3 2247/3545/3
f 2261/3546/12 2259/3547/12 2260/3548/12
f 2259/3549/1 2255/2197/1 2258/3550/1
f 2262/3551/3 2247/3545/3 2255/3530/3
f 2261/2630/4 2251/3552/4 2247/3537/4
f 2263/3553/12 2266/3554/12 2264/3555/12
f 2267/3556/5 2270/3557/5 2269/3558/5
f 2263/3559/2 2268/3560/2 2267/3561/2
f 2263/980/4 2269/3562/4 2265/981/4
f 2268/3563/1 2266/3564/1 2270/3565/1
f 2273/3566/12 2272/3567/12 2271/3568/12
f 2275/3569/5 2278/3570/5 2277/3571/5
f 2271/3572/2 2276/3573/2 2275/3574/2
f 2271/3575/4 2277/3576/4 2273/3577/4
f 2276/3578/1 2274/3579/1 2278/3562/1
f 2281/3580/12 2280/3581/12 2279/3582/12
f 2283/3583/5 2286/3584/5 2285/3585/5
f 2279/3586/2 2284/3587/2 2283/3588/2
f 2279/3589/4 2285/3590/4 2281/3591/4
f 2284/1190/1 2282/3592/1 2286/1191/1
f 2289/3593/12 2288/3594/12 2287/3595/12
f 2293/3596/3 2290/3597/3 2289/3598/3
f 2293/3599/5 2292/3600/5 2294/3601/5
f 2287/3602/2 2292/3603/2 2291/3604/2
f 2287/3605/4 2293/3606/4 2289/3607/4
f 2292/3608/1 2290/3609/1 2294/3610/1
f 2297/3611/2 2296/3612/2 2295/3613/2
f 2299/3614/3 2302/3615/3 2301/3616/3
f 2295/3617/5 2300/855/5 2299/3618/5
f 2297/3619/4 2299/1008/4 2301/3620/4
f 2300/935/1 2298/965/1 2302/3621/1
f 3774/3622/12 2303/3623/12 2871/3624/12
f 2308/3625/2 2314/3626/2 2315/3627/2
f 2324/3628/12 2309/3629/12 2316/3630/12
f 2311/3631/97 2317/3632/97 2314/3633/97
f 2309/3634/98 2315/3627/98 2316/3635/98
f 2316/3635/98 2305/3636/98 2304/3637/98
f 2314/3633/97 2307/3638/97 2306/3639/97
f 2324/3628/12 2304/3640/12 2320/3641/12
f 2315/3627/2 2306/3642/2 2305/3636/2
f 2312/3643/12 2323/3644/12 2319/3645/12
f 2313/3646/12 2323/3644/12 2318/3647/12
f 2323/3644/12 2322/3648/12 2324/3628/12
f 2324/3628/12 2319/3645/12 2323/3644/12
f 2335/3649/1 2334/3650/1 2336/3651/1
f 2338/3652/4 2340/3653/4 2339/3654/4
f 2345/3655/99 2337/3656/99 2347/3657/99
f 2348/3658/5 2340/3659/5 2345/3660/5
f 2346/3661/12 2337/3662/12 2338/3663/12
f 2333/3664/12 2343/3665/12 2334/3666/12
f 2336/3667/5 2341/3668/5 2335/3669/5
f 2335/3670/2 2342/3671/2 2333/3672/2
f 2344/3673/5 2345/3660/5 2341/3668/5
f 2345/3674/100 2342/3675/100 2341/3676/100
f 2363/3677/12 2359/3678/12 2358/3679/12
f 2351/3680/1 2350/3681/1 2352/3682/1
f 2354/3683/4 2356/3684/4 2355/3685/4
f 2361/3686/99 2353/3687/99 2363/3688/99
f 2364/3689/5 2356/3690/5 2361/3691/5
f 2362/3692/12 2353/3693/12 2354/3694/12
f 2349/3695/12 2359/3678/12 2350/3696/12
f 2352/3697/5 2357/3698/5 2351/3699/5
f 2351/3700/2 2358/3701/2 2349/3702/2
f 2360/3703/5 2361/3691/5 2357/3698/5
f 2361/3704/100 2358/3705/100 2357/3706/100
f 2379/3707/12 2375/3708/12 2374/3709/12
f 2367/3710/1 2366/3711/1 2368/3712/1
f 2370/3713/4 2372/3714/4 2371/3715/4
f 2377/3716/99 2369/3717/99 2379/3718/99
f 2380/3719/5 2372/3720/5 2377/3721/5
f 2378/3722/12 2369/3723/12 2370/3724/12
f 2365/3725/12 2375/3708/12 2366/3726/12
f 2368/3727/5 2373/3728/5 2367/3729/5
f 2367/3730/2 2374/3731/2 2365/3732/2
f 2376/3733/5 2377/3721/5 2373/3728/5
f 2377/3734/100 2374/3735/100 2373/3736/100
f 2395/3737/12 2391/3738/12 2390/3739/12
f 2383/3740/1 2382/3741/1 2384/3742/1
f 2386/3743/4 2388/3744/4 2387/3745/4
f 2393/3746/99 2385/3747/99 2395/3748/99
f 2396/3749/5 2388/3750/5 2393/3751/5
f 2394/3752/12 2385/3753/12 2386/3754/12
f 2381/3755/12 2391/3738/12 2382/3756/12
f 2384/3757/5 2389/3758/5 2383/3759/5
f 2383/3760/2 2390/3761/2 2381/3762/2
f 2411/3763/2 2407/3764/2 2406/3765/2
f 2392/3766/5 2393/3751/5 2389/3758/5
f 2393/3767/100 2390/3768/100 2389/3769/100
f 2399/3770/1 2398/3771/1 2400/3772/1
f 2402/3773/4 2404/3774/4 2403/3775/4
f 2409/3776/101 2401/3777/101 2411/3778/101
f 2412/3779/3 2404/3780/3 2409/3781/3
f 2410/3782/2 2401/3783/2 2402/3784/2
f 2397/3785/2 2407/3764/2 2398/3786/2
f 2400/3787/3 2405/3788/3 2399/3789/3
f 2399/3790/5 2406/3791/5 2397/3792/5
f 2408/3793/3 2409/3781/3 2405/3788/3
f 2409/3794/102 2406/3795/102 2405/3796/102
f 2427/3797/2 2423/3798/2 2422/3799/2
f 2415/3800/1 2414/3801/1 2416/3802/1
f 2418/3803/4 2420/3715/4 2419/3714/4
f 2425/3804/101 2417/3805/101 2427/3806/101
f 2428/3807/3 2420/3808/3 2425/3809/3
f 2426/3810/2 2417/3811/2 2418/3812/2
f 2413/3813/2 2423/3798/2 2414/3814/2
f 2416/3815/3 2421/3816/3 2415/3817/3
f 2415/3818/5 2422/3819/5 2413/3820/5
f 2424/3821/3 2425/3809/3 2421/3816/3
f 2425/3822/103 2422/3823/103 2421/3824/103
f 2431/3825/1 2430/3826/1 2432/3827/1
f 2434/3828/4 2436/3829/4 2435/3830/4
f 2441/3831/101 2433/3832/101 2443/3833/101
f 2444/3834/3 2436/3835/3 2441/3836/3
f 2442/3837/2 2433/3838/2 2434/3839/2
f 2429/3840/2 2439/3841/2 2430/3842/2
f 2432/3843/3 2437/3844/3 2431/3845/3
f 2431/3846/5 2438/3847/5 2429/3848/5
f 2440/3849/3 2441/3836/3 2437/3844/3
f 2441/3850/102 2438/3851/102 2437/3852/102
f 2459/3853/2 2455/3854/2 2454/3855/2
f 2447/3856/1 2446/3857/1 2448/3858/1
f 2450/3830/4 2452/3859/4 2451/3860/4
f 2457/3861/101 2449/3862/101 2459/3863/101
f 2460/3864/3 2452/3865/3 2457/3866/3
f 2458/3867/2 2449/3868/2 2450/3869/2
f 2445/3870/2 2455/3854/2 2446/3871/2
f 2448/3872/3 2453/3873/3 2447/3874/3
f 2447/3875/5 2454/3876/5 2445/3877/5
f 2456/3878/3 2457/3866/3 2453/3873/3
f 2457/3879/103 2454/3880/103 2453/3881/103
f 2475/3882/12 2471/3883/12 2470/3884/12
f 2463/3885/1 2462/3776/1 2464/3778/1
f 2466/3886/4 2468/3887/4 2467/3888/4
f 2473/3889/99 2465/3890/99 2475/3891/99
f 2476/3892/5 2468/3893/5 2473/3894/5
f 2474/3895/12 2465/3896/12 2466/3897/12
f 2461/3898/12 2471/3883/12 2462/3899/12
f 2464/3900/5 2469/3901/5 2463/3902/5
f 2463/3903/2 2470/3904/2 2461/3905/2
f 2472/3906/5 2473/3894/5 2469/3901/5
f 2473/3907/100 2470/3908/100 2469/3909/100
f 2491/3910/12 2487/3911/12 2486/3912/12
f 2479/3913/1 2478/3914/1 2480/3915/1
f 2482/3916/4 2484/3917/4 2483/3918/4
f 2489/3919/99 2481/3920/99 2491/3921/99
f 2492/3922/5 2484/3923/5 2489/3924/5
f 2490/3925/12 2481/3926/12 2482/3927/12
f 2477/3928/12 2487/3911/12 2478/3929/12
f 2480/3930/5 2485/3931/5 2479/3932/5
f 2479/3933/2 2486/3934/2 2477/3935/2
f 2488/3936/5 2489/3924/5 2485/3931/5
f 2489/3937/100 2486/3938/100 2485/3939/100
f 2507/3940/12 2503/3941/12 2502/3942/12
f 2495/3943/1 2494/3944/1 2496/3945/1
f 2498/3946/4 2500/3947/4 2499/3948/4
f 2505/3914/99 2497/3949/99 2507/3950/99
f 2508/3951/5 2500/3952/5 2505/3953/5
f 2506/3954/12 2497/3955/12 2498/3956/12
f 2493/3957/12 2503/3941/12 2494/3958/12
f 2496/3959/5 2501/3960/5 2495/3961/5
f 2495/3962/2 2502/3963/2 2493/3964/2
f 2504/3965/5 2505/3953/5 2501/3960/5
f 2505/3966/100 2502/3967/100 2501/3968/100
f 2523/3969/12 2519/3970/12 2518/3971/12
f 2511/3972/1 2510/3973/1 2512/3974/1
f 2514/3975/4 2516/3976/4 2515/3977/4
f 2521/3978/99 2513/3979/99 2523/3980/99
f 2524/3981/5 2516/3982/5 2521/3983/5
f 2522/3984/12 2513/3985/12 2514/3986/12
f 2509/3987/12 2519/3970/12 2510/3988/12
f 2512/3989/5 2517/3990/5 2511/3991/5
f 2511/3992/2 2518/3993/2 2509/3994/2
f 2520/3995/5 2521/3983/5 2517/3990/5
f 2521/3996/100 2518/3997/100 2517/3998/100
f 2539/3999/3 2535/4000/3 2534/4001/3
f 2527/4002/1 2526/4003/1 2528/4004/1
f 2530/4005/4 2532/4006/4 2531/4007/4
f 2537/4008/104 2529/4009/104 2539/4010/104
f 2540/4011/2 2532/4012/2 2537/4013/2
f 2538/4014/3 2529/4015/3 2530/4016/3
f 2525/4017/3 2535/4000/3 2526/4018/3
f 2528/4019/2 2533/4020/2 2527/4021/2
f 2527/4022/12 2534/4023/12 2525/4024/12
f 2536/4025/2 2537/4013/2 2533/4020/2
f 2537/4026/105 2534/4027/105 2533/4028/105
f 2555/4029/3 2551/4030/3 2550/4031/3
f 2543/4032/1 2542/4033/1 2544/4034/1
f 2546/4035/4 2548/4036/4 2547/4037/4
f 2553/4038/104 2545/4039/104 2555/4040/104
f 2556/4041/2 2548/4042/2 2553/4043/2
f 2554/4044/3 2545/4045/3 2546/4046/3
f 2541/4047/3 2551/4030/3 2542/4048/3
f 2544/4049/2 2549/4050/2 2543/4051/2
f 2543/4052/12 2550/4053/12 2541/4054/12
f 2552/4055/2 2553/4043/2 2549/4050/2
f 2553/4056/105 2550/4057/105 2549/4058/105
f 2571/4059/3 2567/4060/3 2566/4061/3
f 2559/3979/1 2558/4062/1 2560/4063/1
f 2562/4064/4 2564/4065/4 2563/4066/4
f 2569/4067/104 2561/4068/104 2571/4069/104
f 2572/4070/2 2564/4071/2 2569/4072/2
f 2570/4073/3 2561/4074/3 2562/4075/3
f 2557/4076/3 2567/4060/3 2558/4077/3
f 2560/4078/2 2565/4079/2 2559/4080/2
f 2559/4081/12 2566/4082/12 2557/3791/12
f 2568/4083/2 2569/4072/2 2565/4079/2
f 2569/4084/105 2566/4085/105 2565/4086/105
f 2587/4087/3 2583/4088/3 2582/4089/3
f 2575/4090/1 2574/3858/1 2576/3857/1
f 2578/4091/4 2580/4092/4 2579/4093/4
f 2585/4094/104 2577/4095/104 2587/4096/104
f 2588/4097/2 2580/4098/2 2585/4099/2
f 2586/4100/3 2577/4101/3 2578/4102/3
f 2573/4103/3 2583/4088/3 2574/4104/3
f 2576/4105/2 2581/4106/2 2575/4107/2
f 2575/4108/12 2582/4109/12 2573/4110/12
f 2443/4111/2 2439/3841/2 2438/4112/2
f 2584/4113/2 2585/4099/2 2581/4106/2
f 2585/4114/105 2582/4115/105 2581/4116/105
f 2347/4117/12 2343/3665/12 2342/4118/12
f 2594/4119/12 2593/4120/12 2591/4121/12
f 2594/2246/1 2596/3272/1 2597/3274/1
f 2613/4122/12 2589/4123/12 2594/4119/12
f 2593/4124/4 2592/4125/4 2591/4126/4
f 2609/4127/3 2606/4128/3 2617/4129/3
f 2613/4122/12 2591/4121/12 2608/4130/12
f 2591/4131/2 2599/4132/2 2590/4133/2
f 2608/4130/12 2590/1308/12 2603/4134/12
f 2618/4135/12 2609/4136/12 2617/2083/12
f 2595/4137/12 2601/4138/12 2596/4139/12
f 2589/4140/2 2595/4141/2 2594/4142/2
f 2607/4143/12 2615/4144/12 2611/4145/12
f 2606/4146/12 2608/4130/12 2603/4134/12
f 2614/4147/1 2611/4148/1 2615/2582/1
f 2613/4122/12 2605/4149/12 2604/4150/12
f 2609/4151/4 2610/4152/4 2607/4153/4
f 2598/4154/12 2599/4155/12 2592/4156/12
f 2608/4130/12 2611/4145/12 2613/4122/12
f 2612/4157/12 2619/4158/12 2620/4159/12
f 2612/4160/3 2605/4161/3 2611/4162/3
f 2622/4163/12 2632/4164/12 2626/4165/12
f 2621/4166/12 2630/4167/12 2624/4168/12
f 2622/4163/12 2629/4169/12 2628/4170/12
f 2631/4171/12 2621/4166/12 2625/4172/12
f 2626/4165/12 2631/4171/12 2625/4172/12
f 2624/4168/12 2655/4173/12 2647/4174/12
f 2623/4175/12 2656/4176/12 2629/4169/12
f 2629/4177/91 2634/4178/91 2628/4179/91
f 2637/4180/2 2627/1725/2 2631/4181/2
f 2638/4182/2 2631/4181/2 2632/4183/2
f 2630/4184/4 2663/4185/4 2655/4186/4
f 2656/4187/92 2635/4188/92 2629/4177/92
f 2634/4189/2 2632/4183/2 2628/4190/2
f 2627/3175/4 2636/4191/4 2630/4184/4
f 2626/4192/3 2640/4193/3 2622/4194/3
f 2624/4195/1 2639/2466/1 2621/4196/1
f 2622/4197/93 2641/4198/93 2623/4199/93
f 2621/4200/3 2643/4201/3 2625/4202/3
f 2625/4202/3 2644/4203/3 2626/4192/3
f 2647/4204/1 2642/4205/1 2624/4195/1
f 2623/4199/93 2672/4206/93 2648/4207/93
f 2646/4208/12 2660/4209/12 2654/4210/12
f 2658/4211/12 2645/4212/12 2650/4213/12
f 2646/4208/12 2657/4214/12 2649/4215/12
f 2645/4212/12 2659/4216/12 2651/4217/12
f 2652/4218/12 2659/4216/12 2660/4209/12
f 2655/4173/12 2650/4213/12 2647/4174/12
f 2649/4215/12 2656/4176/12 2648/4219/12
f 2662/4220/94 2657/4221/94 2654/4222/94
f 2653/4223/3 2667/4224/3 2659/4225/3
f 2659/4225/3 2668/4226/3 2660/4227/3
f 2663/4185/4 2658/4228/4 2655/4186/4
f 2665/4229/95 2656/4187/95 2657/4221/95
f 2660/4227/3 2662/4230/3 2654/4231/3
f 2666/4232/4 2653/3231/4 2658/4228/4
f 2670/4233/2 2652/4234/2 2646/4235/2
f 2669/4236/1 2650/4237/1 2645/4238/1
f 2673/4239/96 2646/4240/96 2649/4241/96
f 2675/4242/2 2645/4243/2 2651/4244/2
f 2676/4245/2 2651/4244/2 2652/4234/2
f 2674/4246/1 2647/4204/1 2650/4237/1
f 2672/4206/96 2649/4241/96 2648/4207/96
f 2678/4247/2 2686/4248/2 2685/4249/2
f 2684/4250/3 2688/4251/3 2687/4252/3
f 2682/4253/12 2685/4254/12 2688/4255/12
f 2683/4256/4 2677/4257/4 2679/4258/4
f 2680/2782/1 2682/4259/1 2684/2783/1
f 2688/4251/3 2690/4260/3 2681/4261/3
f 2687/4252/3 2681/4261/3 2683/4262/3
f 2685/4249/2 2679/4263/2 2677/4264/2
f 2689/1435/12 2691/4265/12 2690/1433/12
f 2685/3351/1 2689/2036/1 2688/4266/1
f 2677/4264/2 2692/4267/2 2685/4249/2
f 2681/4268/4 2691/4269/4 2677/4257/4
f 3771/4270/1 2310/4271/1 2303/4272/1
f 2694/4273/5 2695/4274/5 2693/4275/5
f 2699/4276/12 2698/4277/12 2697/4278/12
f 2698/4279/2 2693/4280/2 2697/4281/2
f 2699/4282/4 2693/4283/4 2695/4284/4
f 2696/4285/1 2698/4286/1 2700/4287/1
f 2702/4288/5 2703/4289/5 2701/4290/5
f 2720/4291/1 2722/1242/1 2724/4292/1
f 2708/4293/12 2705/4294/12 2707/4295/12
f 2706/4296/2 2701/962/2 2705/4297/2
f 2707/4298/4 2701/892/4 2703/4299/4
f 2704/1220/1 2706/4300/1 2708/1221/1
f 2709/4301/5 2712/4302/5 2711/4303/5
f 2723/4304/4 2717/4305/4 2719/1229/4
f 2716/4306/12 2713/4307/12 2715/4308/12
f 2714/4309/2 2709/4310/2 2713/4311/2
f 2711/1032/4 2713/4312/4 2709/1127/4
f 2712/1006/1 2714/978/1 2716/977/1
f 2722/4313/2 2717/4314/2 2721/4315/2
f 2724/4316/12 2721/4317/12 2723/4318/12
f 2718/4319/5 2719/4320/5 2717/4321/5
f 2726/4322/12 2738/4323/12 2730/4324/12
f 2725/4325/12 2736/4326/12 2728/4327/12
f 2726/4322/12 2735/4328/12 2734/4329/12
f 2739/4330/12 2732/4331/12 2731/4332/12
f 2730/4324/12 2737/4333/12 2729/4334/12
f 2728/4327/12 2769/4335/12 2759/4336/12
f 2740/4337/12 2725/4325/12 2732/4331/12
f 2729/4334/12 2739/4330/12 2731/4332/12
f 2727/4338/12 2770/1338/12 2735/4328/12
f 2735/4339/91 2742/4340/91 2734/4140/91
f 2747/4341/2 2740/4342/2 2739/4343/2
f 2746/4344/2 2737/4345/2 2738/4346/2
f 2736/4347/4 2779/4348/4 2769/4349/4
f 2748/4350/2 2733/4351/2 2740/4342/2
f 2745/4352/2 2739/4343/2 2737/4345/2
f 2770/4353/92 2743/4354/92 2735/4339/92
f 2742/4355/2 2738/4346/2 2734/4356/2
f 2733/1518/4 2744/4357/4 2736/4347/4
f 2730/4358/3 2750/4359/3 2726/4360/3
f 2728/4361/1 2749/4362/1 2725/4363/1
f 2726/4364/93 2751/4365/93 2727/4366/93
f 2732/4367/3 2755/4368/3 2731/4369/3
f 2729/4370/3 2754/4371/3 2730/4358/3
f 2759/4372/1 2752/4373/1 2728/4361/1
f 2725/2764/3 2756/4374/3 2732/4367/3
f 2731/4369/3 2753/4375/3 2729/4370/3
f 2727/4366/93 2790/4376/93 2760/4377/93
f 2758/4378/12 2774/4379/12 2768/4380/12
f 2772/4381/12 2757/4382/12 2762/4383/12
f 2758/4378/12 2771/4384/12 2761/4385/12
f 2766/4386/12 2775/4387/12 2765/4388/12
f 2764/4389/12 2773/4390/12 2774/4379/12
f 2769/4335/12 2762/4383/12 2759/4336/12
f 2757/4382/12 2776/4391/12 2766/4386/12
f 2763/4392/12 2775/4387/12 2773/4390/12
f 2761/4385/12 2770/1338/12 2760/4393/12
f 2778/4394/94 2771/4395/94 2768/4396/94
f 2776/4397/3 2785/4398/3 2775/4399/3
f 2773/4400/3 2784/4401/3 2774/4402/3
f 2779/4348/4 2772/4403/4 2769/4349/4
f 2767/4404/3 2786/4405/3 2776/4397/3
f 2775/4399/3 2783/4406/3 2773/4400/3
f 2781/4407/95 2770/4353/95 2771/4395/95
f 2774/4402/3 2778/4408/3 2768/4409/3
f 2782/4410/4 2767/1461/4 2772/4403/4
f 2788/4411/2 2764/4412/2 2758/4413/2
f 2787/2920/1 2762/4414/1 2757/4415/1
f 2791/4416/96 2758/4417/96 2761/4418/96
f 2795/4419/2 2766/4420/2 2765/4421/2
f 2794/4422/2 2763/4423/2 2764/4412/2
f 2792/4424/1 2759/4372/1 2762/4414/1
f 2796/4425/2 2757/4426/2 2766/4420/2
f 2793/4427/2 2765/4421/2 2763/4423/2
f 2790/4376/96 2761/4418/96 2760/4377/96
f 2804/4428/12 2803/4429/12 2799/4430/12
f 2817/4431/2 2812/4432/2 2798/4433/2
f 2804/4434/1 2807/4435/1 2808/4436/1
f 2832/4437/12 2797/4438/12 2804/4428/12
f 2803/4439/4 2802/4440/4 2799/4441/4
f 2818/2125/4 2805/4442/4 2817/1560/4
f 2826/4443/12 2813/4444/12 2837/4445/12
f 2813/4446/1 2811/4447/1 2809/4448/1
f 2832/4437/12 2799/4430/12 2826/4443/12
f 2837/4445/12 2817/4449/12 2842/4450/12
f 2813/4444/12 2818/4451/12 2817/4449/12
f 2799/1600/2 2801/4452/2 2813/4453/2
f 2805/4454/12 2814/4455/12 2812/4456/12
f 2806/4457/12 2815/4458/12 2807/4459/12
f 2802/4460/12 2811/4461/12 2801/4462/12
f 2797/4463/2 2806/4464/2 2804/4465/2
f 2842/4450/12 2798/4466/12 2819/4467/12
f 2828/4468/12 2829/4469/12 2823/4470/12
f 2839/4471/3 2845/4472/3 2822/3211/3
f 2833/4439/1 2829/4473/1 2834/4474/1
f 2832/4437/12 2821/4475/12 2820/4476/12
f 2827/3305/4 2828/4477/4 2823/4478/4
f 2830/4479/4 2846/4480/4 2845/4481/4
f 2840/4482/12 2826/4443/12 2837/4445/12
f 2838/4483/1 2840/2589/1 2835/4484/1
f 2823/4470/12 2832/4437/12 2826/4443/12
f 2845/4485/12 2837/4445/12 2842/4450/12
f 2846/4486/12 2840/4482/12 2845/4485/12
f 2825/4487/3 2823/4488/3 2840/4489/3
f 2841/4490/12 2830/4454/12 2839/4456/12
f 2831/4491/12 2843/4492/12 2844/4493/12
f 2838/4494/12 2827/4495/12 2825/4496/12
f 2831/4497/3 2821/4498/3 2829/4499/3
f 2822/4500/12 2842/4450/12 2819/4467/12
f 2848/4501/2 2856/4502/2 2855/4503/2
f 2854/4504/3 2858/4505/3 2857/4506/3
f 2852/4507/12 2855/4508/12 2858/4509/12
f 2853/4510/4 2847/4511/4 2849/4512/4
f 2850/4513/1 2852/4514/1 2854/4515/1
f 2858/4505/3 2860/4516/3 2851/4517/3
f 2857/4506/3 2851/4517/3 2853/4518/3
f 2855/4503/2 2849/4519/2 2847/4520/2
f 2859/4521/12 2861/4522/12 2860/4523/12
f 2855/3549/1 2859/4524/1 2858/4525/1
f 2847/4520/2 2862/4526/2 2855/4503/2
f 2851/4527/4 2861/4528/4 2847/4511/4
f 2866/4529/1 2868/4530/1 2870/4531/1
f 2869/4532/4 2863/4533/4 2865/1020/4
f 2868/4534/12 2863/4535/12 2867/4536/12
f 2870/4537/3 2867/4538/3 2869/4539/3
f 2864/4540/2 2865/4541/2 2863/4542/2
f 2872/4543/3 2318/4544/3 2312/4545/3
f 2318/4544/3 2303/4546/3 2313/4547/3
f 2894/4548/4 2898/4549/4 2896/4550/4
f 2875/4551/5 3743/4552/5 3742/4553/5
f 2876/4554/106 2879/4555/106 2875/4551/106
f 2873/4556/2 2880/4557/2 2876/4558/2
f 2874/4559/107 2877/4560/107 2873/4556/107
f 2880/4561/108 2881/4562/108 2884/4563/108
f 2878/4564/109 2881/4562/109 2877/4565/109
f 3743/4566/110 2883/4567/110 3744/4568/110
f 2879/4569/111 2884/4563/111 2883/4567/111
f 2887/4570/112 2885/4571/112 2900/4572/112
f 2897/4573/3 2887/4574/3 2900/4575/3
f 2894/4548/4 2886/4576/4 2897/4577/4
f 2888/4578/113 2889/4579/113 2887/4570/113
f 3741/4580/12 2887/4581/12 2886/4582/12
f 3738/4583/113 2888/4578/113 2887/4570/113
f 2890/4584/4 2874/4585/4 2873/4586/4
f 2892/4587/4 2876/4588/4 2875/4589/4
f 2901/4590/114 2885/4571/114 2882/4591/114
f 2886/4576/4 3751/4592/4 3741/4593/4
f 2893/4594/4 2873/4586/4 2876/4588/4
f 3742/4595/4 2892/4587/4 2875/4589/4
f 2896/4596/12 2878/4597/12 2874/4598/12
f 2896/4550/4 2898/4549/4 2899/4599/4
f 2899/4599/4 2898/4549/4 2897/4577/4
f 2900/4572/115 2902/4600/115 2903/4601/115
f 2903/4601/116 2902/4600/116 2901/4590/116
f 2899/4602/117 2901/4603/117 2896/4596/117
f 2897/4573/118 2903/4604/118 2899/4605/118
f 2907/3579/1 2909/4606/1 2911/875/1
f 2910/4607/4 2904/4608/4 2906/4609/4
f 2909/4610/3 2904/4611/3 2908/4612/3
f 2911/4613/5 2908/4614/5 2910/4615/5
f 2905/4616/12 2906/4617/12 2904/4618/12
f 2907/4619/2 2910/4620/2 2906/4621/2
f 2913/4622/12 3776/4623/12 3777/4624/12
f 2912/4625/3 2871/4626/3 2872/4543/3
f 2317/3632/5 3772/4627/5 2307/3638/5
f 2310/4628/5 3753/4629/5 2317/3632/5
f 2913/4630/4 3774/4631/4 2871/4632/4
f 2928/4633/3 2924/4634/3 2923/4635/3
f 2916/4636/1 2915/4637/1 2917/3885/1
f 2919/4638/4 2921/4639/4 2920/4640/4
f 2926/4641/104 2918/4642/104 2928/4643/104
f 2929/4644/2 2921/4645/2 2926/4646/2
f 2927/4647/3 2918/4648/3 2919/4649/3
f 2914/4650/3 2924/4634/3 2915/4651/3
f 2917/4652/2 2922/4653/2 2916/4654/2
f 2916/4655/12 2923/4656/12 2914/4657/12
f 2925/4658/2 2926/4646/2 2922/4653/2
f 2926/4659/105 2923/4660/105 2922/4661/105
f 2944/4662/3 2940/4663/3 2939/4664/3
f 2932/4665/1 2931/4666/1 2933/3825/1
f 2935/4667/4 2937/4668/4 2936/3975/4
f 2942/4669/104 2934/4670/104 2944/4671/104
f 2945/4672/2 2937/4673/2 2942/4674/2
f 2943/4675/3 2934/4676/3 2935/4677/3
f 2930/4678/3 2940/4663/3 2931/4679/3
f 2933/4680/2 2938/4681/2 2932/4682/2
f 2932/3872/12 2939/4683/12 2930/4684/12
f 2941/4685/2 2942/4674/2 2938/4681/2
f 2942/4686/105 2939/4687/105 2938/4688/105
f 2960/4689/3 2956/4690/3 2955/4691/3
f 2948/4692/1 2947/4693/1 2949/4694/1
f 2951/4695/4 2953/4696/4 2952/4697/4
f 2958/4698/104 2950/4699/104 2960/4700/104
f 2961/4701/2 2953/4702/2 2958/4703/2
f 2959/4704/3 2950/4705/3 2951/4706/3
f 2946/4707/3 2956/4690/3 2947/4708/3
f 2949/4709/2 2954/4710/2 2948/4711/2
f 2948/4712/12 2955/4713/12 2946/4714/12
f 2957/4715/2 2958/4703/2 2954/4710/2
f 2958/4716/105 2955/4717/105 2954/4718/105
f 2976/4719/3 2972/4720/3 2971/4721/3
f 2964/4722/1 2963/4723/1 2965/4724/1
f 2967/4725/4 2969/4726/4 2968/4727/4
f 2974/4728/104 2966/4729/104 2976/4730/104
f 2977/4731/2 2969/4732/2 2974/4733/2
f 2975/4734/3 2966/4735/3 2967/4736/3
f 2962/4067/3 2972/4720/3 2963/4737/3
f 2965/4738/2 2970/4739/2 2964/4740/2
f 2964/4741/12 2971/4742/12 2962/4743/12
f 2973/4744/2 2974/4733/2 2970/4739/2
f 2974/4745/105 2971/4746/105 2970/4747/105
f 2999/4748/4 3003/4749/4 3001/4750/4
f 2980/4751/5 3863/4752/5 3862/4753/5
f 2981/4754/106 2984/4755/106 2980/4751/106
f 2978/4756/2 2985/4757/2 2981/4758/2
f 2979/4759/107 2982/4760/107 2978/4756/107
f 2982/4761/119 2989/4762/119 2985/4763/119
f 2983/4569/120 2986/4764/120 2982/4761/120
f 3863/4765/121 2988/4766/121 3864/4767/121
f 2984/4768/122 2989/4762/122 2988/4766/122
f 2992/4769/123 2990/4770/123 3005/4771/123
f 3002/4772/3 2992/4773/3 3005/4774/3
f 2999/4748/4 2991/4775/4 3002/4776/4
f 2993/4777/124 2994/4778/124 2992/4769/124
f 3861/4779/12 2992/4780/12 2991/4781/12
f 3858/4782/125 2993/4777/125 2992/4769/125
f 2995/4783/4 2979/4784/4 2978/4785/4
f 2997/4786/4 2981/4787/4 2980/4788/4
f 3006/4789/126 2990/4770/126 2987/4790/126
f 2991/4775/4 3871/4791/4 3861/4792/4
f 2998/4793/4 2978/4785/4 2981/4787/4
f 3862/4794/4 2997/4786/4 2980/4788/4
f 3001/4795/12 2983/4796/12 2979/4797/12
f 3001/4750/4 3003/4749/4 3004/4798/4
f 3004/4798/4 3003/4749/4 3002/4776/4
f 3005/4771/127 3007/4799/127 3008/4800/127
f 3008/4800/128 3007/4799/128 3006/4789/128
f 3004/4801/117 3006/4802/117 3001/4795/117
f 3002/4772/118 3008/4803/118 3004/4804/118
f 2990/4805/5 3010/4806/5 2987/4807/5
f 2989/4808/129 3011/4809/129 2988/4810/129
f 2993/4811/130 3015/4812/130 2994/4813/130
f 2994/4814/2 3013/4815/2 2990/4816/2
f 2986/4817/3 3012/4818/3 2989/4808/3
f 2987/4807/131 3009/4819/131 2986/4820/131
f 3860/4821/5 3014/4822/5 2993/4811/5
f 2988/4781/12 3889/4823/12 3864/4824/12
f 3030/4825/3 3026/4826/3 3025/4827/3
f 3018/3686/1 3017/4034/1 3019/4033/1
f 3021/4828/4 3023/4829/4 3022/4830/4
f 3028/4831/104 3020/4832/104 3030/4833/104
f 3031/4834/2 3023/4835/2 3028/4836/2
f 3029/4837/3 3020/4838/3 3021/4839/3
f 3016/4840/3 3026/4826/3 3017/4841/3
f 3019/4842/2 3024/4843/2 3018/4844/2
f 3018/4845/12 3025/4846/12 3016/4847/12
f 3027/4848/2 3028/4836/2 3024/4843/2
f 3028/4849/105 3025/4850/105 3024/4851/105
f 3046/4852/3 3042/4853/3 3041/4854/3
f 3034/4855/1 3033/4856/1 3035/3913/1
f 3037/4857/4 3039/4858/4 3038/4859/4
f 3044/4860/104 3036/4861/104 3046/4862/104
f 3047/4863/2 3039/4864/2 3044/4865/2
f 3045/4866/3 3036/4867/3 3037/4868/3
f 3032/4869/3 3042/4853/3 3033/4870/3
f 3035/4871/2 3040/4872/2 3034/4873/2
f 3034/4874/12 3041/4875/12 3032/4876/12
f 3043/4877/2 3044/4865/2 3040/4872/2
f 3044/4878/105 3041/4879/105 3040/4880/105
f 3062/4881/3 3058/4882/3 3057/4883/3
f 3050/4884/1 3049/4885/1 3051/4886/1
f 3053/4887/4 3055/4888/4 3054/4889/4
f 3060/4890/104 3052/4891/104 3062/4892/104
f 3063/4893/2 3055/4894/2 3060/4895/2
f 3061/4896/3 3052/4897/3 3053/4898/3
f 3048/4899/3 3058/4882/3 3049/4900/3
f 3051/4901/2 3056/4902/2 3050/4903/2
f 3050/4904/12 3057/4905/12 3048/4906/12
f 3059/4907/2 3060/4895/2 3056/4902/2
f 3060/4908/105 3057/4909/105 3056/4910/105
f 3078/4911/3 3074/4912/3 3073/4913/3
f 3066/4914/1 3065/4915/1 3067/4916/1
f 3069/4917/4 3071/4918/4 3070/4919/4
f 3076/4920/104 3068/4921/104 3078/4922/104
f 3079/4923/2 3071/4924/2 3076/4925/2
f 3077/4926/3 3068/4927/3 3069/4928/3
f 3064/4929/3 3074/4912/3 3065/4930/3
f 3067/4931/2 3072/4932/2 3066/4933/2
f 3066/4934/12 3073/4935/12 3064/4936/12
f 3075/4937/2 3076/4925/2 3072/4932/2
f 3076/4938/105 3073/4939/105 3072/4940/105
f 3094/4941/3 3090/4942/3 3089/4943/3
f 3082/3802/1 3081/4944/1 3083/4945/1
f 3085/4889/4 3087/4946/4 3086/4947/4
f 3092/4948/104 3084/4949/104 3094/4950/104
f 3095/4951/2 3087/4952/2 3092/4953/2
f 3093/4954/3 3084/4955/3 3085/4956/3
f 3080/4957/3 3090/4942/3 3081/4958/3
f 3083/4959/2 3088/4960/2 3082/4961/2
f 3082/4962/12 3089/4963/12 3080/4964/12
f 3091/4965/2 3092/4953/2 3088/4960/2
f 3092/4966/105 3089/4967/105 3088/4968/105
f 3110/4969/3 3106/4827/3 3105/4970/3
f 3098/4971/1 3097/4972/1 3099/4973/1
f 3101/4974/4 3103/4975/4 3102/4976/4
f 3108/4977/104 3100/4978/104 3110/4979/104
f 3111/4980/2 3103/4981/2 3108/4982/2
f 3109/4983/3 3100/4984/3 3101/4985/3
f 3096/4986/3 3106/4827/3 3097/4840/3
f 3099/4987/2 3104/4988/2 3098/4989/2
f 3098/4990/12 3105/4991/12 3096/4992/12
f 3107/4993/2 3108/4982/2 3104/4988/2
f 3108/4994/105 3105/4995/105 3104/4996/105
f 3112/4997/12 3115/4998/12 3114/4999/12
f 3119/5000/5 3116/5001/5 3118/5002/5
f 3117/5003/3 3112/5004/3 3116/5005/3
f 3118/1180/4 3112/5006/4 3114/992/4
f 3115/5007/1 3117/3564/1 3119/5008/1
f 3121/5009/12 3122/5010/12 3120/5011/12
f 3127/5012/5 3124/5013/5 3126/5014/5
f 3125/1221/3 3120/5015/3 3124/1219/3
f 3126/5016/4 3120/1206/4 3122/1208/4
f 3123/5017/1 3125/1207/1 3127/5018/1
f 3129/5019/12 3130/5020/12 3128/5021/12
f 3135/5022/5 3132/5023/5 3134/5024/5
f 3133/5025/3 3128/5026/3 3132/5027/3
f 3134/3590/4 3128/890/4 3130/4298/4
f 3131/5028/1 3133/4312/1 3135/5029/1
f 3137/5030/12 3138/5031/12 3136/5032/12
f 3139/5033/2 3142/5034/2 3138/5035/2
f 3142/5036/5 3141/5037/5 3140/5038/5
f 3141/5039/3 3136/3597/3 3140/5040/3
f 3142/1241/4 3136/1260/4 3138/5041/4
f 3139/5042/1 3141/5043/1 3143/903/1
f 3145/5044/3 3146/5045/3 3144/5046/3
f 3151/5047/2 3148/5048/2 3150/5049/2
f 3149/5050/5 3144/5051/5 3148/5052/5
f 3146/5053/4 3148/5054/4 3144/5055/4
f 3147/5056/1 3149/5057/1 3151/5058/1
f 3774/3622/12 3152/5059/12 3775/5060/12
f 3163/5061/3 3157/5062/3 3164/5063/3
f 3173/5064/12 3158/3637/12 3171/5065/12
f 3166/5066/132 3160/5067/132 3163/5068/132
f 3164/5063/133 3158/5069/133 3165/5070/133
f 3154/5071/133 3165/5070/133 3153/5072/133
f 3156/5073/132 3163/5068/132 3155/5074/132
f 3153/3646/12 3173/5064/12 3169/5075/12
f 3155/5076/3 3164/5063/3 3154/5071/3
f 3161/5077/12 3172/5078/12 3167/5079/12
f 3172/5078/12 3162/5080/12 3167/5079/12
f 3172/5078/12 3171/5065/12 3170/5081/12
f 3168/3648/12 3173/5064/12 3172/5078/12
f 3183/5082/1 3184/5083/1 3185/5084/1
f 3189/3713/4 3187/5085/4 3188/5086/4
f 3186/5087/134 3194/5088/134 3196/5089/134
f 3189/5090/5 3197/5091/5 3194/5092/5
f 3195/5093/12 3186/5094/12 3196/5095/12
f 3192/5096/12 3182/5097/12 3183/5098/12
f 3190/5099/5 3185/5100/5 3184/5101/5
f 3191/5102/3 3184/5103/3 3182/5104/3
f 3193/5105/5 3194/5092/5 3197/5091/5
f 3191/5106/135 3194/5107/135 3190/5108/135
f 3208/5109/12 3212/5110/12 3207/5111/12
f 3199/5112/1 3200/4062/1 3201/5113/1
f 3205/5114/4 3203/5115/4 3204/5116/4
f 3202/5117/134 3210/5118/134 3212/5119/134
f 3205/5120/5 3213/5121/5 3210/5122/5
f 3211/5123/12 3202/5124/12 3212/5110/12
f 3208/5109/12 3198/5125/12 3199/5126/12
f 3206/5127/5 3201/5128/5 3200/5129/5
f 3207/5130/3 3200/5131/3 3198/5132/3
f 3209/5133/5 3210/5122/5 3213/5121/5
f 3207/5134/135 3210/5135/135 3206/5136/135
f 3224/5137/12 3228/5138/12 3223/5139/12
f 3215/5140/1 3216/5113/1 3217/5141/1
f 3221/5142/4 3219/5143/4 3220/5144/4
f 3218/5145/134 3226/5146/134 3228/5147/134
f 3221/5148/5 3229/5149/5 3226/5150/5
f 3227/5151/12 3218/5152/12 3228/5138/12
f 3224/5137/12 3214/5153/12 3215/5097/12
f 3222/5154/5 3217/5155/5 3216/5156/5
f 3223/5157/3 3216/5158/3 3214/5159/3
f 3225/5160/5 3226/5150/5 3229/5149/5
f 3223/5161/135 3226/5162/135 3222/5163/135
f 3240/5164/12 3244/5165/12 3239/5166/12
f 3231/5167/1 3232/5168/1 3233/5169/1
f 3237/5170/4 3235/4917/4 3236/5085/4
f 3234/5171/134 3242/5172/134 3244/5173/134
f 3237/5174/5 3245/5175/5 3242/5176/5
f 3243/5177/12 3234/5178/12 3244/5165/12
f 3240/5164/12 3230/5179/12 3231/5180/12
f 3238/5181/5 3233/5182/5 3232/5183/5
f 3239/5184/3 3232/5185/3 3230/5186/3
f 3256/5187/3 3260/5188/3 3255/5189/3
f 3241/5190/5 3242/5176/5 3245/5175/5
f 3239/5191/135 3242/5192/135 3238/5193/135
f 3247/4944/1 3248/3826/1 3249/4945/1
f 3253/5194/4 3251/5195/4 3252/5196/4
f 3250/5197/101 3258/5198/101 3260/5199/101
f 3253/5200/2 3261/5201/2 3258/5202/2
f 3259/5203/3 3250/5204/3 3260/5188/3
f 3256/5187/3 3246/5205/3 3247/5206/3
f 3254/5207/2 3249/5208/2 3248/5209/2
f 3255/5210/5 3248/5211/5 3246/5212/5
f 3257/5213/2 3258/5202/2 3261/5201/2
f 3255/5214/102 3258/3695/102 3254/5215/102
f 3272/5216/3 3276/5217/3 3271/5218/3
f 3263/5219/1 3264/3800/1 3265/5220/1
f 3269/5221/4 3267/5222/4 3268/5223/4
f 3266/5224/101 3274/5225/101 3276/5226/101
f 3269/5227/2 3277/5228/2 3274/5229/2
f 3275/5230/3 3266/5231/3 3276/5217/3
f 3272/5216/3 3262/5232/3 3263/5233/3
f 3270/5234/2 3265/5235/2 3264/5236/2
f 3271/5237/5 3264/3875/5 3262/3877/5
f 3273/5238/2 3274/5229/2 3277/5228/2
f 3271/3725/103 3274/5239/103 3270/5240/103
f 3279/5241/1 3280/4971/1 3281/5242/1
f 3285/5243/4 3283/5244/4 3284/5245/4
f 3282/5246/101 3290/5247/101 3292/5248/101
f 3285/5249/2 3293/5250/2 3290/5251/2
f 3291/5252/3 3282/5253/3 3292/5254/3
f 3288/5255/3 3278/5256/3 3279/5257/3
f 3286/5258/2 3281/5259/2 3280/5260/2
f 3287/5261/5 3280/4683/5 3278/5262/5
f 3289/5263/2 3290/5251/2 3293/5250/2
f 3287/3663/102 3290/5264/102 3286/5265/102
f 3304/5266/3 3308/5267/3 3303/5268/3
f 3295/4884/1 3296/5242/1 3297/5269/1
f 3301/3744/4 3299/5270/4 3300/3745/4
f 3298/5271/101 3306/5272/101 3308/5273/101
f 3301/5274/2 3309/5275/2 3306/5276/2
f 3307/5277/3 3298/5278/3 3308/5267/3
f 3304/5266/3 3294/5279/3 3295/5280/3
f 3302/5281/2 3297/5282/2 3296/5283/2
f 3303/5284/5 3296/4108/5 3294/3869/5
f 3305/5285/2 3306/5276/2 3309/5275/2
f 3303/5286/103 3306/5287/103 3302/5288/103
f 3320/5289/12 3324/5290/12 3319/5291/12
f 3311/5292/1 3312/4723/1 3313/3746/1
f 3317/5293/4 3315/5294/4 3316/5295/4
f 3314/5296/134 3322/5297/134 3324/5298/134
f 3317/5299/5 3325/5300/5 3322/5301/5
f 3323/5302/12 3314/5303/12 3324/5290/12
f 3320/5289/12 3310/5304/12 3311/5305/12
f 3318/5306/5 3313/5307/5 3312/5308/5
f 3319/5309/3 3312/5310/3 3310/5311/3
f 3321/5312/5 3322/5301/5 3325/5300/5
f 3319/5313/135 3322/5314/135 3318/5315/135
f 3336/5316/12 3340/5317/12 3335/5318/12
f 3327/5319/1 3328/5320/1 3329/5321/1
f 3333/5322/4 3331/5323/4 3332/5324/4
f 3330/5325/134 3338/5326/134 3340/5327/134
f 3333/5328/5 3341/5329/5 3338/5330/5
f 3339/5331/12 3330/5332/12 3340/5317/12
f 3336/5316/12 3326/5333/12 3327/5334/12
f 3334/5335/5 3329/5336/5 3328/5337/5
f 3335/5338/3 3328/5339/3 3326/5340/3
f 3337/5341/5 3338/5330/5 3341/5329/5
f 3335/5342/135 3338/5343/135 3334/5344/135
f 3352/5345/12 3356/5346/12 3351/5347/12
f 3343/4002/1 3344/5136/1 3345/5348/1
f 3349/5349/4 3347/5350/4 3348/5351/4
f 3346/5352/134 3354/5353/134 3356/5354/134
f 3349/5355/5 3357/5356/5 3354/5357/5
f 3355/5358/12 3346/5359/12 3356/5346/12
f 3352/5345/12 3342/5360/12 3343/5361/12
f 3350/5362/5 3345/5363/5 3344/5364/5
f 3351/5365/3 3344/5366/3 3342/5367/3
f 3353/5368/5 3354/5357/5 3357/5356/5
f 3351/5369/135 3354/5370/135 3350/5371/135
f 3368/3698/12 3372/5372/12 3367/5345/12
f 3359/5373/1 3360/5374/1 3361/5375/1
f 3365/5376/4 3363/5377/4 3364/5378/4
f 3362/5379/134 3370/5380/134 3372/5381/134
f 3365/5382/5 3373/5383/5 3370/5384/5
f 3371/5385/12 3362/5386/12 3372/5372/12
f 3368/3698/12 3358/5387/12 3359/5388/12
f 3366/5389/5 3361/5390/5 3360/5391/5
f 3367/5392/3 3360/5367/3 3358/5117/3
f 3369/5393/5 3370/5384/5 3373/5383/5
f 3367/5394/135 3370/5395/135 3366/5396/135
f 3384/5397/2 3388/5398/2 3383/5399/2
f 3375/5400/1 3376/4915/1 3377/5401/1
f 3381/5402/4 3379/5403/4 3380/5404/4
f 3378/5405/104 3386/5406/104 3388/5407/104
f 3381/5408/3 3389/5409/3 3386/5410/3
f 3387/5411/2 3378/5412/2 3388/5398/2
f 3384/5397/2 3374/5413/2 3375/5414/2
f 3382/5415/3 3377/5416/3 3376/5417/3
f 3383/5418/12 3376/5419/12 3374/5420/12
f 3385/5421/3 3386/5410/3 3389/5409/3
f 3383/5422/105 3386/5423/105 3382/5424/105
f 3400/5425/2 3404/5426/2 3399/5427/2
f 3391/5428/1 3392/5321/1 3393/5429/1
f 3397/5430/4 3395/4036/4 3396/5244/4
f 3394/5431/104 3402/5432/104 3404/5433/104
f 3397/5434/3 3405/5435/3 3402/5436/3
f 3403/5437/2 3394/5438/2 3404/5426/2
f 3400/5425/2 3390/5439/2 3391/5440/2
f 3398/5441/3 3393/5442/3 3392/5443/3
f 3399/5444/12 3392/5445/12 3390/5446/12
f 3401/5447/3 3402/5436/3 3405/5435/3
f 3399/5448/105 3402/5449/105 3398/5450/105
f 3416/5451/2 3420/5452/2 3415/5453/2
f 3407/5454/1 3408/5455/1 3409/5456/1
f 3413/5457/4 3411/4857/4 3412/5458/4
f 3410/5459/104 3418/5460/104 3420/5461/104
f 3413/5462/3 3421/5463/3 3418/5464/3
f 3419/5465/2 3410/5466/2 3420/5452/2
f 3416/5451/2 3406/5467/2 3407/5468/2
f 3414/5469/3 3409/5470/3 3408/5471/3
f 3415/5472/12 3408/5473/12 3406/5474/12
f 3417/5475/3 3418/5464/3 3421/5463/3
f 3415/5476/105 3418/5477/105 3414/5478/105
f 3432/5479/2 3436/5480/2 3431/5481/2
f 3423/3711/1 3424/5401/1 3425/3712/1
f 3429/5482/4 3427/3774/4 3428/5483/4
f 3426/5484/104 3434/5485/104 3436/5486/104
f 3429/5487/3 3437/5488/3 3434/5489/3
f 3435/5490/2 3426/5491/2 3436/5480/2
f 3432/5479/2 3422/5492/2 3423/5493/2
f 3430/5494/3 3425/5495/3 3424/5496/3
f 3431/4712/12 3424/5497/12 3422/5498/12
f 3288/5255/3 3292/5254/3 3287/5499/3
f 3433/5500/3 3434/5489/3 3437/5488/3
f 3431/5501/105 3434/5502/105 3430/5503/105
f 3192/5096/12 3196/5095/12 3191/5137/12
f 3442/5504/12 3443/5505/12 3440/5506/12
f 3445/5507/1 3443/4153/1 3446/5508/1
f 3462/5509/12 3438/5510/12 3453/5511/12
f 3441/5512/4 3442/4481/4 3440/5513/4
f 3455/5514/2 3458/5515/2 3466/5516/2
f 3440/5506/12 3462/5509/12 3457/5517/12
f 3448/5518/3 3440/5519/3 3439/5520/3
f 3439/5521/12 3457/5517/12 3452/5522/12
f 3467/2082/12 3458/5523/12 3465/5524/12
f 3444/5525/12 3450/5526/12 3451/5527/12
f 3444/5528/3 3438/5529/3 3443/5530/3
f 3456/5531/12 3464/5532/12 3459/5533/12
f 3457/5517/12 3455/5534/12 3452/5522/12
f 3460/2330/1 3463/5535/1 3464/2317/1
f 3462/5509/12 3454/5536/12 3460/5537/12
f 3459/5538/4 3458/1539/4 3456/5539/4
f 3448/5540/12 3447/5541/12 3441/4460/12
f 3457/5517/12 3460/5537/12 3456/5531/12
f 3461/5542/12 3468/5543/12 3463/1586/12
f 3454/5544/2 3461/5545/2 3460/5546/2
f 3471/5547/12 3481/5548/12 3477/5549/12
f 3479/5550/12 3470/5551/12 3473/5552/12
f 3471/5547/12 3478/5553/12 3472/5554/12
f 3470/5551/12 3480/5555/12 3474/5556/12
f 3475/5557/12 3480/5555/12 3481/5548/12
f 3504/5558/12 3473/5552/12 3496/5559/12
f 3472/5554/12 3505/5560/12 3497/5561/12
f 3483/5562/94 3478/5563/94 3477/5564/94
f 3476/1858/3 3486/5565/3 3480/5566/3
f 3480/5566/3 3487/5567/3 3481/5568/3
f 3512/5569/4 3479/5570/4 3504/5571/4
f 3484/5572/95 3505/5573/95 3478/5563/95
f 3481/5568/3 3483/5574/3 3477/5575/3
f 3485/5576/4 3476/2106/4 3479/5570/4
f 3489/5577/2 3475/5578/2 3471/5579/2
f 3488/5580/1 3473/5581/1 3470/5582/1
f 3490/5583/96 3471/5584/96 3472/5585/96
f 3492/5586/2 3470/5587/2 3474/5588/2
f 3493/5589/2 3474/5588/2 3475/5578/2
f 3491/5590/1 3496/5591/1 3473/5581/1
f 3521/5592/96 3472/5585/96 3497/5593/96
f 3495/5594/12 3509/5595/12 3501/5596/12
f 3494/5597/12 3507/5598/12 3499/5599/12
f 3495/5594/12 3506/5600/12 3503/5601/12
f 3508/5602/12 3494/5597/12 3500/5603/12
f 3501/5596/12 3508/5602/12 3500/5603/12
f 3499/5599/12 3504/5558/12 3496/5559/12
f 3498/5604/12 3505/5560/12 3506/5600/12
f 3506/5605/91 3511/5606/91 3503/5607/91
f 3516/5608/2 3502/2500/2 3508/5609/2
f 3517/5610/2 3508/5609/2 3509/5611/2
f 3507/5612/4 3512/5569/4 3504/5571/4
f 3505/5573/92 3514/5613/92 3506/5605/92
f 3511/5614/2 3509/5611/2 3503/5615/2
f 3502/2149/4 3515/5616/4 3507/5612/4
f 3501/5617/3 3519/5618/3 3495/2764/3
f 3499/5619/1 3518/5620/1 3494/5621/1
f 3495/5622/93 3522/5623/93 3498/5624/93
f 3494/2757/3 3524/5625/3 3500/5626/3
f 3500/5626/3 3525/5627/3 3501/5617/3
f 3496/5591/1 3523/5628/1 3499/5619/1
f 3498/5624/93 3521/5592/93 3497/5593/93
f 3535/5629/3 3527/5630/3 3534/5631/3
f 3537/5632/2 3533/5633/2 3536/5634/2
f 3534/5635/12 3531/1420/12 3537/5636/12
f 3526/5637/4 3532/2402/4 3528/2404/4
f 3531/5638/1 3529/5639/1 3533/5640/1
f 3539/5641/2 3537/5632/2 3530/5642/2
f 3530/5642/2 3536/5634/2 3532/5643/2
f 3528/5644/3 3534/5631/3 3526/5645/3
f 3540/2619/12 3538/5646/12 3539/2617/12
f 3538/5647/1 3534/1437/1 3537/5648/1
f 3541/5649/3 3526/5645/3 3534/5631/3
f 3540/2636/4 3530/5650/4 3526/5637/4
f 3152/5651/1 3170/5652/1 3171/5653/1
f 3544/5654/5 3543/5655/5 3542/5656/5
f 3548/5657/12 3547/5658/12 3549/5659/12
f 3542/5660/3 3547/5661/3 3546/5662/3
f 3542/5663/4 3548/5664/4 3544/5665/4
f 3547/5666/1 3545/5667/1 3549/5668/1
f 3552/5669/5 3551/5670/5 3550/5671/5
f 3571/5672/1 3569/1272/1 3573/1271/1
f 3554/5673/12 3557/5674/12 3556/5675/12
f 3550/5058/3 3555/5676/3 3554/5677/3
f 3550/892/4 3556/5006/4 3552/4299/4
f 3555/1035/1 3553/1261/1 3557/5678/1
f 3558/5679/5 3561/5680/5 3559/5681/5
f 3566/5682/4 3572/5683/4 3568/5684/4
f 3562/5685/12 3565/5686/12 3564/5687/12
f 3558/5688/3 3563/5689/3 3562/5690/3
f 3560/3605/4 3562/3563/4 3564/3565/4
f 3563/4300/1 3561/5691/1 3565/1221/1
f 3566/5039/3 3571/5677/3 3570/5676/3
f 3570/5692/12 3573/5011/12 3572/5693/12
f 3568/5694/5 3567/5695/5 3566/5696/5
f 3575/5697/12 3587/5698/12 3583/5699/12
f 3585/5700/12 3574/5701/12 3577/5702/12
f 3575/5697/12 3584/5703/12 3576/5704/12
f 3581/5705/12 3588/5706/12 3580/5707/12
f 3579/5708/12 3586/5709/12 3587/5698/12
f 3618/5710/12 3577/5702/12 3608/5711/12
f 3574/5701/12 3589/5712/12 3581/5705/12
f 3578/5713/12 3588/5706/12 3586/5709/12
f 3576/5704/12 3619/5714/12 3609/5715/12
f 3591/5716/94 3584/5717/94 3583/5718/94
f 3589/5719/3 3596/5720/3 3588/5721/3
f 3586/5722/3 3595/5723/3 3587/5724/3
f 3628/5725/4 3585/5726/4 3618/5727/4
f 3582/5728/3 3597/5729/3 3589/5719/3
f 3588/5721/3 3594/5730/3 3586/5722/3
f 3592/5731/95 3619/5732/95 3584/5717/95
f 3587/5724/3 3591/5733/3 3583/5734/3
f 3593/5735/4 3582/5736/4 3585/5726/4
f 3599/5737/2 3579/5738/2 3575/5739/2
f 3598/5740/1 3577/5741/1 3574/1992/1
f 3600/5742/96 3575/5743/96 3576/5744/96
f 3604/5745/2 3581/5746/2 3580/5747/2
f 3603/5748/2 3578/5749/2 3579/5738/2
f 3601/5750/1 3608/5751/1 3577/5741/1
f 3605/5752/2 3574/5753/2 3581/5746/2
f 3602/5754/2 3580/5747/2 3578/5749/2
f 3639/5755/96 3576/5744/96 3609/5756/96
f 3607/5757/12 3623/5758/12 3613/5759/12
f 3606/5760/12 3621/5761/12 3611/5762/12
f 3607/5757/12 3620/5763/12 3617/5764/12
f 3624/5765/12 3615/5766/12 3614/5767/12
f 3613/5759/12 3622/5768/12 3612/5769/12
f 3611/5762/12 3618/5710/12 3608/5711/12
f 3625/5770/12 3606/5760/12 3615/5766/12
f 3612/5769/12 3624/5765/12 3614/5767/12
f 3610/5771/12 3619/5714/12 3620/5763/12
f 3620/5772/91 3627/2752/91 3617/5773/91
f 3634/5774/2 3625/5775/2 3624/5776/2
f 3633/5777/2 3622/5778/2 3623/5779/2
f 3621/5780/4 3628/5725/4 3618/5727/4
f 3635/5781/2 3616/5782/2 3625/5775/2
f 3632/5783/2 3624/5776/2 3622/5778/2
f 3619/5732/92 3630/5784/92 3620/5772/92
f 3627/5785/2 3623/5779/2 3617/5786/2
f 3616/3231/4 3631/5787/4 3621/5780/4
f 3613/5788/3 3637/4360/3 3607/5789/3
f 3611/5790/1 3636/5791/1 3606/5792/1
f 3607/5793/93 3640/5794/93 3610/5795/93
f 3615/5796/3 3644/4369/3 3614/5797/3
f 3612/5798/3 3643/4358/3 3613/5788/3
f 3608/5751/1 3641/5799/1 3611/5790/1
f 3606/5800/3 3645/4367/3 3615/5796/3
f 3614/5797/3 3642/4370/3 3612/5798/3
f 3610/5795/93 3639/5755/93 3609/5756/93
f 3652/5801/12 3653/5802/12 3648/5803/12
f 3661/4124/3 3666/5804/3 3647/5805/3
f 3656/5806/1 3653/5807/1 3657/1361/1
f 3681/5808/12 3646/5809/12 3669/5810/12
f 3651/4484/4 3652/5811/4 3648/4483/4
f 3654/5812/4 3667/5813/4 3666/2359/4
f 3662/5814/12 3675/5815/12 3686/5816/12
f 3660/5817/1 3662/3501/1 3658/5818/1
f 3648/5803/12 3681/5808/12 3675/5815/12
f 3666/5819/12 3686/5816/12 3691/5820/12
f 3667/5821/12 3662/5814/12 3666/5819/12
f 3650/5822/3 3648/5823/3 3662/5824/3
f 3663/5825/12 3654/5826/12 3661/5827/12
f 3655/5828/12 3664/5829/12 3665/5830/12
f 3660/5831/12 3651/1682/12 3650/5832/12
f 3655/5833/3 3646/5834/3 3653/5835/3
f 3647/5836/12 3691/5820/12 3668/5837/12
f 3678/5838/12 3677/5839/12 3672/5840/12
f 3694/5841/2 3688/5842/2 3671/5843/2
f 3678/3492/1 3682/5844/1 3683/5845/1
f 3681/5808/12 3670/5846/12 3678/5838/12
f 3677/5847/4 3676/3276/4 3672/5848/4
f 3695/5849/4 3679/5850/4 3694/5851/4
f 3675/5815/12 3689/5852/12 3686/5816/12
f 3689/5853/1 3687/5854/1 3684/3506/1
f 3681/5808/12 3672/5840/12 3675/5815/12
f 3686/5816/12 3694/5855/12 3691/5820/12
f 3689/5852/12 3695/5856/12 3694/5855/12
f 3672/5857/2 3674/5858/2 3689/5859/2
f 3679/5860/12 3690/3321/12 3688/5861/12
f 3680/5862/12 3692/5863/12 3682/5864/12
f 3676/5865/12 3687/5866/12 3674/5867/12
f 3670/5868/2 3680/5869/2 3678/5870/2
f 3691/5820/12 3671/5871/12 3668/5837/12
f 3705/5872/3 3697/5873/3 3704/5874/3
f 3707/5875/2 3703/5876/2 3706/5877/2
f 3704/5878/12 3701/5879/12 3707/5880/12
f 3696/5881/4 3702/5882/4 3698/5883/4
f 3701/5884/1 3699/5885/1 3703/5886/1
f 3709/5887/2 3707/5875/2 3700/5888/2
f 3700/5888/2 3706/5877/2 3702/5889/2
f 3698/5890/3 3704/5874/3 3696/5891/3
f 3710/5892/12 3708/5893/12 3709/5894/12
f 3708/5895/1 3704/5896/1 3707/5897/1
f 3711/5898/3 3696/5891/3 3704/5874/3
f 3710/1810/4 3700/5899/4 3696/5881/4
f 3717/5900/1 3715/1009/1 3719/3606/1
f 3712/5901/4 3718/5902/4 3714/5903/4
f 3712/5904/12 3717/4535/12 3716/5905/12
f 3716/5906/2 3719/5907/2 3718/5908/2
f 3714/5909/3 3713/5910/3 3712/5911/3
f 3167/5912/2 3721/5913/2 3161/5914/2
f 3162/5915/2 3720/5916/2 3167/5912/2
f 3754/5917/4 3749/5918/4 3746/5919/4
f 3743/4552/5 3724/5920/5 3742/4553/5
f 3728/5921/131 3725/5922/131 3724/5920/131
f 3729/5923/3 3722/5924/3 3725/5925/3
f 3726/5926/129 3723/5927/129 3722/5924/129
f 3729/5928/136 3730/5929/136 3726/5930/136
f 3730/5929/137 3727/5931/137 3726/5930/137
f 3743/4566/110 3732/5932/110 3728/5933/110
f 3728/5933/138 3733/5934/138 3729/5928/138
f 3758/5935/139 3734/5936/139 3736/5937/139
f 3736/5938/2 3755/5939/2 3758/5940/2
f 3735/5941/4 3750/5942/4 3749/5918/4
f 3737/5943/113 3736/5937/113 3739/5944/113
f 3736/5945/12 3741/4580/12 3735/5946/12
f 3737/5943/113 3738/4583/113 3736/5937/113
f 3723/5947/4 3745/5948/4 3722/5949/4
f 3725/5950/4 3747/5951/4 3724/5952/4
f 3734/5936/114 3760/5953/114 3759/5954/114
f 3735/5941/4 3751/4592/4 3750/5942/4
f 3722/5949/4 3748/5955/4 3725/5950/4
f 3742/4595/4 3747/5951/4 3752/5956/4
f 3727/5957/12 3754/5958/12 3723/5959/12
f 3754/5917/4 3757/5960/4 3756/5961/4
f 3757/5960/4 3755/5962/4 3756/5961/4
f 3758/5935/140 3761/5963/140 3760/5953/140
f 3761/5963/141 3759/5954/141 3760/5953/141
f 3759/5964/142 3757/5965/142 3754/5958/142
f 3761/5966/143 3755/5939/143 3757/5967/143
f 3767/5056/1 3765/5016/1 3769/5968/1
f 3762/1205/4 3768/5969/4 3764/5970/4
f 3762/5971/2 3767/5972/2 3766/5973/2
f 3766/5974/5 3769/5975/5 3768/5976/5
f 3764/5977/12 3763/5978/12 3762/5979/12
f 3768/5980/3 3765/4610/3 3764/4612/3
f 3776/4623/12 3773/5981/12 3777/4624/12
f 3720/5916/2 3770/4625/2 3721/5913/2
f 3772/4627/5 3166/5066/5 3156/5073/5
f 3753/4629/5 3159/5982/5 3166/5066/5
f 3774/4631/4 3773/5983/4 3720/5984/4
f 3788/5985/2 3792/5986/2 3787/5987/2
f 3779/3972/1 3780/5988/1 3781/5989/1
f 3785/4035/4 3783/4696/4 3784/5990/4
f 3782/5991/104 3790/5992/104 3792/5993/104
f 3785/5994/3 3793/5995/3 3790/5996/3
f 3791/5997/2 3782/5998/2 3792/5986/2
f 3788/5985/2 3778/5999/2 3779/6000/2
f 3786/6001/3 3781/6002/3 3780/6003/3
f 3787/6004/12 3780/6005/12 3778/6006/12
f 3789/6007/3 3790/5996/3 3793/5995/3
f 3787/6008/105 3790/6009/105 3786/6010/105
f 3804/6011/2 3808/6012/2 3803/6013/2
f 3795/4665/1 3796/4003/1 3797/6014/1
f 3801/6015/4 3799/4006/4 3800/6016/4
f 3798/6017/104 3806/6018/104 3808/6019/104
f 3801/6020/3 3809/6021/3 3806/6022/3
f 3807/6023/2 3798/6024/2 3808/6012/2
f 3804/6011/2 3794/6025/2 3795/6026/2
f 3802/6027/3 3797/6028/3 3796/4890/3
f 3803/4022/12 3796/4934/12 3794/6029/12
f 3805/6030/3 3806/6022/3 3809/6021/3
f 3803/6031/105 3806/6032/105 3802/6033/105
f 3820/6034/2 3824/6035/2 3819/6036/2
f 3811/6037/1 3812/3771/1 3813/6038/1
f 3817/6039/4 3815/6040/4 3816/6041/4
f 3814/6042/104 3822/6043/104 3824/6044/104
f 3817/6045/3 3825/6046/3 3822/6047/3
f 3823/6048/2 3814/6049/2 3824/6035/2
f 3820/6034/2 3810/6050/2 3811/6051/2
f 3818/6052/3 3813/6053/3 3812/6054/3
f 3819/6055/12 3812/6056/12 3810/6057/12
f 3821/6058/3 3822/6047/3 3825/6046/3
f 3819/6059/105 3822/6060/105 3818/6061/105
f 3836/6062/2 3840/6063/2 3835/6064/2
f 3827/6065/1 3828/6066/1 3829/6067/1
f 3833/4695/4 3831/6068/4 3832/6069/4
f 3830/6070/104 3838/6071/104 3840/6072/104
f 3833/6073/3 3841/6074/3 3838/6075/3
f 3839/6076/2 3830/6077/2 3840/6063/2
f 3836/6062/2 3826/6078/2 3827/6079/2
f 3834/6080/3 3829/6081/3 3828/6082/3
f 3835/6083/12 3828/3846/12 3826/3848/12
f 3837/6084/3 3838/6075/3 3841/6074/3
f 3835/6085/105 3838/6086/105 3834/6087/105
f 3873/6088/4 3869/6089/4 3866/6090/4
f 3863/4752/5 3844/6091/5 3862/4753/5
f 3848/6092/131 3845/6093/131 3844/6091/131
f 3849/6094/3 3842/6095/3 3845/6096/3
f 3846/6097/129 3843/6098/129 3842/6095/129
f 3853/6099/144 3846/6100/144 3849/6101/144
f 3850/6102/145 3847/5933/145 3846/6100/145
f 3863/4765/121 3852/6103/121 3848/6104/121
f 3848/6104/146 3853/6099/146 3849/6101/146
f 3877/6105/147 3854/6106/147 3856/6107/147
f 3856/6108/2 3874/6109/2 3877/6110/2
f 3855/6111/4 3870/6112/4 3869/6089/4
f 3857/6113/148 3856/6107/148 3859/6114/148
f 3856/6115/12 3861/4779/12 3855/6116/12
f 3857/6113/125 3858/4782/125 3856/6107/125
f 3843/6117/4 3865/6118/4 3842/6119/4
f 3845/6120/4 3867/6121/4 3844/6122/4
f 3854/6106/126 3879/6123/126 3878/6124/126
f 3855/6111/4 3871/4791/4 3870/6112/4
f 3842/6119/4 3868/6125/4 3845/6120/4
f 3862/4794/4 3867/6121/4 3872/6126/4
f 3847/6127/12 3873/6128/12 3843/6129/12
f 3873/6088/4 3876/6130/4 3875/6131/4
f 3876/6130/4 3874/6132/4 3875/6131/4
f 3877/6105/149 3880/6133/149 3879/6123/149
f 3880/6133/150 3878/6124/150 3879/6123/150
f 3878/6134/142 3876/6135/142 3873/6128/142
f 3880/6136/143 3874/6109/143 3876/6137/143
f 3882/6138/5 3854/6139/5 3851/6140/5
f 3883/6141/107 3853/6142/107 3852/6143/107
f 3887/6144/151 3857/6145/151 3859/4582/151
f 3885/6146/3 3859/6147/3 3854/6148/3
f 3884/6149/2 3850/6150/2 3853/6142/2
f 3881/6151/106 3851/6140/106 3850/6152/106
f 3886/6153/5 3860/4821/5 3857/6145/5
f 3889/4823/12 3852/6154/12 3864/4824/12
f 3900/6155/2 3904/6156/2 3899/6157/2
f 3891/6158/1 3892/6159/1 3893/6160/1
f 3897/4918/4 3895/6161/4 3896/4919/4
f 3894/6162/104 3902/6163/104 3904/6164/104
f 3897/6165/3 3905/6166/3 3902/6167/3
f 3903/6168/2 3894/6169/2 3904/6156/2
f 3900/6155/2 3890/6170/2 3891/6171/2
f 3898/6172/3 3893/6173/3 3892/6174/3
f 3899/6175/12 3892/6176/12 3890/6177/12
f 3901/6178/3 3902/6167/3 3905/6166/3
f 3899/6179/105 3902/6180/105 3898/6181/105
f 3916/6182/2 3920/6183/2 3915/6184/2
f 3907/6185/1 3908/6186/1 3909/6187/1
f 3913/6188/4 3911/3917/4 3912/5403/4
f 3910/6189/104 3918/6190/104 3920/6191/104
f 3913/6192/3 3921/6193/3 3918/6194/3
f 3919/6195/2 3910/6196/2 3920/6183/2
f 3916/6182/2 3906/6197/2 3907/6198/2
f 3914/6199/3 3909/6200/3 3908/6164/3
f 3915/6201/12 3908/6202/12 3906/6203/12
f 3917/6204/3 3918/6194/3 3921/6193/3
f 3915/6205/105 3918/6206/105 3914/6207/105
f 3932/6208/2 3936/6209/2 3931/6210/2
f 3923/5220/1 3924/4885/1 3925/5219/1
f 3929/6211/4 3927/6212/4 3928/5115/4
f 3926/6213/104 3934/6214/104 3936/4707/104
f 3929/6215/3 3937/6216/3 3934/6217/3
f 3935/6218/2 3926/6219/2 3936/6209/2
f 3932/6208/2 3922/6220/2 3923/6221/2
f 3930/6222/3 3925/6223/3 3924/6224/3
f 3931/6225/12 3924/6226/12 3922/6227/12
f 3933/6228/3 3934/6217/3 3937/6216/3
f 3931/6229/105 3934/6230/105 3930/6231/105
f 3948/6232/2 3952/6233/2 3947/6234/2
f 3939/4972/1 3940/6235/1 3941/4973/1
f 3945/6236/4 3943/6237/4 3944/6040/4
f 3942/6238/104 3950/6239/104 3952/5417/104
f 3945/6240/3 3953/6241/3 3950/6242/3
f 3951/6243/2 3942/6244/2 3952/6233/2
f 3948/6232/2 3938/6245/2 3939/6246/2
f 3946/6247/3 3941/6248/3 3940/6249/3
f 3947/6250/12 3940/6251/12 3938/6252/12
f 3949/6253/3 3950/6242/3 3953/6241/3
f 3947/6254/105 3950/6255/105 3946/6256/105
f 3964/6257/2 3968/6258/2 3963/6259/2
f 3955/6260/1 3956/6261/1 3957/3717/1
f 3961/6262/4 3959/6263/4 3960/5222/4
f 3958/6264/104 3966/6265/104 3968/6266/104
f 3961/6267/3 3969/6268/3 3966/6269/3
f 3967/6270/2 3958/6271/2 3968/6258/2
f 3964/6257/2 3954/6272/2 3955/6273/2
f 3962/6274/3 3957/6275/3 3956/6276/3
f 3963/6277/12 3956/5474/12 3954/5473/12
f 3965/6278/3 3966/6269/3 3969/6268/3
f 3963/6279/105 3966/6280/105 3962/6281/105
f 3980/6282/2 3984/6283/2 3979/6284/2
f 3971/4914/1 3972/6285/1 3973/6286/1
f 3977/6287/4 3975/6288/4 3976/6289/4
f 3974/6290/104 3982/6291/104 3984/6292/104
f 3977/6293/3 3985/6294/3 3982/6295/3
f 3983/6296/2 3974/6297/2 3984/6283/2
f 3980/6282/2 3970/6298/2 3971/6299/2
f 3978/6300/3 3973/6301/3 3972/6302/3
f 3979/4962/12 3972/6303/12 3970/6304/12
f 3981/6305/3 3982/6295/3 3985/6294/3
f 3979/6306/105 3982/6307/105 3978/6308/105
f 3986/6309/2 3989/6310/2 3987/6311/2
f 3990/6312/3 3993/6313/3 3992/6314/3
f 3986/6315/5 3991/6316/5 3990/6317/5
f 3996/6318/2 3995/6319/2 3994/6320/2
f 4000/6321/3 3999/6322/3 4001/6323/3
f 3991/6324/1 3989/6325/1 3993/6326/1
f 3994/6327/5 3999/6328/5 3998/6329/5
f 3994/6330/152 4000/6331/152 3996/6332/152
f 4001/6333/153 3995/6334/153 3997/6335/153
f 4004/6336/2 4003/6337/2 4002/6338/2
f 4006/6339/3 4009/6340/3 4008/6341/3
f 4002/6342/5 4007/6343/5 4006/6344/5
f 4010/6345/2 4013/6346/2 4011/6347/2
f 4016/6348/3 4015/6349/3 4017/6350/3
f 4009/6351/154 4003/6352/154 4005/6353/154
f 4014/6354/5 4011/6355/5 4015/6356/5
f 4012/6357/155 4014/6358/155 4016/6359/155
f 4017/6360/1 4011/6361/1 4013/6362/1
f 4018/3134/2 4021/6363/2 4019/6364/2
f 4024/6365/3 4023/6366/3 4025/6367/3
f 4018/6368/5 4023/6369/5 4022/6370/5
f 4028/6371/2 4027/6372/2 4026/6373/2
f 4032/6374/3 4031/6375/3 4033/6376/3
f 4023/6377/156 4021/6378/156 4025/6379/156
f 4026/6380/5 4031/6381/5 4030/6382/5
f 4028/6383/157 4030/6384/157 4032/6385/157
f 4033/6386/158 4027/6387/158 4029/6388/158
f 4034/6389/2 4037/6390/2 4035/6391/2
f 4038/6392/3 4041/6393/3 4040/6394/3
f 4034/6395/5 4039/6396/5 4038/6397/5
f 4044/6398/2 4043/6399/2 4042/6400/2
f 4048/6401/3 4047/6402/3 4049/6403/3
f 4039/6404/159 4037/6405/159 4041/6406/159
f 4046/6407/5 4043/6408/5 4047/6409/5
f 4044/6410/160 4046/6411/160 4048/6412/160
f 4047/6413/161 4045/6414/161 4049/6415/161
f 4052/6416/2 4051/6417/2 4050/6418/2
f 4054/6419/3 4057/6420/3 4056/6421/3
f 4050/6422/5 4055/6423/5 4054/6424/5
f 4060/6425/2 4059/6426/2 4058/6427/2
f 4064/6428/3 4063/6429/3 4065/6430/3
f 4057/6431/162 4051/6432/162 4053/6433/162
f 4058/6434/5 4063/6435/5 4062/6436/5
f 4060/6437/163 4062/6438/163 4064/6439/163
f 4065/6440/164 4059/6441/164 4061/6442/164
f 4068/6443/2 4067/6444/2 4066/6445/2
f 4072/6446/3 4071/6447/3 4073/6448/3
f 4066/6449/5 4071/6450/5 4070/6451/5
f 4076/6452/2 4075/6453/2 4074/6454/2
f 4078/6455/3 4081/6456/3 4080/6457/3
f 4073/6458/165 4067/6459/165 4069/6460/165
f 4078/6461/5 4075/6462/5 4079/6463/5
f 4074/6464/166 4080/6465/166 4076/3538/166
f 4079/6466/1 4077/6467/1 4081/6468/1
f 4082/6469/2 4085/6470/2 4083/6471/2
f 4086/6472/3 4089/6473/3 4088/6474/3
f 4082/6475/5 4087/6476/5 4086/6477/5
f 4092/6478/2 4091/6479/2 4090/6480/2
f 4094/6481/3 4097/6482/3 4096/3336/3
f 4087/6483/167 4085/6484/167 4089/6485/167
f 4094/6486/5 4091/6487/5 4095/6488/5
f 4090/6489/168 4096/6490/168 4092/6491/168
f 4097/6492/169 4091/6493/169 4093/6494/169
f 4098/2022/2 4101/6495/2 4099/6496/2
f 4104/6497/3 4103/6498/3 4105/6499/3
f 4098/6500/5 4103/6501/5 4102/6502/5
f 4108/6503/2 4107/6504/2 4106/6505/2
f 4112/6506/3 4111/6507/3 4113/6508/3
f 4103/6509/170 4101/6510/170 4105/6511/170
f 4110/6512/5 4107/6513/5 4111/6514/5
f 4106/6515/171 4112/6516/171 4108/6517/171
f 4111/6518/172 4109/6519/172 4113/6520/172
f 4112/6521/12 4109/6522/12 4108/6523/12
f 3992/6524/12 3989/6525/12 3988/6526/12
f 4116/6527/5 4115/6528/5 4114/6529/5
f 4118/6530/12 4121/6531/12 4120/6532/12
f 4114/6533/3 4119/6534/3 4118/6535/3
f 4124/6536/5 4123/6537/5 4122/6538/5
f 4128/6539/12 4127/6540/12 4129/6541/12
f 4119/6542/1 4117/6342/1 4121/6344/1
f 4122/6543/3 4127/6544/3 4126/6545/3
f 4122/6546/173 4128/6547/173 4124/6548/173
f 4129/6549/174 4123/6550/174 4125/6551/174
f 4132/6552/5 4131/6553/5 4130/6554/5
f 4134/6555/12 4137/6556/12 4136/6557/12
f 4130/6558/3 4135/5894/3 4134/6559/3
f 4138/6560/5 4141/6561/5 4139/6562/5
f 4144/6563/12 4143/6564/12 4145/6565/12
f 4137/6566/175 4131/6567/175 4133/6568/175
f 4142/6569/3 4139/6570/3 4143/6571/3
f 4140/6572/176 4142/6573/176 4144/6574/176
f 4145/6575/1 4139/6576/1 4141/6577/1
f 4146/6578/5 4149/6579/5 4147/6580/5
f 4152/6581/12 4151/6582/12 4153/6583/12
f 4146/6584/3 4151/6585/3 4150/6586/3
f 4156/6587/5 4155/6588/5 4154/6589/5
f 4160/6590/12 4159/6591/12 4161/6592/12
f 4151/6593/177 4149/6594/177 4153/6595/177
f 4154/6596/3 4159/6597/3 4158/6598/3
f 4156/6599/178 4158/6600/178 4160/6601/178
f 4161/6602/179 4155/6603/179 4157/6604/179
f 4162/6605/5 4165/6606/5 4163/6607/5
f 4166/6608/12 4169/6609/12 4168/6610/12
f 4162/6611/3 4167/6612/3 4166/6613/3
f 4172/6614/5 4171/6615/5 4170/6616/5
f 4176/6617/12 4175/6618/12 4177/6619/12
f 4167/6620/180 4165/6621/180 4169/6622/180
f 4174/6623/3 4171/6624/3 4175/6625/3
f 4172/6626/181 4174/6627/181 4176/6628/181
f 4175/6629/182 4173/6630/182 4177/6631/182
f 4180/6632/5 4179/6633/5 4178/6634/5
f 4182/6635/12 4185/6636/12 4184/6556/12
f 4178/6637/3 4183/6638/3 4182/6639/3
f 4188/6640/5 4187/6641/5 4186/6642/5
f 4192/6643/12 4191/6644/12 4193/6645/12
f 4185/6646/183 4179/6647/183 4181/6648/183
f 4186/6649/3 4191/6650/3 4190/6651/3
f 4188/6652/184 4190/6653/184 4192/6654/184
f 4193/6655/185 4187/6656/185 4189/6657/185
f 4196/6658/5 4195/6659/5 4194/6660/5
f 4200/6661/12 4199/6662/12 4201/6663/12
f 4194/6664/3 4199/6665/3 4198/6666/3
f 4204/6667/5 4203/6668/5 4202/6669/5
f 4206/6670/12 4209/6671/12 4208/6672/12
f 4201/6551/186 4195/6673/186 4197/6674/186
f 4206/6675/3 4203/6676/3 4207/6677/3
f 4202/6678/187 4208/6679/187 4204/6680/187
f 4209/6681/1 4203/6682/1 4205/6683/1
f 4210/6684/5 4213/6685/5 4211/6686/5
f 4214/6687/12 4217/6688/12 4216/6689/12
f 4210/6690/3 4215/6691/3 4214/6692/3
f 4220/6693/5 4219/6694/5 4218/6695/5
f 4222/6696/12 4225/6697/12 4224/6698/12
f 4215/6699/188 4213/6700/188 4217/6701/188
f 4222/6702/3 4219/6703/3 4223/6704/3
f 4218/6705/189 4224/6706/189 4220/6707/189
f 4225/6708/190 4219/6709/190 4221/6710/190
f 4226/6711/5 4229/6712/5 4227/6713/5
f 4232/6714/12 4231/6715/12 4233/6716/12
f 4226/6717/3 4231/6718/3 4230/6719/3
f 4236/6720/5 4235/6721/5 4234/6722/5
f 4240/6723/12 4239/6724/12 4241/6725/12
f 4231/6726/191 4229/6727/191 4233/6728/191
f 4238/6729/3 4235/6730/3 4239/6731/3
f 4234/6732/192 4240/6733/192 4236/6734/192
f 4239/6735/193 4237/6736/193 4241/6737/193
f 4240/6738/2 4237/6739/2 4236/6740/2
f 4116/6741/2 4121/6742/2 4117/6743/2
f 4244/6744/12 4243/6745/12 4242/6746/12
f 4248/6747/5 4247/6748/5 4249/6749/5
f 4242/6750/2 4247/6751/2 4246/6752/2
f 4252/6753/12 4251/6754/12 4250/6755/12
f 4256/6756/5 4255/6757/5 4257/6758/5
f 4247/6759/194 4245/6760/194 4249/6761/194
f 4250/6762/2 4255/6763/2 4254/6764/2
f 4250/6765/195 4256/6766/195 4252/6767/195
f 4257/6768/196 4251/6769/196 4253/6770/196
f 4260/6746/12 4259/6771/12 4258/6772/12
f 4264/6773/5 4263/6774/5 4265/6775/5
f 4258/6776/2 4263/6777/2 4262/6778/2
f 4266/6779/12 4269/6780/12 4267/6781/12
f 4272/6782/5 4271/6783/5 4273/6784/5
f 4263/6785/197 4261/6786/197 4265/6787/197
f 4270/6788/2 4267/6789/2 4271/6790/2
f 4268/6791/198 4270/6792/198 4272/6793/198
f 4273/6794/1 4267/6795/1 4269/6796/1
f 4274/6797/12 4277/6798/12 4275/6799/12
f 4280/6800/5 4279/6801/5 4281/6773/5
f 4274/6802/2 4279/6803/2 4278/6804/2
f 4284/6805/12 4283/6806/12 4282/6807/12
f 4288/6808/5 4287/6809/5 4289/6810/5
f 4279/6811/199 4277/6812/199 4281/6813/199
f 4282/6814/2 4287/6815/2 4286/6816/2
f 4284/6817/200 4286/6818/200 4288/6819/200
f 4289/6820/201 4283/6821/201 4285/6822/201
f 4290/6823/12 4293/6824/12 4291/6825/12
f 4296/6826/5 4295/6827/5 4297/6828/5
f 4290/6829/2 4295/6830/2 4294/6831/2
f 4300/6832/12 4299/6833/12 4298/6834/12
f 4304/6835/5 4303/6836/5 4305/6837/5
f 4297/2022/202 4291/6838/202 4293/6839/202
f 4302/6840/2 4299/6841/2 4303/6842/2
f 4300/6843/203 4302/6844/203 4304/6845/203
f 4303/6846/204 4301/6847/204 4305/6848/204
f 4306/6849/12 4309/6850/12 4307/6851/12
f 4310/6852/5 4313/6853/5 4312/6854/5
f 4306/6855/2 4311/6856/2 4310/6857/2
f 4316/6858/12 4315/6859/12 4314/6860/12
f 4320/6861/5 4319/6862/5 4321/6863/5
f 4311/6864/205 4309/6865/205 4313/6866/205
f 4314/6867/2 4319/6868/2 4318/6869/2
f 4316/6870/206 4318/6871/206 4320/6872/206
f 4321/6873/207 4315/6874/207 4317/6875/207
f 4324/6876/12 4323/6877/12 4322/6878/12
f 4328/6879/5 4327/6880/5 4329/6881/5
f 4322/6882/2 4327/6883/2 4326/6884/2
f 4332/6885/12 4331/6886/12 4330/6887/12
f 4334/6888/5 4337/6889/5 4336/6890/5
f 4329/6891/208 4323/6892/208 4325/6893/208
f 4334/6894/2 4331/6895/2 4335/6896/2
f 4330/6897/209 4336/6898/209 4332/6899/209
f 4335/6900/1 4333/6901/1 4337/6902/1
f 4338/6903/12 4341/6904/12 4339/6905/12
f 4342/6906/5 4345/6907/5 4344/6908/5
f 4338/6909/2 4343/6910/2 4342/6911/2
f 4348/6912/12 4347/6913/12 4346/6914/12
f 4350/6915/5 4353/6916/5 4352/6917/5
f 4343/6918/210 4341/6919/210 4345/6920/210
f 4350/6921/2 4347/6922/2 4351/6923/2
f 4346/6924/211 4352/6925/211 4348/6926/211
f 4353/6927/212 4347/6928/212 4349/6929/212
f 4354/6930/12 4357/6931/12 4355/6932/12
f 4358/6933/5 4361/6934/5 4360/6935/5
f 4354/6936/2 4359/6937/2 4358/6938/2
f 4364/6607/12 4363/6939/12 4362/6940/12
f 4368/6941/5 4367/6942/5 4369/6943/5
f 4359/6944/213 4357/6945/213 4361/6946/213
f 4366/6947/2 4363/6948/2 4367/6949/2
f 4362/6950/214 4368/6951/214 4364/6952/214
f 4367/6953/215 4365/6954/215 4369/6733/215
f 4248/6955/3 4245/6956/3 4244/6957/3
f 4368/6958/3 4365/6959/3 4364/6960/3
f 4372/6961/3 4371/6962/3 4370/6749/3
f 4374/6963/2 4377/6964/2 4376/6965/2
f 4370/6966/12 4375/6967/12 4374/6968/12
f 4380/6969/3 4379/6970/3 4378/6971/3
f 4384/6972/2 4383/6973/2 4385/6974/2
f 4375/6975/1 4373/6976/1 4377/6977/1
f 4378/6978/12 4383/6979/12 4382/6980/12
f 4378/6981/216 4384/6982/216 4380/6983/216
f 4385/6984/217 4379/6985/217 4381/6986/217
f 4388/6987/3 4387/6988/3 4386/6989/3
f 4390/6990/2 4393/6991/2 4392/6992/2
f 4390/6993/12 4387/6994/12 4391/6995/12
f 4394/6996/3 4397/6997/3 4395/6998/3
f 4400/6999/2 4399/7000/2 4401/7001/2
f 4393/6770/218 4387/7002/218 4389/6768/218
f 4398/7003/12 4395/7004/12 4399/6847/12
f 4396/7005/219 4398/7006/219 4400/7007/219
f 4401/7008/1 4395/7009/1 4397/7010/1
f 4402/7011/3 4405/7012/3 4403/7013/3
f 4408/7014/2 4407/7015/2 4409/7016/2
f 4402/7017/12 4407/7018/12 4406/7019/12
f 4412/3354/3 4411/7020/3 4410/7021/3
f 4416/7022/2 4415/7023/2 4417/7024/2
f 4407/7025/220 4405/7026/220 4409/7027/220
f 4410/7028/12 4415/7029/12 4414/7030/12
f 4412/7031/221 4414/7032/221 4416/7033/221
f 4417/7034/222 4411/7035/222 4413/7031/222
f 4420/7036/3 4419/7037/3 4418/7038/3
f 4424/7039/2 4423/7040/2 4425/7041/2
f 4418/7042/12 4423/7043/12 4422/6616/12
f 4420/7044/223 4422/7045/223 4424/6735/223
f 4425/7046/224 4419/7047/224 4421/7048/224
f 4428/7049/3 4427/7050/3 4426/7051/3
f 4430/7052/2 4433/7053/2 4432/7054/2
f 4426/7055/12 4431/7056/12 4430/7057/12
f 4436/7058/3 4435/7059/3 4434/7060/3
f 4438/7061/2 4441/7062/2 4440/7063/2
f 4433/7064/225 4427/7065/225 4429/7066/225
f 4438/7067/12 4435/7068/12 4439/7069/12
f 4434/7070/226 4440/7071/226 4436/7072/226
f 4439/7073/1 4437/7074/1 4441/6569/1
f 4442/7075/3 4445/7076/3 4443/7077/3
f 4446/7078/2 4449/7079/2 4448/7080/2
f 4442/7081/12 4447/7082/12 4446/7083/12
f 4452/7084/3 4451/7085/3 4450/7086/3
f 4454/7087/2 4457/7088/2 4456/7089/2
f 4447/7090/227 4445/7091/227 4449/7092/227
f 4454/7093/12 4451/7094/12 4455/6874/12
f 4450/7095/228 4456/7096/228 4452/7097/228
f 4457/7098/229 4451/7099/229 4453/6682/229
f 4458/7100/3 4461/7101/3 4459/7102/3
f 4464/7103/2 4463/7104/2 4465/7105/2
f 4458/7106/12 4463/7107/12 4462/7108/12
f 4468/7109/3 4467/7110/3 4466/7111/3
f 4472/7112/2 4471/7113/2 4473/7114/2
f 4463/7115/230 4461/7116/230 4465/7117/230
f 4470/7118/12 4467/7119/12 4471/7070/12
f 4466/7120/231 4472/7121/231 4468/7122/231
f 4471/7123/232 4469/7124/232 4473/7125/232
f 4472/7126/5 4469/7127/5 4468/7128/5
f 4376/7129/5 4373/7130/5 4372/7131/5
f 4476/7132/3 4475/7133/3 4474/7134/3
f 4480/7135/2 4479/7136/2 4481/7137/2
f 4474/7138/12 4479/7139/12 4478/7140/12
f 4474/7141/4 4480/7142/4 4476/6965/4
f 4481/7143/233 4475/6772/233 4477/7144/233
f 4484/7145/2 4483/7146/2 4482/7147/2
f 4488/7148/3 4487/7149/3 4489/6362/3
f 4482/7150/5 4487/7151/5 4486/7152/5
f 4482/7153/234 4488/7154/234 4484/7155/234
f 4489/7156/235 4483/7157/235 4485/7158/235
f 4492/7159/2 4491/7160/2 4490/7161/2
f 4494/7162/3 4497/7163/3 4496/7164/3
f 4490/7165/5 4495/7073/5 4494/7166/5
f 4498/7167/2 4501/7168/2 4499/7169/2
f 4504/7170/3 4503/7171/3 4505/7172/3
f 4497/7173/236 4491/7174/236 4493/7175/236
f 4502/7176/5 4499/7177/5 4503/7178/5
f 4500/7179/155 4502/7180/155 4504/7181/155
f 4505/7182/1 4499/7183/1 4501/7184/1
f 4506/7185/2 4509/7186/2 4507/7187/2
f 4512/7188/3 4511/7189/3 4513/6861/3
f 4506/7190/5 4511/7191/5 4510/7192/5
f 4516/7193/2 4515/7194/2 4514/7195/2
f 4520/7196/3 4519/7197/3 4521/7198/3
f 4511/7199/156 4509/7200/156 4513/7201/156
f 4514/7202/5 4519/7203/5 4518/7204/5
f 4516/7205/157 4518/7206/157 4520/7207/157
f 4521/1809/158 4515/7208/158 4517/7209/158
f 4522/6564/2 4525/7210/2 4523/7211/2
f 4526/7212/3 4529/7213/3 4528/7214/3
f 4522/7215/5 4527/7216/5 4526/6781/5
f 4527/7217/159 4525/7218/159 4529/7219/159
f 4532/7220/2 4531/7221/2 4530/7222/2
f 4536/7223/3 4535/7224/3 4537/6321/3
f 4530/7225/5 4535/7226/5 4534/7227/5
f 4530/7228/152 4536/7229/152 4532/7230/152
f 4537/7231/153 4531/2779/153 4533/7232/153
f 4540/7233/2 4539/7234/2 4538/7235/2
f 4542/6341/3 4545/7236/3 4544/7237/3
f 4538/7238/5 4543/7131/5 4542/7239/5
f 4546/7240/2 4549/7241/2 4547/7242/2
f 4552/7243/3 4551/7244/3 4553/7245/3
f 4545/6460/154 4539/7246/154 4541/7247/154
f 4550/7248/5 4547/7249/5 4551/7250/5
f 4548/7251/155 4550/7252/155 4552/6895/155
f 4553/7253/1 4547/7254/1 4549/7255/1
f 4554/7256/2 4557/7257/2 4555/7258/2
f 4560/7259/3 4559/7260/3 4561/7261/3
f 4554/7262/5 4559/7263/5 4558/7264/5
f 4564/7265/2 4563/7266/2 4562/7267/2
f 4568/7268/3 4567/7269/3 4569/7270/3
f 4559/7271/156 4557/7272/156 4561/7273/156
f 4562/7274/5 4567/7275/5 4566/7276/5
f 4564/7277/157 4566/7278/157 4568/7279/157
f 4569/2404/158 4563/7280/158 4565/7281/158
f 4570/7282/2 4573/7283/2 4571/7284/2
f 4576/7285/3 4575/7286/3 4577/7287/3
f 4570/7288/5 4575/7289/5 4574/7290/5
f 4580/7291/2 4579/7292/2 4578/7293/2
f 4584/7294/3 4583/7295/3 4585/7296/3
f 4575/7297/156 4573/7298/156 4577/7299/156
f 4578/7300/5 4583/7301/5 4582/7302/5
f 4580/7303/157 4582/7304/157 4584/7305/157
f 4585/3138/158 4579/7306/158 4581/7307/158
f 4586/7308/2 4589/7309/2 4587/7310/2
f 4590/7311/3 4593/7312/3 4592/7313/3
f 4586/7314/5 4591/7315/5 4590/7316/5
f 4591/7317/159 4589/7318/159 4593/7319/159
f 4595/7320/2 4596/7321/2 4594/7322/2
f 4600/7323/3 4599/7324/3 4598/7325/3
f 4599/7326/12 4594/7327/12 4598/7328/12
f 4600/7329/237 4594/7330/237 4596/7331/237
f 4601/7332/238 4595/7333/238 4599/7334/238
f 4603/7335/2 4604/7336/2 4602/7337/2
f 4609/7338/3 4606/7339/3 4608/7340/3
f 4607/6966/12 4602/7341/12 4606/7342/12
f 4610/7343/2 4613/7344/2 4612/6852/2
f 4616/7345/3 4615/7346/3 4614/7347/3
f 4609/6873/1 4603/7348/1 4607/7349/1
f 4614/7350/12 4611/7351/12 4610/7352/12
f 4612/7353/239 4614/7354/239 4610/7355/239
f 4617/7356/240 4611/7357/240 4615/7358/240
f 4618/7359/2 4621/7360/2 4620/7361/2
f 4624/7362/3 4623/7363/3 4622/7364/3
f 4623/7365/12 4618/7366/12 4622/6574/12
f 4621/7367/241 4623/7223/241 4625/7368/241
f 4631/7369/242 4629/7370/242 4633/7371/242
f 4632/7372/2 4631/7373/2 4633/7374/2
f 4628/7375/12 4633/7376/12 4629/7377/12
f 4635/7378/2 4636/7379/2 4634/7380/2
f 4641/7381/3 4638/7382/3 4640/7383/3
f 4627/7384/3 4628/7385/3 4629/7386/3
f 4638/7387/12 4635/7388/12 4634/7389/12
f 4640/7390/168 4634/7391/168 4636/7392/168
f 4641/7393/243 4635/7394/243 4639/7395/243
f 4642/7396/2 4645/7397/2 4644/7398/2
f 4649/7399/3 4646/7400/3 4648/7401/3
f 4647/7402/12 4642/7403/12 4646/7404/12
f 4645/7405/244 4647/6812/244 4649/7406/244
f 4651/7407/2 4652/7408/2 4650/7409/2
f 4656/3541/3 4655/7410/3 4654/7411/3
f 4655/7412/12 4650/7413/12 4654/7414/12
f 4656/7415/245 4650/7416/245 4652/7417/245
f 4657/7418/246 4651/7419/246 4655/7417/246
f 4658/7361/2 4661/7420/2 4660/7421/2
f 4664/7422/3 4663/7423/3 4662/6851/3
f 4663/7424/12 4658/7425/12 4662/7426/12
f 4667/7427/2 4668/7428/2 4666/7429/2
f 4672/7430/3 4671/7431/3 4670/7432/3
f 4661/7433/241 4663/7434/241 4665/7435/241
f 4671/7436/12 4666/7437/12 4670/7438/12
f 4668/7439/4 4670/7440/4 4666/7121/4
f 4673/7441/247 4667/7442/247 4671/7443/247
f 4674/7444/2 4677/7445/2 4676/7446/2
f 4681/7447/3 4678/7448/3 4680/7449/3
f 4679/7450/12 4674/7451/12 4678/7452/12
f 4677/7453/244 4679/7454/244 4681/7455/244
f 4684/7456/12 4689/7457/12 4685/7458/12
f 4626/7459/248 4632/7460/248 4628/7461/248
f 4683/7462/3 4684/7463/3 4685/7464/3
f 4688/7465/2 4687/7466/2 4689/7467/2
f 4416/7468/5 4413/7469/5 4412/7470/5
f 4691/7471/5 4692/7472/5 4690/7473/5
f 4696/7474/12 4695/7475/12 4694/7476/12
f 4695/7477/2 4690/7478/2 4694/7479/2
f 4696/7480/249 4690/7481/249 4692/7482/249
f 4697/7483/250 4691/7448/250 4695/7484/250
f 4420/7485/5 4425/7486/5 4421/7487/5
f 4700/7488/2 4699/7489/2 4698/7490/2
f 4704/7491/3 4703/7492/3 4705/6513/3
f 4698/7493/5 4703/7494/5 4702/7371/5
f 4698/7495/152 4704/7496/152 4700/7497/152
f 4705/7498/153 4699/7499/153 4701/7500/153
f 4708/7501/2 4707/7502/2 4706/7503/2
f 4710/7237/3 4713/7504/3 4712/7505/3
f 4706/7506/5 4711/7507/5 4710/7130/5
f 4714/7508/2 4717/7509/2 4715/7510/2
f 4720/7511/3 4719/7512/3 4721/7513/3
f 4713/7514/154 4707/7515/154 4709/7516/154
f 4718/7517/5 4715/7518/5 4719/7519/5
f 4716/6895/155 4718/7520/155 4720/7521/155
f 4721/7522/1 4715/7523/1 4717/7350/1
f 4722/7524/2 4725/7525/2 4723/7526/2
f 4728/7527/3 4727/7528/3 4729/7529/3
f 4722/7530/5 4727/7531/5 4726/7532/5
f 4732/7533/2 4731/7534/2 4730/7535/2
f 4736/7536/3 4735/7198/3 4737/6375/3
f 4727/7537/156 4725/7538/156 4729/7539/156
f 4730/7460/5 4735/7540/5 4734/7461/5
f 4732/7541/157 4734/7542/157 4736/7543/157
f 4737/7544/158 4731/7545/158 4733/7546/158
f 4738/7547/2 4741/7548/2 4739/7549/2
f 4742/7550/3 4745/7551/3 4744/7552/3
f 4738/7553/5 4743/7554/5 4742/7314/5
f 4748/7555/2 4747/7556/2 4746/7557/2
f 4752/7558/3 4751/7559/3 4753/7560/3
f 4743/7561/159 4741/7562/159 4745/7563/159
f 4750/7564/5 4747/7565/5 4751/7566/5
f 4748/7567/160 4750/7568/160 4752/7569/160
f 4751/7570/161 4749/7571/161 4753/7572/161
f 4756/7573/2 4755/7574/2 4754/7575/2
f 4758/7576/3 4761/7577/3 4760/7578/3
f 4754/7579/5 4759/7580/5 4758/7581/5
f 4764/7582/2 4763/7583/2 4762/7584/2
f 4768/7585/3 4767/7586/3 4769/7587/3
f 4761/7588/162 4755/7589/162 4757/7310/162
f 4762/7590/5 4767/7591/5 4766/6428/5
f 4764/7592/163 4766/7593/163 4768/7594/163
f 4769/7595/164 4763/7596/164 4765/7597/164
f 4772/7598/2 4771/7599/2 4770/7600/2
f 4776/7601/3 4775/7602/3 4777/7290/3
f 4770/7603/5 4775/7604/5 4774/7605/5
f 4780/7606/2 4779/7607/2 4778/7608/2
f 4782/7609/3 4785/7610/3 4784/7611/3
f 4777/7612/165 4771/7613/165 4773/6351/165
f 4782/7614/5 4779/7615/5 4783/7616/5
f 4778/7617/166 4784/7618/166 4780/1812/166
f 4783/7619/1 4781/7620/1 4785/7621/1
f 4786/7622/2 4789/7623/2 4787/7624/2
f 4790/7625/3 4793/7626/3 4792/7627/3
f 4786/7628/5 4791/7629/5 4790/7630/5
f 4796/7631/2 4795/7632/2 4794/7633/2
f 4798/7634/3 4801/7635/3 4800/7636/3
f 4791/7637/167 4789/7638/167 4793/7639/167
f 4798/7640/5 4795/7641/5 4799/7642/5
f 4794/7643/168 4800/7644/168 4796/7645/168
f 4801/7646/169 4795/7647/169 4797/7648/169
f 4802/2775/2 4805/7649/2 4803/7650/2
f 4808/7651/3 4807/7652/3 4809/7653/3
f 4802/7654/5 4807/7655/5 4806/7656/5
f 4807/7657/156 4805/7658/156 4809/7659/156
f 4812/7660/2 4811/7661/2 4810/7662/2
f 4816/7663/3 4815/7664/3 4817/7665/3
f 4810/7666/5 4815/7667/5 4814/7668/5
f 4812/7669/251 4814/7670/251 4816/7671/251
f 4817/7672/252 4811/7673/252 4813/6406/252
f 4818/7674/2 4821/7675/2 4819/7676/2
f 4822/7677/3 4825/7678/3 4824/7679/3
f 4818/7680/5 4823/7681/5 4822/7682/5
f 4828/7683/2 4827/7684/2 4826/7685/2
f 4832/7686/3 4831/7687/3 4833/7688/3
f 4823/7689/159 4821/7690/159 4825/7691/159
f 4830/7692/5 4827/7693/5 4831/7694/5
f 4828/7695/160 4830/7696/160 4832/6391/160
f 4831/7697/161 4829/7549/161 4833/7698/161
f 4836/7699/2 4835/7700/2 4834/7701/2
f 4838/7702/3 4841/7703/3 4840/7704/3
f 4834/7705/5 4839/7706/5 4838/7707/5
f 4844/7708/2 4843/7709/2 4842/7710/2
f 4848/7711/3 4847/7712/3 4849/6589/3
f 4841/7713/162 4835/7714/162 4837/7715/162
f 4842/7716/5 4847/7717/5 4846/7718/5
f 4844/7719/163 4846/7720/163 4848/7721/163
f 4849/7722/164 4843/7723/164 4845/7724/164
f 4852/7725/2 4851/7726/2 4850/7727/2
f 4856/7728/3 4855/7729/3 4857/7369/3
f 4850/7730/5 4855/7731/5 4854/7732/5
f 4860/7733/2 4859/7734/2 4858/7014/2
f 4862/7735/3 4865/7736/3 4864/7737/3
f 4857/7738/165 4851/7739/165 4853/6468/165
f 4862/7740/5 4859/7741/5 4863/7742/5
f 4858/7743/166 4864/7744/166 4860/1427/166
f 4863/7745/1 4861/7746/1 4865/7747/1
f 4866/7748/2 4869/7749/2 4867/7750/2
f 4870/7627/3 4873/7751/3 4872/7752/3
f 4866/7753/5 4871/7754/5 4870/7755/5
f 4876/7756/2 4875/7757/2 4874/7758/2
f 4878/7759/3 4881/7760/3 4880/7761/3
f 4871/7762/167 4869/6323/167 4873/7763/167
f 4878/7764/5 4875/7765/5 4879/7616/5
f 4874/7766/168 4880/7767/168 4876/7768/168
f 4881/7769/169 4875/7770/169 4877/7771/169
f 4882/7772/2 4885/7773/2 4883/7774/2
f 4888/7775/3 4887/7776/3 4889/7777/3
f 4882/7778/5 4887/7779/5 4886/7780/5
f 4887/7781/156 4885/7782/156 4889/7783/156
f 4891/7784/2 4892/7785/2 4890/7564/2
f 4897/7786/3 4894/7787/3 4896/7788/3
f 4682/7789/253 4688/7790/253 4684/7791/253
f 4894/7792/12 4891/7793/12 4890/7388/12
f 4896/7794/254 4890/4515/254 4892/7795/254
f 4893/7796/1 4895/7797/1 4897/7798/1
f 4898/7799/2 4901/7800/2 4900/7801/2
f 4905/7802/3 4902/7803/3 4904/7804/3
f 4903/7805/12 4898/7806/12 4902/7807/12
f 4907/7808/2 4908/6370/2 4906/7809/2
f 4913/7810/3 4910/7811/3 4912/1641/3
f 4901/7812/255 4903/7813/255 4905/7814/255
f 4910/7815/12 4907/7816/12 4906/7817/12
f 4912/7818/256 4906/2030/256 4908/7819/256
f 4913/7820/257 4907/7821/257 4911/7822/257
f 4914/7823/2 4917/7824/2 4916/7825/2
f 4920/7826/3 4919/7827/3 4918/7828/3
f 4919/7829/12 4914/7830/12 4918/7831/12
f 4917/7832/258 4919/7833/258 4921/7834/258
f 4923/7835/2 4924/7836/2 4922/7837/2
f 4928/7838/3 4927/7839/3 4926/7840/3
f 4926/7841/12 4923/7842/12 4922/7843/12
f 4924/7844/259 4926/7845/259 4922/7846/259
f 4925/7844/260 4927/7847/260 4929/7848/260
f 4931/7849/2 4932/7850/2 4930/7851/2
f 4937/7852/3 4934/7853/3 4936/7854/3
f 4935/7855/12 4930/7856/12 4934/7496/12
f 4939/7857/2 4940/7858/2 4938/7859/2
f 4944/7860/3 4943/7861/3 4942/7862/3
f 4937/7863/261 4931/7864/261 4935/7865/261
f 4943/7866/12 4938/7867/12 4942/7868/12
f 4940/7869/242 4942/7870/242 4938/7871/242
f 4945/7872/248 4939/7300/248 4943/7302/248
f 4947/7873/2 4948/7874/2 4946/7875/2
f 4952/7876/3 4951/7877/3 4950/7878/3
f 4951/7879/12 4946/7880/12 4950/7881/12
f 4955/7244/2 4956/7882/2 4954/7883/2
f 4961/7884/3 4958/7885/3 4960/7886/3
f 4953/7887/253 4947/7888/253 4951/2630/253
f 4958/7889/12 4955/7890/12 4954/7891/12
f 4960/7892/254 4954/7893/254 4956/5886/254
f 4957/7894/1 4959/3140/1 4961/7895/1
f 4962/7896/2 4965/7897/2 4964/7898/2
f 4969/7899/3 4966/7900/3 4968/7901/3
f 4967/7902/12 4962/7698/12 4966/7903/12
f 4965/7571/255 4967/7904/255 4969/7905/255
f 4971/7906/2 4972/7907/2 4970/7908/2
f 4976/7909/3 4975/7910/3 4974/7911/3
f 4974/6849/12 4971/7912/12 4970/7913/12
f 4972/7914/259 4974/7915/259 4970/7916/259
f 4973/7917/262 4975/7347/262 4977/7918/262
f 4979/7919/2 4980/7920/2 4978/7921/2
f 4985/7922/3 4982/7923/3 4984/7924/3
f 4983/7925/12 4978/7926/12 4982/7644/12
f 4987/7927/2 4988/7928/2 4986/7929/2
f 4992/7930/3 4991/7931/3 4990/7932/3
f 4985/7933/263 4979/7934/263 4983/7935/263
f 4991/7711/12 4986/7936/12 4990/7937/12
f 4988/7178/242 4990/7938/242 4986/7939/242
f 4993/7940/248 4987/6380/248 4991/6382/248
f 4995/7941/2 4996/7942/2 4994/7943/2
f 5000/7944/3 4999/7945/3 4998/7946/3
f 4999/7947/12 4994/7105/12 4998/7948/12
f 5003/6349/2 5004/7949/2 5002/7950/2
f 5009/7951/3 5006/7952/3 5008/7953/3
f 5001/2404/253 4995/7954/253 4999/7955/253
f 5006/7956/12 5003/7957/12 5002/7958/12
f 5008/7959/254 5002/3341/254 5004/7960/254
f 5005/7961/1 5007/7207/1 5009/7962/1
f 5010/7963/2 5013/7964/2 5012/7965/2
f 5017/7966/3 5014/6761/3 5016/7967/3
f 5015/7968/12 5010/7713/12 5014/7969/12
f 5019/7970/2 5020/7656/2 5018/7971/2
f 5025/7972/3 5022/7973/3 5024/7974/3
f 5013/7975/255 5015/7976/255 5017/7977/255
f 5022/7978/12 5019/7979/12 5018/7980/12
f 5024/7981/168 5018/7782/168 5020/7982/168
f 5025/7983/264 5019/7984/264 5023/7985/264
f 5026/7986/2 5029/7987/2 5028/7988/2
f 5032/7989/3 5031/7990/3 5030/6454/3
f 5031/7991/12 5026/7992/12 5030/7993/12
f 5029/7994/265 5031/7995/265 5033/7996/265
f 5035/7997/12 5047/7998/12 5046/7999/12
f 5038/8000/98 5035/8001/98 5034/8002/98
f 5037/8003/2 5038/8000/2 5034/8002/2
f 5040/8004/97 5037/8005/97 5036/8006/97
f 5046/8007/1 5043/8008/1 5035/8009/1
f 5035/8009/1 5042/8010/1 5034/8011/1
f 5034/8011/1 5045/8012/1 5037/8013/1
f 5045/8012/1 5036/8014/1 5037/8013/1
f 5052/8015/3 5051/8016/3 5050/8017/3
f 5053/8018/3 5056/8019/3 5051/8016/3
f 5047/7998/12 5050/8020/12 5046/7999/12
f 5049/8021/4 5052/8022/4 5047/3261/4
f 5051/8023/1 5054/8024/1 5048/8025/1
f 5046/8007/1 5051/8023/1 5048/8025/1
f 5054/8026/5 5057/8027/5 5055/2477/5
f 5049/8021/4 5057/8028/4 5053/8029/4
f 5048/2513/2 5055/8030/2 5049/8031/2
f 5062/8032/12 5059/8033/12 5058/8034/12
f 5064/8035/3 5063/8036/3 5062/8037/3
f 5063/8038/1 5061/8039/1 5059/8040/1
f 5065/8041/5 5060/8042/5 5061/8043/5
f 5064/8044/4 5058/8045/4 5060/8046/4
f 5044/8047/1 5066/8048/1 5036/8014/1
f 5066/8049/5 5040/8004/5 5036/8006/5
f 5070/8050/2 5071/8051/2 5069/8052/2
f 5070/8053/1 5319/8054/1 5072/8055/1
f 5069/8056/12 5317/8057/12 5070/8058/12
f 5071/8059/4 5316/8060/4 5069/8061/4
f 5072/8062/5 5318/8063/5 5071/8064/5
f 5087/8065/12 5076/8066/12 5088/8067/12
f 5073/8068/1 5087/8069/1 5085/8070/1
f 5078/8071/5 5089/8072/5 5090/8073/5
f 5076/8074/2 5073/8075/2 5074/8076/2
f 5091/8077/12 5080/8078/12 5092/8079/12
f 5077/8080/1 5091/8077/1 5089/8081/1
f 5082/8082/5 5093/8083/5 5094/8084/5
f 5078/8085/2 5079/8086/2 5077/8087/2
f 5096/8088/12 5083/8089/12 5084/8090/12
f 5081/8091/1 5095/8092/1 5093/8093/1
f 5082/8094/2 5083/8095/2 5081/8096/2
f 5085/8097/266 5088/8098/266 5086/8099/266
f 5090/8100/3 5091/8101/3 5092/8102/3
f 5094/8103/3 5095/8104/3 5096/8105/3
f 5074/8106/5 5085/8107/5 5086/8108/5
f 5098/8109/12 5102/8110/12 5097/8111/12
f 5102/8110/12 5100/8112/12 5099/8113/12
f 5105/8114/5 5104/8115/5 5106/8116/5
f 5107/8117/5 5105/8114/5 5108/8118/5
f 5099/8119/4 5105/8120/4 5102/8121/4
f 5102/8121/4 5106/8122/4 5097/8123/4
f 5100/8124/2 5108/8125/2 5099/8126/2
f 5101/8127/1 5107/8128/1 5100/8129/1
f 5097/8130/3 5104/8131/3 5098/8132/3
f 5098/8133/1 5103/8134/1 5101/8127/1
f 5114/8135/12 5111/8136/12 5110/8137/12
f 5113/8138/12 5120/8139/12 5109/8140/12
f 5113/8138/12 5161/8141/12 5155/8142/12
f 5116/8143/12 5112/8144/12 5111/8136/12
f 5124/8145/2 5117/8146/2 5116/8147/2
f 5111/8136/12 5157/8148/12 5153/8149/12
f 5120/8150/1 5170/8151/1 5162/8152/1
f 5126/8153/2 5119/8154/2 5118/8155/2
f 5112/8144/12 5160/8156/12 5118/8157/12
f 5119/8158/1 5169/8159/1 5161/8160/1
f 5117/8161/1 5167/8162/1 5159/8163/1
f 5118/8157/12 5113/8138/12 5112/8144/12
f 5113/8138/12 5163/8164/12 5121/8165/12
f 5112/8144/12 5159/8166/12 5154/8167/12
f 5111/8136/12 5158/8168/12 5116/8143/12
f 5114/8169/4 5164/8170/4 5122/8171/4
f 5134/8172/12 5168/8173/12 5176/8174/12
f 5123/8175/12 5173/8176/12 5165/8177/12
f 5130/8178/12 5123/8175/12 5122/8179/12
f 5126/8180/12 5135/8181/12 5127/8182/12
f 5129/8183/2 5120/8184/2 5121/8185/2
f 5110/8137/12 5156/8186/12 5114/8135/12
f 5121/8187/4 5171/8188/4 5129/8189/4
f 5118/8190/4 5168/8191/4 5126/8192/4
f 5122/8193/2 5115/8155/2 5114/8194/2
f 5116/8195/4 5166/8196/4 5124/8197/4
f 5115/8198/1 5165/8199/1 5157/8200/1
f 5169/8201/12 5135/8181/12 5177/8202/12
f 5136/8203/1 5186/8204/1 5178/8205/1
f 5134/8206/4 5184/8207/4 5142/8208/4
f 5131/8209/1 5181/8210/1 5173/8211/1
f 5138/8212/2 5131/8213/2 5130/8214/2
f 5128/8215/12 5178/8216/12 5170/8217/12
f 5132/8218/12 5125/8219/12 5124/8220/12
f 5167/8221/12 5133/8222/12 5175/8223/12
f 5124/8220/12 5174/8224/12 5132/8218/12
f 5137/8225/12 5128/8215/12 5129/8226/12
f 5122/8179/12 5172/8227/12 5130/8178/12
f 5129/8226/12 5179/8228/12 5137/8225/12
f 5138/8229/12 5181/8230/12 5139/8231/12
f 5140/8232/12 5183/8233/12 5141/8234/12
f 5142/8235/12 5185/8236/12 5143/8237/12
f 5144/8238/12 5187/8239/12 5186/8240/12
f 5135/8241/1 5185/8242/1 5177/8243/1
f 5140/8244/2 5133/8245/2 5132/8246/2
f 5133/8247/1 5183/8248/1 5175/8249/1
f 5132/8250/4 5182/8251/4 5140/8252/4
f 5145/8253/2 5136/8254/2 5137/8255/2
f 5130/8256/4 5180/8257/4 5138/8258/4
f 5137/8259/4 5187/8260/4 5145/8261/4
f 5110/8262/1 5189/8263/1 5152/8264/1
f 5142/8265/2 5135/8246/2 5134/8266/2
f 5146/8267/3 5113/8268/3 5109/8269/3
f 5150/8270/3 5112/8271/3 5113/8268/3
f 5148/8272/3 5110/8273/3 5111/8274/3
f 5109/8275/4 5188/8276/4 5146/8277/4
f 5149/8278/3 5111/8274/3 5112/8271/3
f 5153/8149/12 5156/8186/12 5152/8279/12
f 5155/8142/12 5162/8280/12 5163/8164/12
f 5154/8167/12 5158/8168/12 5153/8149/12
f 5159/8281/3 5166/8282/3 5158/8283/3
f 5161/8284/3 5168/8285/3 5160/8286/3
f 5155/8142/12 5160/8156/12 5154/8167/12
f 5165/8177/12 5172/8227/12 5164/8287/12
f 5168/8173/12 5177/8202/12 5176/8174/12
f 5162/8288/3 5171/8289/3 5163/8290/3
f 5157/8291/3 5164/8292/3 5156/8293/3
f 5173/8294/3 5180/8295/3 5172/8296/3
f 5167/8221/12 5174/8224/12 5166/8297/12
f 5170/8217/12 5179/8228/12 5171/8298/12
f 5175/8299/3 5182/8300/3 5174/8301/3
f 5178/8302/3 5187/8303/3 5179/8304/3
f 5177/8305/3 5184/8306/3 5176/8307/3
f 5155/8308/2 5188/8309/2 5151/8310/2
f 5154/8311/2 5192/8312/2 5155/8308/2
f 5152/8313/2 5190/8314/2 5153/8315/2
f 5153/8315/2 5191/8316/2 5154/8311/2
f 5109/8140/12 5162/8280/12 5151/8317/12
f 5198/8318/12 5195/8149/12 5194/8279/12
f 5197/8142/12 5204/8319/12 5193/8317/12
f 5239/8320/12 5203/8321/12 5245/8322/12
f 5200/8323/12 5196/8167/12 5195/8149/12
f 5208/8324/2 5201/8325/2 5200/8326/2
f 5237/8327/12 5199/8328/12 5241/8329/12
f 5204/8330/1 5254/8331/1 5246/8332/1
f 5210/8333/2 5203/8334/2 5202/8335/2
f 5202/8336/12 5238/8337/12 5244/8338/12
f 5203/8339/1 5253/8340/1 5245/8341/1
f 5201/8342/1 5251/8343/1 5243/8344/1
f 5202/8336/12 5197/8142/12 5196/8167/12
f 5205/8345/12 5239/8320/12 5247/8346/12
f 5238/8337/12 5201/8347/12 5243/8348/12
f 5200/8323/12 5237/8327/12 5242/8349/12
f 5198/8350/4 5248/8351/4 5206/8352/4
f 5210/8353/12 5260/8354/12 5218/8355/12
f 5207/8356/12 5257/8357/12 5249/8358/12
f 5214/8359/12 5207/8356/12 5206/8360/12
f 5210/8353/12 5219/8361/12 5211/8362/12
f 5213/8363/2 5204/8364/2 5205/8365/2
f 5198/8318/12 5236/8366/12 5240/8367/12
f 5205/8368/4 5255/8369/4 5213/8370/4
f 5202/8371/4 5252/8372/4 5210/8373/4
f 5206/8374/2 5199/8375/2 5198/8376/2
f 5200/8377/4 5250/8378/4 5208/8243/4
f 5199/8379/1 5249/8380/1 5241/8381/1
f 5211/8362/12 5261/8382/12 5253/8383/12
f 5220/8384/1 5270/8385/1 5262/8386/1
f 5218/8387/4 5268/8388/4 5226/8389/4
f 5215/8390/1 5265/8388/1 5257/8391/1
f 5222/8392/2 5215/8214/2 5214/8213/2
f 5254/8393/12 5220/8394/12 5262/8395/12
f 5216/8396/12 5209/8397/12 5208/8287/12
f 5209/8397/12 5259/8398/12 5251/8399/12
f 5208/8287/12 5258/8400/12 5216/8396/12
f 5221/8401/12 5212/8402/12 5213/8403/12
f 5206/8360/12 5256/8404/12 5214/8359/12
f 5221/8401/12 5255/8309/12 5263/8405/12
f 5222/8406/12 5265/8407/12 5223/8408/12
f 5224/8409/12 5267/8410/12 5225/8411/12
f 5226/8412/12 5269/8413/12 5227/8414/12
f 5229/8415/12 5270/8416/12 5228/8417/12
f 5219/8418/1 5269/8419/1 5261/8420/1
f 5224/8421/2 5217/8422/2 5216/8423/2
f 5217/8424/1 5267/8425/1 5259/8426/1
f 5216/8427/4 5266/8428/4 5224/8429/4
f 5229/8430/2 5220/8431/2 5221/8432/2
f 5214/8291/4 5264/8433/4 5222/8434/4
f 5221/8252/4 5271/8435/4 5229/8250/4
f 5194/8436/1 5273/8437/1 5236/8438/1
f 5226/8439/2 5219/8203/2 5218/8440/2
f 5230/8441/3 5197/8442/3 5193/8273/3
f 5234/8443/3 5196/8444/3 5197/8442/3
f 5232/8445/3 5194/8269/3 5195/8446/3
f 5193/8447/4 5272/8448/4 5230/8449/4
f 5233/8450/3 5195/8446/3 5196/8444/3
f 5237/8327/12 5240/8367/12 5236/8366/12
f 5235/8451/12 5247/8346/12 5239/8320/12
f 5238/8337/12 5242/8349/12 5237/8327/12
f 5243/8452/3 5250/8453/3 5242/8454/3
f 5245/8455/3 5252/8456/3 5244/8457/3
f 5239/8320/12 5244/8338/12 5238/8337/12
f 5249/8358/12 5256/8404/12 5248/8458/12
f 5252/8459/12 5261/8382/12 5260/8354/12
f 5246/8460/3 5255/8461/3 5247/8462/3
f 5241/8463/3 5248/8464/3 5240/8465/3
f 5257/8466/3 5264/8467/3 5256/8468/3
f 5251/8399/12 5258/8400/12 5250/8469/12
f 5254/8393/12 5263/8405/12 5255/8309/12
f 5259/8470/3 5266/8471/3 5258/8472/3
f 5262/8473/3 5271/8474/3 5263/8475/3
f 5261/8475/3 5268/8476/3 5260/8477/3
f 5239/8478/2 5272/8441/2 5235/8479/2
f 5238/8480/2 5276/8443/2 5239/8478/2
f 5236/8481/2 5274/8482/2 5237/8483/2
f 5237/8483/2 5275/8450/2 5238/8480/2
f 5235/8451/12 5204/8319/12 5246/8484/12
f 5290/8485/12 5278/8486/12 5289/8487/12
f 5278/8488/133 5281/8489/133 5277/8490/133
f 5281/8489/3 5280/8491/3 5277/8490/3
f 5280/8492/132 5283/8493/132 5279/8494/132
f 5289/8495/1 5286/8496/1 5291/8497/1
f 5278/8498/1 5285/8499/1 5286/8496/1
f 5280/8500/1 5285/8499/1 5277/8501/1
f 5279/8014/1 5288/8502/1 5280/8500/1
f 5294/8503/2 5295/8504/2 5293/8505/2
f 5299/8506/2 5296/8507/2 5294/8503/2
f 5293/8508/12 5290/8485/12 5289/8487/12
f 5295/8509/4 5292/8510/4 5290/8511/4
f 5297/8512/1 5294/8513/1 5291/8497/1
f 5294/8513/1 5289/8495/1 5291/8497/1
f 5300/8514/5 5297/8515/5 5298/5734/5
f 5300/8516/4 5292/8510/4 5296/8517/4
f 5298/8030/3 5291/8518/3 5292/8519/3
f 5302/8520/12 5305/8033/12 5301/8521/12
f 5306/8522/2 5307/8523/2 5305/8524/2
f 5304/8525/1 5306/8526/1 5302/8527/1
f 5303/8042/5 5308/8528/5 5304/8529/5
f 5301/8530/4 5307/8531/4 5303/8532/4
f 5309/8533/1 5287/8534/1 5279/8014/1
f 5283/8493/5 5309/8535/5 5279/8494/5
f 5314/8055/3 5313/8536/3 5312/8053/3
f 5319/8054/1 5313/8040/1 5315/8039/1
f 5317/8057/12 5312/8537/12 5313/8538/12
f 5316/8060/4 5314/8539/4 5312/8523/4
f 5318/8063/5 5315/8540/5 5314/8508/5
f 5323/8541/12 5334/8542/12 5335/8543/12
f 5334/8541/1 5320/8544/1 5332/8545/1
f 5336/8546/5 5325/8547/5 5337/8548/5
f 5320/8549/3 5323/8550/3 5321/8551/3
f 5327/8552/12 5338/8553/12 5339/8554/12
f 5338/8555/1 5324/8556/1 5336/8557/1
f 5340/8558/5 5329/8559/5 5341/8560/5
f 5325/8561/3 5326/8562/3 5327/8100/3
f 5331/8563/12 5342/8564/12 5343/8083/12
f 5342/8565/1 5328/8566/1 5340/8567/1
f 5329/8568/3 5330/8569/3 5331/8570/3
f 5335/8098/267 5332/8571/267 5333/8572/267
f 5337/8573/2 5338/8574/2 5336/8575/2
f 5341/8576/2 5342/8577/2 5340/8578/2
f 5332/8579/5 5321/8580/5 5333/8581/5
f 5349/8110/12 5345/8582/12 5344/8111/12
f 5347/8583/12 5349/8110/12 5346/8113/12
f 5351/8582/5 5352/8584/5 5353/8585/5
f 5352/8584/5 5354/8583/5 5355/8586/5
f 5352/8121/4 5346/8587/4 5349/8588/4
f 5353/8119/4 5349/8588/4 5344/8589/4
f 5355/8590/3 5347/8591/3 5346/12/3
f 5354/8592/1 5348/8593/1 5347/8594/1
f 5351/8595/2 5344/8596/2 5345/8597/2
f 5350/8598/1 5345/8599/1 5348/8593/1
f 5358/8600/12 5361/8601/12 5357/8602/12
f 5360/8603/12 5367/8604/12 5368/8605/12
f 5408/8606/12 5360/8603/12 5402/8607/12
f 5359/8608/12 5363/8609/12 5358/8600/12
f 5364/8610/3 5371/8611/3 5363/8612/3
f 5404/8613/12 5358/8600/12 5400/8614/12
f 5417/8615/1 5367/8616/1 5409/8617/1
f 5366/8618/3 5373/8619/3 5365/8620/3
f 5407/8621/12 5359/8608/12 5365/8622/12
f 5416/8623/1 5366/8624/1 5408/8625/1
f 5414/8626/1 5364/8627/1 5406/8628/1
f 5360/8603/12 5365/8622/12 5359/8608/12
f 5410/8629/12 5360/8603/12 5368/8605/12
f 5406/8630/12 5359/8608/12 5401/8631/12
f 5405/8632/12 5358/8600/12 5363/8609/12
f 5411/8633/4 5361/8634/4 5369/8635/4
f 5381/8636/12 5415/8637/12 5373/8638/12
f 5420/8639/12 5370/8640/12 5412/8641/12
f 5370/8640/12 5377/8642/12 5369/8643/12
f 5373/8638/12 5382/8644/12 5381/8636/12
f 5367/8645/3 5376/8646/3 5368/8647/3
f 5403/8648/12 5357/8602/12 5361/8601/12
f 5418/8649/4 5368/8650/4 5376/8651/4
f 5415/8160/4 5365/8652/4 5373/8653/4
f 5362/8654/3 5369/8655/3 5361/8656/3
f 5413/8657/4 5363/8188/4 5371/8658/4
f 5412/8659/1 5362/8660/1 5404/8661/1
f 5416/8662/12 5382/8644/12 5374/8458/12
f 5433/8663/1 5383/8664/1 5425/8665/1
f 5431/8666/4 5381/8667/4 5389/8668/4
f 5428/8669/1 5378/8670/1 5420/8671/1
f 5378/8477/3 5385/8672/3 5377/8673/3
f 5425/8674/12 5375/8675/12 5417/8676/12
f 5372/8677/12 5379/8678/12 5371/8679/12
f 5414/8680/12 5380/8681/12 5372/8677/12
f 5379/8678/12 5413/8682/12 5371/8679/12
f 5375/8675/12 5384/8683/12 5376/8684/12
f 5419/8685/12 5369/8643/12 5377/8642/12
f 5426/8686/12 5376/8684/12 5384/8683/12
f 5428/8687/12 5385/8688/12 5386/8689/12
f 5430/8690/12 5387/8691/12 5388/8692/12
f 5432/8693/12 5389/8694/12 5390/8695/12
f 5391/8696/12 5434/8697/12 5392/8698/12
f 5432/8699/1 5382/8700/1 5424/8251/1
f 5380/8701/3 5387/8702/3 5379/8703/3
f 5430/8704/1 5380/8705/1 5422/8706/1
f 5429/8704/4 5379/8707/4 5387/8708/4
f 5383/8709/3 5392/8710/3 5384/8294/3
f 5427/8711/4 5377/8712/4 5385/8713/4
f 5434/8714/4 5384/8715/4 5392/8716/4
f 5436/8449/1 5357/8717/1 5399/8447/1
f 5382/8718/3 5389/8719/3 5381/8470/3
f 5360/8720/2 5393/8721/2 5356/8722/2
f 5359/8723/2 5397/8724/2 5360/8720/2
f 5357/8725/2 5395/8726/2 5358/8727/2
f 5435/8728/4 5356/8729/4 5393/8730/4
f 5358/8727/2 5396/8731/2 5359/8723/2
f 5403/8648/12 5400/8614/12 5399/8140/12
f 5402/8607/12 5409/8732/12 5398/8137/12
f 5405/8632/12 5401/8631/12 5400/8614/12
f 5413/8733/2 5406/8734/2 5405/8735/2
f 5415/8736/2 5408/8339/2 5407/8737/2
f 5407/8621/12 5402/8607/12 5401/8631/12
f 5419/8685/12 5412/8641/12 5411/8738/12
f 5415/8637/12 5424/8739/12 5416/8662/12
f 5418/8740/2 5409/8741/2 5410/8742/2
f 5411/8743/2 5404/8744/2 5403/8745/2
f 5427/8746/2 5420/8747/2 5419/8748/2
f 5421/8749/12 5414/8680/12 5413/8682/12
f 5426/8686/12 5417/8676/12 5418/8750/12
f 5429/8751/2 5422/8210/2 5421/8752/2
f 5434/8303/2 5425/8305/2 5426/8304/2
f 5431/8753/2 5424/8754/2 5423/8755/2
f 5435/8756/3 5402/8757/3 5398/8758/3
f 5439/8759/3 5401/8760/3 5402/8757/3
f 5437/8761/3 5399/8721/3 5400/8762/3
f 5438/8763/3 5400/8762/3 5401/8760/3
f 5409/8732/12 5356/8764/12 5398/8137/12
f 5442/8765/12 5445/8766/12 5441/8767/12
f 5444/8768/12 5451/8769/12 5452/8770/12
f 5486/8603/12 5450/8771/12 5444/8768/12
f 5443/8772/12 5447/8773/12 5442/8765/12
f 5448/8774/3 5455/8775/3 5447/8776/3
f 5484/8600/12 5446/8777/12 5442/8765/12
f 5501/8778/1 5451/8779/1 5493/8780/1
f 5450/8781/3 5457/8656/3 5449/8782/3
f 5449/8783/12 5485/8608/12 5443/8772/12
f 5500/8784/1 5450/8198/1 5492/8785/1
f 5498/8786/1 5448/8787/1 5490/8788/1
f 5444/8768/12 5449/8783/12 5443/8772/12
f 5452/8770/12 5486/8603/12 5444/8768/12
f 5485/8608/12 5448/8789/12 5443/8772/12
f 5447/8773/12 5484/8600/12 5442/8765/12
f 5495/8790/4 5445/8791/4 5453/8792/4
f 5507/8793/12 5457/8794/12 5465/8795/12
f 5504/8796/12 5454/8797/12 5496/8798/12
f 5454/8797/12 5461/8799/12 5453/8800/12
f 5457/8794/12 5466/8801/12 5465/8795/12
f 5451/8802/3 5460/8803/3 5452/8288/3
f 5445/8766/12 5483/8602/12 5441/8767/12
f 5502/8804/4 5452/8805/4 5460/8806/4
f 5499/8616/4 5449/8245/4 5457/8807/4
f 5446/8808/3 5453/8809/3 5445/8810/3
f 5497/8811/4 5447/8196/4 5455/8812/4
f 5496/8285/1 5446/8199/1 5488/8286/1
f 5500/8813/12 5466/8801/12 5458/8814/12
f 5517/8255/1 5467/8815/1 5509/8253/1
f 5515/8816/4 5465/8817/4 5473/8818/4
f 5512/8819/1 5462/8820/1 5504/8422/1
f 5462/8821/3 5469/8822/3 5461/8467/3
f 5501/8823/12 5467/8824/12 5459/8825/12
f 5456/8826/12 5463/8827/12 5455/8828/12
f 5506/8829/12 5456/8826/12 5498/8830/12
f 5463/8827/12 5497/8831/12 5455/8828/12
f 5459/8825/12 5468/8832/12 5460/8459/12
f 5503/8833/12 5453/8800/12 5461/8799/12
f 5468/8832/12 5502/8834/12 5460/8459/12
f 5512/5831/12 5469/8835/12 5470/8836/12
f 5514/8837/12 5471/8838/12 5472/8839/12
f 5516/8840/12 5473/2064/12 5474/8841/12
f 5517/8842/12 5476/8843/12 5475/8844/12
f 5516/8845/1 5466/8846/1 5508/8659/1
f 5464/8847/3 5471/8848/3 5463/8849/3
f 5514/8850/1 5464/8851/1 5506/8852/1
f 5513/8853/4 5463/8854/4 5471/8855/4
f 5467/8856/3 5476/8254/3 5468/8857/3
f 5511/8260/4 5461/8858/4 5469/8859/4
f 5518/8860/4 5468/8861/4 5476/8862/4
f 5520/8863/1 5441/8864/1 5483/8865/1
f 5466/8307/3 5473/8866/3 5465/8867/3
f 5444/8868/2 5477/8869/2 5440/8785/2
f 5443/8870/2 5481/8871/2 5444/8868/2
f 5441/8872/2 5479/8873/2 5442/8874/2
f 5519/8875/4 5440/8876/4 5477/8877/4
f 5442/8874/2 5480/8878/2 5443/8870/2
f 5487/8879/12 5484/8600/12 5483/8602/12
f 5494/8880/12 5482/8764/12 5486/8603/12
f 5489/8881/12 5485/8608/12 5484/8600/12
f 5497/8882/2 5490/8151/2 5489/8883/2
f 5499/8884/2 5492/8885/2 5491/8886/2
f 5491/8887/12 5486/8603/12 5485/8608/12
f 5503/8833/12 5496/8798/12 5495/8888/12
f 5499/8714/12 5508/8889/12 5500/8813/12
f 5502/8890/2 5493/8891/2 5494/8892/2
f 5495/8893/2 5488/8894/2 5487/8895/2
f 5511/8896/2 5504/8897/2 5503/8898/2
f 5505/8899/12 5498/8830/12 5497/8831/12
f 5510/8900/12 5501/8823/12 5502/8834/12
f 5513/8901/2 5506/8860/2 5505/8902/2
f 5518/8903/2 5509/8904/2 5510/8905/2
f 5515/8906/2 5508/8907/2 5507/8908/2
f 5519/8909/3 5486/8910/3 5482/8911/3
f 5523/8912/3 5485/8913/3 5486/8910/3
f 5521/8914/3 5483/8262/3 5484/8915/3
f 5522/8916/3 5484/8915/3 5485/8913/3
f 5482/8764/12 5451/8769/12 5440/8917/12
f 5534/8918/1 5525/8919/1 5532/8920/1
f 5535/8921/1 5524/8922/1 5533/8923/1
f 5529/8924/1 5533/8923/1 5526/8925/1
f 5527/8926/1 5535/8921/1 5529/8924/1
f 5528/8927/1 5532/8920/1 5527/8926/1
f 30/1/1 25/46/1 28/2/1
f 5/4/2 29/8928/2 32/5/2
f 54/7/1 49/90/1 52/8/1
f 3/10/3 27/8929/3 26/11/3
f 1/13/4 5/8930/4 7/14/4
f 27/8931/5 3/8932/5 28/17/5
f 3/8932/5 7/18/5 28/17/5
f 7/18/5 32/8933/5 31/16/5
f 11/19/6 12/8934/6 10/20/6
f 13/22/7 14/26/7 12/23/7
f 15/25/8 16/8935/8 14/26/8
f 17/27/9 18/31/9 16/28/9
f 19/30/10 20/8936/10 18/31/10
f 21/32/11 22/39/11 20/33/11
f 10/35/12 12/8937/12 14/36/12
f 14/36/12 16/8938/12 18/37/12
f 18/37/12 20/8939/12 22/8940/12
f 22/8940/12 24/8941/12 18/37/12
f 24/8941/12 10/35/12 18/37/12
f 23/38/13 24/8942/13 22/39/13
f 9/21/14 10/20/14 24/40/14
f 11/42/5 9/8943/5 23/43/5
f 23/43/5 21/8944/5 19/44/5
f 19/44/5 17/8945/5 15/8946/5
f 15/8946/5 13/8947/5 19/44/5
f 13/8947/5 11/42/5 19/44/5
f 26/45/15 27/8948/15 28/2/15
f 32/47/16 29/8949/16 30/1/16
f 29/8950/12 5/8951/12 30/49/12
f 5/8951/12 1/50/12 30/49/12
f 1/50/12 26/8952/12 25/48/12
f 4/51/2 53/8953/2 56/52/2
f 6/54/3 51/8954/3 50/55/3
f 8/57/4 4/8955/4 2/58/4
f 51/8956/5 6/8957/5 52/61/5
f 6/8957/5 2/62/5 52/61/5
f 2/62/5 56/8958/5 55/60/5
f 35/63/6 36/8959/6 34/64/6
f 37/66/7 38/70/7 36/67/7
f 39/69/8 40/8960/8 38/70/8
f 41/71/9 42/75/9 40/72/9
f 43/74/10 44/8961/10 42/75/10
f 45/76/11 46/83/11 44/77/11
f 34/79/12 36/8962/12 38/80/12
f 38/80/12 40/8963/12 42/81/12
f 42/81/12 44/8964/12 46/8965/12
f 46/8965/12 48/8966/12 42/81/12
f 48/8966/12 34/79/12 42/81/12
f 47/82/13 48/8967/13 46/83/13
f 33/65/14 34/64/14 48/84/14
f 35/86/5 33/8968/5 47/87/5
f 47/87/5 45/8969/5 43/88/5
f 43/88/5 41/8970/5 39/8971/5
f 39/8971/5 37/8972/5 43/88/5
f 37/8972/5 35/86/5 43/88/5
f 50/89/15 51/501/15 52/8/15
f 56/91/16 53/8973/16 54/7/16
f 53/8974/12 4/8975/12 54/93/12
f 4/8975/12 8/94/12 54/93/12
f 8/94/12 50/8976/12 49/92/12
f 76/95/17 78/8977/17 58/96/17
f 78/98/5 80/8978/5 59/99/5
f 80/101/18 82/104/18 60/102/18
f 82/104/19 84/137/19 61/105/19
f 84/106/12 86/8979/12 62/107/12
f 86/109/20 76/95/20 57/97/20
f 61/105/268 67/8980/268 66/111/268
f 58/100/5 59/99/5 65/112/5
f 62/107/12 68/122/12 67/114/12
f 57/97/269 58/96/269 64/115/269
f 59/103/57 60/102/57 66/111/57
f 57/97/270 63/116/270 68/118/270
f 63/119/271 69/8981/271 74/120/271
f 68/122/12 74/8982/12 73/123/12
f 72/124/60 71/8983/60 65/125/60
f 67/127/272 73/8984/272 72/124/272
f 71/128/5 70/8985/5 64/113/5
f 70/129/59 69/8981/59 63/119/59
f 100/131/273 78/8977/273 76/95/273
f 101/133/30 80/8978/30 78/98/30
f 101/135/274 102/136/274 82/104/274
f 102/136/275 103/179/275 84/137/275
f 104/138/33 86/8979/33 84/106/33
f 99/132/276 76/95/276 86/109/276
f 90/141/277 91/8986/277 83/142/277
f 77/144/36 88/166/36 89/145/36
f 91/147/37 92/160/37 85/148/37
f 75/150/278 87/8987/278 88/151/278
f 79/153/279 89/8988/279 90/141/279
f 92/154/280 87/8987/280 75/150/280
f 87/156/281 92/8989/281 98/157/281
f 97/159/37 98/8990/37 92/160/37
f 89/161/282 95/8991/282 96/162/282
f 91/164/283 90/163/283 96/162/283
f 88/166/36 94/8992/36 95/167/36
f 94/170/4 93/8993/4 96/168/4
f 93/8993/4 98/8994/4 96/168/4
f 98/8994/4 97/8995/4 96/168/4
f 87/156/284 93/158/284 94/171/284
f 110/173/285 99/132/285 104/140/285
f 109/175/286 104/8996/286 103/176/286
f 107/178/287 108/8997/287 103/179/287
f 106/180/288 107/178/288 102/136/288
f 106/181/289 101/8998/289 100/182/289
f 105/184/290 100/131/290 99/132/290
f 75/150/51 77/152/51 105/184/51
f 79/146/52 106/181/52 105/183/52
f 81/143/53 107/178/53 106/180/53
f 83/142/54 108/8997/54 107/178/54
f 85/148/55 109/175/55 108/177/55
f 85/155/56 75/150/56 110/173/56
f 112/185/20 132/8999/20 130/186/20
f 113/188/12 134/9000/12 132/189/12
f 113/191/19 114/195/19 136/192/19
f 115/194/18 138/9001/18 136/192/18
f 116/196/5 140/9002/5 138/197/5
f 111/187/17 130/186/17 140/199/17
f 120/201/23 121/9003/23 115/194/23
f 112/190/12 118/216/12 119/202/12
f 121/203/5 122/210/5 116/196/5
f 111/187/270 117/9004/270 118/204/270
f 113/191/268 119/9005/268 120/201/268
f 122/205/22 117/9004/22 111/187/22
f 117/206/28 122/9006/28 128/207/28
f 127/209/5 128/9007/5 122/210/5
f 119/211/272 125/9008/272 126/212/272
f 121/214/26 120/213/26 126/212/26
f 118/216/12 124/9009/12 125/217/12
f 117/206/271 123/208/271 124/218/271
f 130/186/20 132/8999/20 131/220/20
f 132/189/12 134/9000/12 133/222/12
f 134/193/19 136/192/19 135/224/19
f 136/192/18 138/9001/18 137/226/18
f 138/197/5 140/9002/5 139/227/5
f 140/199/17 130/186/17 129/221/17
f 137/226/291 145/9010/291 144/230/291
f 131/223/12 133/222/12 143/231/12
f 139/227/5 146/241/5 145/233/5
f 129/221/292 131/220/292 142/234/292
f 133/225/293 135/224/293 144/230/293
f 129/221/294 141/235/294 146/237/294
f 141/238/295 147/9011/295 152/239/295
f 146/241/5 152/9012/5 151/242/5
f 150/243/296 149/9013/296 143/244/296
f 145/246/297 151/9014/297 150/243/297
f 149/247/12 148/9015/12 142/232/12
f 148/248/298 147/9011/298 141/238/298
f 154/250/20 174/9016/20 172/251/20
f 155/253/12 176/9017/12 174/254/12
f 155/256/19 156/260/19 178/257/19
f 157/259/18 180/290/18 178/257/18
f 158/261/5 182/9018/5 180/262/5
f 153/252/17 172/251/17 182/264/17
f 162/266/23 163/9019/23 157/259/23
f 154/255/12 160/280/12 161/267/12
f 163/268/5 164/274/5 158/261/5
f 153/252/270 159/9020/270 160/269/270
f 155/256/268 161/9021/268 162/266/268
f 164/270/22 159/9020/22 153/252/22
f 159/271/28 164/9022/28 170/272/28
f 169/242/5 170/9012/5 164/274/5
f 161/275/272 167/9023/272 168/276/272
f 163/278/26 162/277/26 168/276/26
f 160/280/12 166/9024/12 167/281/12
f 159/271/271 165/273/271 166/282/271
f 172/251/20 174/9016/20 173/284/20
f 174/254/12 176/9017/12 175/286/12
f 176/258/19 178/257/19 177/288/19
f 177/288/18 178/257/18 180/290/18
f 180/262/5 182/9018/5 181/292/5
f 182/264/17 172/251/17 171/285/17
f 179/291/291 187/9025/291 186/295/291
f 173/287/12 175/286/12 185/296/12
f 181/292/5 188/306/5 187/298/5
f 171/285/292 173/284/292 184/299/292
f 175/289/293 177/288/293 186/295/293
f 171/285/294 183/300/294 188/302/294
f 183/303/295 189/9026/295 194/304/295
f 188/306/5 194/9027/5 193/209/5
f 192/307/296 191/9028/296 185/308/296
f 187/310/297 193/9029/297 192/307/297
f 191/311/12 190/9030/12 184/297/12
f 190/312/298 189/9026/298 183/303/298
f 196/314/70 216/9031/70 214/315/70
f 197/317/2 218/9032/2 216/318/2
f 197/320/71 198/324/71 220/321/71
f 199/323/72 222/355/72 220/321/72
f 200/325/3 224/9033/3 222/326/3
f 195/316/73 214/315/73 224/328/73
f 204/330/299 205/9034/299 199/323/299
f 196/319/2 202/345/2 203/331/2
f 205/332/3 206/339/3 200/325/3
f 195/316/300 201/9035/300 202/333/300
f 197/320/301 203/9036/301 204/330/301
f 206/334/302 201/9035/302 195/316/302
f 201/335/303 206/9037/303 212/336/303
f 211/338/3 212/9038/3 206/339/3
f 203/340/304 209/9039/304 210/341/304
f 205/343/305 204/342/305 210/341/305
f 202/345/2 208/9040/2 209/346/2
f 201/335/306 207/337/306 208/347/306
f 214/315/70 216/9031/70 215/349/70
f 216/318/2 218/9032/2 217/351/2
f 218/322/71 220/321/71 219/353/71
f 219/353/72 220/321/72 222/355/72
f 222/326/3 224/9033/3 223/357/3
f 224/328/73 214/315/73 213/350/73
f 221/356/307 229/9041/307 228/360/307
f 215/352/2 217/351/2 227/361/2
f 223/357/3 230/371/3 229/363/3
f 213/350/308 215/349/308 226/364/308
f 217/354/309 219/353/309 228/360/309
f 213/350/310 225/365/310 230/367/310
f 225/368/311 231/9042/311 236/369/311
f 230/371/3 236/9043/3 235/372/3
f 234/373/312 233/9044/312 227/374/312
f 229/376/313 235/9045/313 234/373/313
f 233/377/2 232/9046/2 226/362/2
f 232/378/314 231/9042/314 225/368/314
f 238/380/70 258/9047/70 256/381/70
f 239/383/2 260/9048/2 258/384/2
f 239/386/71 240/390/71 262/387/71
f 241/389/72 264/421/72 262/387/72
f 242/391/3 266/9049/3 264/392/3
f 237/382/73 256/381/73 266/394/73
f 246/396/299 247/9050/299 241/389/299
f 238/385/2 244/411/2 245/397/2
f 247/398/3 248/405/3 242/391/3
f 237/382/300 243/9051/300 244/399/300
f 239/386/301 245/9052/301 246/396/301
f 248/400/302 243/9051/302 237/382/302
f 243/401/303 248/9053/303 254/402/303
f 253/404/3 254/9054/3 248/405/3
f 245/406/304 251/9055/304 252/407/304
f 247/409/305 246/408/305 252/407/305
f 244/411/2 250/9056/2 251/412/2
f 243/401/306 249/403/306 250/413/306
f 256/381/70 258/9047/70 257/415/70
f 258/384/2 260/9048/2 259/417/2
f 260/388/71 262/387/71 261/419/71
f 261/419/72 262/387/72 264/421/72
f 264/392/3 266/9049/3 265/423/3
f 266/394/73 256/381/73 255/416/73
f 263/422/307 271/9057/307 270/426/307
f 257/418/2 259/417/2 269/427/2
f 265/423/3 272/437/3 271/429/3
f 255/416/308 257/415/308 268/430/308
f 259/420/309 261/419/309 270/426/309
f 255/416/310 267/431/310 272/433/310
f 267/434/311 273/9058/311 278/435/311
f 272/437/3 278/9059/3 277/438/3
f 276/439/312 275/9060/312 269/440/312
f 271/442/313 277/9061/313 276/439/313
f 275/443/2 274/9062/2 268/428/2
f 274/444/314 273/9058/314 267/434/314
f 308/446/1 303/490/1 306/447/1
f 283/449/2 307/9063/2 310/450/2
f 332/452/1 327/532/1 330/453/1
f 281/455/3 305/9064/3 304/456/3
f 279/458/4 283/9065/4 285/459/4
f 305/9066/5 281/9067/5 306/461/5
f 281/9067/5 285/462/5 306/461/5
f 285/462/5 310/9068/5 309/460/5
f 289/463/6 290/9069/6 288/464/6
f 291/466/7 292/470/7 290/467/7
f 293/469/8 294/9070/8 292/470/8
f 295/471/9 296/475/9 294/472/9
f 297/474/10 298/9071/10 296/475/10
f 299/476/11 300/483/11 298/477/11
f 288/479/12 290/9072/12 292/480/12
f 292/480/12 294/9073/12 296/481/12
f 296/481/12 298/9074/12 300/9075/12
f 300/9075/12 302/9076/12 296/481/12
f 302/9076/12 288/479/12 296/481/12
f 301/482/13 302/9077/13 300/483/13
f 287/465/14 288/464/14 302/484/14
f 289/486/5 287/9078/5 301/487/5
f 301/487/5 299/9079/5 297/488/5
f 297/488/5 295/9080/5 293/9081/5
f 293/9081/5 291/9082/5 297/488/5
f 291/9082/5 289/486/5 297/488/5
f 304/489/15 305/9083/15 306/447/15
f 310/491/16 307/9084/16 308/446/16
f 307/9085/12 283/9086/12 308/460/12
f 283/9086/12 279/493/12 308/460/12
f 279/493/12 304/9087/12 303/492/12
f 282/494/2 331/9088/2 334/495/2
f 284/497/3 329/9089/3 328/498/3
f 286/500/4 282/767/4 280/91/4
f 329/9090/5 284/9091/5 330/503/5
f 284/9091/5 280/504/5 330/503/5
f 280/504/5 334/9092/5 333/502/5
f 313/505/6 314/9093/6 312/506/6
f 315/508/7 316/512/7 314/509/7
f 317/511/8 318/9094/8 316/512/8
f 319/513/9 320/517/9 318/514/9
f 321/516/10 322/9095/10 320/517/10
f 323/518/11 324/525/11 322/519/11
f 312/521/12 314/9096/12 316/522/12
f 316/522/12 318/9097/12 320/523/12
f 320/523/12 322/9098/12 324/9099/12
f 324/9099/12 326/9100/12 320/523/12
f 326/9100/12 312/521/12 320/523/12
f 325/524/13 326/9101/13 324/525/13
f 311/507/14 312/506/14 326/526/14
f 313/528/5 311/9102/5 325/529/5
f 325/529/5 323/9103/5 321/530/5
f 321/530/5 319/9104/5 317/9105/5
f 317/9105/5 315/9106/5 321/530/5
f 315/9106/5 313/528/5 321/530/5
f 328/531/15 329/9107/15 330/453/15
f 334/533/16 331/9108/16 332/452/16
f 331/9109/12 282/9110/12 332/535/12
f 282/9110/12 286/536/12 332/535/12
f 286/536/12 328/9111/12 327/534/12
f 354/537/17 356/9112/17 336/538/17
f 356/540/5 358/9113/5 337/541/5
f 358/543/18 360/546/18 338/544/18
f 360/546/19 362/579/19 339/547/19
f 362/548/12 364/9114/12 340/549/12
f 364/551/20 354/537/20 335/539/20
f 339/547/268 345/9115/268 344/553/268
f 336/542/5 337/541/5 343/554/5
f 340/549/12 346/564/12 345/556/12
f 335/539/269 336/538/269 342/557/269
f 337/545/57 338/544/57 344/553/57
f 335/539/270 341/558/270 346/560/270
f 341/561/271 347/9116/271 352/562/271
f 346/564/12 352/9117/12 351/565/12
f 350/566/60 349/9045/60 343/567/60
f 345/569/272 351/9118/272 350/566/272
f 349/570/5 348/9119/5 342/555/5
f 348/571/59 347/9116/59 341/561/59
f 378/573/273 356/9112/273 354/537/273
f 379/575/30 358/9113/30 356/540/30
f 379/577/274 380/578/274 360/546/274
f 380/578/275 381/621/275 362/579/275
f 382/580/33 364/9114/33 362/548/33
f 377/574/276 354/537/276 364/551/276
f 368/583/277 369/9120/277 361/584/277
f 355/586/36 366/608/36 367/587/36
f 369/589/37 370/602/37 363/590/37
f 353/592/278 365/9121/278 366/593/278
f 357/595/279 367/9122/279 368/583/279
f 370/596/315 365/9121/315 353/592/315
f 365/598/281 370/9123/281 376/599/281
f 375/601/37 376/9124/37 370/602/37
f 367/603/282 373/9125/282 374/604/282
f 369/606/283 368/605/283 374/604/283
f 366/608/36 372/9126/36 373/609/36
f 372/612/4 371/9127/4 374/610/4
f 371/9127/4 376/9128/4 374/610/4
f 376/9128/4 375/9129/4 374/610/4
f 365/598/284 371/600/284 372/613/284
f 388/615/285 377/574/285 382/582/285
f 387/617/286 382/9130/286 381/618/286
f 385/620/287 386/9131/287 381/621/287
f 384/622/288 385/620/288 380/578/288
f 384/623/289 379/9132/289 378/624/289
f 383/626/290 378/573/290 377/574/290
f 353/592/51 355/594/51 383/626/51
f 357/588/52 384/623/52 383/625/52
f 359/585/53 385/620/53 384/622/53
f 361/584/54 386/9131/54 385/620/54
f 363/590/55 387/617/55 386/619/55
f 363/597/56 353/592/56 388/615/56
f 390/627/20 410/9133/20 408/628/20
f 391/630/12 412/9134/12 410/631/12
f 391/633/19 392/637/19 414/634/19
f 393/636/18 416/667/18 414/634/18
f 394/638/5 418/9135/5 416/639/5
f 389/629/17 408/628/17 418/641/17
f 398/643/23 399/9136/23 393/636/23
f 390/632/12 396/657/12 397/644/12
f 399/645/5 400/651/5 394/638/5
f 389/629/270 395/9137/270 396/646/270
f 391/633/268 397/9138/268 398/643/268
f 400/399/22 395/9137/22 389/629/22
f 395/647/28 400/9139/28 406/648/28
f 405/650/5 406/9140/5 400/651/5
f 397/652/272 403/9141/272 404/653/272
f 399/655/26 398/654/26 404/653/26
f 396/657/12 402/9142/12 403/658/12
f 395/647/271 401/649/271 402/659/271
f 408/628/20 410/9133/20 409/661/20
f 410/631/12 412/9134/12 411/663/12
f 412/635/19 414/634/19 413/665/19
f 413/665/18 414/634/18 416/667/18
f 416/639/5 418/9135/5 417/669/5
f 418/641/17 408/628/17 407/662/17
f 415/668/291 423/9143/291 422/672/291
f 409/664/12 411/663/12 421/673/12
f 417/669/5 424/683/5 423/675/5
f 407/662/292 409/661/292 420/676/292
f 411/666/293 413/665/293 422/672/293
f 407/662/294 419/677/294 424/679/294
f 419/680/295 425/9144/295 430/681/295
f 424/683/5 430/9145/5 429/684/5
f 428/685/296 427/9146/296 421/686/296
f 423/688/297 429/9147/297 428/685/297
f 427/689/12 426/9148/12 420/674/12
f 426/690/298 425/9144/298 419/680/298
f 432/692/20 452/9149/20 450/693/20
f 433/695/12 454/9150/12 452/696/12
f 433/698/19 434/702/19 456/699/19
f 435/701/18 458/9151/18 456/699/18
f 436/703/5 460/9152/5 458/704/5
f 431/694/17 450/693/17 460/706/17
f 440/708/23 441/9153/23 435/701/23
f 432/697/12 438/722/12 439/709/12
f 441/710/5 442/716/5 436/703/5
f 431/694/270 437/9154/270 438/711/270
f 433/698/268 439/9155/268 440/708/268
f 442/712/22 437/9154/22 431/694/22
f 437/713/28 442/9156/28 448/714/28
f 447/346/5 448/9040/5 442/716/5
f 439/717/272 445/9157/272 446/718/272
f 441/720/26 440/719/26 446/718/26
f 438/722/12 444/9158/12 445/723/12
f 437/713/271 443/715/271 444/724/271
f 450/693/20 452/9149/20 451/726/20
f 452/696/12 454/9150/12 453/728/12
f 454/700/19 456/699/19 455/730/19
f 456/699/18 458/9151/18 457/732/18
f 458/704/5 460/9152/5 459/733/5
f 460/706/17 450/693/17 449/727/17
f 457/732/291 465/9159/291 464/736/291
f 451/729/12 453/728/12 463/737/12
f 459/733/5 466/747/5 465/739/5
f 449/727/292 451/726/292 462/740/292
f 453/731/293 455/730/293 464/736/293
f 449/727/294 461/741/294 466/743/294
f 461/744/295 467/9160/295 472/745/295
f 466/747/5 472/9161/5 471/748/5
f 470/749/296 469/9162/296 463/750/296
f 465/752/297 471/9163/297 470/749/297
f 469/412/12 468/9164/12 462/738/12
f 468/753/298 467/9160/298 461/744/298
f 502/755/1 497/799/1 500/756/1
f 477/758/2 501/9165/2 504/759/2
f 526/761/1 521/843/1 524/762/1
f 475/764/3 499/9166/3 498/765/3
f 473/767/4 477/500/4 479/768/4
f 499/9167/5 475/9168/5 500/771/5
f 475/9168/5 479/772/5 500/771/5
f 479/772/5 504/9169/5 503/770/5
f 483/527/6 484/526/6 482/773/6
f 485/775/7 486/779/7 484/776/7
f 487/778/8 488/9170/8 486/779/8
f 489/780/9 490/784/9 488/781/9
f 491/783/10 492/9171/10 490/784/10
f 493/785/11 494/792/11 492/786/11
f 482/788/12 484/9172/12 486/789/12
f 486/789/12 488/9173/12 490/790/12
f 490/790/12 492/9174/12 494/9175/12
f 494/9175/12 496/9176/12 490/790/12
f 496/9176/12 482/788/12 490/790/12
f 495/791/13 496/9177/13 494/792/13
f 481/774/14 482/773/14 496/793/14
f 483/795/5 481/9178/5 495/796/5
f 495/796/5 493/9179/5 491/797/5
f 491/797/5 489/9180/5 487/9181/5
f 487/9181/5 485/9182/5 491/797/5
f 485/9182/5 483/795/5 491/797/5
f 498/798/15 499/9183/15 500/756/15
f 504/800/16 501/9184/16 502/755/16
f 501/9185/12 477/9186/12 502/802/12
f 477/9186/12 473/803/12 502/802/12
f 473/803/12 498/9187/12 497/801/12
f 476/804/2 525/9188/2 528/805/2
f 478/807/3 523/9189/3 522/808/3
f 480/810/4 476/9190/4 474/811/4
f 523/9191/5 478/50/5 524/814/5
f 478/50/5 474/815/5 524/814/5
f 474/815/5 528/9192/5 527/813/5
f 507/816/6 508/9193/6 506/817/6
f 509/819/7 510/823/7 508/820/7
f 511/822/8 512/9194/8 510/823/8
f 513/824/9 514/828/9 512/825/9
f 515/827/10 516/9195/10 514/828/10
f 517/829/11 518/836/11 516/830/11
f 506/832/12 508/9196/12 510/833/12
f 510/833/12 512/9197/12 514/834/12
f 514/834/12 516/9198/12 518/9199/12
f 518/9199/12 520/9200/12 514/834/12
f 520/9200/12 506/832/12 514/834/12
f 519/835/13 520/9201/13 518/836/13
f 505/818/14 506/817/14 520/837/14
f 507/839/5 505/9202/5 519/840/5
f 519/840/5 517/9203/5 515/841/5
f 515/841/5 513/9204/5 511/9205/5
f 511/9205/5 509/9206/5 515/841/5
f 509/9206/5 507/839/5 515/841/5
f 522/842/15 523/9207/15 524/762/15
f 528/844/16 525/9208/16 526/761/16
f 525/9209/12 476/9210/12 526/846/12
f 476/9210/12 480/847/12 526/846/12
f 480/847/12 522/9211/12 521/845/12
f 530/848/3 532/9212/3 531/849/3
f 536/851/2 534/9213/2 533/852/2
f 534/854/5 530/1113/5 529/855/5
f 535/857/4 533/9214/4 529/858/4
f 532/860/1 530/9215/1 534/861/1
f 538/863/3 540/9216/3 539/864/3
f 544/866/2 542/9217/2 541/867/2
f 542/869/5 538/1086/5 537/870/5
f 543/872/4 541/9218/4 537/873/4
f 540/875/1 538/4606/1 542/876/1
f 546/878/3 548/9219/3 547/879/3
f 552/881/2 550/9220/2 549/882/2
f 550/884/5 546/9221/5 545/885/5
f 551/887/4 549/9222/4 545/888/4
f 548/890/1 546/9223/1 550/891/1
f 554/893/3 556/9224/3 555/894/3
f 560/896/2 558/9225/2 557/897/2
f 558/899/5 554/9226/5 553/900/5
f 559/902/4 557/5042/4 553/903/4
f 556/905/1 554/936/1 558/906/1
f 562/908/3 564/9227/3 563/909/3
f 568/911/2 566/9228/2 565/912/2
f 566/914/5 562/1240/5 561/915/5
f 567/917/4 565/1076/4 561/918/4
f 564/920/1 562/9229/1 566/921/1
f 570/923/3 572/9230/3 571/924/3
f 576/926/2 574/9231/2 573/927/2
f 574/929/5 570/9232/5 569/930/5
f 575/932/4 573/9233/4 569/933/4
f 572/935/1 570/3621/1 574/936/1
f 578/937/3 580/9234/3 579/938/3
f 584/940/2 582/9235/2 581/941/2
f 582/943/5 578/1058/5 577/944/5
f 583/946/4 581/9236/4 577/947/4
f 580/949/1 578/1153/1 582/950/1
f 586/952/3 588/1266/3 587/953/3
f 592/955/2 590/9237/2 589/956/2
f 590/958/5 586/9238/5 585/959/5
f 591/961/4 589/9239/4 585/962/4
f 588/964/1 586/9240/1 590/965/1
f 594/967/3 596/1236/3 595/968/3
f 600/970/2 598/9241/2 597/971/2
f 598/973/5 594/9242/5 593/974/5
f 599/976/4 597/9243/4 593/977/4
f 596/979/1 594/5017/1 598/980/1
f 602/982/3 604/9244/3 603/983/3
f 608/985/2 606/9245/2 605/986/2
f 606/988/5 602/9246/5 601/989/5
f 607/991/4 605/1180/4 601/992/4
f 604/994/1 602/9247/1 606/995/1
f 610/997/3 612/9248/3 611/998/3
f 616/1000/2 614/9249/2 613/1001/2
f 614/1003/5 610/9250/5 609/1004/5
f 615/1006/4 613/1155/4 609/1007/4
f 612/1009/1 610/9251/1 614/877/1
f 618/1010/3 620/9252/3 619/1011/3
f 624/1013/2 622/9253/2 621/1014/2
f 622/1016/5 618/9254/5 617/1017/5
f 623/1019/4 621/4532/4 617/1020/4
f 620/1022/1 618/9255/1 622/1023/1
f 626/1025/3 628/9256/3 627/1026/3
f 632/1028/2 630/9257/2 629/1029/2
f 630/975/5 626/943/5 625/945/5
f 631/1032/4 629/1127/4 625/1033/4
f 628/907/1 626/906/1 630/1035/1
f 634/1037/3 636/9258/3 635/1038/3
f 640/1040/2 638/9259/2 637/1041/2
f 638/1043/5 634/9260/5 633/1044/5
f 639/1046/4 637/9261/4 633/1047/4
f 636/1049/1 634/9262/1 638/1050/1
f 642/1052/3 644/9263/3 643/1053/3
f 648/1055/2 646/9264/2 645/1056/2
f 646/1058/5 642/4611/5 641/1059/5
f 647/1061/4 645/9265/4 641/1062/4
f 644/1064/1 642/9266/1 646/1065/1
f 650/1067/3 652/9267/3 651/1068/3
f 656/1070/2 654/9268/2 653/1071/2
f 654/1073/5 650/9269/5 649/1074/5
f 655/1021/4 653/918/4 649/1076/4
f 652/1077/1 650/9270/1 654/1078/1
f 659/1080/3 660/9271/3 658/1081/3
f 661/1083/2 662/9272/2 664/1084/2
f 657/869/12 658/9273/12 662/988/12
f 657/1087/4 661/5902/4 663/1088/4
f 662/1090/1 658/9223/1 660/890/1
f 667/1092/3 668/9274/3 666/1093/3
f 669/1095/2 670/9275/2 672/1096/2
f 665/974/12 666/9242/12 670/1098/12
f 665/1100/4 669/9276/4 671/1101/4
f 670/1103/1 666/9277/1 668/1104/1
f 675/1106/3 676/9278/3 674/1107/3
f 677/1109/2 678/9279/2 680/1110/2
f 673/854/12 674/1202/12 678/1112/12
f 673/1114/4 677/9280/4 679/1115/4
f 678/1117/1 674/9281/1 676/1118/1
f 683/1120/3 684/9282/3 682/1121/3
f 685/1123/2 686/9283/2 688/1124/2
f 681/1126/12 682/1033/12 686/1127/12
f 681/1129/4 685/9284/4 687/1130/4
f 686/1132/1 682/9285/1 684/1133/1
f 691/1135/3 692/9286/3 690/1136/3
f 693/1138/2 694/9287/2 696/1139/2
f 689/1141/12 690/9288/12 694/1142/12
f 689/992/4 693/892/4 695/891/4
f 694/1144/1 690/9289/1 692/920/1
f 699/953/3 700/9290/3 698/1145/3
f 701/1146/2 702/9291/2 704/1147/2
f 697/1149/12 698/9292/12 702/1150/12
f 697/949/4 701/9293/4 703/1152/4
f 702/1006/1 698/977/1 700/1154/1
f 707/1156/3 708/9294/3 706/1157/3
f 709/1159/2 710/9295/2 712/1160/2
f 705/1162/12 706/9296/12 710/1163/12
f 705/1165/4 709/9297/4 711/1166/4
f 710/1167/1 706/9298/1 708/1168/1
f 715/1170/3 716/9299/3 714/1171/3
f 717/1173/2 718/9300/2 720/1174/2
f 713/1176/12 714/1214/12 718/1177/12
f 713/1179/4 717/9301/4 719/1180/4
f 718/1181/1 714/1180/1 716/991/1
f 723/1183/3 724/9302/3 722/1184/3
f 725/1186/2 726/9303/2 728/1187/2
f 721/1189/12 722/9304/12 726/1190/12
f 721/1192/4 725/9305/4 727/1193/4
f 726/1091/1 722/3589/1 724/1195/1
f 731/1196/3 732/9306/3 730/1197/3
f 733/1199/2 734/9307/2 736/1200/2
f 729/1202/12 730/9308/12 734/915/12
f 729/1203/4 733/9309/4 735/1204/4
f 734/1206/1 730/5018/1 732/1207/1
f 739/942/3 740/9310/3 738/1209/3
f 741/1210/2 742/9311/2 744/1211/2
f 737/1213/12 738/1177/12 742/1214/12
f 737/1216/4 741/9312/4 743/1217/4
f 742/1219/1 738/9313/1 740/1220/1
f 747/1222/3 748/9314/3 746/1223/3
f 749/1225/2 750/9315/2 752/1226/2
f 745/1228/12 746/9316/12 750/1229/12
f 745/1231/4 749/1154/4 751/977/4
f 750/1233/1 746/9317/1 748/1234/1
f 755/1093/3 756/9274/3 754/1236/3
f 757/1237/2 758/9318/2 760/1238/2
f 753/914/12 754/9319/12 758/870/12
f 753/1241/4 757/4292/4 759/1242/4
f 758/1244/1 754/9320/1 756/1245/1
f 763/1247/3 764/9321/3 762/1248/3
f 765/1250/2 766/9322/2 768/1251/2
f 761/1253/12 762/1153/12 766/1254/12
f 761/1256/4 765/9323/4 767/1257/4
f 766/1259/1 762/5041/1 764/1260/1
f 771/1262/3 772/9324/3 770/1263/3
f 773/1265/2 774/9325/2 776/1266/2
f 769/1267/12 770/9326/12 774/1268/12
f 769/1270/4 773/9327/4 775/1271/4
f 774/1273/1 770/9328/1 772/1274/1
f 782/1276/12 785/9329/12 781/1277/12
f 782/1279/1 783/9330/1 784/1280/1
f 801/1282/12 792/1313/12 777/1283/12
f 781/1284/4 786/9331/4 780/1285/4
f 797/1287/3 795/2056/3 794/1288/3
f 801/1282/12 782/1276/12 779/1278/12
f 779/1291/2 780/9332/2 787/1292/2
f 796/1290/12 779/1278/12 778/1294/12
f 804/1296/12 797/9333/12 805/1297/12
f 783/1299/12 790/9334/12 789/1300/12
f 777/1302/2 790/9335/2 783/1303/2
f 798/1305/12 803/9336/12 799/1306/12
f 794/1308/12 795/1307/12 796/1290/12
f 802/1309/1 800/9337/1 799/1310/1
f 801/1282/12 799/1306/12 793/1312/12
f 797/1314/4 804/9338/4 798/1315/4
f 786/1317/12 788/2676/12 787/1318/12
f 796/1290/12 795/1307/12 799/1306/12
f 800/1320/12 802/9339/12 807/1321/12
f 800/1322/3 808/9340/3 793/1323/3
f 810/1325/12 816/1332/12 820/1326/12
f 809/1328/12 815/9341/12 818/1329/12
f 810/1325/12 811/1337/12 817/1331/12
f 819/1333/12 815/9341/12 809/1328/12
f 814/1327/12 820/1326/12 819/1333/12
f 812/1330/12 818/1329/12 843/1335/12
f 811/1337/12 836/1384/12 844/1338/12
f 817/1339/91 823/1351/91 822/1340/91
f 825/1342/2 821/2751/2 815/1343/2
f 826/1345/2 825/1342/2 819/1344/2
f 818/1347/4 824/1355/4 851/1348/4
f 844/1350/92 852/9342/92 823/1351/92
f 822/1352/2 826/1345/2 820/1346/2
f 815/1354/4 821/9343/4 824/1355/4
f 814/1356/3 832/1368/3 828/1357/3
f 812/1359/1 830/1370/1 827/1360/1
f 810/1362/93 828/9344/93 829/1363/93
f 809/1365/3 827/9345/3 831/1366/3
f 813/1367/3 831/1366/3 832/1368/3
f 835/1369/1 859/9346/1 830/1370/1
f 811/1364/93 829/1363/93 860/1371/93
f 834/1373/12 840/1383/12 848/1374/12
f 846/1376/12 841/9347/12 833/1377/12
f 834/1373/12 842/1375/12 845/1379/12
f 833/1377/12 841/9347/12 847/1381/12
f 840/1383/12 839/1382/12 847/1381/12
f 843/1335/12 846/1376/12 838/1378/12
f 837/1380/12 845/1379/12 844/1338/12
f 850/1385/94 853/1394/94 845/1386/94
f 841/1388/3 849/9348/3 855/1389/3
f 847/1390/3 855/1389/3 856/1391/3
f 851/1348/4 854/1397/4 846/1393/4
f 853/1394/95 852/9342/95 844/1350/95
f 848/1392/3 856/1391/3 850/1395/3
f 854/1397/4 849/9349/4 841/1398/4
f 858/1399/2 864/1411/2 840/1400/2
f 857/1402/1 862/1412/1 838/1403/1
f 861/1405/96 858/9350/96 834/1406/96
f 863/1408/2 857/9351/2 833/1409/2
f 864/1411/2 863/1408/2 839/1410/2
f 862/1412/1 859/9346/1 835/1369/1
f 860/1371/96 861/1405/96 837/1407/96
f 866/1413/2 868/9352/2 874/1414/2
f 872/1416/3 870/9353/3 876/1417/3
f 870/1419/12 866/5636/12 873/1420/12
f 871/1422/4 869/1440/4 865/1423/4
f 868/1425/1 866/9354/1 870/1426/1
f 876/1417/3 877/9355/3 878/1428/3
f 875/1418/3 876/1417/3 869/1429/3
f 873/1415/2 874/1414/2 867/1431/2
f 877/1433/12 880/9356/12 879/1434/12
f 873/1436/1 880/2416/1 877/1437/1
f 865/1432/2 879/9357/2 880/1439/2
f 869/1440/4 878/9358/4 879/1441/4
f 882/1442/12 890/1449/12 894/1443/12
f 881/1445/12 889/9359/12 892/1446/12
f 882/1442/12 883/1458/12 891/1448/12
f 895/1450/12 896/1457/12 888/1451/12
f 886/1444/12 894/1443/12 893/1453/12
f 884/1447/12 892/1446/12 925/1455/12
f 896/1457/12 889/9359/12 881/1445/12
f 885/1454/12 893/1453/12 895/1450/12
f 883/1458/12 916/1517/12 926/1459/12
f 891/1460/91 899/1476/91 898/1461/91
f 903/1463/2 904/1472/2 896/1464/2
f 902/1466/2 901/1474/2 893/1467/2
f 892/1469/4 900/1480/4 935/1470/4
f 904/1472/2 897/1533/2 889/1473/2
f 901/1474/2 903/1463/2 895/1465/2
f 926/1475/92 936/9360/92 899/1476/92
f 898/1477/2 902/1466/2 894/1468/2
f 889/1479/4 897/9361/4 900/1480/4
f 886/1481/3 910/1494/3 906/1482/3
f 884/1484/1 908/1496/1 905/1485/1
f 882/1487/93 906/9362/93 907/1488/93
f 888/1490/3 912/1498/3 911/1491/3
f 885/1493/3 909/1499/3 910/1494/3
f 915/1495/1 945/9363/1 908/1496/1
f 881/1497/3 905/9364/3 912/1498/3
f 887/1492/3 911/1491/3 909/1499/3
f 883/1489/93 907/1488/93 946/1500/93
f 914/1502/12 920/1513/12 930/1503/12
f 928/1505/12 923/9365/12 913/1506/12
f 914/1502/12 924/1504/12 927/1508/12
f 922/1510/12 932/1515/12 931/1511/12
f 920/1513/12 919/1516/12 929/1514/12
f 925/1455/12 928/1505/12 918/1507/12
f 913/1506/12 923/9365/12 932/1515/12
f 919/1516/12 921/1512/12 931/1511/12
f 917/1509/12 927/1508/12 926/1459/12
f 934/1518/94 937/1531/94 927/1519/94
f 932/1521/3 942/1529/3 941/1522/3
f 929/1524/3 939/1530/3 940/1525/3
f 935/1470/4 938/1534/4 928/1527/4
f 923/1528/3 933/9366/3 942/1529/3
f 931/1523/3 941/1522/3 939/1530/3
f 937/1531/95 936/9360/95 926/1475/95
f 930/1526/3 940/1525/3 934/1532/3
f 938/1534/4 933/9367/4 923/1535/4
f 944/1536/2 950/1548/2 920/1537/2
f 943/1539/1 948/1550/1 918/1540/1
f 947/1542/96 944/9368/96 914/1543/96
f 951/1545/2 952/1551/2 922/1546/2
f 950/1548/2 949/1553/2 919/1549/2
f 948/1550/1 945/9363/1 915/1495/1
f 952/1551/2 943/2243/2 913/1552/2
f 949/1553/2 951/1545/2 921/1547/2
f 946/1500/96 947/1542/96 917/1544/96
f 960/1554/12 964/9369/12 959/1555/12
f 973/1557/2 961/9370/2 968/1558/2
f 960/1560/1 962/4442/1 963/1561/1
f 988/1563/12 976/1607/12 953/1564/12
f 959/1565/4 966/1789/4 958/1566/4
f 974/1568/4 956/9371/4 961/1569/4
f 982/1571/12 955/1556/12 969/1572/12
f 969/1574/1 957/2328/1 967/1575/1
f 988/1563/12 960/1554/12 955/1556/12
f 993/1573/12 969/1572/12 973/1577/12
f 969/1572/12 965/9372/12 974/1579/12
f 955/1580/2 958/1943/2 957/1581/2
f 961/1583/12 956/9373/12 970/1584/12
f 962/1586/12 972/9374/12 971/1587/12
f 958/1589/12 966/9375/12 967/1590/12
f 953/1592/2 972/9376/2 962/1593/2
f 998/1578/12 973/1577/12 954/1595/12
f 984/1597/12 990/9377/12 985/1598/12
f 995/1600/3 986/1989/3 1001/1601/3
f 989/1603/1 987/9378/1 985/1604/1
f 988/1563/12 985/1598/12 977/1606/12
f 983/1608/4 992/9379/4 984/1609/4
f 986/1611/4 980/4473/4 1002/1612/4
f 996/1614/12 979/1599/12 982/1571/12
f 994/1615/1 981/9380/1 996/1616/1
f 979/1599/12 985/1598/12 988/1563/12
f 1001/1618/12 996/1614/12 993/1573/12
f 1002/1619/12 991/9381/12 996/1614/12
f 981/1538/3 983/9382/3 979/1620/3
f 997/1622/12 980/9383/12 986/1623/12
f 987/1625/12 989/9384/12 999/1626/12
f 994/1628/12 992/5524/12 983/1629/12
f 987/1631/3 1000/1699/3 977/1632/3
f 978/1634/12 1001/1618/12 998/1578/12
f 1004/1635/2 1006/9385/2 1012/1636/2
f 1010/1638/3 1008/9386/3 1014/1639/3
f 1008/1641/12 1004/9387/12 1011/1642/12
f 1009/1644/4 1007/1661/4 1003/1645/4
f 1006/1647/1 1004/2620/1 1008/1648/1
f 1014/1639/3 1015/9388/3 1016/1650/3
f 1013/1640/3 1014/1639/3 1007/1651/3
f 1011/1637/2 1012/1636/2 1005/1653/2
f 1015/1648/12 1018/2620/12 1017/1655/12
f 1011/1657/1 1018/2631/1 1015/1658/1
f 1003/1654/2 1017/9389/2 1018/1660/2
f 1007/1661/4 1016/7791/4 1017/1662/4
f 1024/1663/12 1027/9390/12 1023/1664/12
f 1024/1666/1 1025/9391/1 1026/1667/1
f 1043/1669/12 1034/1697/12 1019/1670/12
f 1023/1671/4 1028/9392/4 1022/1672/4
f 1039/1674/3 1037/2057/3 1036/1675/3
f 1043/1669/12 1024/1663/12 1021/1665/12
f 1021/1678/2 1022/2059/2 1029/1289/2
f 1038/1677/12 1021/1665/12 1020/1679/12
f 1046/1681/12 1039/9393/12 1047/1682/12
f 1025/1684/12 1032/9394/12 1031/1685/12
f 1019/1687/2 1032/9395/2 1025/1688/2
f 1040/1690/12 1045/9396/12 1041/1691/12
f 1036/1693/12 1037/1692/12 1038/1677/12
f 1044/1694/1 1042/9397/1 1041/1303/1
f 1043/1669/12 1041/1691/12 1035/1696/12
f 1039/1698/4 1046/9398/4 1040/1699/4
f 1028/1701/12 1030/3036/12 1029/1702/12
f 1038/1677/12 1037/1692/12 1041/1691/12
f 1042/1704/12 1044/5828/12 1049/1705/12
f 1042/1707/3 1050/9399/3 1035/1708/3
f 1052/1710/12 1058/1717/12 1062/1711/12
f 1051/1713/12 1057/2516/12 1060/1714/12
f 1052/1710/12 1053/1722/12 1059/1716/12
f 1061/1718/12 1057/2516/12 1051/1713/12
f 1056/1712/12 1062/1711/12 1061/1718/12
f 1054/1715/12 1060/1714/12 1085/1720/12
f 1053/1722/12 1078/1769/12 1086/1723/12
f 1059/1724/91 1065/1736/91 1064/1725/91
f 1067/1727/2 1063/9400/2 1057/1728/2
f 1068/1730/2 1067/1727/2 1061/1729/2
f 1060/1732/4 1066/1740/4 1093/1733/4
f 1086/1735/92 1094/9401/92 1065/1736/92
f 1064/1737/2 1068/1730/2 1062/1731/2
f 1057/1739/4 1063/9402/4 1066/1740/4
f 1056/1741/3 1074/1753/3 1070/1742/3
f 1054/1744/1 1072/1755/1 1069/1745/1
f 1052/1747/93 1070/9403/93 1071/1748/93
f 1051/1750/3 1069/9404/3 1073/1751/3
f 1055/1752/3 1073/1751/3 1074/1753/3
f 1077/1754/1 1101/9405/1 1072/1755/1
f 1053/1749/93 1071/1748/93 1102/1756/93
f 1076/1758/12 1082/1768/12 1090/1759/12
f 1088/1761/12 1083/9406/12 1075/1762/12
f 1076/1758/12 1084/1760/12 1087/1764/12
f 1075/1762/12 1083/9406/12 1089/1766/12
f 1082/1768/12 1081/1767/12 1089/1766/12
f 1085/1720/12 1088/1761/12 1080/1763/12
f 1079/1765/12 1087/1764/12 1086/1723/12
f 1092/1770/94 1095/1779/94 1087/1771/94
f 1083/1773/3 1091/9407/3 1097/1774/3
f 1089/1775/3 1097/1774/3 1098/1776/3
f 1093/1733/4 1096/1782/4 1088/1778/4
f 1095/1779/95 1094/9401/95 1086/1735/95
f 1090/1777/3 1098/1776/3 1092/1780/3
f 1096/1782/4 1091/2515/4 1083/1783/4
f 1100/1784/2 1106/1796/2 1082/1785/2
f 1099/1787/1 1104/1797/1 1080/1788/1
f 1103/1790/96 1100/9408/96 1076/1791/96
f 1105/1793/2 1099/4426/2 1075/1794/2
f 1106/1796/2 1105/1793/2 1081/1795/2
f 1104/1797/1 1101/9405/1 1077/1754/1
f 1102/1756/96 1103/1790/96 1079/1792/96
f 1108/1798/2 1110/6759/2 1116/1799/2
f 1114/1801/3 1112/9409/3 1118/1802/3
f 1112/1804/12 1108/9410/12 1115/1805/12
f 1113/1807/4 1111/1825/4 1107/1808/4
f 1110/1810/1 1108/9411/1 1112/1811/1
f 1118/1802/3 1119/9412/3 1120/1813/3
f 1117/1803/3 1118/1802/3 1111/1814/3
f 1115/1800/2 1116/1799/2 1109/1816/2
f 1119/1818/12 1122/2794/12 1121/1819/12
f 1115/1821/1 1122/9413/1 1119/1822/1
f 1107/1817/2 1121/9414/2 1122/1824/2
f 1111/1825/4 1120/9415/4 1121/1826/4
f 1124/1827/12 1132/1834/12 1136/1828/12
f 1123/1830/12 1131/9416/12 1134/1831/12
f 1124/1827/12 1125/1843/12 1133/1833/12
f 1137/1835/12 1138/1842/12 1130/1836/12
f 1128/1829/12 1136/1828/12 1135/1838/12
f 1126/1832/12 1134/1831/12 1167/1840/12
f 1138/1842/12 1131/9416/12 1123/1830/12
f 1127/1839/12 1135/1838/12 1137/1835/12
f 1125/1843/12 1158/1902/12 1168/1844/12
f 1133/1845/91 1141/1861/91 1140/1846/91
f 1145/1848/2 1146/1857/2 1138/1849/2
f 1144/1851/2 1143/1859/2 1135/1852/2
f 1134/1854/4 1142/1865/4 1177/1855/4
f 1146/1857/2 1139/9417/2 1131/1858/2
f 1143/1859/2 1145/1848/2 1137/1850/2
f 1168/1860/92 1178/9418/92 1141/1861/92
f 1140/1862/2 1144/1851/2 1136/1853/2
f 1131/1864/4 1139/9419/4 1142/1865/4
f 1128/1866/3 1152/1879/3 1148/1867/3
f 1126/1869/1 1150/1881/1 1147/1870/1
f 1124/1872/93 1148/9420/93 1149/1873/93
f 1130/1875/3 1154/1883/3 1153/1876/3
f 1127/1878/3 1151/1884/3 1152/1879/3
f 1157/1880/1 1187/9421/1 1150/1881/1
f 1123/1882/3 1147/9422/3 1154/1883/3
f 1129/1877/3 1153/1876/3 1151/1884/3
f 1125/1874/93 1149/1873/93 1188/1885/93
f 1156/1887/12 1162/1898/12 1172/1888/12
f 1170/1890/12 1165/9423/12 1155/1891/12
f 1156/1887/12 1166/1889/12 1169/1893/12
f 1164/1895/12 1174/1900/12 1173/1896/12
f 1162/1898/12 1161/1901/12 1171/1899/12
f 1167/1840/12 1170/1890/12 1160/1892/12
f 1155/1891/12 1165/9423/12 1174/1900/12
f 1161/1901/12 1163/1897/12 1173/1896/12
f 1159/1894/12 1169/1893/12 1168/1844/12
f 1176/1903/94 1179/1916/94 1169/1904/94
f 1174/1906/3 1184/1914/3 1183/1907/3
f 1171/1909/3 1181/1915/3 1182/1910/3
f 1177/1855/4 1180/1919/4 1170/1912/4
f 1165/1913/3 1175/9424/3 1184/1914/3
f 1173/1908/3 1183/1907/3 1181/1915/3
f 1179/1916/95 1178/9418/95 1168/1860/95
f 1172/1911/3 1182/1910/3 1176/1917/3
f 1180/1919/4 1175/9425/4 1165/1920/4
f 1186/1921/2 1192/1933/2 1162/1922/2
f 1185/1924/1 1190/1935/1 1160/1925/1
f 1189/1927/96 1186/9426/96 1156/1928/96
f 1193/1930/2 1194/1936/2 1164/1931/2
f 1192/1933/2 1191/1938/2 1161/1934/2
f 1190/1935/1 1187/9421/1 1157/1880/1
f 1194/1936/2 1185/3082/2 1155/1937/2
f 1191/1938/2 1193/1930/2 1163/1932/2
f 1188/1885/96 1189/1927/96 1159/1929/96
f 1202/1939/12 1206/9427/12 1201/1940/12
f 1215/1942/2 1203/9428/2 1210/1943/2
f 1202/1944/1 1204/9429/1 1205/1945/1
f 1230/1947/12 1218/1987/12 1195/1948/12
f 1201/1949/4 1208/9430/4 1200/1950/4
f 1216/1952/4 1198/9431/4 1203/1570/4
f 1224/1953/12 1197/1941/12 1211/1954/12
f 1211/1956/1 1199/3505/1 1209/1957/1
f 1230/1947/12 1202/1939/12 1197/1941/12
f 1235/1955/12 1211/1954/12 1215/1959/12
f 1211/1954/12 1207/9432/12 1216/1961/12
f 1197/1962/2 1200/2340/2 1199/1963/2
f 1203/1965/12 1198/9433/12 1212/1966/12
f 1204/1968/12 1214/4493/12 1213/1969/12
f 1200/1971/12 1208/9434/12 1209/1702/12
f 1195/1973/2 1214/9435/2 1204/1974/2
f 1240/1960/12 1215/1959/12 1196/1976/12
f 1226/1978/12 1232/9436/12 1227/1979/12
f 1237/1981/3 1228/9437/3 1243/1982/3
f 1231/1984/1 1229/1567/1 1227/1566/1
f 1230/1947/12 1227/1979/12 1219/1986/12
f 1225/1988/4 1234/1601/4 1226/1989/4
f 1228/1991/4 1222/9438/4 1244/1992/4
f 1238/1994/12 1221/1980/12 1224/1953/12
f 1236/1995/1 1223/2910/1 1238/1996/1
f 1221/1980/12 1227/1979/12 1230/1947/12
f 1243/1998/12 1238/1994/12 1235/1955/12
f 1244/1999/12 1233/9439/12 1238/1994/12
f 1223/2000/3 1225/9440/3 1221/2001/3
f 1239/2003/12 1222/9441/12 1228/2004/12
f 1229/2006/12 1231/4157/12 1241/2007/12
f 1236/2009/12 1234/9442/12 1225/2010/12
f 1229/2012/3 1242/9443/3 1219/2013/3
f 1220/2015/12 1243/1998/12 1240/1960/12
f 1246/2016/2 1248/9444/2 1254/2017/2
f 1252/2019/3 1250/9445/3 1256/2020/3
f 1250/2022/12 1246/9446/12 1253/2023/12
f 1251/2025/4 1249/2043/4 1245/2026/4
f 1248/2028/1 1246/9447/1 1250/2029/1
f 1256/2020/3 1257/9448/3 1258/2031/3
f 1255/2021/3 1256/2020/3 1249/2032/3
f 1253/2018/2 1254/2017/2 1247/2034/2
f 1257/2036/12 1260/9449/12 1259/2037/12
f 1253/2039/1 1260/9450/1 1257/2040/1
f 1245/2035/2 1259/9451/2 1260/2042/2
f 1249/2043/4 1258/9452/4 1259/2044/4
f 1266/2045/12 1269/4144/12 1265/2046/12
f 1266/2048/1 1267/9453/1 1268/2049/1
f 1285/2051/12 1276/2078/12 1261/2052/12
f 1265/2053/4 1270/9454/4 1264/2054/4
f 1281/2056/3 1279/1287/3 1278/2057/3
f 1285/2051/12 1266/2045/12 1263/2047/12
f 1263/1293/2 1264/1292/2 1271/2059/2
f 1280/2058/12 1263/2047/12 1262/2060/12
f 1288/2062/12 1281/3022/12 1289/2063/12
f 1267/2065/12 1274/9455/12 1273/2066/12
f 1261/2068/2 1274/9456/2 1267/2069/2
f 1282/2071/12 1287/9457/12 1283/2072/12
f 1278/2074/12 1279/2073/12 1280/2058/12
f 1286/1689/1 1284/3031/1 1283/2075/1
f 1285/2051/12 1283/2072/12 1277/2077/12
f 1281/2079/4 1288/9458/4 1282/2080/4
f 1270/2082/12 1272/4135/12 1271/2083/12
f 1280/2058/12 1279/2073/12 1283/2072/12
f 1284/2085/12 1286/9459/12 1291/2086/12
f 1284/2088/3 1292/9460/3 1277/2089/3
f 1294/2091/12 1300/2098/12 1304/2092/12
f 1293/2094/12 1299/9461/12 1302/2095/12
f 1294/2091/12 1295/2103/12 1301/2097/12
f 1303/2099/12 1299/9461/12 1293/2094/12
f 1298/2093/12 1304/2092/12 1303/2099/12
f 1296/2096/12 1302/2095/12 1327/2101/12
f 1295/2103/12 1320/2148/12 1328/2104/12
f 1301/2105/91 1307/2116/91 1306/2106/91
f 1309/2108/2 1305/9462/2 1299/1520/2
f 1310/2110/2 1309/2108/2 1303/2109/2
f 1302/2112/4 1308/2119/4 1335/2113/4
f 1328/2115/92 1336/9463/92 1307/2116/92
f 1306/2117/2 1310/2110/2 1304/2111/2
f 1299/1781/4 1305/1780/4 1308/2119/4
f 1298/2120/3 1316/2132/3 1312/2121/3
f 1296/2123/1 1314/2134/1 1311/2124/1
f 1294/2126/93 1312/9464/93 1313/2127/93
f 1293/2129/3 1311/9465/3 1315/2130/3
f 1297/2131/3 1315/2130/3 1316/2132/3
f 1319/2133/1 1343/9466/1 1314/2134/1
f 1295/2128/93 1313/2127/93 1344/2135/93
f 1318/2137/12 1324/2147/12 1332/2138/12
f 1330/2140/12 1325/9467/12 1317/2141/12
f 1318/2137/12 1326/2139/12 1329/2143/12
f 1317/2141/12 1325/9467/12 1331/2145/12
f 1324/2147/12 1323/2146/12 1331/2145/12
f 1327/2101/12 1330/2140/12 1322/2142/12
f 1321/2144/12 1329/2143/12 1328/2104/12
f 1334/2149/94 1337/2158/94 1329/2150/94
f 1325/2152/3 1333/9468/3 1339/2153/3
f 1331/2154/3 1339/2153/3 1340/2155/3
f 1335/2113/4 1338/2161/4 1330/2157/4
f 1337/2158/95 1336/9463/95 1328/2115/95
f 1332/2156/3 1340/2155/3 1334/2159/3
f 1338/2161/4 1333/9469/4 1325/2162/4
f 1342/2163/2 1348/2174/2 1324/2164/2
f 1341/2166/1 1346/2175/1 1322/2167/1
f 1345/2169/96 1342/2122/96 1318/2121/96
f 1347/2171/2 1341/9470/2 1317/2172/2
f 1348/2174/2 1347/2171/2 1323/2173/2
f 1346/2175/1 1343/9466/1 1319/2133/1
f 1344/2135/96 1345/2169/96 1321/2170/96
f 1350/2176/2 1352/9471/2 1358/2177/2
f 1356/2179/3 1354/9472/3 1360/2180/3
f 1354/2182/12 1350/9473/12 1357/2183/12
f 1355/1646/4 1353/2201/4 1349/2185/4
f 1352/2186/1 1350/9474/1 1354/2187/1
f 1360/2180/3 1361/9475/3 1362/2189/3
f 1359/2181/3 1360/2180/3 1353/2190/3
f 1357/2178/2 1358/2177/2 1351/2192/2
f 1361/2194/12 1364/9476/12 1363/2195/12
f 1357/2197/1 1364/9477/1 1361/2198/1
f 1349/2193/2 1363/9478/2 1364/2200/2
f 1353/2201/4 1362/2025/4 1363/2027/4
f 1366/2202/12 1374/2209/12 1378/2203/12
f 1365/2205/12 1373/9479/12 1376/2206/12
f 1366/2202/12 1367/2218/12 1375/2208/12
f 1379/2210/12 1380/2217/12 1372/2211/12
f 1370/2204/12 1378/2203/12 1377/2213/12
f 1368/2207/12 1376/2206/12 1409/2215/12
f 1380/2217/12 1373/9479/12 1365/2205/12
f 1369/2214/12 1377/2213/12 1379/2210/12
f 1367/2218/12 1400/2277/12 1410/2219/12
f 1375/2220/91 1383/2236/91 1382/2221/91
f 1387/2223/2 1388/2232/2 1380/2224/2
f 1386/2226/2 1385/2234/2 1377/2227/2
f 1376/2229/4 1384/2240/4 1419/2230/4
f 1388/2232/2 1381/2831/2 1373/2233/2
f 1385/2234/2 1387/2223/2 1379/2225/2
f 1410/2235/92 1420/9480/92 1383/2236/92
f 1382/2237/2 1386/2226/2 1378/2228/2
f 1373/2239/4 1381/9481/4 1384/2240/4
f 1370/2241/3 1394/2254/3 1390/2242/3
f 1368/2244/1 1392/2256/1 1389/2245/1
f 1366/2247/93 1390/9482/93 1391/2248/93
f 1372/2250/3 1396/2258/3 1395/2251/3
f 1369/2253/3 1393/2259/3 1394/2254/3
f 1399/2255/1 1429/9483/1 1392/2256/1
f 1365/2257/3 1389/9484/3 1396/2258/3
f 1371/2252/3 1395/2251/3 1393/2259/3
f 1367/2249/93 1391/2248/93 1430/2260/93
f 1398/2262/12 1404/2273/12 1414/2263/12
f 1412/2265/12 1407/9485/12 1397/2266/12
f 1398/2262/12 1408/2264/12 1411/2268/12
f 1406/2270/12 1416/2275/12 1415/2271/12
f 1404/2273/12 1403/2276/12 1413/2274/12
f 1409/2215/12 1412/2265/12 1402/2267/12
f 1397/2266/12 1407/9485/12 1416/2275/12
f 1403/2276/12 1405/2272/12 1415/2271/12
f 1401/2269/12 1411/2268/12 1410/2219/12
f 1418/2278/94 1421/2291/94 1411/2279/94
f 1416/2281/3 1426/2289/3 1425/2282/3
f 1413/2284/3 1423/2290/3 1424/2285/3
f 1419/2230/4 1422/2294/4 1412/2287/4
f 1407/2288/3 1417/9486/3 1426/2289/3
f 1415/2283/3 1425/2282/3 1423/2290/3
f 1421/2291/95 1420/9480/95 1410/2235/95
f 1414/2286/3 1424/2285/3 1418/2292/3
f 1422/2294/4 1417/9487/4 1407/2295/4
f 1428/2296/2 1434/2308/2 1404/2297/2
f 1427/2299/1 1432/2310/1 1402/2300/1
f 1431/2302/96 1428/9488/96 1398/2303/96
f 1435/2305/2 1436/2311/2 1406/2306/2
f 1434/2308/2 1433/2313/2 1403/2309/2
f 1432/2310/1 1429/9483/1 1399/2255/1
f 1436/2311/2 1427/9489/2 1397/2312/2
f 1433/2313/2 1435/2305/2 1405/2307/2
f 1430/2260/96 1431/2302/96 1401/2304/96
f 1444/2314/12 1448/9490/12 1443/2315/12
f 1457/2317/2 1445/5535/2 1452/2318/2
f 1444/2320/1 1446/3502/1 1447/2321/1
f 1472/2323/12 1460/2365/12 1437/2324/12
f 1443/2325/4 1450/9491/4 1442/2326/4
f 1458/2328/4 1440/1574/4 1445/2329/4
f 1466/2331/12 1439/2316/12 1453/2332/12
f 1453/2334/1 1441/9492/1 1451/2335/1
f 1472/2323/12 1444/2314/12 1439/2316/12
f 1477/2333/12 1453/2332/12 1457/2337/12
f 1453/2332/12 1449/9493/12 1458/2339/12
f 1439/2340/2 1442/9494/2 1441/2341/2
f 1445/2342/12 1440/9495/12 1454/2343/12
f 1446/2345/12 1456/9459/12 1455/2346/12
f 1442/1298/12 1450/1297/12 1451/2348/12
f 1437/2350/2 1456/9496/2 1446/2351/2
f 1482/2338/12 1457/2337/12 1438/2353/12
f 1468/2355/12 1474/9497/12 1469/2356/12
f 1479/2358/3 1470/5812/3 1485/2359/3
f 1473/2361/1 1471/9498/1 1469/2362/1
f 1472/2323/12 1469/2356/12 1461/2364/12
f 1467/2366/4 1476/2911/4 1468/2367/4
f 1470/2369/4 1464/9499/4 1486/2370/4
f 1480/2372/12 1463/2357/12 1466/2331/12
f 1478/2373/1 1465/9500/1 1480/2374/1
f 1463/2357/12 1469/2356/12 1472/2323/12
f 1485/2376/12 1480/2372/12 1477/2333/12
f 1486/2377/12 1475/9501/12 1480/2372/12
f 1465/2378/3 1467/9502/3 1463/2379/3
f 1481/2381/12 1464/9503/12 1470/2382/12
f 1471/2384/12 1473/3023/12 1483/2385/12
f 1478/2386/12 1476/9504/12 1467/2387/12
f 1471/2389/3 1484/9505/3 1461/2390/3
f 1462/2392/12 1485/2376/12 1482/2338/12
f 1488/2393/2 1490/9506/2 1496/2394/2
f 1494/2396/3 1492/9507/3 1498/2397/3
f 1492/2399/12 1488/6497/12 1495/2400/12
f 1493/2402/4 1491/2420/4 1487/2403/4
f 1490/2405/1 1488/9508/1 1492/2406/1
f 1498/2397/3 1499/9509/3 1500/2408/3
f 1497/2398/3 1498/2397/3 1491/2409/3
f 1495/2395/2 1496/2394/2 1489/2411/2
f 1499/2413/12 1502/9510/12 1501/2414/12
f 1495/2416/1 1502/1436/1 1499/2417/1
f 1487/2412/2 1501/9511/2 1502/2419/2
f 1491/2420/4 1500/9512/4 1501/2421/4
f 1504/2422/12 1512/2429/12 1516/2423/12
f 1503/2425/12 1511/9513/12 1514/2426/12
f 1504/2422/12 1505/2438/12 1513/2428/12
f 1517/2430/12 1518/2437/12 1510/2431/12
f 1508/2424/12 1516/2423/12 1515/2433/12
f 1506/2427/12 1514/2426/12 1547/2435/12
f 1518/2437/12 1511/9513/12 1503/2425/12
f 1507/2434/12 1515/2433/12 1517/2430/12
f 1505/2438/12 1538/2497/12 1548/2439/12
f 1513/2440/91 1521/2456/91 1520/2441/91
f 1525/2443/2 1526/2452/2 1518/2444/2
f 1524/2446/2 1523/2454/2 1515/2447/2
f 1514/2449/4 1522/2460/4 1557/2450/4
f 1526/2452/2 1519/9514/2 1511/2453/2
f 1523/2454/2 1525/2443/2 1517/2445/2
f 1548/2455/92 1558/9515/92 1521/2456/92
f 1520/2457/2 1524/2446/2 1516/2448/2
f 1511/2459/4 1519/9516/4 1522/2460/4
f 1508/2461/3 1532/2474/3 1528/2462/3
f 1506/2464/1 1530/2476/1 1527/2465/1
f 1504/2467/93 1528/1528/93 1529/2468/93
f 1510/2470/3 1534/2478/3 1533/2471/3
f 1507/2473/3 1531/2479/3 1532/2474/3
f 1537/2475/1 1567/9517/1 1530/2476/1
f 1503/2477/3 1527/9518/3 1534/2478/3
f 1509/2472/3 1533/2471/3 1531/2479/3
f 1505/2469/93 1529/2468/93 1568/2480/93
f 1536/2482/12 1542/2493/12 1552/2483/12
f 1550/2485/12 1545/9519/12 1535/2486/12
f 1536/2482/12 1546/2484/12 1549/2488/12
f 1544/2490/12 1554/2495/12 1553/2491/12
f 1542/2493/12 1541/2496/12 1551/2494/12
f 1547/2435/12 1550/2485/12 1540/2487/12
f 1535/2486/12 1545/9519/12 1554/2495/12
f 1541/2496/12 1543/2492/12 1553/2491/12
f 1539/2489/12 1549/2488/12 1548/2439/12
f 1556/2498/94 1559/2511/94 1549/2499/94
f 1554/2501/3 1564/2509/3 1563/2502/3
f 1551/2504/3 1561/2510/3 1562/2505/3
f 1557/2450/4 1560/2514/4 1550/2507/4
f 1545/2508/3 1555/9520/3 1564/2509/3
f 1553/2503/3 1563/2502/3 1561/2510/3
f 1559/2511/95 1558/9515/95 1548/2455/95
f 1552/2506/3 1562/2505/3 1556/2512/3
f 1560/2514/4 1555/1783/4 1545/2515/4
f 1566/2516/2 1572/2528/2 1542/2517/2
f 1565/2519/1 1570/2530/1 1540/2520/1
f 1569/2522/96 1566/3515/96 1536/2523/96
f 1573/2525/2 1574/2531/2 1544/2526/2
f 1572/2528/2 1571/2533/2 1541/2529/2
f 1570/2530/1 1567/9517/1 1537/2475/1
f 1574/2531/2 1565/2723/2 1535/2532/2
f 1571/2533/2 1573/2525/2 1543/2527/2
f 1568/2480/96 1569/2522/96 1539/2524/96
f 1582/2534/12 1586/9521/12 1581/2535/12
f 1595/2537/2 1583/9522/2 1590/2538/2
f 1582/2374/1 1584/9500/1 1585/1991/1
f 1610/2540/12 1598/2581/12 1575/2541/12
f 1581/2542/4 1588/3311/4 1580/2543/4
f 1596/2545/4 1578/9523/4 1583/2546/4
f 1604/2548/12 1577/2536/12 1591/2549/12
f 1591/2551/1 1579/3315/1 1589/2552/1
f 1610/2540/12 1582/2534/12 1577/2536/12
f 1615/2550/12 1591/2549/12 1595/2554/12
f 1591/2549/12 1587/9524/12 1596/2556/12
f 1577/2557/2 1580/9525/2 1579/2558/2
f 1583/2560/12 1578/9526/12 1592/2561/12
f 1584/2563/12 1594/9527/12 1593/2564/12
f 1580/2566/12 1588/9528/12 1589/2567/12
f 1575/2569/2 1594/9529/2 1584/2570/2
f 1620/2555/12 1595/2554/12 1576/2572/12
f 1606/2574/12 1612/9530/12 1607/2575/12
f 1617/2577/3 1608/9531/3 1623/2578/3
f 1611/2375/1 1609/9532/1 1607/2351/1
f 1610/2540/12 1607/2575/12 1599/2580/12
f 1605/2321/4 1614/4147/4 1606/2582/4
f 1608/2583/4 1602/9533/4 1624/2584/4
f 1618/2586/12 1601/2576/12 1604/2548/12
f 1616/2587/1 1603/3310/1 1618/2588/1
f 1601/2576/12 1607/2575/12 1610/2540/12
f 1623/2590/12 1618/2586/12 1615/2550/12
f 1624/2591/12 1613/9534/12 1618/2586/12
f 1603/2592/3 1605/9535/3 1601/2593/3
f 1619/2595/12 1602/9536/12 1608/2596/12
f 1609/2598/12 1611/1704/12 1621/2599/12
f 1616/2601/12 1614/4135/12 1605/2602/12
f 1609/2604/3 1622/9537/3 1599/2605/3
f 1600/2607/12 1623/2590/12 1620/2555/12
f 1626/2608/2 1628/9538/2 1634/2609/2
f 1632/2611/3 1630/9539/3 1636/2612/3
f 1630/2614/12 1626/9540/12 1633/2615/12
f 1631/2617/4 1629/2635/4 1625/2618/4
f 1628/2620/1 1626/1647/1 1630/2621/1
f 1636/2612/3 1637/9541/3 1638/2623/3
f 1635/2613/3 1636/2612/3 1629/2624/3
f 1633/2610/2 1634/2609/2 1627/2626/2
f 1637/2628/12 1640/9542/12 1639/2629/12
f 1633/2631/1 1640/1657/1 1637/2632/1
f 1625/2627/2 1639/9543/2 1640/2634/2
f 1629/2635/4 1638/9544/4 1639/2636/4
f 1645/2637/12 1649/9545/12 1646/2638/12
f 1648/2640/1 1647/9546/1 1646/2641/1
f 1665/2643/12 1646/2638/12 1641/2644/12
f 1644/2646/4 1650/9547/4 1645/2647/4
f 1658/2649/2 1659/9548/2 1661/2650/2
f 1643/2639/12 1646/2638/12 1665/2643/12
f 1651/2653/3 1644/1676/3 1643/1675/3
f 1642/2655/12 1643/2639/12 1660/2652/12
f 1669/1319/12 1661/1701/12 1668/2657/12
f 1647/2659/12 1648/2936/12 1653/2660/12
f 1647/2662/3 1654/9549/3 1641/2663/3
f 1663/2665/12 1667/9550/12 1662/2666/12
f 1660/2652/12 1659/2667/12 1658/2668/12
f 1663/1707/1 1664/1709/1 1666/2669/1
f 1665/2643/12 1656/2645/12 1657/2671/12
f 1662/2672/4 1668/9551/4 1661/2673/4
f 1651/2675/12 1652/9552/12 1650/1318/12
f 1660/2652/12 1665/2643/12 1663/2665/12
f 1664/2677/12 1672/9553/12 1671/2678/12
f 1657/2679/2 1672/9554/2 1664/2680/2
f 1674/2682/12 1678/2692/12 1684/2683/12
f 1682/2685/12 1679/9555/12 1673/2686/12
f 1674/2682/12 1680/2684/12 1681/2688/12
f 1673/2686/12 1679/9555/12 1683/2690/12
f 1678/2692/12 1677/2691/12 1683/2690/12
f 1707/2693/12 1682/2685/12 1676/2687/12
f 1675/2689/12 1681/2688/12 1708/2695/12
f 1686/2697/94 1687/2708/94 1681/2698/94
f 1679/2700/3 1685/9556/3 1689/2701/3
f 1683/2702/3 1689/2701/3 1690/2703/3
f 1715/2705/4 1688/2712/4 1682/2706/4
f 1687/2708/95 1716/9557/95 1708/2709/95
f 1684/2704/3 1690/2703/3 1686/2710/3
f 1688/2712/4 1685/9558/4 1679/2713/4
f 1692/2521/2 1696/2725/2 1678/2714/2
f 1691/2716/1 1694/2726/1 1676/2717/1
f 1693/2719/96 1692/9559/96 1674/2720/96
f 1695/2722/2 1691/2532/2 1673/2723/2
f 1696/2725/2 1695/2722/2 1677/2724/2
f 1694/2726/1 1723/9560/1 1699/2727/1
f 1724/2728/96 1693/2719/96 1675/2721/96
f 1698/2730/12 1706/2737/12 1712/2731/12
f 1697/2733/12 1705/9561/12 1710/2734/12
f 1698/2730/12 1701/2740/12 1709/2736/12
f 1711/2738/12 1705/9561/12 1697/2733/12
f 1704/2732/12 1712/2731/12 1711/2738/12
f 1702/2735/12 1710/2734/12 1707/2693/12
f 1701/2740/12 1700/2696/12 1708/2695/12
f 1709/2741/91 1717/2750/91 1714/2742/91
f 1719/2744/2 1713/9562/2 1705/2745/2
f 1720/2747/2 1719/2744/2 1711/2746/2
f 1710/2749/4 1718/2754/4 1715/2705/4
f 1708/2709/92 1716/9557/92 1717/2750/92
f 1714/2751/2 1720/2747/2 1712/2748/2
f 1705/2753/4 1713/9563/4 1718/2754/4
f 1704/2755/3 1728/2767/3 1722/2756/3
f 1702/2758/1 1726/2768/1 1721/2759/1
f 1698/2761/93 1722/9564/93 1725/2762/93
f 1697/2764/3 1721/5800/3 1727/2765/3
f 1703/2766/3 1727/2765/3 1728/2767/3
f 1699/2727/1 1723/9560/1 1726/2768/1
f 1701/2763/93 1725/2762/93 1724/2728/93
f 1738/2769/3 1732/9565/3 1730/2770/3
f 1740/2772/2 1734/9566/2 1736/2773/2
f 1737/2775/12 1730/6326/12 1734/2776/12
f 1729/2778/4 1733/2795/4 1735/2779/4
f 1734/2781/1 1730/9567/1 1732/2782/1
f 1742/2784/2 1741/9568/2 1740/2772/2
f 1733/2785/2 1740/2772/2 1739/2774/2
f 1731/2787/3 1738/2769/3 1737/2771/3
f 1743/2195/12 1744/9476/12 1741/2789/12
f 1741/2791/1 1744/9450/1 1737/2039/1
f 1744/2793/3 1743/9569/3 1729/2788/3
f 1743/2794/4 1742/1818/4 1733/2795/4
f 1746/2796/12 1750/2806/12 1758/2797/12
f 1756/2095/12 1753/9461/12 1745/2799/12
f 1746/2796/12 1754/2798/12 1755/2801/12
f 1752/2803/12 1760/2809/12 1759/2804/12
f 1750/2806/12 1749/2810/12 1757/2807/12
f 1789/2101/12 1756/2095/12 1748/2800/12
f 1745/2799/12 1753/9461/12 1760/2809/12
f 1749/2810/12 1751/2805/12 1759/2804/12
f 1747/2802/12 1755/2801/12 1790/2811/12
f 1762/2813/94 1763/2828/94 1755/2814/94
f 1760/2816/3 1768/2826/3 1767/2817/3
f 1757/2819/3 1765/2827/3 1766/2820/3
f 1799/2822/4 1764/2832/4 1756/2823/4
f 1753/2825/3 1761/9570/3 1768/2826/3
f 1759/2818/3 1767/2817/3 1765/2827/3
f 1763/2828/95 1800/9571/95 1790/2829/95
f 1758/2821/3 1766/2820/3 1762/2830/3
f 1764/2832/4 1761/9572/4 1753/2833/4
f 1770/2834/2 1774/2846/2 1750/2835/2
f 1769/2837/1 1772/2848/1 1748/2838/1
f 1771/2840/96 1770/5859/96 1746/2841/96
f 1775/2843/2 1776/2850/2 1752/2844/2
f 1774/2846/2 1773/2851/2 1749/2847/2
f 1772/2848/1 1809/9573/1 1779/2849/1
f 1776/2850/2 1769/2296/2 1745/2298/2
f 1773/2851/2 1775/2843/2 1751/2845/2
f 1810/2852/96 1771/2840/96 1747/2842/96
f 1778/2854/12 1788/2860/12 1794/2855/12
f 1777/2857/12 1787/9467/12 1792/2140/12
f 1778/2854/12 1781/2867/12 1791/2859/12
f 1795/2861/12 1796/2866/12 1786/2862/12
f 1784/2856/12 1794/2855/12 1793/2864/12
f 1782/2858/12 1792/2140/12 1789/2101/12
f 1796/2866/12 1787/9467/12 1777/2857/12
f 1783/2865/12 1793/2864/12 1795/2861/12
f 1781/2867/12 1780/2812/12 1790/2811/12
f 1791/2868/91 1801/2881/91 1798/2869/91
f 1805/2871/2 1806/2878/2 1796/2872/2
f 1804/2874/2 1803/2880/2 1793/2875/2
f 1792/2877/4 1802/2885/4 1799/2822/4
f 1806/2878/2 1797/2813/2 1787/2879/2
f 1803/2880/2 1805/2871/2 1795/2873/2
f 1790/2829/92 1800/9571/92 1801/2881/92
f 1798/2882/2 1804/2874/2 1794/2876/2
f 1787/2884/4 1797/9574/4 1802/2885/4
f 1784/2886/3 1814/2899/3 1808/2887/3
f 1782/2889/1 1812/2900/1 1807/2890/1
f 1778/2892/93 1808/3387/93 1811/2893/93
f 1786/2895/3 1816/2902/3 1815/2896/3
f 1783/2898/3 1813/2903/3 1814/2899/3
f 1779/2849/1 1809/9573/1 1812/2900/1
f 1777/2901/3 1807/9575/3 1816/2902/3
f 1785/2897/3 1815/2896/3 1813/2903/3
f 1781/2894/93 1811/2893/93 1810/2852/93
f 1823/2904/12 1828/9576/12 1824/2905/12
f 1832/2907/3 1825/5519/3 1837/2908/3
f 1827/2910/1 1826/2367/1 1824/2911/1
f 1852/2912/12 1824/2905/12 1817/2913/12
f 1822/2915/4 1830/9577/4 1823/2916/4
f 1825/2918/4 1820/9578/4 1838/2919/4
f 1833/2921/12 1819/2906/12 1846/2922/12
f 1831/2924/1 1821/9579/1 1833/2925/1
f 1819/2906/12 1824/2905/12 1852/2912/12
f 1837/2927/12 1833/2921/12 1857/2923/12
f 1838/2929/12 1829/9580/12 1833/2921/12
f 1821/2930/3 1822/5529/3 1819/2931/3
f 1834/2933/12 1820/9581/12 1825/2934/12
f 1826/2936/12 1827/9582/12 1835/2937/12
f 1831/2939/12 1830/2975/12 1822/2940/12
f 1826/2942/3 1836/9583/3 1817/2943/3
f 1818/2945/12 1837/2927/12 1862/2928/12
f 1849/2947/12 1854/9584/12 1848/2948/12
f 1865/2950/2 1850/2956/2 1859/2951/2
f 1849/1958/1 1851/1957/1 1853/2953/1
f 1852/2912/12 1840/2914/12 1841/2955/12
f 1848/2366/4 1856/2368/4 1847/2956/4
f 1866/2958/4 1844/9585/4 1850/2959/4
f 1846/2922/12 1843/2949/12 1860/2961/12
f 1860/1603/1 1845/1605/1 1858/2962/1
f 1852/2912/12 1849/2947/12 1843/2949/12
f 1857/2923/12 1860/2961/12 1865/2964/12
f 1860/2961/12 1855/9586/12 1866/2965/12
f 1843/2966/2 1847/9587/2 1845/2967/2
f 1850/2969/12 1844/9588/12 1861/2970/12
f 1851/2972/12 1864/9589/12 1863/2973/12
f 1847/1703/12 1856/9590/12 1858/2940/12
f 1841/2976/2 1864/9591/2 1851/2977/2
f 1862/2928/12 1865/2964/12 1842/2979/12
f 1876/2980/3 1870/9592/3 1868/2981/3
f 1878/2983/2 1872/9593/2 1874/2984/2
f 1875/2986/12 1868/6916/12 1872/2987/12
f 1867/2989/4 1871/3001/4 1873/1422/4
f 1872/2991/1 1868/9508/1 1870/2405/1
f 1880/2993/2 1879/9594/2 1878/2983/2
f 1871/2994/2 1878/2983/2 1877/2985/2
f 1869/2996/3 1876/2980/3 1875/2982/3
f 1881/1655/12 1882/2620/12 1879/2622/12
f 1879/2792/1 1882/9413/1 1875/1821/1
f 1882/2999/3 1881/9595/3 1867/2997/3
f 1881/3000/4 1880/3154/4 1871/3001/4
f 1887/3002/12 1891/9329/12 1888/3003/12
f 1890/3005/1 1889/9596/1 1888/3006/1
f 1907/3008/12 1888/3003/12 1883/3009/12
f 1886/3011/4 1892/9332/4 1887/1291/4
f 1900/3013/2 1901/9597/2 1903/3014/2
f 1885/3004/12 1888/3003/12 1907/3008/12
f 1893/3017/3 1886/2653/3 1885/2654/3
f 1884/3019/12 1885/3004/12 1902/3016/12
f 1911/2062/12 1903/9598/12 1910/3021/12
f 1889/3023/12 1890/9599/12 1895/3024/12
f 1889/2076/3 1896/9600/3 1883/1687/3
f 1905/3026/12 1909/9601/12 1904/3027/12
f 1902/3016/12 1901/3028/12 1900/3029/12
f 1905/1689/1 1906/1688/1 1908/3030/1
f 1907/3008/12 1898/3010/12 1899/3032/12
f 1904/3033/4 1910/9602/4 1903/2593/4
f 1893/3035/12 1894/9603/12 1892/1702/12
f 1902/3016/12 1907/3008/12 1905/3026/12
f 1906/3037/12 1914/9604/12 1913/3038/12
f 1899/3040/2 1914/9605/2 1906/3041/2
f 1916/3043/12 1920/3053/12 1926/3044/12
f 1924/3046/12 1921/9606/12 1915/3047/12
f 1916/3043/12 1922/3045/12 1923/3049/12
f 1915/3047/12 1921/9606/12 1925/3051/12
f 1920/3053/12 1919/3052/12 1925/3051/12
f 1949/3054/12 1924/3046/12 1918/3048/12
f 1917/3050/12 1923/3049/12 1950/3056/12
f 1928/3058/94 1929/3069/94 1923/3059/94
f 1921/3061/3 1927/9607/3 1931/3062/3
f 1925/3063/3 1931/3062/3 1932/3064/3
f 1957/3066/4 1930/3073/4 1924/3067/4
f 1929/3069/95 1958/9608/95 1950/3070/95
f 1926/3065/3 1932/3064/3 1928/3071/3
f 1930/3073/4 1927/9609/4 1921/3074/4
f 1934/3075/2 1938/3087/2 1920/3076/2
f 1933/3078/1 1936/3088/1 1918/3079/1
f 1935/3081/96 1934/1937/96 1916/3082/96
f 1937/3084/2 1933/9610/2 1915/3085/2
f 1938/3087/2 1937/3084/2 1919/3086/2
f 1936/3088/1 1965/9611/1 1941/3089/1
f 1966/3090/96 1935/3081/96 1917/3083/96
f 1940/3092/12 1948/3099/12 1954/3093/12
f 1939/3095/12 1947/9612/12 1952/3096/12
f 1940/3092/12 1943/3102/12 1951/3098/12
f 1953/3100/12 1947/9612/12 1939/3095/12
f 1946/3094/12 1954/3093/12 1953/3100/12
f 1944/3097/12 1952/3096/12 1949/3054/12
f 1943/3102/12 1942/3057/12 1950/3056/12
f 1951/3103/91 1959/3112/91 1956/3104/91
f 1961/3106/2 1955/9613/2 1947/3107/2
f 1962/3109/2 1961/3106/2 1953/3108/2
f 1952/3111/4 1960/3116/4 1957/3066/4
f 1950/3070/92 1958/9608/92 1959/3112/92
f 1956/3113/2 1962/3109/2 1954/3110/2
f 1947/3115/4 1955/9614/4 1960/3116/4
f 1946/3117/3 1970/2120/3 1964/2122/3
f 1944/3119/1 1968/3127/1 1963/3120/1
f 1940/3122/93 1964/5622/93 1967/3123/93
f 1939/3125/3 1963/2129/3 1969/2131/3
f 1945/3126/3 1969/2131/3 1970/2120/3
f 1941/3089/1 1965/9611/1 1968/3127/1
f 1943/3124/93 1967/3123/93 1966/3090/93
f 1980/3128/3 1974/9615/3 1972/3129/3
f 1982/3131/2 1976/9616/2 1978/3132/2
f 1979/3134/12 1972/9617/12 1976/3135/12
f 1971/3137/4 1975/3155/4 1977/3138/4
f 1976/3140/1 1972/9618/1 1974/3141/1
f 1984/3143/2 1983/9619/2 1982/3131/2
f 1975/3144/2 1982/3131/2 1981/3133/2
f 1973/3146/3 1980/3128/3 1979/3130/3
f 1985/3148/12 1986/9620/12 1983/3149/12
f 1983/3151/1 1986/1823/1 1979/1822/1
f 1986/3153/3 1985/9621/3 1971/3147/3
f 1985/3154/4 1984/3000/4 1975/3155/4
f 1988/3156/12 1992/3167/12 2000/3157/12
f 1998/3159/12 1995/9622/12 1987/3160/12
f 1988/3156/12 1996/3158/12 1997/3162/12
f 1994/3164/12 2002/3171/12 2001/3165/12
f 1992/3167/12 1991/3172/12 1999/3168/12
f 2031/3169/12 1998/3159/12 1990/3161/12
f 1987/3160/12 1995/9622/12 2002/3171/12
f 1991/3172/12 1993/3166/12 2001/3165/12
f 1989/3163/12 1997/3162/12 2032/3173/12
f 2004/3175/94 2005/3190/94 1997/3176/94
f 2002/3178/3 2010/3188/3 2009/3179/3
f 1999/3181/3 2007/3189/3 2008/3182/3
f 2041/3184/4 2006/3194/4 1998/3185/4
f 1995/3187/3 2003/9623/3 2010/3188/3
f 2001/3180/3 2009/3179/3 2007/3189/3
f 2005/3190/95 2042/9624/95 2032/3191/95
f 2000/3183/3 2008/3182/3 2004/3192/3
f 2006/3194/4 2003/9419/4 1995/1864/4
f 2012/2836/2 2016/3206/2 1992/3195/2
f 2011/3197/1 2014/3208/1 1990/3198/1
f 2013/3200/96 2012/9625/96 1988/3201/96
f 2017/3203/2 2018/3210/2 1994/3204/2
f 2016/3206/2 2015/3212/2 1991/3207/2
f 2014/3208/1 2051/9626/1 2021/3209/1
f 2018/3210/2 2011/9627/2 1987/3211/2
f 2015/3212/2 2017/3203/2 1993/3205/2
f 2052/3213/96 2013/3200/96 1989/3202/96
f 2020/3215/12 2030/3222/12 2036/3216/12
f 2019/3218/12 2029/9628/12 2034/3219/12
f 2020/3215/12 2023/3229/12 2033/3221/12
f 2037/3223/12 2038/3228/12 2028/3224/12
f 2026/3217/12 2036/3216/12 2035/3226/12
f 2024/3220/12 2034/3219/12 2031/3169/12
f 2038/3228/12 2029/9628/12 2019/3218/12
f 2025/3227/12 2035/3226/12 2037/3223/12
f 2023/3229/12 2022/3174/12 2032/3173/12
f 2033/3230/91 2043/3243/91 2040/3231/91
f 2047/3233/2 2048/3240/2 2038/3234/2
f 2046/3236/2 2045/3242/2 2035/3237/2
f 2034/3239/4 2044/3247/4 2041/3184/4
f 2048/3240/2 2039/9629/2 2029/3241/2
f 2045/3242/2 2047/3233/2 2037/3235/2
f 2032/3191/92 2042/9624/92 2043/3243/92
f 2040/3244/2 2046/3236/2 2036/3238/2
f 2029/3246/4 2039/9630/4 2044/3247/4
f 2026/3248/3 2056/3259/3 2050/1358/3
f 2024/3249/1 2054/3260/1 2049/3250/1
f 2020/3252/93 2050/9631/93 2053/3253/93
f 2028/3255/3 2058/3262/3 2057/3256/3
f 2025/3258/3 2055/3263/3 2056/3259/3
f 2021/3209/1 2051/9626/1 2054/3260/1
f 2019/3261/3 2049/9632/3 2058/3262/3
f 2027/3257/3 2057/3256/3 2055/3263/3
f 2023/3254/93 2053/3253/93 2052/3213/93
f 2065/3264/12 2070/9633/12 2066/3265/12
f 2074/3267/3 2067/2378/3 2079/2380/3
f 2069/1613/1 2068/4480/1 2066/3268/1
f 2094/3269/12 2066/3265/12 2059/3270/12
f 2064/3272/4 2072/3281/4 2065/3273/4
f 2067/3275/4 2062/5848/4 2080/3276/4
f 2075/3278/12 2061/3266/12 2088/3279/12
f 2073/3281/1 2063/9634/1 2075/3282/1
f 2061/3266/12 2066/3265/12 2094/3269/12
f 2079/3283/12 2075/3278/12 2099/3280/12
f 2080/3285/12 2071/9635/12 2075/3278/12
f 2063/2825/3 2064/9636/3 2061/3286/3
f 2076/3288/12 2062/9637/12 2067/3289/12
f 2068/3291/12 2069/9455/12 2077/3292/12
f 2073/3294/12 2072/9603/12 2064/3295/12
f 2068/3297/3 2078/9638/3 2059/3298/3
f 2060/3300/12 2079/3283/12 2104/3284/12
f 2091/3302/12 2096/9639/12 2090/3303/12
f 2107/3305/2 2092/4478/2 2101/3306/2
f 2091/3307/1 2093/9640/1 2095/1615/1
f 2094/3269/12 2082/3271/12 2083/3308/12
f 2090/3309/4 2098/5538/4 2089/2588/4
f 2108/3311/4 2086/2542/4 2092/3312/4
f 2088/3279/12 2085/3304/12 2102/3314/12
f 2102/2362/1 2087/9498/1 2100/3315/1
f 2094/3269/12 2091/3302/12 2085/3304/12
f 2099/3280/12 2102/3314/12 2107/3316/12
f 2102/3314/12 2097/9641/12 2108/3317/12
f 2085/2079/2 2089/9642/2 2087/3318/2
f 2092/3320/12 2086/9643/12 2103/2003/12
f 2093/3322/12 2106/9644/12 2105/3323/12
f 2089/3325/12 2098/9645/12 2100/2009/12
f 2083/3326/2 2106/9646/2 2093/2361/2
f 2104/3284/12 2107/3316/12 2084/3328/12
f 2118/3329/3 2112/9647/3 2110/3330/3
f 2120/3332/2 2114/9648/2 2116/3333/2
f 2117/3335/12 2110/9649/12 2114/3336/12
f 2109/3338/4 2113/3355/4 2115/3339/4
f 2114/3341/1 2110/9650/1 2112/3342/1
f 2122/3344/2 2121/9651/2 2120/3332/2
f 2113/3345/2 2120/3332/2 2119/3334/2
f 2111/3347/3 2118/3329/3 2117/3331/3
f 2123/2407/12 2124/9652/12 2121/3349/12
f 2121/3350/1 2124/9653/1 2117/3351/1
f 2124/3353/3 2123/9654/3 2109/3348/3
f 2123/3354/4 2122/9655/4 2113/3355/4
f 2126/3356/12 2130/3364/12 2138/2203/12
f 2136/3357/12 2133/9656/12 2125/3358/12
f 2126/3356/12 2134/2209/12 2135/3360/12
f 2132/3362/12 2140/2217/12 2139/2210/12
f 2130/3364/12 2129/3367/12 2137/2213/12
f 2169/3365/12 2136/3357/12 2128/3359/12
f 2125/3358/12 2133/9656/12 2140/2217/12
f 2129/3367/12 2131/3363/12 2139/2210/12
f 2127/3361/12 2135/3360/12 2170/3368/12
f 2142/3370/94 2143/3385/94 2135/3371/94
f 2140/3373/3 2148/3383/3 2147/3374/3
f 2137/3376/3 2145/3384/3 2146/3377/3
f 2179/3379/4 2144/3389/4 2136/3380/4
f 2133/3382/3 2141/9657/3 2148/3383/3
f 2139/3375/3 2147/3374/3 2145/3384/3
f 2143/3385/95 2180/9658/95 2170/3386/95
f 2138/3378/3 2146/3377/3 2142/3387/3
f 2144/3389/4 2141/9659/4 2133/2221/4
f 2150/3390/2 2154/3402/2 2130/3391/2
f 2149/3393/1 2152/3404/1 2128/3394/1
f 2151/3396/96 2150/9660/96 2126/3397/96
f 2155/3399/2 2156/3406/2 2132/3400/2
f 2154/3402/2 2153/3408/2 2129/3403/2
f 2152/3404/1 2189/9661/1 2159/3405/1
f 2156/3406/2 2149/9662/2 2125/3407/2
f 2153/3408/2 2155/3399/2 2131/3401/2
f 2190/3409/96 2151/3396/96 2127/3398/96
f 2158/3411/12 2168/3418/12 2174/3412/12
f 2157/3414/12 2167/9663/12 2172/3415/12
f 2158/3411/12 2161/3425/12 2171/3417/12
f 2175/3419/12 2176/3424/12 2166/3420/12
f 2164/3413/12 2174/3412/12 2173/3422/12
f 2162/3416/12 2172/3415/12 2169/3365/12
f 2176/3424/12 2167/9663/12 2157/3414/12
f 2163/3423/12 2173/3422/12 2175/3419/12
f 2161/3425/12 2160/3369/12 2170/3368/12
f 2171/3426/91 2181/3439/91 2178/3427/91
f 2185/3429/2 2186/3436/2 2176/3430/2
f 2184/3432/2 2183/3438/2 2173/3433/2
f 2172/3435/4 2182/3442/4 2179/3379/4
f 2186/3436/2 2177/9664/2 2167/3437/2
f 2183/3438/2 2185/3429/2 2175/3431/2
f 2170/3386/92 2180/9658/92 2181/3439/92
f 2178/3440/2 2184/3432/2 2174/3434/2
f 2167/2278/4 2177/9665/4 2182/3442/4
f 2164/3443/3 2194/3455/3 2188/3444/3
f 2162/3446/1 2192/3456/1 2187/3447/1
f 2158/3449/93 2188/9666/93 2191/3450/93
f 2166/3452/3 2196/2895/3 2195/2897/3
f 2163/3454/3 2193/2898/3 2194/3455/3
f 2159/3405/1 2189/9661/1 2192/3456/1
f 2157/3457/3 2187/2901/3 2196/2895/3
f 2165/3453/3 2195/2897/3 2193/2898/3
f 2161/3451/93 2191/3450/93 2190/3409/93
f 2203/3458/12 2208/9667/12 2204/3459/12
f 2212/3461/3 2205/9668/3 2217/3462/3
f 2207/3464/1 2206/2547/1 2204/2546/1
f 2232/3466/12 2204/3459/12 2197/3467/12
f 2202/2917/4 2210/9429/4 2203/1944/4
f 2205/1950/4 2200/9669/4 2218/3469/4
f 2213/3470/12 2199/3460/12 2226/3471/12
f 2211/3473/1 2201/9670/1 2213/3474/1
f 2199/3460/12 2204/3459/12 2232/3466/12
f 2217/3476/12 2213/3470/12 2237/3472/12
f 2218/3478/12 2209/9671/12 2213/3470/12
f 2201/3479/3 2202/9672/3 2199/3480/3
f 2214/3482/12 2200/9673/12 2205/3483/12
f 2206/3485/12 2207/5525/12 2215/3486/12
f 2211/3488/12 2210/9674/12 2202/3489/12
f 2206/3491/3 2216/9675/3 2197/3492/3
f 2198/3494/12 2217/3476/12 2242/3477/12
f 2229/3496/12 2234/9676/12 2228/3497/12
f 2245/3499/2 2230/2371/2 2239/3461/2
f 2229/3501/1 2231/9677/1 2233/3502/1
f 2232/3466/12 2220/3468/12 2221/3503/12
f 2228/3504/4 2236/9678/4 2227/3505/4
f 2246/3506/4 2224/5854/4 2230/3507/4
f 2226/3471/12 2223/3498/12 2240/3509/12
f 2240/3510/1 2225/9679/1 2238/3473/1
f 2232/3466/12 2229/3496/12 2223/3498/12
f 2237/3472/12 2240/3509/12 2245/3511/12
f 2240/3509/12 2235/9680/12 2246/3512/12
f 2223/3513/2 2227/9681/2 2225/3514/2
f 2230/3516/12 2224/9682/12 2241/3517/12
f 2231/3519/12 2244/9683/12 2243/3520/12
f 2227/2082/12 2236/9684/12 2238/3522/12
f 2221/3524/2 2244/9685/2 2231/3525/2
f 2242/3477/12 2245/3511/12 2222/3527/12
f 2256/3528/3 2250/9686/3 2248/3529/3
f 2258/3531/2 2252/9687/2 2254/3532/2
f 2255/3534/12 2248/9688/12 2252/3535/12
f 2247/3537/4 2251/3552/4 2253/2184/4
f 2252/3538/1 2248/9689/1 2250/3539/1
f 2260/3541/2 2259/9690/2 2258/3531/2
f 2251/3542/2 2258/3531/2 2257/3533/2
f 2249/3544/3 2256/3528/3 2255/3530/3
f 2261/3546/12 2262/9691/12 2259/3547/12
f 2259/3549/1 2262/9477/1 2255/2197/1
f 2262/3551/3 2261/9692/3 2247/3545/3
f 2261/2630/4 2260/2629/4 2251/3552/4
f 2263/3553/12 2265/9693/12 2266/3554/12
f 2267/3556/5 2268/9694/5 2270/3557/5
f 2263/3559/2 2264/9695/2 2268/3560/2
f 2263/980/4 2267/3578/4 2269/3562/4
f 2268/3563/1 2264/5008/1 2266/3564/1
f 2273/3566/12 2274/9696/12 2272/3567/12
f 2275/3569/5 2276/9697/5 2278/3570/5
f 2271/3572/2 2272/1127/2 2276/3573/2
f 2271/3575/4 2275/9698/4 2277/3576/4
f 2276/3578/1 2272/9699/1 2274/3579/1
f 2281/3580/12 2282/9700/12 2280/3581/12
f 2283/3583/5 2284/9701/5 2286/3584/5
f 2279/3586/2 2280/950/2 2284/3587/2
f 2279/3589/4 2283/1091/4 2285/3590/4
f 2284/1190/1 2280/9702/1 2282/3592/1
f 2289/3593/12 2290/5692/12 2288/3594/12
f 2293/3596/3 2294/5980/3 2290/3597/3
f 2293/3599/5 2291/9703/5 2292/3600/5
f 2287/3602/2 2288/9704/2 2292/3603/2
f 2287/3605/4 2291/5900/4 2293/3606/4
f 2292/3608/1 2288/9705/1 2290/3609/1
f 2297/3611/2 2298/9706/2 2296/3612/2
f 2299/3614/3 2300/9707/3 2302/3615/3
f 2295/3617/5 2296/9708/5 2300/855/5
f 2297/3619/4 2295/1006/4 2299/1008/4
f 2300/935/1 2296/966/1 2298/965/1
f 3774/3622/12 3775/5060/12 2303/3623/12
f 2308/3625/2 2311/9709/2 2314/3626/2
f 2324/3628/12 2322/3648/12 2309/3629/12
f 2311/3631/97 2310/4628/97 2317/3632/97
f 2309/3634/98 2308/3625/98 2315/3627/98
f 2316/3635/98 2315/3627/98 2305/3636/98
f 2314/3633/97 2317/3632/97 2307/3638/97
f 2324/3628/12 2316/3630/12 2304/3640/12
f 2315/3627/2 2314/3626/2 2306/3642/2
f 2312/3643/12 2318/3647/12 2323/3644/12
f 2313/3646/12 2321/5075/12 2323/3644/12
f 2323/3644/12 2321/5075/12 2322/3648/12
f 2324/3628/12 2320/3641/12 2319/3645/12
f 2335/3649/1 2333/9710/1 2334/3650/1
f 2338/3652/4 2337/9711/4 2340/3653/4
f 2345/3655/99 2340/9712/99 2337/3656/99
f 2348/3658/5 2339/9713/5 2340/3659/5
f 2346/3661/12 2347/4117/12 2337/3662/12
f 2333/3664/12 2342/4118/12 2343/3665/12
f 2336/3667/5 2344/3673/5 2341/3668/5
f 2335/3670/2 2341/9714/2 2342/3671/2
f 2344/3673/5 2348/3658/5 2345/3660/5
f 2345/3674/100 2347/9715/100 2342/3675/100
f 2363/3677/12 2362/3692/12 2359/3678/12
f 2351/3680/1 2349/3770/1 2350/3681/1
f 2354/3683/4 2353/9716/4 2356/3684/4
f 2361/3686/99 2356/9717/99 2353/3687/99
f 2364/3689/5 2355/9718/5 2356/3690/5
f 2362/3692/12 2363/3677/12 2353/3693/12
f 2349/3695/12 2358/3679/12 2359/3678/12
f 2352/3697/5 2360/3703/5 2357/3698/5
f 2351/3700/2 2357/9719/2 2358/3701/2
f 2360/3703/5 2364/3689/5 2361/3691/5
f 2361/3704/100 2363/9720/100 2358/3705/100
f 2379/3707/12 2378/3722/12 2375/3708/12
f 2367/3710/1 2365/4090/1 2366/3711/1
f 2370/3713/4 2369/5086/4 2372/3714/4
f 2377/3716/99 2372/9721/99 2369/3717/99
f 2380/3719/5 2371/9722/5 2372/3720/5
f 2378/3722/12 2379/3707/12 2369/3723/12
f 2365/3725/12 2374/3709/12 2375/3708/12
f 2368/3727/5 2376/3733/5 2373/3728/5
f 2367/3730/2 2373/9723/2 2374/3731/2
f 2376/3733/5 2380/3719/5 2377/3721/5
f 2377/3734/100 2379/9724/100 2374/3735/100
f 2395/3737/12 2394/3752/12 2391/3738/12
f 2383/3740/1 2381/9725/1 2382/3741/1
f 2386/3743/4 2385/9726/4 2388/3744/4
f 2393/3746/99 2388/9727/99 2385/3747/99
f 2396/3749/5 2387/9728/5 2388/3750/5
f 2394/3752/12 2395/3737/12 2385/3753/12
f 2381/3755/12 2390/3739/12 2391/3738/12
f 2384/3757/5 2392/3766/5 2389/3758/5
f 2383/3760/2 2389/9729/2 2390/3761/2
f 2411/3763/2 2410/3782/2 2407/3764/2
f 2392/3766/5 2396/3749/5 2393/3751/5
f 2393/3767/100 2395/9730/100 2390/3768/100
f 2399/3770/1 2397/3680/1 2398/3771/1
f 2402/3773/4 2401/9731/4 2404/3774/4
f 2409/3776/101 2404/9732/101 2401/3777/101
f 2412/3779/3 2403/9733/3 2404/3780/3
f 2410/3782/2 2411/3763/2 2401/3783/2
f 2397/3785/2 2406/3765/2 2407/3764/2
f 2400/3787/3 2408/3793/3 2405/3788/3
f 2399/3790/5 2405/4081/5 2406/3791/5
f 2408/3793/3 2412/3779/3 2409/3781/3
f 2409/3794/103 2411/5180/103 2406/3795/103
f 2427/3797/2 2426/3810/2 2423/3798/2
f 2415/3800/1 2413/9734/1 2414/3801/1
f 2418/3803/4 2417/9735/4 2420/3715/4
f 2425/3804/101 2420/9736/101 2417/3805/101
f 2428/3807/3 2419/9737/3 2420/3808/3
f 2426/3810/2 2427/3797/2 2417/3811/2
f 2413/3813/2 2422/3799/2 2423/3798/2
f 2416/3815/3 2424/3821/3 2421/3816/3
f 2415/3818/5 2421/9738/5 2422/3819/5
f 2424/3821/3 2428/3807/3 2425/3809/3
f 2425/3822/103 2427/3900/103 2422/3823/103
f 2431/3825/1 2429/4666/1 2430/3826/1
f 2434/3828/4 2433/9739/4 2436/3829/4
f 2441/3831/101 2436/9740/101 2433/3832/101
f 2444/3834/3 2435/9741/3 2436/3835/3
f 2442/3837/2 2443/4111/2 2433/3838/2
f 2429/3840/2 2438/4112/2 2439/3841/2
f 2432/3843/3 2440/3849/3 2437/3844/3
f 2431/3846/5 2437/9742/5 2438/3847/5
f 2440/3849/3 2444/3834/3 2441/3836/3
f 2441/3850/103 2443/3898/103 2438/3851/103
f 2459/3853/2 2458/3867/2 2455/3854/2
f 2447/3856/1 2445/9743/1 2446/3857/1
f 2450/3830/4 2449/3829/4 2452/3859/4
f 2457/3861/101 2452/9744/101 2449/3862/101
f 2460/3864/3 2451/9745/3 2452/3865/3
f 2458/3867/2 2459/3853/2 2449/3868/2
f 2445/3870/2 2454/3855/2 2455/3854/2
f 2448/3872/3 2456/3878/3 2453/3873/3
f 2447/3875/5 2453/9746/5 2454/3876/5
f 2456/3878/3 2460/3864/3 2457/3866/3
f 2457/3879/103 2459/9747/103 2454/3880/103
f 2475/3882/12 2474/3895/12 2471/3883/12
f 2463/3885/1 2461/4637/1 2462/3776/1
f 2466/3886/4 2465/9748/4 2468/3887/4
f 2473/3889/99 2468/9749/99 2465/3890/99
f 2476/3892/5 2467/9750/5 2468/3893/5
f 2474/3895/12 2475/3882/12 2465/3896/12
f 2461/3898/12 2470/3884/12 2471/3883/12
f 2464/3900/5 2472/3906/5 2469/3901/5
f 2463/3903/2 2469/9751/2 2470/3904/2
f 2472/3906/5 2476/3892/5 2473/3894/5
f 2473/3907/100 2475/9752/100 2470/3908/100
f 2491/3910/12 2490/3925/12 2487/3911/12
f 2479/3913/1 2477/4856/1 2478/3914/1
f 2482/3916/4 2481/9753/4 2484/3917/4
f 2489/3919/99 2484/9754/99 2481/3920/99
f 2492/3922/5 2483/9755/5 2484/3923/5
f 2490/3925/12 2491/3910/12 2481/3926/12
f 2477/3928/12 2486/3912/12 2487/3911/12
f 2480/3930/5 2488/3936/5 2485/3931/5
f 2479/3933/2 2485/9756/2 2486/3934/2
f 2488/3936/5 2492/3922/5 2489/3924/5
f 2489/3937/100 2491/9757/100 2486/3938/100
f 2507/3940/12 2506/3954/12 2503/3941/12
f 2495/3943/1 2493/9758/1 2494/3944/1
f 2498/3946/4 2497/9759/4 2500/3947/4
f 2505/3914/99 2500/9760/99 2497/3949/99
f 2508/3951/5 2499/9761/5 2500/3952/5
f 2506/3954/12 2507/3940/12 2497/3955/12
f 2493/3957/12 2502/3942/12 2503/3941/12
f 2496/3959/5 2504/3965/5 2501/3960/5
f 2495/3962/2 2501/9762/2 2502/3963/2
f 2504/3965/5 2508/3951/5 2505/3953/5
f 2505/3966/100 2507/9763/100 2502/3967/100
f 2523/3969/12 2522/3984/12 2519/3970/12
f 2511/3972/1 2509/5989/1 2510/3973/1
f 2514/3975/4 2513/4668/4 2516/3976/4
f 2521/3978/99 2516/9764/99 2513/3979/99
f 2524/3981/5 2515/9765/5 2516/3982/5
f 2522/3984/12 2523/3969/12 2513/3985/12
f 2509/3987/12 2518/3971/12 2519/3970/12
f 2512/3989/5 2520/3995/5 2517/3990/5
f 2511/3992/2 2517/9766/2 2518/3993/2
f 2520/3995/5 2524/3981/5 2521/3983/5
f 2521/3996/100 2523/9767/100 2518/3997/100
f 2539/3999/3 2538/4014/3 2535/4000/3
f 2527/4002/1 2525/5348/1 2526/4003/1
f 2530/4005/4 2529/9768/4 2532/4006/4
f 2537/4008/104 2532/9769/104 2529/4009/104
f 2540/4011/2 2531/9770/2 2532/4012/2
f 2538/4014/3 2539/3999/3 2529/4015/3
f 2525/4017/3 2534/4001/3 2535/4000/3
f 2528/4019/2 2536/4025/2 2533/4020/2
f 2527/4022/12 2533/6029/12 2534/4023/12
f 2536/4025/2 2540/4011/2 2537/4013/2
f 2537/4026/316 2539/9771/316 2534/4027/316
f 2555/4029/3 2554/4044/3 2551/4030/3
f 2543/4032/1 2541/9772/1 2542/4033/1
f 2546/4035/4 2545/5990/4 2548/4036/4
f 2553/4038/104 2548/9773/104 2545/4039/104
f 2556/4041/2 2547/9774/2 2548/4042/2
f 2554/4044/3 2555/4029/3 2545/4045/3
f 2541/4047/3 2550/4031/3 2551/4030/3
f 2544/4049/2 2552/4055/2 2549/4050/2
f 2543/4052/12 2549/9775/12 2550/4053/12
f 2552/4055/2 2556/4041/2 2553/4043/2
f 2553/4056/105 2555/9776/105 2550/4057/105
f 2571/4059/3 2570/4073/3 2567/4060/3
f 2559/3979/1 2557/9777/1 2558/4062/1
f 2562/4064/4 2561/9778/4 2564/4065/4
f 2569/4067/104 2564/9779/104 2561/4068/104
f 2572/4070/2 2563/9780/2 2564/4071/2
f 2570/4073/3 2571/4059/3 2561/4074/3
f 2557/4076/3 2566/4061/3 2567/4060/3
f 2560/4078/2 2568/4083/2 2565/4079/2
f 2559/4081/12 2565/9781/12 2566/4082/12
f 2568/4083/2 2572/4070/2 2569/4072/2
f 2569/4084/105 2571/9782/105 2566/4085/105
f 2587/4087/3 2586/4100/3 2583/4088/3
f 2575/4090/1 2573/3710/1 2574/3858/1
f 2578/4091/4 2577/9783/4 2580/4092/4
f 2585/4094/104 2580/9784/104 2577/4095/104
f 2588/4097/2 2579/9785/2 2580/4098/2
f 2586/4100/3 2587/4087/3 2577/4101/3
f 2573/4103/3 2582/4089/3 2583/4088/3
f 2576/4105/2 2584/4113/2 2581/4106/2
f 2575/4108/12 2581/9786/12 2582/4109/12
f 2443/4111/2 2442/3837/2 2439/3841/2
f 2584/4113/2 2588/4097/2 2585/4099/2
f 2585/4114/105 2587/9787/105 2582/4115/105
f 2347/4117/12 2346/3661/12 2343/3665/12
f 2594/4119/12 2597/9788/12 2593/4120/12
f 2594/2246/1 2595/9789/1 2596/3272/1
f 2613/4122/12 2604/4150/12 2589/4123/12
f 2593/4124/4 2598/5805/4 2592/4125/4
f 2609/4127/3 2607/9790/3 2606/4128/3
f 2613/4122/12 2594/4119/12 2591/4121/12
f 2591/4131/2 2592/9791/2 2599/4132/2
f 2608/4130/12 2591/4121/12 2590/1308/12
f 2618/4135/12 2616/9792/12 2609/4136/12
f 2595/4137/12 2602/9793/12 2601/4138/12
f 2589/4140/2 2602/9794/2 2595/4141/2
f 2607/4143/12 2610/9795/12 2615/4144/12
f 2606/4146/12 2607/4143/12 2608/4130/12
f 2614/4147/1 2612/5813/1 2611/4148/1
f 2613/4122/12 2611/4145/12 2605/4149/12
f 2609/4151/4 2616/9796/4 2610/4152/4
f 2598/4154/12 2600/9797/12 2599/4155/12
f 2608/4130/12 2607/4143/12 2611/4145/12
f 2612/4157/12 2614/9798/12 2619/4158/12
f 2612/4160/3 2620/9799/3 2605/4161/3
f 2622/4163/12 2628/4170/12 2632/4164/12
f 2621/4166/12 2627/9800/12 2630/4167/12
f 2622/4163/12 2623/4175/12 2629/4169/12
f 2631/4171/12 2627/9800/12 2621/4166/12
f 2626/4165/12 2632/4164/12 2631/4171/12
f 2624/4168/12 2630/4167/12 2655/4173/12
f 2623/4175/12 2648/4219/12 2656/4176/12
f 2629/4177/91 2635/4188/91 2634/4178/91
f 2637/4180/2 2633/9801/2 2627/1725/2
f 2638/4182/2 2637/4180/2 2631/4181/2
f 2630/4184/4 2636/4191/4 2663/4185/4
f 2656/4187/92 2664/9802/92 2635/4188/92
f 2634/4189/2 2638/4182/2 2632/4183/2
f 2627/3175/4 2633/9803/4 2636/4191/4
f 2626/4192/3 2644/4203/3 2640/4193/3
f 2624/4195/1 2642/4205/1 2639/2466/1
f 2622/4197/93 2640/9804/93 2641/4198/93
f 2621/4200/3 2639/9805/3 2643/4201/3
f 2625/4202/3 2643/4201/3 2644/4203/3
f 2647/4204/1 2671/9806/1 2642/4205/1
f 2623/4199/93 2641/4198/93 2672/4206/93
f 2646/4208/12 2652/4218/12 2660/4209/12
f 2658/4211/12 2653/9807/12 2645/4212/12
f 2646/4208/12 2654/4210/12 2657/4214/12
f 2645/4212/12 2653/9807/12 2659/4216/12
f 2652/4218/12 2651/4217/12 2659/4216/12
f 2655/4173/12 2658/4211/12 2650/4213/12
f 2649/4215/12 2657/4214/12 2656/4176/12
f 2662/4220/94 2665/4229/94 2657/4221/94
f 2653/4223/3 2661/9808/3 2667/4224/3
f 2659/4225/3 2667/4224/3 2668/4226/3
f 2663/4185/4 2666/4232/4 2658/4228/4
f 2665/4229/95 2664/9802/95 2656/4187/95
f 2660/4227/3 2668/4226/3 2662/4230/3
f 2666/4232/4 2661/9809/4 2653/3231/4
f 2670/4233/2 2676/4245/2 2652/4234/2
f 2669/4236/1 2674/4246/1 2650/4237/1
f 2673/4239/96 2670/9810/96 2646/4240/96
f 2675/4242/2 2669/9811/2 2645/4243/2
f 2676/4245/2 2675/4242/2 2651/4244/2
f 2674/4246/1 2671/9806/1 2647/4204/1
f 2672/4206/96 2673/4239/96 2649/4241/96
f 2678/4247/2 2680/9812/2 2686/4248/2
f 2684/4250/3 2682/9813/3 2688/4251/3
f 2682/4253/12 2678/9814/12 2685/4254/12
f 2683/4256/4 2681/4268/4 2677/4257/4
f 2680/2782/1 2678/7865/1 2682/4259/1
f 2688/4251/3 2689/9815/3 2690/4260/3
f 2687/4252/3 2688/4251/3 2681/4261/3
f 2685/4249/2 2686/4248/2 2679/4263/2
f 2689/1435/12 2692/4522/12 2691/4265/12
f 2685/3351/1 2692/9653/1 2689/2036/1
f 2677/4264/2 2691/9816/2 2692/4267/2
f 2681/4268/4 2690/9817/4 2691/4269/4
f 2308/9818/1 2309/9819/1 2322/9820/1
f 2321/9821/1 2313/9822/1 2303/4272/1
f 2308/9818/1 2322/9820/1 2303/4272/1
f 2322/9820/1 2321/9821/1 2303/4272/1
f 2310/4271/1 2311/9823/1 2303/4272/1
f 2311/9823/1 2308/9818/1 2303/4272/1
f 3775/9824/1 3771/4270/1 2303/4272/1
f 2694/4273/5 2696/9825/5 2695/4274/5
f 2699/4276/12 2700/9826/12 2698/4277/12
f 2698/4279/2 2694/9827/2 2693/4280/2
f 2699/4282/4 2697/9828/4 2693/4283/4
f 2696/4285/1 2694/9829/1 2698/4286/1
f 2702/4288/5 2704/9830/5 2703/4289/5
f 2720/4291/1 2718/9831/1 2722/1242/1
f 2708/4293/12 2706/9832/12 2705/4294/12
f 2706/4296/2 2702/9833/2 2701/962/2
f 2707/4298/4 2705/890/4 2701/892/4
f 2704/1220/1 2702/9834/1 2706/4300/1
f 2709/4301/5 2710/9835/5 2712/4302/5
f 2723/4304/4 2721/9836/4 2717/4305/4
f 2716/4306/12 2714/9837/12 2713/4307/12
f 2714/4309/2 2710/9838/2 2709/4310/2
f 2711/1032/4 2715/5029/4 2713/4312/4
f 2712/1006/1 2710/3619/1 2714/978/1
f 2722/4313/2 2718/9839/2 2717/4314/2
f 2724/4316/12 2722/9840/12 2721/4317/12
f 2718/4319/5 2720/9841/5 2719/4320/5
f 2726/4322/12 2734/4329/12 2738/4323/12
f 2725/4325/12 2733/9842/12 2736/4326/12
f 2726/4322/12 2727/4338/12 2735/4328/12
f 2739/4330/12 2740/4337/12 2732/4331/12
f 2730/4324/12 2738/4323/12 2737/4333/12
f 2728/4327/12 2736/4326/12 2769/4335/12
f 2740/4337/12 2733/9842/12 2725/4325/12
f 2729/4334/12 2737/4333/12 2739/4330/12
f 2727/4338/12 2760/4393/12 2770/1338/12
f 2735/4339/91 2743/4354/91 2742/4340/91
f 2747/4341/2 2748/4350/2 2740/4342/2
f 2746/4344/2 2745/4352/2 2737/4345/2
f 2736/4347/4 2744/4357/4 2779/4348/4
f 2748/4350/2 2741/9843/2 2733/4351/2
f 2745/4352/2 2747/4341/2 2739/4343/2
f 2770/4353/92 2780/9844/92 2743/4354/92
f 2742/4355/2 2746/4344/2 2738/4346/2
f 2733/1518/4 2741/9845/4 2744/4357/4
f 2730/4358/3 2754/4371/3 2750/4359/3
f 2728/4361/1 2752/4373/1 2749/4362/1
f 2726/4364/93 2750/9846/93 2751/4365/93
f 2732/4367/3 2756/4374/3 2755/4368/3
f 2729/4370/3 2753/4375/3 2754/4371/3
f 2759/4372/1 2789/9847/1 2752/4373/1
f 2725/2764/3 2749/5618/3 2756/4374/3
f 2731/4369/3 2755/4368/3 2753/4375/3
f 2727/4366/93 2751/4365/93 2790/4376/93
f 2758/4378/12 2764/4389/12 2774/4379/12
f 2772/4381/12 2767/9848/12 2757/4382/12
f 2758/4378/12 2768/4380/12 2771/4384/12
f 2766/4386/12 2776/4391/12 2775/4387/12
f 2764/4389/12 2763/4392/12 2773/4390/12
f 2769/4335/12 2772/4381/12 2762/4383/12
f 2757/4382/12 2767/9848/12 2776/4391/12
f 2763/4392/12 2765/4388/12 2775/4387/12
f 2761/4385/12 2771/4384/12 2770/1338/12
f 2778/4394/94 2781/4407/94 2771/4395/94
f 2776/4397/3 2786/4405/3 2785/4398/3
f 2773/4400/3 2783/4406/3 2784/4401/3
f 2779/4348/4 2782/4410/4 2772/4403/4
f 2767/4404/3 2777/9849/3 2786/4405/3
f 2775/4399/3 2785/4398/3 2783/4406/3
f 2781/4407/95 2780/9844/95 2770/4353/95
f 2774/4402/3 2784/4401/3 2778/4408/3
f 2782/4410/4 2777/9850/4 2767/1461/4
f 2788/4411/2 2794/4422/2 2764/4412/2
f 2787/2920/1 2792/4424/1 2762/4414/1
f 2791/4416/96 2788/5843/96 2758/4417/96
f 2795/4419/2 2796/4425/2 2766/4420/2
f 2794/4422/2 2793/4427/2 2763/4423/2
f 2792/4424/1 2789/9847/1 2759/4372/1
f 2796/4425/2 2787/9851/2 2757/4426/2
f 2793/4427/2 2795/4419/2 2765/4421/2
f 2790/4376/96 2791/4416/96 2761/4418/96
f 2804/4428/12 2808/9852/12 2803/4429/12
f 2817/4431/2 2805/5849/2 2812/4432/2
f 2804/4434/1 2806/9853/1 2807/4435/1
f 2832/4437/12 2820/4476/12 2797/4438/12
f 2803/4439/4 2810/4474/4 2802/4440/4
f 2818/2125/4 2800/9854/4 2805/4442/4
f 2826/4443/12 2799/4430/12 2813/4444/12
f 2813/4446/1 2801/9855/1 2811/4447/1
f 2832/4437/12 2804/4428/12 2799/4430/12
f 2837/4445/12 2813/4444/12 2817/4449/12
f 2813/4444/12 2809/9856/12 2818/4451/12
f 2799/1600/2 2802/1602/2 2801/4452/2
f 2805/4454/12 2800/9857/12 2814/4455/12
f 2806/4457/12 2816/9858/12 2815/4458/12
f 2802/4460/12 2810/5541/12 2811/4461/12
f 2797/4463/2 2816/9859/2 2806/4464/2
f 2842/4450/12 2817/4449/12 2798/4466/12
f 2828/4468/12 2834/9860/12 2829/4469/12
f 2839/4471/3 2830/9861/3 2845/4472/3
f 2833/4439/1 2831/1612/1 2829/4473/1
f 2832/4437/12 2829/4469/12 2821/4475/12
f 2827/3305/4 2836/9862/4 2828/4477/4
f 2830/4479/4 2824/3268/4 2846/4480/4
f 2840/4482/12 2823/4470/12 2826/4443/12
f 2838/4483/1 2825/2587/1 2840/2589/1
f 2823/4470/12 2829/4469/12 2832/4437/12
f 2845/4485/12 2840/4482/12 2837/4445/12
f 2846/4486/12 2835/9863/12 2840/4482/12
f 2825/4487/3 2827/9864/3 2823/4488/3
f 2841/4490/12 2824/9865/12 2830/4454/12
f 2831/4491/12 2833/9527/12 2843/4492/12
f 2838/4494/12 2836/2676/12 2827/4495/12
f 2831/4497/3 2844/9866/3 2821/4498/3
f 2822/4500/12 2845/4485/12 2842/4450/12
f 2848/4501/2 2850/9867/2 2856/4502/2
f 2854/4504/3 2852/9868/3 2858/4505/3
f 2852/4507/12 2848/6474/12 2855/4508/12
f 2853/4510/4 2851/4527/4 2847/4511/4
f 2850/4513/1 2848/9869/1 2852/4514/1
f 2858/4505/3 2859/9870/3 2860/4516/3
f 2857/4506/3 2858/4505/3 2851/4517/3
f 2855/4503/2 2856/4502/2 2849/4519/2
f 2859/4521/12 2862/4265/12 2861/4522/12
f 2855/3549/1 2862/3550/1 2859/4524/1
f 2847/4520/2 2861/9871/2 2862/4526/2
f 2851/4527/4 2860/1425/4 2861/4528/4
f 2866/4529/1 2864/9872/1 2868/4530/1
f 2869/4532/4 2867/5043/4 2863/4533/4
f 2868/4534/12 2864/5051/12 2863/4535/12
f 2870/4537/3 2868/9873/3 2867/4538/3
f 2864/4540/2 2866/9874/2 2865/4541/2
f 2872/4543/3 2871/4626/3 2318/4544/3
f 2318/4544/3 2871/4626/3 2303/4546/3
f 2896/4550/4 2874/4585/4 2891/9875/4
f 2891/9875/4 2894/4548/4 2896/4550/4
f 2875/4551/5 2879/4555/5 3743/4552/5
f 2876/4554/106 2880/9876/106 2879/4555/106
f 2873/4556/2 2877/4560/2 2880/4557/2
f 2874/4559/107 2878/9877/107 2877/4560/107
f 2880/4561/108 2877/4565/108 2881/4562/108
f 2878/4564/109 2882/4591/109 2881/4562/109
f 3743/4566/110 2879/4569/110 2883/4567/110
f 2879/4569/111 2880/4561/111 2884/4563/111
f 2889/4579/112 2885/4571/112 2887/4570/112
f 2885/4571/112 2902/4600/112 2900/4572/112
f 2897/4573/3 2886/9878/3 2887/4574/3
f 2897/4577/4 2898/4549/4 2894/4548/4
f 2894/4548/4 2895/9879/4 2886/4576/4
f 3741/4580/12 3738/9880/12 2887/4581/12
f 3738/4583/113 3740/9881/113 2888/4578/113
f 2890/4584/4 2891/9875/4 2874/4585/4
f 2892/4587/4 2893/4594/4 2876/4588/4
f 2882/4591/114 2878/4564/114 2901/4590/114
f 2901/4590/114 2902/4600/114 2885/4571/114
f 2886/4576/4 2895/9879/4 3751/4592/4
f 2893/4594/4 2890/4584/4 2873/4586/4
f 3742/4595/4 3752/5956/4 2892/4587/4
f 2896/4596/12 2901/4603/12 2878/4597/12
f 2899/4602/117 2903/9882/117 2901/4603/117
f 2897/4573/118 2900/4575/118 2903/4604/118
f 2907/3579/1 2905/9699/1 2909/4606/1
f 2910/4607/4 2908/9883/4 2904/4608/4
f 2909/4610/3 2905/9884/3 2904/4611/3
f 2911/4613/5 2909/9885/5 2908/4614/5
f 2905/4616/12 2907/9886/12 2906/4617/12
f 2907/4619/2 2911/9887/2 2910/4620/2
f 2913/4622/12 2912/9888/12 3776/4623/12
f 2912/4625/3 2913/9889/3 2871/4626/3
f 2317/3632/5 3753/4629/5 3772/4627/5
f 2310/4628/5 3771/9890/5 3753/4629/5
f 2913/4630/4 3777/9891/4 3774/4631/4
f 2928/4633/3 2927/4647/3 2924/4634/3
f 2916/4636/1 2914/9892/1 2915/4637/1
f 2919/4638/4 2918/9893/4 2921/4639/4
f 2926/4641/104 2921/9894/104 2918/4642/104
f 2929/4644/2 2920/9895/2 2921/4645/2
f 2927/4647/3 2928/4633/3 2918/4648/3
f 2914/4650/3 2923/4635/3 2924/4634/3
f 2917/4652/2 2925/4658/2 2922/4653/2
f 2916/4655/12 2922/9896/12 2923/4656/12
f 2925/4658/2 2929/4644/2 2926/4646/2
f 2926/4659/105 2928/9897/105 2923/4660/105
f 2944/4662/3 2943/4675/3 2940/4663/3
f 2932/4665/1 2930/6014/1 2931/4666/1
f 2935/4667/4 2934/9898/4 2937/4668/4
f 2942/4669/104 2937/9899/104 2934/4670/104
f 2945/4672/2 2936/4831/2 2937/4673/2
f 2943/4675/3 2944/4662/3 2934/4676/3
f 2930/4678/3 2939/4664/3 2940/4663/3
f 2933/4680/2 2941/4685/2 2938/4681/2
f 2932/3872/12 2938/9900/12 2939/4683/12
f 2941/4685/2 2945/4672/2 2942/4674/2
f 2942/4686/105 2944/9901/105 2939/4687/105
f 2960/4689/3 2959/4704/3 2956/4690/3
f 2948/4692/1 2946/9902/1 2947/4693/1
f 2951/4695/4 2950/6069/4 2953/4696/4
f 2958/4698/104 2953/9903/104 2950/4699/104
f 2961/4701/2 2952/9904/2 2953/4702/2
f 2959/4704/3 2960/4689/3 2950/4705/3
f 2946/4707/3 2955/4691/3 2956/4690/3
f 2949/4709/2 2957/4715/2 2954/4710/2
f 2948/4712/12 2954/5498/12 2955/4713/12
f 2957/4715/2 2961/4701/2 2958/4703/2
f 2958/4716/105 2960/9905/105 2955/4717/105
f 2976/4719/3 2975/4734/3 2972/4720/3
f 2964/4722/1 2962/9906/1 2963/4723/1
f 2967/4725/4 2966/4828/4 2969/4726/4
f 2974/4728/104 2969/9907/104 2966/4729/104
f 2977/4731/2 2968/9908/2 2969/4732/2
f 2975/4734/3 2976/4719/3 2966/4735/3
f 2962/4067/3 2971/4721/3 2972/4720/3
f 2965/4738/2 2973/4744/2 2970/4739/2
f 2964/4741/12 2970/9909/12 2971/4742/12
f 2973/4744/2 2977/4731/2 2974/4733/2
f 2974/4745/105 2976/9910/105 2971/4746/105
f 3001/4750/4 2979/4784/4 2996/9911/4
f 2996/9911/4 2999/4748/4 3001/4750/4
f 2980/4751/5 2984/4755/5 3863/4752/5
f 2981/4754/106 2985/9912/106 2984/4755/106
f 2978/4756/2 2982/4760/2 2985/4757/2
f 2979/4759/107 2983/9913/107 2982/4760/107
f 2982/4761/119 2986/4764/119 2989/4762/119
f 2983/4569/120 2987/4790/120 2986/4764/120
f 3863/4765/121 2984/4768/121 2988/4766/121
f 2984/4768/122 2985/4763/122 2989/4762/122
f 2994/4778/123 2990/4770/123 2992/4769/123
f 2990/4770/123 3007/4799/123 3005/4771/123
f 3002/4772/3 2991/9914/3 2992/4773/3
f 3002/4776/4 3003/4749/4 2999/4748/4
f 2999/4748/4 3000/9915/4 2991/4775/4
f 3861/4779/12 3858/9916/12 2992/4780/12
f 3858/4782/125 3860/9917/125 2993/4777/125
f 2995/4783/4 2996/9911/4 2979/4784/4
f 2997/4786/4 2998/4793/4 2981/4787/4
f 2987/4790/126 2983/4569/126 3006/4789/126
f 3006/4789/126 3007/4799/126 2990/4770/126
f 2991/4775/4 3000/9915/4 3871/4791/4
f 2998/4793/4 2995/4783/4 2978/4785/4
f 3862/4794/4 3872/6126/4 2997/4786/4
f 3001/4795/12 3006/4802/12 2983/4796/12
f 3004/4801/117 3008/9918/117 3006/4802/117
f 3002/4772/118 3005/4774/118 3008/4803/118
f 2990/4805/5 3013/9919/5 3010/4806/5
f 2989/4808/129 3012/4818/129 3011/4809/129
f 2993/4811/130 3014/4822/130 3015/4812/130
f 2994/4814/2 3015/9920/2 3013/4815/2
f 2986/4817/3 3009/9921/3 3012/4818/3
f 2987/4807/131 3010/4806/131 3009/4819/131
f 3860/4821/5 3888/9922/5 3014/4822/5
f 2988/4781/12 3011/8527/12 3889/4823/12
f 3030/4825/3 3029/4837/3 3026/4826/3
f 3018/3686/1 3016/9923/1 3017/4034/1
f 3021/4828/4 3020/4725/4 3023/4829/4
f 3028/4831/104 3023/9924/104 3020/4832/104
f 3031/4834/2 3022/4652/2 3023/4835/2
f 3029/4837/3 3030/4825/3 3020/4838/3
f 3016/4840/3 3025/4827/3 3026/4826/3
f 3019/4842/2 3027/4848/2 3024/4843/2
f 3018/4845/12 3024/9925/12 3025/4846/12
f 3027/4848/2 3031/4834/2 3028/4836/2
f 3028/4849/105 3030/9926/105 3025/4850/105
f 3046/4852/3 3045/4866/3 3042/4853/3
f 3034/4855/1 3032/9927/1 3033/4856/1
f 3037/4857/4 3036/9928/4 3039/4858/4
f 3044/4860/104 3039/9929/104 3036/4861/104
f 3047/4863/2 3038/9930/2 3039/4864/2
f 3045/4866/3 3046/4852/3 3036/4867/3
f 3032/4869/3 3041/4854/3 3042/4853/3
f 3035/4871/2 3043/4877/2 3040/4872/2
f 3034/4874/12 3040/9931/12 3041/4875/12
f 3043/4877/2 3047/4863/2 3044/4865/2
f 3044/4878/105 3046/9932/105 3041/4879/105
f 3062/4881/3 3061/4896/3 3058/4882/3
f 3050/4884/1 3048/5269/1 3049/4885/1
f 3053/4887/4 3052/9933/4 3055/4888/4
f 3060/4890/104 3055/9934/104 3052/4891/104
f 3063/4893/2 3054/9935/2 3055/4894/2
f 3061/4896/3 3062/4881/3 3052/4897/3
f 3048/4899/3 3057/4883/3 3058/4882/3
f 3051/4901/2 3059/4907/2 3056/4902/2
f 3050/4904/12 3056/9936/12 3057/4905/12
f 3059/4907/2 3063/4893/2 3060/4895/2
f 3060/4908/105 3062/9937/105 3057/4909/105
f 3078/4911/3 3077/4926/3 3074/4912/3
f 3066/4914/1 3064/6286/1 3065/4915/1
f 3069/4917/4 3068/9938/4 3071/4918/4
f 3076/4920/104 3071/9939/104 3068/4921/104
f 3079/4923/2 3070/5433/2 3071/4924/2
f 3077/4926/3 3078/4911/3 3068/4927/3
f 3064/4929/3 3073/4913/3 3074/4912/3
f 3067/4931/2 3075/4937/2 3072/4932/2
f 3066/4934/12 3072/9940/12 3073/4935/12
f 3075/4937/2 3079/4923/2 3076/4925/2
f 3076/4938/105 3078/9941/105 3073/4939/105
f 3094/4941/3 3093/4954/3 3090/4942/3
f 3082/3802/1 3080/3801/1 3081/4944/1
f 3085/4889/4 3084/4888/4 3087/4946/4
f 3092/4948/104 3087/9942/104 3084/4949/104
f 3095/4951/2 3086/9943/2 3087/4952/2
f 3093/4954/3 3094/4941/3 3084/4955/3
f 3080/4957/3 3089/4943/3 3090/4942/3
f 3083/4959/2 3091/4965/2 3088/4960/2
f 3082/4962/12 3088/6304/12 3089/4963/12
f 3091/4965/2 3095/4951/2 3092/4953/2
f 3092/4966/105 3094/9944/105 3089/4967/105
f 3110/4969/3 3109/4983/3 3106/4827/3
f 3098/4971/1 3096/9945/1 3097/4972/1
f 3101/4974/4 3100/9946/4 3103/4975/4
f 3108/4977/104 3103/9947/104 3100/4978/104
f 3111/4980/2 3102/9948/2 3103/4981/2
f 3109/4983/3 3110/4969/3 3100/4984/3
f 3096/4986/3 3105/4970/3 3106/4827/3
f 3099/4987/2 3107/4993/2 3104/4988/2
f 3098/4990/12 3104/9949/12 3105/4991/12
f 3107/4993/2 3111/4980/2 3108/4982/2
f 3108/4994/105 3110/9950/105 3105/4995/105
f 3112/4997/12 3113/9951/12 3115/4998/12
f 3119/5000/5 3117/9952/5 3116/5001/5
f 3117/5003/3 3113/9953/3 3112/5004/3
f 3118/1180/4 3116/9301/4 3112/5006/4
f 3115/5007/1 3113/9954/1 3117/3564/1
f 3121/5009/12 3123/9955/12 3122/5010/12
f 3127/5012/5 3125/9956/5 3124/5013/5
f 3125/1221/3 3121/5691/3 3120/5015/3
f 3126/5016/4 3124/9957/4 3120/1206/4
f 3123/5017/1 3121/979/1 3125/1207/1
f 3129/5019/12 3131/9958/12 3130/5020/12
f 3135/5022/5 3133/9959/5 3132/5023/5
f 3133/5025/3 3129/9960/3 3128/5026/3
f 3134/3590/4 3132/1091/4 3128/890/4
f 3131/5028/1 3129/9260/1 3133/4312/1
f 3137/5030/12 3139/9961/12 3138/5031/12
f 3139/5033/2 3143/9962/2 3142/5034/2
f 3142/5036/5 3143/9963/5 3141/5037/5
f 3141/5039/3 3137/3598/3 3136/3597/3
f 3142/1241/4 3140/1243/4 3136/1260/4
f 3139/5042/1 3137/4533/1 3141/5043/1
f 3145/5044/3 3147/9964/3 3146/5045/3
f 3151/5047/2 3149/9965/2 3148/5048/2
f 3149/5050/5 3145/3618/5 3144/5051/5
f 3146/5053/4 3150/9966/4 3148/5054/4
f 3147/5056/1 3145/5968/1 3149/5057/1
f 3774/3622/12 3720/9967/12 3152/5059/12
f 3163/5061/3 3160/9968/3 3157/5062/3
f 3173/5064/12 3165/9969/12 3158/3637/12
f 3166/5066/132 3159/5982/132 3160/5067/132
f 3164/5063/133 3157/5062/133 3158/5069/133
f 3154/5071/133 3164/5063/133 3165/5070/133
f 3156/5073/132 3166/5066/132 3163/5068/132
f 3153/3646/12 3165/9969/12 3173/5064/12
f 3155/5076/3 3163/5061/3 3164/5063/3
f 3161/5077/12 3168/3648/12 3172/5078/12
f 3172/5078/12 3170/5081/12 3162/5080/12
f 3172/5078/12 3173/5064/12 3171/5065/12
f 3168/3648/12 3169/5075/12 3173/5064/12
f 3183/5082/1 3182/5988/1 3184/5083/1
f 3189/3713/4 3186/5170/4 3187/5085/4
f 3186/5087/134 3189/9970/134 3194/5088/134
f 3189/5090/5 3188/9971/5 3197/5091/5
f 3195/5093/12 3187/9972/12 3186/5094/12
f 3192/5096/12 3191/5137/12 3182/5097/12
f 3190/5099/5 3193/5105/5 3185/5100/5
f 3191/5102/3 3190/9973/3 3184/5103/3
f 3193/5105/5 3190/5099/5 3194/5092/5
f 3191/5106/135 3196/9974/135 3194/5107/135
f 3208/5109/12 3211/5123/12 3212/5110/12
f 3199/5112/1 3198/4063/1 3200/4062/1
f 3205/5114/4 3202/6211/4 3203/5115/4
f 3202/5117/134 3205/9975/134 3210/5118/134
f 3205/5120/5 3204/9976/5 3213/5121/5
f 3211/5123/12 3203/9977/12 3202/5124/12
f 3208/5109/12 3207/5111/12 3198/5125/12
f 3206/5127/5 3209/5133/5 3201/5128/5
f 3207/5130/3 3206/9978/3 3200/5131/3
f 3209/5133/5 3206/5127/5 3210/5122/5
f 3207/5134/135 3212/9979/135 3210/5135/135
f 3224/5137/12 3227/5151/12 3228/5138/12
f 3215/5140/1 3214/5112/1 3216/5113/1
f 3221/5142/4 3218/9980/4 3219/5143/4
f 3218/5145/134 3221/9981/134 3226/5146/134
f 3221/5148/5 3220/9982/5 3229/5149/5
f 3227/5151/12 3219/9983/12 3218/5152/12
f 3224/5137/12 3223/5139/12 3214/5153/12
f 3222/5154/5 3225/5160/5 3217/5155/5
f 3223/5157/3 3222/9984/3 3216/5158/3
f 3225/5160/5 3222/5154/5 3226/5150/5
f 3223/5161/135 3228/9985/135 3226/5162/135
f 3240/5164/12 3243/5177/12 3244/5165/12
f 3231/5167/1 3230/9986/1 3232/5168/1
f 3237/5170/4 3234/9938/4 3235/4917/4
f 3234/5171/134 3237/9987/134 3242/5172/134
f 3237/5174/5 3236/9988/5 3245/5175/5
f 3243/5177/12 3235/9989/12 3234/5178/12
f 3240/5164/12 3239/5166/12 3230/5179/12
f 3238/5181/5 3241/5190/5 3233/5182/5
f 3239/5184/3 3238/9990/3 3232/5185/3
f 3256/5187/3 3259/5203/3 3260/5188/3
f 3241/5190/5 3238/5181/5 3242/5176/5
f 3239/5191/135 3244/9991/135 3242/5192/135
f 3247/4944/1 3246/3827/1 3248/3826/1
f 3253/5194/4 3250/9992/4 3251/5195/4
f 3250/5197/101 3253/9993/101 3258/5198/101
f 3253/5200/2 3252/9994/2 3261/5201/2
f 3259/5203/3 3251/9995/3 3250/5204/3
f 3256/5187/3 3255/5189/3 3246/5205/3
f 3254/5207/2 3257/5213/2 3249/5208/2
f 3255/5210/5 3254/9996/5 3248/5211/5
f 3257/5213/2 3254/5207/2 3258/5202/2
f 3255/5214/103 3260/9997/103 3258/3695/103
f 3272/5216/3 3275/5230/3 3276/5217/3
f 3263/5219/1 3262/9734/1 3264/3800/1
f 3269/5221/4 3266/6262/4 3267/5222/4
f 3266/5224/101 3269/9998/101 3274/5225/101
f 3269/5227/2 3268/9999/2 3277/5228/2
f 3275/5230/3 3267/10000/3 3266/5231/3
f 3272/5216/3 3271/5218/3 3262/5232/3
f 3270/5234/2 3273/5238/2 3265/5235/2
f 3271/5237/5 3270/10001/5 3264/3875/5
f 3273/5238/2 3270/5234/2 3274/5229/2
f 3271/3725/103 3276/10002/103 3274/5239/103
f 3279/5241/1 3278/9945/1 3280/4971/1
f 3285/5243/4 3282/5430/4 3283/5244/4
f 3282/5246/101 3285/10003/101 3290/5247/101
f 3285/5249/2 3284/10004/2 3293/5250/2
f 3291/5252/3 3283/10005/3 3282/5253/3
f 3288/5255/3 3287/5499/3 3278/5256/3
f 3286/5258/2 3289/5263/2 3281/5259/2
f 3287/5261/5 3286/10006/5 3280/4683/5
f 3289/5263/2 3286/5258/2 3290/5251/2
f 3287/3663/103 3292/10007/103 3290/5264/103
f 3304/5266/3 3307/5277/3 3308/5267/3
f 3295/4884/1 3294/5241/1 3296/5242/1
f 3301/3744/4 3298/10008/4 3299/5270/4
f 3298/5271/101 3301/10009/101 3306/5272/101
f 3301/5274/2 3300/4874/2 3309/5275/2
f 3307/5277/3 3299/10010/3 3298/5278/3
f 3304/5266/3 3303/5268/3 3294/5279/3
f 3302/5281/2 3305/5285/2 3297/5282/2
f 3303/5284/5 3302/9786/5 3296/4108/5
f 3305/5285/2 3302/5281/2 3306/5276/2
f 3303/5286/103 3308/10011/103 3306/5287/103
f 3320/5289/12 3323/5302/12 3324/5290/12
f 3311/5292/1 3310/4724/1 3312/4723/1
f 3317/5293/4 3314/5377/4 3315/5294/4
f 3314/5296/134 3317/10012/134 3322/5297/134
f 3317/5299/5 3316/10013/5 3325/5300/5
f 3323/5302/12 3315/10014/12 3314/5303/12
f 3320/5289/12 3319/5291/12 3310/5304/12
f 3318/5306/5 3321/5312/5 3313/5307/5
f 3319/5309/3 3318/10015/3 3312/5310/3
f 3321/5312/5 3318/5306/5 3322/5301/5
f 3319/5313/135 3324/10016/135 3322/5314/135
f 3336/5316/12 3339/5331/12 3340/5317/12
f 3327/5319/1 3326/3919/1 3328/5320/1
f 3333/5322/4 3330/10017/4 3331/5323/4
f 3330/5325/134 3333/10018/134 3338/5326/134
f 3333/5328/5 3332/10019/5 3341/5329/5
f 3339/5331/12 3331/3755/12 3330/5332/12
f 3336/5316/12 3335/5318/12 3326/5333/12
f 3334/5335/5 3337/5341/5 3329/5336/5
f 3335/5338/3 3334/10020/3 3328/5339/3
f 3337/5341/5 3334/5335/5 3338/5330/5
f 3335/5342/135 3340/10021/135 3338/5343/135
f 3352/5345/12 3355/5358/12 3356/5346/12
f 3343/4002/1 3342/5134/1 3344/5136/1
f 3349/5349/4 3346/10022/4 3347/5350/4
f 3346/5352/134 3349/10023/134 3354/5353/134
f 3349/5355/5 3348/10024/5 3357/5356/5
f 3355/5358/12 3347/10025/12 3346/5359/12
f 3352/5345/12 3351/5347/12 3342/5360/12
f 3350/5362/5 3353/5368/5 3345/5363/5
f 3351/5365/3 3350/10026/3 3344/5366/3
f 3353/5368/5 3350/5362/5 3354/5357/5
f 3351/5369/135 3356/10027/135 3354/5370/135
f 3368/3698/12 3371/5385/12 3372/5372/12
f 3359/5373/1 3358/10028/1 3360/5374/1
f 3365/5376/4 3362/5294/4 3363/5377/4
f 3362/5379/134 3365/10029/134 3370/5380/134
f 3365/5382/5 3364/10030/5 3373/5383/5
f 3371/5385/12 3363/10031/12 3362/5386/12
f 3368/3698/12 3367/5345/12 3358/5387/12
f 3366/5389/5 3369/5393/5 3361/5390/5
f 3367/5392/3 3366/5365/3 3360/5367/3
f 3369/5393/5 3366/5389/5 3370/5384/5
f 3367/5394/135 3372/10032/135 3370/5395/135
f 3384/5397/2 3387/5411/2 3388/5398/2
f 3375/5400/1 3374/4916/1 3376/4915/1
f 3381/5402/4 3378/6188/4 3379/5403/4
f 3378/5405/104 3381/10033/104 3386/5406/104
f 3381/5408/3 3380/10034/3 3389/5409/3
f 3387/5411/2 3379/10035/2 3378/5412/2
f 3384/5397/2 3383/5399/2 3374/5413/2
f 3382/5415/3 3385/5421/3 3377/5416/3
f 3383/5418/12 3382/10036/12 3376/5419/12
f 3385/5421/3 3382/5415/3 3386/5410/3
f 3383/5422/316 3388/10037/316 3386/5423/316
f 3400/5425/2 3403/5437/2 3404/5426/2
f 3391/5428/1 3390/5319/1 3392/5321/1
f 3397/5430/4 3394/4037/4 3395/4036/4
f 3394/5431/104 3397/10038/104 3402/5432/104
f 3397/5434/3 3396/10039/3 3405/5435/3
f 3403/5437/2 3395/10040/2 3394/5438/2
f 3400/5425/2 3399/5427/2 3390/5439/2
f 3398/5441/3 3401/5447/3 3393/5442/3
f 3399/5444/12 3398/10041/12 3392/5445/12
f 3401/5447/3 3398/5441/3 3402/5436/3
f 3399/5448/105 3404/10042/105 3402/5449/105
f 3416/5451/2 3419/5465/2 3420/5452/2
f 3407/5454/1 3406/10043/1 3408/5455/1
f 3413/5457/4 3410/9928/4 3411/4857/4
f 3410/5459/104 3413/10044/104 3418/5460/104
f 3413/5462/3 3412/10045/3 3421/5463/3
f 3419/5465/2 3411/10046/2 3410/5466/2
f 3416/5451/2 3415/5453/2 3406/5467/2
f 3414/5469/3 3417/5475/3 3409/5470/3
f 3415/5472/12 3414/10047/12 3408/5473/12
f 3417/5475/3 3414/5469/3 3418/5464/3
f 3415/5476/105 3420/10048/105 3418/5477/105
f 3432/5479/2 3435/5490/2 3436/5480/2
f 3423/3711/1 3422/5400/1 3424/5401/1
f 3429/5482/4 3426/3775/4 3427/3774/4
f 3426/5484/104 3429/10049/104 3434/5485/104
f 3429/5487/3 3428/10050/3 3437/5488/3
f 3435/5490/2 3427/10051/2 3426/5491/2
f 3432/5479/2 3431/5481/2 3422/5492/2
f 3430/5494/3 3433/5500/3 3425/5495/3
f 3431/4712/12 3430/10052/12 3424/5497/12
f 3288/5255/3 3291/5252/3 3292/5254/3
f 3433/5500/3 3430/5494/3 3434/5489/3
f 3431/5501/105 3436/10053/105 3434/5502/105
f 3192/5096/12 3195/5093/12 3196/5095/12
f 3442/5504/12 3446/10054/12 3443/5505/12
f 3445/5507/1 3444/4151/1 3443/4153/1
f 3462/5509/12 3443/5505/12 3438/5510/12
f 3441/5512/4 3447/4479/4 3442/4481/4
f 3455/5514/2 3456/10055/2 3458/5515/2
f 3440/5506/12 3443/5505/12 3462/5509/12
f 3448/5518/3 3441/2908/3 3440/5519/3
f 3439/5521/12 3440/5506/12 3457/5517/12
f 3467/2082/12 3466/2084/12 3458/5523/12
f 3444/5525/12 3445/10056/12 3450/5526/12
f 3444/5528/3 3451/2931/3 3438/5529/3
f 3456/5531/12 3460/5537/12 3464/5532/12
f 3457/5517/12 3456/5531/12 3455/5534/12
f 3460/2330/1 3461/10057/1 3463/5535/1
f 3462/5509/12 3453/5511/12 3454/5536/12
f 3459/5538/4 3465/3309/4 3458/1539/4
f 3448/5540/12 3449/10058/12 3447/5541/12
f 3457/5517/12 3462/5509/12 3460/5537/12
f 3461/5542/12 3469/10059/12 3468/5543/12
f 3454/5544/2 3469/10060/2 3461/5545/2
f 3471/5547/12 3475/5557/12 3481/5548/12
f 3479/5550/12 3476/10061/12 3470/5551/12
f 3471/5547/12 3477/5549/12 3478/5553/12
f 3470/5551/12 3476/10061/12 3480/5555/12
f 3475/5557/12 3474/5556/12 3480/5555/12
f 3504/5558/12 3479/5550/12 3473/5552/12
f 3472/5554/12 3478/5553/12 3505/5560/12
f 3483/5562/94 3484/5572/94 3478/5563/94
f 3476/1858/3 3482/10062/3 3486/5565/3
f 3480/5566/3 3486/5565/3 3487/5567/3
f 3512/5569/4 3485/5576/4 3479/5570/4
f 3484/5572/95 3513/10063/95 3505/5573/95
f 3481/5568/3 3487/5567/3 3483/5574/3
f 3485/5576/4 3482/10064/4 3476/2106/4
f 3489/5577/2 3493/5589/2 3475/5578/2
f 3488/5580/1 3491/5590/1 3473/5581/1
f 3490/5583/96 3489/10065/96 3471/5584/96
f 3492/5586/2 3488/10066/2 3470/5587/2
f 3493/5589/2 3492/5586/2 3474/5588/2
f 3491/5590/1 3520/10067/1 3496/5591/1
f 3521/5592/96 3490/5583/96 3472/5585/96
f 3495/5594/12 3503/5601/12 3509/5595/12
f 3494/5597/12 3502/10068/12 3507/5598/12
f 3495/5594/12 3498/5604/12 3506/5600/12
f 3508/5602/12 3502/10068/12 3494/5597/12
f 3501/5596/12 3509/5595/12 3508/5602/12
f 3499/5599/12 3507/5598/12 3504/5558/12
f 3498/5604/12 3497/5561/12 3505/5560/12
f 3506/5605/91 3514/5613/91 3511/5606/91
f 3516/5608/2 3510/10069/2 3502/2500/2
f 3517/5610/2 3516/5608/2 3508/5609/2
f 3507/5612/4 3515/5616/4 3512/5569/4
f 3505/5573/92 3513/10063/92 3514/5613/92
f 3511/5614/2 3517/5610/2 3509/5611/2
f 3502/2149/4 3510/10070/4 3515/5616/4
f 3501/5617/3 3525/5627/3 3519/5618/3
f 3499/5619/1 3523/5628/1 3518/5620/1
f 3495/5622/93 3519/10071/93 3522/5623/93
f 3494/2757/3 3518/10072/3 3524/5625/3
f 3500/5626/3 3524/5625/3 3525/5627/3
f 3496/5591/1 3520/10067/1 3523/5628/1
f 3498/5624/93 3522/5623/93 3521/5592/93
f 3535/5629/3 3529/10073/3 3527/5630/3
f 3537/5632/2 3531/10074/2 3533/5633/2
f 3534/5635/12 3527/10075/12 3531/1420/12
f 3526/5637/4 3530/5650/4 3532/2402/4
f 3531/5638/1 3527/10076/1 3529/5639/1
f 3539/5641/2 3538/10077/2 3537/5632/2
f 3530/5642/2 3537/5632/2 3536/5634/2
f 3528/5644/3 3535/5629/3 3534/5631/3
f 3540/2619/12 3541/10078/12 3538/5646/12
f 3538/5647/1 3541/1438/1 3534/1437/1
f 3541/5649/3 3540/10079/3 3526/5645/3
f 3540/2636/4 3539/9544/4 3530/5650/4
f 3171/5653/1 3158/10080/1 3157/10081/1
f 3157/10081/1 3160/10082/1 3152/5651/1
f 3160/10082/1 3159/10083/1 3152/5651/1
f 3159/10083/1 3771/4270/1 3152/5651/1
f 3771/4270/1 3775/9824/1 3152/5651/1
f 3152/5651/1 3162/10084/1 3170/5652/1
f 3171/5653/1 3157/10081/1 3152/5651/1
f 3544/5654/5 3545/10085/5 3543/5655/5
f 3548/5657/12 3546/10086/12 3547/5658/12
f 3542/5660/3 3543/10087/3 3547/5661/3
f 3542/5663/4 3546/10088/4 3548/5664/4
f 3547/5666/1 3543/10089/1 3545/5667/1
f 3552/5669/5 3553/10090/5 3551/5670/5
f 3571/5672/1 3567/10091/1 3569/1272/1
f 3554/5673/12 3555/10092/12 3557/5674/12
f 3550/5058/3 3551/5057/3 3555/5676/3
f 3550/892/4 3554/992/4 3556/5006/4
f 3555/1035/1 3551/906/1 3553/1261/1
f 3558/5679/5 3560/10093/5 3561/5680/5
f 3566/5682/4 3570/10094/4 3572/5683/4
f 3562/5685/12 3563/10095/12 3565/5686/12
f 3558/5688/3 3559/10096/3 3563/5689/3
f 3560/3605/4 3558/3607/4 3562/3563/4
f 3563/4300/1 3559/10097/1 3561/5691/1
f 3566/5039/3 3567/10098/3 3571/5677/3
f 3570/5692/12 3571/5009/12 3573/5011/12
f 3568/5694/5 3569/10099/5 3567/5695/5
f 3575/5697/12 3579/5708/12 3587/5698/12
f 3585/5700/12 3582/10100/12 3574/5701/12
f 3575/5697/12 3583/5699/12 3584/5703/12
f 3581/5705/12 3589/5712/12 3588/5706/12
f 3579/5708/12 3578/5713/12 3586/5709/12
f 3618/5710/12 3585/5700/12 3577/5702/12
f 3574/5701/12 3582/10100/12 3589/5712/12
f 3578/5713/12 3580/5707/12 3588/5706/12
f 3576/5704/12 3584/5703/12 3619/5714/12
f 3591/5716/94 3592/5731/94 3584/5717/94
f 3589/5719/3 3597/5729/3 3596/5720/3
f 3586/5722/3 3594/5730/3 3595/5723/3
f 3628/5725/4 3593/5735/4 3585/5726/4
f 3582/5728/3 3590/10101/3 3597/5729/3
f 3588/5721/3 3596/5720/3 3594/5730/3
f 3592/5731/95 3629/10102/95 3619/5732/95
f 3587/5724/3 3595/5723/3 3591/5733/3
f 3593/5735/4 3590/10103/4 3582/5736/4
f 3599/5737/2 3603/5748/2 3579/5738/2
f 3598/5740/1 3601/5750/1 3577/5741/1
f 3600/5742/96 3599/10104/96 3575/5743/96
f 3604/5745/2 3605/5752/2 3581/5746/2
f 3603/5748/2 3602/5754/2 3578/5749/2
f 3601/5750/1 3638/10105/1 3608/5751/1
f 3605/5752/2 3598/10106/2 3574/5753/2
f 3602/5754/2 3604/5745/2 3580/5747/2
f 3639/5755/96 3600/5742/96 3576/5744/96
f 3607/5757/12 3617/5764/12 3623/5758/12
f 3606/5760/12 3616/10107/12 3621/5761/12
f 3607/5757/12 3610/5771/12 3620/5763/12
f 3624/5765/12 3625/5770/12 3615/5766/12
f 3613/5759/12 3623/5758/12 3622/5768/12
f 3611/5762/12 3621/5761/12 3618/5710/12
f 3625/5770/12 3616/10107/12 3606/5760/12
f 3612/5769/12 3622/5768/12 3624/5765/12
f 3610/5771/12 3609/5715/12 3619/5714/12
f 3620/5772/91 3630/5784/91 3627/2752/91
f 3634/5774/2 3635/5781/2 3625/5775/2
f 3633/5777/2 3632/5783/2 3622/5778/2
f 3621/5780/4 3631/5787/4 3628/5725/4
f 3635/5781/2 3626/10108/2 3616/5782/2
f 3632/5783/2 3634/5774/2 3624/5776/2
f 3619/5732/92 3629/10102/92 3630/5784/92
f 3627/5785/2 3633/5777/2 3623/5779/2
f 3616/3231/4 3626/9809/4 3631/5787/4
f 3613/5788/3 3643/4358/3 3637/4360/3
f 3611/5790/1 3641/5799/1 3636/5791/1
f 3607/5793/93 3637/10109/93 3640/5794/93
f 3615/5796/3 3645/4367/3 3644/4369/3
f 3612/5798/3 3642/4370/3 3643/4358/3
f 3608/5751/1 3638/10105/1 3641/5799/1
f 3606/5800/3 3636/2764/3 3645/4367/3
f 3614/5797/3 3644/4369/3 3642/4370/3
f 3610/5795/93 3640/5794/93 3639/5755/93
f 3652/5801/12 3657/10110/12 3653/5802/12
f 3661/4124/3 3654/9525/3 3666/5804/3
f 3656/5806/1 3655/10111/1 3653/5807/1
f 3681/5808/12 3653/5802/12 3646/5809/12
f 3651/4484/4 3659/10112/4 3652/5811/4
f 3654/5812/4 3649/4148/4 3667/5813/4
f 3662/5814/12 3648/5803/12 3675/5815/12
f 3660/5817/1 3650/9677/1 3662/3501/1
f 3648/5803/12 3653/5802/12 3681/5808/12
f 3666/5819/12 3662/5814/12 3686/5816/12
f 3667/5821/12 3658/10113/12 3662/5814/12
f 3650/5822/3 3651/10114/3 3648/5823/3
f 3663/5825/12 3649/10115/12 3654/5826/12
f 3655/5828/12 3656/10116/12 3664/5829/12
f 3660/5831/12 3659/1683/12 3651/1682/12
f 3655/5833/3 3665/10117/3 3646/5834/3
f 3647/5836/12 3666/5819/12 3691/5820/12
f 3678/5838/12 3683/10118/12 3677/5839/12
f 3694/5841/2 3679/2325/2 3688/5842/2
f 3678/3492/1 3680/9675/1 3682/5844/1
f 3681/5808/12 3669/5810/12 3670/5846/12
f 3677/5847/4 3685/10119/4 3676/3276/4
f 3695/5849/4 3673/10120/4 3679/5850/4
f 3675/5815/12 3672/5840/12 3689/5852/12
f 3689/5853/1 3674/10121/1 3687/5854/1
f 3681/5808/12 3678/5838/12 3672/5840/12
f 3686/5816/12 3689/5852/12 3694/5855/12
f 3689/5852/12 3684/10122/12 3695/5856/12
f 3672/5857/2 3676/10123/2 3674/5858/2
f 3679/5860/12 3673/3320/12 3690/3321/12
f 3680/5862/12 3693/10124/12 3692/5863/12
f 3676/5865/12 3685/10125/12 3687/5866/12
f 3670/5868/2 3693/10126/2 3680/5869/2
f 3691/5820/12 3694/5855/12 3671/5871/12
f 3705/5872/3 3699/10127/3 3697/5873/3
f 3707/5875/2 3701/10128/2 3703/5876/2
f 3704/5878/12 3697/7636/12 3701/5879/12
f 3696/5881/4 3700/5899/4 3702/5882/4
f 3701/5884/1 3697/10129/1 3699/5885/1
f 3709/5887/2 3708/10130/2 3707/5875/2
f 3700/5888/2 3707/5875/2 3706/5877/2
f 3698/5890/3 3705/5872/3 3704/5874/3
f 3710/5892/12 3711/10131/12 3708/5893/12
f 3708/5895/1 3711/10132/1 3704/5896/1
f 3711/5898/3 3710/10133/3 3696/5891/3
f 3710/1810/4 3709/10134/4 3700/5899/4
f 3717/5900/1 3713/9251/1 3715/1009/1
f 3712/5901/4 3716/1088/4 3718/5902/4
f 3712/5904/12 3713/4536/12 3717/4535/12
f 3716/5906/2 3717/10135/2 3719/5907/2
f 3714/5909/3 3715/10136/3 3713/5910/3
f 3167/5912/2 3720/5916/2 3721/5913/2
f 3162/5915/2 3152/10137/2 3720/5916/2
f 3746/5919/4 3723/5947/4 3754/5917/4
f 3754/5917/4 3756/5961/4 3749/5918/4
f 3743/4552/5 3728/5921/5 3724/5920/5
f 3728/5921/131 3729/10138/131 3725/5922/131
f 3729/5923/3 3726/5926/3 3722/5924/3
f 3726/5926/129 3727/10139/129 3723/5927/129
f 3729/5928/136 3733/5934/136 3730/5929/136
f 3730/5929/137 3731/10140/137 3727/5931/137
f 3743/4566/110 3744/4568/110 3732/5932/110
f 3728/5933/138 3732/5932/138 3733/5934/138
f 3760/5953/139 3734/5936/139 3758/5935/139
f 3734/5936/139 3739/5944/139 3736/5937/139
f 3736/5938/2 3735/10141/2 3755/5939/2
f 3749/5918/4 3756/5961/4 3755/5962/4
f 3755/5962/4 3735/5941/4 3749/5918/4
f 3736/5945/12 3738/9880/12 3741/4580/12
f 3737/5943/113 3740/9881/113 3738/4583/113
f 3723/5947/4 3746/5919/4 3745/5948/4
f 3725/5950/4 3748/5955/4 3747/5951/4
f 3759/5954/114 3727/5931/114 3731/10140/114
f 3731/10140/114 3734/5936/114 3759/5954/114
f 3735/5941/4 3741/4593/4 3751/4592/4
f 3722/5949/4 3745/5948/4 3748/5955/4
f 3742/4595/4 3724/5952/4 3747/5951/4
f 3727/5957/12 3759/5964/12 3754/5958/12
f 3759/5964/142 3761/10142/142 3757/5965/142
f 3761/5966/143 3758/5940/143 3755/5939/143
f 3767/5056/1 3763/9957/1 3765/5016/1
f 3762/1205/4 3766/1204/4 3768/5969/4
f 3762/5971/2 3763/10143/2 3767/5972/2
f 3766/5974/5 3767/10144/5 3769/5975/5
f 3764/5977/12 3765/10145/12 3763/5978/12
f 3768/5980/3 3769/3596/3 3765/4610/3
f 3776/4623/12 3770/10146/12 3773/5981/12
f 3720/5916/2 3773/10147/2 3770/4625/2
f 3772/4627/5 3753/4629/5 3166/5066/5
f 3753/4629/5 3771/9890/5 3159/5982/5
f 3774/4631/4 3777/9891/4 3773/5983/4
f 3788/5985/2 3791/5997/2 3792/5986/2
f 3779/3972/1 3778/5083/1 3780/5988/1
f 3785/4035/4 3782/4697/4 3783/4696/4
f 3782/5991/104 3785/10148/104 3790/5992/104
f 3785/5994/3 3784/4094/3 3793/5995/3
f 3791/5997/2 3783/10149/2 3782/5998/2
f 3788/5985/2 3787/5987/2 3778/5999/2
f 3786/6001/3 3789/6007/3 3781/6002/3
f 3787/6004/12 3786/10150/12 3780/6005/12
f 3789/6007/3 3786/6001/3 3790/5996/3
f 3787/6008/105 3792/10151/105 3790/6009/105
f 3804/6011/2 3807/6023/2 3808/6012/2
f 3795/4665/1 3794/4004/1 3796/4003/1
f 3801/6015/4 3798/4007/4 3799/4006/4
f 3798/6017/104 3801/10152/104 3806/6018/104
f 3801/6020/3 3800/10153/3 3809/6021/3
f 3807/6023/2 3799/10154/2 3798/6024/2
f 3804/6011/2 3803/6013/2 3794/6025/2
f 3802/6027/3 3805/6030/3 3797/6028/3
f 3803/4022/12 3802/9940/12 3796/4934/12
f 3805/6030/3 3802/6027/3 3806/6022/3
f 3803/6031/105 3808/10155/105 3806/6032/105
f 3820/6034/2 3823/6048/2 3824/6035/2
f 3811/6037/1 3810/3772/1 3812/3771/1
f 3817/6039/4 3814/6236/4 3815/6040/4
f 3814/6042/104 3817/10156/104 3822/6043/104
f 3817/6045/3 3816/10157/3 3825/6046/3
f 3823/6048/2 3815/10158/2 3814/6049/2
f 3820/6034/2 3819/6036/2 3810/6050/2
f 3818/6052/3 3821/6058/3 3813/6053/3
f 3819/6055/12 3818/10159/12 3812/6056/12
f 3821/6058/3 3818/6052/3 3822/6047/3
f 3819/6059/105 3824/10160/105 3822/6060/105
f 3836/6062/2 3839/6076/2 3840/6063/2
f 3827/6065/1 3826/10161/1 3828/6066/1
f 3833/4695/4 3830/10162/4 3831/6068/4
f 3830/6070/104 3833/10163/104 3838/6071/104
f 3833/6073/3 3832/10164/3 3841/6074/3
f 3839/6076/2 3831/10165/2 3830/6077/2
f 3836/6062/2 3835/6064/2 3826/6078/2
f 3834/6080/3 3837/6084/3 3829/6081/3
f 3835/6083/12 3834/4868/12 3828/3846/12
f 3837/6084/3 3834/6080/3 3838/6075/3
f 3835/6085/105 3840/10166/105 3838/6086/105
f 3866/6090/4 3843/6117/4 3873/6088/4
f 3873/6088/4 3875/6131/4 3869/6089/4
f 3863/4752/5 3848/6092/5 3844/6091/5
f 3848/6092/131 3849/10167/131 3845/6093/131
f 3849/6094/3 3846/6097/3 3842/6095/3
f 3846/6097/129 3847/10168/129 3843/6098/129
f 3853/6099/144 3850/6102/144 3846/6100/144
f 3850/6102/145 3851/10169/145 3847/5933/145
f 3863/4765/121 3864/4767/121 3852/6103/121
f 3848/6104/146 3852/6103/146 3853/6099/146
f 3879/6123/147 3854/6106/147 3877/6105/147
f 3854/6106/147 3859/6114/147 3856/6107/147
f 3856/6108/2 3855/10170/2 3874/6109/2
f 3869/6089/4 3875/6131/4 3874/6132/4
f 3874/6132/4 3855/6111/4 3869/6089/4
f 3856/6115/12 3858/9916/12 3861/4779/12
f 3857/6113/125 3860/9917/125 3858/4782/125
f 3843/6117/4 3866/6090/4 3865/6118/4
f 3845/6120/4 3868/6125/4 3867/6121/4
f 3878/6124/126 3847/5933/126 3851/10169/126
f 3851/10169/126 3854/6106/126 3878/6124/126
f 3855/6111/4 3861/4792/4 3871/4791/4
f 3842/6119/4 3865/6118/4 3868/6125/4
f 3862/4794/4 3844/6122/4 3867/6121/4
f 3847/6127/12 3878/6134/12 3873/6128/12
f 3878/6134/142 3880/10171/142 3876/6135/142
f 3880/6136/143 3877/6110/143 3874/6109/143
f 3882/6138/5 3885/10172/5 3854/6139/5
f 3883/6141/107 3884/6149/107 3853/6142/107
f 3887/6144/151 3886/6153/151 3857/6145/151
f 3885/6146/3 3887/10173/3 3859/6147/3
f 3884/6149/2 3881/10174/2 3850/6150/2
f 3881/6151/106 3882/6138/106 3851/6140/106
f 3886/6153/5 3888/9922/5 3860/4821/5
f 3889/4823/12 3883/10175/12 3852/6154/12
f 3900/6155/2 3903/6168/2 3904/6156/2
f 3891/6158/1 3890/10176/1 3892/6159/1
f 3897/4918/4 3894/10177/4 3895/6161/4
f 3894/6162/104 3897/10178/104 3902/6163/104
f 3897/6165/3 3896/10179/3 3905/6166/3
f 3903/6168/2 3895/10180/2 3894/6169/2
f 3900/6155/2 3899/6157/2 3890/6170/2
f 3898/6172/3 3901/6178/3 3893/6173/3
f 3899/6175/12 3898/10181/12 3892/6176/12
f 3901/6178/3 3898/6172/3 3902/6167/3
f 3899/6179/105 3904/10182/105 3902/6180/105
f 3916/6182/2 3919/6195/2 3920/6183/2
f 3907/6185/1 3906/10183/1 3908/6186/1
f 3913/6188/4 3910/3918/4 3911/3917/4
f 3910/6189/104 3913/10184/104 3918/6190/104
f 3913/6192/3 3912/10185/3 3921/6193/3
f 3919/6195/2 3911/10186/2 3910/6196/2
f 3916/6182/2 3915/6184/2 3906/6197/2
f 3914/6199/3 3917/6204/3 3909/6200/3
f 3915/6201/12 3914/10187/12 3908/6202/12
f 3917/6204/3 3914/6199/3 3918/6194/3
f 3915/6205/105 3920/10188/105 3918/6206/105
f 3932/6208/2 3935/6218/2 3936/6209/2
f 3923/5220/1 3922/4886/1 3924/4885/1
f 3929/6211/4 3926/10189/4 3927/6212/4
f 3926/6213/104 3929/10190/104 3934/6214/104
f 3929/6215/3 3928/10191/3 3937/6216/3
f 3935/6218/2 3927/10192/2 3926/6219/2
f 3932/6208/2 3931/6210/2 3922/6220/2
f 3930/6222/3 3933/6228/3 3925/6223/3
f 3931/6225/12 3930/10193/12 3924/6226/12
f 3933/6228/3 3930/6222/3 3934/6217/3
f 3931/6229/105 3936/10194/105 3934/6230/105
f 3948/6232/2 3951/6243/2 3952/6233/2
f 3939/4972/1 3938/6285/1 3940/6235/1
f 3945/6236/4 3942/10195/4 3943/6237/4
f 3942/6238/104 3945/10196/104 3950/6239/104
f 3945/6240/3 3944/10197/3 3953/6241/3
f 3951/6243/2 3943/10198/2 3942/6244/2
f 3948/6232/2 3947/6234/2 3938/6245/2
f 3946/6247/3 3949/6253/3 3941/6248/3
f 3947/6250/12 3946/10199/12 3940/6251/12
f 3949/6253/3 3946/6247/3 3950/6242/3
f 3947/6254/105 3952/10200/105 3950/6255/105
f 3964/6257/2 3967/6270/2 3968/6258/2
f 3955/6260/1 3954/10201/1 3956/6261/1
f 3961/6262/4 3958/10202/4 3959/6263/4
f 3958/6264/104 3961/10203/104 3966/6265/104
f 3961/6267/3 3960/10204/3 3969/6268/3
f 3967/6270/2 3959/10205/2 3958/6271/2
f 3964/6257/2 3963/6259/2 3954/6272/2
f 3962/6274/3 3965/6278/3 3957/6275/3
f 3963/6277/12 3962/10206/12 3956/5474/12
f 3965/6278/3 3962/6274/3 3966/6269/3
f 3963/6279/105 3968/10207/105 3966/6280/105
f 3980/6282/2 3983/6296/2 3984/6283/2
f 3971/4914/1 3970/6235/1 3972/6285/1
f 3977/6287/4 3974/10208/4 3975/6288/4
f 3974/6290/104 3977/10209/104 3982/6291/104
f 3977/6293/3 3976/10210/3 3985/6294/3
f 3983/6296/2 3975/10211/2 3974/6297/2
f 3980/6282/2 3979/6284/2 3970/6298/2
f 3978/6300/3 3981/6305/3 3973/6301/3
f 3979/4962/12 3978/10212/12 3972/6303/12
f 3981/6305/3 3978/6300/3 3982/6295/3
f 3979/6306/105 3984/10213/105 3982/6307/105
f 3986/6309/2 3988/10214/2 3989/6310/2
f 3990/6312/3 3991/10215/3 3993/6313/3
f 3986/6315/5 3987/10216/5 3991/6316/5
f 3996/6318/2 3997/10217/2 3995/6319/2
f 4000/6321/3 3998/10218/3 3999/6322/3
f 3991/6324/1 3987/10219/1 3989/6325/1
f 3994/6327/5 3995/10220/5 3999/6328/5
f 3994/6330/317 3998/10221/317 4000/6331/317
f 4001/6333/318 3999/10222/318 3995/6334/318
f 4004/6336/2 4005/10223/2 4003/6337/2
f 4006/6339/3 4007/10224/3 4009/6340/3
f 4002/6342/5 4003/10225/5 4007/6343/5
f 4010/6345/2 4012/10226/2 4013/6346/2
f 4016/6348/3 4014/10227/3 4015/6349/3
f 4009/6351/1 4007/10228/1 4003/6352/1
f 4014/6354/5 4010/10229/5 4011/6355/5
f 4012/6357/319 4010/10230/319 4014/6358/319
f 4017/6360/320 4015/10231/320 4011/6361/320
f 4018/3134/2 4020/10232/2 4021/6363/2
f 4024/6365/3 4022/10233/3 4023/6366/3
f 4018/6368/5 4019/7975/5 4023/6369/5
f 4028/6371/2 4029/10234/2 4027/6372/2
f 4032/6374/3 4030/10235/3 4031/6375/3
f 4023/6377/321 4019/7426/321 4021/6378/321
f 4026/6380/5 4027/10236/5 4031/6381/5
f 4028/6383/4 4026/10237/4 4030/6384/4
f 4033/6386/247 4031/10238/247 4027/6387/247
f 4034/6389/2 4036/10239/2 4037/6390/2
f 4038/6392/3 4039/10240/3 4041/6393/3
f 4034/6395/5 4035/6493/5 4039/6396/5
f 4044/6398/2 4045/10241/2 4043/6399/2
f 4048/6401/3 4046/10242/3 4047/6402/3
f 4039/6404/322 4035/10243/322 4037/6405/322
f 4046/6407/5 4042/7437/5 4043/6408/5
f 4044/6410/323 4042/10244/323 4046/6411/323
f 4047/6413/324 4043/10245/324 4045/6414/324
f 4052/6416/2 4053/10246/2 4051/6417/2
f 4054/6419/3 4055/10247/3 4057/6420/3
f 4050/6422/5 4051/10248/5 4055/6423/5
f 4060/6425/2 4061/10249/2 4059/6426/2
f 4064/6428/3 4062/10250/3 4063/6429/3
f 4057/6431/263 4055/10251/263 4051/6432/263
f 4058/6434/5 4059/10252/5 4063/6435/5
f 4060/6437/325 4058/10253/325 4062/6438/325
f 4065/6440/326 4063/10254/326 4059/6441/326
f 4068/6443/2 4069/10255/2 4067/6444/2
f 4072/6446/3 4070/10256/3 4071/6447/3
f 4066/6449/5 4067/10257/5 4071/6450/5
f 4076/6452/2 4077/10258/2 4075/6453/2
f 4078/6455/3 4079/10259/3 4081/6456/3
f 4073/6458/327 4071/10260/327 4067/6459/327
f 4078/6461/5 4074/10261/5 4075/6462/5
f 4074/6464/328 4078/10262/328 4080/6465/328
f 4079/6466/1 4075/10263/1 4077/6467/1
f 4082/6469/2 4084/10264/2 4085/6470/2
f 4086/6472/3 4087/10265/3 4089/6473/3
f 4082/6475/5 4083/7695/5 4087/6476/5
f 4092/6478/2 4093/7066/2 4091/6479/2
f 4094/6481/3 4095/10266/3 4097/6482/3
f 4087/6483/329 4083/10267/329 4085/6484/329
f 4094/6486/5 4090/10268/5 4091/6487/5
f 4090/6489/330 4094/10269/330 4096/6490/330
f 4097/6492/331 4095/6357/331 4091/6493/331
f 4098/2022/2 4100/10270/2 4101/6495/2
f 4104/6497/3 4102/10271/3 4103/6498/3
f 4098/6500/5 4099/10272/5 4103/6501/5
f 4108/6503/2 4109/10273/2 4107/6504/2
f 4112/6506/3 4110/10274/3 4111/6507/3
f 4103/6509/332 4099/10275/332 4101/6510/332
f 4110/6512/5 4106/10276/5 4107/6513/5
f 4106/6515/333 4110/10277/333 4112/6516/333
f 4111/6518/1 4107/10278/1 4109/6519/1
f 4112/6521/12 4113/10279/12 4109/6522/12
f 3992/6524/12 3993/10280/12 3989/6525/12
f 4116/6527/5 4117/10281/5 4115/6528/5
f 4118/6530/12 4119/10282/12 4121/6531/12
f 4114/6533/3 4115/10283/3 4119/6534/3
f 4124/6536/5 4125/6448/5 4123/6537/5
f 4128/6539/12 4126/10284/12 4127/6540/12
f 4119/6542/1 4115/10285/1 4117/6342/1
f 4122/6543/3 4123/10286/3 4127/6544/3
f 4122/6546/334 4126/10287/334 4128/6547/334
f 4129/6549/335 4127/10288/335 4123/6550/335
f 4132/6552/5 4133/10289/5 4131/6553/5
f 4134/6555/12 4135/6635/12 4137/6556/12
f 4130/6558/3 4131/10290/3 4135/5894/3
f 4138/6560/5 4140/10291/5 4141/6561/5
f 4144/6563/12 4142/10292/12 4143/6564/12
f 4137/6566/1 4135/10293/1 4131/6567/1
f 4142/6569/3 4138/10294/3 4139/6570/3
f 4140/6572/336 4138/10295/336 4142/6573/336
f 4145/6575/337 4143/10296/337 4139/6576/337
f 4146/6578/5 4148/10297/5 4149/6579/5
f 4152/6581/12 4150/7920/12 4151/6582/12
f 4146/6584/3 4147/10298/3 4151/6585/3
f 4156/6587/5 4157/10299/5 4155/6588/5
f 4160/6590/12 4158/10300/12 4159/6591/12
f 4151/6593/338 4147/10301/338 4149/6594/338
f 4154/6596/3 4155/10243/3 4159/6597/3
f 4156/6599/4 4154/10302/4 4158/6600/4
f 4161/6602/339 4159/10303/339 4155/6603/339
f 4162/6605/5 4164/10304/5 4165/6606/5
f 4166/6608/12 4167/10305/12 4169/6609/12
f 4162/6611/3 4163/10306/3 4167/6612/3
f 4172/6614/5 4173/10307/5 4171/6615/5
f 4176/6617/12 4174/10308/12 4175/6618/12
f 4167/6620/340 4163/10309/340 4165/6621/340
f 4174/6623/3 4170/10310/3 4171/6624/3
f 4172/6626/341 4170/10311/341 4174/6627/341
f 4175/6629/342 4171/10312/342 4173/6630/342
f 4180/6632/5 4181/10313/5 4179/6633/5
f 4182/6635/12 4183/10314/12 4185/6636/12
f 4178/6637/3 4179/7723/3 4183/6638/3
f 4188/6640/5 4189/10315/5 4187/6641/5
f 4192/6643/12 4190/10316/12 4191/6644/12
f 4185/6646/343 4183/10317/343 4179/6647/343
f 4186/6649/3 4187/10318/3 4191/6650/3
f 4188/6652/344 4186/10319/344 4190/6653/344
f 4193/6655/345 4191/10320/345 4187/6656/345
f 4196/6658/5 4197/10321/5 4195/6659/5
f 4200/6661/12 4198/6613/12 4199/6662/12
f 4194/6664/3 4195/6387/3 4199/6665/3
f 4204/6667/5 4205/10322/5 4203/6668/5
f 4206/6670/12 4207/10323/12 4209/6671/12
f 4201/6551/346 4199/10324/346 4195/6673/346
f 4206/6675/3 4202/10325/3 4203/6676/3
f 4202/6678/347 4206/10326/347 4208/6679/347
f 4209/6681/1 4207/7098/1 4203/6682/1
f 4210/6684/5 4212/10327/5 4213/6685/5
f 4214/6687/12 4215/10328/12 4217/6688/12
f 4210/6690/3 4211/10329/3 4215/6691/3
f 4220/6693/5 4221/10330/5 4219/6694/5
f 4222/6696/12 4223/10331/12 4225/6697/12
f 4215/6699/348 4211/10332/348 4213/6700/348
f 4222/6702/3 4218/10333/3 4219/6703/3
f 4218/6705/349 4222/10334/349 4224/6706/349
f 4225/6708/350 4223/10335/350 4219/6709/350
f 4226/6711/5 4228/10336/5 4229/6712/5
f 4232/6714/12 4230/10337/12 4231/6715/12
f 4226/6717/3 4227/6708/3 4231/6718/3
f 4236/6720/5 4237/10338/5 4235/6721/5
f 4240/6723/12 4238/10339/12 4239/6724/12
f 4231/6726/351 4227/10340/351 4229/6727/351
f 4238/6729/3 4234/10341/3 4235/6730/3
f 4234/6732/352 4238/10342/352 4240/6733/352
f 4239/6735/1 4235/10343/1 4237/6736/1
f 4240/6738/2 4241/10344/2 4237/6739/2
f 4116/6741/2 4120/10345/2 4121/6742/2
f 4244/6744/12 4245/10346/12 4243/6745/12
f 4248/6747/5 4246/10347/5 4247/6748/5
f 4242/6750/2 4243/10348/2 4247/6751/2
f 4252/6753/12 4253/10349/12 4251/6754/12
f 4256/6756/5 4254/10350/5 4255/6757/5
f 4247/6759/1 4243/10351/1 4245/6760/1
f 4250/6762/2 4251/10352/2 4255/6763/2
f 4250/6765/353 4254/10353/353 4256/6766/353
f 4257/6768/354 4255/10354/354 4251/6769/354
f 4260/6746/12 4261/6745/12 4259/6771/12
f 4264/6773/5 4262/10355/5 4263/6774/5
f 4258/6776/2 4259/10356/2 4263/6777/2
f 4266/6779/12 4268/10357/12 4269/6780/12
f 4272/6782/5 4270/10358/5 4271/6783/5
f 4263/6785/1 4259/10359/1 4261/6786/1
f 4270/6788/2 4266/10360/2 4267/6789/2
f 4268/6791/355 4266/10361/355 4270/6792/355
f 4273/6794/356 4271/10362/356 4267/6795/356
f 4274/6797/12 4276/10363/12 4277/6798/12
f 4280/6800/5 4278/10364/5 4279/6801/5
f 4274/6802/2 4275/7840/2 4279/6803/2
f 4284/6805/12 4285/10365/12 4283/6806/12
f 4288/6808/5 4286/10366/5 4287/6809/5
f 4279/6811/357 4275/10367/357 4277/6812/357
f 4282/6814/2 4283/10368/2 4287/6815/2
f 4284/6817/4 4282/10369/4 4286/6818/4
f 4289/6820/358 4287/10370/358 4283/6821/358
f 4290/6823/12 4292/10371/12 4293/6824/12
f 4296/6826/5 4294/10372/5 4295/6827/5
f 4290/6829/2 4291/10373/2 4295/6830/2
f 4300/6832/12 4301/10374/12 4299/6833/12
f 4304/6835/5 4302/10375/5 4303/6836/5
f 4297/2022/359 4295/10376/359 4291/6838/359
f 4302/6840/2 4298/10377/2 4299/6841/2
f 4300/6843/360 4298/10378/360 4302/6844/360
f 4303/6846/361 4299/10379/361 4301/6847/361
f 4306/6849/12 4308/10380/12 4309/6850/12
f 4310/6852/5 4311/10381/5 4313/6853/5
f 4306/6855/2 4307/10382/2 4311/6856/2
f 4316/6858/12 4317/10383/12 4315/6859/12
f 4320/6861/5 4318/10384/5 4319/6862/5
f 4311/6864/362 4307/10385/362 4309/6865/362
f 4314/6867/2 4315/10386/2 4319/6868/2
f 4316/6870/363 4314/10387/363 4318/6871/363
f 4321/6873/364 4319/10388/364 4315/6874/364
f 4324/6876/12 4325/10389/12 4323/6877/12
f 4328/6879/5 4326/10390/5 4327/6880/5
f 4322/6882/2 4323/10391/2 4327/6883/2
f 4332/6885/12 4333/10392/12 4331/6886/12
f 4334/6888/5 4335/10393/5 4337/6889/5
f 4329/6891/365 4327/7088/365 4323/6892/365
f 4334/6894/2 4330/10394/2 4331/6895/2
f 4330/6897/366 4334/10395/366 4336/6898/366
f 4335/6900/1 4331/10396/1 4333/6901/1
f 4338/6903/12 4340/10397/12 4341/6904/12
f 4342/6906/5 4343/10398/5 4345/6907/5
f 4338/6909/2 4339/10399/2 4343/6910/2
f 4348/6912/12 4349/7084/12 4347/6913/12
f 4350/6915/5 4351/10400/5 4353/6916/5
f 4343/6918/367 4339/7636/367 4341/6919/367
f 4350/6921/2 4346/10401/2 4347/6922/2
f 4346/6924/368 4350/10402/368 4352/6925/368
f 4353/6927/369 4351/10403/369 4347/6928/369
f 4354/6930/12 4356/10404/12 4357/6931/12
f 4358/6933/5 4359/10405/5 4361/6934/5
f 4354/6936/2 4355/10406/2 4359/6937/2
f 4364/6607/12 4365/10407/12 4363/6939/12
f 4368/6941/5 4366/10408/5 4367/6942/5
f 4359/6944/370 4355/10409/370 4357/6945/370
f 4366/6947/2 4362/10410/2 4363/6948/2
f 4362/6950/371 4366/10411/371 4368/6951/371
f 4367/6953/1 4363/10412/1 4365/6954/1
f 4248/6955/3 4249/7746/3 4245/6956/3
f 4368/6958/3 4369/10413/3 4365/6959/3
f 4372/6961/3 4373/10414/3 4371/6962/3
f 4374/6963/2 4375/10415/2 4377/6964/2
f 4370/6966/12 4371/10416/12 4375/6967/12
f 4380/6969/3 4381/10417/3 4379/6970/3
f 4384/6972/2 4382/10418/2 4383/6973/2
f 4375/6975/1 4371/7124/1 4373/6976/1
f 4378/6978/12 4379/10419/12 4383/6979/12
f 4378/6981/372 4382/10420/372 4384/6982/372
f 4385/6984/373 4383/10421/373 4379/6985/373
f 4388/6987/3 4389/10422/3 4387/6988/3
f 4390/6990/2 4391/10423/2 4393/6991/2
f 4390/6993/12 4386/10424/12 4387/6994/12
f 4394/6996/3 4396/10425/3 4397/6997/3
f 4400/6999/2 4398/10426/2 4399/7000/2
f 4393/6770/1 4391/10427/1 4387/7002/1
f 4398/7003/12 4394/10428/12 4395/7004/12
f 4396/7005/374 4394/10429/374 4398/7006/374
f 4401/7008/375 4399/10430/375 4395/7009/375
f 4402/7011/3 4404/10431/3 4405/7012/3
f 4408/7014/2 4406/10432/2 4407/7015/2
f 4402/7017/12 4403/10433/12 4407/7018/12
f 4412/3354/3 4413/10434/3 4411/7020/3
f 4416/7022/2 4414/10435/2 4415/7023/2
f 4407/7025/376 4403/10436/376 4405/7026/376
f 4410/7028/12 4411/10437/12 4415/7029/12
f 4412/7031/4 4410/7035/4 4414/7032/4
f 4417/7034/377 4415/10438/377 4411/7035/377
f 4420/7036/3 4421/10439/3 4419/7037/3
f 4424/7039/2 4422/10440/2 4423/7040/2
f 4418/7042/12 4419/10441/12 4423/7043/12
f 4420/7044/378 4418/10442/378 4422/7045/378
f 4425/7046/379 4423/4260/379 4419/7047/379
f 4428/7049/3 4429/10443/3 4427/7050/3
f 4430/7052/2 4431/10444/2 4433/7053/2
f 4426/7055/12 4427/10445/12 4431/7056/12
f 4436/7058/3 4437/10446/3 4435/7059/3
f 4438/7061/2 4439/10447/2 4441/7062/2
f 4433/7064/380 4431/10448/380 4427/7065/380
f 4438/7067/12 4434/10449/12 4435/7068/12
f 4434/7070/381 4438/10450/381 4440/7071/381
f 4439/7073/1 4435/10451/1 4437/7074/1
f 4442/7075/3 4444/10452/3 4445/7076/3
f 4446/7078/2 4447/10453/2 4449/7079/2
f 4442/7081/12 4443/7753/12 4447/7082/12
f 4452/7084/3 4453/10454/3 4451/7085/3
f 4454/7087/2 4455/10455/2 4457/7088/2
f 4447/7090/382 4443/7668/382 4445/7091/382
f 4454/7093/12 4450/10456/12 4451/7094/12
f 4450/7095/383 4454/10457/383 4456/7096/383
f 4457/7098/384 4455/10458/384 4451/7099/384
f 4458/7100/3 4460/10459/3 4461/7101/3
f 4464/7103/2 4462/10460/2 4463/7104/2
f 4458/7106/12 4459/7781/12 4463/7107/12
f 4468/7109/3 4469/10461/3 4467/7110/3
f 4472/7112/2 4470/10462/2 4471/7113/2
f 4463/7115/385 4459/2782/385 4461/7116/385
f 4470/7118/12 4466/10463/12 4467/7119/12
f 4466/7120/386 4470/10464/386 4472/7121/386
f 4471/7123/1 4467/10465/1 4469/7124/1
f 4472/7126/5 4473/10466/5 4469/7127/5
f 4376/7129/5 4377/7506/5 4373/7130/5
f 4476/7132/3 4477/10467/3 4475/7133/3
f 4480/7135/2 4478/10468/2 4479/7136/2
f 4474/7138/12 4475/10469/12 4479/7139/12
f 4474/7141/4 4478/7379/4 4480/7142/4
f 4481/7143/387 4479/10470/387 4475/6772/387
f 4484/7145/2 4485/10471/2 4483/7146/2
f 4488/7148/3 4486/10472/3 4487/7149/3
f 4482/7150/5 4483/10473/5 4487/7151/5
f 4482/7153/388 4486/10474/388 4488/7154/388
f 4489/7156/389 4487/10475/389 4483/7157/389
f 4492/7159/2 4493/10476/2 4491/7160/2
f 4494/7162/3 4495/7504/3 4497/7163/3
f 4490/7165/5 4491/10477/5 4495/7073/5
f 4498/7167/2 4500/10478/2 4501/7168/2
f 4504/7170/3 4502/10479/3 4503/7171/3
f 4497/7173/1 4495/10480/1 4491/7174/1
f 4502/7176/5 4498/10481/5 4499/7177/5
f 4500/7179/319 4498/10482/319 4502/7180/319
f 4505/7182/320 4503/10483/320 4499/7183/320
f 4506/7185/2 4508/10484/2 4509/7186/2
f 4512/7188/3 4510/10485/3 4511/7189/3
f 4506/7190/5 4507/10486/5 4511/7191/5
f 4516/7193/2 4517/10487/2 4515/7194/2
f 4520/7196/3 4518/10488/3 4519/7197/3
f 4511/7199/321 4507/10489/321 4509/7200/321
f 4514/7202/5 4515/10490/5 4519/7203/5
f 4516/7205/4 4514/10491/4 4518/7206/4
f 4521/1809/247 4519/10492/247 4515/7208/247
f 4522/6564/2 4524/10493/2 4525/7210/2
f 4526/7212/3 4527/10494/3 4529/7213/3
f 4522/7215/5 4523/10495/5 4527/7216/5
f 4527/7217/322 4523/10496/322 4525/7218/322
f 4532/7220/2 4533/10497/2 4531/7221/2
f 4536/7223/3 4534/10498/3 4535/7224/3
f 4530/7225/5 4531/10499/5 4535/7226/5
f 4530/7228/317 4534/10500/317 4536/7229/317
f 4537/7231/318 4535/10501/318 4531/2779/318
f 4540/7233/2 4541/10502/2 4539/7234/2
f 4542/6341/3 4543/6340/3 4545/7236/3
f 4538/7238/5 4539/7129/5 4543/7131/5
f 4546/7240/2 4548/10503/2 4549/7241/2
f 4552/7243/3 4550/10504/3 4551/7244/3
f 4545/6460/1 4543/10505/1 4539/7246/1
f 4550/7248/5 4546/10506/5 4547/7249/5
f 4548/7251/319 4546/10507/319 4550/7252/319
f 4553/7253/320 4551/10508/320 4547/7254/320
f 4554/7256/2 4556/10509/2 4557/7257/2
f 4560/7259/3 4558/10510/3 4559/7260/3
f 4554/7262/5 4555/10511/5 4559/7263/5
f 4564/7265/2 4565/10512/2 4563/7266/2
f 4568/7268/3 4566/7068/3 4567/7269/3
f 4559/7271/321 4555/10513/321 4557/7272/321
f 4562/7274/5 4563/10514/5 4567/7275/5
f 4564/7277/4 4562/7621/4 4566/7278/4
f 4569/2404/247 4567/10515/247 4563/7280/247
f 4570/7282/2 4572/10516/2 4573/7283/2
f 4576/7285/3 4574/10517/3 4575/7286/3
f 4570/7288/5 4571/10518/5 4575/7289/5
f 4580/7291/2 4581/10519/2 4579/7292/2
f 4584/7294/3 4582/6938/3 4583/7295/3
f 4575/7297/321 4571/10520/321 4573/7298/321
f 4578/7300/5 4579/10521/5 4583/7301/5
f 4580/7303/4 4578/7797/4 4582/7304/4
f 4585/3138/247 4583/7544/247 4579/7306/247
f 4586/7308/2 4588/10522/2 4589/7309/2
f 4590/7311/3 4591/10383/3 4593/7312/3
f 4586/7314/5 4587/7770/5 4591/7315/5
f 4591/7317/322 4587/7562/322 4589/7318/322
f 4595/7320/2 4597/10523/2 4596/7321/2
f 4600/7323/3 4601/10524/3 4599/7324/3
f 4599/7326/12 4595/10525/12 4594/7327/12
f 4600/7329/390 4598/10526/390 4594/7330/390
f 4601/7332/391 4597/10527/391 4595/7333/391
f 4603/7335/2 4605/7339/2 4604/7336/2
f 4609/7338/3 4607/10528/3 4606/7339/3
f 4607/6966/12 4603/6968/12 4602/7341/12
f 4610/7343/2 4611/10529/2 4613/7344/2
f 4616/7345/3 4617/10530/3 4615/7346/3
f 4609/6873/392 4605/6875/392 4603/7348/392
f 4614/7350/12 4615/10531/12 4611/7351/12
f 4612/7353/393 4616/10532/393 4614/7354/393
f 4617/7356/1 4613/10533/1 4611/7357/1
f 4618/7359/2 4619/10376/2 4621/7360/2
f 4624/7362/3 4625/10534/3 4623/7363/3
f 4623/7365/12 4619/10535/12 4618/7366/12
f 4621/7367/394 4619/6517/394 4623/7223/394
f 4631/7369/395 4627/10536/395 4629/7370/395
f 4632/7372/2 4630/10537/2 4631/7373/2
f 4628/7375/12 4632/10538/12 4633/7376/12
f 4635/7378/2 4637/10539/2 4636/7379/2
f 4641/7381/3 4639/10540/3 4638/7382/3
f 4627/7384/3 4626/10541/3 4628/7385/3
f 4638/7387/12 4639/10542/12 4635/7388/12
f 4640/7390/396 4638/10543/396 4634/7391/396
f 4641/7393/397 4637/6954/397 4635/7394/397
f 4642/7396/2 4643/10544/2 4645/7397/2
f 4649/7399/3 4647/10545/3 4646/7400/3
f 4647/7402/12 4643/10546/12 4642/7403/12
f 4645/7405/398 4643/10547/398 4647/6812/398
f 4651/7407/2 4653/10548/2 4652/7408/2
f 4656/3541/3 4657/10549/3 4655/7410/3
f 4655/7412/12 4651/10550/12 4650/7413/12
f 4656/7415/399 4654/10551/399 4650/7416/399
f 4657/7418/400 4653/4508/400 4651/7419/400
f 4658/7361/2 4659/10552/2 4661/7420/2
f 4664/7422/3 4665/10553/3 4663/7423/3
f 4663/7424/12 4659/10554/12 4658/7425/12
f 4667/7427/2 4669/10555/2 4668/7428/2
f 4672/7430/3 4673/10556/3 4671/7431/3
f 4661/7433/394 4659/10557/394 4663/7434/394
f 4671/7436/12 4667/10558/12 4666/7437/12
f 4668/7439/401 4672/10559/401 4670/7440/401
f 4673/7441/402 4669/10560/402 4667/7442/402
f 4674/7444/2 4675/10561/2 4677/7445/2
f 4681/7447/3 4679/10562/3 4678/7448/3
f 4679/7450/12 4675/10563/12 4674/7451/12
f 4677/7453/403 4675/10564/403 4679/7454/403
f 4684/7456/12 4688/6535/12 4689/7457/12
f 4626/7459/404 4630/10565/404 4632/7460/404
f 4683/7462/3 4682/10566/3 4684/7463/3
f 4688/7465/2 4686/6676/2 4687/7466/2
f 4416/7468/5 4417/10567/5 4413/7469/5
f 4691/7471/5 4693/10568/5 4692/7472/5
f 4696/7474/12 4697/10569/12 4695/7475/12
f 4695/7477/2 4691/10570/2 4690/7478/2
f 4696/7480/405 4694/1421/405 4690/7481/405
f 4697/7483/406 4693/10571/406 4691/7448/406
f 4420/7485/5 4424/10572/5 4425/7486/5
f 4700/7488/2 4701/10573/2 4699/7489/2
f 4704/7491/3 4702/10574/3 4703/7492/3
f 4698/7493/5 4699/10575/5 4703/7494/5
f 4698/7495/317 4702/7789/317 4704/7496/317
f 4705/7498/318 4703/10576/318 4699/7499/318
f 4708/7501/2 4709/10577/2 4707/7502/2
f 4710/7237/3 4711/7236/3 4713/7504/3
f 4706/7506/5 4707/10578/5 4711/7507/5
f 4714/7508/2 4716/10579/2 4717/7509/2
f 4720/7511/3 4718/10580/3 4719/7512/3
f 4713/7514/1 4711/10581/1 4707/7515/1
f 4718/7517/5 4714/10582/5 4715/7518/5
f 4716/6895/319 4714/10583/319 4718/7520/319
f 4721/7522/320 4719/10584/320 4715/7523/320
f 4722/7524/2 4724/10585/2 4725/7525/2
f 4728/7527/3 4726/10586/3 4727/7528/3
f 4722/7530/5 4723/10520/5 4727/7531/5
f 4732/7533/2 4733/10587/2 4731/7534/2
f 4736/7536/3 4734/10588/3 4735/7198/3
f 4727/7537/321 4723/10589/321 4725/7538/321
f 4730/7460/5 4731/10590/5 4735/7540/5
f 4732/7541/4 4730/7219/4 4734/7542/4
f 4737/7544/247 4735/6386/247 4731/7545/247
f 4738/7547/2 4740/10591/2 4741/7548/2
f 4742/7550/3 4743/10592/3 4745/7551/3
f 4738/7553/5 4739/7647/5 4743/7554/5
f 4748/7555/2 4749/10593/2 4747/7556/2
f 4752/7558/3 4750/10594/3 4751/7559/3
f 4743/7561/322 4739/10595/322 4741/7562/322
f 4750/7564/5 4746/10596/5 4747/7565/5
f 4748/7567/323 4746/10597/323 4750/7568/323
f 4751/7570/324 4747/10598/324 4749/7571/324
f 4756/7573/2 4757/10599/2 4755/7574/2
f 4758/7576/3 4759/10600/3 4761/7577/3
f 4754/7579/5 4755/10601/5 4759/7580/5
f 4764/7582/2 4765/10602/2 4763/7583/2
f 4768/7585/3 4766/10603/3 4767/7586/3
f 4761/7588/263 4759/10604/263 4755/7589/263
f 4762/7590/5 4763/10605/5 4767/7591/5
f 4764/7592/325 4762/10606/325 4766/7593/325
f 4769/7595/326 4767/10607/326 4763/7596/326
f 4772/7598/2 4773/10608/2 4771/7599/2
f 4776/7601/3 4774/10609/3 4775/7602/3
f 4770/7603/5 4771/10610/5 4775/7604/5
f 4780/7606/2 4781/10611/2 4779/7607/2
f 4782/7609/3 4783/7775/3 4785/7610/3
f 4777/7612/327 4775/6458/327 4771/7613/327
f 4782/7614/5 4778/10612/5 4779/7615/5
f 4778/7617/328 4782/10613/328 4784/7618/328
f 4783/7619/1 4779/10614/1 4781/7620/1
f 4786/7622/2 4788/10615/2 4789/7623/2
f 4790/7625/3 4791/10616/3 4793/7626/3
f 4786/7628/5 4787/6410/5 4791/7629/5
f 4796/7631/2 4797/10617/2 4795/7632/2
f 4798/7634/3 4799/10618/3 4801/7635/3
f 4791/7637/329 4787/10619/329 4789/7638/329
f 4798/7640/5 4794/10620/5 4795/7641/5
f 4794/7643/330 4798/10621/330 4800/7644/330
f 4801/7646/331 4799/7770/331 4795/7647/331
f 4802/2775/2 4804/10622/2 4805/7649/2
f 4808/7651/3 4806/10623/3 4807/7652/3
f 4802/7654/5 4803/10489/5 4807/7655/5
f 4807/7657/321 4803/10624/321 4805/7658/321
f 4812/7660/2 4813/10625/2 4811/7661/2
f 4816/7663/3 4814/7108/3 4815/7664/3
f 4810/7666/5 4811/10626/5 4815/7667/5
f 4812/7669/4 4810/7747/4 4814/7670/4
f 4817/7672/407 4815/10627/407 4811/7673/407
f 4818/7674/2 4820/10628/2 4821/7675/2
f 4822/7677/3 4823/10315/3 4825/7678/3
f 4818/7680/5 4819/10629/5 4823/7681/5
f 4828/7683/2 4829/10630/2 4827/7684/2
f 4832/7686/3 4830/10631/3 4831/7687/3
f 4823/7689/322 4819/10632/322 4821/7690/322
f 4830/7692/5 4826/10368/5 4827/7693/5
f 4828/7695/323 4826/10633/323 4830/7696/323
f 4831/7697/324 4827/10634/324 4829/7549/324
f 4836/7699/2 4837/10635/2 4835/7700/2
f 4838/7702/3 4839/10636/3 4841/7703/3
f 4834/7705/5 4835/10637/5 4839/7706/5
f 4844/7708/2 4845/10638/2 4843/7709/2
f 4848/7711/3 4846/10639/3 4847/7712/3
f 4841/7713/263 4839/9410/263 4835/7714/263
f 4842/7716/5 4843/10640/5 4847/7717/5
f 4844/7719/325 4842/10641/325 4846/7720/325
f 4849/7722/326 4847/6441/326 4843/7723/326
f 4852/7725/2 4853/10642/2 4851/7726/2
f 4856/7728/3 4854/10643/3 4855/7729/3
f 4850/7730/5 4851/10644/5 4855/7731/5
f 4860/7733/2 4861/10645/2 4859/7734/2
f 4862/7735/3 4863/10646/3 4865/7736/3
f 4857/7738/327 4855/10647/327 4851/7739/327
f 4862/7740/5 4858/10648/5 4859/7741/5
f 4858/7743/328 4862/10649/328 4864/7744/328
f 4863/7745/1 4859/10650/1 4861/7746/1
f 4866/7748/2 4868/10651/2 4869/7749/2
f 4870/7627/3 4871/10652/3 4873/7751/3
f 4866/7753/5 4867/7588/5 4871/7754/5
f 4876/7756/2 4877/10653/2 4875/7757/2
f 4878/7759/3 4879/10654/3 4881/7760/3
f 4871/7762/329 4867/10655/329 4869/6323/329
f 4878/7764/5 4874/10656/5 4875/7765/5
f 4874/7766/330 4878/10657/330 4880/7767/330
f 4881/7769/331 4879/10658/331 4875/7770/331
f 4882/7772/2 4884/10659/2 4885/7773/2
f 4888/7775/3 4886/10660/3 4887/7776/3
f 4882/7778/5 4883/10661/5 4887/7779/5
f 4887/7781/321 4883/10298/321 4885/7782/321
f 4891/7784/2 4893/10662/2 4892/7785/2
f 4897/7786/3 4895/10663/3 4894/7787/3
f 4682/7789/408 4686/10664/408 4688/7790/408
f 4894/7792/12 4895/10665/12 4891/7793/12
f 4896/7794/409 4894/10666/409 4890/4515/409
f 4893/7796/1 4891/10667/1 4895/7797/1
f 4898/7799/2 4899/10668/2 4901/7800/2
f 4905/7802/3 4903/10669/3 4902/7803/3
f 4903/7805/12 4899/10670/12 4898/7806/12
f 4907/7808/2 4909/10671/2 4908/6370/2
f 4913/7810/3 4911/10672/3 4910/7811/3
f 4901/7812/410 4899/10673/410 4903/7813/410
f 4910/7815/12 4911/10674/12 4907/7816/12
f 4912/7818/411 4910/10675/411 4906/2030/411
f 4913/7820/412 4909/10676/412 4907/7821/412
f 4914/7823/2 4915/10677/2 4917/7824/2
f 4920/7826/3 4921/6457/3 4919/7827/3
f 4919/7829/12 4915/10678/12 4914/7830/12
f 4917/7832/413 4915/10679/413 4919/7833/413
f 4923/7835/2 4925/10680/2 4924/7836/2
f 4928/7838/3 4929/10681/3 4927/7839/3
f 4926/7841/12 4927/10682/12 4923/7842/12
f 4924/7844/414 4928/6780/414 4926/7845/414
f 4925/7844/415 4923/7846/415 4927/7847/415
f 4931/7849/2 4933/10683/2 4932/7850/2
f 4937/7852/3 4935/10684/3 4934/7853/3
f 4935/7855/12 4931/10685/12 4930/7856/12
f 4939/7857/2 4941/10686/2 4940/7858/2
f 4944/7860/3 4945/10687/3 4943/7861/3
f 4937/7863/416 4933/10688/416 4931/7864/416
f 4943/7866/12 4939/10689/12 4938/7867/12
f 4940/7869/395 4944/10690/395 4942/7870/395
f 4945/7872/404 4941/10691/404 4939/7300/404
f 4947/7873/2 4949/10692/2 4948/7874/2
f 4952/7876/3 4953/10693/3 4951/7877/3
f 4951/7879/12 4947/10694/12 4946/7880/12
f 4955/7244/2 4957/10695/2 4956/7882/2
f 4961/7884/3 4959/7653/3 4958/7885/3
f 4953/7887/408 4949/10696/408 4947/7888/408
f 4958/7889/12 4959/10697/12 4955/7890/12
f 4960/7892/409 4958/10698/409 4954/7893/409
f 4957/7894/1 4955/10526/1 4959/3140/1
f 4962/7896/2 4963/10699/2 4965/7897/2
f 4969/7899/3 4967/10700/3 4966/7900/3
f 4967/7902/12 4963/6864/12 4962/7698/12
f 4965/7571/410 4963/10701/410 4967/7904/410
f 4971/7906/2 4973/10702/2 4972/7907/2
f 4976/7909/3 4977/10703/3 4975/7910/3
f 4974/6849/12 4975/10704/12 4971/7912/12
f 4972/7914/417 4976/10705/417 4974/7915/417
f 4973/7917/418 4971/10706/418 4975/7347/418
f 4979/7919/2 4981/10707/2 4980/7920/2
f 4985/7922/3 4983/10708/3 4982/7923/3
f 4983/7925/12 4979/10709/12 4978/7926/12
f 4987/7927/2 4989/10710/2 4988/7928/2
f 4992/7930/3 4993/10711/3 4991/7931/3
f 4985/7933/419 4981/10712/419 4979/7934/419
f 4991/7711/12 4987/10713/12 4986/7936/12
f 4988/7178/395 4992/10714/395 4990/7938/395
f 4993/7940/404 4989/10715/404 4987/6380/404
f 4995/7941/2 4997/10483/2 4996/7942/2
f 5000/7944/3 5001/10716/3 4999/7945/3
f 4999/7947/12 4995/10717/12 4994/7105/12
f 5003/6349/2 5005/10718/2 5004/7949/2
f 5009/7951/3 5007/6367/3 5006/7952/3
f 5001/2404/408 4997/10719/408 4995/7954/408
f 5006/7956/12 5007/10720/12 5003/7957/12
f 5008/7959/409 5006/10721/409 5002/3341/409
f 5005/7961/1 5003/10722/1 5007/7207/1
f 5010/7963/2 5011/10723/2 5013/7964/2
f 5017/7966/3 5015/10724/3 5014/6761/3
f 5015/7968/12 5011/10725/12 5010/7713/12
f 5019/7970/2 5021/10726/2 5020/7656/2
f 5025/7972/3 5023/10727/3 5022/7973/3
f 5013/7975/410 5011/10728/410 5015/7976/410
f 5022/7978/12 5023/7593/12 5019/7979/12
f 5024/7981/420 5022/10729/420 5018/7782/420
f 5025/7983/421 5021/10730/421 5019/7984/421
f 5026/7986/2 5027/10731/2 5029/7987/2
f 5032/7989/3 5033/10732/3 5031/7990/3
f 5031/7991/12 5027/10733/12 5026/7992/12
f 5029/7994/422 5027/10734/422 5031/7995/422
f 5035/7997/12 5039/10735/12 5047/7998/12
f 5038/8000/98 5039/10736/98 5035/8001/98
f 5037/8003/2 5041/10737/2 5038/8000/2
f 5040/8004/97 5041/10738/97 5037/8005/97
f 5046/8007/1 5048/8025/1 5043/8008/1
f 5035/8009/1 5043/8008/1 5042/8010/1
f 5034/8011/1 5042/8010/1 5045/8012/1
f 5045/8012/1 5044/8047/1 5036/8014/1
f 5052/8015/3 5053/8018/3 5051/8016/3
f 5053/8018/3 5057/10739/3 5056/8019/3
f 5047/7998/12 5052/10740/12 5050/8020/12
f 5049/8021/4 5053/8029/4 5052/8022/4
f 5051/8023/1 5056/10741/1 5054/8024/1
f 5046/8007/1 5050/10742/1 5051/8023/1
f 5054/8026/5 5056/10743/5 5057/8027/5
f 5049/8021/4 5055/10744/4 5057/8028/4
f 5048/2513/2 5054/10745/2 5055/8030/2
f 5062/8032/12 5063/8521/12 5059/8033/12
f 5064/8035/3 5065/10746/3 5063/8036/3
f 5063/8038/1 5065/10747/1 5061/8039/1
f 5065/8041/5 5064/10748/5 5060/8042/5
f 5064/8044/4 5062/10749/4 5058/8045/4
f 5044/8047/1 5068/10750/1 5066/8048/1
f 5066/8049/5 5067/10751/5 5040/8004/5
f 5070/8050/2 5072/8522/2 5071/8051/2
f 5070/8053/1 5317/10752/1 5319/8054/1
f 5069/8056/12 5316/10753/12 5317/8057/12
f 5071/8059/4 5318/10754/4 5316/8060/4
f 5072/8062/5 5319/10753/5 5318/8063/5
f 5087/8065/12 5075/10755/12 5076/8066/12
f 5073/8068/1 5075/8545/1 5087/8069/1
f 5078/8071/5 5077/10756/5 5089/8072/5
f 5076/8074/2 5075/10757/2 5073/8075/2
f 5091/8077/12 5079/10758/12 5080/8078/12
f 5077/8080/1 5079/10758/1 5091/8077/1
f 5082/8082/5 5081/8563/5 5093/8083/5
f 5078/8085/2 5080/10759/2 5079/8086/2
f 5096/8088/12 5095/10760/12 5083/8089/12
f 5081/8091/1 5083/10761/1 5095/8092/1
f 5082/8094/2 5084/10762/2 5083/8095/2
f 5085/8097/266 5087/10763/266 5088/8098/266
f 5090/8100/3 5089/8562/3 5091/8101/3
f 5094/8103/3 5093/10764/3 5095/8104/3
f 5074/8106/5 5073/10765/5 5085/8107/5
f 5098/8109/12 5101/10766/12 5102/8110/12
f 5102/8110/12 5101/10766/12 5100/8112/12
f 5105/8114/5 5103/10767/5 5104/8115/5
f 5107/8117/5 5103/10767/5 5105/8114/5
f 5099/8119/4 5108/10768/4 5105/8120/4
f 5102/8121/4 5105/8120/4 5106/8122/4
f 5100/8124/2 5107/10769/2 5108/8125/2
f 5101/8127/1 5103/8134/1 5107/8128/1
f 5097/8130/3 5106/4686/3 5104/8131/3
f 5098/8133/1 5104/10770/1 5103/8134/1
f 5114/8135/12 5115/10771/12 5111/8136/12
f 5113/8138/12 5121/8165/12 5120/8139/12
f 5113/8138/12 5119/10772/12 5161/8141/12
f 5116/8143/12 5117/10773/12 5112/8144/12
f 5124/8145/2 5125/10774/2 5117/8146/2
f 5111/8136/12 5115/10771/12 5157/8148/12
f 5120/8150/1 5128/10775/1 5170/8151/1
f 5126/8153/2 5127/10776/2 5119/8154/2
f 5112/8144/12 5154/8167/12 5160/8156/12
f 5119/8158/1 5127/10777/1 5169/8159/1
f 5117/8161/1 5125/10778/1 5167/8162/1
f 5118/8157/12 5119/10772/12 5113/8138/12
f 5113/8138/12 5155/8142/12 5163/8164/12
f 5112/8144/12 5117/10773/12 5159/8166/12
f 5111/8136/12 5153/8149/12 5158/8168/12
f 5114/8169/4 5156/10779/4 5164/8170/4
f 5134/8172/12 5126/8180/12 5168/8173/12
f 5123/8175/12 5131/10780/12 5173/8176/12
f 5130/8178/12 5131/10780/12 5123/8175/12
f 5126/8180/12 5134/8172/12 5135/8181/12
f 5129/8183/2 5128/10781/2 5120/8184/2
f 5110/8137/12 5152/8279/12 5156/8186/12
f 5121/8187/4 5163/10782/4 5171/8188/4
f 5118/8190/4 5160/10783/4 5168/8191/4
f 5122/8193/2 5123/10784/2 5115/8155/2
f 5116/8195/4 5158/8812/4 5166/8196/4
f 5115/8198/1 5123/10785/1 5165/8199/1
f 5169/8201/12 5127/8182/12 5135/8181/12
f 5136/8203/1 5144/10786/1 5186/8204/1
f 5134/8206/4 5176/10787/4 5184/8207/4
f 5131/8209/1 5139/10788/1 5181/8210/1
f 5138/8212/2 5139/10789/2 5131/8213/2
f 5128/8215/12 5136/10790/12 5178/8216/12
f 5132/8218/12 5133/8222/12 5125/8219/12
f 5167/8221/12 5125/8219/12 5133/8222/12
f 5124/8220/12 5166/8297/12 5174/8224/12
f 5137/8225/12 5136/10790/12 5128/8215/12
f 5122/8179/12 5164/8287/12 5172/8227/12
f 5129/8226/12 5171/8298/12 5179/8228/12
f 5138/8229/12 5180/4462/12 5181/8230/12
f 5140/8232/12 5182/10791/12 5183/8233/12
f 5142/8235/12 5184/10792/12 5185/8236/12
f 5144/8238/12 5145/10793/12 5187/8239/12
f 5135/8241/1 5143/10794/1 5185/8242/1
f 5140/8244/2 5141/10795/2 5133/8245/2
f 5133/8247/1 5141/10796/1 5183/8248/1
f 5132/8250/4 5174/8699/4 5182/8251/4
f 5145/8253/2 5144/8857/2 5136/8254/2
f 5130/8256/4 5172/10797/4 5180/8257/4
f 5137/8259/4 5179/10798/4 5187/8260/4
f 5110/8262/1 5147/10799/1 5189/8263/1
f 5142/8265/2 5143/8244/2 5135/8246/2
f 5146/8267/3 5150/8270/3 5113/8268/3
f 5150/8270/3 5149/8278/3 5112/8271/3
f 5148/8272/3 5147/10800/3 5110/8273/3
f 5109/8275/4 5151/10801/4 5188/8276/4
f 5149/8278/3 5148/8272/3 5111/8274/3
f 5153/8149/12 5157/8148/12 5156/8186/12
f 5155/8142/12 5151/8317/12 5162/8280/12
f 5154/8167/12 5159/8166/12 5158/8168/12
f 5159/8281/3 5167/8380/3 5166/8282/3
f 5161/8284/3 5169/8463/3 5168/8285/3
f 5155/8142/12 5161/8141/12 5160/8156/12
f 5165/8177/12 5173/8176/12 5172/8227/12
f 5168/8173/12 5169/8201/12 5177/8202/12
f 5162/8288/3 5170/8803/3 5171/8289/3
f 5157/8291/3 5165/10802/3 5164/8292/3
f 5173/8294/3 5181/8710/3 5180/8295/3
f 5167/8221/12 5175/8223/12 5174/8224/12
f 5170/8217/12 5178/8216/12 5179/8228/12
f 5175/8299/3 5183/10803/3 5182/8300/3
f 5178/8302/3 5186/10804/3 5187/8303/3
f 5177/8305/3 5185/10805/3 5184/8306/3
f 5155/8308/2 5192/8312/2 5188/8309/2
f 5154/8311/2 5191/8316/2 5192/8312/2
f 5152/8313/2 5189/10806/2 5190/8314/2
f 5153/8315/2 5190/8314/2 5191/8316/2
f 5109/8140/12 5120/8139/12 5162/8280/12
f 5198/8318/12 5199/8328/12 5195/8149/12
f 5197/8142/12 5205/8345/12 5204/8319/12
f 5239/8320/12 5197/8142/12 5203/8321/12
f 5200/8323/12 5201/8347/12 5196/8167/12
f 5208/8324/2 5209/10807/2 5201/8325/2
f 5237/8327/12 5195/8149/12 5199/8328/12
f 5204/8330/1 5212/10808/1 5254/8331/1
f 5210/8333/2 5211/8627/2 5203/8334/2
f 5202/8336/12 5196/8167/12 5238/8337/12
f 5203/8339/1 5211/10809/1 5253/8340/1
f 5201/8342/1 5209/10810/1 5251/8343/1
f 5202/8336/12 5203/8321/12 5197/8142/12
f 5205/8345/12 5197/8142/12 5239/8320/12
f 5238/8337/12 5196/8167/12 5201/8347/12
f 5200/8323/12 5195/8149/12 5237/8327/12
f 5198/8350/4 5240/10811/4 5248/8351/4
f 5210/8353/12 5252/8459/12 5260/8354/12
f 5207/8356/12 5215/10812/12 5257/8357/12
f 5214/8359/12 5215/10812/12 5207/8356/12
f 5210/8353/12 5218/8355/12 5219/8361/12
f 5213/8363/2 5212/10813/2 5204/8364/2
f 5198/8318/12 5194/8279/12 5236/8366/12
f 5205/8368/4 5247/8885/4 5255/8369/4
f 5202/8371/4 5244/10814/4 5252/8372/4
f 5206/8374/2 5207/10815/2 5199/8375/2
f 5200/8377/4 5242/10816/4 5250/8378/4
f 5199/8379/1 5207/10817/1 5249/8380/1
f 5211/8362/12 5219/8361/12 5261/8382/12
f 5220/8384/1 5228/10818/1 5270/8385/1
f 5218/8387/4 5260/8391/4 5268/8388/4
f 5215/8390/1 5223/8393/1 5265/8388/1
f 5222/8392/2 5223/10819/2 5215/8214/2
f 5254/8393/12 5212/8402/12 5220/8394/12
f 5216/8396/12 5217/10820/12 5209/8397/12
f 5209/8397/12 5217/10820/12 5259/8398/12
f 5208/8287/12 5250/8469/12 5258/8400/12
f 5221/8401/12 5220/8394/12 5212/8402/12
f 5206/8360/12 5248/8458/12 5256/8404/12
f 5221/8401/12 5213/8403/12 5255/8309/12
f 5222/8406/12 5264/10821/12 5265/8407/12
f 5224/8409/12 5266/8238/12 5267/8410/12
f 5226/8412/12 5268/10822/12 5269/8413/12
f 5229/8415/12 5271/10823/12 5270/8416/12
f 5219/8418/1 5227/10824/1 5269/8419/1
f 5224/8421/2 5225/8819/2 5217/8422/2
f 5217/8424/1 5225/10825/1 5267/8425/1
f 5216/8427/4 5258/10826/4 5266/8428/4
f 5229/8430/2 5228/10827/2 5220/8431/2
f 5214/8291/4 5256/10828/4 5264/8433/4
f 5221/8252/4 5263/10829/4 5271/8435/4
f 5194/8436/1 5231/10830/1 5273/8437/1
f 5226/8439/2 5227/10786/2 5219/8203/2
f 5230/8441/3 5234/8443/3 5197/8442/3
f 5234/8443/3 5233/8450/3 5196/8444/3
f 5232/8445/3 5231/10831/3 5194/8269/3
f 5193/8447/4 5235/10832/4 5272/8448/4
f 5233/8450/3 5232/8445/3 5195/8446/3
f 5237/8327/12 5241/8329/12 5240/8367/12
f 5235/8451/12 5246/8484/12 5247/8346/12
f 5238/8337/12 5243/8348/12 5242/8349/12
f 5243/8452/3 5251/10833/3 5250/8453/3
f 5245/8455/3 5253/10834/3 5252/8456/3
f 5239/8320/12 5245/8322/12 5244/8338/12
f 5249/8358/12 5257/8357/12 5256/8404/12
f 5252/8459/12 5253/8383/12 5261/8382/12
f 5246/8460/3 5254/10835/3 5255/8461/3
f 5241/8463/3 5249/8284/3 5248/8464/3
f 5257/8466/3 5265/8821/3 5264/8467/3
f 5251/8399/12 5259/8398/12 5258/8400/12
f 5254/8393/12 5262/8395/12 5263/8405/12
f 5259/8470/3 5267/8719/3 5266/8471/3
f 5262/8473/3 5270/10836/3 5271/8474/3
f 5261/8475/3 5269/8474/3 5268/8476/3
f 5239/8478/2 5276/8443/2 5272/8441/2
f 5238/8480/2 5275/8450/2 5276/8443/2
f 5236/8481/2 5273/10837/2 5274/8482/2
f 5237/8483/2 5274/8482/2 5275/8450/2
f 5235/8451/12 5193/8317/12 5204/8319/12
f 5290/8485/12 5282/8020/12 5278/8486/12
f 5278/8488/133 5282/10838/133 5281/8489/133
f 5281/8489/3 5284/10839/3 5280/8491/3
f 5280/8492/132 5284/10840/132 5283/8493/132
f 5289/8495/1 5278/8498/1 5286/8496/1
f 5278/8498/1 5277/8501/1 5285/8499/1
f 5280/8500/1 5288/8502/1 5285/8499/1
f 5279/8014/1 5287/8534/1 5288/8502/1
f 5294/8503/2 5296/8507/2 5295/8504/2
f 5299/8506/2 5300/10841/2 5296/8507/2
f 5293/8508/12 5295/7997/12 5290/8485/12
f 5295/8509/4 5296/8517/4 5292/8510/4
f 5297/8512/1 5299/10842/1 5294/8513/1
f 5294/8513/1 5293/10843/1 5289/8495/1
f 5300/8514/5 5299/10844/5 5297/8515/5
f 5300/8516/4 5298/10845/4 5292/8510/4
f 5298/8030/3 5297/10846/3 5291/8518/3
f 5302/8520/12 5306/10847/12 5305/8033/12
f 5306/8522/2 5308/8050/2 5307/8523/2
f 5304/8525/1 5308/10848/1 5306/8526/1
f 5303/8042/5 5307/10748/5 5308/8528/5
f 5301/8530/4 5305/10849/4 5307/8531/4
f 5309/8533/1 5311/10850/1 5287/8534/1
f 5283/8493/5 5310/10851/5 5309/8535/5
f 5314/8055/3 5315/10852/3 5313/8536/3
f 5319/8054/1 5317/10752/1 5313/8040/1
f 5317/8057/12 5316/10753/12 5312/8537/12
f 5316/8060/4 5318/10754/4 5314/8539/4
f 5318/8063/5 5319/10753/5 5315/8540/5
f 5323/8541/12 5322/8067/12 5334/8542/12
f 5334/8541/1 5322/8543/1 5320/8544/1
f 5336/8546/5 5324/10853/5 5325/8547/5
f 5320/8549/3 5322/10854/3 5323/8550/3
f 5327/8552/12 5326/10855/12 5338/8553/12
f 5338/8555/1 5326/8108/1 5324/8556/1
f 5340/8558/5 5328/8084/5 5329/8559/5
f 5325/8561/3 5324/10856/3 5326/8562/3
f 5331/8563/12 5330/10857/12 5342/8564/12
f 5342/8565/1 5330/8070/1 5328/8566/1
f 5329/8568/3 5328/10858/3 5330/8569/3
f 5335/8098/267 5334/10763/267 5332/8571/267
f 5337/8573/2 5339/10859/2 5338/8574/2
f 5341/8576/2 5343/10860/2 5342/8577/2
f 5332/8579/5 5320/10861/5 5321/8580/5
f 5349/8110/12 5348/10862/12 5345/8582/12
f 5347/8583/12 5348/10862/12 5349/8110/12
f 5351/8582/5 5350/10862/5 5352/8584/5
f 5352/8584/5 5350/10862/5 5354/8583/5
f 5352/8121/4 5355/8123/4 5346/8587/4
f 5353/8119/4 5352/8121/4 5349/8588/4
f 5355/8590/3 5354/10863/3 5347/8591/3
f 5354/8592/1 5350/8598/1 5348/8593/1
f 5351/8595/2 5353/10864/2 5344/8596/2
f 5350/8598/1 5351/10865/1 5345/8599/1
f 5358/8600/12 5362/10866/12 5361/8601/12
f 5360/8603/12 5356/8764/12 5367/8604/12
f 5408/8606/12 5366/10867/12 5360/8603/12
f 5359/8608/12 5364/10868/12 5363/8609/12
f 5364/8610/3 5372/10869/3 5371/8611/3
f 5404/8613/12 5362/10866/12 5358/8600/12
f 5417/8615/1 5375/10870/1 5367/8616/1
f 5366/8618/3 5374/10871/3 5373/8619/3
f 5407/8621/12 5401/8631/12 5359/8608/12
f 5416/8623/1 5374/10872/1 5366/8624/1
f 5414/8626/1 5372/8334/1 5364/8627/1
f 5360/8603/12 5366/10867/12 5365/8622/12
f 5410/8629/12 5402/8607/12 5360/8603/12
f 5406/8630/12 5364/10868/12 5359/8608/12
f 5405/8632/12 5400/8614/12 5358/8600/12
f 5411/8633/4 5403/10873/4 5361/8634/4
f 5381/8636/12 5423/10874/12 5415/8637/12
f 5420/8639/12 5378/10875/12 5370/8640/12
f 5370/8640/12 5378/10875/12 5377/8642/12
f 5373/8638/12 5374/8458/12 5382/8644/12
f 5367/8645/3 5375/8675/3 5376/8646/3
f 5403/8648/12 5399/8140/12 5357/8602/12
f 5418/8649/4 5410/10876/4 5368/8650/4
f 5415/8160/4 5407/8159/4 5365/8652/4
f 5362/8654/3 5370/10877/3 5369/8655/3
f 5413/8657/4 5405/8189/4 5363/8188/4
f 5412/8659/1 5370/10878/1 5362/8660/1
f 5416/8662/12 5424/8739/12 5382/8644/12
f 5433/8663/1 5391/8784/1 5383/8664/1
f 5431/8666/4 5423/10879/4 5381/8667/4
f 5428/8669/1 5386/10880/1 5378/8670/1
f 5378/8477/3 5386/8476/3 5385/8672/3
f 5425/8674/12 5383/10881/12 5375/8675/12
f 5372/8677/12 5380/8681/12 5379/8678/12
f 5414/8680/12 5422/10882/12 5380/8681/12
f 5379/8678/12 5421/8749/12 5413/8682/12
f 5375/8675/12 5383/10881/12 5384/8683/12
f 5419/8685/12 5411/8738/12 5369/8643/12
f 5426/8686/12 5418/8750/12 5376/8684/12
f 5428/8687/12 5427/10883/12 5385/8688/12
f 5430/8690/12 5429/10884/12 5387/8691/12
f 5432/8693/12 5431/10885/12 5389/8694/12
f 5391/8696/12 5433/10886/12 5434/8697/12
f 5432/8699/1 5390/10785/1 5382/8700/1
f 5380/8701/3 5388/8684/3 5387/8702/3
f 5430/8704/1 5388/10887/1 5380/8705/1
f 5429/8704/4 5421/8706/4 5379/8707/4
f 5383/8709/3 5391/10888/3 5392/8710/3
f 5427/8711/4 5419/8847/4 5377/8712/4
f 5434/8714/4 5426/10889/4 5384/8715/4
f 5436/8449/1 5394/10890/1 5357/8717/1
f 5382/8718/3 5390/10891/3 5389/8719/3
f 5360/8720/2 5397/8724/2 5393/8721/2
f 5359/8723/2 5396/8731/2 5397/8724/2
f 5357/8725/2 5394/10892/2 5395/8726/2
f 5435/8728/4 5398/10893/4 5356/8729/4
f 5358/8727/2 5395/8726/2 5396/8731/2
f 5403/8648/12 5404/8613/12 5400/8614/12
f 5402/8607/12 5410/8629/12 5409/8732/12
f 5405/8632/12 5406/8630/12 5401/8631/12
f 5413/8733/2 5414/10894/2 5406/8734/2
f 5415/8736/2 5416/10809/2 5408/8339/2
f 5407/8621/12 5408/8606/12 5402/8607/12
f 5419/8685/12 5420/8639/12 5412/8641/12
f 5415/8637/12 5423/10874/12 5424/8739/12
f 5418/8740/2 5417/10895/2 5409/8741/2
f 5411/8743/2 5412/10896/2 5404/8744/2
f 5427/8746/2 5428/8212/2 5420/8747/2
f 5421/8749/12 5422/10882/12 5414/8680/12
f 5426/8686/12 5425/8674/12 5417/8676/12
f 5429/8751/2 5430/8211/2 5422/8210/2
f 5434/8303/2 5433/10805/2 5425/8305/2
f 5431/8753/2 5432/10897/2 5424/8754/2
f 5435/8756/3 5439/8759/3 5402/8757/3
f 5439/8759/3 5438/8763/3 5401/8760/3
f 5437/8761/3 5436/10898/3 5399/8721/3
f 5438/8763/3 5437/8761/3 5400/8762/3
f 5409/8732/12 5367/8604/12 5356/8764/12
f 5442/8765/12 5446/8777/12 5445/8766/12
f 5444/8768/12 5440/8917/12 5451/8769/12
f 5486/8603/12 5492/10899/12 5450/8771/12
f 5443/8772/12 5448/8789/12 5447/8773/12
f 5448/8774/3 5456/8652/3 5455/8775/3
f 5484/8600/12 5488/10900/12 5446/8777/12
f 5501/8778/1 5459/10901/1 5451/8779/1
f 5450/8781/3 5458/10902/3 5457/8656/3
f 5449/8783/12 5491/8887/12 5485/8608/12
f 5500/8784/1 5458/10785/1 5450/8198/1
f 5498/8786/1 5456/10903/1 5448/8787/1
f 5444/8768/12 5450/8771/12 5449/8783/12
f 5452/8770/12 5494/8880/12 5486/8603/12
f 5485/8608/12 5490/10904/12 5448/8789/12
f 5447/8773/12 5489/8881/12 5484/8600/12
f 5495/8790/4 5487/10905/4 5445/8791/4
f 5507/8793/12 5499/8714/12 5457/8794/12
f 5504/8796/12 5462/10906/12 5454/8797/12
f 5454/8797/12 5462/10906/12 5461/8799/12
f 5457/8794/12 5458/8814/12 5466/8801/12
f 5451/8802/3 5459/10907/3 5460/8803/3
f 5445/8766/12 5487/8879/12 5483/8602/12
f 5502/8804/4 5494/10908/4 5452/8805/4
f 5499/8616/4 5491/10870/4 5449/8245/4
f 5446/8808/3 5454/10909/3 5453/8809/3
f 5497/8811/4 5489/10910/4 5447/8196/4
f 5496/8285/1 5454/8200/1 5446/8199/1
f 5500/8813/12 5508/8889/12 5466/8801/12
f 5517/8255/1 5475/8820/1 5467/8815/1
f 5515/8816/4 5507/10911/4 5465/8817/4
f 5512/8819/1 5470/8815/1 5462/8820/1
f 5462/8821/3 5470/10912/3 5469/8822/3
f 5501/8823/12 5509/10913/12 5467/8824/12
f 5456/8826/12 5464/10914/12 5463/8827/12
f 5506/8829/12 5464/10914/12 5456/8826/12
f 5463/8827/12 5505/8899/12 5497/8831/12
f 5459/8825/12 5467/8824/12 5468/8832/12
f 5503/8833/12 5495/8888/12 5453/8800/12
f 5468/8832/12 5510/8900/12 5502/8834/12
f 5512/5831/12 5511/10915/12 5469/8835/12
f 5514/8837/12 5513/10916/12 5471/8838/12
f 5516/8840/12 5515/10917/12 5473/2064/12
f 5517/8842/12 5518/10918/12 5476/8843/12
f 5516/8845/1 5474/10919/1 5466/8846/1
f 5464/8847/3 5472/8711/3 5471/8848/3
f 5514/8850/1 5472/10920/1 5464/8851/1
f 5513/8853/4 5505/10921/4 5463/8854/4
f 5467/8856/3 5475/10922/3 5476/8254/3
f 5511/8260/4 5503/10798/4 5461/8858/4
f 5518/8860/4 5510/10923/4 5468/8861/4
f 5520/8863/1 5478/10924/1 5441/8864/1
f 5466/8307/3 5474/8306/3 5473/8866/3
f 5444/8868/2 5481/8871/2 5477/8869/2
f 5443/8870/2 5480/8878/2 5481/8871/2
f 5441/8872/2 5478/10925/2 5479/8873/2
f 5519/8875/4 5482/10926/4 5440/8876/4
f 5442/8874/2 5479/8873/2 5480/8878/2
f 5487/8879/12 5488/10900/12 5484/8600/12
f 5494/8880/12 5493/10927/12 5482/8764/12
f 5489/8881/12 5490/10904/12 5485/8608/12
f 5497/8882/2 5498/8152/2 5490/8151/2
f 5499/8884/2 5500/8369/2 5492/8885/2
f 5491/8887/12 5492/10899/12 5486/8603/12
f 5503/8833/12 5504/8796/12 5496/8798/12
f 5499/8714/12 5507/8793/12 5508/8889/12
f 5502/8890/2 5501/10928/2 5493/8891/2
f 5495/8893/2 5496/10929/2 5488/8894/2
f 5511/8896/2 5512/10930/2 5504/8897/2
f 5505/8899/12 5506/8829/12 5498/8830/12
f 5510/8900/12 5509/10913/12 5501/8823/12
f 5513/8901/2 5514/10931/2 5506/8860/2
f 5518/8903/2 5517/10932/2 5509/8904/2
f 5515/8906/2 5516/10933/2 5508/8907/2
f 5519/8909/3 5523/8912/3 5486/8910/3
f 5523/8912/3 5522/8916/3 5485/8913/3
f 5521/8914/3 5520/10799/3 5483/8262/3
f 5522/8916/3 5521/8914/3 5484/8915/3
f 5482/8764/12 5493/10927/12 5451/8769/12
f 5534/8918/1 5530/10934/1 5525/8919/1
f 5535/8921/1 5531/10935/1 5524/8922/1
f 5529/8924/1 5535/8921/1 5533/8923/1
f 5527/8926/1 5532/8920/1 5535/8921/1
f 5528/8927/1 5534/8918/1 5532/8920/1
