# Blender 5.1.0
# www.blender.org
mtllib TwoStoryRoof.mtl
o 2Story_GableRoof
v 1.016168 0.854719 1.009521
v 1.016168 0.995000 1.009521
v 0.875887 0.854719 1.009521
v 0.875887 0.995000 1.009521
v 1.016168 0.854719 0.764012
v 1.016168 0.995000 0.764012
v 0.875887 0.854719 0.764012
v 0.875887 0.995000 0.764012
v 0.769726 1.531544 1.006537
v 0.769726 1.671826 1.006537
v 0.769726 1.531544 0.866255
v 0.769726 1.671826 0.866255
v 1.015235 1.531544 1.006537
v 1.015235 1.671826 1.006537
v 1.015235 1.531544 0.866255
v 1.015235 1.671826 0.866255
v 1.016168 1.055806 0.529003
v 1.016168 1.196087 0.529003
v 0.875887 1.055806 0.529003
v 0.875887 1.196087 0.529003
v 1.016168 1.055806 0.283494
v 1.016168 1.196087 0.283494
v 0.875887 1.055806 0.283494
v 0.875887 1.196087 0.283494
v 1.016168 1.773966 -0.140260
v 1.016168 1.914248 -0.140260
v 0.875887 1.773966 -0.140260
v 0.875887 1.914248 -0.140260
v 1.016168 1.773966 -0.351058
v 1.016168 1.914248 -0.351058
v 0.875887 1.773966 -0.351058
v 0.875887 1.914248 -0.351058
v 1.016168 1.931041 -0.010268
v 1.016168 2.071322 -0.010268
v 0.875887 1.931041 -0.010268
v 0.875887 2.071322 -0.010268
v 1.016168 1.931041 -0.255777
v 1.016168 2.071322 -0.255777
v 0.875887 1.931041 -0.255777
v 0.875887 2.071322 -0.255777
v 1.016168 1.934290 0.860034
v 1.016168 2.074572 0.860034
v 0.875887 1.934290 0.860034
v 0.875887 2.074572 0.860034
v 1.016168 1.934290 0.614525
v 1.016168 2.074572 0.614525
v 0.875887 1.934290 0.614525
v 0.875887 2.074572 0.614525
v 1.016168 0.515269 0.117730
v 1.016168 0.655551 0.117730
v 0.875887 0.515269 0.117730
v 0.875887 0.655551 0.117730
v 1.016168 0.515269 -0.127779
v 1.016168 0.655551 -0.127779
v 0.875887 0.515269 -0.127779
v 0.875887 0.655551 -0.127779
v 1.016168 1.252479 -0.508140
v 1.016168 1.392760 -0.508140
v 0.875887 1.252479 -0.508140
v 0.875887 1.392760 -0.508140
v 1.016168 1.252479 -0.753649
v 1.016168 1.392760 -0.753649
v 0.875887 1.252479 -0.753649
v 0.875887 1.392760 -0.753649
v 1.016168 2.089735 1.009521
v 1.016168 2.230016 1.009521
v 0.875887 2.089735 1.009521
v 0.875887 2.230016 1.009521
v 1.016168 2.089735 0.764012
v 1.016168 2.230016 0.764012
v 0.875887 2.089735 0.764012
v 0.875887 2.230016 0.764012
v 1.016168 2.095698 -0.140260
v 1.016168 2.235980 -0.140260
v 0.875887 2.095698 -0.140260
v 0.875887 2.235980 -0.140260
v 1.016168 2.095698 -0.385769
v 1.016168 2.235980 -0.385769
v 0.875887 2.095698 -0.385769
v 0.875887 2.235980 -0.385769
v 1.009521 0.621906 -1.016168
v 1.009521 0.762187 -1.016168
v 1.009521 0.621906 -0.875887
v 1.009521 0.762187 -0.875887
v 0.764012 0.621906 -1.016168
v 0.764012 0.762187 -1.016168
v 0.764012 0.621906 -0.875887
v 0.764012 0.762187 -0.875887
v 1.006537 0.778116 -0.769726
v 1.006537 0.918397 -0.769726
v 0.866255 0.778116 -0.769726
v 0.866255 0.918397 -0.769726
v 1.006537 0.778116 -1.015235
v 1.006537 0.918397 -1.015235
v 0.866255 0.778116 -1.015235
v 0.866255 0.918397 -1.015235
v 0.565455 0.969009 -1.016168
v 0.565455 1.109291 -1.016168
v 0.565455 0.969009 -0.875887
v 0.565455 1.109291 -0.875887
v 0.319946 0.969009 -1.016168
v 0.319946 1.109291 -1.016168
v 0.319946 0.969009 -0.875887
v 0.319946 1.109291 -0.875887
v -0.599135 1.150001 -1.016168
v -0.599135 1.290282 -1.016168
v -0.599135 1.150001 -0.875887
v -0.599135 1.290282 -0.875887
v -0.844644 1.150001 -1.016168
v -0.844644 1.290282 -1.016168
v -0.844644 1.150001 -0.875887
v -0.844644 1.290282 -0.875887
v 0.543460 2.146921 -0.875887
v 0.543460 2.006640 -0.875887
v 0.543460 2.146921 -1.016168
v 0.543460 2.006640 -1.016168
v 0.788970 2.146921 -0.875887
v 0.788970 2.006640 -0.875887
v 0.788970 2.146921 -1.016168
v 0.788970 2.006640 -1.016168
v -0.231905 2.009036 -1.016168
v -0.231905 2.149318 -1.016168
v -0.231905 2.009036 -0.875887
v -0.231905 2.149318 -0.875887
v -0.477414 2.009036 -1.016168
v -0.477414 2.149318 -1.016168
v -0.477414 2.009036 -0.875887
v -0.477414 2.149318 -0.875887
v -0.404146 2.181277 -1.016168
v -0.404146 2.321558 -1.016168
v -0.404146 2.181277 -0.875887
v -0.404146 2.321558 -0.875887
v -0.649655 2.181277 -1.016168
v -0.649655 2.321558 -1.016168
v -0.649655 2.181277 -0.875887
v -0.649655 2.321558 -0.875887
v -0.508140 2.009036 -1.016168
v -0.508140 2.149318 -1.016168
v -0.508140 2.009036 -0.875887
v -0.508140 2.149318 -0.875887
v -0.753649 2.009036 -1.016168
v -0.753649 2.149318 -1.016168
v -0.753649 2.009036 -0.875887
v -0.753649 2.149318 -0.875887
v 1.009521 2.089735 -1.016168
v 1.009521 2.230016 -1.016168
v 1.009521 2.089735 -0.875887
v 1.009521 2.230016 -0.875887
v 0.764012 2.089735 -1.016168
v 0.764012 2.230016 -1.016168
v 0.764012 2.089735 -0.875887
v 0.764012 2.230016 -0.875887
v -1.016168 0.627979 -1.009521
v -1.016168 0.768260 -1.009521
v -0.875887 0.627979 -1.009521
v -0.875887 0.768260 -1.009521
v -1.016168 0.627979 -0.764012
v -1.016168 0.768260 -0.764012
v -0.875887 0.627979 -0.764012
v -0.875887 0.768260 -0.764012
v -0.769726 1.531544 -1.006537
v -0.769726 1.671826 -1.006537
v -0.769726 1.531544 -0.866255
v -0.769726 1.671826 -0.866255
v -1.015235 1.531544 -1.006537
v -1.015235 1.671826 -1.006537
v -1.015235 1.531544 -0.866255
v -1.015235 1.671826 -0.866255
v -1.016168 1.055806 -0.529003
v -1.016168 1.196087 -0.529003
v -0.875887 1.055806 -0.529003
v -0.875887 1.196087 -0.529003
v -1.016168 1.055806 -0.283494
v -1.016168 1.196087 -0.283494
v -0.875887 1.055806 -0.283494
v -0.875887 1.196087 -0.283494
v -1.016168 1.773966 0.140260
v -1.016168 1.914248 0.140260
v -0.875887 1.773966 0.140260
v -0.875887 1.914248 0.140260
v -1.016168 1.773966 0.351058
v -1.016168 1.914248 0.351058
v -0.875887 1.773966 0.351058
v -0.875887 1.914248 0.351058
v -1.016168 1.931041 0.010268
v -1.016168 2.071322 0.010268
v -0.875887 1.931041 0.010268
v -0.875887 2.071322 0.010268
v -1.016168 1.931041 0.255777
v -1.016168 2.071322 0.255777
v -0.875887 1.931041 0.255777
v -0.875887 2.071322 0.255777
v -1.016168 1.934290 -0.860034
v -1.016168 2.074572 -0.860034
v -0.875887 1.934290 -0.860034
v -0.875887 2.074572 -0.860034
v -1.016168 1.934290 -0.614525
v -1.016168 2.074572 -0.614525
v -0.875887 1.934290 -0.614525
v -0.875887 2.074572 -0.614525
v -1.016168 0.515269 -0.117730
v -1.016168 0.655551 -0.117730
v -0.875887 0.515269 -0.117730
v -0.875887 0.655551 -0.117730
v -1.016168 0.515269 0.127779
v -1.016168 0.655551 0.127779
v -0.875887 0.515269 0.127779
v -0.875887 0.655551 0.127779
v -1.016168 2.089735 -1.009521
v -1.016168 2.230016 -1.009521
v -0.875887 2.089735 -1.009521
v -0.875887 2.230016 -1.009521
v -1.016168 2.089735 -0.764012
v -1.016168 2.230016 -0.764012
v -0.875887 2.089735 -0.764012
v -0.875887 2.230016 -0.764012
v -1.016168 2.095698 0.140260
v -1.016168 2.235980 0.140260
v -0.875887 2.095698 0.140260
v -0.875887 2.235980 0.140260
v -1.016168 2.095698 0.385769
v -1.016168 2.235980 0.385769
v -0.875887 2.095698 0.385769
v -0.875887 2.235980 0.385769
v -1.009521 0.621906 1.016168
v -1.009521 0.762187 1.016168
v -1.009521 0.621906 0.875887
v -1.009521 0.762187 0.875887
v -0.764012 0.621906 1.016168
v -0.764012 0.762187 1.016168
v -0.764012 0.621906 0.875887
v -0.764012 0.762187 0.875887
v -1.006537 0.778116 0.769726
v -1.006537 0.918397 0.769726
v -0.866255 0.778116 0.769726
v -0.866255 0.918397 0.769726
v -1.006537 0.778116 1.015235
v -1.006537 0.918397 1.015235
v -0.866255 0.778116 1.015235
v -0.866255 0.918397 1.015235
v -0.565455 0.969009 1.016168
v -0.565455 1.109291 1.016168
v -0.565455 0.969009 0.875887
v -0.565455 1.109291 0.875887
v -0.319946 0.969009 1.016168
v -0.319946 1.109291 1.016168
v -0.319946 0.969009 0.875887
v -0.319946 1.109291 0.875887
v 0.469142 1.307076 1.016168
v 0.469142 1.447357 1.016168
v 0.469142 1.307076 0.875887
v 0.469142 1.447357 0.875887
v 0.714651 1.307076 1.016168
v 0.714651 1.447357 1.016168
v 0.714651 1.307076 0.875887
v 0.714651 1.447357 0.875887
v 0.404146 2.181277 1.016168
v 0.404146 2.321558 1.016168
v 0.404146 2.181277 0.875887
v 0.404146 2.321558 0.875887
v 0.649655 2.181277 1.016168
v 0.649655 2.321558 1.016168
v 0.649655 2.181277 0.875887
v 0.649655 2.321558 0.875887
v -1.009521 2.089735 1.016168
v -1.009521 2.230016 1.016168
v -1.009521 2.089735 0.875887
v -1.009521 2.230016 0.875887
v -0.764012 2.089735 1.016168
v -0.764012 2.230016 1.016168
v -0.764012 2.089735 0.875887
v -0.764012 2.230016 0.875887
v -1.079323 1.304356 1.031008
v -1.032942 1.304356 1.077302
v -1.032942 1.304356 -1.077302
v -1.079323 1.304356 -1.031008
v 1.079323 1.304356 -1.031008
v 1.032942 1.304356 -1.077302
v 1.032942 1.304356 1.077302
v 1.079323 1.304356 1.031008
v -1.079323 1.392152 1.031008
v -1.032942 1.392152 1.077302
v -1.032942 1.392152 -1.077302
v -1.079323 1.392152 -1.031008
v 1.079323 1.392152 -1.031008
v 1.032942 1.392152 -1.077302
v 1.032942 1.392152 1.077302
v 1.079323 1.392152 1.031008
v -0.981126 1.390403 0.937207
v -0.938965 1.390403 0.979289
v -0.938965 1.390403 -0.979289
v -0.981126 1.390403 -0.937207
v 0.981126 1.390403 -0.937207
v 0.938965 1.390403 -0.979289
v 0.938965 1.390403 0.979289
v 0.981126 1.390403 0.937207
v -0.975641 0.392432 1.019449
v -1.019449 0.392432 0.975641
v -1.019449 0.392432 -0.975641
v -0.975641 0.392432 -1.019449
v 1.019449 0.392432 0.975641
v 0.975641 0.392432 1.019449
v 0.975641 0.392432 -1.019449
v 1.019449 0.392432 -0.975641
v -0.975641 0.006575 1.019449
v -1.019449 0.006575 0.975641
v -1.019449 0.006575 -0.975641
v -0.975641 0.006575 -1.019449
v 1.019449 0.006575 0.975641
v 0.975641 0.006575 1.019449
v 0.975641 0.006575 -1.019449
v 1.019449 0.006575 -0.975641
v -0.922901 0.392432 0.964341
v -0.964341 0.392432 0.922901
v -0.964341 0.392432 -0.922901
v -0.922901 0.392432 -0.964341
v 0.964341 0.392432 0.922901
v 0.922901 0.392432 0.964341
v 0.922901 0.392432 -0.964341
v 0.964341 0.392432 -0.922901
v -0.264138 0.392432 1.019449
v -0.264138 0.006575 1.019449
v -0.264138 0.392432 0.964341
v 0.254261 0.392432 1.019449
v 0.254261 0.006575 1.019449
v 0.254261 0.392432 0.964341
v -0.264138 0.006552 0.964341
v 0.254261 0.006552 0.964341
v 1.027389 -0.010213 -1.024176
v 1.027389 0.126212 -1.024176
v 1.027389 -0.009328 -0.966601
v 1.027389 0.126212 -0.966601
v 0.788629 -0.010213 -1.024176
v 0.788629 0.126212 -1.024176
v 0.788629 -0.010213 -0.966602
v 0.788629 0.126212 -0.966602
v 0.909267 0.137814 -1.024176
v 0.909267 0.274894 -1.024176
v 0.909267 0.140461 -0.887751
v 0.909267 0.282010 -0.887751
v 0.670507 0.135392 -1.024176
v 0.670507 0.270372 -1.024176
v 0.670507 0.133946 -0.887751
v 0.670507 0.282447 -0.887751
v 1.027389 0.273858 -1.024176
v 1.027389 0.415954 -1.024176
v 1.027389 0.281671 -0.966601
v 1.027389 0.413242 -0.966601
v 0.788629 0.282827 -1.024176
v 0.788629 0.410284 -1.024176
v 0.788629 0.290556 -0.966602
v 0.788629 0.410559 -0.966602
v 0.777572 -0.010213 -1.052577
v 0.777572 0.126212 -1.052577
v 0.777571 -0.002686 -0.887751
v 0.777571 0.126728 -0.887751
v 0.538811 -0.010213 -1.052577
v 0.538811 0.126212 -1.052577
v 0.538811 -0.010213 -0.887751
v 0.538811 0.126212 -0.887751
v 0.659449 0.137271 -1.024176
v 0.659449 0.270372 -1.024176
v 0.659449 0.136085 -0.887751
v 0.659449 0.270372 -0.887751
v 0.420689 0.135935 -1.024176
v 0.420689 0.275938 -1.024176
v 0.420689 0.150421 -0.887751
v 0.420689 0.270372 -0.887751
v 0.777571 0.273858 -1.024176
v 0.777571 0.417489 -1.024176
v 0.777571 0.279869 -0.887751
v 0.777571 0.411950 -0.887751
v 0.538811 0.273858 -1.024176
v 0.538811 0.413630 -1.024176
v 0.538811 0.273858 -0.887751
v 0.538811 0.421593 -0.887751
v 0.527754 -0.007688 -1.024176
v 0.527754 0.130534 -1.024176
v 0.527754 -0.000966 -0.887751
v 0.527754 0.128924 -0.887751
v 0.288993 -0.009829 -1.024176
v 0.288993 0.126212 -1.024176
v 0.288993 -0.010213 -0.887751
v 0.288993 0.137605 -0.887751
v 0.409632 0.133946 -1.024176
v 0.409632 0.272660 -1.024176
v 0.409632 0.133946 -0.887751
v 0.409632 0.276263 -0.887751
v 0.170871 0.133946 -1.024176
v 0.170871 0.270372 -1.024176
v 0.170871 0.143941 -0.887751
v 0.170871 0.270372 -0.887751
v 0.527754 0.273858 -1.024176
v 0.527754 0.416138 -1.024176
v 0.527754 0.282320 -0.887751
v 0.527754 0.410284 -0.887751
v 0.288993 0.273858 -1.024176
v 0.288993 0.410284 -1.024176
v 0.288993 0.273858 -0.887751
v 0.288993 0.417088 -0.887751
v 0.277936 -0.010119 -1.052577
v 0.277936 0.133028 -1.052577
v 0.277936 -0.000700 -0.887751
v 0.277936 0.126212 -0.887751
v 0.039175 -0.009808 -1.052577
v 0.039175 0.132925 -1.052577
v 0.039175 -0.010213 -0.887751
v 0.039175 0.126212 -0.887751
v 0.159814 0.133946 -1.024176
v 0.159814 0.270372 -1.024176
v 0.159814 0.136132 -0.887751
v 0.159814 0.270372 -0.887751
v -0.078947 0.133946 -1.024176
v -0.078947 0.272182 -1.024176
v -0.078947 0.144411 -0.887751
v -0.078947 0.283457 -0.887751
v 0.277936 0.273858 -1.052577
v 0.277936 0.410284 -1.052577
v 0.277936 0.273858 -0.887751
v 0.277936 0.410284 -0.887751
v 0.039175 0.281415 -1.052577
v 0.039175 0.415743 -1.052577
v 0.039175 0.273858 -0.887751
v 0.039175 0.410284 -0.887751
v 0.028118 -0.010213 -1.024176
v 0.028118 0.132056 -1.024176
v 0.028118 -0.010213 -0.887751
v 0.028118 0.135746 -0.887751
v -0.210643 -0.007161 -1.024177
v -0.210643 0.126212 -1.024177
v -0.210643 -0.000222 -0.887751
v -0.210643 0.126212 -0.887751
v -0.090004 0.146542 -1.024176
v -0.090004 0.270372 -1.024176
v -0.090004 0.142764 -0.887751
v -0.090004 0.282038 -0.887751
v -0.328765 0.138234 -1.024177
v -0.328765 0.270372 -1.024177
v -0.328765 0.133946 -0.887751
v -0.328765 0.279741 -0.887751
v 0.028118 0.273858 -1.024176
v 0.028118 0.412416 -1.024176
v 0.028118 0.273858 -0.887751
v 0.028118 0.418846 -0.887751
v -0.210643 0.273858 -1.024177
v -0.210643 0.410284 -1.024177
v -0.210643 0.287172 -0.887751
v -0.210643 0.414834 -0.887751
v -0.221700 -0.004255 -1.024177
v -0.221700 0.126394 -1.024177
v -0.221700 -0.010213 -0.887751
v -0.221700 0.144377 -0.887751
v -0.460461 -0.010213 -1.024177
v -0.460461 0.126212 -1.024177
v -0.460461 -0.010213 -0.887751
v -0.460461 0.133827 -0.887751
v -0.339822 0.133946 -1.052577
v -0.339822 0.270372 -1.052577
v -0.339822 0.137288 -0.887751
v -0.339822 0.270372 -0.887751
v -0.578583 0.136690 -1.052577
v -0.578583 0.270372 -1.052577
v -0.578583 0.133946 -0.887751
v -0.578583 0.270372 -0.887751
v -0.221700 0.283679 -1.024177
v -0.221700 0.410284 -1.024177
v -0.221700 0.273858 -0.887751
v -0.221700 0.410284 -0.887751
v -0.460461 0.273858 -1.024177
v -0.460461 0.410284 -1.024177
v -0.460461 0.273858 -0.887751
v -0.460461 0.410284 -0.887751
v -0.471518 -0.008304 -1.024177
v -0.471518 0.134835 -1.024177
v -0.471518 0.002392 -0.887751
v -0.471518 0.126212 -0.887751
v -0.710279 -0.010213 -1.024177
v -0.710279 0.129287 -1.024177
v -0.710279 -0.009488 -0.887751
v -0.710279 0.126212 -0.887751
v -0.589640 0.133946 -1.024177
v -0.589640 0.270372 -1.024177
v -0.589640 0.133946 -0.887751
v -0.589640 0.284380 -0.887751
v -0.828401 0.143358 -1.024177
v -0.828401 0.270920 -1.024177
v -0.828401 0.139835 -0.887751
v -0.828401 0.273477 -0.887751
v -0.471518 0.276366 -1.024177
v -0.471518 0.416114 -1.024177
v -0.471518 0.281991 -0.887751
v -0.471518 0.414363 -0.887751
v -0.710279 0.285746 -1.024177
v -0.710279 0.410284 -1.024177
v -0.710279 0.281773 -0.887751
v -0.710279 0.410284 -0.887751
v -0.721336 -0.003473 -1.024177
v -0.721336 0.131842 -1.024177
v -0.721336 -0.010213 -0.887751
v -0.721336 0.130355 -0.887751
v -0.960096 -0.010213 -1.024177
v -0.960096 0.130618 -1.024177
v -0.960096 -0.008959 -0.887751
v -0.960096 0.132411 -0.887751
v -0.839458 0.133946 -1.024177
v -0.839458 0.270372 -1.024177
v -0.839458 0.133946 -0.926153
v -0.839458 0.270372 -0.926153
v -1.024022 0.135332 -1.024177
v -1.024022 0.270372 -1.024177
v -1.024022 0.135063 -0.926153
v -1.024022 0.272305 -0.926153
v -0.721336 0.273858 -1.024177
v -0.721336 0.410284 -1.024177
v -0.721336 0.279508 -0.887751
v -0.721336 0.415936 -0.887751
v -0.960096 0.273858 -1.024177
v -0.960096 0.410284 -1.024177
v -0.960096 0.273858 -0.887751
v -0.960096 0.413318 -0.887751
v -1.024176 -0.010213 -1.027389
v -1.024176 0.126212 -1.027389
v -0.968304 -0.009328 -1.027389
v -0.968304 0.126212 -1.027389
v -1.024176 -0.010213 -0.788628
v -1.024176 0.126212 -0.788628
v -0.968304 -0.010213 -0.788628
v -0.968304 0.126212 -0.788628
v -1.024176 0.137814 -0.909267
v -1.024176 0.274894 -0.909267
v -0.887751 0.140461 -0.909267
v -0.887751 0.282010 -0.909267
v -1.024176 0.135392 -0.670506
v -1.024176 0.270372 -0.670506
v -0.887751 0.133946 -0.670506
v -0.887751 0.282447 -0.670506
v -1.024176 0.273858 -1.027389
v -1.024176 0.415954 -1.027389
v -0.968304 0.281671 -1.027389
v -0.968304 0.413242 -1.027389
v -1.024176 0.282827 -0.788628
v -1.024176 0.410284 -0.788628
v -0.968304 0.290556 -0.788628
v -0.968304 0.410559 -0.788628
v -1.024176 -0.010213 -0.777571
v -1.024176 0.126212 -0.777571
v -0.887751 -0.002686 -0.777571
v -0.887751 0.126728 -0.777571
v -1.024176 -0.010213 -0.538810
v -1.024176 0.126212 -0.538810
v -0.887751 -0.010213 -0.538811
v -0.887751 0.126212 -0.538811
v -1.024176 0.137271 -0.659449
v -1.024176 0.270372 -0.659449
v -0.887751 0.136085 -0.659449
v -0.887751 0.270372 -0.659449
v -1.024176 0.135935 -0.420689
v -1.024176 0.275938 -0.420689
v -0.887751 0.150421 -0.420689
v -0.887751 0.270372 -0.420689
v -1.051726 0.273858 -0.777571
v -1.051726 0.417489 -0.777571
v -0.887751 0.279869 -0.777571
v -0.887751 0.411950 -0.777571
v -1.051726 0.273858 -0.538811
v -1.051726 0.413630 -0.538811
v -0.887751 0.273858 -0.538811
v -0.887751 0.421593 -0.538811
v -1.051726 -0.007688 -0.527753
v -1.051726 0.130534 -0.527753
v -0.887751 -0.000966 -0.527753
v -0.887751 0.128924 -0.527753
v -1.051726 -0.009829 -0.288993
v -1.051726 0.126212 -0.288993
v -0.887751 -0.010213 -0.288993
v -0.887751 0.137605 -0.288993
v -1.024176 0.133946 -0.409631
v -1.024176 0.272660 -0.409631
v -0.887751 0.133946 -0.409631
v -0.887751 0.276263 -0.409631
v -1.024176 0.133946 -0.170871
v -1.024176 0.270372 -0.170871
v -0.887751 0.143941 -0.170871
v -0.887751 0.270372 -0.170871
v -1.024176 0.273858 -0.527753
v -1.024176 0.416138 -0.527753
v -0.887751 0.282320 -0.527753
v -0.887751 0.410284 -0.527753
v -1.024176 0.273858 -0.288993
v -1.024176 0.410284 -0.288993
v -0.887751 0.273858 -0.288993
v -0.887751 0.417088 -0.288993
v -1.024176 -0.010119 -0.277936
v -1.024176 0.133028 -0.277936
v -0.887751 -0.000700 -0.277935
v -0.887751 0.126212 -0.277935
v -1.024176 -0.009808 -0.039175
v -1.024176 0.132925 -0.039175
v -0.887751 -0.010213 -0.039175
v -0.887751 0.126212 -0.039175
v -1.024176 0.133946 -0.159813
v -1.024176 0.270372 -0.159813
v -0.887751 0.136132 -0.159813
v -0.887751 0.270372 -0.159813
v -1.024176 0.133946 0.078947
v -1.024176 0.272182 0.078947
v -0.887751 0.144411 0.078947
v -0.887751 0.283457 0.078947
v -1.024176 0.273858 -0.277936
v -1.024176 0.410284 -0.277936
v -0.887751 0.273858 -0.277935
v -0.887751 0.410284 -0.277935
v -1.024176 0.281415 -0.039175
v -1.024176 0.415743 -0.039175
v -0.887751 0.273858 -0.039175
v -0.887751 0.410284 -0.039175
v -1.024176 -0.010213 -0.028118
v -1.024176 0.132056 -0.028118
v -0.887751 -0.010213 -0.028118
v -0.887751 0.135746 -0.028118
v -1.024176 -0.007161 0.210643
v -1.024176 0.126212 0.210643
v -0.887751 -0.000222 0.210643
v -0.887751 0.126212 0.210643
v -1.024176 0.146542 0.090004
v -1.024176 0.270372 0.090004
v -0.887751 0.142764 0.090004
v -0.887751 0.282038 0.090004
v -1.024176 0.138234 0.328765
v -1.024176 0.270372 0.328765
v -0.887751 0.133946 0.328765
v -0.887751 0.279741 0.328765
v -1.024176 0.273858 -0.028118
v -1.024176 0.412416 -0.028118
v -0.887751 0.273858 -0.028118
v -0.887751 0.418846 -0.028118
v -1.024176 0.273858 0.210643
v -1.024176 0.410284 0.210643
v -0.887751 0.287172 0.210643
v -0.887751 0.414834 0.210643
v -1.024176 -0.004255 0.221700
v -1.024176 0.126394 0.221700
v -0.887751 -0.010213 0.221700
v -0.887751 0.144377 0.221700
v -1.024176 -0.010213 0.460461
v -1.024176 0.126212 0.460461
v -0.887751 -0.010213 0.460461
v -0.887751 0.133827 0.460461
v -1.051726 0.133946 0.339822
v -1.051726 0.270372 0.339822
v -0.887751 0.137288 0.339822
v -0.887751 0.270372 0.339822
v -1.051726 0.136690 0.578583
v -1.051726 0.270372 0.578583
v -0.887751 0.133946 0.578583
v -0.887751 0.270372 0.578583
v -1.024176 0.283679 0.221700
v -1.024176 0.410284 0.221700
v -0.887751 0.273858 0.221700
v -0.887751 0.410284 0.221700
v -1.024176 0.273858 0.460461
v -1.024176 0.410284 0.460461
v -0.887751 0.273858 0.460461
v -0.887751 0.410284 0.460461
v -1.024176 -0.008304 0.471518
v -1.024176 0.134835 0.471518
v -0.887751 0.002392 0.471518
v -0.887751 0.126212 0.471518
v -1.024176 -0.010213 0.710279
v -1.024176 0.129287 0.710279
v -0.887751 -0.009488 0.710279
v -0.887751 0.126212 0.710279
v -1.024177 0.133946 0.589640
v -1.024177 0.270372 0.589640
v -0.887751 0.133946 0.589640
v -0.887751 0.284380 0.589640
v -1.024176 0.143358 0.828401
v -1.024176 0.270920 0.828401
v -0.887751 0.139835 0.828401
v -0.887751 0.273477 0.828401
v -1.024176 0.276366 0.471518
v -1.024176 0.416114 0.471518
v -0.887751 0.281991 0.471518
v -0.887751 0.414363 0.471518
v -1.024176 0.285746 0.710279
v -1.024176 0.410284 0.710279
v -0.887751 0.281773 0.710279
v -0.887751 0.410284 0.710279
v -1.024176 -0.003473 0.721336
v -1.024176 0.131842 0.721336
v -0.887751 -0.010213 0.721336
v -0.887751 0.130355 0.721336
v -1.024177 -0.010213 0.960097
v -1.024177 0.130618 0.960097
v -0.887751 -0.008959 0.960097
v -0.887751 0.132411 0.960097
v -1.024176 0.133946 0.839458
v -1.024176 0.270372 0.839458
v -0.916432 0.133946 0.839458
v -0.916432 0.270372 0.839458
v -1.024176 0.135332 1.034633
v -1.024176 0.270372 1.034633
v -0.916432 0.135063 1.034633
v -0.916432 0.272305 1.034633
v -1.024176 0.273858 0.721336
v -1.024176 0.410284 0.721336
v -0.887751 0.279508 0.721336
v -0.887751 0.415936 0.721336
v -1.024177 0.273858 0.960097
v -1.024177 0.410284 0.960097
v -0.887751 0.273858 0.960097
v -0.887751 0.413318 0.960097
v 1.024176 -0.010213 1.027389
v 1.024176 0.126212 1.027389
v 0.963433 -0.010213 1.027389
v 0.963433 0.126212 1.027389
v 1.024177 -0.010213 0.788628
v 1.024177 0.126212 0.788628
v 0.963433 -0.010026 0.788628
v 0.963433 0.126809 0.788628
v 1.024177 0.137814 0.909267
v 1.024177 0.274894 0.909267
v 0.887751 0.140461 0.909267
v 0.887751 0.282010 0.909267
v 1.024176 0.135392 0.670506
v 1.024176 0.270372 0.670506
v 0.887751 0.133946 0.670506
v 0.887751 0.282447 0.670506
v 1.024176 0.273858 1.027389
v 1.024176 0.415954 1.027389
v 0.963433 0.273858 1.027389
v 0.963433 0.413125 1.027389
v 1.024177 0.282827 0.788628
v 1.024177 0.410284 0.788628
v 0.963433 0.290632 0.788628
v 0.963433 0.417499 0.788628
v 1.024176 -0.010213 0.777571
v 1.024176 0.126212 0.777571
v 0.963433 -0.010213 0.777571
v 0.963433 0.126212 0.777571
v 1.024177 -0.010213 0.538810
v 1.024177 0.126212 0.538810
v 0.963433 -0.004172 0.538810
v 0.963433 0.129996 0.538810
v 1.024176 0.137271 0.659449
v 1.024176 0.270372 0.659449
v 0.887751 0.136085 0.659449
v 0.887751 0.270372 0.659449
v 1.024176 0.135935 0.420688
v 1.024176 0.275938 0.420688
v 0.887751 0.150421 0.420688
v 0.887751 0.270372 0.420688
v 1.024176 0.273858 0.777571
v 1.024176 0.417489 0.777571
v 0.963433 0.273858 0.777571
v 0.963433 0.410284 0.777571
v 1.024177 0.273858 0.538810
v 1.024177 0.413630 0.538810
v 0.963433 0.279466 0.538810
v 0.963433 0.410284 0.538810
v 1.024177 -0.007688 0.527753
v 1.024177 0.130534 0.527753
v 0.963433 -0.010213 0.527753
v 0.963433 0.126212 0.527753
v 1.024176 -0.009829 0.288993
v 1.024176 0.126212 0.288993
v 0.963433 -0.010213 0.288993
v 0.963433 0.129294 0.288993
v 1.045250 0.133946 0.409631
v 1.045250 0.272660 0.409631
v 0.887751 0.133946 0.409631
v 0.887751 0.276263 0.409631
v 1.045250 0.133946 0.170871
v 1.045250 0.270372 0.170871
v 0.887751 0.143941 0.170871
v 0.887751 0.270372 0.170871
v 1.024177 0.273858 0.527753
v 1.024177 0.416138 0.527753
v 0.963433 0.273858 0.527753
v 0.963433 0.421326 0.527753
v 1.024176 0.273858 0.288993
v 1.024176 0.410284 0.288993
v 0.963433 0.283571 0.288993
v 0.963433 0.410728 0.288993
v 1.024176 -0.010119 0.277935
v 1.024176 0.133028 0.277935
v 0.963433 0.004027 0.277935
v 0.963433 0.126212 0.277935
v 1.024176 -0.009808 0.039175
v 1.024176 0.132925 0.039175
v 0.963433 0.006261 0.039175
v 0.963433 0.133386 0.039175
v 1.024177 0.133946 0.159813
v 1.024177 0.270372 0.159813
v 0.887751 0.136132 0.159813
v 0.887751 0.270372 0.159813
v 1.024176 0.133946 -0.078947
v 1.024176 0.272182 -0.078947
v 0.887751 0.144411 -0.078947
v 0.887751 0.283457 -0.078947
v 1.024176 0.273858 0.277935
v 1.024176 0.410284 0.277935
v 0.963433 0.273858 0.277935
v 0.963433 0.410284 0.277935
v 1.024176 0.281415 0.039175
v 1.024176 0.415743 0.039175
v 0.963433 0.273858 0.039175
v 0.963433 0.413267 0.039175
v 1.024176 -0.010213 0.028118
v 1.024176 0.132056 0.028118
v 0.963433 -0.007519 0.028118
v 0.963433 0.131654 0.028118
v 1.024176 -0.007161 -0.210643
v 1.024176 0.126212 -0.210643
v 0.963433 -0.010213 -0.210643
v 0.963433 0.126212 -0.210643
v 1.024176 0.146542 -0.090004
v 1.024176 0.270372 -0.090004
v 0.887751 0.142764 -0.090004
v 0.887751 0.282038 -0.090004
v 1.024176 0.138234 -0.328765
v 1.024176 0.270372 -0.328765
v 0.887751 0.133946 -0.328765
v 0.887751 0.279741 -0.328765
v 1.024176 0.273858 0.028118
v 1.024176 0.412416 0.028118
v 0.963433 0.279495 0.028118
v 0.963433 0.410284 0.028118
v 1.024176 0.273858 -0.210643
v 1.024176 0.410284 -0.210643
v 0.963433 0.273858 -0.210643
v 0.963433 0.410284 -0.210643
v 1.024176 -0.004255 -0.221700
v 1.024176 0.126394 -0.221700
v 0.963433 -0.009361 -0.221700
v 0.963433 0.144896 -0.221700
v 1.024176 -0.010213 -0.460461
v 1.024176 0.126212 -0.460461
v 0.963433 -0.010213 -0.460461
v 0.963433 0.128666 -0.460461
v 1.024176 0.133946 -0.339822
v 1.024176 0.270372 -0.339822
v 0.887751 0.137288 -0.339822
v 0.887751 0.270372 -0.339822
v 1.024176 0.136690 -0.578583
v 1.024176 0.270372 -0.578583
v 0.887751 0.133946 -0.578583
v 0.887751 0.270372 -0.578583
v 1.024176 0.283679 -0.221700
v 1.024176 0.410284 -0.221700
v 0.963433 0.273858 -0.221700
v 0.963433 0.421682 -0.221700
v 1.024176 0.273858 -0.460461
v 1.024176 0.410284 -0.460461
v 0.963433 0.283900 -0.460461
v 0.963433 0.410284 -0.460461
v 1.024176 -0.008304 -0.471518
v 1.024176 0.134835 -0.471518
v 0.963433 -0.010213 -0.471518
v 0.963433 0.131227 -0.471518
v 1.024176 -0.010213 -0.710279
v 1.024176 0.129287 -0.710279
v 0.963433 -0.010213 -0.710279
v 0.963433 0.126212 -0.710279
v 1.024176 0.133946 -0.589640
v 1.024176 0.270372 -0.589640
v 0.887751 0.133946 -0.589640
v 0.887751 0.284380 -0.589640
v 1.024176 0.143358 -0.828401
v 1.024176 0.270920 -0.828401
v 0.887751 0.139835 -0.828401
v 0.887751 0.273477 -0.828401
v 1.051157 0.276366 -0.471518
v 1.051157 0.416114 -0.471518
v 0.963433 0.273858 -0.471518
v 0.963433 0.410284 -0.471518
v 1.051157 0.285746 -0.710279
v 1.051157 0.410284 -0.710279
v 0.963433 0.273858 -0.710279
v 0.963433 0.410284 -0.710279
v 1.024176 -0.003473 -0.721336
v 1.024176 0.131842 -0.721336
v 0.963433 -0.010213 -0.721336
v 0.963433 0.126212 -0.721336
v 1.024176 -0.010213 -0.960097
v 1.024176 0.130618 -0.960097
v 0.963433 0.001947 -0.960097
v 0.963433 0.126526 -0.960097
v 1.024176 0.133946 -0.839458
v 1.024176 0.270372 -0.839458
v 0.916927 0.133946 -0.839458
v 0.916927 0.270372 -0.839458
v 1.024176 0.135332 -1.032251
v 1.024176 0.270372 -1.032251
v 0.916927 0.135063 -1.032251
v 0.916927 0.272305 -1.032251
v 1.024176 0.273858 -0.721336
v 1.024176 0.410284 -0.721336
v 0.963433 0.273858 -0.721336
v 0.963433 0.413718 -0.721336
v 1.024176 0.273858 -0.960097
v 1.024176 0.410284 -0.960097
v 0.963433 0.283638 -0.960097
v 0.963433 0.410284 -0.960097
v -1.027389 -0.010213 1.024176
v -1.027389 0.126212 1.024176
v -1.027389 -0.009328 0.963222
v -1.027389 0.126212 0.963222
v -0.788628 -0.010213 1.024176
v -0.788628 0.126212 1.024176
v -0.788628 -0.010213 0.963222
v -0.788628 0.126212 0.963222
v -0.909267 0.137814 1.024177
v -0.909267 0.274894 1.024177
v -0.909267 0.140461 0.887751
v -0.909267 0.282010 0.887751
v -0.670506 0.135392 1.024176
v -0.670506 0.270372 1.024176
v -0.670506 0.133946 0.887751
v -0.670506 0.282447 0.887751
v -1.027389 0.273858 1.024176
v -1.027389 0.415954 1.024176
v -1.027389 0.281671 0.963222
v -1.027389 0.413242 0.963222
v -0.788628 0.282827 1.024176
v -0.788628 0.410284 1.024176
v -0.788628 0.290556 0.963222
v -0.788628 0.410559 0.963222
v -0.777571 -0.010213 1.056441
v -0.777571 0.126212 1.056441
v -0.777571 -0.002686 0.887751
v -0.777571 0.126728 0.887751
v -0.538810 -0.010213 1.056441
v -0.538810 0.126212 1.056441
v -0.538810 -0.010213 0.887751
v -0.538810 0.126212 0.887751
v -0.659449 0.137271 1.024176
v -0.659449 0.270372 1.024176
v -0.659449 0.136085 0.887751
v -0.659449 0.270372 0.887751
v -0.420688 0.135935 1.024176
v -0.420688 0.275938 1.024176
v -0.420688 0.150421 0.887751
v -0.420688 0.270372 0.887751
v -0.777571 0.273858 1.024176
v -0.777571 0.417489 1.024176
v -0.777571 0.279869 0.887751
v -0.777571 0.411950 0.887751
v -0.538810 0.273858 1.024177
v -0.538810 0.413630 1.024177
v -0.538810 0.273858 0.887751
v -0.538810 0.421593 0.887751
v -0.527753 -0.007688 1.024176
v -0.527753 0.130534 1.024176
v -0.527753 -0.000966 0.887751
v -0.527753 0.128924 0.887751
v -0.240228 -0.009829 1.024176
v -0.240228 0.126212 1.024176
v -0.240228 -0.010213 0.887751
v -0.240228 0.137605 0.887751
v -0.409631 0.133946 1.024176
v -0.409631 0.272660 1.024176
v -0.409631 0.133946 0.887751
v -0.409631 0.276263 0.887751
v -0.235866 0.133946 1.024176
v -0.235866 0.270372 1.024176
v -0.235866 0.143941 0.887751
v -0.235866 0.270372 0.887751
v -0.527753 0.273858 1.024176
v -0.527753 0.416138 1.024176
v -0.527753 0.282320 0.887751
v -0.527753 0.410284 0.887751
v -0.240228 0.273858 1.024176
v -0.240228 0.410284 1.024176
v -0.240228 0.273858 0.887751
v -0.240228 0.417088 0.887751
v 0.221067 0.146542 1.024176
v 0.221067 0.270372 1.024176
v 0.221067 0.142764 0.887751
v 0.221067 0.282038 0.887751
v 0.328765 0.138234 1.024176
v 0.328765 0.270372 1.024176
v 0.328765 0.133946 0.887751
v 0.328765 0.279741 0.887751
v 0.239003 -0.004255 1.024176
v 0.239003 0.126394 1.024176
v 0.239003 -0.010213 0.887751
v 0.239003 0.144377 0.887751
v 0.460461 -0.010213 1.024176
v 0.460461 0.126212 1.024176
v 0.460461 -0.010213 0.887751
v 0.460461 0.133827 0.887751
v 0.339822 0.133946 1.024176
v 0.339822 0.270372 1.024176
v 0.339822 0.137288 0.887751
v 0.339822 0.270372 0.887751
v 0.578583 0.136690 1.024176
v 0.578583 0.270372 1.024176
v 0.578583 0.133946 0.887751
v 0.578583 0.270372 0.887751
v 0.239003 0.283679 1.024176
v 0.239003 0.410284 1.024176
v 0.239003 0.273858 0.887751
v 0.239003 0.410284 0.887751
v 0.460461 0.273858 1.024176
v 0.460461 0.410284 1.024176
v 0.460461 0.273858 0.887751
v 0.460461 0.410284 0.887751
v 0.471518 -0.008304 1.024176
v 0.471518 0.134835 1.024176
v 0.471518 0.002392 0.887751
v 0.471518 0.126212 0.887751
v 0.710279 -0.010213 1.024176
v 0.710279 0.129287 1.024176
v 0.710279 -0.009488 0.887751
v 0.710279 0.126212 0.887751
v 0.589640 0.133946 1.024176
v 0.589640 0.270372 1.024176
v 0.589640 0.133946 0.887751
v 0.589640 0.284380 0.887751
v 0.828401 0.143358 1.024176
v 0.828401 0.270920 1.024176
v 0.828401 0.139835 0.887751
v 0.828401 0.273477 0.887751
v 0.471518 0.276366 1.056441
v 0.471518 0.416114 1.056441
v 0.471518 0.281991 0.887751
v 0.471518 0.414363 0.887751
v 0.710279 0.285746 1.056441
v 0.710279 0.410284 1.056441
v 0.710279 0.281773 0.887751
v 0.710279 0.410284 0.887751
v 0.721336 -0.003473 1.046848
v 0.721336 0.131842 1.046848
v 0.721336 -0.010213 0.887751
v 0.721336 0.130355 0.887751
v 0.960097 -0.010213 1.046848
v 0.960097 0.130618 1.046848
v 0.960097 -0.008959 0.887751
v 0.960097 0.132411 0.887751
v 0.839458 0.133946 1.024176
v 0.839458 0.270372 1.024176
v 0.839458 0.133946 0.927237
v 0.839458 0.270372 0.927237
v 1.033548 0.135332 1.024176
v 1.033548 0.270372 1.024176
v 1.033548 0.135063 0.927237
v 1.033548 0.272305 0.927237
v 0.721336 0.273858 1.024176
v 0.721336 0.410284 1.024176
v 0.721336 0.279508 0.887751
v 0.721336 0.415936 0.887751
v 0.960097 0.273858 1.024176
v 0.960097 0.410284 1.024176
v 0.960097 0.273858 0.887751
v 0.960097 0.413318 0.887751
v -0.327206 0.895744 1.097556
v -0.340341 0.957575 1.094240
v -0.327206 0.895744 0.958843
v -0.327206 0.953080 0.958843
v -0.203976 -0.008821 1.026923
v -0.277960 -0.008821 1.024055
v -0.203976 -0.008821 0.906934
v -0.274072 -0.008821 0.906934
v -0.213737 0.931050 1.026923
v -0.274072 0.931050 1.026923
v -0.203976 0.931050 0.906934
v -0.267868 0.931050 0.906934
v 0.327206 0.895744 1.097556
v 0.340341 0.957575 1.094240
v 0.327206 0.895744 0.958843
v 0.327206 0.953080 0.958843
v 0.000000 0.907028 1.097556
v 0.000000 0.953080 1.097556
v 0.000000 0.895744 0.958843
v 0.000000 0.945909 0.958843
v 0.203976 -0.008822 1.026923
v 0.277960 -0.008822 1.024055
v 0.203976 -0.008822 0.906934
v 0.274072 -0.008822 0.906934
v 0.213737 0.931050 1.026923
v 0.274072 0.931050 1.026923
v 0.203976 0.931050 0.906934
v 0.267868 0.931050 0.906934
v -0.957028 -0.015193 1.000000
v -1.000000 -0.015193 0.957028
v -1.000000 -0.015193 -0.957028
v -0.957028 -0.015193 -1.000000
v -1.000000 2.404137 0.957028
v -0.957028 2.404137 1.000000
v -0.957028 2.404137 -1.000000
v -1.000000 2.404137 -0.957028
v -0.248509 -0.015193 1.000000
v -0.248509 2.873444 1.000000
v -1.000000 0.908805 -0.957028
v -1.000000 0.908805 0.957028
v -0.957028 0.908805 1.000000
v -0.957028 0.908805 -1.000000
v -0.248509 0.908805 1.000000
v -0.248509 -0.015193 0.957895
v -0.248509 0.908805 0.957895
v -0.484682 -0.015193 1.000000
v -0.720855 -0.015193 1.000000
v -0.484682 2.735862 1.000000
v -0.720855 2.540190 1.000000
v -0.484682 0.908805 1.000000
v -0.720855 0.908805 1.000000
v 0.957028 -0.015193 1.000000
v 1.000000 -0.015193 0.957028
v 1.000000 -0.015193 -0.957028
v 0.957028 -0.015193 -1.000000
v 1.000000 2.439296 0.957028
v 0.957028 2.439296 1.000000
v 0.957028 2.439296 -1.000000
v 1.000000 2.439296 -0.957028
v 0.000000 3.009498 1.000000
v 0.248509 -0.015193 1.000000
v 0.248509 2.873444 1.000000
v 0.000000 -0.015193 -1.000000
v 0.000000 3.009498 -1.000000
v 1.000000 0.908805 -0.957028
v 1.000000 0.908805 0.957028
v 0.957028 0.908805 1.000000
v 0.957028 0.908805 -1.000000
v 0.000000 0.908805 1.000000
v 0.248509 0.908805 1.000000
v -0.000000 0.908805 -1.000000
v 0.000000 0.908805 0.957895
v 0.000000 -0.015193 0.957895
v 0.248509 -0.015193 0.957895
v 0.248509 0.908805 0.957895
v 0.484682 -0.015193 1.000000
v 0.720855 -0.015193 1.000000
v 0.484682 2.735862 1.000000
v 0.720855 2.540190 1.000000
v 0.484682 0.908805 1.000000
v 0.720855 0.908805 1.000000
v -0.599160 0.846842 1.018398
v -0.599160 0.538790 1.018398
v -0.599160 0.726372 1.018398
v -0.599160 0.726372 1.003754
v -0.714908 0.726372 1.018398
v -0.599160 0.741853 1.018398
v -0.599160 0.741853 1.003754
v -0.714908 0.741853 1.003754
v -0.714908 0.741853 1.018398
v -0.714908 0.726372 1.003754
v -0.599160 0.538790 1.003754
v -0.714908 0.550899 1.003754
v -0.714908 0.834733 1.003754
v -0.599160 0.846842 1.003754
v -0.586340 0.537449 1.018398
v -0.586340 0.848183 1.018398
v -0.573521 0.846842 1.018398
v -0.573520 0.538790 1.018398
v -0.573520 0.726372 1.018398
v -0.586340 0.726372 1.018398
v -0.573520 0.726372 1.003754
v -0.457773 0.726372 1.018398
v -0.573520 0.741853 1.018398
v -0.573520 0.741853 1.003754
v -0.586340 0.741853 1.018398
v -0.457773 0.741853 1.003754
v -0.457773 0.741853 1.018398
v -0.457773 0.726372 1.003754
v -0.573520 0.538790 1.003754
v -0.457773 0.550899 1.003754
v -0.457773 0.834733 1.003754
v -0.573521 0.846842 1.003754
v -0.710128 0.556039 1.023237
v -0.710128 0.834092 1.023237
v -0.598684 0.846029 1.023237
v -0.598684 0.544103 1.023237
v -0.710128 0.727272 1.023237
v -0.710128 0.742533 1.023237
v -0.737707 0.536089 1.023237
v -0.737707 0.854043 1.023237
v -0.615172 0.867167 1.023237
v -0.615172 0.522965 1.023237
v -0.737707 0.736591 1.023237
v -0.737707 0.753371 1.023237
v -0.737707 0.536089 0.966803
v -0.737707 0.854043 0.966803
v -0.615172 0.867167 0.966803
v -0.615172 0.522965 0.966803
v -0.737707 0.736591 0.966803
v -0.737707 0.753371 0.966803
v -0.710128 0.556039 1.004074
v -0.710128 0.834092 1.004074
v -0.598684 0.846029 1.004074
v -0.598684 0.544103 1.004074
v -0.710128 0.727272 1.004074
v -0.710128 0.742533 1.004074
v -0.462553 0.556039 1.023237
v -0.462553 0.834092 1.023237
v -0.586341 0.542781 1.023237
v -0.586341 0.847351 1.023237
v -0.573997 0.846029 1.023237
v -0.573997 0.544103 1.023237
v -0.462553 0.727272 1.023237
v -0.462553 0.742533 1.023237
v -0.434974 0.536089 1.023237
v -0.434974 0.854043 1.023237
v -0.586341 0.521511 1.023237
v -0.586341 0.868621 1.023237
v -0.557509 0.867167 1.023237
v -0.557509 0.522965 1.023237
v -0.434974 0.736591 1.023237
v -0.434974 0.753371 1.023237
v -0.434974 0.536089 0.966803
v -0.434974 0.854043 0.966803
v -0.586341 0.521511 0.966803
v -0.586341 0.868621 0.966803
v -0.557509 0.867167 0.966803
v -0.557509 0.522965 0.966803
v -0.434974 0.736591 0.966803
v -0.434974 0.753371 0.966803
v -0.462553 0.556039 1.004074
v -0.462553 0.834092 1.004074
v -0.586341 0.542781 1.004074
v -0.586341 0.847351 1.004074
v -0.573997 0.846029 1.004074
v -0.573997 0.544103 1.004074
v -0.462553 0.727272 1.004074
v -0.462553 0.742533 1.004074
v -0.710128 1.619028 1.023237
v -0.710128 2.019949 1.023237
v -0.598684 2.031886 1.023237
v -0.598684 1.607092 1.023237
v -0.710128 1.913128 1.023237
v -0.710128 1.928389 1.023237
v -0.710128 1.744863 1.023237
v -0.710128 1.729177 1.023237
v -0.737707 1.599078 1.023237
v -0.737707 2.039899 1.023237
v -0.615172 2.053023 1.023237
v -0.615172 1.585954 1.023237
v -0.737707 1.922447 1.023237
v -0.737707 1.939227 1.023237
v -0.737707 1.737436 1.023237
v -0.737707 1.720188 1.023237
v -0.737707 1.599078 0.966803
v -0.737707 2.039899 0.966803
v -0.615172 2.053023 0.966803
v -0.615172 1.585954 0.966803
v -0.737707 1.922447 0.966803
v -0.737707 1.939227 0.966803
v -0.737707 1.737436 0.966803
v -0.737707 1.720188 0.966803
v -0.710128 1.619028 1.004074
v -0.710128 2.019949 1.004074
v -0.598684 2.031886 1.004074
v -0.598684 1.607092 1.004074
v -0.710128 1.913128 1.004074
v -0.710128 1.928389 1.004074
v -0.710128 1.744863 1.004074
v -0.710128 1.729177 1.004074
v -0.462553 1.619028 1.023237
v -0.462553 2.019949 1.023237
v -0.586341 1.605770 1.023237
v -0.586341 2.033207 1.023237
v -0.573997 2.031886 1.023237
v -0.573997 1.607092 1.023237
v -0.462553 1.913128 1.023237
v -0.462553 1.928389 1.023237
v -0.462553 1.744863 1.023237
v -0.462553 1.729177 1.023237
v -0.434974 1.599078 1.023237
v -0.434974 2.039899 1.023237
v -0.586341 1.584500 1.023237
v -0.586341 2.054477 1.023237
v -0.557509 2.053023 1.023237
v -0.557509 1.585954 1.023237
v -0.434974 1.922447 1.023237
v -0.434974 1.939227 1.023237
v -0.434974 1.737436 1.023237
v -0.434974 1.720188 1.023237
v -0.434974 1.599078 0.966803
v -0.434974 2.039899 0.966803
v -0.586341 1.584500 0.966803
v -0.586341 2.054477 0.966803
v -0.557509 2.053023 0.966803
v -0.557509 1.585954 0.966803
v -0.434974 1.922447 0.966803
v -0.434974 1.939227 0.966803
v -0.434974 1.737436 0.966803
v -0.434974 1.720188 0.966803
v -0.462553 1.619028 1.004074
v -0.462553 2.019949 1.004074
v -0.586341 1.605770 1.004074
v -0.586341 2.033207 1.004074
v -0.573997 2.031886 1.004074
v -0.573997 1.607092 1.004074
v -0.462553 1.913128 1.004074
v -0.462553 1.928389 1.004074
v -0.462553 1.744863 1.004074
v -0.462553 1.729177 1.004074
v -0.599160 2.034438 1.018343
v -0.599160 1.603520 1.018343
v -0.599160 1.913969 1.018343
v -0.714908 1.727365 1.003699
v -0.599160 1.743277 1.003699
v -0.599160 1.913969 1.003699
v -0.714908 1.913969 1.018343
v -0.599160 1.929450 1.018343
v -0.599160 1.727365 1.003699
v -0.599160 1.929450 1.003699
v -0.714908 1.929450 1.003699
v -0.714908 1.929450 1.018343
v -0.714908 1.743277 1.018343
v -0.714908 1.913969 1.003699
v -0.714908 1.743277 1.003699
v -0.599160 1.603520 1.003699
v -0.599160 1.743277 1.018343
v -0.714908 1.615628 1.003699
v -0.714908 2.022330 1.003699
v -0.599160 2.034438 1.003699
v -0.599160 1.727365 1.018343
v -0.714908 1.727365 1.018343
v -0.586340 1.602179 1.018343
v -0.586340 2.035779 1.018343
v -0.573520 2.034438 1.018343
v -0.573520 1.603520 1.018343
v -0.573520 1.913969 1.018343
v -0.457773 1.727365 1.003699
v -0.573520 1.743277 1.003699
v -0.586340 1.913969 1.018343
v -0.573520 1.913969 1.003699
v -0.457773 1.913969 1.018343
v -0.573520 1.929450 1.018343
v -0.573520 1.727365 1.003699
v -0.573520 1.929450 1.003699
v -0.586340 1.929450 1.018343
v -0.457773 1.929450 1.003699
v -0.457773 1.929450 1.018343
v -0.457773 1.743277 1.018343
v -0.457773 1.913969 1.003699
v -0.586340 1.743277 1.018343
v -0.457773 1.743277 1.003699
v -0.573520 1.603520 1.003699
v -0.573520 1.743277 1.018343
v -0.457773 1.615628 1.003699
v -0.586340 1.727365 1.018343
v -0.457773 2.022330 1.003699
v -0.573520 2.034438 1.003699
v -0.573520 1.727365 1.018343
v -0.457773 1.727365 1.018343
v 0.599160 0.846842 1.018398
v 0.599160 0.538790 1.018398
v 0.599160 0.726372 1.018398
v 0.599160 0.726372 1.003754
v 0.714908 0.726372 1.018398
v 0.599160 0.741853 1.018398
v 0.599160 0.741853 1.003754
v 0.714908 0.741853 1.003754
v 0.714908 0.741853 1.018398
v 0.714908 0.726372 1.003754
v 0.599160 0.538790 1.003754
v 0.714908 0.550899 1.003754
v 0.714908 0.834733 1.003754
v 0.599160 0.846842 1.003754
v 0.586340 0.537449 1.018398
v 0.586340 0.848183 1.018398
v 0.573520 0.846842 1.018398
v 0.573520 0.538790 1.018398
v 0.573520 0.726372 1.018398
v 0.586340 0.726372 1.018398
v 0.573520 0.726372 1.003754
v 0.457773 0.726372 1.018398
v 0.573520 0.741853 1.018398
v 0.573520 0.741853 1.003754
v 0.586340 0.741853 1.018398
v 0.457773 0.741853 1.003754
v 0.457773 0.741853 1.018398
v 0.457773 0.726372 1.003754
v 0.573520 0.538790 1.003754
v 0.457773 0.550899 1.003754
v 0.457773 0.834733 1.003754
v 0.573520 0.846842 1.003754
v 0.710128 0.556039 1.023237
v 0.710128 0.834092 1.023237
v 0.598684 0.846029 1.023237
v 0.598684 0.544103 1.023237
v 0.710128 0.727272 1.023237
v 0.710128 0.742533 1.023237
v 0.737707 0.536089 1.023237
v 0.737707 0.854043 1.023237
v 0.615172 0.867167 1.023237
v 0.615172 0.522965 1.023237
v 0.737707 0.736591 1.023237
v 0.737707 0.753371 1.023237
v 0.737707 0.536089 0.966803
v 0.737707 0.854043 0.966803
v 0.615172 0.867167 0.966803
v 0.615172 0.522965 0.966803
v 0.737707 0.736591 0.966803
v 0.737707 0.753371 0.966803
v 0.710128 0.556039 1.004074
v 0.710128 0.834092 1.004074
v 0.598684 0.846029 1.004074
v 0.598684 0.544103 1.004074
v 0.710128 0.727272 1.004074
v 0.710128 0.742533 1.004074
v 0.462553 0.556039 1.023237
v 0.462553 0.834092 1.023237
v 0.586341 0.542781 1.023237
v 0.586340 0.847351 1.023237
v 0.573997 0.846029 1.023237
v 0.573997 0.544103 1.023237
v 0.462553 0.727272 1.023237
v 0.462553 0.742533 1.023237
v 0.434974 0.536089 1.023237
v 0.434974 0.854043 1.023237
v 0.586341 0.521511 1.023237
v 0.586340 0.868621 1.023237
v 0.557509 0.867167 1.023237
v 0.557509 0.522965 1.023237
v 0.434974 0.736591 1.023237
v 0.434974 0.753371 1.023237
v 0.434974 0.536089 0.966803
v 0.434974 0.854043 0.966803
v 0.586341 0.521511 0.966803
v 0.586340 0.868621 0.966803
v 0.557509 0.867167 0.966803
v 0.557509 0.522965 0.966803
v 0.434974 0.736591 0.966803
v 0.434974 0.753371 0.966803
v 0.462553 0.556039 1.004074
v 0.462553 0.834092 1.004074
v 0.586341 0.542781 1.004074
v 0.586340 0.847351 1.004074
v 0.573997 0.846029 1.004074
v 0.573997 0.544103 1.004074
v 0.462553 0.727272 1.004074
v 0.462553 0.742533 1.004074
v 0.710128 1.619028 1.023237
v 0.710128 2.019949 1.023237
v 0.598684 2.031886 1.023237
v 0.598684 1.607092 1.023237
v 0.710128 1.913128 1.023237
v 0.710128 1.928389 1.023237
v 0.710128 1.744863 1.023237
v 0.710128 1.729177 1.023237
v 0.737707 1.599078 1.023237
v 0.737707 2.039899 1.023237
v 0.615172 2.053023 1.023237
v 0.615172 1.585954 1.023237
v 0.737707 1.922447 1.023237
v 0.737707 1.939227 1.023237
v 0.737707 1.737436 1.023237
v 0.737707 1.720188 1.023237
v 0.737707 1.599078 0.966803
v 0.737707 2.039899 0.966803
v 0.615172 2.053023 0.966803
v 0.615172 1.585954 0.966803
v 0.737707 1.922447 0.966803
v 0.737707 1.939227 0.966803
v 0.737707 1.737436 0.966803
v 0.737707 1.720188 0.966803
v 0.710128 1.619028 1.004074
v 0.710128 2.019949 1.004074
v 0.598684 2.031886 1.004074
v 0.598684 1.607092 1.004074
v 0.710128 1.913128 1.004074
v 0.710128 1.928389 1.004074
v 0.710128 1.744863 1.004074
v 0.710128 1.729177 1.004074
v 0.462553 1.619028 1.023237
v 0.462553 2.019949 1.023237
v 0.586341 1.605770 1.023237
v 0.586341 2.033207 1.023237
v 0.573997 2.031886 1.023237
v 0.573997 1.607092 1.023237
v 0.462553 1.913128 1.023237
v 0.462553 1.928389 1.023237
v 0.462553 1.744863 1.023237
v 0.462553 1.729177 1.023237
v 0.434974 1.599078 1.023237
v 0.434974 2.039899 1.023237
v 0.586341 1.584500 1.023237
v 0.586341 2.054477 1.023237
v 0.557509 2.053023 1.023237
v 0.557509 1.585954 1.023237
v 0.434974 1.922447 1.023237
v 0.434974 1.939227 1.023237
v 0.434974 1.737436 1.023237
v 0.434974 1.720188 1.023237
v 0.434974 1.599078 0.966803
v 0.434974 2.039899 0.966803
v 0.586341 1.584500 0.966803
v 0.586341 2.054477 0.966803
v 0.557509 2.053023 0.966803
v 0.557509 1.585954 0.966803
v 0.434974 1.922447 0.966803
v 0.434974 1.939227 0.966803
v 0.434974 1.737436 0.966803
v 0.434974 1.720188 0.966803
v 0.462553 1.619028 1.004074
v 0.462553 2.019949 1.004074
v 0.586341 1.605770 1.004074
v 0.586341 2.033207 1.004074
v 0.573997 2.031886 1.004074
v 0.573997 1.607092 1.004074
v 0.462553 1.913128 1.004074
v 0.462553 1.928389 1.004074
v 0.462553 1.744863 1.004074
v 0.462553 1.729177 1.004074
v 0.599160 2.034438 1.018343
v 0.599160 1.603520 1.018343
v 0.599160 1.913969 1.018343
v 0.714908 1.727365 1.003699
v 0.599160 1.743277 1.003699
v 0.599160 1.913969 1.003699
v 0.714908 1.913969 1.018343
v 0.599160 1.929450 1.018343
v 0.599160 1.727365 1.003699
v 0.599160 1.929450 1.003699
v 0.714908 1.929450 1.003699
v 0.714908 1.929450 1.018343
v 0.714908 1.743277 1.018343
v 0.714908 1.913969 1.003699
v 0.714908 1.743277 1.003699
v 0.599160 1.603520 1.003699
v 0.599160 1.743277 1.018343
v 0.714908 1.615628 1.003699
v 0.714908 2.022330 1.003699
v 0.599160 2.034438 1.003699
v 0.599160 1.727365 1.018343
v 0.714908 1.727365 1.018343
v 0.586340 1.602179 1.018343
v 0.586340 2.035779 1.018343
v 0.573520 2.034438 1.018343
v 0.573520 1.603520 1.018343
v 0.573520 1.913969 1.018343
v 0.457773 1.727365 1.003699
v 0.573520 1.743277 1.003699
v 0.586340 1.913969 1.018343
v 0.573520 1.913969 1.003699
v 0.457773 1.913969 1.018343
v 0.573520 1.929450 1.018343
v 0.573520 1.727365 1.003699
v 0.573520 1.929450 1.003699
v 0.586340 1.929450 1.018343
v 0.457773 1.929450 1.003699
v 0.457773 1.929450 1.018343
v 0.457773 1.743277 1.018343
v 0.457773 1.913969 1.003699
v 0.586340 1.743277 1.018343
v 0.457773 1.743277 1.003699
v 0.573520 1.603520 1.003699
v 0.573520 1.743277 1.018343
v 0.457773 1.615628 1.003699
v 0.586340 1.727365 1.018343
v 0.457773 2.022330 1.003699
v 0.573520 2.034438 1.003699
v 0.573520 1.727365 1.018343
v 0.457773 1.727365 1.018343
v 1.077017 1.312004 0.935583
v 0.987570 1.312004 0.935583
v 1.077017 1.312004 0.833102
v 0.987570 1.312004 0.833102
v 1.018786 1.150690 0.935583
v 0.987570 1.150690 0.935583
v 0.987570 1.150690 0.833102
v 1.018786 1.150690 0.833102
v 1.077017 1.256277 0.833102
v 1.077017 1.256277 0.935583
v 0.987570 1.256277 0.935583
v 0.987570 1.256277 0.833102
v 1.030573 1.213804 0.833102
v 0.987570 1.213804 0.935583
v 1.030573 1.213804 0.935583
v 0.987570 1.213804 0.833102
v 1.045309 1.235040 0.935583
v 0.987570 1.235040 0.833102
v 1.045309 1.235040 0.833102
v 0.987570 1.235040 0.935583
v 1.077017 1.312004 0.648638
v 0.987570 1.312004 0.648638
v 1.077017 1.312004 0.546158
v 0.987570 1.312004 0.546158
v 1.018786 1.150690 0.648638
v 0.987570 1.150690 0.648638
v 0.987570 1.150690 0.546158
v 1.018786 1.150690 0.546158
v 1.077017 1.256277 0.546158
v 1.077017 1.256277 0.648638
v 0.987570 1.256277 0.648638
v 0.987570 1.256277 0.546158
v 1.030573 1.213804 0.546158
v 0.987570 1.213804 0.648638
v 1.030573 1.213804 0.648638
v 0.987570 1.213804 0.546158
v 1.045309 1.235040 0.648638
v 0.987570 1.235040 0.546158
v 1.045309 1.235040 0.546158
v 0.987570 1.235040 0.648638
v 1.077017 1.312004 0.361694
v 0.987570 1.312004 0.361694
v 1.077017 1.312004 0.259214
v 0.987570 1.312004 0.259214
v 1.018786 1.150690 0.361694
v 0.987570 1.150690 0.361694
v 0.987570 1.150690 0.259214
v 1.018786 1.150690 0.259214
v 1.077017 1.256277 0.259214
v 1.077017 1.256277 0.361694
v 0.987570 1.256277 0.361694
v 0.987570 1.256277 0.259214
v 1.030573 1.213804 0.259214
v 0.987570 1.213804 0.361694
v 1.030573 1.213804 0.361694
v 0.987570 1.213804 0.259214
v 1.045309 1.235040 0.361694
v 0.987570 1.235040 0.259214
v 1.045309 1.235040 0.259214
v 0.987570 1.235040 0.361694
v 1.077017 1.312004 0.074750
v 0.987570 1.312004 0.074750
v 1.077017 1.312004 -0.027730
v 0.987570 1.312004 -0.027730
v 1.018786 1.150690 0.074750
v 0.987570 1.150690 0.074750
v 0.987570 1.150690 -0.027730
v 1.018786 1.150690 -0.027730
v 1.077017 1.256277 -0.027730
v 1.077017 1.256277 0.074750
v 0.987570 1.256277 0.074750
v 0.987570 1.256277 -0.027730
v 1.030573 1.213804 -0.027730
v 0.987570 1.213804 0.074750
v 1.030573 1.213804 0.074750
v 0.987570 1.213804 -0.027730
v 1.045309 1.235040 0.074750
v 0.987570 1.235040 -0.027730
v 1.045309 1.235040 -0.027730
v 0.987570 1.235040 0.074750
v 1.077017 1.312004 -0.212194
v 0.987570 1.312004 -0.212194
v 1.077017 1.312004 -0.314674
v 0.987570 1.312004 -0.314674
v 1.018786 1.150690 -0.212194
v 0.987570 1.150690 -0.212194
v 0.987570 1.150690 -0.314674
v 1.018786 1.150690 -0.314674
v 1.077017 1.256277 -0.314674
v 1.077017 1.256277 -0.212194
v 0.987570 1.256277 -0.212194
v 0.987570 1.256277 -0.314674
v 1.030573 1.213804 -0.314674
v 0.987570 1.213804 -0.212194
v 1.030573 1.213804 -0.212194
v 0.987570 1.213804 -0.314674
v 1.045309 1.235040 -0.212194
v 0.987570 1.235040 -0.314674
v 1.045309 1.235040 -0.314674
v 0.987570 1.235040 -0.212194
v 1.077017 1.312004 -0.499138
v 0.987570 1.312004 -0.499138
v 1.077017 1.312004 -0.601618
v 0.987570 1.312004 -0.601618
v 1.018786 1.150690 -0.499138
v 0.987570 1.150690 -0.499138
v 0.987570 1.150690 -0.601618
v 1.018786 1.150690 -0.601618
v 1.077017 1.256277 -0.601618
v 1.077017 1.256277 -0.499138
v 0.987570 1.256277 -0.499138
v 0.987570 1.256277 -0.601618
v 1.030573 1.213804 -0.601618
v 0.987570 1.213804 -0.499138
v 1.030573 1.213804 -0.499138
v 0.987570 1.213804 -0.601618
v 1.045309 1.235040 -0.499138
v 0.987570 1.235040 -0.601618
v 1.045309 1.235040 -0.601618
v 0.987570 1.235040 -0.499138
v 1.077017 1.312004 -0.786082
v 0.987570 1.312004 -0.786082
v 1.077017 1.312004 -0.888562
v 0.987570 1.312004 -0.888562
v 1.018786 1.150690 -0.786082
v 0.987570 1.150690 -0.786082
v 0.987570 1.150690 -0.888562
v 1.018786 1.150690 -0.888562
v 1.077017 1.256277 -0.888562
v 1.077017 1.256277 -0.786082
v 0.987570 1.256277 -0.786082
v 0.987570 1.256277 -0.888562
v 1.030573 1.213804 -0.888562
v 0.987570 1.213804 -0.786082
v 1.030573 1.213804 -0.786082
v 0.987570 1.213804 -0.888562
v 1.045309 1.235040 -0.786082
v 0.987570 1.235040 -0.888562
v 1.045309 1.235040 -0.888562
v 0.987570 1.235040 -0.786082
v 0.913562 1.312004 -1.070461
v 0.913562 1.312004 -0.981014
v 0.811082 1.312004 -1.070461
v 0.811082 1.312004 -0.981014
v 0.913562 1.150690 -1.012229
v 0.913562 1.150690 -0.981014
v 0.811082 1.150690 -0.981014
v 0.811082 1.150690 -1.012229
v 0.811082 1.256277 -1.070461
v 0.913562 1.256277 -1.070461
v 0.913562 1.256277 -0.981014
v 0.811082 1.256277 -0.981014
v 0.811082 1.213804 -1.024016
v 0.913562 1.213804 -0.981014
v 0.913562 1.213804 -1.024016
v 0.811082 1.213804 -0.981014
v 0.913562 1.235041 -1.038753
v 0.811082 1.235041 -0.981014
v 0.811082 1.235041 -1.038753
v 0.913562 1.235041 -0.981014
v 0.626617 1.312004 -1.070461
v 0.626617 1.312004 -0.981014
v 0.524137 1.312004 -1.070461
v 0.524137 1.312004 -0.981014
v 0.626617 1.150690 -1.012229
v 0.626617 1.150690 -0.981014
v 0.524137 1.150690 -0.981014
v 0.524137 1.150690 -1.012229
v 0.524137 1.256277 -1.070461
v 0.626617 1.256277 -1.070461
v 0.626617 1.256277 -0.981014
v 0.524137 1.256277 -0.981014
v 0.524137 1.213804 -1.024016
v 0.626617 1.213804 -0.981014
v 0.626617 1.213804 -1.024016
v 0.524137 1.213804 -0.981014
v 0.626617 1.235041 -1.038753
v 0.524137 1.235041 -0.981014
v 0.524137 1.235041 -1.038753
v 0.626617 1.235041 -0.981014
v 0.339673 1.312004 -1.070461
v 0.339673 1.312004 -0.981014
v 0.237193 1.312004 -1.070461
v 0.237193 1.312004 -0.981014
v 0.339673 1.150690 -1.012229
v 0.339673 1.150690 -0.981014
v 0.237193 1.150690 -0.981014
v 0.237193 1.150690 -1.012229
v 0.237193 1.256277 -1.070461
v 0.339673 1.256277 -1.070461
v 0.339673 1.256277 -0.981014
v 0.237193 1.256277 -0.981014
v 0.237193 1.213804 -1.024016
v 0.339673 1.213804 -0.981014
v 0.339673 1.213804 -1.024016
v 0.237193 1.213804 -0.981014
v 0.339673 1.235041 -1.038753
v 0.237193 1.235041 -0.981014
v 0.237193 1.235041 -1.038753
v 0.339673 1.235041 -0.981014
v 0.052729 1.312004 -1.070461
v 0.052729 1.312004 -0.981014
v -0.049751 1.312004 -1.070461
v -0.049751 1.312004 -0.981014
v 0.052729 1.150690 -1.012229
v 0.052729 1.150690 -0.981014
v -0.049751 1.150690 -0.981014
v -0.049751 1.150690 -1.012229
v -0.049751 1.256277 -1.070461
v 0.052729 1.256277 -1.070461
v 0.052729 1.256277 -0.981014
v -0.049751 1.256277 -0.981014
v -0.049751 1.213804 -1.024016
v 0.052729 1.213804 -0.981014
v 0.052729 1.213804 -1.024016
v -0.049751 1.213804 -0.981014
v 0.052729 1.235041 -1.038753
v -0.049751 1.235041 -0.981014
v -0.049751 1.235041 -1.038753
v 0.052729 1.235041 -0.981014
v -0.234215 1.312004 -1.070461
v -0.234215 1.312004 -0.981014
v -0.336695 1.312004 -1.070461
v -0.336695 1.312004 -0.981014
v -0.234215 1.150690 -1.012229
v -0.234215 1.150690 -0.981014
v -0.336695 1.150690 -0.981014
v -0.336695 1.150690 -1.012229
v -0.336695 1.256277 -1.070461
v -0.234215 1.256277 -1.070461
v -0.234215 1.256277 -0.981014
v -0.336695 1.256277 -0.981014
v -0.336695 1.213804 -1.024016
v -0.234215 1.213804 -0.981014
v -0.234215 1.213804 -1.024016
v -0.336695 1.213804 -0.981014
v -0.234215 1.235041 -1.038753
v -0.336695 1.235041 -0.981014
v -0.336695 1.235041 -1.038753
v -0.234215 1.235041 -0.981014
v -0.521159 1.312004 -1.070461
v -0.521159 1.312004 -0.981014
v -0.623639 1.312004 -1.070461
v -0.623639 1.312004 -0.981014
v -0.521159 1.150690 -1.012229
v -0.521159 1.150690 -0.981014
v -0.623639 1.150690 -0.981014
v -0.623639 1.150690 -1.012229
v -0.623639 1.256277 -1.070461
v -0.521159 1.256277 -1.070461
v -0.521159 1.256277 -0.981014
v -0.623639 1.256277 -0.981014
v -0.623639 1.213804 -1.024016
v -0.521159 1.213804 -0.981014
v -0.521159 1.213804 -1.024016
v -0.623639 1.213804 -0.981014
v -0.521159 1.235041 -1.038753
v -0.623639 1.235041 -0.981014
v -0.623639 1.235041 -1.038753
v -0.521159 1.235041 -0.981014
v -0.808103 1.312004 -1.070461
v -0.808103 1.312004 -0.981014
v -0.910583 1.312004 -1.070461
v -0.910583 1.312004 -0.981014
v -0.808103 1.150690 -1.012229
v -0.808103 1.150690 -0.981014
v -0.910583 1.150690 -0.981014
v -0.910583 1.150690 -1.012229
v -0.910583 1.256277 -1.070461
v -0.808103 1.256277 -1.070461
v -0.808103 1.256277 -0.981014
v -0.910583 1.256277 -0.981014
v -0.910583 1.213804 -1.024016
v -0.808103 1.213804 -0.981014
v -0.808103 1.213804 -1.024016
v -0.910583 1.213804 -0.981014
v -0.808103 1.235041 -1.038753
v -0.910583 1.235041 -0.981014
v -0.910583 1.235041 -1.038753
v -0.808103 1.235041 -0.981014
v -1.077017 1.312004 -0.935583
v -0.987570 1.312004 -0.935583
v -1.077017 1.312004 -0.833102
v -0.987570 1.312004 -0.833102
v -1.018786 1.150690 -0.935583
v -0.987570 1.150690 -0.935583
v -0.987570 1.150690 -0.833102
v -1.018786 1.150690 -0.833102
v -1.077017 1.256277 -0.833102
v -1.077017 1.256277 -0.935583
v -0.987570 1.256277 -0.935583
v -0.987570 1.256277 -0.833102
v -1.030573 1.213804 -0.833102
v -0.987570 1.213804 -0.935583
v -1.030573 1.213804 -0.935583
v -0.987570 1.213804 -0.833102
v -1.045309 1.235041 -0.935583
v -0.987570 1.235041 -0.833102
v -1.045309 1.235041 -0.833102
v -0.987570 1.235041 -0.935583
v -1.077017 1.312004 -0.648638
v -0.987570 1.312004 -0.648638
v -1.077017 1.312004 -0.546158
v -0.987570 1.312004 -0.546158
v -1.018786 1.150690 -0.648638
v -0.987570 1.150690 -0.648638
v -0.987570 1.150690 -0.546158
v -1.018786 1.150690 -0.546158
v -1.077017 1.256277 -0.546158
v -1.077017 1.256277 -0.648638
v -0.987570 1.256277 -0.648638
v -0.987570 1.256277 -0.546158
v -1.030573 1.213804 -0.546158
v -0.987570 1.213804 -0.648638
v -1.030573 1.213804 -0.648638
v -0.987570 1.213804 -0.546158
v -1.045309 1.235041 -0.648638
v -0.987570 1.235041 -0.546158
v -1.045309 1.235041 -0.546158
v -0.987570 1.235041 -0.648638
v -1.077017 1.312004 -0.361694
v -0.987570 1.312004 -0.361694
v -1.077017 1.312004 -0.259214
v -0.987570 1.312004 -0.259214
v -1.018786 1.150690 -0.361694
v -0.987570 1.150690 -0.361694
v -0.987570 1.150690 -0.259214
v -1.018786 1.150690 -0.259214
v -1.077017 1.256277 -0.259214
v -1.077017 1.256277 -0.361694
v -0.987570 1.256277 -0.361694
v -0.987570 1.256277 -0.259214
v -1.030573 1.213804 -0.259214
v -0.987570 1.213804 -0.361694
v -1.030573 1.213804 -0.361694
v -0.987570 1.213804 -0.259214
v -1.045309 1.235041 -0.361694
v -0.987570 1.235041 -0.259214
v -1.045309 1.235041 -0.259214
v -0.987570 1.235041 -0.361694
v -1.077017 1.312004 -0.074750
v -0.987570 1.312004 -0.074750
v -1.077017 1.312004 0.027730
v -0.987570 1.312004 0.027730
v -1.018786 1.150690 -0.074750
v -0.987570 1.150690 -0.074750
v -0.987570 1.150690 0.027730
v -1.018786 1.150690 0.027730
v -1.077017 1.256277 0.027730
v -1.077017 1.256277 -0.074750
v -0.987570 1.256277 -0.074750
v -0.987570 1.256277 0.027730
v -1.030573 1.213804 0.027730
v -0.987570 1.213804 -0.074750
v -1.030573 1.213804 -0.074750
v -0.987570 1.213804 0.027730
v -1.045309 1.235041 -0.074750
v -0.987570 1.235041 0.027730
v -1.045309 1.235041 0.027730
v -0.987570 1.235041 -0.074750
v -1.077017 1.312004 0.212194
v -0.987570 1.312004 0.212194
v -1.077017 1.312004 0.314674
v -0.987570 1.312004 0.314674
v -1.018786 1.150690 0.212194
v -0.987570 1.150690 0.212194
v -0.987570 1.150690 0.314674
v -1.018786 1.150690 0.314674
v -1.077017 1.256277 0.314674
v -1.077017 1.256277 0.212194
v -0.987570 1.256277 0.212194
v -0.987570 1.256277 0.314674
v -1.030573 1.213804 0.314674
v -0.987570 1.213804 0.212194
v -1.030573 1.213804 0.212194
v -0.987570 1.213804 0.314674
v -1.045309 1.235041 0.212194
v -0.987570 1.235041 0.314674
v -1.045309 1.235041 0.314674
v -0.987570 1.235041 0.212194
v -1.077017 1.312004 0.499138
v -0.987570 1.312004 0.499138
v -1.077017 1.312004 0.601618
v -0.987570 1.312004 0.601618
v -1.018786 1.150690 0.499138
v -0.987570 1.150690 0.499138
v -0.987570 1.150690 0.601618
v -1.018786 1.150690 0.601618
v -1.077017 1.256277 0.601618
v -1.077017 1.256277 0.499138
v -0.987570 1.256277 0.499138
v -0.987570 1.256277 0.601618
v -1.030573 1.213804 0.601618
v -0.987570 1.213804 0.499138
v -1.030573 1.213804 0.499138
v -0.987570 1.213804 0.601618
v -1.045309 1.235041 0.499138
v -0.987570 1.235041 0.601618
v -1.045309 1.235041 0.601618
v -0.987570 1.235041 0.499138
v -1.077017 1.312004 0.786082
v -0.987570 1.312004 0.786082
v -1.077017 1.312004 0.888562
v -0.987570 1.312004 0.888562
v -1.018786 1.150690 0.786082
v -0.987570 1.150690 0.786082
v -0.987570 1.150690 0.888562
v -1.018786 1.150690 0.888562
v -1.077017 1.256277 0.888562
v -1.077017 1.256277 0.786082
v -0.987570 1.256277 0.786082
v -0.987570 1.256277 0.888562
v -1.030573 1.213804 0.888562
v -0.987570 1.213804 0.786082
v -1.030573 1.213804 0.786082
v -0.987570 1.213804 0.888562
v -1.045309 1.235041 0.786082
v -0.987570 1.235041 0.888562
v -1.045309 1.235041 0.888562
v -0.987570 1.235041 0.786082
v -0.913562 1.312004 1.070461
v -0.913562 1.312004 0.981014
v -0.811082 1.312004 1.070461
v -0.811082 1.312004 0.981014
v -0.913562 1.150690 1.012229
v -0.913562 1.150690 0.981014
v -0.811082 1.150690 0.981014
v -0.811082 1.150690 1.012229
v -0.811082 1.256277 1.070461
v -0.913562 1.256277 1.070461
v -0.913562 1.256277 0.981014
v -0.811082 1.256277 0.981014
v -0.811082 1.213804 1.024016
v -0.913562 1.213804 0.981014
v -0.913562 1.213804 1.024016
v -0.811082 1.213804 0.981014
v -0.913562 1.235041 1.038753
v -0.811082 1.235041 0.981014
v -0.811082 1.235041 1.038753
v -0.913562 1.235041 0.981014
v -0.626618 1.312004 1.070461
v -0.626618 1.312004 0.981014
v -0.524137 1.312004 1.070461
v -0.524137 1.312004 0.981014
v -0.626618 1.150690 1.012229
v -0.626618 1.150690 0.981014
v -0.524137 1.150690 0.981014
v -0.524137 1.150690 1.012229
v -0.524137 1.256277 1.070461
v -0.626618 1.256277 1.070461
v -0.626618 1.256277 0.981014
v -0.524137 1.256277 0.981014
v -0.524137 1.213804 1.024016
v -0.626618 1.213804 0.981014
v -0.626618 1.213804 1.024016
v -0.524137 1.213804 0.981014
v -0.626618 1.235041 1.038753
v -0.524137 1.235041 0.981014
v -0.524137 1.235041 1.038753
v -0.626618 1.235041 0.981014
v -0.339673 1.312004 1.070461
v -0.339673 1.312004 0.981014
v -0.237193 1.312004 1.070461
v -0.237193 1.312004 0.981014
v -0.339673 1.150690 1.012229
v -0.339673 1.150690 0.981014
v -0.237193 1.150690 0.981014
v -0.237193 1.150690 1.012229
v -0.237193 1.256277 1.070461
v -0.339673 1.256277 1.070461
v -0.339673 1.256277 0.981014
v -0.237193 1.256277 0.981014
v -0.237193 1.213804 1.024016
v -0.339673 1.213804 0.981014
v -0.339673 1.213804 1.024016
v -0.237193 1.213804 0.981014
v -0.339673 1.235041 1.038753
v -0.237193 1.235041 0.981014
v -0.237193 1.235041 1.038753
v -0.339673 1.235041 0.981014
v -0.052729 1.312004 1.070461
v -0.052729 1.312004 0.981014
v 0.049751 1.312004 1.070461
v 0.049751 1.312004 0.981014
v -0.052729 1.150690 1.012229
v -0.052729 1.150690 0.981014
v 0.049751 1.150690 0.981014
v 0.049751 1.150690 1.012229
v 0.049751 1.256277 1.070461
v -0.052729 1.256277 1.070461
v -0.052729 1.256277 0.981014
v 0.049751 1.256277 0.981014
v 0.049751 1.213804 1.024016
v -0.052729 1.213804 0.981014
v -0.052729 1.213804 1.024016
v 0.049751 1.213804 0.981014
v -0.052729 1.235041 1.038753
v 0.049751 1.235041 0.981014
v 0.049751 1.235041 1.038753
v -0.052729 1.235041 0.981014
v 0.234215 1.312004 1.070461
v 0.234215 1.312004 0.981014
v 0.336695 1.312004 1.070461
v 0.336695 1.312004 0.981014
v 0.234215 1.150690 1.012229
v 0.234215 1.150690 0.981014
v 0.336695 1.150690 0.981014
v 0.336695 1.150690 1.012229
v 0.336695 1.256277 1.070461
v 0.234215 1.256277 1.070461
v 0.234215 1.256277 0.981014
v 0.336695 1.256277 0.981014
v 0.336695 1.213804 1.024016
v 0.234215 1.213804 0.981014
v 0.234215 1.213804 1.024016
v 0.336695 1.213804 0.981014
v 0.234215 1.235041 1.038753
v 0.336695 1.235041 0.981014
v 0.336695 1.235041 1.038753
v 0.234215 1.235041 0.981014
v 0.521159 1.312004 1.070461
v 0.521159 1.312004 0.981014
v 0.623639 1.312004 1.070461
v 0.623639 1.312004 0.981014
v 0.521159 1.150690 1.012229
v 0.521159 1.150690 0.981014
v 0.623639 1.150690 0.981014
v 0.623639 1.150690 1.012229
v 0.623639 1.256277 1.070461
v 0.521159 1.256277 1.070461
v 0.521159 1.256277 0.981014
v 0.623639 1.256277 0.981014
v 0.623639 1.213804 1.024016
v 0.521159 1.213804 0.981014
v 0.521159 1.213804 1.024016
v 0.623639 1.213804 0.981014
v 0.521159 1.235041 1.038753
v 0.623639 1.235041 0.981014
v 0.623639 1.235041 1.038753
v 0.521159 1.235041 0.981014
v 0.808103 1.312004 1.070461
v 0.808103 1.312004 0.981014
v 0.910583 1.312004 1.070461
v 0.910583 1.312004 0.981014
v 0.808103 1.150690 1.012229
v 0.808103 1.150690 0.981014
v 0.910583 1.150690 0.981014
v 0.910583 1.150690 1.012229
v 0.910583 1.256277 1.070461
v 0.808103 1.256277 1.070461
v 0.808103 1.256277 0.981014
v 0.910583 1.256277 0.981014
v 0.910583 1.213804 1.024016
v 0.808103 1.213804 0.981014
v 0.808103 1.213804 1.024016
v 0.910583 1.213804 0.981014
v 0.808103 1.235041 1.038753
v 0.910583 1.235041 0.981014
v 0.910583 1.235041 1.038753
v 0.808103 1.235041 0.981014
v -0.219323 -0.013159 0.987296
v -0.219323 0.903765 0.987296
v -0.219323 0.715268 0.987296
v -0.219323 0.535127 0.987296
v -0.219323 0.354986 0.987296
v -0.152954 0.838401 0.987296
v -0.152954 0.745423 0.987296
v -0.152954 0.679240 0.987296
v -0.152954 0.571155 0.987296
v -0.152954 0.499099 0.987296
v -0.152954 0.391014 0.987296
v -0.152954 0.044694 0.987296
v -0.152954 0.297133 0.987296
v -0.152954 0.838401 0.979458
v -0.152954 0.745423 0.979458
v -0.152954 0.679240 0.979458
v -0.152954 0.571155 0.979458
v -0.152954 0.499099 0.979458
v -0.152954 0.391014 0.979458
v -0.152954 0.044694 0.979458
v -0.152954 0.297133 0.979458
v -0.137647 0.830360 0.979458
v -0.137647 0.753464 0.979458
v -0.137647 0.669632 0.979458
v -0.137647 0.580763 0.979458
v -0.137647 0.489491 0.979458
v -0.137647 0.400622 0.979458
v -0.137647 0.060122 0.979458
v -0.137647 0.281705 0.979458
v -0.137647 0.830360 0.974855
v -0.137647 0.753464 0.974855
v -0.137647 0.669632 0.974855
v -0.137647 0.580763 0.974855
v -0.137647 0.489491 0.974855
v -0.137647 0.400622 0.974855
v -0.137647 0.060122 0.974855
v -0.137647 0.281705 0.974855
v -0.219323 -0.013159 0.944359
v -0.219323 0.903765 0.944359
v -0.219323 0.715268 0.944359
v -0.219323 0.535127 0.944359
v -0.219323 0.354986 0.944359
v 0.000000 0.903765 0.987296
v 0.000000 -0.013159 0.987296
v 0.219323 -0.013159 0.987296
v 0.219323 0.903765 0.987296
v 0.000000 0.715268 0.987296
v 0.000000 0.535127 0.987296
v 0.000000 0.354986 0.987296
v 0.219323 0.715268 0.987296
v 0.219323 0.535127 0.987296
v 0.219323 0.354986 0.987296
v 0.000000 0.838401 0.987296
v 0.152954 0.838401 0.987296
v 0.000000 0.745423 0.987296
v 0.152954 0.745423 0.987296
v 0.000000 0.679240 0.987296
v 0.000000 0.571155 0.987296
v 0.152954 0.679240 0.987296
v 0.152954 0.571155 0.987296
v 0.000000 0.499099 0.987296
v 0.000000 0.391014 0.987296
v 0.152954 0.499099 0.987296
v 0.152954 0.391014 0.987296
v 0.000000 0.297133 0.987296
v 0.000000 0.044694 0.987296
v 0.152954 0.044694 0.987296
v 0.152954 0.297133 0.987296
v 0.000000 0.838401 0.979458
v 0.152954 0.838401 0.979458
v 0.000000 0.745423 0.979458
v 0.152954 0.745423 0.979458
v 0.000000 0.679240 0.979458
v 0.000000 0.571155 0.979458
v 0.152954 0.679240 0.979458
v 0.152954 0.571155 0.979458
v 0.000000 0.499099 0.979458
v 0.000000 0.391014 0.979458
v 0.152954 0.499099 0.979458
v 0.152954 0.391014 0.979458
v 0.000000 0.297133 0.979458
v 0.000000 0.044694 0.979458
v 0.152954 0.044694 0.979458
v 0.152954 0.297133 0.979458
v 0.000000 0.830360 0.979458
v 0.137647 0.830360 0.979458
v 0.000000 0.753464 0.979458
v 0.137647 0.753464 0.979458
v 0.000000 0.669632 0.979458
v 0.000000 0.580763 0.979458
v 0.137647 0.669632 0.979458
v 0.137647 0.580763 0.979458
v 0.000000 0.489491 0.979458
v 0.000000 0.400622 0.979458
v 0.137647 0.489491 0.979458
v 0.137647 0.400622 0.979458
v 0.000000 0.281705 0.979458
v 0.000000 0.060122 0.979458
v 0.137647 0.060122 0.979458
v 0.137647 0.281705 0.979458
v 0.000000 0.830360 0.974855
v 0.137647 0.830360 0.974855
v 0.000000 0.753464 0.974855
v 0.137647 0.753464 0.974855
v 0.000000 0.669632 0.974855
v 0.000000 0.580763 0.974855
v 0.137647 0.669632 0.974855
v 0.137647 0.580763 0.974855
v 0.000000 0.489491 0.974855
v 0.000000 0.400622 0.974855
v 0.137647 0.489491 0.974855
v 0.137647 0.400622 0.974855
v 0.000000 0.281705 0.974855
v 0.000000 0.060122 0.974855
v 0.137647 0.060122 0.974855
v 0.137647 0.281705 0.974855
v 0.000000 0.903765 0.944359
v 0.000000 -0.013159 0.944359
v 0.219323 -0.013159 0.944359
v 0.219323 0.903765 0.944359
v 0.219323 0.715268 0.944359
v 0.219323 0.535127 0.944359
v 0.219323 0.354986 0.944359
v -1.003223 2.356533 1.100675
v -0.961694 2.356533 1.150097
v -0.961694 2.356533 -1.150097
v -1.003223 2.356533 -1.100675
v -1.030408 2.472669 1.138925
v -0.987436 2.472669 1.190065
v -0.987436 2.472669 -1.190065
v -1.030408 2.472669 -1.138925
v -0.987436 2.438024 -1.190065
v -0.987436 2.438024 1.190065
v -1.030408 2.438024 1.138925
v -1.030408 2.438024 -1.138925
v -0.961694 2.434421 1.150097
v -1.003223 2.434421 1.100675
v -0.961694 2.434421 -1.150097
v -1.003223 2.434421 -1.100675
v 1.047657 2.356533 1.100675
v 1.006128 2.356533 1.150097
v 1.006128 2.356533 -1.150097
v 1.047657 2.356533 -1.100675
v 0.022217 2.981185 1.150097
v 0.022217 2.981185 -1.150097
v 1.074842 2.472669 1.138925
v 1.031869 2.472669 1.190065
v 1.031869 2.472669 -1.190065
v 1.074842 2.472669 -1.138925
v 0.022217 3.118052 1.190065
v 0.022217 3.118052 -1.190065
v 1.031869 2.438024 -1.190065
v 0.022217 3.083678 -1.190065
v 1.031869 2.438024 1.190065
v 1.074842 2.438024 1.138925
v 1.074842 2.438024 -1.138925
v 0.022217 3.083678 1.190065
v 0.022217 3.058463 -1.150097
v 1.006128 2.434421 1.150097
v 1.047657 2.434421 1.100675
v 1.006128 2.434421 -1.150097
v 1.047657 2.434421 -1.100675
v 0.022217 3.058463 1.150097
vn -0.0000 -0.0000 1.0000
vn -0.0000 -0.0000 -1.0000
vn 1.0000 -0.0000 -0.0000
vn -0.0000 -1.0000 -0.0000
vn -0.0000 1.0000 -0.0000
vn -1.0000 -0.0000 -0.0000
vn -0.0178 0.9998 -0.0000
vn 0.7064 -0.0000 0.7078
vn -0.7064 -0.0000 -0.7078
vn 0.7064 -0.0000 -0.7078
vn -0.7064 -0.0000 0.7078
vn 0.0178 0.9998 -0.0000
vn -0.0091 0.9999 0.0091
vn 0.0091 0.9999 -0.0091
vn -0.0000 0.9998 -0.0178
vn -0.0000 0.9998 0.0178
vn -0.0091 0.9999 -0.0091
vn 0.0091 0.9999 0.0091
vn -0.7071 -0.0000 0.7071
vn 0.7071 -0.0000 0.7071
vn -0.7071 -0.0000 -0.7071
vn 0.7071 -0.0000 -0.7071
vn 0.0037 -0.9999 0.0154
vn 0.0273 -0.9994 0.0194
vn -0.0189 0.9959 -0.0881
vn -0.0372 -0.9902 0.1344
vn -0.0112 0.9999 -0.0048
vn 0.0315 -0.9985 0.0456
vn 0.0056 -0.9999 -0.0087
vn 0.0233 0.9989 0.0408
vn 0.0251 -0.9987 0.0440
vn 0.0403 0.9975 -0.0582
vn 0.0387 -0.9980 0.0492
vn 0.0362 0.9959 -0.0832
vn -0.0096 1.0000 -0.0000
vn 0.0354 -0.9975 0.0619
vn 0.0284 0.9984 -0.0498
vn 0.0397 -0.9976 0.0570
vn -0.0000 0.9992 0.0407
vn -0.0000 -0.9999 0.0160
vn 0.0545 0.9951 -0.0822
vn 0.0228 0.9992 0.0331
vn -0.0128 -0.9999 -0.0000
vn -0.0245 0.9997 -0.0000
vn 0.0348 -0.9990 -0.0277
vn -0.0000 0.9977 -0.0685
vn -0.0089 0.9994 -0.0333
vn 0.0249 -0.9987 -0.0436
vn -0.0008 0.9984 -0.0557
vn 0.0140 -0.9997 0.0203
vn 0.0410 -0.9966 -0.0717
vn 0.0495 -0.9957 0.0781
vn -0.0000 0.9997 0.0225
vn -0.0247 -0.9997 -0.0000
vn 0.0023 0.9998 -0.0187
vn -0.0392 -0.9984 0.0412
vn -0.0171 0.9999 -0.0000
vn 0.0282 -0.9984 -0.0493
vn 0.0086 0.9999 -0.0131
vn -0.0060 -1.0000 -0.0000
vn 0.0105 0.9998 -0.0197
vn 0.0236 -0.9989 0.0414
vn -0.0000 0.9998 -0.0222
vn 0.0158 -0.9999 -0.0037
vn 0.0194 -0.9994 -0.0273
vn -0.0881 0.9959 0.0189
vn 0.1384 -0.9897 0.0372
vn -0.0049 0.9999 0.0112
vn 0.0551 -0.9980 -0.0315
vn -0.0087 -0.9999 -0.0056
vn 0.0408 0.9989 -0.0233
vn 0.0366 -0.9990 -0.0251
vn -0.0485 0.9980 -0.0403
vn 0.0409 -0.9984 -0.0387
vn -0.0693 0.9969 -0.0362
vn -0.0000 1.0000 0.0096
vn 0.0619 -0.9975 -0.0354
vn -0.0498 0.9984 -0.0284
vn 0.0688 -0.9968 -0.0397
vn 0.0491 0.9988 -0.0000
vn 0.0160 -0.9999 -0.0000
vn -0.0822 0.9951 -0.0545
vn 0.0400 0.9989 -0.0228
vn -0.0000 -0.9999 0.0128
vn -0.0000 0.9997 0.0245
vn -0.0277 -0.9990 -0.0348
vn -0.0685 0.9977 -0.0000
vn -0.0333 0.9994 0.0089
vn -0.0436 -0.9987 -0.0249
vn -0.0557 0.9984 0.0008
vn 0.0204 -0.9997 -0.0140
vn -0.0717 -0.9966 -0.0410
vn 0.0781 -0.9957 -0.0495
vn 0.0225 0.9997 -0.0000
vn -0.0000 -0.9997 0.0247
vn -0.0187 0.9998 -0.0023
vn 0.0412 -0.9984 0.0392
vn -0.0000 0.9999 0.0171
vn -0.0493 -0.9984 -0.0282
vn -0.0131 0.9999 -0.0086
vn -0.0000 -1.0000 0.0057
vn -0.0179 0.9998 -0.0099
vn 0.0414 -0.9989 -0.0236
vn -0.0222 0.9998 -0.0000
vn -0.0000 -1.0000 -0.0008
vn 0.0098 0.9999 0.0025
vn -0.0194 -0.9994 0.0273
vn 0.0881 0.9959 -0.0189
vn -0.0000 -0.9993 -0.0375
vn 0.1179 0.9927 -0.0236
vn 0.0622 0.9979 0.0158
vn 0.0087 -0.9999 0.0056
vn -0.0408 0.9989 0.0233
vn -0.0550 0.9985 -0.0000
vn 0.0415 -0.9991 0.0090
vn 0.0507 0.9986 0.0129
vn -0.0000 1.0000 -0.0096
vn 0.0073 0.9997 -0.0245
vn -0.2268 -0.9739 -0.0013
vn 0.0076 1.0000 -0.0004
vn -0.0160 -0.9999 -0.0000
vn 0.0822 0.9951 0.0545
vn -0.0407 0.9989 0.0228
vn -0.0443 -0.9990 0.0113
vn -0.0000 0.9997 -0.0228
vn 0.0277 -0.9990 0.0348
vn 0.0685 0.9977 -0.0000
vn -0.0924 -0.9954 0.0235
vn 0.0837 -0.9962 0.0249
vn 0.0404 0.9992 -0.0008
vn -0.0245 -0.9996 0.0140
vn 0.1595 -0.9864 0.0406
vn 0.0314 -0.9995 0.0080
vn -0.0505 0.9985 -0.0210
vn -0.0000 -0.9997 -0.0247
vn 0.0187 0.9998 0.0023
vn 0.0286 -0.9996 -0.0000
vn 0.1102 -0.9935 0.0280
vn -0.0672 0.9977 0.0013
vn -0.0000 -1.0000 -0.0058
vn 0.0180 0.9998 0.0100
vn -0.0037 -0.9999 -0.0145
vn -0.0273 -0.9994 -0.0194
vn 0.0189 0.9959 0.0881
vn 0.0372 -0.9912 -0.1270
vn 0.0112 0.9999 0.0045
vn -0.0315 -0.9985 -0.0446
vn -0.0056 -0.9999 0.0087
vn -0.0233 0.9989 -0.0408
vn -0.0251 -0.9987 -0.0440
vn -0.0403 0.9975 0.0582
vn -0.0321 -0.9983 -0.0492
vn -0.0301 0.9961 0.0832
vn 0.0132 0.9999 -0.0000
vn -0.0294 -0.9977 -0.0619
vn -0.0236 0.9985 0.0498
vn -0.0769 -0.9967 0.0276
vn -0.0000 0.9977 0.0685
vn -0.0269 -0.9987 0.0436
vn 0.0008 0.9984 0.0557
vn -0.0140 -0.9996 -0.0245
vn -0.0442 -0.9964 0.0717
vn -0.0495 -0.9957 -0.0781
vn -0.0000 0.9997 -0.0225
vn 0.0247 -0.9997 -0.0000
vn -0.0023 0.9998 0.0187
vn 0.0392 -0.9987 -0.0333
vn 0.0171 0.9999 -0.0000
vn -0.0282 -0.9987 0.0423
vn -0.0086 0.9999 0.0113
vn 0.0058 -1.0000 -0.0000
vn -0.0100 0.9998 0.0199
vn -0.0236 -0.9989 -0.0414
vn -0.0000 0.9998 0.0222
vn -0.9782 -0.2078 -0.0000
vn 0.0219 0.9984 -0.0516
vn -0.0387 -0.0004 0.9992
vn -0.9987 0.0043 -0.0516
vn 0.9782 -0.2078 -0.0000
vn -0.0219 0.9984 -0.0516
vn -0.0000 -0.0031 1.0000
vn 0.9994 0.0066 -0.0332
vn -0.5181 0.8553 -0.0085
vn 0.4954 0.8687 -0.0012
vn -0.1065 0.9943 -0.0000
vn -0.0504 -0.9987 -0.0000
vn -0.0504 0.9987 -0.0000
vn -0.1065 -0.9943 -0.0000
vn 0.1065 0.9943 -0.0000
vn 0.1065 -0.9943 -0.0000
vn 0.0504 -0.9987 -0.0000
vn 0.0504 0.9987 -0.0000
vn -0.0503 0.9987 -0.0000
vn 0.0503 0.9987 -0.0000
vn 0.9830 -0.1836 -0.0000
vn 0.8216 -0.5701 -0.0000
vn 0.5565 -0.8309 -0.0000
vn -0.0000 -0.1836 -0.9830
vn -0.0000 -0.5701 -0.8216
vn -0.0000 -0.8309 -0.5565
vn -0.9830 -0.1836 -0.0000
vn -0.8216 -0.5701 -0.0000
vn -0.5565 -0.8309 -0.0000
vn -0.0000 -0.1836 0.9830
vn -0.0000 -0.5701 0.8216
vn -0.0000 -0.8309 0.5565
vn -0.7656 -0.0000 0.6433
vn -0.7656 -0.0000 -0.6433
vn -0.5386 0.8426 -0.0000
vn 0.5360 -0.8442 -0.0000
vn -0.1314 -0.9913 -0.0000
vn -0.0605 -0.9969 -0.0509
vn 0.4727 -0.7453 0.4702
vn -0.0605 -0.9969 0.0509
vn 0.4727 -0.7453 -0.4702
vn 0.7656 -0.0000 0.6433
vn 0.7656 -0.0000 -0.6433
vn 0.5386 0.8426 -0.0000
vn -0.5360 -0.8442 -0.0000
vn 0.1314 -0.9913 -0.0000
vn 0.0605 -0.9969 -0.0509
vn -0.4727 -0.7453 0.4702
vn 0.0605 -0.9969 0.0509
vn -0.4727 -0.7453 -0.4702
vn 0.0101 -0.9999 -0.0106
vn 0.0018 0.9986 -0.0521
vn -0.0369 -0.9904 0.1330
vn -0.0237 0.9986 0.0470
vn -0.0022 1.0000 -0.0031
vn -0.0596 -0.9926 0.1054
vn -0.0161 0.9990 0.0406
vn 0.0090 -1.0000 -0.0028
vn -0.0181 0.9998 0.0118
vn -0.0417 -0.9965 0.0730
vn -0.0247 0.9993 -0.0264
vn -0.0245 0.9988 0.0429
vn -0.0013 -1.0000 -0.0025
vn -0.0004 0.9991 0.0413
vn -0.0346 -0.9965 0.0764
vn 0.0076 1.0000 -0.0000
vn -0.0316 -0.9985 -0.0458
vn -0.0418 -0.9978 0.0508
vn -0.0399 0.9988 -0.0270
vn 0.0369 -0.9988 -0.0314
vn -0.0096 0.9963 -0.0852
vn -0.0554 -0.9937 0.0970
vn -0.0168 0.9988 -0.0471
vn -0.0438 0.9905 -0.1306
vn -0.0115 -0.9998 -0.0166
vn 0.0080 -1.0000 0.0053
vn -0.0232 0.9977 0.0631
vn -0.0394 -0.9989 -0.0258
vn -0.0454 0.9937 -0.1020
vn 0.0009 -0.9996 -0.0291
vn -0.0244 0.9996 0.0128
vn -0.0053 -0.9999 0.0092
vn -0.0051 0.9999 0.0109
vn -0.0075 -1.0000 -0.0027
vn -0.0110 0.9991 -0.0414
vn -0.0106 -0.9999 -0.0101
vn -0.0521 0.9986 -0.0018
vn 0.1369 -0.9899 0.0368
vn 0.0485 0.9985 0.0237
vn -0.0038 1.0000 0.0022
vn 0.1054 -0.9926 0.0596
vn 0.0338 0.9993 0.0162
vn -0.0023 -1.0000 -0.0090
vn 0.0098 0.9998 0.0181
vn 0.0730 -0.9965 0.0417
vn -0.0264 0.9993 0.0247
vn 0.0429 0.9988 0.0245
vn -0.0030 -1.0000 0.0013
vn 0.0499 0.9988 0.0004
vn 0.0764 -0.9965 0.0346
vn -0.0000 1.0000 -0.0076
vn -0.0553 -0.9980 0.0316
vn 0.0508 -0.9978 0.0418
vn -0.0270 0.9988 0.0399
vn -0.0314 -0.9988 -0.0369
vn -0.0852 0.9963 0.0096
vn 0.0970 -0.9937 0.0554
vn -0.0471 0.9988 0.0168
vn -0.1306 0.9905 0.0438
vn -0.0167 -0.9998 0.0115
vn 0.0053 -1.0000 -0.0080
vn 0.0631 0.9977 0.0232
vn -0.0258 -0.9989 0.0394
vn -0.1020 0.9937 0.0454
vn -0.0291 -0.9996 -0.0009
vn 0.0128 0.9996 0.0244
vn 0.0092 -0.9999 0.0053
vn 0.0109 0.9999 0.0051
vn -0.0025 -1.0000 0.0071
vn -0.0414 0.9991 0.0110
vn -0.0031 -1.0000 -0.0000
vn 0.0106 -0.9999 0.0101
vn 0.0521 0.9986 0.0018
vn -0.1271 -0.9894 -0.0695
vn -0.0465 0.9987 0.0183
vn -0.0989 -0.9948 -0.0252
vn -0.1054 -0.9926 -0.0596
vn -0.0919 -0.9955 -0.0234
vn -0.1178 0.9929 -0.0160
vn 0.0063 -1.0000 -0.0000
vn -0.0710 0.9973 -0.0181
vn -0.0633 -0.9971 -0.0417
vn 0.0229 0.9994 -0.0247
vn -0.1578 -0.9867 -0.0401
vn 0.0850 0.9954 -0.0442
vn -0.2557 -0.9667 -0.0090
vn -0.1115 0.9933 0.0298
vn -0.0764 -0.9965 -0.0346
vn -0.0000 1.0000 0.0076
vn 0.1234 -0.9919 -0.0314
vn -0.0000 0.9999 0.0125
vn 0.0502 -0.9987 -0.0128
vn -0.0066 0.9997 -0.0245
vn 0.0314 -0.9988 0.0369
vn 0.0852 0.9963 -0.0096
vn -0.0351 0.9993 -0.0089
vn -0.0000 -1.0000 0.0036
vn 0.2908 0.9546 -0.0649
vn 0.0201 -0.9997 -0.0115
vn -0.1630 -0.9858 -0.0415
vn 0.1842 0.9818 -0.0469
vn -0.0593 0.9980 -0.0232
vn 0.0258 -0.9989 -0.0394
vn 0.1020 0.9937 -0.0454
vn 0.1342 -0.9902 -0.0389
vn -0.0663 0.9975 -0.0244
vn -0.1960 -0.9793 -0.0499
vn -0.0923 0.9957 -0.0051
vn 0.0025 -1.0000 -0.0072
vn -0.1588 -0.9865 -0.0404
vn 0.0564 0.9983 -0.0144
vn -0.0101 -0.9999 0.0106
vn -0.0018 0.9986 0.0521
vn 0.0369 -0.9914 -0.1257
vn 0.0237 0.9987 -0.0444
vn 0.0022 1.0000 0.0031
vn 0.0596 -0.9926 -0.1054
vn 0.0161 0.9990 -0.0406
vn -0.0074 -1.0000 0.0028
vn 0.0150 0.9998 -0.0118
vn 0.0573 -0.9957 -0.0729
vn 0.0339 0.9991 0.0264
vn 0.0203 0.9989 -0.0429
vn -0.0816 -0.9962 0.0313
vn 0.0212 0.9961 0.0852
vn 0.0472 0.9903 0.1305
vn 0.0115 -0.9997 0.0201
vn -0.0080 -1.0000 -0.0053
vn 0.0232 0.9977 -0.0631
vn 0.0394 -0.9989 0.0258
vn 0.0454 0.9937 0.1020
vn -0.0009 -0.9997 0.0235
vn 0.0244 0.9996 -0.0104
vn 0.0053 -1.0000 -0.0079
vn 0.0051 0.9999 -0.0093
vn 0.0071 -1.0000 0.0028
vn 0.0110 0.9991 0.0414
vn -0.9953 -0.0000 -0.0966
vn -0.0090 0.0516 0.9986
vn 0.0344 -0.9961 0.0810
vn 0.0135 0.9994 -0.0319
vn 0.9967 0.0104 0.0811
vn -0.9994 0.0066 -0.0332
vn 0.9953 -0.0000 -0.0966
vn 0.0090 0.0516 0.9986
vn -0.0344 -0.9961 0.0810
vn -0.0135 0.9994 -0.0319
vn 0.0387 -0.0004 0.9992
vn -0.9967 0.0104 0.0811
vn 0.9987 0.0043 -0.0516
vn -0.4714 0.7453 -0.4714
vn -0.4381 0.8989 -0.0000
vn -0.4466 0.7753 0.4466
vn -0.6375 0.7695 0.0374
vn -0.5034 0.8641 -0.0038
vn -0.4802 0.8771 -0.0000
vn 0.3399 0.9405 -0.0000
vn 0.4556 0.7647 -0.4556
vn 0.6372 0.7690 0.0512
vn 0.4802 0.8771 -0.0000
vn 0.5034 0.8641 -0.0038
vn 0.3656 0.8559 0.3656
vn 0.4962 -0.7759 0.3895
vn 0.4962 -0.7759 -0.3895
vn -0.4962 -0.7759 0.3895
vn -0.4962 -0.7759 -0.3895
vt 0.434467 0.933606
vt 0.436187 0.936112
vt 0.434467 0.936112
vt 0.357397 0.913145
vt 0.359903 0.911425
vt 0.359903 0.913145
vt 0.357397 0.911425
vt 0.359903 0.908236
vt 0.431919 0.910476
vt 0.429413 0.906090
vt 0.431919 0.906090
vt 0.368471 0.913236
vt 0.370976 0.917622
vt 0.368471 0.917622
vt 0.300026 0.933876
vt 0.298204 0.931370
vt 0.300026 0.931370
vt 0.289519 0.916056
vt 0.292025 0.913045
vt 0.292025 0.916056
vt 0.289519 0.913045
vt 0.292025 0.911222
vt 0.332853 0.930055
vt 0.335359 0.927044
vt 0.335359 0.930055
vt 0.414169 0.918047
vt 0.411664 0.913661
vt 0.414169 0.913661
vt 0.376571 0.919562
vt 0.374066 0.915177
vt 0.376571 0.915177
vt 0.321079 0.933536
vt 0.322799 0.936042
vt 0.321079 0.936042
vt 0.310834 0.911866
vt 0.313340 0.910146
vt 0.313340 0.911866
vt 0.310834 0.910146
vt 0.313340 0.906957
vt 0.429413 0.901704
vt 0.429413 0.906090
vt 0.389100 0.915177
vt 0.391605 0.919562
vt 0.389100 0.919562
vt 0.428688 0.936148
vt 0.426967 0.933642
vt 0.428688 0.933642
vt 0.424402 0.906163
vt 0.426908 0.904442
vt 0.426908 0.906163
vt 0.424402 0.904442
vt 0.426908 0.901704
vt 0.303932 0.924783
vt 0.306438 0.928549
vt 0.303932 0.928549
vt 0.421827 0.924722
vt 0.424333 0.928488
vt 0.421827 0.928488
vt 0.444625 0.799924
vt 0.446345 0.797417
vt 0.446345 0.799924
vt 0.404717 0.913251
vt 0.407222 0.917637
vt 0.404717 0.917637
vt 0.315845 0.906957
vt 0.313340 0.908677
vt 0.315845 0.908677
vt 0.362916 0.921917
vt 0.360410 0.917531
vt 0.362916 0.917531
vt 0.306438 0.920518
vt 0.303932 0.916132
vt 0.306438 0.916132
vt 0.375685 0.933528
vt 0.373964 0.936034
vt 0.373964 0.933528
vt 0.401127 0.917764
vt 0.398622 0.913378
vt 0.401127 0.913378
vt 0.315845 0.911866
vt 0.318351 0.910146
vt 0.318351 0.911866
vt 0.315845 0.910146
vt 0.318351 0.906957
vt 0.386594 0.915177
vt 0.429473 0.920142
vt 0.426967 0.915756
vt 0.429473 0.915756
vt 0.388314 0.936034
vt 0.386594 0.933528
vt 0.388314 0.933528
vt 0.353877 0.909956
vt 0.351371 0.913145
vt 0.351371 0.909956
vt 0.300811 0.911866
vt 0.303317 0.910146
vt 0.303317 0.911866
vt 0.300811 0.910146
vt 0.303317 0.906957
vt 0.335359 0.918512
vt 0.332853 0.914127
vt 0.335359 0.914127
vt 0.316523 0.921006
vt 0.314017 0.916620
vt 0.316523 0.916620
vt 0.353877 0.908236
vt 0.351371 0.908236
vt 0.385056 0.936034
vt 0.383336 0.933528
vt 0.385056 0.933528
vt 0.446288 0.778596
vt 0.444568 0.776090
vt 0.446288 0.776090
vt 0.305823 0.911866
vt 0.308328 0.910146
vt 0.308328 0.911866
vt 0.305823 0.910146
vt 0.308328 0.906957
vt 0.426908 0.910549
vt 0.424402 0.920457
vt 0.421896 0.916071
vt 0.424402 0.916071
vt 0.394111 0.933528
vt 0.395831 0.936034
vt 0.394111 0.936034
vt 0.320856 0.910146
vt 0.320856 0.911866
vt 0.320856 0.906957
vt 0.325305 0.918454
vt 0.322799 0.914068
vt 0.325305 0.914068
vt 0.303317 0.920518
vt 0.300811 0.916132
vt 0.303317 0.916132
vt 0.341774 0.913030
vt 0.339269 0.914852
vt 0.339269 0.913030
vt 0.287989 0.933809
vt 0.286167 0.931303
vt 0.287989 0.931303
vt 0.341774 0.910019
vt 0.339269 0.910019
vt 0.429344 0.896870
vt 0.431850 0.901257
vt 0.429344 0.901257
vt 0.347995 0.917224
vt 0.350501 0.921610
vt 0.347995 0.921610
vt 0.438728 0.936003
vt 0.437008 0.933497
vt 0.438728 0.933497
vt 0.411783 0.861093
vt 0.414289 0.857904
vt 0.414289 0.861093
vt 0.310834 0.906957
vt 0.424462 0.911370
vt 0.426967 0.911370
vt 0.327842 0.914127
vt 0.330348 0.918512
vt 0.327842 0.918512
vt 0.347860 0.912965
vt 0.345355 0.914787
vt 0.345355 0.912965
vt 0.379077 0.931022
vt 0.380899 0.933528
vt 0.379077 0.933528
vt 0.347860 0.909954
vt 0.345355 0.909954
vt 0.431682 0.811933
vt 0.429177 0.807547
vt 0.431682 0.807547
vt 0.311480 0.916567
vt 0.313985 0.920953
vt 0.311480 0.920953
vt 0.421896 0.908359
vt 0.424402 0.906537
vt 0.424402 0.908359
vt 0.386594 0.931022
vt 0.388416 0.933528
vt 0.421896 0.911370
vt 0.424402 0.911370
vt 0.401127 0.917764
vt 0.403633 0.913378
vt 0.403633 0.917764
vt 0.347860 0.919173
vt 0.347860 0.914787
vt 0.308974 0.916641
vt 0.311480 0.921027
vt 0.308974 0.921027
vt 0.384088 0.915177
vt 0.381583 0.919562
vt 0.381583 0.915177
vt 0.330348 0.911115
vt 0.332853 0.909293
vt 0.332853 0.911115
vt 0.330348 0.914127
vt 0.335581 0.913255
vt 0.338087 0.917641
vt 0.335581 0.917641
vt 0.390853 0.933528
vt 0.389031 0.931022
vt 0.390853 0.931022
vt 0.330348 0.912304
vt 0.327842 0.912304
vt 0.292448 0.916056
vt 0.294954 0.913045
vt 0.294954 0.916056
vt 0.431910 0.931020
vt 0.433732 0.933526
vt 0.431910 0.933526
vt 0.330348 0.909293
vt 0.327842 0.909293
vt 0.353877 0.917531
vt 0.351371 0.917531
vt 0.286167 0.915923
vt 0.288673 0.920309
vt 0.286167 0.920309
vt 0.424402 0.899882
vt 0.421896 0.901704
vt 0.421896 0.899882
vt 0.426179 0.933642
vt 0.424357 0.931136
vt 0.426179 0.931136
vt 0.381514 0.931022
vt 0.381514 0.933528
vt 0.424402 0.896870
vt 0.421896 0.896870
vt 0.359903 0.917531
vt 0.357397 0.917531
vt 0.426342 0.802543
vt 0.428848 0.806929
vt 0.426342 0.806929
vt 0.421665 0.809369
vt 0.424171 0.807547
vt 0.424171 0.809369
vt 0.292448 0.913045
vt 0.294954 0.911222
vt 0.373964 0.931022
vt 0.375786 0.933528
vt 0.421665 0.812380
vt 0.424171 0.812380
vt 0.344280 0.913426
vt 0.341774 0.917812
vt 0.341774 0.913426
vt 0.365965 0.913236
vt 0.365965 0.917622
vt 0.430509 0.936148
vt 0.428789 0.933642
vt 0.430509 0.933642
vt 0.360410 0.913145
vt 0.362916 0.911425
vt 0.362916 0.913145
vt 0.360410 0.911425
vt 0.362916 0.908236
vt 0.294954 0.920442
vt 0.391605 0.915177
vt 0.394111 0.919562
vt 0.426967 0.931136
vt 0.428789 0.931136
vt 0.295377 0.916056
vt 0.297883 0.913045
vt 0.297883 0.916056
vt 0.295377 0.913045
vt 0.297883 0.911222
vt 0.363423 0.930636
vt 0.365929 0.927625
vt 0.365929 0.930636
vt 0.354891 0.917531
vt 0.426839 0.896870
vt 0.429344 0.901257
vt 0.426839 0.901257
vt 0.433630 0.936032
vt 0.433630 0.933526
vt 0.378292 0.936034
vt 0.376571 0.933528
vt 0.378292 0.933528
vt 0.416795 0.857904
vt 0.424462 0.920142
vt 0.426967 0.920142
vt 0.297883 0.920442
vt 0.295377 0.920442
vt 0.446172 0.934735
vt 0.444452 0.932229
vt 0.446172 0.932229
vt 0.444584 0.780526
vt 0.446304 0.783032
vt 0.444584 0.783032
vt 0.431682 0.814550
vt 0.434188 0.811812
vt 0.434188 0.814550
vt 0.292025 0.928473
vt 0.289519 0.924707
vt 0.292025 0.924707
vt 0.303317 0.928549
vt 0.300811 0.924783
vt 0.303317 0.924783
vt 0.446341 0.795658
vt 0.444621 0.793152
vt 0.446341 0.793152
vt 0.429473 0.911370
vt 0.446345 0.802430
vt 0.444625 0.802430
vt 0.424312 0.861093
vt 0.426817 0.857904
vt 0.426817 0.861093
vt 0.308944 0.920953
vt 0.306438 0.916567
vt 0.308944 0.916567
vt 0.429413 0.910549
vt 0.347127 0.935829
vt 0.345406 0.933323
vt 0.347127 0.933323
vt 0.357397 0.921917
vt 0.350501 0.907929
vt 0.347995 0.909649
vt 0.347995 0.907929
vt 0.350501 0.909649
vt 0.347995 0.912838
vt 0.394111 0.915177
vt 0.396617 0.919562
vt 0.391605 0.933530
vt 0.393325 0.936037
vt 0.391605 0.936037
vt 0.354891 0.911425
vt 0.357397 0.908236
vt 0.390751 0.936034
vt 0.389031 0.933528
vt 0.390751 0.933528
vt 0.419300 0.861093
vt 0.421806 0.857904
vt 0.421806 0.861093
vt 0.341774 0.919238
vt 0.341774 0.914852
vt 0.332853 0.918512
vt 0.332853 0.914127
vt 0.354891 0.913145
vt 0.446346 0.785904
vt 0.444625 0.783398
vt 0.446346 0.783398
vt 0.426078 0.936148
vt 0.424357 0.933642
vt 0.426078 0.933642
vt 0.383234 0.936034
vt 0.383234 0.933528
vt 0.424312 0.857904
vt 0.298306 0.916050
vt 0.300811 0.920436
vt 0.298306 0.920436
vt 0.386594 0.919562
vt 0.393427 0.933530
vt 0.391605 0.931024
vt 0.393427 0.931024
vt 0.421896 0.906537
vt 0.424402 0.904715
vt 0.421896 0.904715
vt 0.424402 0.901704
vt 0.289519 0.920442
vt 0.426671 0.807547
vt 0.429177 0.811933
vt 0.426671 0.811933
vt 0.380797 0.936034
vt 0.379077 0.936034
vt 0.305823 0.906957
vt 0.419300 0.857904
vt 0.416795 0.861093
vt 0.350501 0.912838
vt 0.347995 0.917224
vt 0.325336 0.914127
vt 0.383336 0.931022
vt 0.385158 0.933528
vt 0.395933 0.933528
vt 0.394111 0.931022
vt 0.395933 0.931022
vt 0.345355 0.930715
vt 0.347860 0.927704
vt 0.347860 0.930715
vt 0.319017 0.916599
vt 0.321523 0.920985
vt 0.319017 0.920985
vt 0.379077 0.915177
vt 0.429395 0.931136
vt 0.431217 0.933642
vt 0.429395 0.933642
vt 0.415020 0.913662
vt 0.417525 0.918048
vt 0.415020 0.918048
vt 0.335359 0.912304
vt 0.332853 0.912304
vt 0.335359 0.909293
vt 0.371094 0.917831
vt 0.373599 0.913445
vt 0.373599 0.917831
vt 0.420031 0.918048
vt 0.417525 0.913662
vt 0.420031 0.913662
vt 0.379077 0.915177
vt 0.365929 0.911697
vt 0.363423 0.914708
vt 0.363423 0.911697
vt 0.376571 0.931022
vt 0.378393 0.933528
vt 0.365929 0.909874
vt 0.363423 0.909874
vt 0.327842 0.912304
vt 0.325336 0.912304
vt 0.365929 0.919094
vt 0.365929 0.914708
vt 0.407222 0.913251
vt 0.409728 0.917637
vt 0.289519 0.931355
vt 0.291341 0.933861
vt 0.289519 0.933861
vt 0.609739 0.867719
vt 0.572403 0.869583
vt 0.570623 0.867719
vt 0.650548 0.932576
vt 0.648882 0.905666
vt 0.650548 0.905666
vt 0.684896 0.867339
vt 0.683231 0.840430
vt 0.684896 0.840430
vt 0.650548 0.933818
vt 0.648882 0.932576
vt 0.625563 0.865950
vt 0.624320 0.867616
vt 0.624320 0.865950
vt 0.684896 0.839187
vt 0.683231 0.810740
vt 0.684896 0.810740
vt 0.670773 0.778635
vt 0.672438 0.807081
vt 0.670773 0.807081
vt 0.683231 0.839187
vt 0.670773 0.777392
vt 0.672438 0.778635
vt 0.570623 0.908676
vt 0.607960 0.906813
vt 0.609739 0.908676
vt 0.610617 0.868599
vt 0.607960 0.869583
vt 0.569745 0.907796
vt 0.572403 0.906813
vt 0.569745 0.868599
vt 0.571604 0.906013
vt 0.610617 0.907796
vt 0.608758 0.870382
vt 0.571604 0.870382
vt 0.608758 0.906013
vt 0.650553 0.778272
vt 0.650553 0.817469
vt 0.609681 0.778272
vt 0.157983 0.065298
vt 0.152921 0.064486
vt 0.157983 0.064486
vt 0.120795 0.119565
vt 0.115733 0.126063
vt 0.115733 0.119565
vt 0.161537 0.105127
vt 0.166599 0.087549
vt 0.166599 0.105127
vt 0.120795 0.126876
vt 0.115733 0.126876
vt 0.114198 0.158879
vt 0.113385 0.163942
vt 0.113385 0.158879
vt 0.161537 0.124556
vt 0.166599 0.105940
vt 0.166599 0.124556
vt 0.152921 0.083915
vt 0.157983 0.083915
vt 0.141907 0.119565
vt 0.141759 0.118298
vt 0.142482 0.118990
vt 0.125772 0.119565
vt 0.117000 0.118841
vt 0.125772 0.118841
vt 0.141907 0.092811
vt 0.117000 0.093534
vt 0.116308 0.092811
vt 0.115733 0.118990
vt 0.116308 0.119565
vt 0.142482 0.093386
vt 0.141215 0.093534
vt 0.115733 0.093386
vt 0.116456 0.118298
vt 0.141759 0.094078
vt 0.116456 0.094078
vt 0.132573 0.119565
vt 0.141215 0.118841
vt 0.125857 0.119565
vt 0.120795 0.125974
vt 0.054229 0.169495
vt 0.053704 0.174559
vt 0.053704 0.169495
vt 0.099711 0.173131
vt 0.099186 0.168068
vt 0.099711 0.168068
vt 0.960783 0.943565
vt 0.963514 0.942721
vt 0.963532 0.943565
vt 0.860387 0.945356
vt 0.863135 0.944513
vt 0.863135 0.945356
vt 0.960783 0.946868
vt 0.963532 0.946868
vt 0.852793 0.954762
vt 0.851633 0.949951
vt 0.852793 0.949951
vt 0.945993 0.807409
vt 0.948754 0.805483
vt 0.948754 0.807483
vt 0.917387 0.948882
vt 0.915388 0.951631
vt 0.915388 0.948911
vt 0.968675 0.864547
vt 0.969835 0.859736
vt 0.969835 0.864547
vt 0.945996 0.810713
vt 0.948714 0.810786
vt 0.889791 0.942203
vt 0.892540 0.947014
vt 0.889791 0.947014
vt 0.827703 0.944651
vt 0.830408 0.943807
vt 0.830565 0.944651
vt 0.954854 0.943565
vt 0.952442 0.942721
vt 0.955010 0.942721
vt 0.955033 0.933099
vt 0.952285 0.937910
vt 0.952285 0.933099
vt 0.830385 0.947954
vt 0.829777 0.927986
vt 0.830937 0.923175
vt 0.830937 0.927986
vt 0.966033 0.954537
vt 0.964873 0.949727
vt 0.966033 0.949727
vt 0.929602 0.951128
vt 0.927188 0.948531
vt 0.929602 0.948380
vt 0.848800 0.951132
vt 0.846385 0.948383
vt 0.848800 0.948383
vt 0.900940 0.950317
vt 0.903689 0.947014
vt 0.903689 0.950317
vt 0.864194 0.919806
vt 0.867515 0.924617
vt 0.864194 0.924617
vt 0.827676 0.930711
vt 0.824994 0.928712
vt 0.827700 0.928712
vt 0.924122 0.951533
vt 0.922123 0.954062
vt 0.922123 0.951241
vt 0.874389 0.924617
vt 0.877710 0.919806
vt 0.877710 0.924617
vt 0.827703 0.934013
vt 0.824994 0.930711
vt 0.917488 0.940174
vt 0.920236 0.935363
vt 0.920236 0.940174
vt 0.790652 0.929984
vt 0.793424 0.927986
vt 0.793545 0.929984
vt 0.967344 0.807284
vt 0.965345 0.810100
vt 0.965345 0.807284
vt 0.889188 0.940250
vt 0.886439 0.945061
vt 0.886440 0.940250
vt 0.790729 0.933287
vt 0.793545 0.933287
vt 0.877138 0.944859
vt 0.874389 0.940048
vt 0.877138 0.940048
vt 0.938731 0.940495
vt 0.935983 0.935684
vt 0.938731 0.935684
vt 0.827703 0.930710
vt 0.830378 0.928746
vt 0.830487 0.930746
vt 0.967325 0.788625
vt 0.965326 0.791374
vt 0.965326 0.788632
vt 0.827747 0.934014
vt 0.830487 0.934050
vt 0.857409 0.941764
vt 0.860157 0.946575
vt 0.857409 0.946575
vt 0.819202 0.950970
vt 0.821200 0.953765
vt 0.819202 0.953765
vt 0.970674 0.864748
vt 0.968675 0.867296
vt 0.929936 0.940032
vt 0.927188 0.935221
vt 0.929937 0.935221
vt 0.962557 0.799257
vt 0.965305 0.795954
vt 0.965305 0.799257
vt 0.850544 0.941837
vt 0.853293 0.937026
vt 0.853293 0.941837
vt 0.813515 0.930711
vt 0.816211 0.928712
vt 0.816381 0.930711
vt 0.801039 0.953669
vt 0.803038 0.950921
vt 0.803038 0.953669
vt 0.946632 0.942857
vt 0.949381 0.938046
vt 0.949381 0.942857
vt 0.813633 0.934013
vt 0.816381 0.934013
vt 0.883403 0.944825
vt 0.880655 0.940014
vt 0.883403 0.940014
vt 0.857409 0.936953
vt 0.860157 0.941764
vt 0.965946 0.945606
vt 0.963532 0.942911
vt 0.965946 0.942721
vt 0.816376 0.948261
vt 0.818790 0.951002
vt 0.816376 0.951010
vt 0.853287 0.949951
vt 0.850409 0.946648
vt 0.853293 0.946648
vt 0.867670 0.919806
vt 0.870991 0.924617
vt 0.867670 0.924617
vt 0.845307 0.954724
vt 0.843308 0.952019
vt 0.845307 0.951975
vt 0.938809 0.951606
vt 0.940807 0.949031
vt 0.940807 0.951817
vt 0.880655 0.920634
vt 0.883975 0.925445
vt 0.880655 0.925445
vt 0.962560 0.807284
vt 0.965309 0.810587
vt 0.962560 0.810587
vt 0.843308 0.941019
vt 0.846057 0.936208
vt 0.846057 0.941019
vt 0.920236 0.948492
vt 0.922651 0.951241
vt 0.920236 0.951241
vt 0.966064 0.949616
vt 0.963649 0.947020
vt 0.966064 0.946868
vt 0.846385 0.935224
vt 0.849134 0.940035
vt 0.846385 0.940035
vt 0.962553 0.775662
vt 0.965258 0.778876
vt 0.962511 0.778968
vt 0.860387 0.919460
vt 0.863707 0.924271
vt 0.860387 0.924271
vt 0.889760 0.920296
vt 0.886439 0.925107
vt 0.886440 0.920296
vt 0.857409 0.950045
vt 0.859407 0.952912
vt 0.857409 0.952912
vt 0.829701 0.953859
vt 0.827703 0.956407
vt 0.827703 0.953719
vt 0.960901 0.950171
vt 0.963649 0.946868
vt 0.963588 0.950171
vt 0.892617 0.942203
vt 0.895366 0.937392
vt 0.895366 0.942203
vt 0.888438 0.954028
vt 0.886439 0.951457
vt 0.888438 0.951533
vt 0.968057 0.934149
vt 0.966059 0.936898
vt 0.966059 0.934235
vt 0.898192 0.942203
vt 0.900940 0.937392
vt 0.900940 0.942203
vt 0.963396 0.941213
vt 0.965891 0.937910
vt 0.966058 0.941213
vt 0.892617 0.947014
vt 0.895366 0.947014
vt 0.957917 0.950440
vt 0.959915 0.953231
vt 0.957917 0.953231
vt 0.876388 0.951420
vt 0.874389 0.953901
vt 0.874389 0.951152
vt 0.880655 0.940014
vt 0.883403 0.935203
vt 0.883403 0.940014
vt 0.962603 0.807284
vt 0.965352 0.803981
vt 0.965352 0.807284
vt 0.853371 0.940229
vt 0.856119 0.935418
vt 0.856119 0.940229
vt 0.938809 0.940495
vt 0.941557 0.935684
vt 0.941557 0.940495
vt 0.943556 0.948469
vt 0.941557 0.945717
vt 0.943556 0.945837
vt 0.810689 0.953681
vt 0.812687 0.950932
vt 0.812687 0.953681
vt 0.912322 0.947017
vt 0.909690 0.950317
vt 0.909574 0.947014
vt 0.834717 0.940953
vt 0.831968 0.945764
vt 0.831968 0.940953
vt 0.855785 0.951290
vt 0.853371 0.948608
vt 0.855785 0.948541
vt 0.919902 0.951241
vt 0.917488 0.948547
vt 0.919902 0.948492
vt 0.824954 0.938824
vt 0.827703 0.934014
vt 0.827703 0.938825
vt 0.915093 0.950317
vt 0.912400 0.947014
vt 0.915148 0.947014
vt 0.874312 0.924617
vt 0.870991 0.919806
vt 0.874312 0.919806
vt 0.917387 0.952072
vt 0.915388 0.954623
vt 0.915388 0.951874
vt 0.938809 0.951817
vt 0.940807 0.954566
vt 0.938809 0.954566
vt 0.846385 0.920081
vt 0.849706 0.924892
vt 0.846385 0.924892
vt 0.895444 0.950317
vt 0.897994 0.947014
vt 0.898192 0.950317
vt 0.853371 0.945040
vt 0.853371 0.940229
vt 0.920236 0.944985
vt 0.917488 0.940174
vt 0.920236 0.940174
vt 0.824938 0.950821
vt 0.826936 0.953489
vt 0.824938 0.953705
vt 0.926360 0.954066
vt 0.924362 0.951317
vt 0.926360 0.951332
vt 0.932271 0.948609
vt 0.935081 0.945339
vt 0.935081 0.948642
vt 0.837578 0.945830
vt 0.834830 0.941019
vt 0.837578 0.941019
vt 0.886722 0.916993
vt 0.889470 0.914995
vt 0.889470 0.916993
vt 0.799734 0.956388
vt 0.797736 0.953766
vt 0.799734 0.953695
vt 0.912400 0.942203
vt 0.915148 0.947014
vt 0.889280 0.920296
vt 0.906670 0.937392
vt 0.909419 0.942203
vt 0.906670 0.942203
vt 0.855369 0.954106
vt 0.853371 0.951403
vt 0.855369 0.951290
vt 0.917187 0.871477
vt 0.915189 0.868967
vt 0.917187 0.868887
vt 0.952285 0.932963
vt 0.955033 0.928153
vt 0.955033 0.932963
vt 0.965137 0.792610
vt 0.962511 0.789307
vt 0.965326 0.789307
vt 0.895444 0.942203
vt 0.898192 0.937392
vt 0.898192 0.942203
vt 0.959763 0.785194
vt 0.957014 0.780383
vt 0.959763 0.780383
vt 0.821928 0.930711
vt 0.819232 0.928712
vt 0.822063 0.928712
vt 0.813515 0.953746
vt 0.815513 0.950934
vt 0.815513 0.953771
vt 0.819226 0.934013
vt 0.822063 0.934013
vt 0.957014 0.809248
vt 0.959763 0.804437
vt 0.959763 0.809248
vt 0.883403 0.947378
vt 0.880655 0.948814
vt 0.880655 0.947378
vt 0.849058 0.954163
vt 0.847622 0.956890
vt 0.847622 0.954169
vt 0.819124 0.943855
vt 0.816376 0.939044
vt 0.819124 0.939044
vt 0.880683 0.944825
vt 0.955660 0.933022
vt 0.957635 0.936741
vt 0.955660 0.936741
vt 0.824811 0.932073
vt 0.822134 0.934015
vt 0.822063 0.932014
vt 0.860387 0.954218
vt 0.862385 0.951469
vt 0.862385 0.954218
vt 0.955660 0.929303
vt 0.957635 0.933022
vt 0.824882 0.928771
vt 0.822134 0.928712
vt 0.927110 0.944843
vt 0.924362 0.940032
vt 0.927110 0.940032
vt 0.912400 0.942203
vt 0.915148 0.937392
vt 0.915148 0.942203
vt 0.821754 0.950859
vt 0.819202 0.948132
vt 0.821754 0.948110
vt 0.863117 0.948659
vt 0.952382 0.946868
vt 0.955033 0.946868
vt 0.816376 0.948126
vt 0.819106 0.947353
vt 0.819124 0.948126
vt 0.810669 0.950277
vt 0.809896 0.947528
vt 0.810669 0.947528
vt 0.834830 0.949328
vt 0.837578 0.945830
vt 0.837578 0.949328
vt 0.868146 0.929428
vt 0.867020 0.924617
vt 0.868146 0.924617
vt 0.971321 0.945483
vt 0.969434 0.942775
vt 0.971321 0.942721
vt 0.870052 0.951219
vt 0.868165 0.953968
vt 0.868165 0.951248
vt 0.796487 0.950693
vt 0.797613 0.955504
vt 0.796487 0.955504
vt 0.846428 0.948345
vt 0.849147 0.944885
vt 0.849147 0.948383
vt 0.819202 0.938960
vt 0.821950 0.943771
vt 0.819202 0.943771
vt 0.804228 0.947459
vt 0.806934 0.946686
vt 0.807091 0.947459
vt 0.943368 0.816592
vt 0.942595 0.819004
vt 0.942595 0.816436
vt 0.903922 0.942203
vt 0.906670 0.942203
vt 0.957731 0.871346
vt 0.955049 0.867848
vt 0.957911 0.867848
vt 0.804163 0.950783
vt 0.803038 0.955594
vt 0.803038 0.950783
vt 0.809167 0.950779
vt 0.810293 0.955590
vt 0.809167 0.955590
vt 0.816376 0.953887
vt 0.818262 0.956485
vt 0.816376 0.956636
vt 0.969899 0.816485
vt 0.971786 0.819234
vt 0.969899 0.819234
vt 0.840482 0.949328
vt 0.843231 0.945830
vt 0.843231 0.949328
vt 0.843231 0.945830
vt 0.840482 0.941019
vt 0.843230 0.941019
vt 0.876276 0.954016
vt 0.874389 0.956698
vt 0.874389 0.953992
vt 0.818910 0.934097
vt 0.816381 0.932210
vt 0.819202 0.932210
vt 0.934946 0.940494
vt 0.932197 0.945305
vt 0.932197 0.940494
vt 0.816493 0.928712
vt 0.819175 0.928712
vt 0.957014 0.790004
vt 0.959763 0.785194
vt 0.959763 0.790004
vt 0.888707 0.951457
vt 0.886439 0.948684
vt 0.888707 0.948563
vt 0.926630 0.948341
vt 0.924362 0.951157
vt 0.924362 0.948341
vt 0.824954 0.943635
vt 0.827702 0.938825
vt 0.827702 0.943635
vt 0.949367 0.871346
vt 0.952183 0.867848
vt 0.952183 0.871346
vt 0.803865 0.923175
vt 0.807169 0.927985
vt 0.803865 0.927985
vt 0.790652 0.923175
vt 0.793955 0.927985
vt 0.790652 0.927986
vt 0.934465 0.951427
vt 0.932197 0.948777
vt 0.934465 0.948642
vt 0.860387 0.920761
vt 0.857638 0.918493
vt 0.860379 0.918493
vt 0.860336 0.914995
vt 0.797259 0.923175
vt 0.800562 0.927985
vt 0.797259 0.927985
vt 0.971545 0.936944
vt 0.969658 0.934149
vt 0.971545 0.934149
vt 0.885368 0.954136
vt 0.883481 0.956684
vt 0.883481 0.953935
vt 0.853371 0.920849
vt 0.856674 0.925659
vt 0.853371 0.925660
vt 0.924408 0.948341
vt 0.927156 0.944843
vt 0.927156 0.948341
vt 0.941557 0.940495
vt 0.938809 0.945306
vt 0.938809 0.940495
vt 0.802926 0.956536
vt 0.801039 0.953840
vt 0.802926 0.953669
vt 0.889325 0.930493
vt 0.886576 0.928605
vt 0.889325 0.928605
vt 0.843308 0.945830
vt 0.846057 0.945830
vt 0.889325 0.925107
vt 0.849134 0.944846
vt 0.846385 0.944846
vt 0.955033 0.942721
vt 0.952285 0.942721
vt 0.796319 0.956404
vt 0.794433 0.953709
vt 0.796319 0.953519
vt 0.866193 0.953677
vt 0.868079 0.956418
vt 0.866193 0.956426
vt 0.954828 0.811051
vt 0.951950 0.807553
vt 0.954834 0.807553
vt 0.927188 0.940032
vt 0.929936 0.944843
vt 0.927188 0.944843
vt 0.971786 0.821983
vt 0.969899 0.819278
vt 0.929075 0.951350
vt 0.927188 0.953924
vt 0.927188 0.951139
vt 0.870991 0.939813
vt 0.873739 0.944624
vt 0.870991 0.944624
vt 0.877174 0.948357
vt 0.874426 0.944859
vt 0.877174 0.944859
vt 0.895444 0.947014
vt 0.895444 0.942203
vt 0.971786 0.824732
vt 0.969899 0.821983
vt 0.812576 0.956430
vt 0.810689 0.953833
vt 0.812576 0.953681
vt 0.920236 0.935363
vt 0.922985 0.940174
vt 0.920236 0.940174
vt 0.960626 0.934234
vt 0.963331 0.937648
vt 0.960584 0.937735
vt 0.889188 0.940250
vt 0.886440 0.935439
vt 0.889188 0.935439
vt 0.813437 0.938470
vt 0.810689 0.943281
vt 0.810689 0.938470
vt 0.882542 0.954430
vt 0.880655 0.951563
vt 0.882542 0.951563
vt 0.971786 0.833007
vt 0.969899 0.835554
vt 0.969899 0.832867
vt 0.952300 0.871346
vt 0.954987 0.871346
vt 0.957014 0.799626
vt 0.959763 0.794815
vt 0.959763 0.799626
vt 0.971678 0.808021
vt 0.969791 0.805450
vt 0.971678 0.805526
vt 0.943478 0.810234
vt 0.940730 0.808347
vt 0.943392 0.808347
vt 0.912322 0.942203
vt 0.909574 0.942203
vt 0.943224 0.804849
vt 0.834830 0.941019
vt 0.837579 0.936208
vt 0.837579 0.941019
vt 0.969179 0.954470
vt 0.967292 0.951679
vt 0.969179 0.951679
vt 0.971621 0.938179
vt 0.969734 0.940659
vt 0.969734 0.937910
vt 0.840327 0.936208
vt 0.837579 0.941019
vt 0.837579 0.936208
vt 0.868208 0.948357
vt 0.870956 0.944859
vt 0.870956 0.948357
vt 0.883481 0.944825
vt 0.886229 0.940014
vt 0.886229 0.944825
vt 0.830451 0.938996
vt 0.827703 0.943807
vt 0.827703 0.938997
vt 0.967833 0.945474
vt 0.967833 0.942841
vt 0.849287 0.930277
vt 0.846539 0.928390
vt 0.849287 0.928390
vt 0.849167 0.924892
vt 0.892540 0.937392
vt 0.889791 0.942203
vt 0.889791 0.937392
vt 0.862655 0.951408
vt 0.860387 0.948727
vt 0.862655 0.948659
vt 0.938115 0.951392
vt 0.935848 0.948698
vt 0.938115 0.948643
vt 0.880536 0.936864
vt 0.877788 0.941675
vt 0.877788 0.936864
vt 0.832024 0.945764
vt 0.834717 0.949262
vt 0.831968 0.949262
vt 0.797259 0.927985
vt 0.793955 0.923175
vt 0.797259 0.923175
vt 0.971786 0.813934
vt 0.969899 0.813736
vt 0.949313 0.911798
vt 0.946565 0.913685
vt 0.946565 0.911798
vt 0.803865 0.927985
vt 0.800562 0.923175
vt 0.949313 0.913685
vt 0.946763 0.917183
vt 0.927110 0.935221
vt 0.927110 0.940032
vt 0.922985 0.944985
vt 0.806115 0.956420
vt 0.804228 0.953751
vt 0.806115 0.953536
vt 0.971626 0.949616
vt 0.969739 0.946868
vt 0.971626 0.946882
vt 0.929522 0.871347
vt 0.932333 0.867880
vt 0.932333 0.871378
vt 0.840327 0.945830
vt 0.837579 0.945830
vt 0.848272 0.951414
vt 0.850159 0.954163
vt 0.848272 0.954163
vt 0.971786 0.832867
vt 0.969899 0.830245
vt 0.971786 0.830174
vt 0.959763 0.799626
vt 0.917666 0.944993
vt 0.920236 0.948483
vt 0.917488 0.948492
vt 0.903844 0.942203
vt 0.901096 0.937392
vt 0.903844 0.937392
vt 0.821088 0.956581
vt 0.819202 0.953878
vt 0.821088 0.953765
vt 0.919074 0.871477
vt 0.917187 0.868967
vt 0.919074 0.868887
vt 0.793400 0.938234
vt 0.790652 0.943045
vt 0.790652 0.938234
vt 0.886107 0.948323
vt 0.886296 0.944825
vt 0.957782 0.937910
vt 0.955033 0.942721
vt 0.955033 0.937910
vt 0.903689 0.942203
vt 0.834694 0.927697
vt 0.831998 0.925810
vt 0.834830 0.925810
vt 0.945548 0.953641
vt 0.943661 0.956453
vt 0.943661 0.953615
vt 0.831993 0.931195
vt 0.834830 0.931195
vt 0.843231 0.936208
vt 0.843231 0.941019
vt 0.924362 0.954128
vt 0.925852 0.956877
vt 0.924362 0.956877
vt 0.800501 0.947545
vt 0.797767 0.946068
vt 0.800488 0.946054
vt 0.957014 0.775572
vt 0.959763 0.780382
vt 0.797752 0.943209
vt 0.800501 0.943195
vt 0.943728 0.939617
vt 0.943728 0.935684
vt 0.807095 0.931541
vt 0.804421 0.933372
vt 0.804347 0.931483
vt 0.813626 0.956581
vt 0.815513 0.953833
vt 0.815513 0.956581
vt 0.917397 0.936378
vt 0.915226 0.932445
vt 0.917397 0.932445
vt 0.807169 0.928044
vt 0.804421 0.927985
vt 0.960530 0.942721
vt 0.960530 0.937910
vt 0.816263 0.938960
vt 0.813515 0.943771
vt 0.813515 0.938960
vt 0.827719 0.950814
vt 0.830467 0.947976
vt 0.830467 0.950835
vt 0.816376 0.943855
vt 0.804283 0.946686
vt 0.806755 0.943188
vt 0.816263 0.947269
vt 0.813515 0.948110
vt 0.813515 0.947269
vt 0.949410 0.950450
vt 0.948570 0.953195
vt 0.948570 0.950446
vt 0.816263 0.943771
vt 0.964873 0.954537
vt 0.963649 0.949727
vt 0.792539 0.956222
vt 0.790652 0.953514
vt 0.792539 0.953460
vt 0.920236 0.953990
vt 0.920236 0.951270
vt 0.968516 0.946868
vt 0.969739 0.951679
vt 0.968516 0.951679
vt 0.927230 0.948342
vt 0.929949 0.944881
vt 0.929949 0.948380
vt 0.797736 0.938384
vt 0.800484 0.943195
vt 0.797736 0.943195
vt 0.952321 0.943698
vt 0.949515 0.942857
vt 0.952321 0.942857
vt 0.815513 0.953454
vt 0.816353 0.951043
vt 0.816353 0.953611
vt 0.804343 0.943188
vt 0.807091 0.938377
vt 0.807091 0.943188
vt 0.952140 0.947196
vt 0.949458 0.943698
vt 0.862655 0.953470
vt 0.863878 0.948659
vt 0.863878 0.953470
vt 0.839103 0.954139
vt 0.840327 0.949328
vt 0.840327 0.954139
vt 0.824954 0.944476
vt 0.827702 0.944476
vt 0.963649 0.950292
vt 0.962809 0.952919
vt 0.962809 0.950171
vt 0.824954 0.947974
vt 0.827702 0.947974
vt 0.967292 0.951679
vt 0.971678 0.808280
vt 0.969791 0.810962
vt 0.969791 0.808256
vt 0.948833 0.816436
vt 0.946304 0.814549
vt 0.949124 0.814549
vt 0.880235 0.954693
vt 0.879011 0.949882
vt 0.880235 0.949882
vt 0.946416 0.811051
vt 0.949097 0.811051
vt 0.864194 0.939912
vt 0.866943 0.935101
vt 0.866943 0.939912
vt 0.925646 0.867985
vt 0.922898 0.867145
vt 0.925646 0.867145
vt 0.892572 0.950430
vt 0.891732 0.953133
vt 0.891732 0.950317
vt 0.957014 0.794815
vt 0.959763 0.794815
vt 0.922830 0.871483
vt 0.925646 0.871483
vt 0.968548 0.788625
vt 0.967325 0.793436
vt 0.872989 0.948744
vt 0.874213 0.953555
vt 0.872989 0.953555
vt 0.860247 0.950022
vt 0.859407 0.952720
vt 0.859407 0.949971
vt 0.962506 0.800482
vt 0.959765 0.800467
vt 0.959788 0.803965
vt 0.850409 0.954762
vt 0.850409 0.949951
vt 0.877860 0.917174
vt 0.880655 0.914995
vt 0.880655 0.917174
vt 0.882833 0.949016
vt 0.931261 0.954200
vt 0.930037 0.949389
vt 0.931261 0.949389
vt 0.877906 0.920672
vt 0.880655 0.920672
vt 0.807169 0.933523
vt 0.810342 0.928712
vt 0.810342 0.933523
vt 0.942694 0.942830
vt 0.943534 0.945697
vt 0.942694 0.945697
vt 0.960588 0.947060
vt 0.958035 0.946219
vt 0.960783 0.946219
vt 0.810342 0.933523
vt 0.813515 0.928712
vt 0.813515 0.933523
vt 0.960783 0.942721
vt 0.968510 0.937910
vt 0.967286 0.942721
vt 0.967286 0.937910
vt 0.837579 0.954139
vt 0.838802 0.949328
vt 0.838802 0.954139
vt 0.794385 0.947484
vt 0.793545 0.944884
vt 0.794385 0.944599
vt 0.955356 0.942726
vt 0.957909 0.943562
vt 0.955034 0.943566
vt 0.957917 0.947060
vt 0.955033 0.947064
vt 0.966922 0.799626
vt 0.968146 0.794815
vt 0.968146 0.799626
vt 0.971722 0.862441
vt 0.969835 0.862485
vt 0.883642 0.915132
vt 0.886305 0.916891
vt 0.883523 0.917027
vt 0.969370 0.794815
vt 0.886439 0.920386
vt 0.883694 0.920521
vt 0.886229 0.935203
vt 0.883481 0.940014
vt 0.883481 0.935203
vt 0.946500 0.953459
vt 0.945660 0.950710
vt 0.946500 0.950710
vt 0.790702 0.947383
vt 0.793358 0.946543
vt 0.793510 0.947383
vt 0.880536 0.946486
vt 0.877788 0.946485
vt 0.790762 0.943045
vt 0.793510 0.943045
vt 0.969772 0.793436
vt 0.968548 0.788625
vt 0.969772 0.788625
vt 0.968567 0.810261
vt 0.968567 0.805450
vt 0.864194 0.948252
vt 0.863354 0.945440
vt 0.864194 0.945385
vt 0.946632 0.947196
vt 0.949319 0.946355
vt 0.949381 0.947196
vt 0.946632 0.946355
vt 0.836054 0.954139
vt 0.834830 0.954139
vt 0.823950 0.956395
vt 0.822063 0.953823
vt 0.823950 0.953900
vt 0.943478 0.816436
vt 0.940729 0.814549
vt 0.943391 0.814549
vt 0.968087 0.775572
vt 0.969310 0.780383
vt 0.968087 0.780383
vt 0.943224 0.811051
vt 0.850544 0.946648
vt 0.853293 0.941837
vt 0.853293 0.946648
vt 0.915295 0.953109
vt 0.914455 0.950431
vt 0.915295 0.950317
vt 0.801082 0.947533
vt 0.803831 0.946693
vt 0.803831 0.947533
vt 0.809917 0.938470
vt 0.807169 0.943281
vt 0.807169 0.938470
vt 0.801082 0.946693
vt 0.803831 0.943195
vt 0.967344 0.805450
vt 0.967344 0.810261
vt 0.968150 0.799626
vt 0.969374 0.804437
vt 0.968150 0.804437
vt 0.943534 0.942352
vt 0.942694 0.939617
vt 0.943534 0.939720
vt 0.962560 0.808319
vt 0.959812 0.807479
vt 0.962560 0.807479
vt 0.962440 0.803981
vt 0.877788 0.954693
vt 0.877788 0.949882
vt 0.971786 0.827481
vt 0.969899 0.824799
vt 0.971786 0.813736
vt 0.969899 0.811043
vt 0.971786 0.810988
vt 0.867416 0.948731
vt 0.866193 0.953542
vt 0.866193 0.948731
vt 0.941502 0.948804
vt 0.941557 0.945306
vt 0.803788 0.943195
vt 0.801039 0.938384
vt 0.803788 0.938384
vt 0.864194 0.945156
vt 0.863354 0.942407
vt 0.864194 0.942605
vt 0.821748 0.948110
vt 0.819202 0.947269
vt 0.821950 0.947269
vt 0.870913 0.944859
vt 0.868165 0.940048
vt 0.870913 0.940048
vt 0.821752 0.943771
vt 0.831968 0.948342
vt 0.830744 0.953153
vt 0.830744 0.948342
vt 0.837278 0.949328
vt 0.836054 0.954139
vt 0.836054 0.949328
vt 0.922714 0.867985
vt 0.919903 0.867145
vt 0.922753 0.867145
vt 0.908725 0.950379
vt 0.909565 0.953128
vt 0.908725 0.953128
vt 0.919942 0.871483
vt 0.922753 0.871483
vt 0.968510 0.942721
vt 0.969734 0.942721
vt 0.846385 0.951414
vt 0.846385 0.954163
vt 0.969899 0.827552
vt 0.841706 0.954139
vt 0.840482 0.954139
vt 0.920415 0.944993
vt 0.922985 0.948483
vt 0.860387 0.939702
vt 0.863135 0.939702
vt 0.871041 0.938599
vt 0.873739 0.939813
vt 0.850272 0.956673
vt 0.849058 0.956912
vt 0.957714 0.911798
vt 0.954966 0.916609
vt 0.954965 0.911798
vt 0.871230 0.935101
vt 0.873857 0.938599
vt 0.916993 0.941189
vt 0.915226 0.936378
vt 0.916993 0.936378
vt 0.943567 0.935547
vt 0.941800 0.930736
vt 0.943567 0.930736
vt 0.794385 0.947620
vt 0.793545 0.950233
vt 0.793545 0.947484
vt 0.932101 0.949634
vt 0.931261 0.952227
vt 0.931261 0.949389
vt 0.960748 0.867868
vt 0.958023 0.871347
vt 0.966927 0.788625
vt 0.968151 0.783814
vt 0.968151 0.788625
vt 0.824812 0.946656
vt 0.822063 0.948140
vt 0.822063 0.946656
vt 0.854854 0.954106
vt 0.853371 0.956832
vt 0.853371 0.954111
vt 0.842930 0.954139
vt 0.841706 0.949328
vt 0.842930 0.949328
vt 0.822091 0.943832
vt 0.915226 0.941189
vt 0.917387 0.945074
vt 0.915226 0.945074
vt 0.959915 0.950379
vt 0.960755 0.953128
vt 0.959915 0.953128
vt 0.807123 0.950906
vt 0.806283 0.953458
vt 0.806283 0.950709
vt 0.930037 0.941696
vt 0.932197 0.945581
vt 0.930037 0.945581
vt 0.840327 0.945830
vt 0.837579 0.949328
vt 0.837579 0.945830
vt 0.934466 0.953453
vt 0.935689 0.948642
vt 0.935689 0.953453
vt 0.968151 0.788625
vt 0.969375 0.783814
vt 0.969375 0.788625
vt 0.960584 0.934219
vt 0.958029 0.937654
vt 0.957779 0.934149
vt 0.960757 0.871346
vt 0.963505 0.867851
vt 0.963505 0.871349
vt 0.824954 0.950799
vt 0.827702 0.947996
vt 0.827702 0.950821
vt 0.867921 0.947885
vt 0.867028 0.945154
vt 0.867921 0.945136
vt 0.935916 0.945231
vt 0.935024 0.942482
vt 0.935916 0.942482
vt 0.898192 0.950317
vt 0.900940 0.947014
vt 0.967292 0.951679
vt 0.967292 0.946868
vt 0.943661 0.950853
vt 0.945660 0.953562
vt 0.943556 0.948832
vt 0.941557 0.951581
vt 0.941557 0.948861
vt 0.966859 0.780382
vt 0.968086 0.775572
vt 0.968086 0.780382
vt 0.962553 0.795914
vt 0.965272 0.792651
vt 0.965272 0.795954
vt 0.949458 0.938046
vt 0.952207 0.942857
vt 0.949458 0.942857
vt 0.935024 0.939776
vt 0.935916 0.939619
vt 0.886372 0.951228
vt 0.885479 0.953640
vt 0.885479 0.951072
vt 0.962511 0.775572
vt 0.959763 0.780383
vt 0.959763 0.775572
vt 0.892359 0.950317
vt 0.889677 0.947014
vt 0.966922 0.804437
vt 0.968150 0.799626
vt 0.968150 0.804437
vt 0.966058 0.937910
vt 0.967286 0.937910
vt 0.853365 0.924156
vt 0.850763 0.926623
vt 0.850616 0.924151
vt 0.883481 0.948323
vt 0.885952 0.951072
vt 0.883481 0.951072
vt 0.853371 0.920854
vt 0.850622 0.920849
vt 0.867593 0.919806
vt 0.864194 0.914995
vt 0.867593 0.914995
vt 0.809167 0.953705
vt 0.807169 0.956387
vt 0.807169 0.953681
vt 0.919486 0.951533
vt 0.917488 0.954062
vt 0.917488 0.951241
vt 0.874389 0.914995
vt 0.874389 0.919806
vt 0.962511 0.780383
vt 0.965219 0.783685
vt 0.962538 0.783685
vt 0.866943 0.939912
vt 0.864194 0.944723
vt 0.864194 0.939912
vt 0.946632 0.931455
vt 0.943860 0.933454
vt 0.943739 0.931455
vt 0.967330 0.780383
vt 0.965331 0.783199
vt 0.965331 0.780383
vt 0.957525 0.811051
vt 0.954777 0.815862
vt 0.954777 0.811051
vt 0.946555 0.928152
vt 0.943739 0.928152
vt 0.794433 0.938384
vt 0.797181 0.943195
vt 0.794433 0.943195
vt 0.909574 0.937392
vt 0.912322 0.942203
vt 0.909574 0.942203
vt 0.969328 0.783359
vt 0.967330 0.780710
vt 0.969328 0.780574
vt 0.965326 0.794582
vt 0.967325 0.791833
vt 0.967325 0.794574
vt 0.864238 0.948701
vt 0.866979 0.944753
vt 0.866979 0.948731
vt 0.940541 0.816436
vt 0.937792 0.810643
vt 0.940541 0.810642
vt 0.824062 0.953751
vt 0.822063 0.950956
vt 0.824062 0.950956
vt 0.970674 0.867497
vt 0.968675 0.870045
vt 0.860157 0.926555
vt 0.857409 0.920761
vt 0.860157 0.920761
vt 0.876793 0.951106
vt 0.874389 0.948357
vt 0.876793 0.948357
vt 0.886439 0.948563
vt 0.889188 0.945061
vt 0.889188 0.948563
vt 0.818374 0.953877
vt 0.816376 0.951181
vt 0.818374 0.951010
vt 0.799734 0.950809
vt 0.797736 0.953558
vt 0.797736 0.950809
vt 0.853371 0.948541
vt 0.856119 0.945040
vt 0.856119 0.948541
vt 0.960648 0.941888
vt 0.963396 0.937910
vt 0.963396 0.941888
vt 0.880536 0.926465
vt 0.877788 0.920672
vt 0.880536 0.920672
vt 0.940541 0.810642
vt 0.937792 0.804849
vt 0.940541 0.804849
vt 0.934196 0.953998
vt 0.932197 0.951427
vt 0.934196 0.951503
vt 0.962782 0.950171
vt 0.960783 0.952919
vt 0.960783 0.950257
vt 0.961252 0.810982
vt 0.959763 0.808487
vt 0.961252 0.808319
vt 0.845478 0.951975
vt 0.843308 0.949226
vt 0.845478 0.949226
vt 0.834138 0.952010
vt 0.834138 0.949262
vt 0.864194 0.949093
vt 0.866193 0.951846
vt 0.864194 0.951726
vt 0.809167 0.950932
vt 0.809167 0.953681
vt 0.951873 0.816001
vt 0.949241 0.819062
vt 0.949124 0.815998
vt 0.962511 0.784845
vt 0.959763 0.789307
vt 0.959763 0.784845
vt 0.833967 0.954759
vt 0.831968 0.952078
vt 0.833967 0.952010
vt 0.866193 0.954595
vt 0.864194 0.951901
vt 0.959763 0.794815
vt 0.962511 0.790353
vt 0.962511 0.794815
vt 0.906615 0.950317
vt 0.903922 0.947014
vt 0.906670 0.947014
vt 0.822063 0.939021
vt 0.824812 0.943832
vt 0.822063 0.943832
vt 0.943556 0.952022
vt 0.941557 0.954573
vt 0.941557 0.951824
vt 0.870991 0.951775
vt 0.872989 0.954524
vt 0.870991 0.954524
vt 0.935983 0.945306
vt 0.938731 0.940495
vt 0.938731 0.945306
vt 0.951873 0.819061
vt 0.954423 0.815998
vt 0.954621 0.819061
vt 0.962511 0.780383
vt 0.962511 0.799278
vt 0.962511 0.794815
vt 0.829701 0.953719
vt 0.827703 0.951051
vt 0.829701 0.950835
vt 0.857367 0.954039
vt 0.857367 0.951304
vt 0.935921 0.948610
vt 0.938731 0.945340
vt 0.938731 0.948643
vt 0.934946 0.940494
vt 0.932197 0.935683
vt 0.934946 0.935683
vt 0.872989 0.951493
vt 0.870991 0.948744
vt 0.872989 0.948744
vt 0.826936 0.956398
vt 0.824938 0.953776
vt 0.826936 0.953705
vt 0.831968 0.936142
vt 0.831968 0.940953
vt 0.962752 0.799635
vt 0.965321 0.802929
vt 0.962573 0.802938
vt 0.909419 0.947014
vt 0.906670 0.942203
vt 0.909419 0.942203
vt 0.824534 0.950956
vt 0.822063 0.948253
vt 0.824534 0.948140
vt 0.915189 0.871477
vt 0.912718 0.868967
vt 0.915189 0.868887
vt 0.898192 0.947014
vt 0.900940 0.942203
vt 0.900940 0.947014
vt 0.965137 0.788148
vt 0.962511 0.784845
vt 0.965326 0.784845
vt 0.874389 0.919806
vt 0.877788 0.914995
vt 0.877788 0.919806
vt 0.867593 0.914995
vt 0.870991 0.914995
vt 0.870495 0.948493
vt 0.868165 0.951189
vt 0.868165 0.948357
vt 0.880675 0.915001
vt 0.883492 0.917326
vt 0.880655 0.917332
vt 0.880797 0.920634
vt 0.883860 0.925445
vt 0.880655 0.930256
vt 0.931457 0.956949
vt 0.930037 0.954200
vt 0.931457 0.954200
vt 0.873756 0.948729
vt 0.871022 0.947324
vt 0.873743 0.947309
vt 0.856576 0.930471
vt 0.853371 0.930471
vt 0.871007 0.944639
vt 0.873756 0.944624
vt 0.957613 0.929303
vt 0.955660 0.925392
vt 0.957613 0.925392
vt 0.885479 0.953821
vt 0.883481 0.951186
vt 0.937846 0.951392
vt 0.935848 0.954141
vt 0.935848 0.951392
vt 0.955660 0.921481
vt 0.957613 0.921481
vt 0.906670 0.950317
vt 0.909419 0.947014
vt 0.909419 0.950317
vt 0.946487 0.943212
vt 0.943739 0.938401
vt 0.946487 0.938401
vt 0.906670 0.942203
vt 0.813515 0.948149
vt 0.816199 0.950875
vt 0.813515 0.950898
vt 0.892635 0.947014
vt 0.895366 0.950317
vt 0.892617 0.950317
vt 0.963505 0.871151
vt 0.965977 0.867848
vt 0.966156 0.871151
vt 0.105722 0.711601
vt 0.104439 0.713832
vt 0.104439 0.711738
vt 0.157942 0.614102
vt 0.158946 0.618775
vt 0.157905 0.618767
vt 0.083695 0.707025
vt 0.084886 0.702361
vt 0.084651 0.707025
vt 0.167730 0.563909
vt 0.164850 0.557115
vt 0.167730 0.557115
vt 0.164850 0.570976
vt 0.161971 0.564182
vt 0.164850 0.564181
vt 0.202208 0.529376
vt 0.203744 0.526944
vt 0.203744 0.529436
vt 0.173858 0.686841
vt 0.172947 0.667325
vt 0.173858 0.667325
vt 0.193230 0.560759
vt 0.191979 0.563189
vt 0.191905 0.560691
vt 0.169804 0.667325
vt 0.170762 0.686841
vt 0.169664 0.686841
vt 0.165865 0.686841
vt 0.164054 0.667325
vt 0.165865 0.667325
vt 0.165865 0.686842
vt 0.167765 0.667325
vt 0.167765 0.686841
vt 0.157867 0.623431
vt 0.159132 0.625673
vt 0.157850 0.625525
vt 0.159057 0.623441
vt 0.056428 0.707620
vt 0.057381 0.709652
vt 0.056343 0.709726
vt 0.152607 0.702188
vt 0.153797 0.706852
vt 0.152841 0.706852
vt 0.164850 0.570703
vt 0.167730 0.570703
vt 0.164850 0.557387
vt 0.203763 0.534591
vt 0.202227 0.532159
vt 0.203763 0.532100
vt 0.172859 0.667325
vt 0.171948 0.686841
vt 0.171860 0.667325
vt 0.167729 0.711462
vt 0.168980 0.713892
vt 0.167655 0.713960
vt 0.171721 0.667325
vt 0.170861 0.667325
vt 0.162104 0.686841
vt 0.163915 0.667325
vt 0.163915 0.686841
vt 0.169664 0.686842
vt 0.167841 0.686841
vt 0.067817 0.939782
vt 0.057016 0.895217
vt 0.079300 0.896165
vt 0.190067 0.824646
vt 0.221075 0.857970
vt 0.190067 0.857970
vt 0.171404 0.929449
vt 0.175016 0.896125
vt 0.175016 0.929449
vt 0.232982 0.869625
vt 0.231628 0.836302
vt 0.232982 0.836302
vt 0.188713 0.824646
vt 0.188713 0.857970
vt 0.160377 0.929449
vt 0.164178 0.885667
vt 0.164178 0.929449
vt 0.096378 0.830456
vt 0.081739 0.797132
vt 0.096378 0.797132
vt 0.081739 0.776541
vt 0.096378 0.776541
vt 0.107757 0.937214
vt 0.108439 0.957806
vt 0.107757 0.957806
vt 0.190067 0.878561
vt 0.188713 0.878561
vt 0.231628 0.815710
vt 0.232982 0.815710
vt 0.175016 0.950040
vt 0.171404 0.950040
vt 0.221075 0.878561
vt 0.150348 0.667325
vt 0.153890 0.686511
vt 0.150348 0.686511
vt 0.116074 0.952458
vt 0.115136 0.946920
vt 0.116074 0.946920
vt 0.167791 0.950040
vt 0.164178 0.950040
vt 0.167791 0.888733
vt 0.167791 0.929449
vt 0.171404 0.893093
vt 0.186498 0.927205
vt 0.175016 0.883592
vt 0.191760 0.926267
vt 0.046218 0.939782
vt 0.034738 0.896165
vt 0.065746 0.797132
vt 0.034738 0.831239
vt 0.034738 0.797132
vt 0.149351 0.929449
vt 0.145738 0.895342
vt 0.149351 0.893093
vt 0.067100 0.797132
vt 0.065746 0.831239
vt 0.144384 0.929449
vt 0.145738 0.929449
vt 0.156576 0.885667
vt 0.160377 0.882635
vt 0.067100 0.831239
vt 0.067100 0.776541
vt 0.217234 0.933234
vt 0.216552 0.953825
vt 0.216552 0.933234
vt 0.144384 0.950040
vt 0.145738 0.950040
vt 0.065746 0.776541
vt 0.149351 0.950040
vt 0.034738 0.776541
vt 0.146806 0.686511
vt 0.116074 0.941382
vt 0.152963 0.950040
vt 0.156576 0.929449
vt 0.156576 0.950040
vt 0.152963 0.888733
vt 0.152963 0.929449
vt 0.202834 0.926267
vt 0.197297 0.882635
vt 0.219578 0.883592
vt 0.845039 0.656924
vt 0.843646 0.655984
vt 0.845165 0.656628
vt 0.924757 0.601665
vt 0.925061 0.604068
vt 0.924757 0.604068
vt 0.845208 0.656995
vt 0.844189 0.658931
vt 0.867429 0.668097
vt 0.867733 0.670501
vt 0.867429 0.670501
vt 0.838876 0.626881
vt 0.839097 0.630776
vt 0.838876 0.630776
vt 0.845333 0.656699
vt 0.838876 0.634671
vt 0.839097 0.638566
vt 0.838876 0.638566
vt 0.846684 0.653041
vt 0.846863 0.653087
vt 0.444496 0.050797
vt 0.443390 0.053240
vt 0.443390 0.050629
vt 0.447571 0.065384
vt 0.448677 0.064091
vt 0.448677 0.065384
vt 0.839097 0.663845
vt 0.838876 0.661665
vt 0.839097 0.661665
vt 0.845501 0.656770
vt 0.846895 0.657710
vt 0.845376 0.657066
vt 0.847020 0.653184
vt 0.788724 0.668831
vt 0.789028 0.666428
vt 0.789028 0.668831
vt 0.844526 0.659073
vt 0.844347 0.659028
vt 0.860752 0.668663
vt 0.860448 0.671066
vt 0.860448 0.668663
vt 0.444544 0.059646
vt 0.443438 0.057203
vt 0.444544 0.057035
vt 0.448680 0.068707
vt 0.447574 0.067415
vt 0.448680 0.067246
vt 0.853573 0.661163
vt 0.853352 0.663343
vt 0.853352 0.661163
vt 0.915238 0.603015
vt 0.914845 0.601339
vt 0.915238 0.601114
vt 0.915238 0.597241
vt 0.916592 0.596555
vt 0.916827 0.596993
vt 0.916592 0.603702
vt 0.914845 0.603429
vt 0.914845 0.600990
vt 0.915238 0.600797
vt 0.917003 0.596524
vt 0.917003 0.596966
vt 0.916827 0.603263
vt 0.917003 0.603732
vt 0.860433 0.681558
vt 0.861604 0.684102
vt 0.860433 0.684102
vt 0.882773 0.691796
vt 0.883625 0.687633
vt 0.883625 0.691796
vt 0.882773 0.692144
vt 0.883625 0.692144
vt 0.842059 0.686152
vt 0.843230 0.686751
vt 0.842059 0.686751
vt 0.860432 0.680959
vt 0.861604 0.681558
vt 0.882773 0.694235
vt 0.883625 0.694235
vt 0.842059 0.683608
vt 0.843230 0.686152
vt 0.824005 0.669861
vt 0.824294 0.671763
vt 0.824005 0.671763
vt 0.823896 0.663675
vt 0.824294 0.665989
vt 0.823896 0.665989
vt 0.883410 0.663462
vt 0.883807 0.665776
vt 0.883410 0.665776
vt 0.824005 0.665989
vt 0.824294 0.669545
vt 0.824005 0.669545
vt 0.824294 0.669861
vt 0.823896 0.663419
vt 0.824294 0.663675
vt 0.883807 0.666032
vt 0.883410 0.666032
vt 0.918767 0.603015
vt 0.919160 0.601339
vt 0.919160 0.603429
vt 0.917414 0.596555
vt 0.918767 0.597241
vt 0.917179 0.596993
vt 0.917414 0.603702
vt 0.917179 0.603263
vt 0.919160 0.600990
vt 0.918767 0.600797
vt 0.918767 0.601114
vt 0.917003 0.603290
vt 0.861604 0.677816
vt 0.860433 0.680360
vt 0.860433 0.677816
vt 0.967162 0.527775
vt 0.966310 0.523612
vt 0.967162 0.523612
vt 0.966310 0.523264
vt 0.967162 0.523264
vt 0.842059 0.687350
vt 0.861604 0.680360
vt 0.966310 0.521173
vt 0.967162 0.521173
vt 0.843230 0.687350
vt 0.842059 0.689894
vt 0.792143 0.672201
vt 0.792432 0.670300
vt 0.792432 0.672201
vt 0.824294 0.660848
vt 0.823896 0.663162
vt 0.823896 0.660848
vt 0.883807 0.666288
vt 0.883410 0.668603
vt 0.883410 0.666288
vt 0.792143 0.669983
vt 0.792432 0.666428
vt 0.792432 0.669983
vt 0.792143 0.670300
vt 0.824294 0.663162
vt 0.907123 0.597241
vt 0.907516 0.598917
vt 0.907123 0.599142
vt 0.907123 0.605566
vt 0.905769 0.606253
vt 0.905534 0.605814
vt 0.905769 0.596554
vt 0.907516 0.596827
vt 0.907516 0.603107
vt 0.907123 0.603279
vt 0.907123 0.602953
vt 0.907516 0.599266
vt 0.907123 0.599459
vt 0.905358 0.606283
vt 0.905358 0.605841
vt 0.907516 0.603465
vt 0.905534 0.596993
vt 0.905358 0.596524
vt 0.842059 0.681063
vt 0.843230 0.683608
vt 0.842059 0.683608
vt 0.918663 0.671806
vt 0.919515 0.671448
vt 0.919515 0.671806
vt 0.918663 0.675996
vt 0.919515 0.675647
vt 0.919515 0.675996
vt 0.850398 0.682001
vt 0.849227 0.681402
vt 0.850398 0.681402
vt 0.918663 0.671448
vt 0.919515 0.668933
vt 0.918663 0.675647
vt 0.842059 0.680465
vt 0.843230 0.681063
vt 0.918663 0.678086
vt 0.919515 0.678086
vt 0.850398 0.684545
vt 0.849227 0.682001
vt 0.824015 0.626357
vt 0.824304 0.628258
vt 0.824015 0.628258
vt 0.824294 0.658022
vt 0.823896 0.655708
vt 0.824294 0.655708
vt 0.842151 0.663240
vt 0.842549 0.665554
vt 0.842151 0.665554
vt 0.824015 0.622220
vt 0.824304 0.622546
vt 0.824015 0.622546
vt 0.824015 0.626040
vt 0.824304 0.626357
vt 0.824294 0.658278
vt 0.823896 0.658022
vt 0.824015 0.619933
vt 0.824304 0.622220
vt 0.824304 0.626040
vt 0.842549 0.665811
vt 0.842151 0.665811
vt 0.903594 0.597241
vt 0.903201 0.598917
vt 0.903201 0.596827
vt 0.904948 0.606253
vt 0.903594 0.605566
vt 0.905183 0.605814
vt 0.904948 0.596554
vt 0.905183 0.596993
vt 0.903594 0.603279
vt 0.903201 0.603107
vt 0.903594 0.602953
vt 0.903594 0.599142
vt 0.903201 0.599266
vt 0.903201 0.603465
vt 0.903594 0.599459
vt 0.905358 0.596966
vt 0.843230 0.677322
vt 0.842059 0.679866
vt 0.842059 0.677322
vt 0.930502 0.671777
vt 0.931354 0.672135
vt 0.930502 0.672135
vt 0.930502 0.675977
vt 0.931354 0.676325
vt 0.930502 0.676325
vt 0.850398 0.680803
vt 0.930502 0.669263
vt 0.931354 0.671777
vt 0.931354 0.675977
vt 0.843230 0.679866
vt 0.931354 0.678416
vt 0.930502 0.678416
vt 0.849227 0.680803
vt 0.850398 0.678259
vt 0.824015 0.636582
vt 0.824304 0.634681
vt 0.824304 0.636582
vt 0.823896 0.660848
vt 0.824294 0.658534
vt 0.824294 0.660848
vt 0.842549 0.666067
vt 0.842151 0.668381
vt 0.842151 0.666067
vt 0.824015 0.630871
vt 0.824304 0.630545
vt 0.824304 0.630871
vt 0.824015 0.634681
vt 0.824304 0.634364
vt 0.823896 0.658534
vt 0.824015 0.630545
vt 0.824015 0.634364
vt 0.912830 0.603320
vt 0.911181 0.602998
vt 0.912830 0.602998
vt 0.839097 0.651770
vt 0.838876 0.649199
vt 0.839097 0.649199
vt 0.795840 0.671235
vt 0.795536 0.668831
vt 0.795840 0.668831
vt 0.913013 0.603320
vt 0.912830 0.605500
vt 0.795536 0.666428
vt 0.822937 0.666428
vt 0.823241 0.668832
vt 0.822937 0.668832
vt 0.913013 0.602998
vt 0.912830 0.599454
vt 0.913013 0.599454
vt 0.823241 0.671235
vt 0.912830 0.599124
vt 0.913013 0.599124
vt 0.911181 0.599124
vt 0.839097 0.645654
vt 0.838876 0.642110
vt 0.839097 0.642110
vt 0.426628 0.080583
vt 0.425523 0.079027
vt 0.426628 0.078859
vt 0.448681 0.056322
vt 0.447575 0.057615
vt 0.447575 0.056322
vt 0.445169 0.166099
vt 0.446275 0.168475
vt 0.445169 0.168475
vt 0.839123 0.666366
vt 0.838902 0.664186
vt 0.839123 0.664186
vt 0.912830 0.596552
vt 0.913013 0.596524
vt 0.914845 0.602998
vt 0.913196 0.603320
vt 0.913196 0.602998
vt 0.838876 0.654342
vt 0.838876 0.651770
vt 0.925644 0.668786
vt 0.925340 0.671189
vt 0.925340 0.668786
vt 0.913196 0.605500
vt 0.913013 0.605528
vt 0.944881 0.551545
vt 0.944577 0.553949
vt 0.944577 0.551545
vt 0.849575 0.668989
vt 0.849271 0.671392
vt 0.849271 0.668989
vt 0.913196 0.599454
vt 0.871136 0.672904
vt 0.871440 0.670500
vt 0.871440 0.672904
vt 0.913196 0.599124
vt 0.914845 0.599124
vt 0.839097 0.645654
vt 0.427734 0.079027
vt 0.448794 0.118358
vt 0.447688 0.117066
vt 0.448794 0.116897
vt 0.446430 0.160177
vt 0.445324 0.162553
vt 0.445324 0.160177
vt 0.941679 0.539536
vt 0.941458 0.541716
vt 0.941458 0.539536
vt 0.913196 0.596552
vt 0.849001 0.656770
vt 0.850395 0.657710
vt 0.848876 0.657066
vt 0.871136 0.670500
vt 0.871440 0.668097
vt 0.848707 0.656995
vt 0.848026 0.659073
vt 0.847847 0.659028
vt 0.883890 0.653041
vt 0.883586 0.655445
vt 0.883586 0.653041
vt 0.839097 0.634671
vt 0.848833 0.656699
vt 0.839097 0.622986
vt 0.839097 0.626881
vt 0.850520 0.653184
vt 0.850363 0.653087
vt 0.443434 0.067415
vt 0.444540 0.069857
vt 0.443434 0.069857
vt 0.448680 0.070169
vt 0.447574 0.068876
vt 0.853573 0.658983
vt 0.848539 0.656924
vt 0.847146 0.655984
vt 0.848665 0.656628
vt 0.850184 0.653041
vt 0.883890 0.657848
vt 0.883890 0.655445
vt 0.847689 0.658931
vt 0.877955 0.664509
vt 0.878259 0.666913
vt 0.877955 0.666913
vt 0.443423 0.066991
vt 0.444529 0.064548
vt 0.444529 0.066991
vt 0.448685 0.166099
vt 0.447579 0.167392
vt 0.447579 0.166099
vt 0.838876 0.659485
vt 0.839097 0.661665
vt 0.919553 0.597241
vt 0.919160 0.598917
vt 0.919160 0.596827
vt 0.920907 0.603702
vt 0.919553 0.603015
vt 0.921142 0.603263
vt 0.920907 0.596555
vt 0.921142 0.596993
vt 0.919160 0.599266
vt 0.919553 0.599459
vt 0.919553 0.599142
vt 0.921317 0.603732
vt 0.921317 0.603290
vt 0.921317 0.596524
vt 0.921317 0.596966
vt 0.918343 0.680630
vt 0.918343 0.678086
vt 0.838226 0.688316
vt 0.839077 0.692479
vt 0.838226 0.692479
vt 0.839077 0.692828
vt 0.838226 0.692828
vt 0.938406 0.681557
vt 0.937235 0.682156
vt 0.937235 0.681557
vt 0.919515 0.680630
vt 0.918343 0.681229
vt 0.839077 0.694918
vt 0.838226 0.694918
vt 0.938406 0.682156
vt 0.937235 0.684700
vt 0.843520 0.658283
vt 0.843230 0.660184
vt 0.843230 0.658283
vt 0.857409 0.657642
vt 0.857011 0.659956
vt 0.857011 0.657642
vt 0.867827 0.665783
vt 0.867429 0.665783
vt 0.843520 0.660501
vt 0.843230 0.664056
vt 0.843230 0.660501
vt 0.843520 0.660184
vt 0.857409 0.659956
vt 0.857011 0.660213
vt 0.867827 0.665527
vt 0.867429 0.665527
vt 0.923082 0.597241
vt 0.923475 0.598917
vt 0.923082 0.599142
vt 0.923082 0.603015
vt 0.921728 0.603702
vt 0.921493 0.603263
vt 0.921728 0.596555
vt 0.923475 0.596827
vt 0.923475 0.599266
vt 0.923082 0.599459
vt 0.921493 0.596993
vt 0.918343 0.681828
vt 0.919515 0.684372
vt 0.918343 0.684372
vt 0.870495 0.691584
vt 0.871347 0.687421
vt 0.871347 0.691584
vt 0.870495 0.691932
vt 0.871347 0.691932
vt 0.937235 0.680959
vt 0.919515 0.681828
vt 0.870495 0.694023
vt 0.871347 0.694023
vt 0.937235 0.678414
vt 0.938406 0.680959
vt 0.877970 0.662608
vt 0.878259 0.664509
vt 0.877970 0.664509
vt 0.857011 0.660469
vt 0.857409 0.662783
vt 0.857011 0.662783
vt 0.867429 0.662956
vt 0.867827 0.665270
vt 0.867429 0.665270
vt 0.877970 0.658736
vt 0.878259 0.662291
vt 0.877970 0.662291
vt 0.878259 0.662608
vt 0.857409 0.660469
vt 0.899280 0.597241
vt 0.898886 0.598917
vt 0.898886 0.596827
vt 0.900633 0.606253
vt 0.899280 0.605566
vt 0.900868 0.605814
vt 0.900633 0.596554
vt 0.900868 0.596993
vt 0.899280 0.603279
vt 0.898886 0.603107
vt 0.899280 0.602953
vt 0.899280 0.599142
vt 0.898886 0.599266
vt 0.901044 0.606283
vt 0.901044 0.605841
vt 0.898886 0.603465
vt 0.899280 0.599459
vt 0.901044 0.596524
vt 0.901044 0.596966
vt 0.824304 0.674833
vt 0.823132 0.677377
vt 0.823132 0.674833
vt 0.860752 0.671178
vt 0.861604 0.671536
vt 0.860752 0.671536
vt 0.860752 0.675377
vt 0.861604 0.675726
vt 0.860752 0.675726
vt 0.823132 0.684262
vt 0.824304 0.683663
vt 0.824304 0.684262
vt 0.861604 0.671178
vt 0.861604 0.675377
vt 0.824304 0.677377
vt 0.823132 0.677976
vt 0.860752 0.677816
vt 0.823132 0.683663
vt 0.824304 0.681119
vt 0.824015 0.644907
vt 0.824304 0.643006
vt 0.824304 0.644907
vt 0.924757 0.601665
vt 0.925155 0.599351
vt 0.925155 0.601665
vt 0.871440 0.665783
vt 0.871042 0.668097
vt 0.871042 0.665783
vt 0.824015 0.639195
vt 0.824304 0.638870
vt 0.824304 0.639195
vt 0.824015 0.643006
vt 0.824304 0.642689
vt 0.924757 0.599351
vt 0.925155 0.599095
vt 0.824015 0.638870
vt 0.824015 0.642689
vt 0.871440 0.665527
vt 0.871042 0.665527
vt 0.902808 0.597241
vt 0.902808 0.599142
vt 0.902808 0.605566
vt 0.901455 0.606253
vt 0.901220 0.605814
vt 0.901455 0.596554
vt 0.902808 0.603279
vt 0.902808 0.602953
vt 0.903201 0.599266
vt 0.902808 0.599459
vt 0.901220 0.596993
vt 0.823132 0.678574
vt 0.824304 0.681119
vt 0.823132 0.681119
vt 0.954621 0.551195
vt 0.953769 0.551553
vt 0.953769 0.551195
vt 0.954621 0.547005
vt 0.953769 0.547353
vt 0.953769 0.547005
vt 0.824304 0.684860
vt 0.954621 0.551553
vt 0.953769 0.554068
vt 0.954621 0.547353
vt 0.824304 0.678574
vt 0.954621 0.544915
vt 0.953769 0.544915
vt 0.824304 0.687405
vt 0.823132 0.684860
vt 0.824015 0.651331
vt 0.824304 0.653232
vt 0.824015 0.653232
vt 0.925155 0.598838
vt 0.924757 0.596524
vt 0.925155 0.596524
vt 0.871042 0.662956
vt 0.871440 0.665270
vt 0.871042 0.665270
vt 0.824015 0.647194
vt 0.824304 0.647520
vt 0.824015 0.647520
vt 0.824015 0.651014
vt 0.824304 0.651331
vt 0.924757 0.598838
vt 0.824304 0.647194
vt 0.824304 0.651014
vt 0.909531 0.603320
vt 0.909531 0.602998
vt 0.839097 0.654342
vt 0.838876 0.656913
vt 0.883807 0.671006
vt 0.883503 0.673409
vt 0.883503 0.671006
vt 0.909348 0.603320
vt 0.909531 0.605500
vt 0.909348 0.605528
vt 0.788724 0.671235
vt 0.842151 0.670784
vt 0.842455 0.668381
vt 0.842455 0.670784
vt 0.909531 0.599454
vt 0.909348 0.602998
vt 0.909348 0.599454
vt 0.918560 0.668933
vt 0.918256 0.671336
vt 0.918256 0.668933
vt 0.909531 0.599124
vt 0.909348 0.599124
vt 0.424417 0.080414
vt 0.425523 0.078859
vt 0.425523 0.080583
vt 0.448677 0.066845
vt 0.447571 0.065553
vt 0.401005 0.171346
vt 0.399899 0.173722
vt 0.399899 0.171346
vt 0.838902 0.668546
vt 0.838902 0.666366
vt 0.909531 0.596552
vt 0.909348 0.596524
vt 0.909166 0.603320
vt 0.907516 0.602998
vt 0.909166 0.602998
vt 0.839097 0.659485
vt 0.883503 0.668603
vt 0.883807 0.668603
vt 0.909166 0.605500
vt 0.867733 0.672904
vt 0.842455 0.673188
vt 0.842151 0.673188
vt 0.909166 0.599454
vt 0.824304 0.655635
vt 0.824000 0.653232
vt 0.909166 0.599124
vt 0.907516 0.599124
vt 0.923303 0.607276
vt 0.923082 0.603732
vt 0.923303 0.603732
vt 0.429450 0.080628
vt 0.428344 0.079073
vt 0.429450 0.078904
vt 0.447688 0.119820
vt 0.448794 0.118527
vt 0.448794 0.119820
vt 0.325295 0.173941
vt 0.324189 0.171565
vt 0.325295 0.171565
vt 0.941458 0.541716
vt 0.941679 0.543896
vt 0.941458 0.543896
vt 0.909166 0.596552
vt 0.594611 0.947842
vt 0.592914 0.945898
vt 0.594611 0.945898
vt 0.546622 0.942483
vt 0.546030 0.944427
vt 0.546030 0.942483
vt 0.664788 0.938997
vt 0.666048 0.940194
vt 0.664634 0.940194
vt 0.666201 0.938997
vt 0.666608 0.940194
vt 0.646996 0.947410
vt 0.646589 0.948607
vt 0.646436 0.947410
vt 0.646996 0.946604
vt 0.645831 0.945547
vt 0.646996 0.945547
vt 0.665443 0.941000
vt 0.666608 0.942058
vt 0.665443 0.942058
vt 0.664029 0.941000
vt 0.664029 0.942058
vt 0.666608 0.940597
vt 0.664442 0.940597
vt 0.665856 0.940597
vt 0.646996 0.947007
vt 0.646244 0.947007
vt 0.645831 0.946604
vt 0.595502 0.933990
vt 0.596103 0.935934
vt 0.595502 0.935934
vt 0.666608 0.941000
vt 0.581877 0.948986
vt 0.580180 0.947042
vt 0.581877 0.947042
vt 0.683116 0.864282
vt 0.682524 0.866226
vt 0.682524 0.864282
vt 0.667560 0.938997
vt 0.668820 0.940195
vt 0.667406 0.940195
vt 0.668973 0.938997
vt 0.669380 0.940195
vt 0.562888 0.946733
vt 0.563295 0.945535
vt 0.563448 0.946733
vt 0.562888 0.947538
vt 0.564053 0.948596
vt 0.562888 0.948596
vt 0.668215 0.941000
vt 0.669380 0.942058
vt 0.668215 0.942058
vt 0.666801 0.941000
vt 0.666801 0.942058
vt 0.669380 0.940598
vt 0.667214 0.940598
vt 0.668628 0.940598
vt 0.562888 0.947135
vt 0.563640 0.947135
vt 0.564053 0.947538
vt 0.536132 0.935845
vt 0.535531 0.933900
vt 0.536132 0.933900
vt 0.669380 0.941000
vt 0.661058 0.947888
vt 0.659361 0.945944
vt 0.661058 0.945944
vt 0.589661 0.942035
vt 0.590253 0.940091
vt 0.590253 0.942035
vt 0.518023 0.939174
vt 0.519283 0.940371
vt 0.517870 0.940371
vt 0.519437 0.939174
vt 0.519844 0.940371
vt 0.687282 0.850374
vt 0.687689 0.849176
vt 0.687842 0.850374
vt 0.687282 0.851180
vt 0.688447 0.852237
vt 0.687282 0.852237
vt 0.518679 0.941177
vt 0.519844 0.942235
vt 0.518679 0.942235
vt 0.517265 0.941177
vt 0.517265 0.942235
vt 0.519844 0.940774
vt 0.517678 0.940774
vt 0.519092 0.940774
vt 0.687282 0.850777
vt 0.688034 0.850777
vt 0.688447 0.851180
vt 0.675248 0.812405
vt 0.675849 0.814350
vt 0.675248 0.814350
vt 0.519844 0.941177
vt 0.688888 0.781998
vt 0.687191 0.780054
vt 0.688888 0.780054
vt 0.589661 0.943979
vt 0.670138 0.938997
vt 0.671398 0.940195
vt 0.669984 0.940195
vt 0.671551 0.938997
vt 0.671958 0.940195
vt 0.687282 0.841192
vt 0.687689 0.839994
vt 0.687842 0.841192
vt 0.687282 0.841998
vt 0.688447 0.843055
vt 0.687282 0.843055
vt 0.670793 0.941000
vt 0.671958 0.942058
vt 0.670793 0.942058
vt 0.671958 0.940598
vt 0.669792 0.940598
vt 0.671206 0.940598
vt 0.687282 0.841595
vt 0.688034 0.841595
vt 0.688447 0.841998
vt 0.675248 0.816294
vt 0.675849 0.818238
vt 0.675248 0.818238
vt 0.671958 0.941000
vt 0.575231 0.948066
vt 0.573534 0.946122
vt 0.575231 0.946122
vt 0.671366 0.944002
vt 0.671366 0.942058
vt 0.521584 0.939229
vt 0.522844 0.940427
vt 0.521430 0.940427
vt 0.522997 0.939229
vt 0.523404 0.940427
vt 0.687197 0.944416
vt 0.687604 0.943218
vt 0.687757 0.944416
vt 0.687197 0.945222
vt 0.688362 0.946279
vt 0.687197 0.946279
vt 0.522239 0.941233
vt 0.523404 0.942290
vt 0.522239 0.942290
vt 0.520825 0.941233
vt 0.520825 0.942290
vt 0.523404 0.940830
vt 0.521238 0.940830
vt 0.522652 0.940830
vt 0.687197 0.944819
vt 0.687949 0.944819
vt 0.688362 0.945222
vt 0.535531 0.935845
vt 0.536132 0.937789
vt 0.535531 0.937789
vt 0.523404 0.941233
vt 0.677465 0.947226
vt 0.679162 0.949170
vt 0.677465 0.949170
vt 0.631833 0.941939
vt 0.631241 0.943883
vt 0.631241 0.941939
vt 0.675524 0.938869
vt 0.676784 0.940066
vt 0.675371 0.940066
vt 0.676938 0.938869
vt 0.677344 0.940066
vt 0.566516 0.947398
vt 0.566110 0.948596
vt 0.565956 0.947398
vt 0.566516 0.946592
vt 0.565351 0.945535
vt 0.566516 0.945535
vt 0.676179 0.940872
vt 0.677344 0.941930
vt 0.676179 0.941930
vt 0.674766 0.940872
vt 0.674766 0.941930
vt 0.677344 0.940469
vt 0.675179 0.940469
vt 0.676592 0.940469
vt 0.566516 0.946995
vt 0.565764 0.946995
vt 0.565351 0.946592
vt 0.598703 0.934211
vt 0.599304 0.936155
vt 0.598703 0.936155
vt 0.677344 0.940872
vt 0.688894 0.948223
vt 0.688894 0.946279
vt 0.618466 0.941936
vt 0.617874 0.943881
vt 0.617874 0.941936
vt 0.672809 0.938874
vt 0.674069 0.940071
vt 0.672655 0.940071
vt 0.674222 0.938874
vt 0.674629 0.940071
vt 0.569745 0.946755
vt 0.570152 0.945558
vt 0.570305 0.946755
vt 0.569745 0.947561
vt 0.570910 0.948619
vt 0.569745 0.948619
vt 0.673464 0.940877
vt 0.674629 0.941934
vt 0.673464 0.941934
vt 0.672050 0.940877
vt 0.672050 0.941934
vt 0.674629 0.940474
vt 0.672463 0.940474
vt 0.673877 0.940474
vt 0.569745 0.947158
vt 0.570497 0.947158
vt 0.570910 0.947561
vt 0.675849 0.816294
vt 0.674629 0.940877
vt 0.664374 0.815933
vt 0.666071 0.817878
vt 0.664374 0.817878
vt 0.618466 0.943881
vt 0.617874 0.945825
vt 0.680295 0.926712
vt 0.681792 0.927909
vt 0.680457 0.927909
vt 0.686852 0.839994
vt 0.686689 0.841192
vt 0.679864 0.927909
vt 0.679864 0.928715
vt 0.681098 0.929772
vt 0.679864 0.929772
vt 0.686048 0.841998
vt 0.686048 0.843055
vt 0.681098 0.928715
vt 0.682432 0.929772
vt 0.532427 0.944968
vt 0.532707 0.946912
vt 0.532427 0.946912
vt 0.679864 0.928312
vt 0.680660 0.928312
vt 0.531826 0.944968
vt 0.531826 0.946912
vt 0.686486 0.841595
vt 0.590253 0.945603
vt 0.591950 0.947548
vt 0.590253 0.947548
vt 0.538014 0.944315
vt 0.538606 0.942371
vt 0.538606 0.944315
vt 0.533248 0.939310
vt 0.534746 0.940508
vt 0.533411 0.940508
vt 0.686479 0.849176
vt 0.686048 0.847979
vt 0.686642 0.847979
vt 0.532818 0.940508
vt 0.532818 0.941314
vt 0.534052 0.942371
vt 0.532818 0.942371
vt 0.687282 0.847173
vt 0.686048 0.846116
vt 0.687282 0.846116
vt 0.534052 0.941314
vt 0.535386 0.942371
vt 0.686048 0.847576
vt 0.666458 0.944720
vt 0.666737 0.946664
vt 0.666458 0.946664
vt 0.532818 0.940911
vt 0.533614 0.940911
vt 0.665856 0.944720
vt 0.665856 0.946664
vt 0.686048 0.847173
vt 0.686845 0.847576
vt 0.566848 0.946086
vt 0.568545 0.948030
vt 0.566848 0.948030
vt 0.558213 0.942887
vt 0.558805 0.940942
vt 0.558805 0.942887
vt 0.663480 0.942306
vt 0.661983 0.941109
vt 0.663318 0.941109
vt 0.686479 0.839994
vt 0.686048 0.838797
vt 0.686642 0.838797
vt 0.663911 0.941109
vt 0.663911 0.940303
vt 0.662677 0.939245
vt 0.663911 0.939245
vt 0.687282 0.837991
vt 0.686048 0.836934
vt 0.687282 0.836934
vt 0.662677 0.940303
vt 0.661342 0.939245
vt 0.686048 0.838394
vt 0.592631 0.944731
vt 0.592911 0.946675
vt 0.592631 0.946676
vt 0.663911 0.940706
vt 0.663114 0.940706
vt 0.592030 0.944732
vt 0.592030 0.946676
vt 0.686048 0.837991
vt 0.686845 0.838394
vt 0.685290 0.947914
vt 0.683593 0.945969
vt 0.685290 0.945969
vt 0.659247 0.942456
vt 0.658655 0.944401
vt 0.658655 0.942456
vt 0.536563 0.939310
vt 0.538060 0.940508
vt 0.536726 0.940508
vt 0.686852 0.833873
vt 0.687282 0.835070
vt 0.686689 0.835070
vt 0.536132 0.940508
vt 0.536132 0.941314
vt 0.537366 0.942371
vt 0.536132 0.942371
vt 0.686048 0.835876
vt 0.537366 0.941314
vt 0.538701 0.942371
vt 0.687282 0.835473
vt 0.604070 0.946999
vt 0.603791 0.945055
vt 0.604070 0.945055
vt 0.536132 0.940911
vt 0.536929 0.940911
vt 0.604672 0.946999
vt 0.604672 0.945055
vt 0.687282 0.835876
vt 0.686486 0.835473
vt 0.683593 0.948223
vt 0.681897 0.946279
vt 0.683593 0.946279
vt 0.668736 0.944002
vt 0.669328 0.942058
vt 0.669328 0.944002
vt 0.532187 0.942306
vt 0.530690 0.941108
vt 0.532025 0.941108
vt 0.585868 0.944905
vt 0.586298 0.946103
vt 0.585705 0.946103
vt 0.532618 0.941108
vt 0.532618 0.940302
vt 0.531384 0.939245
vt 0.532618 0.939245
vt 0.585065 0.946909
vt 0.586298 0.947966
vt 0.585065 0.947966
vt 0.531384 0.940302
vt 0.530049 0.939245
vt 0.586298 0.946506
vt 0.634335 0.944598
vt 0.634614 0.946542
vt 0.634335 0.946543
vt 0.532618 0.940705
vt 0.531821 0.940705
vt 0.633733 0.944598
vt 0.633733 0.946543
vt 0.586298 0.946909
vt 0.585502 0.946506
vt 0.640982 0.947568
vt 0.639285 0.945624
vt 0.640982 0.945624
vt 0.615274 0.943881
vt 0.615866 0.941936
vt 0.615866 0.943881
vt 0.527477 0.939315
vt 0.528974 0.940512
vt 0.527639 0.940512
vt 0.687511 0.788181
vt 0.687941 0.789378
vt 0.687348 0.789378
vt 0.527046 0.940512
vt 0.527046 0.941318
vt 0.528280 0.942375
vt 0.527046 0.942375
vt 0.686707 0.790184
vt 0.687941 0.791241
vt 0.686707 0.791241
vt 0.528280 0.941318
vt 0.529615 0.942375
vt 0.687941 0.789781
vt 0.628617 0.946543
vt 0.628338 0.944599
vt 0.628617 0.944598
vt 0.527046 0.940915
vt 0.527843 0.940915
vt 0.629219 0.946542
vt 0.629219 0.944598
vt 0.687941 0.790184
vt 0.687145 0.789781
vt 0.662677 0.815933
vt 0.625858 0.943881
vt 0.626450 0.941936
vt 0.626450 0.943881
vt 0.524366 0.939339
vt 0.525864 0.940537
vt 0.524529 0.940537
vt 0.686852 0.849176
vt 0.686689 0.850374
vt 0.523936 0.940537
vt 0.523936 0.941343
vt 0.525169 0.942400
vt 0.523936 0.942400
vt 0.686048 0.851180
vt 0.686048 0.852237
vt 0.525169 0.941343
vt 0.526504 0.942400
vt 0.663399 0.946987
vt 0.663119 0.945043
vt 0.663399 0.945042
vt 0.523936 0.940940
vt 0.524732 0.940940
vt 0.664000 0.946986
vt 0.664000 0.945042
vt 0.686486 0.850777
vt 0.650548 0.945624
vt 0.652245 0.947568
vt 0.650548 0.947568
vt 0.656120 0.942304
vt 0.656712 0.940360
vt 0.656712 0.942304
vt 0.672189 0.947437
vt 0.673591 0.948465
vt 0.672189 0.948644
vt 0.561046 0.945535
vt 0.561453 0.946733
vt 0.560892 0.946733
vt 0.682428 0.944416
vt 0.682835 0.943218
vt 0.682989 0.944416
vt 0.682428 0.945222
vt 0.682428 0.946279
vt 0.560288 0.947538
vt 0.561453 0.948596
vt 0.560288 0.948596
vt 0.620172 0.866301
vt 0.619115 0.867715
vt 0.619115 0.866301
vt 0.561453 0.947136
vt 0.672050 0.949069
vt 0.673452 0.948889
vt 0.682428 0.944819
vt 0.683180 0.944819
vt 0.683593 0.945222
vt 0.536132 0.931956
vt 0.535531 0.930011
vt 0.536132 0.930011
vt 0.561453 0.947538
vt 0.560701 0.947136
vt 0.588211 0.947909
vt 0.586514 0.945964
vt 0.588211 0.945964
vt 0.543961 0.942589
vt 0.543369 0.944533
vt 0.543369 0.942589
vt 0.672002 0.809169
vt 0.673404 0.810196
vt 0.672002 0.810376
vt 0.562211 0.945535
vt 0.562617 0.946733
vt 0.562057 0.946733
vt 0.564187 0.946732
vt 0.564593 0.945535
vt 0.564747 0.946732
vt 0.564187 0.947538
vt 0.565351 0.948596
vt 0.564187 0.948596
vt 0.562617 0.948596
vt 0.607343 0.921201
vt 0.606286 0.922614
vt 0.606286 0.921201
vt 0.562617 0.947136
vt 0.671863 0.810800
vt 0.673265 0.810620
vt 0.564187 0.947135
vt 0.564939 0.947135
vt 0.565351 0.947538
vt 0.638191 0.865260
vt 0.638792 0.867205
vt 0.638191 0.867205
vt 0.562617 0.947538
vt 0.561865 0.947136
vt 0.658655 0.947881
vt 0.656958 0.945937
vt 0.658655 0.945937
vt 0.659247 0.940512
vt 0.686032 0.933108
vt 0.687434 0.934136
vt 0.686032 0.934316
vt 0.688041 0.852237
vt 0.688447 0.853434
vt 0.687887 0.853434
vt 0.687282 0.847313
vt 0.687689 0.846116
vt 0.687842 0.847313
vt 0.687282 0.848119
vt 0.688447 0.849176
vt 0.687282 0.849176
vt 0.687282 0.854240
vt 0.688447 0.855298
vt 0.687282 0.855298
vt 0.622286 0.866301
vt 0.621229 0.867715
vt 0.621229 0.866301
vt 0.688447 0.853837
vt 0.685893 0.934740
vt 0.687295 0.934560
vt 0.687282 0.847716
vt 0.688034 0.847716
vt 0.688447 0.848119
vt 0.535531 0.926123
vt 0.536132 0.928067
vt 0.535531 0.928067
vt 0.688447 0.854240
vt 0.687695 0.853837
vt 0.634720 0.945991
vt 0.636417 0.947935
vt 0.634720 0.947935
vt 0.674037 0.943879
vt 0.674629 0.943879
vt 0.685689 0.798354
vt 0.687091 0.799381
vt 0.685689 0.799561
vt 0.645331 0.945525
vt 0.645738 0.946723
vt 0.645178 0.946723
vt 0.648161 0.947410
vt 0.647754 0.948607
vt 0.647601 0.947410
vt 0.648161 0.946604
vt 0.648161 0.945547
vt 0.644573 0.947528
vt 0.645738 0.948586
vt 0.644573 0.948586
vt 0.618058 0.866301
vt 0.617001 0.867715
vt 0.617001 0.866301
vt 0.645738 0.947125
vt 0.685550 0.799985
vt 0.686952 0.799805
vt 0.648161 0.947007
vt 0.647409 0.947007
vt 0.535531 0.931956
vt 0.536132 0.933900
vt 0.645738 0.947528
vt 0.644986 0.947125
vt 0.655682 0.947539
vt 0.653985 0.945594
vt 0.655682 0.945594
vt 0.615274 0.945825
vt 0.686127 0.859411
vt 0.687529 0.860439
vt 0.686127 0.860619
vt 0.559610 0.945535
vt 0.560017 0.946732
vt 0.559457 0.946732
vt 0.688447 0.844918
vt 0.688041 0.846116
vt 0.687887 0.844918
vt 0.688447 0.844112
vt 0.558852 0.947538
vt 0.560017 0.948596
vt 0.558852 0.948596
vt 0.620172 0.867715
vt 0.560017 0.947135
vt 0.685988 0.861043
vt 0.687390 0.860863
vt 0.688447 0.844515
vt 0.687695 0.844515
vt 0.687282 0.844112
vt 0.598702 0.932267
vt 0.599304 0.934211
vt 0.598702 0.934211
vt 0.560017 0.947538
vt 0.559265 0.947135
vt 0.584626 0.947554
vt 0.582929 0.945610
vt 0.584626 0.945610
vt 0.595518 0.938520
vt 0.596110 0.936575
vt 0.596110 0.938520
vt 0.661309 0.809125
vt 0.662711 0.810152
vt 0.661309 0.810332
vt 0.526576 0.945461
vt 0.526982 0.946658
vt 0.526422 0.946658
vt 0.688447 0.835736
vt 0.688041 0.836934
vt 0.687887 0.835736
vt 0.688447 0.834930
vt 0.687282 0.833873
vt 0.688447 0.833873
vt 0.525817 0.947464
vt 0.526982 0.948521
vt 0.525817 0.948521
vt 0.623343 0.866301
vt 0.622286 0.867715
vt 0.526982 0.947061
vt 0.661170 0.810756
vt 0.662572 0.810576
vt 0.688447 0.835333
vt 0.687695 0.835333
vt 0.687282 0.834930
vt 0.526982 0.947464
vt 0.526230 0.947061
vt 0.609158 0.947596
vt 0.607461 0.945652
vt 0.609158 0.945652
vt 0.653263 0.939161
vt 0.653855 0.937217
vt 0.653855 0.939161
vt 0.686037 0.941515
vt 0.687439 0.942542
vt 0.686037 0.942722
vt 0.526576 0.942400
vt 0.526982 0.943597
vt 0.526422 0.943597
vt 0.687282 0.838131
vt 0.687689 0.836934
vt 0.687842 0.838131
vt 0.687282 0.838937
vt 0.688447 0.839994
vt 0.687282 0.839994
vt 0.525817 0.944403
vt 0.526982 0.945461
vt 0.525817 0.945461
vt 0.618058 0.867715
vt 0.526982 0.944000
vt 0.685898 0.943146
vt 0.687300 0.942966
vt 0.687282 0.838534
vt 0.688034 0.838534
vt 0.688447 0.838937
vt 0.595502 0.932045
vt 0.596104 0.933989
vt 0.526982 0.944403
vt 0.526230 0.944000
vt 0.685494 0.780054
vt 0.687191 0.781998
vt 0.685494 0.781998
vt 0.649865 0.945679
vt 0.650457 0.943734
vt 0.650457 0.945679
vt 0.630377 0.866113
vt 0.629180 0.867285
vt 0.629180 0.865950
vt 0.687581 0.861173
vt 0.688012 0.862371
vt 0.687418 0.862371
vt 0.688012 0.866097
vt 0.687581 0.867295
vt 0.687418 0.866097
vt 0.688012 0.865291
vt 0.686778 0.864234
vt 0.688012 0.864234
vt 0.686778 0.863177
vt 0.687106 0.855298
vt 0.686048 0.856632
vt 0.686048 0.855298
vt 0.688012 0.862774
vt 0.592631 0.942786
vt 0.592911 0.944731
vt 0.592631 0.944731
vt 0.688012 0.865694
vt 0.687215 0.865694
vt 0.686778 0.865291
vt 0.592030 0.942786
vt 0.592030 0.944730
vt 0.688012 0.863177
vt 0.687215 0.862774
vt 0.685370 0.945880
vt 0.687067 0.947824
vt 0.685370 0.947824
vt 0.548725 0.944482
vt 0.549317 0.942538
vt 0.549317 0.944482
vt 0.523820 0.946983
vt 0.522623 0.948155
vt 0.522623 0.946820
vt 0.686852 0.852237
vt 0.687282 0.853434
vt 0.686689 0.853434
vt 0.686707 0.792439
vt 0.687138 0.791241
vt 0.687301 0.792439
vt 0.686707 0.793245
vt 0.687941 0.794302
vt 0.686707 0.794302
vt 0.686048 0.854240
vt 0.681747 0.786060
vt 0.682805 0.784725
vt 0.682805 0.786060
vt 0.687282 0.853837
vt 0.656468 0.942949
vt 0.656748 0.944893
vt 0.656468 0.944893
vt 0.686707 0.792842
vt 0.687504 0.792842
vt 0.687941 0.793245
vt 0.655867 0.942948
vt 0.655867 0.944893
vt 0.686486 0.853837
vt 0.557866 0.946119
vt 0.556170 0.948064
vt 0.556170 0.946119
vt 0.551431 0.942410
vt 0.552023 0.944355
vt 0.551431 0.944355
vt 0.629180 0.866113
vt 0.627983 0.867285
vt 0.627983 0.865950
vt 0.579007 0.945499
vt 0.579438 0.946697
vt 0.578845 0.946697
vt 0.622397 0.946372
vt 0.622828 0.945175
vt 0.622990 0.946372
vt 0.622397 0.947178
vt 0.623631 0.948235
vt 0.622397 0.948235
vt 0.578204 0.947502
vt 0.579438 0.948560
vt 0.578204 0.948560
vt 0.684896 0.867685
vt 0.685953 0.866350
vt 0.685953 0.867685
vt 0.579438 0.947099
vt 0.612938 0.944598
vt 0.613218 0.946543
vt 0.612938 0.946542
vt 0.622397 0.946775
vt 0.623194 0.946775
vt 0.623631 0.947178
vt 0.612337 0.944598
vt 0.612337 0.946542
vt 0.579438 0.947502
vt 0.578642 0.947099
vt 0.679619 0.945910
vt 0.681316 0.947855
vt 0.679619 0.947855
vt 0.645051 0.944823
vt 0.645644 0.942878
vt 0.645644 0.944823
vt 0.631574 0.866113
vt 0.630377 0.867285
vt 0.630377 0.865950
vt 0.520003 0.945473
vt 0.520434 0.946671
vt 0.519841 0.946671
vt 0.636697 0.946660
vt 0.637128 0.945463
vt 0.637290 0.946660
vt 0.636697 0.947466
vt 0.637931 0.948523
vt 0.636697 0.948523
vt 0.519200 0.947476
vt 0.520434 0.948534
vt 0.519200 0.948534
vt 0.602068 0.946056
vt 0.601011 0.947391
vt 0.601011 0.946056
vt 0.520434 0.947073
vt 0.674157 0.946540
vt 0.673877 0.944596
vt 0.674157 0.944596
vt 0.636697 0.947063
vt 0.637493 0.947063
vt 0.637931 0.947466
vt 0.674758 0.946541
vt 0.674758 0.944597
vt 0.520434 0.947476
vt 0.519637 0.947073
vt 0.670495 0.805486
vt 0.668798 0.807430
vt 0.668798 0.805486
vt 0.604657 0.942466
vt 0.604065 0.940521
vt 0.604657 0.940521
vt 0.610375 0.946480
vt 0.609178 0.947652
vt 0.609178 0.946317
vt 0.595599 0.944985
vt 0.596030 0.946183
vt 0.595437 0.946183
vt 0.670563 0.945917
vt 0.670994 0.944719
vt 0.671156 0.945917
vt 0.670563 0.946723
vt 0.671797 0.947780
vt 0.670563 0.947780
vt 0.594796 0.946989
vt 0.596030 0.948046
vt 0.594796 0.948046
vt 0.673404 0.810800
vt 0.674461 0.809465
vt 0.674461 0.810800
vt 0.596030 0.946586
vt 0.648209 0.942710
vt 0.648489 0.944655
vt 0.648209 0.944655
vt 0.670563 0.946320
vt 0.671359 0.946320
vt 0.671797 0.946723
vt 0.647608 0.942710
vt 0.647608 0.944654
vt 0.596030 0.946989
vt 0.595233 0.946586
vt 0.599314 0.946056
vt 0.601011 0.948001
vt 0.599314 0.948001
vt 0.638579 0.944751
vt 0.639171 0.942806
vt 0.639171 0.944751
vt 0.675306 0.810438
vt 0.676504 0.809265
vt 0.676504 0.810600
vt 0.653486 0.944889
vt 0.653917 0.946086
vt 0.653324 0.946086
vt 0.641062 0.946660
vt 0.641492 0.945463
vt 0.641655 0.946660
vt 0.641062 0.947466
vt 0.642295 0.948523
vt 0.641062 0.948523
vt 0.652683 0.946892
vt 0.653917 0.947950
vt 0.652683 0.947950
vt 0.682040 0.933364
vt 0.680982 0.934699
vt 0.680982 0.933364
vt 0.653917 0.946489
vt 0.604070 0.945054
vt 0.603791 0.943110
vt 0.604070 0.943110
vt 0.641062 0.947063
vt 0.641858 0.947063
vt 0.642295 0.947466
vt 0.604672 0.945055
vt 0.604672 0.943110
vt 0.653917 0.946892
vt 0.653121 0.946489
vt 0.603791 0.947823
vt 0.602094 0.945879
vt 0.603791 0.945879
vt 0.558213 0.944831
vt 0.558805 0.944831
vt 0.627983 0.866113
vt 0.626785 0.867285
vt 0.626785 0.865950
vt 0.686852 0.843055
vt 0.687282 0.844252
vt 0.686689 0.844252
vt 0.637931 0.946660
vt 0.638361 0.945463
vt 0.638524 0.946660
vt 0.639164 0.948523
vt 0.686048 0.845058
vt 0.679925 0.934699
vt 0.679925 0.933364
vt 0.687282 0.844655
vt 0.582286 0.946226
vt 0.582007 0.944281
vt 0.582286 0.944281
vt 0.637931 0.947063
vt 0.638727 0.947063
vt 0.639164 0.947466
vt 0.582888 0.946226
vt 0.582888 0.944282
vt 0.687282 0.845058
vt 0.686486 0.844655
vt 0.424520 0.637060
vt 0.425169 0.638813
vt 0.424520 0.639743
vt 0.424520 0.626691
vt 0.425169 0.631108
vt 0.424520 0.631931
vt 0.426663 0.634496
vt 0.425169 0.633983
vt 0.426663 0.633983
vt 0.424520 0.634496
vt 0.425169 0.636547
vt 0.377141 0.633085
vt 0.377222 0.634623
vt 0.377141 0.634623
vt 0.426663 0.639743
vt 0.426663 0.638813
vt 0.426663 0.637060
vt 0.425169 0.637489
vt 0.428323 0.593729
vt 0.428404 0.595267
vt 0.428323 0.595267
vt 0.425169 0.635009
vt 0.426663 0.636547
vt 0.369239 0.573510
vt 0.369351 0.575687
vt 0.369239 0.575687
vt 0.426663 0.631931
vt 0.425169 0.632444
vt 0.369239 0.588750
vt 0.369351 0.590927
vt 0.369239 0.590927
vt 0.426663 0.626691
vt 0.425169 0.627515
vt 0.426663 0.631108
vt 0.447954 0.632037
vt 0.447840 0.630692
vt 0.447954 0.630542
vt 0.426966 0.596640
vt 0.426829 0.595295
vt 0.426966 0.595146
vt 0.446745 0.630692
vt 0.446631 0.630542
vt 0.425564 0.595295
vt 0.425428 0.595146
vt 0.369351 0.573510
vt 0.369432 0.577103
vt 0.369351 0.577103
vt 0.369351 0.601814
vt 0.369239 0.599636
vt 0.369351 0.599636
vt 0.369239 0.597459
vt 0.369351 0.586573
vt 0.369239 0.584396
vt 0.369351 0.584396
vt 0.415902 0.598218
vt 0.415821 0.596895
vt 0.415902 0.596895
vt 0.369239 0.577864
vt 0.369351 0.580041
vt 0.369239 0.580041
vt 0.369239 0.603991
vt 0.369351 0.606168
vt 0.369239 0.606168
vt 0.369351 0.593105
vt 0.393644 0.636878
vt 0.393578 0.634919
vt 0.393644 0.634919
vt 0.369432 0.590493
vt 0.369366 0.588534
vt 0.369432 0.588534
vt 0.369432 0.586574
vt 0.369366 0.584615
vt 0.369432 0.584615
vt 0.416269 0.597989
vt 0.416221 0.596895
vt 0.416269 0.596895
vt 0.425428 0.596640
vt 0.425564 0.596640
vt 0.439563 0.551137
vt 0.438162 0.551287
vt 0.438025 0.551137
vt 0.370929 0.628949
vt 0.369584 0.629169
vt 0.369434 0.628949
vt 0.439563 0.552632
vt 0.439426 0.551287
vt 0.369584 0.632323
vt 0.369434 0.632543
vt 0.438025 0.552632
vt 0.438162 0.552632
vt 0.446631 0.632037
vt 0.446745 0.632037
vt 0.370929 0.632543
vt 0.370929 0.632323
vt 0.453477 0.551512
vt 0.454572 0.550167
vt 0.454572 0.551512
vt 0.418328 0.651543
vt 0.419593 0.650198
vt 0.419593 0.651543
vt 0.428529 0.651902
vt 0.429794 0.650557
vt 0.429794 0.651902
vt 0.380670 0.632103
vt 0.379325 0.628949
vt 0.380670 0.628949
vt 0.416126 0.596895
vt 0.416174 0.598160
vt 0.416126 0.598160
vt 0.369432 0.594412
vt 0.369366 0.592452
vt 0.369432 0.592452
vt 0.369366 0.582656
vt 0.381944 0.632103
vt 0.381992 0.635258
vt 0.381944 0.635258
vt 0.369432 0.608127
vt 0.369366 0.606168
vt 0.369432 0.606168
vt 0.369366 0.600290
vt 0.369432 0.602249
vt 0.369366 0.602249
vt 0.369432 0.600290
vt 0.369366 0.598330
vt 0.369432 0.598330
vt 0.416031 0.598160
vt 0.415983 0.596895
vt 0.416031 0.596895
vt 0.358970 0.636018
vt 0.358525 0.630777
vt 0.358970 0.630777
vt 0.358970 0.638582
vt 0.358525 0.636018
vt 0.358970 0.643829
vt 0.358525 0.641146
vt 0.358970 0.641146
vt 0.332717 0.641249
vt 0.332106 0.638127
vt 0.332717 0.638127
vt 0.396238 0.632853
vt 0.396849 0.635975
vt 0.396238 0.635975
vt 0.358525 0.638582
vt 0.428158 0.638813
vt 0.428806 0.637060
vt 0.428806 0.639743
vt 0.428158 0.631108
vt 0.428806 0.626691
vt 0.428806 0.631931
vt 0.428158 0.633983
vt 0.428806 0.634496
vt 0.428158 0.636547
vt 0.427118 0.596684
vt 0.427199 0.595146
vt 0.427199 0.596684
vt 0.428158 0.637489
vt 0.421318 0.596377
vt 0.421236 0.597915
vt 0.421236 0.596377
vt 0.428158 0.635009
vt 0.428158 0.632444
vt 0.369239 0.586573
vt 0.428158 0.627515
vt 0.447840 0.633382
vt 0.447954 0.633532
vt 0.426829 0.597986
vt 0.426966 0.598135
vt 0.446745 0.633382
vt 0.446631 0.633532
vt 0.425564 0.597986
vt 0.425428 0.598135
vt 0.369351 0.580696
vt 0.369351 0.603991
vt 0.369351 0.595282
vt 0.369239 0.595282
vt 0.369351 0.582219
vt 0.369239 0.582219
vt 0.369239 0.608345
vt 0.393644 0.632960
vt 0.416174 0.597989
vt 0.416221 0.597989
vt 0.438162 0.553977
vt 0.439563 0.554127
vt 0.438025 0.554127
vt 0.372274 0.629169
vt 0.372423 0.628949
vt 0.439426 0.553977
vt 0.372274 0.632323
vt 0.372423 0.632543
vt 0.454572 0.552857
vt 0.419593 0.652889
vt 0.429794 0.653247
vt 0.382015 0.628949
vt 0.416079 0.596895
vt 0.369366 0.596371
vt 0.369432 0.596371
vt 0.369432 0.580696
vt 0.369366 0.580696
vt 0.384471 0.632348
vt 0.384423 0.635502
vt 0.384423 0.632348
vt 0.369432 0.604209
vt 0.369366 0.604209
vt 0.416079 0.598160
vt 0.371780 0.645595
vt 0.372224 0.640354
vt 0.372224 0.645595
vt 0.371780 0.640354
vt 0.372224 0.637790
vt 0.371780 0.635226
vt 0.372224 0.632543
vt 0.372224 0.635226
vt 0.332106 0.644370
vt 0.332717 0.644370
vt 0.396238 0.639097
vt 0.371780 0.637790
vt 0.030658 0.356111
vt 0.029909 0.396728
vt 0.029909 0.357003
vt 0.888797 0.822500
vt 0.887931 0.775572
vt 0.888797 0.776602
vt 0.958472 0.920182
vt 0.970781 0.934149
vt 0.957779 0.920182
vt 0.830943 0.882866
vt 0.831641 0.884210
vt 0.830943 0.884210
vt 0.945210 0.790882
vt 0.932901 0.804849
vt 0.932203 0.804849
vt 0.903306 0.869993
vt 0.904004 0.871337
vt 0.903306 0.871337
vt 0.831641 0.917582
vt 0.830943 0.917582
vt 0.887931 0.823530
vt 0.867589 0.775581
vt 0.048400 0.397620
vt 0.030658 0.397620
vt 0.888249 0.825341
vt 0.888797 0.870468
vt 0.888249 0.869698
vt 0.887413 0.870694
vt 0.887931 0.871499
vt 0.867603 0.823540
vt 0.887413 0.824346
vt 0.867602 0.824345
vt 0.888797 0.824571
vt 0.867603 0.871498
vt 0.867602 0.870693
vt 0.068305 0.398348
vt 0.078170 0.410537
vt 0.066911 0.398348
vt 0.178900 0.330413
vt 0.177495 0.331576
vt 0.177495 0.330413
vt 0.068305 0.422727
vt 0.078170 0.410537
vt 0.079575 0.410537
vt 0.132911 0.387163
vt 0.134074 0.385757
vt 0.134074 0.387163
vt 0.177495 0.301529
vt 0.178900 0.301529
vt 0.066911 0.396728
vt 0.066162 0.356111
vt 0.066911 0.357003
vt 0.847251 0.775572
vt 0.846385 0.822500
vt 0.846385 0.776602
vt 0.970781 0.906215
vt 0.971479 0.906215
vt 0.932901 0.775572
vt 0.932203 0.776915
vt 0.932203 0.775572
vt 0.932901 0.776915
vt 0.945903 0.790882
vt 0.971479 0.904871
vt 0.970781 0.904871
vt 0.971479 0.871499
vt 0.847251 0.823530
vt 0.066162 0.397620
vt 0.846385 0.870468
vt 0.846933 0.825341
vt 0.846933 0.869698
vt 0.847769 0.870694
vt 0.847769 0.824346
vt 0.846385 0.824571
vt 0.078170 0.386158
vt 0.079575 0.386158
vt 0.078170 0.436079
vt 0.079575 0.434916
vt 0.079575 0.436079
vt 0.078170 0.434916
vt 0.066911 0.422727
vt 0.078170 0.384995
vt 0.079575 0.384995
vt 0.079575 0.356111
vt 0.436187 0.933606
vt 0.429413 0.910476
vt 0.370976 0.913236
vt 0.298204 0.933876
vt 0.289519 0.911222
vt 0.332853 0.927044
vt 0.411664 0.918047
vt 0.374066 0.919562
vt 0.322799 0.933536
vt 0.431919 0.901704
vt 0.426967 0.936148
vt 0.306438 0.924783
vt 0.424333 0.924722
vt 0.444625 0.797417
vt 0.360410 0.921917
vt 0.303932 0.920518
vt 0.375685 0.936034
vt 0.398622 0.917764
vt 0.386594 0.936034
vt 0.353877 0.913145
vt 0.300811 0.906957
vt 0.332853 0.918512
vt 0.314017 0.921006
vt 0.383336 0.936034
vt 0.444568 0.778596
vt 0.424402 0.910549
vt 0.421896 0.920457
vt 0.395831 0.933528
vt 0.322799 0.918454
vt 0.300811 0.920518
vt 0.286167 0.933809
vt 0.431850 0.896870
vt 0.350501 0.917224
vt 0.437008 0.936003
vt 0.411783 0.857904
vt 0.424462 0.915756
vt 0.380899 0.931022
vt 0.313985 0.916567
vt 0.388416 0.931022
vt 0.345355 0.919173
vt 0.311480 0.916641
vt 0.384088 0.919562
vt 0.426908 0.906090
vt 0.338087 0.913255
vt 0.433732 0.931020
vt 0.353877 0.913145
vt 0.288673 0.915923
vt 0.428848 0.802543
vt 0.421665 0.807547
vt 0.292448 0.911222
vt 0.375786 0.931022
vt 0.344280 0.917812
vt 0.428789 0.936148
vt 0.360410 0.908236
vt 0.292448 0.920442
vt 0.295377 0.911222
vt 0.363423 0.927625
vt 0.429344 0.896870
vt 0.431910 0.936032
vt 0.376571 0.936034
vt 0.444452 0.934735
vt 0.446304 0.780526
vt 0.431682 0.811812
vt 0.289519 0.928473
vt 0.300811 0.928549
vt 0.444621 0.795658
vt 0.306438 0.920953
vt 0.429413 0.906163
vt 0.345406 0.935829
vt 0.354891 0.921917
vt 0.396617 0.915177
vt 0.393325 0.933530
vt 0.354891 0.908236
vt 0.389031 0.936034
vt 0.419300 0.857904
vt 0.339269 0.919238
vt 0.444625 0.785904
vt 0.424357 0.936148
vt 0.381514 0.936034
vt 0.300811 0.916050
vt 0.292025 0.920442
vt 0.380797 0.933528
vt 0.419300 0.861093
vt 0.325336 0.918512
vt 0.385158 0.931022
vt 0.345355 0.927704
vt 0.321523 0.916599
vt 0.379077 0.919562
vt 0.431217 0.931136
vt 0.371094 0.913445
vt 0.379077 0.919562
vt 0.378393 0.931022
vt 0.325336 0.909293
vt 0.363423 0.919094
vt 0.409728 0.913251
vt 0.291341 0.931355
vt 0.683231 0.867339
vt 0.648882 0.933818
vt 0.625563 0.867616
vt 0.672438 0.777392
vt 0.649675 0.818349
vt 0.610559 0.818349
vt 0.609681 0.817469
vt 0.610559 0.777392
vt 0.649675 0.777392
vt 0.152921 0.065298
vt 0.120795 0.126063
vt 0.161537 0.087549
vt 0.114198 0.163942
vt 0.161537 0.105940
vt 0.132573 0.118841
vt 0.125857 0.125974
vt 0.054229 0.174559
vt 0.099186 0.173131
vt 0.860387 0.944513
vt 0.851633 0.954762
vt 0.945903 0.805407
vt 0.917387 0.951874
vt 0.968675 0.859736
vt 0.892540 0.942203
vt 0.827757 0.943807
vt 0.952436 0.943565
vt 0.955033 0.937910
vt 0.827817 0.947954
vt 0.829777 0.923175
vt 0.846385 0.951132
vt 0.867515 0.919806
vt 0.924122 0.953950
vt 0.824882 0.934013
vt 0.917488 0.935363
vt 0.790763 0.927986
vt 0.874389 0.944859
vt 0.935983 0.940495
vt 0.827761 0.928712
vt 0.967325 0.791603
vt 0.860157 0.941764
vt 0.821200 0.950898
vt 0.970674 0.867296
vt 0.962511 0.795954
vt 0.850544 0.937026
vt 0.813633 0.928712
vt 0.801039 0.950783
vt 0.946632 0.938046
vt 0.880655 0.944825
vt 0.860157 0.936953
vt 0.963532 0.945468
vt 0.818790 0.948126
vt 0.850411 0.949951
vt 0.843308 0.954724
vt 0.938809 0.948804
vt 0.883975 0.920634
vt 0.843308 0.936208
vt 0.922651 0.948492
vt 0.963649 0.949727
vt 0.849134 0.935224
vt 0.965258 0.775572
vt 0.863707 0.919460
vt 0.889760 0.925107
vt 0.829701 0.956407
vt 0.892617 0.937392
vt 0.886439 0.954263
vt 0.968057 0.937086
vt 0.892617 0.942203
vt 0.959915 0.950310
vt 0.876388 0.953992
vt 0.880655 0.935203
vt 0.962560 0.803981
vt 0.853371 0.935417
vt 0.938809 0.935684
vt 0.941557 0.948832
vt 0.810689 0.950779
vt 0.912322 0.950320
vt 0.834717 0.945764
vt 0.853371 0.951290
vt 0.824954 0.934013
vt 0.912400 0.950317
vt 0.870991 0.924617
vt 0.917387 0.954623
vt 0.849706 0.920081
vt 0.917488 0.944985
vt 0.826936 0.950994
vt 0.834830 0.945830
vt 0.886439 0.914995
vt 0.797736 0.956337
vt 0.915148 0.942203
vt 0.886711 0.920296
vt 0.909419 0.937392
vt 0.853371 0.954070
vt 0.952285 0.928152
vt 0.962628 0.792610
vt 0.895444 0.937392
vt 0.957014 0.785194
vt 0.819202 0.930711
vt 0.957014 0.804437
vt 0.883403 0.948814
vt 0.849058 0.956929
vt 0.957635 0.933022
vt 0.824882 0.934074
vt 0.860387 0.951408
vt 0.957635 0.929303
vt 0.924362 0.944843
vt 0.912400 0.937392
vt 0.819202 0.950898
vt 0.860387 0.948659
vt 0.816376 0.947353
vt 0.809896 0.950277
vt 0.834830 0.945830
vt 0.867020 0.929428
vt 0.969434 0.945627
vt 0.870052 0.954212
vt 0.797613 0.950693
vt 0.846385 0.944846
vt 0.821950 0.938960
vt 0.943368 0.819010
vt 0.903922 0.937392
vt 0.955163 0.871346
vt 0.804163 0.955594
vt 0.810293 0.950779
vt 0.818262 0.953877
vt 0.971786 0.816485
vt 0.840482 0.945830
vt 0.840482 0.945830
vt 0.876276 0.956698
vt 0.816493 0.934097
vt 0.934946 0.945305
vt 0.957014 0.785194
vt 0.886439 0.951345
vt 0.926630 0.951317
vt 0.824954 0.938825
vt 0.949289 0.867848
vt 0.807169 0.923175
vt 0.793955 0.923175
vt 0.932197 0.951394
vt 0.857409 0.920761
vt 0.857551 0.914995
vt 0.969658 0.937016
vt 0.885368 0.956684
vt 0.856674 0.920849
vt 0.924362 0.944843
vt 0.941557 0.945306
vt 0.801039 0.956418
vt 0.886439 0.930493
vt 0.843308 0.941019
vt 0.886459 0.925107
vt 0.849134 0.940035
vt 0.955033 0.937910
vt 0.794433 0.956266
vt 0.868079 0.953542
vt 0.951953 0.811051
vt 0.929075 0.954151
vt 0.873739 0.939813
vt 0.898192 0.947014
vt 0.969899 0.824732
vt 0.810689 0.956540
vt 0.922985 0.935363
vt 0.963331 0.934149
vt 0.886439 0.940250
vt 0.813437 0.943281
vt 0.880655 0.954504
vt 0.971786 0.835554
vt 0.957014 0.794815
vt 0.940541 0.810234
vt 0.912322 0.947014
vt 0.940730 0.804849
vt 0.834830 0.936208
vt 0.967292 0.954600
vt 0.971621 0.940751
vt 0.840327 0.941019
vt 0.868165 0.944859
vt 0.883481 0.940014
vt 0.830451 0.943807
vt 0.965946 0.945836
vt 0.846385 0.930277
vt 0.846535 0.924892
vt 0.892540 0.942203
vt 0.880536 0.941674
vt 0.793955 0.927985
vt 0.800562 0.927985
vt 0.949313 0.917183
vt 0.924362 0.935221
vt 0.922985 0.940174
vt 0.804228 0.956246
vt 0.969739 0.949679
vt 0.929449 0.867848
vt 0.840327 0.941019
vt 0.850159 0.951132
vt 0.969899 0.832815
vt 0.957014 0.804437
vt 0.901096 0.942203
vt 0.819202 0.956546
vt 0.793400 0.943045
vt 0.883598 0.948323
vt 0.957782 0.942721
vt 0.900940 0.947014
vt 0.831968 0.927697
vt 0.945548 0.956489
vt 0.840482 0.936208
vt 0.925852 0.954128
vt 0.797736 0.947559
vt 0.959763 0.775572
vt 0.941557 0.939617
vt 0.807169 0.933430
vt 0.813626 0.953771
vt 0.827703 0.947954
vt 0.804337 0.943188
vt 0.816263 0.948110
vt 0.949410 0.953207
vt 0.963649 0.954537
vt 0.790652 0.956366
vt 0.922123 0.954233
vt 0.927188 0.944843
vt 0.800484 0.938384
vt 0.815513 0.950898
vt 0.804343 0.938377
vt 0.949573 0.947196
vt 0.839103 0.949328
vt 0.963649 0.952996
vt 0.971678 0.810962
vt 0.946416 0.816436
vt 0.879011 0.954693
vt 0.864194 0.935101
vt 0.922753 0.867985
vt 0.892572 0.953066
vt 0.957014 0.790004
vt 0.968548 0.793436
vt 0.874213 0.948744
vt 0.860247 0.952807
vt 0.962573 0.799643
vt 0.962573 0.803981
vt 0.851633 0.954762
vt 0.877788 0.914995
vt 0.882833 0.951563
vt 0.807169 0.928712
vt 0.943534 0.942725
vt 0.958026 0.947060
vt 0.957917 0.942721
vt 0.793545 0.947346
vt 0.966922 0.794815
vt 0.971722 0.859736
vt 0.969370 0.799626
vt 0.886229 0.940014
vt 0.945660 0.953459
vt 0.790652 0.946543
vt 0.880536 0.941675
vt 0.968549 0.793436
vt 0.969791 0.810261
vt 0.863354 0.948244
vt 0.946515 0.942857
vt 0.822063 0.956630
vt 0.969310 0.775572
vt 0.940729 0.811051
vt 0.850544 0.941837
vt 0.914455 0.953066
vt 0.809917 0.943281
vt 0.801039 0.943195
vt 0.969374 0.799626
vt 0.942694 0.942725
vt 0.959763 0.808319
vt 0.959808 0.803981
vt 0.969899 0.827481
vt 0.867416 0.953542
vt 0.801039 0.943195
vt 0.863354 0.945385
vt 0.819202 0.948110
vt 0.819202 0.943771
vt 0.831968 0.953153
vt 0.837278 0.954139
vt 0.919831 0.867985
vt 0.909565 0.950317
vt 0.968510 0.937910
vt 0.848272 0.951132
vt 0.969899 0.830122
vt 0.922985 0.944985
vt 0.850272 0.954163
vt 0.957714 0.916609
vt 0.873739 0.935101
vt 0.915226 0.941189
vt 0.941800 0.935547
vt 0.794385 0.950346
vt 0.932101 0.952144
vt 0.960748 0.871366
vt 0.966927 0.783814
vt 0.824812 0.948140
vt 0.854854 0.956871
vt 0.824812 0.943832
vt 0.917387 0.941189
vt 0.960755 0.950310
vt 0.807123 0.953458
vt 0.932197 0.941696
vt 0.968151 0.783814
vt 0.960584 0.937718
vt 0.960748 0.867848
vt 0.824938 0.947974
vt 0.867028 0.947885
vt 0.935024 0.945231
vt 0.898192 0.947014
vt 0.966064 0.951679
vt 0.943556 0.951824
vt 0.966859 0.775572
vt 0.962511 0.792610
vt 0.952207 0.938046
vt 0.935024 0.942427
vt 0.886372 0.953646
vt 0.962511 0.780382
vt 0.889791 0.950317
vt 0.966922 0.799627
vt 0.966058 0.942721
vt 0.853371 0.926628
vt 0.885952 0.948323
vt 0.809167 0.956387
vt 0.919486 0.953950
vt 0.870991 0.914995
vt 0.866943 0.944723
vt 0.946521 0.933454
vt 0.967330 0.783359
vt 0.957525 0.815862
vt 0.797181 0.938384
vt 0.912322 0.937392
vt 0.967330 0.783327
vt 0.965326 0.791603
vt 0.937792 0.816436
vt 0.970674 0.870045
vt 0.857409 0.926555
vt 0.886439 0.945061
vt 0.816376 0.953759
vt 0.960530 0.937910
vt 0.877788 0.926465
vt 0.937792 0.810642
vt 0.932197 0.954233
vt 0.962782 0.953108
vt 0.959763 0.810982
vt 0.843308 0.951975
vt 0.831968 0.952010
vt 0.807169 0.950779
vt 0.951873 0.819065
vt 0.831968 0.954759
vt 0.864194 0.954595
vt 0.959763 0.790353
vt 0.903922 0.950317
vt 0.824812 0.939021
vt 0.943556 0.954573
vt 0.872989 0.951775
vt 0.935983 0.940495
vt 0.951873 0.815998
vt 0.959763 0.799278
vt 0.827703 0.953546
vt 0.855369 0.954101
vt 0.935848 0.945306
vt 0.932197 0.940494
vt 0.824938 0.956346
vt 0.834717 0.936142
vt 0.965321 0.799626
vt 0.906670 0.947014
vt 0.822063 0.950920
vt 0.912718 0.871477
vt 0.898192 0.942203
vt 0.962628 0.788148
vt 0.867593 0.919806
vt 0.870495 0.951219
vt 0.883523 0.914995
vt 0.883523 0.920629
vt 0.883860 0.930256
vt 0.930037 0.956949
vt 0.870991 0.948744
vt 0.856576 0.925660
vt 0.883481 0.953935
vt 0.937846 0.954202
vt 0.906670 0.947014
vt 0.943739 0.943212
vt 0.816199 0.948110
vt 0.963559 0.867848
vt 0.105629 0.713832
vt 0.159132 0.614112
vt 0.083602 0.702123
vt 0.164850 0.563909
vt 0.162039 0.571248
vt 0.202289 0.526944
vt 0.172859 0.686841
vt 0.193230 0.563254
vt 0.170663 0.667325
vt 0.165942 0.667326
vt 0.057381 0.707552
vt 0.153890 0.701950
vt 0.162039 0.557115
vt 0.202308 0.534591
vt 0.168980 0.711397
vt 0.171860 0.686841
vt 0.161965 0.667325
vt 0.169664 0.667326
vt 0.078342 0.895207
vt 0.079300 0.938819
vt 0.073080 0.939779
vt 0.078342 0.939777
vt 0.062554 0.939785
vt 0.057016 0.939787
vt 0.221075 0.824646
vt 0.231628 0.869625
vt 0.081739 0.843946
vt 0.108439 0.937214
vt 0.153890 0.667325
vt 0.115136 0.952458
vt 0.181236 0.927205
vt 0.175974 0.927205
vt 0.175016 0.926247
vt 0.175974 0.882635
vt 0.197297 0.926267
vt 0.191760 0.927205
vt 0.034738 0.938820
vt 0.040957 0.939779
vt 0.035695 0.895208
vt 0.051480 0.939785
vt 0.035695 0.939778
vt 0.144384 0.895342
vt 0.217234 0.953825
vt 0.146806 0.667325
vt 0.115136 0.941382
vt 0.219578 0.926247
vt 0.218620 0.927205
vt 0.213358 0.927205
vt 0.208096 0.927205
vt 0.202834 0.927205
vt 0.218620 0.882635
vt 0.843520 0.656280
vt 0.925061 0.601665
vt 0.867733 0.668097
vt 0.839097 0.626881
vt 0.444496 0.053240
vt 0.447571 0.063923
vt 0.838876 0.663845
vt 0.847020 0.657414
vt 0.788724 0.666428
vt 0.860752 0.671066
vt 0.443438 0.059646
vt 0.447574 0.068707
vt 0.853573 0.663343
vt 0.914845 0.596827
vt 0.882773 0.687633
vt 0.861604 0.680959
vt 0.843230 0.683608
vt 0.883807 0.663462
vt 0.824294 0.665989
vt 0.824294 0.663419
vt 0.966310 0.527775
vt 0.843230 0.689894
vt 0.792143 0.666428
vt 0.907516 0.605980
vt 0.918663 0.668933
vt 0.843230 0.680465
vt 0.849227 0.684545
vt 0.842549 0.663240
vt 0.823896 0.658278
vt 0.824304 0.619933
vt 0.903201 0.605980
vt 0.931354 0.669263
vt 0.849227 0.678259
vt 0.842549 0.668381
vt 0.911181 0.603320
vt 0.795536 0.671235
vt 0.795840 0.666428
vt 0.823241 0.666428
vt 0.822937 0.671235
vt 0.911181 0.599454
vt 0.838876 0.645654
vt 0.425523 0.080583
vt 0.448681 0.057784
vt 0.446275 0.166099
vt 0.914845 0.603320
vt 0.925644 0.671189
vt 0.944881 0.553949
vt 0.849575 0.671392
vt 0.914845 0.599454
vt 0.427734 0.080583
vt 0.447688 0.118358
vt 0.446430 0.162553
vt 0.941679 0.541716
vt 0.850520 0.657414
vt 0.871136 0.668097
vt 0.838876 0.622986
vt 0.444540 0.067246
vt 0.447574 0.070169
vt 0.853352 0.658983
vt 0.847020 0.656280
vt 0.883586 0.657848
vt 0.443423 0.064380
vt 0.448685 0.167560
vt 0.839077 0.688316
vt 0.919515 0.681229
vt 0.938406 0.684700
vt 0.867827 0.668097
vt 0.843520 0.664056
vt 0.857409 0.660213
vt 0.923475 0.603429
vt 0.870495 0.687421
vt 0.938406 0.678414
vt 0.867827 0.662956
vt 0.878259 0.658736
vt 0.898887 0.605980
vt 0.861604 0.668663
vt 0.824304 0.677976
vt 0.823132 0.681119
vt 0.924757 0.599095
vt 0.954621 0.554068
vt 0.823132 0.687405
vt 0.871440 0.662956
vt 0.839097 0.656913
vt 0.883807 0.673409
vt 0.789028 0.671235
vt 0.918560 0.671336
vt 0.424417 0.078859
vt 0.447571 0.066845
vt 0.401005 0.173722
vt 0.839123 0.668546
vt 0.907516 0.603320
vt 0.867429 0.672904
vt 0.824000 0.655635
vt 0.907516 0.599454
vt 0.923082 0.607276
vt 0.428344 0.080628
vt 0.324189 0.173941
vt 0.592914 0.947842
vt 0.546622 0.944427
vt 0.666608 0.938997
vt 0.646996 0.948607
vt 0.596103 0.933990
vt 0.580180 0.948986
vt 0.683116 0.866226
vt 0.669380 0.938997
vt 0.562888 0.945535
vt 0.659361 0.947888
vt 0.589661 0.940091
vt 0.519844 0.939174
vt 0.675849 0.812405
vt 0.590253 0.943979
vt 0.671958 0.938997
vt 0.573534 0.948066
vt 0.671958 0.944002
vt 0.523404 0.939229
vt 0.687197 0.943218
vt 0.536132 0.935845
vt 0.679162 0.947226
vt 0.631833 0.943883
vt 0.677344 0.938869
vt 0.566516 0.948596
vt 0.687197 0.948223
vt 0.674629 0.938874
vt 0.569745 0.945558
vt 0.675248 0.816294
vt 0.666071 0.815933
vt 0.618466 0.945825
vt 0.681629 0.926712
vt 0.679864 0.926712
vt 0.682432 0.928715
vt 0.532707 0.944967
vt 0.591950 0.945603
vt 0.538014 0.942371
vt 0.534583 0.939310
vt 0.686048 0.849176
vt 0.532818 0.939310
vt 0.535386 0.941314
vt 0.666737 0.944719
vt 0.568545 0.946086
vt 0.558213 0.940942
vt 0.662145 0.942306
vt 0.686048 0.839994
vt 0.663911 0.942306
vt 0.661342 0.940303
vt 0.592911 0.944731
vt 0.683593 0.947914
vt 0.659247 0.944401
vt 0.537898 0.939310
vt 0.536132 0.939310
vt 0.538701 0.941314
vt 0.603791 0.947000
vt 0.681897 0.948223
vt 0.668736 0.942058
vt 0.530852 0.942306
vt 0.586298 0.944905
vt 0.532618 0.942306
vt 0.530049 0.940302
vt 0.634614 0.944598
vt 0.639285 0.947568
vt 0.615274 0.941936
vt 0.528811 0.939315
vt 0.687941 0.788181
vt 0.527046 0.939315
vt 0.529615 0.941318
vt 0.628338 0.946543
vt 0.662677 0.817878
vt 0.625858 0.941936
vt 0.525701 0.939339
vt 0.523936 0.939339
vt 0.526504 0.941343
vt 0.663119 0.946987
vt 0.652245 0.945624
vt 0.656120 0.940360
vt 0.673591 0.947257
vt 0.561453 0.945535
vt 0.682428 0.943218
vt 0.586514 0.947909
vt 0.543961 0.944533
vt 0.673404 0.808989
vt 0.562617 0.945535
vt 0.564187 0.945535
vt 0.607343 0.922614
vt 0.638792 0.865260
vt 0.656958 0.947881
vt 0.658655 0.940512
vt 0.687434 0.932929
vt 0.536132 0.926123
vt 0.636417 0.945991
vt 0.674037 0.941934
vt 0.687091 0.798174
vt 0.645738 0.945525
vt 0.648161 0.948607
vt 0.653985 0.947539
vt 0.615866 0.945825
vt 0.687529 0.859232
vt 0.560017 0.945535
vt 0.688447 0.846116
vt 0.599304 0.932267
vt 0.582929 0.947554
vt 0.595518 0.936575
vt 0.662711 0.808945
vt 0.688447 0.836934
vt 0.623343 0.867715
vt 0.607461 0.947596
vt 0.653263 0.937217
vt 0.687439 0.941335
vt 0.526982 0.942400
vt 0.596104 0.932045
vt 0.649865 0.943734
vt 0.630377 0.867448
vt 0.688012 0.861173
vt 0.688012 0.867295
vt 0.687106 0.856632
vt 0.592911 0.942787
vt 0.687067 0.945880
vt 0.548725 0.942538
vt 0.523820 0.948318
vt 0.681747 0.784725
vt 0.656748 0.942949
vt 0.557866 0.948064
vt 0.552023 0.942410
vt 0.629180 0.867448
vt 0.579438 0.945499
vt 0.622397 0.945175
vt 0.684896 0.866350
vt 0.613218 0.944598
vt 0.681316 0.945910
vt 0.645051 0.942878
vt 0.631574 0.867448
vt 0.520434 0.945473
vt 0.636697 0.945463
vt 0.602068 0.947391
vt 0.673877 0.946540
vt 0.670495 0.807430
vt 0.604065 0.942466
vt 0.610375 0.947814
vt 0.596030 0.944985
vt 0.670563 0.944719
vt 0.673404 0.809465
vt 0.648489 0.942711
vt 0.638579 0.942806
vt 0.675306 0.809103
vt 0.653917 0.944889
vt 0.641062 0.945463
vt 0.682040 0.934699
vt 0.603791 0.945054
vt 0.602094 0.947823
vt 0.627983 0.867448
vt 0.637931 0.945463
vt 0.582007 0.946225
vt 0.377222 0.633085
vt 0.426663 0.637489
vt 0.428404 0.593729
vt 0.426663 0.635009
vt 0.369351 0.573510
vt 0.426663 0.632444
vt 0.369351 0.588750
vt 0.426663 0.627515
vt 0.447840 0.632037
vt 0.426829 0.596640
vt 0.369432 0.573510
vt 0.369239 0.601814
vt 0.369351 0.597459
vt 0.415821 0.598218
vt 0.369351 0.577864
vt 0.369239 0.593105
vt 0.393578 0.636878
vt 0.369366 0.590493
vt 0.369366 0.586574
vt 0.370929 0.629169
vt 0.439426 0.552632
vt 0.453477 0.550167
vt 0.418328 0.650198
vt 0.428529 0.650557
vt 0.379325 0.632103
vt 0.416174 0.596895
vt 0.369366 0.594412
vt 0.369432 0.582656
vt 0.381992 0.632103
vt 0.369366 0.608127
vt 0.415983 0.598160
vt 0.358525 0.643829
vt 0.332106 0.641249
vt 0.396849 0.632853
vt 0.427118 0.595146
vt 0.421318 0.597915
vt 0.369351 0.577864
vt 0.415983 0.598218
vt 0.369351 0.582219
vt 0.369351 0.608345
vt 0.393578 0.632960
vt 0.453477 0.552857
vt 0.418328 0.652889
vt 0.428529 0.653247
vt 0.382015 0.632103
vt 0.384471 0.635502
vt 0.371780 0.632543
vt 0.396849 0.639097
vt 0.971479 0.934149
vt 0.831641 0.882866
vt 0.904004 0.869993
vt 0.867589 0.823540
vt 0.048400 0.356112
vt 0.887931 0.823540
vt 0.178900 0.331576
vt 0.132911 0.385757
vt 0.970781 0.871499
vt 0.847251 0.871499
vt 0.847251 0.823540
vt 0.078170 0.356111
s 0
usemtl Texture
f 2/1/1 3/2/1 1/3/1
f 8/4/2 5/5/2 7/6/2
f 6/7/3 1/8/3 5/5/3
f 7/9/4 1/10/4 3/11/4
f 4/12/5 6/13/5 8/14/5
f 10/15/6 11/16/6 9/17/6
f 12/18/2 15/19/2 11/20/2
f 16/21/3 13/22/3 15/19/3
f 14/23/1 9/24/1 13/25/1
f 15/26/4 9/27/4 11/28/4
f 12/29/5 14/30/5 16/31/5
f 18/32/1 19/33/1 17/34/1
f 24/35/2 21/36/2 23/37/2
f 22/38/3 17/39/3 21/36/3
f 23/40/4 17/11/4 19/41/4
f 20/42/5 22/43/5 24/44/5
f 26/45/1 27/46/1 25/47/1
f 32/48/2 29/49/2 31/50/2
f 30/51/3 25/52/3 29/49/3
f 31/53/4 25/54/4 27/55/4
f 28/56/5 30/57/5 32/58/5
f 33/59/1 36/60/1 35/61/1
f 68/62/5 70/63/5 72/64/5
f 40/65/2 37/66/2 39/39/2
f 38/67/3 33/37/3 37/66/3
f 39/68/4 33/69/4 35/70/4
f 36/71/5 38/72/5 40/73/5
f 41/74/1 44/75/1 43/76/1
f 71/77/4 65/78/4 67/79/4
f 48/80/2 45/81/2 47/82/2
f 46/83/3 41/84/3 45/81/3
f 47/44/4 41/85/4 43/42/4
f 44/86/5 46/87/5 48/88/5
f 50/89/1 51/90/1 49/91/1
f 70/92/3 65/93/3 69/94/3
f 56/95/2 53/96/2 55/97/2
f 54/98/3 49/99/3 53/96/3
f 55/100/4 49/101/4 51/102/4
f 52/103/5 54/104/5 56/105/5
f 72/106/2 69/94/2 71/107/2
f 58/108/1 59/109/1 57/110/1
f 66/111/1 67/112/1 65/113/1
f 64/114/2 61/115/2 63/116/2
f 62/117/3 57/118/3 61/115/3
f 63/119/4 57/48/4 59/50/4
f 60/120/5 62/121/5 64/122/5
f 74/123/1 75/124/1 73/125/1
f 80/82/2 77/126/2 79/127/2
f 78/81/3 73/128/3 77/126/3
f 79/129/4 73/130/4 75/131/4
f 76/132/5 78/133/5 80/134/5
f 82/135/3 83/136/3 81/137/3
f 88/138/6 85/139/6 87/140/6
f 86/141/2 81/137/2 85/142/2
f 87/143/4 81/144/4 83/145/4
f 84/146/5 86/147/5 88/148/5
f 90/149/1 91/150/1 89/151/1
f 92/152/6 95/153/6 91/154/6
f 96/116/2 93/38/2 95/35/2
f 94/115/3 89/155/3 93/38/3
f 95/87/4 89/156/4 91/157/4
f 92/158/5 94/159/5 96/160/5
f 98/161/3 99/162/3 97/163/3
f 104/164/6 101/165/6 103/166/6
f 102/167/2 97/163/2 101/168/2
f 103/169/4 97/170/4 99/171/4
f 100/172/5 102/173/5 104/174/5
f 106/175/3 107/176/3 105/177/3
f 112/178/6 109/179/6 111/90/6
f 110/180/2 105/177/2 109/181/2
f 107/182/4 109/183/4 105/184/4
f 108/185/5 110/162/5 112/186/5
f 148/187/5 150/188/5 152/189/5
f 118/190/4 116/191/4 120/192/4
f 151/10/4 145/52/4 147/40/4
f 119/193/3 118/194/3 120/195/3
f 115/196/2 120/195/2 116/101/2
f 117/197/5 115/198/5 113/199/5
f 113/200/6 116/201/6 114/202/6
f 122/203/3 123/158/3 121/204/3
f 150/205/2 145/206/2 149/207/2
f 128/208/6 125/209/6 127/210/6
f 126/211/2 121/204/2 125/212/2
f 127/93/4 121/213/4 123/214/4
f 124/215/5 126/216/5 128/217/5
f 130/218/3 131/219/3 129/220/3
f 152/221/6 149/222/6 151/223/6
f 136/224/6 133/109/6 135/225/6
f 134/226/2 129/220/2 133/227/2
f 135/4/4 129/228/4 131/229/4
f 132/230/5 134/231/5 136/232/5
f 138/233/3 139/234/3 137/235/3
f 146/236/3 147/237/3 145/206/3
f 144/238/6 141/239/6 143/76/6
f 142/240/2 137/235/2 141/241/2
f 139/242/4 141/243/4 137/244/4
f 140/245/5 142/14/5 144/246/5
f 154/247/2 155/248/2 153/249/2
f 160/250/1 157/251/1 159/252/1
f 158/253/6 153/254/6 157/251/6
f 159/255/4 153/205/4 155/207/4
f 156/256/5 158/257/5 160/43/5
f 162/248/3 163/258/3 161/259/3
f 164/260/1 167/261/1 163/262/1
f 168/263/6 165/264/6 167/261/6
f 166/265/2 161/266/2 165/267/2
f 163/268/4 165/4/4 161/229/4
f 164/269/5 166/270/5 168/271/5
f 170/272/2 171/210/2 169/273/2
f 176/274/1 173/275/1 175/276/1
f 174/277/6 169/154/6 173/153/6
f 171/278/4 173/87/4 169/279/4
f 172/260/5 174/280/5 176/281/5
f 178/282/2 179/283/2 177/284/2
f 184/285/1 181/286/1 183/287/1
f 182/288/6 177/289/6 181/290/6
f 183/291/4 177/292/4 179/293/4
f 180/294/5 182/295/5 184/296/5
f 186/297/2 187/298/2 185/299/2
f 212/88/5 214/157/5 216/300/5
f 192/59/1 189/301/1 191/302/1
f 190/303/6 185/304/6 189/305/6
f 191/306/4 185/307/4 187/308/4
f 188/50/5 190/309/5 192/119/5
f 194/310/2 195/311/2 193/312/2
f 215/313/4 209/268/4 211/229/4
f 200/314/1 197/315/1 199/316/1
f 198/317/6 193/318/6 197/315/6
f 195/69/4 197/252/4 193/70/4
f 196/319/5 198/320/5 200/257/5
f 202/321/2 203/322/2 201/323/2
f 214/324/6 209/325/6 213/7/6
f 208/326/1 205/327/1 207/328/1
f 206/329/6 201/330/6 205/331/6
f 207/332/4 201/136/4 203/333/4
f 204/334/5 206/196/5 208/335/5
f 216/336/1 213/7/1 215/4/1
f 210/337/2 211/338/2 209/339/2
f 218/340/2 219/341/2 217/342/2
f 224/343/1 221/225/1 223/344/1
f 222/345/6 217/331/6 221/330/6
f 223/346/4 217/347/4 219/348/4
f 220/349/5 222/190/5 224/85/5
f 226/350/6 227/351/6 225/352/6
f 232/353/3 229/354/3 231/176/3
f 230/355/1 225/356/1 229/354/1
f 227/20/4 229/357/4 225/18/4
f 228/358/5 230/359/5 232/360/5
f 234/166/2 235/361/2 233/362/2
f 236/363/3 239/96/3 235/99/3
f 240/117/1 237/97/1 239/96/1
f 238/364/6 233/365/6 237/277/6
f 235/366/4 237/367/4 233/318/4
f 236/160/5 238/368/5 240/158/5
f 242/369/6 243/370/6 241/109/6
f 248/371/3 245/372/3 247/373/3
f 246/374/1 241/375/1 245/376/1
f 247/377/4 241/378/4 243/379/4
f 244/191/5 246/380/5 248/192/5
f 250/381/6 251/382/6 249/383/6
f 268/384/5 270/385/5 272/386/5
f 256/101/3 253/387/3 255/102/3
f 254/388/1 249/389/1 253/387/1
f 251/390/4 253/391/4 249/392/4
f 252/393/5 254/394/5 256/395/5
f 267/396/4 269/29/4 265/31/4
f 270/397/1 265/398/1 269/399/1
f 258/400/6 259/401/6 257/275/6
f 272/402/3 269/399/3 271/403/3
f 264/368/3 261/404/3 263/158/3
f 262/405/1 257/212/1 261/404/1
f 263/406/4 257/398/4 259/407/4
f 260/408/5 262/409/5 264/63/5
f 266/410/6 267/411/6 265/412/6
f 285/413/7 296/414/7 288/415/7
f 279/416/1 282/417/1 274/418/1
f 275/419/2 286/420/2 278/421/2
f 280/422/8 287/423/8 279/416/8
f 276/424/9 283/425/9 275/426/9
f 277/427/3 288/428/3 280/429/3
f 273/430/6 284/431/6 276/432/6
f 278/421/10 285/433/10 277/427/10
f 274/434/11 281/435/11 273/430/11
f 281/436/12 292/437/12 284/438/12
f 286/439/13 293/440/13 285/413/13
f 282/441/14 289/442/14 281/436/14
f 287/443/15 290/444/15 282/441/15
f 283/445/16 294/446/16 286/439/16
f 287/443/17 296/414/17 295/447/17
f 283/445/18 292/437/18 291/448/18
f 279/449/4 274/450/4 278/451/4
f 298/452/19 305/453/19 297/454/19
f 325/455/1 302/456/1 324/457/1
f 311/458/2 300/459/2 303/460/2
f 302/456/20 309/461/20 301/462/20
f 300/463/21 307/464/21 299/465/21
f 309/466/3 304/467/3 301/468/3
f 307/469/6 298/452/6 299/470/6
f 304/467/22 311/458/22 303/460/22
f 297/471/5 314/472/5 298/473/5
f 324/474/5 318/475/5 326/476/5
f 300/477/5 319/478/5 303/479/5
f 301/480/5 318/475/5 302/481/5
f 299/482/5 316/483/5 300/477/5
f 304/484/5 317/485/5 301/480/5
f 298/473/5 315/486/5 299/482/5
f 303/479/5 320/487/5 304/484/5
f 321/488/5 313/489/5 297/471/5
f 305/490/1 321/491/1 297/455/1
f 326/492/6 325/493/6 324/494/6
f 323/495/3 322/496/3 327/497/3
f 330/498/3 331/499/3 329/500/3
f 336/501/6 333/502/6 335/503/6
f 334/504/2 329/500/2 333/505/2
f 335/506/23 329/507/23 331/508/23
f 338/509/3 339/510/3 337/511/3
f 343/512/6 342/513/6 341/514/6
f 336/515/5 330/516/5 334/517/5
f 342/518/2 337/511/2 341/519/2
f 343/520/24 337/521/24 339/522/24
f 346/523/3 347/524/3 345/525/3
f 351/526/6 350/527/6 349/528/6
f 344/529/25 338/530/25 342/531/25
f 349/532/2 346/523/2 345/525/2
f 347/533/26 349/534/26 345/535/26
f 348/536/27 350/537/27 352/538/27
f 354/539/3 355/540/3 353/541/3
f 360/542/6 357/543/6 359/544/6
f 358/545/2 353/546/2 357/547/2
f 359/548/28 353/549/28 355/550/28
f 361/551/3 364/552/3 363/553/3
f 367/554/6 366/555/6 365/556/6
f 360/557/5 354/558/5 358/559/5
f 365/560/2 362/561/2 361/551/2
f 363/562/29 365/563/29 361/564/29
f 370/565/3 371/566/3 369/567/3
f 375/568/6 374/569/6 373/570/6
f 368/571/30 362/572/30 366/573/30
f 374/574/2 369/567/2 373/575/2
f 375/576/31 369/577/31 371/578/31
f 372/579/32 374/580/32 376/581/32
f 378/582/3 379/583/3 377/584/3
f 383/585/6 382/586/6 381/587/6
f 382/588/2 377/584/2 381/589/2
f 383/590/33 377/591/33 379/592/33
f 386/593/3 387/594/3 385/595/3
f 391/596/6 390/597/6 389/515/6
f 380/598/34 382/599/34 384/600/34
f 390/601/2 385/602/2 389/603/2
f 387/604/4 389/605/4 385/606/4
f 394/607/3 395/608/3 393/609/3
f 399/610/6 398/611/6 397/612/6
f 392/613/35 386/614/35 390/615/35
f 398/616/2 393/609/2 397/617/2
f 399/618/36 393/619/36 395/620/36
f 396/621/37 398/622/37 400/590/37
f 402/623/3 403/624/3 401/625/3
f 408/626/6 405/627/6 407/628/6
f 405/629/2 402/630/2 401/631/2
f 407/632/38 401/633/38 403/634/38
f 410/635/3 411/636/3 409/637/3
f 415/638/6 414/639/6 413/640/6
f 404/641/39 406/642/39 408/643/39
f 413/644/2 410/645/2 409/646/2
f 411/647/40 413/648/40 409/649/40
f 418/650/3 419/651/3 417/652/3
f 424/653/6 421/654/6 423/655/6
f 412/656/41 414/657/41 416/658/41
f 421/659/2 418/660/2 417/661/2
f 423/662/4 417/663/4 419/664/4
f 424/665/42 418/666/42 422/667/42
f 426/668/3 427/669/3 425/670/3
f 431/671/6 430/672/6 429/673/6
f 430/674/2 425/675/2 429/676/2
f 427/677/43 429/678/43 425/679/43
f 434/680/3 435/681/3 433/682/3
f 439/683/6 438/684/6 437/685/6
f 432/686/44 426/687/44 430/688/44
f 438/689/2 433/690/2 437/691/2
f 435/692/45 437/679/45 433/693/45
f 442/694/3 443/695/3 441/696/3
f 447/697/6 446/698/6 445/699/6
f 440/700/46 434/701/46 438/702/46
f 446/703/2 441/704/2 445/705/2
f 443/706/4 445/707/4 441/708/4
f 448/709/47 442/710/47 446/711/47
f 450/712/3 451/713/3 449/714/3
f 455/715/6 454/716/6 453/717/6
f 454/718/2 449/719/2 453/720/2
f 451/721/48 453/722/48 449/723/48
f 458/724/3 459/725/3 457/726/3
f 464/727/6 461/728/6 463/729/6
f 456/730/49 450/731/49 454/732/49
f 461/733/2 458/734/2 457/735/2
f 463/736/50 457/737/50 459/738/50
f 465/739/3 468/740/3 467/741/3
f 472/742/6 469/743/6 471/744/6
f 460/745/5 462/746/5 464/747/5
f 470/748/2 465/749/2 469/750/2
f 467/708/51 469/751/51 465/752/51
f 468/753/5 470/754/5 472/755/5
f 474/756/3 475/757/3 473/758/3
f 480/759/6 477/760/6 479/761/6
f 478/762/2 473/763/2 477/764/2
f 479/765/52 473/766/52 475/767/52
f 482/768/3 483/769/3 481/770/3
f 488/771/6 485/772/6 487/773/6
f 476/774/53 478/775/53 480/734/53
f 485/776/2 482/768/2 481/770/2
f 487/777/54 481/778/54 483/779/54
f 490/780/3 491/781/3 489/782/3
f 496/783/6 493/784/6 495/785/6
f 488/786/55 482/787/55 486/788/55
f 493/789/2 490/790/2 489/791/2
f 491/792/56 493/793/56 489/794/56
f 492/795/57 494/796/57 496/797/57
f 497/798/3 500/799/3 499/800/3
f 503/801/6 502/802/6 501/803/6
f 502/804/2 497/798/2 501/805/2
f 499/806/58 501/807/58 497/808/58
f 506/809/3 507/810/3 505/811/3
f 511/812/6 510/813/6 509/814/6
f 500/815/59 502/816/59 504/817/59
f 509/818/2 506/809/2 505/811/2
f 511/819/60 505/820/60 507/821/60
f 514/822/3 515/823/3 513/824/3
f 519/825/6 518/826/6 517/827/6
f 508/828/61 510/829/61 512/819/61
f 518/830/2 513/824/2 517/831/2
f 519/832/62 513/833/62 515/834/62
f 520/835/63 514/836/63 518/837/63
f 508/838/1 511/839/1 507/840/1
f 331/841/1 336/501/1 335/503/1
f 348/842/1 351/526/1 347/843/1
f 522/844/2 523/845/2 521/846/2
f 528/847/1 525/848/1 527/849/1
f 526/850/6 521/851/6 525/852/6
f 527/853/64 521/854/64 523/855/64
f 530/856/2 531/857/2 529/858/2
f 535/859/1 534/860/1 533/861/1
f 524/862/5 526/863/5 528/864/5
f 534/865/6 529/866/6 533/867/6
f 535/868/65 529/869/65 531/870/65
f 538/871/2 539/872/2 537/873/2
f 543/874/1 542/875/1 541/876/1
f 536/877/66 530/777/66 534/878/66
f 541/879/6 538/880/6 537/881/6
f 539/882/67 541/883/67 537/884/67
f 540/885/68 542/886/68 544/887/68
f 546/888/2 547/889/2 545/890/2
f 552/891/1 549/892/1 551/893/1
f 550/894/6 545/895/6 549/896/6
f 551/897/69 545/898/69 547/899/69
f 553/900/2 556/901/2 555/902/2
f 559/903/1 558/904/1 557/905/1
f 552/906/5 546/907/5 550/908/5
f 557/905/6 554/909/6 553/910/6
f 555/911/70 557/912/70 553/913/70
f 562/914/2 563/915/2 561/916/2
f 567/917/1 566/918/1 565/919/1
f 560/920/71 554/921/71 558/922/71
f 566/923/6 561/924/6 565/925/6
f 567/926/72 561/927/72 563/928/72
f 564/929/73 566/930/73 568/931/73
f 570/932/2 571/933/2 569/934/2
f 575/935/1 574/936/1 573/937/1
f 574/936/6 569/938/6 573/937/6
f 575/939/74 569/940/74 571/941/74
f 578/942/2 579/943/2 577/944/2
f 583/945/1 582/946/1 581/947/1
f 572/948/75 574/949/75 576/950/75
f 582/951/6 577/952/6 581/953/6
f 579/954/4 581/955/4 577/956/4
f 586/957/2 587/958/2 585/959/2
f 591/960/1 590/961/1 589/962/1
f 584/963/76 578/649/76 582/964/76
f 590/961/6 585/965/6 589/962/6
f 591/658/77 585/966/77 587/967/77
f 588/530/78 590/968/78 592/969/78
f 594/970/2 595/971/2 593/972/2
f 600/973/1 597/974/1 599/975/1
f 597/976/6 594/977/6 593/978/6
f 599/979/79 593/980/79 595/981/79
f 602/982/2 603/983/2 601/892/2
f 607/984/1 606/985/1 605/986/1
f 596/987/80 598/988/80 600/989/80
f 605/990/6 602/991/6 601/992/6
f 603/794/81 605/993/81 601/994/81
f 610/995/2 611/996/2 609/982/2
f 616/997/1 613/998/1 615/999/1
f 604/1000/82 606/1001/82 608/1002/82
f 613/1003/6 610/1004/6 609/1005/6
f 615/1006/4 609/1007/4 611/1008/4
f 616/1009/83 610/1010/83 614/1011/83
f 618/1012/2 619/1013/2 617/1014/2
f 623/1015/1 622/1016/1 621/1017/1
f 622/1018/6 617/880/6 621/1019/6
f 619/1020/84 621/1021/84 617/1022/84
f 626/1023/2 627/1024/2 625/1025/2
f 631/1026/1 630/1027/1 629/1028/1
f 624/1029/85 618/720/85 622/1030/85
f 630/1027/6 625/1031/6 629/1028/6
f 627/1032/86 629/1033/86 625/1034/86
f 634/1035/2 635/1036/2 633/1037/2
f 639/1038/1 638/1039/1 637/1040/1
f 632/1041/87 626/1042/87 630/1043/87
f 638/1044/6 633/1045/6 637/1046/6
f 635/1047/4 637/1048/4 633/1049/4
f 640/1050/88 634/1051/88 638/1052/88
f 642/1053/2 643/625/2 641/1054/2
f 647/1055/1 646/1056/1 645/1057/1
f 646/1056/6 641/1058/6 645/1057/6
f 643/1059/89 645/1060/89 641/1061/89
f 650/1062/2 651/1063/2 649/1064/2
f 656/1065/1 653/1066/1 655/1067/1
f 648/1068/90 642/1069/90 646/1070/90
f 653/1071/6 650/1072/6 649/1073/6
f 655/1074/91 649/1075/91 651/1076/91
f 657/1077/2 660/891/2 659/1078/2
f 664/1079/1 661/1080/1 663/1081/1
f 652/1082/5 654/1083/5 656/926/5
f 662/1084/6 657/1085/6 661/1080/6
f 659/833/92 661/1086/92 657/1087/92
f 660/755/5 662/1088/5 664/753/5
f 666/1089/2 667/1090/2 665/1091/2
f 672/1092/1 669/1093/1 671/1094/1
f 670/1095/6 665/1096/6 669/1097/6
f 671/1034/93 665/1098/93 667/1099/93
f 674/1100/2 675/1101/2 673/1102/2
f 680/1103/1 677/1104/1 679/1105/1
f 668/807/94 670/1020/94 672/1106/94
f 677/1107/6 674/1108/6 673/1109/6
f 679/1110/95 673/1111/95 675/1112/95
f 682/1113/2 683/1114/2 681/1115/2
f 688/1116/1 685/1117/1 687/1118/1
f 680/1119/96 674/1120/96 678/1121/96
f 685/1122/6 682/1047/6 681/1123/6
f 683/1124/97 685/1125/97 681/1126/97
f 684/546/98 686/688/98 688/1127/98
f 689/1128/2 692/1129/2 691/1130/2
f 695/1131/1 694/1132/1 693/1133/1
f 694/1134/6 689/1128/6 693/1135/6
f 691/898/99 693/1136/99 689/1137/99
f 698/1138/2 699/1139/2 697/1140/2
f 703/1141/1 702/1142/1 701/1143/1
f 692/1144/100 694/1145/100 696/796/100
f 701/1143/6 698/1146/6 697/1147/6
f 703/1148/101 697/710/101 699/1149/101
f 706/1150/2 707/1151/2 705/1152/2
f 711/1153/1 710/1154/1 709/1155/1
f 700/1156/102 702/1157/102 704/1158/102
f 710/1159/6 705/1152/6 709/1160/6
f 711/1161/103 705/1124/103 707/1162/103
f 712/1163/104 706/1164/104 710/1165/104
f 700/1166/3 703/1167/3 699/1168/3
f 523/845/3 528/1169/3 527/815/3
f 540/1170/3 543/1171/3 539/872/3
f 714/1172/1 715/1173/1 713/1174/1
f 719/1175/2 718/1176/2 717/1177/2
f 718/1178/3 713/1174/3 717/1164/3
f 719/1179/105 713/1180/105 715/537/105
f 722/1181/1 723/1182/1 721/1183/1
f 727/556/2 726/1184/2 725/1185/2
f 716/1186/106 718/1187/106 720/1188/106
f 726/1189/3 721/1190/3 725/1191/3
f 727/1192/107 721/1193/107 723/1194/107
f 729/1195/1 732/1196/1 731/1197/1
f 735/1198/2 734/1199/2 733/1200/2
f 728/1201/108 722/1202/108 726/1203/108
f 733/1204/3 730/1205/3 729/1195/3
f 731/1206/109 733/1207/109 729/1208/109
f 736/1209/110 730/1210/110 734/1211/110
f 738/1212/1 739/922/1 737/1213/1
f 743/1214/2 742/1215/2 741/1216/2
f 742/1217/3 737/1213/3 741/1218/3
f 739/1219/4 741/1186/4 737/1188/4
f 745/1220/1 748/1221/1 747/1222/1
f 751/1223/2 750/1224/2 749/1225/2
f 740/1226/111 742/1227/111 744/1228/111
f 749/1225/3 746/1229/3 745/1230/3
f 747/1231/112 749/1232/112 745/1233/112
f 753/1234/1 756/1235/1 755/1236/1
f 759/1237/2 758/1238/2 757/1239/2
f 752/1240/113 746/913/113 750/1241/113
f 758/1242/3 753/1234/3 757/1243/3
f 755/1244/4 757/1245/4 753/585/4
f 756/1246/114 758/1247/114 760/1248/114
f 761/1249/1 764/1250/1 763/1251/1
f 767/1022/2 766/1252/2 765/1253/2
f 766/1252/3 761/1254/3 765/1253/3
f 763/507/115 765/1255/115 761/1256/115
f 770/1257/1 771/1258/1 769/1259/1
f 775/1260/2 774/1013/2 773/810/2
f 764/1261/116 766/1262/116 768/1263/116
f 774/1264/3 769/1259/3 773/1265/3
f 771/1266/4 773/1267/4 769/1268/4
f 778/1269/1 779/1270/1 777/1271/1
f 783/1272/2 782/1273/2 781/1274/2
f 776/1275/117 770/1276/117 774/1277/117
f 782/1273/3 777/1278/3 781/1274/3
f 779/1279/4 781/1280/4 777/1281/4
f 784/1282/118 778/1283/118 782/1284/118
f 786/1285/1 787/1286/1 785/1287/1
f 791/1288/2 790/1289/2 789/1290/2
f 789/1290/3 786/1291/3 785/1292/3
f 787/1293/119 789/1294/119 785/1295/119
f 794/516/1 795/1296/1 793/1297/1
f 799/1298/2 798/1299/2 797/1300/2
f 792/1301/120 786/1295/120 790/1294/120
f 797/1300/3 794/1302/3 793/1303/3
f 795/1304/121 797/1305/121 793/1306/121
f 802/1307/1 803/1308/1 801/1309/1
f 808/1310/2 805/1311/2 807/1312/2
f 796/1069/122 798/1313/122 800/1314/122
f 805/1311/3 802/1315/3 801/1316/3
f 807/1317/4 801/1318/4 803/1319/4
f 808/1024/123 802/1320/123 806/1321/123
f 810/1322/1 811/1323/1 809/1324/1
f 816/1325/2 813/1326/2 815/1327/2
f 814/1328/3 809/615/3 813/1326/3
f 815/850/124 809/1329/124 811/1330/124
f 818/1331/1 819/1332/1 817/1333/1
f 823/1334/2 822/1335/2 821/1336/2
f 812/1337/125 814/1338/125 816/1339/125
f 822/1335/3 817/1340/3 821/1336/3
f 819/1341/126 821/1342/126 817/1343/126
f 826/1344/1 827/1345/1 825/1346/1
f 832/1347/2 829/1348/2 831/1349/2
f 824/1350/127 818/1351/127 822/1352/127
f 830/1353/3 825/1354/3 829/1348/3
f 831/1355/128 825/1320/128 827/1356/128
f 828/1357/5 830/1358/5 832/1359/5
f 834/1360/1 835/1361/1 833/1362/1
f 839/1363/2 838/1364/2 837/1365/2
f 838/1364/3 833/1366/3 837/1365/3
f 835/1227/129 837/1367/129 833/1368/129
f 842/1369/1 843/1370/1 841/995/1
f 848/1371/2 845/1372/2 847/1373/2
f 840/1374/130 834/1375/130 838/1376/130
f 845/1377/3 842/955/3 841/1378/3
f 847/1379/131 841/1380/131 843/1381/131
f 850/1382/1 851/1383/1 849/1384/1
f 855/1385/2 854/1386/2 853/1387/2
f 844/1388/5 846/1389/5 848/1390/5
f 854/1386/3 849/1391/3 853/1387/3
f 851/1392/132 853/1393/132 849/1394/132
f 856/1395/5 850/1396/5 854/1397/5
f 857/1398/1 860/1399/1 859/1400/1
f 864/1401/2 861/1402/2 863/1403/2
f 862/1404/3 857/1398/3 861/1405/3
f 859/1406/133 861/1040/133 857/1407/133
f 866/1408/1 867/1102/1 865/1409/1
f 872/1105/2 869/1410/2 871/1369/2
f 860/894/134 862/1411/134 864/1412/134
f 869/1413/3 866/1414/3 865/650/3
f 871/502/135 865/1415/135 867/1416/135
f 873/1417/1 876/1418/1 875/987/1
f 880/812/2 877/1419/2 879/1420/2
f 872/1421/136 866/1422/136 870/1423/136
f 877/1424/3 874/1425/3 873/1417/3
f 879/1426/137 873/1427/137 875/1428/137
f 876/1429/5 878/1430/5 880/1431/5
f 881/1432/1 884/1433/1 883/1434/1
f 887/1435/2 886/1436/2 885/1437/2
f 886/1438/3 881/1439/3 885/881/3
f 883/1440/138 885/1441/138 881/1442/138
f 890/1443/1 891/1444/1 889/1445/1
f 895/1446/2 894/1447/2 893/1448/2
f 884/1449/139 886/1450/139 888/1451/139
f 893/1452/3 890/1443/3 889/1445/3
f 895/1453/140 889/1454/140 891/1455/140
f 898/1456/1 899/1457/1 897/1458/1
f 903/1459/2 902/1460/2 901/1461/2
f 892/1462/141 894/1463/141 896/1464/141
f 902/1465/3 897/1466/3 901/1467/3
f 899/1468/4 901/1469/4 897/1470/4
f 904/1471/5 898/1472/5 902/1473/5
f 732/1474/6 735/1475/6 731/1476/6
f 716/1477/6 719/1478/6 715/1479/6
f 892/1480/6 895/1481/6 891/1482/6
f 906/1483/6 907/1484/6 905/1485/6
f 912/1486/3 909/1487/3 911/1488/3
f 910/1489/1 905/1490/1 909/545/1
f 911/1491/142 905/655/142 907/1492/142
f 914/1493/6 915/1494/6 913/1133/6
f 919/1495/3 918/1496/3 917/1497/3
f 912/1498/5 906/1499/5 910/1500/5
f 918/1501/1 913/1502/1 917/1503/1
f 919/1504/143 913/1505/143 915/1506/143
f 922/1488/6 923/1507/6 921/1508/6
f 927/1509/3 926/1510/3 925/1511/3
f 920/1512/144 914/1513/144 918/1514/144
f 925/1515/1 922/1516/1 921/521/1
f 923/1517/145 925/1518/145 921/1519/145
f 924/1280/146 926/1520/146 928/1521/146
f 930/1522/6 931/1523/6 929/1524/6
f 936/1525/3 933/1526/3 935/1527/3
f 934/1528/1 929/1524/1 933/1529/1
f 935/1530/147 929/1531/147 931/1532/147
f 937/1533/6 940/1534/6 939/1535/6
f 943/1536/3 942/1537/3 941/1538/3
f 936/737/5 930/1539/5 934/1540/5
f 941/1541/1 938/1542/1 937/1543/1
f 939/1544/148 941/1545/148 937/1546/148
f 946/1547/6 947/1548/6 945/1549/6
f 951/1550/3 950/1551/3 949/1552/3
f 944/1553/149 938/1554/149 942/1555/149
f 950/1556/1 945/1549/1 949/1557/1
f 951/1558/150 945/1559/150 947/1560/150
f 948/1561/151 950/1562/151 952/1563/151
f 954/1564/6 955/1565/6 953/1566/6
f 959/1567/3 958/1568/3 957/1569/3
f 958/1570/1 953/1571/1 957/1572/1
f 959/1573/152 953/1574/152 955/1575/152
f 962/1576/6 963/1577/6 961/1578/6
f 967/1579/3 966/1580/3 965/597/3
f 956/1581/153 958/1582/153 960/1583/153
f 966/1584/1 961/1585/1 965/1586/1
f 963/1587/4 965/1588/4 961/1589/4
f 970/1590/6 971/1591/6 969/1592/6
f 975/1593/3 974/1594/3 973/1595/3
f 968/1596/154 962/1597/154 966/1598/154
f 974/1599/1 969/1600/1 973/1601/1
f 975/1602/155 969/1603/155 971/1604/155
f 972/1605/156 974/1606/156 976/1607/156
f 978/1608/6 979/1609/6 977/1610/6
f 983/1611/3 982/1612/3 981/1613/3
f 982/1614/1 977/1615/1 981/1616/1
f 979/1617/157 981/1618/157 977/1619/157
f 984/1620/158 978/1073/158 982/1621/158
f 986/1622/6 987/1623/6 985/1624/6
f 991/1535/3 990/1625/3 989/1626/3
f 990/1627/1 985/1628/1 989/1629/1
f 987/1630/159 989/1631/159 985/1632/159
f 994/1633/6 995/1634/6 993/1635/6
f 1000/1636/3 997/1637/3 999/1623/3
f 992/1638/160 986/1639/160 990/1640/160
f 997/1641/1 994/1642/1 993/1643/1
f 999/1644/161 993/1645/161 995/1646/161
f 1001/1647/6 1004/1648/6 1003/1649/6
f 1008/1650/3 1005/1651/3 1007/1652/3
f 1000/1653/5 994/1654/5 998/1655/5
f 1006/1656/1 1001/1657/1 1005/1658/1
f 1003/1659/162 1005/1632/162 1001/1513/162
f 1004/1660/5 1006/1638/5 1008/1661/5
f 1010/1662/6 1011/1663/6 1009/1664/6
f 1016/1665/3 1013/782/3 1015/1666/3
f 1014/1667/1 1009/1668/1 1013/1669/1
f 1015/1670/163 1009/1671/163 1011/1672/163
f 1018/1673/6 1019/1674/6 1017/1675/6
f 1024/1676/3 1021/1677/3 1023/1678/3
f 1012/1679/164 1014/721/164 1016/1680/164
f 1021/1681/1 1018/1682/1 1017/1683/1
f 1023/1684/165 1017/1685/165 1019/1686/165
f 1026/1687/6 1027/1688/6 1025/1689/6
f 1032/1690/3 1029/1691/3 1031/1692/3
f 1024/1693/166 1018/1694/166 1022/1695/166
f 1029/1696/1 1026/1697/1 1025/1698/1
f 1027/1699/167 1029/1700/167 1025/1701/167
f 1028/737/168 1030/1702/168 1032/1703/168
f 1033/1704/6 1036/1705/6 1035/1706/6
f 1039/1707/3 1038/1708/3 1037/1709/3
f 1038/1708/1 1033/1710/1 1037/1709/1
f 1035/1711/169 1037/1712/169 1033/643/169
f 1042/1713/6 1043/1714/6 1041/1715/6
f 1047/1716/3 1046/1717/3 1045/1718/3
f 1036/950/170 1038/1719/170 1040/1720/170
f 1045/1718/1 1042/1721/1 1041/1722/1
f 1047/1723/171 1041/1724/171 1043/1725/171
f 1050/1726/6 1051/1727/6 1049/1511/6
f 1055/1728/3 1054/1729/3 1053/1730/3
f 1044/1725/172 1046/1731/172 1048/1732/172
f 1054/1733/1 1049/1734/1 1053/1735/1
f 1055/1736/173 1049/1737/173 1051/1738/173
f 1056/1642/174 1050/1739/174 1054/1643/174
f 1044/1740/2 1047/1741/2 1043/1742/2
f 907/1743/2 912/1744/2 911/1745/2
f 924/1746/2 927/1747/2 923/1748/2
f 1058/1749/175 1059/1750/175 1057/1751/175
f 1059/1752/2 1076/1753/2 1075/1754/2
f 1074/1755/1 1057/1756/1 1073/1757/1
f 1075/1758/4 1057/1759/4 1059/1760/4
f 1060/1761/176 1074/1762/176 1076/1763/176
f 1062/1764/4 1063/1765/4 1061/1766/4
f 1063/1767/2 1068/1768/2 1067/1769/2
f 1068/1770/5 1065/1771/5 1067/1772/5
f 1065/1773/177 1062/1774/177 1061/1775/177
f 1067/1776/3 1061/1777/3 1063/1778/3
f 1068/1779/178 1062/1780/178 1066/1781/178
f 1071/1782/179 1070/1783/179 1069/1784/179
f 1071/1782/2 1076/1753/2 1072/1785/2
f 1073/1786/6 1076/1787/6 1075/1788/6
f 1069/1789/1 1074/1790/1 1073/1791/1
f 1069/1792/4 1075/1758/4 1071/1793/4
f 1074/1762/180 1072/1794/180 1076/1763/180
f 1079/1795/4 1078/1796/4 1077/1797/4
f 1079/1798/2 1084/1799/2 1080/1800/2
f 1081/1801/5 1084/1802/5 1083/1803/5
f 1081/1804/181 1078/1774/181 1082/1805/181
f 1077/1806/6 1083/1807/6 1079/1808/6
f 1084/1780/182 1078/1809/182 1080/1810/182
f 1104/1811/183 1120/1812/183 1092/1813/183
f 1089/1814/6 1095/1815/6 1096/1816/6
f 1107/1817/1 1090/1818/1 1097/1819/1
f 1092/1820/21 1098/1821/21 1095/1822/21
f 1090/1823/19 1096/1816/19 1097/1824/19
f 1125/1825/1 1094/1826/1 1099/1827/1
f 1091/1828/2 1127/1829/2 1098/1830/2
f 1098/1830/2 1119/1831/2 1088/1832/2
f 1093/1833/3 1101/1834/3 1099/1835/3
f 1097/1824/19 1086/1836/19 1085/1837/19
f 1095/1822/21 1088/1838/21 1087/1839/21
f 1107/1817/1 1085/1840/1 1103/1841/1
f 1096/1816/6 1087/1842/6 1086/1836/6
f 1128/1843/1 1100/1844/1 1129/1845/1
f 1099/1846/4 1128/1847/4 1125/1848/4
f 1099/1827/1 1102/1849/1 1093/1850/1
f 1099/1827/1 1104/1851/1 1106/1852/1
f 1106/1852/1 1105/1853/1 1107/1817/1
f 1107/1817/1 1102/1849/1 1106/1852/1
f 1102/1854/4 1087/1855/4 1100/1856/4
f 1134/1857/184 1115/1858/184 1120/1812/184
f 1121/1859/3 1112/1860/3 1122/1861/3
f 1137/1862/1 1113/1863/1 1135/1864/1
f 1124/1865/22 1115/1866/22 1121/1859/22
f 1122/1867/20 1113/1863/20 1123/1868/20
f 1125/1825/1 1118/1869/1 1116/1870/1
f 1127/1829/2 1114/1871/2 1124/1865/2
f 1119/1831/2 1124/1865/2 1111/1872/2
f 1131/1873/6 1117/1874/6 1126/1875/6
f 1109/1876/20 1123/1868/20 1108/1877/20
f 1111/1872/22 1121/1859/22 1110/1878/22
f 1108/1877/1 1137/1862/1 1133/1879/1
f 1110/1878/3 1122/1861/3 1109/1880/3
f 1130/1881/1 1128/1843/1 1129/1845/1
f 1128/1847/4 1126/1882/4 1125/1848/4
f 1132/1883/1 1126/1884/1 1117/1885/1
f 1126/1884/1 1134/1886/1 1118/1869/1
f 1136/1887/1 1135/1864/1 1134/1886/1
f 1132/1883/1 1137/1862/1 1136/1887/1
f 1130/1888/4 1119/1889/4 1110/1890/4
f 1143/1891/1 1142/1892/1 1140/1893/1
f 1143/1894/5 1145/1895/5 1146/1896/5
f 1162/1897/1 1138/1898/1 1143/1891/1
f 1142/1899/4 1141/1900/4 1140/1901/4
f 1158/1902/3 1155/1903/3 1166/1904/3
f 1162/1897/1 1140/1893/1 1157/1905/1
f 1140/1906/6 1148/1907/6 1139/1908/6
f 1157/1905/1 1139/1909/1 1152/1910/1
f 1167/1911/1 1158/1912/1 1166/1913/1
f 1144/1914/1 1150/1915/1 1145/1916/1
f 1138/1917/6 1144/1918/6 1143/1919/6
f 1156/1920/1 1164/1921/1 1160/1922/1
f 1155/1923/1 1157/1905/1 1152/1910/1
f 1163/1924/5 1160/1925/5 1164/1926/5
f 1162/1897/1 1154/1927/1 1153/1928/1
f 1158/1929/4 1159/1930/4 1156/1931/4
f 1141/1932/1 1149/1933/1 1148/1934/1
f 1157/1905/1 1160/1922/1 1162/1897/1
f 1161/1935/1 1168/1936/1 1169/1937/1
f 1161/1938/3 1154/1939/3 1160/1940/3
f 1171/1941/1 1181/1942/1 1175/1943/1
f 1170/1944/1 1179/1945/1 1173/1946/1
f 1171/1941/1 1178/1947/1 1177/1948/1
f 1180/1949/1 1170/1944/1 1174/1950/1
f 1175/1943/1 1180/1949/1 1174/1950/1
f 1173/1946/1 1204/1951/1 1196/1952/1
f 1172/1953/1 1205/1954/1 1178/1947/1
f 1178/1955/185 1183/1956/185 1177/1957/185
f 1186/1958/6 1176/1959/6 1180/1960/6
f 1187/1961/6 1180/1960/6 1181/1962/6
f 1179/1963/186 1212/1964/186 1204/1965/186
f 1205/1966/187 1184/1967/187 1178/1955/187
f 1183/1968/6 1181/1962/6 1177/1969/6
f 1176/1970/188 1185/1971/188 1179/1963/188
f 1175/1972/3 1189/1973/3 1171/1974/3
f 1173/1975/189 1188/1976/189 1170/1977/189
f 1171/1978/190 1190/1979/190 1172/1980/190
f 1170/1981/3 1192/1982/3 1174/1983/3
f 1174/1983/3 1193/1984/3 1175/1972/3
f 1196/1985/189 1191/1986/189 1173/1975/189
f 1172/1980/190 1221/1987/190 1197/1988/190
f 1195/1989/1 1209/1990/1 1203/1991/1
f 1207/1992/1 1194/1993/1 1199/1994/1
f 1195/1989/1 1206/1995/1 1198/1996/1
f 1194/1993/1 1208/1997/1 1200/1998/1
f 1201/1999/1 1208/1997/1 1209/1990/1
f 1204/1951/1 1199/1994/1 1196/1952/1
f 1198/1996/1 1205/1954/1 1197/2000/1
f 1211/2001/189 1206/2002/189 1203/2003/189
f 1202/2004/3 1216/2005/3 1208/2006/3
f 1208/2006/3 1217/2007/3 1209/2008/3
f 1212/1964/191 1207/2009/191 1204/1965/191
f 1214/2010/192 1205/1966/192 1206/2002/192
f 1209/2008/3 1211/2011/3 1203/2012/3
f 1215/2013/190 1202/2014/190 1207/2009/190
f 1219/2015/6 1201/2016/6 1195/2017/6
f 1218/2018/185 1199/2019/185 1194/2020/185
f 1222/2021/188 1195/2022/188 1198/2023/188
f 1224/2024/6 1194/2025/6 1200/2026/6
f 1225/2027/6 1200/2026/6 1201/2016/6
f 1223/2028/185 1196/1985/185 1199/2019/185
f 1221/1987/188 1198/2023/188 1197/1988/188
f 1227/2029/1 1239/2030/1 1231/2031/1
f 1226/2032/1 1237/2033/1 1229/2034/1
f 1227/2029/1 1236/2035/1 1235/2036/1
f 1240/2037/1 1233/2038/1 1232/2039/1
f 1231/2031/1 1238/2040/1 1230/2041/1
f 1229/2034/1 1270/2042/1 1260/2043/1
f 1241/2044/1 1226/2032/1 1233/2038/1
f 1230/2041/1 1240/2037/1 1232/2039/1
f 1228/2045/1 1271/2046/1 1236/2035/1
f 1236/2047/185 1243/2048/185 1235/2049/185
f 1248/2050/6 1241/2051/6 1240/2052/6
f 1247/2053/6 1238/2054/6 1239/2055/6
f 1237/2056/186 1280/2057/186 1270/2058/186
f 1249/2059/6 1234/2060/6 1241/2051/6
f 1246/2061/6 1240/2052/6 1238/2054/6
f 1271/2062/193 1244/2063/193 1236/2047/193
f 1243/2064/6 1239/2055/6 1235/2065/6
f 1234/2066/188 1245/2067/188 1237/2056/188
f 1231/2068/3 1251/2069/3 1227/2070/3
f 1229/2071/189 1250/2072/189 1226/2073/189
f 1227/2074/190 1252/2075/190 1228/2076/190
f 1233/2077/3 1256/2078/3 1232/2079/3
f 1230/2080/3 1255/2081/3 1231/2068/3
f 1260/2082/189 1253/2083/189 1229/2071/189
f 1226/2084/3 1257/2085/3 1233/2077/3
f 1232/2079/3 1254/2086/3 1230/2080/3
f 1228/2076/190 1291/2087/190 1261/2088/190
f 1259/2089/1 1275/2090/1 1269/2091/1
f 1273/2092/1 1258/2093/1 1263/2094/1
f 1259/2089/1 1272/2095/1 1262/2096/1
f 1267/2097/1 1276/2098/1 1266/2099/1
f 1265/2100/1 1274/2101/1 1275/2090/1
f 1270/2042/1 1263/2094/1 1260/2043/1
f 1258/2093/1 1277/2102/1 1267/2097/1
f 1264/2103/1 1276/2098/1 1274/2101/1
f 1262/2096/1 1271/2046/1 1261/2104/1
f 1279/2105/189 1272/2106/189 1269/2107/189
f 1277/2108/3 1286/2109/3 1276/2110/3
f 1274/2111/3 1285/2112/3 1275/2113/3
f 1280/2057/191 1273/2114/191 1270/2058/191
f 1268/2115/3 1287/2116/3 1277/2108/3
f 1276/2110/3 1284/2117/3 1274/2111/3
f 1282/2118/194 1271/2062/194 1272/2106/194
f 1275/2113/3 1279/2119/3 1269/2120/3
f 1283/2121/190 1268/2122/190 1273/2114/190
f 1289/2123/6 1265/2124/6 1259/2125/6
f 1288/2126/185 1263/2127/185 1258/2128/185
f 1292/2129/188 1259/2130/188 1262/2131/188
f 1296/2132/6 1267/2133/6 1266/2134/6
f 1295/2135/6 1264/2136/6 1265/2124/6
f 1293/2137/185 1260/2082/185 1263/2127/185
f 1297/2138/6 1258/2069/6 1267/2133/6
f 1294/2139/6 1266/2134/6 1264/2136/6
f 1291/2087/188 1262/2131/188 1261/2088/188
f 1305/2140/1 1304/2141/1 1300/2142/1
f 1318/2143/6 1313/2144/6 1299/2145/6
f 1305/2146/5 1308/2147/5 1309/2148/5
f 1333/2149/1 1298/2150/1 1305/2140/1
f 1304/2151/4 1303/2148/4 1300/2147/4
f 1319/2152/4 1306/2153/4 1318/2154/4
f 1327/2155/1 1314/2156/1 1338/2157/1
f 1314/2158/5 1312/2154/5 1310/2153/5
f 1333/2149/1 1300/2142/1 1327/2155/1
f 1338/2157/1 1318/2159/1 1343/2160/1
f 1314/2156/1 1319/2161/1 1318/2159/1
f 1300/2162/6 1302/2163/6 1314/2164/6
f 1306/2165/1 1315/2166/1 1313/2167/1
f 1307/2168/1 1316/2169/1 1308/2170/1
f 1303/2171/1 1312/2172/1 1302/2173/1
f 1298/2174/6 1307/2175/6 1305/2176/6
f 1343/2160/1 1299/2177/1 1320/2178/1
f 1329/2179/1 1330/2180/1 1324/2181/1
f 1340/2143/3 1346/2182/3 1323/2183/3
f 1334/2184/5 1330/2185/5 1335/2186/5
f 1333/2149/1 1322/2187/1 1321/2188/1
f 1328/2189/4 1329/2190/4 1324/2191/4
f 1331/2192/4 1347/2193/4 1346/2194/4
f 1341/2195/1 1327/2155/1 1338/2157/1
f 1339/2196/5 1341/2197/5 1336/2198/5
f 1324/2181/1 1333/2149/1 1327/2155/1
f 1346/2199/1 1338/2157/1 1343/2160/1
f 1347/2200/1 1341/2195/1 1346/2199/1
f 1326/2144/3 1324/2201/3 1341/2145/3
f 1342/2202/1 1331/2165/1 1340/2167/1
f 1332/2203/1 1344/2204/1 1345/2205/1
f 1339/2206/1 1328/2207/1 1326/2208/1
f 1332/2209/3 1322/2210/3 1330/2211/3
f 1323/2212/1 1343/2160/1 1320/2178/1
f 1350/2213/1 1356/2214/1 1353/2215/1
f 1355/2216/5 1353/2217/5 1356/2197/5
f 1372/2218/1 1348/2219/1 1363/2220/1
f 1351/2221/4 1352/2222/4 1350/2223/4
f 1365/1906/6 1368/1903/6 1376/2224/6
f 1367/2225/1 1353/2215/1 1372/2218/1
f 1358/1902/3 1350/2226/3 1349/2227/3
f 1349/2228/1 1367/2225/1 1362/2229/1
f 1377/2230/1 1368/2231/1 1375/2232/1
f 1354/2233/1 1360/2234/1 1361/1935/1
f 1354/1940/3 1348/2235/3 1353/1938/3
f 1370/2236/1 1369/2237/1 1366/2238/1
f 1367/2225/1 1365/2239/1 1362/2229/1
f 1370/2240/5 1373/2222/5 1374/2241/5
f 1372/2218/1 1364/2242/1 1370/2236/1
f 1369/2243/4 1368/2244/4 1366/2245/4
f 1351/2246/1 1359/2247/1 1357/2248/1
f 1372/2218/1 1366/2238/1 1367/2225/1
f 1371/2249/1 1378/2250/1 1373/2251/1
f 1364/2252/6 1371/2253/6 1370/1918/6
f 1381/2254/1 1391/2255/1 1387/2256/1
f 1389/2257/1 1380/2258/1 1383/2259/1
f 1381/2254/1 1388/2260/1 1382/2261/1
f 1380/2258/1 1390/2262/1 1384/2263/1
f 1385/2264/1 1390/2262/1 1391/2255/1
f 1414/2265/1 1383/2259/1 1406/2266/1
f 1382/2261/1 1415/2267/1 1407/2268/1
f 1393/2065/189 1388/2269/189 1387/2270/189
f 1386/2271/3 1396/2272/3 1390/2273/3
f 1390/2273/3 1397/2274/3 1391/2275/3
f 1422/2276/191 1389/2277/191 1414/2278/191
f 1394/2279/192 1415/2280/192 1388/2269/192
f 1391/2275/3 1393/2281/3 1387/2282/3
f 1395/2283/190 1386/2284/190 1389/2277/190
f 1399/2285/6 1385/2286/6 1381/2287/6
f 1398/2288/185 1383/2289/185 1380/2290/185
f 1400/2291/188 1381/1899/188 1382/2292/188
f 1402/2293/6 1380/2294/6 1384/2295/6
f 1403/2296/6 1384/2295/6 1385/2286/6
f 1401/2297/185 1406/2298/185 1383/2289/185
f 1431/2299/188 1382/2292/188 1407/2300/188
f 1405/2301/1 1419/2302/1 1411/2303/1
f 1404/2304/1 1417/2305/1 1409/2306/1
f 1405/2301/1 1416/2307/1 1413/2308/1
f 1418/2309/1 1404/2304/1 1410/2310/1
f 1411/2303/1 1418/2309/1 1410/2310/1
f 1409/2306/1 1414/2265/1 1406/2266/1
f 1408/2311/1 1415/2267/1 1416/2307/1
f 1416/2312/185 1421/2313/185 1413/2314/185
f 1426/2315/6 1412/2316/6 1418/2317/6
f 1427/2318/6 1418/2317/6 1419/2319/6
f 1417/2320/186 1422/2276/186 1414/2278/186
f 1415/2280/187 1424/2321/187 1416/2312/187
f 1421/2322/6 1419/2319/6 1413/2323/6
f 1412/2324/188 1425/2325/188 1417/2320/188
f 1411/2326/3 1429/2327/3 1405/2328/3
f 1409/2329/189 1428/2330/189 1404/2331/189
f 1405/2332/190 1432/2333/190 1408/2334/190
f 1404/2335/3 1434/2336/3 1410/2337/3
f 1410/2337/3 1435/2338/3 1411/2326/3
f 1406/2298/189 1433/2339/189 1409/2329/189
f 1408/2334/190 1431/2299/190 1407/2300/190
f 1437/2340/1 1449/2341/1 1445/2342/1
f 1447/2343/1 1436/2344/1 1439/2345/1
f 1437/2340/1 1446/2346/1 1438/2347/1
f 1443/2348/1 1450/2349/1 1442/2350/1
f 1441/2351/1 1448/2352/1 1449/2341/1
f 1480/2353/1 1439/2345/1 1470/2354/1
f 1436/2344/1 1451/2355/1 1443/2348/1
f 1440/2356/1 1450/2349/1 1448/2352/1
f 1438/2347/1 1481/2357/1 1471/2358/1
f 1453/2359/189 1446/2360/189 1445/2361/189
f 1451/2362/3 1458/2363/3 1450/2364/3
f 1448/2365/3 1457/2366/3 1449/2367/3
f 1490/2368/191 1447/2369/191 1480/2370/191
f 1444/1929/3 1459/2371/3 1451/2362/3
f 1450/2364/3 1456/2372/3 1448/2365/3
f 1454/2373/194 1481/2374/194 1446/2360/194
f 1449/2367/3 1453/2001/3 1445/2375/3
f 1455/2376/190 1444/2377/190 1447/2369/190
f 1461/2378/6 1441/2379/6 1437/2380/6
f 1460/2381/185 1439/2382/185 1436/2383/185
f 1462/2384/188 1437/2385/188 1438/2386/188
f 1466/2387/6 1443/2388/6 1442/2389/6
f 1465/2390/6 1440/2391/6 1441/2379/6
f 1463/2392/185 1470/2393/185 1439/2382/185
f 1467/2394/6 1436/2125/6 1443/2388/6
f 1464/2395/6 1442/2389/6 1440/2391/6
f 1501/2396/188 1438/2386/188 1471/2397/188
f 1469/2398/1 1485/2090/1 1475/2399/1
f 1468/2400/1 1483/2401/1 1473/2402/1
f 1469/2398/1 1482/2403/1 1479/2091/1
f 1486/2098/1 1477/2404/1 1476/2405/1
f 1475/2399/1 1484/2406/1 1474/2407/1
f 1473/2402/1 1480/2353/1 1470/2354/1
f 1487/2102/1 1468/2400/1 1477/2404/1
f 1474/2407/1 1486/2098/1 1476/2405/1
f 1472/2408/1 1481/2357/1 1482/2403/1
f 1482/2409/185 1489/2410/185 1479/2411/185
f 1496/2412/6 1487/2413/6 1486/2414/6
f 1495/2415/6 1484/2416/6 1485/2417/6
f 1483/2418/186 1490/2368/186 1480/2370/186
f 1497/2419/6 1478/2420/6 1487/2413/6
f 1494/2421/6 1486/2414/6 1484/2416/6
f 1481/2374/193 1492/2422/193 1482/2409/193
f 1489/2423/6 1485/2417/6 1479/2424/6
f 1478/2425/188 1493/2426/188 1483/2418/188
f 1475/2427/3 1499/2428/3 1469/2429/3
f 1473/2430/189 1498/2431/189 1468/2432/189
f 1469/2433/190 1502/2434/190 1472/2435/190
f 1477/2436/3 1506/2437/3 1476/2438/3
f 1474/2439/3 1505/2440/3 1475/2427/3
f 1470/2393/189 1503/2441/189 1473/2430/189
f 1468/2378/3 1507/2442/3 1477/2436/3
f 1476/2438/3 1504/2443/3 1474/2439/3
f 1472/2435/190 1501/2396/190 1471/2397/190
f 1514/2141/1 1515/2444/1 1510/2445/1
f 1523/2446/3 1528/2447/3 1509/2182/3
f 1518/2448/5 1515/2449/5 1519/2450/5
f 1543/2451/1 1508/2452/1 1531/2453/1
f 1513/1926/4 1514/2454/4 1510/1924/4
f 1516/2455/4 1529/2456/4 1528/2457/4
f 1524/2458/1 1537/2459/1 1548/2460/1
f 1522/2461/5 1524/2462/5 1520/2463/5
f 1510/2445/1 1543/2451/1 1537/2459/1
f 1528/2464/1 1548/2460/1 1553/2465/1
f 1529/2161/1 1524/2458/1 1528/2464/1
f 1512/2163/3 1510/1907/3 1524/2164/3
f 1525/2466/1 1516/2467/1 1523/2468/1
f 1517/2469/1 1526/2470/1 1527/1916/1
f 1522/2471/1 1513/2472/1 1512/2473/1
f 1517/2174/3 1508/2474/3 1515/2475/3
f 1509/2476/1 1553/2465/1 1530/2477/1
f 1540/2478/1 1539/2479/1 1534/2480/1
f 1556/2447/6 1550/2481/6 1533/2252/6
f 1540/2448/5 1544/2482/5 1545/2483/5
f 1543/2451/1 1532/2484/1 1540/2478/1
f 1539/2485/4 1538/1901/4 1534/1900/4
f 1557/2455/4 1541/2486/4 1556/2487/4
f 1537/2459/1 1551/2488/1 1548/2460/1
f 1551/2489/5 1549/2490/5 1546/2428/5
f 1543/2451/1 1534/2480/1 1537/2459/1
f 1548/2460/1 1556/2491/1 1553/2465/1
f 1551/2488/1 1557/2492/1 1556/2491/1
f 1534/2493/6 1536/2494/6 1551/2495/6
f 1541/2496/1 1552/2497/1 1550/2498/1
f 1542/2499/1 1554/2500/1 1544/2501/1
f 1538/2502/1 1549/2503/1 1536/2504/1
f 1532/2505/6 1542/2506/6 1540/2507/6
f 1553/2465/1 1533/2508/1 1530/2477/1
f 1559/2509/5 1560/2510/5 1561/2511/5
f 1565/2512/4 1563/2513/4 1564/2514/4
f 1562/2515/195 1570/2516/195 1572/2517/195
f 1565/2518/2 1573/2519/2 1570/2516/2
f 1571/2520/1 1562/2521/1 1572/2522/1
f 1568/2523/1 1558/2524/1 1559/2525/1
f 1566/2526/2 1561/2527/2 1560/2528/2
f 1567/2529/3 1560/2528/3 1558/2530/3
f 1575/2531/2 1570/2516/2 1573/2519/2
f 1574/2532/196 1570/2516/196 1576/2533/196
f 1577/2534/1 1572/2522/1 1574/2535/1
f 1568/2523/1 1574/2535/1 1567/2536/1
f 1567/2537/197 1576/2538/197 1566/2539/197
f 1569/2540/2 1576/2533/2 1575/2531/2
f 1579/2541/5 1580/2542/5 1581/2543/5
f 1585/2544/4 1583/2545/4 1584/2546/4
f 1582/2547/195 1590/2548/195 1592/2549/195
f 1585/2550/2 1593/2551/2 1590/2548/2
f 1591/2552/1 1582/2553/1 1592/2554/1
f 1588/2555/1 1578/2556/1 1579/2557/1
f 1586/2558/2 1581/2559/2 1580/2560/2
f 1587/2561/3 1580/2560/3 1578/2562/3
f 1595/2563/2 1590/2548/2 1593/2551/2
f 1594/2564/196 1590/2548/196 1596/2565/196
f 1597/2566/1 1592/2554/1 1594/2567/1
f 1588/2555/1 1594/2567/1 1587/2568/1
f 1587/2569/197 1596/2570/197 1586/2571/197
f 1589/2572/2 1596/2565/2 1595/2563/2
f 1599/2573/5 1600/2574/5 1601/2575/5
f 1605/2576/4 1603/2577/4 1604/2578/4
f 1602/2579/195 1610/2580/195 1612/2581/195
f 1605/2582/2 1613/2583/2 1610/2580/2
f 1611/2584/1 1602/2585/1 1612/2586/1
f 1608/2587/1 1598/2588/1 1599/2589/1
f 1606/2590/2 1601/2591/2 1600/2592/2
f 1607/2593/3 1600/2592/3 1598/2594/3
f 1615/2595/2 1610/2580/2 1613/2583/2
f 1614/2596/196 1610/2580/196 1616/2597/196
f 1617/2598/1 1612/2586/1 1614/2599/1
f 1608/2587/1 1614/2599/1 1607/2600/1
f 1607/2601/197 1616/2602/197 1606/2603/197
f 1609/2604/2 1616/2597/2 1615/2595/2
f 1619/2605/5 1620/2606/5 1621/2607/5
f 1625/2578/4 1623/2608/4 1624/2576/4
f 1622/2609/195 1630/2610/195 1632/2611/195
f 1625/2612/2 1633/2613/2 1630/2610/2
f 1631/2614/1 1622/2615/1 1632/2616/1
f 1628/2617/1 1618/2618/1 1619/2619/1
f 1626/2620/2 1621/2621/2 1620/2622/2
f 1627/2572/3 1620/2622/3 1618/2559/3
f 1635/2623/2 1630/2610/2 1633/2613/2
f 1634/2624/196 1630/2610/196 1636/2625/196
f 1637/2626/1 1632/2616/1 1634/2627/1
f 1628/2617/1 1634/2627/1 1627/2628/1
f 1627/2629/197 1636/2630/197 1626/2631/197
f 1629/2632/2 1636/2625/2 1635/2623/2
f 1639/2633/5 1640/2634/5 1641/2635/5
f 1645/2621/4 1643/2636/4 1644/2637/4
f 1642/2638/195 1650/2639/195 1652/2640/195
f 1645/2641/2 1653/2642/2 1650/2639/2
f 1651/2643/1 1642/2644/1 1652/2645/1
f 1648/2646/1 1638/2647/1 1639/2648/1
f 1646/2649/2 1641/2650/2 1640/2651/2
f 1647/2652/3 1640/2651/3 1638/2653/3
f 1655/2654/2 1650/2639/2 1653/2642/2
f 1654/2655/196 1650/2639/196 1656/2656/196
f 1657/2657/1 1652/2645/1 1654/2658/1
f 1648/2646/1 1654/2658/1 1647/2659/1
f 1647/2660/197 1656/2661/197 1646/2662/197
f 1649/2663/2 1656/2656/2 1655/2654/2
f 1659/2664/5 1660/2665/5 1661/2666/5
f 1665/2667/4 1663/2668/4 1664/2669/4
f 1662/2670/195 1670/2671/195 1672/2672/195
f 1665/2673/2 1673/2674/2 1670/2671/2
f 1671/2675/1 1662/2676/1 1672/2677/1
f 1668/2678/1 1658/2679/1 1659/2680/1
f 1666/2681/2 1661/2682/2 1660/2683/2
f 1667/2684/3 1660/2683/3 1658/2685/3
f 1675/2686/2 1670/2671/2 1673/2674/2
f 1674/2687/196 1670/2671/196 1676/2688/196
f 1677/2689/1 1672/2677/1 1674/2690/1
f 1668/2678/1 1674/2690/1 1667/2691/1
f 1667/2692/197 1676/2693/197 1666/2694/197
f 1669/2695/2 1676/2688/2 1675/2686/2
f 1679/2696/5 1680/2648/5 1681/2697/5
f 1685/2698/4 1683/2699/4 1684/2700/4
f 1682/2701/195 1690/2702/195 1692/2703/195
f 1685/2704/2 1693/2705/2 1690/2702/2
f 1691/2706/1 1682/2707/1 1692/2708/1
f 1688/2709/1 1678/2710/1 1679/2711/1
f 1686/2712/2 1681/2713/2 1680/2714/2
f 1687/2715/3 1680/2714/3 1678/2716/3
f 1695/2717/2 1690/2702/2 1693/2705/2
f 1694/2718/196 1690/2702/196 1696/2719/196
f 1697/2720/1 1692/2708/1 1694/2721/1
f 1688/2709/1 1694/2721/1 1687/2722/1
f 1687/2723/197 1696/2603/197 1686/2602/197
f 1689/2724/2 1696/2719/2 1695/2717/2
f 1699/2725/5 1700/2726/5 1701/2727/5
f 1705/2728/4 1703/2729/4 1704/2699/4
f 1702/2730/198 1710/2731/198 1712/2732/198
f 1705/2733/6 1713/2614/6 1710/2734/6
f 1711/2735/3 1702/2730/3 1712/2732/3
f 1708/2736/3 1698/2737/3 1699/2738/3
f 1706/2739/6 1701/2619/6 1700/2740/6
f 1707/2741/2 1700/2742/2 1698/2737/2
f 1715/2626/6 1710/2734/6 1713/2614/6
f 1714/2743/199 1710/2744/199 1716/2745/199
f 1717/2746/3 1712/2732/3 1714/2747/3
f 1708/2736/3 1714/2747/3 1707/2741/3
f 1707/2748/200 1716/2745/200 1706/2749/200
f 1709/2617/6 1716/2750/6 1715/2626/6
f 1719/2751/5 1720/2752/5 1721/2753/5
f 1725/2754/4 1723/2755/4 1724/2756/4
f 1722/2757/198 1730/2758/198 1732/2759/198
f 1725/2760/6 1733/2761/6 1730/2762/6
f 1731/2763/3 1722/2757/3 1732/2759/3
f 1728/2764/3 1718/2765/3 1719/2766/3
f 1726/2767/6 1721/2768/6 1720/2769/6
f 1727/2770/2 1720/2771/2 1718/2765/2
f 1735/2772/6 1730/2762/6 1733/2761/6
f 1734/2773/199 1730/2774/199 1736/2775/199
f 1737/2776/3 1732/2759/3 1734/2777/3
f 1728/2764/3 1734/2777/3 1727/2770/3
f 1727/2778/200 1736/2775/200 1726/2779/200
f 1729/2780/6 1736/2781/6 1735/2772/6
f 1739/2782/5 1740/2783/5 1741/2784/5
f 1745/2785/4 1743/2786/4 1744/2787/4
f 1742/2788/198 1750/2789/198 1752/2790/198
f 1745/2791/6 1753/2792/6 1750/2793/6
f 1751/2794/3 1742/2788/3 1752/2790/3
f 1748/2795/3 1738/2796/3 1739/2797/3
f 1746/2798/6 1741/2799/6 1740/2800/6
f 1747/2801/2 1740/2802/2 1738/2796/2
f 1755/2803/6 1750/2793/6 1753/2792/6
f 1754/2804/199 1750/2805/199 1756/2806/199
f 1757/2807/3 1752/2790/3 1754/2808/3
f 1748/2795/3 1754/2808/3 1747/2801/3
f 1747/2809/200 1756/2806/200 1746/2810/200
f 1749/2811/6 1756/2812/6 1755/2803/6
f 1759/2813/5 1760/2814/5 1761/2815/5
f 1765/2816/4 1763/2817/4 1764/2818/4
f 1762/2819/198 1770/2820/198 1772/2821/198
f 1765/2822/6 1773/2823/6 1770/2824/6
f 1771/2825/3 1762/2819/3 1772/2821/3
f 1768/2826/3 1758/2827/3 1759/2828/3
f 1766/2829/6 1761/2800/6 1760/2799/6
f 1767/2830/2 1760/2831/2 1758/2827/2
f 1775/2832/6 1770/2824/6 1773/2823/6
f 1774/2833/199 1770/2834/199 1776/2835/199
f 1777/2836/3 1772/2821/3 1774/2837/3
f 1768/2826/3 1774/2837/3 1767/2830/3
f 1767/2838/200 1776/2835/200 1766/2839/200
f 1769/2840/6 1776/2841/6 1775/2832/6
f 1779/2842/5 1780/2843/5 1781/2844/5
f 1785/2845/4 1783/2846/4 1784/2847/4
f 1782/2848/198 1790/2849/198 1792/2850/198
f 1785/2851/6 1793/2852/6 1790/2853/6
f 1791/2854/3 1782/2848/3 1792/2850/3
f 1788/2855/3 1778/2856/3 1779/2857/3
f 1786/2858/6 1781/2859/6 1780/2860/6
f 1787/2861/2 1780/2862/2 1778/2856/2
f 1795/2863/6 1790/2853/6 1793/2852/6
f 1794/2864/199 1790/2865/199 1796/2866/199
f 1797/2867/3 1792/2850/3 1794/2868/3
f 1788/2855/3 1794/2868/3 1787/2861/3
f 1787/2869/200 1796/2866/200 1786/2870/200
f 1789/2871/6 1796/2872/6 1795/2863/6
f 1799/2873/5 1800/2874/5 1801/2875/5
f 1805/2876/4 1803/2877/4 1804/2878/4
f 1802/2879/198 1810/2880/198 1812/2881/198
f 1805/2882/6 1813/2883/6 1810/2884/6
f 1811/2885/3 1802/2879/3 1812/2881/3
f 1808/2886/3 1798/2887/3 1799/2888/3
f 1806/2889/6 1801/2890/6 1800/2891/6
f 1807/2892/2 1800/2893/2 1798/2887/2
f 1815/2894/6 1810/2884/6 1813/2883/6
f 1814/2895/199 1810/2896/199 1816/2897/199
f 1817/2898/3 1812/2881/3 1814/2899/3
f 1808/2886/3 1814/2899/3 1807/2892/3
f 1807/2900/200 1816/2897/200 1806/2901/200
f 1809/2902/6 1816/2903/6 1815/2894/6
f 1819/2727/5 1820/2904/5 1821/2725/5
f 1825/2905/4 1823/2906/4 1824/2907/4
f 1822/2908/198 1830/2909/198 1832/2910/198
f 1825/2911/6 1833/2584/6 1830/2912/6
f 1831/2913/3 1822/2908/3 1832/2910/3
f 1828/2914/3 1818/2915/3 1819/2916/3
f 1826/2917/6 1821/2589/6 1820/2918/6
f 1827/2919/2 1820/2920/2 1818/2915/2
f 1835/2598/6 1830/2912/6 1833/2584/6
f 1834/2921/199 1830/2922/199 1836/2923/199
f 1837/2924/3 1832/2910/3 1834/2925/3
f 1828/2914/3 1834/2925/3 1827/2919/3
f 1827/2926/200 1836/2923/200 1826/2927/200
f 1829/2587/6 1836/2928/6 1835/2598/6
f 1839/2929/5 1840/2930/5 1841/2931/5
f 1845/2932/4 1843/2933/4 1844/2934/4
f 1842/2935/201 1850/2936/201 1852/2937/201
f 1845/2938/1 1853/2939/1 1850/2940/1
f 1851/2941/2 1842/2942/2 1852/2943/2
f 1848/2944/2 1838/2844/2 1839/2945/2
f 1846/2946/1 1841/2947/1 1840/2948/1
f 1847/2949/6 1840/2950/6 1838/2951/6
f 1855/2952/1 1850/2940/1 1853/2939/1
f 1854/2953/202 1850/2936/202 1856/2954/202
f 1857/2955/2 1852/2943/2 1854/2956/2
f 1848/2944/2 1854/2956/2 1847/2957/2
f 1847/2958/203 1856/2959/203 1846/2960/203
f 1849/2961/1 1856/2962/1 1855/2952/1
f 1859/2963/5 1860/2964/5 1861/2965/5
f 1865/2966/4 1863/2967/4 1864/2968/4
f 1862/2969/201 1870/2970/201 1872/2971/201
f 1865/2972/1 1873/2973/1 1870/2974/1
f 1871/2975/2 1862/2976/2 1872/2977/2
f 1868/2978/2 1858/2979/2 1859/2980/2
f 1866/2961/1 1861/2981/1 1860/2947/1
f 1867/2982/6 1860/2983/6 1858/2984/6
f 1875/2985/1 1870/2974/1 1873/2973/1
f 1874/2986/202 1870/2970/202 1876/2987/202
f 1877/2988/2 1872/2977/2 1874/2989/2
f 1868/2978/2 1874/2989/2 1867/2990/2
f 1867/2991/203 1876/2992/203 1866/2993/203
f 1869/2994/1 1876/2995/1 1875/2985/1
f 1879/2996/5 1880/2997/5 1881/2998/5
f 1885/2818/4 1883/2999/4 1884/2816/4
f 1882/3000/201 1890/3001/201 1892/3002/201
f 1885/3003/1 1893/3004/1 1890/3005/1
f 1891/3006/2 1882/3007/2 1892/3008/2
f 1888/3009/2 1878/3010/2 1879/3011/2
f 1886/3012/1 1881/3013/1 1880/3014/1
f 1887/3015/6 1880/3016/6 1878/3017/6
f 1895/3018/1 1890/3005/1 1893/3004/1
f 1894/3019/202 1890/3001/202 1896/3020/202
f 1897/3021/2 1892/3008/2 1894/3022/2
f 1888/3009/2 1894/3022/2 1887/3023/2
f 1887/3024/203 1896/3025/203 1886/3026/203
f 1889/3027/1 1896/3028/1 1895/3018/1
f 1899/3029/5 1900/3030/5 1901/3031/5
f 1905/3032/4 1903/2713/4 1904/3033/4
f 1902/3034/201 1910/3035/201 1912/3036/201
f 1905/3037/1 1913/3038/1 1910/3039/1
f 1911/3040/2 1902/3041/2 1912/3042/2
f 1908/3043/2 1898/2525/2 1899/3044/2
f 1906/3045/1 1901/3046/1 1900/3047/1
f 1907/3048/6 1900/3049/6 1898/3050/6
f 1915/3051/1 1910/3039/1 1913/3038/1
f 1914/3052/202 1910/3035/202 1916/3053/202
f 1917/3054/2 1912/3042/2 1914/3055/2
f 1908/3043/2 1914/3055/2 1907/2523/2
f 1907/3056/203 1916/3057/203 1906/2570/203
f 1909/3058/1 1916/3059/1 1915/3051/1
f 1919/3060/5 1920/3061/5 1921/3062/5
f 1925/2878/4 1923/3063/4 1924/2876/4
f 1922/3064/201 1930/3065/201 1932/3066/201
f 1925/3067/1 1933/3068/1 1930/3069/1
f 1931/3070/2 1922/3071/2 1932/3072/2
f 1928/3073/2 1918/2619/2 1919/2618/2
f 1926/3074/1 1921/3075/1 1920/3076/1
f 1927/3017/6 1920/3077/6 1918/2949/6
f 1935/3078/1 1930/3069/1 1933/3068/1
f 1934/3079/202 1930/3065/202 1936/3080/202
f 1937/3081/2 1932/3072/2 1934/3082/2
f 1928/3073/2 1934/3082/2 1927/3083/2
f 1927/3084/203 1936/3085/203 1926/3086/203
f 1929/3087/1 1936/3088/1 1935/3078/1
f 1939/3089/5 1940/3090/5 1941/3091/5
f 1945/3092/4 1943/3093/4 1944/3094/4
f 1942/3095/201 1950/3096/201 1952/3097/201
f 1945/3098/1 1953/3099/1 1950/3100/1
f 1951/3101/2 1942/3102/2 1952/3103/2
f 1948/3104/2 1938/3105/2 1939/3106/2
f 1946/3107/1 1941/3108/1 1940/3109/1
f 1947/3110/6 1940/3111/6 1938/3015/6
f 1955/3112/1 1950/3100/1 1953/3099/1
f 1954/3113/202 1950/3096/202 1956/3114/202
f 1957/3115/2 1952/3103/2 1954/3116/2
f 1948/3104/2 1954/3116/2 1947/3117/2
f 1947/3026/203 1956/2960/203 1946/2959/203
f 1949/3118/1 1956/3119/1 1955/3112/1
f 1959/3120/5 1960/3121/5 1961/3122/5
f 1965/3123/4 1963/3124/4 1964/3125/4
f 1962/3126/201 1970/3127/201 1972/3128/201
f 1965/3129/1 1973/3130/1 1970/3131/1
f 1971/3132/2 1962/3133/2 1972/3134/2
f 1968/3135/2 1958/3136/2 1959/3137/2
f 1966/3138/1 1961/3139/1 1960/3140/1
f 1967/2951/6 1960/3141/6 1958/3048/6
f 1975/3142/1 1970/3131/1 1973/3130/1
f 1974/3143/202 1970/3127/202 1976/3144/202
f 1977/3145/2 1972/3134/2 1974/3146/2
f 1968/3135/2 1974/3146/2 1967/3147/2
f 1967/3148/203 1976/3149/203 1966/2537/203
f 1969/3150/1 1976/3151/1 1975/3142/1
f 1979/3152/5 1980/3153/5 1981/3154/5
f 1985/3155/4 1983/3156/4 1984/3157/4
f 1982/3158/204 1990/3159/204 1992/3160/204
f 1985/3161/3 1993/3162/3 1990/3163/3
f 1991/3164/6 1982/3165/6 1992/3166/6
f 1988/3167/6 1978/3168/6 1979/3169/6
f 1986/3170/3 1981/3169/3 1980/3168/3
f 1987/3171/1 1980/3172/1 1978/3173/1
f 1995/3174/3 1990/3163/3 1993/3162/3
f 1994/3175/205 1990/3176/205 1996/3177/205
f 1997/3178/6 1992/3166/6 1994/3179/6
f 1988/3167/6 1994/3179/6 1987/3180/6
f 1987/3181/206 1996/3177/206 1986/3182/206
f 1989/3183/3 1996/3184/3 1995/3174/3
f 1999/3185/5 2000/3186/5 2001/3187/5
f 2005/3188/4 2003/3189/4 2004/3190/4
f 2002/3191/204 2010/3192/204 2012/3193/204
f 2005/3194/3 2013/3195/3 2010/3196/3
f 2011/3197/6 2002/3198/6 2012/3199/6
f 2008/3200/6 1998/3201/6 1999/3202/6
f 2006/3203/3 2001/3014/3 2000/3173/3
f 2007/3204/1 2000/3205/1 1998/3206/1
f 2015/3207/3 2010/3196/3 2013/3195/3
f 2014/3208/205 2010/3209/205 2016/3210/205
f 2017/3211/6 2012/3199/6 2014/3212/6
f 2008/3200/6 2014/3212/6 2007/3213/6
f 2007/3214/206 2016/3210/206 2006/3215/206
f 2009/3012/3 2016/3216/3 2015/3207/3
f 2021/3217/5 2018/3218/5 2020/3219/5
f 2024/3220/4 2022/3221/4 2023/3222/4
f 2022/3223/204 2030/3224/204 2032/3225/204
f 2025/3226/3 2033/3227/3 2030/3228/3
f 2031/3229/6 2022/3230/6 2032/3231/6
f 2028/3232/6 2018/3233/6 2019/3234/6
f 2026/3235/3 2021/3236/3 2020/3237/3
f 2027/3238/1 2020/3239/1 2018/3240/1
f 2035/3241/3 2030/3228/3 2033/3227/3
f 2034/3242/205 2030/3243/205 2036/3244/205
f 2037/3245/6 2032/3231/6 2034/3246/6
f 2028/3232/6 2034/3246/6 2027/3247/6
f 2027/3248/206 2036/3244/206 2026/3249/206
f 2029/3250/3 2036/3251/3 2035/3241/3
f 2039/3252/5 2040/3253/5 2041/3254/5
f 2045/3255/4 2043/3256/4 2044/3257/4
f 2042/3258/204 2050/3259/204 2052/3260/204
f 2045/3261/3 2053/3262/3 2050/3263/3
f 2051/3264/6 2042/3265/6 2052/3266/6
f 2048/3267/6 2038/3268/6 2039/3269/6
f 2046/3270/3 2041/3271/3 2040/3272/3
f 2047/3273/1 2040/3274/1 2038/3275/1
f 2055/3276/3 2050/3263/3 2053/3262/3
f 2054/3277/205 2050/3278/205 2056/3279/205
f 2057/3280/6 2052/3266/6 2054/3281/6
f 2048/3267/6 2054/3281/6 2047/3282/6
f 2047/3283/206 2056/3279/206 2046/3284/206
f 2049/3285/3 2056/3286/3 2055/3276/3
f 2061/3287/5 2058/3288/5 2060/3289/5
f 2064/3290/4 2062/3291/4 2063/3292/4
f 2062/3293/204 2070/3294/204 2072/3295/204
f 2065/3296/3 2073/3297/3 2070/3298/3
f 2071/3299/6 2062/3300/6 2072/3301/6
f 2068/3302/6 2058/3303/6 2059/3304/6
f 2066/3305/3 2061/3306/3 2060/3307/3
f 2067/3308/1 2060/3309/1 2058/3310/1
f 2075/3311/3 2070/3298/3 2073/3297/3
f 2074/3312/205 2070/3313/205 2076/3314/205
f 2077/3315/6 2072/3301/6 2074/3316/6
f 2068/3302/6 2074/3316/6 2067/3317/6
f 2067/3318/206 2076/3314/206 2066/3319/206
f 2069/3320/3 2076/3321/3 2075/3311/3
f 2079/3322/5 2080/3323/5 2081/3324/5
f 2085/3325/4 2083/3326/4 2084/3327/4
f 2082/3328/204 2090/3329/204 2092/3330/204
f 2085/3331/3 2093/3332/3 2090/3333/3
f 2091/3334/6 2082/3335/6 2092/3336/6
f 2088/3337/6 2078/3338/6 2079/3339/6
f 2086/3340/3 2081/3341/3 2080/3342/3
f 2087/3343/1 2080/3344/1 2078/3345/1
f 2095/3346/3 2090/3333/3 2093/3332/3
f 2094/3347/205 2090/3348/205 2096/3349/205
f 2097/3350/6 2092/3336/6 2094/3351/6
f 2088/3337/6 2094/3351/6 2087/3352/6
f 2087/3353/206 2096/3349/206 2086/3354/206
f 2089/3355/3 2096/3356/3 2095/3346/3
f 2099/3357/5 2100/3358/5 2101/3359/5
f 2105/3360/4 2103/2787/4 2104/3361/4
f 2102/3362/204 2110/3363/204 2112/3364/204
f 2105/3365/3 2113/3366/3 2110/3367/3
f 2111/3368/6 2102/3369/6 2112/3370/6
f 2108/3282/6 2098/3371/6 2099/3268/6
f 2106/3372/3 2101/2769/3 2100/2768/3
f 2107/3345/1 2100/3373/1 2098/3374/1
f 2115/3375/3 2110/3367/3 2113/3366/3
f 2114/3376/205 2110/3377/205 2116/3378/205
f 2117/3379/6 2112/3370/6 2114/3380/6
f 2108/3282/6 2114/3380/6 2107/3381/6
f 2107/3382/206 2116/3378/206 2106/3383/206
f 2109/3384/3 2116/3385/3 2115/3375/3
f 2120/3386/1 2123/3387/1 2119/3388/1
f 2118/3389/1 2130/3390/1 2122/3391/1
f 2165/3392/1 2127/3393/1 2178/3394/1
f 2121/3395/1 2125/3396/1 2120/3386/1
f 2126/3397/3 2133/3398/3 2125/3399/3
f 2160/3400/1 2123/3387/1 2170/3401/1
f 2164/3402/1 2124/3403/1 2120/3386/1
f 2128/3404/3 2135/3405/3 2127/3406/3
f 2165/3392/1 2126/3407/1 2121/3395/1
f 2164/3402/1 2125/3396/1 2174/3408/1
f 2123/3409/4 2186/3410/4 2170/3411/4
f 2122/3391/1 2127/3393/1 2121/3395/1
f 2166/3412/1 2128/3413/1 2122/3391/1
f 2183/3414/5 2137/3415/5 2129/3416/5
f 2161/3417/1 2129/3418/1 2118/3389/1
f 2166/3412/1 2130/3390/1 2182/3419/1
f 2188/3420/1 2140/3421/1 2132/3422/1
f 2195/3423/1 2144/3424/1 2136/3425/1
f 2132/3422/1 2139/3426/1 2131/3427/1
f 2136/3425/1 2143/3428/1 2135/3429/1
f 2129/3430/3 2138/3431/3 2130/3432/3
f 2179/3433/5 2136/3434/5 2128/3435/5
f 2175/3436/5 2134/3435/5 2126/3434/5
f 2130/3437/4 2198/3438/4 2182/3439/4
f 2124/3440/3 2131/3441/3 2123/3442/3
f 2127/3443/4 2194/3444/4 2178/3445/4
f 2125/3446/4 2190/3447/4 2174/3448/4
f 2172/3449/5 2132/3416/5 2124/3415/5
f 2143/3450/4 2226/3451/4 2210/3452/4
f 2204/3453/5 2148/3454/5 2140/3455/5
f 2211/3456/5 2152/3457/5 2144/3458/5
f 2140/3459/3 2147/3460/3 2139/3461/3
f 2194/3462/1 2143/3428/1 2210/3463/1
f 2134/3464/1 2141/3465/1 2133/3466/1
f 2199/3467/1 2145/3468/1 2137/3469/1
f 2191/3470/1 2142/3471/1 2134/3464/1
f 2137/3469/1 2146/3472/1 2138/3473/1
f 2190/3474/1 2141/3465/1 2206/3475/1
f 2186/3476/1 2139/3426/1 2202/3477/1
f 2198/3478/1 2146/3472/1 2214/3479/1
f 2218/3480/1 2148/3481/1 2220/3482/1
f 2222/3483/1 2150/3484/1 2223/3485/1
f 2226/3486/1 2152/3487/1 2227/3488/1
f 2230/3489/1 2153/3490/1 2231/3491/1
f 2142/3492/3 2149/3493/3 2141/3494/3
f 2215/3495/5 2153/3496/5 2145/3497/5
f 2207/3498/5 2150/3458/5 2142/3457/5
f 2145/3499/3 2154/3500/3 2146/3501/3
f 2141/3502/4 2222/3503/4 2206/3504/4
f 2139/3505/4 2218/3506/4 2202/3507/4
f 2146/3508/4 2230/3509/4 2214/3510/4
f 2144/3511/3 2151/3512/3 2143/3513/3
f 2122/3514/6 2155/3515/6 2118/3516/6
f 2121/3517/6 2159/3518/6 2122/3514/6
f 2119/3519/6 2157/3520/6 2120/3521/6
f 2160/3522/5 2156/3523/5 2119/3524/5
f 2118/3525/4 2235/3526/4 2161/3527/4
f 2120/3521/6 2158/3528/6 2121/3517/6
f 2171/3529/1 2167/3530/1 2163/3531/1
f 2185/3532/1 2162/3533/1 2169/3534/1
f 2165/3392/1 2180/3535/1 2168/3536/1
f 2176/3537/1 2168/3536/1 2167/3530/1
f 2192/3538/6 2177/3539/6 2176/3540/6
f 2160/3400/1 2171/3529/1 2163/3531/1
f 2173/3541/1 2164/3402/1 2167/3530/1
f 2196/3542/6 2181/3543/6 2180/3544/6
f 2177/3545/1 2165/3392/1 2168/3536/1
f 2164/3402/1 2176/3537/1 2167/3530/1
f 2186/3410/4 2171/3443/4 2170/3411/4
f 2180/3535/1 2169/3534/1 2168/3536/1
f 2181/3546/1 2166/3412/1 2169/3534/1
f 2200/3437/5 2183/3414/5 2184/3547/5
f 2184/3548/1 2161/3417/1 2162/3533/1
f 2166/3412/1 2185/3532/1 2169/3534/1
f 2205/3549/1 2188/3420/1 2189/3550/1
f 2213/3551/1 2195/3423/1 2197/3552/1
f 2203/3553/1 2189/3550/1 2187/3554/1
f 2212/3555/1 2197/3552/1 2196/3556/1
f 2201/3431/6 2184/3557/6 2185/3432/6
f 2197/3446/5 2179/3433/5 2181/3558/5
f 2193/3559/5 2175/3436/5 2177/3560/5
f 2198/3438/4 2185/3561/4 2182/3439/4
f 2187/3512/6 2173/3440/6 2171/3442/6
f 2194/3444/4 2180/3562/4 2178/3445/4
f 2190/3447/4 2176/3563/4 2174/3448/4
f 2189/3560/5 2172/3449/5 2173/3559/5
f 2226/3451/4 2212/3564/4 2210/3452/4
f 2221/3496/5 2204/3453/5 2205/3497/5
f 2229/3454/5 2211/3456/5 2213/3455/5
f 2219/3565/6 2205/3460/6 2203/3566/6
f 2194/3462/1 2212/3555/1 2196/3556/1
f 2208/3567/1 2193/3568/1 2192/3569/1
f 2216/3570/1 2199/3467/1 2200/3571/1
f 2209/3572/1 2191/3470/1 2193/3568/1
f 2217/3573/1 2200/3571/1 2201/3574/1
f 2190/3474/1 2208/3567/1 2192/3569/1
f 2186/3476/1 2203/3553/1 2187/3554/1
f 2198/3478/1 2217/3573/1 2201/3574/1
f 2221/3575/1 2218/3480/1 2220/3482/1
f 2225/3576/1 2222/3483/1 2223/3485/1
f 2229/3577/1 2226/3486/1 2227/3488/1
f 2232/3578/1 2230/3489/1 2231/3491/1
f 2224/3579/6 2209/3511/6 2208/3513/6
f 2232/3580/5 2215/3495/5 2216/3581/5
f 2225/3582/5 2207/3498/5 2209/3583/5
f 2233/3584/6 2216/3585/6 2217/3586/6
f 2222/3503/4 2208/3587/4 2206/3504/4
f 2218/3506/4 2203/3588/4 2202/3507/4
f 2230/3509/4 2217/3581/4 2214/3510/4
f 2228/3492/6 2213/3589/6 2212/3579/6
f 2236/3590/3 2169/3591/3 2162/3592/3
f 2240/3593/3 2168/3594/3 2169/3591/3
f 2238/3595/3 2163/3596/3 2167/3597/3
f 2237/3598/5 2160/3522/5 2163/3599/5
f 2235/3526/4 2162/3600/4 2161/3527/4
f 2239/3601/3 2167/3597/3 2168/3594/3
f 2243/3602/4 2241/3603/4 2244/3604/4
f 2245/3605/5 2247/3606/5 2248/3607/5
f 2270/3608/2 2247/3609/2 2268/3610/2
f 2250/3611/207 2245/3612/207 2251/3613/207
f 2274/3614/1 2246/3615/1 2250/3616/1
f 2252/3617/208 2247/3618/208 2249/3619/208
f 2251/3613/6 2248/3620/6 2252/3621/6
f 2246/3622/209 2268/3623/209 2247/3606/209
f 2243/3602/210 2261/3624/210 2242/3625/210
f 2254/3626/211 2252/3627/211 2256/3628/211
f 2255/3629/212 2252/3627/212 2249/3630/212
f 2274/3631/213 2253/3632/213 2280/3633/213
f 2253/3632/214 2251/3634/214 2254/3626/214
f 2255/3629/215 2270/3635/215 2275/3636/215
f 2262/3637/2 2255/3638/2 2275/3639/2
f 2241/3640/207 2253/3641/207 2254/3642/207
f 2261/3643/1 2253/3644/1 2242/3645/1
f 2244/3646/208 2255/3647/208 2243/3648/208
f 2241/3640/6 2256/3649/6 2244/3650/6
f 2257/3651/4 2259/3652/4 2260/3653/4
f 2265/3654/5 2263/3655/5 2266/3656/5
f 2270/3608/2 2265/3657/2 2269/3658/2
f 2263/3659/216 2271/3660/216 2272/3661/216
f 2274/3614/1 2264/3662/1 2267/3663/1
f 2265/3657/217 2273/3664/217 2269/3658/217
f 2266/3665/3 2272/3666/3 2273/3664/3
f 2268/3623/218 2264/3667/218 2265/3654/218
f 2261/3624/219 2259/3652/219 2258/3668/219
f 2273/3669/220 2277/3670/220 2279/3671/220
f 2278/3672/221 2273/3669/221 2279/3671/221
f 2276/3673/222 2274/3631/222 2280/3633/222
f 2272/3674/223 2276/3673/223 2277/3670/223
f 2270/3635/224 2278/3672/224 2275/3636/224
f 2262/3637/2 2278/3675/2 2259/3676/2
f 2277/3677/216 2258/3678/216 2257/3679/216
f 2261/3643/1 2276/3680/1 2280/3681/1
f 2259/3676/217 2279/3682/217 2260/3683/217
f 2279/3682/3 2257/3684/3 2260/3683/3
f 2/1/1 4/3685/1 3/2/1
f 8/4/2 6/7/2 5/5/2
f 6/7/3 2/325/3 1/8/3
f 7/9/4 5/3686/4 1/10/4
f 4/12/5 2/3687/5 6/13/5
f 10/15/6 12/3688/6 11/16/6
f 12/18/2 16/21/2 15/19/2
f 16/21/3 14/3689/3 13/22/3
f 14/23/1 10/3690/1 9/24/1
f 15/26/4 13/3691/4 9/27/4
f 12/29/5 10/3692/5 14/30/5
f 18/32/1 20/3693/1 19/33/1
f 24/35/2 22/38/2 21/36/2
f 22/38/3 18/155/3 17/39/3
f 23/40/4 21/3694/4 17/11/4
f 20/42/5 18/256/5 22/43/5
f 26/45/1 28/3695/1 27/46/1
f 32/48/2 30/51/2 29/49/2
f 30/51/3 26/356/3 25/52/3
f 31/53/4 29/3696/4 25/54/4
f 28/56/5 26/3697/5 30/57/5
f 33/59/1 34/3698/1 36/60/1
f 68/62/5 66/408/5 70/63/5
f 40/65/2 38/67/2 37/66/2
f 38/67/3 34/80/3 33/37/3
f 39/68/4 37/3699/4 33/69/4
f 36/71/5 34/3700/5 38/72/5
f 41/74/1 42/3701/1 44/75/1
f 71/77/4 69/3702/4 65/78/4
f 48/80/2 46/83/2 45/81/2
f 46/83/3 42/65/3 41/84/3
f 47/44/4 45/349/4 41/85/4
f 44/86/5 42/279/5 46/87/5
f 50/89/1 52/3703/1 51/90/1
f 70/92/3 66/3704/3 65/93/3
f 56/95/2 54/98/2 53/96/2
f 54/98/3 50/3705/3 49/99/3
f 55/100/4 53/3706/4 49/101/4
f 52/103/5 50/3707/5 54/104/5
f 72/106/2 70/92/2 69/94/2
f 58/108/1 60/3708/1 59/109/1
f 66/111/1 68/3709/1 67/112/1
f 64/114/2 62/117/2 61/115/2
f 62/117/3 58/363/3 57/118/3
f 63/119/4 61/3710/4 57/48/4
f 60/120/5 58/3711/5 62/121/5
f 74/123/1 76/3712/1 75/124/1
f 80/82/2 78/81/2 77/126/2
f 78/81/3 74/84/3 73/128/3
f 79/129/4 77/3713/4 73/130/4
f 76/132/5 74/3714/5 78/133/5
f 82/135/3 84/333/3 83/136/3
f 88/138/6 86/3715/6 85/139/6
f 86/141/2 82/135/2 81/137/2
f 87/143/4 85/3716/4 81/144/4
f 84/146/5 82/3717/5 86/147/5
f 90/149/1 92/3718/1 91/150/1
f 92/152/6 96/3719/6 95/153/6
f 96/116/2 94/115/2 93/38/2
f 94/115/3 90/118/3 89/155/3
f 95/87/4 93/3720/4 89/156/4
f 92/158/5 90/196/5 94/159/5
f 98/161/3 100/186/3 99/162/3
f 104/164/6 102/3721/6 101/165/6
f 102/167/2 98/161/2 97/163/2
f 103/169/4 101/359/4 97/170/4
f 100/172/5 98/3722/5 102/173/5
f 106/175/3 108/353/3 107/176/3
f 112/178/6 110/3723/6 109/179/6
f 110/180/2 106/175/2 105/177/2
f 107/182/4 111/79/4 109/183/4
f 108/185/5 106/3724/5 110/162/5
f 148/187/5 146/3725/5 150/188/5
f 118/190/4 114/3726/4 116/191/4
f 151/10/4 149/3727/4 145/52/4
f 119/193/3 117/211/3 118/194/3
f 115/196/2 119/193/2 120/195/2
f 117/197/5 119/3728/5 115/198/5
f 113/200/6 115/327/6 116/201/6
f 122/203/3 124/196/3 123/158/3
f 150/205/2 146/236/2 145/206/2
f 128/208/6 126/3729/6 125/209/6
f 126/211/2 122/203/2 121/204/2
f 127/93/4 125/3730/4 121/213/4
f 124/215/5 122/3731/5 126/216/5
f 130/218/3 132/356/3 131/219/3
f 152/221/6 150/341/6 149/222/6
f 136/224/6 134/369/6 133/109/6
f 134/226/2 130/218/2 129/220/2
f 135/4/4 133/6/4 129/228/4
f 132/230/5 130/3732/5 134/231/5
f 138/233/3 140/3733/3 139/234/3
f 146/236/3 148/3734/3 147/237/3
f 144/238/6 142/3735/6 141/239/6
f 142/240/2 138/233/2 137/235/2
f 139/242/4 143/3736/4 141/243/4
f 140/245/5 138/12/5 142/14/5
f 154/247/2 156/3737/2 155/248/2
f 160/250/1 158/253/1 157/251/1
f 158/253/6 154/3738/6 153/254/6
f 159/255/4 157/3739/4 153/205/4
f 156/256/5 154/319/5 158/257/5
f 162/248/3 164/46/3 163/258/3
f 164/260/1 168/263/1 167/261/1
f 168/263/6 166/3740/6 165/264/6
f 166/265/2 162/3741/2 161/266/2
f 163/268/4 167/336/4 165/4/4
f 164/269/5 162/3742/5 166/270/5
f 170/272/2 172/3743/2 171/210/2
f 176/274/1 174/3744/1 173/275/1
f 174/277/6 170/365/6 169/154/6
f 171/278/4 175/3720/4 173/87/4
f 172/260/5 170/262/5 174/280/5
f 178/282/2 180/3745/2 179/283/2
f 184/285/1 182/3746/1 181/286/1
f 182/288/6 178/3747/6 177/289/6
f 183/291/4 181/3748/4 177/292/4
f 180/294/5 178/3749/5 182/295/5
f 186/297/2 188/3750/2 187/298/2
f 212/88/5 210/87/5 214/157/5
f 192/59/1 190/61/1 189/301/1
f 190/303/6 186/345/6 185/304/6
f 191/306/4 189/3751/4 185/307/4
f 188/50/5 186/3752/5 190/309/5
f 194/310/2 196/3753/2 195/311/2
f 215/313/4 213/3754/4 209/268/4
f 200/314/1 198/317/1 197/315/1
f 198/317/6 194/366/6 193/318/6
f 195/69/4 199/250/4 197/252/4
f 196/319/5 194/3755/5 198/320/5
f 202/321/2 204/3756/2 203/322/2
f 214/324/6 210/3757/6 209/325/6
f 208/326/1 206/3758/1 205/327/1
f 206/329/6 202/3759/6 201/330/6
f 207/332/4 205/3760/4 201/136/4
f 204/334/5 202/159/5 206/196/5
f 216/336/1 214/324/1 213/7/1
f 210/337/2 212/3761/2 211/338/2
f 218/340/2 220/3762/2 219/341/2
f 224/343/1 222/3763/1 221/225/1
f 222/345/6 218/303/6 217/331/6
f 223/346/4 221/3764/4 217/347/4
f 220/349/5 218/3726/5 222/190/5
f 226/350/6 228/321/6 227/351/6
f 232/353/3 230/355/3 229/354/3
f 230/355/1 226/219/1 225/356/1
f 227/20/4 231/3765/4 229/357/4
f 228/358/5 226/170/5 230/359/5
f 234/166/2 236/3766/2 235/361/2
f 236/363/3 240/117/3 239/96/3
f 240/117/1 238/114/1 237/97/1
f 238/364/6 234/3767/6 233/365/6
f 235/366/4 239/3717/4 237/367/4
f 236/160/5 234/3768/5 238/368/5
f 242/369/6 244/3769/6 243/370/6
f 248/371/3 246/123/3 245/372/3
f 246/374/1 242/3770/1 241/375/1
f 247/377/4 245/3771/4 241/378/4
f 244/191/5 242/3772/5 246/380/5
f 250/381/6 252/3773/6 251/382/6
f 268/384/5 266/394/5 270/385/5
f 256/101/3 254/388/3 253/387/3
f 254/388/1 250/194/1 249/389/1
f 251/390/4 255/3774/4 253/391/4
f 252/393/5 250/385/5 254/394/5
f 267/396/4 271/3775/4 269/29/4
f 270/397/1 266/407/1 265/398/1
f 258/400/6 260/3776/6 259/401/6
f 272/402/3 270/397/3 269/399/3
f 264/368/3 262/405/3 261/404/3
f 262/405/1 258/3777/1 257/212/1
f 263/406/4 261/3778/4 257/398/4
f 260/408/5 258/3779/5 262/409/5
f 266/410/6 268/3780/6 267/411/6
f 285/413/7 293/440/7 296/414/7
f 279/416/1 287/423/1 282/417/1
f 275/419/2 283/3781/2 286/420/2
f 280/422/8 288/3782/8 287/423/8
f 276/424/9 284/3783/9 283/425/9
f 277/427/3 285/433/3 288/428/3
f 273/430/6 281/435/6 284/431/6
f 278/421/10 286/420/10 285/433/10
f 274/434/11 282/3784/11 281/435/11
f 281/436/12 289/442/12 292/437/12
f 286/439/13 294/446/13 293/440/13
f 282/441/14 290/444/14 289/442/14
f 287/443/15 295/447/15 290/444/15
f 283/445/16 291/448/16 294/446/16
f 287/443/17 288/415/17 296/414/17
f 283/445/18 284/438/18 292/437/18
f 274/450/4 273/3785/4 276/3786/4
f 276/3786/4 275/3787/4 274/450/4
f 275/3787/4 278/451/4 274/450/4
f 278/451/4 277/3788/4 280/3789/4
f 280/3789/4 279/449/4 278/451/4
f 298/452/19 306/3790/19 305/453/19
f 325/455/1 310/3791/1 302/456/1
f 311/458/2 308/3792/2 300/459/2
f 302/456/20 310/3791/20 309/461/20
f 300/463/21 308/3793/21 307/464/21
f 309/466/3 312/3794/3 304/467/3
f 307/469/6 306/3790/6 298/452/6
f 304/467/22 312/3794/22 311/458/22
f 297/471/5 313/489/5 314/472/5
f 324/474/5 302/481/5 318/475/5
f 300/477/5 316/483/5 319/478/5
f 301/480/5 317/485/5 318/475/5
f 299/482/5 315/486/5 316/483/5
f 304/484/5 320/487/5 317/485/5
f 298/473/5 314/472/5 315/486/5
f 303/479/5 319/478/5 320/487/5
f 321/488/5 323/3795/5 313/489/5
f 305/490/1 322/3796/1 321/491/1
f 326/492/6 328/3797/6 325/493/6
f 323/495/3 321/3798/3 322/496/3
f 330/498/3 332/1278/3 331/499/3
f 336/501/6 334/3799/6 333/502/6
f 334/504/2 330/498/2 329/500/2
f 335/506/4 333/3800/4 329/507/4
f 338/509/3 340/3801/3 339/510/3
f 343/512/6 344/3802/6 342/513/6
f 336/515/5 332/3803/5 330/516/5
f 342/518/2 338/509/2 337/511/2
f 343/520/225 341/3804/225 337/521/225
f 346/523/3 348/3805/3 347/524/3
f 351/526/6 352/3806/6 350/527/6
f 344/529/226 340/3807/226 338/530/226
f 349/532/2 350/3808/2 346/523/2
f 347/533/227 351/3809/227 349/534/227
f 348/536/228 346/1179/228 350/537/228
f 354/539/3 356/986/3 355/540/3
f 360/542/6 358/3810/6 357/543/6
f 358/545/2 354/1490/2 353/546/2
f 359/548/4 357/3811/4 353/549/4
f 361/551/3 362/561/3 364/552/3
f 367/554/6 368/3812/6 366/555/6
f 360/557/229 356/1540/229 354/558/229
f 365/560/2 366/3813/2 362/561/2
f 363/562/230 367/3814/230 365/563/230
f 370/565/3 372/3815/3 371/566/3
f 375/568/6 376/1356/6 374/569/6
f 368/571/5 364/1588/5 362/572/5
f 374/574/2 370/565/2 369/567/2
f 375/576/4 373/3816/4 369/577/4
f 372/579/231 370/3817/231 374/580/231
f 378/582/3 380/3818/3 379/583/3
f 383/585/6 384/3819/6 382/586/6
f 382/588/2 378/582/2 377/584/2
f 383/590/232 381/3820/232 377/591/232
f 386/593/3 388/3821/3 387/594/3
f 391/596/6 392/3822/6 390/597/6
f 380/598/233 378/979/233 382/599/233
f 390/601/2 386/3823/2 385/602/2
f 387/604/234 391/3824/234 389/605/234
f 394/607/3 396/3825/3 395/608/3
f 399/610/6 400/3826/6 398/611/6
f 392/613/235 388/3827/235 386/614/235
f 398/616/2 394/607/2 393/609/2
f 399/618/4 397/3828/4 393/619/4
f 396/621/236 394/3829/236 398/622/236
f 402/623/3 404/3830/3 403/624/3
f 408/626/6 406/3831/6 405/627/6
f 405/629/2 406/3832/2 402/630/2
f 407/632/237 405/737/237 401/633/237
f 410/635/3 412/3833/3 411/636/3
f 415/638/6 416/3834/6 414/639/6
f 404/641/238 402/3835/238 406/642/238
f 413/644/2 414/570/2 410/645/2
f 411/647/239 415/3836/239 413/648/239
f 418/650/3 420/3837/3 419/651/3
f 424/653/6 422/3838/6 421/654/6
f 412/656/240 410/3839/240 414/657/240
f 421/659/2 422/3840/2 418/660/2
f 423/662/241 421/3841/241 417/663/241
f 424/665/5 420/3842/5 418/666/5
f 426/668/3 428/1251/3 427/669/3
f 431/671/6 432/3843/6 430/672/6
f 430/674/2 426/504/2 425/675/2
f 427/677/242 431/3844/242 429/678/242
f 434/680/3 436/3845/3 435/681/3
f 439/683/6 440/3846/6 438/684/6
f 432/686/243 428/793/243 426/687/243
f 438/689/2 434/1600/2 433/690/2
f 435/692/244 439/3847/244 437/679/244
f 442/694/3 444/3848/3 443/695/3
f 447/697/6 448/3849/6 446/698/6
f 440/700/245 436/3850/245 434/701/245
f 446/703/2 442/3851/2 441/704/2
f 443/706/246 447/3852/246 445/707/246
f 448/709/247 444/3853/247 442/710/247
f 450/712/3 452/3854/3 451/713/3
f 455/715/6 456/3855/6 454/716/6
f 454/718/2 450/3856/2 449/719/2
f 451/721/4 455/3857/4 453/722/4
f 458/724/3 460/3858/3 459/725/3
f 464/727/6 462/1538/6 461/728/6
f 456/730/248 452/3859/248 450/731/248
f 461/733/2 462/3860/2 458/734/2
f 463/736/249 461/3861/249 457/737/249
f 465/739/3 466/3862/3 468/740/3
f 472/742/6 470/640/6 469/743/6
f 460/745/5 458/3863/5 462/746/5
f 470/748/2 466/993/2 465/749/2
f 467/708/4 471/1597/4 469/751/4
f 468/753/5 466/3864/5 470/754/5
f 474/756/3 476/3865/3 475/757/3
f 480/759/6 478/1138/6 477/760/6
f 478/762/2 474/907/2 473/763/2
f 479/765/250 477/3866/250 473/766/250
f 482/768/3 484/3867/3 483/769/3
f 488/771/6 486/3868/6 485/772/6
f 476/774/251 474/3869/251 478/775/251
f 485/776/2 486/3870/2 482/768/2
f 487/777/252 485/3871/252 481/778/252
f 490/780/3 492/3872/3 491/781/3
f 496/783/6 494/1690/6 493/784/6
f 488/786/253 484/3873/253 482/787/253
f 493/789/2 494/3874/2 490/790/2
f 491/792/254 495/3875/254 493/793/254
f 492/795/255 490/3876/255 494/796/255
f 497/798/3 498/3877/3 500/799/3
f 503/801/6 504/1742/6 502/802/6
f 502/804/2 498/3877/2 497/798/2
f 499/806/256 503/3878/256 501/807/256
f 506/809/3 508/3879/3 507/810/3
f 511/812/6 512/3880/6 510/813/6
f 500/815/257 498/1169/257 502/816/257
f 509/818/2 510/618/2 506/809/2
f 511/819/258 509/3881/258 505/820/258
f 514/822/3 516/3882/3 515/823/3
f 519/825/6 520/3883/6 518/826/6
f 508/828/5 506/3884/5 510/829/5
f 518/830/2 514/822/2 513/824/2
f 519/832/4 517/3885/4 513/833/4
f 520/835/259 516/3886/259 514/836/259
f 508/838/1 512/3887/1 511/839/1
f 331/841/1 332/3888/1 336/501/1
f 348/842/1 352/3806/1 351/526/1
f 522/844/2 524/3889/2 523/845/2
f 528/847/1 526/3890/1 525/848/1
f 526/850/6 522/3891/6 521/851/6
f 527/853/4 525/3892/4 521/854/4
f 530/856/2 532/3893/2 531/857/2
f 535/859/1 536/3894/1 534/860/1
f 524/862/5 522/3895/5 526/863/5
f 534/865/6 530/3896/6 529/866/6
f 535/868/260 533/3897/260 529/869/260
f 538/871/2 540/1170/2 539/872/2
f 543/874/1 544/3898/1 542/875/1
f 536/877/261 532/3899/261 530/777/261
f 541/879/6 542/3900/6 538/880/6
f 539/882/262 543/3901/262 541/883/262
f 540/885/263 538/3902/263 542/886/263
f 546/888/2 548/3903/2 547/889/2
f 552/891/1 550/3904/1 549/892/1
f 550/894/6 546/3905/6 545/895/6
f 551/897/4 549/3906/4 545/898/4
f 553/900/2 554/3907/2 556/901/2
f 559/903/1 560/3908/1 558/904/1
f 552/906/264 548/3909/264 546/907/264
f 557/905/6 558/904/6 554/909/6
f 555/911/265 559/3910/265 557/912/265
f 562/914/2 564/3911/2 563/915/2
f 567/917/1 568/3912/1 566/918/1
f 560/920/5 556/3913/5 554/921/5
f 566/923/6 562/3914/6 561/924/6
f 567/926/4 565/3915/4 561/927/4
f 564/929/266 562/3916/266 566/930/266
f 570/932/2 572/3917/2 571/933/2
f 575/935/1 576/3918/1 574/936/1
f 574/936/6 570/3919/6 569/938/6
f 575/939/267 573/1083/267 569/940/267
f 578/942/2 580/3920/2 579/943/2
f 583/945/1 584/3921/1 582/946/1
f 572/948/268 570/3922/268 574/949/268
f 582/951/6 578/3923/6 577/952/6
f 579/954/269 583/3924/269 581/955/269
f 586/957/2 588/3925/2 587/958/2
f 591/960/1 592/3926/1 590/961/1
f 584/963/270 580/3927/270 578/649/270
f 590/961/6 586/3928/6 585/965/6
f 591/658/4 589/3929/4 585/966/4
f 588/530/271 586/3930/271 590/968/271
f 594/970/2 596/3931/2 595/971/2
f 600/973/1 598/3932/1 597/974/1
f 597/976/6 598/3933/6 594/977/6
f 599/979/272 597/598/272 593/980/272
f 602/982/2 604/996/2 603/983/2
f 607/984/1 608/3934/1 606/985/1
f 596/987/273 594/3935/273 598/988/273
f 605/990/6 606/1585/6 602/991/6
f 603/794/274 607/3936/274 605/993/274
f 610/995/2 612/3937/2 611/996/2
f 616/997/1 614/3938/1 613/998/1
f 604/1000/275 602/3939/275 606/1001/275
f 613/1003/6 614/3940/6 610/1004/6
f 615/1006/276 613/3941/276 609/1007/276
f 616/1009/5 612/3942/5 610/1010/5
f 618/1012/2 620/3943/2 619/1013/2
f 623/1015/1 624/3944/1 622/1016/1
f 622/1018/6 618/924/6 617/880/6
f 619/1020/277 623/3945/277 621/1021/277
f 626/1023/2 628/1222/2 627/1024/2
f 631/1026/1 632/3946/1 630/1027/1
f 624/1029/278 620/3947/278 618/720/278
f 630/1027/6 626/3948/6 625/1031/6
f 627/1032/279 631/3949/279 629/1033/279
f 634/1035/2 636/3950/2 635/1036/2
f 639/1038/1 640/3951/1 638/1039/1
f 632/1041/280 628/3952/280 626/1042/280
f 638/1044/6 634/3953/6 633/1045/6
f 635/1047/281 639/3954/281 637/1048/281
f 640/1050/282 636/3955/282 634/1051/282
f 642/1053/2 644/3956/2 643/625/2
f 647/1055/1 648/3957/1 646/1056/1
f 646/1056/6 642/3958/6 641/1058/6
f 643/1059/4 647/3959/4 645/1060/4
f 650/1062/2 652/3883/2 651/1063/2
f 656/1065/1 654/1730/1 653/1066/1
f 648/1068/283 644/3960/283 642/1069/283
f 653/1071/6 654/3857/6 650/1072/6
f 655/1074/284 653/3961/284 649/1075/284
f 657/1077/2 658/3904/2 660/891/2
f 664/1079/1 662/1084/1 661/1080/1
f 652/1082/5 650/3962/5 654/1083/5
f 662/1084/6 658/3963/6 657/1085/6
f 659/833/4 663/3964/4 661/1086/4
f 660/755/5 658/3965/5 662/1088/5
f 666/1089/2 668/3966/2 667/1090/2
f 672/1092/1 670/3967/1 669/1093/1
f 670/1095/6 666/3968/6 665/1096/6
f 671/1034/285 669/3969/285 665/1098/285
f 674/1100/2 676/3970/2 675/1101/2
f 680/1103/1 678/3971/1 677/1104/1
f 668/807/286 666/3972/286 670/1020/286
f 677/1107/6 678/753/6 674/1108/6
f 679/1110/287 677/3973/287 673/1111/287
f 682/1113/2 684/3974/2 683/1114/2
f 688/1116/1 686/783/1 685/1117/1
f 680/1119/288 676/3975/288 674/1120/288
f 685/1122/6 686/3976/6 682/1047/6
f 683/1124/289 687/3977/289 685/1125/289
f 684/546/290 682/3978/290 686/688/290
f 689/1128/2 690/3979/2 692/1129/2
f 695/1131/1 696/3980/1 694/1132/1
f 694/1134/6 690/3979/6 689/1128/6
f 691/898/291 695/3981/291 693/1136/291
f 698/1138/2 700/3982/2 699/1139/2
f 703/1141/1 704/3983/1 702/1142/1
f 692/1144/292 690/3984/292 694/1145/292
f 701/1143/6 702/1142/6 698/1146/6
f 703/1148/293 701/3985/293 697/710/293
f 706/1150/2 708/3986/2 707/1151/2
f 711/1153/1 712/3987/1 710/1154/1
f 700/1156/5 698/1427/5 702/1157/5
f 710/1159/6 706/1150/6 705/1152/6
f 711/1161/4 709/3977/4 705/1124/4
f 712/1163/294 708/1178/294 706/1164/294
f 700/1166/3 704/3988/3 703/1167/3
f 523/845/3 524/3889/3 528/1169/3
f 540/1170/3 544/3989/3 543/1171/3
f 714/1172/1 716/3990/1 715/1173/1
f 719/1175/2 720/3991/2 718/1176/2
f 718/1178/3 714/1172/3 713/1174/3
f 719/1179/295 717/3992/295 713/1180/295
f 722/1181/1 724/3993/1 723/1182/1
f 727/556/2 728/3994/2 726/1184/2
f 716/1186/5 714/1093/5 718/1187/5
f 726/1189/3 722/3995/3 721/1190/3
f 727/1192/296 725/3996/296 721/1193/296
f 729/1195/1 730/1205/1 732/1196/1
f 735/1198/2 736/3997/2 734/1199/2
f 728/1201/297 724/3998/297 722/1202/297
f 733/1204/3 734/3999/3 730/1205/3
f 731/1206/298 735/1064/298 733/1207/298
f 736/1209/299 732/4000/299 730/1210/299
f 738/1212/1 740/920/1 739/922/1
f 743/1214/2 744/4001/2 742/1215/2
f 742/1217/3 738/1212/3 737/1213/3
f 739/1219/300 743/1492/300 741/1186/300
f 745/1220/1 746/4002/1 748/1221/1
f 751/1223/2 752/4003/2 750/1224/2
f 740/1226/5 738/4004/5 742/1227/5
f 749/1225/3 750/1224/3 746/1229/3
f 747/1231/301 751/4005/301 749/1232/301
f 753/1234/1 754/4006/1 756/1235/1
f 759/1237/2 760/4007/2 758/1238/2
f 752/1240/5 748/4008/5 746/913/5
f 758/1242/3 754/4006/3 753/1234/3
f 755/1244/302 759/4009/302 757/1245/302
f 756/1246/303 754/4010/303 758/1247/303
f 761/1249/1 762/4011/1 764/1250/1
f 767/1022/2 768/4012/2 766/1252/2
f 766/1252/3 762/4013/3 761/1254/3
f 763/507/304 767/4014/304 765/1255/304
f 770/1257/1 772/4015/1 771/1258/1
f 775/1260/2 776/4016/2 774/1013/2
f 764/1261/305 762/1714/305 766/1262/305
f 774/1264/3 770/1257/3 769/1259/3
f 771/1266/306 775/4017/306 773/1267/306
f 778/1269/1 780/4018/1 779/1270/1
f 783/1272/2 784/4019/2 782/1273/2
f 776/1275/307 772/1267/307 770/1276/307
f 782/1273/3 778/4020/3 777/1278/3
f 779/1279/308 783/1406/308 781/1280/308
f 784/1282/309 780/1466/309 778/1283/309
f 786/1285/1 788/4021/1 787/1286/1
f 791/1288/2 792/4020/2 790/1289/2
f 789/1290/3 790/1289/3 786/1291/3
f 787/1293/310 791/4022/310 789/1294/310
f 794/516/1 796/4023/1 795/1296/1
f 799/1298/2 800/3867/2 798/1299/2
f 792/1301/311 788/4024/311 786/1295/311
f 797/1300/3 798/1299/3 794/1302/3
f 795/1304/312 799/4025/312 797/1305/312
f 802/1307/1 804/4026/1 803/1308/1
f 808/1310/2 806/4027/2 805/1311/2
f 796/1069/313 794/4028/313 798/1313/313
f 805/1311/3 806/4027/3 802/1315/3
f 807/1317/314 805/4029/314 801/1318/314
f 808/1024/315 804/4030/315 802/1320/315
f 810/1322/1 812/4031/1 811/1323/1
f 816/1325/2 814/1328/2 813/1326/2
f 814/1328/3 810/4032/3 809/615/3
f 815/850/316 813/1397/316 809/1329/316
f 818/1331/1 820/4033/1 819/1332/1
f 823/1334/2 824/1573/2 822/1335/2
f 812/1337/317 810/4034/317 814/1338/317
f 822/1335/3 818/4035/3 817/1340/3
f 819/1341/318 823/4036/318 821/1342/318
f 826/1344/1 828/4037/1 827/1345/1
f 832/1347/2 830/1353/2 829/1348/2
f 824/1350/319 820/4038/319 818/1351/319
f 830/1353/3 826/4039/3 825/1354/3
f 831/1355/4 829/1321/4 825/1320/4
f 828/1357/320 826/4040/320 830/1358/320
f 834/1360/1 836/4041/1 835/1361/1
f 839/1363/2 840/4042/2 838/1364/2
f 838/1364/3 834/4043/3 833/1366/3
f 835/1227/321 839/4004/321 837/1367/321
f 842/1369/1 844/4044/1 843/1370/1
f 848/1371/2 846/1078/2 845/1372/2
f 840/1374/322 836/4045/322 834/1375/322
f 845/1377/3 846/3834/3 842/955/3
f 847/1379/323 845/4046/323 841/1380/323
f 850/1382/1 852/4047/1 851/1383/1
f 855/1385/2 856/4048/2 854/1386/2
f 844/1388/5 842/3953/5 846/1389/5
f 854/1386/3 850/4049/3 849/1391/3
f 851/1392/324 855/4050/324 853/1393/324
f 856/1395/325 852/4051/325 850/1396/325
f 857/1398/1 858/4052/1 860/1399/1
f 864/1401/2 862/4053/2 861/1402/2
f 862/1404/3 858/4052/3 857/1398/3
f 859/1406/4 863/4054/4 861/1040/4
f 866/1408/1 868/4055/1 867/1102/1
f 872/1105/2 870/4056/2 869/1410/2
f 860/894/326 858/1450/326 862/1411/326
f 869/1413/3 870/4057/3 866/1414/3
f 871/502/327 869/3799/327 865/1415/327
f 873/1417/1 874/1425/1 876/1418/1
f 880/812/2 878/4058/2 877/1419/2
f 872/1421/328 868/4059/328 866/1422/328
f 877/1424/3 878/4060/3 874/1425/3
f 879/1426/329 877/4061/329 873/1427/329
f 876/1429/330 874/4062/330 878/1430/330
f 881/1432/1 882/4063/1 884/1433/1
f 887/1435/2 888/4064/2 886/1436/2
f 886/1438/3 882/4065/3 881/1439/3
f 883/1440/331 887/4066/331 885/1441/331
f 890/1443/1 892/4067/1 891/1444/1
f 895/1446/2 896/4068/2 894/1447/2
f 884/1449/332 882/1411/332 886/1450/332
f 893/1452/3 894/4069/3 890/1443/3
f 895/1453/333 893/4070/333 889/1454/333
f 898/1456/1 900/4071/1 899/1457/1
f 903/1459/2 904/4072/2 902/1460/2
f 892/1462/5 890/4073/5 894/1463/5
f 902/1465/3 898/1210/3 897/1466/3
f 899/1468/334 903/934/334 901/1469/334
f 904/1471/335 900/4074/335 898/1472/335
f 732/1474/6 736/4075/6 735/1475/6
f 716/1477/6 720/4076/6 719/1478/6
f 892/1480/6 896/4077/6 895/1481/6
f 906/1483/6 908/4078/6 907/1484/6
f 912/1486/3 910/4079/3 909/1487/3
f 910/1489/1 906/4080/1 905/1490/1
f 911/1491/4 909/4081/4 905/655/4
f 914/1493/6 916/1308/6 915/1494/6
f 919/1495/3 920/4082/3 918/1496/3
f 912/1498/5 908/4083/5 906/1499/5
f 918/1501/1 914/4084/1 913/1502/1
f 919/1504/336 917/4085/336 913/1505/336
f 922/1488/6 924/4086/6 923/1507/6
f 927/1509/3 928/4087/3 926/1510/3
f 920/1512/337 916/4088/337 914/1513/337
f 925/1515/1 926/4089/1 922/1516/1
f 923/1517/338 927/4090/338 925/1518/338
f 924/1280/339 922/4091/339 926/1520/339
f 930/1522/6 932/4092/6 931/1523/6
f 936/1525/3 934/4093/3 933/1526/3
f 934/1528/1 930/1522/1 929/1524/1
f 935/1530/4 933/548/4 929/1531/4
f 937/1533/6 938/4094/6 940/1534/6
f 943/1536/3 944/4095/3 942/1537/3
f 936/737/340 932/4096/340 930/1539/340
f 941/1541/1 942/1552/1 938/1542/1
f 939/1544/341 943/4097/341 941/1545/341
f 946/1547/6 948/4098/6 947/1548/6
f 951/1550/3 952/4099/3 950/1551/3
f 944/1553/5 940/4100/5 938/1554/5
f 950/1556/1 946/1547/1 945/1549/1
f 951/1558/4 949/4101/4 945/1559/4
f 948/1561/342 946/4102/342 950/1562/342
f 954/1564/6 956/4103/6 955/1565/6
f 959/1567/3 960/4104/3 958/1568/3
f 958/1570/1 954/1545/1 953/1571/1
f 959/1573/343 957/4105/343 953/1574/343
f 962/1576/6 964/1332/6 963/1577/6
f 967/1579/3 968/4106/3 966/1580/3
f 956/1581/344 954/4107/344 958/1582/344
f 966/1584/1 962/699/1 961/1585/1
f 963/1587/345 967/4108/345 965/1588/345
f 970/1590/6 972/4109/6 971/1591/6
f 975/1593/3 976/773/3 974/1594/3
f 968/1596/346 964/751/346 962/1597/346
f 974/1599/1 970/4110/1 969/1600/1
f 975/1602/4 973/4111/4 969/1603/4
f 972/1605/347 970/4112/347 974/1606/347
f 978/1608/6 980/4113/6 979/1609/6
f 983/1611/3 984/4114/3 982/1612/3
f 982/1614/1 978/4115/1 977/1615/1
f 979/1617/348 983/4116/348 981/1618/348
f 984/1620/349 980/4117/349 978/1073/349
f 986/1622/6 988/1376/6 987/1623/6
f 991/1535/3 992/4118/3 990/1625/3
f 990/1627/1 986/4119/1 985/1628/1
f 987/1630/4 991/790/4 989/1631/4
f 994/1633/6 996/4120/6 995/1634/6
f 1000/1636/3 998/4121/3 997/1637/3
f 992/1638/350 988/4122/350 986/1639/350
f 997/1641/1 998/4123/1 994/1642/1
f 999/1644/351 997/4124/351 993/1645/351
f 1001/1647/6 1002/4125/6 1004/1648/6
f 1008/1650/3 1006/4126/3 1005/1651/3
f 1000/1653/5 996/4127/5 994/1654/5
f 1006/1656/1 1002/4128/1 1001/1657/1
f 1003/1659/4 1007/1697/4 1005/1632/4
f 1004/1660/5 1002/4129/5 1006/1638/5
f 1010/1662/6 1012/4130/6 1011/1663/6
f 1016/1665/3 1014/4131/3 1013/782/3
f 1014/1667/1 1010/4132/1 1009/1668/1
f 1015/1670/352 1013/4133/352 1009/1671/352
f 1018/1673/6 1020/1650/6 1019/1674/6
f 1024/1676/3 1022/4134/3 1021/1677/3
f 1012/1679/353 1010/4135/353 1014/721/353
f 1021/1681/1 1022/4136/1 1018/1682/1
f 1023/1684/354 1021/4137/354 1017/1685/354
f 1026/1687/6 1028/4138/6 1027/1688/6
f 1032/1690/3 1030/4139/3 1029/1691/3
f 1024/1693/355 1020/4140/355 1018/1694/355
f 1029/1696/1 1030/4141/1 1026/1697/1
f 1027/1699/356 1031/1539/356 1029/1700/356
f 1028/737/357 1026/4142/357 1030/1702/357
f 1033/1704/6 1034/4143/6 1036/1705/6
f 1039/1707/3 1040/4144/3 1038/1708/3
f 1038/1708/1 1034/4145/1 1033/1710/1
f 1035/1711/358 1039/4146/358 1037/1712/358
f 1042/1713/6 1044/4147/6 1043/1714/6
f 1047/1716/3 1048/4148/3 1046/1717/3
f 1036/950/359 1034/4149/359 1038/1719/359
f 1045/1718/1 1046/1717/1 1042/1721/1
f 1047/1723/360 1045/828/360 1041/1724/360
f 1050/1726/6 1052/4150/6 1051/1727/6
f 1055/1728/3 1056/4151/3 1054/1729/3
f 1044/1725/5 1042/1724/5 1046/1731/5
f 1054/1733/1 1050/4152/1 1049/1734/1
f 1055/1736/4 1053/4153/4 1049/1737/4
f 1056/1642/361 1052/877/361 1050/1739/361
f 1044/1740/2 1048/4154/2 1047/1741/2
f 907/1743/2 908/693/2 912/1744/2
f 924/1746/2 928/4155/2 927/1747/2
f 1058/1749/362 1060/4156/362 1059/1750/362
f 1059/1752/2 1060/4157/2 1076/1753/2
f 1074/1755/363 1058/4158/363 1057/1756/363
f 1075/1758/364 1073/4159/364 1057/1759/364
f 1060/1761/365 1058/4160/365 1074/1762/365
f 1062/1764/4 1064/4161/4 1063/1765/4
f 1063/1767/2 1064/4162/2 1068/1768/2
f 1068/1770/5 1066/4163/5 1065/1771/5
f 1065/1773/181 1066/4164/181 1062/1774/181
f 1067/1776/366 1065/1808/366 1061/1777/366
f 1068/1779/367 1064/4165/367 1062/1780/367
f 1071/1782/368 1072/1785/368 1070/1783/368
f 1071/1782/2 1075/1754/2 1076/1753/2
f 1073/1786/6 1074/4166/6 1076/1787/6
f 1069/1789/369 1070/4167/369 1074/1790/369
f 1069/1792/370 1073/4159/370 1075/1758/370
f 1074/1762/371 1070/4168/371 1072/1794/371
f 1079/1795/4 1080/4169/4 1078/1796/4
f 1079/1798/2 1083/4162/2 1084/1799/2
f 1081/1801/5 1082/4170/5 1084/1802/5
f 1081/1804/372 1077/4171/372 1078/1774/372
f 1077/1806/373 1081/4172/373 1083/1807/373
f 1084/1780/374 1082/4173/374 1078/1809/374
f 1091/4174/375 1092/1813/375 1120/1812/375
f 1092/1813/376 1089/4175/376 1105/4176/376
f 1089/4175/377 1090/4177/377 1105/4176/377
f 1105/4176/378 1104/1811/378 1092/1813/378
f 1104/1811/379 1094/4178/379 1120/1812/379
f 1094/4178/380 1116/4179/380 1120/1812/380
f 1089/1814/6 1092/4180/6 1095/1815/6
f 1107/1817/1 1105/1853/1 1090/1818/1
f 1092/1820/21 1091/4181/21 1098/1821/21
f 1090/1823/19 1089/1814/19 1096/1816/19
f 1125/1825/1 1116/1870/1 1094/1826/1
f 1091/1828/2 1120/4182/2 1127/1829/2
f 1098/1830/2 1127/1829/2 1119/1831/2
f 1093/1833/3 1100/4183/3 1101/1834/3
f 1097/1824/19 1096/1816/19 1086/1836/19
f 1095/1822/21 1098/1821/21 1088/1838/21
f 1107/1817/1 1097/1819/1 1085/1840/1
f 1096/1816/6 1095/1815/6 1087/1842/6
f 1128/1843/1 1101/4184/1 1100/1844/1
f 1099/1846/4 1101/4185/4 1128/1847/4
f 1099/1827/1 1106/1852/1 1102/1849/1
f 1099/1827/1 1094/1826/1 1104/1851/1
f 1106/1852/1 1104/1851/1 1105/1853/1
f 1107/1817/1 1103/1841/1 1102/1849/1
f 1103/4186/4 1085/4187/4 1086/4188/4
f 1086/4188/4 1087/1855/4 1103/4186/4
f 1087/1855/4 1088/4189/4 1119/1889/4
f 1103/4186/4 1087/1855/4 1102/1854/4
f 1119/1889/4 1129/4190/4 1100/1856/4
f 1100/1856/4 1093/4191/4 1102/1854/4
f 1119/1889/4 1100/1856/4 1087/1855/4
f 1112/4192/381 1115/1858/381 1135/4193/381
f 1115/1858/382 1114/4194/382 1120/1812/382
f 1135/4193/383 1115/1858/383 1134/1857/383
f 1120/1812/384 1116/4179/384 1118/4195/384
f 1120/1812/385 1118/4195/385 1134/1857/385
f 1113/4196/386 1112/4192/386 1135/4193/386
f 1121/1859/3 1115/1866/3 1112/1860/3
f 1137/1862/1 1123/1868/1 1113/1863/1
f 1124/1865/22 1114/1871/22 1115/1866/22
f 1122/1867/20 1112/4197/20 1113/1863/20
f 1125/1825/1 1126/1884/1 1118/1869/1
f 1127/1829/2 1120/4182/2 1114/1871/2
f 1119/1831/2 1127/1829/2 1124/1865/2
f 1131/1873/6 1130/4198/6 1117/1874/6
f 1109/1876/20 1122/1867/20 1123/1868/20
f 1111/1872/22 1124/1865/22 1121/1859/22
f 1108/1877/1 1123/1868/1 1137/1862/1
f 1110/1878/3 1121/1859/3 1122/1861/3
f 1130/1881/1 1131/4199/1 1128/1843/1
f 1128/1847/4 1131/4200/4 1126/1882/4
f 1132/1883/1 1136/1887/1 1126/1884/1
f 1126/1884/1 1136/1887/1 1134/1886/1
f 1136/1887/1 1137/1862/1 1135/1864/1
f 1132/1883/1 1133/1879/1 1137/1862/1
f 1109/4201/4 1108/4202/4 1133/4203/4
f 1132/4204/4 1117/4205/4 1130/1888/4
f 1109/4201/4 1133/4203/4 1110/1890/4
f 1133/4203/4 1132/4204/4 1110/1890/4
f 1110/1890/4 1132/4204/4 1130/1888/4
f 1111/4206/4 1110/1890/4 1119/1889/4
f 1129/4190/4 1119/1889/4 1130/1888/4
f 1143/1891/1 1146/4207/1 1142/1892/1
f 1143/1894/5 1144/4208/5 1145/1895/5
f 1162/1897/1 1153/1928/1 1138/1898/1
f 1142/1899/4 1147/4209/4 1141/1900/4
f 1158/1902/3 1156/4210/3 1155/1903/3
f 1162/1897/1 1143/1891/1 1140/1893/1
f 1140/1906/6 1141/2224/6 1148/1907/6
f 1157/1905/1 1140/1893/1 1139/1909/1
f 1167/1911/1 1165/4211/1 1158/1912/1
f 1144/1914/1 1151/4212/1 1150/1915/1
f 1138/1917/6 1151/4213/6 1144/1918/6
f 1156/1920/1 1159/4214/1 1164/1921/1
f 1155/1923/1 1156/1920/1 1157/1905/1
f 1163/1924/5 1161/4215/5 1160/1925/5
f 1162/1897/1 1160/1922/1 1154/1927/1
f 1158/1929/4 1165/4216/4 1159/1930/4
f 1141/1932/1 1147/4217/1 1149/1933/1
f 1157/1905/1 1156/1920/1 1160/1922/1
f 1161/1935/1 1163/4218/1 1168/1936/1
f 1161/1938/3 1169/4219/3 1154/1939/3
f 1171/1941/1 1177/1948/1 1181/1942/1
f 1170/1944/1 1176/4220/1 1179/1945/1
f 1171/1941/1 1172/1953/1 1178/1947/1
f 1180/1949/1 1176/4220/1 1170/1944/1
f 1175/1943/1 1181/1942/1 1180/1949/1
f 1173/1946/1 1179/1945/1 1204/1951/1
f 1172/1953/1 1197/2000/1 1205/1954/1
f 1178/1955/185 1184/1967/185 1183/1956/185
f 1186/1958/6 1182/4221/6 1176/1959/6
f 1187/1961/6 1186/1958/6 1180/1960/6
f 1179/1963/186 1185/1971/186 1212/1964/186
f 1205/1966/187 1213/4222/187 1184/1967/187
f 1183/1968/6 1187/1961/6 1181/1962/6
f 1176/1970/188 1182/4223/188 1185/1971/188
f 1175/1972/3 1193/1984/3 1189/1973/3
f 1173/1975/189 1191/1986/189 1188/1976/189
f 1171/1978/190 1189/4224/190 1190/1979/190
f 1170/1981/3 1188/4225/3 1192/1982/3
f 1174/1983/3 1192/1982/3 1193/1984/3
f 1196/1985/189 1220/4226/189 1191/1986/189
f 1172/1980/190 1190/1979/190 1221/1987/190
f 1195/1989/1 1201/1999/1 1209/1990/1
f 1207/1992/1 1202/2256/1 1194/1993/1
f 1195/1989/1 1203/1991/1 1206/1995/1
f 1194/1993/1 1202/2256/1 1208/1997/1
f 1201/1999/1 1200/1998/1 1208/1997/1
f 1204/1951/1 1207/1992/1 1199/1994/1
f 1198/1996/1 1206/1995/1 1205/1954/1
f 1211/2001/189 1214/2010/189 1206/2002/189
f 1202/2004/3 1210/4227/3 1216/2005/3
f 1208/2006/3 1216/2005/3 1217/2007/3
f 1212/1964/191 1215/2013/191 1207/2009/191
f 1214/2010/192 1213/4222/192 1205/1966/192
f 1209/2008/3 1217/2007/3 1211/2011/3
f 1215/2013/190 1210/4228/190 1202/2014/190
f 1219/2015/6 1225/2027/6 1201/2016/6
f 1218/2018/185 1223/2028/185 1199/2019/185
f 1222/2021/188 1219/2483/188 1195/2022/188
f 1224/2024/6 1218/4229/6 1194/2025/6
f 1225/2027/6 1224/2024/6 1200/2026/6
f 1223/2028/185 1220/4226/185 1196/1985/185
f 1221/1987/188 1222/2021/188 1198/2023/188
f 1227/2029/1 1235/2036/1 1239/2030/1
f 1226/2032/1 1234/4230/1 1237/2033/1
f 1227/2029/1 1228/2045/1 1236/2035/1
f 1240/2037/1 1241/2044/1 1233/2038/1
f 1231/2031/1 1239/2030/1 1238/2040/1
f 1229/2034/1 1237/2033/1 1270/2042/1
f 1241/2044/1 1234/4230/1 1226/2032/1
f 1230/2041/1 1238/2040/1 1240/2037/1
f 1228/2045/1 1261/2104/1 1271/2046/1
f 1236/2047/185 1244/2063/185 1243/2048/185
f 1248/2050/6 1249/2059/6 1241/2051/6
f 1247/2053/6 1246/2061/6 1238/2054/6
f 1237/2056/186 1245/2067/186 1280/2057/186
f 1249/2059/6 1242/4231/6 1234/2060/6
f 1246/2061/6 1248/2050/6 1240/2052/6
f 1271/2062/187 1281/4232/187 1244/2063/187
f 1243/2064/6 1247/2053/6 1239/2055/6
f 1234/2066/188 1242/4233/188 1245/2067/188
f 1231/2068/3 1255/2081/3 1251/2069/3
f 1229/2071/189 1253/2083/189 1250/2072/189
f 1227/2074/190 1251/4234/190 1252/2075/190
f 1233/2077/3 1257/2085/3 1256/2078/3
f 1230/2080/3 1254/2086/3 1255/2081/3
f 1260/2082/189 1290/4235/189 1253/2083/189
f 1226/2084/3 1250/4236/3 1257/2085/3
f 1232/2079/3 1256/2078/3 1254/2086/3
f 1228/2076/190 1252/2075/190 1291/2087/190
f 1259/2089/1 1265/2100/1 1275/2090/1
f 1273/2092/1 1268/4237/1 1258/2093/1
f 1259/2089/1 1269/2091/1 1272/2095/1
f 1267/2097/1 1277/2102/1 1276/2098/1
f 1265/2100/1 1264/2103/1 1274/2101/1
f 1270/2042/1 1273/2092/1 1263/2094/1
f 1258/2093/1 1268/4237/1 1277/2102/1
f 1264/2103/1 1266/2099/1 1276/2098/1
f 1262/2096/1 1272/2095/1 1271/2046/1
f 1279/2105/189 1282/2118/189 1272/2106/189
f 1277/2108/3 1287/2116/3 1286/2109/3
f 1274/2111/3 1284/2117/3 1285/2112/3
f 1280/2057/191 1283/2121/191 1273/2114/191
f 1268/2115/3 1278/4238/3 1287/2116/3
f 1276/2110/3 1286/2109/3 1284/2117/3
f 1282/2118/192 1281/4232/192 1271/2062/192
f 1275/2113/3 1285/2112/3 1279/2119/3
f 1283/2121/190 1278/4239/190 1268/2122/190
f 1289/2123/6 1295/2135/6 1265/2124/6
f 1288/2126/185 1293/2137/185 1263/2127/185
f 1292/2129/188 1289/4240/188 1259/2130/188
f 1296/2132/6 1297/2138/6 1267/2133/6
f 1295/2135/6 1294/2139/6 1264/2136/6
f 1293/2137/185 1290/4235/185 1260/2082/185
f 1297/2138/6 1288/2070/6 1258/2069/6
f 1294/2139/6 1296/2132/6 1266/2134/6
f 1291/2087/188 1292/2129/188 1262/2131/188
f 1305/2140/1 1309/4241/1 1304/2141/1
f 1318/2143/6 1306/2183/6 1313/2144/6
f 1305/2146/5 1307/4242/5 1308/2147/5
f 1333/2149/1 1321/2188/1 1298/2150/1
f 1304/2151/4 1311/4243/4 1303/2148/4
f 1319/2152/4 1301/4244/4 1306/2153/4
f 1327/2155/1 1300/2142/1 1314/2156/1
f 1314/2158/5 1302/4245/5 1312/2154/5
f 1333/2149/1 1305/2140/1 1300/2142/1
f 1338/2157/1 1314/2156/1 1318/2159/1
f 1314/2156/1 1310/4246/1 1319/2161/1
f 1300/2162/6 1303/4247/6 1302/2163/6
f 1306/2165/1 1301/4248/1 1315/2166/1
f 1307/2168/1 1317/4249/1 1316/2169/1
f 1303/2171/1 1311/4250/1 1312/2172/1
f 1298/2174/6 1317/2475/6 1307/2175/6
f 1343/2160/1 1318/2159/1 1299/2177/1
f 1329/2179/1 1335/4251/1 1330/2180/1
f 1340/2143/3 1331/2446/3 1346/2182/3
f 1334/2184/5 1332/4252/5 1330/2185/5
f 1333/2149/1 1330/2180/1 1322/2187/1
f 1328/2189/4 1337/4253/4 1329/2190/4
f 1331/2192/4 1325/4254/4 1347/2193/4
f 1341/2195/1 1324/2181/1 1327/2155/1
f 1339/2196/5 1326/2216/5 1341/2197/5
f 1324/2181/1 1330/2180/1 1333/2149/1
f 1346/2199/1 1341/2195/1 1338/2157/1
f 1347/2200/1 1336/4255/1 1341/2195/1
f 1326/2144/3 1328/4247/3 1324/2201/3
f 1342/2202/1 1325/4256/1 1331/2165/1
f 1332/2203/1 1334/4257/1 1344/2204/1
f 1339/2206/1 1337/4258/1 1328/2207/1
f 1332/2209/3 1345/4259/3 1322/2210/3
f 1323/2212/1 1346/2199/1 1343/2160/1
f 1350/2213/1 1352/4260/1 1356/2214/1
f 1355/2216/5 1354/4261/5 1353/2217/5
f 1372/2218/1 1353/2215/1 1348/2219/1
f 1351/2221/4 1357/2241/4 1352/2222/4
f 1365/1906/6 1366/1904/6 1368/1903/6
f 1367/2225/1 1350/2213/1 1353/2215/1
f 1358/1902/3 1351/4262/3 1350/2226/3
f 1349/2228/1 1350/2213/1 1367/2225/1
f 1377/2230/1 1376/4263/1 1368/2231/1
f 1354/2233/1 1355/4264/1 1360/2234/1
f 1354/1940/3 1361/4265/3 1348/2235/3
f 1370/2236/1 1374/4266/1 1369/2237/1
f 1367/2225/1 1366/2238/1 1365/2239/1
f 1370/2240/5 1371/4267/5 1373/2222/5
f 1372/2218/1 1363/2220/1 1364/2242/1
f 1369/2243/4 1375/2327/4 1368/2244/4
f 1351/2246/1 1358/4268/1 1359/2247/1
f 1372/2218/1 1370/2236/1 1366/2238/1
f 1371/2249/1 1379/4269/1 1378/2250/1
f 1364/2252/6 1379/2481/6 1371/2253/6
f 1381/2254/1 1385/2264/1 1391/2255/1
f 1389/2257/1 1386/1991/1 1380/2258/1
f 1381/2254/1 1387/2256/1 1388/2260/1
f 1380/2258/1 1386/1991/1 1390/2262/1
f 1385/2264/1 1384/2263/1 1390/2262/1
f 1414/2265/1 1389/2257/1 1383/2259/1
f 1382/2261/1 1388/2260/1 1415/2267/1
f 1393/2065/189 1394/2279/189 1388/2269/189
f 1386/2271/3 1392/4270/3 1396/2272/3
f 1390/2273/3 1396/2272/3 1397/2274/3
f 1422/2276/191 1395/2283/191 1389/2277/191
f 1394/2279/192 1423/4271/192 1415/2280/192
f 1391/2275/3 1397/2274/3 1393/2281/3
f 1395/2283/190 1392/4272/190 1386/2284/190
f 1399/2285/6 1403/2296/6 1385/2286/6
f 1398/2288/185 1401/2297/185 1383/2289/185
f 1400/2291/188 1399/4273/188 1381/1899/188
f 1402/2293/6 1398/4274/6 1380/2294/6
f 1403/2296/6 1402/2293/6 1384/2295/6
f 1401/2297/185 1430/4275/185 1406/2298/185
f 1431/2299/188 1400/2291/188 1382/2292/188
f 1405/2301/1 1413/2308/1 1419/2302/1
f 1404/2304/1 1412/4276/1 1417/2305/1
f 1405/2301/1 1408/2311/1 1416/2307/1
f 1418/2309/1 1412/4276/1 1404/2304/1
f 1411/2303/1 1419/2302/1 1418/2309/1
f 1409/2306/1 1417/2305/1 1414/2265/1
f 1408/2311/1 1407/2268/1 1415/2267/1
f 1416/2312/185 1424/2321/185 1421/2313/185
f 1426/2315/6 1420/4277/6 1412/2316/6
f 1427/2318/6 1426/2315/6 1418/2317/6
f 1417/2320/186 1425/2325/186 1422/2276/186
f 1415/2280/187 1423/4271/187 1424/2321/187
f 1421/2322/6 1427/2318/6 1419/2319/6
f 1412/2324/188 1420/4278/188 1425/2325/188
f 1411/2326/3 1435/2338/3 1429/2327/3
f 1409/2329/189 1433/2339/189 1428/2330/189
f 1405/2332/190 1429/4279/190 1432/2333/190
f 1404/2335/3 1428/4280/3 1434/2336/3
f 1410/2337/3 1434/2336/3 1435/2338/3
f 1406/2298/189 1430/4275/189 1433/2339/189
f 1408/2334/190 1432/2333/190 1431/2299/190
f 1437/2340/1 1441/2351/1 1449/2341/1
f 1447/2343/1 1444/4281/1 1436/2344/1
f 1437/2340/1 1445/2342/1 1446/2346/1
f 1443/2348/1 1451/2355/1 1450/2349/1
f 1441/2351/1 1440/2356/1 1448/2352/1
f 1480/2353/1 1447/2343/1 1439/2345/1
f 1436/2344/1 1444/4281/1 1451/2355/1
f 1440/2356/1 1442/2350/1 1450/2349/1
f 1438/2347/1 1446/2346/1 1481/2357/1
f 1453/2359/189 1454/2373/189 1446/2360/189
f 1451/2362/3 1459/2371/3 1458/2363/3
f 1448/2365/3 1456/2372/3 1457/2366/3
f 1490/2368/191 1455/2376/191 1447/2369/191
f 1444/1929/3 1452/4282/3 1459/2371/3
f 1450/2364/3 1458/2363/3 1456/2372/3
f 1454/2373/192 1491/4283/192 1481/2374/192
f 1449/2367/3 1457/2366/3 1453/2001/3
f 1455/2376/190 1452/4284/190 1444/2377/190
f 1461/2378/6 1465/2390/6 1441/2379/6
f 1460/2381/185 1463/2392/185 1439/2382/185
f 1462/2384/188 1461/2217/188 1437/2385/188
f 1466/2387/6 1467/2394/6 1443/2388/6
f 1465/2390/6 1464/2395/6 1440/2391/6
f 1463/2392/185 1500/4285/185 1470/2393/185
f 1467/2394/6 1460/2123/6 1436/2125/6
f 1464/2395/6 1466/2387/6 1442/2389/6
f 1501/2396/188 1462/2384/188 1438/2386/188
f 1469/2398/1 1479/2091/1 1485/2090/1
f 1468/2400/1 1478/4237/1 1483/2401/1
f 1469/2398/1 1472/2408/1 1482/2403/1
f 1486/2098/1 1487/2102/1 1477/2404/1
f 1475/2399/1 1485/2090/1 1484/2406/1
f 1473/2402/1 1483/2401/1 1480/2353/1
f 1487/2102/1 1478/4237/1 1468/2400/1
f 1474/2407/1 1484/2406/1 1486/2098/1
f 1472/2408/1 1471/2358/1 1481/2357/1
f 1482/2409/185 1492/2422/185 1489/2410/185
f 1496/2412/6 1497/2419/6 1487/2413/6
f 1495/2415/6 1494/2421/6 1484/2416/6
f 1483/2418/186 1493/2426/186 1490/2368/186
f 1497/2419/6 1488/4286/6 1478/2420/6
f 1494/2421/6 1496/2412/6 1486/2414/6
f 1481/2374/187 1491/4283/187 1492/2422/187
f 1489/2423/6 1495/2415/6 1485/2417/6
f 1478/2425/188 1488/4287/188 1493/2426/188
f 1475/2427/3 1505/2440/3 1499/2428/3
f 1473/2430/189 1503/2441/189 1498/2431/189
f 1469/2433/190 1499/4288/190 1502/2434/190
f 1477/2436/3 1507/2442/3 1506/2437/3
f 1474/2439/3 1504/2443/3 1505/2440/3
f 1470/2393/189 1500/4285/189 1503/2441/189
f 1468/2378/3 1498/2380/3 1507/2442/3
f 1476/2438/3 1506/2437/3 1504/2443/3
f 1472/2435/190 1502/2434/190 1501/2396/190
f 1514/2141/1 1519/4241/1 1515/2444/1
f 1523/2446/3 1516/4289/3 1528/2447/3
f 1518/2448/5 1517/4290/5 1515/2449/5
f 1543/2451/1 1515/2444/1 1508/2452/1
f 1513/1926/4 1521/4291/4 1514/2454/4
f 1516/2455/4 1511/2130/4 1529/2456/4
f 1524/2458/1 1510/2445/1 1537/2459/1
f 1522/2461/5 1512/4292/5 1524/2462/5
f 1510/2445/1 1515/2444/1 1543/2451/1
f 1528/2464/1 1524/2458/1 1548/2460/1
f 1529/2161/1 1520/4246/1 1524/2458/1
f 1512/2163/3 1513/1908/3 1510/1907/3
f 1525/2466/1 1511/4293/1 1516/2467/1
f 1517/2469/1 1518/4294/1 1526/2470/1
f 1522/2471/1 1521/4295/1 1513/2472/1
f 1517/2174/3 1527/4296/3 1508/2474/3
f 1509/2476/1 1528/2464/1 1553/2465/1
f 1540/2478/1 1545/4297/1 1539/2479/1
f 1556/2447/6 1541/4289/6 1550/2481/6
f 1540/2448/5 1542/2450/5 1544/2482/5
f 1543/2451/1 1531/2453/1 1532/2484/1
f 1539/2485/4 1547/4298/4 1538/1901/4
f 1557/2455/4 1535/2457/4 1541/2486/4
f 1537/2459/1 1534/2480/1 1551/2488/1
f 1551/2489/5 1536/4299/5 1549/2490/5
f 1543/2451/1 1540/2478/1 1534/2480/1
f 1548/2460/1 1551/2488/1 1556/2491/1
f 1551/2488/1 1546/4300/1 1557/2492/1
f 1534/2493/6 1538/4301/6 1536/2494/6
f 1541/2496/1 1535/4302/1 1552/2497/1
f 1542/2499/1 1555/4257/1 1554/2500/1
f 1538/2502/1 1547/4303/1 1549/2503/1
f 1532/2505/6 1555/4259/6 1542/2506/6
f 1553/2465/1 1556/2491/1 1533/2508/1
f 1559/2509/5 1558/4304/5 1560/2510/5
f 1565/2512/4 1562/4305/4 1563/2513/4
f 1562/2515/195 1565/2518/195 1570/2516/195
f 1565/2518/2 1564/4306/2 1573/2519/2
f 1571/2520/1 1563/4307/1 1562/2521/1
f 1568/2523/1 1567/2536/1 1558/2524/1
f 1566/2526/2 1569/2540/2 1561/2527/2
f 1567/2529/3 1566/2526/3 1560/2528/3
f 1575/2531/2 1576/2533/2 1570/2516/2
f 1574/2532/196 1572/2517/196 1570/2516/196
f 1577/2534/1 1571/2520/1 1572/2522/1
f 1568/2523/1 1577/2534/1 1574/2535/1
f 1567/2537/197 1574/4308/197 1576/2538/197
f 1569/2540/2 1566/2526/2 1576/2533/2
f 1579/2541/5 1578/4309/5 1580/2542/5
f 1585/2544/4 1582/4310/4 1583/2545/4
f 1582/2547/195 1585/2550/195 1590/2548/195
f 1585/2550/2 1584/4311/2 1593/2551/2
f 1591/2552/1 1583/4312/1 1582/2553/1
f 1588/2555/1 1587/2568/1 1578/2556/1
f 1586/2558/2 1589/2572/2 1581/2559/2
f 1587/2561/3 1586/2558/3 1580/2560/3
f 1595/2563/2 1596/2565/2 1590/2548/2
f 1594/2564/196 1592/2549/196 1590/2548/196
f 1597/2566/1 1591/2552/1 1592/2554/1
f 1588/2555/1 1597/2566/1 1594/2567/1
f 1587/2569/197 1594/2660/197 1596/2570/197
f 1589/2572/2 1586/2558/2 1596/2565/2
f 1599/2573/5 1598/4313/5 1600/2574/5
f 1605/2576/4 1602/4314/4 1603/2577/4
f 1602/2579/195 1605/2582/195 1610/2580/195
f 1605/2582/2 1604/4315/2 1613/2583/2
f 1611/2584/1 1603/3011/1 1602/2585/1
f 1608/2587/1 1607/2600/1 1598/2588/1
f 1606/2590/2 1609/2604/2 1601/2591/2
f 1607/2593/3 1606/2590/3 1600/2592/3
f 1615/2595/2 1616/2597/2 1610/2580/2
f 1614/2596/196 1612/2581/196 1610/2580/196
f 1617/2598/1 1611/2584/1 1612/2586/1
f 1608/2587/1 1617/2598/1 1614/2599/1
f 1607/2601/197 1614/4316/197 1616/2602/197
f 1609/2604/2 1606/2590/2 1616/2597/2
f 1619/2605/5 1618/3153/5 1620/2606/5
f 1625/2578/4 1622/4317/4 1623/2608/4
f 1622/2609/195 1625/2612/195 1630/2610/195
f 1625/2612/2 1624/4318/2 1633/2613/2
f 1631/2614/1 1623/3137/1 1622/2615/1
f 1628/2617/1 1627/2628/1 1618/2618/1
f 1626/2620/2 1629/2632/2 1621/2621/2
f 1627/2572/3 1626/2620/3 1620/2622/3
f 1635/2623/2 1636/2625/2 1630/2610/2
f 1634/2624/196 1632/2611/196 1630/2610/196
f 1637/2626/1 1631/2614/1 1632/2616/1
f 1628/2617/1 1637/2626/1 1634/2627/1
f 1627/2629/197 1634/2723/197 1636/2630/197
f 1629/2632/2 1626/2620/2 1636/2625/2
f 1639/2633/5 1638/4319/5 1640/2634/5
f 1645/2621/4 1642/4320/4 1643/2636/4
f 1642/2638/195 1645/2641/195 1650/2639/195
f 1645/2641/2 1644/4321/2 1653/2642/2
f 1651/2643/1 1643/4322/1 1642/2644/1
f 1648/2646/1 1647/2659/1 1638/2647/1
f 1646/2649/2 1649/2663/2 1641/2650/2
f 1647/2652/3 1646/2649/3 1640/2651/3
f 1655/2654/2 1656/2656/2 1650/2639/2
f 1654/2655/196 1652/2640/196 1650/2639/196
f 1657/2657/1 1651/2643/1 1652/2645/1
f 1648/2646/1 1657/2657/1 1654/2658/1
f 1647/2660/197 1654/4323/197 1656/2661/197
f 1649/2663/2 1646/2649/2 1656/2656/2
f 1659/2664/5 1658/4324/5 1660/2665/5
f 1665/2667/4 1662/4325/4 1663/2668/4
f 1662/2670/195 1665/2673/195 1670/2671/195
f 1665/2673/2 1664/4326/2 1673/2674/2
f 1671/2675/1 1663/4327/1 1662/2676/1
f 1668/2678/1 1667/2691/1 1658/2679/1
f 1666/2681/2 1669/2695/2 1661/2682/2
f 1667/2684/3 1666/2681/3 1660/2683/3
f 1675/2686/2 1676/2688/2 1670/2671/2
f 1674/2687/196 1672/2672/196 1670/2671/196
f 1677/2689/1 1671/2675/1 1672/2677/1
f 1668/2678/1 1677/2689/1 1674/2690/1
f 1667/2692/197 1674/3085/197 1676/2693/197
f 1669/2695/2 1666/2681/2 1676/2688/2
f 1679/2696/5 1678/4328/5 1680/2648/5
f 1685/2698/4 1682/2728/4 1683/2699/4
f 1682/2701/195 1685/2704/195 1690/2702/195
f 1685/2704/2 1684/4329/2 1693/2705/2
f 1691/2706/1 1683/4330/1 1682/2707/1
f 1688/2709/1 1687/2722/1 1678/2710/1
f 1686/2712/2 1689/2724/2 1681/2713/2
f 1687/2715/3 1686/2712/3 1680/2714/3
f 1695/2717/2 1696/2719/2 1690/2702/2
f 1694/2718/196 1692/2703/196 1690/2702/196
f 1697/2720/1 1691/2706/1 1692/2708/1
f 1688/2709/1 1697/2720/1 1694/2721/1
f 1687/2723/197 1694/4331/197 1696/2603/197
f 1689/2724/2 1686/2712/2 1696/2719/2
f 1699/2725/5 1698/4332/5 1700/2726/5
f 1705/2728/4 1702/4333/4 1703/2729/4
f 1702/2730/198 1705/4334/198 1710/2731/198
f 1705/2733/6 1704/3137/6 1713/2614/6
f 1711/2735/3 1703/4335/3 1702/2730/3
f 1708/2736/3 1707/2741/3 1698/2737/3
f 1706/2739/6 1709/2617/6 1701/2619/6
f 1707/2741/2 1706/4336/2 1700/2742/2
f 1715/2626/6 1716/2750/6 1710/2734/6
f 1714/2743/199 1712/4337/199 1710/2744/199
f 1717/2746/3 1711/2735/3 1712/2732/3
f 1708/2736/3 1717/2746/3 1714/2747/3
f 1707/2748/200 1714/2743/200 1716/2745/200
f 1709/2617/6 1706/2739/6 1716/2750/6
f 1719/2751/5 1718/4338/5 1720/2752/5
f 1725/2754/4 1722/4339/4 1723/2755/4
f 1722/2757/198 1725/4340/198 1730/2758/198
f 1725/2760/6 1724/4341/6 1733/2761/6
f 1731/2763/3 1723/4342/3 1722/2757/3
f 1728/2764/3 1727/2770/3 1718/2765/3
f 1726/2767/6 1729/2780/6 1721/2768/6
f 1727/2770/2 1726/4343/2 1720/2771/2
f 1735/2772/6 1736/2781/6 1730/2762/6
f 1734/2773/199 1732/4344/199 1730/2774/199
f 1737/2776/3 1731/2763/3 1732/2759/3
f 1728/2764/3 1737/2776/3 1734/2777/3
f 1727/2778/200 1734/2773/200 1736/2775/200
f 1729/2780/6 1726/2767/6 1736/2781/6
f 1739/2782/5 1738/4345/5 1740/2783/5
f 1745/2785/4 1742/4346/4 1743/2786/4
f 1742/2788/198 1745/4347/198 1750/2789/198
f 1745/2791/6 1744/4348/6 1753/2792/6
f 1751/2794/3 1743/4349/3 1742/2788/3
f 1748/2795/3 1747/2801/3 1738/2796/3
f 1746/2798/6 1749/2811/6 1741/2799/6
f 1747/2801/2 1746/4350/2 1740/2802/2
f 1755/2803/6 1756/2812/6 1750/2793/6
f 1754/2804/199 1752/4351/199 1750/2805/199
f 1757/2807/3 1751/2794/3 1752/2790/3
f 1748/2795/3 1757/2807/3 1754/2808/3
f 1747/2809/200 1754/2804/200 1756/2806/200
f 1749/2811/6 1746/2798/6 1756/2812/6
f 1759/2813/5 1758/4352/5 1760/2814/5
f 1765/2816/4 1762/4353/4 1763/2817/4
f 1762/2819/198 1765/4354/198 1770/2820/198
f 1765/2822/6 1764/3105/6 1773/2823/6
f 1771/2825/3 1763/4355/3 1762/2819/3
f 1768/2826/3 1767/2830/3 1758/2827/3
f 1766/2829/6 1769/2840/6 1761/2800/6
f 1767/2830/2 1766/4356/2 1760/2831/2
f 1775/2832/6 1776/2841/6 1770/2824/6
f 1774/2833/199 1772/4357/199 1770/2834/199
f 1777/2836/3 1771/2825/3 1772/2821/3
f 1768/2826/3 1777/2836/3 1774/2837/3
f 1767/2838/200 1774/2833/200 1776/2835/200
f 1769/2840/6 1766/2829/6 1776/2841/6
f 1779/2842/5 1778/4358/5 1780/2843/5
f 1785/2845/4 1782/4359/4 1783/2846/4
f 1782/2848/198 1785/4360/198 1790/2849/198
f 1785/2851/6 1784/4361/6 1793/2852/6
f 1791/2854/3 1783/4362/3 1782/2848/3
f 1788/2855/3 1787/2861/3 1778/2856/3
f 1786/2858/6 1789/2871/6 1781/2859/6
f 1787/2861/2 1786/4363/2 1780/2862/2
f 1795/2863/6 1796/2872/6 1790/2853/6
f 1794/2864/199 1792/4364/199 1790/2865/199
f 1797/2867/3 1791/2854/3 1792/2850/3
f 1788/2855/3 1797/2867/3 1794/2868/3
f 1787/2869/200 1794/2864/200 1796/2866/200
f 1789/2871/6 1786/2858/6 1796/2872/6
f 1799/2873/5 1798/4365/5 1800/2874/5
f 1805/2876/4 1802/4366/4 1803/2877/4
f 1802/2879/198 1805/4367/198 1810/2880/198
f 1805/2882/6 1804/4368/6 1813/2883/6
f 1811/2885/3 1803/4369/3 1802/2879/3
f 1808/2886/3 1807/2892/3 1798/2887/3
f 1806/2889/6 1809/2902/6 1801/2890/6
f 1807/2892/2 1806/4370/2 1800/2893/2
f 1815/2894/6 1816/2903/6 1810/2884/6
f 1814/2895/199 1812/4371/199 1810/2896/199
f 1817/2898/3 1811/2885/3 1812/2881/3
f 1808/2886/3 1817/2898/3 1814/2899/3
f 1807/2900/200 1814/2895/200 1816/2897/200
f 1809/2902/6 1806/2889/6 1816/2903/6
f 1819/2727/5 1818/4372/5 1820/2904/5
f 1825/2905/4 1822/4373/4 1823/2906/4
f 1822/2908/198 1825/4374/198 1830/2909/198
f 1825/2911/6 1824/3011/6 1833/2584/6
f 1831/2913/3 1823/4375/3 1822/2908/3
f 1828/2914/3 1827/2919/3 1818/2915/3
f 1826/2917/6 1829/2587/6 1821/2589/6
f 1827/2919/2 1826/4376/2 1820/2920/2
f 1835/2598/6 1836/2928/6 1830/2912/6
f 1834/2921/199 1832/4377/199 1830/2922/199
f 1837/2924/3 1831/2913/3 1832/2910/3
f 1828/2914/3 1837/2924/3 1834/2925/3
f 1827/2926/200 1834/2921/200 1836/2923/200
f 1829/2587/6 1826/2917/6 1836/2928/6
f 1839/2929/5 1838/4378/5 1840/2930/5
f 1845/2932/4 1842/4379/4 1843/2933/4
f 1842/2935/201 1845/4380/201 1850/2936/201
f 1845/2938/1 1844/4381/1 1853/2939/1
f 1851/2941/2 1843/4382/2 1842/2942/2
f 1848/2944/2 1847/2957/2 1838/2844/2
f 1846/2946/1 1849/2961/1 1841/2947/1
f 1847/2949/6 1846/3077/6 1840/2950/6
f 1855/2952/1 1856/2962/1 1850/2940/1
f 1854/2953/202 1852/2937/202 1850/2936/202
f 1857/2955/2 1851/2941/2 1852/2943/2
f 1848/2944/2 1857/2955/2 1854/2956/2
f 1847/2958/203 1854/3056/203 1856/2959/203
f 1849/2961/1 1846/2946/1 1856/2962/1
f 1859/2963/5 1858/4383/5 1860/2964/5
f 1865/2966/4 1862/4384/4 1863/2967/4
f 1862/2969/201 1865/4385/201 1870/2970/201
f 1865/2972/1 1864/4386/1 1873/2973/1
f 1871/2975/2 1863/4387/2 1862/2976/2
f 1868/2978/2 1867/2990/2 1858/2979/2
f 1866/2961/1 1869/2994/1 1861/2981/1
f 1867/2982/6 1866/4388/6 1860/2983/6
f 1875/2985/1 1876/2995/1 1870/2974/1
f 1874/2986/202 1872/2971/202 1870/2970/202
f 1877/2988/2 1871/2975/2 1872/2977/2
f 1868/2978/2 1877/2988/2 1874/2989/2
f 1867/2991/203 1874/4389/203 1876/2992/203
f 1869/2994/1 1866/2961/1 1876/2995/1
f 1879/2996/5 1878/4390/5 1880/2997/5
f 1885/2818/4 1882/4391/4 1883/2999/4
f 1882/3000/201 1885/4392/201 1890/3001/201
f 1885/3003/1 1884/2588/1 1893/3004/1
f 1891/3006/2 1883/2769/2 1882/3007/2
f 1888/3009/2 1887/3023/2 1878/3010/2
f 1886/3012/1 1889/3027/1 1881/3013/1
f 1887/3015/6 1886/3111/6 1880/3016/6
f 1895/3018/1 1896/3028/1 1890/3005/1
f 1894/3019/202 1892/3002/202 1890/3001/202
f 1897/3021/2 1891/3006/2 1892/3008/2
f 1888/3009/2 1897/3021/2 1894/3022/2
f 1887/3024/203 1894/4393/203 1896/3025/203
f 1889/3027/1 1886/3012/1 1896/3028/1
f 1899/3029/5 1898/4394/5 1900/3030/5
f 1905/3032/4 1902/4395/4 1903/2713/4
f 1902/3034/201 1905/4396/201 1910/3035/201
f 1905/3037/1 1904/4397/1 1913/3038/1
f 1911/3040/2 1903/4398/2 1902/3041/2
f 1908/3043/2 1907/2523/2 1898/2525/2
f 1906/3045/1 1909/3058/1 1901/3046/1
f 1907/3048/6 1906/3141/6 1900/3049/6
f 1915/3051/1 1916/3059/1 1910/3039/1
f 1914/3052/202 1912/3036/202 1910/3035/202
f 1917/3054/2 1911/3040/2 1912/3042/2
f 1908/3043/2 1917/3054/2 1914/3055/2
f 1907/3056/203 1914/2958/203 1916/3057/203
f 1909/3058/1 1906/3045/1 1916/3059/1
f 1919/3060/5 1918/4399/5 1920/3061/5
f 1925/2878/4 1922/4400/4 1923/3063/4
f 1922/3064/201 1925/4401/201 1930/3065/201
f 1925/3067/1 1924/4402/1 1933/3068/1
f 1931/3070/2 1923/4403/2 1922/3071/2
f 1928/3073/2 1927/3083/2 1918/2619/2
f 1926/3074/1 1929/3087/1 1921/3075/1
f 1927/3017/6 1926/3016/6 1920/3077/6
f 1935/3078/1 1936/3088/1 1930/3069/1
f 1934/3079/202 1932/3066/202 1930/3065/202
f 1937/3081/2 1931/3070/2 1932/3072/2
f 1928/3073/2 1937/3081/2 1934/3082/2
f 1927/3084/203 1934/4404/203 1936/3085/203
f 1929/3087/1 1926/3074/1 1936/3088/1
f 1939/3089/5 1938/4405/5 1940/3090/5
f 1945/3092/4 1942/4406/4 1943/3093/4
f 1942/3095/201 1945/4407/201 1950/3096/201
f 1945/3098/1 1944/3139/1 1953/3099/1
f 1951/3101/2 1943/4408/2 1942/3102/2
f 1948/3104/2 1947/3117/2 1938/3105/2
f 1946/3107/1 1949/3118/1 1941/3108/1
f 1947/3110/6 1946/4409/6 1940/3111/6
f 1955/3112/1 1956/3119/1 1950/3100/1
f 1954/3113/202 1952/3097/202 1950/3096/202
f 1957/3115/2 1951/3101/2 1952/3103/2
f 1948/3104/2 1957/3115/2 1954/3116/2
f 1947/3026/203 1954/3025/203 1956/2960/203
f 1949/3118/1 1946/3107/1 1956/3119/1
f 1959/3120/5 1958/4410/5 1960/3121/5
f 1965/3123/4 1962/4411/4 1963/3124/4
f 1962/3126/201 1965/4412/201 1970/3127/201
f 1965/3129/1 1964/4413/1 1973/3130/1
f 1971/3132/2 1963/2800/2 1962/3133/2
f 1968/3135/2 1967/3147/2 1958/3136/2
f 1966/3138/1 1969/3150/1 1961/3139/1
f 1967/2951/6 1966/2950/6 1960/3141/6
f 1975/3142/1 1976/3151/1 1970/3131/1
f 1974/3143/202 1972/3128/202 1970/3127/202
f 1977/3145/2 1971/3132/2 1972/3134/2
f 1968/3135/2 1977/3145/2 1974/3146/2
f 1967/3148/203 1974/4414/203 1976/3149/203
f 1969/3150/1 1966/3138/1 1976/3151/1
f 1979/3152/5 1978/2606/5 1980/3153/5
f 1985/3155/4 1982/4415/4 1983/3156/4
f 1982/3158/204 1985/4416/204 1990/3159/204
f 1985/3161/3 1984/4417/3 1993/3162/3
f 1991/3164/6 1983/4418/6 1982/3165/6
f 1988/3167/6 1987/3180/6 1978/3168/6
f 1986/3170/3 1989/3183/3 1981/3169/3
f 1987/3171/1 1986/4419/1 1980/3172/1
f 1995/3174/3 1996/3184/3 1990/3163/3
f 1994/3175/205 1992/4420/205 1990/3176/205
f 1997/3178/6 1991/3164/6 1992/3166/6
f 1988/3167/6 1997/3178/6 1994/3179/6
f 1987/3181/206 1994/3175/206 1996/3177/206
f 1989/3183/3 1986/3170/3 1996/3184/3
f 1999/3185/5 1998/4421/5 2000/3186/5
f 2005/3188/4 2002/4422/4 2003/3189/4
f 2002/3191/204 2005/4423/204 2010/3192/204
f 2005/3194/3 2004/2589/3 2013/3195/3
f 2011/3197/6 2003/2891/6 2002/3198/6
f 2008/3200/6 2007/3213/6 1998/3201/6
f 2006/3203/3 2009/3012/3 2001/3014/3
f 2007/3204/1 2006/4424/1 2000/3205/1
f 2015/3207/3 2016/3216/3 2010/3196/3
f 2014/3208/205 2012/4425/205 2010/3209/205
f 2017/3211/6 2011/3197/6 2012/3199/6
f 2008/3200/6 2017/3211/6 2014/3212/6
f 2007/3214/206 2014/3208/206 2016/3210/206
f 2009/3012/3 2006/3203/3 2016/3216/3
f 2021/3217/5 2019/4426/5 2018/3218/5
f 2024/3220/4 2025/4427/4 2022/3221/4
f 2022/3223/204 2025/4428/204 2030/3224/204
f 2025/3226/3 2024/4429/3 2033/3227/3
f 2031/3229/6 2023/4430/6 2022/3230/6
f 2028/3232/6 2027/3247/6 2018/3233/6
f 2026/3235/3 2029/3250/3 2021/3236/3
f 2027/3238/1 2026/4431/1 2020/3239/1
f 2035/3241/3 2036/3251/3 2030/3228/3
f 2034/3242/205 2032/4432/205 2030/3243/205
f 2037/3245/6 2031/3229/6 2032/3231/6
f 2028/3232/6 2037/3245/6 2034/3246/6
f 2027/3248/206 2034/3242/206 2036/3244/206
f 2029/3250/3 2026/3235/3 2036/3251/3
f 2039/3252/5 2038/4433/5 2040/3253/5
f 2045/3255/4 2042/4434/4 2043/3256/4
f 2042/3258/204 2045/4435/204 2050/3259/204
f 2045/3261/3 2044/4436/3 2053/3262/3
f 2051/3264/6 2043/4437/6 2042/3265/6
f 2048/3267/6 2047/3282/6 2038/3268/6
f 2046/3270/3 2049/3285/3 2041/3271/3
f 2047/3273/1 2046/4438/1 2040/3274/1
f 2055/3276/3 2056/3286/3 2050/3263/3
f 2054/3277/205 2052/4439/205 2050/3278/205
f 2057/3280/6 2051/3264/6 2052/3266/6
f 2048/3267/6 2057/3280/6 2054/3281/6
f 2047/3283/206 2054/3277/206 2056/3279/206
f 2049/3285/3 2046/3270/3 2056/3286/3
f 2061/3287/5 2059/4440/5 2058/3288/5
f 2064/3290/4 2065/4441/4 2062/3291/4
f 2062/3293/204 2065/4442/204 2070/3294/204
f 2065/3296/3 2064/4443/3 2073/3297/3
f 2071/3299/6 2063/4444/6 2062/3300/6
f 2068/3302/6 2067/3317/6 2058/3303/6
f 2066/3305/3 2069/3320/3 2061/3306/3
f 2067/3308/1 2066/4445/1 2060/3309/1
f 2075/3311/3 2076/3321/3 2070/3298/3
f 2074/3312/205 2072/4446/205 2070/3313/205
f 2077/3315/6 2071/3299/6 2072/3301/6
f 2068/3302/6 2077/3315/6 2074/3316/6
f 2067/3318/206 2074/3312/206 2076/3314/206
f 2069/3320/3 2066/3305/3 2076/3321/3
f 2079/3322/5 2078/3275/5 2080/3323/5
f 2085/3325/4 2082/4447/4 2083/3326/4
f 2082/3328/204 2085/4448/204 2090/3329/204
f 2085/3331/3 2084/4449/3 2093/3332/3
f 2091/3334/6 2083/4450/6 2082/3335/6
f 2088/3337/6 2087/3352/6 2078/3338/6
f 2086/3340/3 2089/3355/3 2081/3341/3
f 2087/3343/1 2086/4451/1 2080/3344/1
f 2095/3346/3 2096/3356/3 2090/3333/3
f 2094/3347/205 2092/4452/205 2090/3348/205
f 2097/3350/6 2091/3334/6 2092/3336/6
f 2088/3337/6 2097/3350/6 2094/3351/6
f 2087/3353/206 2094/3347/206 2096/3349/206
f 2089/3355/3 2086/3340/3 2096/3356/3
f 2099/3357/5 2098/4453/5 2100/3358/5
f 2105/3360/4 2102/2785/4 2103/2787/4
f 2102/3362/204 2105/4454/204 2110/3363/204
f 2105/3365/3 2104/2619/3 2113/3366/3
f 2111/3368/6 2103/4455/6 2102/3369/6
f 2108/3282/6 2107/3381/6 2098/3371/6
f 2106/3372/3 2109/3384/3 2101/2769/3
f 2107/3345/1 2106/3344/1 2100/3373/1
f 2115/3375/3 2116/3385/3 2110/3367/3
f 2114/3376/205 2112/4456/205 2110/3377/205
f 2117/3379/6 2111/3368/6 2112/3370/6
f 2108/3282/6 2117/3379/6 2114/3380/6
f 2107/3382/206 2114/3376/206 2116/3378/206
f 2109/3384/3 2106/3372/3 2116/3385/3
f 2120/3386/1 2124/3403/1 2123/3387/1
f 2118/3389/1 2129/3418/1 2130/3390/1
f 2165/3392/1 2121/3395/1 2127/3393/1
f 2121/3395/1 2126/3407/1 2125/3396/1
f 2126/3397/3 2134/4457/3 2133/3398/3
f 2160/3400/1 2119/3388/1 2123/3387/1
f 2164/3402/1 2172/4458/1 2124/3403/1
f 2128/3404/3 2136/4459/3 2135/3405/3
f 2165/3392/1 2175/4460/1 2126/3407/1
f 2164/3402/1 2120/3386/1 2125/3396/1
f 2123/3409/4 2131/4461/4 2186/3410/4
f 2122/3391/1 2128/3413/1 2127/3393/1
f 2166/3412/1 2179/4462/1 2128/3413/1
f 2183/3414/5 2199/4463/5 2137/3415/5
f 2161/3417/1 2183/4464/1 2129/3418/1
f 2166/3412/1 2122/3391/1 2130/3390/1
f 2188/3420/1 2204/4465/1 2140/3421/1
f 2195/3423/1 2211/4466/1 2144/3424/1
f 2132/3422/1 2140/3421/1 2139/3426/1
f 2136/3425/1 2144/3424/1 2143/3428/1
f 2129/3430/3 2137/4467/3 2138/3431/3
f 2179/3433/5 2195/4468/5 2136/3434/5
f 2175/3436/5 2191/4469/5 2134/3435/5
f 2130/3437/4 2138/3547/4 2198/3438/4
f 2124/3440/3 2132/4470/3 2131/3441/3
f 2127/3443/4 2135/4471/4 2194/3444/4
f 2125/3446/4 2133/3558/4 2190/3447/4
f 2172/3449/5 2188/4472/5 2132/3416/5
f 2143/3450/4 2151/4473/4 2226/3451/4
f 2204/3453/5 2220/4474/5 2148/3454/5
f 2211/3456/5 2227/4475/5 2152/3457/5
f 2140/3459/3 2148/3566/3 2147/3460/3
f 2194/3462/1 2135/3429/1 2143/3428/1
f 2134/3464/1 2142/3471/1 2141/3465/1
f 2199/3467/1 2215/4476/1 2145/3468/1
f 2191/3470/1 2207/4477/1 2142/3471/1
f 2137/3469/1 2145/3468/1 2146/3472/1
f 2190/3474/1 2133/3466/1 2141/3465/1
f 2186/3476/1 2131/3427/1 2139/3426/1
f 2198/3478/1 2138/3473/1 2146/3472/1
f 2218/3480/1 2147/4478/1 2148/3481/1
f 2222/3483/1 2149/4479/1 2150/3484/1
f 2226/3486/1 2151/4480/1 2152/3487/1
f 2230/3489/1 2154/4481/1 2153/3490/1
f 2142/3492/3 2150/4482/3 2149/3493/3
f 2215/3495/5 2231/4483/5 2153/3496/5
f 2207/3498/5 2223/4484/5 2150/3458/5
f 2145/3499/3 2153/4485/3 2154/3500/3
f 2141/3502/4 2149/4486/4 2222/3503/4
f 2139/3505/4 2147/3508/4 2218/3506/4
f 2146/3508/4 2154/3505/4 2230/3509/4
f 2144/3511/3 2152/4487/3 2151/3512/3
f 2122/3514/6 2159/3518/6 2155/3515/6
f 2121/3517/6 2158/3528/6 2159/3518/6
f 2119/3519/6 2156/4488/6 2157/3520/6
f 2160/3522/5 2234/4489/5 2156/3523/5
f 2118/3525/4 2155/4490/4 2235/3526/4
f 2120/3521/6 2157/3520/6 2158/3528/6
f 2171/3529/1 2173/3541/1 2167/3530/1
f 2185/3532/1 2184/3548/1 2162/3533/1
f 2165/3392/1 2178/3394/1 2180/3535/1
f 2176/3537/1 2177/3545/1 2168/3536/1
f 2192/3538/6 2193/4491/6 2177/3539/6
f 2160/3400/1 2170/3401/1 2171/3529/1
f 2173/3541/1 2172/4458/1 2164/3402/1
f 2196/3542/6 2197/4492/6 2181/3543/6
f 2177/3545/1 2175/4460/1 2165/3392/1
f 2164/3402/1 2174/3408/1 2176/3537/1
f 2186/3410/4 2187/4493/4 2171/3443/4
f 2180/3535/1 2181/3546/1 2169/3534/1
f 2181/3546/1 2179/4462/1 2166/3412/1
f 2200/3437/5 2199/4463/5 2183/3414/5
f 2184/3548/1 2183/4464/1 2161/3417/1
f 2166/3412/1 2182/3419/1 2185/3532/1
f 2205/3549/1 2204/4465/1 2188/3420/1
f 2213/3551/1 2211/4466/1 2195/3423/1
f 2203/3553/1 2205/3549/1 2189/3550/1
f 2212/3555/1 2213/3551/1 2197/3552/1
f 2201/3431/6 2200/3582/6 2184/3557/6
f 2197/3446/5 2195/4468/5 2179/3433/5
f 2193/3559/5 2191/4469/5 2175/3436/5
f 2198/3438/4 2201/3562/4 2185/3561/4
f 2187/3512/6 2189/4494/6 2173/3440/6
f 2194/3444/4 2196/4495/4 2180/3562/4
f 2190/3447/4 2192/4496/4 2176/3563/4
f 2189/3560/5 2188/4472/5 2172/3449/5
f 2226/3451/4 2228/4497/4 2212/3564/4
f 2221/3496/5 2220/4474/5 2204/3453/5
f 2229/3454/5 2227/4475/5 2211/3456/5
f 2219/3565/6 2221/4482/6 2205/3460/6
f 2194/3462/1 2210/3463/1 2212/3555/1
f 2208/3567/1 2209/3572/1 2193/3568/1
f 2216/3570/1 2215/4476/1 2199/3467/1
f 2209/3572/1 2207/4477/1 2191/3470/1
f 2217/3573/1 2216/3570/1 2200/3571/1
f 2190/3474/1 2206/3475/1 2208/3567/1
f 2186/3476/1 2202/3477/1 2203/3553/1
f 2198/3478/1 2214/3479/1 2217/3573/1
f 2221/3575/1 2219/4498/1 2218/3480/1
f 2225/3576/1 2224/4499/1 2222/3483/1
f 2229/3577/1 2228/4500/1 2226/3486/1
f 2232/3578/1 2233/4501/1 2230/3489/1
f 2224/3579/6 2225/3589/6 2209/3511/6
f 2232/3580/5 2231/4483/5 2215/3495/5
f 2225/3582/5 2223/4484/5 2207/3498/5
f 2233/3584/6 2232/4502/6 2216/3585/6
f 2222/3503/4 2224/3588/4 2208/3587/4
f 2218/3506/4 2219/3587/4 2203/3588/4
f 2230/3509/4 2233/3580/4 2217/3581/4
f 2228/3492/6 2229/3494/6 2213/3589/6
f 2236/3590/3 2240/3593/3 2169/3591/3
f 2240/3593/3 2239/3601/3 2168/3594/3
f 2238/3595/3 2237/4503/3 2163/3596/3
f 2237/3598/5 2234/4489/5 2160/3522/5
f 2235/3526/4 2236/4504/4 2162/3600/4
f 2239/3601/3 2238/3595/3 2167/3597/3
f 2243/3602/4 2242/3625/4 2241/3603/4
f 2245/3605/5 2246/3622/5 2247/3606/5
f 2270/3608/2 2249/4505/2 2247/3609/2
f 2250/3611/207 2246/4506/207 2245/3612/207
f 2274/3614/1 2267/3663/1 2246/3615/1
f 2252/3617/208 2248/4507/208 2247/3618/208
f 2251/3613/6 2245/3612/6 2248/3620/6
f 2246/3622/209 2267/4508/209 2268/3623/209
f 2243/3602/210 2262/4509/210 2261/3624/210
f 2254/3626/211 2251/3634/211 2252/3627/211
f 2255/3629/212 2256/3628/212 2252/3627/212
f 2274/3631/387 2250/4510/387 2253/3632/387
f 2253/3632/214 2250/4510/214 2251/3634/214
f 2255/3629/388 2249/3630/388 2270/3635/388
f 2262/3637/2 2243/3645/2 2255/3638/2
f 2241/3640/207 2242/4511/207 2253/3641/207
f 2261/3643/1 2280/3681/1 2253/3644/1
f 2244/3646/208 2256/4512/208 2255/3647/208
f 2241/3640/6 2254/3642/6 2256/3649/6
f 2257/3651/4 2258/3668/4 2259/3652/4
f 2265/3654/5 2264/3667/5 2263/3655/5
f 2270/3608/2 2268/3610/2 2265/3657/2
f 2263/3659/216 2264/3662/216 2271/3660/216
f 2274/3614/1 2271/3660/1 2264/3662/1
f 2265/3657/217 2266/3665/217 2273/3664/217
f 2266/3665/3 2263/4513/3 2272/3666/3
f 2268/3623/218 2267/4508/218 2264/3667/218
f 2261/3624/219 2262/4509/219 2259/3652/219
f 2273/3669/220 2272/3674/220 2277/3670/220
f 2278/3672/221 2269/4514/221 2273/3669/221
f 2276/3673/389 2271/4515/389 2274/3631/389
f 2272/3674/223 2271/4515/223 2276/3673/223
f 2270/3635/390 2269/4514/390 2278/3672/390
f 2262/3637/2 2275/3639/2 2278/3675/2
f 2277/3677/216 2276/3680/216 2258/3678/216
f 2261/3643/1 2258/3678/1 2276/3680/1
f 2259/3676/217 2278/3675/217 2279/3682/217
f 2279/3682/3 2277/4516/3 2257/3684/3
