# Blender 5.1.0
# www.blender.org
mtllib TwoStoryDouble.mtl
o 2Story_Double
v -0.219323 0.174728 0.987296
v -0.219323 1.091652 0.987296
v -0.219323 0.903155 0.987296
v -0.219323 0.723014 0.987296
v -0.219323 0.542873 0.987296
v -0.152954 1.026289 0.987296
v -0.152954 0.933310 0.987296
v -0.152954 0.867127 0.987296
v -0.152954 0.759042 0.987296
v -0.152954 0.686986 0.987296
v -0.152954 0.578901 0.987296
v -0.152954 0.232581 0.987296
v -0.152954 0.485020 0.987296
v -0.152954 1.026289 0.979458
v -0.152954 0.933310 0.979458
v -0.152954 0.867127 0.979458
v -0.152954 0.759042 0.979458
v -0.152954 0.686986 0.979458
v -0.152954 0.578901 0.979458
v -0.152954 0.232581 0.979458
v -0.152954 0.485020 0.979458
v -0.137647 1.018247 0.979458
v -0.137647 0.941351 0.979458
v -0.137647 0.857519 0.979458
v -0.137647 0.768650 0.979458
v -0.137647 0.677378 0.979458
v -0.137647 0.588509 0.979458
v -0.137647 0.248009 0.979458
v -0.137647 0.469592 0.979458
v -0.137647 1.018247 0.974855
v -0.137647 0.941351 0.974855
v -0.137647 0.857519 0.974855
v -0.137647 0.768650 0.974855
v -0.137647 0.677378 0.974855
v -0.137647 0.588509 0.974855
v -0.137647 0.248009 0.974855
v -0.137647 0.469592 0.974855
v -0.219323 0.174728 0.944359
v -0.219323 1.091652 0.944359
v -0.219323 0.903155 0.944359
v -0.219323 0.723014 0.944359
v -0.219323 0.542873 0.944359
v 0.166179 0.174728 0.987296
v 0.166179 1.091652 0.987296
v 0.166179 0.903155 0.987296
v 0.166179 0.723014 0.987296
v 0.166179 0.542873 0.987296
v 0.094146 1.026289 0.987296
v 0.094146 0.933310 0.987296
v 0.094146 0.867127 0.987296
v 0.094146 0.759042 0.987296
v 0.094146 0.686986 0.987296
v 0.094146 0.578901 0.987296
v 0.094146 0.232581 0.987296
v 0.094146 0.485020 0.987296
v 0.094146 1.026289 0.979458
v 0.094146 0.933310 0.979458
v 0.094146 0.867127 0.979458
v 0.094146 0.759042 0.979458
v 0.094146 0.686986 0.979458
v 0.094146 0.578901 0.979458
v 0.094146 0.232581 0.979458
v 0.094146 0.485020 0.979458
v 0.078839 1.018247 0.979458
v 0.078839 0.941351 0.979458
v 0.078839 0.857519 0.979458
v 0.078839 0.768650 0.979458
v 0.078839 0.677378 0.979458
v 0.078839 0.588509 0.979458
v 0.078839 0.248009 0.979458
v 0.078839 0.469592 0.979458
v 0.078839 1.018247 0.974855
v 0.078839 0.941351 0.974855
v 0.078839 0.857519 0.974855
v 0.078839 0.768650 0.974855
v 0.078839 0.677378 0.974855
v 0.078839 0.588509 0.974855
v 0.078839 0.248009 0.974855
v 0.078839 0.469592 0.974855
v 0.166179 0.174728 0.944359
v 0.166179 1.091652 0.944359
v 0.166179 0.903155 0.944359
v 0.166179 0.723014 0.944359
v 0.166179 0.542873 0.944359
v 0.172303 0.174728 0.987296
v 0.172303 1.091652 0.987296
v 0.172303 0.903155 0.987296
v 0.172303 0.723014 0.987296
v 0.172303 0.542873 0.987296
v 0.244336 1.026289 0.987296
v 0.244336 0.933310 0.987296
v 0.244336 0.867127 0.987296
v 0.244336 0.759042 0.987296
v 0.244336 0.686986 0.987296
v 0.244336 0.578901 0.987296
v 0.244336 0.232581 0.987296
v 0.244336 0.485020 0.987296
v 0.244336 1.026289 0.979458
v 0.244336 0.933310 0.979458
v 0.244336 0.867127 0.979458
v 0.244336 0.759042 0.979458
v 0.244336 0.686986 0.979458
v 0.244336 0.578901 0.979458
v 0.244336 0.232581 0.979458
v 0.244336 0.485020 0.979458
v 0.259643 1.018247 0.979458
v 0.259643 0.941351 0.979458
v 0.259643 0.857519 0.979458
v 0.259643 0.768650 0.979458
v 0.259643 0.677378 0.979458
v 0.259643 0.588509 0.979458
v 0.259643 0.248009 0.979458
v 0.259642 0.469592 0.979458
v 0.259643 1.018247 0.974855
v 0.259643 0.941351 0.974855
v 0.259643 0.857519 0.974855
v 0.259643 0.768650 0.974855
v 0.259643 0.677378 0.974855
v 0.259643 0.588509 0.974855
v 0.259643 0.248009 0.974855
v 0.259642 0.469592 0.974855
v 0.172303 0.174728 0.944359
v 0.172303 1.091652 0.944359
v 0.172303 0.903155 0.944359
v 0.172303 0.723014 0.944359
v 0.172303 0.542873 0.944359
v 0.557805 0.174728 0.987296
v 0.557805 1.091652 0.987296
v 0.557805 0.903155 0.987296
v 0.557805 0.723014 0.987296
v 0.557805 0.542873 0.987296
v 0.491435 1.026289 0.987296
v 0.491435 0.933310 0.987296
v 0.491435 0.867127 0.987296
v 0.491435 0.759042 0.987296
v 0.491435 0.686986 0.987296
v 0.491435 0.578901 0.987296
v 0.491435 0.232581 0.987296
v 0.491435 0.485020 0.987296
v 0.491435 1.026289 0.979458
v 0.491435 0.933310 0.979458
v 0.491435 0.867127 0.979458
v 0.491435 0.759042 0.979458
v 0.491435 0.686986 0.979458
v 0.491435 0.578901 0.979458
v 0.491435 0.232581 0.979458
v 0.491435 0.485020 0.979458
v 0.476129 1.018247 0.979458
v 0.476129 0.941351 0.979458
v 0.476129 0.857519 0.979458
v 0.476129 0.768650 0.979458
v 0.476129 0.677378 0.979458
v 0.476129 0.588509 0.979458
v 0.476129 0.248009 0.979458
v 0.476129 0.469592 0.979458
v 0.476129 1.018247 0.974855
v 0.476129 0.941351 0.974855
v 0.476129 0.857519 0.974855
v 0.476129 0.768650 0.974855
v 0.476129 0.677378 0.974855
v 0.476129 0.588509 0.974855
v 0.476129 0.248009 0.974855
v 0.476129 0.469592 0.974855
v 0.557805 0.174728 0.944359
v 0.557805 1.091652 0.944359
v 0.557805 0.903155 0.944359
v 0.557805 0.723014 0.944359
v 0.557805 0.542873 0.944359
v -0.232477 1.114044 1.025493
v -0.232477 1.114044 0.993433
v -0.232477 0.956754 1.138779
v -0.232477 0.956754 0.993433
v 0.047587 1.114044 1.025493
v -0.003878 1.114044 1.025493
v -0.055342 1.114044 1.025493
v -0.106806 1.114044 1.025493
v -0.158271 1.114044 1.025493
v -0.209735 1.114044 1.025493
v 0.047587 1.114044 0.993433
v -0.003878 1.114044 0.993433
v -0.055342 1.114044 0.993433
v -0.106806 1.114044 0.993433
v -0.158271 1.114044 0.993433
v -0.209735 1.114044 0.993433
v 0.047587 0.956754 1.138779
v -0.003878 0.956754 1.138779
v -0.055342 0.956754 1.138779
v -0.106806 0.956754 1.138779
v -0.158271 0.956754 1.138779
v -0.209735 0.956754 1.138779
v 0.410548 1.114044 1.025493
v 0.410548 1.114044 0.993433
v 0.410548 0.956754 1.138779
v 0.101225 1.114044 1.025493
v 0.152689 1.114044 1.025493
v 0.204153 1.114044 1.025493
v 0.255618 1.114044 1.025493
v 0.307082 1.114044 1.025493
v 0.358546 1.114044 1.025493
v 0.101225 1.114044 0.993433
v 0.152689 1.114044 0.993433
v 0.204153 1.114044 0.993433
v 0.255618 1.114044 0.993433
v 0.307082 1.114044 0.993433
v 0.358546 1.114044 0.993433
v 0.101225 0.956754 1.138779
v 0.152689 0.956754 1.138779
v 0.204153 0.956754 1.138779
v 0.255618 0.956754 1.138779
v 0.307082 0.956754 1.138779
v 0.358546 0.956754 1.138779
v 0.588220 1.114044 1.025493
v 0.588220 1.114044 0.993433
v 0.588220 0.956754 1.138779
v 0.588220 0.956754 0.993433
v 0.462550 1.114044 1.025493
v 0.514014 1.114044 1.025493
v 0.565478 1.114044 1.025493
v 0.462550 1.114044 0.993433
v 0.514014 1.114044 0.993433
v 0.565478 1.114044 0.993433
v 0.462550 0.956754 1.138779
v 0.514014 0.956754 1.138779
v 0.565478 0.956754 1.138779
v 1.326099 0.568107 1.009521
v 1.326099 0.708389 1.009521
v 1.185817 0.568107 1.009521
v 1.185817 0.708389 1.009521
v 1.326099 0.568107 0.764012
v 1.326099 0.708389 0.764012
v 1.185817 0.568107 0.764012
v 1.185817 0.708389 0.764012
v 1.079656 2.122292 1.006537
v 1.079656 2.262573 1.006537
v 1.079656 2.122292 0.866255
v 1.079656 2.262573 0.866255
v 1.325166 2.122292 1.006537
v 1.325166 2.262573 1.006537
v 1.325166 2.122292 0.866255
v 1.325166 2.262573 0.866255
v 1.326099 0.681610 0.529003
v 1.326099 0.821892 0.529003
v 1.185817 0.681610 0.529003
v 1.185817 0.821892 0.529003
v 1.326099 0.681610 0.283494
v 1.326099 0.821892 0.283494
v 1.185817 0.681610 0.283494
v 1.185817 0.821892 0.283494
v 1.326099 1.472564 -0.140260
v 1.326099 1.612846 -0.140260
v 1.185817 1.472564 -0.140260
v 1.185817 1.612846 -0.140260
v 1.326099 1.472564 -0.351058
v 1.326099 1.612846 -0.351058
v 1.185817 1.472564 -0.351058
v 1.185817 1.612846 -0.351058
v 1.326099 1.629639 -0.010268
v 1.326099 1.769920 -0.010268
v 1.185817 1.629639 -0.010268
v 1.185817 1.769920 -0.010268
v 1.326099 1.629639 -0.255777
v 1.326099 1.769920 -0.255777
v 1.185817 1.629639 -0.255777
v 1.185817 1.769920 -0.255777
v 1.326099 1.934290 0.860034
v 1.326099 2.074572 0.860034
v 1.185817 1.934290 0.860034
v 1.185818 2.074572 0.860034
v 1.326099 1.934290 0.614525
v 1.326099 2.074572 0.614525
v 1.185817 1.934290 0.614525
v 1.185818 2.074572 0.614525
v 1.326099 0.515269 0.117730
v 1.326099 0.655551 0.117730
v 1.185817 0.515269 0.117730
v 1.185817 0.655551 0.117730
v 1.326099 0.515269 -0.127779
v 1.326099 0.655551 -0.127779
v 1.185817 0.515269 -0.127779
v 1.185817 0.655551 -0.127779
v 1.326099 1.252479 -0.508140
v 1.326099 1.392760 -0.508140
v 1.185817 1.252479 -0.508140
v 1.185817 1.392760 -0.508140
v 1.326099 1.252479 -0.753649
v 1.326099 1.392760 -0.753649
v 1.185817 1.252479 -0.753649
v 1.185817 1.392760 -0.753649
v 1.326099 1.707959 1.009521
v 1.326099 1.848240 1.009521
v 1.185817 1.707959 1.009521
v 1.185817 1.848240 1.009521
v 1.326099 1.707959 0.764012
v 1.326099 1.848240 0.764012
v 1.185817 1.707959 0.764012
v 1.185817 1.848240 0.764012
v -0.047845 0.621906 -1.016168
v -0.047845 0.762187 -1.016168
v -0.047845 0.621906 -0.875887
v -0.047845 0.762187 -0.875887
v -0.293354 0.621906 -1.016168
v -0.293354 0.762187 -1.016168
v -0.293354 0.621906 -0.875887
v -0.293354 0.762187 -0.875887
v 1.316468 0.778116 -0.769726
v 1.316468 0.918397 -0.769726
v 1.176186 0.778116 -0.769726
v 1.176186 0.918397 -0.769726
v 1.316468 0.778116 -1.015235
v 1.316468 0.918397 -1.015235
v 1.176186 0.778116 -1.015235
v 1.176186 0.918397 -1.015235
v -0.551707 1.150001 -1.016168
v -0.551707 1.290282 -1.016168
v -0.551707 1.150001 -0.875887
v -0.551707 1.290282 -0.875887
v -0.797216 1.150001 -1.016168
v -0.797216 1.290282 -1.016168
v -0.797216 1.150001 -0.875887
v -0.797216 1.290282 -0.875887
v 0.853391 1.636387 -0.875887
v 0.853391 1.496105 -0.875887
v 0.853391 1.636387 -1.016168
v 0.853391 1.496105 -1.016168
v 1.098900 1.636387 -0.875887
v 1.098900 1.496105 -0.875887
v 1.098900 1.636387 -1.016168
v 1.098900 1.496105 -1.016168
v -0.184477 2.009036 -1.016168
v -0.184477 2.149318 -1.016168
v -0.184477 2.009036 -0.875887
v -0.184477 2.149318 -0.875887
v -0.429986 2.009036 -1.016168
v -0.429986 2.149318 -1.016168
v -0.429986 2.009036 -0.875887
v -0.429986 2.149318 -0.875887
v 1.319452 1.665598 -1.016168
v 1.319452 1.805879 -1.016168
v 1.319452 1.665598 -0.875887
v 1.319452 1.805879 -0.875887
v 1.073943 1.665598 -1.016168
v 1.073943 1.805879 -1.016168
v 1.073943 1.665598 -0.875887
v 1.073943 1.805879 -0.875887
v -0.968740 0.950008 -1.009521
v -0.968740 1.090290 -1.009521
v -0.828458 0.950008 -1.009521
v -0.828458 1.090290 -1.009521
v -0.968740 0.950008 -0.764012
v -0.968740 1.090290 -0.764012
v -0.828459 0.950008 -0.764012
v -0.828458 1.090290 -0.764012
v -0.968740 0.967347 -0.529003
v -0.968740 1.107628 -0.529003
v -0.828459 0.967347 -0.529003
v -0.828458 1.107628 -0.529003
v -0.968740 0.967347 -0.283494
v -0.968740 1.107628 -0.283494
v -0.828459 0.967347 -0.283494
v -0.828458 1.107628 -0.283494
v -0.968740 1.471669 -0.387037
v -0.968740 1.611951 -0.387037
v -0.828458 1.471669 -0.387037
v -0.828458 1.611951 -0.387037
v -0.968740 1.471669 -0.176239
v -0.968740 1.611951 -0.176239
v -0.828458 1.471669 -0.176239
v -0.828458 1.611951 -0.176239
v -0.968740 1.628744 -0.517030
v -0.968740 1.769025 -0.517030
v -0.828458 1.628744 -0.517030
v -0.828458 1.769025 -0.517030
v -0.968740 1.628744 -0.271521
v -0.968740 1.769025 -0.271521
v -0.828458 1.628744 -0.271521
v -0.828458 1.769025 -0.271521
v -0.968740 1.976547 0.468332
v -0.968740 2.116828 0.468332
v -0.828458 1.976547 0.468332
v -0.828458 2.116828 0.468332
v -0.968740 1.976547 0.713841
v -0.968740 2.116828 0.713841
v -0.828458 1.976547 0.713841
v -0.828458 2.116828 0.713841
v -0.968740 0.515269 -0.117730
v -0.968740 0.655551 -0.117730
v -0.828459 0.515269 -0.117730
v -0.828459 0.655551 -0.117730
v -0.968740 0.515269 0.127779
v -0.968740 0.655551 0.127779
v -0.828459 0.515269 0.127779
v -0.828459 0.655551 0.127779
v -0.968740 1.870997 -1.009521
v -0.968740 2.011278 -1.009521
v -0.828458 1.870997 -1.009521
v -0.828458 2.011278 -1.009521
v -0.968740 1.870997 -0.764012
v -0.968740 2.011278 -0.764012
v -0.828458 1.870997 -0.764012
v -0.828458 2.011278 -0.764012
v -0.968740 1.793401 -0.387037
v -0.968740 1.933683 -0.387037
v -0.828458 1.793401 -0.387037
v -0.828458 1.933683 -0.387037
v -0.968740 1.793401 -0.141528
v -0.968740 1.933683 -0.141528
v -0.828458 1.793401 -0.141528
v -0.828458 1.933683 -0.141528
v -0.962093 0.621906 1.016168
v -0.962093 0.762187 1.016168
v -0.962093 0.621906 0.875887
v -0.962093 0.762187 0.875887
v -0.716584 0.621906 1.016168
v -0.716584 0.762187 1.016168
v -0.716584 0.621906 0.875887
v -0.716584 0.762187 0.875887
v -0.959109 0.778116 0.769726
v -0.959109 0.918397 0.769726
v -0.818827 0.778116 0.769726
v -0.818827 0.918397 0.769726
v -0.959109 0.778116 1.015235
v -0.959109 0.918397 1.015235
v -0.818827 0.778116 1.015235
v -0.818827 0.918397 1.015235
v -0.518027 0.969009 1.016168
v -0.518027 1.109291 1.016168
v -0.518027 0.969009 0.875887
v -0.518027 1.109291 0.875887
v -0.272518 0.969009 1.016168
v -0.272518 1.109291 1.016168
v -0.272518 0.969009 0.875887
v -0.272518 1.109291 0.875887
v 0.779073 1.307076 1.016168
v 0.779073 1.447357 1.016168
v 0.779073 1.307076 0.875887
v 0.779073 1.447357 0.875887
v 1.024582 1.307076 1.016168
v 1.024582 1.447357 1.016168
v 1.024582 1.307076 0.875887
v 1.024582 1.447357 0.875887
v 0.714076 2.181277 1.016168
v 0.714076 2.321558 1.016168
v 0.714076 2.181277 0.875887
v 0.714076 2.321558 0.875887
v 0.959585 2.181277 1.016168
v 0.959585 2.321558 1.016168
v 0.959586 2.181277 0.875887
v 0.959586 2.321558 0.875887
v -0.962093 1.598909 1.016168
v -0.962093 1.739190 1.016168
v -0.962093 1.598909 0.875887
v -0.962093 1.739190 0.875887
v -0.716584 1.598909 1.016168
v -0.716584 1.739190 1.016168
v -0.716584 1.598909 0.875887
v -0.716584 1.739190 0.875887
v -0.982254 2.576811 0.985434
v -0.938006 2.576811 1.029682
v -0.938006 2.576811 -1.029682
v -0.982254 2.576811 -0.985434
v 1.339613 2.576811 -0.985434
v 1.295365 2.576811 -1.029682
v 1.295365 2.576811 1.029682
v 1.339613 2.576811 0.985434
v -0.928213 0.392432 1.019449
v -0.972021 0.392432 0.975641
v -0.972021 0.392432 -0.975641
v -0.928213 0.392432 -1.019449
v 1.329380 0.392432 0.975641
v 1.285572 0.392432 1.019449
v 1.285572 0.392432 -1.019449
v 1.329380 0.392432 -0.975641
v -0.928213 -0.003245 1.019449
v -0.972021 -0.003245 0.975641
v -0.972021 -0.003245 -0.975641
v -0.928213 -0.003245 -1.019449
v 1.329380 -0.003245 0.975641
v 1.285572 -0.003245 1.019449
v 1.285572 -0.003245 -1.019449
v 1.329380 -0.003245 -0.975641
v -0.875473 0.392432 0.964341
v -0.916913 0.392432 0.922901
v -0.916913 0.392432 -0.922901
v -0.875473 0.392432 -0.964341
v 1.274272 0.392432 0.922901
v 1.232832 0.392432 0.964341
v 1.232832 0.392432 -0.964341
v 1.274272 0.392432 -0.922901
v -0.216710 0.392432 1.019449
v -0.216710 -0.003245 1.019449
v -0.216710 0.392432 0.964341
v 0.564192 0.392432 1.019449
v 0.564192 -0.003245 1.019449
v 0.564192 0.392432 0.964341
v -0.216710 -0.003245 0.964341
v 0.564192 -0.003245 0.964341
v 1.337320 -0.003245 -1.024176
v 1.337320 0.126212 -1.024176
v 1.337320 -0.003245 -0.966601
v 1.337320 0.126212 -0.966601
v 1.098559 -0.003245 -1.024176
v 1.098559 0.126212 -1.024176
v 1.098559 -0.003245 -0.966602
v 1.098559 0.126212 -0.966602
v 1.219198 0.137814 -1.051325
v 1.219198 0.274894 -1.051325
v 1.219198 0.140461 -0.887751
v 1.219198 0.282010 -0.887751
v 0.980437 0.135392 -1.051325
v 0.980437 0.270372 -1.051325
v 0.980437 0.133946 -0.887751
v 0.980437 0.282446 -0.887751
v 1.337320 0.273858 -1.024176
v 1.337320 0.415954 -1.024176
v 1.337320 0.281671 -0.966601
v 1.337320 0.413242 -0.966601
v 1.098559 0.282827 -1.024176
v 1.098559 0.410284 -1.024176
v 1.098559 0.290556 -0.966602
v 1.098559 0.410559 -0.966602
v 1.087502 -0.003245 -1.033535
v 1.087502 0.126212 -1.033535
v 1.087502 -0.003245 -0.887751
v 1.087502 0.126728 -0.887751
v 0.848742 -0.003245 -1.033535
v 0.848742 0.126212 -1.033535
v 0.848742 -0.003245 -0.887751
v 0.848742 0.126212 -0.887751
v 0.969380 0.137271 -1.024176
v 0.969380 0.270372 -1.024176
v 0.969380 0.136085 -0.887751
v 0.969380 0.270372 -0.887751
v 0.730620 0.135935 -1.024176
v 0.730620 0.275938 -1.024176
v 0.730620 0.150421 -0.887751
v 0.730620 0.270372 -0.887751
v 1.087502 0.273858 -1.024176
v 1.087502 0.417489 -1.024176
v 1.087502 0.279869 -0.887751
v 1.087502 0.411950 -0.887751
v 0.848742 0.273858 -1.024176
v 0.848742 0.413630 -1.024176
v 0.848742 0.273858 -0.887751
v 0.848742 0.421593 -0.887751
v 0.837684 -0.003245 -1.024176
v 0.837684 0.130534 -1.024176
v 0.837684 -0.003245 -0.887751
v 0.837684 0.128924 -0.887751
v 0.598924 -0.003245 -1.024176
v 0.598924 0.126212 -1.024176
v 0.598924 -0.003245 -0.887751
v 0.598924 0.137605 -0.887751
v 0.719562 0.133946 -1.051325
v 0.719562 0.272660 -1.051325
v 0.719562 0.133946 -0.887751
v 0.719562 0.276263 -0.887751
v 0.480802 0.133946 -1.051325
v 0.480802 0.270372 -1.051325
v 0.480802 0.143941 -0.887751
v 0.480802 0.270372 -0.887751
v 0.837684 0.273858 -1.024176
v 0.837684 0.416138 -1.024176
v 0.837684 0.282320 -0.887751
v 0.837684 0.410284 -0.887751
v 0.598924 0.273858 -1.024176
v 0.598924 0.410284 -1.024176
v 0.598924 0.273858 -0.887751
v 0.598924 0.417088 -0.887751
v 0.587867 -0.003245 -1.033535
v 0.587867 0.133028 -1.033535
v 0.587867 -0.003245 -0.887751
v 0.587867 0.126212 -0.887751
v 0.349106 -0.003245 -1.033535
v 0.349106 0.132925 -1.033535
v 0.349106 -0.003245 -0.887751
v 0.349106 0.126212 -0.887751
v 0.469745 0.133946 -1.024176
v 0.469745 0.270372 -1.024176
v 0.469745 0.136132 -0.887751
v 0.469745 0.270372 -0.887751
v -0.031519 0.133946 -1.024176
v -0.031519 0.272182 -1.024176
v -0.031519 0.144411 -0.887751
v -0.031519 0.283457 -0.887751
v 0.587867 0.273858 -1.033535
v 0.587867 0.410284 -1.033535
v 0.587867 0.273858 -0.887751
v 0.587867 0.410284 -0.887751
v 0.349106 0.281415 -1.033535
v 0.349106 0.415743 -1.033535
v 0.349106 0.273858 -0.887751
v 0.349106 0.410284 -0.887751
v 0.338049 -0.003245 -1.024176
v 0.338049 0.132056 -1.024176
v 0.338049 -0.003245 -0.887751
v 0.338049 0.135746 -0.887751
v -0.163215 -0.003245 -1.024177
v -0.163215 0.126212 -1.024177
v -0.163215 -0.003245 -0.887751
v -0.163215 0.126212 -0.887751
v -0.042576 0.146542 -1.024176
v -0.042576 0.270372 -1.024176
v -0.042576 0.142764 -0.887751
v -0.042576 0.282038 -0.887751
v -0.281337 0.138234 -1.024177
v -0.281337 0.270372 -1.024177
v -0.281337 0.133946 -0.887751
v -0.281337 0.279741 -0.887751
v 0.338049 0.273858 -1.051325
v 0.338049 0.412416 -1.051325
v 0.338049 0.273858 -0.887751
v 0.338049 0.418846 -0.887751
v -0.163215 0.273858 -1.051325
v -0.163215 0.410284 -1.051325
v -0.163215 0.287172 -0.887751
v -0.163215 0.414834 -0.887751
v -0.174272 -0.003245 -1.051325
v -0.174272 0.126394 -1.051325
v -0.174272 -0.003245 -0.887751
v -0.174272 0.144377 -0.887751
v -0.413033 -0.003245 -1.051325
v -0.413033 0.126212 -1.051325
v -0.413033 -0.003245 -0.887751
v -0.413033 0.133827 -0.887751
v -0.292394 0.133946 -1.033535
v -0.292394 0.270372 -1.033535
v -0.292394 0.137288 -0.887751
v -0.292394 0.270372 -0.887751
v -0.531154 0.136690 -1.033535
v -0.531154 0.270372 -1.033535
v -0.531155 0.133946 -0.887751
v -0.531155 0.270372 -0.887751
v -0.174272 0.283679 -1.024177
v -0.174272 0.410284 -1.024177
v -0.174272 0.273858 -0.887751
v -0.174272 0.410284 -0.887751
v -0.413033 0.273858 -1.024177
v -0.413033 0.410284 -1.024177
v -0.413033 0.273858 -0.887751
v -0.413033 0.410284 -0.887751
v -0.424090 -0.003245 -1.024177
v -0.424090 0.134835 -1.024177
v -0.424090 -0.003245 -0.887751
v -0.424090 0.126212 -0.887751
v -0.662850 -0.003245 -1.024177
v -0.662850 0.129287 -1.024177
v -0.662850 -0.003245 -0.887751
v -0.662850 0.126212 -0.887751
v -0.542212 0.133946 -1.024177
v -0.542212 0.270372 -1.024177
v -0.542212 0.133946 -0.887751
v -0.542212 0.284380 -0.887751
v -0.780972 0.143358 -1.024177
v -0.780972 0.270920 -1.024177
v -0.780972 0.139835 -0.887751
v -0.780972 0.273477 -0.887751
v -0.424090 0.276366 -1.024177
v -0.424090 0.416114 -1.024177
v -0.424090 0.281991 -0.887751
v -0.424090 0.414363 -0.887751
v -0.662850 0.285746 -1.024177
v -0.662850 0.410284 -1.024177
v -0.662850 0.281773 -0.887751
v -0.662850 0.410284 -0.887751
v -0.673908 -0.003245 -1.024177
v -0.673908 0.131842 -1.024177
v -0.673908 -0.003245 -0.887751
v -0.673908 0.130355 -0.887751
v -0.912668 -0.003245 -1.024177
v -0.912668 0.130618 -1.024177
v -0.912668 -0.003245 -0.887751
v -0.912668 0.132411 -0.887751
v -0.792030 0.133946 -1.024177
v -0.792030 0.270372 -1.024177
v -0.792030 0.133946 -0.926153
v -0.792030 0.270372 -0.926153
v -0.976594 0.135332 -1.024177
v -0.976594 0.270372 -1.024177
v -0.976594 0.135063 -0.926153
v -0.976594 0.272305 -0.926153
v -0.673908 0.273858 -1.024177
v -0.673908 0.410284 -1.024177
v -0.673908 0.279508 -0.887751
v -0.673908 0.415936 -0.887751
v -0.912668 0.273858 -1.024177
v -0.912668 0.410284 -1.024177
v -0.912668 0.273858 -0.887751
v -0.912668 0.413318 -0.887751
v -0.976748 -0.003245 -1.027389
v -0.976748 0.126212 -1.027389
v -0.920876 -0.003245 -1.027389
v -0.920876 0.126212 -1.027389
v -0.976748 -0.003245 -0.788628
v -0.976748 0.126212 -0.788628
v -0.920876 -0.003245 -0.788628
v -0.920876 0.126212 -0.788628
v -0.998500 0.137814 -0.909267
v -0.998500 0.274894 -0.909267
v -0.840323 0.140461 -0.909267
v -0.840323 0.282010 -0.909267
v -0.998500 0.135392 -0.670506
v -0.998500 0.270372 -0.670506
v -0.840323 0.133946 -0.670506
v -0.840323 0.282447 -0.670506
v -0.976748 0.273858 -1.027389
v -0.976748 0.415954 -1.027389
v -0.920876 0.281671 -1.027389
v -0.920876 0.413242 -1.027389
v -0.976748 0.282827 -0.788628
v -0.976748 0.410284 -0.788628
v -0.920876 0.290556 -0.788628
v -0.920876 0.410559 -0.788628
v -0.976748 -0.003245 -0.777571
v -0.976748 0.126212 -0.777571
v -0.840323 -0.003245 -0.777571
v -0.840323 0.126728 -0.777571
v -0.976748 -0.003245 -0.538810
v -0.976748 0.126212 -0.538810
v -0.840323 -0.003245 -0.538811
v -0.840323 0.126212 -0.538811
v -0.976748 0.137271 -0.659449
v -0.976748 0.270372 -0.659449
v -0.840323 0.136085 -0.659449
v -0.840323 0.270372 -0.659449
v -0.976748 0.135935 -0.420689
v -0.976748 0.275938 -0.420689
v -0.840323 0.150421 -0.420689
v -0.840323 0.270372 -0.420689
v -0.980923 0.273858 -0.777571
v -0.980923 0.417489 -0.777571
v -0.840323 0.279869 -0.777571
v -0.840323 0.411950 -0.777571
v -0.980923 0.273858 -0.538811
v -0.980923 0.413630 -0.538811
v -0.840323 0.273858 -0.538811
v -0.840323 0.421593 -0.538811
v -0.980923 -0.003245 -0.527753
v -0.980923 0.130534 -0.527753
v -0.840323 -0.003245 -0.527753
v -0.840323 0.128924 -0.527753
v -0.980923 -0.003245 -0.288993
v -0.980923 0.126212 -0.288993
v -0.840323 -0.003245 -0.288993
v -0.840323 0.137605 -0.288993
v -0.976748 0.133946 -0.409631
v -0.976748 0.272660 -0.409631
v -0.840323 0.133946 -0.409631
v -0.840323 0.276263 -0.409631
v -0.976748 0.133946 -0.170871
v -0.976748 0.270372 -0.170871
v -0.840323 0.143941 -0.170871
v -0.840323 0.270372 -0.170871
v -0.976748 0.273858 -0.527753
v -0.976748 0.416138 -0.527753
v -0.840323 0.282320 -0.527753
v -0.840323 0.410284 -0.527753
v -0.976748 0.273858 -0.288993
v -0.976748 0.410284 -0.288993
v -0.840323 0.273858 -0.288993
v -0.840323 0.417088 -0.288993
v -0.976748 -0.003245 -0.277936
v -0.976748 0.133028 -0.277936
v -0.840323 -0.003245 -0.277935
v -0.840323 0.126212 -0.277935
v -0.976748 -0.003245 -0.039175
v -0.976748 0.132925 -0.039175
v -0.840323 -0.003245 -0.039175
v -0.840323 0.126212 -0.039175
v -0.976748 0.133946 -0.159813
v -0.976748 0.270372 -0.159813
v -0.840323 0.136132 -0.159813
v -0.840323 0.270372 -0.159813
v -0.976748 0.133946 0.078947
v -0.976748 0.272182 0.078947
v -0.840323 0.144411 0.078947
v -0.840323 0.283457 0.078947
v -0.998500 0.273858 -0.277936
v -0.998500 0.410284 -0.277936
v -0.840323 0.273858 -0.277935
v -0.840323 0.410284 -0.277935
v -0.998500 0.281415 -0.039175
v -0.998500 0.415743 -0.039175
v -0.840323 0.273858 -0.039175
v -0.840323 0.410284 -0.039175
v -0.976748 -0.003245 -0.028118
v -0.976748 0.132056 -0.028118
v -0.840323 -0.003245 -0.028118
v -0.840323 0.135746 -0.028118
v -0.976748 -0.003245 0.210643
v -0.976748 0.126212 0.210643
v -0.840323 -0.003245 0.210643
v -0.840323 0.126212 0.210643
v -0.976748 0.146542 0.090004
v -0.976748 0.270372 0.090004
v -0.840323 0.142764 0.090004
v -0.840323 0.282038 0.090004
v -0.976748 0.138234 0.328765
v -0.976748 0.270372 0.328765
v -0.840323 0.133946 0.328765
v -0.840323 0.279741 0.328765
v -0.976748 0.273858 -0.028118
v -0.976748 0.412416 -0.028118
v -0.840323 0.273858 -0.028118
v -0.840323 0.418846 -0.028118
v -0.976748 0.273858 0.210643
v -0.976748 0.410284 0.210643
v -0.840323 0.287172 0.210643
v -0.840323 0.414834 0.210643
v -0.998500 -0.003245 0.221700
v -0.998500 0.126394 0.221700
v -0.840323 -0.003245 0.221700
v -0.840323 0.144377 0.221700
v -0.998500 -0.003245 0.460461
v -0.998500 0.126212 0.460461
v -0.840323 -0.003245 0.460461
v -0.840323 0.133827 0.460461
v -0.980923 0.133946 0.339822
v -0.980923 0.270372 0.339822
v -0.840323 0.137288 0.339822
v -0.840323 0.270372 0.339822
v -0.980923 0.136690 0.578583
v -0.980923 0.270372 0.578583
v -0.840323 0.133946 0.578583
v -0.840323 0.270372 0.578583
v -0.976748 0.283679 0.221700
v -0.976748 0.410284 0.221700
v -0.840323 0.273858 0.221700
v -0.840323 0.410284 0.221700
v -0.976748 0.273858 0.460461
v -0.976748 0.410284 0.460461
v -0.840323 0.273858 0.460461
v -0.840323 0.410284 0.460461
v -0.976748 -0.003245 0.471518
v -0.976748 0.134835 0.471518
v -0.840323 -0.003245 0.471518
v -0.840323 0.126212 0.471518
v -0.976748 -0.003245 0.710279
v -0.976748 0.129287 0.710279
v -0.840323 -0.003245 0.710279
v -0.840323 0.126212 0.710279
v -0.976748 0.133946 0.589640
v -0.976748 0.270372 0.589640
v -0.840323 0.133946 0.589640
v -0.840323 0.284380 0.589640
v -0.976748 0.143358 0.828401
v -0.976748 0.270920 0.828401
v -0.840323 0.139835 0.828401
v -0.840323 0.273477 0.828401
v -0.976748 0.276366 0.471518
v -0.976748 0.416114 0.471518
v -0.840323 0.281991 0.471518
v -0.840323 0.414363 0.471518
v -0.976748 0.285746 0.710279
v -0.976748 0.410284 0.710279
v -0.840323 0.281773 0.710279
v -0.840323 0.410284 0.710279
v -0.976748 -0.003245 0.721336
v -0.976748 0.131842 0.721336
v -0.840323 -0.003245 0.721336
v -0.840323 0.130355 0.721336
v -0.976748 -0.003245 0.960097
v -0.976748 0.130618 0.960097
v -0.840323 -0.003245 0.960097
v -0.840323 0.132411 0.960097
v -0.976748 0.133946 0.839458
v -0.976748 0.270372 0.839458
v -0.869004 0.133946 0.839458
v -0.869004 0.270372 0.839458
v -0.976748 0.135332 1.034633
v -0.976748 0.270372 1.034633
v -0.869004 0.135063 1.034633
v -0.869004 0.272305 1.034633
v -0.976748 0.273858 0.721336
v -0.976748 0.410284 0.721336
v -0.840323 0.279508 0.721336
v -0.840323 0.415936 0.721336
v -0.976748 0.273858 0.960097
v -0.976748 0.410284 0.960097
v -0.840323 0.273858 0.960097
v -0.840323 0.413318 0.960097
v 1.334107 -0.003245 1.027389
v 1.334107 0.126212 1.027389
v 1.273364 -0.003245 1.027389
v 1.273364 0.126212 1.027389
v 1.334107 -0.003245 0.788628
v 1.334107 0.126212 0.788628
v 1.273364 -0.003245 0.788628
v 1.273364 0.126809 0.788628
v 1.334107 0.137814 0.909267
v 1.334107 0.274894 0.909267
v 1.197682 0.140461 0.909267
v 1.197682 0.282010 0.909267
v 1.334107 0.135392 0.670506
v 1.334107 0.270372 0.670506
v 1.197682 0.133946 0.670506
v 1.197682 0.282447 0.670506
v 1.334107 0.273858 1.027389
v 1.334107 0.415954 1.027389
v 1.273364 0.273858 1.027389
v 1.273364 0.413125 1.027389
v 1.334107 0.282827 0.788628
v 1.334107 0.410284 0.788628
v 1.273364 0.290632 0.788628
v 1.273364 0.417499 0.788628
v 1.334107 -0.003245 0.777571
v 1.334107 0.126212 0.777571
v 1.273364 -0.003245 0.777571
v 1.273364 0.126212 0.777571
v 1.334107 -0.003245 0.538810
v 1.334107 0.126212 0.538810
v 1.273364 -0.003245 0.538810
v 1.273364 0.129996 0.538810
v 1.358108 0.137271 0.659449
v 1.358108 0.270372 0.659449
v 1.197682 0.136085 0.659449
v 1.197682 0.270372 0.659449
v 1.358108 0.135935 0.420688
v 1.358108 0.275938 0.420688
v 1.197682 0.150421 0.420688
v 1.197682 0.270372 0.420688
v 1.334107 0.273858 0.777571
v 1.334107 0.417489 0.777571
v 1.273364 0.273858 0.777571
v 1.273364 0.410284 0.777571
v 1.334107 0.273858 0.538810
v 1.334107 0.413630 0.538810
v 1.273364 0.279466 0.538810
v 1.273364 0.410284 0.538810
v 1.334107 -0.003245 0.527753
v 1.334107 0.130534 0.527753
v 1.273364 -0.003245 0.527753
v 1.273364 0.126212 0.527753
v 1.334107 -0.003245 0.288993
v 1.334107 0.126212 0.288993
v 1.273364 -0.003245 0.288993
v 1.273364 0.129294 0.288993
v 1.329987 0.133946 0.409631
v 1.329987 0.272660 0.409631
v 1.197682 0.133946 0.409631
v 1.197682 0.276263 0.409631
v 1.329987 0.133946 0.170871
v 1.329987 0.270372 0.170871
v 1.197682 0.143941 0.170871
v 1.197682 0.270372 0.170871
v 1.334107 0.273858 0.527753
v 1.334107 0.416138 0.527753
v 1.273364 0.273858 0.527753
v 1.273364 0.421326 0.527753
v 1.334107 0.273858 0.288993
v 1.334107 0.410284 0.288993
v 1.273364 0.283571 0.288993
v 1.273364 0.410728 0.288993
v 1.334107 -0.003245 0.277935
v 1.334107 0.133028 0.277935
v 1.273364 -0.003245 0.277935
v 1.273364 0.126212 0.277935
v 1.334107 -0.003245 0.039175
v 1.334107 0.132925 0.039175
v 1.273364 -0.003245 0.039175
v 1.273364 0.133386 0.039175
v 1.334107 0.133946 0.159813
v 1.334107 0.270372 0.159813
v 1.197682 0.136132 0.159813
v 1.197682 0.270372 0.159813
v 1.334107 0.133946 -0.078947
v 1.334107 0.272182 -0.078947
v 1.197682 0.144411 -0.078947
v 1.197682 0.283457 -0.078947
v 1.334107 0.273858 0.277935
v 1.334107 0.410284 0.277935
v 1.273364 0.273858 0.277935
v 1.273364 0.410284 0.277935
v 1.334107 0.281415 0.039175
v 1.334107 0.415743 0.039175
v 1.273364 0.273858 0.039175
v 1.273364 0.413267 0.039175
v 1.358108 -0.003245 0.028118
v 1.358108 0.132056 0.028118
v 1.273364 -0.003245 0.028118
v 1.273364 0.131654 0.028118
v 1.358108 -0.003245 -0.210643
v 1.358108 0.126212 -0.210643
v 1.273364 -0.003245 -0.210643
v 1.273364 0.126212 -0.210643
v 1.334107 0.146542 -0.090004
v 1.334107 0.270372 -0.090004
v 1.197682 0.142764 -0.090004
v 1.197682 0.282038 -0.090004
v 1.334107 0.138234 -0.328765
v 1.334107 0.270372 -0.328765
v 1.197682 0.133946 -0.328765
v 1.197682 0.279741 -0.328765
v 1.334107 0.273858 0.028118
v 1.334107 0.412416 0.028118
v 1.273364 0.279495 0.028118
v 1.273364 0.410284 0.028118
v 1.334107 0.273858 -0.210643
v 1.334107 0.410284 -0.210643
v 1.273364 0.273858 -0.210643
v 1.273364 0.410284 -0.210643
v 1.334107 -0.003245 -0.221700
v 1.334107 0.126394 -0.221700
v 1.273364 -0.003245 -0.221700
v 1.273364 0.144896 -0.221700
v 1.334107 -0.003245 -0.460461
v 1.334107 0.126212 -0.460461
v 1.273364 -0.003245 -0.460461
v 1.273364 0.128666 -0.460461
v 1.334107 0.133946 -0.339822
v 1.334107 0.270372 -0.339822
v 1.197682 0.137288 -0.339822
v 1.197682 0.270372 -0.339822
v 1.334107 0.136690 -0.578583
v 1.334107 0.270372 -0.578583
v 1.197682 0.133946 -0.578583
v 1.197682 0.270372 -0.578583
v 1.334107 0.283679 -0.221700
v 1.334107 0.410284 -0.221700
v 1.273364 0.273858 -0.221700
v 1.273364 0.421682 -0.221700
v 1.334107 0.273858 -0.460461
v 1.334107 0.410284 -0.460461
v 1.273364 0.283900 -0.460461
v 1.273364 0.410284 -0.460461
v 1.334107 -0.003245 -0.471518
v 1.334107 0.134835 -0.471518
v 1.273364 -0.003245 -0.471518
v 1.273364 0.131227 -0.471518
v 1.334107 -0.003245 -0.710279
v 1.334107 0.129287 -0.710279
v 1.273364 -0.003245 -0.710279
v 1.273364 0.126212 -0.710279
v 1.334107 0.133946 -0.589640
v 1.334107 0.270372 -0.589640
v 1.197682 0.133946 -0.589640
v 1.197682 0.284380 -0.589640
v 1.334107 0.143358 -0.828401
v 1.334107 0.270920 -0.828401
v 1.197682 0.139835 -0.828401
v 1.197682 0.273477 -0.828401
v 1.335894 0.276366 -0.471518
v 1.335894 0.416114 -0.471518
v 1.273364 0.273858 -0.471518
v 1.273364 0.410284 -0.471518
v 1.335894 0.285746 -0.710279
v 1.335894 0.410284 -0.710279
v 1.273364 0.273858 -0.710279
v 1.273364 0.410284 -0.710279
v 1.334107 -0.003245 -0.721336
v 1.334107 0.131842 -0.721336
v 1.273364 -0.003245 -0.721336
v 1.273364 0.126212 -0.721336
v 1.334107 -0.003245 -0.960097
v 1.334107 0.130618 -0.960097
v 1.273364 -0.003245 -0.960097
v 1.273364 0.126526 -0.960097
v 1.334107 0.133946 -0.839458
v 1.334107 0.270372 -0.839458
v 1.226858 0.133946 -0.839458
v 1.226858 0.270372 -0.839458
v 1.334107 0.135332 -1.032251
v 1.334107 0.270372 -1.032251
v 1.226858 0.135063 -1.032251
v 1.226858 0.272305 -1.032251
v 1.334107 0.273858 -0.721336
v 1.334107 0.410284 -0.721336
v 1.273364 0.273858 -0.721336
v 1.273364 0.413718 -0.721336
v 1.334107 0.273858 -0.960097
v 1.334107 0.410284 -0.960097
v 1.273364 0.283638 -0.960097
v 1.273364 0.410284 -0.960097
v -0.979961 -0.003245 1.024176
v -0.979961 0.126212 1.024176
v -0.979961 -0.003245 0.963222
v -0.979961 0.126212 0.963222
v -0.741200 -0.003245 1.024176
v -0.741200 0.126212 1.024176
v -0.741200 -0.003245 0.963222
v -0.741200 0.126212 0.963222
v -0.861839 0.137814 1.043556
v -0.861839 0.274894 1.043556
v -0.861839 0.140461 0.887751
v -0.861839 0.282010 0.887751
v -0.623078 0.135392 1.043556
v -0.623078 0.270372 1.043556
v -0.623078 0.133946 0.887751
v -0.623078 0.282447 0.887751
v -0.979961 0.273858 1.024176
v -0.979961 0.415954 1.024176
v -0.979961 0.281671 0.963222
v -0.979961 0.413242 0.963222
v -0.741200 0.282827 1.024176
v -0.741200 0.410284 1.024176
v -0.741200 0.290556 0.963222
v -0.741200 0.410559 0.963222
v -0.730143 -0.003245 1.026717
v -0.730143 0.126212 1.026717
v -0.730143 -0.003245 0.887751
v -0.730143 0.126728 0.887751
v -0.491382 -0.003245 1.026717
v -0.491382 0.126212 1.026717
v -0.491382 -0.003245 0.887751
v -0.491382 0.126212 0.887751
v -0.612021 0.137271 1.024176
v -0.612021 0.270372 1.024176
v -0.612021 0.136085 0.887751
v -0.612021 0.270372 0.887751
v -0.373260 0.135935 1.024176
v -0.373260 0.275938 1.024176
v -0.373260 0.150421 0.887751
v -0.373260 0.270372 0.887751
v -0.730143 0.273858 1.024176
v -0.730143 0.417489 1.024176
v -0.730143 0.279869 0.887751
v -0.730143 0.411950 0.887751
v -0.491382 0.273858 1.024177
v -0.491382 0.413630 1.024177
v -0.491382 0.273858 0.887751
v -0.491382 0.421593 0.887751
v -0.480325 -0.003245 1.024176
v -0.480325 0.130534 1.024176
v -0.480325 -0.003245 0.887751
v -0.480325 0.128924 0.887751
v -0.192799 -0.003245 1.024176
v -0.192799 0.126212 1.024176
v -0.192799 -0.003245 0.887751
v -0.192799 0.137605 0.887751
v -0.362203 0.133946 1.024176
v -0.362203 0.272660 1.024176
v -0.362203 0.133946 0.887751
v -0.362203 0.276263 0.887751
v -0.188437 0.133946 1.024176
v -0.188437 0.270372 1.024176
v -0.188437 0.143941 0.887751
v -0.188437 0.270372 0.887751
v -0.480325 0.273858 1.024176
v -0.480325 0.416138 1.024176
v -0.480325 0.282320 0.887751
v -0.480325 0.410284 0.887751
v -0.192799 0.273858 1.024176
v -0.192799 0.410284 1.024176
v -0.192799 0.273858 0.887751
v -0.192799 0.417088 0.887751
v 0.530998 0.146542 1.024176
v 0.530998 0.270372 1.024176
v 0.530998 0.142764 0.887751
v 0.530998 0.282038 0.887751
v 0.638696 0.138234 1.024176
v 0.638696 0.270372 1.024176
v 0.638696 0.133946 0.887751
v 0.638696 0.279741 0.887751
v 0.548934 -0.003245 1.024176
v 0.548934 0.126394 1.024176
v 0.548934 -0.003245 0.887751
v 0.548934 0.144377 0.887751
v 0.770392 -0.003245 1.024176
v 0.770392 0.126212 1.024176
v 0.770392 -0.003245 0.887751
v 0.770392 0.133827 0.887751
v 0.649753 0.133946 1.024176
v 0.649753 0.270372 1.024176
v 0.649753 0.137288 0.887751
v 0.649753 0.270372 0.887751
v 0.888514 0.136690 1.024176
v 0.888514 0.270372 1.024176
v 0.888514 0.133946 0.887751
v 0.888514 0.270372 0.887751
v 0.548934 0.283679 1.024176
v 0.548934 0.410284 1.024176
v 0.548934 0.273858 0.887751
v 0.548934 0.410284 0.887751
v 0.770392 0.273858 1.024176
v 0.770392 0.410284 1.024176
v 0.770392 0.273858 0.887751
v 0.770392 0.410284 0.887751
v 0.781449 -0.003245 1.038589
v 0.781449 0.134835 1.038589
v 0.781449 -0.003245 0.887751
v 0.781449 0.126212 0.887751
v 1.020210 -0.003245 1.038589
v 1.020210 0.129287 1.038589
v 1.020210 -0.003245 0.887751
v 1.020210 0.126212 0.887751
v 0.899571 0.133946 1.024176
v 0.899571 0.270372 1.024176
v 0.899571 0.133946 0.887751
v 0.899571 0.284380 0.887751
v 1.138332 0.143358 1.024176
v 1.138332 0.270920 1.024176
v 1.138332 0.139835 0.887751
v 1.138332 0.273477 0.887751
v 0.781449 0.276366 1.026937
v 0.781449 0.416114 1.026937
v 0.781449 0.281991 0.887751
v 0.781449 0.414363 0.887751
v 1.020210 0.285746 1.026937
v 1.020210 0.410284 1.026937
v 1.020210 0.281773 0.887751
v 1.020210 0.410284 0.887751
v 1.031267 -0.003245 1.034086
v 1.031267 0.131842 1.034086
v 1.031267 -0.003245 0.887751
v 1.031267 0.130355 0.887751
v 1.270027 -0.003245 1.034086
v 1.270027 0.130618 1.034086
v 1.270028 -0.003245 0.887751
v 1.270028 0.132411 0.887751
v 1.149389 0.133946 1.024176
v 1.149389 0.270372 1.024176
v 1.149389 0.133946 0.927237
v 1.149389 0.270372 0.927237
v 1.343479 0.135332 1.024176
v 1.343479 0.270372 1.024176
v 1.343479 0.135063 0.927237
v 1.343479 0.272305 0.927237
v 1.031267 0.273858 1.024176
v 1.031267 0.410284 1.024176
v 1.031267 0.279508 0.887751
v 1.031267 0.415936 0.887751
v 1.270028 0.273858 1.024176
v 1.270028 0.410284 1.024176
v 1.270028 0.273858 0.887751
v 1.270028 0.413318 0.887751
v -0.909600 -0.003245 1.000000
v -0.952572 -0.003245 0.957028
v -0.952572 -0.003245 -0.957028
v -0.909600 -0.003245 -1.000000
v -0.952572 2.495858 0.957028
v -0.909599 2.495858 1.000000
v -0.909599 2.495858 -1.000000
v -0.952572 2.495858 -0.957028
v -0.201080 -0.003245 1.000000
v -0.201080 2.495858 1.000000
v -0.952572 1.109901 -0.957028
v -0.952572 1.109901 0.957028
v -0.909599 1.109901 1.000000
v -0.909599 1.109901 -1.000000
v -0.201080 1.109901 1.000000
v -0.201080 -0.003245 0.957895
v -0.201080 1.109901 0.957895
v -0.437253 -0.003245 1.000000
v -0.673427 -0.003245 1.000000
v -0.437254 2.495858 1.000000
v -0.673427 2.495858 1.000000
v -0.437253 1.109901 1.000000
v -0.673426 1.109901 1.000000
v 1.266958 -0.003245 1.000000
v 1.309931 -0.003245 0.957028
v 1.309931 -0.003245 -0.957028
v 1.266958 -0.003245 -1.000000
v 1.309931 2.495858 0.957028
v 1.266959 2.495858 1.000000
v 1.266959 2.495858 -1.000000
v 1.309931 2.495858 -0.957028
v 0.558439 -0.003245 1.000000
v 0.558439 2.495858 1.000000
v 1.309931 1.109901 -0.957028
v 1.309931 1.109901 0.957028
v 1.266958 1.109901 1.000000
v 1.266958 1.109901 -1.000000
v 0.558439 1.109901 1.000000
v 0.558439 -0.003245 0.957895
v 0.558439 1.109901 0.957895
v 0.794612 -0.003245 1.000000
v 1.030785 -0.003245 1.000000
v 0.794612 2.495858 1.000000
v 1.030785 2.495858 1.000000
v 0.794612 1.109901 1.000000
v 1.030785 1.109901 1.000000
v 0.598760 -0.003245 1.101482
v 0.589357 0.327422 1.101482
v 0.598760 -0.003245 1.000194
v 0.589357 0.327422 1.000194
v 0.666776 -0.003245 1.101482
v 0.676178 0.327422 1.101482
v 0.666776 -0.003245 1.000194
v 0.676178 0.327422 1.000194
v 0.598760 -0.003245 1.349045
v 0.589357 0.186632 1.349045
v 0.676178 0.186632 1.349045
v 0.666776 -0.003245 1.349045
v 0.598760 -0.003245 1.442366
v 0.589357 0.186632 1.454873
v 0.676178 0.186632 1.454873
v 0.666776 -0.003245 1.442366
v 0.598332 0.177151 0.959575
v 0.598332 -0.003245 0.959575
v 0.598332 0.177151 1.115057
v 0.598332 -0.003245 1.115057
v 0.598332 0.128017 1.112648
v 0.598332 -0.003245 1.112648
v 0.598332 0.128017 1.268130
v 0.598332 -0.003245 1.268130
v 0.598332 0.079827 1.265722
v 0.598332 -0.003245 1.265722
v 0.598332 0.079827 1.421203
v 0.598332 -0.003245 1.421203
v 0.589357 0.261589 1.101482
v 0.589357 0.261589 1.000194
v 0.676178 0.261589 1.000194
v 0.676178 0.261589 1.101482
v 0.589357 0.120799 1.349045
v 0.676178 0.120799 1.349045
v 0.589357 0.120799 1.454873
v 0.676178 0.120799 1.454873
v 0.598760 0.261589 1.000194
v 0.666776 0.261589 1.000194
v 0.666776 0.261589 1.101482
v 0.666776 0.120799 1.349045
v 0.666776 0.120799 1.442366
v 0.598760 0.261589 1.101482
v 0.598760 0.120799 1.349045
v 0.598760 0.120799 1.442366
v -0.241401 -0.003245 1.101482
v -0.231998 0.327422 1.101482
v -0.241401 -0.003245 1.000194
v -0.231998 0.327422 1.000194
v -0.309417 -0.003245 1.101482
v -0.318819 0.327422 1.101482
v -0.309417 -0.003245 1.000194
v -0.318819 0.327422 1.000194
v -0.241401 -0.003245 1.349045
v -0.231998 0.186632 1.349045
v -0.318819 0.186632 1.349045
v -0.309417 -0.003245 1.349045
v -0.241401 -0.003245 1.442366
v -0.231998 0.186632 1.454873
v -0.318819 0.186632 1.454873
v -0.309417 -0.003245 1.442366
v -0.240973 0.177151 0.959575
v -0.240973 -0.003245 0.959575
v -0.240973 0.177151 1.115057
v -0.240973 -0.003245 1.115057
v -0.240973 0.128017 1.112648
v -0.240973 -0.003245 1.112648
v -0.240973 0.128017 1.268130
v -0.240973 -0.003245 1.268130
v -0.240973 0.079827 1.265722
v -0.240973 -0.003245 1.265722
v -0.240973 0.079827 1.421203
v -0.240973 -0.003245 1.421203
v -0.231998 0.261589 1.101482
v -0.231998 0.261589 1.000194
v -0.318819 0.261589 1.000194
v -0.318819 0.261589 1.101482
v -0.231998 0.120799 1.349045
v -0.318819 0.120799 1.349045
v -0.231998 0.120799 1.454873
v -0.318819 0.120799 1.454873
v -0.241401 0.261589 1.000194
v -0.309417 0.261589 1.000194
v -0.309417 0.261589 1.101482
v -0.309417 0.120799 1.349045
v -0.309417 0.120799 1.442366
v -0.241401 0.261589 1.101482
v -0.241401 0.120799 1.349045
v -0.241401 0.120799 1.442366
v -0.166309 1.118937 1.026923
v -0.226644 1.118937 1.026923
v -0.156548 1.118937 0.906934
v -0.220440 1.118937 0.906934
v 0.523668 1.118937 1.026923
v 0.584003 1.118937 1.026923
v 0.513907 1.118937 0.906934
v 0.577799 1.118937 0.906934
v -1.031895 1.304356 1.031008
v -0.985514 1.304356 1.077302
v -0.985514 1.304356 -1.077302
v -1.031895 1.304356 -1.031008
v 1.389254 1.304356 -1.031008
v 1.342873 1.304356 -1.077302
v 1.342873 1.304356 1.077302
v 1.389254 1.304356 1.031008
v -1.031895 1.392152 1.031008
v -0.985514 1.392152 1.077302
v -0.985514 1.392152 -1.077302
v -1.031895 1.392152 -1.031008
v 1.389254 1.392152 -1.031008
v 1.342873 1.392152 -1.077302
v 1.342873 1.392152 1.077302
v 1.389254 1.392152 1.031008
v -0.933698 1.390403 0.937207
v -0.891536 1.390403 0.979289
v -0.891536 1.390403 -0.979289
v -0.933698 1.390403 -0.937207
v 1.291056 1.390403 -0.937207
v 1.248895 1.390403 -0.979289
v 1.248895 1.390403 0.979289
v 1.291056 1.390403 0.937207
v -1.029652 2.480273 1.030796
v -0.983368 2.480273 1.077080
v -0.983368 2.480273 -1.077080
v -1.029652 2.480273 -1.030796
v 1.387011 2.480273 -1.030796
v 1.340727 2.480273 -1.077080
v 1.340727 2.480273 1.077080
v 1.387011 2.480273 1.030796
v -1.029652 2.609668 1.030796
v -0.983368 2.609668 1.077080
v -0.983368 2.609668 -1.077080
v -1.029652 2.609668 -1.030796
v 1.387011 2.609668 -1.030796
v 1.340727 2.609668 -1.077080
v 1.340727 2.609668 1.077080
v 1.387011 2.609668 1.030796
v -0.982254 2.609668 0.985434
v -0.938006 2.609668 1.029682
v -0.938006 2.609668 -1.029682
v -0.982254 2.609668 -0.985434
v 1.339613 2.609668 -0.985434
v 1.295365 2.609668 -1.029682
v 1.295365 2.609668 1.029682
v 1.339613 2.609668 0.985434
v -0.982254 2.576811 0.985434
v -0.938006 2.576811 1.029682
v -0.938006 2.576811 -1.029682
v -0.982254 2.576811 -0.985434
v 1.339613 2.576811 -0.985434
v 1.295365 2.576811 -1.029682
v 1.295365 2.576811 1.029682
v 1.339613 2.576811 0.985434
v 1.386948 1.312004 0.935583
v 1.297501 1.312004 0.935583
v 1.386948 1.312004 0.833102
v 1.297501 1.312004 0.833102
v 1.328717 1.150690 0.935583
v 1.297501 1.150690 0.935583
v 1.297501 1.150690 0.833102
v 1.328717 1.150690 0.833102
v 1.386948 1.256277 0.833102
v 1.386948 1.256277 0.935583
v 1.297501 1.256277 0.935583
v 1.297501 1.256277 0.833102
v 1.340503 1.213804 0.833102
v 1.297501 1.213804 0.935583
v 1.340503 1.213804 0.935583
v 1.297501 1.213804 0.833102
v 1.386948 1.312004 0.361694
v 1.297501 1.312004 0.361694
v 1.386948 1.312004 0.259214
v 1.297501 1.312004 0.259214
v 1.328717 1.150690 0.361694
v 1.297501 1.150690 0.361694
v 1.297501 1.150690 0.259214
v 1.328717 1.150690 0.259214
v 1.386948 1.256277 0.259214
v 1.386948 1.256277 0.361694
v 1.297501 1.256277 0.361694
v 1.297501 1.256277 0.259214
v 1.340503 1.213804 0.259214
v 1.297501 1.213804 0.361694
v 1.340503 1.213804 0.361694
v 1.297501 1.213804 0.259214
v 1.386948 1.312004 -0.212194
v 1.297501 1.312004 -0.212194
v 1.386948 1.312004 -0.314674
v 1.297501 1.312004 -0.314674
v 1.328717 1.150690 -0.212194
v 1.297501 1.150690 -0.212194
v 1.297501 1.150690 -0.314674
v 1.328717 1.150690 -0.314674
v 1.386948 1.256277 -0.314674
v 1.386948 1.256277 -0.212194
v 1.297501 1.256277 -0.212194
v 1.297501 1.256277 -0.314674
v 1.340503 1.213804 -0.314674
v 1.297501 1.213804 -0.212194
v 1.340503 1.213804 -0.212194
v 1.297501 1.213804 -0.314674
v 1.386948 1.312004 -0.786082
v 1.297501 1.312004 -0.786082
v 1.386948 1.312004 -0.888562
v 1.297501 1.312004 -0.888562
v 1.328717 1.150690 -0.786082
v 1.297501 1.150690 -0.786082
v 1.297501 1.150690 -0.888562
v 1.328717 1.150690 -0.888562
v 1.386948 1.256277 -0.888562
v 1.386948 1.256277 -0.786082
v 1.297501 1.256277 -0.786082
v 1.297501 1.256277 -0.888562
v 1.340503 1.213804 -0.888562
v 1.297501 1.213804 -0.786082
v 1.340503 1.213804 -0.786082
v 1.297501 1.213804 -0.888562
v 1.223492 1.312004 -1.070461
v 1.223492 1.312004 -0.981014
v 1.121012 1.312004 -1.070461
v 1.121012 1.312004 -0.981014
v 1.223492 1.150690 -1.012229
v 1.223492 1.150690 -0.981014
v 1.121012 1.150690 -0.981014
v 1.121012 1.150690 -1.012229
v 1.121012 1.256277 -1.070461
v 1.223492 1.256277 -1.070461
v 1.223492 1.256277 -0.981014
v 1.121012 1.256277 -0.981014
v 1.121012 1.213804 -1.024016
v 1.223492 1.213804 -0.981014
v 1.223492 1.213804 -1.024016
v 1.121012 1.213804 -0.981014
v 0.649604 1.312004 -1.070461
v 0.649604 1.312004 -0.981014
v 0.547124 1.312004 -1.070461
v 0.547124 1.312004 -0.981014
v 0.649604 1.150690 -1.012229
v 0.649604 1.150690 -0.981014
v 0.547124 1.150690 -0.981014
v 0.547124 1.150690 -1.012229
v 0.547124 1.256277 -1.070461
v 0.649604 1.256277 -1.070461
v 0.649604 1.256277 -0.981014
v 0.547124 1.256277 -0.981014
v 0.547124 1.213804 -1.024016
v 0.649604 1.213804 -0.981014
v 0.649604 1.213804 -1.024016
v 0.547124 1.213804 -0.981014
v -0.186787 1.312004 -1.070461
v -0.186787 1.312004 -0.981014
v -0.289267 1.312004 -1.070461
v -0.289267 1.312004 -0.981014
v -0.186787 1.150690 -1.012229
v -0.186787 1.150690 -0.981014
v -0.289267 1.150690 -0.981014
v -0.289267 1.150690 -1.012229
v -0.289267 1.256277 -1.070461
v -0.186787 1.256277 -1.070461
v -0.186787 1.256277 -0.981014
v -0.289267 1.256277 -0.981014
v -0.289267 1.213804 -1.024016
v -0.186787 1.213804 -0.981014
v -0.186787 1.213804 -1.024016
v -0.289267 1.213804 -0.981014
v -0.760675 1.312004 -1.070461
v -0.760675 1.312004 -0.981014
v -0.863155 1.312004 -1.070461
v -0.863155 1.312004 -0.981014
v -0.760675 1.150690 -1.012229
v -0.760675 1.150690 -0.981014
v -0.863155 1.150690 -0.981014
v -0.863155 1.150690 -1.012229
v -0.863155 1.256277 -1.070461
v -0.760675 1.256277 -1.070461
v -0.760675 1.256277 -0.981014
v -0.863155 1.256277 -0.981014
v -0.863155 1.213804 -1.024016
v -0.760675 1.213804 -0.981014
v -0.760675 1.213804 -1.024016
v -0.863155 1.213804 -0.981014
v 1.223493 2.489276 -1.070461
v 1.223493 2.489276 -0.981014
v 1.121012 2.489276 -1.070461
v 1.121012 2.489276 -0.981014
v 1.223493 2.327963 -1.012229
v 1.223493 2.327963 -0.981014
v 1.121012 2.327963 -0.981014
v 1.121012 2.327963 -1.012229
v 1.121012 2.433550 -1.070461
v 1.223493 2.433550 -1.070461
v 1.223493 2.433550 -0.981014
v 1.121012 2.433550 -0.981014
v 1.121012 2.391077 -1.024016
v 1.223493 2.391077 -0.981014
v 1.223493 2.391077 -1.024016
v 1.121012 2.391077 -0.981014
v 0.649604 2.489276 -1.070461
v 0.649604 2.489276 -0.981014
v 0.547124 2.489276 -1.070461
v 0.547124 2.489276 -0.981014
v 0.649604 2.327963 -1.012229
v 0.649604 2.327963 -0.981014
v 0.547124 2.327963 -0.981014
v 0.547124 2.327963 -1.012229
v 0.547124 2.433550 -1.070461
v 0.649604 2.433550 -1.070461
v 0.649604 2.433550 -0.981014
v 0.547124 2.433550 -0.981014
v 0.547124 2.391077 -1.024016
v 0.649604 2.391077 -0.981014
v 0.649604 2.391077 -1.024016
v 0.547124 2.391077 -0.981014
v -0.186787 2.489276 -1.070461
v -0.186787 2.489276 -0.981014
v -0.289267 2.489276 -1.070461
v -0.289267 2.489276 -0.981014
v -0.186787 2.327963 -1.012229
v -0.186787 2.327963 -0.981014
v -0.289267 2.327963 -0.981014
v -0.289267 2.327963 -1.012229
v -0.289267 2.433550 -1.070461
v -0.186787 2.433550 -1.070461
v -0.186787 2.433550 -0.981014
v -0.289267 2.433550 -0.981014
v -0.289267 2.391077 -1.024016
v -0.186787 2.391077 -0.981014
v -0.186787 2.391077 -1.024016
v -0.289267 2.391077 -0.981014
v -0.760675 2.489276 -1.070461
v -0.760675 2.489276 -0.981014
v -0.863155 2.489276 -1.070461
v -0.863155 2.489276 -0.981014
v -0.760675 2.327963 -1.012229
v -0.760675 2.327963 -0.981014
v -0.863155 2.327963 -0.981014
v -0.863155 2.327963 -1.012229
v -0.863155 2.433550 -1.070461
v -0.760675 2.433550 -1.070461
v -0.760675 2.433550 -0.981014
v -0.863155 2.433550 -0.981014
v -0.863155 2.391077 -1.024016
v -0.760675 2.391077 -0.981014
v -0.760675 2.391077 -1.024016
v -0.863155 2.391077 -0.981014
v 1.386948 2.489276 0.935583
v 1.297501 2.489276 0.935583
v 1.386948 2.489276 0.833102
v 1.297501 2.489276 0.833102
v 1.328717 2.327963 0.935583
v 1.297501 2.327963 0.935583
v 1.297501 2.327963 0.833102
v 1.328717 2.327963 0.833102
v 1.386948 2.433550 0.833102
v 1.386948 2.433550 0.935583
v 1.297501 2.433550 0.935583
v 1.297501 2.433550 0.833102
v 1.340503 2.391077 0.833102
v 1.297501 2.391077 0.935583
v 1.340503 2.391077 0.935583
v 1.297501 2.391077 0.833102
v 1.386948 2.489276 0.361694
v 1.297501 2.489276 0.361694
v 1.386948 2.489276 0.259214
v 1.297501 2.489276 0.259214
v 1.328717 2.327963 0.361694
v 1.297501 2.327963 0.361694
v 1.297501 2.327963 0.259214
v 1.328717 2.327963 0.259214
v 1.386948 2.433550 0.259214
v 1.386948 2.433550 0.361694
v 1.297501 2.433550 0.361694
v 1.297501 2.433550 0.259214
v 1.340503 2.391077 0.259214
v 1.297501 2.391077 0.361694
v 1.340503 2.391077 0.361694
v 1.297501 2.391077 0.259214
v 1.386948 2.489276 -0.212194
v 1.297501 2.489276 -0.212194
v 1.386948 2.489276 -0.314674
v 1.297501 2.489276 -0.314674
v 1.328717 2.327963 -0.212194
v 1.297501 2.327963 -0.212194
v 1.297501 2.327963 -0.314674
v 1.328717 2.327963 -0.314674
v 1.386948 2.433550 -0.314674
v 1.386948 2.433550 -0.212194
v 1.297501 2.433550 -0.212194
v 1.297501 2.433550 -0.314674
v 1.340503 2.391077 -0.314674
v 1.297501 2.391077 -0.212194
v 1.340503 2.391077 -0.212194
v 1.297501 2.391077 -0.314674
v 1.386948 2.489276 -0.786082
v 1.297501 2.489276 -0.786082
v 1.386948 2.489276 -0.888562
v 1.297501 2.489276 -0.888562
v 1.328717 2.327963 -0.786082
v 1.297501 2.327963 -0.786082
v 1.297501 2.327963 -0.888562
v 1.328717 2.327963 -0.888562
v 1.386948 2.433550 -0.888562
v 1.386948 2.433550 -0.786082
v 1.297501 2.433550 -0.786082
v 1.297501 2.433550 -0.888562
v 1.340503 2.391077 -0.888562
v 1.297501 2.391077 -0.786082
v 1.340503 2.391077 -0.786082
v 1.297501 2.391077 -0.888562
v -1.029589 2.489276 -0.935583
v -0.940142 2.489276 -0.935583
v -1.029589 2.489276 -0.833102
v -0.940142 2.489276 -0.833102
v -0.971358 2.327962 -0.935583
v -0.940142 2.327962 -0.935583
v -0.940142 2.327962 -0.833102
v -0.971358 2.327962 -0.833102
v -1.029589 2.433549 -0.833102
v -1.029589 2.433549 -0.935583
v -0.940142 2.433549 -0.935583
v -0.940142 2.433549 -0.833102
v -0.983145 2.391077 -0.833102
v -0.940142 2.391077 -0.935583
v -0.983145 2.391077 -0.935583
v -0.940142 2.391077 -0.833102
v -1.029589 2.489276 -0.361694
v -0.940142 2.489276 -0.361694
v -1.029589 2.489276 -0.259214
v -0.940142 2.489276 -0.259214
v -0.971358 2.327962 -0.361694
v -0.940142 2.327962 -0.361694
v -0.940142 2.327962 -0.259214
v -0.971358 2.327962 -0.259214
v -1.029589 2.433549 -0.259214
v -1.029589 2.433549 -0.361694
v -0.940142 2.433549 -0.361694
v -0.940142 2.433549 -0.259214
v -0.983145 2.391077 -0.259214
v -0.940142 2.391077 -0.361694
v -0.983145 2.391077 -0.361694
v -0.940142 2.391077 -0.259214
v -1.029589 2.489276 0.212194
v -0.940142 2.489276 0.212194
v -1.029589 2.489276 0.314674
v -0.940142 2.489276 0.314674
v -0.971358 2.327962 0.212194
v -0.940142 2.327962 0.212194
v -0.940142 2.327962 0.314674
v -0.971358 2.327962 0.314674
v -1.029589 2.433549 0.314674
v -1.029589 2.433549 0.212194
v -0.940142 2.433549 0.212194
v -0.940142 2.433549 0.314674
v -0.983145 2.391077 0.314674
v -0.940142 2.391077 0.212194
v -0.983145 2.391077 0.212194
v -0.940142 2.391077 0.314674
v -1.029589 2.489276 0.786082
v -0.940142 2.489276 0.786082
v -1.029589 2.489276 0.888562
v -0.940142 2.489276 0.888562
v -0.971358 2.327962 0.786082
v -0.940142 2.327962 0.786082
v -0.940142 2.327962 0.888562
v -0.971358 2.327962 0.888562
v -1.029589 2.433549 0.888562
v -1.029589 2.433549 0.786082
v -0.940142 2.433549 0.786082
v -0.940142 2.433549 0.888562
v -0.983145 2.391077 0.888562
v -0.940142 2.391077 0.786082
v -0.983145 2.391077 0.786082
v -0.940142 2.391077 0.888562
v -0.866134 2.489276 1.070461
v -0.866134 2.489276 0.981014
v -0.763653 2.489276 1.070461
v -0.763653 2.489276 0.981014
v -0.866134 2.327962 1.012229
v -0.866134 2.327962 0.981014
v -0.763653 2.327962 0.981014
v -0.763653 2.327962 1.012229
v -0.763653 2.433549 1.070461
v -0.866134 2.433549 1.070461
v -0.866134 2.433549 0.981014
v -0.763653 2.433549 0.981014
v -0.763653 2.391077 1.024016
v -0.866134 2.391077 0.981014
v -0.866134 2.391077 1.024016
v -0.763653 2.391077 0.981014
v -0.292245 2.489276 1.070461
v -0.292245 2.489276 0.981014
v -0.189765 2.489276 1.070461
v -0.189765 2.489276 0.981014
v -0.292245 2.327962 1.012229
v -0.292245 2.327962 0.981014
v -0.189765 2.327962 0.981014
v -0.189765 2.327962 1.012229
v -0.189765 2.433549 1.070461
v -0.292245 2.433549 1.070461
v -0.292245 2.433549 0.981014
v -0.189765 2.433549 0.981014
v -0.189765 2.391077 1.024016
v -0.292245 2.391077 0.981014
v -0.292245 2.391077 1.024016
v -0.189765 2.391077 0.981014
v 0.544146 2.489276 1.070461
v 0.544146 2.489276 0.981014
v 0.646626 2.489276 1.070461
v 0.646626 2.489276 0.981014
v 0.544146 2.327962 1.012229
v 0.544146 2.327962 0.981014
v 0.646626 2.327962 0.981014
v 0.646626 2.327962 1.012229
v 0.646626 2.433549 1.070461
v 0.544146 2.433549 1.070461
v 0.544146 2.433549 0.981014
v 0.646626 2.433549 0.981014
v 0.646626 2.391077 1.024016
v 0.544146 2.391077 0.981014
v 0.544146 2.391077 1.024016
v 0.646626 2.391077 0.981014
v 1.118034 2.489276 1.070461
v 1.118034 2.489276 0.981014
v 1.220514 2.489276 1.070461
v 1.220514 2.489276 0.981014
v 1.118034 2.327962 1.012229
v 1.118034 2.327962 0.981014
v 1.220514 2.327962 0.981014
v 1.220514 2.327962 1.012229
v 1.220514 2.433549 1.070461
v 1.118034 2.433549 1.070461
v 1.118034 2.433549 0.981014
v 1.220514 2.433549 0.981014
v 1.220514 2.391077 1.024016
v 1.118034 2.391077 0.981014
v 1.118034 2.391077 1.024016
v 1.220514 2.391077 0.981014
v -1.029589 1.312004 -0.935583
v -0.940142 1.312004 -0.935583
v -1.029589 1.312004 -0.833102
v -0.940142 1.312004 -0.833102
v -0.971358 1.150690 -0.935583
v -0.940142 1.150690 -0.935583
v -0.940142 1.150690 -0.833102
v -0.971358 1.150690 -0.833102
v -1.029589 1.256277 -0.833102
v -1.029589 1.256277 -0.935583
v -0.940142 1.256277 -0.935583
v -0.940142 1.256277 -0.833102
v -0.983144 1.213804 -0.833102
v -0.940142 1.213804 -0.935583
v -0.983144 1.213804 -0.935583
v -0.940142 1.213804 -0.833102
v -1.029589 1.312004 -0.361694
v -0.940142 1.312004 -0.361694
v -1.029589 1.312004 -0.259214
v -0.940142 1.312004 -0.259214
v -0.971358 1.150690 -0.361694
v -0.940142 1.150690 -0.361694
v -0.940142 1.150690 -0.259214
v -0.971358 1.150690 -0.259214
v -1.029589 1.256277 -0.259214
v -1.029589 1.256277 -0.361694
v -0.940142 1.256277 -0.361694
v -0.940142 1.256277 -0.259214
v -0.983144 1.213804 -0.259214
v -0.940142 1.213804 -0.361694
v -0.983144 1.213804 -0.361694
v -0.940142 1.213804 -0.259214
v -1.029589 1.312004 0.212194
v -0.940142 1.312004 0.212194
v -1.029589 1.312004 0.314674
v -0.940142 1.312004 0.314674
v -0.971358 1.150690 0.212194
v -0.940142 1.150690 0.212194
v -0.940142 1.150690 0.314674
v -0.971358 1.150690 0.314674
v -1.029589 1.256277 0.314674
v -1.029589 1.256277 0.212194
v -0.940142 1.256277 0.212194
v -0.940142 1.256277 0.314674
v -0.983144 1.213804 0.314674
v -0.940142 1.213804 0.212194
v -0.983144 1.213804 0.212194
v -0.940142 1.213804 0.314674
v -1.029589 1.312004 0.786082
v -0.940142 1.312004 0.786082
v -1.029589 1.312004 0.888562
v -0.940142 1.312004 0.888562
v -0.971358 1.150690 0.786082
v -0.940142 1.150690 0.786082
v -0.940142 1.150690 0.888562
v -0.971358 1.150690 0.888562
v -1.029589 1.256277 0.888562
v -1.029589 1.256277 0.786082
v -0.940142 1.256277 0.786082
v -0.940142 1.256277 0.888562
v -0.983144 1.213804 0.888562
v -0.940142 1.213804 0.786082
v -0.983144 1.213804 0.786082
v -0.940142 1.213804 0.888562
v -0.866134 1.312004 1.070461
v -0.866134 1.312004 0.981014
v -0.763653 1.312004 1.070461
v -0.763653 1.312004 0.981014
v -0.866134 1.150690 1.012229
v -0.866134 1.150690 0.981014
v -0.763653 1.150690 0.981014
v -0.763653 1.150690 1.012229
v -0.763653 1.256277 1.070461
v -0.866134 1.256277 1.070461
v -0.866134 1.256277 0.981014
v -0.763653 1.256277 0.981014
v -0.763653 1.213804 1.024016
v -0.866134 1.213804 0.981014
v -0.866134 1.213804 1.024016
v -0.763653 1.213804 0.981014
v -0.292245 1.312004 1.070461
v -0.292245 1.312004 0.981014
v -0.189765 1.312004 1.070461
v -0.189765 1.312004 0.981014
v -0.292245 1.150690 1.012229
v -0.292245 1.150690 0.981014
v -0.189765 1.150690 0.981014
v -0.189765 1.150690 1.012229
v -0.189765 1.256277 1.070461
v -0.292245 1.256277 1.070461
v -0.292245 1.256277 0.981014
v -0.189765 1.256277 0.981014
v -0.189765 1.213804 1.024016
v -0.292245 1.213804 0.981014
v -0.292245 1.213804 1.024016
v -0.189765 1.213804 0.981014
v 0.544146 1.312004 1.070461
v 0.544146 1.312004 0.981014
v 0.646626 1.312004 1.070461
v 0.646626 1.312004 0.981014
v 0.544146 1.150690 1.012229
v 0.544146 1.150690 0.981014
v 0.646626 1.150690 0.981014
v 0.646626 1.150690 1.012229
v 0.646626 1.256277 1.070461
v 0.544146 1.256277 1.070461
v 0.544146 1.256277 0.981014
v 0.646626 1.256277 0.981014
v 0.646626 1.213804 1.024016
v 0.544146 1.213804 0.981014
v 0.544146 1.213804 1.024016
v 0.646626 1.213804 0.981014
v 1.118034 1.312004 1.070461
v 1.118034 1.312004 0.981014
v 1.220514 1.312004 1.070461
v 1.220514 1.312004 0.981014
v 1.118034 1.150690 1.012229
v 1.118034 1.150690 0.981014
v 1.220514 1.150690 0.981014
v 1.220514 1.150690 1.012229
v 1.220514 1.256277 1.070461
v 1.118034 1.256277 1.070461
v 1.118034 1.256277 0.981014
v 1.220514 1.256277 0.981014
v 1.220514 1.213804 1.024016
v 1.118034 1.213804 0.981014
v 1.118034 1.213804 1.024016
v 1.220514 1.213804 0.981014
v -0.968740 0.474818 -1.009521
v -0.968740 0.615099 -1.009521
v -0.828458 0.474818 -1.009521
v -0.828458 0.615099 -1.009521
v -0.968740 0.474818 -0.764012
v -0.968740 0.615099 -0.764012
v -0.828459 0.474818 -0.764012
v -0.828459 0.615099 -0.764012
v -0.551732 0.846842 1.018398
v -0.551732 0.542058 1.018398
v -0.551732 0.726372 1.018398
v -0.551732 0.726372 1.003754
v -0.667480 0.726372 1.018398
v -0.551732 0.741853 1.018398
v -0.551732 0.741853 1.003754
v -0.667480 0.741853 1.003754
v -0.667480 0.741853 1.018398
v -0.667480 0.726372 1.003754
v -0.551732 0.542058 1.003754
v -0.667480 0.542058 1.003754
v -0.667480 0.834733 1.003754
v -0.551732 0.846842 1.003754
v -0.538912 0.542058 1.018398
v -0.538912 0.848183 1.018398
v -0.526092 0.846842 1.018398
v -0.526092 0.542058 1.018398
v -0.526092 0.726372 1.018398
v -0.538912 0.726372 1.018398
v -0.526092 0.726372 1.003754
v -0.410345 0.726372 1.018398
v -0.526092 0.741853 1.018398
v -0.526092 0.741853 1.003754
v -0.538912 0.741853 1.018398
v -0.410345 0.741853 1.003754
v -0.410345 0.741853 1.018398
v -0.410345 0.726372 1.003754
v -0.526092 0.542058 1.003754
v -0.410345 0.542058 1.003754
v -0.410345 0.834733 1.003754
v -0.526092 0.846842 1.003754
v -0.662700 0.548613 1.023237
v -0.662700 0.834092 1.023237
v -0.551256 0.846029 1.023237
v -0.551256 0.548613 1.023237
v -0.662700 0.727272 1.023237
v -0.662700 0.742533 1.023237
v -0.690279 0.520028 1.023237
v -0.690279 0.854043 1.023237
v -0.567744 0.867167 1.023237
v -0.567744 0.520028 1.023237
v -0.690279 0.736591 1.023237
v -0.690279 0.753371 1.023237
v -0.690279 0.520028 0.966803
v -0.690279 0.854043 0.966803
v -0.567744 0.867167 0.966803
v -0.567744 0.520028 0.966803
v -0.690279 0.736591 0.966803
v -0.690279 0.753371 0.966803
v -0.662700 0.548613 1.004074
v -0.662700 0.834092 1.004074
v -0.551256 0.846029 1.004074
v -0.551256 0.548613 1.004074
v -0.662700 0.727272 1.004074
v -0.662700 0.742533 1.004074
v -0.415125 0.548613 1.023237
v -0.415125 0.834092 1.023237
v -0.538912 0.548613 1.023237
v -0.538912 0.847351 1.023237
v -0.526569 0.846029 1.023237
v -0.526569 0.548613 1.023237
v -0.415125 0.727272 1.023237
v -0.415125 0.742533 1.023237
v -0.387546 0.520028 1.023237
v -0.387546 0.854043 1.023237
v -0.538912 0.520028 1.023237
v -0.538912 0.868621 1.023237
v -0.510081 0.867167 1.023237
v -0.510081 0.520028 1.023237
v -0.387546 0.736591 1.023237
v -0.387546 0.753371 1.023237
v -0.387546 0.520028 0.966803
v -0.387546 0.854043 0.966803
v -0.538912 0.520028 0.966803
v -0.538912 0.868621 0.966803
v -0.510081 0.867167 0.966803
v -0.510081 0.520028 0.966803
v -0.387546 0.736591 0.966803
v -0.387546 0.753371 0.966803
v -0.415125 0.548613 1.004074
v -0.415125 0.834092 1.004074
v -0.538912 0.548613 1.004074
v -0.538912 0.847351 1.004074
v -0.526569 0.846029 1.004074
v -0.526569 0.548613 1.004074
v -0.415125 0.727272 1.004074
v -0.415125 0.742533 1.004074
v -0.662700 1.624310 1.023237
v -0.662700 2.019949 1.023237
v -0.551256 2.031886 1.023237
v -0.551256 1.624310 1.023237
v -0.662700 1.913128 1.023237
v -0.662700 1.928389 1.023237
v -0.662700 1.744863 1.023237
v -0.662700 1.729177 1.023237
v -0.690279 1.589641 1.023237
v -0.690279 2.039899 1.023237
v -0.567744 2.053023 1.023237
v -0.567744 1.589641 1.023237
v -0.690279 1.922447 1.023237
v -0.690279 1.939227 1.023237
v -0.690279 1.737436 1.023237
v -0.690279 1.720188 1.023237
v -0.690279 1.589641 0.966803
v -0.690279 2.039899 0.966803
v -0.567744 2.053023 0.966803
v -0.567744 1.589641 0.966803
v -0.690279 1.922447 0.966803
v -0.690279 1.939227 0.966803
v -0.690279 1.737436 0.966803
v -0.690279 1.720188 0.966803
v -0.662700 1.624310 1.004074
v -0.662700 2.019949 1.004074
v -0.551256 2.031886 1.004074
v -0.551256 1.624310 1.004074
v -0.662700 1.913128 1.004074
v -0.662700 1.928389 1.004074
v -0.662700 1.744863 1.004074
v -0.662700 1.729177 1.004074
v -0.415125 1.624310 1.023237
v -0.415125 2.019949 1.023237
v -0.538912 1.624310 1.023237
v -0.538912 2.033207 1.023237
v -0.526569 2.031886 1.023237
v -0.526569 1.624310 1.023237
v -0.415125 1.913128 1.023237
v -0.415125 1.928389 1.023237
v -0.415125 1.744863 1.023237
v -0.415125 1.729177 1.023237
v -0.387546 1.589641 1.023237
v -0.387546 2.039899 1.023237
v -0.538912 1.589641 1.023237
v -0.538912 2.054477 1.023237
v -0.510081 2.053023 1.023237
v -0.510081 1.589641 1.023237
v -0.387546 1.922447 1.023237
v -0.387546 1.939227 1.023237
v -0.387546 1.737436 1.023237
v -0.387546 1.720188 1.023237
v -0.387546 1.589641 0.966803
v -0.387546 2.039899 0.966803
v -0.538912 1.589641 0.966803
v -0.538912 2.054477 0.966803
v -0.510081 2.053023 0.966803
v -0.510081 1.589641 0.966803
v -0.387546 1.922447 0.966803
v -0.387546 1.939227 0.966803
v -0.387546 1.737436 0.966803
v -0.387546 1.720188 0.966803
v -0.415125 1.624310 1.004074
v -0.415125 2.019949 1.004074
v -0.538912 1.624310 1.004074
v -0.538912 2.033207 1.004074
v -0.526569 2.031886 1.004074
v -0.526569 1.624310 1.004074
v -0.415125 1.913128 1.004074
v -0.415125 1.928389 1.004074
v -0.415125 1.744863 1.004074
v -0.415125 1.729177 1.004074
v -0.551732 2.034438 1.018343
v -0.551732 1.606788 1.018343
v -0.551732 1.913969 1.018343
v -0.667480 1.727365 1.003699
v -0.551732 1.743277 1.003699
v -0.551732 1.913969 1.003699
v -0.667480 1.913969 1.018343
v -0.551732 1.929450 1.018343
v -0.551732 1.727365 1.003699
v -0.551732 1.929450 1.003699
v -0.667480 1.929450 1.003699
v -0.667480 1.929450 1.018343
v -0.667480 1.743277 1.018343
v -0.667480 1.913969 1.003699
v -0.667480 1.743277 1.003699
v -0.551732 1.606788 1.003699
v -0.551732 1.743277 1.018343
v -0.667480 1.606788 1.003699
v -0.667480 2.022330 1.003699
v -0.551732 2.034438 1.003699
v -0.551732 1.727365 1.018343
v -0.667480 1.727365 1.018343
v -0.538912 1.606788 1.018343
v -0.538912 2.035779 1.018343
v -0.526092 2.034438 1.018343
v -0.526092 1.606788 1.018343
v -0.526092 1.913969 1.018343
v -0.410345 1.727365 1.003699
v -0.526092 1.743277 1.003699
v -0.538912 1.913969 1.018343
v -0.526092 1.913969 1.003699
v -0.410345 1.913969 1.018343
v -0.526092 1.929450 1.018343
v -0.526092 1.727365 1.003699
v -0.526092 1.929450 1.003699
v -0.538912 1.929450 1.018343
v -0.410345 1.929450 1.003699
v -0.410345 1.929450 1.018343
v -0.410345 1.743277 1.018343
v -0.410345 1.913969 1.003699
v -0.538912 1.743277 1.018343
v -0.410345 1.743277 1.003699
v -0.526092 1.606788 1.003699
v -0.526092 1.743277 1.018343
v -0.410345 1.606788 1.003699
v -0.538912 1.727365 1.018343
v -0.410345 2.022330 1.003699
v -0.526092 2.034438 1.003699
v -0.526092 1.727365 1.018343
v -0.410345 1.727365 1.018343
v -0.717797 2.134988 1.020327
v -0.357547 2.134988 1.020327
v -0.717797 2.134988 0.988268
v -0.357547 2.134988 0.988268
v -0.357547 1.977698 1.133613
v -0.717797 1.977698 1.133613
v -0.717797 1.977698 0.988268
v -0.357547 1.977698 0.988268
v -0.409011 2.134988 1.020327
v -0.460475 2.134988 1.020327
v -0.511940 2.134988 1.020327
v -0.563404 2.134988 1.020327
v -0.614868 2.134988 1.020327
v -0.666333 2.134988 1.020327
v -0.409011 2.134988 0.988268
v -0.460475 2.134988 0.988268
v -0.511940 2.134988 0.988268
v -0.563404 2.134988 0.988268
v -0.614868 2.134988 0.988268
v -0.666333 2.134988 0.988268
v -0.409011 1.977698 1.133613
v -0.460475 1.977698 1.133613
v -0.511940 1.977698 1.133613
v -0.563404 1.977698 1.133613
v -0.614868 1.977698 1.133613
v -0.666333 1.977698 1.133613
v -0.695903 0.464553 1.049558
v -0.695903 0.524165 1.049558
v -0.695903 0.464553 0.909277
v -0.695903 0.524165 0.909277
v -0.383051 0.464553 1.049558
v -0.383051 0.524165 1.049558
v -0.383051 0.464553 0.909277
v -0.383051 0.524165 0.909277
v -0.695903 0.474760 1.049558
v -0.695903 0.474760 0.909277
v -0.383051 0.474760 0.909277
v -0.383051 0.474760 1.049558
v -0.383051 0.474760 1.062329
v -0.383051 0.464553 1.062329
v -0.695903 0.464553 1.062329
v -0.695903 0.474760 1.062329
v -0.695903 1.543726 1.049558
v -0.695903 1.603338 1.049558
v -0.695903 1.543726 0.909277
v -0.695903 1.603338 0.909277
v -0.383051 1.543726 1.049558
v -0.383051 1.603338 1.049558
v -0.383051 1.543726 0.909277
v -0.383051 1.603338 0.909277
v -0.695903 1.553934 1.049558
v -0.695903 1.553934 0.909277
v -0.383051 1.553934 0.909277
v -0.383051 1.553934 1.049558
v -0.383051 1.553934 1.062329
v -0.383051 1.543726 1.062329
v -0.695903 1.543726 1.062329
v -0.695903 1.553934 1.062329
v -0.717797 0.951405 1.020327
v -0.357547 0.951405 1.020327
v -0.717797 0.951405 0.988268
v -0.357547 0.951405 0.988268
v -0.357547 0.794115 1.133613
v -0.717797 0.794115 1.133613
v -0.717797 0.794115 0.988268
v -0.357547 0.794115 0.988268
v -0.409011 0.951405 1.020327
v -0.460475 0.951405 1.020327
v -0.511940 0.951405 1.020327
v -0.563404 0.951405 1.020327
v -0.614868 0.951405 1.020327
v -0.666333 0.951405 1.020327
v -0.409011 0.951405 0.988268
v -0.460475 0.951405 0.988268
v -0.511940 0.951405 0.988268
v -0.563404 0.951405 0.988268
v -0.614868 0.951405 0.988268
v -0.666333 0.951405 0.988268
v -0.409011 0.794115 1.133613
v -0.460475 0.794115 1.133613
v -0.511940 0.794115 1.133613
v -0.563404 0.794115 1.133613
v -0.614868 0.794115 1.133613
v -0.666333 0.794115 1.133613
v 0.909091 0.846842 1.018398
v 0.909091 0.542058 1.018398
v 0.909091 0.726372 1.018398
v 0.909091 0.726372 1.003754
v 1.024839 0.726372 1.018398
v 0.909091 0.741853 1.018398
v 0.909091 0.741853 1.003754
v 1.024839 0.741853 1.003754
v 1.024839 0.741853 1.018398
v 1.024839 0.726372 1.003754
v 0.909091 0.542058 1.003754
v 1.024839 0.542058 1.003754
v 1.024839 0.834733 1.003754
v 0.909091 0.846842 1.003754
v 0.896271 0.542058 1.018398
v 0.896271 0.848183 1.018398
v 0.883451 0.846842 1.018398
v 0.883451 0.542058 1.018398
v 0.883451 0.726372 1.018398
v 0.896271 0.726372 1.018398
v 0.883451 0.726372 1.003754
v 0.767704 0.726372 1.018398
v 0.883451 0.741853 1.018398
v 0.883451 0.741853 1.003754
v 0.896271 0.741853 1.018398
v 0.767704 0.741853 1.003754
v 0.767704 0.741853 1.018398
v 0.767704 0.726372 1.003754
v 0.883451 0.542058 1.003754
v 0.767704 0.542058 1.003754
v 0.767704 0.834733 1.003754
v 0.883451 0.846842 1.003754
v 1.020059 0.548613 1.023237
v 1.020059 0.834092 1.023237
v 0.908615 0.846029 1.023237
v 0.908615 0.548613 1.023237
v 1.020059 0.727272 1.023237
v 1.020059 0.742533 1.023237
v 1.047638 0.520028 1.023237
v 1.047638 0.854042 1.023237
v 0.925103 0.867167 1.023237
v 0.925102 0.520028 1.023237
v 1.047638 0.736591 1.023237
v 1.047638 0.753371 1.023237
v 1.047638 0.520028 0.966803
v 1.047638 0.854042 0.966803
v 0.925103 0.867167 0.966803
v 0.925102 0.520028 0.966803
v 1.047638 0.736591 0.966803
v 1.047638 0.753371 0.966803
v 1.020059 0.548613 1.004074
v 1.020059 0.834092 1.004074
v 0.908615 0.846029 1.004074
v 0.908615 0.548613 1.004074
v 1.020059 0.727272 1.004074
v 1.020059 0.742533 1.004074
v 0.772484 0.548613 1.023237
v 0.772484 0.834092 1.023237
v 0.896271 0.548613 1.023237
v 0.896271 0.847351 1.023237
v 0.883928 0.846029 1.023237
v 0.883928 0.548613 1.023237
v 0.772484 0.727272 1.023237
v 0.772484 0.742533 1.023237
v 0.744905 0.520028 1.023237
v 0.744905 0.854042 1.023237
v 0.896271 0.520028 1.023237
v 0.896271 0.868621 1.023237
v 0.867440 0.867167 1.023237
v 0.867440 0.520028 1.023237
v 0.744905 0.736591 1.023237
v 0.744905 0.753371 1.023237
v 0.744905 0.520028 0.966803
v 0.744905 0.854043 0.966803
v 0.896271 0.520028 0.966803
v 0.896271 0.868621 0.966803
v 0.867440 0.867167 0.966803
v 0.867440 0.520028 0.966803
v 0.744905 0.736591 0.966803
v 0.744905 0.753371 0.966803
v 0.772484 0.548613 1.004074
v 0.772484 0.834092 1.004074
v 0.896271 0.548613 1.004074
v 0.896271 0.847351 1.004074
v 0.883928 0.846029 1.004074
v 0.883928 0.548613 1.004074
v 0.772484 0.727272 1.004074
v 0.772484 0.742533 1.004074
v 1.020059 1.624310 1.023237
v 1.020059 2.019949 1.023237
v 0.908615 2.031886 1.023237
v 0.908615 1.624310 1.023237
v 1.020059 1.913128 1.023237
v 1.020059 1.928389 1.023237
v 1.020059 1.744863 1.023237
v 1.020059 1.729177 1.023237
v 1.047638 1.589641 1.023237
v 1.047638 2.039899 1.023237
v 0.925103 2.053023 1.023237
v 0.925103 1.589641 1.023237
v 1.047638 1.922447 1.023237
v 1.047638 1.939227 1.023237
v 1.047638 1.737436 1.023237
v 1.047638 1.720188 1.023237
v 1.047638 1.589641 0.966803
v 1.047638 2.039899 0.966803
v 0.925103 2.053023 0.966803
v 0.925103 1.589641 0.966803
v 1.047638 1.922447 0.966803
v 1.047638 1.939227 0.966803
v 1.047638 1.737436 0.966803
v 1.047638 1.720188 0.966803
v 1.020059 1.624310 1.004074
v 1.020059 2.019949 1.004074
v 0.908615 2.031886 1.004074
v 0.908615 1.624310 1.004074
v 1.020059 1.913128 1.004074
v 1.020059 1.928389 1.004074
v 1.020059 1.744863 1.004074
v 1.020059 1.729177 1.004074
v 0.772484 1.624310 1.023237
v 0.772484 2.019949 1.023237
v 0.896271 1.624310 1.023237
v 0.896271 2.033207 1.023237
v 0.883928 2.031886 1.023237
v 0.883928 1.624310 1.023237
v 0.772484 1.913128 1.023237
v 0.772484 1.928389 1.023237
v 0.772484 1.744863 1.023237
v 0.772484 1.729177 1.023237
v 0.744905 1.589641 1.023237
v 0.744905 2.039899 1.023237
v 0.896271 1.589641 1.023237
v 0.896271 2.054477 1.023237
v 0.867440 2.053023 1.023237
v 0.867440 1.589641 1.023237
v 0.744905 1.922447 1.023237
v 0.744905 1.939227 1.023237
v 0.744905 1.737436 1.023237
v 0.744905 1.720188 1.023237
v 0.744905 1.589641 0.966803
v 0.744905 2.039899 0.966803
v 0.896271 1.589641 0.966803
v 0.896271 2.054477 0.966803
v 0.867440 2.053023 0.966803
v 0.867440 1.589641 0.966803
v 0.744905 1.922447 0.966803
v 0.744905 1.939227 0.966803
v 0.744905 1.737436 0.966803
v 0.744905 1.720188 0.966803
v 0.772484 1.624310 1.004074
v 0.772484 2.019949 1.004074
v 0.896271 1.624310 1.004074
v 0.896271 2.033207 1.004074
v 0.883928 2.031886 1.004074
v 0.883928 1.624310 1.004074
v 0.772484 1.913128 1.004074
v 0.772484 1.928389 1.004074
v 0.772484 1.744863 1.004074
v 0.772484 1.729177 1.004074
v 0.909091 2.034438 1.018343
v 0.909091 1.606788 1.018343
v 0.909091 1.913969 1.018343
v 1.024839 1.727365 1.003699
v 0.909091 1.743277 1.003699
v 0.909091 1.913969 1.003699
v 1.024839 1.913969 1.018343
v 0.909091 1.929450 1.018343
v 0.909091 1.727365 1.003699
v 0.909091 1.929450 1.003699
v 1.024839 1.929450 1.003699
v 1.024839 1.929450 1.018343
v 1.024839 1.743277 1.018343
v 1.024839 1.913969 1.003699
v 1.024839 1.743277 1.003699
v 0.909091 1.606788 1.003699
v 0.909091 1.743277 1.018343
v 1.024839 1.606788 1.003699
v 1.024839 2.022330 1.003699
v 0.909091 2.034438 1.003699
v 0.909091 1.727365 1.018343
v 1.024839 1.727365 1.018343
v 0.896271 1.606788 1.018343
v 0.896271 2.035779 1.018343
v 0.883451 2.034438 1.018343
v 0.883451 1.606788 1.018343
v 0.883451 1.913969 1.018343
v 0.767704 1.727365 1.003699
v 0.883451 1.743277 1.003699
v 0.896271 1.913969 1.018343
v 0.883451 1.913969 1.003699
v 0.767704 1.913969 1.018343
v 0.883451 1.929450 1.018343
v 0.883451 1.727365 1.003699
v 0.883451 1.929450 1.003699
v 0.896271 1.929450 1.018343
v 0.767704 1.929450 1.003699
v 0.767704 1.929450 1.018343
v 0.767704 1.743277 1.018343
v 0.767704 1.913969 1.003699
v 0.896271 1.743277 1.018343
v 0.767704 1.743277 1.003699
v 0.883451 1.606788 1.003699
v 0.883451 1.743277 1.018343
v 0.767704 1.606788 1.003699
v 0.896271 1.727365 1.018343
v 0.767704 2.022330 1.003699
v 0.883451 2.034438 1.003699
v 0.883451 1.727365 1.018343
v 0.767704 1.727365 1.018343
v 1.075156 2.134988 1.020327
v 0.714906 2.134988 1.020327
v 1.075156 2.134988 0.988268
v 0.714906 2.134988 0.988268
v 0.714906 1.977698 1.133613
v 1.075156 1.977698 1.133613
v 1.075156 1.977698 0.988268
v 0.714906 1.977698 0.988268
v 0.766370 2.134988 1.020327
v 0.817834 2.134988 1.020327
v 0.869299 2.134988 1.020327
v 0.920763 2.134988 1.020327
v 0.972227 2.134988 1.020327
v 1.023692 2.134988 1.020327
v 0.766370 2.134988 0.988268
v 0.817834 2.134988 0.988268
v 0.869299 2.134988 0.988268
v 0.920763 2.134988 0.988268
v 0.972227 2.134988 0.988268
v 1.023692 2.134988 0.988268
v 0.766370 1.977698 1.133613
v 0.817834 1.977698 1.133613
v 0.869299 1.977698 1.133613
v 0.920763 1.977698 1.133613
v 0.972227 1.977698 1.133613
v 1.023692 1.977698 1.133613
v 1.053262 0.464553 1.049558
v 1.053262 0.524165 1.049558
v 1.053262 0.464553 0.909277
v 1.053262 0.524165 0.909277
v 0.740410 0.464553 1.049558
v 0.740410 0.524165 1.049558
v 0.740410 0.464553 0.909277
v 0.740410 0.524165 0.909277
v 1.053262 0.474760 1.049558
v 1.053262 0.474760 0.909277
v 0.740410 0.474760 0.909277
v 0.740410 0.474760 1.049558
v 0.740410 0.474760 1.062329
v 0.740410 0.464553 1.062329
v 1.053262 0.464553 1.062329
v 1.053262 0.474760 1.062329
v 1.053262 1.543726 1.049558
v 1.053262 1.603338 1.049558
v 1.053262 1.543726 0.909277
v 1.053262 1.603338 0.909277
v 0.740410 1.543726 1.049558
v 0.740410 1.603338 1.049558
v 0.740410 1.543726 0.909277
v 0.740410 1.603338 0.909277
v 1.053262 1.553934 1.049558
v 1.053262 1.553934 0.909277
v 0.740410 1.553934 0.909277
v 0.740410 1.553934 1.049558
v 0.740410 1.553934 1.062329
v 0.740410 1.543726 1.062329
v 1.053262 1.543726 1.062329
v 1.053262 1.553934 1.062329
v 1.075156 0.951405 1.020327
v 0.714906 0.951405 1.020327
v 1.075156 0.951405 0.988268
v 0.714906 0.951405 0.988268
v 0.714906 0.794115 1.133613
v 1.075156 0.794115 1.133613
v 1.075156 0.794115 0.988268
v 0.714906 0.794115 0.988268
v 0.766370 0.951405 1.020327
v 0.817834 0.951405 1.020327
v 0.869299 0.951405 1.020327
v 0.920763 0.951405 1.020327
v 0.972227 0.951405 1.020327
v 1.023692 0.951405 1.020327
v 0.766370 0.951405 0.988268
v 0.817834 0.951405 0.988268
v 0.869299 0.951405 0.988268
v 0.920763 0.951405 0.988268
v 0.972227 0.951405 0.988268
v 1.023692 0.951405 0.988268
v 0.766370 0.794115 1.133613
v 0.817834 0.794115 1.133613
v 0.869299 0.794115 1.133613
v 0.920763 0.794115 1.133613
v 0.972227 0.794115 1.133613
v 1.023692 0.794115 1.133613
v 0.054799 1.624310 1.023237
v 0.054799 2.019949 1.023237
v 0.166243 2.031886 1.023237
v 0.166243 1.624310 1.023237
v 0.054799 1.913128 1.023237
v 0.054799 1.928389 1.023237
v 0.054799 1.744863 1.023237
v 0.054799 1.729177 1.023237
v 0.027220 1.589641 1.023237
v 0.027220 2.039899 1.023237
v 0.149755 2.053023 1.023237
v 0.149755 1.589641 1.023237
v 0.027220 1.922447 1.023237
v 0.027220 1.939227 1.023237
v 0.027220 1.737436 1.023237
v 0.027220 1.720188 1.023237
v 0.027220 1.589641 0.966803
v 0.027220 2.039899 0.966803
v 0.149755 2.053023 0.966803
v 0.149755 1.589641 0.966803
v 0.027220 1.922447 0.966803
v 0.027220 1.939227 0.966803
v 0.027220 1.737436 0.966803
v 0.027220 1.720188 0.966803
v 0.054799 1.624310 1.004074
v 0.054799 2.019949 1.004074
v 0.166243 2.031886 1.004074
v 0.166243 1.624310 1.004074
v 0.054799 1.913128 1.004074
v 0.054799 1.928389 1.004074
v 0.054799 1.744863 1.004074
v 0.054799 1.729177 1.004074
v 0.302374 1.624310 1.023237
v 0.302374 2.019949 1.023237
v 0.178586 1.624310 1.023237
v 0.178586 2.033207 1.023237
v 0.190930 2.031886 1.023237
v 0.190930 1.624310 1.023237
v 0.302374 1.913128 1.023237
v 0.302374 1.928389 1.023237
v 0.302374 1.744863 1.023237
v 0.302374 1.729177 1.023237
v 0.329953 1.589641 1.023237
v 0.329953 2.039899 1.023237
v 0.178586 1.589641 1.023237
v 0.178586 2.054477 1.023237
v 0.207418 2.053023 1.023237
v 0.207418 1.589641 1.023237
v 0.329953 1.922447 1.023237
v 0.329953 1.939227 1.023237
v 0.329953 1.737436 1.023237
v 0.329953 1.720188 1.023237
v 0.329953 1.589641 0.966803
v 0.329953 2.039899 0.966803
v 0.178586 1.589641 0.966803
v 0.178586 2.054477 0.966803
v 0.207418 2.053023 0.966803
v 0.207418 1.589641 0.966803
v 0.329953 1.922447 0.966803
v 0.329953 1.939227 0.966803
v 0.329953 1.737436 0.966803
v 0.329953 1.720188 0.966803
v 0.302374 1.624310 1.004074
v 0.302374 2.019949 1.004074
v 0.178586 1.624310 1.004074
v 0.178586 2.033207 1.004074
v 0.190930 2.031886 1.004074
v 0.190930 1.624310 1.004074
v 0.302374 1.913128 1.004074
v 0.302374 1.928389 1.004074
v 0.302374 1.744863 1.004074
v 0.302374 1.729177 1.004074
v 0.165767 2.034438 1.018343
v 0.165767 1.606788 1.018343
v 0.165767 1.913969 1.018343
v 0.050019 1.727365 1.003699
v 0.165767 1.743277 1.003699
v 0.165767 1.913969 1.003699
v 0.050019 1.913969 1.018343
v 0.165767 1.929450 1.018343
v 0.165767 1.727365 1.003699
v 0.165767 1.929450 1.003699
v 0.050019 1.929450 1.003699
v 0.050019 1.929450 1.018343
v 0.050019 1.743277 1.018343
v 0.050019 1.913969 1.003699
v 0.050019 1.743277 1.003699
v 0.165767 1.606788 1.003699
v 0.165767 1.743277 1.018343
v 0.050019 1.606788 1.003699
v 0.050019 2.022330 1.003699
v 0.165767 2.034438 1.003699
v 0.165767 1.727365 1.018343
v 0.050019 1.727365 1.018343
v 0.178586 1.606788 1.018343
v 0.178586 2.035779 1.018343
v 0.191406 2.034438 1.018343
v 0.191406 1.606788 1.018343
v 0.191406 1.913969 1.018343
v 0.307154 1.727365 1.003699
v 0.191406 1.743277 1.003699
v 0.178586 1.913969 1.018343
v 0.191406 1.913969 1.003699
v 0.307154 1.913969 1.018343
v 0.191406 1.929450 1.018343
v 0.191406 1.727365 1.003699
v 0.191406 1.929450 1.003699
v 0.178586 1.929450 1.018343
v 0.307154 1.929450 1.003699
v 0.307154 1.929450 1.018343
v 0.307154 1.743277 1.018343
v 0.307154 1.913969 1.003699
v 0.178586 1.743277 1.018343
v 0.307154 1.743277 1.003699
v 0.191406 1.606788 1.003699
v 0.191406 1.743277 1.018343
v 0.307154 1.606788 1.003699
v 0.178586 1.727365 1.018343
v 0.307154 2.022330 1.003699
v 0.191406 2.034438 1.003699
v 0.191406 1.727365 1.018343
v 0.307154 1.727365 1.018343
v -0.000298 2.134988 1.020327
v 0.359952 2.134988 1.020327
v -0.000298 2.134988 0.988268
v 0.359952 2.134988 0.988268
v 0.359952 1.977698 1.133613
v -0.000298 1.977698 1.133613
v -0.000298 1.977698 0.988268
v 0.359952 1.977698 0.988268
v 0.308488 2.134988 1.020327
v 0.257023 2.134988 1.020327
v 0.205559 2.134988 1.020327
v 0.154095 2.134988 1.020327
v 0.102630 2.134988 1.020327
v 0.051166 2.134988 1.020327
v 0.308488 2.134988 0.988268
v 0.257023 2.134988 0.988268
v 0.205559 2.134988 0.988268
v 0.154095 2.134988 0.988268
v 0.102630 2.134988 0.988268
v 0.051166 2.134988 0.988268
v 0.308488 1.977698 1.133613
v 0.257023 1.977698 1.133613
v 0.205559 1.977698 1.133613
v 0.154095 1.977698 1.133613
v 0.102630 1.977698 1.133613
v 0.051166 1.977698 1.133613
v 0.021596 1.543726 1.049558
v 0.021596 1.603338 1.049558
v 0.021596 1.543726 0.909277
v 0.021596 1.603338 0.909277
v 0.334448 1.543726 1.049558
v 0.334448 1.603338 1.049558
v 0.334448 1.543726 0.909277
v 0.334448 1.603338 0.909277
v 0.021596 1.553934 1.049558
v 0.021596 1.553934 0.909277
v 0.334448 1.553934 0.909277
v 0.334448 1.553934 1.049558
v 0.334448 1.553934 1.062329
v 0.334448 1.543726 1.062329
v 0.021596 1.543726 1.062329
v 0.021596 1.553934 1.062329
v 0.533189 2.565361 -0.646830
v 1.169642 2.565361 -0.804672
v 0.533189 2.565361 -0.804672
v 1.169642 2.565361 -0.646830
v 0.818424 2.565361 -0.646830
v 0.884407 2.565361 -0.804672
v 0.818424 2.565361 -0.804672
v 0.884407 2.565361 -0.646830
v 0.691865 2.653725 -0.667804
v 0.691865 2.653725 -0.627517
v 0.670135 2.601263 -0.667804
v 0.670135 2.601263 -0.627517
v 0.617672 2.579532 -0.667804
v 0.617672 2.579532 -0.627517
v 0.565210 2.601263 -0.667804
v 0.565210 2.601263 -0.627517
v 0.543479 2.653725 -0.667804
v 0.543479 2.653725 -0.627517
v 0.565210 2.706187 -0.667804
v 0.565210 2.706187 -0.627517
v 0.617672 2.727918 -0.667804
v 0.617672 2.727918 -0.627517
v 0.670135 2.706187 -0.667804
v 0.670135 2.706187 -0.627517
v 0.557061 2.742088 -0.646830
v 0.533189 2.727298 -0.646830
v 0.533189 2.727298 -0.804672
v 0.557061 2.742088 -0.804672
v 0.818424 2.727298 -0.646830
v 0.794551 2.742088 -0.646830
v 0.794551 2.742088 -0.804672
v 0.818424 2.727298 -0.804672
v 1.043084 2.653725 -0.667804
v 1.043084 2.653725 -0.627517
v 1.021353 2.601263 -0.667804
v 1.021353 2.601263 -0.627517
v 0.968890 2.579532 -0.667804
v 0.968890 2.579532 -0.627517
v 0.916428 2.601263 -0.667804
v 0.916428 2.601263 -0.627517
v 0.894697 2.653725 -0.667804
v 0.894697 2.653725 -0.627517
v 0.916428 2.706187 -0.667804
v 0.916428 2.706187 -0.627517
v 0.968890 2.727918 -0.667804
v 0.968890 2.727918 -0.627517
v 1.021353 2.706187 -0.667804
v 1.021353 2.706187 -0.627517
v 0.908280 2.742088 -0.646830
v 0.884407 2.727298 -0.646830
v 0.884407 2.727298 -0.804672
v 0.908280 2.742088 -0.804672
v 1.169642 2.727298 -0.646830
v 1.145770 2.742088 -0.646830
v 1.145770 2.742088 -0.804672
v 1.169642 2.727298 -0.804672
v 0.470393 2.565361 -0.804672
v 0.470393 2.565361 -0.646830
v 0.185159 2.565361 -0.804672
v 0.185159 2.565361 -0.646830
v 0.343835 2.653725 -0.667804
v 0.343835 2.653725 -0.627517
v 0.322105 2.601263 -0.667804
v 0.322105 2.601263 -0.627517
v 0.269642 2.579532 -0.667804
v 0.269642 2.579532 -0.627517
v 0.217180 2.601263 -0.667804
v 0.217180 2.601263 -0.627517
v 0.195449 2.653725 -0.667804
v 0.195449 2.653725 -0.627517
v 0.217180 2.706187 -0.667804
v 0.217180 2.706187 -0.627517
v 0.269642 2.727918 -0.667804
v 0.269642 2.727918 -0.627517
v 0.322105 2.706187 -0.667804
v 0.322105 2.706187 -0.627517
v 0.209031 2.742088 -0.646830
v 0.185159 2.727298 -0.646830
v 0.185159 2.727298 -0.804672
v 0.209031 2.742088 -0.804672
v 0.470393 2.727298 -0.646830
v 0.446521 2.742088 -0.646830
v 0.446521 2.742088 -0.804672
v 0.470393 2.727298 -0.804672
v -0.770712 2.601861 -0.887551
v -0.770712 2.618349 -0.916109
v -0.770712 2.651324 -0.916109
v -0.770712 2.667812 -0.887551
v -0.770712 2.651324 -0.858993
v -0.770712 2.618349 -0.858993
v -0.796476 2.588129 -0.887551
v -0.805942 2.601629 -0.916109
v -0.824874 2.628628 -0.916109
v -0.834341 2.642128 -0.887551
v -0.824874 2.628628 -0.858993
v -0.805942 2.601629 -0.858993
v -0.804707 2.571849 -0.887551
v -0.819235 2.571849 -0.916109
v -0.848292 2.571849 -0.916109
v -0.862820 2.571849 -0.887551
v -0.848292 2.571849 -0.858993
v -0.819235 2.571849 -0.858993
v 1.247677 2.601861 -0.700242
v 1.178260 2.601861 -0.887551
v 1.276235 2.618349 -0.700406
v 1.178260 2.618349 -0.916109
v 1.276235 2.651324 -0.700406
v 1.178260 2.651325 -0.916109
v 1.247677 2.667812 -0.700242
v 1.178260 2.667812 -0.887551
v 1.219120 2.651324 -0.700077
v 1.178260 2.651324 -0.858994
v 1.219120 2.618349 -0.700077
v 1.178260 2.618349 -0.858994
v 1.247826 2.588129 -0.674479
v 1.276438 2.601629 -0.665177
v 1.276547 2.628628 -0.646245
v 1.248044 2.642128 -0.636615
v 1.219432 2.628628 -0.645916
v 1.219323 2.601629 -0.664848
v 1.247873 2.571849 -0.666248
v 1.276514 2.571849 -0.651885
v 1.276682 2.571849 -0.622828
v 1.248208 2.571849 -0.608136
v 1.219567 2.571849 -0.622499
v 1.219400 2.571849 -0.651555
v 1.219263 2.601861 -0.875426
v 1.234353 2.618349 -0.899672
v 1.234353 2.651324 -0.899672
v 1.219263 2.667812 -0.875426
v 1.204173 2.651324 -0.851180
v 1.204173 2.618349 -0.851180
v 1.273054 2.618349 -0.825702
v 1.273054 2.651324 -0.825702
v 1.244497 2.667812 -0.825538
v 1.215939 2.651324 -0.825373
v 1.215939 2.618349 -0.825373
v 1.244497 2.601861 -0.825538
v -0.774723 2.601861 -0.772776
v -0.774723 2.618349 -0.744218
v -0.774723 2.651324 -0.744218
v -0.774723 2.667812 -0.772776
v -0.774723 2.651324 -0.801334
v -0.774723 2.618349 -0.801334
v -0.800486 2.588129 -0.772776
v -0.809953 2.601628 -0.744218
v -0.828885 2.628628 -0.744218
v -0.838351 2.642128 -0.772776
v -0.828885 2.628628 -0.801334
v -0.809953 2.601628 -0.801334
v -0.808717 2.571849 -0.772776
v -0.823246 2.571849 -0.744218
v -0.852302 2.571849 -0.744218
v -0.866831 2.571849 -0.772776
v -0.852302 2.571849 -0.801334
v -0.823246 2.571849 -0.801334
v 0.030813 2.601861 -0.772776
v -0.561035 2.601861 -0.772776
v 0.030813 2.618348 -0.744218
v -0.561035 2.618349 -0.744218
v 0.030813 2.651324 -0.744218
v -0.561035 2.651324 -0.744218
v 0.030813 2.667812 -0.772776
v -0.561035 2.667812 -0.772776
v 0.030813 2.651324 -0.801334
v -0.561035 2.651324 -0.801334
v 0.030813 2.618348 -0.801334
v -0.561035 2.618349 -0.801334
v 0.056576 2.588129 -0.772776
v 0.066043 2.601628 -0.744218
v 0.084975 2.628628 -0.744218
v 0.094441 2.642128 -0.772776
v 0.084975 2.628628 -0.801334
v 0.066043 2.601628 -0.801334
v 0.064808 2.571849 -0.772776
v 0.079336 2.571849 -0.744218
v 0.108392 2.571849 -0.744218
v 0.122921 2.571849 -0.772776
v 0.108392 2.571849 -0.801334
v 0.079336 2.571849 -0.801334
v -0.774723 2.601861 -0.646650
v -0.774723 2.618349 -0.618092
v -0.774723 2.651324 -0.618092
v -0.774723 2.667812 -0.646650
v -0.774723 2.651324 -0.675208
v -0.774723 2.618349 -0.675208
v -0.800486 2.588129 -0.646650
v -0.809953 2.601628 -0.618092
v -0.828885 2.628628 -0.618092
v -0.838351 2.642128 -0.646650
v -0.828885 2.628628 -0.675208
v -0.809953 2.601628 -0.675208
v -0.808717 2.571849 -0.646650
v -0.823246 2.571849 -0.618092
v -0.852302 2.571849 -0.618092
v -0.866831 2.571849 -0.646650
v -0.852302 2.571849 -0.675208
v -0.823246 2.571849 -0.675208
v 0.030813 2.601861 -0.646650
v -0.561035 2.601861 -0.646650
v 0.030813 2.618348 -0.618092
v -0.561035 2.618349 -0.618092
v 0.030813 2.651324 -0.618092
v -0.561035 2.651324 -0.618092
v 0.030813 2.667812 -0.646650
v -0.561035 2.667812 -0.646650
v 0.030813 2.651324 -0.675208
v -0.561035 2.651324 -0.675208
v 0.030813 2.618348 -0.675208
v -0.561035 2.618349 -0.675208
v 0.056576 2.588129 -0.646650
v 0.066043 2.601628 -0.618092
v 0.084975 2.628628 -0.618092
v 0.094441 2.642128 -0.646650
v 0.084975 2.628628 -0.675208
v 0.066043 2.601628 -0.675208
v 0.064808 2.571849 -0.646650
v 0.079336 2.571849 -0.618092
v 0.108392 2.571849 -0.618092
v 0.122921 2.571849 -0.646650
v 0.108392 2.571849 -0.675208
v 0.079336 2.571849 -0.675208
vn -0.0000 -0.0000 1.0000
vn 1.0000 -0.0000 -0.0000
vn -0.0000 1.0000 -0.0000
vn -0.0000 -1.0000 -0.0000
vn -1.0000 -0.0000 -0.0000
vn -0.0000 0.5844 0.8114
vn -0.0000 -0.0000 -1.0000
vn -0.7071 -0.0000 0.7071
vn 0.7071 -0.0000 0.7071
vn -0.7071 -0.0000 -0.7071
vn 0.7071 -0.0000 -0.7071
vn 0.0273 -0.9995 0.0162
vn -0.0189 0.9971 -0.0736
vn -0.0372 -0.9902 0.1344
vn -0.0112 0.9999 -0.0048
vn 0.0056 -0.9999 -0.0087
vn 0.0233 0.9989 0.0408
vn 0.0251 -0.9987 0.0440
vn 0.0403 0.9975 -0.0582
vn 0.0362 0.9959 -0.0832
vn -0.0096 1.0000 -0.0000
vn 0.0354 -0.9975 0.0619
vn 0.0284 0.9984 -0.0498
vn -0.0000 0.9989 0.0460
vn -0.0000 -0.9999 0.0160
vn 0.0260 0.9963 -0.0823
vn 0.0228 0.9990 0.0374
vn -0.0117 0.9999 -0.0000
vn 0.0348 -0.9990 -0.0277
vn -0.0000 0.9977 -0.0685
vn -0.0043 0.9996 -0.0278
vn -0.0008 0.9989 -0.0465
vn 0.0140 -0.9996 0.0229
vn 0.0410 -0.9966 -0.0717
vn -0.0000 0.9997 0.0225
vn -0.0247 -0.9997 -0.0000
vn 0.0023 0.9998 -0.0187
vn -0.0392 -0.9984 0.0412
vn -0.0171 0.9999 -0.0000
vn 0.0086 0.9999 -0.0131
vn -0.0060 -1.0000 -0.0000
vn 0.0105 0.9998 -0.0197
vn 0.0236 -0.9989 0.0414
vn -0.0000 0.9998 -0.0222
vn 0.0167 -0.9995 -0.0273
vn -0.0761 0.9969 0.0189
vn 0.1384 -0.9897 0.0372
vn -0.0049 0.9999 0.0112
vn -0.0087 -0.9999 -0.0056
vn 0.0408 0.9989 -0.0233
vn 0.0427 -0.9988 -0.0251
vn -0.0565 0.9976 -0.0403
vn -0.0807 0.9961 -0.0362
vn -0.0000 1.0000 0.0096
vn 0.0619 -0.9975 -0.0354
vn -0.0498 0.9984 -0.0284
vn 0.0491 0.9988 -0.0000
vn 0.0160 -0.9999 -0.0000
vn -0.0822 0.9951 -0.0545
vn 0.0345 0.9991 -0.0228
vn -0.0000 0.9997 0.0245
vn -0.0277 -0.9990 -0.0348
vn -0.0685 0.9977 -0.0000
vn -0.0333 0.9994 0.0089
vn -0.0481 0.9988 0.0008
vn 0.0238 -0.9996 -0.0140
vn -0.0717 -0.9966 -0.0410
vn 0.0225 0.9997 -0.0000
vn -0.0000 -0.9997 0.0247
vn -0.0187 0.9998 -0.0023
vn 0.0412 -0.9984 0.0392
vn -0.0000 0.9999 0.0171
vn -0.0131 0.9999 -0.0086
vn -0.0000 -1.0000 0.0057
vn -0.0179 0.9998 -0.0099
vn 0.0414 -0.9989 -0.0236
vn -0.0222 0.9998 -0.0000
vn 0.0098 0.9999 0.0025
vn -0.0194 -0.9994 0.0273
vn 0.0881 0.9959 -0.0189
vn -0.0000 -0.9993 -0.0375
vn 0.1179 0.9927 -0.0236
vn 0.0622 0.9979 0.0158
vn 0.0074 -1.0000 0.0056
vn -0.0347 0.9991 0.0233
vn -0.0550 0.9985 -0.0000
vn 0.0507 0.9986 0.0129
vn -0.0000 1.0000 -0.0096
vn 0.0073 0.9997 -0.0245
vn 0.0076 1.0000 -0.0004
vn -0.0160 -0.9999 -0.0000
vn 0.0822 0.9951 0.0545
vn -0.0407 0.9989 0.0228
vn -0.0000 0.9997 -0.0228
vn 0.0277 -0.9990 0.0348
vn 0.0685 0.9977 -0.0000
vn -0.0924 -0.9954 0.0235
vn 0.0404 0.9992 -0.0008
vn -0.0245 -0.9996 0.0140
vn 0.1595 -0.9864 0.0406
vn -0.0505 0.9985 -0.0210
vn -0.0000 -0.9997 -0.0247
vn 0.0187 0.9998 0.0023
vn 0.0401 -0.9992 -0.0000
vn -0.0672 0.9977 0.0013
vn -0.0000 -1.0000 -0.0058
vn 0.0180 0.9998 0.0100
vn -0.0273 -0.9995 -0.0170
vn 0.0189 0.9968 0.0773
vn 0.0372 -0.9912 -0.1270
vn 0.0112 0.9999 0.0045
vn -0.0056 -0.9999 0.0087
vn -0.0233 0.9989 -0.0408
vn -0.0251 -0.9987 -0.0440
vn -0.0403 0.9975 0.0582
vn -0.0301 0.9961 0.0832
vn 0.0132 0.9999 -0.0000
vn -0.0294 -0.9977 -0.0619
vn -0.0236 0.9985 0.0498
vn -0.0769 -0.9967 0.0276
vn -0.0000 0.9977 0.0685
vn 0.0008 0.9984 0.0557
vn -0.0140 -0.9996 -0.0245
vn -0.0442 -0.9964 0.0717
vn -0.0000 0.9998 -0.0204
vn 0.0247 -0.9997 -0.0000
vn -0.0023 0.9998 0.0187
vn 0.0392 -0.9984 -0.0403
vn 0.0171 0.9999 -0.0000
vn -0.0086 0.9999 0.0123
vn 0.0058 -1.0000 -0.0000
vn -0.0100 0.9998 0.0199
vn -0.0236 -0.9989 -0.0414
vn -0.0000 0.9998 0.0222
vn -0.0000 0.8693 0.4944
vn -0.0000 -0.8693 -0.4944
vn -0.0178 0.9998 -0.0000
vn 0.7064 -0.0000 0.7078
vn -0.7064 -0.0000 -0.7078
vn 0.7064 -0.0000 -0.7078
vn -0.7064 -0.0000 0.7078
vn 0.0178 0.9998 -0.0000
vn -0.0091 0.9999 0.0091
vn 0.0091 0.9999 -0.0091
vn -0.0000 0.9998 -0.0178
vn -0.0000 0.9998 0.0178
vn -0.0091 0.9999 -0.0091
vn 0.0091 0.9999 0.0091
vn 0.9830 -0.1836 -0.0000
vn 0.6749 -0.7380 -0.0000
vn 0.6748 -0.7380 -0.0000
vn -0.0000 -0.1836 -0.9830
vn -0.0000 -0.7380 -0.6748
vn -0.9830 -0.1836 -0.0000
vn -0.6749 -0.7380 -0.0000
vn -0.6748 -0.7380 -0.0000
vn -0.0000 -0.1836 0.9830
vn -0.0000 -0.7380 0.6748
vn -0.0000 -0.7380 0.6749
vn -0.1065 0.9943 -0.0000
vn -0.0504 0.9987 -0.0000
vn 0.1065 -0.9943 -0.0000
vn 0.1065 0.9943 -0.0000
vn 0.0504 0.9987 -0.0000
vn -0.1065 -0.9943 -0.0000
vn -0.0503 0.9987 -0.0000
vn 0.0503 0.9987 -0.0000
vn 0.9239 -0.3827 -0.0000
vn 0.3827 -0.9239 -0.0000
vn -0.3827 -0.9239 -0.0000
vn -0.9239 -0.3827 -0.0000
vn -0.9239 0.3827 -0.0000
vn -0.3827 0.9239 -0.0000
vn 0.3827 0.9239 -0.0000
vn 0.9239 0.3827 -0.0000
vn -0.5267 0.8501 -0.0000
vn 0.5267 0.8501 -0.0000
vn -0.0000 -0.8660 -0.5000
vn -0.0000 0.8660 -0.5000
vn -0.0000 0.8660 0.5000
vn -0.0000 -0.8660 0.5000
vn -0.3300 0.8175 0.4720
vn 0.3802 -0.8010 -0.4625
vn -0.3300 0.8175 -0.4720
vn 0.3802 -0.8010 0.4625
vn 0.8126 -0.4108 0.4134
vn -0.8340 0.3380 -0.4362
vn -0.8366 0.3450 0.4256
vn 0.8183 -0.3653 -0.4439
vn 0.1457 -0.8579 -0.4927
vn 0.2812 -0.0000 -0.9596
vn 0.1457 0.8579 -0.4927
vn -0.1482 0.8582 0.4914
vn -0.2887 -0.0000 0.9574
vn -0.1482 -0.8582 0.4914
vn -0.4701 0.8175 0.3327
vn 1.0000 -0.0000 -0.0058
vn -1.0000 -0.0000 0.0058
vn 0.4949 -0.7657 -0.4110
vn 0.4933 0.8033 0.3338
vn -0.4647 -0.8010 -0.3775
vn -0.4486 -0.3653 -0.8157
vn 0.4410 0.3380 0.8314
vn -0.4314 0.3380 0.8365
vn 0.4392 -0.3653 -0.8208
vn -0.4866 -0.8450 0.2219
vn -0.9099 -0.0000 0.4148
vn -0.4866 0.8450 0.2219
vn 0.4837 0.8403 -0.2447
vn 0.8861 -0.0000 -0.4636
vn 0.4838 -0.8403 -0.2447
vn 0.4999 -0.8660 -0.0127
vn 0.9997 -0.0000 -0.0254
vn 0.4999 0.8660 -0.0127
vn -0.4999 0.8660 0.0127
vn -0.9997 -0.0000 0.0254
vn -0.4999 -0.8660 0.0127
vn 0.4081 -0.7657 0.4972
vn -0.3366 0.8033 0.4913
vn -0.8340 0.3380 0.4362
vn 0.8183 -0.3653 0.4439
vn 0.3300 0.8175 -0.4720
vn -0.3802 -0.8010 0.4625
vn 0.3300 0.8175 0.4720
vn -0.3802 -0.8010 -0.4625
vn -0.8126 -0.4108 -0.4134
vn 0.8340 0.3380 0.4362
vn 0.8366 0.3450 -0.4256
vn -0.8183 -0.3653 0.4439
vn 0.0101 -0.9999 -0.0088
vn 0.0018 0.9991 -0.0435
vn -0.0369 -0.9904 0.1330
vn -0.0237 0.9986 0.0470
vn -0.0022 1.0000 -0.0035
vn -0.0596 -0.9926 0.1054
vn -0.0161 0.9990 0.0406
vn -0.0181 0.9998 0.0118
vn -0.0417 -0.9973 0.0609
vn -0.0247 0.9995 -0.0220
vn -0.0245 0.9988 0.0429
vn -0.0004 0.9989 0.0467
vn -0.0165 -0.9969 0.0765
vn 0.0036 1.0000 -0.0000
vn -0.0316 -0.9982 -0.0517
vn -0.0190 0.9995 -0.0270
vn 0.0369 -0.9988 -0.0314
vn -0.0096 0.9963 -0.0852
vn -0.0265 -0.9964 0.0811
vn -0.0080 0.9992 -0.0393
vn -0.0439 0.9931 -0.1092
vn -0.0115 -0.9998 -0.0188
vn -0.0232 0.9977 0.0631
vn -0.0394 -0.9989 -0.0258
vn -0.0454 0.9937 -0.1020
vn 0.0009 -0.9996 -0.0291
vn -0.0244 0.9996 0.0128
vn -0.0051 0.9999 0.0109
vn -0.0075 -1.0000 -0.0027
vn -0.0110 0.9991 -0.0414
vn -0.0091 -0.9999 -0.0101
vn -0.0449 0.9990 -0.0018
vn 0.1369 -0.9899 0.0368
vn 0.0485 0.9985 0.0237
vn -0.0038 1.0000 0.0022
vn 0.1054 -0.9926 0.0596
vn 0.0394 0.9991 0.0161
vn 0.0115 0.9998 0.0181
vn 0.0730 -0.9965 0.0417
vn -0.0264 0.9993 0.0247
vn 0.0429 0.9988 0.0245
vn 0.0499 0.9988 0.0004
vn 0.0764 -0.9965 0.0346
vn -0.0000 1.0000 -0.0076
vn -0.0477 -0.9984 0.0316
vn -0.0270 0.9988 0.0399
vn -0.0314 -0.9988 -0.0369
vn -0.0852 0.9963 0.0096
vn 0.0970 -0.9937 0.0554
vn -0.0471 0.9988 0.0168
vn -0.1129 0.9926 0.0439
vn -0.0195 -0.9997 0.0115
vn 0.0631 0.9977 0.0232
vn -0.0258 -0.9989 0.0394
vn -0.1020 0.9937 0.0454
vn -0.0291 -0.9996 -0.0009
vn 0.0128 0.9996 0.0244
vn 0.0109 0.9999 0.0051
vn -0.0025 -1.0000 0.0071
vn -0.0414 0.9991 0.0110
vn 0.0106 -0.9999 0.0101
vn 0.0521 0.9986 0.0018
vn -0.1271 -0.9894 -0.0695
vn -0.0465 0.9987 0.0183
vn -0.0898 -0.9942 -0.0597
vn -0.0919 -0.9955 -0.0234
vn -0.1178 0.9929 -0.0160
vn -0.0710 0.9973 -0.0181
vn -0.0753 -0.9963 -0.0417
vn 0.0272 0.9993 -0.0247
vn -0.1578 -0.9867 -0.0401
vn 0.0850 0.9954 -0.0442
vn -0.1115 0.9933 0.0298
vn -0.0764 -0.9965 -0.0346
vn -0.0000 1.0000 0.0076
vn 0.1234 -0.9919 -0.0314
vn -0.0000 0.9999 0.0125
vn -0.0047 0.9997 -0.0245
vn 0.0314 -0.9988 0.0369
vn 0.0852 0.9963 -0.0096
vn -0.0351 0.9993 -0.0089
vn 0.2908 0.9546 -0.0649
vn 0.0201 -0.9997 -0.0115
vn -0.1630 -0.9858 -0.0415
vn 0.1842 0.9818 -0.0469
vn -0.0593 0.9980 -0.0232
vn 0.0258 -0.9989 -0.0394
vn 0.1020 0.9937 -0.0454
vn 0.1866 -0.9817 -0.0386
vn -0.0928 0.9954 -0.0243
vn -0.0923 0.9957 -0.0051
vn 0.0025 -1.0000 -0.0072
vn -0.1588 -0.9865 -0.0404
vn 0.0564 0.9983 -0.0144
vn -0.0101 -0.9999 0.0093
vn -0.0018 0.9990 0.0456
vn 0.0369 -0.9914 -0.1257
vn 0.0237 0.9987 -0.0444
vn 0.0022 1.0000 0.0037
vn 0.0596 -0.9926 -0.1054
vn 0.0161 0.9990 -0.0406
vn 0.0150 0.9998 -0.0118
vn 0.0573 -0.9957 -0.0729
vn 0.0339 0.9991 0.0264
vn 0.0203 0.9989 -0.0429
vn -0.0816 -0.9962 0.0313
vn 0.0212 0.9961 0.0852
vn 0.0472 0.9903 0.1305
vn 0.0115 -0.9997 0.0201
vn 0.0232 0.9981 -0.0571
vn 0.0394 -0.9989 0.0258
vn 0.0454 0.9937 0.1020
vn -0.0009 -0.9996 0.0285
vn 0.0244 0.9996 -0.0126
vn 0.0051 0.9999 -0.0102
vn 0.0071 -1.0000 0.0028
vn 0.0110 0.9991 0.0414
vn -0.0000 -0.8693 -0.4943
vn 0.4081 -0.7657 -0.4972
vn -0.3366 0.8033 -0.4913
vn -0.8366 0.3450 -0.4256
vn 0.8126 -0.4109 -0.4134
vn 0.1450 -0.8569 -0.4947
vn 0.1450 0.8569 -0.4947
vn -0.1463 0.8567 0.4946
vn -0.1463 -0.8567 0.4946
vn -0.4894 0.8033 0.3394
vn 0.4603 -0.8010 -0.3828
vn 0.4739 0.8175 0.3273
vn -0.4996 -0.7657 -0.4052
vn -0.4181 -0.4109 -0.8102
vn 0.4304 0.3450 0.8341
vn -0.4208 0.3450 0.8390
vn 0.4087 -0.4109 -0.8150
vn -0.4995 -0.8287 0.2526
vn -0.9099 -0.0000 0.4149
vn -0.4995 0.8287 0.2526
vn 0.4932 0.8308 -0.2580
vn 0.8860 -0.0000 -0.4636
vn 0.4932 -0.8308 -0.2580
vn 0.8126 -0.4108 -0.4134
vn 0.3366 0.8033 -0.4913
vn -0.4081 -0.7657 0.4972
vn 0.3366 0.8033 0.4913
vn -0.4081 -0.7657 -0.4972
vn -0.8183 -0.3653 -0.4439
vn 0.8366 0.3450 0.4256
vn 0.8340 0.3380 -0.4362
vn -0.8126 -0.4108 0.4134
vt 0.408203 0.661974
vt 0.409458 0.664302
vt 0.408203 0.665538
vt 0.408203 0.648200
vt 0.409458 0.654067
vt 0.408203 0.655161
vt 0.414130 0.655843
vt 0.415492 0.655161
vt 0.408203 0.658568
vt 0.409458 0.661293
vt 0.339695 0.663516
vt 0.339547 0.661473
vt 0.339695 0.661473
vt 0.414130 0.662544
vt 0.415492 0.661974
vt 0.329906 0.618964
vt 0.330054 0.614291
vt 0.330054 0.618964
vt 0.330372 0.600157
vt 0.330224 0.598113
vt 0.330372 0.598113
vt 0.414130 0.657886
vt 0.409458 0.657886
vt 0.329906 0.637654
vt 0.330054 0.632981
vt 0.330054 0.637654
vt 0.329906 0.632981
vt 0.330054 0.628309
vt 0.414130 0.654067
vt 0.414130 0.659249
vt 0.415492 0.658568
vt 0.414130 0.661293
vt 0.303110 0.661226
vt 0.303259 0.665898
vt 0.303110 0.665898
vt 0.316865 0.669477
vt 0.317047 0.673860
vt 0.316865 0.673571
vt 0.430254 0.679837
vt 0.430406 0.675453
vt 0.430406 0.680126
vt 0.428648 0.675453
vt 0.430254 0.675743
vt 0.428800 0.675743
vt 0.315185 0.673571
vt 0.330224 0.593340
vt 0.414130 0.664302
vt 0.406950 0.656614
vt 0.407098 0.661287
vt 0.406950 0.661287
vt 0.339547 0.656800
vt 0.428998 0.666169
vt 0.429146 0.667927
vt 0.428998 0.667927
vt 0.406950 0.651942
vt 0.407098 0.656614
vt 0.329906 0.646999
vt 0.330054 0.642326
vt 0.330054 0.646999
vt 0.315185 0.669477
vt 0.315003 0.673860
vt 0.315003 0.669188
vt 0.317130 0.661129
vt 0.317217 0.657036
vt 0.317217 0.661129
vt 0.376850 0.663588
vt 0.376937 0.667682
vt 0.376850 0.667682
vt 0.430228 0.665748
vt 0.430315 0.661654
vt 0.430315 0.665748
vt 0.382467 0.558879
vt 0.382380 0.557425
vt 0.382467 0.557425
vt 0.340560 0.656508
vt 0.344943 0.656800
vt 0.340271 0.656800
vt 0.406159 0.673179
vt 0.408021 0.672889
vt 0.408203 0.673179
vt 0.406341 0.668796
vt 0.406159 0.668506
vt 0.408021 0.668796
vt 0.344654 0.652318
vt 0.344943 0.652027
vt 0.428800 0.679837
vt 0.340560 0.652318
vt 0.407171 0.183506
vt 0.408625 0.187600
vt 0.407171 0.187600
vt 0.290388 0.185736
vt 0.288708 0.181643
vt 0.290388 0.181643
vt 0.408625 0.183506
vt 0.406945 0.179413
vt 0.408625 0.179413
vt 0.395545 0.053701
vt 0.391452 0.057891
vt 0.391452 0.053701
vt 0.430370 0.665748
vt 0.430457 0.661654
vt 0.430457 0.665748
vt 0.312149 0.663389
vt 0.312062 0.661708
vt 0.312149 0.661708
vt 0.353972 0.656621
vt 0.353885 0.660715
vt 0.353885 0.656621
vt 0.422817 0.662669
vt 0.422904 0.666762
vt 0.422817 0.666762
vt 0.330459 0.592756
vt 0.330372 0.588566
vt 0.330459 0.588566
vt 0.386490 0.668021
vt 0.386403 0.663927
vt 0.386490 0.663927
vt 0.379976 0.663588
vt 0.380064 0.667682
vt 0.379976 0.667682
vt 0.394101 0.665823
vt 0.394912 0.658534
vt 0.394912 0.665823
vt 0.370527 0.649515
vt 0.370440 0.647835
vt 0.370527 0.647835
vt 0.449162 0.658577
vt 0.449974 0.665538
vt 0.449162 0.665538
vt 0.449162 0.655171
vt 0.449974 0.658577
vt 0.449162 0.648200
vt 0.449974 0.651764
vt 0.449162 0.651764
vt 0.348407 0.673819
vt 0.347595 0.666530
vt 0.348407 0.666530
vt 0.449974 0.655171
vt 0.415492 0.665538
vt 0.415492 0.648200
vt 0.374000 0.664111
vt 0.373852 0.666154
vt 0.373852 0.664111
vt 0.407098 0.665380
vt 0.406950 0.667424
vt 0.406950 0.665380
vt 0.428648 0.680126
vt 0.317047 0.669188
vt 0.330372 0.588566
vt 0.330224 0.588566
vt 0.444581 0.668124
vt 0.444729 0.666366
vt 0.444729 0.668124
vt 0.382293 0.558879
vt 0.382293 0.557425
vt 0.408203 0.668506
vt 0.340271 0.652027
vt 0.370353 0.649515
vt 0.370353 0.647835
vt 0.434988 0.544606
vt 0.434900 0.548796
vt 0.434900 0.544606
vt 0.370179 0.647835
vt 0.370092 0.649515
vt 0.370092 0.647835
vt 0.365847 0.669365
vt 0.366659 0.662404
vt 0.366659 0.669365
vt 0.365847 0.662404
vt 0.366659 0.658997
vt 0.365847 0.655591
vt 0.366659 0.652027
vt 0.366659 0.655591
vt 0.365847 0.658997
vt 0.414130 0.649294
vt 0.420642 0.546549
vt 0.422004 0.548877
vt 0.420642 0.550113
vt 0.420642 0.532775
vt 0.422004 0.538642
vt 0.420642 0.539736
vt 0.427931 0.539736
vt 0.422004 0.540417
vt 0.422004 0.543824
vt 0.422004 0.545867
vt 0.430376 0.667791
vt 0.430228 0.667791
vt 0.427931 0.546549
vt 0.422004 0.547119
vt 0.329906 0.628309
vt 0.330054 0.623636
vt 0.317171 0.663761
vt 0.317022 0.661717
vt 0.317171 0.661717
vt 0.422004 0.542461
vt 0.427931 0.543142
vt 0.420642 0.543142
vt 0.329906 0.623636
vt 0.329906 0.642326
vt 0.312062 0.657036
vt 0.312210 0.661708
vt 0.406341 0.677562
vt 0.406341 0.673468
vt 0.415114 0.678435
vt 0.415266 0.674052
vt 0.415266 0.678725
vt 0.413508 0.674052
vt 0.415114 0.674342
vt 0.413660 0.674342
vt 0.408021 0.673468
vt 0.330054 0.609518
vt 0.329906 0.604744
vt 0.330054 0.604744
vt 0.427931 0.550113
vt 0.434752 0.544606
vt 0.434900 0.549279
vt 0.434752 0.549279
vt 0.294073 0.657464
vt 0.294221 0.662137
vt 0.294073 0.662137
vt 0.330372 0.601915
vt 0.330224 0.600157
vt 0.371040 0.659067
vt 0.371188 0.663739
vt 0.371040 0.663739
vt 0.329906 0.651671
vt 0.330054 0.651671
vt 0.408021 0.677562
vt 0.408203 0.673179
vt 0.408203 0.677851
vt 0.329967 0.655765
vt 0.330054 0.655765
vt 0.379922 0.667682
vt 0.379835 0.663588
vt 0.379922 0.663588
vt 0.361936 0.662934
vt 0.362023 0.658840
vt 0.362023 0.662934
vt 0.382554 0.558879
vt 0.382554 0.557425
vt 0.335888 0.652318
vt 0.335599 0.652027
vt 0.315185 0.674150
vt 0.316865 0.678243
vt 0.317047 0.678533
vt 0.315185 0.678243
vt 0.335888 0.656508
vt 0.335599 0.656800
vt 0.413660 0.678435
vt 0.339982 0.656508
vt 0.444201 0.108062
vt 0.442748 0.103969
vt 0.444201 0.103969
vt 0.288708 0.177549
vt 0.290388 0.177549
vt 0.288708 0.173456
vt 0.290388 0.173456
vt 0.278827 0.156322
vt 0.282920 0.160512
vt 0.278827 0.160512
vt 0.407037 0.661287
vt 0.407037 0.665380
vt 0.370266 0.647835
vt 0.383144 0.658195
vt 0.383057 0.662288
vt 0.383057 0.658195
vt 0.383419 0.662876
vt 0.383506 0.666970
vt 0.383419 0.666970
vt 0.330459 0.596946
vt 0.330372 0.592756
vt 0.353972 0.664808
vt 0.353885 0.664808
vt 0.376937 0.663588
vt 0.377024 0.667682
vt 0.362068 0.666130
vt 0.362880 0.658840
vt 0.362880 0.666130
vt 0.370005 0.647835
vt 0.447538 0.658577
vt 0.448350 0.665538
vt 0.447538 0.665538
vt 0.447538 0.655171
vt 0.448350 0.658577
vt 0.447538 0.648200
vt 0.448350 0.651764
vt 0.447538 0.651764
vt 0.415387 0.672828
vt 0.414575 0.665538
vt 0.415387 0.665538
vt 0.448350 0.655171
vt 0.426676 0.548877
vt 0.426676 0.538642
vt 0.427931 0.532775
vt 0.426676 0.545867
vt 0.348593 0.665242
vt 0.348444 0.667286
vt 0.348444 0.665242
vt 0.374000 0.666154
vt 0.373852 0.668198
vt 0.426676 0.542461
vt 0.413508 0.678725
vt 0.406159 0.677851
vt 0.329906 0.614291
vt 0.329906 0.609518
vt 0.426053 0.666169
vt 0.425905 0.667927
vt 0.425905 0.666169
vt 0.382641 0.557425
vt 0.315003 0.678533
vt 0.370179 0.649515
vt 0.330372 0.601136
vt 0.330372 0.596946
vt 0.369918 0.649515
vt 0.369918 0.647835
vt 0.448350 0.655161
vt 0.448350 0.648200
vt 0.449162 0.655161
vt 0.448350 0.658568
vt 0.449162 0.661974
vt 0.448350 0.661974
vt 0.449162 0.658568
vt 0.422004 0.533869
vt 0.804103 0.939700
vt 0.801136 0.940128
vt 0.801136 0.939698
vt 0.968727 0.871038
vt 0.969333 0.874012
vt 0.966585 0.874012
vt 0.878081 0.918808
vt 0.877475 0.919238
vt 0.877475 0.918808
vt 0.118485 0.168943
vt 0.117879 0.169916
vt 0.117879 0.168943
vt 0.878081 0.920211
vt 0.877475 0.921184
vt 0.877475 0.920211
vt 0.118485 0.170889
vt 0.117879 0.171862
vt 0.117879 0.170889
vt 0.878081 0.922157
vt 0.877475 0.923130
vt 0.877475 0.922157
vt 0.118485 0.172835
vt 0.117879 0.173809
vt 0.117879 0.172835
vt 0.877475 0.924104
vt 0.878081 0.925118
vt 0.877475 0.925118
vt 0.044506 0.184539
vt 0.041539 0.185511
vt 0.041539 0.184537
vt 0.804103 0.935807
vt 0.801136 0.936779
vt 0.801136 0.935806
vt 0.041539 0.186484
vt 0.044506 0.187458
vt 0.041539 0.187457
vt 0.804103 0.937753
vt 0.801136 0.938725
vt 0.801136 0.937752
vt 0.044506 0.188431
vt 0.041539 0.189403
vt 0.041539 0.188430
vt 0.801136 0.927969
vt 0.804103 0.928954
vt 0.801136 0.928952
vt 0.801136 0.933818
vt 0.804103 0.934834
vt 0.801136 0.934832
vt 0.877475 0.929984
vt 0.878081 0.930967
vt 0.877475 0.930967
vt 0.117879 0.178715
vt 0.118485 0.179689
vt 0.117879 0.179689
vt 0.877475 0.928037
vt 0.878081 0.929010
vt 0.877475 0.929010
vt 0.117879 0.176769
vt 0.118485 0.177742
vt 0.117879 0.177742
vt 0.877475 0.926091
vt 0.878081 0.927064
vt 0.877475 0.927064
vt 0.117879 0.174823
vt 0.118485 0.175796
vt 0.117879 0.175796
vt 0.041539 0.182550
vt 0.044506 0.183525
vt 0.041539 0.183523
vt 0.801136 0.931872
vt 0.804103 0.932846
vt 0.801136 0.932845
vt 0.041539 0.180604
vt 0.044506 0.181578
vt 0.041539 0.181577
vt 0.801136 0.929926
vt 0.804103 0.930900
vt 0.801136 0.930899
vt 0.041539 0.178657
vt 0.044506 0.179632
vt 0.041539 0.179631
vt 0.801136 0.924609
vt 0.804103 0.925041
vt 0.801136 0.925039
vt 0.880862 0.958360
vt 0.880256 0.961334
vt 0.878114 0.958360
vt 0.877475 0.933897
vt 0.878081 0.934327
vt 0.877475 0.934327
vt 0.117879 0.182628
vt 0.118485 0.183602
vt 0.117879 0.183602
vt 0.877475 0.931950
vt 0.878081 0.932923
vt 0.877475 0.932923
vt 0.117879 0.180672
vt 0.118485 0.181655
vt 0.117879 0.181655
vt 0.041539 0.176691
vt 0.044506 0.177675
vt 0.041539 0.177674
vt 0.801136 0.926013
vt 0.804103 0.926987
vt 0.801136 0.926986
vt 0.041539 0.174744
vt 0.044506 0.175719
vt 0.041539 0.175718
vt 0.459910 0.928313
vt 0.462563 0.925660
vt 0.462563 0.928313
vt 0.462963 0.830539
vt 0.460310 0.827887
vt 0.462963 0.827887
vt 0.377848 0.931637
vt 0.375195 0.936279
vt 0.375195 0.931637
vt 0.325147 0.934851
vt 0.327800 0.939493
vt 0.325147 0.939493
vt 0.322133 0.935016
vt 0.319481 0.930374
vt 0.322133 0.930374
vt 0.377842 0.948402
vt 0.380495 0.951054
vt 0.377842 0.951054
vt 0.365915 0.937322
vt 0.368567 0.932679
vt 0.368567 0.937322
vt 0.324809 0.951018
vt 0.322157 0.948365
vt 0.324809 0.948365
vt 0.399125 0.930391
vt 0.401777 0.925748
vt 0.401777 0.930391
vt 0.357733 0.937574
vt 0.355081 0.932932
vt 0.357733 0.932932
vt 0.328398 0.929553
vt 0.331050 0.934196
vt 0.328398 0.934196
vt 0.451142 0.949939
vt 0.448490 0.947286
vt 0.451142 0.947286
vt 0.460463 0.856774
vt 0.463116 0.854122
vt 0.463116 0.856774
vt 0.295638 0.935121
vt 0.298291 0.930478
vt 0.298291 0.935121
vt 0.421426 0.938987
vt 0.424078 0.934345
vt 0.424078 0.938987
vt 0.298980 0.930196
vt 0.301632 0.934838
vt 0.298980 0.934838
vt 0.424078 0.950669
vt 0.421426 0.948016
vt 0.424078 0.948016
vt 0.390694 0.951177
vt 0.393346 0.948524
vt 0.393346 0.951177
vt 0.298291 0.944150
vt 0.295638 0.948136
vt 0.295638 0.944150
vt 0.417271 0.944389
vt 0.419923 0.948375
vt 0.417271 0.948375
vt 0.404493 0.948049
vt 0.401841 0.944063
vt 0.404493 0.944063
vt 0.298980 0.950836
vt 0.301632 0.948183
vt 0.301632 0.950836
vt 0.387697 0.927460
vt 0.390349 0.932103
vt 0.387697 0.932103
vt 0.393346 0.951161
vt 0.395998 0.948509
vt 0.395998 0.951161
vt 0.444632 0.817629
vt 0.447285 0.812986
vt 0.447285 0.817629
vt 0.448424 0.921018
vt 0.451076 0.916376
vt 0.451076 0.921018
vt 0.441980 0.817629
vt 0.444632 0.822271
vt 0.441980 0.822271
vt 0.453888 0.949911
vt 0.451235 0.947259
vt 0.453888 0.947259
vt 0.331050 0.938838
vt 0.328398 0.938838
vt 0.460463 0.852259
vt 0.463116 0.849607
vt 0.463116 0.852259
vt 0.372543 0.936279
vt 0.375195 0.931637
vt 0.349695 0.939350
vt 0.347042 0.934707
vt 0.349695 0.934707
vt 0.372302 0.932286
vt 0.369649 0.927644
vt 0.372302 0.927644
vt 0.461668 0.933714
vt 0.459015 0.936367
vt 0.459015 0.933714
vt 0.428907 0.936889
vt 0.431559 0.932246
vt 0.431559 0.936889
vt 0.460163 0.825171
vt 0.462815 0.822518
vt 0.462815 0.825171
vt 0.310608 0.935642
vt 0.313260 0.931000
vt 0.313260 0.935642
vt 0.343393 0.934705
vt 0.346045 0.939348
vt 0.343393 0.939348
vt 0.368567 0.932679
vt 0.365915 0.928037
vt 0.368567 0.928037
vt 0.431559 0.951545
vt 0.428907 0.948893
vt 0.431559 0.948893
vt 0.458969 0.945397
vt 0.461621 0.942744
vt 0.461621 0.945397
vt 0.289600 0.951039
vt 0.286947 0.948386
vt 0.289600 0.948386
vt 0.460167 0.834200
vt 0.462819 0.831548
vt 0.462819 0.834200
vt 0.384712 0.936618
vt 0.387365 0.931975
vt 0.387365 0.936618
vt 0.301632 0.939481
vt 0.298980 0.934838
vt 0.301632 0.934838
vt 0.431559 0.932246
vt 0.428907 0.927604
vt 0.431559 0.927604
vt 0.306019 0.948358
vt 0.308672 0.951011
vt 0.306019 0.951011
vt 0.413942 0.951027
vt 0.416594 0.948375
vt 0.416594 0.951027
vt 0.437438 0.932246
vt 0.434786 0.936889
vt 0.434786 0.932246
vt 0.333703 0.938838
vt 0.331050 0.934196
vt 0.333703 0.934196
vt 0.421426 0.929702
vt 0.421426 0.934345
vt 0.461895 0.949912
vt 0.459243 0.947259
vt 0.461895 0.947259
vt 0.381956 0.936618
vt 0.384608 0.931975
vt 0.384608 0.936618
vt 0.342704 0.951084
vt 0.340051 0.948431
vt 0.342704 0.948431
vt 0.306019 0.935642
vt 0.308672 0.931000
vt 0.308672 0.935642
vt 0.424518 0.934345
vt 0.427171 0.938987
vt 0.424518 0.938987
vt 0.346045 0.934705
vt 0.343393 0.930063
vt 0.346045 0.930063
vt 0.440378 0.948214
vt 0.443031 0.950866
vt 0.440378 0.950866
vt 0.440378 0.950867
vt 0.437726 0.948214
vt 0.440378 0.948214
vt 0.445988 0.933714
vt 0.448640 0.929072
vt 0.448640 0.933714
vt 0.445988 0.932782
vt 0.443336 0.937424
vt 0.443336 0.932782
vt 0.352429 0.928289
vt 0.352429 0.932932
vt 0.349695 0.930065
vt 0.352347 0.934707
vt 0.445988 0.938356
vt 0.409305 0.933714
vt 0.411958 0.938357
vt 0.409305 0.938357
vt 0.331050 0.947874
vt 0.333703 0.950526
vt 0.331050 0.950526
vt 0.295324 0.932370
vt 0.292671 0.937013
vt 0.292671 0.932370
vt 0.361330 0.928289
vt 0.363982 0.932932
vt 0.361330 0.932932
vt 0.310608 0.948378
vt 0.313260 0.951030
vt 0.310608 0.951030
vt 0.401841 0.950702
vt 0.404493 0.948049
vt 0.404493 0.950702
vt 0.372302 0.932286
vt 0.369649 0.936929
vt 0.369649 0.932286
vt 0.295638 0.950789
vt 0.298291 0.948136
vt 0.298291 0.950789
vt 0.431846 0.936889
vt 0.434499 0.932247
vt 0.434499 0.936889
vt 0.355081 0.937574
vt 0.352429 0.937574
vt 0.315497 0.928079
vt 0.318149 0.932721
vt 0.315497 0.932721
vt 0.417271 0.951028
vt 0.419923 0.948375
vt 0.419923 0.951028
vt 0.303073 0.948412
vt 0.305725 0.951064
vt 0.303073 0.951064
vt 0.384902 0.951291
vt 0.387555 0.948638
vt 0.387555 0.951291
vt 0.331050 0.950526
vt 0.328398 0.947874
vt 0.331050 0.947874
vt 0.303073 0.935642
vt 0.305725 0.931000
vt 0.305725 0.935642
vt 0.448424 0.911733
vt 0.448424 0.916376
vt 0.331050 0.929553
vt 0.333703 0.934196
vt 0.460295 0.835735
vt 0.462947 0.838388
vt 0.460295 0.838388
vt 0.461886 0.814665
vt 0.459233 0.817317
vt 0.459233 0.814665
vt 0.289799 0.936071
vt 0.292452 0.931428
vt 0.292452 0.936071
vt 0.440378 0.934542
vt 0.437726 0.939184
vt 0.437726 0.934542
vt 0.443031 0.934542
vt 0.440378 0.929899
vt 0.443031 0.929899
vt 0.463058 0.846188
vt 0.460406 0.848840
vt 0.460406 0.846188
vt 0.459000 0.931724
vt 0.461652 0.929072
vt 0.461652 0.931724
vt 0.324809 0.944379
vt 0.413942 0.944389
vt 0.416594 0.948375
vt 0.413942 0.948375
vt 0.401777 0.948049
vt 0.399125 0.944063
vt 0.401777 0.944063
vt 0.463166 0.887896
vt 0.460513 0.885243
vt 0.463166 0.885243
vt 0.342704 0.934885
vt 0.340051 0.930243
vt 0.342704 0.930243
vt 0.409305 0.947412
vt 0.406653 0.950065
vt 0.406653 0.947412
vt 0.390751 0.935988
vt 0.393404 0.931346
vt 0.393404 0.935988
vt 0.365690 0.937574
vt 0.363038 0.932932
vt 0.365690 0.932932
vt 0.406653 0.929072
vt 0.406653 0.933714
vt 0.462815 0.827823
vt 0.462815 0.825171
vt 0.450846 0.866810
vt 0.448193 0.862167
vt 0.450846 0.862167
vt 0.459243 0.949912
vt 0.456590 0.947259
vt 0.416594 0.935359
vt 0.413942 0.930717
vt 0.416594 0.930717
vt 0.444632 0.822271
vt 0.447285 0.822271
vt 0.434786 0.927604
vt 0.437439 0.932246
vt 0.381956 0.951291
vt 0.384608 0.948638
vt 0.384608 0.951291
vt 0.387697 0.936745
vt 0.390349 0.932103
vt 0.390349 0.936745
vt 0.424518 0.950675
vt 0.427171 0.948022
vt 0.427171 0.950675
vt 0.286947 0.936071
vt 0.289600 0.931428
vt 0.289600 0.936071
vt 0.337399 0.934409
vt 0.340051 0.939051
vt 0.337399 0.939051
vt 0.337399 0.929767
vt 0.340051 0.934409
vt 0.340051 0.950733
vt 0.337399 0.948081
vt 0.340051 0.948081
vt 0.390349 0.948721
vt 0.387697 0.951374
vt 0.387697 0.948721
vt 0.375195 0.951247
vt 0.372543 0.948595
vt 0.375195 0.948595
vt 0.453938 0.949912
vt 0.453938 0.947259
vt 0.419923 0.930717
vt 0.417271 0.935359
vt 0.417271 0.930717
vt 0.409305 0.938356
vt 0.295324 0.932370
vt 0.292671 0.927728
vt 0.295324 0.927728
vt 0.349695 0.948381
vt 0.352347 0.951033
vt 0.349695 0.951033
vt 0.459978 0.819180
vt 0.462631 0.821833
vt 0.459978 0.821832
vt 0.334049 0.934885
vt 0.336701 0.930242
vt 0.336701 0.934885
vt 0.352347 0.939350
vt 0.352347 0.934707
vt 0.357733 0.932932
vt 0.360386 0.928289
vt 0.360386 0.932932
vt 0.460295 0.841040
vt 0.462947 0.838388
vt 0.462947 0.841040
vt 0.396056 0.931346
vt 0.396056 0.935988
vt 0.409305 0.950065
vt 0.411958 0.947413
vt 0.411958 0.950065
vt 0.322157 0.935349
vt 0.324809 0.930707
vt 0.324809 0.935349
vt 0.360386 0.937574
vt 0.357733 0.932932
vt 0.360386 0.932932
vt 0.441980 0.812986
vt 0.444632 0.817629
vt 0.399124 0.948250
vt 0.396472 0.950903
vt 0.396472 0.948250
vt 0.292326 0.948194
vt 0.289673 0.950846
vt 0.289673 0.948194
vt 0.357733 0.928289
vt 0.443031 0.939184
vt 0.440378 0.934542
vt 0.443031 0.934542
vt 0.347042 0.930065
vt 0.346045 0.951031
vt 0.343393 0.948379
vt 0.346045 0.948379
vt 0.401777 0.948049
vt 0.399125 0.950701
vt 0.399125 0.948049
vt 0.327800 0.930208
vt 0.325147 0.930208
vt 0.315497 0.937363
vt 0.318149 0.932721
vt 0.318149 0.937363
vt 0.411958 0.933714
vt 0.409305 0.929072
vt 0.411958 0.929072
vt 0.449937 0.822271
vt 0.447285 0.817629
vt 0.449937 0.817629
vt 0.404317 0.930391
vt 0.401665 0.935033
vt 0.401665 0.930391
vt 0.461668 0.940882
vt 0.459016 0.938230
vt 0.461668 0.938230
vt 0.347042 0.951032
vt 0.349695 0.948379
vt 0.349695 0.951032
vt 0.319418 0.950886
vt 0.322070 0.948233
vt 0.322070 0.950886
vt 0.399197 0.930391
vt 0.396545 0.935033
vt 0.396545 0.930391
vt 0.363038 0.937574
vt 0.434499 0.932246
vt 0.431846 0.927604
vt 0.434499 0.927604
vt 0.336701 0.951082
vt 0.334049 0.948430
vt 0.336701 0.948430
vt 0.795412 0.923773
vt 0.795412 0.881541
vt 0.834349 0.923773
vt 0.189806 0.074263
vt 0.197291 0.075093
vt 0.189810 0.075093
vt 0.162813 0.188309
vt 0.170294 0.174668
vt 0.170294 0.188309
vt 0.160479 0.080054
vt 0.167960 0.038193
vt 0.167960 0.080054
vt 0.162810 0.173840
vt 0.170291 0.173840
vt 0.160473 0.037366
vt 0.167954 0.037366
vt 0.189802 0.037366
vt 0.182320 0.074263
vt 0.182321 0.037366
vt 0.197287 0.037366
vt 0.189806 0.037366
vt 0.189806 0.075093
vt 0.182325 0.075093
vt 0.193243 0.130322
vt 0.193029 0.132148
vt 0.192246 0.131364
vt 0.194071 0.159371
vt 0.193029 0.172014
vt 0.193029 0.159371
vt 0.155521 0.131150
vt 0.156563 0.172014
vt 0.155521 0.173012
vt 0.193243 0.173840
vt 0.194071 0.173012
vt 0.156349 0.130322
vt 0.156563 0.132148
vt 0.156349 0.173840
vt 0.192246 0.172798
vt 0.157347 0.131364
vt 0.157347 0.172798
vt 0.194071 0.144604
vt 0.194071 0.131150
vt 0.177775 0.173840
vt 0.170294 0.187294
vt 0.170294 0.173840
vt 0.068059 0.194828
vt 0.067017 0.202309
vt 0.067017 0.194828
vt 0.129368 0.201225
vt 0.130410 0.193743
vt 0.130410 0.201225
vt 0.859248 0.968463
vt 0.858159 0.966015
vt 0.859248 0.966015
vt 0.860336 0.968463
vt 0.842513 0.960831
vt 0.844961 0.956316
vt 0.844961 0.960831
vt 0.966264 0.858547
vt 0.968856 0.855496
vt 0.968856 0.858589
vt 0.800946 0.960595
vt 0.798366 0.957502
vt 0.800918 0.957502
vt 0.975057 0.814749
vt 0.973968 0.819264
vt 0.973968 0.814749
vt 0.917809 0.955274
vt 0.920361 0.950784
vt 0.920361 0.955299
vt 0.924162 0.830349
vt 0.927255 0.834864
vt 0.924163 0.834864
vt 0.896147 0.966380
vt 0.895058 0.963840
vt 0.896147 0.963693
vt 0.795412 0.968289
vt 0.796500 0.966025
vt 0.796500 0.968435
vt 0.936075 0.937589
vt 0.932983 0.942104
vt 0.932983 0.937589
vt 0.924923 0.952276
vt 0.922406 0.947761
vt 0.925093 0.947761
vt 0.811296 0.963137
vt 0.810209 0.967653
vt 0.810209 0.963138
vt 0.890271 0.966767
vt 0.889183 0.962252
vt 0.890271 0.962252
vt 0.954462 0.962550
vt 0.956910 0.959794
vt 0.956910 0.962550
vt 0.969527 0.894159
vt 0.971975 0.891403
vt 0.971975 0.894159
vt 0.850963 0.956318
vt 0.848516 0.960832
vt 0.848516 0.956318
vt 0.948865 0.963268
vt 0.951382 0.965848
vt 0.948843 0.965848
vt 0.951800 0.963986
vt 0.954380 0.961612
vt 0.954380 0.964260
vt 0.896161 0.939862
vt 0.893405 0.944377
vt 0.893405 0.939862
vt 0.888959 0.953195
vt 0.886417 0.948681
vt 0.888934 0.948681
vt 0.888886 0.953195
vt 0.886307 0.957710
vt 0.886307 0.953195
vt 0.971699 0.916444
vt 0.969120 0.913842
vt 0.971699 0.913728
vt 0.952563 0.880495
vt 0.955143 0.877853
vt 0.955143 0.880495
vt 0.962154 0.928650
vt 0.964734 0.924135
vt 0.964734 0.928650
vt 0.905082 0.951949
vt 0.907725 0.947435
vt 0.907725 0.951950
vt 0.863473 0.959005
vt 0.860893 0.954491
vt 0.863472 0.954491
vt 0.819072 0.952559
vt 0.821651 0.957074
vt 0.819072 0.957074
vt 0.956910 0.965130
vt 0.954411 0.962550
vt 0.956910 0.962550
vt 0.971912 0.871038
vt 0.969333 0.873486
vt 0.969333 0.871038
vt 0.962484 0.959661
vt 0.964932 0.955146
vt 0.964932 0.959661
vt 0.966248 0.861682
vt 0.968871 0.858589
vt 0.968870 0.861682
vt 0.966917 0.807141
vt 0.969308 0.810235
vt 0.966728 0.810235
vt 0.895579 0.958049
vt 0.893000 0.953534
vt 0.895579 0.953534
vt 0.874423 0.954238
vt 0.877002 0.949723
vt 0.877002 0.954238
vt 0.932983 0.937589
vt 0.929890 0.942104
vt 0.929890 0.937589
vt 0.971834 0.880026
vt 0.969255 0.877496
vt 0.971834 0.877336
vt 0.945830 0.961294
vt 0.943251 0.963874
vt 0.943251 0.961294
vt 0.836862 0.941955
vt 0.839955 0.937440
vt 0.839955 0.941955
vt 0.957216 0.945988
vt 0.959795 0.941473
vt 0.959795 0.945988
vt 0.964149 0.810235
vt 0.966728 0.814749
vt 0.964150 0.814749
vt 0.922406 0.952276
vt 0.924986 0.956790
vt 0.922406 0.956790
vt 0.969529 0.887888
vt 0.967082 0.885132
vt 0.969529 0.885132
vt 0.969400 0.891403
vt 0.966953 0.894159
vt 0.966953 0.891403
vt 0.964375 0.907704
vt 0.966950 0.903189
vt 0.966950 0.907704
vt 0.972939 0.962241
vt 0.970359 0.959702
vt 0.972939 0.959661
vt 0.939587 0.877900
vt 0.937008 0.880316
vt 0.937008 0.877702
vt 0.883764 0.944038
vt 0.881007 0.939523
vt 0.883764 0.939523
vt 0.907623 0.937355
vt 0.905044 0.927877
vt 0.907623 0.927877
vt 0.837376 0.937440
vt 0.839955 0.927962
vt 0.871430 0.959005
vt 0.868850 0.961762
vt 0.868850 0.959005
vt 0.926690 0.877798
vt 0.924152 0.880462
vt 0.924112 0.877702
vt 0.910202 0.927877
vt 0.912782 0.937355
vt 0.910203 0.937355
vt 0.871616 0.950034
vt 0.874155 0.954491
vt 0.871576 0.954550
vt 0.801063 0.943830
vt 0.798307 0.939315
vt 0.801063 0.939315
vt 0.889734 0.939523
vt 0.886978 0.944038
vt 0.886978 0.939523
vt 0.866192 0.961798
vt 0.868771 0.964356
vt 0.866192 0.964356
vt 0.797859 0.963440
vt 0.795412 0.966020
vt 0.795412 0.963440
vt 0.840066 0.937440
vt 0.842513 0.927962
vt 0.842513 0.937440
vt 0.969476 0.928870
vt 0.972055 0.931283
vt 0.969476 0.931212
vt 0.866083 0.959005
vt 0.863504 0.961585
vt 0.863504 0.959086
vt 0.907623 0.937355
vt 0.910202 0.937355
vt 0.967480 0.950631
vt 0.965139 0.955146
vt 0.964982 0.950631
vt 0.946190 0.956100
vt 0.948770 0.951586
vt 0.948770 0.956101
vt 0.888927 0.957710
vt 0.886307 0.960803
vt 0.886307 0.957710
vt 0.883825 0.957778
vt 0.886238 0.960805
vt 0.883660 0.960876
vt 0.966952 0.880617
vt 0.964373 0.885132
vt 0.964373 0.880617
vt 0.939044 0.834838
vt 0.941624 0.825359
vt 0.941624 0.834838
vt 0.877472 0.925523
vt 0.874379 0.935002
vt 0.874379 0.925523
vt 0.941917 0.834867
vt 0.945009 0.825388
vt 0.945009 0.834866
vt 0.965992 0.834675
vt 0.968443 0.831581
vt 0.968443 0.834675
vt 0.969320 0.804298
vt 0.966872 0.801205
vt 0.969320 0.801205
vt 0.839518 0.960275
vt 0.841966 0.955761
vt 0.841966 0.960275
vt 0.966952 0.883374
vt 0.969469 0.880617
vt 0.969532 0.883374
vt 0.966950 0.906987
vt 0.969477 0.904230
vt 0.969529 0.906987
vt 0.851857 0.942465
vt 0.854950 0.937950
vt 0.854950 0.942465
vt 0.966676 0.810235
vt 0.964149 0.805720
vt 0.966728 0.805720
vt 0.883993 0.939523
vt 0.886749 0.944038
vt 0.883993 0.944038
vt 0.970132 0.948510
vt 0.972712 0.946116
vt 0.972712 0.948695
vt 0.917770 0.962467
vt 0.920349 0.965047
vt 0.917770 0.965047
vt 0.893177 0.944377
vt 0.890420 0.939862
vt 0.893177 0.939862
vt 0.966728 0.787661
vt 0.964334 0.792176
vt 0.964149 0.787661
vt 0.845863 0.955968
vt 0.848443 0.951453
vt 0.848444 0.955968
vt 0.966180 0.839434
vt 0.963600 0.834920
vt 0.966180 0.834920
vt 0.866083 0.961762
vt 0.863504 0.964210
vt 0.863504 0.961762
vt 0.928183 0.963429
vt 0.925735 0.966009
vt 0.925735 0.963429
vt 0.959896 0.950630
vt 0.962402 0.946116
vt 0.962402 0.950630
vt 0.929269 0.877967
vt 0.931849 0.880547
vt 0.929269 0.880546
vt 0.814484 0.965992
vt 0.816944 0.963412
vt 0.817010 0.965992
vt 0.910305 0.956464
vt 0.907725 0.951950
vt 0.910305 0.951950
vt 0.933150 0.951394
vt 0.935562 0.955903
vt 0.932983 0.955909
vt 0.845093 0.956316
vt 0.842514 0.951801
vt 0.845093 0.951801
vt 0.972011 0.903933
vt 0.969432 0.901397
vt 0.972011 0.901290
vt 0.811537 0.966046
vt 0.813892 0.963466
vt 0.813967 0.966046
vt 0.868850 0.959005
vt 0.871430 0.954490
vt 0.871430 0.959005
vt 0.937548 0.949290
vt 0.940013 0.953805
vt 0.937371 0.953805
vt 0.830462 0.951933
vt 0.827882 0.956447
vt 0.827884 0.951933
vt 0.883587 0.957710
vt 0.881008 0.953196
vt 0.883587 0.953195
vt 0.800692 0.965827
vt 0.798166 0.963248
vt 0.800692 0.963248
vt 0.810009 0.965817
vt 0.807478 0.963237
vt 0.810009 0.963237
vt 0.964757 0.933165
vt 0.967288 0.928650
vt 0.967288 0.933165
vt 0.973083 0.819348
vt 0.974937 0.821927
vt 0.973083 0.821927
vt 0.974792 0.959661
vt 0.972939 0.962219
vt 0.972939 0.959666
vt 0.898741 0.958176
vt 0.896161 0.953662
vt 0.898740 0.953662
vt 0.904364 0.960910
vt 0.901811 0.957420
vt 0.904390 0.957420
vt 0.823871 0.945080
vt 0.822018 0.941590
vt 0.823871 0.941590
vt 0.969320 0.803787
vt 0.971897 0.801312
vt 0.971897 0.803894
vt 0.972050 0.910695
vt 0.969471 0.913275
vt 0.969471 0.910695
vt 0.913074 0.961123
vt 0.914927 0.964613
vt 0.913074 0.964613
vt 0.966728 0.792176
vt 0.964149 0.796690
vt 0.964149 0.792176
vt 0.964149 0.814749
vt 0.966728 0.819264
vt 0.964150 0.819264
vt 0.871576 0.959065
vt 0.874155 0.954550
vt 0.874155 0.959065
vt 0.899231 0.960910
vt 0.901811 0.957436
vt 0.901811 0.960926
vt 0.848311 0.955968
vt 0.845863 0.960482
vt 0.954453 0.959794
vt 0.956772 0.955279
vt 0.956940 0.959794
vt 0.913052 0.968131
vt 0.911996 0.965683
vt 0.913052 0.965683
vt 0.846619 0.942168
vt 0.845563 0.939720
vt 0.846619 0.939720
vt 0.858159 0.960782
vt 0.860607 0.956268
vt 0.860607 0.960782
vt 0.966813 0.796602
vt 0.969404 0.793654
vt 0.969404 0.796645
vt 0.893228 0.961040
vt 0.890649 0.958049
vt 0.893201 0.958049
vt 0.974476 0.897210
vt 0.975532 0.901725
vt 0.974476 0.901725
vt 0.957145 0.955146
vt 0.959697 0.950657
vt 0.959697 0.955172
vt 0.804103 0.938364
vt 0.807093 0.942879
vt 0.804103 0.942880
vt 0.874324 0.967086
vt 0.873267 0.964547
vt 0.874324 0.964399
vt 0.810192 0.965963
vt 0.809135 0.968227
vt 0.809135 0.965817
vt 0.833612 0.938593
vt 0.830621 0.943108
vt 0.830621 0.938593
vt 0.925905 0.947761
vt 0.928422 0.952275
vt 0.925735 0.952275
vt 0.975648 0.919608
vt 0.974592 0.924123
vt 0.974592 0.919609
vt 0.975626 0.966828
vt 0.974569 0.962313
vt 0.975626 0.962313
vt 0.851867 0.966013
vt 0.854315 0.963433
vt 0.854315 0.966013
vt 0.855507 0.966013
vt 0.857954 0.963434
vt 0.857954 0.966013
vt 0.855507 0.960781
vt 0.857954 0.956266
vt 0.857954 0.960781
vt 0.948707 0.965848
vt 0.946190 0.963269
vt 0.948729 0.963269
vt 0.971983 0.793883
vt 0.969404 0.796257
vt 0.969404 0.793609
vt 0.942890 0.953805
vt 0.940311 0.958320
vt 0.940311 0.953805
vt 0.883655 0.953195
vt 0.881113 0.948681
vt 0.883629 0.948681
vt 0.939951 0.953805
vt 0.937371 0.958320
vt 0.949984 0.880418
vt 0.947325 0.877816
vt 0.949984 0.877702
vt 0.921454 0.880345
vt 0.921454 0.877702
vt 0.966180 0.852979
vt 0.963600 0.857494
vt 0.963600 0.852979
vt 0.851159 0.947287
vt 0.848516 0.951802
vt 0.848516 0.947287
vt 0.817142 0.952559
vt 0.814484 0.948045
vt 0.817142 0.948044
vt 0.901874 0.948390
vt 0.904532 0.952905
vt 0.901874 0.952905
vt 0.972059 0.906889
vt 0.969560 0.904230
vt 0.972059 0.904230
vt 0.868850 0.959065
vt 0.866192 0.961513
vt 0.866192 0.959065
vt 0.962270 0.955146
vt 0.959823 0.959660
vt 0.959823 0.955146
vt 0.971789 0.820471
vt 0.969210 0.817848
vt 0.971789 0.817848
vt 0.972712 0.950820
vt 0.970132 0.953211
vt 0.970132 0.950631
vt 0.901874 0.952905
vt 0.899216 0.948390
vt 0.901874 0.948391
vt 0.803715 0.949414
vt 0.801136 0.953929
vt 0.801136 0.949414
vt 0.964149 0.823779
vt 0.966728 0.819264
vt 0.966728 0.823779
vt 0.971885 0.817440
vt 0.969306 0.814909
vt 0.971885 0.814749
vt 0.971718 0.894159
vt 0.969138 0.896739
vt 0.969138 0.894159
vt 0.797991 0.952987
vt 0.795412 0.957502
vt 0.795412 0.952987
vt 0.912709 0.947435
vt 0.910130 0.951950
vt 0.910130 0.947435
vt 0.836191 0.956410
vt 0.833612 0.951896
vt 0.836191 0.951894
vt 0.899216 0.952905
vt 0.901795 0.957420
vt 0.899216 0.957420
vt 0.912881 0.965683
vt 0.910434 0.963104
vt 0.912881 0.963104
vt 0.845990 0.965715
vt 0.848438 0.963135
vt 0.848438 0.965715
vt 0.966948 0.898674
vt 0.964373 0.903189
vt 0.964373 0.898674
vt 0.932469 0.963071
vt 0.929931 0.965650
vt 0.929890 0.963071
vt 0.939587 0.880331
vt 0.942166 0.877915
vt 0.942166 0.880529
vt 0.964982 0.955146
vt 0.962402 0.950631
vt 0.964982 0.950631
vt 0.962154 0.933292
vt 0.959575 0.928777
vt 0.962154 0.928777
vt 0.883660 0.957710
vt 0.886239 0.953195
vt 0.886239 0.957710
vt 0.966932 0.910695
vt 0.969511 0.907704
vt 0.969511 0.910695
vt 0.969306 0.814838
vt 0.966768 0.817744
vt 0.966728 0.814749
vt 0.966728 0.801205
vt 0.966728 0.796691
vt 0.866311 0.950034
vt 0.868850 0.954491
vt 0.866271 0.954551
vt 0.925397 0.938604
vt 0.928388 0.943118
vt 0.925397 0.943118
vt 0.922406 0.943118
vt 0.925397 0.943118
vt 0.972097 0.891194
vt 0.969518 0.888636
vt 0.972097 0.888636
vt 0.860607 0.963435
vt 0.860607 0.966015
vt 0.966821 0.907704
vt 0.964373 0.912219
vt 0.964373 0.907704
vt 0.876959 0.964140
vt 0.874379 0.961727
vt 0.876959 0.961799
vt 0.823961 0.961551
vt 0.826541 0.958972
vt 0.826541 0.961470
vt 0.962154 0.933165
vt 0.964734 0.928650
vt 0.964734 0.933165
vt 0.964982 0.950630
vt 0.967323 0.946116
vt 0.967480 0.950630
vt 0.961232 0.924124
vt 0.963812 0.919609
vt 0.963812 0.924125
vt 0.874156 0.961685
vt 0.871576 0.959065
vt 0.874156 0.959065
vt 0.969485 0.820868
vt 0.971898 0.823369
vt 0.969320 0.823455
vt 0.925735 0.956790
vt 0.928315 0.952276
vt 0.928315 0.956791
vt 0.826541 0.949765
vt 0.823961 0.954280
vt 0.823961 0.949765
vt 0.863504 0.959005
vt 0.866083 0.954491
vt 0.811537 0.957122
vt 0.814117 0.952608
vt 0.814117 0.957123
vt 0.893568 0.961040
vt 0.896019 0.958049
vt 0.896019 0.961040
vt 0.969320 0.823779
vt 0.966872 0.820788
vt 0.969320 0.820788
vt 0.967694 0.827066
vt 0.965247 0.831581
vt 0.965247 0.827066
vt 0.971955 0.810235
vt 0.969438 0.812893
vt 0.969375 0.810235
vt 0.823961 0.964210
vt 0.826489 0.961551
vt 0.826541 0.964210
vt 0.848516 0.942644
vt 0.851507 0.938130
vt 0.851507 0.942644
vt 0.874431 0.954238
vt 0.876959 0.958753
vt 0.874379 0.958753
vt 0.821730 0.952559
vt 0.819072 0.948044
vt 0.821730 0.948044
vt 0.910169 0.963289
vt 0.907589 0.965683
vt 0.907589 0.963103
vt 0.959534 0.962340
vt 0.956954 0.964920
vt 0.956954 0.962340
vt 0.795412 0.948472
vt 0.798070 0.952987
vt 0.823961 0.958795
vt 0.826355 0.954280
vt 0.826541 0.958795
vt 0.860739 0.951753
vt 0.858159 0.956268
vt 0.858159 0.951751
vt 0.963600 0.839434
vt 0.966180 0.843949
vt 0.963600 0.843949
vt 0.871430 0.961762
vt 0.868850 0.964210
vt 0.922464 0.966009
vt 0.924912 0.963429
vt 0.924912 0.966009
vt 0.866010 0.949976
vt 0.863504 0.954490
vt 0.863504 0.949976
vt 0.937008 0.880282
vt 0.934428 0.877702
vt 0.904936 0.965884
vt 0.907397 0.963305
vt 0.907463 0.965884
vt 0.962387 0.941474
vt 0.964966 0.945988
vt 0.962387 0.945988
vt 0.839682 0.951245
vt 0.842094 0.955755
vt 0.839515 0.955761
vt 0.964373 0.889646
vt 0.964373 0.894159
vt 0.972021 0.936062
vt 0.969441 0.933526
vt 0.972021 0.933419
vt 0.886307 0.966036
vt 0.888662 0.963456
vt 0.888737 0.966036
vt 0.961933 0.879084
vt 0.964512 0.874570
vt 0.964512 0.879084
vt 0.896338 0.949147
vt 0.898803 0.953662
vt 0.896161 0.953662
vt 0.964149 0.805719
vt 0.964149 0.801206
vt 0.904375 0.957420
vt 0.901795 0.952905
vt 0.904375 0.952905
vt 0.836166 0.965830
vt 0.833640 0.963251
vt 0.836166 0.963251
vt 0.806668 0.965770
vt 0.804137 0.963191
vt 0.806668 0.963191
vt 0.967230 0.933419
vt 0.964699 0.937934
vt 0.964699 0.933419
vt 0.973617 0.870312
vt 0.971580 0.867733
vt 0.973617 0.867733
vt 0.821773 0.963776
vt 0.823810 0.961217
vt 0.823810 0.963770
vt 0.943251 0.953805
vt 0.945830 0.958320
vt 0.943251 0.958320
vt 0.811563 0.957123
vt 0.814117 0.960813
vt 0.811537 0.960813
vt 0.922294 0.958990
vt 0.920257 0.955299
vt 0.922294 0.955299
vt 0.969308 0.809723
vt 0.971885 0.807248
vt 0.971885 0.809830
vt 0.972031 0.924135
vt 0.969452 0.926715
vt 0.969452 0.924135
vt 0.915111 0.957477
vt 0.913074 0.953786
vt 0.915111 0.953786
vt 0.963600 0.871038
vt 0.966180 0.866523
vt 0.966180 0.871038
vt 0.912884 0.956465
vt 0.910305 0.951950
vt 0.912884 0.951950
vt 0.798138 0.957502
vt 0.800717 0.952987
vt 0.800717 0.957502
vt 0.819087 0.960765
vt 0.821667 0.957089
vt 0.821667 0.960779
vt 0.948843 0.956101
vt 0.951290 0.960615
vt 0.948843 0.960615
vt 0.915117 0.959814
vt 0.917437 0.955299
vt 0.917605 0.959814
vt 0.854212 0.968461
vt 0.853064 0.966013
vt 0.854212 0.966013
vt 0.921518 0.966009
vt 0.920370 0.968457
vt 0.920370 0.966009
vt 0.946190 0.960616
vt 0.948638 0.956101
vt 0.948638 0.960616
vt 0.886239 0.963588
vt 0.883660 0.961046
vt 0.886239 0.960996
vt 0.944746 0.880510
vt 0.947325 0.877930
vt 0.947325 0.880483
vt 0.972766 0.913728
vt 0.973915 0.918243
vt 0.972766 0.918243
vt 0.915157 0.955273
vt 0.917709 0.950784
vt 0.917709 0.955299
vt 0.866271 0.954551
vt 0.866271 0.959064
vt 0.975947 0.810235
vt 0.974798 0.812868
vt 0.974798 0.810235
vt 0.976117 0.801411
vt 0.974969 0.803673
vt 0.974969 0.801263
vt 0.962402 0.955145
vt 0.830791 0.947751
vt 0.833308 0.952265
vt 0.830621 0.952265
vt 0.973169 0.933419
vt 0.972021 0.937935
vt 0.972590 0.860032
vt 0.973738 0.855518
vt 0.973738 0.860032
vt 0.856655 0.968461
vt 0.856655 0.966013
vt 0.976201 0.874569
vt 0.975052 0.877017
vt 0.975052 0.874569
vt 0.851857 0.960780
vt 0.854305 0.956265
vt 0.854305 0.960780
vt 0.966954 0.910695
vt 0.969471 0.913728
vt 0.966932 0.913728
vt 0.969101 0.813268
vt 0.973796 0.866523
vt 0.972647 0.862009
vt 0.973796 0.862008
vt 0.883765 0.948681
vt 0.886282 0.948681
vt 0.855507 0.942467
vt 0.858540 0.937952
vt 0.858540 0.942466
vt 0.975769 0.827066
vt 0.974621 0.829646
vt 0.974621 0.827066
vt 0.975977 0.793715
vt 0.974828 0.796252
vt 0.974828 0.793609
vt 0.845546 0.938129
vt 0.842513 0.942644
vt 0.842513 0.938129
vt 0.830525 0.947418
vt 0.827882 0.951933
vt 0.827882 0.947418
vt 0.972090 0.912219
vt 0.973239 0.907705
vt 0.973239 0.912219
vt 0.973860 0.950631
vt 0.972712 0.950630
vt 0.976186 0.790711
vt 0.975037 0.793159
vt 0.975037 0.790711
vt 0.976205 0.814749
vt 0.975057 0.817197
vt 0.967182 0.924135
vt 0.964734 0.924135
vt 0.972031 0.887755
vt 0.972031 0.885132
vt 0.821573 0.963621
vt 0.819072 0.966012
vt 0.819072 0.963432
vt 0.973845 0.945988
vt 0.972696 0.941473
vt 0.973845 0.941473
vt 0.961889 0.874569
vt 0.959310 0.879084
vt 0.959310 0.874569
vt 0.959606 0.955172
vt 0.957105 0.959686
vt 0.957105 0.955172
vt 0.803975 0.966799
vt 0.802827 0.964109
vt 0.803975 0.964109
vt 0.976044 0.924317
vt 0.974895 0.926713
vt 0.974895 0.924134
vt 0.964932 0.959661
vt 0.967433 0.955146
vt 0.967433 0.959661
vt 0.806682 0.947522
vt 0.804103 0.952037
vt 0.804103 0.947522
vt 0.972055 0.928650
vt 0.973204 0.924135
vt 0.973204 0.928650
vt 0.878107 0.961727
vt 0.876959 0.966242
vt 0.876959 0.961727
vt 0.976085 0.888636
vt 0.974937 0.891084
vt 0.974937 0.888636
vt 0.976044 0.927184
vt 0.974895 0.929759
vt 0.974895 0.927184
vt 0.966948 0.894159
vt 0.964373 0.898674
vt 0.964373 0.894159
vt 0.972696 0.941473
vt 0.970158 0.944053
vt 0.970117 0.941473
vt 0.944746 0.877900
vt 0.942166 0.880316
vt 0.942166 0.877702
vt 0.972097 0.893151
vt 0.973246 0.888636
vt 0.973246 0.893151
vt 0.959575 0.924135
vt 0.962154 0.924135
vt 0.851857 0.956265
vt 0.854437 0.951751
vt 0.854437 0.956265
vt 0.976044 0.932814
vt 0.974895 0.930234
vt 0.976044 0.930234
vt 0.975976 0.800849
vt 0.974827 0.798356
vt 0.975976 0.798213
vt 0.833200 0.956781
vt 0.830621 0.952266
vt 0.833200 0.952265
vt 0.959580 0.933478
vt 0.962119 0.937935
vt 0.959540 0.937994
vt 0.972059 0.902374
vt 0.973207 0.906889
vt 0.973361 0.874569
vt 0.972212 0.879084
vt 0.972212 0.874569
vt 0.937242 0.964248
vt 0.935640 0.966799
vt 0.935640 0.964248
vt 0.975398 0.865059
vt 0.973796 0.867507
vt 0.973796 0.865059
vt 0.966821 0.912219
vt 0.964373 0.916734
vt 0.964373 0.912219
vt 0.969476 0.790518
vt 0.972056 0.792931
vt 0.969476 0.792860
vt 0.863473 0.959005
vt 0.860893 0.961585
vt 0.860893 0.959086
vt 0.937237 0.951261
vt 0.935635 0.946746
vt 0.937237 0.946746
vt 0.964966 0.945988
vt 0.967307 0.941473
vt 0.967464 0.945988
vt 0.966953 0.885132
vt 0.964373 0.885132
vt 0.976009 0.936039
vt 0.974861 0.933526
vt 0.976009 0.933419
vt 0.976047 0.904953
vt 0.974898 0.902373
vt 0.976047 0.902373
vt 0.817063 0.952559
vt 0.814484 0.957075
vt 0.814484 0.952560
vt 0.954380 0.949826
vt 0.951800 0.954341
vt 0.951800 0.949826
vt 0.972820 0.814749
vt 0.973968 0.819264
vt 0.972820 0.819263
vt 0.972818 0.880617
vt 0.973967 0.885132
vt 0.972818 0.885132
vt 0.973628 0.855103
vt 0.972479 0.852652
vt 0.973628 0.852652
vt 0.925246 0.966009
vt 0.924097 0.968457
vt 0.924097 0.966009
vt 0.836866 0.960275
vt 0.839313 0.955760
vt 0.839313 0.960275
vt 0.917697 0.965046
vt 0.915117 0.962530
vt 0.917697 0.962467
vt 0.935562 0.965656
vt 0.932983 0.963129
vt 0.935562 0.963077
vt 0.972712 0.955146
vt 0.973860 0.950631
vt 0.973860 0.955146
vt 0.963864 0.919608
vt 0.966391 0.924123
vt 0.963812 0.924123
vt 0.962667 0.827067
vt 0.965247 0.831581
vt 0.962667 0.831581
vt 0.880953 0.966605
vt 0.879805 0.964025
vt 0.880953 0.964211
vt 0.976079 0.907894
vt 0.974930 0.910284
vt 0.974930 0.907704
vt 0.878114 0.953845
vt 0.880693 0.958360
vt 0.951800 0.958856
vt 0.954194 0.954341
vt 0.954380 0.958856
vt 0.973204 0.787661
vt 0.972056 0.792175
vt 0.972056 0.787662
vt 0.972785 0.898674
vt 0.973933 0.894159
vt 0.973933 0.898674
vt 0.976044 0.787661
vt 0.974895 0.790204
vt 0.974895 0.787661
vt 0.832312 0.966057
vt 0.833461 0.968505
vt 0.832312 0.968505
vt 0.871356 0.949976
vt 0.868850 0.954490
vt 0.868850 0.949976
vt 0.926690 0.877967
vt 0.929269 0.880547
vt 0.926690 0.880547
vt 0.830621 0.965999
vt 0.833081 0.963419
vt 0.833148 0.965999
vt 0.973860 0.959661
vt 0.973860 0.955146
vt 0.837030 0.951245
vt 0.839442 0.955755
vt 0.836862 0.955760
vt 0.848516 0.951802
vt 0.851095 0.956318
vt 0.837331 0.878037
vt 0.836148 0.880569
vt 0.836148 0.877989
vt 0.932763 0.968230
vt 0.931581 0.965875
vt 0.932763 0.965650
vt 0.893000 0.953534
vt 0.890420 0.958049
vt 0.890420 0.953534
vt 0.893240 0.949019
vt 0.895705 0.953534
vt 0.893063 0.953534
vt 0.972901 0.924123
vt 0.971719 0.919609
vt 0.972901 0.919608
vt 0.973083 0.826442
vt 0.971901 0.821927
vt 0.973083 0.821927
vt 0.836451 0.965830
vt 0.835303 0.968278
vt 0.835303 0.965830
vt 0.951682 0.968302
vt 0.950534 0.965848
vt 0.951682 0.965848
vt 0.967043 0.874569
vt 0.964512 0.879084
vt 0.964512 0.874569
vt 0.844541 0.966063
vt 0.842513 0.963484
vt 0.844541 0.963484
vt 0.971427 0.842884
vt 0.973455 0.840325
vt 0.973455 0.842878
vt 0.972479 0.848137
vt 0.973628 0.848137
vt 0.966206 0.851807
vt 0.968759 0.855452
vt 0.966180 0.855452
vt 0.915102 0.961123
vt 0.913074 0.957477
vt 0.915102 0.957477
vt 0.974792 0.959726
vt 0.975941 0.962305
vt 0.974792 0.962305
vt 0.976085 0.819533
vt 0.974937 0.821927
vt 0.974937 0.819348
vt 0.968978 0.901290
vt 0.966950 0.897645
vt 0.968978 0.897645
vt 0.963600 0.866523
vt 0.966180 0.862008
vt 0.972055 0.933164
vt 0.972055 0.928650
vt 0.973967 0.804298
vt 0.972819 0.808813
vt 0.972819 0.804298
vt 0.814170 0.948092
vt 0.811772 0.952564
vt 0.811537 0.948044
vt 0.910109 0.942792
vt 0.907662 0.947307
vt 0.907662 0.942792
vt 0.966195 0.843934
vt 0.968775 0.840304
vt 0.968775 0.843949
vt 0.820224 0.968460
vt 0.819072 0.968460
vt 0.974775 0.824614
vt 0.975927 0.827062
vt 0.974775 0.827062
vt 0.932983 0.960424
vt 0.935430 0.955909
vt 0.935430 0.960424
vt 0.966813 0.801161
vt 0.969404 0.798259
vt 0.969404 0.801205
vt 0.898969 0.961123
vt 0.896389 0.958176
vt 0.898941 0.958176
vt 0.973107 0.814749
vt 0.971955 0.814749
vt 0.959835 0.945989
vt 0.962387 0.941499
vt 0.962387 0.946014
vt 0.819073 0.938887
vt 0.822018 0.943401
vt 0.819072 0.943401
vt 0.975927 0.824614
vt 0.974775 0.822075
vt 0.975927 0.821927
vt 0.856655 0.968282
vt 0.857808 0.966018
vt 0.857808 0.968429
vt 0.814484 0.938886
vt 0.811537 0.943401
vt 0.811537 0.938886
vt 0.959622 0.950630
vt 0.957105 0.946116
vt 0.959792 0.946116
vt 0.973137 0.793610
vt 0.971983 0.798124
vt 0.971983 0.793609
vt 0.973136 0.802728
vt 0.971984 0.798213
vt 0.973136 0.798213
vt 0.973727 0.834920
vt 0.971280 0.837547
vt 0.971280 0.834920
vt 0.971280 0.840200
vt 0.973727 0.837572
vt 0.973727 0.840200
vt 0.929890 0.960418
vt 0.932338 0.955903
vt 0.932338 0.960418
vt 0.971049 0.938062
vt 0.973566 0.940641
vt 0.971027 0.940641
vt 0.971984 0.798487
vt 0.969404 0.800860
vt 0.969404 0.798213
vt 0.880741 0.949330
vt 0.878114 0.949330
vt 0.800717 0.952987
vt 0.798175 0.948472
vt 0.800692 0.948472
vt 0.929892 0.955903
vt 0.932472 0.951388
vt 0.932471 0.955903
vt 0.971699 0.919160
vt 0.969120 0.916558
vt 0.949984 0.880495
vt 0.952563 0.877853
vt 0.952563 0.880495
vt 0.966180 0.848464
vt 0.963600 0.852979
vt 0.963601 0.848464
vt 0.842586 0.951801
vt 0.845229 0.947286
vt 0.845229 0.951801
vt 0.948844 0.951586
vt 0.951423 0.956101
vt 0.804103 0.952037
vt 0.806683 0.956552
vt 0.804103 0.956552
vt 0.830412 0.965867
vt 0.827913 0.963288
vt 0.830412 0.963288
vt 0.969322 0.826442
vt 0.971901 0.823994
vt 0.971901 0.826442
vt 0.910334 0.942792
vt 0.912782 0.942792
vt 0.880693 0.963957
vt 0.878114 0.961334
vt 0.880693 0.961334
vt 0.970488 0.962313
vt 0.972878 0.964893
vt 0.970299 0.964893
vt 0.836191 0.942610
vt 0.833612 0.937173
vt 0.836192 0.937173
vt 0.965795 0.941347
vt 0.968375 0.938062
vt 0.968375 0.941347
vt 0.797991 0.957502
vt 0.795412 0.960788
vt 0.795412 0.957502
vt 0.803715 0.964109
vt 0.801136 0.961578
vt 0.803715 0.961418
vt 0.969139 0.922317
vt 0.971719 0.919737
vt 0.971719 0.922317
vt 0.881008 0.960996
vt 0.883587 0.957710
vt 0.883587 0.960996
vt 0.874490 0.940439
vt 0.877070 0.935002
vt 0.877070 0.940439
vt 0.810023 0.942598
vt 0.807444 0.937161
vt 0.810025 0.937161
vt 0.905010 0.937355
vt 0.907589 0.942792
vt 0.905009 0.942792
vt 0.969511 0.907924
vt 0.972090 0.910337
vt 0.969511 0.910266
vt 0.951800 0.961612
vt 0.954380 0.959033
vt 0.954380 0.961531
vt 0.955749 0.827532
vt 0.957786 0.829873
vt 0.955749 0.830030
vt 0.819047 0.965993
vt 0.817010 0.963412
vt 0.819047 0.963414
vt 0.920370 0.963429
vt 0.922406 0.966009
vt 0.966728 0.804638
vt 0.969308 0.807090
vt 0.966728 0.807090
vt 0.965127 0.964905
vt 0.967707 0.962457
vt 0.967707 0.964905
vt 0.966183 0.848137
vt 0.968631 0.843949
vt 0.968631 0.848137
vt 0.839515 0.962928
vt 0.842094 0.965445
vt 0.839515 0.965508
vt 0.839442 0.965508
vt 0.836862 0.962980
vt 0.839442 0.962928
vt 0.810024 0.956397
vt 0.807444 0.960585
vt 0.807444 0.956397
vt 0.963652 0.857494
vt 0.963600 0.862008
vt 0.905010 0.951950
vt 0.907589 0.956464
vt 0.905009 0.956464
vt 0.970536 0.827066
vt 0.972930 0.829646
vt 0.970350 0.829646
vt 0.970085 0.957726
vt 0.972665 0.955146
vt 0.972665 0.957726
vt 0.963600 0.848464
vt 0.833797 0.960598
vt 0.833612 0.956410
vt 0.907589 0.956464
vt 0.905009 0.960652
vt 0.905011 0.956464
vt 0.830462 0.960635
vt 0.827882 0.960635
vt 0.921454 0.880554
vt 0.919006 0.877702
vt 0.966821 0.916734
vt 0.964373 0.919586
vt 0.860998 0.954490
vt 0.863504 0.954491
vt 0.934428 0.880282
vt 0.931849 0.877702
vt 0.934428 0.877702
vt 0.973622 0.831581
vt 0.971162 0.834161
vt 0.971095 0.831581
vt 0.798264 0.943830
vt 0.795412 0.939315
vt 0.798264 0.939315
vt 0.954620 0.950764
vt 0.957032 0.955273
vt 0.954453 0.955279
vt 0.964982 0.950631
vt 0.962402 0.946116
vt 0.964982 0.946116
vt 0.942943 0.963937
vt 0.940311 0.961401
vt 0.942943 0.961294
vt 0.971283 0.846581
vt 0.973638 0.843949
vt 0.973713 0.846581
vt 0.810024 0.951882
vt 0.807444 0.951882
vt 0.892885 0.953534
vt 0.890420 0.949019
vt 0.893063 0.949019
vt 0.943251 0.953805
vt 0.945882 0.949290
vt 0.945883 0.953805
vt 0.942943 0.953805
vt 0.940311 0.949290
vt 0.942943 0.949291
vt 0.969620 0.877336
vt 0.967094 0.874569
vt 0.969620 0.874569
vt 0.969518 0.891403
vt 0.966987 0.888636
vt 0.839982 0.941955
vt 0.842513 0.941955
vt 0.973204 0.790711
vt 0.975037 0.793291
vt 0.973204 0.793291
vt 0.973136 0.803822
vt 0.973136 0.801268
vt 0.817250 0.943401
vt 0.817251 0.938886
vt 0.968733 0.851807
vt 0.966180 0.848137
vt 0.968759 0.848137
vt 0.971365 0.884287
vt 0.969532 0.880617
vt 0.971365 0.880617
vt 0.969308 0.806880
vt 0.971885 0.804405
vt 0.971885 0.806987
vt 0.972056 0.787661
vt 0.969476 0.790240
vt 0.969476 0.787661
vt 0.922294 0.962660
vt 0.920462 0.958990
vt 0.801136 0.958444
vt 0.803715 0.953929
vt 0.803715 0.958444
vt 0.855508 0.951751
vt 0.858087 0.956266
vt 0.855507 0.956266
vt 0.962119 0.937934
vt 0.814499 0.960745
vt 0.817078 0.957089
vt 0.817078 0.960760
vt 0.968627 0.834920
vt 0.917770 0.959814
vt 0.920089 0.955299
vt 0.920257 0.959814
vt 0.086270 0.790767
vt 0.045117 0.811816
vt 0.045117 0.790768
vt 0.123271 0.931062
vt 0.087081 0.904855
vt 0.123271 0.904855
vt 0.091546 0.838020
vt 0.087081 0.811813
vt 0.091546 0.811813
vt 0.087081 0.838016
vt 0.086270 0.811815
vt 0.087081 0.811809
vt 0.124084 0.931058
vt 0.124084 0.904851
vt 0.086270 0.838022
vt 0.045117 0.838023
vt 0.941917 0.787661
vt 0.927556 0.808710
vt 0.927556 0.787661
vt 0.114838 0.811813
vt 0.100477 0.838020
vt 0.100477 0.811813
vt 0.204158 0.948284
vt 0.203361 0.927235
vt 0.204158 0.927235
vt 0.123271 0.883806
vt 0.124084 0.883802
vt 0.087081 0.790761
vt 0.091546 0.790764
vt 0.087081 0.790764
vt 0.087081 0.883806
vt 0.123288 0.931062
vt 0.124084 0.945424
vt 0.123288 0.945424
vt 0.096012 0.790764
vt 0.100477 0.790764
vt 0.096012 0.811813
vt 0.096012 0.838020
vt 0.164008 0.904770
vt 0.127819 0.930977
vt 0.127819 0.904770
vt 0.128234 0.811813
vt 0.123769 0.838020
vt 0.123769 0.811813
vt 0.164822 0.904766
vt 0.164008 0.930977
vt 0.129046 0.811810
vt 0.128234 0.838020
vt 0.202565 0.948284
vt 0.202565 0.927235
vt 0.129046 0.790761
vt 0.128234 0.790764
vt 0.164822 0.883717
vt 0.164008 0.883721
vt 0.123769 0.790764
vt 0.127819 0.883721
vt 0.119303 0.790764
vt 0.114838 0.790764
vt 0.119303 0.811813
vt 0.114838 0.838020
vt 0.119303 0.838020
vt 0.860437 0.940210
vt 0.858572 0.941529
vt 0.859281 0.939749
vt 0.967480 0.950410
vt 0.968725 0.948768
vt 0.968725 0.950410
vt 0.948094 0.825388
vt 0.947647 0.827628
vt 0.946938 0.825849
vt 0.824132 0.926525
vt 0.821786 0.931206
vt 0.819124 0.926525
vt 0.948803 0.833993
vt 0.950445 0.832077
vt 0.950445 0.833993
vt 0.948803 0.832077
vt 0.950445 0.827389
vt 0.948062 0.832501
vt 0.946906 0.832962
vt 0.967433 0.959440
vt 0.968678 0.957799
vt 0.968678 0.959440
vt 0.824132 0.931206
vt 0.821786 0.932971
vt 0.948803 0.827389
vt 0.950445 0.825388
vt 0.947647 0.834821
vt 0.187961 0.827681
vt 0.184550 0.811810
vt 0.187961 0.811810
vt 0.195895 0.927235
vt 0.192956 0.943106
vt 0.192956 0.927235
vt 0.078800 0.927710
vt 0.076318 0.943581
vt 0.076318 0.927710
vt 0.209533 0.944573
vt 0.206593 0.941162
vt 0.209533 0.941162
vt 0.073837 0.927710
vt 0.190016 0.927235
vt 0.187076 0.943106
vt 0.187076 0.927235
vt 0.154714 0.930977
vt 0.153144 0.946848
vt 0.153144 0.930977
vt 0.216433 0.820948
vt 0.218915 0.823888
vt 0.216433 0.823888
vt 0.151573 0.930977
vt 0.190016 0.943106
vt 0.210912 0.926832
vt 0.209341 0.923892
vt 0.210912 0.923892
vt 0.817325 0.934972
vt 0.817502 0.933207
vt 0.817502 0.934972
vt 0.858540 0.934415
vt 0.860437 0.933017
vt 0.859696 0.934876
vt 0.818966 0.932971
vt 0.818788 0.933207
vt 0.817325 0.939675
vt 0.817502 0.939675
vt 0.817325 0.941590
vt 0.817502 0.941590
vt 0.795412 0.787661
vt 0.818966 0.939675
vt 0.818788 0.941590
vt 0.818788 0.939675
vt 0.824132 0.924609
vt 0.929708 0.959084
vt 0.928422 0.954077
vt 0.929708 0.954077
vt 0.809110 0.932971
vt 0.814117 0.931055
vt 0.814117 0.932971
vt 0.811772 0.926374
vt 0.814117 0.926374
vt 0.801115 0.968173
vt 0.799829 0.965827
vt 0.801115 0.965827
vt 0.814117 0.924609
vt 0.818966 0.934972
vt 0.945041 0.825849
vt 0.946906 0.827167
vt 0.945750 0.827628
vt 0.968725 0.954926
vt 0.967480 0.953284
vt 0.968725 0.953284
vt 0.847359 0.939928
vt 0.847807 0.942168
vt 0.846651 0.941707
vt 0.806448 0.931206
vt 0.804103 0.926525
vt 0.809110 0.926525
vt 0.899373 0.941158
vt 0.901015 0.943073
vt 0.899373 0.943073
vt 0.899373 0.936470
vt 0.901015 0.941158
vt 0.847775 0.935055
vt 0.848516 0.940389
vt 0.968197 0.885015
vt 0.968197 0.883374
vt 0.806448 0.932971
vt 0.804103 0.931206
vt 0.899373 0.934468
vt 0.901015 0.936470
vt 0.847359 0.932735
vt 0.846619 0.934594
vt 0.212473 0.941162
vt 0.212473 0.944573
vt 0.219137 0.904391
vt 0.216655 0.907331
vt 0.216655 0.904391
vt 0.101483 0.966586
vt 0.099912 0.969526
vt 0.099912 0.966586
vt 0.822196 0.941353
vt 0.822018 0.939589
vt 0.822196 0.939589
vt 0.946906 0.834360
vt 0.945009 0.832962
vt 0.946166 0.832501
vt 0.823482 0.941353
vt 0.822018 0.941590
vt 0.822196 0.934886
vt 0.822018 0.934886
vt 0.822018 0.932971
vt 0.822196 0.932971
vt 0.823482 0.932971
vt 0.823660 0.934886
vt 0.823482 0.934886
vt 0.804103 0.924609
vt 0.890250 0.951520
vt 0.888964 0.956528
vt 0.888964 0.951520
vt 0.819124 0.926525
vt 0.814117 0.924609
vt 0.819124 0.924609
vt 0.816779 0.931206
vt 0.814117 0.926525
vt 0.807080 0.965770
vt 0.805794 0.968116
vt 0.805794 0.965770
vt 0.819124 0.932971
vt 0.819124 0.931206
vt 0.823660 0.939589
vt 0.823482 0.939589
vt 0.191372 0.811810
vt 0.191372 0.827681
vt 0.346149 0.690140
vt 0.345010 0.692353
vt 0.344943 0.690078
vt 0.313377 0.690136
vt 0.314517 0.692349
vt 0.313310 0.692411
vt 0.078655 0.130407
vt 0.115869 0.128550
vt 0.117642 0.130407
vt 0.203068 0.082272
vt 0.201408 0.038243
vt 0.203068 0.038243
vt 0.201402 0.082272
vt 0.199742 0.038244
vt 0.201402 0.038244
vt 0.203071 0.083148
vt 0.201408 0.082272
vt 0.201408 0.083148
vt 0.199742 0.082272
vt 0.203296 0.169313
vt 0.201636 0.130322
vt 0.203296 0.130322
vt 0.203379 0.123616
vt 0.201719 0.084625
vt 0.203379 0.084625
vt 0.199748 0.037366
vt 0.201408 0.037366
vt 0.201411 0.037366
vt 0.203071 0.037366
vt 0.117642 0.084625
vt 0.080429 0.086481
vt 0.078655 0.084625
vt 0.077780 0.129530
vt 0.080429 0.128550
vt 0.118518 0.085502
vt 0.115869 0.086481
vt 0.118518 0.129530
vt 0.116664 0.087279
vt 0.077780 0.085502
vt 0.079633 0.127753
vt 0.116664 0.127753
vt 0.079633 0.087279
vt 0.035816 0.129533
vt 0.035816 0.085504
vt 0.076552 0.129533
vt 0.160473 0.082188
vt 0.159598 0.083063
vt 0.119745 0.082188
vt 0.119393 0.130322
vt 0.157514 0.129426
vt 0.158372 0.130322
vt 0.077199 0.174357
vt 0.074755 0.130410
vt 0.077202 0.130410
vt 0.117230 0.174354
vt 0.114790 0.130407
vt 0.117236 0.130407
vt 0.077202 0.175231
vt 0.074753 0.174357
vt 0.117236 0.175228
vt 0.114783 0.174354
vt 0.199738 0.076349
vt 0.197295 0.037366
vt 0.199742 0.037366
vt 0.201632 0.169306
vt 0.199190 0.130322
vt 0.201636 0.130322
vt 0.199742 0.077226
vt 0.197291 0.076349
vt 0.201636 0.170182
vt 0.199185 0.169305
vt 0.117857 0.172638
vt 0.117239 0.130407
vt 0.117860 0.130407
vt 0.158372 0.084625
vt 0.120250 0.085521
vt 0.119393 0.084625
vt 0.119414 0.128589
vt 0.120250 0.129426
vt 0.159247 0.085500
vt 0.157514 0.085521
vt 0.159247 0.129447
vt 0.158351 0.086358
vt 0.118518 0.085500
vt 0.118518 0.129447
vt 0.158351 0.128589
vt 0.119414 0.086358
vt 0.077179 0.127694
vt 0.076552 0.126859
vt 0.077173 0.126859
vt 0.117860 0.173475
vt 0.117236 0.172638
vt 0.204000 0.121892
vt 0.203383 0.084625
vt 0.204004 0.084625
vt 0.118481 0.167675
vt 0.117864 0.130407
vt 0.118485 0.130407
vt 0.204004 0.122730
vt 0.203379 0.121892
vt 0.118485 0.168513
vt 0.117860 0.167675
vt 0.076558 0.084627
vt 0.077179 0.084627
vt 0.145340 0.215589
vt 0.147031 0.217527
vt 0.145340 0.217527
vt 0.092162 0.192349
vt 0.091572 0.194287
vt 0.091572 0.192349
vt 0.145100 0.216162
vt 0.143906 0.218100
vt 0.143906 0.216162
vt 0.154579 0.214318
vt 0.155169 0.215511
vt 0.154356 0.215511
vt 0.132515 0.215255
vt 0.131925 0.216448
vt 0.131702 0.215255
vt 0.132515 0.214451
vt 0.130824 0.213398
vt 0.132515 0.213398
vt 0.153478 0.216314
vt 0.155169 0.217368
vt 0.153478 0.217368
vt 0.121262 0.216526
vt 0.120209 0.218463
vt 0.120209 0.216526
vt 0.155169 0.216314
vt 0.103011 0.214066
vt 0.103889 0.215997
vt 0.103011 0.216004
vt 0.213333 0.078768
vt 0.214146 0.077965
vt 0.215025 0.078768
vt 0.173386 0.215361
vt 0.175078 0.217299
vt 0.173386 0.217299
vt 0.166139 0.199403
vt 0.165549 0.201341
vt 0.165549 0.199403
vt 0.090114 0.216241
vt 0.088920 0.218178
vt 0.088920 0.216240
vt 0.215243 0.105222
vt 0.215833 0.106416
vt 0.215020 0.106416
vt 0.213333 0.077965
vt 0.213924 0.076771
vt 0.215025 0.079822
vt 0.213333 0.079822
vt 0.214142 0.107219
vt 0.215833 0.108273
vt 0.214142 0.108273
vt 0.215808 0.097530
vt 0.216862 0.095592
vt 0.216862 0.097530
vt 0.215833 0.107219
vt 0.106477 0.216016
vt 0.105599 0.214085
vt 0.106477 0.214078
vt 0.136565 0.215477
vt 0.137378 0.214674
vt 0.138256 0.215477
vt 0.162810 0.215714
vt 0.164501 0.217652
vt 0.162810 0.217652
vt 0.076676 0.205225
vt 0.077266 0.203287
vt 0.077266 0.205225
vt 0.086072 0.216083
vt 0.084877 0.218021
vt 0.084877 0.216083
vt 0.215242 0.084625
vt 0.215832 0.085818
vt 0.215019 0.085818
vt 0.136565 0.214674
vt 0.137155 0.213480
vt 0.138256 0.216531
vt 0.136565 0.216531
vt 0.214141 0.086621
vt 0.215832 0.087675
vt 0.214141 0.087675
vt 0.064284 0.216531
vt 0.063230 0.218469
vt 0.063230 0.216531
vt 0.215832 0.086621
vt 0.109165 0.215999
vt 0.108287 0.214068
vt 0.109165 0.214061
vt 0.062176 0.215477
vt 0.062990 0.214674
vt 0.063868 0.215477
vt 0.170294 0.215355
vt 0.171985 0.217293
vt 0.170294 0.217293
vt 0.076676 0.199411
vt 0.077266 0.197473
vt 0.077266 0.199411
vt 0.216655 0.066961
vt 0.215460 0.068898
vt 0.215460 0.066961
vt 0.215133 0.100892
vt 0.215723 0.102086
vt 0.214910 0.102086
vt 0.062176 0.214674
vt 0.062767 0.213481
vt 0.063868 0.216531
vt 0.062176 0.216531
vt 0.214032 0.102889
vt 0.215723 0.103942
vt 0.214032 0.103942
vt 0.215833 0.107160
vt 0.216887 0.105222
vt 0.216887 0.107160
vt 0.215264 0.184178
vt 0.214451 0.184981
vt 0.213573 0.184178
vt 0.215723 0.102889
vt 0.110955 0.214085
vt 0.111833 0.216016
vt 0.110955 0.216022
vt 0.213282 0.215069
vt 0.214973 0.217007
vt 0.213282 0.217007
vt 0.047242 0.205695
vt 0.047832 0.203757
vt 0.047832 0.205695
vt 0.127906 0.217679
vt 0.129101 0.215741
vt 0.129101 0.217678
vt 0.214960 0.089994
vt 0.215550 0.091187
vt 0.214737 0.091187
vt 0.215264 0.184981
vt 0.214674 0.186175
vt 0.213573 0.183124
vt 0.215264 0.183124
vt 0.213859 0.091990
vt 0.215550 0.093044
vt 0.213859 0.093044
vt 0.183459 0.216536
vt 0.182406 0.218474
vt 0.182406 0.216536
vt 0.215550 0.091990
vt 0.117473 0.184707
vt 0.118358 0.186645
vt 0.117473 0.186645
vt 0.215299 0.177943
vt 0.214486 0.178746
vt 0.213608 0.177943
vt 0.056579 0.217635
vt 0.054887 0.215697
vt 0.056579 0.215697
vt 0.165549 0.205217
vt 0.166139 0.203279
vt 0.166139 0.205217
vt 0.126711 0.217679
vt 0.127906 0.215741
vt 0.127906 0.217678
vt 0.115884 0.214066
vt 0.116474 0.215259
vt 0.115661 0.215259
vt 0.215299 0.178746
vt 0.214709 0.179939
vt 0.213608 0.176889
vt 0.215299 0.176889
vt 0.114783 0.216062
vt 0.116474 0.217116
vt 0.114783 0.217116
vt 0.216944 0.111713
vt 0.215891 0.113651
vt 0.215891 0.111713
vt 0.116474 0.216062
vt 0.085365 0.206021
vt 0.086249 0.207959
vt 0.085365 0.207959
vt 0.215178 0.072686
vt 0.214365 0.073489
vt 0.213487 0.072686
vt 0.075707 0.217473
vt 0.074016 0.215535
vt 0.075707 0.215535
vt 0.076676 0.197473
vt 0.077266 0.195536
vt 0.077266 0.197473
vt 0.037068 0.217663
vt 0.038263 0.215725
vt 0.038263 0.217663
vt 0.104498 0.217128
vt 0.103908 0.215935
vt 0.104721 0.215935
vt 0.215178 0.073489
vt 0.214588 0.074683
vt 0.213487 0.071632
vt 0.215178 0.071632
vt 0.105599 0.215132
vt 0.103908 0.214078
vt 0.105599 0.214078
vt 0.095834 0.216580
vt 0.094780 0.218518
vt 0.094780 0.216580
vt 0.103908 0.215132
vt 0.086249 0.209897
vt 0.085365 0.209897
vt 0.043231 0.214867
vt 0.042418 0.215671
vt 0.041539 0.214867
vt 0.059105 0.217635
vt 0.057414 0.215698
vt 0.059105 0.215698
vt 0.076676 0.203287
vt 0.077266 0.201349
vt 0.077266 0.203287
vt 0.068304 0.192123
vt 0.069499 0.190185
vt 0.069499 0.192123
vt 0.214597 0.123793
vt 0.214007 0.122600
vt 0.214820 0.122600
vt 0.043231 0.215671
vt 0.042640 0.216864
vt 0.041539 0.213814
vt 0.043231 0.213814
vt 0.215698 0.121797
vt 0.214007 0.120743
vt 0.215698 0.120743
vt 0.180520 0.216546
vt 0.179466 0.218484
vt 0.179466 0.216546
vt 0.216062 0.131376
vt 0.215249 0.132179
vt 0.214371 0.131376
vt 0.214007 0.121797
vt 0.092252 0.207961
vt 0.091367 0.206023
vt 0.092252 0.206023
vt 0.214131 0.087967
vt 0.215822 0.089905
vt 0.214131 0.089905
vt 0.077186 0.188816
vt 0.076596 0.190754
vt 0.076596 0.188816
vt 0.082917 0.217707
vt 0.084112 0.215768
vt 0.084112 0.217706
vt 0.214866 0.124274
vt 0.215456 0.125467
vt 0.214643 0.125467
vt 0.185346 0.215565
vt 0.184755 0.216758
vt 0.184533 0.215565
vt 0.185346 0.214761
vt 0.183654 0.213708
vt 0.185346 0.213708
vt 0.213765 0.126271
vt 0.215456 0.127324
vt 0.213765 0.127324
vt 0.043231 0.218540
vt 0.044284 0.216602
vt 0.044284 0.218540
vt 0.215456 0.126271
vt 0.109313 0.191770
vt 0.110198 0.193708
vt 0.109313 0.193708
vt 0.215341 0.139394
vt 0.214528 0.140198
vt 0.213649 0.139394
vt 0.207868 0.193831
vt 0.209559 0.195769
vt 0.207868 0.195769
vt 0.165549 0.207155
vt 0.166139 0.207155
vt 0.051941 0.217689
vt 0.053136 0.215751
vt 0.053136 0.217688
vt 0.214611 0.120488
vt 0.214021 0.119295
vt 0.214834 0.119295
vt 0.215341 0.140198
vt 0.214750 0.141391
vt 0.213649 0.138341
vt 0.215341 0.138341
vt 0.215712 0.118492
vt 0.214021 0.117438
vt 0.215712 0.117438
vt 0.186399 0.216602
vt 0.185346 0.218540
vt 0.185346 0.216602
vt 0.214021 0.118492
vt 0.094913 0.199459
vt 0.095798 0.201397
vt 0.094913 0.201397
vt 0.110945 0.215132
vt 0.110132 0.215935
vt 0.109254 0.215132
vt 0.212942 0.195769
vt 0.211251 0.193831
vt 0.212942 0.193831
vt 0.166052 0.192823
vt 0.165462 0.194761
vt 0.165462 0.192823
vt 0.117316 0.217885
vt 0.118511 0.215947
vt 0.118511 0.217885
vt 0.214616 0.084337
vt 0.214026 0.083143
vt 0.214839 0.083143
vt 0.110945 0.215935
vt 0.110355 0.217128
vt 0.109254 0.214078
vt 0.110945 0.214078
vt 0.215717 0.082340
vt 0.214026 0.081286
vt 0.215717 0.081286
vt 0.215936 0.150790
vt 0.216990 0.148853
vt 0.216990 0.150790
vt 0.214026 0.082340
vt 0.092252 0.209898
vt 0.091367 0.207961
vt 0.215299 0.180993
vt 0.214486 0.181796
vt 0.213608 0.180993
vt 0.087958 0.217358
vt 0.086267 0.215420
vt 0.087958 0.215420
vt 0.047159 0.194523
vt 0.047749 0.192585
vt 0.047749 0.194523
vt 0.053136 0.217689
vt 0.054331 0.215751
vt 0.054331 0.217688
vt 0.192794 0.217015
vt 0.192204 0.215822
vt 0.193017 0.215822
vt 0.215299 0.181796
vt 0.214709 0.182990
vt 0.213608 0.179939
vt 0.215299 0.179939
vt 0.193895 0.215018
vt 0.192204 0.213965
vt 0.193895 0.213965
vt 0.216990 0.146915
vt 0.215936 0.148853
vt 0.215936 0.146915
vt 0.142214 0.215264
vt 0.143027 0.214461
vt 0.143906 0.215264
vt 0.192204 0.215018
vt 0.118358 0.188582
vt 0.117473 0.188582
vt 0.038542 0.215532
vt 0.040233 0.217470
vt 0.038542 0.217470
vt 0.047242 0.207633
vt 0.047832 0.207633
vt 0.133710 0.216292
vt 0.132515 0.218230
vt 0.132515 0.216292
vt 0.215218 0.093654
vt 0.215808 0.094848
vt 0.214995 0.094848
vt 0.142214 0.214461
vt 0.142805 0.213268
vt 0.143906 0.216318
vt 0.142214 0.216318
vt 0.214117 0.095651
vt 0.215808 0.096704
vt 0.214117 0.096704
vt 0.216886 0.084625
vt 0.215832 0.086562
vt 0.215832 0.084625
vt 0.215808 0.095651
vt 0.082782 0.217151
vt 0.081904 0.215219
vt 0.082782 0.215213
vt 0.124064 0.215424
vt 0.124877 0.214621
vt 0.125755 0.215424
vt 0.167830 0.217652
vt 0.166139 0.215714
vt 0.167830 0.215714
vt 0.166139 0.197466
vt 0.165549 0.197466
vt 0.091805 0.216131
vt 0.090611 0.218068
vt 0.090611 0.216130
vt 0.215300 0.111713
vt 0.215891 0.112907
vt 0.215078 0.112907
vt 0.124064 0.214621
vt 0.124654 0.213428
vt 0.125755 0.216478
vt 0.124064 0.216478
vt 0.214199 0.113710
vt 0.215891 0.114764
vt 0.214199 0.114764
vt 0.137618 0.216531
vt 0.136565 0.218468
vt 0.136565 0.216531
vt 0.215891 0.113710
vt 0.175956 0.217299
vt 0.175078 0.215368
vt 0.175956 0.215361
vt 0.182406 0.214696
vt 0.181593 0.215499
vt 0.180715 0.214696
vt 0.071025 0.215704
vt 0.072716 0.217642
vt 0.071025 0.217642
vt 0.145369 0.204548
vt 0.144778 0.206486
vt 0.144778 0.204548
vt 0.216459 0.185745
vt 0.215264 0.187682
vt 0.215264 0.185744
vt 0.215365 0.206316
vt 0.215955 0.207509
vt 0.215142 0.207509
vt 0.182406 0.215499
vt 0.181816 0.216692
vt 0.180715 0.213642
vt 0.182406 0.213642
vt 0.214264 0.208312
vt 0.215955 0.209366
vt 0.214264 0.209366
vt 0.062176 0.218469
vt 0.215955 0.208312
vt 0.149684 0.215394
vt 0.150562 0.217325
vt 0.149684 0.217332
vt 0.213189 0.150376
vt 0.214002 0.149573
vt 0.214880 0.150376
vt 0.169521 0.217652
vt 0.172741 0.207546
vt 0.173332 0.205608
vt 0.173332 0.207546
vt 0.215232 0.047895
vt 0.216427 0.045958
vt 0.216427 0.047895
vt 0.215227 0.134837
vt 0.215817 0.136030
vt 0.215004 0.136030
vt 0.213189 0.149573
vt 0.213779 0.148379
vt 0.214880 0.151430
vt 0.213189 0.151430
vt 0.214126 0.136833
vt 0.215817 0.137887
vt 0.214126 0.137887
vt 0.216027 0.216534
vt 0.214973 0.218471
vt 0.214973 0.216534
vt 0.215833 0.109326
vt 0.215020 0.110130
vt 0.214142 0.109326
vt 0.215817 0.136833
vt 0.087958 0.215426
vt 0.088837 0.217358
vt 0.087958 0.217364
vt 0.069977 0.217510
vt 0.068286 0.215572
vt 0.069977 0.215572
vt 0.130728 0.189228
vt 0.130138 0.191166
vt 0.130138 0.189228
vt 0.138256 0.218312
vt 0.139450 0.216375
vt 0.139450 0.218313
vt 0.213872 0.215069
vt 0.213282 0.213875
vt 0.214095 0.213875
vt 0.215833 0.110130
vt 0.215243 0.111323
vt 0.215833 0.108273
vt 0.214973 0.213072
vt 0.213282 0.212018
vt 0.214973 0.212018
vt 0.216876 0.087967
vt 0.215822 0.087967
vt 0.213282 0.213072
vt 0.210854 0.103213
vt 0.211732 0.105157
vt 0.210854 0.105151
vt 0.214249 0.193175
vt 0.215062 0.192372
vt 0.215940 0.193175
vt 0.189247 0.215553
vt 0.190938 0.217491
vt 0.189247 0.217491
vt 0.130728 0.191166
vt 0.130138 0.193104
vt 0.141951 0.216334
vt 0.140757 0.218272
vt 0.140757 0.216334
vt 0.140663 0.213283
vt 0.141253 0.214477
vt 0.140440 0.214477
vt 0.214249 0.192372
vt 0.214839 0.191178
vt 0.215940 0.194228
vt 0.214249 0.194228
vt 0.139562 0.215280
vt 0.141253 0.216334
vt 0.139562 0.216334
vt 0.215833 0.110211
vt 0.216887 0.108273
vt 0.216887 0.110211
vt 0.141253 0.215280
vt 0.142132 0.215228
vt 0.141253 0.213283
vt 0.142132 0.213290
vt 0.214264 0.202333
vt 0.215077 0.201530
vt 0.215955 0.202333
vt 0.209880 0.180988
vt 0.211571 0.182926
vt 0.209880 0.182926
vt 0.077266 0.193598
vt 0.076676 0.195536
vt 0.076676 0.193598
vt 0.215596 0.157066
vt 0.216790 0.155129
vt 0.216790 0.157067
vt 0.213895 0.172364
vt 0.213305 0.171170
vt 0.214118 0.171170
vt 0.214264 0.201530
vt 0.214854 0.200336
vt 0.215955 0.203386
vt 0.214264 0.203386
vt 0.214996 0.170367
vt 0.213305 0.169313
vt 0.214996 0.169313
vt 0.216803 0.127324
vt 0.215750 0.129262
vt 0.215750 0.127324
vt 0.213305 0.170367
vt 0.123981 0.215298
vt 0.123102 0.213354
vt 0.123981 0.213360
vt 0.214264 0.197817
vt 0.215077 0.197014
vt 0.215955 0.197817
vt 0.211499 0.047899
vt 0.209808 0.045962
vt 0.211499 0.045962
vt 0.047159 0.196460
vt 0.047749 0.194523
vt 0.047749 0.196460
vt 0.142214 0.218256
vt 0.143409 0.216318
vt 0.143409 0.218256
vt 0.134872 0.213398
vt 0.135462 0.214591
vt 0.134649 0.214591
vt 0.214264 0.197014
vt 0.214854 0.195821
vt 0.215955 0.198871
vt 0.214264 0.198871
vt 0.133771 0.215394
vt 0.135462 0.216448
vt 0.133771 0.216448
vt 0.216871 0.134837
vt 0.215817 0.136775
vt 0.215817 0.134837
vt 0.215302 0.153132
vt 0.214489 0.153935
vt 0.213611 0.153132
vt 0.135462 0.215394
vt 0.211536 0.185767
vt 0.212415 0.187711
vt 0.211536 0.187705
vt 0.209163 0.103220
vt 0.210854 0.105157
vt 0.209163 0.105157
vt 0.166139 0.201341
vt 0.165549 0.203279
vt 0.165549 0.201341
vt 0.132018 0.216448
vt 0.130824 0.218386
vt 0.130824 0.216448
vt 0.107697 0.214061
vt 0.108287 0.215255
vt 0.107474 0.215255
vt 0.215302 0.153935
vt 0.214712 0.155129
vt 0.213611 0.152078
vt 0.215302 0.152078
vt 0.106596 0.216058
vt 0.108287 0.217112
vt 0.106596 0.217112
vt 0.196153 0.077031
vt 0.197207 0.075093
vt 0.197207 0.077031
vt 0.108287 0.216058
vt 0.189157 0.217491
vt 0.188285 0.215553
vt 0.189157 0.215553
vt 0.215232 0.044368
vt 0.214419 0.045171
vt 0.213541 0.044368
vt 0.152400 0.217326
vt 0.150709 0.215388
vt 0.152400 0.215388
vt 0.077266 0.199411
vt 0.134965 0.216448
vt 0.133771 0.218386
vt 0.133771 0.216448
vt 0.067157 0.213915
vt 0.067747 0.215108
vt 0.066934 0.215108
vt 0.215232 0.045171
vt 0.214642 0.046364
vt 0.213541 0.043314
vt 0.215232 0.043314
vt 0.066056 0.215912
vt 0.067747 0.216965
vt 0.066056 0.216965
vt 0.216715 0.187767
vt 0.215661 0.189705
vt 0.215661 0.187767
vt 0.067747 0.215912
vt 0.103882 0.217942
vt 0.103882 0.216004
vt 0.177775 0.215648
vt 0.178588 0.214845
vt 0.179466 0.215648
vt 0.215955 0.204378
vt 0.214264 0.206316
vt 0.214264 0.204378
vt 0.086159 0.196224
vt 0.085569 0.194287
vt 0.086159 0.194287
vt 0.215634 0.143329
vt 0.216828 0.141391
vt 0.216828 0.143329
vt 0.214622 0.100892
vt 0.214032 0.099699
vt 0.214845 0.099699
vt 0.177775 0.214845
vt 0.178365 0.213652
vt 0.179466 0.216702
vt 0.177775 0.216702
vt 0.215723 0.098896
vt 0.214032 0.097842
vt 0.215723 0.097842
vt 0.216752 0.120743
vt 0.215698 0.122681
vt 0.215698 0.120743
vt 0.214032 0.098896
vt 0.070849 0.217510
vt 0.070849 0.215572
vt 0.120209 0.214784
vt 0.119396 0.215587
vt 0.118518 0.214784
vt 0.215178 0.076621
vt 0.213487 0.074683
vt 0.215178 0.074683
vt 0.077186 0.186878
vt 0.134965 0.218386
vt 0.136159 0.216448
vt 0.136159 0.218386
vt 0.065466 0.213915
vt 0.066056 0.215108
vt 0.065243 0.215108
vt 0.120209 0.215587
vt 0.119619 0.216781
vt 0.118518 0.213730
vt 0.120209 0.213730
vt 0.064365 0.215912
vt 0.066056 0.216965
vt 0.064365 0.216965
vt 0.216776 0.097842
vt 0.215723 0.099780
vt 0.147903 0.217527
vt 0.147031 0.215589
vt 0.147903 0.215589
vt 0.214371 0.057053
vt 0.216063 0.058991
vt 0.214371 0.058991
vt 0.091572 0.196225
vt 0.092162 0.194287
vt 0.092162 0.196225
vt 0.215550 0.091931
vt 0.216744 0.089994
vt 0.216744 0.091932
vt 0.213536 0.134837
vt 0.214126 0.136030
vt 0.213313 0.136030
vt 0.216062 0.132179
vt 0.215472 0.133372
vt 0.214371 0.130322
vt 0.216062 0.130322
vt 0.212435 0.136833
vt 0.214126 0.137887
vt 0.212435 0.137887
vt 0.215802 0.116701
vt 0.216855 0.114764
vt 0.216855 0.116701
vt 0.125755 0.213428
vt 0.126633 0.215372
vt 0.125755 0.215366
vt 0.214337 0.145861
vt 0.215150 0.145058
vt 0.216028 0.145861
vt 0.147993 0.215388
vt 0.149684 0.217326
vt 0.147993 0.217326
vt 0.165462 0.196699
vt 0.166052 0.194761
vt 0.166052 0.196699
vt 0.122606 0.216404
vt 0.121411 0.218342
vt 0.121411 0.216404
vt 0.212906 0.123793
vt 0.212316 0.122600
vt 0.213129 0.122600
vt 0.214337 0.145058
vt 0.214927 0.143865
vt 0.216028 0.146915
vt 0.214337 0.146915
vt 0.212316 0.120743
vt 0.215808 0.095592
vt 0.216862 0.093654
vt 0.212316 0.121797
vt 0.211571 0.180988
vt 0.212449 0.182933
vt 0.211571 0.182926
vt 0.216010 0.164487
vt 0.215197 0.165290
vt 0.214319 0.164487
vt 0.047848 0.215522
vt 0.049539 0.217460
vt 0.047848 0.217460
vt 0.086159 0.192349
vt 0.123800 0.216404
vt 0.122606 0.218342
vt 0.122606 0.216404
vt 0.122512 0.213354
vt 0.123102 0.214547
vt 0.122289 0.214547
vt 0.216010 0.165290
vt 0.215420 0.166484
vt 0.214319 0.163433
vt 0.216010 0.163433
vt 0.121411 0.215350
vt 0.123102 0.216404
vt 0.177097 0.216512
vt 0.176044 0.218449
vt 0.176044 0.216512
vt 0.123102 0.215350
vt 0.194774 0.215909
vt 0.193895 0.213965
vt 0.194774 0.213971
vt 0.216063 0.055057
vt 0.215249 0.055860
vt 0.214371 0.055057
vt 0.216010 0.168422
vt 0.214319 0.166484
vt 0.216010 0.166484
vt 0.077266 0.191660
vt 0.140757 0.216334
vt 0.139562 0.218272
vt 0.090021 0.213190
vt 0.090611 0.214384
vt 0.089798 0.214384
vt 0.216063 0.055860
vt 0.215472 0.057053
vt 0.214371 0.054003
vt 0.216063 0.054003
vt 0.088920 0.215187
vt 0.090611 0.216240
vt 0.216776 0.101717
vt 0.215723 0.103655
vt 0.215723 0.101717
vt 0.215202 0.060993
vt 0.214389 0.061796
vt 0.213511 0.060993
vt 0.090611 0.215187
vt 0.212377 0.047906
vt 0.211499 0.047899
vt 0.209559 0.193831
vt 0.211251 0.195769
vt 0.198779 0.077237
vt 0.198189 0.079175
vt 0.198189 0.077237
vt 0.215628 0.162397
vt 0.216822 0.160459
vt 0.216822 0.162397
vt 0.113081 0.214104
vt 0.113671 0.215298
vt 0.112858 0.215298
vt 0.215202 0.061796
vt 0.214612 0.062990
vt 0.213511 0.059940
vt 0.215202 0.059940
vt 0.111980 0.216101
vt 0.113671 0.217154
vt 0.111980 0.217154
vt 0.216766 0.117438
vt 0.215712 0.119376
vt 0.113671 0.216101
vt 0.111827 0.217960
vt 0.111827 0.216022
vt 0.215299 0.038420
vt 0.214486 0.039223
vt 0.213608 0.038420
vt 0.186594 0.217491
vt 0.186594 0.215553
vt 0.144778 0.202610
vt 0.125258 0.218416
vt 0.126452 0.216478
vt 0.126452 0.218416
vt 0.214744 0.157409
vt 0.215334 0.158602
vt 0.214521 0.158602
vt 0.215299 0.039223
vt 0.214709 0.040416
vt 0.213608 0.037366
vt 0.215299 0.037366
vt 0.213643 0.159405
vt 0.215334 0.160459
vt 0.213643 0.160459
vt 0.216776 0.099780
vt 0.215334 0.159405
vt 0.109165 0.217944
vt 0.108293 0.216006
vt 0.109165 0.216006
vt 0.215231 0.048972
vt 0.214418 0.049775
vt 0.213540 0.048972
vt 0.209845 0.185767
vt 0.211536 0.187705
vt 0.209845 0.187705
vt 0.076676 0.205225
vt 0.077266 0.207162
vt 0.076676 0.207162
vt 0.130780 0.216472
vt 0.129586 0.218410
vt 0.129586 0.216472
vt 0.102398 0.214059
vt 0.102988 0.215253
vt 0.102175 0.215253
vt 0.215231 0.049775
vt 0.214641 0.050968
vt 0.213540 0.047918
vt 0.215231 0.047918
vt 0.101297 0.216056
vt 0.102988 0.217110
vt 0.101297 0.217110
vt 0.215717 0.083224
vt 0.216770 0.081286
vt 0.216770 0.083224
vt 0.102988 0.216056
vt 0.162810 0.215714
vt 0.161938 0.217652
vt 0.161938 0.215714
vt 0.215299 0.174892
vt 0.214486 0.175695
vt 0.213608 0.174892
vt 0.044506 0.215475
vt 0.046198 0.217413
vt 0.044506 0.217413
vt 0.092245 0.203624
vt 0.091655 0.205562
vt 0.091655 0.203624
vt 0.124064 0.218416
vt 0.125258 0.216478
vt 0.125258 0.218416
vt 0.214560 0.190817
vt 0.213970 0.189624
vt 0.214783 0.189624
vt 0.215299 0.175695
vt 0.214709 0.176889
vt 0.213608 0.173839
vt 0.215299 0.173839
vt 0.215661 0.188820
vt 0.213970 0.187767
vt 0.215661 0.187767
vt 0.212994 0.111675
vt 0.214047 0.109737
vt 0.214047 0.111675
vt 0.183654 0.214761
vt 0.213970 0.188820
vt 0.193902 0.215909
vt 0.194774 0.217847
vt 0.193902 0.217847
vt 0.130824 0.214451
vt 0.463044 0.845703
vt 0.460391 0.843051
vt 0.463044 0.843051
vt 0.325147 0.950849
vt 0.327800 0.948196
vt 0.327800 0.950849
vt 0.377848 0.936279
vt 0.380500 0.931637
vt 0.380500 0.936279
vt 0.451076 0.925660
vt 0.448424 0.925660
vt 0.424518 0.929702
vt 0.427171 0.934345
vt 0.831643 0.674978
vt 0.830218 0.673290
vt 0.831839 0.674761
vt 0.913947 0.688692
vt 0.913670 0.686503
vt 0.913947 0.686503
vt 0.831822 0.675140
vt 0.830309 0.676448
vt 0.863971 0.691994
vt 0.863694 0.689805
vt 0.863971 0.689805
vt 0.900902 0.574567
vt 0.901179 0.578052
vt 0.900902 0.578052
vt 0.832019 0.674924
vt 0.797306 0.681870
vt 0.797583 0.685355
vt 0.797306 0.685355
vt 0.834181 0.672179
vt 0.834360 0.672342
vt 0.438333 0.117511
vt 0.440521 0.120996
vt 0.438333 0.120996
vt 0.446729 0.103160
vt 0.444973 0.100971
vt 0.446729 0.100971
vt 0.929916 0.621920
vt 0.930193 0.623905
vt 0.929916 0.623905
vt 0.832199 0.675086
vt 0.833623 0.676774
vt 0.832002 0.675303
vt 0.834540 0.672505
vt 0.906189 0.688510
vt 0.906466 0.686321
vt 0.906466 0.688510
vt 0.830668 0.676774
vt 0.830472 0.676630
vt 0.872460 0.690737
vt 0.872737 0.688548
vt 0.872737 0.690737
vt 0.379315 0.174144
vt 0.381504 0.170659
vt 0.381504 0.174144
vt 0.388485 0.188398
vt 0.386729 0.190587
vt 0.386500 0.188398
vt 0.919560 0.692866
vt 0.919837 0.690881
vt 0.919837 0.692866
vt 0.864588 0.678033
vt 0.864067 0.676507
vt 0.864588 0.676302
vt 0.864588 0.672635
vt 0.866384 0.672094
vt 0.866696 0.672635
vt 0.866384 0.678659
vt 0.864067 0.678410
vt 0.864067 0.676190
vt 0.864588 0.676013
vt 0.866929 0.672094
vt 0.866929 0.672635
vt 0.866696 0.678259
vt 0.866929 0.678686
vt 0.946125 0.594671
vt 0.945059 0.592354
vt 0.946126 0.592354
vt 0.784942 0.697536
vt 0.783875 0.701631
vt 0.783875 0.697536
vt 0.784942 0.697218
vt 0.783875 0.697218
vt 0.946294 0.609633
vt 0.945227 0.609088
vt 0.946294 0.609088
vt 0.946125 0.595217
vt 0.945058 0.594671
vt 0.784942 0.695315
vt 0.783875 0.695315
vt 0.946294 0.611950
vt 0.945227 0.609633
vt 0.810977 0.634109
vt 0.810615 0.632378
vt 0.810977 0.632378
vt 0.864067 0.680455
vt 0.863705 0.678347
vt 0.864067 0.678347
vt 0.810979 0.671980
vt 0.810615 0.669873
vt 0.810977 0.669873
vt 0.810977 0.637776
vt 0.810615 0.634398
vt 0.810977 0.634398
vt 0.810615 0.634109
vt 0.864067 0.680688
vt 0.863705 0.680455
vt 0.810615 0.669639
vt 0.810977 0.669639
vt 0.869269 0.678033
vt 0.869791 0.676507
vt 0.869791 0.678410
vt 0.867474 0.672094
vt 0.869269 0.672635
vt 0.867162 0.672635
vt 0.867474 0.678659
vt 0.867162 0.678259
vt 0.869791 0.676189
vt 0.869269 0.676013
vt 0.869269 0.676302
vt 0.866929 0.678284
vt 0.945059 0.598079
vt 0.946125 0.595762
vt 0.946126 0.598079
vt 0.851745 0.699486
vt 0.850678 0.695391
vt 0.851745 0.695391
vt 0.850678 0.695074
vt 0.851745 0.695074
vt 0.946294 0.608543
vt 0.945058 0.595762
vt 0.850678 0.693170
vt 0.851745 0.693170
vt 0.945227 0.608543
vt 0.946294 0.606226
vt 0.810977 0.643174
vt 0.810615 0.644906
vt 0.810615 0.643174
vt 0.863705 0.683029
vt 0.864067 0.680922
vt 0.864067 0.683029
vt 0.810615 0.669406
vt 0.810979 0.667298
vt 0.810977 0.669406
vt 0.810977 0.645194
vt 0.810615 0.648573
vt 0.810615 0.645194
vt 0.810977 0.644906
vt 0.863705 0.680922
vt 0.912129 0.570918
vt 0.912651 0.572445
vt 0.912129 0.572650
vt 0.912129 0.578400
vt 0.910334 0.579055
vt 0.910022 0.578400
vt 0.910334 0.570293
vt 0.912651 0.570541
vt 0.912651 0.576261
vt 0.912129 0.576417
vt 0.912129 0.576120
vt 0.912651 0.572762
vt 0.912129 0.572938
vt 0.909789 0.579055
vt 0.909789 0.578400
vt 0.912651 0.576587
vt 0.910022 0.570693
vt 0.909789 0.570265
vt 0.801327 0.699139
vt 0.800261 0.696822
vt 0.801328 0.696822
vt 0.909722 0.684601
vt 0.910789 0.684275
vt 0.910789 0.684601
vt 0.909722 0.688417
vt 0.910789 0.688100
vt 0.910789 0.688417
vt 0.945169 0.602052
vt 0.946236 0.602597
vt 0.945169 0.602597
vt 0.909722 0.684275
vt 0.910789 0.681807
vt 0.909722 0.688100
vt 0.801327 0.699684
vt 0.800260 0.699139
vt 0.909722 0.690321
vt 0.910789 0.690321
vt 0.945169 0.599735
vt 0.946236 0.602052
vt 0.810784 0.588352
vt 0.810422 0.586621
vt 0.810784 0.586621
vt 0.834084 0.679348
vt 0.834446 0.681455
vt 0.834084 0.681455
vt 0.810979 0.662617
vt 0.810615 0.660510
vt 0.810977 0.660510
vt 0.810784 0.592119
vt 0.810422 0.591823
vt 0.810784 0.591823
vt 0.810784 0.588641
vt 0.810422 0.588352
vt 0.834084 0.679115
vt 0.834446 0.679348
vt 0.810784 0.594102
vt 0.810422 0.592119
vt 0.810422 0.588641
vt 0.810615 0.660276
vt 0.810977 0.660276
vt 0.907448 0.570918
vt 0.906927 0.572445
vt 0.906927 0.570541
vt 0.909243 0.579055
vt 0.907448 0.578400
vt 0.909555 0.578400
vt 0.909243 0.570293
vt 0.909555 0.570693
vt 0.907448 0.576417
vt 0.906927 0.576261
vt 0.907448 0.576120
vt 0.907448 0.572650
vt 0.906927 0.572762
vt 0.906927 0.576587
vt 0.907448 0.572938
vt 0.909789 0.570668
vt 0.800261 0.702546
vt 0.801327 0.700229
vt 0.801328 0.702546
vt 0.790971 0.688276
vt 0.792038 0.688602
vt 0.790971 0.688602
vt 0.790971 0.692101
vt 0.792038 0.692418
vt 0.790971 0.692418
vt 0.945169 0.603142
vt 0.790971 0.685808
vt 0.792038 0.688276
vt 0.792038 0.692101
vt 0.800260 0.700229
vt 0.792038 0.694322
vt 0.790971 0.694322
vt 0.946236 0.603142
vt 0.945169 0.605460
vt 0.810422 0.595834
vt 0.810422 0.594102
vt 0.834446 0.676774
vt 0.834084 0.678881
vt 0.834084 0.676774
vt 0.810615 0.660043
vt 0.810979 0.657935
vt 0.810977 0.660043
vt 0.810784 0.599304
vt 0.810422 0.599600
vt 0.810422 0.599304
vt 0.810784 0.595834
vt 0.810422 0.596122
vt 0.834446 0.678881
vt 0.810784 0.599600
vt 0.810422 0.601583
vt 0.810784 0.596122
vt 0.853689 0.673610
vt 0.855470 0.672306
vt 0.853892 0.673821
vt 0.913670 0.684223
vt 0.783840 0.687294
vt 0.784117 0.689483
vt 0.783840 0.689483
vt 0.853514 0.673778
vt 0.852314 0.672178
vt 0.913947 0.690881
vt 0.913670 0.688692
vt 0.916897 0.690881
vt 0.916620 0.688692
vt 0.916897 0.688692
vt 0.853717 0.673989
vt 0.856127 0.676150
vt 0.855952 0.676318
vt 0.909558 0.688510
vt 0.909282 0.686321
vt 0.909558 0.686321
vt 0.856335 0.676367
vt 0.856160 0.676535
vt 0.857914 0.674851
vt 0.780740 0.682582
vt 0.781017 0.685809
vt 0.780740 0.685809
vt 0.443870 0.190525
vt 0.441682 0.188245
vt 0.443870 0.188245
vt 0.446614 0.117226
vt 0.444858 0.115038
vt 0.446614 0.115038
vt 0.440638 0.103915
vt 0.438449 0.100688
vt 0.440638 0.100688
vt 0.777472 0.691005
vt 0.777749 0.692990
vt 0.777472 0.692990
vt 0.857914 0.678012
vt 0.857739 0.678180
vt 0.851963 0.675673
vt 0.853339 0.673946
vt 0.853542 0.674157
vt 0.777472 0.686627
vt 0.777749 0.684347
vt 0.777749 0.686627
vt 0.878379 0.690154
vt 0.878656 0.687965
vt 0.878656 0.690154
vt 0.851964 0.672514
vt 0.852122 0.672328
vt 0.869531 0.690783
vt 0.869808 0.688594
vt 0.869808 0.690783
vt 0.777749 0.688816
vt 0.777472 0.688816
vt 0.855777 0.676486
vt 0.815883 0.690550
vt 0.816160 0.688361
vt 0.816160 0.690550
vt 0.855985 0.676703
vt 0.854406 0.678218
vt 0.872743 0.687307
vt 0.873020 0.684080
vt 0.873020 0.687307
vt 0.438699 0.188257
vt 0.436510 0.190537
vt 0.436510 0.188257
vt 0.427749 0.188482
vt 0.425993 0.190670
vt 0.425764 0.188482
vt 0.438671 0.155229
vt 0.440859 0.152001
vt 0.440859 0.155229
vt 0.906352 0.692949
vt 0.906629 0.690964
vt 0.906629 0.692949
vt 0.857564 0.678347
vt 0.860893 0.928935
vt 0.863860 0.927963
vt 0.863860 0.928936
vt 0.851857 0.952946
vt 0.851251 0.953919
vt 0.851251 0.952946
vt 0.945999 0.958320
vt 0.945393 0.961294
vt 0.943251 0.958320
vt 0.968870 0.790635
vt 0.969476 0.793609
vt 0.966728 0.793609
vt 0.851857 0.947107
vt 0.851251 0.948080
vt 0.851251 0.947107
vt 0.092261 0.197785
vt 0.091655 0.198758
vt 0.091655 0.197785
vt 0.851857 0.949053
vt 0.851251 0.950026
vt 0.851251 0.949053
vt 0.092261 0.199731
vt 0.091655 0.200705
vt 0.091655 0.199731
vt 0.851857 0.951000
vt 0.851251 0.951973
vt 0.851251 0.951000
vt 0.092261 0.201678
vt 0.091655 0.202651
vt 0.091655 0.201678
vt 0.860893 0.934774
vt 0.863860 0.933802
vt 0.863860 0.934775
vt 0.101297 0.183506
vt 0.104264 0.182534
vt 0.104264 0.183507
vt 0.860893 0.932827
vt 0.863860 0.931856
vt 0.863860 0.932829
vt 0.101297 0.181559
vt 0.104264 0.180587
vt 0.104264 0.181561
vt 0.860893 0.930881
vt 0.863860 0.929909
vt 0.863860 0.930882
vt 0.101297 0.179613
vt 0.104264 0.178641
vt 0.104264 0.179614
vt 0.939062 0.966600
vt 0.939996 0.963947
vt 0.939996 0.966600
vt 0.893239 0.963693
vt 0.892305 0.966345
vt 0.892305 0.963693
vt 0.959336 0.828757
vt 0.958402 0.834673
vt 0.958402 0.828757
vt 0.822018 0.938886
vt 0.819366 0.932971
vt 0.863546 0.934775
vt 0.866198 0.940691
vt 0.863546 0.940691
vt 0.892112 0.966587
vt 0.892112 0.966345
vt 0.892112 0.963693
vt 0.940189 0.963947
vt 0.940189 0.966600
vt 0.837138 0.852670
vt 0.837331 0.846754
vt 0.837331 0.852670
vt 0.941624 0.825359
vt 0.941865 0.831275
vt 0.941624 0.831275
vt 0.939996 0.966841
vt 0.819366 0.938886
vt 0.819124 0.932971
vt 0.844541 0.966136
vt 0.845475 0.963484
vt 0.845475 0.966136
vt 0.897852 0.966669
vt 0.898786 0.964017
vt 0.898786 0.966669
vt 0.854570 0.963981
vt 0.855504 0.958065
vt 0.855504 0.963981
vt 0.814431 0.938886
vt 0.811779 0.932971
vt 0.814431 0.932971
vt 0.868850 0.940691
vt 0.866198 0.934775
vt 0.868850 0.934775
vt 0.898979 0.963775
vt 0.898979 0.964017
vt 0.898979 0.966669
vt 0.845668 0.963484
vt 0.845668 0.966136
vt 0.837138 0.858586
vt 0.837331 0.858586
vt 0.941667 0.808710
vt 0.941908 0.814625
vt 0.941667 0.814625
vt 0.845475 0.966378
vt 0.811779 0.938886
vt 0.811537 0.932971
vt 0.830645 0.932752
vt 0.833612 0.931781
vt 0.833612 0.932754
vt 0.806838 0.948213
vt 0.807444 0.947240
vt 0.807444 0.948213
vt 0.943059 0.958320
vt 0.942453 0.961294
vt 0.940311 0.958320
vt 0.968870 0.787661
vt 0.969476 0.790635
vt 0.966728 0.790635
vt 0.806838 0.954052
vt 0.807444 0.953079
vt 0.807444 0.954052
vt 0.047242 0.202784
vt 0.047848 0.201811
vt 0.047848 0.202784
vt 0.806838 0.952106
vt 0.807444 0.951133
vt 0.807444 0.952106
vt 0.047242 0.200838
vt 0.047848 0.199864
vt 0.047848 0.200838
vt 0.806838 0.950159
vt 0.807444 0.949186
vt 0.807444 0.950159
vt 0.047242 0.198891
vt 0.047848 0.197918
vt 0.047848 0.198891
vt 0.830645 0.938591
vt 0.833612 0.937620
vt 0.833612 0.938593
vt 0.071049 0.187323
vt 0.074016 0.186351
vt 0.074016 0.187325
vt 0.830645 0.936645
vt 0.833612 0.935673
vt 0.833612 0.936646
vt 0.071049 0.185377
vt 0.074016 0.184405
vt 0.074016 0.185378
vt 0.830645 0.934699
vt 0.833612 0.933727
vt 0.833612 0.934700
vt 0.071049 0.183431
vt 0.074016 0.182459
vt 0.074016 0.183432
vt 0.829301 0.676557
vt 0.827484 0.675303
vt 0.827680 0.675086
vt 0.872460 0.688548
vt 0.872737 0.686360
vt 0.827304 0.675140
vt 0.826150 0.676774
vt 0.825954 0.676630
vt 0.909282 0.690699
vt 0.909282 0.688510
vt 0.915270 0.578978
vt 0.915547 0.575492
vt 0.915547 0.578978
vt 0.827501 0.674924
vt 0.834084 0.684940
vt 0.834360 0.681455
vt 0.834360 0.684940
vt 0.830022 0.672505
vt 0.829842 0.672342
vt 0.293156 0.181304
vt 0.295344 0.177819
vt 0.295344 0.181304
vt 0.446607 0.134106
vt 0.444851 0.136295
vt 0.444622 0.134106
vt 0.872460 0.692722
vt 0.872737 0.692722
vt 0.827321 0.674761
vt 0.825504 0.673507
vt 0.825700 0.673290
vt 0.829663 0.672179
vt 0.815883 0.686173
vt 0.815883 0.688361
vt 0.825791 0.676448
vt 0.827125 0.674978
vt 0.886705 0.690848
vt 0.886428 0.688659
vt 0.886705 0.688659
vt 0.438315 0.137080
vt 0.440503 0.140565
vt 0.438315 0.140565
vt 0.310230 0.191048
vt 0.308474 0.188859
vt 0.310230 0.188859
vt 0.913670 0.690881
vt 0.913947 0.692866
vt 0.913670 0.692866
vt 0.870312 0.672747
vt 0.869791 0.674274
vt 0.869791 0.672370
vt 0.872108 0.678686
vt 0.870312 0.678146
vt 0.872419 0.678146
vt 0.872108 0.672122
vt 0.872419 0.672522
vt 0.869791 0.674591
vt 0.870312 0.674767
vt 0.870312 0.674479
vt 0.872653 0.678686
vt 0.872653 0.678146
vt 0.872653 0.672094
vt 0.872653 0.672497
vt 0.784942 0.701631
vt 0.783876 0.703948
vt 0.903136 0.698294
vt 0.902068 0.694199
vt 0.903136 0.694199
vt 0.902068 0.693882
vt 0.903136 0.693882
vt 0.946431 0.641239
vt 0.945364 0.641785
vt 0.945364 0.641239
vt 0.784943 0.703948
vt 0.783876 0.704493
vt 0.902068 0.691978
vt 0.903136 0.691978
vt 0.946431 0.641785
vt 0.945364 0.644102
vt 0.810615 0.639508
vt 0.810615 0.637776
vt 0.797669 0.679762
vt 0.797669 0.681870
vt 0.810615 0.664724
vt 0.810977 0.664724
vt 0.810977 0.639796
vt 0.810615 0.639796
vt 0.810977 0.639508
vt 0.797306 0.679762
vt 0.797669 0.679529
vt 0.810615 0.664958
vt 0.810977 0.664958
vt 0.874993 0.672747
vt 0.875515 0.674274
vt 0.874993 0.674479
vt 0.874993 0.678146
vt 0.873198 0.678686
vt 0.872886 0.678146
vt 0.873198 0.672122
vt 0.875515 0.672370
vt 0.875515 0.674591
vt 0.874993 0.674767
vt 0.872886 0.672522
vt 0.783875 0.707355
vt 0.784943 0.705038
vt 0.784942 0.707355
vt 0.828083 0.698188
vt 0.829150 0.702283
vt 0.828083 0.702283
vt 0.828083 0.697870
vt 0.829150 0.698188
vt 0.945364 0.640694
vt 0.783876 0.705038
vt 0.828083 0.695967
vt 0.829150 0.697870
vt 0.945364 0.638377
vt 0.946431 0.640694
vt 0.810784 0.618277
vt 0.810422 0.616546
vt 0.810784 0.616546
vt 0.797669 0.679296
vt 0.797306 0.677188
vt 0.797669 0.677188
vt 0.810615 0.665191
vt 0.810977 0.665191
vt 0.810784 0.621944
vt 0.810422 0.618566
vt 0.810784 0.618566
vt 0.810422 0.618277
vt 0.797306 0.679296
vt 0.901724 0.570918
vt 0.901203 0.572445
vt 0.901203 0.570541
vt 0.903520 0.579055
vt 0.901724 0.578400
vt 0.903831 0.578400
vt 0.903520 0.570293
vt 0.903831 0.570693
vt 0.901724 0.576417
vt 0.901203 0.576261
vt 0.901724 0.576120
vt 0.901724 0.572650
vt 0.901203 0.572762
vt 0.904065 0.579055
vt 0.904065 0.578400
vt 0.901203 0.576587
vt 0.901724 0.572938
vt 0.904065 0.570265
vt 0.904065 0.570668
vt 0.862830 0.706470
vt 0.863896 0.704153
vt 0.863897 0.706470
vt 0.785184 0.687424
vt 0.784117 0.687098
vt 0.785184 0.687098
vt 0.785184 0.683599
vt 0.784117 0.683282
vt 0.785184 0.683282
vt 0.903135 0.706164
vt 0.902068 0.706709
vt 0.902068 0.706164
vt 0.785184 0.689892
vt 0.784117 0.687424
vt 0.784117 0.683599
vt 0.862829 0.704153
vt 0.863896 0.703608
vt 0.784117 0.681378
vt 0.785184 0.681378
vt 0.903135 0.706709
vt 0.902068 0.709026
vt 0.810784 0.601583
vt 0.810422 0.603315
vt 0.810615 0.676661
vt 0.810977 0.674554
vt 0.810977 0.676661
vt 0.810615 0.655361
vt 0.810979 0.653254
vt 0.810977 0.655361
vt 0.810784 0.606785
vt 0.810422 0.607082
vt 0.810422 0.606785
vt 0.810784 0.603315
vt 0.810422 0.603603
vt 0.810615 0.674554
vt 0.810977 0.674321
vt 0.810784 0.607082
vt 0.810422 0.609065
vt 0.810784 0.603603
vt 0.810615 0.655595
vt 0.810977 0.655595
vt 0.906405 0.570918
vt 0.906405 0.572650
vt 0.906405 0.578400
vt 0.904610 0.579055
vt 0.904298 0.578400
vt 0.904610 0.570293
vt 0.906405 0.576417
vt 0.906405 0.576120
vt 0.906405 0.572938
vt 0.906927 0.576587
vt 0.904298 0.570693
vt 0.863896 0.703063
vt 0.862830 0.700745
vt 0.863897 0.700745
vt 0.895136 0.691410
vt 0.894069 0.691736
vt 0.894069 0.691410
vt 0.895136 0.687595
vt 0.894069 0.687912
vt 0.894069 0.687595
vt 0.902068 0.705619
vt 0.895136 0.691736
vt 0.894069 0.694205
vt 0.895136 0.687912
vt 0.862829 0.703063
vt 0.895136 0.685691
vt 0.894069 0.685691
vt 0.902068 0.703302
vt 0.903135 0.705619
vt 0.810977 0.626628
vt 0.810615 0.624897
vt 0.810977 0.624897
vt 0.810977 0.674087
vt 0.810615 0.671980
vt 0.810977 0.671980
vt 0.810615 0.655828
vt 0.810977 0.655828
vt 0.810977 0.630395
vt 0.810615 0.630099
vt 0.810977 0.630099
vt 0.810977 0.626917
vt 0.810615 0.626628
vt 0.810615 0.674087
vt 0.810615 0.630395
vt 0.810615 0.626917
vt 0.861624 0.678136
vt 0.859842 0.676832
vt 0.860045 0.676621
vt 0.919560 0.686503
vt 0.919837 0.684223
vt 0.919837 0.686503
vt 0.906189 0.690699
vt 0.906466 0.690699
vt 0.859667 0.676664
vt 0.858467 0.678264
vt 0.858275 0.678114
vt 0.788113 0.689808
vt 0.787836 0.691996
vt 0.787836 0.689808
vt 0.846131 0.689517
vt 0.846408 0.687329
vt 0.846408 0.689517
vt 0.862280 0.674292
vt 0.859870 0.676453
vt 0.862105 0.674124
vt 0.862488 0.674075
vt 0.862313 0.673907
vt 0.864067 0.675591
vt 0.825227 0.685574
vt 0.825504 0.682346
vt 0.825504 0.685574
vt 0.438262 0.142937
vt 0.440451 0.140657
vt 0.440451 0.142937
vt 0.428337 0.190461
vt 0.430093 0.188272
vt 0.430322 0.190461
vt 0.440835 0.147487
vt 0.438646 0.150714
vt 0.438646 0.147487
vt 0.903537 0.690964
vt 0.903260 0.692949
vt 0.903260 0.690964
vt 0.864067 0.672430
vt 0.863892 0.672262
vt 0.859492 0.676496
vt 0.858116 0.674769
vt 0.859695 0.676285
vt 0.903101 0.686049
vt 0.903378 0.688329
vt 0.903101 0.688329
vt 0.916620 0.686503
vt 0.916897 0.686503
vt 0.858118 0.677928
vt 0.878656 0.692343
vt 0.878379 0.692343
vt 0.807258 0.691703
vt 0.806981 0.689514
vt 0.807258 0.689514
vt 0.861930 0.673956
vt 0.863694 0.687617
vt 0.863971 0.689805
vt 0.862138 0.673739
vt 0.860560 0.672224
vt 0.903101 0.682821
vt 0.903378 0.686049
vt 0.433271 0.190537
vt 0.431083 0.188257
vt 0.433271 0.188257
vt 0.444590 0.128775
vt 0.446346 0.130964
vt 0.444590 0.130964
vt 0.295344 0.184532
vt 0.916620 0.690881
vt 0.916897 0.692866
vt 0.916620 0.692866
vt 0.863717 0.672094
vt 0.866827 0.927962
vt 0.869794 0.928936
vt 0.866827 0.928935
vt 0.818998 0.948402
vt 0.818392 0.947429
vt 0.818998 0.947429
vt 0.803884 0.961418
vt 0.803278 0.958444
vt 0.803884 0.958444
vt 0.968928 0.866523
vt 0.968322 0.869497
vt 0.818998 0.942563
vt 0.818392 0.941590
vt 0.818998 0.941590
vt 0.059402 0.193241
vt 0.058795 0.192268
vt 0.059402 0.192268
vt 0.818998 0.944509
vt 0.818392 0.943536
vt 0.818998 0.943536
vt 0.059402 0.195188
vt 0.058795 0.194214
vt 0.059402 0.194214
vt 0.818998 0.946456
vt 0.818392 0.945483
vt 0.818998 0.945483
vt 0.059402 0.197134
vt 0.058795 0.196161
vt 0.059402 0.196161
vt 0.866827 0.933801
vt 0.869794 0.934775
vt 0.866827 0.934774
vt 0.107231 0.182532
vt 0.110198 0.183507
vt 0.107231 0.183506
vt 0.866827 0.931854
vt 0.869794 0.932829
vt 0.866827 0.932827
vt 0.107231 0.180586
vt 0.110198 0.181561
vt 0.107231 0.181559
vt 0.866827 0.929908
vt 0.869794 0.930882
vt 0.866827 0.930881
vt 0.107231 0.178640
vt 0.110198 0.179614
vt 0.107231 0.179613
vt 0.904436 0.966457
vt 0.903502 0.963804
vt 0.904436 0.963804
vt 0.945876 0.966655
vt 0.944942 0.964003
vt 0.945876 0.964003
vt 0.972819 0.810214
vt 0.971885 0.804298
vt 0.798064 0.933399
vt 0.795412 0.933399
vt 0.798306 0.939315
vt 0.800958 0.933399
vt 0.800958 0.939315
vt 0.946069 0.966897
vt 0.946069 0.966655
vt 0.946069 0.964003
vt 0.904629 0.966457
vt 0.904629 0.963804
vt 0.837331 0.840838
vt 0.837138 0.834922
vt 0.837331 0.834922
vt 0.872688 0.934775
vt 0.872447 0.940691
vt 0.872447 0.934775
vt 0.904436 0.963563
vt 0.798306 0.933399
vt 0.798064 0.939315
vt 0.951926 0.941773
vt 0.952860 0.944426
vt 0.951926 0.944426
vt 0.942936 0.966590
vt 0.942002 0.963937
vt 0.942936 0.963937
vt 0.878099 0.961184
vt 0.877165 0.955269
vt 0.878099 0.955269
vt 0.817083 0.932971
vt 0.814431 0.932971
vt 0.869794 0.940691
vt 0.943129 0.966831
vt 0.943129 0.966590
vt 0.943129 0.963937
vt 0.951733 0.941773
vt 0.951733 0.944426
vt 0.837138 0.840838
vt 0.837138 0.846754
vt 0.941667 0.820541
vt 0.951926 0.944668
vt 0.817325 0.932971
vt 0.817083 0.938886
vt 0.872761 0.934775
vt 0.869794 0.933801
vt 0.872761 0.933802
vt 0.845855 0.932735
vt 0.846461 0.933708
vt 0.845855 0.933708
vt 0.877128 0.961727
vt 0.876521 0.958753
vt 0.877128 0.958753
vt 0.940119 0.958320
vt 0.939513 0.961294
vt 0.845855 0.938574
vt 0.846461 0.939547
vt 0.845855 0.939547
vt 0.086258 0.187306
vt 0.086865 0.188279
vt 0.086258 0.188279
vt 0.845855 0.936628
vt 0.846461 0.937601
vt 0.845855 0.937601
vt 0.086258 0.185360
vt 0.086865 0.186333
vt 0.086258 0.186333
vt 0.845855 0.934681
vt 0.846461 0.935655
vt 0.845855 0.935655
vt 0.086258 0.183413
vt 0.086865 0.184386
vt 0.086258 0.184386
vt 0.872761 0.928936
vt 0.869794 0.927962
vt 0.872761 0.927963
vt 0.113165 0.179614
vt 0.110198 0.178640
vt 0.113165 0.178641
vt 0.872761 0.930882
vt 0.869794 0.929908
vt 0.872761 0.929909
vt 0.113165 0.181561
vt 0.110198 0.180586
vt 0.113165 0.180587
vt 0.872761 0.932829
vt 0.869794 0.931854
vt 0.872761 0.931856
vt 0.113165 0.183507
vt 0.110198 0.182532
vt 0.113165 0.182534
vt 0.168548 0.879990
vt 0.206363 0.852230
vt 0.206363 0.866592
vt 0.769580 0.676964
vt 0.769058 0.675437
vt 0.769580 0.675233
vt 0.769580 0.669483
vt 0.771375 0.668827
vt 0.771687 0.669483
vt 0.771375 0.677589
vt 0.769058 0.677341
vt 0.769058 0.671622
vt 0.769580 0.671466
vt 0.769580 0.671762
vt 0.769058 0.675120
vt 0.769580 0.674944
vt 0.771920 0.668827
vt 0.771920 0.669483
vt 0.769058 0.671296
vt 0.771687 0.677190
vt 0.771920 0.677617
vt 0.801327 0.704864
vt 0.800261 0.702547
vt 0.801328 0.702547
vt 0.902034 0.685616
vt 0.903101 0.685290
vt 0.903101 0.685616
vt 0.902034 0.689432
vt 0.903101 0.689114
vt 0.903101 0.689432
vt 0.945346 0.660263
vt 0.946413 0.660808
vt 0.945346 0.660808
vt 0.902034 0.685290
vt 0.903101 0.682821
vt 0.902034 0.689114
vt 0.801327 0.705409
vt 0.800260 0.704864
vt 0.902034 0.691335
vt 0.903101 0.691335
vt 0.946413 0.657946
vt 0.946413 0.660263
vt 0.810784 0.610796
vt 0.810784 0.609065
vt 0.810615 0.679235
vt 0.810977 0.681343
vt 0.810615 0.681343
vt 0.810979 0.650680
vt 0.810617 0.650680
vt 0.810784 0.614563
vt 0.810422 0.614266
vt 0.810784 0.614266
vt 0.810784 0.611084
vt 0.810422 0.610796
vt 0.810615 0.679002
vt 0.810977 0.679235
vt 0.810422 0.614563
vt 0.810422 0.611084
vt 0.810979 0.650913
vt 0.810617 0.650913
vt 0.774261 0.676964
vt 0.774782 0.675437
vt 0.774782 0.677341
vt 0.772465 0.668827
vt 0.774261 0.669483
vt 0.772154 0.669483
vt 0.772465 0.677589
vt 0.772154 0.677190
vt 0.774261 0.671466
vt 0.774782 0.671622
vt 0.774261 0.671762
vt 0.774261 0.675233
vt 0.774782 0.675120
vt 0.774782 0.671296
vt 0.774261 0.674944
vt 0.771920 0.677215
vt 0.800261 0.708271
vt 0.801327 0.705954
vt 0.801328 0.708271
vt 0.850678 0.687125
vt 0.851745 0.687451
vt 0.850678 0.687451
vt 0.850678 0.690949
vt 0.851745 0.691267
vt 0.850678 0.691267
vt 0.945346 0.661354
vt 0.850678 0.684656
vt 0.851745 0.687125
vt 0.851745 0.690949
vt 0.800260 0.705954
vt 0.946413 0.661354
vt 0.945346 0.663671
vt 0.810784 0.579140
vt 0.810422 0.580871
vt 0.810422 0.579140
vt 0.810615 0.678769
vt 0.810979 0.651147
vt 0.810615 0.653254
vt 0.810617 0.651147
vt 0.810784 0.584342
vt 0.810422 0.584638
vt 0.810422 0.584342
vt 0.810784 0.580871
vt 0.810422 0.581160
vt 0.810977 0.678769
vt 0.810784 0.584638
vt 0.810784 0.581160
vt 0.805870 0.674145
vt 0.804494 0.672419
vt 0.806073 0.673934
vt 0.872460 0.684080
vt 0.872737 0.686360
vt 0.872460 0.686360
vt 0.806981 0.687326
vt 0.806045 0.674313
vt 0.804495 0.675578
vt 0.919837 0.690881
vt 0.919560 0.688692
vt 0.919837 0.688692
vt 0.801302 0.689340
vt 0.801579 0.691529
vt 0.801302 0.691529
vt 0.808483 0.671774
vt 0.808308 0.671606
vt 0.903378 0.690518
vt 0.903101 0.690518
vt 0.806248 0.674102
vt 0.808516 0.671389
vt 0.808691 0.671557
vt 0.806937 0.669873
vt 0.828876 0.682167
vt 0.829153 0.685395
vt 0.828876 0.685395
vt 0.441278 0.190537
vt 0.439090 0.188257
vt 0.441278 0.188257
vt 0.312883 0.191048
vt 0.311127 0.188859
vt 0.312883 0.188859
vt 0.440705 0.050358
vt 0.438516 0.047131
vt 0.440705 0.047131
vt 0.869808 0.692768
vt 0.869531 0.692768
vt 0.810095 0.669744
vt 0.810270 0.669912
vt 0.808001 0.675786
vt 0.806220 0.674481
vt 0.806423 0.674270
vt 0.916897 0.684223
vt 0.788113 0.687619
vt 0.787836 0.687619
vt 0.804845 0.675913
vt 0.804653 0.675764
vt 0.846131 0.687329
vt 0.846408 0.685140
vt 0.925170 0.691590
vt 0.925447 0.689401
vt 0.925447 0.691590
vt 0.808658 0.671942
vt 0.808866 0.671725
vt 0.810445 0.673240
vt 0.828600 0.685395
vt 0.433785 0.190537
vt 0.435974 0.188257
vt 0.435974 0.190537
vt 0.391138 0.188398
vt 0.389382 0.190587
vt 0.389153 0.188398
vt 0.440825 0.156771
vt 0.438636 0.159999
vt 0.438636 0.156771
vt 0.815883 0.692535
vt 0.816160 0.692535
vt 0.810445 0.670080
vt 0.863860 0.928935
vt 0.866827 0.927963
vt 0.866827 0.928936
vt 0.845257 0.947784
vt 0.845863 0.946811
vt 0.845863 0.947784
vt 0.966180 0.864983
vt 0.966786 0.862008
vt 0.968928 0.864983
vt 0.968533 0.919608
vt 0.969139 0.922583
vt 0.966391 0.922583
vt 0.845257 0.953623
vt 0.845863 0.952649
vt 0.845863 0.953623
vt 0.085661 0.202354
vt 0.086267 0.201381
vt 0.086267 0.202354
vt 0.845257 0.951676
vt 0.845863 0.950703
vt 0.845863 0.951676
vt 0.085661 0.200408
vt 0.086267 0.199435
vt 0.086267 0.200408
vt 0.845257 0.949730
vt 0.845863 0.948757
vt 0.845863 0.949730
vt 0.085661 0.198462
vt 0.086267 0.197489
vt 0.086267 0.198462
vt 0.863860 0.934774
vt 0.866827 0.933802
vt 0.866827 0.934775
vt 0.104264 0.183506
vt 0.107231 0.182534
vt 0.107231 0.183507
vt 0.863860 0.932827
vt 0.866827 0.931856
vt 0.866827 0.932829
vt 0.104264 0.181559
vt 0.107231 0.180587
vt 0.107231 0.181561
vt 0.863860 0.930881
vt 0.866827 0.929909
vt 0.866827 0.930882
vt 0.104264 0.179613
vt 0.107231 0.178641
vt 0.107231 0.179614
vt 0.854377 0.966634
vt 0.855311 0.963981
vt 0.855311 0.966634
vt 0.956270 0.877702
vt 0.955336 0.880355
vt 0.955336 0.877702
vt 0.972820 0.814749
vt 0.971885 0.820665
vt 0.878114 0.934130
vt 0.880766 0.940046
vt 0.878114 0.940046
vt 0.860893 0.934775
vt 0.860893 0.940691
vt 0.955143 0.880596
vt 0.955143 0.880355
vt 0.955143 0.877702
vt 0.855504 0.966634
vt 0.837138 0.864501
vt 0.837331 0.864501
vt 0.810470 0.943076
vt 0.810229 0.937161
vt 0.810470 0.937161
vt 0.855311 0.966875
vt 0.880766 0.934130
vt 0.881007 0.940046
vt 0.121411 0.184286
vt 0.124396 0.188777
vt 0.121411 0.188777
vt 0.204553 0.073484
vt 0.207537 0.076546
vt 0.204553 0.076546
vt 0.130367 0.188777
vt 0.127382 0.184286
vt 0.130367 0.184286
vt 0.203171 0.187767
vt 0.206156 0.190829
vt 0.203171 0.190829
vt 0.133808 0.184173
vt 0.136793 0.189567
vt 0.133808 0.189567
vt 0.044506 0.183127
vt 0.044786 0.182676
vt 0.047848 0.182676
vt 0.313911 0.698802
vt 0.314674 0.697808
vt 0.314673 0.698802
vt 0.399513 0.673574
vt 0.398755 0.674566
vt 0.398751 0.673574
vt 0.399516 0.674566
vt 0.398751 0.675558
vt 0.342207 0.697879
vt 0.341444 0.698874
vt 0.341445 0.697879
vt 0.342206 0.698874
vt 0.341445 0.699863
vt 0.423411 0.695245
vt 0.422648 0.696237
vt 0.422649 0.695245
vt 0.469190 0.606385
vt 0.469949 0.607144
vt 0.467357 0.608218
vt 0.423411 0.697229
vt 0.422649 0.697229
vt 0.313912 0.699792
vt 0.314674 0.699792
vt 0.462731 0.694889
vt 0.461971 0.696722
vt 0.460139 0.695962
vt 0.124396 0.183835
vt 0.124396 0.184286
vt 0.121412 0.189228
vt 0.095602 0.182713
vt 0.095882 0.182261
vt 0.098944 0.182261
vt 0.197055 0.170497
vt 0.200040 0.173559
vt 0.197055 0.173559
vt 0.194071 0.170497
vt 0.197056 0.173559
vt 0.194071 0.173559
vt 0.139777 0.189567
vt 0.136793 0.184173
vt 0.139777 0.184173
vt 0.086258 0.187382
vt 0.085979 0.187834
vt 0.082917 0.187834
vt 0.373807 0.697171
vt 0.374569 0.696177
vt 0.374569 0.697171
vt 0.372085 0.676124
vt 0.371320 0.675132
vt 0.372081 0.675132
vt 0.371323 0.674140
vt 0.372085 0.674140
vt 0.363694 0.698133
vt 0.362931 0.699127
vt 0.362932 0.698133
vt 0.363693 0.699127
vt 0.362932 0.700117
vt 0.469758 0.633684
vt 0.470521 0.632692
vt 0.470520 0.633684
vt 0.371905 0.695456
vt 0.371145 0.696215
vt 0.370072 0.693623
vt 0.469759 0.632692
vt 0.470520 0.631700
vt 0.373808 0.698161
vt 0.374569 0.698161
vt 0.467276 0.696722
vt 0.465443 0.695963
vt 0.466202 0.694130
vt 0.127382 0.189228
vt 0.127382 0.188777
vt 0.130366 0.183835
vt 0.074016 0.181936
vt 0.074295 0.181484
vt 0.077357 0.181484
vt 0.127382 0.188777
vt 0.124397 0.184286
vt 0.127382 0.184286
vt 0.203071 0.081286
vt 0.206055 0.084349
vt 0.203071 0.084349
vt 0.204004 0.120743
vt 0.206988 0.123805
vt 0.204004 0.123805
vt 0.130824 0.184173
vt 0.130824 0.189567
vt 0.088920 0.182891
vt 0.089199 0.182440
vt 0.092261 0.182440
vt 0.426864 0.698461
vt 0.427626 0.697466
vt 0.427626 0.698461
vt 0.342838 0.687423
vt 0.343596 0.686431
vt 0.343600 0.687423
vt 0.342838 0.685439
vt 0.343600 0.685439
vt 0.374569 0.698161
vt 0.373807 0.699155
vt 0.373808 0.698161
vt 0.374569 0.699155
vt 0.373808 0.700145
vt 0.305167 0.695007
vt 0.304404 0.695999
vt 0.304405 0.695007
vt 0.358630 0.694337
vt 0.359389 0.693578
vt 0.360462 0.696170
vt 0.305166 0.695999
vt 0.304405 0.696991
vt 0.426865 0.699450
vt 0.427626 0.699450
vt 0.457436 0.695962
vt 0.458195 0.694129
vt 0.460028 0.694888
vt 0.124396 0.189228
vt 0.124397 0.188777
vt 0.127381 0.183835
vt 0.092261 0.182713
vt 0.092541 0.182261
vt 0.095602 0.182261
vt 0.451710 0.861505
vt 0.448733 0.824767
vt 0.452250 0.861453
vt 0.454203 0.813164
vt 0.455658 0.776334
vt 0.454826 0.813178
vt 0.449669 0.869412
vt 0.445203 0.905998
vt 0.449133 0.869354
vt 0.450207 0.869469
vt 0.445739 0.906055
vt 0.455051 0.869702
vt 0.455275 0.906561
vt 0.454428 0.869717
vt 0.449268 0.824716
vt 0.452784 0.861401
vt 0.449799 0.868215
vt 0.454609 0.814198
vt 0.454833 0.868683
vt 0.451776 0.862167
vt 0.452851 0.862064
vt 0.378175 0.821498
vt 0.378485 0.820959
vt 0.378484 0.821498
vt 0.455896 0.868215
vt 0.455352 0.869029
vt 0.376276 0.821215
vt 0.375737 0.822284
vt 0.375737 0.820958
vt 0.375196 0.821214
vt 0.375196 0.822285
vt 0.455127 0.813851
vt 0.455672 0.814665
vt 0.378485 0.822039
vt 0.377921 0.822038
vt 0.448401 0.823734
vt 0.448888 0.823974
vt 0.455061 0.775259
vt 0.455684 0.775273
vt 0.445399 0.907085
vt 0.445884 0.906851
vt 0.446277 0.906113
vt 0.446371 0.906616
vt 0.455909 0.907036
vt 0.455286 0.907050
vt 0.449368 0.824214
vt 0.449182 0.907202
vt 0.450317 0.907873
vt 0.449120 0.907738
vt 0.302377 0.934876
vt 0.301998 0.933905
vt 0.302565 0.934164
vt 0.318756 0.931093
vt 0.318334 0.932046
vt 0.318149 0.930951
vt 0.452133 0.823123
vt 0.452741 0.822518
vt 0.452620 0.823073
vt 0.449060 0.908275
vt 0.450079 0.908390
vt 0.452851 0.823592
vt 0.452185 0.823660
vt 0.377610 0.821501
vt 0.377356 0.822040
vt 0.318913 0.931813
vt 0.319279 0.932721
vt 0.371418 0.820959
vt 0.371956 0.822029
vt 0.371418 0.822286
vt 0.370877 0.822032
vt 0.302972 0.933273
vt 0.377921 0.820958
vt 0.377356 0.820960
vt 0.449781 0.823409
vt 0.449833 0.823946
vt 0.318797 0.928168
vt 0.319294 0.928785
vt 0.318687 0.928643
vt 0.446771 0.907426
vt 0.446833 0.906889
vt 0.446711 0.907962
vt 0.303073 0.938581
vt 0.302199 0.937320
vt 0.302812 0.937205
vt 0.449724 0.822872
vt 0.452076 0.822586
vt 0.301764 0.934991
vt 0.406113 0.927333
vt 0.406650 0.931374
vt 0.406113 0.931374
vt 0.440108 0.924392
vt 0.440731 0.928432
vt 0.440108 0.928432
vt 0.443314 0.916977
vt 0.442773 0.912937
vt 0.443314 0.912937
vt 0.442773 0.916977
vt 0.442234 0.912937
vt 0.320631 0.924866
vt 0.321254 0.928907
vt 0.320631 0.928907
vt 0.405570 0.927333
vt 0.405570 0.931374
vt 0.442774 0.911733
vt 0.440302 0.929457
vt 0.439792 0.929099
vt 0.321060 0.929931
vt 0.406653 0.932040
vt 0.406115 0.931861
vt 0.443315 0.911912
vt 0.405573 0.932040
vt 0.379304 0.821498
vt 0.379614 0.822039
vt 0.379049 0.822038
vt 0.321570 0.929573
vt 0.376816 0.820960
vt 0.377356 0.822030
vt 0.376816 0.822286
vt 0.376276 0.822030
vt 0.439229 0.929899
vt 0.379614 0.820959
vt 0.379049 0.820958
vt 0.406650 0.916141
vt 0.406113 0.916141
vt 0.440731 0.913200
vt 0.440108 0.913200
vt 0.442773 0.928169
vt 0.443314 0.928169
vt 0.442234 0.928169
vt 0.321254 0.913675
vt 0.320631 0.913675
vt 0.405570 0.916141
vt 0.442774 0.929372
vt 0.440302 0.912176
vt 0.321060 0.912651
vt 0.406653 0.915475
vt 0.405573 0.915475
vt 0.380432 0.821498
vt 0.380742 0.820959
vt 0.380741 0.821498
vt 0.322133 0.912208
vt 0.321570 0.913009
vt 0.374116 0.821215
vt 0.373577 0.822284
vt 0.373577 0.820958
vt 0.373036 0.821214
vt 0.373036 0.822285
vt 0.439792 0.912534
vt 0.439229 0.911733
vt 0.380742 0.822039
vt 0.380178 0.822038
vt 0.404857 0.920182
vt 0.404320 0.916141
vt 0.404857 0.916141
vt 0.438605 0.924392
vt 0.439229 0.928432
vt 0.438605 0.928432
vt 0.444395 0.912937
vt 0.443854 0.916977
vt 0.443854 0.912937
vt 0.443315 0.912937
vt 0.440731 0.924392
vt 0.441355 0.928432
vt 0.405400 0.916141
vt 0.443855 0.911733
vt 0.438799 0.929457
vt 0.438289 0.929099
vt 0.441160 0.929457
vt 0.404317 0.915475
vt 0.404855 0.915654
vt 0.444396 0.911912
vt 0.405397 0.915475
vt 0.378795 0.821499
vt 0.378485 0.820958
vt 0.379049 0.820959
vt 0.441671 0.929099
vt 0.442234 0.929899
vt 0.374657 0.822284
vt 0.374116 0.821214
vt 0.374657 0.820958
vt 0.375196 0.821215
vt 0.437726 0.929899
vt 0.378485 0.822038
vt 0.379049 0.822039
vt 0.404320 0.931374
vt 0.404857 0.931374
vt 0.439229 0.913200
vt 0.438605 0.913200
vt 0.443854 0.928169
vt 0.444395 0.916977
vt 0.444395 0.928169
vt 0.443315 0.916977
vt 0.441355 0.913200
vt 0.405400 0.920182
vt 0.405400 0.931374
vt 0.443855 0.929372
vt 0.443315 0.928169
vt 0.438799 0.912176
vt 0.441160 0.912176
vt 0.404317 0.932040
vt 0.405397 0.932040
vt 0.379868 0.821498
vt 0.380178 0.820959
vt 0.380177 0.821498
vt 0.442234 0.911733
vt 0.441671 0.912534
vt 0.373036 0.821215
vt 0.372497 0.822284
vt 0.372497 0.820958
vt 0.371956 0.821214
vt 0.371956 0.822285
vt 0.438289 0.912534
vt 0.437726 0.911733
vt 0.380178 0.822039
vt 0.379614 0.822038
vt 0.409458 0.662544
vt 0.409458 0.649294
vt 0.409458 0.655843
vt 0.409458 0.659249
vt 0.339547 0.663516
vt 0.303259 0.661226
vt 0.330372 0.593340
vt 0.339695 0.656800
vt 0.429146 0.666169
vt 0.407098 0.651942
vt 0.317130 0.657036
vt 0.430228 0.661654
vt 0.382380 0.558879
vt 0.344654 0.656508
vt 0.406341 0.672889
vt 0.288708 0.185736
vt 0.406945 0.183506
vt 0.395545 0.057891
vt 0.430370 0.661654
vt 0.312062 0.663389
vt 0.353972 0.660715
vt 0.422904 0.662669
vt 0.386403 0.668021
vt 0.380064 0.663588
vt 0.394101 0.658534
vt 0.370440 0.649515
vt 0.449974 0.648200
vt 0.347595 0.673819
vt 0.407098 0.667424
vt 0.444581 0.666366
vt 0.434988 0.548796
vt 0.365847 0.652027
vt 0.426676 0.540417
vt 0.430376 0.665748
vt 0.426676 0.547119
vt 0.317022 0.663761
vt 0.426676 0.543824
vt 0.312210 0.657036
vt 0.294221 0.657464
vt 0.330224 0.601915
vt 0.371188 0.659067
vt 0.329967 0.651671
vt 0.379835 0.667682
vt 0.361936 0.658840
vt 0.339982 0.652318
vt 0.316865 0.674150
vt 0.442748 0.108062
vt 0.282920 0.156322
vt 0.370266 0.649515
vt 0.383144 0.662288
vt 0.383506 0.662876
vt 0.377024 0.663588
vt 0.362068 0.658840
vt 0.370005 0.649515
vt 0.414575 0.672828
vt 0.426676 0.533869
vt 0.348593 0.667286
vt 0.374000 0.668198
vt 0.426053 0.667927
vt 0.382641 0.558879
vt 0.330459 0.601136
vt 0.804103 0.940130
vt 0.878081 0.919238
vt 0.118485 0.169916
vt 0.878081 0.921184
vt 0.118485 0.171862
vt 0.878081 0.923130
vt 0.118485 0.173809
vt 0.878081 0.924104
vt 0.044506 0.185512
vt 0.804103 0.936780
vt 0.044506 0.186485
vt 0.804103 0.938726
vt 0.044506 0.189405
vt 0.804103 0.927970
vt 0.804103 0.933820
vt 0.878081 0.929984
vt 0.118485 0.178715
vt 0.878081 0.928037
vt 0.118485 0.176769
vt 0.878081 0.926091
vt 0.118485 0.174823
vt 0.044506 0.182551
vt 0.804103 0.931873
vt 0.044506 0.180605
vt 0.804103 0.929927
vt 0.044506 0.178659
vt 0.804103 0.924611
vt 0.880862 0.961334
vt 0.878081 0.933897
vt 0.118485 0.182628
vt 0.878081 0.931950
vt 0.118485 0.180672
vt 0.044506 0.176692
vt 0.804103 0.926014
vt 0.044506 0.174746
vt 0.459910 0.925660
vt 0.460310 0.830540
vt 0.377848 0.936279
vt 0.327800 0.934851
vt 0.319481 0.935016
vt 0.380495 0.948402
vt 0.365915 0.932679
vt 0.322157 0.951018
vt 0.399125 0.925748
vt 0.355081 0.937574
vt 0.448490 0.949939
vt 0.460463 0.854122
vt 0.295638 0.930478
vt 0.301632 0.930196
vt 0.421426 0.950669
vt 0.390694 0.948524
vt 0.419923 0.944389
vt 0.401841 0.948049
vt 0.298980 0.948183
vt 0.390349 0.927460
vt 0.393346 0.948508
vt 0.444632 0.812986
vt 0.451235 0.949911
vt 0.460463 0.849607
vt 0.372543 0.931637
vt 0.347042 0.939350
vt 0.461668 0.936367
vt 0.428907 0.932246
vt 0.460163 0.822518
vt 0.310608 0.931000
vt 0.428907 0.951545
vt 0.458969 0.942744
vt 0.286947 0.951039
vt 0.460166 0.831548
vt 0.384712 0.931975
vt 0.298980 0.939481
vt 0.308672 0.948358
vt 0.437438 0.936889
vt 0.331050 0.938838
vt 0.424078 0.929702
vt 0.459243 0.949912
vt 0.381956 0.931975
vt 0.340051 0.951084
vt 0.306019 0.931000
vt 0.443031 0.948214
vt 0.437726 0.950867
vt 0.445988 0.929072
vt 0.445988 0.937424
vt 0.355081 0.928289
vt 0.352347 0.930065
vt 0.448640 0.938356
vt 0.411958 0.933714
vt 0.333703 0.947874
vt 0.295324 0.937013
vt 0.363982 0.928289
vt 0.313260 0.948378
vt 0.401841 0.948050
vt 0.372302 0.936929
vt 0.431846 0.932246
vt 0.355081 0.932932
vt 0.318149 0.928079
vt 0.417271 0.948375
vt 0.305725 0.948412
vt 0.384902 0.948638
vt 0.328398 0.950526
vt 0.303073 0.931000
vt 0.451076 0.911733
vt 0.333703 0.929553
vt 0.462947 0.835735
vt 0.461886 0.817317
vt 0.289799 0.931428
vt 0.440378 0.939184
vt 0.463058 0.848840
vt 0.459000 0.929072
vt 0.322157 0.944379
vt 0.416594 0.944389
vt 0.399125 0.948049
vt 0.460513 0.887896
vt 0.340051 0.934885
vt 0.409305 0.950065
vt 0.390751 0.931346
vt 0.363038 0.937574
vt 0.460163 0.827823
vt 0.448193 0.866810
vt 0.456590 0.949912
vt 0.413942 0.935359
vt 0.437439 0.927604
vt 0.381956 0.948638
vt 0.424518 0.948022
vt 0.286947 0.931428
vt 0.340051 0.929767
vt 0.337399 0.950733
vt 0.390349 0.951374
vt 0.372543 0.951247
vt 0.419923 0.935359
vt 0.406653 0.938356
vt 0.352347 0.948381
vt 0.462631 0.819180
vt 0.334049 0.930242
vt 0.349695 0.939350
vt 0.393404 0.931346
vt 0.409305 0.947413
vt 0.322157 0.930707
vt 0.357733 0.937574
vt 0.399124 0.950903
vt 0.292326 0.950846
vt 0.440378 0.939184
vt 0.343393 0.951031
vt 0.437726 0.929899
vt 0.401777 0.950701
vt 0.447285 0.822271
vt 0.404317 0.935033
vt 0.459016 0.940882
vt 0.347042 0.948379
vt 0.319418 0.948234
vt 0.399197 0.935033
vt 0.360386 0.937574
vt 0.334049 0.951082
vt 0.796248 0.880705
vt 0.833512 0.880705
vt 0.834349 0.881541
vt 0.833512 0.924609
vt 0.796248 0.924609
vt 0.197287 0.074263
vt 0.162813 0.174668
vt 0.160479 0.038193
vt 0.189802 0.074263
vt 0.193029 0.144604
vt 0.177775 0.187294
vt 0.068059 0.202309
vt 0.129368 0.193743
vt 0.858159 0.968463
vt 0.860336 0.966015
vt 0.842513 0.956316
vt 0.798138 0.960595
vt 0.975057 0.819264
vt 0.917770 0.950758
vt 0.927255 0.830349
vt 0.895058 0.966328
vt 0.936075 0.942104
vt 0.922513 0.952276
vt 0.811296 0.967652
vt 0.889183 0.966767
vt 0.969527 0.891403
vt 0.850963 0.960833
vt 0.951382 0.963268
vt 0.951800 0.961718
vt 0.896161 0.944377
vt 0.886312 0.953195
vt 0.888884 0.957710
vt 0.969120 0.916340
vt 0.952563 0.877702
vt 0.905009 0.947435
vt 0.860893 0.959005
vt 0.821652 0.952559
vt 0.954381 0.965130
vt 0.971912 0.873701
vt 0.962402 0.955146
vt 0.966180 0.858589
vt 0.969308 0.807141
vt 0.893000 0.958049
vt 0.874379 0.949723
vt 0.932981 0.942104
vt 0.969255 0.879916
vt 0.945830 0.964003
vt 0.836863 0.937440
vt 0.957105 0.941473
vt 0.924986 0.952276
vt 0.966953 0.887888
vt 0.970359 0.962241
vt 0.939587 0.880529
vt 0.881007 0.944038
vt 0.905009 0.937355
vt 0.837377 0.927962
vt 0.871430 0.961762
vt 0.926690 0.880557
vt 0.912782 0.927877
vt 0.874155 0.949976
vt 0.798306 0.943830
vt 0.889734 0.944038
vt 0.868771 0.961728
vt 0.797859 0.966020
vt 0.907623 0.927877
vt 0.967480 0.955146
vt 0.946190 0.951586
vt 0.889048 0.960803
vt 0.886238 0.957710
vt 0.966952 0.885132
vt 0.939004 0.825359
vt 0.877470 0.935002
vt 0.941917 0.825388
vt 0.965652 0.831581
vt 0.966728 0.804298
vt 0.966950 0.904230
vt 0.851858 0.937950
vt 0.964149 0.810235
vt 0.886749 0.939523
vt 0.970132 0.946116
vt 0.920349 0.962467
vt 0.890420 0.944377
vt 0.845863 0.951453
vt 0.866083 0.964373
vt 0.928241 0.966009
vt 0.814532 0.963412
vt 0.907725 0.956464
vt 0.935562 0.951388
vt 0.969432 0.903900
vt 0.811537 0.963466
vt 0.868851 0.954490
vt 0.939903 0.949290
vt 0.830462 0.956447
vt 0.881007 0.957710
vt 0.798138 0.965827
vt 0.807444 0.965817
vt 0.964734 0.928650
vt 0.974937 0.819348
vt 0.974792 0.962256
vt 0.896161 0.958176
vt 0.901811 0.960910
vt 0.822018 0.945080
vt 0.972050 0.913332
vt 0.914927 0.961123
vt 0.966728 0.796690
vt 0.871576 0.954550
vt 0.899216 0.957420
vt 0.848311 0.960482
vt 0.954503 0.955279
vt 0.911996 0.968131
vt 0.845563 0.942168
vt 0.890420 0.961040
vt 0.975532 0.897210
vt 0.957105 0.950630
vt 0.807093 0.938364
vt 0.873267 0.967035
vt 0.810192 0.968232
vt 0.833612 0.943108
vt 0.928315 0.947761
vt 0.975648 0.924122
vt 0.974569 0.966829
vt 0.851857 0.963433
vt 0.855507 0.963434
vt 0.855507 0.956266
vt 0.946190 0.965848
vt 0.971983 0.796151
vt 0.942890 0.958320
vt 0.881007 0.953195
vt 0.939951 0.958318
vt 0.947325 0.880313
vt 0.924112 0.880495
vt 0.966180 0.857494
vt 0.851231 0.951802
vt 0.814484 0.952559
vt 0.904532 0.948390
vt 0.969529 0.906889
vt 0.868850 0.961728
vt 0.962352 0.959660
vt 0.969210 0.820539
vt 0.972712 0.953211
vt 0.899216 0.952905
vt 0.803758 0.953929
vt 0.964149 0.819266
vt 0.969306 0.817329
vt 0.971718 0.896868
vt 0.797991 0.957502
vt 0.912820 0.951950
vt 0.910305 0.965683
vt 0.845863 0.963135
vt 0.966950 0.903189
vt 0.932469 0.965650
vt 0.939587 0.877702
vt 0.959540 0.933292
vt 0.883660 0.953197
vt 0.966932 0.907704
vt 0.969306 0.817831
vt 0.964149 0.801205
vt 0.868850 0.949976
vt 0.928388 0.938605
vt 0.922406 0.938604
vt 0.969518 0.891264
vt 0.858159 0.963435
vt 0.966932 0.912219
vt 0.874379 0.964361
vt 0.964982 0.946116
vt 0.961232 0.919608
vt 0.871576 0.961807
vt 0.971898 0.820788
vt 0.826581 0.954280
vt 0.863504 0.954493
vt 0.811537 0.952607
vt 0.893228 0.958049
vt 0.966728 0.823779
vt 0.967698 0.831581
vt 0.971955 0.812893
vt 0.848516 0.938129
vt 0.876959 0.954238
vt 0.819072 0.952559
vt 0.910169 0.965683
vt 0.959534 0.964920
vt 0.798070 0.948472
vt 0.860739 0.956268
vt 0.871430 0.964373
vt 0.922406 0.963429
vt 0.866115 0.954490
vt 0.934428 0.880546
vt 0.904985 0.963305
vt 0.964966 0.941473
vt 0.842094 0.951240
vt 0.966953 0.889646
vt 0.969441 0.936029
vt 0.886307 0.963456
vt 0.961933 0.874569
vt 0.898693 0.949147
vt 0.966728 0.805720
vt 0.833612 0.965830
vt 0.804103 0.965770
vt 0.967253 0.937934
vt 0.971580 0.870313
vt 0.821773 0.961180
vt 0.945830 0.953805
vt 0.814117 0.957123
vt 0.920257 0.958990
vt 0.972031 0.926772
vt 0.963600 0.866523
vt 0.910305 0.956465
vt 0.798138 0.952987
vt 0.819072 0.957074
vt 0.951290 0.956101
vt 0.915168 0.955299
vt 0.853064 0.968461
vt 0.921518 0.968468
vt 0.946190 0.956101
vt 0.883660 0.963723
vt 0.944746 0.877702
vt 0.973915 0.913728
vt 0.915117 0.950758
vt 0.868850 0.954551
vt 0.975947 0.812922
vt 0.976117 0.803810
vt 0.959823 0.950631
vt 0.833200 0.947751
vt 0.973169 0.937937
vt 0.972590 0.855517
vt 0.855507 0.968461
vt 0.976201 0.877088
vt 0.851857 0.956265
vt 0.966833 0.813268
vt 0.972647 0.866523
vt 0.883660 0.953195
vt 0.855507 0.937950
vt 0.975769 0.829782
vt 0.975977 0.796189
vt 0.845546 0.942644
vt 0.830598 0.951933
vt 0.972090 0.907704
vt 0.973860 0.946116
vt 0.976186 0.793241
vt 0.976205 0.817256
vt 0.967263 0.928650
vt 0.969529 0.887823
vt 0.821573 0.966012
vt 0.972696 0.945988
vt 0.961933 0.879084
vt 0.959606 0.959688
vt 0.802827 0.966897
vt 0.976044 0.926722
vt 0.964932 0.955146
vt 0.806793 0.952037
vt 0.972055 0.924134
vt 0.878107 0.966242
vt 0.976085 0.891213
vt 0.976044 0.929767
vt 0.966950 0.898674
vt 0.972696 0.944053
vt 0.944746 0.880529
vt 0.959540 0.928650
vt 0.851857 0.951749
vt 0.974895 0.932814
vt 0.974827 0.800896
vt 0.830621 0.956781
vt 0.962119 0.933419
vt 0.973207 0.902373
vt 0.973361 0.879084
vt 0.937242 0.966807
vt 0.975398 0.867507
vt 0.966932 0.916734
vt 0.972056 0.790298
vt 0.863473 0.961762
vt 0.935635 0.951261
vt 0.964966 0.941473
vt 0.966953 0.889645
vt 0.974861 0.935999
vt 0.974898 0.904953
vt 0.817063 0.957074
vt 0.954420 0.954341
vt 0.973967 0.880617
vt 0.972479 0.855453
vt 0.925246 0.968503
vt 0.915117 0.965046
vt 0.932983 0.965656
vt 0.972712 0.950632
vt 0.966391 0.919608
vt 0.965247 0.827066
vt 0.879805 0.966821
vt 0.976079 0.910284
vt 0.880693 0.953845
vt 0.973204 0.792177
vt 0.972785 0.894160
vt 0.976044 0.790272
vt 0.833461 0.965999
vt 0.871461 0.954490
vt 0.929269 0.877702
vt 0.830669 0.963419
vt 0.972712 0.959661
vt 0.839442 0.951240
vt 0.851095 0.951802
vt 0.837331 0.880679
vt 0.931581 0.968230
vt 0.893000 0.958048
vt 0.895595 0.949019
vt 0.971719 0.924125
vt 0.971901 0.826442
vt 0.836451 0.968385
vt 0.950534 0.968379
vt 0.967066 0.879084
vt 0.842513 0.966063
vt 0.971427 0.840289
vt 0.972479 0.852652
vt 0.968759 0.851807
vt 0.975941 0.959661
vt 0.976085 0.821927
vt 0.966950 0.901290
vt 0.963600 0.862008
vt 0.973204 0.933166
vt 0.973967 0.808813
vt 0.814170 0.952607
vt 0.910121 0.947307
vt 0.966180 0.840289
vt 0.820224 0.966012
vt 0.975927 0.824614
vt 0.966728 0.798213
vt 0.896161 0.961123
vt 0.973107 0.810235
vt 0.959795 0.941473
vt 0.974775 0.824563
vt 0.814484 0.943401
vt 0.957212 0.950630
vt 0.973137 0.798124
vt 0.971984 0.802728
vt 0.973737 0.837547
vt 0.971280 0.837572
vt 0.929890 0.955903
vt 0.973566 0.938062
vt 0.971984 0.800755
vt 0.880741 0.953845
vt 0.929890 0.951388
vt 0.969120 0.919056
vt 0.949984 0.877702
vt 0.842513 0.947286
vt 0.951423 0.951586
vt 0.806682 0.952037
vt 0.827882 0.965867
vt 0.969322 0.823779
vt 0.910253 0.937355
vt 0.878114 0.964025
vt 0.972878 0.962313
vt 0.833612 0.942610
vt 0.965752 0.938062
vt 0.797993 0.960788
vt 0.801136 0.963998
vt 0.969139 0.919608
vt 0.807444 0.942598
vt 0.907589 0.937355
vt 0.957786 0.827532
vt 0.817010 0.965991
vt 0.969308 0.804298
vt 0.965127 0.962313
vt 0.842094 0.962928
vt 0.836862 0.965508
vt 0.810024 0.960585
vt 0.907589 0.951950
vt 0.972930 0.827066
vt 0.970085 0.955146
vt 0.836191 0.960598
vt 0.907589 0.960652
vt 0.830462 0.956447
vt 0.918843 0.880554
vt 0.966879 0.919586
vt 0.860893 0.949976
vt 0.973574 0.834161
vt 0.795412 0.943830
vt 0.957032 0.950758
vt 0.962403 0.950630
vt 0.940311 0.963904
vt 0.971283 0.843949
vt 0.810024 0.956397
vt 0.890531 0.953534
vt 0.943251 0.949290
vt 0.940311 0.953805
vt 0.967066 0.877336
vt 0.966953 0.891403
vt 0.839959 0.937440
vt 0.974969 0.803859
vt 0.814484 0.943401
vt 0.966180 0.851807
vt 0.969532 0.884287
vt 0.920462 0.962660
vt 0.858087 0.951751
vt 0.968627 0.839434
vt 0.917820 0.955299
vt 0.087081 0.931062
vt 0.087081 0.838020
vt 0.941917 0.808710
vt 0.203361 0.948284
vt 0.124084 0.931062
vt 0.164822 0.930973
vt 0.129046 0.838017
vt 0.859728 0.941989
vt 0.967480 0.948768
vt 0.948803 0.827167
vt 0.967433 0.957799
vt 0.824132 0.932971
vt 0.948803 0.825388
vt 0.948803 0.834360
vt 0.184550 0.827681
vt 0.195895 0.943106
vt 0.078800 0.943581
vt 0.206593 0.944573
vt 0.073837 0.943581
vt 0.154714 0.946848
vt 0.218915 0.820948
vt 0.151573 0.946848
vt 0.209341 0.926832
vt 0.859281 0.932556
vt 0.818966 0.941590
vt 0.819124 0.924609
vt 0.928422 0.959084
vt 0.809110 0.931055
vt 0.799829 0.968173
vt 0.811772 0.924609
vt 0.818788 0.934972
vt 0.946197 0.825388
vt 0.967480 0.954926
vt 0.966952 0.885015
vt 0.804103 0.932971
vt 0.901015 0.934468
vt 0.848516 0.933196
vt 0.209533 0.941162
vt 0.219137 0.907331
vt 0.101483 0.969526
vt 0.945750 0.834821
vt 0.823660 0.941590
vt 0.823660 0.932971
vt 0.809110 0.924609
vt 0.890250 0.956528
vt 0.807080 0.968116
vt 0.816779 0.932971
vt 0.346149 0.692412
vt 0.314517 0.690077
vt 0.201411 0.083148
vt 0.199748 0.083148
vt 0.201636 0.169313
vt 0.201719 0.123616
vt 0.036691 0.084627
vt 0.075677 0.084627
vt 0.076552 0.085504
vt 0.075677 0.130410
vt 0.036691 0.130410
vt 0.120620 0.083063
vt 0.119745 0.038241
vt 0.160473 0.038241
vt 0.120620 0.037366
vt 0.159598 0.037366
vt 0.074755 0.175231
vt 0.114790 0.175228
vt 0.197295 0.077226
vt 0.199190 0.170182
vt 0.076558 0.127694
vt 0.117239 0.173474
vt 0.203383 0.122730
vt 0.117864 0.168513
vt 0.145100 0.218100
vt 0.155169 0.214318
vt 0.132515 0.216448
vt 0.121262 0.218463
vt 0.103889 0.214059
vt 0.175078 0.215361
vt 0.166139 0.201341
vt 0.090114 0.218179
vt 0.215833 0.105222
vt 0.213333 0.076771
vt 0.105599 0.216022
vt 0.164501 0.215714
vt 0.086072 0.218021
vt 0.136565 0.213480
vt 0.064284 0.218469
vt 0.108287 0.216006
vt 0.171985 0.215355
vt 0.216655 0.068899
vt 0.215723 0.100892
vt 0.062176 0.213481
vt 0.111833 0.214078
vt 0.214973 0.215069
vt 0.047242 0.203757
vt 0.127906 0.215741
vt 0.215550 0.089994
vt 0.215264 0.186175
vt 0.183459 0.218474
vt 0.118358 0.184707
vt 0.054887 0.217635
vt 0.126711 0.215741
vt 0.116474 0.214066
vt 0.216944 0.113651
vt 0.086249 0.206021
vt 0.074016 0.217473
vt 0.037068 0.215725
vt 0.103908 0.217128
vt 0.095834 0.218518
vt 0.057414 0.217635
vt 0.076676 0.201349
vt 0.068304 0.190185
vt 0.214007 0.123793
vt 0.043231 0.216864
vt 0.180520 0.218484
vt 0.077186 0.190754
vt 0.082917 0.215769
vt 0.215456 0.124274
vt 0.185346 0.216758
vt 0.043231 0.216602
vt 0.110198 0.191770
vt 0.051941 0.215751
vt 0.214021 0.120488
vt 0.215341 0.141391
vt 0.186399 0.218540
vt 0.095798 0.199459
vt 0.117316 0.215947
vt 0.214026 0.084337
vt 0.110945 0.217128
vt 0.091367 0.209898
vt 0.086267 0.217358
vt 0.047159 0.192585
vt 0.053136 0.215751
vt 0.192204 0.217015
vt 0.215299 0.182990
vt 0.040233 0.215532
vt 0.133710 0.218230
vt 0.215808 0.093654
vt 0.142214 0.213268
vt 0.216886 0.086562
vt 0.081904 0.217157
vt 0.166139 0.217652
vt 0.091805 0.218068
vt 0.124064 0.213428
vt 0.137618 0.218468
vt 0.175078 0.217306
vt 0.072716 0.215704
vt 0.145369 0.206486
vt 0.216459 0.187683
vt 0.215955 0.206316
vt 0.182406 0.216692
vt 0.150562 0.215388
vt 0.169521 0.215714
vt 0.172741 0.205608
vt 0.215232 0.045957
vt 0.213189 0.148379
vt 0.216027 0.218471
vt 0.088837 0.215420
vt 0.068286 0.217510
vt 0.138256 0.216374
vt 0.213282 0.215069
vt 0.215833 0.111323
vt 0.216876 0.089905
vt 0.211732 0.103220
vt 0.190938 0.215553
vt 0.130728 0.193104
vt 0.141951 0.218272
vt 0.214249 0.191178
vt 0.141253 0.215221
vt 0.077266 0.195536
vt 0.215596 0.155129
vt 0.213305 0.172364
vt 0.214264 0.200336
vt 0.216803 0.129262
vt 0.123102 0.215292
vt 0.209808 0.047899
vt 0.135462 0.213398
vt 0.214264 0.195821
vt 0.216871 0.136775
vt 0.212415 0.185773
vt 0.210854 0.103220
vt 0.132018 0.218386
vt 0.108287 0.214061
vt 0.215302 0.155129
vt 0.196153 0.075093
vt 0.188285 0.217491
vt 0.150709 0.217326
vt 0.134965 0.218386
vt 0.067747 0.213915
vt 0.215232 0.046364
vt 0.216715 0.189705
vt 0.103011 0.217942
vt 0.215955 0.206316
vt 0.085569 0.196224
vt 0.215634 0.141391
vt 0.214032 0.100892
vt 0.177775 0.213652
vt 0.216752 0.122681
vt 0.213487 0.076621
vt 0.076596 0.186878
vt 0.134965 0.216448
vt 0.066056 0.213915
vt 0.120209 0.216781
vt 0.216063 0.057053
vt 0.214126 0.134837
vt 0.216062 0.133372
vt 0.215802 0.114764
vt 0.126633 0.213434
vt 0.149684 0.215388
vt 0.122606 0.218342
vt 0.212316 0.123793
vt 0.214337 0.143865
vt 0.212449 0.180995
vt 0.049539 0.215522
vt 0.085569 0.192349
vt 0.123800 0.218342
vt 0.177097 0.218449
vt 0.193895 0.215902
vt 0.214319 0.168422
vt 0.076676 0.191660
vt 0.140757 0.218272
vt 0.090611 0.213190
vt 0.216776 0.103655
vt 0.212377 0.045968
vt 0.198779 0.079175
vt 0.215628 0.160459
vt 0.113671 0.214104
vt 0.215202 0.062990
vt 0.216766 0.119376
vt 0.110955 0.217960
vt 0.145369 0.202610
vt 0.125258 0.216478
vt 0.215334 0.157409
vt 0.215299 0.040416
vt 0.108293 0.217944
vt 0.077266 0.205225
vt 0.130780 0.218410
vt 0.102988 0.214059
vt 0.215231 0.050968
vt 0.162810 0.217652
vt 0.046198 0.215475
vt 0.092245 0.205562
vt 0.124064 0.216478
vt 0.213970 0.190817
vt 0.215299 0.176889
vt 0.212994 0.109737
vt 0.460391 0.845703
vt 0.325147 0.948196
vt 0.377848 0.931637
vt 0.427171 0.929702
vt 0.830022 0.673507
vt 0.863694 0.691994
vt 0.901179 0.574567
vt 0.797583 0.681870
vt 0.440521 0.117511
vt 0.444744 0.103160
vt 0.930193 0.621920
vt 0.833820 0.676557
vt 0.906189 0.686321
vt 0.379315 0.170659
vt 0.388485 0.190587
vt 0.919560 0.690881
vt 0.864067 0.672094
vt 0.945058 0.595217
vt 0.945227 0.611950
vt 0.810617 0.671980
vt 0.810615 0.637776
vt 0.863705 0.680688
vt 0.869791 0.672094
vt 0.850678 0.699486
vt 0.945227 0.606226
vt 0.810617 0.667298
vt 0.810977 0.648573
vt 0.912651 0.579055
vt 0.909722 0.681807
vt 0.800260 0.699684
vt 0.946236 0.599735
vt 0.810617 0.662617
vt 0.834446 0.679115
vt 0.906927 0.579055
vt 0.792038 0.685808
vt 0.946236 0.605460
vt 0.810617 0.657935
vt 0.855268 0.672094
vt 0.913947 0.684223
vt 0.784117 0.687294
vt 0.913670 0.690881
vt 0.857705 0.674634
vt 0.781017 0.682582
vt 0.441682 0.190525
vt 0.444629 0.117226
vt 0.438449 0.103916
vt 0.777749 0.691005
vt 0.851760 0.675462
vt 0.777472 0.684347
vt 0.878379 0.687965
vt 0.869531 0.688594
vt 0.854198 0.678001
vt 0.872743 0.684080
vt 0.438699 0.190537
vt 0.427749 0.190670
vt 0.438671 0.152002
vt 0.906352 0.690964
vt 0.860893 0.927962
vt 0.851857 0.953919
vt 0.945999 0.961294
vt 0.851857 0.948080
vt 0.092261 0.198758
vt 0.851857 0.950026
vt 0.092261 0.200705
vt 0.851857 0.951973
vt 0.092261 0.202651
vt 0.860893 0.933801
vt 0.101297 0.182532
vt 0.860893 0.931854
vt 0.101297 0.180586
vt 0.860893 0.929908
vt 0.101297 0.178640
vt 0.939062 0.963947
vt 0.893239 0.966345
vt 0.959336 0.834673
vt 0.892305 0.966587
vt 0.941865 0.825359
vt 0.940189 0.966841
vt 0.819124 0.938886
vt 0.897852 0.964017
vt 0.854570 0.958065
vt 0.898786 0.963775
vt 0.941908 0.808710
vt 0.845668 0.966378
vt 0.830645 0.931779
vt 0.806838 0.947240
vt 0.943059 0.961294
vt 0.806838 0.953079
vt 0.047242 0.201811
vt 0.806838 0.951133
vt 0.047242 0.199864
vt 0.806838 0.949186
vt 0.047242 0.197918
vt 0.830645 0.937618
vt 0.071049 0.186350
vt 0.830645 0.935672
vt 0.071049 0.184404
vt 0.830645 0.933726
vt 0.071049 0.182457
vt 0.829105 0.676774
vt 0.872460 0.686360
vt 0.909558 0.690699
vt 0.915270 0.575492
vt 0.293156 0.177819
vt 0.446607 0.136295
vt 0.816160 0.686173
vt 0.886428 0.690848
vt 0.440503 0.137080
vt 0.308245 0.191048
vt 0.869791 0.678686
vt 0.902068 0.698294
vt 0.784943 0.704493
vt 0.946431 0.644102
vt 0.797306 0.679529
vt 0.875515 0.678686
vt 0.829150 0.695967
vt 0.946431 0.638377
vt 0.810422 0.621944
vt 0.901203 0.579055
vt 0.784117 0.689892
vt 0.862829 0.703608
vt 0.903135 0.709026
vt 0.810617 0.653254
vt 0.810615 0.674321
vt 0.895136 0.694205
vt 0.903135 0.703302
vt 0.861421 0.678347
vt 0.919560 0.684223
vt 0.788113 0.691996
vt 0.863859 0.675808
vt 0.825227 0.682346
vt 0.438262 0.140657
vt 0.428337 0.188272
vt 0.440835 0.150714
vt 0.903537 0.692949
vt 0.857914 0.674980
vt 0.806981 0.691703
vt 0.863971 0.687617
vt 0.860351 0.672441
vt 0.903378 0.682821
vt 0.431083 0.190537
vt 0.446575 0.128775
vt 0.293156 0.184532
vt 0.916897 0.690881
vt 0.869794 0.927963
vt 0.818392 0.948402
vt 0.801136 0.961418
vt 0.968928 0.869497
vt 0.818392 0.942563
vt 0.058795 0.193241
vt 0.818392 0.944509
vt 0.058795 0.195188
vt 0.818392 0.946456
vt 0.058795 0.197134
vt 0.869794 0.933802
vt 0.110198 0.182534
vt 0.869794 0.931856
vt 0.110198 0.180587
vt 0.869794 0.929909
vt 0.110198 0.178641
vt 0.903502 0.966457
vt 0.944942 0.966655
vt 0.971885 0.810214
vt 0.945876 0.966897
vt 0.872688 0.940691
vt 0.904629 0.963563
vt 0.952860 0.941773
vt 0.942002 0.966590
vt 0.877165 0.961184
vt 0.942936 0.966831
vt 0.941908 0.820541
vt 0.951733 0.944668
vt 0.817325 0.938886
vt 0.869794 0.934774
vt 0.846461 0.932735
vt 0.940119 0.961294
vt 0.846461 0.938574
vt 0.086865 0.187306
vt 0.846461 0.936628
vt 0.086865 0.185360
vt 0.846461 0.934681
vt 0.086865 0.183413
vt 0.869794 0.928935
vt 0.110198 0.179613
vt 0.869794 0.930881
vt 0.110198 0.181559
vt 0.869794 0.932827
vt 0.110198 0.183506
vt 0.205550 0.880802
vt 0.169361 0.880802
vt 0.206363 0.875524
vt 0.206363 0.871058
vt 0.168548 0.838832
vt 0.169361 0.838020
vt 0.205550 0.838020
vt 0.206363 0.843298
vt 0.206363 0.838832
vt 0.206363 0.847764
vt 0.206363 0.879990
vt 0.769058 0.668827
vt 0.902034 0.682821
vt 0.800260 0.705409
vt 0.945346 0.657946
vt 0.810977 0.679002
vt 0.774782 0.668827
vt 0.851745 0.684656
vt 0.946413 0.663671
vt 0.810977 0.653254
vt 0.804291 0.672630
vt 0.872737 0.684080
vt 0.807258 0.687326
vt 0.919560 0.690881
vt 0.801579 0.689340
vt 0.806729 0.670090
vt 0.829153 0.682167
vt 0.439090 0.190538
vt 0.310898 0.191048
vt 0.438516 0.050358
vt 0.807799 0.675997
vt 0.916620 0.684223
vt 0.846131 0.685140
vt 0.925170 0.689401
vt 0.810236 0.673457
vt 0.828600 0.682167
vt 0.433785 0.188257
vt 0.391138 0.190587
vt 0.440825 0.159999
vt 0.863860 0.927962
vt 0.845257 0.946811
vt 0.845257 0.952649
vt 0.085661 0.201381
vt 0.845257 0.950703
vt 0.085661 0.199435
vt 0.845257 0.948757
vt 0.085661 0.197489
vt 0.863860 0.933801
vt 0.104264 0.182532
vt 0.863860 0.931854
vt 0.104264 0.180586
vt 0.863860 0.929908
vt 0.104264 0.178640
vt 0.854377 0.963981
vt 0.956270 0.880355
vt 0.972820 0.820665
vt 0.955336 0.880596
vt 0.810229 0.943076
vt 0.855504 0.966875
vt 0.881007 0.934130
vt 0.207537 0.073484
vt 0.206156 0.187767
vt 0.047848 0.188069
vt 0.044506 0.187618
vt 0.044786 0.188069
vt 0.313912 0.697808
vt 0.399513 0.675558
vt 0.342207 0.699863
vt 0.423410 0.696237
vt 0.469949 0.608218
vt 0.469190 0.608977
vt 0.468116 0.608977
vt 0.467357 0.607144
vt 0.468116 0.606385
vt 0.460139 0.694889
vt 0.460898 0.694130
vt 0.461971 0.694130
vt 0.462731 0.695963
vt 0.460898 0.696722
vt 0.121412 0.183835
vt 0.098944 0.187655
vt 0.095602 0.187203
vt 0.095882 0.187655
vt 0.200040 0.170497
vt 0.197056 0.170497
vt 0.082917 0.182440
vt 0.086258 0.182891
vt 0.085979 0.182440
vt 0.373808 0.696177
vt 0.371323 0.676124
vt 0.363694 0.700117
vt 0.370072 0.696215
vt 0.369313 0.695456
vt 0.369313 0.694382
vt 0.371145 0.693623
vt 0.371905 0.694382
vt 0.469758 0.631700
vt 0.467276 0.694130
vt 0.468035 0.694889
vt 0.468035 0.695963
vt 0.466202 0.696722
vt 0.465443 0.694889
vt 0.130366 0.189228
vt 0.127382 0.183835
vt 0.077357 0.186878
vt 0.074016 0.186427
vt 0.074295 0.186878
vt 0.206055 0.081286
vt 0.206988 0.120743
vt 0.092261 0.187834
vt 0.088920 0.187382
vt 0.089199 0.187834
vt 0.426865 0.697466
vt 0.342835 0.686431
vt 0.374569 0.700145
vt 0.360462 0.693578
vt 0.361222 0.694337
vt 0.361222 0.695411
vt 0.359389 0.696170
vt 0.358630 0.695411
vt 0.305167 0.696991
vt 0.460028 0.695962
vt 0.459269 0.696721
vt 0.458195 0.696721
vt 0.457436 0.694888
vt 0.459269 0.694129
vt 0.127381 0.189228
vt 0.095602 0.187655
vt 0.092261 0.187203
vt 0.092541 0.187655
vt 0.448193 0.824819
vt 0.455035 0.776320
vt 0.455898 0.906546
vt 0.450317 0.868451
vt 0.452298 0.861938
vt 0.449243 0.868336
vt 0.455909 0.868765
vt 0.376276 0.822286
vt 0.455684 0.814116
vt 0.450201 0.907317
vt 0.377919 0.821500
vt 0.319404 0.932186
vt 0.371956 0.820957
vt 0.370877 0.820960
vt 0.303073 0.933813
vt 0.319404 0.928309
vt 0.302460 0.938695
vt 0.406650 0.927333
vt 0.442234 0.916977
vt 0.321254 0.924866
vt 0.442235 0.911912
vt 0.379612 0.821498
vt 0.322133 0.929824
vt 0.377356 0.820959
vt 0.376276 0.820958
vt 0.439229 0.929350
vt 0.442235 0.929193
vt 0.406115 0.915654
vt 0.443315 0.929193
vt 0.380178 0.820958
vt 0.322133 0.912757
vt 0.374116 0.822286
vt 0.439229 0.912283
vt 0.404320 0.920182
vt 0.439229 0.924392
vt 0.441355 0.924392
vt 0.443316 0.911912
vt 0.378487 0.821499
vt 0.442234 0.929350
vt 0.374116 0.822285
vt 0.375196 0.822286
vt 0.437726 0.929350
vt 0.443316 0.929193
vt 0.404855 0.931861
vt 0.444396 0.929193
vt 0.379614 0.820958
vt 0.442234 0.912283
vt 0.373036 0.822286
vt 0.437726 0.912283
s 0
usemtl Texture
f 3/1/1 6/2/1 2/3/1
f 1/4/1 13/5/1 5/6/1
f 53/7/1 5/6/1 47/8/1
f 4/9/1 8/10/1 3/1/1
f 9/11/2 16/12/2 8/13/2
f 49/14/1 3/1/1 45/15/1
f 62/16/3 12/17/3 54/18/3
f 11/19/2 18/20/2 10/21/2
f 52/22/1 4/9/1 10/23/1
f 61/24/3 11/25/3 53/26/3
f 59/27/3 9/28/3 51/25/3
f 5/6/1 10/23/1 4/9/1
f 55/29/1 5/6/1 13/5/1
f 51/30/1 4/9/1 46/31/1
f 50/32/1 3/1/1 8/10/1
f 56/33/4 6/34/4 14/35/4
f 68/36/1 18/37/1 26/38/1
f 65/39/1 15/40/1 57/41/1
f 14/42/1 23/43/1 22/44/1
f 18/37/1 27/45/1 26/38/1
f 12/46/2 21/21/2 13/20/2
f 48/47/1 2/3/1 6/2/1
f 63/48/4 13/49/4 21/50/4
f 60/51/4 10/13/4 18/12/4
f 7/52/2 14/53/2 6/54/2
f 58/55/4 8/56/4 16/48/4
f 57/57/3 7/58/3 49/59/3
f 69/60/1 19/61/1 61/62/1
f 78/63/3 28/64/3 70/65/3
f 76/66/4 26/67/4 34/68/4
f 73/69/3 23/70/3 65/71/3
f 23/72/2 30/73/2 22/74/2
f 70/75/1 20/76/1 62/77/1
f 17/78/1 24/79/1 16/80/1
f 67/81/1 17/78/1 59/82/1
f 66/83/1 16/80/1 24/79/1
f 20/76/1 29/84/1 21/85/1
f 64/86/1 14/42/1 22/44/1
f 71/87/1 21/85/1 29/84/1
f 73/88/1 30/89/1 31/90/1
f 75/91/1 32/92/1 33/93/1
f 77/94/1 34/95/1 35/96/1
f 78/97/1 37/98/1 36/99/1
f 77/100/3 27/101/3 69/102/3
f 25/103/2 32/104/2 24/105/2
f 75/106/3 25/107/3 67/108/3
f 74/109/4 24/110/4 32/111/4
f 28/112/2 37/113/2 29/114/2
f 72/115/4 22/116/4 30/117/4
f 79/118/4 29/119/4 37/120/4
f 81/121/3 2/122/3 44/123/3
f 27/124/2 34/125/2 26/126/2
f 5/127/5 38/128/5 1/129/5
f 4/130/5 42/131/5 5/127/5
f 2/132/5 40/133/5 3/134/5
f 80/135/4 1/136/4 38/137/4
f 3/134/5 41/138/5 4/130/5
f 48/47/1 45/15/1 44/139/1
f 55/29/1 43/140/1 47/8/1
f 50/32/1 46/31/1 45/15/1
f 58/141/5 51/142/5 50/143/5
f 60/144/5 53/145/5 52/146/5
f 52/22/1 47/8/1 46/31/1
f 56/147/1 65/39/1 57/41/1
f 60/148/1 69/60/1 61/62/1
f 63/149/5 54/46/5 55/150/5
f 56/151/5 49/152/5 48/153/5
f 72/73/5 65/154/5 64/155/5
f 66/83/1 59/82/1 58/156/1
f 71/87/1 62/77/1 63/157/1
f 74/125/5 67/158/5 66/159/5
f 79/160/5 70/161/5 71/162/5
f 76/163/5 69/164/5 68/165/5
f 80/166/2 47/167/2 43/168/2
f 84/169/2 46/170/2 47/167/2
f 82/171/2 44/172/2 45/173/2
f 83/174/2 45/173/2 46/170/2
f 54/175/1 1/4/1 43/140/1
f 87/176/1 90/177/1 86/178/1
f 85/179/1 97/180/1 89/181/1
f 131/182/1 95/183/1 89/181/1
f 87/176/1 93/184/1 92/185/1
f 93/69/2 100/186/2 92/187/2
f 129/188/1 91/189/1 87/176/1
f 146/190/3 96/191/3 138/28/3
f 95/192/2 102/193/2 94/194/2
f 94/195/1 130/196/1 88/197/1
f 145/198/3 95/18/3 137/191/3
f 143/26/3 93/199/3 135/24/3
f 89/181/1 94/195/1 88/197/1
f 97/180/1 131/182/1 89/181/1
f 130/196/1 93/184/1 88/197/1
f 92/185/1 129/188/1 87/176/1
f 140/200/4 90/201/4 98/104/4
f 152/202/1 102/78/1 110/203/1
f 149/204/1 99/205/1 141/206/1
f 98/207/1 107/208/1 106/209/1
f 102/78/1 111/210/1 110/203/1
f 96/211/2 105/212/2 97/213/2
f 90/177/1 128/214/1 86/178/1
f 147/215/4 97/216/4 105/217/4
f 144/218/4 94/219/4 102/220/4
f 91/221/2 98/222/2 90/19/2
f 142/223/4 92/224/4 100/225/4
f 141/226/3 91/59/3 133/227/3
f 153/228/1 103/229/1 145/230/1
f 162/231/3 112/227/3 154/232/3
f 160/233/4 110/234/4 118/235/4
f 157/236/3 107/237/3 149/238/3
f 107/239/2 114/74/2 106/240/2
f 146/157/1 112/241/1 104/242/1
f 101/37/1 108/243/1 100/61/1
f 151/244/1 101/37/1 143/245/1
f 150/246/1 100/61/1 108/243/1
f 104/242/1 113/247/1 105/248/1
f 148/249/1 98/207/1 106/209/1
f 155/250/1 105/248/1 113/247/1
f 157/251/1 114/252/1 115/253/1
f 159/93/1 116/254/1 117/255/1
f 161/255/1 118/256/1 119/257/1
f 120/258/1 163/259/1 121/260/1
f 161/146/3 111/261/3 153/262/3
f 109/158/2 116/263/2 108/159/2
f 159/264/3 109/265/3 151/266/3
f 158/267/4 108/268/4 116/269/4
f 112/270/2 121/271/2 113/112/2
f 156/107/4 106/272/4 114/273/4
f 163/274/4 113/275/4 121/67/4
f 165/276/3 86/277/3 128/278/3
f 111/164/2 118/279/2 110/165/2
f 89/280/5 122/281/5 85/282/5
f 88/283/5 126/284/5 89/280/5
f 86/285/5 124/286/5 87/287/5
f 164/288/4 85/289/4 122/290/4
f 87/287/5 125/291/5 88/283/5
f 132/292/1 129/188/1 128/214/1
f 139/293/1 127/294/1 131/182/1
f 134/295/1 130/196/1 129/188/1
f 142/296/5 135/297/5 134/298/5
f 144/299/5 137/300/5 136/142/5
f 136/301/1 131/182/1 130/196/1
f 140/302/1 149/204/1 141/206/1
f 144/303/1 153/228/1 145/230/1
f 147/211/5 138/304/5 139/305/5
f 140/306/5 133/307/5 132/308/5
f 156/309/5 149/239/5 148/240/5
f 150/246/1 143/245/1 142/310/1
f 155/250/1 146/157/1 147/77/1
f 158/263/5 151/311/5 150/163/5
f 163/270/5 154/312/5 155/313/5
f 160/279/5 153/314/5 152/315/5
f 164/132/2 131/316/2 127/317/2
f 168/318/2 130/319/2 131/316/2
f 166/320/2 128/281/2 129/321/2
f 167/322/2 129/321/2 130/319/2
f 127/294/1 96/323/1 85/179/1
f 178/324/6 171/325/6 190/326/6
f 169/327/5 172/328/5 171/329/5
f 169/330/3 184/331/3 170/332/3
f 178/333/3 183/334/3 184/335/3
f 177/336/3 182/337/3 183/338/3
f 176/339/3 181/340/3 182/341/3
f 175/342/3 180/343/3 181/344/3
f 174/345/3 179/346/3 180/347/3
f 179/348/3 194/349/3 200/350/3
f 173/351/6 186/352/6 185/353/6
f 174/354/6 187/355/6 186/356/6
f 187/357/6 176/358/6 188/359/6
f 176/360/6 189/361/6 188/362/6
f 177/363/6 190/364/6 189/365/6
f 193/366/6 199/367/6 211/368/6
f 206/369/6 173/370/6 185/371/6
f 205/372/3 191/373/3 192/374/3
f 204/375/3 199/376/3 205/377/3
f 203/378/3 198/379/3 204/380/3
f 202/381/3 197/382/3 203/383/3
f 201/384/3 196/385/3 202/386/3
f 200/387/3 195/388/3 201/389/3
f 207/390/6 194/391/6 206/392/6
f 208/393/6 195/394/6 207/395/6
f 209/396/6 196/397/6 208/398/6
f 210/399/6 197/400/6 209/401/6
f 211/402/6 198/403/6 210/404/6
f 214/405/6 218/406/6 224/407/6
f 215/408/2 212/409/2 214/410/2
f 221/411/3 212/412/3 213/413/3
f 220/414/3 218/415/3 221/416/3
f 219/417/3 217/418/3 220/419/3
f 192/420/3 216/421/3 219/422/3
f 222/423/6 191/424/6 193/425/6
f 223/426/6 216/427/6 222/428/6
f 224/429/6 217/430/6 223/431/6
f 226/432/1 227/433/1 225/434/1
f 232/435/7 229/436/7 231/437/7
f 230/438/2 225/439/2 229/440/2
f 231/441/4 225/442/4 227/443/4
f 228/444/3 230/445/3 232/446/3
f 234/447/5 235/448/5 233/449/5
f 236/450/7 239/451/7 235/452/7
f 240/453/2 237/454/2 239/455/2
f 238/456/1 233/457/1 237/458/1
f 239/459/4 233/460/4 235/461/4
f 236/462/3 238/463/3 240/464/3
f 242/465/1 243/466/1 241/467/1
f 248/468/7 245/469/7 247/470/7
f 246/471/2 241/472/2 245/473/2
f 243/474/4 245/475/4 241/476/4
f 244/477/3 246/478/3 248/479/3
f 250/480/1 251/481/1 249/482/1
f 256/483/7 253/484/7 255/485/7
f 254/486/2 249/487/2 253/488/2
f 255/489/4 249/490/4 251/491/4
f 252/492/3 254/493/3 256/494/3
f 258/495/1 259/496/1 257/497/1
f 292/498/3 294/499/3 296/500/3
f 264/501/7 261/502/7 263/503/7
f 262/504/2 257/505/2 261/506/2
f 259/507/4 261/508/4 257/509/4
f 260/510/3 262/511/3 264/512/3
f 265/513/1 268/514/1 267/515/1
f 295/464/4 289/516/4 291/517/4
f 272/518/7 269/519/7 271/520/7
f 270/521/2 265/522/2 269/439/2
f 271/523/4 265/524/4 267/525/4
f 268/526/3 270/527/3 272/528/3
f 274/529/1 275/530/1 273/531/1
f 294/532/2 289/533/2 293/534/2
f 280/535/7 277/536/7 279/537/7
f 278/538/2 273/539/2 277/540/2
f 279/541/4 273/542/4 275/543/4
f 276/544/3 278/545/3 280/546/3
f 296/547/7 293/548/7 295/549/7
f 282/550/1 283/551/1 281/552/1
f 290/553/1 291/554/1 289/555/1
f 288/556/7 285/557/7 287/558/7
f 286/559/2 281/560/2 285/561/2
f 287/562/4 281/563/4 283/564/4
f 284/565/3 286/566/3 288/567/3
f 298/568/2 299/569/2 297/570/2
f 304/571/5 301/572/5 303/573/5
f 302/574/7 297/575/7 301/576/7
f 303/577/4 297/578/4 299/579/4
f 300/580/3 302/475/3 304/581/3
f 306/582/1 307/583/1 305/584/1
f 308/585/5 311/586/5 307/587/5
f 311/588/7 310/589/7 309/590/7
f 310/591/2 305/592/2 309/593/2
f 311/594/4 305/595/4 307/596/4
f 308/597/3 310/598/3 312/599/3
f 314/600/2 315/601/2 313/602/2
f 320/603/5 317/604/5 319/605/5
f 318/606/7 313/607/7 317/608/7
f 315/609/4 317/610/4 313/611/4
f 316/612/3 318/460/3 320/613/3
f 340/614/3 342/615/3 344/525/3
f 326/608/4 324/616/4 328/606/4
f 343/617/4 337/618/4 339/619/4
f 327/620/2 326/621/2 328/622/2
f 323/623/7 328/624/7 324/625/7
f 325/626/3 323/627/3 321/628/3
f 321/629/5 324/630/5 322/631/5
f 330/632/2 331/633/2 329/634/2
f 342/635/7 337/636/7 341/637/7
f 336/638/5 333/639/5 335/640/5
f 334/641/7 329/642/7 333/643/7
f 335/613/4 329/644/4 331/645/4
f 332/646/3 334/647/3 336/648/3
f 344/649/5 341/650/5 343/651/5
f 338/652/2 339/653/2 337/654/2
f 346/655/7 347/656/7 345/657/7
f 351/658/1 350/659/1 349/660/1
f 350/661/5 345/662/5 349/663/5
f 351/664/4 345/508/4 347/665/4
f 348/666/3 350/667/3 352/578/3
f 354/668/7 355/669/7 353/670/7
f 359/671/1 358/672/1 357/673/1
f 358/674/5 353/675/5 357/676/5
f 355/677/4 357/678/4 353/679/4
f 356/680/3 358/681/3 360/682/3
f 362/683/7 363/684/7 361/685/7
f 368/686/1 365/687/1 367/688/1
f 366/454/5 361/689/5 365/455/5
f 367/690/4 361/691/4 363/692/4
f 364/693/3 366/694/3 368/695/3
f 369/696/7 372/697/7 371/698/7
f 396/699/3 398/700/3 400/701/3
f 376/702/1 373/703/1 375/704/1
f 374/705/5 369/706/5 373/707/5
f 375/708/4 369/709/4 371/710/4
f 372/711/3 374/617/3 376/712/3
f 377/713/7 380/535/7 379/714/7
f 399/715/4 393/716/4 395/717/4
f 384/718/1 381/719/1 383/583/1
f 381/720/5 378/721/5 377/722/5
f 379/723/4 381/506/4 377/724/4
f 380/725/3 382/726/3 384/576/3
f 386/727/7 387/728/7 385/729/7
f 398/730/5 393/731/5 397/732/5
f 392/733/1 389/734/1 391/735/1
f 390/736/5 385/737/5 389/738/5
f 391/739/4 385/740/4 387/741/4
f 388/742/3 390/743/3 392/739/3
f 400/744/1 397/745/1 399/746/1
f 394/747/7 395/748/7 393/749/7
f 402/750/7 403/751/7 401/752/7
f 408/719/1 405/753/1 407/754/1
f 406/755/5 401/756/5 405/757/5
f 407/758/4 401/712/4 403/617/4
f 404/759/3 406/760/3 408/761/3
f 410/762/5 411/763/5 409/764/5
f 416/765/2 413/766/2 415/767/2
f 414/768/1 409/769/1 413/770/1
f 415/771/4 409/525/4 411/772/4
f 416/773/3 410/774/3 414/775/3
f 418/776/7 419/777/7 417/778/7
f 420/707/2 423/779/2 419/780/2
f 424/781/1 421/782/1 423/783/1
f 422/784/5 417/785/5 421/786/5
f 423/787/4 417/788/4 419/789/4
f 420/790/3 422/791/3 424/510/3
f 426/792/5 427/793/5 425/794/5
f 432/795/2 429/796/2 431/797/2
f 430/460/1 425/798/1 429/773/1
f 431/799/4 425/800/4 427/801/4
f 428/802/3 430/525/3 432/524/3
f 434/803/5 435/804/5 433/805/5
f 456/679/3 450/681/3 454/800/3
f 440/806/2 437/807/2 439/808/2
f 438/809/1 433/441/1 437/810/1
f 435/811/4 437/812/4 433/813/4
f 436/814/3 438/815/3 440/816/3
f 455/817/4 449/818/4 451/819/4
f 454/820/1 449/821/1 453/822/1
f 442/823/5 443/824/5 441/825/5
f 456/826/2 453/827/2 455/828/2
f 448/829/2 445/830/2 447/831/2
f 446/832/1 441/833/1 445/834/1
f 447/835/4 441/775/4 443/709/4
f 444/836/3 446/837/3 448/838/3
f 450/839/5 451/840/5 449/841/5
f 462/842/3 459/843/3 463/844/3
f 466/845/8 473/846/8 465/847/8
f 493/848/1 470/849/1 492/850/1
f 479/851/7 468/852/7 471/853/7
f 470/849/9 477/854/9 469/855/9
f 468/852/10 475/856/10 467/857/10
f 477/858/2 472/859/2 469/860/2
f 475/861/5 466/845/5 467/862/5
f 472/859/11 479/863/11 471/864/11
f 466/865/3 481/866/3 482/867/3
f 492/868/3 486/869/3 494/870/3
f 468/871/3 487/872/3 471/873/3
f 469/874/3 486/869/3 470/875/3
f 467/876/3 484/877/3 468/871/3
f 472/878/3 485/879/3 469/874/3
f 466/865/3 483/880/3 467/876/3
f 472/878/3 487/872/3 488/881/3
f 489/882/3 481/866/3 465/883/3
f 473/884/1 489/885/1 465/886/1
f 494/887/5 493/888/5 492/889/5
f 489/890/2 495/891/2 491/892/2
f 498/893/2 499/894/2 497/895/2
f 504/895/5 501/896/5 503/893/5
f 502/897/7 497/898/7 501/899/7
f 506/900/2 507/901/2 505/902/2
f 511/903/5 510/904/5 509/905/5
f 504/906/3 498/907/3 502/908/3
f 510/909/7 505/910/7 509/911/7
f 511/912/12 505/913/12 507/914/12
f 514/915/2 515/916/2 513/917/2
f 519/918/5 518/919/5 517/920/5
f 512/921/13 506/922/13 510/923/13
f 517/924/7 514/925/7 513/926/7
f 515/927/14 517/928/14 513/929/14
f 516/930/15 518/931/15 520/932/15
f 522/933/2 523/934/2 521/935/2
f 528/936/5 525/937/5 527/938/5
f 526/939/7 521/940/7 525/941/7
f 529/942/2 532/943/2 531/944/2
f 535/945/5 534/946/5 533/947/5
f 528/948/3 522/949/3 526/950/3
f 533/951/7 530/952/7 529/953/7
f 531/954/16 533/955/16 529/956/16
f 538/957/2 539/958/2 537/959/2
f 543/960/5 542/961/5 541/962/5
f 536/963/17 530/964/17 534/965/17
f 542/966/7 537/967/7 541/968/7
f 543/969/18 537/970/18 539/971/18
f 540/972/19 542/973/19 544/974/19
f 545/975/2 548/976/2 547/977/2
f 551/978/5 550/979/5 549/980/5
f 550/981/7 545/982/7 549/983/7
f 554/984/2 555/985/2 553/986/2
f 559/987/5 558/988/5 557/989/5
f 548/990/20 550/991/20 552/992/20
f 558/993/7 553/994/7 557/995/7
f 555/996/4 557/997/4 553/998/4
f 562/999/2 563/1000/2 561/1001/2
f 567/1002/5 566/1003/5 565/1004/5
f 560/1005/21 554/1006/21 558/1007/21
f 566/1008/7 561/1009/7 565/1010/7
f 567/1011/22 561/1012/22 563/1013/22
f 564/1014/23 566/1015/23 568/1016/23
f 569/1017/2 572/1018/2 571/1019/2
f 576/1020/5 573/1021/5 575/1022/5
f 574/1023/7 569/1024/7 573/1025/7
f 578/1026/2 579/1027/2 577/1028/2
f 583/1029/5 582/1030/5 581/1031/5
f 572/1032/24 574/1033/24 576/1034/24
f 581/1035/7 578/1036/7 577/1037/7
f 579/1038/25 581/1039/25 577/1006/25
f 586/1040/2 587/1041/2 585/1042/2
f 592/1043/5 589/1044/5 591/1045/5
f 580/1046/26 582/1047/26 584/1048/26
f 589/1049/7 586/1050/7 585/1051/7
f 591/1052/4 585/1053/4 587/1054/4
f 592/1055/27 586/1056/27 590/1057/27
f 594/1058/2 595/1059/2 593/1060/2
f 600/1061/5 597/1062/5 599/1063/5
f 598/1064/7 593/1065/7 597/1066/7
f 602/1067/2 603/1068/2 601/1069/2
f 607/1070/5 606/1071/5 605/1072/5
f 600/1073/28 594/1046/28 598/1074/28
f 606/1075/7 601/1076/7 605/1077/7
f 603/1078/29 605/1079/29 601/1080/29
f 610/1081/2 611/1082/2 609/1083/2
f 615/1084/5 614/1085/5 613/1086/5
f 608/1087/30 602/1088/30 606/1089/30
f 614/1090/7 609/1091/7 613/1092/7
f 611/1093/4 613/1094/4 609/1095/4
f 616/1096/31 610/1097/31 614/1098/31
f 618/1099/2 619/1100/2 617/1101/2
f 623/1102/5 622/1103/5 621/1104/5
f 622/1105/7 617/1106/7 621/1107/7
f 626/1108/2 627/1109/2 625/1110/2
f 632/1111/5 629/1112/5 631/1113/5
f 624/1114/32 618/1115/32 622/1116/32
f 629/1117/7 626/1118/7 625/1119/7
f 631/1120/33 625/1121/33 627/1122/33
f 633/1123/2 636/1124/2 635/1125/2
f 640/1126/5 637/1127/5 639/1128/5
f 628/1129/3 630/1130/3 632/1131/3
f 638/1132/7 633/1133/7 637/1134/7
f 635/1135/34 637/1136/34 633/1137/34
f 636/1138/3 638/1139/3 640/1140/3
f 641/1141/2 644/1142/2 643/1143/2
f 648/1144/5 645/1145/5 647/1146/5
f 646/1147/7 641/1148/7 645/1149/7
f 650/1150/2 651/1151/2 649/1152/2
f 656/1153/5 653/1154/5 655/1155/5
f 644/1156/35 646/1157/35 648/1158/35
f 653/1159/7 650/1160/7 649/1161/7
f 655/1162/36 649/1163/36 651/1164/36
f 658/1165/2 659/1166/2 657/1167/2
f 664/1168/5 661/1169/5 663/1170/5
f 656/1171/37 650/1172/37 654/1173/37
f 661/1174/7 658/1175/7 657/1176/7
f 659/1177/38 661/1178/38 657/1179/38
f 660/1180/39 662/1181/39 664/1182/39
f 665/1183/2 668/1184/2 667/1185/2
f 671/1186/5 670/1187/5 669/1188/5
f 670/1189/7 665/1190/7 669/1191/7
f 674/1192/2 675/1193/2 673/1194/2
f 679/1195/5 678/1196/5 677/1197/5
f 668/1198/40 670/1199/40 672/1200/40
f 677/1201/7 674/1202/7 673/1203/7
f 679/1204/41 673/1205/41 675/1206/41
f 682/1207/2 683/1208/2 681/1209/2
f 687/1210/5 686/1211/5 685/1212/5
f 676/1213/42 678/1214/42 680/1215/42
f 686/1216/7 681/1217/7 685/1218/7
f 687/1219/43 681/1220/43 683/1221/43
f 688/1222/44 682/1223/44 686/1224/44
f 676/1225/1 679/1226/1 675/1227/1
f 500/1228/1 503/1229/1 499/1135/1
f 516/1230/1 519/1231/1 515/1232/1
f 690/1233/7 691/1234/7 689/1235/7
f 696/1236/1 693/1237/1 695/1238/1
f 694/1239/5 689/1240/5 693/1241/5
f 698/1242/7 699/1243/7 697/1244/7
f 703/1245/1 702/1246/1 701/1247/1
f 692/1248/3 694/1249/3 696/1250/3
f 702/1251/5 697/1252/5 701/1253/5
f 703/1254/45 697/1255/45 699/1256/45
f 706/1257/7 707/1258/7 705/1259/7
f 711/1260/1 710/1261/1 709/1262/1
f 704/1263/46 698/1264/46 702/1265/46
f 709/1266/5 706/1267/5 705/1268/5
f 707/1269/47 709/1270/47 705/1271/47
f 708/1272/48 710/1273/48 712/1274/48
f 714/1275/7 715/1276/7 713/1277/7
f 720/1278/1 717/1279/1 719/1280/1
f 718/1281/5 713/1282/5 717/1283/5
f 721/1284/7 724/1285/7 723/1286/7
f 727/1287/1 726/1288/1 725/1289/1
f 720/1290/3 714/1291/3 718/1292/3
f 725/1293/5 722/1294/5 721/1295/5
f 723/1296/49 725/1297/49 721/1176/49
f 730/1298/7 731/1299/7 729/1300/7
f 735/1045/1 734/1301/1 733/1302/1
f 728/1303/50 722/1304/50 726/1305/50
f 734/1306/5 729/1307/5 733/1308/5
f 735/1309/51 729/1310/51 731/1311/51
f 732/1312/52 734/1313/52 736/1314/52
f 737/1315/7 740/1316/7 739/1317/7
f 743/1318/1 742/1319/1 741/1320/1
f 742/1321/5 737/1322/5 741/1323/5
f 746/1324/7 747/1325/7 745/1326/7
f 751/1327/1 750/1328/1 749/1329/1
f 740/1330/53 742/1331/53 744/1332/53
f 750/1333/5 745/1334/5 749/1335/5
f 747/1336/4 749/1337/4 745/1338/4
f 754/1339/7 755/1340/7 753/1341/7
f 759/1342/1 758/1343/1 757/1344/1
f 752/1345/54 746/1346/54 750/1347/54
f 758/1348/5 753/1349/5 757/1350/5
f 759/1351/55 753/1352/55 755/1353/55
f 756/1354/56 758/1355/56 760/1356/56
f 761/1357/7 764/1358/7 763/1359/7
f 768/1360/1 765/1361/1 767/1362/1
f 766/1363/5 761/1364/5 765/1365/5
f 770/1366/7 771/1367/7 769/1368/7
f 775/1369/1 774/1370/1 773/1371/1
f 764/1372/57 766/1373/57 768/1374/57
f 773/1375/5 770/1376/5 769/1377/5
f 771/1378/58 773/1379/58 769/1380/58
f 778/1381/7 779/1382/7 777/1383/7
f 784/1384/1 781/1385/1 783/1386/1
f 772/1387/59 774/1217/59 776/1388/59
f 781/1389/5 778/1390/5 777/1391/5
f 783/1392/4 777/1393/4 779/1394/4
f 784/1395/60 778/1392/60 782/1396/60
f 786/1397/7 787/1398/7 785/1399/7
f 792/894/1 789/1400/1 791/1401/1
f 790/1402/5 785/1403/5 789/1404/5
f 794/1405/7 795/1406/7 793/1407/7
f 799/1408/1 798/1409/1 797/1410/1
f 792/1411/61 786/1412/61 790/1413/61
f 798/1414/5 793/1415/5 797/1416/5
f 795/1417/62 797/1418/62 793/1419/62
f 802/1420/7 803/1421/7 801/1422/7
f 807/1423/1 806/1424/1 805/1425/1
f 800/1426/63 794/1427/63 798/1428/63
f 806/1429/5 801/1430/5 805/1431/5
f 803/1432/4 805/1433/4 801/1070/4
f 808/1434/64 802/1435/64 806/1436/64
f 810/1437/7 811/1438/7 809/1439/7
f 815/1440/1 814/1441/1 813/1442/1
f 814/1443/5 809/1444/5 813/1445/5
f 818/1446/7 819/1447/7 817/1448/7
f 824/1449/1 821/1450/1 823/1451/1
f 816/1452/65 810/1453/65 814/1454/65
f 821/1455/5 818/1456/5 817/1457/5
f 823/1458/66 817/1459/66 819/1460/66
f 825/1461/7 828/1462/7 827/1463/7
f 832/1464/1 829/1465/1 831/1466/1
f 820/1467/3 822/1468/3 824/1347/3
f 830/1469/5 825/1470/5 829/1471/5
f 827/1472/67 829/1473/67 825/1474/67
f 828/1475/3 830/1476/3 832/1477/3
f 833/1478/7 836/1479/7 835/1041/7
f 840/1480/1 837/1481/1 839/1482/1
f 838/1483/5 833/1484/5 837/1485/5
f 842/1486/7 843/1487/7 841/1031/7
f 848/1488/1 845/1489/1 847/1490/1
f 836/1491/68 838/1492/68 840/1493/68
f 845/1494/5 842/1495/5 841/1496/5
f 847/1497/69 841/1021/69 843/1498/69
f 850/1499/7 851/1500/7 849/1501/7
f 856/1502/1 853/1503/1 855/1504/1
f 848/1505/70 842/1506/70 846/1507/70
f 853/1508/5 850/1509/5 849/1510/5
f 851/1387/71 853/1511/71 849/1512/71
f 852/1513/72 854/1514/72 856/1515/72
f 857/1516/7 860/1517/7 859/1518/7
f 863/1519/1 862/1520/1 861/1521/1
f 862/1522/5 857/1523/5 861/1524/5
f 866/1525/7 867/1526/7 865/1527/7
f 871/1528/1 870/1529/1 869/1530/1
f 860/1531/73 862/1532/73 864/1533/73
f 869/1534/5 866/1535/5 865/1536/5
f 871/1537/74 865/1538/74 867/1539/74
f 874/1540/7 875/1541/7 873/1542/7
f 879/1543/1 878/1544/1 877/1545/1
f 868/1546/75 870/1547/75 872/1548/75
f 878/1549/5 873/1550/5 877/1551/5
f 879/1552/76 873/1553/76 875/1554/76
f 880/1555/77 874/1556/77 878/1557/77
f 868/1558/2 871/1559/2 867/1560/2
f 691/1561/2 696/1562/2 695/1563/2
f 708/1564/2 711/1565/2 707/1566/2
f 882/1567/1 883/1568/1 881/1569/1
f 887/1570/7 886/1571/7 885/1572/7
f 886/1573/2 881/1574/2 885/1575/2
f 890/1576/1 891/1577/1 889/1578/1
f 895/1579/7 894/1580/7 893/1581/7
f 884/1582/78 886/1583/78 888/1584/78
f 894/1585/2 889/1586/2 893/1587/2
f 895/1588/79 889/1318/79 891/1589/79
f 897/1590/1 900/1591/1 899/1592/1
f 903/1593/7 902/1594/7 901/1595/7
f 896/1323/80 890/1149/80 894/1596/80
f 901/1597/2 898/1598/2 897/1599/2
f 899/1600/81 901/1601/81 897/1501/81
f 904/1602/82 898/1603/82 902/1604/82
f 906/1605/1 907/1278/1 905/1606/1
f 911/1607/7 910/1608/7 909/1609/7
f 910/1610/2 905/1611/2 909/1612/2
f 913/1613/1 916/1614/1 915/1615/1
f 919/1616/7 918/989/7 917/1448/7
f 908/1617/83 910/1618/83 912/1619/83
f 917/956/2 914/1620/2 913/1621/2
f 915/1622/84 917/1623/84 913/1624/84
f 921/1625/1 924/1626/1 923/1627/1
f 927/1628/7 926/1629/7 925/1630/7
f 920/1631/85 914/1632/85 918/1633/85
f 926/1634/2 921/1635/2 925/1636/2
f 923/1637/4 925/1638/4 921/1639/4
f 924/1124/86 926/1640/86 928/1641/86
f 929/1642/1 932/1643/1 931/1644/1
f 935/1645/7 934/1646/7 933/906/7
f 934/1647/2 929/965/2 933/1648/2
f 938/1649/1 939/1019/1 937/1650/1
f 943/1651/7 942/1652/7 941/1653/7
f 932/1654/87 934/1655/87 936/1656/87
f 942/1657/2 937/1658/2 941/1659/2
f 939/1660/4 941/1661/4 937/1662/4
f 946/1663/1 947/1664/1 945/1665/1
f 951/1666/7 950/1667/7 949/1668/7
f 944/1669/88 938/1670/88 942/1671/88
f 950/1672/2 945/1673/2 949/1674/2
f 947/1675/4 949/1676/4 945/1677/4
f 952/1678/89 946/1679/89 950/1680/89
f 953/1681/1 956/1682/1 955/1683/1
f 959/1684/7 958/1685/7 957/1686/7
f 958/1687/2 953/1688/2 957/1689/2
f 962/1690/1 963/1691/1 961/1692/1
f 967/1693/7 966/1694/7 965/1695/7
f 960/1696/90 954/1697/90 958/1698/90
f 965/963/2 962/1699/2 961/1700/2
f 963/1701/91 965/1702/91 961/1703/91
f 970/1704/1 971/1705/1 969/1706/1
f 976/1707/7 973/1708/7 975/1709/7
f 964/1710/92 966/1711/92 968/1712/92
f 973/1713/2 970/1714/2 969/1715/2
f 975/1716/4 969/1717/4 971/1315/4
f 976/1718/93 970/1719/93 974/1720/93
f 977/1721/1 980/1722/1 979/1723/1
f 983/1724/7 982/1725/7 981/1726/7
f 982/1727/2 977/1728/2 981/1729/2
f 986/1730/1 987/1731/1 985/1732/1
f 991/1733/7 990/1734/7 989/1735/7
f 980/1736/94 982/1737/94 984/1738/94
f 990/1739/2 985/1740/2 989/1741/2
f 987/1742/95 989/1497/95 985/1743/95
f 994/1744/1 995/1745/1 993/1746/1
f 1000/1747/7 997/1748/7 999/1749/7
f 992/1750/96 986/1751/96 990/1752/96
f 998/1753/2 993/1754/2 997/1755/2
f 999/1756/97 993/1757/97 995/1758/97
f 996/1759/3 998/1760/3 1000/1761/3
f 1002/1762/1 1003/1763/1 1001/1764/1
f 1007/1765/7 1006/1766/7 1005/1767/7
f 1006/1768/2 1001/1769/2 1005/1770/2
f 1010/1771/1 1011/1772/1 1009/1773/1
f 1016/1774/7 1013/1775/7 1015/1776/7
f 1008/1777/98 1002/1778/98 1006/1779/98
f 1013/1780/2 1010/1781/2 1009/1782/2
f 1015/1783/99 1009/1784/99 1011/1785/99
f 1018/1786/1 1019/1787/1 1017/1788/1
f 1023/1789/7 1022/1790/7 1021/1791/7
f 1012/1792/3 1014/1793/3 1016/410/3
f 1022/1794/2 1017/1795/2 1021/1796/2
f 1019/1797/100 1021/1798/100 1017/1799/100
f 1024/1800/3 1018/1801/3 1022/1802/3
f 1025/1803/1 1028/1804/1 1027/1805/1
f 1032/1806/7 1029/1807/7 1031/1808/7
f 1030/1809/2 1025/1810/2 1029/1811/2
f 1034/1812/1 1035/1813/1 1033/1814/1
f 1040/1815/7 1037/1816/7 1039/1817/7
f 1028/1818/101 1030/1777/101 1032/1819/101
f 1037/1820/2 1034/1821/2 1033/1822/2
f 1039/1823/102 1033/1824/102 1035/941/102
f 1041/1825/1 1044/1826/1 1043/1827/1
f 1048/1828/7 1045/1829/7 1047/1830/7
f 1040/1831/103 1034/1832/103 1038/1833/103
f 1045/1834/2 1042/1835/2 1041/1836/2
f 1047/1837/104 1041/1838/104 1043/1839/104
f 1044/1840/3 1046/1841/3 1048/1842/3
f 1049/1843/1 1052/1844/1 1051/1845/1
f 1056/1846/7 1053/1847/7 1055/1848/7
f 1054/1849/2 1049/1850/2 1053/1851/2
f 1058/1852/1 1059/1853/1 1057/1854/1
f 1063/1855/7 1062/1856/7 1061/1857/7
f 1052/1764/105 1054/1858/105 1056/1859/105
f 1061/1860/2 1058/1861/2 1057/1862/2
f 1063/1863/106 1057/1864/106 1059/1865/106
f 1066/1866/1 1067/1867/1 1065/1868/1
f 1071/1869/7 1070/1870/7 1069/1871/7
f 1060/1872/107 1062/1873/107 1064/1874/107
f 1070/1875/2 1065/1876/2 1069/1550/2
f 1067/1677/4 1069/1877/4 1065/1878/4
f 1072/1879/3 1066/1880/3 1070/1881/3
f 900/1882/5 903/1883/5 899/1884/5
f 884/1885/5 887/1886/5 883/1887/5
f 1060/1888/5 1063/1889/5 1059/1890/5
f 1074/1652/5 1075/1891/5 1073/1892/5
f 1080/1893/2 1077/1894/2 1079/1895/2
f 1078/1896/1 1073/1897/1 1077/1898/1
f 1082/1899/5 1083/1900/5 1081/1901/5
f 1087/1902/2 1086/1903/2 1085/1904/2
f 1076/1446/3 1078/1905/3 1080/1906/3
f 1086/1907/1 1081/1908/1 1085/1909/1
f 1087/1910/108 1081/1911/108 1083/1912/108
f 1090/1913/5 1091/1914/5 1089/1915/5
f 1095/1916/2 1094/1917/2 1093/1918/2
f 1088/1919/109 1082/1920/109 1086/1921/109
f 1093/1922/1 1090/1923/1 1089/1924/1
f 1091/1925/110 1093/1926/110 1089/1927/110
f 1092/1928/111 1094/1929/111 1096/1930/111
f 1098/1931/5 1099/1932/5 1097/1933/5
f 1104/1934/2 1101/1935/2 1103/1936/2
f 1102/1937/1 1097/1938/1 1101/1939/1
f 1105/1940/5 1108/1941/5 1107/1942/5
f 1111/1943/2 1110/1944/2 1109/1945/2
f 1104/1946/3 1098/1792/3 1102/1947/3
f 1109/1948/1 1106/1949/1 1105/1950/1
f 1107/1951/112 1109/1952/112 1105/1953/112
f 1114/1954/5 1115/1955/5 1113/957/5
f 1119/1956/2 1118/1957/2 1117/1958/2
f 1112/1959/113 1106/1960/113 1110/1961/113
f 1118/1962/1 1113/1963/1 1117/1964/1
f 1119/1965/114 1113/1966/114 1115/1561/114
f 1116/1967/115 1118/1968/115 1120/1969/115
f 1121/1970/5 1124/1971/5 1123/1972/5
f 1127/1973/2 1126/1974/2 1125/1975/2
f 1126/1976/1 1121/1047/1 1125/1977/1
f 1130/1978/5 1131/1979/5 1129/1980/5
f 1135/1981/2 1134/1982/2 1133/1983/2
f 1124/1984/116 1126/1985/116 1128/1986/116
f 1134/1987/1 1129/1988/1 1133/1989/1
f 1131/1990/4 1133/1991/4 1129/1992/4
f 1138/1993/5 1139/1994/5 1137/1995/5
f 1143/1996/2 1142/1997/2 1141/1998/2
f 1136/1999/117 1130/2000/117 1134/2001/117
f 1142/2002/1 1137/2003/1 1141/2004/1
f 1143/2005/118 1137/2006/118 1139/2007/118
f 1140/2008/119 1142/2009/119 1144/2010/119
f 1146/2011/5 1147/2012/5 1145/2013/5
f 1151/2014/2 1150/2015/2 1149/2016/2
f 1150/2017/1 1145/2018/1 1149/2019/1
f 1147/2020/120 1149/2021/120 1145/2022/120
f 1152/2023/121 1146/2024/121 1150/1572/121
f 1154/2025/5 1155/2026/5 1153/2027/5
f 1159/2028/2 1158/2029/2 1157/2030/2
f 1158/2031/1 1153/2032/1 1157/2033/1
f 1162/2034/5 1163/2035/5 1161/2036/5
f 1168/2037/2 1165/2038/2 1167/2039/2
f 1160/2040/122 1154/2041/122 1158/2042/122
f 1165/2043/1 1162/1876/1 1161/2044/1
f 1167/2045/123 1161/2046/123 1163/2047/123
f 1169/2048/5 1172/2049/5 1171/2050/5
f 1176/2051/2 1173/2052/2 1175/2053/2
f 1168/1476/3 1162/2054/3 1166/1477/3
f 1174/1351/1 1169/2055/1 1173/2056/1
f 1171/2057/124 1173/2058/124 1169/2059/124
f 1172/1178/3 1174/2060/3 1176/2061/3
f 1177/2062/5 1180/2063/5 1179/1302/5
f 1184/2064/2 1181/2065/2 1183/1728/2
f 1182/2066/1 1177/1485/1 1181/2067/1
f 1186/2068/5 1187/2069/5 1185/2070/5
f 1192/2071/2 1189/2072/2 1191/2073/2
f 1180/2074/125 1182/2075/125 1184/2076/125
f 1189/2077/1 1186/2078/1 1185/2079/1
f 1191/2080/126 1185/2081/126 1187/2082/126
f 1194/2083/5 1195/2084/5 1193/2085/5
f 1200/2086/2 1197/2087/2 1199/2088/2
f 1192/2089/127 1186/2042/127 1190/2090/127
f 1197/2091/1 1194/2092/1 1193/2093/1
f 1195/2094/128 1197/2095/128 1193/2096/128
f 1196/2097/129 1198/2098/129 1200/2099/129
f 1201/2100/5 1204/2101/5 1203/2102/5
f 1207/2103/2 1206/2104/2 1205/1398/2
f 1206/2105/1 1201/1066/1 1205/2106/1
f 1210/2107/5 1211/2108/5 1209/2109/5
f 1215/1595/2 1214/2110/2 1213/2111/2
f 1204/2112/130 1206/1919/130 1208/2113/130
f 1213/2114/1 1210/2115/1 1209/2116/1
f 1215/2117/131 1209/2118/131 1211/2119/131
f 1218/2120/5 1219/2121/5 1217/2122/5
f 1223/2123/2 1222/2124/2 1221/2125/2
f 1212/2126/132 1214/2127/132 1216/1537/132
f 1222/2128/1 1217/2129/1 1221/2130/1
f 1223/2131/133 1217/2132/133 1219/2133/133
f 1224/2134/134 1218/1524/134 1222/1523/134
f 1212/2135/7 1215/2136/7 1211/2137/7
f 1076/2138/7 1079/1138/7 1075/1140/7
f 1092/2139/7 1095/2140/7 1091/2141/7
f 1228/2142/7 1261/2143/7 1251/2144/7
f 1229/2145/5 1235/2146/5 1236/2147/5
f 1245/2148/1 1237/2149/1 1247/2150/1
f 1232/2151/10 1238/2152/10 1235/2153/10
f 1230/2154/8 1236/2147/8 1237/2155/8
f 1261/2143/7 1231/2156/7 1254/2157/7
f 1263/2158/1 1241/2159/1 1240/2160/1
f 1262/2161/1 1234/2162/1 1239/2163/1
f 1233/2164/2 1241/2165/2 1239/2166/2
f 1237/2155/8 1226/2167/8 1225/2168/8
f 1235/2153/10 1228/2142/10 1227/2169/10
f 1243/2170/1 1237/2149/1 1225/2171/1
f 1236/2147/5 1227/2172/5 1226/2167/5
f 1264/2173/4 1239/2174/4 1241/2175/4
f 1239/2163/1 1242/2176/1 1233/2177/1
f 1234/2162/1 1246/2178/1 1239/2163/1
f 1244/2179/1 1247/2150/1 1246/2178/1
f 1247/2150/1 1242/2176/1 1246/2178/1
f 1258/2180/2 1252/2181/2 1259/2182/2
f 1260/2183/1 1268/2184/1 1270/2185/1
f 1261/2186/11 1255/2187/11 1258/2180/11
f 1259/2188/9 1253/2189/9 1260/2183/9
f 1264/2165/5 1256/2190/5 1262/2191/5
f 1249/2192/9 1260/2183/9 1248/2193/9
f 1251/2194/11 1258/2180/11 1250/2195/11
f 1248/2193/1 1270/2185/1 1266/2196/1
f 1250/2195/2 1259/2182/2 1249/2197/2
f 1265/2198/1 1262/2161/1 1256/2199/1
f 1269/2200/1 1257/2201/1 1262/2161/1
f 1270/2185/1 1267/2202/1 1269/2200/1
f 1265/2198/1 1270/2185/1 1269/2200/1
f 1272/2203/5 1300/2204/5 1299/2205/5
f 1274/2206/7 1301/2207/7 1300/2208/7
f 1278/2209/2 1302/2210/2 1301/2211/2
f 1271/2212/5 1313/2213/5 1312/2214/5
f 1274/2215/3 1276/2216/3 1278/2217/3
f 1272/2218/135 1281/2219/135 1276/2216/135
f 1302/2210/2 1281/2220/2 1304/2221/2
f 1285/2222/1 1305/2223/1 1306/2224/1
f 1279/2225/5 1314/2226/5 1313/2213/5
f 1280/2227/3 1285/2228/3 1281/2219/3
f 1281/2220/2 1306/2229/2 1304/2221/2
f 1290/2230/1 1333/2231/1 1334/2232/1
f 1333/2233/3 1287/2234/3 1331/2235/3
f 1335/2236/7 1292/2237/7 1336/2238/7
f 1287/2239/2 1290/2240/2 1288/2241/2
f 1294/2237/1 1337/2242/1 1338/2238/1
f 1337/2243/3 1291/2244/3 1335/2245/3
f 1339/2246/7 1296/2247/7 1340/2248/7
f 1292/2249/2 1293/2250/2 1294/2251/2
f 1298/2247/1 1341/2252/1 1342/2248/1
f 1341/2235/3 1295/2253/3 1339/2243/3
f 1296/2254/2 1297/2255/2 1298/2256/2
f 1304/2257/4 1311/2258/4 1310/2259/4
f 1303/2260/5 1284/2261/5 1280/2262/5
f 1311/2258/4 1305/2263/4 1314/2264/4
f 1302/2265/136 1310/2259/136 1309/2266/136
f 1299/2205/5 1280/2262/5 1272/2203/5
f 1301/2267/4 1309/2266/4 1308/2268/4
f 1307/2269/3 1301/2269/3 1308/2269/3
f 1299/2270/4 1307/2271/4 1312/2272/4
f 1312/2214/5 1273/2273/5 1271/2212/5
f 1307/2274/7 1277/2275/7 1273/2276/7
f 1308/2277/2 1275/2278/2 1277/2279/2
f 1275/2278/2 1310/2280/2 1282/2281/2
f 1311/2282/1 1283/2283/1 1286/2284/1
f 1310/2280/2 1286/2285/2 1282/2281/2
f 1303/2286/4 1314/2264/4 1305/2263/4
f 1312/2272/136 1303/2286/136 1299/2270/136
f 1344/2287/2 1316/2288/2 1343/2289/2
f 1345/2290/7 1318/2291/7 1344/2292/7
f 1346/2293/5 1322/2294/5 1345/2295/5
f 1357/2296/2 1315/2297/2 1356/2298/2
f 1320/2299/3 1318/2300/3 1322/2301/3
f 1325/2302/135 1316/2303/135 1320/2299/135
f 1346/2293/5 1325/2304/5 1320/2305/5
f 1349/2306/1 1329/1108/1 1350/2307/1
f 1358/2308/2 1323/2309/2 1357/2296/2
f 1329/2310/3 1324/2311/3 1325/2302/3
f 1350/2312/5 1325/2304/5 1348/2313/5
f 1334/2239/5 1331/2314/5 1332/2315/5
f 1336/2316/5 1337/2317/5 1335/2318/5
f 1340/2319/5 1341/2320/5 1339/2321/5
f 1355/2322/4 1348/2323/4 1354/2324/4
f 1328/2325/2 1347/2326/2 1324/2327/2
f 1358/2328/4 1350/2329/4 1355/2322/4
f 1353/2330/136 1348/2323/136 1346/2331/136
f 1324/2327/2 1343/2289/2 1316/2288/2
f 1353/2330/4 1345/2332/4 1352/2333/4
f 1351/2269/3 1345/2269/3 1344/2269/3
f 1351/2334/4 1343/2335/4 1356/2336/4
f 1317/2337/2 1356/2298/2 1315/2297/2
f 1321/2338/7 1351/2339/7 1317/2340/7
f 1319/2341/5 1352/2342/5 1321/2343/5
f 1319/2341/5 1354/2344/5 1353/2345/5
f 1327/2346/1 1355/2347/1 1330/2348/1
f 1330/2349/5 1354/2344/5 1326/2350/5
f 1347/2351/4 1358/2328/4 1357/2352/4
f 1343/2335/136 1357/2352/136 1356/2336/136
f 1331/2230/7 1288/2353/7 1332/2354/7
f 1362/2355/3 1359/2356/3 1361/2357/3
f 1363/2358/3 1366/2359/3 1365/2360/3
f 1379/2361/137 1390/2362/137 1382/2363/137
f 1373/2364/1 1376/2365/1 1368/2366/1
f 1369/2367/7 1380/2368/7 1372/2369/7
f 1374/2370/138 1381/2371/138 1373/2364/138
f 1370/2372/139 1377/2373/139 1369/2367/139
f 1371/2374/2 1382/2375/2 1374/2376/2
f 1367/2377/5 1378/2378/5 1370/2379/5
f 1372/2369/140 1379/2380/140 1371/2381/140
f 1368/2366/141 1375/2382/141 1367/2383/141
f 1375/2384/142 1386/2385/142 1378/2386/142
f 1380/2387/143 1387/2388/143 1379/2361/143
f 1376/2389/144 1383/2390/144 1375/2384/144
f 1381/2391/145 1384/2392/145 1376/2389/145
f 1377/2393/146 1388/2394/146 1380/2387/146
f 1381/2391/147 1390/2362/147 1389/2395/147
f 1377/2393/148 1386/2385/148 1385/2396/148
f 1373/2397/4 1368/2398/4 1372/2399/4
f 1392/2400/4 1391/2401/4 1393/2402/4
f 1403/2403/3 1414/2404/3 1406/2405/3
f 1397/2406/1 1400/2407/1 1392/2408/1
f 1393/2409/7 1404/2410/7 1396/2411/7
f 1398/2412/9 1405/2413/9 1397/2406/9
f 1394/2414/10 1401/2415/10 1393/2409/10
f 1395/2416/2 1406/2417/2 1398/2418/2
f 1391/2419/5 1402/2420/5 1394/2421/5
f 1396/2422/11 1403/2423/11 1395/2416/11
f 1392/2424/8 1399/2425/8 1391/2419/8
f 1409/2426/1 1420/2427/1 1412/2428/1
f 1399/2429/3 1410/2430/3 1402/2431/3
f 1403/2403/3 1412/2432/3 1411/2433/3
f 1400/2434/3 1407/2435/3 1399/2429/3
f 1405/2436/3 1408/2437/3 1400/2434/3
f 1401/2438/3 1412/2432/3 1404/2439/3
f 1406/2405/3 1413/2440/3 1405/2436/3
f 1401/2438/3 1410/2430/3 1409/2441/3
f 1414/2442/10 1421/2443/10 1413/2444/10
f 1410/2445/9 1417/2446/9 1409/2426/9
f 1411/2447/5 1422/2448/5 1414/2449/5
f 1407/2450/2 1418/2451/2 1410/2452/2
f 1412/2453/8 1419/2454/8 1411/2447/8
f 1408/2455/11 1415/2456/11 1407/2450/11
f 1413/2444/7 1416/2457/7 1408/2458/7
f 1424/2459/3 1425/2460/3 1426/2461/3
f 1430/2462/4 1428/2463/4 1429/2464/4
f 1427/2465/149 1435/2466/149 1437/2467/149
f 1430/2468/7 1438/2469/7 1435/2470/7
f 1436/2471/1 1427/2472/1 1437/2473/1
f 1433/2474/1 1423/2475/1 1424/2476/1
f 1431/2477/7 1426/2478/7 1425/2479/7
f 1432/2480/2 1425/2481/2 1423/2482/2
f 1434/2483/7 1435/2470/7 1438/2469/7
f 1432/2484/150 1435/2485/150 1431/2486/150
f 1449/2487/1 1453/2488/1 1448/2489/1
f 1440/2490/3 1441/2491/3 1442/2492/3
f 1446/2493/4 1444/2494/4 1445/2495/4
f 1443/2496/149 1451/2497/149 1453/2498/149
f 1446/2499/7 1454/2500/7 1451/2501/7
f 1452/2502/1 1443/2503/1 1453/2488/1
f 1449/2487/1 1439/2504/1 1440/2505/1
f 1447/2506/7 1442/2507/7 1441/2508/7
f 1448/2509/2 1441/2510/2 1439/2511/2
f 1450/2512/7 1451/2501/7 1454/2500/7
f 1448/2513/150 1451/2514/150 1447/2515/150
f 1465/2516/1 1469/2517/1 1464/2518/1
f 1456/2519/3 1457/2520/3 1458/2521/3
f 1462/2522/4 1460/2523/4 1461/2524/4
f 1459/2525/149 1467/2526/149 1469/2527/149
f 1462/2528/7 1470/2529/7 1467/2530/7
f 1468/2531/1 1459/2532/1 1469/2517/1
f 1465/2516/1 1455/2533/1 1456/2534/1
f 1463/2535/7 1458/2536/7 1457/2537/7
f 1464/2538/2 1457/2539/2 1455/2540/2
f 1466/2541/7 1467/2530/7 1470/2529/7
f 1464/2542/151 1467/2543/151 1463/2544/151
f 1481/2545/1 1485/2546/1 1480/2547/1
f 1472/2548/3 1473/2549/3 1474/2550/3
f 1478/2551/4 1476/2552/4 1477/2553/4
f 1475/2554/149 1483/2555/149 1485/2556/149
f 1478/2557/7 1486/2558/7 1483/2559/7
f 1484/2560/1 1475/2561/1 1485/2546/1
f 1481/2545/1 1471/2562/1 1472/2563/1
f 1479/2564/7 1474/2565/7 1473/2566/7
f 1480/2567/2 1473/2568/2 1471/2569/2
f 1497/2570/2 1501/2571/2 1496/2572/2
f 1482/2573/7 1483/2559/7 1486/2558/7
f 1480/2574/150 1483/2575/150 1479/2576/150
f 1488/2577/3 1489/2578/3 1490/2579/3
f 1494/2580/4 1492/2581/4 1493/2582/4
f 1491/2583/152 1499/2584/152 1501/2585/152
f 1494/2586/5 1502/2587/5 1499/2588/5
f 1500/2589/2 1491/2590/2 1501/2571/2
f 1497/2570/2 1487/2591/2 1488/2592/2
f 1495/2593/5 1490/2594/5 1489/2595/5
f 1496/2596/7 1489/2597/7 1487/2598/7
f 1498/2599/5 1499/2588/5 1502/2587/5
f 1496/2600/153 1499/2601/153 1495/2602/153
f 1513/2603/2 1517/2604/2 1512/2605/2
f 1504/2606/3 1505/2607/3 1506/2608/3
f 1510/2609/4 1508/2610/4 1509/2611/4
f 1507/2612/152 1515/2613/152 1517/2614/152
f 1510/2615/5 1518/2616/5 1515/2617/5
f 1516/2618/2 1507/2619/2 1517/2604/2
f 1513/2603/2 1503/2620/2 1504/2621/2
f 1511/2622/5 1506/2623/5 1505/2624/5
f 1512/2625/7 1505/2626/7 1503/2627/7
f 1514/2628/5 1515/2617/5 1518/2616/5
f 1512/2629/153 1515/2630/153 1511/2631/153
f 1529/2632/2 1533/2633/2 1528/2634/2
f 1520/2635/3 1521/2636/3 1522/2637/3
f 1526/2638/4 1524/2639/4 1525/2640/4
f 1523/2641/152 1531/2642/152 1533/2643/152
f 1526/2644/5 1534/2645/5 1531/2646/5
f 1532/2647/2 1523/2648/2 1533/2633/2
f 1529/2632/2 1519/2649/2 1520/2650/2
f 1527/2651/5 1522/2652/5 1521/2653/5
f 1528/2654/7 1521/2655/7 1519/2656/7
f 1530/2657/5 1531/2646/5 1534/2645/5
f 1528/2631/153 1531/2658/153 1527/2659/153
f 1545/2660/2 1549/2661/2 1544/2662/2
f 1536/2663/3 1537/2664/3 1538/2665/3
f 1542/2666/4 1540/2667/4 1541/2668/4
f 1539/2669/152 1547/2670/152 1549/2671/152
f 1542/2672/5 1550/2673/5 1547/2674/5
f 1548/2675/2 1539/2676/2 1549/2661/2
f 1545/2660/2 1535/2677/2 1536/2678/2
f 1543/2679/5 1538/2680/5 1537/2681/5
f 1544/2682/7 1537/2683/7 1535/2684/7
f 1817/2685/7 1821/2686/7 1816/2687/7
f 1546/2688/5 1547/2674/5 1550/2673/5
f 1544/2689/153 1547/2690/153 1543/2691/153
f 1552/2692/3 1553/2693/3 1554/2694/3
f 1558/2695/4 1556/2696/4 1557/2697/4
f 1555/2698/152 1563/2699/152 1565/2700/152
f 1558/2701/5 1566/2702/5 1563/2703/5
f 1564/2704/2 1555/2705/2 1565/2706/2
f 1561/2707/2 1551/2708/2 1552/2709/2
f 1559/2710/5 1554/2711/5 1553/2712/5
f 1560/2713/7 1553/2714/7 1551/2715/7
f 1562/2716/5 1563/2703/5 1566/2702/5
f 1560/2717/153 1563/2718/153 1559/2719/153
f 1577/2720/2 1581/2721/2 1576/2722/2
f 1568/2723/3 1569/2724/3 1570/2725/3
f 1574/2726/4 1572/2611/4 1573/2727/4
f 1571/2728/152 1579/2729/152 1581/2730/152
f 1574/2731/5 1582/2732/5 1579/2733/5
f 1580/2734/2 1571/2735/2 1581/2721/2
f 1577/2720/2 1567/2736/2 1568/2737/2
f 1575/2738/5 1570/2739/5 1569/2740/5
f 1576/2741/7 1569/2742/7 1567/2743/7
f 1578/2744/5 1579/2733/5 1582/2732/5
f 1576/2745/153 1579/2746/153 1575/2747/153
f 1593/2748/2 1597/2749/2 1592/2750/2
f 1584/2751/3 1585/2752/3 1586/2753/3
f 1590/2754/4 1588/2755/4 1589/2756/4
f 1587/2757/152 1595/2758/152 1597/2759/152
f 1590/2760/5 1598/2761/5 1595/2762/5
f 1596/2763/2 1587/2764/2 1597/2749/2
f 1593/2748/2 1583/2765/2 1584/2766/2
f 1591/2767/5 1586/2768/5 1585/2769/5
f 1592/2770/7 1585/2771/7 1583/2772/7
f 1594/2773/5 1595/2762/5 1598/2761/5
f 1592/2774/153 1595/2775/153 1591/2689/153
f 1609/2776/2 1613/2777/2 1608/2778/2
f 1600/2779/3 1601/2780/3 1602/2781/3
f 1606/2782/4 1604/2783/4 1605/2784/4
f 1603/2785/152 1611/2786/152 1613/2787/152
f 1606/2788/5 1614/2789/5 1611/2790/5
f 1612/2791/2 1603/2792/2 1613/2777/2
f 1609/2776/2 1599/2793/2 1600/2794/2
f 1607/2795/5 1602/2796/5 1601/2797/5
f 1608/2798/7 1601/2799/7 1599/2800/7
f 1625/2801/1 1629/2802/1 1624/2803/1
f 1610/2804/5 1611/2790/5 1614/2789/5
f 1608/2602/153 1611/2805/153 1607/2806/153
f 1616/2807/3 1617/2808/3 1618/2809/3
f 1622/2810/4 1620/2582/4 1621/2811/4
f 1619/2812/149 1627/2813/149 1629/2814/149
f 1622/2815/7 1630/2816/7 1627/2817/7
f 1628/2818/1 1619/2819/1 1629/2802/1
f 1625/2801/1 1615/2820/1 1616/2821/1
f 1623/2822/7 1618/2823/7 1617/2824/7
f 1624/2825/2 1617/2826/2 1615/2827/2
f 1626/2828/7 1627/2817/7 1630/2816/7
f 1624/2829/151 1627/2830/151 1623/2831/151
f 1641/2832/1 1645/2833/1 1640/2834/1
f 1632/2835/3 1633/2836/3 1634/2837/3
f 1638/2838/4 1636/2495/4 1637/2839/4
f 1635/2840/149 1643/2841/149 1645/2842/149
f 1638/2843/7 1646/2844/7 1643/2845/7
f 1644/2846/1 1635/2847/1 1645/2833/1
f 1641/2832/1 1631/2848/1 1632/2849/1
f 1639/2850/7 1634/2851/7 1633/2852/7
f 1640/2853/2 1633/2854/2 1631/2855/2
f 1642/2856/7 1643/2845/7 1646/2844/7
f 1640/2857/151 1643/2858/151 1639/2859/151
f 1657/2860/1 1661/2861/1 1656/2862/1
f 1648/2863/3 1649/2864/3 1650/2865/3
f 1654/2866/4 1652/2867/4 1653/2868/4
f 1651/2869/149 1659/2870/149 1661/2871/149
f 1654/2872/7 1662/2873/7 1659/2874/7
f 1660/2875/1 1651/2876/1 1661/2861/1
f 1657/2860/1 1647/2877/1 1648/2878/1
f 1655/2879/7 1650/2880/7 1649/2881/7
f 1656/2540/2 1649/2882/2 1647/2563/2
f 1658/2883/7 1659/2874/7 1662/2873/7
f 1656/2884/151 1659/2885/151 1655/2886/151
f 1673/2887/1 1677/2888/1 1672/2889/1
f 1664/2837/3 1665/2890/3 1666/2835/3
f 1670/2891/4 1668/2892/4 1669/2893/4
f 1667/2894/149 1675/2895/149 1677/2896/149
f 1670/2897/7 1678/2898/7 1675/2899/7
f 1676/2900/1 1667/2901/1 1677/2888/1
f 1673/2887/1 1663/2902/1 1664/2903/1
f 1671/2904/7 1666/2905/7 1665/2906/7
f 1672/2907/2 1665/2908/2 1663/2909/2
f 1689/2910/7 1693/2911/7 1688/2912/7
f 1674/2913/7 1675/2899/7 1678/2898/7
f 1672/2914/151 1675/2915/151 1671/2916/151
f 1680/2917/3 1681/2918/3 1682/2919/3
f 1686/2920/4 1684/2921/4 1685/2922/4
f 1683/2923/154 1691/2924/154 1693/2925/154
f 1686/2926/1 1694/2927/1 1691/2928/1
f 1692/2929/7 1683/2930/7 1693/2911/7
f 1689/2910/7 1679/2508/7 1680/2931/7
f 1687/2932/1 1682/2933/1 1681/2934/1
f 1688/2935/5 1681/2693/5 1679/2936/5
f 1690/2937/1 1691/2928/1 1694/2927/1
f 1688/2938/155 1691/2939/155 1687/2940/155
f 1705/2941/7 1709/2942/7 1704/2943/7
f 1696/2944/3 1697/2945/3 1698/2946/3
f 1702/2947/4 1700/2948/4 1701/2921/4
f 1699/2949/154 1707/2950/154 1709/2951/154
f 1702/2952/1 1710/2953/1 1707/2954/1
f 1708/2955/7 1699/2956/7 1709/2942/7
f 1705/2941/7 1695/2957/7 1696/2958/7
f 1703/2959/1 1698/2960/1 1697/2961/1
f 1704/2962/5 1697/2963/5 1695/2964/5
f 1706/2965/1 1707/2954/1 1710/2953/1
f 1704/2966/156 1707/2967/156 1703/2968/156
f 1721/2969/7 1725/2970/7 1720/2971/7
f 1712/2972/3 1713/2973/3 1714/2974/3
f 1718/2975/4 1716/2976/4 1717/2977/4
f 1715/2978/154 1723/2979/154 1725/2980/154
f 1718/2981/1 1726/2982/1 1723/2983/1
f 1724/2984/7 1715/2985/7 1725/2970/7
f 1721/2969/7 1711/2986/7 1712/2987/7
f 1719/2988/1 1714/2989/1 1713/2990/1
f 1720/2991/5 1713/2992/5 1711/2993/5
f 1722/2994/1 1723/2983/1 1726/2982/1
f 1720/2995/156 1723/2996/156 1719/2997/156
f 1737/2998/7 1741/2999/7 1736/3000/7
f 1728/3001/3 1729/3002/3 1730/3003/3
f 1734/3004/4 1732/3005/4 1733/3006/4
f 1731/3007/154 1739/3008/154 1741/3009/154
f 1734/3010/1 1742/3011/1 1739/3012/1
f 1740/3013/7 1731/3014/7 1741/2999/7
f 1737/2998/7 1727/3015/7 1728/3016/7
f 1735/3017/1 1730/3018/1 1729/3019/1
f 1736/3020/5 1729/3021/5 1727/3022/5
f 1753/3023/5 1757/3024/5 1752/3025/5
f 1738/3026/1 1739/3012/1 1742/3011/1
f 1736/3027/156 1739/3028/156 1735/3029/156
f 1744/3030/3 1745/3031/3 1746/3032/3
f 1750/3033/4 1748/3034/4 1749/3035/4
f 1747/3036/157 1755/3037/157 1757/3038/157
f 1750/3039/2 1758/3040/2 1755/3041/2
f 1756/3042/5 1747/3043/5 1757/3024/5
f 1753/3023/5 1743/3044/5 1744/3045/5
f 1751/3046/2 1746/3047/2 1745/3048/2
f 1752/3049/1 1745/3050/1 1743/3051/1
f 1754/3052/2 1755/3041/2 1758/3040/2
f 1752/3053/158 1755/3054/158 1751/3055/158
f 1769/3056/5 1773/3057/5 1768/3058/5
f 1760/3059/3 1761/3060/3 1762/3061/3
f 1765/2667/4 1763/2551/4 1764/3062/4
f 1763/3063/157 1771/3064/157 1773/3065/157
f 1766/3066/2 1774/3067/2 1771/3068/2
f 1772/3069/5 1763/3070/5 1773/3057/5
f 1769/3056/5 1759/3071/5 1760/3072/5
f 1767/3073/2 1762/3074/2 1761/3075/2
f 1768/3076/1 1761/3077/1 1759/3078/1
f 1770/3079/2 1771/3068/2 1774/3067/2
f 1768/3080/158 1771/2486/158 1767/3081/158
f 1785/3082/5 1789/3083/5 1784/3084/5
f 1778/3085/3 1775/3086/3 1777/3087/3
f 1781/3088/4 1779/3089/4 1780/3090/4
f 1779/3091/157 1787/3092/157 1789/3093/157
f 1782/3094/2 1790/3095/2 1787/3096/2
f 1788/3097/5 1779/3098/5 1789/3083/5
f 1785/3082/5 1775/3099/5 1776/3100/5
f 1783/3101/2 1778/3102/2 1777/3103/2
f 1784/3104/1 1777/3105/1 1775/3106/1
f 1786/3107/2 1787/3096/2 1790/3095/2
f 1784/3108/158 1787/2919/158 1783/3109/158
f 1801/3110/5 1805/3111/5 1800/3112/5
f 1792/3113/3 1793/3114/3 1794/3115/3
f 1798/2697/4 1796/3116/4 1797/2695/4
f 1795/3117/157 1803/3118/157 1805/3119/157
f 1798/3120/2 1806/3121/2 1803/3122/2
f 1804/3123/5 1795/3124/5 1805/3111/5
f 1801/3110/5 1791/3125/5 1792/3126/5
f 1799/3127/2 1794/3128/2 1793/3129/2
f 1800/3130/1 1793/3131/1 1791/3103/1
f 1802/3073/2 1803/3122/2 1806/3121/2
f 1800/3132/158 1803/3133/158 1799/3134/158
f 1808/3135/3 1809/3136/3 1810/3137/3
f 1814/3138/4 1812/3139/4 1813/3140/4
f 1811/3141/154 1819/3142/154 1821/3143/154
f 1814/3144/1 1822/3145/1 1819/3146/1
f 1820/3147/7 1811/3148/7 1821/2686/7
f 1817/2685/7 1807/3149/7 1808/3150/7
f 1815/3151/1 1810/3152/1 1809/3153/1
f 1816/3154/5 1809/3155/5 1807/3156/5
f 1818/2904/1 1819/3146/1 1822/3145/1
f 1816/3157/156 1819/3158/156 1815/3159/156
f 1833/3160/7 1837/3161/7 1832/3162/7
f 1824/3163/3 1825/3164/3 1826/3165/3
f 1830/3166/4 1828/3167/4 1829/3168/4
f 1827/3169/154 1835/3170/154 1837/3171/154
f 1830/3172/1 1838/3173/1 1835/3174/1
f 1836/3175/7 1827/3176/7 1837/3161/7
f 1833/3160/7 1823/3177/7 1824/3178/7
f 1831/2688/1 1826/3179/1 1825/2680/1
f 1832/3180/5 1825/3181/5 1823/2510/5
f 1834/3182/1 1835/3174/1 1838/3173/1
f 1832/3183/156 1835/3184/156 1831/3185/156
f 1849/3186/7 1853/3187/7 1848/3188/7
f 1840/3189/3 1841/3190/3 1842/3191/3
f 1846/3089/4 1844/3192/4 1845/3090/4
f 1843/3193/154 1851/3194/154 1853/3195/154
f 1846/3196/1 1854/3197/1 1851/3198/1
f 1852/3199/7 1843/3200/7 1853/3187/7
f 1849/3186/7 1839/3201/7 1840/3202/7
f 1847/3203/1 1842/3204/1 1841/3171/1
f 1848/3205/5 1841/3206/5 1839/3207/5
f 1850/3208/1 1851/3198/1 1854/3197/1
f 1848/3209/156 1851/3210/156 1847/3211/156
f 1865/3212/7 1869/3213/7 1864/3214/7
f 1856/3215/3 1857/3216/3 1858/3217/3
f 1862/2977/4 1860/3218/4 1861/2975/4
f 1859/3219/154 1867/3220/154 1869/2961/154
f 1862/3221/1 1870/3222/1 1867/3223/1
f 1868/3224/7 1859/3225/7 1869/3213/7
f 1865/3212/7 1855/3226/7 1856/3227/7
f 1863/3228/1 1858/3229/1 1857/2498/1
f 1864/3230/5 1857/3231/5 1855/3232/5
f 1881/3233/5 1885/3234/5 1880/3235/5
f 1866/3236/1 1867/3223/1 1870/3222/1
f 1864/3003/156 1867/3237/156 1863/3238/156
f 1872/3239/3 1873/3240/3 1874/2724/3
f 1878/3241/4 1876/3242/4 1877/3243/4
f 1875/3244/157 1883/3245/157 1885/3246/157
f 1878/3247/2 1886/3248/2 1883/3249/2
f 1884/3250/5 1875/3251/5 1885/3234/5
f 1881/3233/5 1871/3252/5 1872/3253/5
f 1879/3254/2 1874/3255/2 1873/3256/2
f 1880/3257/1 1873/3258/1 1871/2740/1
f 1882/3259/2 1883/3249/2 1886/3248/2
f 1880/3260/158 1883/2576/158 1879/3261/158
f 1897/3262/5 1901/3263/5 1896/3264/5
f 1890/3054/3 1887/3265/3 1889/3266/3
f 1893/3267/4 1891/2866/4 1892/2868/4
f 1891/3268/157 1899/3269/157 1901/3270/157
f 1894/3271/2 1902/3272/2 1899/3273/2
f 1900/3274/5 1891/3275/5 1901/3263/5
f 1897/3262/5 1887/3276/5 1888/3277/5
f 1895/3278/2 1890/3279/2 1889/3280/2
f 1896/3281/1 1889/3232/1 1887/3131/1
f 1898/3282/2 1899/3273/2 1902/3272/2
f 1896/3283/159 1899/3284/159 1895/3285/159
f 1913/3286/5 1917/3287/5 1912/3288/5
f 1904/3289/3 1905/3290/3 1906/3291/3
f 1909/3292/4 1907/3293/4 1908/3294/4
f 1907/3295/157 1915/3296/157 1917/3297/157
f 1910/3298/2 1918/3299/2 1915/3300/2
f 1916/3301/5 1907/3302/5 1917/3287/5
f 1913/3286/5 1903/3303/5 1904/3304/5
f 1911/3305/2 1906/3306/2 1905/3307/2
f 1912/3308/1 1905/3309/1 1903/3310/1
f 1914/3311/2 1915/3300/2 1918/3299/2
f 1911/3312/158 1917/3313/158 1915/3314/158
f 1929/3315/5 1933/3316/5 1928/3317/5
f 1920/3318/3 1921/3319/3 1922/3320/3
f 1926/3321/4 1924/3322/4 1925/3323/4
f 1923/3324/157 1931/3325/157 1933/3326/157
f 1926/3327/2 1934/3328/2 1931/3329/2
f 1932/3330/5 1923/3331/5 1933/3316/5
f 1929/3315/5 1919/3332/5 1920/3333/5
f 1927/3334/2 1922/3335/2 1921/3336/2
f 1928/3337/1 1921/3338/1 1919/3339/1
f 1561/2707/2 1565/2706/2 1560/3340/2
f 1930/3341/2 1931/3329/2 1934/3328/2
f 1928/3342/158 1931/3343/158 1927/3344/158
f 1433/2474/1 1437/2473/1 1432/3345/1
f 1936/3346/7 1937/3347/7 1935/3348/7
f 1942/3349/1 1939/3350/1 1941/3351/1
f 1940/3352/5 1935/3353/5 1939/3354/5
f 1941/507/4 1935/3355/4 1937/3356/4
f 1938/3357/3 1940/3358/3 1942/594/3
f 1948/3359/1 1947/3360/1 1945/3361/1
f 1948/3362/3 1950/3363/3 1951/3364/3
f 1967/3365/1 1943/3366/1 1948/3359/1
f 1947/3367/4 1946/3368/4 1945/3369/4
f 1963/3370/2 1960/3371/2 1971/3372/2
f 1967/3365/1 1945/3361/1 1962/3373/1
f 1945/3374/5 1953/3375/5 1944/3376/5
f 1962/3373/1 1944/3377/1 1957/3378/1
f 1970/3379/1 1971/3380/1 1972/3381/1
f 1949/3382/1 1955/3383/1 1950/3384/1
f 1943/3385/5 1949/3386/5 1948/3387/5
f 1961/3388/1 1969/3389/1 1965/3390/1
f 1960/3391/1 1962/3373/1 1957/3378/1
f 1968/3392/3 1965/3393/3 1969/3394/3
f 1967/3365/1 1959/3395/1 1958/3396/1
f 1963/3397/4 1964/3398/4 1961/3399/4
f 1952/3400/1 1953/3401/1 1946/3402/1
f 1962/3373/1 1965/3390/1 1967/3365/1
f 1966/3403/1 1973/3404/1 1974/3405/1
f 1966/3406/2 1959/3407/2 1965/3408/2
f 1976/3409/1 1986/3410/1 1980/3411/1
f 1975/3412/1 1984/3413/1 1978/3414/1
f 1976/3409/1 1983/3415/1 1982/3416/1
f 1985/3417/1 1975/3412/1 1979/3418/1
f 1980/3411/1 1985/3417/1 1979/3418/1
f 1978/3414/1 2009/3419/1 2001/3420/1
f 1977/3421/1 2010/3422/1 1983/3415/1
f 1983/3423/160 1988/3424/160 1982/3425/160
f 1991/3426/5 1981/3427/5 1985/3428/5
f 1992/3429/5 1985/3428/5 1986/3430/5
f 1984/3431/4 2017/3432/4 2009/3433/4
f 2010/3434/161 1989/3435/161 1983/3423/161
f 1988/3436/5 1986/3430/5 1982/3437/5
f 1981/3438/4 1990/3439/4 1984/3431/4
f 1980/3440/2 1994/3441/2 1976/3442/2
f 1978/3443/3 1993/3444/3 1975/3445/3
f 1976/3446/162 1995/3447/162 1977/3448/162
f 1975/3449/2 1997/3450/2 1979/3451/2
f 1979/3451/2 1998/3452/2 1980/3440/2
f 2001/3453/3 1996/3454/3 1978/3443/3
f 1977/3448/162 2026/3455/162 2002/3456/162
f 2000/3457/1 2014/3458/1 2008/3459/1
f 2012/3460/1 1999/3461/1 2004/3462/1
f 2000/3457/1 2011/3463/1 2003/3464/1
f 1999/3461/1 2013/3465/1 2005/3466/1
f 2006/3467/1 2013/3465/1 2014/3458/1
f 2009/3419/1 2004/3462/1 2001/3420/1
f 2003/3464/1 2010/3422/1 2002/3468/1
f 2016/3469/163 2011/3470/163 2008/3471/163
f 2007/3472/2 2021/3473/2 2013/3474/2
f 2013/3474/2 2022/3475/2 2014/3476/2
f 2017/3432/4 2012/3477/4 2009/3433/4
f 2019/3478/164 2010/3434/164 2011/3470/164
f 2014/3476/2 2016/3479/2 2008/3480/2
f 2020/3481/4 2007/3482/4 2012/3477/4
f 2024/3483/5 2006/3484/5 2000/3485/5
f 2023/3486/3 2004/3487/3 1999/3488/3
f 2027/3489/165 2000/3490/165 2003/3491/165
f 2029/3492/5 1999/3493/5 2005/3494/5
f 2030/3495/5 2005/3494/5 2006/3484/5
f 2028/3496/3 2001/3453/3 2004/3487/3
f 2026/3455/165 2003/3491/165 2002/3456/165
f 2032/3497/1 2044/3498/1 2036/3499/1
f 2031/3500/1 2042/3501/1 2034/3502/1
f 2032/3497/1 2041/3503/1 2040/3504/1
f 2045/3505/1 2038/3506/1 2037/3507/1
f 2036/3499/1 2043/3508/1 2035/3509/1
f 2034/3502/1 2075/3510/1 2065/3511/1
f 2046/3512/1 2031/3500/1 2038/3506/1
f 2035/3509/1 2045/3505/1 2037/3507/1
f 2033/3513/1 2076/3514/1 2041/3503/1
f 2041/3515/160 2048/3516/160 2040/3517/160
f 2053/3518/5 2046/3519/5 2045/3520/5
f 2052/3521/5 2043/3522/5 2044/3523/5
f 2042/3524/4 2085/3525/4 2075/3526/4
f 2054/3527/5 2039/3528/5 2046/3519/5
f 2051/3529/5 2045/3520/5 2043/3522/5
f 2076/3530/166 2049/3531/166 2041/3515/166
f 2048/3532/5 2044/3523/5 2040/3533/5
f 2039/3534/4 2050/3535/4 2042/3524/4
f 2036/3536/2 2056/3537/2 2032/3538/2
f 2034/3539/3 2055/3540/3 2031/3541/3
f 2032/3542/162 2057/3543/162 2033/3544/162
f 2038/3545/2 2061/3546/2 2037/3547/2
f 2035/3548/2 2060/3549/2 2036/3536/2
f 2065/3550/3 2058/3551/3 2034/3539/3
f 2031/3552/2 2062/3553/2 2038/3545/2
f 2037/3547/2 2059/3554/2 2035/3548/2
f 2033/3544/162 2096/3555/162 2066/3556/162
f 2064/3557/1 2080/3558/1 2074/3559/1
f 2078/3560/1 2063/3561/1 2068/3562/1
f 2064/3557/1 2077/3563/1 2067/3564/1
f 2072/3565/1 2081/3566/1 2071/3567/1
f 2070/3568/1 2079/3569/1 2080/3558/1
f 2075/3510/1 2068/3562/1 2065/3511/1
f 2063/3561/1 2082/3570/1 2072/3565/1
f 2069/3571/1 2081/3566/1 2079/3569/1
f 2067/3564/1 2076/3514/1 2066/3572/1
f 2084/3573/163 2077/3574/163 2074/3575/163
f 2082/3576/2 2091/3577/2 2081/3578/2
f 2079/3579/2 2090/3580/2 2080/3581/2
f 2085/3525/4 2078/3582/4 2075/3526/4
f 2073/3583/2 2092/3584/2 2082/3576/2
f 2081/3578/2 2089/3585/2 2079/3579/2
f 2087/3586/167 2076/3530/167 2077/3574/167
f 2080/3581/2 2084/3587/2 2074/3588/2
f 2088/3589/4 2073/3590/4 2078/3582/4
f 2094/3552/5 2070/3591/5 2064/3592/5
f 2093/3593/3 2068/3594/3 2063/3595/3
f 2097/3596/165 2064/3597/165 2067/3598/165
f 2101/3599/5 2072/3600/5 2071/3601/5
f 2100/3602/5 2069/3603/5 2070/3591/5
f 2098/3604/3 2065/3550/3 2068/3594/3
f 2102/3605/5 2063/3606/5 2072/3600/5
f 2099/3607/5 2071/3601/5 2069/3603/5
f 2096/3555/165 2067/3598/165 2066/3556/165
f 2110/3608/1 2109/3609/1 2105/3610/1
f 2123/3611/5 2118/3364/5 2104/3363/5
f 2110/3612/3 2113/3613/3 2114/3614/3
f 2138/3615/1 2103/3616/1 2110/3608/1
f 2109/3617/4 2108/3618/4 2105/3362/4
f 2124/3619/4 2111/3620/4 2123/3621/4
f 2132/3622/1 2119/3623/1 2143/3624/1
f 2119/3625/3 2117/3626/3 2115/3627/3
f 2138/3615/1 2105/3610/1 2132/3622/1
f 2143/3624/1 2123/3628/1 2148/3629/1
f 2119/3623/1 2124/3630/1 2123/3628/1
f 2105/3631/5 2107/3632/5 2119/3633/5
f 2111/3634/1 2120/3635/1 2118/3636/1
f 2112/3637/1 2121/3638/1 2113/3639/1
f 2108/3640/1 2117/3641/1 2107/3642/1
f 2103/3643/5 2112/3644/5 2110/3645/5
f 2148/3629/1 2104/3646/1 2125/3647/1
f 2134/3648/1 2135/3649/1 2129/3650/1
f 2145/3651/2 2151/3652/2 2128/3653/2
f 2139/3654/3 2135/3655/3 2140/3656/3
f 2138/3615/1 2127/3657/1 2126/3658/1
f 2133/3659/4 2134/3660/4 2129/3661/4
f 2136/3662/4 2152/3643/4 2151/3663/4
f 2146/3664/1 2132/3622/1 2143/3624/1
f 2144/3665/3 2146/3666/3 2141/3667/3
f 2129/3650/1 2138/3615/1 2132/3622/1
f 2151/3668/1 2143/3624/1 2148/3629/1
f 2152/3669/1 2146/3664/1 2151/3668/1
f 2131/3670/2 2129/3671/2 2146/3672/2
f 2147/3673/1 2136/3674/1 2145/3675/1
f 2137/3676/1 2149/3677/1 2150/3678/1
f 2144/3679/1 2133/3680/1 2131/3681/1
f 2137/3682/2 2127/3683/2 2135/3684/2
f 2128/3685/1 2148/3629/1 2125/3647/1
f 2166/3686/6 2158/3687/6 2178/3688/6
f 2161/3689/3 2156/3690/3 2167/3691/3
f 2160/3692/2 2154/3693/2 2157/3694/2
f 2153/3695/5 2159/3696/5 2158/3697/5
f 2153/3698/3 2172/3699/3 2155/3700/3
f 2166/3701/3 2171/3702/3 2172/3703/3
f 2165/3704/3 2170/3705/3 2171/3706/3
f 2164/3707/3 2169/3708/3 2170/3709/3
f 2163/3710/3 2168/3711/3 2169/3712/3
f 2162/3713/3 2167/3714/3 2168/3715/3
f 2154/3716/6 2173/3717/6 2157/3718/6
f 2161/3719/6 2174/3720/6 2173/3721/6
f 2162/3722/6 2175/3723/6 2174/3724/6
f 2163/3725/6 2176/3726/6 2175/3727/6
f 2164/3728/6 2177/3729/6 2176/3730/6
f 2165/3731/6 2178/3732/6 2177/3733/6
f 2180/3734/5 2188/3735/5 2187/3736/5
f 2186/3737/2 2190/3738/2 2189/3739/2
f 2184/3740/1 2187/3741/1 2190/3742/1
f 2185/3743/4 2179/3744/4 2181/2332/4
f 2182/3745/3 2184/3746/3 2186/3747/3
f 2190/3738/2 2192/3748/2 2183/3749/2
f 2189/3739/2 2183/3749/2 2185/3750/2
f 2187/3736/5 2181/3751/5 2179/3752/5
f 2191/3753/1 2193/3754/1 2192/3755/1
f 2187/3756/3 2191/3757/3 2190/3758/3
f 2179/3752/5 2194/3759/5 2187/3736/5
f 2183/3760/4 2193/3761/4 2179/3744/4
f 2196/3762/5 2204/3763/5 2203/3764/5
f 2202/3765/2 2206/3766/2 2205/3767/2
f 2200/3768/1 2203/3769/1 2206/3770/1
f 2201/3771/4 2195/3772/4 2197/3773/4
f 2198/3774/3 2200/3775/3 2202/3776/3
f 2206/3766/2 2208/3777/2 2199/3778/2
f 2205/3767/2 2199/3778/2 2201/3779/2
f 2203/3764/5 2197/3780/5 2195/3781/5
f 2207/3782/1 2209/3755/1 2208/3783/1
f 2203/3784/3 2207/3785/3 2206/3786/3
f 2195/3781/5 2210/3787/5 2203/3764/5
f 2199/3788/4 2209/3789/4 2195/3772/4
f 2224/3790/6 2216/3791/6 2236/3792/6
f 2219/3793/3 2214/3794/3 2225/3795/3
f 2218/3796/2 2212/3797/2 2215/3798/2
f 2211/3799/5 2217/3800/5 2216/3801/5
f 2211/3802/3 2230/3803/3 2213/3804/3
f 2224/3805/3 2229/3806/3 2230/3807/3
f 2223/3808/3 2228/3809/3 2229/3810/3
f 2222/3811/3 2227/3812/3 2228/3813/3
f 2221/3814/3 2226/3815/3 2227/3816/3
f 2220/3817/3 2225/3818/3 2226/3819/3
f 2212/3820/6 2231/3821/6 2215/3822/6
f 2219/3823/6 2232/3824/6 2231/3825/6
f 2220/3826/6 2233/3827/6 2232/3828/6
f 2221/3829/6 2234/3830/6 2233/3831/6
f 2222/3832/6 2235/3833/6 2234/3834/6
f 2223/3835/6 2236/3836/6 2235/3837/6
f 2241/3838/1 2242/3839/1 2239/3840/1
f 2244/3841/3 2242/3842/3 2245/3398/3
f 2261/3843/1 2237/3844/1 2252/3845/1
f 2240/3625/4 2241/3846/4 2239/3847/4
f 2254/3848/5 2257/3849/5 2265/3850/5
f 2239/3840/1 2261/3843/1 2256/3851/1
f 2247/3852/2 2239/3853/2 2238/3854/2
f 2238/3855/1 2256/3851/1 2251/3856/1
f 2265/3857/1 2264/3858/1 2266/3859/1
f 2243/3860/1 2249/3861/1 2250/3862/1
f 2243/3863/2 2237/3399/2 2242/3864/2
f 2255/3865/1 2263/3866/1 2258/3867/1
f 2256/3851/1 2254/3868/1 2251/3856/1
f 2259/3869/3 2262/3666/3 2263/3870/3
f 2261/3843/1 2253/3871/1 2259/3872/1
f 2258/3873/4 2257/3874/4 2255/3875/4
f 2247/3876/1 2246/3877/1 2240/3878/1
f 2256/3851/1 2259/3872/1 2255/3865/1
f 2260/3879/1 2267/3880/1 2262/3881/1
f 2253/3882/5 2260/3883/5 2259/3884/5
f 2270/3885/1 2280/3886/1 2276/3887/1
f 2278/3888/1 2269/3889/1 2272/3890/1
f 2270/3885/1 2277/3891/1 2271/3892/1
f 2269/3889/1 2279/3893/1 2273/3894/1
f 2274/3895/1 2279/3893/1 2280/3886/1
f 2303/3896/1 2272/3890/1 2295/3897/1
f 2271/3892/1 2304/3898/1 2296/3899/1
f 2282/3900/163 2277/3901/163 2276/3427/163
f 2275/3902/2 2285/3903/2 2279/3904/2
f 2279/3904/2 2286/3905/2 2280/3906/2
f 2311/3907/4 2278/3908/4 2303/3909/4
f 2283/3910/164 2304/3911/164 2277/3901/164
f 2280/3906/2 2282/3912/2 2276/3913/2
f 2284/3914/4 2275/3915/4 2278/3908/4
f 2288/3449/5 2274/3916/5 2270/3917/5
f 2287/3374/3 2272/3918/3 2269/3919/3
f 2289/3920/165 2270/3542/165 2271/3921/165
f 2291/3922/5 2269/3485/5 2273/3923/5
f 2292/3924/5 2273/3923/5 2274/3916/5
f 2290/3925/3 2295/3926/3 2272/3918/3
f 2320/3927/165 2271/3921/165 2296/3928/165
f 2294/3929/1 2308/3930/1 2300/3931/1
f 2293/3932/1 2306/3933/1 2298/3934/1
f 2294/3929/1 2305/3935/1 2302/3936/1
f 2307/3937/1 2293/3932/1 2299/3938/1
f 2300/3931/1 2307/3937/1 2299/3938/1
f 2298/3934/1 2303/3896/1 2295/3897/1
f 2297/3939/1 2304/3898/1 2305/3935/1
f 2302/3940/160 2313/3941/160 2310/3942/160
f 2307/3943/5 2309/3944/5 2301/3945/5
f 2308/3946/5 2315/3947/5 2307/3943/5
f 2306/3948/4 2311/3907/4 2303/3909/4
f 2304/3911/161 2313/3941/161 2305/3949/161
f 2302/3950/5 2316/3951/5 2308/3946/5
f 2301/3952/4 2314/3953/4 2306/3948/4
f 2300/3954/2 2318/3955/2 2294/3956/2
f 2298/3957/3 2317/3958/3 2293/3959/3
f 2294/3490/162 2321/3960/162 2297/3961/162
f 2293/3962/2 2323/3963/2 2299/3964/2
f 2299/3964/2 2324/3965/2 2300/3954/2
f 2295/3926/3 2322/3966/3 2298/3957/3
f 2297/3961/162 2320/3927/162 2296/3928/162
f 2326/3967/1 2338/3968/1 2334/3969/1
f 2336/3970/1 2325/3971/1 2328/3972/1
f 2326/3967/1 2335/3973/1 2327/3974/1
f 2332/3975/1 2339/3976/1 2331/3977/1
f 2330/3978/1 2337/3979/1 2338/3968/1
f 2369/3980/1 2328/3972/1 2359/3981/1
f 2325/3971/1 2340/3982/1 2332/3975/1
f 2329/3983/1 2339/3976/1 2337/3979/1
f 2327/3974/1 2370/3984/1 2360/3985/1
f 2342/3986/163 2335/3987/163 2334/3988/163
f 2340/3989/2 2347/3990/2 2339/3991/2
f 2337/3992/2 2346/3993/2 2338/3994/2
f 2379/3995/4 2336/3996/4 2369/3997/4
f 2333/3998/2 2348/3999/2 2340/3989/2
f 2339/3991/2 2345/4000/2 2337/3992/2
f 2343/4001/167 2370/4002/167 2335/3987/167
f 2338/3994/2 2342/4003/2 2334/4004/2
f 2344/4005/4 2333/4006/4 2336/3996/4
f 2350/4007/5 2330/4008/5 2326/3606/5
f 2349/4009/3 2328/4010/3 2325/4011/3
f 2351/4012/165 2326/4013/165 2327/4014/165
f 2355/4015/5 2332/4016/5 2331/4017/5
f 2354/4018/5 2329/4019/5 2330/4008/5
f 2352/4020/3 2359/4021/3 2328/4010/3
f 2356/4022/5 2325/4023/5 2332/4016/5
f 2353/4024/5 2331/4017/5 2329/4019/5
f 2390/4025/165 2327/4014/165 2360/4026/165
f 2358/4027/1 2374/3558/1 2364/4028/1
f 2357/4029/1 2372/4030/1 2362/4031/1
f 2358/4027/1 2371/4032/1 2368/3559/1
f 2375/3566/1 2366/4033/1 2365/4034/1
f 2364/4028/1 2373/3569/1 2363/4035/1
f 2362/4031/1 2369/3980/1 2359/3981/1
f 2376/4036/1 2357/4029/1 2366/4033/1
f 2363/4035/1 2375/3566/1 2365/4034/1
f 2361/4037/1 2370/3984/1 2371/4032/1
f 2371/4038/160 2378/4039/160 2368/4040/160
f 2385/4041/5 2376/4042/5 2375/4043/5
f 2384/4044/5 2373/4045/5 2374/4046/5
f 2372/4047/4 2379/3995/4 2369/3997/4
f 2386/4048/5 2367/4049/5 2376/4042/5
f 2383/4050/5 2375/4043/5 2373/4045/5
f 2370/4002/166 2381/4051/166 2371/4038/166
f 2378/4052/5 2374/4046/5 2368/4053/5
f 2367/4054/4 2382/4055/4 2372/4047/4
f 2364/4056/2 2388/4057/2 2358/4058/2
f 2362/4059/3 2387/4060/3 2357/4061/3
f 2358/3597/162 2391/4062/162 2361/4063/162
f 2366/4064/2 2395/4065/2 2365/4066/2
f 2363/4067/2 2394/4068/2 2364/4056/2
f 2359/4021/3 2392/4069/3 2362/4059/3
f 2357/3442/2 2396/4070/2 2366/4064/2
f 2365/4066/2 2393/4071/2 2363/4067/2
f 2361/4063/162 2390/4025/162 2360/4026/162
f 2403/4072/1 2404/4073/1 2399/4074/1
f 2412/4075/2 2417/4076/2 2398/4077/2
f 2407/4078/3 2404/3394/3 2408/4079/3
f 2432/4080/1 2397/4081/1 2420/4082/1
f 2402/4083/4 2403/4084/4 2399/4085/4
f 2405/4086/4 2418/4087/4 2417/4088/4
f 2413/4089/1 2426/4090/1 2437/4091/1
f 2411/3653/3 2413/3663/3 2409/3651/3
f 2399/4074/1 2432/4080/1 2426/4090/1
f 2417/4092/1 2437/4091/1 2442/4093/1
f 2418/4094/1 2413/4089/1 2417/4092/1
f 2401/4095/2 2399/4096/2 2413/4097/2
f 2414/4098/1 2405/4099/1 2412/4100/1
f 2406/4101/1 2415/4102/1 2416/4103/1
f 2411/4104/1 2402/4105/1 2401/4106/1
f 2406/4107/2 2397/4108/2 2404/4109/2
f 2398/4110/1 2442/4093/1 2419/4111/1
f 2429/4112/1 2428/4113/1 2423/4114/1
f 2445/4115/5 2439/4116/5 2422/4117/5
f 2429/3621/3 2433/4118/3 2434/4119/3
f 2432/4080/1 2421/4120/1 2429/4112/1
f 2428/3654/4 2427/4121/4 2423/4122/4
f 2446/4123/4 2430/4124/4 2445/4125/4
f 2426/4090/1 2440/4126/1 2437/4091/1
f 2440/4127/3 2438/4128/3 2435/3368/3
f 2432/4080/1 2423/4114/1 2426/4090/1
f 2437/4091/1 2445/4129/1 2442/4093/1
f 2440/4126/1 2446/4130/1 2445/4129/1
f 2423/4131/5 2425/4132/5 2440/4115/5
f 2430/4133/1 2441/4134/1 2439/4135/1
f 2431/4136/1 2443/4137/1 2433/4138/1
f 2427/4139/1 2438/3857/1 2425/3859/1
f 2421/4140/5 2431/4141/5 2429/4142/5
f 2442/4093/1 2422/4143/1 2419/4111/1
f 2452/4144/6 2460/4145/6 2472/4146/6
f 2450/4147/3 2455/4148/3 2461/4149/3
f 2454/4150/5 2448/4151/5 2450/4152/5
f 2453/4153/2 2447/4154/2 2452/1550/2
f 2466/4155/3 2447/4156/3 2449/4157/3
f 2465/4158/3 2460/4159/3 2466/4160/3
f 2464/4161/3 2459/4162/3 2465/4163/3
f 2463/4164/3 2458/4165/3 2464/4166/3
f 2462/4167/3 2457/4168/3 2463/4169/3
f 2461/4170/3 2456/4171/3 2462/4172/3
f 2467/4173/6 2448/4174/6 2451/4175/6
f 2468/4176/6 2455/4177/6 2467/4178/6
f 2469/4179/6 2456/4180/6 2468/4181/6
f 2470/4182/6 2457/4183/6 2469/4184/6
f 2471/4185/6 2458/4186/6 2470/4187/6
f 2472/4188/6 2459/4189/6 2471/4190/6
f 2482/4191/2 2474/4192/2 2481/4193/2
f 2484/4194/5 2480/4195/5 2483/4196/5
f 2481/4197/1 2478/4198/1 2484/1881/1
f 2473/4199/4 2479/2075/4 2475/4200/4
f 2478/4201/3 2476/4202/3 2480/4203/3
f 2486/4204/5 2484/4194/5 2477/4205/5
f 2477/4205/5 2483/4196/5 2479/4206/5
f 2475/4207/2 2481/4193/2 2473/4208/2
f 2487/4209/1 2485/4210/1 2486/4211/1
f 2485/4212/3 2481/4213/3 2484/4214/3
f 2488/4215/2 2473/4208/2 2481/4193/2
f 2487/4216/4 2477/4217/4 2473/4199/4
f 2498/4218/2 2490/4219/2 2497/4220/2
f 2500/4221/5 2496/4222/5 2499/4223/5
f 2497/4224/1 2494/4225/1 2500/4226/1
f 2489/4227/4 2495/3771/4 2491/4228/4
f 2494/4229/3 2492/4214/3 2496/4213/3
f 2502/4230/5 2500/4221/5 2493/4231/5
f 2493/4231/5 2499/4223/5 2495/4232/5
f 2491/4233/2 2497/4220/2 2489/4234/2
f 2503/4235/1 2501/3754/1 2502/4236/1
f 2501/3785/3 2497/4237/3 2500/3786/3
f 2504/4238/2 2489/4234/2 2497/4220/2
f 2503/4239/4 2493/4240/4 2489/4227/4
f 2510/4241/6 2518/4242/6 2530/4243/6
f 2508/4244/3 2513/4245/3 2519/4246/3
f 2512/4247/5 2506/4248/5 2508/4249/5
f 2511/4250/2 2505/4251/2 2510/1297/2
f 2524/4252/3 2505/4253/3 2507/4254/3
f 2523/4255/3 2518/4256/3 2524/4257/3
f 2522/4258/3 2517/4259/3 2523/4260/3
f 2521/4261/3 2516/4262/3 2522/4263/3
f 2520/4264/3 2515/4265/3 2521/4266/3
f 2519/4267/3 2514/4268/3 2520/4269/3
f 2525/4270/6 2506/4271/6 2509/4272/6
f 2526/4273/6 2513/4274/6 2525/4275/6
f 2527/4276/6 2514/4277/6 2526/4278/6
f 2528/4279/6 2515/4280/6 2527/4281/6
f 2529/4282/6 2516/4283/6 2528/4284/6
f 2530/4285/6 2517/4286/6 2529/4287/6
f 1254/4288/3 1234/4289/3 1257/4290/3
f 2532/4291/1 2544/4292/1 2536/4293/1
f 2531/4294/1 2542/4295/1 2534/4296/1
f 2532/4291/1 2541/4297/1 2540/4298/1
f 2545/4299/1 2538/4300/1 2537/4301/1
f 2536/4293/1 2543/4302/1 2535/4303/1
f 2534/4296/1 2575/4304/1 2565/4305/1
f 2546/4306/1 2531/4294/1 2538/4300/1
f 2535/4303/1 2545/4299/1 2537/4301/1
f 2533/4307/1 2576/4308/1 2541/4297/1
f 2541/4309/160 2548/4310/160 2540/4311/160
f 2553/4312/5 2546/4313/5 2545/4314/5
f 2552/4315/5 2543/4316/5 2544/4317/5
f 2542/4318/4 2585/4319/4 2575/4320/4
f 2554/4321/5 2539/4322/5 2546/4313/5
f 2551/4323/5 2545/4314/5 2543/4316/5
f 2576/4324/166 2549/4325/166 2541/4309/166
f 2548/4326/5 2544/4317/5 2540/4327/5
f 2542/4318/4 2547/4328/4 2550/4329/4
f 2536/4330/2 2556/4023/2 2532/4331/2
f 2534/4332/3 2555/4333/3 2531/4334/3
f 2532/3493/162 2557/4335/162 2533/4336/162
f 2538/4337/2 2561/4338/2 2537/4339/2
f 2535/4340/2 2560/4341/2 2536/4330/2
f 2565/4342/3 2558/4343/3 2534/4332/3
f 2531/3956/2 2562/4344/2 2538/4337/2
f 2537/4339/2 2559/4345/2 2535/4340/2
f 2533/4336/162 2596/4346/162 2566/4347/162
f 2564/4348/1 2580/4349/1 2574/4350/1
f 2578/4351/1 2563/4352/1 2568/4353/1
f 2564/4348/1 2577/4354/1 2567/4355/1
f 2572/4356/1 2581/4357/1 2571/4358/1
f 2570/4359/1 2579/4360/1 2580/4349/1
f 2575/4304/1 2568/4353/1 2565/4305/1
f 2563/4352/1 2582/4361/1 2572/4356/1
f 2569/4362/1 2581/4357/1 2579/4360/1
f 2567/4355/1 2576/4308/1 2566/4363/1
f 2584/4364/163 2577/4365/163 2574/4366/163
f 2582/4367/2 2591/4368/2 2581/4369/2
f 2579/4370/2 2590/4371/2 2580/4372/2
f 2585/4319/4 2578/4373/4 2575/4320/4
f 2573/4374/2 2592/4375/2 2582/4367/2
f 2581/4369/2 2589/4376/2 2579/4370/2
f 2587/4377/167 2576/4324/167 2577/4365/167
f 2580/4372/2 2584/3480/2 2574/3479/2
f 2588/4378/4 2573/4379/4 2578/4373/4
f 2594/4380/5 2570/4381/5 2564/4382/5
f 2593/4011/3 2568/4383/3 2563/4009/3
f 2597/4384/165 2564/4385/165 2567/4386/165
f 2601/4387/5 2572/4388/5 2571/4389/5
f 2600/4390/5 2569/4391/5 2570/4381/5
f 2598/4392/3 2565/4342/3 2568/4383/3
f 2602/4393/5 2563/3537/5 2572/4388/5
f 2599/4394/5 2571/4389/5 2569/4391/5
f 2596/4346/165 2567/4386/165 2566/4347/165
f 2610/4395/1 2609/4396/1 2605/4397/1
f 2623/4398/5 2618/4399/5 2604/4400/5
f 2610/4401/3 2613/4125/3 2614/4124/3
f 2638/4402/1 2603/4403/1 2610/4395/1
f 2609/4404/4 2608/4405/4 2605/4406/4
f 2624/4407/4 2611/4408/4 2623/4409/4
f 2643/4410/1 2605/4397/1 2619/4411/1
f 2619/4117/3 2617/4412/3 2615/4413/3
f 2638/4402/1 2605/4397/1 2632/4414/1
f 2643/4410/1 2623/4415/1 2648/4416/1
f 2619/4411/1 2624/4417/1 2623/4415/1
f 2605/4418/5 2607/4419/5 2619/4420/5
f 2611/4421/1 2620/4422/1 2618/4423/1
f 2612/4424/1 2621/4425/1 2613/4426/1
f 2608/4427/1 2617/4428/1 2607/4429/1
f 2603/3659/5 2612/4430/5 2610/4431/5
f 2648/4416/1 2604/4432/1 2625/4433/1
f 2634/4434/1 2635/4435/1 2629/4436/1
f 2645/4118/2 2651/4437/2 2628/4119/2
f 2639/4438/3 2635/4085/3 2640/4439/3
f 2638/4402/1 2627/4440/1 2626/4441/1
f 2633/4442/4 2634/4443/4 2629/4087/4
f 2636/4444/4 2652/4445/4 2651/4446/4
f 2646/4447/1 2632/4414/1 2643/4410/1
f 2644/4077/3 2646/4405/3 2641/4075/3
f 2629/4436/1 2638/4402/1 2632/4414/1
f 2651/4448/1 2643/4410/1 2648/4416/1
f 2652/4449/1 2646/4447/1 2651/4448/1
f 2631/4450/2 2629/4418/2 2646/4420/2
f 2647/4451/1 2636/4452/1 2645/4453/1
f 2637/4454/1 2649/4455/1 2650/4456/1
f 2644/4457/1 2633/4458/1 2631/4459/1
f 2637/4460/2 2627/3667/2 2635/4461/2
f 2628/4462/1 2648/4416/1 2625/4433/1
f 2666/4463/6 2658/4464/6 2678/4465/6
f 2661/4466/3 2656/4467/3 2667/4468/3
f 2660/4469/2 2654/4470/2 2657/4471/2
f 2653/4472/5 2659/4473/5 2658/4474/5
f 2653/4475/3 2672/4476/3 2655/4477/3
f 2666/4478/3 2671/4479/3 2672/4480/3
f 2665/4481/3 2670/4482/3 2671/4483/3
f 2664/4484/3 2669/4485/3 2670/4486/3
f 2663/4487/3 2668/4488/3 2669/4489/3
f 2662/4490/3 2667/4491/3 2668/4492/3
f 2654/4493/6 2673/4494/6 2657/4495/6
f 2661/4496/6 2674/4497/6 2673/4498/6
f 2662/4499/6 2675/4500/6 2674/4501/6
f 2663/4502/6 2676/4503/6 2675/4504/6
f 2664/4505/6 2677/4506/6 2676/4507/6
f 2665/4508/6 2678/4509/6 2677/4510/6
f 2680/4511/5 2688/4512/5 2687/4513/5
f 2686/4514/2 2690/4515/2 2689/4516/2
f 2684/4517/1 2687/4518/1 2690/1341/1
f 2685/4519/4 2679/4520/4 2681/4521/4
f 2682/4522/3 2684/3747/3 2686/4523/3
f 2690/4515/2 2692/4524/2 2683/4525/2
f 2689/4516/2 2683/4525/2 2685/4526/2
f 2687/4513/5 2681/3770/5 2679/4527/5
f 2691/4528/1 2693/3783/1 2692/4529/1
f 2687/4530/3 2691/4531/3 2690/4532/3
f 2679/4527/5 2694/4533/5 2687/4513/5
f 2683/4534/4 2693/4535/4 2679/4520/4
f 2722/4536/3 2724/4537/3 2725/4538/3
f 2726/4539/2 2699/4540/2 2701/4541/2
f 2746/4542/3 2748/4543/3 2749/4544/3
f 2720/4545/5 2697/4546/5 2695/4547/5
f 2701/4548/4 2695/4549/4 2697/4550/4
f 2725/4551/7 2726/4552/7 2701/4553/7
f 2704/4554/168 2705/4555/168 2703/4556/168
f 2706/4557/169 2707/4558/169 2705/4559/169
f 2708/4560/170 2709/4561/170 2707/4558/170
f 2710/4562/171 2711/4563/171 2709/4564/171
f 2712/4565/172 2713/4566/172 2711/4563/172
f 2714/4567/173 2715/4568/173 2713/4569/173
f 2710/4570/1 2708/4571/1 2716/4572/1
f 2715/4568/174 2718/4573/174 2717/4574/174
f 2718/4575/175 2703/4556/175 2717/4576/175
f 2709/4577/7 2713/4578/7 2717/4579/7
f 2722/4536/176 2720/4580/176 2719/4581/176
f 2724/4537/177 2726/4582/177 2725/4538/177
f 2719/4583/1 2720/4584/1 2695/4585/1
f 2750/4586/2 2698/4587/2 2696/4588/2
f 2744/4589/5 2700/4590/5 2702/4591/5
f 2696/4592/4 2702/4593/4 2700/4594/4
f 2749/4595/7 2750/4596/7 2696/4597/7
f 2728/4598/168 2729/4599/168 2727/4600/168
f 2729/4601/169 2732/4602/169 2731/4603/169
f 2731/4603/170 2734/4604/170 2733/4605/170
f 2734/4606/171 2735/4607/171 2733/4608/171
f 2736/4609/172 2737/4610/172 2735/4607/172
f 2738/4611/173 2739/4612/173 2737/4613/173
f 2734/4614/1 2732/4615/1 2740/4616/1
f 2740/4617/174 2741/4618/174 2739/4612/174
f 2742/4619/175 2727/4600/175 2741/4620/175
f 2733/4621/7 2737/4622/7 2741/4623/7
f 2746/4542/176 2744/4624/176 2743/4625/176
f 2748/4543/177 2750/4626/177 2749/4544/177
f 2743/4627/1 2744/4628/1 2702/4629/1
f 2774/4630/3 2776/4631/3 2777/4632/3
f 2778/4633/2 2752/4634/2 2751/4635/2
f 2772/4636/5 2753/4637/5 2754/4638/5
f 2751/4639/4 2754/4550/4 2753/4640/4
f 2777/4641/7 2778/4642/7 2751/4643/7
f 2756/4644/168 2757/4645/168 2755/4646/168
f 2758/4647/169 2759/4648/169 2757/4649/169
f 2759/4648/170 2762/4650/170 2761/4651/170
f 2762/4652/171 2763/4653/171 2761/4654/171
f 2764/4655/172 2765/4656/172 2763/4653/172
f 2766/4657/173 2767/4658/173 2765/4659/173
f 2762/4660/1 2760/4661/1 2768/4662/1
f 2768/4663/174 2769/4664/174 2767/4658/174
f 2770/4665/175 2755/4646/175 2769/4666/175
f 2761/4667/7 2765/4668/7 2769/4669/7
f 2774/4630/176 2772/4670/176 2771/4671/176
f 2776/4631/177 2778/4672/177 2777/4632/177
f 2771/4673/1 2772/4674/1 2754/4675/1
f 2780/4676/178 2798/4677/178 2779/4678/178
f 2781/4679/7 2800/4680/7 2780/4681/7
f 2782/4682/179 2802/4683/179 2781/4684/179
f 2783/4685/180 2804/4686/180 2782/4682/180
f 2784/4687/1 2806/4688/1 2783/4689/1
f 2779/4678/181 2808/4690/181 2784/4691/181
f 2788/4692/182 2783/4685/182 2782/4682/182
f 2780/4681/7 2787/4693/7 2781/4679/7
f 2789/4694/1 2784/4687/1 2783/4689/1
f 2779/4678/183 2786/4695/183 2780/4676/183
f 2781/4684/184 2788/4692/184 2782/4682/184
f 2790/4696/185 2779/4678/185 2784/4691/185
f 2785/4697/186 2796/4698/186 2791/4699/186
f 2795/4700/1 2790/4701/1 2789/4694/1
f 2787/4702/187 2794/4703/187 2788/4704/187
f 2789/4705/188 2794/4703/188 2795/4706/188
f 2786/4707/7 2793/4708/7 2787/4693/7
f 2785/4697/189 2792/4709/189 2786/4710/189
f 2798/4677/190 2822/4711/190 2821/4712/190
f 2800/4680/191 2823/4713/191 2822/4714/191
f 2823/4715/192 2804/4686/192 2824/4716/192
f 2824/4716/193 2806/4717/193 2825/4718/193
f 2806/4688/194 2826/4719/194 2825/4720/194
f 2808/4690/195 2821/4712/195 2826/4721/195
f 2805/4722/196 2812/4723/196 2803/4724/196
f 2799/4725/197 2811/4726/197 2810/4727/197
f 2807/4728/198 2813/4729/198 2805/4730/198
f 2797/4731/199 2810/4732/199 2809/4733/199
f 2801/4734/200 2812/4723/200 2811/4735/200
f 2797/4731/201 2814/4736/201 2807/4737/201
f 2809/4738/202 2820/4710/202 2814/4739/202
f 2814/4740/198 2819/4741/198 2813/4729/198
f 2818/4742/203 2811/4743/203 2812/4744/203
f 2813/4745/204 2818/4742/204 2812/4744/204
f 2817/4746/197 2810/4727/197 2811/4726/197
f 2816/4747/205 2809/4738/205 2810/4748/205
f 2826/4721/206 2832/4749/206 2831/4750/206
f 2825/4751/207 2831/4752/207 2830/4753/207
f 2829/4754/208 2825/4718/208 2830/4755/208
f 2828/4756/209 2824/4716/209 2829/4754/209
f 2822/4757/210 2828/4758/210 2827/4759/210
f 2821/4712/211 2827/4760/211 2832/4749/211
f 2797/4731/212 2827/4760/212 2799/4761/212
f 2827/4759/213 2801/4762/213 2799/4725/213
f 2828/4756/214 2803/4724/214 2801/4734/214
f 2829/4754/215 2805/4722/215 2803/4724/215
f 2830/4753/216 2807/4728/216 2805/4730/216
f 2807/4737/217 2832/4749/217 2797/4731/217
f 2852/4763/181 2834/4764/181 2833/4765/181
f 2854/4766/1 2835/4767/1 2834/4768/1
f 2856/4769/180 2836/4770/180 2835/4771/180
f 2858/4772/179 2837/4773/179 2836/4770/179
f 2860/4774/7 2838/4775/7 2837/4776/7
f 2862/4777/178 2833/4765/178 2838/4778/178
f 2837/4773/184 2842/4779/184 2836/4770/184
f 2834/4768/1 2841/4780/1 2840/4781/1
f 2838/4775/7 2843/4782/7 2837/4776/7
f 2833/4765/218 2840/4783/218 2839/4784/218
f 2835/4771/219 2842/4779/219 2841/4785/219
f 2833/4765/183 2844/4786/183 2838/4778/183
f 2839/4787/189 2850/4788/189 2844/4789/189
f 2844/4790/7 2849/446/7 2843/4782/7
f 2848/4791/220 2841/4792/220 2842/4793/220
f 2843/4794/187 2848/4791/187 2842/4793/187
f 2847/4795/1 2840/4781/1 2841/4780/1
f 2846/4796/221 2839/4787/221 2840/4797/221
f 2853/4798/181 2852/4763/181 2851/4799/181
f 2855/4800/1 2854/4766/1 2853/4801/1
f 2857/4802/180 2856/4769/180 2855/4803/180
f 2859/4804/179 2858/4772/179 2857/4802/179
f 2861/4805/7 2860/4774/7 2859/4806/7
f 2851/4799/178 2862/4777/178 2861/4807/178
f 2866/4808/222 2859/4804/222 2857/4802/222
f 2853/4801/1 2865/4809/1 2855/4800/1
f 2867/4810/7 2861/4805/7 2859/4806/7
f 2851/4799/223 2864/4811/223 2853/4798/223
f 2855/4803/224 2866/4808/224 2857/4802/224
f 2868/4812/225 2851/4799/225 2861/4807/225
f 2863/4813/226 2874/4814/226 2869/4815/226
f 2873/4816/7 2868/4817/7 2867/4810/7
f 2865/4818/227 2872/4819/227 2866/4820/227
f 2867/4821/228 2872/4819/228 2873/4822/228
f 2864/4823/1 2871/4824/1 2865/4809/1
f 2863/4813/229 2870/4825/229 2864/4826/229
f 2894/4827/181 2876/4828/181 2875/4829/181
f 2896/4830/1 2877/4831/1 2876/4832/1
f 2877/4833/180 2900/4834/180 2878/4835/180
f 2900/4834/179 2879/4836/179 2878/4835/179
f 2902/4837/7 2880/4838/7 2879/4767/7
f 2880/4839/178 2894/4827/178 2875/4829/178
f 2879/4836/184 2884/4840/184 2878/4835/184
f 2876/4832/1 2883/4841/1 2882/4842/1
f 2880/4838/7 2885/4843/7 2879/4767/7
f 2875/4829/218 2882/4844/218 2881/4845/218
f 2877/4833/219 2884/4840/219 2883/4846/219
f 2875/4829/183 2886/4847/183 2880/4839/183
f 2881/4848/189 2892/4849/189 2886/4850/189
f 2886/4851/7 2891/4852/7 2885/4843/7
f 2890/4853/220 2883/4854/220 2884/4855/220
f 2885/4856/187 2890/4853/187 2884/4855/187
f 2889/4857/1 2882/4842/1 2883/4841/1
f 2888/4858/221 2881/4848/221 2882/4859/221
f 2895/4860/181 2894/4827/181 2893/4861/181
f 2897/4862/1 2896/4830/1 2895/4863/1
f 2899/4864/180 2898/4865/180 2897/4866/180
f 2899/4864/179 2902/4867/179 2900/4834/179
f 2903/4868/7 2902/4837/7 2901/4800/7
f 2893/4861/178 2904/4869/178 2903/4870/178
f 2908/4871/222 2901/4872/222 2899/4864/222
f 2895/4863/1 2907/4873/1 2897/4862/1
f 2909/4874/7 2903/4868/7 2901/4800/7
f 2893/4861/223 2906/4875/223 2895/4860/223
f 2897/4866/224 2908/4871/224 2899/4864/224
f 2910/4876/225 2893/4861/225 2903/4870/225
f 2905/4877/226 2916/4878/226 2911/4879/226
f 2915/4880/7 2910/4881/7 2909/4874/7
f 2907/4882/227 2914/4883/227 2908/4884/227
f 2909/4885/228 2914/4883/228 2915/4886/228
f 2906/4887/1 2913/4888/1 2907/4873/1
f 2905/4877/229 2912/4889/229 2906/4890/229
f 3/1/1 7/4891/1 6/2/1
f 1/4/1 12/4892/1 13/5/1
f 53/7/1 11/4893/1 5/6/1
f 4/9/1 9/4894/1 8/10/1
f 9/11/2 17/4895/2 16/12/2
f 49/14/1 7/4891/1 3/1/1
f 62/16/3 20/304/3 12/17/3
f 11/19/2 19/222/2 18/20/2
f 52/22/1 46/31/1 4/9/1
f 61/24/3 19/27/3 11/25/3
f 59/27/3 17/190/3 9/28/3
f 5/6/1 11/4893/1 10/23/1
f 55/29/1 47/8/1 5/6/1
f 51/30/1 9/4894/1 4/9/1
f 50/32/1 45/15/1 3/1/1
f 56/33/4 48/4896/4 6/34/4
f 68/36/1 60/148/1 18/37/1
f 65/39/1 23/43/1 15/40/1
f 14/42/1 15/40/1 23/43/1
f 18/37/1 19/61/1 27/45/1
f 12/46/2 20/4897/2 21/21/2
f 48/47/1 44/139/1 2/3/1
f 63/48/4 55/56/4 13/49/4
f 60/51/4 52/4898/4 10/13/4
f 7/52/2 15/4899/2 14/53/2
f 58/55/4 50/4900/4 8/56/4
f 57/57/3 15/199/3 7/58/3
f 69/60/1 27/45/1 19/61/1
f 78/63/3 36/4901/3 28/64/3
f 76/66/4 68/274/4 26/67/4
f 73/69/3 31/4902/3 23/70/3
f 23/72/2 31/4903/2 30/73/2
f 70/75/1 28/4904/1 20/76/1
f 17/78/1 25/4905/1 24/79/1
f 67/81/1 25/4905/1 17/78/1
f 66/83/1 58/156/1 16/80/1
f 20/76/1 28/4904/1 29/84/1
f 64/86/1 56/147/1 14/42/1
f 71/87/1 63/157/1 21/85/1
f 73/88/1 72/94/1 30/89/1
f 75/91/1 74/4906/1 32/92/1
f 77/94/1 76/4907/1 34/95/1
f 78/97/1 79/4908/1 37/98/1
f 77/100/3 35/4909/3 27/101/3
f 25/103/2 33/4910/2 32/104/2
f 75/106/3 33/4911/3 25/107/3
f 74/109/4 66/4912/4 24/110/4
f 28/112/2 36/271/2 37/113/2
f 72/115/4 64/4913/4 22/116/4
f 79/118/4 71/4914/4 29/119/4
f 81/121/3 39/4915/3 2/122/3
f 27/124/2 35/4916/2 34/125/2
f 5/127/5 42/131/5 38/128/5
f 4/130/5 41/138/5 42/131/5
f 2/132/5 39/4917/5 40/133/5
f 80/135/4 43/4918/4 1/136/4
f 3/134/5 40/133/5 41/138/5
f 48/47/1 49/14/1 45/15/1
f 55/29/1 54/175/1 43/140/1
f 50/32/1 51/30/1 46/31/1
f 58/141/5 59/299/5 51/142/5
f 60/144/5 61/4919/5 53/145/5
f 52/22/1 53/7/1 47/8/1
f 56/147/1 64/86/1 65/39/1
f 60/148/1 68/36/1 69/60/1
f 63/149/5 62/4897/5 54/46/5
f 56/151/5 57/4920/5 49/152/5
f 72/73/5 73/4903/5 65/154/5
f 66/83/1 67/81/1 59/82/1
f 71/87/1 70/75/1 62/77/1
f 74/125/5 75/4916/5 67/158/5
f 79/160/5 78/4921/5 70/161/5
f 76/163/5 77/311/5 69/164/5
f 80/166/2 84/169/2 47/167/2
f 84/169/2 83/174/2 46/170/2
f 82/171/2 81/4922/2 44/172/2
f 83/174/2 82/171/2 45/173/2
f 54/175/1 12/4892/1 1/4/1
f 87/176/1 91/189/1 90/177/1
f 85/179/1 96/323/1 97/180/1
f 131/182/1 137/4923/1 95/183/1
f 87/176/1 88/197/1 93/184/1
f 93/69/2 101/4924/2 100/186/2
f 129/188/1 133/4925/1 91/189/1
f 146/190/3 104/198/3 96/191/3
f 95/192/2 103/4926/2 102/193/2
f 94/195/1 136/301/1 130/196/1
f 145/198/3 103/16/3 95/18/3
f 143/26/3 101/58/3 93/199/3
f 89/181/1 95/183/1 94/195/1
f 97/180/1 139/293/1 131/182/1
f 130/196/1 135/4927/1 93/184/1
f 92/185/1 134/295/1 129/188/1
f 140/200/4 132/4928/4 90/201/4
f 152/202/1 144/303/1 102/78/1
f 149/204/1 107/208/1 99/205/1
f 98/207/1 99/205/1 107/208/1
f 102/78/1 103/229/1 111/210/1
f 96/211/2 104/305/2 105/212/2
f 90/177/1 132/292/1 128/214/1
f 147/215/4 139/162/4 97/216/4
f 144/218/4 136/4929/4 94/219/4
f 91/221/2 99/4930/2 98/222/2
f 142/223/4 134/4931/4 92/224/4
f 141/226/3 99/57/3 91/59/3
f 153/228/1 111/210/1 103/229/1
f 162/231/3 120/4932/3 112/227/3
f 160/233/4 152/4933/4 110/234/4
f 157/236/3 115/4934/3 107/237/3
f 107/239/2 115/72/2 114/74/2
f 146/157/1 154/4935/1 112/241/1
f 101/37/1 109/4936/1 108/243/1
f 151/244/1 109/4936/1 101/37/1
f 150/246/1 142/310/1 100/61/1
f 104/242/1 112/241/1 113/247/1
f 148/249/1 140/302/1 98/207/1
f 155/250/1 147/77/1 105/248/1
f 157/251/1 156/4937/1 114/252/1
f 159/93/1 158/92/1 116/254/1
f 161/255/1 160/254/1 118/256/1
f 120/258/1 162/4938/1 163/259/1
f 161/146/3 119/50/3 111/261/3
f 109/158/2 117/4939/2 116/263/2
f 159/264/3 117/4940/3 109/265/3
f 158/267/4 150/4941/4 108/268/4
f 112/270/2 120/313/2 121/271/2
f 156/107/4 148/4911/4 106/272/4
f 163/274/4 155/4942/4 113/275/4
f 165/276/3 123/4943/3 86/277/3
f 111/164/2 119/4944/2 118/279/2
f 89/280/5 126/284/5 122/281/5
f 88/283/5 125/291/5 126/284/5
f 86/285/5 123/317/5 124/286/5
f 164/288/4 127/4945/4 85/289/4
f 87/287/5 124/286/5 125/291/5
f 132/292/1 133/4925/1 129/188/1
f 139/293/1 138/4946/1 127/294/1
f 134/295/1 135/4927/1 130/196/1
f 142/296/5 143/4947/5 135/297/5
f 144/299/5 145/4948/5 137/300/5
f 136/301/1 137/4923/1 131/182/1
f 140/302/1 148/249/1 149/204/1
f 144/303/1 152/202/1 153/228/1
f 147/211/5 146/17/5 138/304/5
f 140/306/5 141/4949/5 133/307/5
f 156/309/5 157/4950/5 149/239/5
f 150/246/1 151/244/1 143/245/1
f 155/250/1 154/4935/1 146/157/1
f 158/263/5 159/4939/5 151/311/5
f 163/270/5 162/4951/5 154/312/5
f 160/279/5 161/4944/5 153/314/5
f 164/132/2 168/318/2 131/316/2
f 168/318/2 167/322/2 130/319/2
f 166/320/2 165/129/2 128/281/2
f 167/322/2 166/320/2 129/321/2
f 127/294/1 138/4946/1 96/323/1
f 178/324/6 169/4952/6 171/325/6
f 169/327/5 170/980/5 172/328/5
f 169/330/3 178/4953/3 184/331/3
f 178/333/3 177/4954/3 183/334/3
f 177/336/3 176/4955/3 182/337/3
f 176/339/3 175/4956/3 181/340/3
f 175/342/3 174/4957/3 180/343/3
f 174/345/3 173/4958/3 179/346/3
f 179/348/3 173/4959/3 194/349/3
f 173/351/6 174/4960/6 186/352/6
f 174/354/6 175/4961/6 187/355/6
f 187/357/6 175/4962/6 176/358/6
f 176/360/6 177/4963/6 189/361/6
f 177/363/6 178/4964/6 190/364/6
f 193/366/6 191/4965/6 199/367/6
f 206/369/6 194/4966/6 173/370/6
f 205/372/3 199/4967/3 191/373/3
f 204/375/3 198/4968/3 199/376/3
f 203/378/3 197/4969/3 198/379/3
f 202/381/3 196/4970/3 197/382/3
f 201/384/3 195/4971/3 196/385/3
f 200/387/3 194/4972/3 195/388/3
f 207/390/6 195/4973/6 194/391/6
f 208/393/6 196/4974/6 195/394/6
f 209/396/6 197/4975/6 196/397/6
f 210/399/6 198/4976/6 197/400/6
f 211/402/6 199/4977/6 198/403/6
f 214/405/6 212/4978/6 218/406/6
f 215/408/2 213/4979/2 212/409/2
f 221/411/3 218/4980/3 212/412/3
f 220/414/3 217/4981/3 218/415/3
f 219/417/3 216/4982/3 217/418/3
f 192/420/3 191/4983/3 216/421/3
f 222/423/6 216/4984/6 191/424/6
f 223/426/6 217/4985/6 216/427/6
f 224/429/6 218/4986/6 217/430/6
f 226/432/1 228/4987/1 227/433/1
f 232/435/7 230/4988/7 229/436/7
f 230/438/2 226/4989/2 225/439/2
f 231/441/4 229/4990/4 225/442/4
f 228/444/3 226/4991/3 230/445/3
f 234/447/5 236/4992/5 235/448/5
f 236/450/7 240/4993/7 239/451/7
f 240/453/2 238/4994/2 237/454/2
f 238/456/1 234/4995/1 233/457/1
f 239/459/4 237/4996/4 233/460/4
f 236/462/3 234/666/3 238/463/3
f 242/465/1 244/4997/1 243/466/1
f 248/468/7 246/4998/7 245/469/7
f 246/471/2 242/4999/2 241/472/2
f 243/474/4 247/581/4 245/475/4
f 244/477/3 242/5000/3 246/478/3
f 250/480/1 252/5001/1 251/481/1
f 256/483/7 254/5002/7 253/484/7
f 254/486/2 250/639/2 249/487/2
f 255/489/4 253/5003/4 249/490/4
f 252/492/3 250/5004/3 254/493/3
f 258/495/1 260/5005/1 259/496/1
f 292/498/3 290/5006/3 294/499/3
f 264/501/7 262/5007/7 261/502/7
f 262/504/2 258/5008/2 257/505/2
f 259/507/4 263/665/4 261/508/4
f 260/510/3 258/791/3 262/511/3
f 265/513/1 266/5009/1 268/514/1
f 295/464/4 293/578/4 289/516/4
f 272/518/7 270/5010/7 269/519/7
f 270/521/2 266/5011/2 265/522/2
f 271/523/4 269/5012/4 265/524/4
f 268/526/3 266/637/3 270/527/3
f 274/529/1 276/5013/1 275/530/1
f 294/532/2 290/5014/2 289/533/2
f 280/535/7 278/5015/7 277/536/7
f 278/538/2 274/5016/2 273/539/2
f 279/541/4 277/597/4 273/542/4
f 276/544/3 274/4993/3 278/545/3
f 296/547/7 294/5017/7 293/548/7
f 282/550/1 284/5018/1 283/551/1
f 290/553/1 292/5019/1 291/554/1
f 288/556/7 286/5020/7 285/557/7
f 286/559/2 282/5021/2 281/560/2
f 287/562/4 285/5022/4 281/563/4
f 284/565/3 282/5014/3 286/566/3
f 298/568/2 300/5023/2 299/569/2
f 304/571/5 302/692/5 301/572/5
f 302/574/7 298/5024/7 297/575/7
f 303/577/4 301/5025/4 297/578/4
f 300/580/3 298/5026/3 302/475/3
f 306/582/1 308/5027/1 307/583/1
f 308/585/5 312/5028/5 311/586/5
f 311/588/7 312/5029/7 310/589/7
f 310/591/2 306/5030/2 305/592/2
f 311/594/4 309/3358/4 305/595/4
f 308/597/3 306/541/3 310/598/3
f 314/600/2 316/5031/2 315/601/2
f 320/603/5 318/5032/5 317/604/5
f 318/606/7 314/5033/7 313/607/7
f 315/609/4 319/5034/4 317/610/4
f 316/612/3 314/5035/3 318/460/3
f 340/614/3 338/5036/3 342/615/3
f 326/608/4 322/5037/4 324/616/4
f 343/617/4 341/5038/4 337/618/4
f 327/620/2 325/5039/2 326/621/2
f 323/623/7 327/5040/7 328/624/7
f 325/626/3 327/5041/3 323/627/3
f 321/629/5 323/5042/5 324/630/5
f 330/632/2 332/5043/2 331/633/2
f 342/635/7 338/5044/7 337/636/7
f 336/638/5 334/487/5 333/639/5
f 334/641/7 330/5045/7 329/642/7
f 335/613/4 333/5046/4 329/644/4
f 332/646/3 330/5047/3 334/647/3
f 344/649/5 342/5048/5 341/650/5
f 338/652/2 340/5049/2 339/653/2
f 346/655/7 348/5050/7 347/656/7
f 351/658/1 352/5051/1 350/659/1
f 350/661/5 346/5052/5 345/662/5
f 351/664/4 349/5053/4 345/508/4
f 348/666/3 346/5054/3 350/667/3
f 354/668/7 356/5055/7 355/669/7
f 359/671/1 360/5056/1 358/672/1
f 358/674/5 354/5057/5 353/675/5
f 355/677/4 359/5058/4 357/678/4
f 356/680/3 354/800/3 358/681/3
f 362/683/7 364/5059/7 363/684/7
f 368/686/1 366/5060/1 365/687/1
f 366/454/5 362/5061/5 361/689/5
f 367/690/4 365/5062/4 361/691/4
f 364/693/3 362/5063/3 366/694/3
f 369/696/7 370/5064/7 372/697/7
f 396/699/3 394/5065/3 398/700/3
f 376/702/1 374/5066/1 373/703/1
f 374/705/5 370/5067/5 369/706/5
f 375/708/4 373/5068/4 369/709/4
f 372/711/3 370/815/3 374/617/3
f 377/713/7 378/5069/7 380/535/7
f 399/715/4 397/5070/4 393/716/4
f 384/718/1 382/5071/1 381/719/1
f 381/720/5 382/5072/5 378/721/5
f 379/723/4 383/791/4 381/506/4
f 380/725/3 378/5073/3 382/726/3
f 386/727/7 388/5074/7 387/728/7
f 398/730/5 394/500/5 393/731/5
f 392/733/1 390/5075/1 389/734/1
f 390/736/5 386/5076/5 385/737/5
f 391/739/4 389/743/4 385/740/4
f 388/742/3 386/5077/3 390/743/3
f 400/744/1 398/5078/1 397/745/1
f 394/747/7 396/5079/7 395/748/7
f 402/750/7 404/5080/7 403/751/7
f 408/719/1 406/5071/1 405/753/1
f 406/755/5 402/5081/5 401/756/5
f 407/758/4 405/5082/4 401/712/4
f 404/759/3 402/625/3 406/760/3
f 410/762/5 412/5083/5 411/763/5
f 416/765/2 414/5084/2 413/766/2
f 414/768/1 410/5085/1 409/769/1
f 415/771/4 413/5086/4 409/525/4
f 416/773/3 412/798/3 410/774/3
f 418/776/7 420/670/7 419/777/7
f 420/707/2 424/5087/2 423/779/2
f 424/781/1 422/5088/1 421/782/1
f 422/784/5 418/5089/5 417/785/5
f 423/787/4 421/5090/4 417/788/4
f 420/790/3 418/5008/3 422/791/3
f 426/792/5 428/5091/5 427/793/5
f 432/795/2 430/5092/2 429/796/2
f 430/460/1 426/5035/1 425/798/1
f 431/799/4 429/5093/4 425/800/4
f 428/802/3 426/614/3 430/525/3
f 434/803/5 436/5094/5 435/804/5
f 456/679/3 452/5095/3 450/681/3
f 440/806/2 438/5096/2 437/807/2
f 438/809/1 434/4990/1 433/441/1
f 435/811/4 439/648/4 437/812/4
f 436/814/3 434/617/3 438/815/3
f 455/817/4 453/5097/4 449/818/4
f 454/820/1 450/5098/1 449/821/1
f 442/823/5 444/5099/5 443/824/5
f 456/826/2 454/5100/2 453/827/2
f 448/829/2 446/5101/2 445/830/2
f 446/832/1 442/5102/1 441/833/1
f 447/835/4 445/5103/4 441/775/4
f 444/836/3 442/5045/3 446/837/3
f 450/839/5 452/5104/5 451/840/5
f 459/843/3 460/5105/3 457/5106/3
f 457/5106/3 458/5107/3 459/843/3
f 458/5107/3 463/844/3 459/843/3
f 463/844/3 464/5108/3 461/5109/3
f 461/5109/3 462/842/3 463/844/3
f 466/845/8 474/5110/8 473/846/8
f 493/848/1 478/5111/1 470/849/1
f 479/851/7 476/5112/7 468/852/7
f 470/849/9 478/5111/9 477/854/9
f 468/852/10 476/5112/10 475/856/10
f 477/858/2 480/5113/2 472/859/2
f 475/861/5 474/5110/5 466/845/5
f 472/859/11 480/5113/11 479/863/11
f 466/865/3 465/883/3 481/866/3
f 492/868/3 470/875/3 486/869/3
f 468/871/3 484/877/3 487/872/3
f 469/874/3 485/879/3 486/869/3
f 467/876/3 483/880/3 484/877/3
f 472/878/3 488/881/3 485/879/3
f 466/865/3 482/867/3 483/880/3
f 472/878/3 471/873/3 487/872/3
f 489/882/3 491/5114/3 481/866/3
f 473/884/1 490/5115/1 489/885/1
f 494/887/5 496/5116/5 493/888/5
f 489/890/2 490/5117/2 495/891/2
f 498/893/2 500/5118/2 499/894/2
f 504/895/5 502/5119/5 501/896/5
f 502/897/7 498/5120/7 497/898/7
f 506/900/2 508/1862/2 507/901/2
f 511/903/5 512/5121/5 510/904/5
f 504/906/3 500/5122/3 498/907/3
f 510/909/7 506/5123/7 505/910/7
f 511/912/230 509/5124/230 505/913/230
f 514/915/2 516/5125/2 515/916/2
f 519/918/5 520/1062/5 518/919/5
f 512/921/231 508/5126/231 506/922/231
f 517/924/7 518/5127/7 514/925/7
f 515/927/232 519/5128/232 517/928/232
f 516/930/233 514/5129/233 518/931/233
f 522/933/2 524/1230/2 523/934/2
f 528/936/5 526/5130/5 525/937/5
f 526/939/7 522/5131/7 521/940/7
f 529/942/2 530/5132/2 532/943/2
f 535/945/5 536/5133/5 534/946/5
f 528/948/234 524/5134/234 522/949/234
f 533/951/7 534/5135/7 530/952/7
f 531/954/235 535/5136/235 533/955/235
f 538/957/2 540/5137/2 539/958/2
f 543/960/5 544/5138/5 542/961/5
f 536/963/3 532/1700/3 530/964/3
f 542/966/7 538/5139/7 537/967/7
f 543/969/4 541/5140/4 537/970/4
f 540/972/236 538/5141/236 542/973/236
f 545/975/2 546/5142/2 548/976/2
f 551/978/5 552/5143/5 550/979/5
f 550/981/7 546/5144/7 545/982/7
f 554/984/2 556/5145/2 555/985/2
f 559/987/5 560/5146/5 558/988/5
f 548/990/237 546/5147/237 550/991/237
f 558/993/7 554/5148/7 553/994/7
f 555/996/238 559/5149/238 557/997/238
f 562/999/2 564/5150/2 563/1000/2
f 567/1002/5 568/5151/5 566/1003/5
f 560/1005/239 556/5152/239 554/1006/239
f 566/1008/7 562/5153/7 561/1009/7
f 567/1011/4 565/989/4 561/1012/4
f 564/1014/240 562/5154/240 566/1015/240
f 569/1017/2 570/5155/2 572/1018/2
f 576/1020/5 574/936/5 573/1021/5
f 574/1023/7 570/1364/7 569/1024/7
f 578/1026/2 580/5156/2 579/1027/2
f 583/1029/5 584/5157/5 582/1030/5
f 572/1032/241 570/5158/241 574/1033/241
f 581/1035/7 582/5159/7 578/1036/7
f 579/1038/242 583/5160/242 581/1039/242
f 586/1040/2 588/5161/2 587/1041/2
f 592/1043/5 590/5162/5 589/1044/5
f 580/1046/243 578/5163/243 582/1047/243
f 589/1049/7 590/5164/7 586/1050/7
f 591/1052/244 589/5165/244 585/1053/244
f 592/1055/3 588/5166/3 586/1056/3
f 594/1058/2 596/5167/2 595/1059/2
f 600/1061/5 598/5168/5 597/1062/5
f 598/1064/7 594/1039/7 593/1065/7
f 602/1067/2 604/1878/2 603/1068/2
f 607/1070/5 608/1141/5 606/1071/5
f 600/1073/245 596/5169/245 594/1046/245
f 606/1075/7 602/5170/7 601/1076/7
f 603/1078/246 607/5171/246 605/1079/246
f 610/1081/2 612/5172/2 611/1082/2
f 615/1084/5 616/5173/5 614/1085/5
f 608/1087/247 604/5174/247 602/1088/247
f 614/1090/7 610/5175/7 609/1091/7
f 611/1093/248 615/5176/248 613/1094/248
f 616/1096/249 612/5177/249 610/1097/249
f 618/1099/2 620/5178/2 619/1100/2
f 623/1102/5 624/5179/5 622/1103/5
f 622/1105/7 618/1496/7 617/1106/7
f 626/1108/2 628/1087/2 627/1109/2
f 632/1111/5 630/5180/5 629/1112/5
f 624/1114/250 620/5181/250 618/1115/250
f 629/1117/7 630/5182/7 626/1118/7
f 631/1120/251 629/5183/251 625/1121/251
f 633/1123/2 634/5184/2 636/1124/2
f 640/1126/5 638/5185/5 637/1127/5
f 628/1129/3 626/5186/3 630/1130/3
f 638/1132/7 634/1216/7 633/1133/7
f 635/1135/4 639/5187/4 637/1136/4
f 636/1138/3 634/1475/3 638/1139/3
f 641/1141/2 642/5188/2 644/1142/2
f 648/1144/5 646/5189/5 645/1145/5
f 646/1147/7 642/1924/7 641/1148/7
f 650/1150/2 652/2069/2 651/1151/2
f 656/1153/5 654/5190/5 653/1154/5
f 644/1156/252 642/5191/252 646/1157/252
f 653/1159/7 654/5192/7 650/1160/7
f 655/1162/253 653/5120/253 649/1163/253
f 658/1165/2 660/5193/2 659/1166/2
f 664/1168/5 662/5194/5 661/1169/5
f 656/1171/254 652/5195/254 650/1172/254
f 661/1174/7 662/5196/7 658/1175/7
f 659/1177/255 663/5197/255 661/1178/255
f 660/1180/256 658/5198/256 662/1181/256
f 665/1183/2 666/5199/2 668/1184/2
f 671/1186/5 672/5200/5 670/1187/5
f 670/1189/7 666/5201/7 665/1190/7
f 674/1192/2 676/5202/2 675/1193/2
f 679/1195/5 680/5203/5 678/1196/5
f 668/1198/257 666/5204/257 670/1199/257
f 677/1201/7 678/5205/7 674/1202/7
f 679/1204/258 677/5206/258 673/1205/258
f 682/1207/2 684/1104/2 683/1208/2
f 687/1210/5 688/5207/5 686/1211/5
f 676/1213/3 674/5208/3 678/1214/3
f 686/1216/7 682/5209/7 681/1217/7
f 687/1219/4 685/1386/4 681/1220/4
f 688/1222/259 684/5210/259 682/1223/259
f 676/1225/1 680/5211/1 679/1226/1
f 500/1228/1 504/5212/1 503/1229/1
f 516/1230/1 520/5213/1 519/1231/1
f 690/1233/7 692/5214/7 691/1234/7
f 696/1236/1 694/5215/1 693/1237/1
f 694/1239/5 690/1473/5 689/1240/5
f 698/1242/7 700/3697/7 699/1243/7
f 703/1245/1 704/5216/1 702/1246/1
f 692/1248/3 690/5217/3 694/1249/3
f 702/1251/5 698/5218/5 697/1252/5
f 703/1254/260 701/5219/260 697/1255/260
f 706/1257/7 708/5220/7 707/1258/7
f 711/1260/1 712/5221/1 710/1261/1
f 704/1263/261 700/5222/261 698/1264/261
f 709/1266/5 710/5223/5 706/1267/5
f 707/1269/262 711/5224/262 709/1270/262
f 708/1272/263 706/5225/263 710/1273/263
f 714/1275/7 716/5226/7 715/1276/7
f 720/1278/1 718/5227/1 717/1279/1
f 718/1281/5 714/5228/5 713/1282/5
f 721/1284/7 722/5229/7 724/1285/7
f 727/1287/1 728/5230/1 726/1288/1
f 720/1290/264 716/5231/264 714/1291/264
f 725/1293/5 726/5232/5 722/1294/5
f 723/1296/265 727/5233/265 725/1297/265
f 730/1298/7 732/5234/7 731/1299/7
f 735/1045/1 736/5235/1 734/1301/1
f 728/1303/3 724/5236/3 722/1304/3
f 734/1306/5 730/5237/5 729/1307/5
f 735/1309/4 733/5238/4 729/1310/4
f 732/1312/266 730/5239/266 734/1313/266
f 737/1315/7 738/5240/7 740/1316/7
f 743/1318/1 744/5241/1 742/1319/1
f 742/1321/5 738/5242/5 737/1322/5
f 746/1324/7 748/5243/7 747/1325/7
f 751/1327/1 752/5244/1 750/1328/1
f 740/1330/267 738/5245/267 742/1331/267
f 750/1333/5 746/5246/5 745/1334/5
f 747/1336/268 751/5247/268 749/1337/268
f 754/1339/7 756/5248/7 755/1340/7
f 759/1342/1 760/5249/1 758/1343/1
f 752/1345/269 748/5250/269 746/1346/269
f 758/1348/5 754/5251/5 753/1349/5
f 759/1351/4 757/2056/4 753/1352/4
f 756/1354/270 754/1514/270 758/1355/270
f 761/1357/7 762/5252/7 764/1358/7
f 768/1360/1 766/5253/1 765/1361/1
f 766/1363/5 762/5254/5 761/1364/5
f 770/1366/7 772/5255/7 771/1367/7
f 775/1369/1 776/5256/1 774/1370/1
f 764/1372/271 762/5144/271 766/1373/271
f 773/1375/5 774/5257/5 770/1376/5
f 771/1378/272 775/5258/272 773/1379/272
f 778/1381/7 780/5259/7 779/1382/7
f 784/1384/1 782/5260/1 781/1385/1
f 772/1387/273 770/5261/273 774/1217/273
f 781/1389/5 782/5262/5 778/1390/5
f 783/1392/274 781/5263/274 777/1393/274
f 784/1395/3 780/5264/3 778/1392/3
f 786/1397/7 788/5265/7 787/1398/7
f 792/894/1 790/5266/1 789/1400/1
f 790/1402/5 786/5267/5 785/1403/5
f 794/1405/7 796/5268/7 795/1406/7
f 799/1408/1 800/1469/1 798/1409/1
f 792/1411/275 788/963/275 786/1412/275
f 798/1414/5 794/5269/5 793/1415/5
f 795/1417/276 799/5270/276 797/1418/276
f 802/1420/7 804/5271/7 803/1421/7
f 807/1423/1 808/5272/1 806/1424/1
f 800/1426/277 796/1268/277 794/1427/277
f 806/1429/5 802/5273/5 801/1430/5
f 803/1432/278 807/5274/278 805/1433/278
f 808/1434/279 804/5275/279 802/1435/279
f 810/1437/7 812/5276/7 811/1438/7
f 815/1440/1 816/5277/1 814/1441/1
f 814/1443/5 810/5278/5 809/1444/5
f 818/1446/7 820/5279/7 819/1447/7
f 824/1449/1 822/1408/1 821/1450/1
f 816/1452/280 812/5280/280 810/1453/280
f 821/1455/5 822/5281/5 818/1456/5
f 823/1458/281 821/5282/281 817/1459/281
f 825/1461/7 826/5283/7 828/1462/7
f 832/1464/1 830/5284/1 829/1465/1
f 820/1467/3 818/5285/3 822/1468/3
f 830/1469/5 826/1430/5 825/1470/5
f 827/1472/4 831/5286/4 829/1473/4
f 828/1475/3 826/1138/3 830/1476/3
f 833/1478/7 834/5287/7 836/1479/7
f 840/1480/1 838/5288/1 837/1481/1
f 838/1483/5 834/5289/5 833/1484/5
f 842/1486/7 844/5290/7 843/1487/7
f 848/1488/1 846/5291/1 845/1489/1
f 836/1491/282 834/5292/282 838/1492/282
f 845/1494/5 846/5293/5 842/1495/5
f 847/1497/283 845/5294/283 841/1021/283
f 850/1499/7 852/5295/7 851/1500/7
f 856/1502/1 854/5296/1 853/1503/1
f 848/1505/284 844/5297/284 842/1506/284
f 853/1508/5 854/5298/5 850/1509/5
f 851/1387/285 855/5299/285 853/1511/285
f 852/1513/286 850/1355/286 854/1514/286
f 857/1516/7 858/5300/7 860/1517/7
f 863/1519/1 864/5301/1 862/1520/1
f 862/1522/5 858/5302/5 857/1523/5
f 866/1525/7 868/5303/7 867/1526/7
f 871/1528/1 872/5304/1 870/1529/1
f 860/1531/287 858/5305/287 862/1532/287
f 869/1534/5 870/5306/5 866/1535/5
f 871/1537/288 869/5307/288 865/1538/288
f 874/1540/7 876/5146/7 875/1541/7
f 879/1543/1 880/5308/1 878/1544/1
f 868/1546/3 866/1864/3 870/1547/3
f 878/1549/5 874/5309/5 873/1550/5
f 879/1552/4 877/5310/4 873/1553/4
f 880/1555/289 876/5311/289 874/1556/289
f 868/1558/2 872/5312/2 871/1559/2
f 691/1561/2 692/5313/2 696/1562/2
f 708/1564/2 712/5314/2 711/1565/2
f 882/1567/1 884/5315/1 883/1568/1
f 887/1570/7 888/5316/7 886/1571/7
f 886/1573/2 882/5317/2 881/1574/2
f 890/1576/1 892/5318/1 891/1577/1
f 895/1579/7 896/5319/7 894/1580/7
f 884/1582/3 882/5320/3 886/1583/3
f 894/1585/2 890/5321/2 889/1586/2
f 895/1588/290 893/5322/290 889/1318/290
f 897/1590/1 898/5323/1 900/1591/1
f 903/1593/7 904/5324/7 902/1594/7
f 896/1323/291 892/5325/291 890/1149/291
f 901/1597/2 902/5326/2 898/1598/2
f 899/1600/292 903/5327/292 901/1601/292
f 904/1602/293 900/5328/293 898/1603/293
f 906/1605/1 908/5329/1 907/1278/1
f 911/1607/7 912/5330/7 910/1608/7
f 910/1610/2 906/5331/2 905/1611/2
f 913/1613/1 914/1212/1 916/1614/1
f 919/1616/7 920/5332/7 918/989/7
f 908/1617/3 906/5333/3 910/1618/3
f 917/956/2 918/5334/2 914/1620/2
f 915/1622/294 919/5335/294 917/1623/294
f 921/1625/1 922/5336/1 924/1626/1
f 927/1628/7 928/5337/7 926/1629/7
f 920/1631/3 916/5338/3 914/1632/3
f 926/1634/2 922/5339/2 921/1635/2
f 923/1637/295 927/5340/295 925/1638/295
f 924/1124/296 922/5341/296 926/1640/296
f 929/1642/1 930/5342/1 932/1643/1
f 935/1645/7 936/5343/7 934/1646/7
f 934/1647/2 930/5344/2 929/965/2
f 938/1649/1 940/5345/1 939/1019/1
f 943/1651/7 944/5346/7 942/1652/7
f 932/1654/297 930/5347/297 934/1655/297
f 942/1657/2 938/5348/2 937/1658/2
f 939/1660/298 943/5349/298 941/1661/298
f 946/1663/1 948/5350/1 947/1664/1
f 951/1666/7 952/5351/7 950/1667/7
f 944/1669/299 940/5352/299 938/1670/299
f 950/1672/2 946/5353/2 945/1673/2
f 947/1675/300 951/5354/300 949/1676/300
f 952/1678/301 948/5355/301 946/1679/301
f 953/1681/1 954/5356/1 956/1682/1
f 959/1684/7 960/5357/7 958/1685/7
f 958/1687/2 954/5358/2 953/1688/2
f 962/1690/1 964/5359/1 963/1691/1
f 967/1693/7 968/5360/7 966/1694/7
f 960/1696/302 956/1399/302 954/1697/302
f 965/963/2 966/5361/2 962/1699/2
f 963/1701/303 967/5362/303 965/1702/303
f 970/1704/1 972/5363/1 971/1705/1
f 976/1707/7 974/5364/7 973/1708/7
f 964/1710/304 962/5365/304 966/1711/304
f 973/1713/2 974/5366/2 970/1714/2
f 975/1716/305 973/5367/305 969/1717/305
f 976/1718/306 972/5368/306 970/1719/306
f 977/1721/1 978/5369/1 980/1722/1
f 983/1724/7 984/5370/7 982/1725/7
f 982/1727/2 978/5371/2 977/1728/2
f 986/1730/1 988/5372/1 987/1731/1
f 991/1733/7 992/5373/7 990/1734/7
f 980/1736/307 978/5374/307 982/1737/307
f 990/1739/2 986/5375/2 985/1740/2
f 987/1742/308 991/5376/308 989/1497/308
f 994/1744/1 996/5377/1 995/1745/1
f 1000/1747/7 998/5378/7 997/1748/7
f 992/1750/309 988/5379/309 986/1751/309
f 998/1753/2 994/5380/2 993/1754/2
f 999/1756/4 997/908/4 993/1757/4
f 996/1759/310 994/5381/310 998/1760/310
f 1002/1762/1 1004/5382/1 1003/1763/1
f 1007/1765/7 1008/5383/7 1006/1766/7
f 1006/1768/2 1002/1822/2 1001/1769/2
f 1010/1771/1 1012/5384/1 1011/1772/1
f 1016/1774/7 1014/5385/7 1013/1775/7
f 1008/1777/311 1004/5386/311 1002/1778/311
f 1013/1780/2 1014/5387/2 1010/1781/2
f 1015/1783/312 1013/5388/312 1009/1784/312
f 1018/1786/1 1020/5389/1 1019/1787/1
f 1023/1789/7 1024/5390/7 1022/1790/7
f 1012/1792/3 1010/5391/3 1014/1793/3
f 1022/1794/2 1018/1754/2 1017/1795/2
f 1019/1797/313 1023/5392/313 1021/1798/313
f 1024/1800/314 1020/5393/314 1018/1801/314
f 1025/1803/1 1026/5394/1 1028/1804/1
f 1032/1806/7 1030/5395/7 1029/1807/7
f 1030/1809/2 1026/5396/2 1025/1810/2
f 1034/1812/1 1036/5397/1 1035/1813/1
f 1040/1815/7 1038/5398/7 1037/1816/7
f 1028/1818/315 1026/5399/315 1030/1777/315
f 1037/1820/2 1038/5400/2 1034/1821/2
f 1039/1823/316 1037/5401/316 1033/1824/316
f 1041/1825/1 1042/5402/1 1044/1826/1
f 1048/1828/7 1046/5403/7 1045/1829/7
f 1040/1831/317 1036/5404/317 1034/1832/317
f 1045/1834/2 1046/5405/2 1042/1835/2
f 1047/1837/318 1045/5406/318 1041/1838/318
f 1044/1840/319 1042/5407/319 1046/1841/319
f 1049/1843/1 1050/5408/1 1052/1844/1
f 1056/1846/7 1054/5409/7 1053/1847/7
f 1054/1849/2 1050/5410/2 1049/1850/2
f 1058/1852/1 1060/5411/1 1059/1853/1
f 1063/1855/7 1064/5412/7 1062/1856/7
f 1052/1764/320 1050/5413/320 1054/1858/320
f 1061/1860/2 1062/5414/2 1058/1861/2
f 1063/1863/321 1061/1213/321 1057/1864/321
f 1066/1866/1 1068/5415/1 1067/1867/1
f 1071/1869/7 1072/5416/7 1070/1870/7
f 1060/1872/3 1058/5417/3 1062/1873/3
f 1070/1875/2 1066/5418/2 1065/1876/2
f 1067/1677/322 1071/5419/322 1069/1877/322
f 1072/1879/323 1068/5420/323 1066/1880/323
f 900/1882/5 904/5421/5 903/1883/5
f 884/1885/5 888/5422/5 887/1886/5
f 1060/1888/5 1064/5423/5 1063/1889/5
f 1074/1652/5 1076/5424/5 1075/1891/5
f 1080/1893/2 1078/5425/2 1077/1894/2
f 1078/1896/1 1074/1161/1 1073/1897/1
f 1082/1899/5 1084/5426/5 1083/1900/5
f 1087/1902/2 1088/5427/2 1086/1903/2
f 1076/1446/3 1074/5428/3 1078/1905/3
f 1086/1907/1 1082/5429/1 1081/1908/1
f 1087/1910/324 1085/3743/324 1081/1911/324
f 1090/1913/5 1092/5430/5 1091/1914/5
f 1095/1916/2 1096/1606/2 1094/1917/2
f 1088/1919/325 1084/5431/325 1082/1920/325
f 1093/1922/1 1094/5432/1 1090/1923/1
f 1091/1925/326 1095/5433/326 1093/1926/326
f 1092/1928/327 1090/5434/327 1094/1929/327
f 1098/1931/5 1100/5435/5 1099/1932/5
f 1104/1934/2 1102/5436/2 1101/1935/2
f 1102/1937/1 1098/5437/1 1097/1938/1
f 1105/1940/5 1106/5438/5 1108/1941/5
f 1111/1943/2 1112/5439/2 1110/1944/2
f 1104/1946/328 1100/5440/328 1098/1792/328
f 1109/1948/1 1110/1468/1 1106/1949/1
f 1107/1951/329 1111/5441/329 1109/1952/329
f 1114/1954/5 1116/5442/5 1115/1955/5
f 1119/1956/2 1120/5443/2 1118/1957/2
f 1112/1959/3 1108/1303/3 1106/1960/3
f 1118/1962/1 1114/5444/1 1113/1963/1
f 1119/1965/4 1117/5445/4 1113/1966/4
f 1116/1967/330 1114/5446/330 1118/1968/330
f 1121/1970/5 1122/5447/5 1124/1971/5
f 1127/1973/2 1128/5448/2 1126/1974/2
f 1126/1976/1 1122/5449/1 1121/1047/1
f 1130/1978/5 1132/5450/5 1131/1979/5
f 1135/1981/2 1136/5451/2 1134/1982/2
f 1124/1984/331 1122/5452/331 1126/1985/331
f 1134/1987/1 1130/5453/1 1129/1988/1
f 1131/1990/332 1135/5454/332 1133/1991/332
f 1138/1993/5 1140/5455/5 1139/1994/5
f 1143/1996/2 1144/5456/2 1142/1997/2
f 1136/1999/333 1132/5198/333 1130/2000/333
f 1142/2002/1 1138/1094/1 1137/2003/1
f 1143/2005/4 1141/5457/4 1137/2006/4
f 1140/2008/334 1138/5458/334 1142/2009/334
f 1146/2011/5 1148/5340/5 1147/2012/5
f 1151/2014/2 1152/1794/2 1150/2015/2
f 1150/2017/1 1146/5459/1 1145/2018/1
f 1147/2020/335 1151/5460/335 1149/2021/335
f 1152/2023/336 1148/5288/336 1146/2024/336
f 1154/2025/5 1156/5461/5 1155/2026/5
f 1159/2028/2 1160/5462/2 1158/2029/2
f 1158/2031/1 1154/1476/1 1153/2032/1
f 1162/2034/5 1164/5463/5 1163/2035/5
f 1168/2037/2 1166/5464/2 1165/2038/2
f 1160/2040/337 1156/5465/337 1154/2041/337
f 1165/2043/1 1166/5236/1 1162/1876/1
f 1167/2045/338 1165/5466/338 1161/2046/338
f 1169/2048/5 1170/5467/5 1172/2049/5
f 1176/2051/2 1174/5468/2 1173/2052/2
f 1168/1476/3 1164/1959/3 1162/2054/3
f 1174/1351/1 1170/5469/1 1169/2055/1
f 1171/2057/4 1175/5470/4 1173/2058/4
f 1172/1178/3 1170/5471/3 1174/2060/3
f 1177/2062/5 1178/5472/5 1180/2063/5
f 1184/2064/2 1182/5473/2 1181/2065/2
f 1182/2066/1 1178/5474/1 1177/1485/1
f 1186/2068/5 1188/1151/5 1187/2069/5
f 1192/2071/2 1190/5475/2 1189/2072/2
f 1180/2074/339 1178/5476/339 1182/2075/339
f 1189/2077/1 1190/5477/1 1186/2078/1
f 1191/2080/340 1189/5478/340 1185/2081/340
f 1194/2083/5 1196/5479/5 1195/2084/5
f 1200/2086/2 1198/5480/2 1197/2087/2
f 1192/2089/341 1188/5481/341 1186/2042/341
f 1197/2091/1 1198/5482/1 1194/2092/1
f 1195/2094/342 1199/5483/342 1197/2095/342
f 1196/2097/343 1194/5484/343 1198/2098/343
f 1201/2100/5 1202/5485/5 1204/2101/5
f 1207/2103/2 1208/5486/2 1206/2104/2
f 1206/2105/1 1202/5487/1 1201/1066/1
f 1210/2107/5 1212/1644/5 1211/2108/5
f 1215/1595/2 1216/5488/2 1214/2110/2
f 1204/2112/344 1202/5489/344 1206/1919/344
f 1213/2114/1 1214/5490/1 1210/2115/1
f 1215/2117/345 1213/5491/345 1209/2118/345
f 1218/2120/5 1220/5461/5 1219/2121/5
f 1223/2123/2 1224/5372/2 1222/2124/2
f 1212/2126/3 1210/5492/3 1214/2127/3
f 1222/2128/1 1218/1334/1 1217/2129/1
f 1223/2131/4 1221/5493/4 1217/2132/4
f 1224/2134/346 1220/5366/346 1218/1524/346
f 1212/2135/7 1216/1751/7 1215/2136/7
f 1076/2138/7 1080/5494/7 1079/1138/7
f 1092/2139/7 1096/5495/7 1095/2140/7
f 1228/2142/7 1238/2152/7 1261/2143/7
f 1229/2145/5 1232/5496/5 1235/2146/5
f 1245/2148/1 1230/5497/1 1237/2149/1
f 1232/2151/10 1231/2156/10 1238/2152/10
f 1230/2154/8 1229/2145/8 1236/2147/8
f 1261/2143/7 1238/2152/7 1231/2156/7
f 1263/2158/1 1264/5498/1 1241/2159/1
f 1262/2161/1 1257/2201/1 1234/2162/1
f 1233/2164/2 1240/5499/2 1241/2165/2
f 1237/2155/8 1236/2147/8 1226/2167/8
f 1235/2153/10 1238/2152/10 1228/2142/10
f 1243/2170/1 1247/2150/1 1237/2149/1
f 1236/2147/5 1235/2146/5 1227/2172/5
f 1264/2173/4 1262/5500/4 1239/2174/4
f 1239/2163/1 1246/2178/1 1242/2176/1
f 1234/2162/1 1244/2179/1 1246/2178/1
f 1244/2179/1 1245/2148/1 1247/2150/1
f 1247/2150/1 1243/2170/1 1242/2176/1
f 1258/2180/2 1255/2187/2 1252/2181/2
f 1260/2183/1 1253/2189/1 1268/2184/1
f 1261/2186/11 1254/5501/11 1255/2187/11
f 1259/2188/9 1252/5502/9 1253/2189/9
f 1264/2165/5 1263/5499/5 1256/2190/5
f 1249/2192/9 1259/2188/9 1260/2183/9
f 1251/2194/11 1261/2186/11 1258/2180/11
f 1248/2193/1 1260/2183/1 1270/2185/1
f 1250/2195/2 1258/2180/2 1259/2182/2
f 1265/2198/1 1269/2200/1 1262/2161/1
f 1269/2200/1 1267/2202/1 1257/2201/1
f 1270/2185/1 1268/2184/1 1267/2202/1
f 1265/2198/1 1266/2196/1 1270/2185/1
f 1272/2203/5 1274/5503/5 1300/2204/5
f 1274/2206/7 1278/5504/7 1301/2207/7
f 1278/2209/2 1276/5505/2 1302/2210/2
f 1271/2212/5 1279/2225/5 1313/2213/5
f 1274/2215/3 1272/2218/3 1276/2216/3
f 1272/2218/135 1280/2227/135 1281/2219/135
f 1302/2210/2 1276/5505/2 1281/2220/2
f 1285/2222/1 1284/5506/1 1305/2223/1
f 1279/2225/5 1283/5507/5 1314/2226/5
f 1280/2227/3 1284/5508/3 1285/2228/3
f 1281/2220/2 1285/5509/2 1306/2229/2
f 1290/2230/1 1289/5510/1 1333/2231/1
f 1333/2233/3 1289/5511/3 1287/2234/3
f 1335/2236/7 1291/5512/7 1292/2237/7
f 1287/2239/2 1289/5513/2 1290/2240/2
f 1294/2237/1 1293/5514/1 1337/2242/1
f 1337/2243/3 1293/2253/3 1291/2244/3
f 1339/2246/7 1295/5515/7 1296/2247/7
f 1292/2249/2 1291/5516/2 1293/2250/2
f 1298/2247/1 1297/5517/1 1341/2252/1
f 1341/2235/3 1297/2234/3 1295/2253/3
f 1296/2254/2 1295/5518/2 1297/2255/2
f 1304/2257/4 1306/4239/4 1311/2258/4
f 1303/2260/5 1305/5519/5 1284/2261/5
f 1311/2258/4 1306/4239/4 1305/2263/4
f 1302/2265/136 1304/2257/136 1310/2259/136
f 1299/2205/5 1303/2260/5 1280/2262/5
f 1301/2267/4 1302/2265/4 1309/2266/4
f 1307/2269/3 1300/2269/3 1301/2269/3
f 1299/2270/4 1300/5520/4 1307/2271/4
f 1312/2214/5 1307/5521/5 1273/2273/5
f 1307/2274/7 1308/5522/7 1277/2275/7
f 1308/2277/2 1309/5523/2 1275/2278/2
f 1275/2278/2 1309/5523/2 1310/2280/2
f 1311/2282/1 1314/5524/1 1283/2283/1
f 1310/2280/2 1311/5525/2 1286/2285/2
f 1303/2286/4 1313/5526/4 1314/2264/4
f 1312/2272/347 1313/5526/347 1303/2286/347
f 1344/2287/2 1318/5527/2 1316/2288/2
f 1345/2290/7 1322/5528/7 1318/2291/7
f 1346/2293/5 1320/2305/5 1322/2294/5
f 1357/2296/2 1323/2309/2 1315/2297/2
f 1320/2299/3 1316/2303/3 1318/2300/3
f 1325/2302/135 1324/2311/135 1316/2303/135
f 1346/2293/5 1348/2313/5 1325/2304/5
f 1349/2306/1 1328/5529/1 1329/1108/1
f 1358/2308/2 1327/5530/2 1323/2309/2
f 1329/2310/3 1328/5531/3 1324/2311/3
f 1350/2312/5 1329/5532/5 1325/2304/5
f 1334/2239/5 1333/5533/5 1331/2314/5
f 1336/2316/5 1338/5534/5 1337/2317/5
f 1340/2319/5 1342/5535/5 1341/2320/5
f 1355/2322/4 1350/2329/4 1348/2323/4
f 1328/2325/2 1349/5536/2 1347/2326/2
f 1358/2328/4 1349/5537/4 1350/2329/4
f 1353/2330/136 1354/2324/136 1348/2323/136
f 1324/2327/2 1347/2326/2 1343/2289/2
f 1353/2330/4 1346/2331/4 1345/2332/4
f 1351/2269/3 1352/2269/3 1345/2269/3
f 1351/2334/4 1344/5538/4 1343/2335/4
f 1317/2337/2 1351/5539/2 1356/2298/2
f 1321/2338/7 1352/5540/7 1351/2339/7
f 1319/2341/5 1353/2345/5 1352/2342/5
f 1319/2341/5 1326/2350/5 1354/2344/5
f 1327/2346/1 1358/5541/1 1355/2347/1
f 1330/2349/5 1355/5542/5 1354/2344/5
f 1347/2351/4 1349/5537/4 1358/2328/4
f 1343/2335/136 1347/2351/136 1357/2352/136
f 1331/2230/7 1287/2232/7 1288/2353/7
f 1362/2355/3 1360/5543/3 1359/2356/3
f 1363/2358/3 1364/5544/3 1366/2359/3
f 1379/2361/137 1387/2388/137 1390/2362/137
f 1373/2364/1 1381/2371/1 1376/2365/1
f 1369/2367/7 1377/2373/7 1380/2368/7
f 1374/2370/138 1382/5545/138 1381/2371/138
f 1370/2372/139 1378/5546/139 1377/2373/139
f 1371/2374/2 1379/5547/2 1382/2375/2
f 1367/2377/5 1375/5548/5 1378/2378/5
f 1372/2369/140 1380/2368/140 1379/2380/140
f 1368/2366/141 1376/2365/141 1375/2382/141
f 1375/2384/142 1383/2390/142 1386/2385/142
f 1380/2387/143 1388/2394/143 1387/2388/143
f 1376/2389/144 1384/2392/144 1383/2390/144
f 1381/2391/145 1389/2395/145 1384/2392/145
f 1377/2393/146 1385/2396/146 1388/2394/146
f 1381/2391/147 1382/2363/147 1390/2362/147
f 1377/2393/148 1378/2386/148 1386/2385/148
f 1368/2398/4 1367/5549/4 1370/5550/4
f 1370/5550/4 1369/5551/4 1368/2398/4
f 1369/5551/4 1372/2399/4 1368/2398/4
f 1372/2399/4 1371/5552/4 1374/5553/4
f 1374/5553/4 1373/2397/4 1372/2399/4
f 1391/2401/4 1394/5554/4 1393/2402/4
f 1393/2402/4 1396/5555/4 1397/5556/4
f 1396/5555/4 1395/5557/4 1397/5556/4
f 1395/5557/4 1398/5558/4 1397/5556/4
f 1397/5556/4 1392/2400/4 1393/2402/4
f 1403/2403/3 1411/2433/3 1414/2404/3
f 1397/2406/1 1405/2413/1 1400/2407/1
f 1393/2409/7 1401/2415/7 1404/2410/7
f 1398/2412/9 1406/5559/9 1405/2413/9
f 1394/2414/10 1402/5560/10 1401/2415/10
f 1395/2416/2 1403/2423/2 1406/2417/2
f 1391/2419/5 1399/2425/5 1402/2420/5
f 1396/2422/11 1404/5561/11 1403/2423/11
f 1392/2424/8 1400/5562/8 1399/2425/8
f 1409/2426/1 1417/2446/1 1420/2427/1
f 1399/2429/3 1407/2435/3 1410/2430/3
f 1403/2403/3 1404/2439/3 1412/2432/3
f 1400/2434/3 1408/2437/3 1407/2435/3
f 1405/2436/3 1413/2440/3 1408/2437/3
f 1401/2438/3 1409/2441/3 1412/2432/3
f 1406/2405/3 1414/2404/3 1413/2440/3
f 1401/2438/3 1402/2431/3 1410/2430/3
f 1414/2442/10 1422/5563/10 1421/2443/10
f 1410/2445/9 1418/5564/9 1417/2446/9
f 1411/2447/5 1419/2454/5 1422/2448/5
f 1407/2450/2 1415/2456/2 1418/2451/2
f 1412/2453/8 1420/5565/8 1419/2454/8
f 1408/2455/11 1416/5566/11 1415/2456/11
f 1413/2444/7 1421/2443/7 1416/2457/7
f 1424/2459/3 1423/3133/3 1425/2460/3
f 1430/2462/4 1427/3139/4 1428/2463/4
f 1427/2465/149 1430/5567/149 1435/2466/149
f 1430/2468/7 1429/5568/7 1438/2469/7
f 1436/2471/1 1428/5569/1 1427/2472/1
f 1433/2474/1 1432/3345/1 1423/2475/1
f 1431/2477/7 1434/2483/7 1426/2478/7
f 1432/2480/2 1431/5570/2 1425/2481/2
f 1434/2483/7 1431/2477/7 1435/2470/7
f 1432/2484/151 1437/5571/151 1435/2485/151
f 1449/2487/1 1452/2502/1 1453/2488/1
f 1440/2490/3 1439/5572/3 1441/2491/3
f 1446/2493/4 1443/5573/4 1444/2494/4
f 1443/2496/149 1446/5574/149 1451/2497/149
f 1446/2499/7 1445/5575/7 1454/2500/7
f 1452/2502/1 1444/5576/1 1443/2503/1
f 1449/2487/1 1448/2489/1 1439/2504/1
f 1447/2506/7 1450/2512/7 1442/2507/7
f 1448/2509/2 1447/3180/2 1441/2510/2
f 1450/2512/7 1447/2506/7 1451/2501/7
f 1448/2513/151 1453/5577/151 1451/2514/151
f 1465/2516/1 1468/2531/1 1469/2517/1
f 1456/2519/3 1455/5578/3 1457/2520/3
f 1462/2522/4 1459/2666/4 1460/2523/4
f 1459/2525/149 1462/5579/149 1467/2526/149
f 1462/2528/7 1461/2827/7 1470/2529/7
f 1468/2531/1 1460/5580/1 1459/2532/1
f 1465/2516/1 1464/2518/1 1455/2533/1
f 1463/2535/7 1466/2541/7 1458/2536/7
f 1464/2538/2 1463/5581/2 1457/2539/2
f 1466/2541/7 1463/2535/7 1467/2530/7
f 1464/2542/151 1469/5582/151 1467/2543/151
f 1481/2545/1 1484/2560/1 1485/2546/1
f 1472/2548/3 1471/5583/3 1473/2549/3
f 1478/2551/4 1475/2638/4 1476/2552/4
f 1475/2554/149 1478/5584/149 1483/2555/149
f 1478/2557/7 1477/5585/7 1486/2558/7
f 1484/2560/1 1476/5586/1 1475/2561/1
f 1481/2545/1 1480/2547/1 1471/2562/1
f 1479/2564/7 1482/2573/7 1474/2565/7
f 1480/2567/2 1479/5575/2 1473/2568/2
f 1497/2570/2 1500/2589/2 1501/2571/2
f 1482/2573/7 1479/2564/7 1483/2559/7
f 1480/2574/151 1485/5587/151 1483/2575/151
f 1488/2577/3 1487/5588/3 1489/2578/3
f 1494/2580/4 1491/5589/4 1492/2581/4
f 1491/2583/152 1494/5590/152 1499/2584/152
f 1494/2586/5 1493/5591/5 1502/2587/5
f 1500/2589/2 1492/5592/2 1491/2590/2
f 1497/2570/2 1496/2572/2 1487/2591/2
f 1495/2593/5 1498/2599/5 1490/2594/5
f 1496/2596/7 1495/5593/7 1489/2597/7
f 1498/2599/5 1495/2593/5 1499/2588/5
f 1496/2600/153 1501/5594/153 1499/2601/153
f 1513/2603/2 1516/2618/2 1517/2604/2
f 1504/2606/3 1503/5595/3 1505/2607/3
f 1510/2609/4 1507/3034/4 1508/2610/4
f 1507/2612/152 1510/5596/152 1515/2613/152
f 1510/2615/5 1509/5597/5 1518/2616/5
f 1516/2618/2 1508/2794/2 1507/2619/2
f 1513/2603/2 1512/2605/2 1503/2620/2
f 1511/2622/5 1514/2628/5 1506/2623/5
f 1512/2625/7 1511/5598/7 1505/2626/7
f 1514/2628/5 1511/2622/5 1515/2617/5
f 1512/2629/153 1517/5599/153 1515/2630/153
f 1529/2632/2 1532/2647/2 1533/2633/2
f 1520/2635/3 1519/5600/3 1521/2636/3
f 1526/2638/4 1523/2976/4 1524/2639/4
f 1523/2641/152 1526/5601/152 1531/2642/152
f 1526/2644/5 1525/5602/5 1534/2645/5
f 1532/2647/2 1524/3115/2 1523/2648/2
f 1529/2632/2 1528/2634/2 1519/2649/2
f 1527/2651/5 1530/2657/5 1522/2652/5
f 1528/2654/7 1527/5603/7 1521/2655/7
f 1530/2657/5 1527/2651/5 1531/2646/5
f 1528/2631/153 1533/2630/153 1531/2658/153
f 1545/2660/2 1548/2675/2 1549/2661/2
f 1536/2663/3 1535/5604/3 1537/2664/3
f 1542/2666/4 1539/5605/4 1540/2667/4
f 1539/2669/152 1542/5606/152 1547/2670/152
f 1542/2672/5 1541/5607/5 1550/2673/5
f 1548/2675/2 1540/5608/2 1539/2676/2
f 1545/2660/2 1544/2662/2 1535/2677/2
f 1543/2679/5 1546/2688/5 1538/2680/5
f 1544/2682/7 1543/5609/7 1537/2683/7
f 1817/2685/7 1820/3147/7 1821/2686/7
f 1546/2688/5 1543/2679/5 1547/2674/5
f 1544/2689/153 1549/2775/153 1547/2690/153
f 1552/2692/3 1551/2936/3 1553/2693/3
f 1558/2695/4 1555/5610/4 1556/2696/4
f 1555/2698/152 1558/5611/152 1563/2699/152
f 1558/2701/5 1557/5612/5 1566/2702/5
f 1564/2704/2 1556/5613/2 1555/2705/2
f 1561/2707/2 1560/3340/2 1551/2708/2
f 1559/2710/5 1562/2716/5 1554/2711/5
f 1560/2713/7 1559/5614/7 1553/2714/7
f 1562/2716/5 1559/2710/5 1563/2703/5
f 1560/2717/153 1565/5615/153 1563/2718/153
f 1577/2720/2 1580/2734/2 1581/2721/2
f 1568/2723/3 1567/3239/3 1569/2724/3
f 1574/2726/4 1571/2609/4 1572/2611/4
f 1571/2728/152 1574/5616/152 1579/2729/152
f 1574/2731/5 1573/5617/5 1582/2732/5
f 1580/2734/2 1572/5618/2 1571/2735/2
f 1577/2720/2 1576/2722/2 1567/2736/2
f 1575/2738/5 1578/2744/5 1570/2739/5
f 1576/2741/7 1575/5619/7 1569/2742/7
f 1578/2744/5 1575/2738/5 1579/2733/5
f 1576/2745/153 1581/5620/153 1579/2746/153
f 1593/2748/2 1596/2763/2 1597/2749/2
f 1584/2751/3 1583/3240/3 1585/2752/3
f 1590/2754/4 1587/3167/4 1588/2755/4
f 1587/2757/152 1590/5621/152 1595/2758/152
f 1590/2760/5 1589/5622/5 1598/2761/5
f 1596/2763/2 1588/5623/2 1587/2764/2
f 1593/2748/2 1592/2750/2 1583/2765/2
f 1591/2767/5 1594/2773/5 1586/2768/5
f 1592/2770/7 1591/2799/7 1585/2771/7
f 1594/2773/5 1591/2767/5 1595/2762/5
f 1592/2774/153 1597/5624/153 1595/2775/153
f 1609/2776/2 1612/2791/2 1613/2777/2
f 1600/2779/3 1599/5625/3 1601/2780/3
f 1606/2782/4 1603/5626/4 1604/2783/4
f 1603/2785/152 1606/5627/152 1611/2786/152
f 1606/2788/5 1605/5628/5 1614/2789/5
f 1612/2791/2 1604/5629/2 1603/2792/2
f 1609/2776/2 1608/2778/2 1599/2793/2
f 1607/2795/5 1610/2804/5 1602/2796/5
f 1608/2798/7 1607/2771/7 1601/2799/7
f 1625/2801/1 1628/2818/1 1629/2802/1
f 1610/2804/5 1607/2795/5 1611/2790/5
f 1608/2602/153 1613/2601/153 1611/2805/153
f 1616/2807/3 1615/5630/3 1617/2808/3
f 1622/2810/4 1619/2580/4 1620/2582/4
f 1619/2812/149 1622/5631/149 1627/2813/149
f 1622/2815/7 1621/5632/7 1630/2816/7
f 1628/2818/1 1620/5633/1 1619/2819/1
f 1625/2801/1 1624/2803/1 1615/2820/1
f 1623/2822/7 1626/2828/7 1618/2823/7
f 1624/2825/2 1623/5634/2 1617/2826/2
f 1626/2828/7 1623/2822/7 1627/2817/7
f 1624/2829/151 1629/5635/151 1627/2830/151
f 1641/2832/1 1644/2846/1 1645/2833/1
f 1632/2835/3 1631/5636/3 1633/2836/3
f 1638/2838/4 1635/2493/4 1636/2495/4
f 1635/2840/149 1638/5637/149 1643/2841/149
f 1638/2843/7 1637/2627/7 1646/2844/7
f 1644/2846/1 1636/5638/1 1635/2847/1
f 1641/2832/1 1640/2834/1 1631/2848/1
f 1639/2850/7 1642/2856/7 1634/2851/7
f 1640/2853/2 1639/5639/2 1633/2854/2
f 1642/2856/7 1639/2850/7 1643/2845/7
f 1640/2857/151 1645/5640/151 1643/2858/151
f 1657/2860/1 1660/2875/1 1661/2861/1
f 1648/2863/3 1647/5641/3 1649/2864/3
f 1654/2866/4 1651/5642/4 1652/2867/4
f 1651/2869/149 1654/5643/149 1659/2870/149
f 1654/2872/7 1653/5644/7 1662/2873/7
f 1660/2875/1 1652/5645/1 1651/2876/1
f 1657/2860/1 1656/2862/1 1647/2877/1
f 1655/2879/7 1658/2883/7 1650/2880/7
f 1656/2540/2 1655/2539/2 1649/2882/2
f 1658/2883/7 1655/2879/7 1659/2874/7
f 1656/2884/151 1661/5646/151 1659/2885/151
f 1673/2887/1 1676/2900/1 1677/2888/1
f 1664/2837/3 1663/5647/3 1665/2890/3
f 1670/2891/4 1667/5648/4 1668/2892/4
f 1667/2894/149 1670/5649/149 1675/2895/149
f 1670/2897/7 1669/3022/7 1678/2898/7
f 1676/2900/1 1668/5650/1 1667/2901/1
f 1673/2887/1 1672/2889/1 1663/2902/1
f 1671/2904/7 1674/2913/7 1666/2905/7
f 1672/2907/2 1671/5651/2 1665/2908/2
f 1689/2910/7 1692/2929/7 1693/2911/7
f 1674/2913/7 1671/2904/7 1675/2899/7
f 1672/2914/151 1677/5652/151 1675/2915/151
f 1680/2917/3 1679/5653/3 1681/2918/3
f 1686/2920/4 1683/2947/4 1684/2921/4
f 1683/2923/154 1686/5654/154 1691/2924/154
f 1686/2926/1 1685/5655/1 1694/2927/1
f 1692/2929/7 1684/5656/7 1683/2930/7
f 1689/2910/7 1688/2912/7 1679/2508/7
f 1687/2932/1 1690/2937/1 1682/2933/1
f 1688/2935/5 1687/5657/5 1681/2693/5
f 1690/2937/1 1687/2932/1 1691/2928/1
f 1688/2938/156 1693/5658/156 1691/2939/156
f 1705/2941/7 1708/2955/7 1709/2942/7
f 1696/2944/3 1695/5659/3 1697/2945/3
f 1702/2947/4 1699/5660/4 1700/2948/4
f 1699/2949/154 1702/5661/154 1707/2950/154
f 1702/2952/1 1701/2967/1 1710/2953/1
f 1708/2955/7 1700/5662/7 1699/2956/7
f 1705/2941/7 1704/2943/7 1695/2957/7
f 1703/2959/1 1706/2965/1 1698/2960/1
f 1704/2962/5 1703/2931/5 1697/2963/5
f 1706/2965/1 1703/2959/1 1707/2954/1
f 1704/2966/156 1709/5663/156 1707/2967/156
f 1721/2969/7 1724/2984/7 1725/2970/7
f 1712/2972/3 1711/3183/3 1713/2973/3
f 1718/2975/4 1715/5664/4 1716/2976/4
f 1715/2978/154 1718/5665/154 1723/2979/154
f 1718/2981/1 1717/5666/1 1726/2982/1
f 1724/2984/7 1716/5667/7 1715/2985/7
f 1721/2969/7 1720/2971/7 1711/2986/7
f 1719/2988/1 1722/2994/1 1714/2989/1
f 1720/2991/5 1719/5668/5 1713/2992/5
f 1722/2994/1 1719/2988/1 1723/2983/1
f 1720/2995/156 1725/5669/156 1723/2996/156
f 1737/2998/7 1740/3013/7 1741/2999/7
f 1728/3001/3 1727/5670/3 1729/3002/3
f 1734/3004/4 1731/2782/4 1732/3005/4
f 1731/3007/154 1734/2821/154 1739/3008/154
f 1734/3010/1 1733/5671/1 1742/3011/1
f 1740/3013/7 1732/5672/7 1731/3014/7
f 1737/2998/7 1736/3000/7 1727/3015/7
f 1735/3017/1 1738/3026/1 1730/3018/1
f 1736/3020/5 1735/5673/5 1729/3021/5
f 1753/3023/5 1756/3042/5 1757/3024/5
f 1738/3026/1 1735/3017/1 1739/3012/1
f 1736/3027/156 1741/5674/156 1739/3028/156
f 1744/3030/3 1743/5675/3 1745/3031/3
f 1750/3033/4 1747/2610/4 1748/3034/4
f 1747/3036/157 1750/5676/157 1755/3037/157
f 1750/3039/2 1749/5677/2 1758/3040/2
f 1756/3042/5 1748/5678/5 1747/3043/5
f 1753/3023/5 1752/3025/5 1743/3044/5
f 1751/3046/2 1754/3052/2 1746/3047/2
f 1752/3049/1 1751/5679/1 1745/3050/1
f 1754/3052/2 1751/3046/2 1755/3041/2
f 1752/3053/158 1757/5680/158 1755/3054/158
f 1769/3056/5 1772/3069/5 1773/3057/5
f 1760/3059/3 1759/5681/3 1761/3060/3
f 1765/2667/4 1766/5605/4 1763/2551/4
f 1763/3063/157 1766/5682/157 1771/3064/157
f 1766/3066/2 1765/5683/2 1774/3067/2
f 1772/3069/5 1764/5684/5 1763/3070/5
f 1769/3056/5 1768/3058/5 1759/3071/5
f 1767/3073/2 1770/3079/2 1762/3074/2
f 1768/3076/1 1767/5685/1 1761/3077/1
f 1770/3079/2 1767/3073/2 1771/3068/2
f 1768/3080/158 1773/5686/158 1771/2486/158
f 1785/3082/5 1788/3097/5 1789/3083/5
f 1778/3085/3 1776/5687/3 1775/3086/3
f 1781/3088/4 1782/5688/4 1779/3089/4
f 1779/3091/157 1782/5689/157 1787/3092/157
f 1782/3094/2 1781/5690/2 1790/3095/2
f 1788/3097/5 1780/5691/5 1779/3098/5
f 1785/3082/5 1784/3084/5 1775/3099/5
f 1783/3101/2 1786/3107/2 1778/3102/2
f 1784/3104/1 1783/5692/1 1777/3105/1
f 1786/3107/2 1783/3101/2 1787/3096/2
f 1784/3108/158 1789/2917/158 1787/2919/158
f 1801/3110/5 1804/3123/5 1805/3111/5
f 1792/3113/3 1791/5693/3 1793/3114/3
f 1798/2697/4 1795/5694/4 1796/3116/4
f 1795/3117/157 1798/5695/157 1803/3118/157
f 1798/3120/2 1797/5696/2 1806/3121/2
f 1804/3123/5 1796/5697/5 1795/3124/5
f 1801/3110/5 1800/3112/5 1791/3125/5
f 1799/3127/2 1802/3073/2 1794/3128/2
f 1800/3130/1 1799/3281/1 1793/3131/1
f 1802/3073/2 1799/3127/2 1803/3122/2
f 1800/3132/158 1805/2460/158 1803/3133/158
f 1808/3135/3 1807/5698/3 1809/3136/3
f 1814/3138/4 1811/2463/4 1812/3139/4
f 1811/3141/154 1814/5591/154 1819/3142/154
f 1814/3144/1 1813/5699/1 1822/3145/1
f 1820/3147/7 1812/5700/7 1811/3148/7
f 1817/2685/7 1816/2687/7 1807/3149/7
f 1815/3151/1 1818/2904/1 1810/3152/1
f 1816/3154/5 1815/5701/5 1809/3155/5
f 1818/2904/1 1815/3151/1 1819/3146/1
f 1816/3157/155 1821/5702/155 1819/3158/155
f 1833/3160/7 1836/3175/7 1837/3161/7
f 1824/3163/3 1823/5703/3 1825/3164/3
f 1830/3166/4 1827/2755/4 1828/3167/4
f 1827/3169/154 1830/5704/154 1835/3170/154
f 1830/3172/1 1829/5705/1 1838/3173/1
f 1836/3175/7 1828/5706/7 1827/3176/7
f 1833/3160/7 1832/3162/7 1823/3177/7
f 1831/2688/1 1834/3182/1 1826/3179/1
f 1832/3180/5 1831/5632/5 1825/3181/5
f 1834/3182/1 1831/2688/1 1835/3174/1
f 1832/3183/155 1837/5707/155 1835/3184/155
f 1849/3186/7 1852/3199/7 1853/3187/7
f 1840/3189/3 1839/5708/3 1841/3190/3
f 1846/3089/4 1843/5709/4 1844/3192/4
f 1843/3193/154 1846/5710/154 1851/3194/154
f 1846/3196/1 1845/2996/1 1854/3197/1
f 1852/3199/7 1844/3217/7 1843/3200/7
f 1849/3186/7 1848/3188/7 1839/3201/7
f 1847/3203/1 1850/3208/1 1842/3204/1
f 1848/3205/5 1847/5711/5 1841/3206/5
f 1850/3208/1 1847/3203/1 1851/3198/1
f 1848/3209/155 1853/5712/155 1851/3210/155
f 1865/3212/7 1868/3224/7 1869/3213/7
f 1856/3215/3 1855/5713/3 1857/3216/3
f 1862/2977/4 1859/5714/4 1860/3218/4
f 1859/3219/154 1862/5715/154 1867/3220/154
f 1862/3221/1 1861/5716/1 1870/3222/1
f 1868/3224/7 1860/5698/7 1859/3225/7
f 1865/3212/7 1864/3214/7 1855/3226/7
f 1863/3228/1 1866/3236/1 1858/3229/1
f 1864/3230/5 1863/5717/5 1857/3231/5
f 1881/3233/5 1884/3250/5 1885/3234/5
f 1866/3236/1 1863/3228/1 1867/3223/1
f 1864/3003/155 1869/5718/155 1867/3237/155
f 1872/3239/3 1871/2752/3 1873/3240/3
f 1878/3241/4 1875/5719/4 1876/3242/4
f 1875/3244/157 1878/5720/157 1883/3245/157
f 1878/3247/2 1877/5721/2 1886/3248/2
f 1884/3250/5 1876/5722/5 1875/3251/5
f 1881/3233/5 1880/3235/5 1871/3252/5
f 1879/3254/2 1882/3259/2 1874/3255/2
f 1880/3257/1 1879/5723/1 1873/3258/1
f 1882/3259/2 1879/3254/2 1883/3249/2
f 1880/3260/158 1885/5724/158 1883/2576/158
f 1897/3262/5 1900/3274/5 1901/3263/5
f 1890/3054/3 1888/5680/3 1887/3265/3
f 1893/3267/4 1894/5725/4 1891/2866/4
f 1891/3268/157 1894/5726/157 1899/3269/157
f 1894/3271/2 1893/5727/2 1902/3272/2
f 1900/3274/5 1892/5728/5 1891/3275/5
f 1897/3262/5 1896/3264/5 1887/3276/5
f 1895/3278/2 1898/3282/2 1890/3279/2
f 1896/3281/1 1895/3230/1 1889/3232/1
f 1898/3282/2 1895/3278/2 1899/3273/2
f 1896/3283/158 1901/5729/158 1899/3284/158
f 1913/3286/5 1916/3301/5 1917/3287/5
f 1904/3289/3 1903/3027/3 1905/3290/3
f 1909/3292/4 1910/5730/4 1907/3293/4
f 1907/3295/157 1910/5731/157 1915/3296/157
f 1910/3298/2 1909/5732/2 1918/3299/2
f 1916/3301/5 1908/5733/5 1907/3302/5
f 1913/3286/5 1912/3288/5 1903/3303/5
f 1911/3305/2 1914/3311/2 1906/3306/2
f 1912/3308/1 1911/2769/1 1905/3309/1
f 1914/3311/2 1911/3305/2 1915/3300/2
f 1911/3312/158 1912/5734/158 1917/3313/158
f 1929/3315/5 1932/3330/5 1933/3316/5
f 1920/3318/3 1919/5735/3 1921/3319/3
f 1926/3321/4 1923/5736/4 1924/3322/4
f 1923/3324/157 1926/5737/157 1931/3325/157
f 1926/3327/2 1925/5738/2 1934/3328/2
f 1932/3330/5 1924/5739/5 1923/3331/5
f 1929/3315/5 1928/3317/5 1919/3332/5
f 1927/3334/2 1930/3341/2 1922/3335/2
f 1928/3337/1 1927/5740/1 1921/3338/1
f 1561/2707/2 1564/2704/2 1565/2706/2
f 1930/3341/2 1927/3334/2 1931/3329/2
f 1928/3342/158 1933/3209/158 1931/3343/158
f 1433/2474/1 1436/2471/1 1437/2473/1
f 1936/3346/7 1938/5741/7 1937/3347/7
f 1942/3349/1 1940/5742/1 1939/3350/1
f 1940/3352/5 1936/5743/5 1935/3353/5
f 1941/507/4 1939/509/4 1935/3355/4
f 1938/3357/3 1936/5744/3 1940/3358/3
f 1948/3359/1 1951/5745/1 1947/3360/1
f 1948/3362/3 1949/3618/3 1950/3363/3
f 1967/3365/1 1958/3396/1 1943/3366/1
f 1947/3367/4 1952/5746/4 1946/3368/4
f 1963/3370/2 1961/5747/2 1960/3371/2
f 1967/3365/1 1948/3359/1 1945/3361/1
f 1945/3374/5 1946/5748/5 1953/3375/5
f 1962/3373/1 1945/3361/1 1944/3377/1
f 1970/3379/1 1963/5749/1 1971/3380/1
f 1949/3382/1 1956/5750/1 1955/3383/1
f 1943/3385/5 1956/5751/5 1949/3386/5
f 1961/3388/1 1964/5752/1 1969/3389/1
f 1960/3391/1 1961/3388/1 1962/3373/1
f 1968/3392/3 1966/5753/3 1965/3393/3
f 1967/3365/1 1965/3390/1 1959/3395/1
f 1963/3397/4 1970/3841/4 1964/3398/4
f 1952/3400/1 1954/5754/1 1953/3401/1
f 1962/3373/1 1961/3388/1 1965/3390/1
f 1966/3403/1 1968/5755/1 1973/3404/1
f 1966/3406/2 1974/5756/2 1959/3407/2
f 1976/3409/1 1982/3416/1 1986/3410/1
f 1975/3412/1 1981/5757/1 1984/3413/1
f 1976/3409/1 1977/3421/1 1983/3415/1
f 1985/3417/1 1981/5757/1 1975/3412/1
f 1980/3411/1 1986/3410/1 1985/3417/1
f 1978/3414/1 1984/3413/1 2009/3419/1
f 1977/3421/1 2002/3468/1 2010/3422/1
f 1983/3423/160 1989/3435/160 1988/3424/160
f 1991/3426/5 1987/3900/5 1981/3427/5
f 1992/3429/5 1991/3426/5 1985/3428/5
f 1984/3431/4 1990/3439/4 2017/3432/4
f 2010/3434/161 2018/5758/161 1989/3435/161
f 1988/3436/5 1992/3429/5 1986/3430/5
f 1981/3438/4 1987/5759/4 1990/3439/4
f 1980/3440/2 1998/3452/2 1994/3441/2
f 1978/3443/3 1996/3454/3 1993/3444/3
f 1976/3446/162 1994/5760/162 1995/3447/162
f 1975/3449/2 1993/5761/2 1997/3450/2
f 1979/3451/2 1997/3450/2 1998/3452/2
f 2001/3453/3 2025/5762/3 1996/3454/3
f 1977/3448/162 1995/3447/162 2026/3455/162
f 2000/3457/1 2006/3467/1 2014/3458/1
f 2012/3460/1 2007/5763/1 1999/3461/1
f 2000/3457/1 2008/3459/1 2011/3463/1
f 1999/3461/1 2007/5763/1 2013/3465/1
f 2006/3467/1 2005/3466/1 2013/3465/1
f 2009/3419/1 2012/3460/1 2004/3462/1
f 2003/3464/1 2011/3463/1 2010/3422/1
f 2016/3469/163 2019/3478/163 2011/3470/163
f 2007/3472/2 2015/5764/2 2021/3473/2
f 2013/3474/2 2021/3473/2 2022/3475/2
f 2017/3432/4 2020/3481/4 2012/3477/4
f 2019/3478/164 2018/5758/164 2010/3434/164
f 2014/3476/2 2022/3475/2 2016/3479/2
f 2020/3481/4 2015/5765/4 2007/3482/4
f 2024/3483/5 2030/3495/5 2006/3484/5
f 2023/3486/3 2028/3496/3 2004/3487/3
f 2027/3489/165 2024/5766/165 2000/3490/165
f 2029/3492/5 2023/5767/5 1999/3493/5
f 2030/3495/5 2029/3492/5 2005/3494/5
f 2028/3496/3 2025/5762/3 2001/3453/3
f 2026/3455/165 2027/3489/165 2003/3491/165
f 2032/3497/1 2040/3504/1 2044/3498/1
f 2031/3500/1 2039/5768/1 2042/3501/1
f 2032/3497/1 2033/3513/1 2041/3503/1
f 2045/3505/1 2046/3512/1 2038/3506/1
f 2036/3499/1 2044/3498/1 2043/3508/1
f 2034/3502/1 2042/3501/1 2075/3510/1
f 2046/3512/1 2039/5768/1 2031/3500/1
f 2035/3509/1 2043/3508/1 2045/3505/1
f 2033/3513/1 2066/3572/1 2076/3514/1
f 2041/3515/160 2049/3531/160 2048/3516/160
f 2053/3518/5 2054/3527/5 2046/3519/5
f 2052/3521/5 2051/3529/5 2043/3522/5
f 2042/3524/4 2050/3535/4 2085/3525/4
f 2054/3527/5 2047/5769/5 2039/3528/5
f 2051/3529/5 2053/3518/5 2045/3520/5
f 2076/3530/161 2086/5770/161 2049/3531/161
f 2048/3532/5 2052/3521/5 2044/3523/5
f 2039/3534/4 2047/5771/4 2050/3535/4
f 2036/3536/2 2060/3549/2 2056/3537/2
f 2034/3539/3 2058/3551/3 2055/3540/3
f 2032/3542/162 2056/5772/162 2057/3543/162
f 2038/3545/2 2062/3553/2 2061/3546/2
f 2035/3548/2 2059/3554/2 2060/3549/2
f 2065/3550/3 2095/5773/3 2058/3551/3
f 2031/3552/2 2055/3592/2 2062/3553/2
f 2037/3547/2 2061/3546/2 2059/3554/2
f 2033/3544/162 2057/3543/162 2096/3555/162
f 2064/3557/1 2070/3568/1 2080/3558/1
f 2078/3560/1 2073/5774/1 2063/3561/1
f 2064/3557/1 2074/3559/1 2077/3563/1
f 2072/3565/1 2082/3570/1 2081/3566/1
f 2070/3568/1 2069/3571/1 2079/3569/1
f 2075/3510/1 2078/3560/1 2068/3562/1
f 2063/3561/1 2073/5774/1 2082/3570/1
f 2069/3571/1 2071/3567/1 2081/3566/1
f 2067/3564/1 2077/3563/1 2076/3514/1
f 2084/3573/163 2087/3586/163 2077/3574/163
f 2082/3576/2 2092/3584/2 2091/3577/2
f 2079/3579/2 2089/3585/2 2090/3580/2
f 2085/3525/4 2088/3589/4 2078/3582/4
f 2073/3583/2 2083/5775/2 2092/3584/2
f 2081/3578/2 2091/3577/2 2089/3585/2
f 2087/3586/164 2086/5770/164 2076/3530/164
f 2080/3581/2 2090/3580/2 2084/3587/2
f 2088/3589/4 2083/5776/4 2073/3590/4
f 2094/3552/5 2100/3602/5 2070/3591/5
f 2093/3593/3 2098/3604/3 2068/3594/3
f 2097/3596/165 2094/5777/165 2064/3597/165
f 2101/3599/5 2102/3605/5 2072/3600/5
f 2100/3602/5 2099/3607/5 2069/3603/5
f 2098/3604/3 2095/5773/3 2065/3550/3
f 2102/3605/5 2093/4007/5 2063/3606/5
f 2099/3607/5 2101/3599/5 2071/3601/5
f 2096/3555/165 2097/3596/165 2067/3598/165
f 2110/3608/1 2114/5778/1 2109/3609/1
f 2123/3611/5 2111/5779/5 2118/3364/5
f 2110/3612/3 2112/5780/3 2113/3613/3
f 2138/3615/1 2126/3658/1 2103/3616/1
f 2109/3617/4 2116/5781/4 2108/3618/4
f 2124/3619/4 2106/4140/4 2111/3620/4
f 2132/3622/1 2105/3610/1 2119/3623/1
f 2119/3625/3 2107/3847/3 2117/3626/3
f 2138/3615/1 2110/3608/1 2105/3610/1
f 2143/3624/1 2119/3623/1 2123/3628/1
f 2119/3623/1 2115/5782/1 2124/3630/1
f 2105/3631/5 2108/5783/5 2107/3632/5
f 2111/3634/1 2106/5784/1 2120/3635/1
f 2112/3637/1 2122/5785/1 2121/3638/1
f 2108/3640/1 2116/5786/1 2117/3641/1
f 2103/3643/5 2122/5787/5 2112/3644/5
f 2148/3629/1 2123/3628/1 2104/3646/1
f 2134/3648/1 2140/5788/1 2135/3649/1
f 2145/3651/2 2136/5789/2 2151/3652/2
f 2139/3654/3 2137/5790/3 2135/3655/3
f 2138/3615/1 2135/3649/1 2127/3657/1
f 2133/3659/4 2142/5791/4 2134/3660/4
f 2136/3662/4 2130/5787/4 2152/3643/4
f 2146/3664/1 2129/3650/1 2132/3622/1
f 2144/3665/3 2131/3870/3 2146/3666/3
f 2129/3650/1 2135/3649/1 2138/3615/1
f 2151/3668/1 2146/3664/1 2143/3624/1
f 2152/3669/1 2141/5792/1 2146/3664/1
f 2131/3670/2 2133/5793/2 2129/3671/2
f 2147/3673/1 2130/5794/1 2136/3674/1
f 2137/3676/1 2139/5795/1 2149/3677/1
f 2144/3679/1 2142/5796/1 2133/3680/1
f 2137/3682/2 2150/5797/2 2127/3683/2
f 2128/3685/1 2151/3668/1 2148/3629/1
f 2166/3686/6 2153/5798/6 2158/3687/6
f 2161/3689/3 2154/5799/3 2156/3690/3
f 2160/3692/2 2156/5800/2 2154/3693/2
f 2153/3695/5 2155/3800/5 2159/3696/5
f 2153/3698/3 2166/5801/3 2172/3699/3
f 2166/3701/3 2165/5802/3 2171/3702/3
f 2165/3704/3 2164/5803/3 2170/3705/3
f 2164/3707/3 2163/5804/3 2169/3708/3
f 2163/3710/3 2162/5805/3 2168/3711/3
f 2162/3713/3 2161/5806/3 2167/3714/3
f 2154/3716/6 2161/5807/6 2173/3717/6
f 2161/3719/6 2162/5808/6 2174/3720/6
f 2162/3722/6 2163/5809/6 2175/3723/6
f 2163/3725/6 2164/5810/6 2176/3726/6
f 2164/3728/6 2165/5811/6 2177/3729/6
f 2165/3731/6 2166/5812/6 2178/3732/6
f 2180/3734/5 2182/5813/5 2188/3735/5
f 2186/3737/2 2184/5814/2 2190/3738/2
f 2184/3740/1 2180/5815/1 2187/3741/1
f 2185/3743/4 2183/3760/4 2179/3744/4
f 2182/3745/3 2180/3775/3 2184/3746/3
f 2190/3738/2 2191/5816/2 2192/3748/2
f 2189/3739/2 2190/3738/2 2183/3749/2
f 2187/3736/5 2188/3735/5 2181/3751/5
f 2191/3753/1 2194/4236/1 2193/3754/1
f 2187/3756/3 2194/5817/3 2191/3757/3
f 2179/3752/5 2193/5818/5 2194/3759/5
f 2183/3760/4 2192/5819/4 2193/3761/4
f 2196/3762/5 2198/1854/5 2204/3763/5
f 2202/3765/2 2200/5820/2 2206/3766/2
f 2200/3768/1 2196/5821/1 2203/3769/1
f 2201/3771/4 2199/3788/4 2195/3772/4
f 2198/3774/3 2196/3746/3 2200/3775/3
f 2206/3766/2 2207/5822/2 2208/3777/2
f 2205/3767/2 2206/3766/2 2199/3778/2
f 2203/3764/5 2204/3763/5 2197/3780/5
f 2207/3782/1 2210/3753/1 2209/3755/1
f 2203/3784/3 2210/5823/3 2207/3785/3
f 2195/3781/5 2209/5824/5 2210/3787/5
f 2199/3788/4 2208/1921/4 2209/3789/4
f 2224/3790/6 2211/5825/6 2216/3791/6
f 2219/3793/3 2212/5826/3 2214/3794/3
f 2218/3796/2 2214/5827/2 2212/3797/2
f 2211/3799/5 2213/2125/5 2217/3800/5
f 2211/3802/3 2224/5828/3 2230/3803/3
f 2224/3805/3 2223/5829/3 2229/3806/3
f 2223/3808/3 2222/5830/3 2228/3809/3
f 2222/3811/3 2221/5831/3 2227/3812/3
f 2221/3814/3 2220/5832/3 2226/3815/3
f 2220/3817/3 2219/5833/3 2225/3818/3
f 2212/3820/6 2219/5834/6 2231/3821/6
f 2219/3823/6 2220/5835/6 2232/3824/6
f 2220/3826/6 2221/5836/6 2233/3827/6
f 2221/3829/6 2222/5837/6 2234/3830/6
f 2222/3832/6 2223/5838/6 2235/3833/6
f 2223/3835/6 2224/5839/6 2236/3836/6
f 2241/3838/1 2245/5840/1 2242/3839/1
f 2244/3841/3 2243/5841/3 2242/3842/3
f 2261/3843/1 2242/3839/1 2237/3844/1
f 2240/3625/4 2246/5842/4 2241/3846/4
f 2254/3848/5 2255/5843/5 2257/3849/5
f 2239/3840/1 2242/3839/1 2261/3843/1
f 2247/3852/2 2240/3541/2 2239/3853/2
f 2238/3855/1 2239/3840/1 2256/3851/1
f 2265/3857/1 2257/5844/1 2264/3858/1
f 2243/3860/1 2244/5845/1 2249/3861/1
f 2243/3863/2 2250/3397/2 2237/3399/2
f 2255/3865/1 2259/3872/1 2263/3866/1
f 2256/3851/1 2255/3865/1 2254/3868/1
f 2259/3869/3 2260/5846/3 2262/3666/3
f 2261/3843/1 2252/3845/1 2253/3871/1
f 2258/3873/4 2264/5847/4 2257/3874/4
f 2247/3876/1 2248/5848/1 2246/3877/1
f 2256/3851/1 2261/3843/1 2259/3872/1
f 2260/3879/1 2268/5849/1 2267/3880/1
f 2253/3882/5 2268/3617/5 2260/3883/5
f 2270/3885/1 2274/3895/1 2280/3886/1
f 2278/3888/1 2275/5850/1 2269/3889/1
f 2270/3885/1 2276/3887/1 2277/3891/1
f 2269/3889/1 2275/5850/1 2279/3893/1
f 2274/3895/1 2273/3894/1 2279/3893/1
f 2303/3896/1 2278/3888/1 2272/3890/1
f 2271/3892/1 2277/3891/1 2304/3898/1
f 2282/3900/163 2283/3910/163 2277/3901/163
f 2275/3902/2 2281/5851/2 2285/3903/2
f 2279/3904/2 2285/3903/2 2286/3905/2
f 2311/3907/4 2284/3914/4 2278/3908/4
f 2283/3910/164 2312/5852/164 2304/3911/164
f 2280/3906/2 2286/3905/2 2282/3912/2
f 2284/3914/4 2281/5853/4 2275/3915/4
f 2288/3449/5 2292/3924/5 2274/3916/5
f 2287/3374/3 2290/3925/3 2272/3918/3
f 2289/3920/165 2288/5772/165 2270/3542/165
f 2291/3922/5 2287/3483/5 2269/3485/5
f 2292/3924/5 2291/3922/5 2273/3923/5
f 2290/3925/3 2319/5854/3 2295/3926/3
f 2320/3927/165 2289/3920/165 2271/3921/165
f 2294/3929/1 2302/3936/1 2308/3930/1
f 2293/3932/1 2301/5855/1 2306/3933/1
f 2294/3929/1 2297/3939/1 2305/3935/1
f 2307/3937/1 2301/5855/1 2293/3932/1
f 2300/3931/1 2308/3930/1 2307/3937/1
f 2298/3934/1 2306/3933/1 2303/3896/1
f 2297/3939/1 2296/3899/1 2304/3898/1
f 2302/3940/160 2305/3949/160 2313/3941/160
f 2307/3943/5 2315/3947/5 2309/3944/5
f 2308/3946/5 2316/3951/5 2315/3947/5
f 2306/3948/4 2314/3953/4 2311/3907/4
f 2304/3911/161 2312/5852/161 2313/3941/161
f 2302/3950/5 2310/5856/5 2316/3951/5
f 2301/3952/4 2309/5857/4 2314/3953/4
f 2300/3954/2 2324/3965/2 2318/3955/2
f 2298/3957/3 2322/3966/3 2317/3958/3
f 2294/3490/162 2318/5766/162 2321/3960/162
f 2293/3962/2 2317/5858/2 2323/3963/2
f 2299/3964/2 2323/3963/2 2324/3965/2
f 2295/3926/3 2319/5854/3 2322/3966/3
f 2297/3961/162 2321/3960/162 2320/3927/162
f 2326/3967/1 2330/3978/1 2338/3968/1
f 2336/3970/1 2333/5859/1 2325/3971/1
f 2326/3967/1 2334/3969/1 2335/3973/1
f 2332/3975/1 2340/3982/1 2339/3976/1
f 2330/3978/1 2329/3983/1 2337/3979/1
f 2369/3980/1 2336/3970/1 2328/3972/1
f 2325/3971/1 2333/5859/1 2340/3982/1
f 2329/3983/1 2331/3977/1 2339/3976/1
f 2327/3974/1 2335/3973/1 2370/3984/1
f 2342/3986/163 2343/4001/163 2335/3987/163
f 2340/3989/2 2348/3999/2 2347/3990/2
f 2337/3992/2 2345/4000/2 2346/3993/2
f 2379/3995/4 2344/4005/4 2336/3996/4
f 2333/3998/2 2341/5860/2 2348/3999/2
f 2339/3991/2 2347/3990/2 2345/4000/2
f 2343/4001/164 2380/5861/164 2370/4002/164
f 2338/3994/2 2346/3993/2 2342/4003/2
f 2344/4005/4 2341/5862/4 2333/4006/4
f 2350/4007/5 2354/4018/5 2330/4008/5
f 2349/4009/3 2352/4020/3 2328/4010/3
f 2351/4012/165 2350/5863/165 2326/4013/165
f 2355/4015/5 2356/4022/5 2332/4016/5
f 2354/4018/5 2353/4024/5 2329/4019/5
f 2352/4020/3 2389/5864/3 2359/4021/3
f 2356/4022/5 2349/4331/5 2325/4023/5
f 2353/4024/5 2355/4015/5 2331/4017/5
f 2390/4025/165 2351/4012/165 2327/4014/165
f 2358/4027/1 2368/3559/1 2374/3558/1
f 2357/4029/1 2367/5774/1 2372/4030/1
f 2358/4027/1 2361/4037/1 2371/4032/1
f 2375/3566/1 2376/4036/1 2366/4033/1
f 2364/4028/1 2374/3558/1 2373/3569/1
f 2362/4031/1 2372/4030/1 2369/3980/1
f 2376/4036/1 2367/5774/1 2357/4029/1
f 2363/4035/1 2373/3569/1 2375/3566/1
f 2361/4037/1 2360/3985/1 2370/3984/1
f 2371/4038/160 2381/4051/160 2378/4039/160
f 2385/4041/5 2386/4048/5 2376/4042/5
f 2384/4044/5 2383/4050/5 2373/4045/5
f 2372/4047/4 2382/4055/4 2379/3995/4
f 2386/4048/5 2377/5865/5 2367/4049/5
f 2383/4050/5 2385/4041/5 2375/4043/5
f 2370/4002/161 2380/5861/161 2381/4051/161
f 2378/4052/5 2384/4044/5 2374/4046/5
f 2367/4054/4 2377/5866/4 2382/4055/4
f 2364/4056/2 2394/4068/2 2388/4057/2
f 2362/4059/3 2392/4069/3 2387/4060/3
f 2358/3597/162 2388/5777/162 2391/4062/162
f 2366/4064/2 2396/4070/2 2395/4065/2
f 2363/4067/2 2393/4071/2 2394/4068/2
f 2359/4021/3 2389/5864/3 2392/4069/3
f 2357/3442/2 2387/3441/2 2396/4070/2
f 2365/4066/2 2395/4065/2 2393/4071/2
f 2361/4063/162 2391/4062/162 2390/4025/162
f 2403/4072/1 2408/5867/1 2404/4073/1
f 2412/4075/2 2405/5868/2 2417/4076/2
f 2407/4078/3 2406/3392/3 2404/3394/3
f 2432/4080/1 2404/4073/1 2397/4081/1
f 2402/4083/4 2410/5869/4 2403/4084/4
f 2405/4086/4 2400/4442/4 2418/4087/4
f 2413/4089/1 2399/4074/1 2426/4090/1
f 2411/3653/3 2401/3662/3 2413/3663/3
f 2399/4074/1 2404/4073/1 2432/4080/1
f 2417/4092/1 2413/4089/1 2437/4091/1
f 2418/4094/1 2409/5870/1 2413/4089/1
f 2401/4095/2 2402/5871/2 2399/4096/2
f 2414/4098/1 2400/5872/1 2405/4099/1
f 2406/4101/1 2407/5873/1 2415/4102/1
f 2411/4104/1 2410/5874/1 2402/4105/1
f 2406/4107/2 2416/5875/2 2397/4108/2
f 2398/4110/1 2417/4092/1 2442/4093/1
f 2429/4112/1 2434/5876/1 2428/4113/1
f 2445/4115/5 2430/4132/5 2439/4116/5
f 2429/3621/3 2431/3620/3 2433/4118/3
f 2432/4080/1 2420/4082/1 2421/4120/1
f 2428/3654/4 2436/3656/4 2427/4121/4
f 2446/4123/4 2424/5877/4 2430/4124/4
f 2426/4090/1 2423/4114/1 2440/4126/1
f 2440/4127/3 2425/5878/3 2438/4128/3
f 2432/4080/1 2429/4112/1 2423/4114/1
f 2437/4091/1 2440/4126/1 2445/4129/1
f 2440/4126/1 2435/5879/1 2446/4130/1
f 2423/4131/5 2427/5880/5 2425/4132/5
f 2430/4133/1 2424/5881/1 2441/4134/1
f 2431/4136/1 2444/5882/1 2443/4137/1
f 2427/4139/1 2436/5883/1 2438/3857/1
f 2421/4140/5 2444/5884/5 2431/4141/5
f 2442/4093/1 2445/4129/1 2422/4143/1
f 2452/4144/6 2447/5885/6 2460/4145/6
f 2450/4147/3 2448/5886/3 2455/4148/3
f 2454/4150/5 2451/5887/5 2448/4151/5
f 2453/4153/2 2449/5888/2 2447/4154/2
f 2466/4155/3 2460/5889/3 2447/4156/3
f 2465/4158/3 2459/5890/3 2460/4159/3
f 2464/4161/3 2458/5891/3 2459/4162/3
f 2463/4164/3 2457/5892/3 2458/4165/3
f 2462/4167/3 2456/5893/3 2457/4168/3
f 2461/4170/3 2455/5894/3 2456/4171/3
f 2467/4173/6 2455/5895/6 2448/4174/6
f 2468/4176/6 2456/5896/6 2455/4177/6
f 2469/4179/6 2457/5897/6 2456/4180/6
f 2470/4182/6 2458/5898/6 2457/4183/6
f 2471/4185/6 2459/5899/6 2458/4186/6
f 2472/4188/6 2460/5900/6 2459/4189/6
f 2482/4191/2 2476/5901/2 2474/4192/2
f 2484/4194/5 2478/5902/5 2480/4195/5
f 2481/4197/1 2474/5903/1 2478/4198/1
f 2473/4199/4 2477/4217/4 2479/2075/4
f 2478/4201/3 2474/4216/3 2476/4202/3
f 2486/4204/5 2485/5904/5 2484/4194/5
f 2477/4205/5 2484/4194/5 2483/4196/5
f 2475/4207/2 2482/4191/2 2481/4193/2
f 2487/4209/1 2488/4235/1 2485/4210/1
f 2485/4212/3 2488/5905/3 2481/4213/3
f 2488/4215/2 2487/5906/2 2473/4208/2
f 2487/4216/4 2486/4201/4 2477/4217/4
f 2498/4218/2 2492/5907/2 2490/4219/2
f 2500/4221/5 2494/5908/5 2496/4222/5
f 2497/4224/1 2490/5909/1 2494/4225/1
f 2489/4227/4 2493/4240/4 2495/3771/4
f 2494/4229/3 2490/4174/3 2492/4214/3
f 2502/4230/5 2501/5910/5 2500/4221/5
f 2493/4231/5 2500/4221/5 2499/4223/5
f 2491/4233/2 2498/4218/2 2497/4220/2
f 2503/4235/1 2504/4209/1 2501/3754/1
f 2501/3785/3 2504/5911/3 2497/4237/3
f 2504/4238/2 2503/5912/2 2489/4234/2
f 2503/4239/4 2502/5913/4 2493/4240/4
f 2510/4241/6 2505/5914/6 2518/4242/6
f 2508/4244/3 2506/5915/3 2513/4245/3
f 2512/4247/5 2509/1406/5 2506/4248/5
f 2511/4250/2 2507/5916/2 2505/4251/2
f 2524/4252/3 2518/5917/3 2505/4253/3
f 2523/4255/3 2517/5918/3 2518/4256/3
f 2522/4258/3 2516/5919/3 2517/4259/3
f 2521/4261/3 2515/5920/3 2516/4262/3
f 2520/4264/3 2514/5921/3 2515/4265/3
f 2519/4267/3 2513/5922/3 2514/4268/3
f 2525/4270/6 2513/5923/6 2506/4271/6
f 2526/4273/6 2514/5924/6 2513/4274/6
f 2527/4276/6 2515/5925/6 2514/4277/6
f 2528/4279/6 2516/5926/6 2515/4280/6
f 2529/4282/6 2517/5927/6 2516/4283/6
f 2530/4285/6 2518/5928/6 2517/4286/6
f 1252/5929/3 1255/5930/3 1268/5931/3
f 1255/5930/3 1254/4288/3 1257/4290/3
f 1268/5931/3 1255/5930/3 1267/5932/3
f 1254/4288/3 1231/5933/3 1234/4289/3
f 1231/5933/3 1232/5934/3 1234/4289/3
f 1232/5934/3 1229/5935/3 1245/5936/3
f 1229/5935/3 1230/5937/3 1245/5936/3
f 1234/4289/3 1232/5934/3 1244/5938/3
f 1268/5931/3 1253/5939/3 1252/5929/3
f 1267/5932/3 1255/5930/3 1257/4290/3
f 1232/5934/3 1245/5936/3 1244/5938/3
f 2532/4291/1 2540/4298/1 2544/4292/1
f 2531/4294/1 2539/5940/1 2542/4295/1
f 2532/4291/1 2533/4307/1 2541/4297/1
f 2545/4299/1 2546/4306/1 2538/4300/1
f 2536/4293/1 2544/4292/1 2543/4302/1
f 2534/4296/1 2542/4295/1 2575/4304/1
f 2546/4306/1 2539/5940/1 2531/4294/1
f 2535/4303/1 2543/4302/1 2545/4299/1
f 2533/4307/1 2566/4363/1 2576/4308/1
f 2541/4309/160 2549/4325/160 2548/4310/160
f 2553/4312/5 2554/4321/5 2546/4313/5
f 2552/4315/5 2551/4323/5 2543/4316/5
f 2542/4318/4 2550/4329/4 2585/4319/4
f 2554/4321/5 2547/5941/5 2539/4322/5
f 2551/4323/5 2553/4312/5 2545/4314/5
f 2576/4324/161 2586/5942/161 2549/4325/161
f 2548/4326/5 2552/4315/5 2544/4317/5
f 2542/4318/4 2539/5943/4 2547/4328/4
f 2536/4330/2 2560/4341/2 2556/4023/2
f 2534/4332/3 2558/4343/3 2555/4333/3
f 2532/3493/162 2556/5767/162 2557/4335/162
f 2538/4337/2 2562/4344/2 2561/4338/2
f 2535/4340/2 2559/4345/2 2560/4341/2
f 2565/4342/3 2595/5944/3 2558/4343/3
f 2531/3956/2 2555/3955/2 2562/4344/2
f 2537/4339/2 2561/4338/2 2559/4345/2
f 2533/4336/162 2557/4335/162 2596/4346/162
f 2564/4348/1 2570/4359/1 2580/4349/1
f 2578/4351/1 2573/5945/1 2563/4352/1
f 2564/4348/1 2574/4350/1 2577/4354/1
f 2572/4356/1 2582/4361/1 2581/4357/1
f 2570/4359/1 2569/4362/1 2579/4360/1
f 2575/4304/1 2578/4351/1 2568/4353/1
f 2563/4352/1 2573/5945/1 2582/4361/1
f 2569/4362/1 2571/4358/1 2581/4357/1
f 2567/4355/1 2577/4354/1 2576/4308/1
f 2584/4364/163 2587/4377/163 2577/4365/163
f 2582/4367/2 2592/4375/2 2591/4368/2
f 2579/4370/2 2589/4376/2 2590/4371/2
f 2585/4319/4 2588/4378/4 2578/4373/4
f 2573/4374/2 2583/5946/2 2592/4375/2
f 2581/4369/2 2591/4368/2 2589/4376/2
f 2587/4377/164 2586/5942/164 2576/4324/164
f 2580/4372/2 2590/4371/2 2584/3480/2
f 2588/4378/4 2583/5947/4 2573/4379/4
f 2594/4380/5 2600/4390/5 2570/4381/5
f 2593/4011/3 2598/4392/3 2568/4383/3
f 2597/4384/165 2594/5948/165 2564/4385/165
f 2601/4387/5 2602/4393/5 2572/4388/5
f 2600/4390/5 2599/4394/5 2569/4391/5
f 2598/4392/3 2595/5944/3 2565/4342/3
f 2602/4393/5 2593/3538/5 2563/3537/5
f 2599/4394/5 2601/4387/5 2571/4389/5
f 2596/4346/165 2597/4384/165 2567/4386/165
f 2610/4395/1 2614/5949/1 2609/4396/1
f 2623/4398/5 2611/5950/5 2618/4399/5
f 2610/4401/3 2612/5951/3 2613/4125/3
f 2638/4402/1 2626/4441/1 2603/4403/1
f 2609/4404/4 2616/5952/4 2608/4405/4
f 2624/4407/4 2606/5953/4 2611/4408/4
f 2643/4410/1 2632/4414/1 2605/4397/1
f 2619/4117/3 2607/4116/3 2617/4412/3
f 2638/4402/1 2610/4395/1 2605/4397/1
f 2643/4410/1 2619/4411/1 2623/4415/1
f 2619/4411/1 2615/5954/1 2624/4417/1
f 2605/4418/5 2608/5955/5 2607/4419/5
f 2611/4421/1 2606/5956/1 2620/4422/1
f 2612/4424/1 2622/5957/1 2621/4425/1
f 2608/4427/1 2616/5958/1 2617/4428/1
f 2603/3659/5 2622/3661/5 2612/4430/5
f 2648/4416/1 2623/4415/1 2604/4432/1
f 2634/4434/1 2640/5959/1 2635/4435/1
f 2645/4118/2 2636/5960/2 2651/4437/2
f 2639/4438/3 2637/4083/3 2635/4085/3
f 2638/4402/1 2635/4435/1 2627/4440/1
f 2633/4442/4 2642/5961/4 2634/4443/4
f 2636/4444/4 2630/5962/4 2652/4445/4
f 2646/4447/1 2629/4436/1 2632/4414/1
f 2644/4077/3 2631/4406/3 2646/4405/3
f 2629/4436/1 2635/4435/1 2638/4402/1
f 2651/4448/1 2646/4447/1 2643/4410/1
f 2652/4449/1 2641/5963/1 2646/4447/1
f 2631/4450/2 2633/5964/2 2629/4418/2
f 2647/4451/1 2630/5965/1 2636/4452/1
f 2637/4454/1 2639/5966/1 2649/4455/1
f 2644/4457/1 2642/5967/1 2633/4458/1
f 2637/4460/2 2650/3665/2 2627/3667/2
f 2628/4462/1 2651/4448/1 2648/4416/1
f 2666/4463/6 2653/5968/6 2658/4464/6
f 2661/4466/3 2654/5969/3 2656/4467/3
f 2660/4469/2 2656/1876/2 2654/4470/2
f 2653/4472/5 2655/5456/5 2659/4473/5
f 2653/4475/3 2666/5970/3 2672/4476/3
f 2666/4478/3 2665/5971/3 2671/4479/3
f 2665/4481/3 2664/5972/3 2670/4482/3
f 2664/4484/3 2663/5973/3 2669/4485/3
f 2663/4487/3 2662/5974/3 2668/4488/3
f 2662/4490/3 2661/5975/3 2667/4491/3
f 2654/4493/6 2661/5976/6 2673/4494/6
f 2661/4496/6 2662/5977/6 2674/4497/6
f 2662/4499/6 2663/5978/6 2675/4500/6
f 2663/4502/6 2664/5979/6 2676/4503/6
f 2664/4505/6 2665/5980/6 2677/4506/6
f 2665/4508/6 2666/5981/6 2678/4509/6
f 2680/4511/5 2682/5982/5 2688/4512/5
f 2686/4514/2 2684/5983/2 2690/4515/2
f 2684/4517/1 2680/5984/1 2687/4518/1
f 2685/4519/4 2683/4534/4 2679/4520/4
f 2682/4522/3 2680/3745/3 2684/3747/3
f 2690/4515/2 2691/5985/2 2692/4524/2
f 2689/4516/2 2690/4515/2 2683/4525/2
f 2687/4513/5 2688/4512/5 2681/3770/5
f 2691/4528/1 2694/3782/1 2693/3783/1
f 2687/4530/3 2694/5986/3 2691/4531/3
f 2679/4527/5 2693/5987/5 2694/4533/5
f 2683/4534/4 2692/5988/4 2693/4535/4
f 2722/4536/3 2719/4581/3 2724/4537/3
f 2726/4539/2 2723/5989/2 2699/4540/2
f 2746/4542/3 2743/4625/3 2748/4543/3
f 2720/4545/5 2721/5990/5 2697/4546/5
f 2701/4548/4 2699/4593/4 2695/4549/4
f 2701/4553/7 2697/5991/7 2722/5992/7
f 2697/5991/7 2721/5993/7 2722/5992/7
f 2722/5992/7 2725/4551/7 2701/4553/7
f 2704/4554/168 2706/5994/168 2705/4555/168
f 2706/4557/169 2708/4560/169 2707/4558/169
f 2708/4560/170 2710/5995/170 2709/4561/170
f 2710/4562/171 2712/4565/171 2711/4563/171
f 2712/4565/172 2714/5996/172 2713/4566/172
f 2714/4567/173 2716/5997/173 2715/4568/173
f 2708/4571/1 2706/5998/1 2704/5999/1
f 2704/5999/1 2718/6000/1 2708/4571/1
f 2718/6000/1 2716/4572/1 2708/4571/1
f 2716/4572/1 2714/6001/1 2712/6002/1
f 2712/6002/1 2710/4570/1 2716/4572/1
f 2715/4568/174 2716/5997/174 2718/4573/174
f 2718/4575/175 2704/4554/175 2703/4556/175
f 2717/4579/7 2703/6003/7 2705/6004/7
f 2705/6004/7 2707/6005/7 2709/4577/7
f 2709/4577/7 2711/6006/7 2713/4578/7
f 2713/4578/7 2715/6007/7 2717/4579/7
f 2717/4579/7 2705/6004/7 2709/4577/7
f 2722/4536/176 2721/6008/176 2720/4580/176
f 2724/4537/177 2723/4670/177 2726/4582/177
f 2695/4585/1 2699/6009/1 2724/6010/1
f 2699/6009/1 2723/6011/1 2724/6010/1
f 2724/6010/1 2719/4583/1 2695/4585/1
f 2750/4586/2 2747/6012/2 2698/4587/2
f 2744/4589/5 2745/6013/5 2700/4590/5
f 2696/4592/4 2698/4549/4 2702/4593/4
f 2696/4597/7 2700/6014/7 2746/6015/7
f 2700/6014/7 2745/6016/7 2746/6015/7
f 2746/6015/7 2749/4595/7 2696/4597/7
f 2728/4598/168 2730/6017/168 2729/4599/168
f 2729/4601/169 2730/6018/169 2732/4602/169
f 2731/4603/170 2732/4602/170 2734/4604/170
f 2734/4606/171 2736/4609/171 2735/4607/171
f 2736/4609/172 2738/6019/172 2737/4610/172
f 2738/4611/173 2740/4617/173 2739/4612/173
f 2732/4615/1 2730/6020/1 2728/6021/1
f 2728/6021/1 2742/6022/1 2732/4615/1
f 2742/6022/1 2740/4616/1 2732/4615/1
f 2740/4616/1 2738/6023/1 2736/6024/1
f 2736/6024/1 2734/4614/1 2740/4616/1
f 2740/4617/174 2742/6025/174 2741/4618/174
f 2742/4619/175 2728/4598/175 2727/4600/175
f 2741/4623/7 2727/6026/7 2729/6027/7
f 2729/6027/7 2731/6028/7 2741/4623/7
f 2731/6028/7 2733/4621/7 2741/4623/7
f 2733/4621/7 2735/6029/7 2737/4622/7
f 2737/4622/7 2739/6030/7 2741/4623/7
f 2746/4542/176 2745/6031/176 2744/4624/176
f 2748/4543/177 2747/6032/177 2750/4626/177
f 2702/4629/1 2698/6033/1 2748/6034/1
f 2698/6033/1 2747/6035/1 2748/6034/1
f 2748/6034/1 2743/4627/1 2702/4629/1
f 2774/4630/3 2771/4671/3 2776/4631/3
f 2778/4633/2 2775/6036/2 2752/4634/2
f 2772/4636/5 2773/6037/5 2753/4637/5
f 2751/4639/4 2752/4548/4 2754/4550/4
f 2751/4643/7 2753/6038/7 2774/6039/7
f 2753/6038/7 2773/6040/7 2774/6039/7
f 2774/6039/7 2777/4641/7 2751/4643/7
f 2756/4644/168 2758/6041/168 2757/4645/168
f 2758/4647/169 2760/6042/169 2759/4648/169
f 2759/4648/170 2760/6042/170 2762/4650/170
f 2762/4652/171 2764/4655/171 2763/4653/171
f 2764/4655/172 2766/6043/172 2765/4656/172
f 2766/4657/173 2768/4663/173 2767/4658/173
f 2760/4661/1 2758/6044/1 2768/4662/1
f 2758/6044/1 2756/6045/1 2768/4662/1
f 2756/6045/1 2770/6046/1 2768/4662/1
f 2768/4662/1 2766/6047/1 2764/6048/1
f 2764/6048/1 2762/4660/1 2768/4662/1
f 2768/4663/174 2770/6049/174 2769/4664/174
f 2770/4665/175 2756/4644/175 2755/4646/175
f 2769/4669/7 2755/6050/7 2757/6051/7
f 2757/6051/7 2759/6052/7 2761/4667/7
f 2761/4667/7 2763/6053/7 2765/4668/7
f 2765/4668/7 2767/6054/7 2769/4669/7
f 2769/4669/7 2757/6051/7 2761/4667/7
f 2774/4630/176 2773/6055/176 2772/4670/176
f 2776/4631/177 2775/4580/177 2778/4672/177
f 2754/4675/1 2752/6056/1 2776/6057/1
f 2752/6056/1 2775/6058/1 2776/6057/1
f 2776/6057/1 2771/4673/1 2754/4675/1
f 2780/4676/178 2800/6059/178 2798/4677/178
f 2781/4679/7 2802/6060/7 2800/4680/7
f 2782/4682/179 2804/4686/179 2802/4683/179
f 2783/4685/180 2806/4717/180 2804/4686/180
f 2784/4687/1 2808/6061/1 2806/4688/1
f 2779/4678/181 2798/4677/181 2808/4690/181
f 2788/4692/219 2789/6062/219 2783/4685/219
f 2780/4681/7 2786/4707/7 2787/4693/7
f 2789/4694/1 2790/4701/1 2784/4687/1
f 2779/4678/348 2785/6063/348 2786/4695/348
f 2781/4684/349 2787/6064/349 2788/4692/349
f 2790/4696/218 2785/6063/218 2779/4678/218
f 2785/4697/221 2790/4747/221 2796/4698/221
f 2795/4700/1 2796/6065/1 2790/4701/1
f 2787/4702/350 2793/6066/350 2794/4703/350
f 2789/4705/220 2788/4704/220 2794/4703/220
f 2786/4707/7 2792/6067/7 2793/4708/7
f 2785/4697/351 2791/4699/351 2792/4709/351
f 2798/4677/352 2800/6059/352 2822/4711/352
f 2800/4680/191 2802/6060/191 2823/4713/191
f 2823/4715/353 2802/4683/353 2804/4686/353
f 2824/4716/354 2804/4686/354 2806/4717/354
f 2806/4688/194 2808/6061/194 2826/4719/194
f 2808/4690/355 2798/4677/355 2821/4712/355
f 2805/4722/356 2813/6068/356 2812/4723/356
f 2799/4725/197 2801/4762/197 2811/4726/197
f 2807/4728/198 2814/4740/198 2813/4729/198
f 2797/4731/357 2799/4761/357 2810/4732/357
f 2801/4734/358 2803/4724/358 2812/4723/358
f 2797/4731/359 2809/4733/359 2814/4736/359
f 2809/4738/360 2815/6069/360 2820/4710/360
f 2814/4740/198 2820/6070/198 2819/4741/198
f 2818/4742/361 2817/6071/361 2811/4743/361
f 2813/4745/362 2819/6072/362 2818/4742/362
f 2817/4746/197 2816/6073/197 2810/4727/197
f 2816/4747/363 2815/6069/363 2809/4738/363
f 2826/4721/364 2821/4712/364 2832/4749/364
f 2825/4751/365 2826/6074/365 2831/4752/365
f 2829/4754/366 2824/4716/366 2825/4718/366
f 2828/4756/367 2823/4715/367 2824/4716/367
f 2822/4757/368 2823/6075/368 2828/4758/368
f 2821/4712/369 2822/4711/369 2827/4760/369
f 2797/4731/212 2832/4749/212 2827/4760/212
f 2827/4759/213 2828/4758/213 2801/4762/213
f 2828/4756/214 2829/4754/214 2803/4724/214
f 2829/4754/215 2830/4755/215 2805/4722/215
f 2830/4753/216 2831/4752/216 2807/4728/216
f 2807/4737/217 2831/4750/217 2832/4749/217
f 2852/4763/181 2854/6076/181 2834/4764/181
f 2854/4766/1 2856/4837/1 2835/4767/1
f 2856/4769/180 2858/4772/180 2836/4770/180
f 2858/4772/179 2860/6077/179 2837/4773/179
f 2860/4774/7 2862/6078/7 2838/4775/7
f 2862/4777/178 2852/4763/178 2833/4765/178
f 2837/4773/349 2843/6079/349 2842/4779/349
f 2834/4768/1 2835/4767/1 2841/4780/1
f 2838/4775/7 2844/4790/7 2843/4782/7
f 2833/4765/185 2834/4764/185 2840/4783/185
f 2835/4771/182 2836/4770/182 2842/4779/182
f 2833/4765/348 2839/4784/348 2844/4786/348
f 2839/4787/370 2845/6080/370 2850/4788/370
f 2844/4790/7 2850/6081/7 2849/446/7
f 2848/4791/188 2847/6082/188 2841/4792/188
f 2843/4794/350 2849/6083/350 2848/4791/350
f 2847/4795/1 2846/6084/1 2840/4781/1
f 2846/4796/186 2845/6080/186 2839/4787/186
f 2853/4798/181 2854/6076/181 2852/4763/181
f 2855/4800/1 2856/4837/1 2854/4766/1
f 2857/4802/180 2858/4772/180 2856/4769/180
f 2859/4804/179 2860/6077/179 2858/4772/179
f 2861/4805/7 2862/6078/7 2860/4774/7
f 2851/4799/178 2852/4763/178 2862/4777/178
f 2866/4808/371 2867/6085/371 2859/4804/371
f 2853/4801/1 2864/4823/1 2865/4809/1
f 2867/4810/7 2868/4817/7 2861/4805/7
f 2851/4799/372 2863/6086/372 2864/4811/372
f 2855/4803/373 2865/6087/373 2866/4808/373
f 2868/4812/374 2863/6086/374 2851/4799/374
f 2863/4813/375 2868/6088/375 2874/4814/375
f 2873/4816/7 2874/6089/7 2868/4817/7
f 2865/4818/376 2871/6090/376 2872/4819/376
f 2867/4821/377 2866/4820/377 2872/4819/377
f 2864/4823/1 2870/6091/1 2871/4824/1
f 2863/4813/378 2869/4815/378 2870/4825/378
f 2894/4827/181 2896/6092/181 2876/4828/181
f 2896/4830/1 2898/6093/1 2877/4831/1
f 2877/4833/180 2898/4865/180 2900/4834/180
f 2900/4834/179 2902/4867/179 2879/4836/179
f 2902/4837/7 2904/6094/7 2880/4838/7
f 2880/4839/178 2904/4869/178 2894/4827/178
f 2879/4836/349 2885/6095/349 2884/4840/349
f 2876/4832/1 2877/4831/1 2883/4841/1
f 2880/4838/7 2886/4851/7 2885/4843/7
f 2875/4829/185 2876/4828/185 2882/4844/185
f 2877/4833/182 2878/4835/182 2884/4840/182
f 2875/4829/348 2881/4845/348 2886/4847/348
f 2881/4848/351 2887/6096/351 2892/4849/351
f 2886/4851/7 2892/6097/7 2891/4852/7
f 2890/4853/188 2889/6098/188 2883/4854/188
f 2885/4856/350 2891/6099/350 2890/4853/350
f 2889/4857/1 2888/6100/1 2882/4842/1
f 2888/4858/186 2887/6096/186 2881/4848/186
f 2895/4860/181 2896/6092/181 2894/4827/181
f 2897/4862/1 2898/6093/1 2896/4830/1
f 2899/4864/180 2900/4834/180 2898/4865/180
f 2899/4864/179 2901/4872/179 2902/4867/179
f 2903/4868/7 2904/6094/7 2902/4837/7
f 2893/4861/178 2894/4827/178 2904/4869/178
f 2908/4871/371 2909/6101/371 2901/4872/371
f 2895/4863/1 2906/4887/1 2907/4873/1
f 2909/4874/7 2910/4881/7 2903/4868/7
f 2893/4861/372 2905/6102/372 2906/4875/372
f 2897/4866/373 2907/6103/373 2908/4871/373
f 2910/4876/374 2905/6102/374 2893/4861/374
f 2905/4877/375 2910/6104/375 2916/4878/375
f 2915/4880/7 2916/6105/7 2910/4881/7
f 2907/4882/376 2913/6106/376 2914/4883/376
f 2909/4885/377 2908/4884/377 2914/4883/377
f 2906/4887/1 2912/6107/1 2913/4888/1
f 2905/4877/378 2911/4879/378 2912/4889/378
